{"Version": 3, "Meta": {"Duration": 1, "Fps": 60.0, "Loop": true, "AreBeziersRestricted": true, "CurveCount": 29, "UserDataCount": 0, "TotalSegmentCount": 101, "TotalPointCount": 105, "TotalUserDataSize": 0}, "Curves": [{"Target": "Parameter", "Id": "ParamAngleX", "Segments": [0, 0, 0, 0.383, -1, 0, 0.667, 0, 2, 1, 0]}, {"Target": "Parameter", "Id": "ParamAngleY", "Segments": [0, 0, 0, 0.133, 1.36, 0, 0.35, -4.04, 0, 0.667, 0, 2, 1, 0]}, {"Target": "Parameter", "Id": "ParamAngleZ", "Segments": [0, 0, 0, 0.133, 0, 0, 0.35, 2, 0, 0.667, 0, 2, 1, 0]}, {"Target": "Parameter", "Id": "ParamBrowRY", "Segments": [0, 0.1, 0, 0.133, 0.1, 0, 0.25, 0, 2, 0.383, 0, 0, 0.667, 0.1, 2, 1, 0.1]}, {"Target": "Parameter", "Id": "ParamBrowLY", "Segments": [0, 0.2, 0, 0.133, 0.2, 0, 0.25, -0.4, 2, 0.383, -0.4, 0, 0.667, 0.2, 2, 1, 0.2]}, {"Target": "Parameter", "Id": "ParamBrowLAngle", "Segments": [0, 0.4, 0, 0.133, 0.4, 0, 0.25, 0.3, 2, 0.383, 0.3, 0, 0.667, 0.4, 2, 1, 0.4]}, {"Target": "Parameter", "Id": "ParamBrowLForm", "Segments": [0, 1, 0, 0.133, 1, 1, 0.172, 1, 0.211, 0.845, 0.25, 0.7, 1, 0.294, 0.534, 0.339, 0.5, 0.383, 0.5, 0, 0.667, 1, 2, 1, 1]}, {"Target": "Parameter", "Id": "ParamEyeROpen", "Segments": [0, 1.2, 0, 0.133, 1.2, 0, 0.25, 1.1, 2, 0.383, 1.1, 0, 0.667, 1.2, 2, 1, 1.2]}, {"Target": "Parameter", "Id": "ParamEyeRForm", "Segments": [0, 0, 0, 0.133, 0, 0, 0.383, 0.4, 0, 0.667, 0, 2, 1, 0]}, {"Target": "Parameter", "Id": "ParamEyeLOpen", "Segments": [0, 1.2, 0, 0.133, 1.2, 0, 0.25, 0, 2, 0.383, 0, 0, 0.667, 1.2, 2, 1, 1.2]}, {"Target": "Parameter", "Id": "ParamEyeLForm", "Segments": [0, 0, 0, 0.133, 0, 0, 0.383, 0.4, 0, 0.667, 0, 2, 1, 0]}, {"Target": "Parameter", "Id": "ParamEyeballX", "Segments": [0, 0, 0, 0.383, 0.026, 0, 0.667, 0, 2, 1, 0]}, {"Target": "Parameter", "Id": "ParamEyeballY", "Segments": [0, 0, 0, 0.133, -0.044, 0, 0.35, 0.1, 0, 0.667, 0, 2, 1, 0]}, {"Target": "Parameter", "Id": "ParamBrowRX", "Segments": [0, 0, 0, 1, 0]}, {"Target": "Parameter", "Id": "ParamBrowRAngle", "Segments": [0, 0.4, 0, 1, 0.4]}, {"Target": "Parameter", "Id": "ParamBrowRForm", "Segments": [0, 1, 0, 1, 1]}, {"Target": "Parameter", "Id": "ParamBrowLX", "Segments": [0, 0, 0, 1, 0]}, {"Target": "Parameter", "Id": "ParamEyeRSmile", "Segments": [0, 1, 0, 1, 1]}, {"Target": "Parameter", "Id": "ParamEyeLSmile", "Segments": [0, 1, 0, 1, 1]}, {"Target": "Parameter", "Id": "ParamMouthForm", "Segments": [0, 0.5, 0, 1, 0.5]}, {"Target": "Parameter", "Id": "ParamMouthForm2", "Segments": [0, 1, 0, 1, 1]}, {"Target": "Parameter", "Id": "ParamTeeth", "Segments": [0, 0, 0, 1, 0]}, {"Target": "Parameter", "Id": "ParamMouthScaleX", "Segments": [0, 0, 0, 1, 0]}, {"Target": "Parameter", "Id": "ParamMouthScaleY", "Segments": [0, 0, 0, 1, 0]}, {"Target": "Parameter", "Id": "ParamMouthPositionY", "Segments": [0, 0, 0, 1, 0]}, {"Target": "Parameter", "Id": "ParamCheek", "Segments": [0, 0, 0, 1, 0]}, {"Target": "Parameter", "Id": "ParamFaceShadow", "Segments": [0, 0, 0, 1, 0]}, {"Target": "Parameter", "Id": "ParamCheekAngry", "Segments": [0, 0, 0, 1, 0]}, {"Target": "Parameter", "Id": "ParamCheek2", "Segments": [0, -1, 0, 1, -1]}], "UserData": []}