{"Version": 3, "Meta": {"Duration": 2.533, "Fps": 60.0, "Loop": true, "AreBeziersRestricted": true, "CurveCount": 61, "UserDataCount": 1, "TotalSegmentCount": 196, "TotalPointCount": 206, "TotalUserDataSize": 19}, "Curves": [{"Target": "Parameter", "Id": "ParamPositionX", "Segments": [0, 0, 0, 0.433, -2, 0, 1.1, 0, 2, 2.533, 0]}, {"Target": "Parameter", "Id": "ParamAngleX", "Segments": [0, 0, 0, 0.083, 0, 0, 0.517, -3, 0, 1.183, 3, 0, 1.867, 0, 2, 2.533, 0]}, {"Target": "Parameter", "Id": "ParamAngleY", "Segments": [0, 0, 0, 0.117, 0, 0, 0.55, 14, 0, 1.217, -2, 0, 1.9, 1, 2, 2.533, 1]}, {"Target": "Parameter", "Id": "ParamAngleZ", "Segments": [0, -14, 0, 0.15, -14, 1, 0.294, -14, 0.439, -14.488, 0.583, -13, 1, 0.805, -10.71, 1.028, 8.0, 1.25, 8, 0, 1.933, 6, 2, 2.533, 6]}, {"Target": "Parameter", "Id": "ParamEyeROpen", "Segments": [0, 1, 0, 0.433, 1, 0, 0.633, 0, 0, 0.867, 1, 2, 2.533, 1]}, {"Target": "Parameter", "Id": "ParamEyeLOpen", "Segments": [0, 1, 0, 0.433, 1, 0, 0.633, 0, 0, 0.867, 1, 2, 2.533, 1]}, {"Target": "Parameter", "Id": "ParamBodyAngleX", "Segments": [0, 3, 0, 0.433, -2, 1, 0.655, -2, 0.878, -0.572, 1.1, 1, 1, 1.328, 2.611, 1.555, 3.0, 1.783, 3, 2, 2.533, 3]}, {"Target": "Parameter", "Id": "ParamBodyAngleY", "Segments": [0, 0, 0, 0.433, 3, 0, 1.1, -4, 0, 1.783, 0, 2, 2.533, 0]}, {"Target": "Parameter", "Id": "ParamBodyAngleZ", "Segments": [0, -4, 0, 0.433, 3, 0, 1.1, -4, 2, 2.533, -4]}, {"Target": "Parameter", "Id": "ParamUpperBodyZ", "Segments": [0, 9, 0, 0.433, -2, 0, 1.1, 10, 2, 2.533, 10]}, {"Target": "Parameter", "Id": "ParamLegLZ", "Segments": [0, -1, 0, 0.433, 1, 0, 1.1, -1, 2, 2.533, -1]}, {"Target": "Parameter", "Id": "ParamLegRZ", "Segments": [0, 4, 0, 0.433, 2, 0, 1.1, 4, 2, 2.533, 4]}, {"Target": "Parameter", "Id": "ParamShoulderR", "Segments": [0, 1, 0, 0.433, 3, 0, 1.1, 1, 0, 1.783, 3, 2, 2.533, 3]}, {"Target": "Parameter", "Id": "ParamArmR1", "Segments": [0, -39, 0, 0.433, -35, 0, 1.1, -40, 2, 2.533, -40]}, {"Target": "Parameter", "Id": "ParamArmR2", "Segments": [0, 41, 0, 0.05, 41, 0, 0.483, 43, 0, 1.15, 41, 2, 1.833, 41, 2, 2.533, 41]}, {"Target": "Parameter", "Id": "ParamArmR3", "Segments": [0, 7, 0, 0.1, 7, 0, 0.533, 23, 0, 1.2, -3, 0, 1.883, 7, 2, 2.533, 7]}, {"Target": "Parameter", "Id": "ParamArmR4", "Segments": [0, 5, 0, 0.433, 12, 0, 1.1, 7, 2, 2.533, 7]}, {"Target": "Parameter", "Id": "ParamArmR5", "Segments": [0, 1, 0, 0.533, 1, 0, 1.2, 2, 2, 2.533, 2]}, {"Target": "Parameter", "Id": "ParamArmR8", "Segments": [0, 0, 0, 0.55, 27, 0, 1.2, 4, 0, 1.933, 18, 2, 2.533, 18]}, {"Target": "Parameter", "Id": "ParamFingerR", "Segments": [0, 0, 0, 0.567, 7, 0, 1.233, 0, 0, 1.933, 4, 2, 2.533, 4]}, {"Target": "Parameter", "Id": "ParamShoulderL", "Segments": [0, 4, 0, 0.433, 6, 0, 1.1, 5, 0, 1.783, 8, 2, 2.533, 8]}, {"Target": "Parameter", "Id": "ParamArmL1", "Segments": [0, -39, 0, 0.433, -40, 0, 1.1, -39, 2, 2.533, -39]}, {"Target": "Parameter", "Id": "ParamArmL2", "Segments": [0, 24, 0, 0.433, 24.5, 0, 1.1, 23.6, 2, 1.783, 23.6, 2, 2.533, 23.6]}, {"Target": "Parameter", "Id": "ParamArmL3", "Segments": [0, -30, 0, 0.433, -24, 1, 0.655, -22.08, 0.878, -22.0, 1.1, -22, 0, 1.783, -26.2, 2, 2.533, -26.2]}, {"Target": "Parameter", "Id": "ParamArmL4", "Segments": [0, 13, 0, 0.433, 12, 0, 1.1, 13, 2, 2.533, 13]}, {"Target": "Parameter", "Id": "ParamArmL8", "Segments": [0, -33, 0, 0.65, -26, 2, 2.533, -26]}, {"Target": "Parameter", "Id": "ParamFingerL", "Segments": [0, 0, 0, 0.483, 7, 0, 1.183, -6, 0, 1.8, 0, 2, 2.533, 0]}, {"Target": "Parameter", "Id": "ParamPositionY", "Segments": [0, 0, 0, 2.533, 0]}, {"Target": "Parameter", "Id": "ParamRotationZ", "Segments": [0, 0, 0, 2.533, 0]}, {"Target": "Parameter", "Id": "ParamEyeballX", "Segments": [0, 0, 0, 2.533, 0]}, {"Target": "Parameter", "Id": "ParamUpperBody", "Segments": [0, 0, 0, 2.533, 0]}, {"Target": "Parameter", "Id": "ParamBreath", "Segments": [0, 0, 0, 2.533, 0]}, {"Target": "Parameter", "Id": "ParamArmR6", "Segments": [0, 1, 0, 2.533, 1]}, {"Target": "Parameter", "Id": "ParamArmR7", "Segments": [0, -4, 0, 2.533, -4]}, {"Target": "Parameter", "Id": "ParamArmR9", "Segments": [0, 0.8, 0, 2.533, 0.8]}, {"Target": "Parameter", "Id": "ParamHandRA", "Segments": [0, 0, 0, 2.533, 0]}, {"Target": "Parameter", "Id": "ParamHandRB", "Segments": [0, 0, 0, 2.533, 0]}, {"Target": "Parameter", "Id": "ParamHandRC", "Segments": [0, 0, 0, 2.533, 0]}, {"Target": "Parameter", "Id": "ParamHandRD", "Segments": [0, 0, 0, 2.533, 0]}, {"Target": "Parameter", "Id": "ParamHandRE", "Segments": [0, 0, 0, 2.533, 0]}, {"Target": "Parameter", "Id": "ParamHandRF", "Segments": [0, 0, 0, 2.533, 0]}, {"Target": "Parameter", "Id": "ParamHandRG", "Segments": [0, 0, 0, 2.533, 0]}, {"Target": "Parameter", "Id": "ParamHandRH", "Segments": [0, 0, 0, 2.533, 0]}, {"Target": "Parameter", "Id": "ParamHandRI", "Segments": [0, 0, 0, 2.533, 0]}, {"Target": "Parameter", "Id": "ParamHandRJ", "Segments": [0, 1, 0, 2.533, 1]}, {"Target": "Parameter", "Id": "ParamHandRK", "Segments": [0, 0, 0, 2.533, 0]}, {"Target": "Parameter", "Id": "ParamArmL5", "Segments": [0, 2, 0, 2.533, 2]}, {"Target": "Parameter", "Id": "ParamArmL6", "Segments": [0, 1, 0, 2.533, 1]}, {"Target": "Parameter", "Id": "ParamArmL7", "Segments": [0, 0, 0, 2.533, 0]}, {"Target": "Parameter", "Id": "ParamArmL9", "Segments": [0, 0.6, 0, 2.533, 0.6]}, {"Target": "Parameter", "Id": "ParamHandLA", "Segments": [0, 0, 0, 2.533, 0]}, {"Target": "Parameter", "Id": "ParamHandLB", "Segments": [0, 0, 0, 2.533, 0]}, {"Target": "Parameter", "Id": "ParamHandLC", "Segments": [0, 0, 0, 2.533, 0]}, {"Target": "Parameter", "Id": "ParamHandLD", "Segments": [0, 1, 0, 2.533, 1]}, {"Target": "Parameter", "Id": "ParamHandLE", "Segments": [0, 0, 0, 2.533, 0]}, {"Target": "Parameter", "Id": "ParamHandLF", "Segments": [0, 0, 0, 2.533, 0]}, {"Target": "Parameter", "Id": "ParamHandLG", "Segments": [0, 0, 0, 2.533, 0]}, {"Target": "Parameter", "Id": "ParamHandLH", "Segments": [0, 0, 0, 2.533, 0]}, {"Target": "Parameter", "Id": "ParamHandLI", "Segments": [0, 0, 0, 2.533, 0]}, {"Target": "Parameter", "Id": "ParamHandLJ", "Segments": [0, 0, 0, 2.533, 0]}, {"Target": "Parameter", "Id": "ParamHandLK", "Segments": [0, 0, 0, 2.533, 0]}], "UserData": [{"Time": 0.433, "Value": "eyeblink,0.2,0,0.24"}]}