{"Version": 3, "Meta": {"Duration": 2.267, "Fps": 60.0, "Loop": true, "AreBeziersRestricted": true, "CurveCount": 61, "UserDataCount": 1, "TotalSegmentCount": 197, "TotalPointCount": 205, "TotalUserDataSize": 23}, "Curves": [{"Target": "Parameter", "Id": "ParamPositionX", "Segments": [0, 2, 0, 1.05, 1, 2, 2.267, 1]}, {"Target": "Parameter", "Id": "ParamAngleX", "Segments": [0, 0, 0, 0.367, -5, 0, 1.033, -2, 2, 2.267, -2]}, {"Target": "Parameter", "Id": "ParamAngleY", "Segments": [0, 0, 0, 0.367, -9, 0, 1.033, 2, 2, 2.267, 2]}, {"Target": "Parameter", "Id": "ParamAngleZ", "Segments": [0, 4, 0, 0.517, -17, 0, 1.167, 2, 2, 2.267, 2]}, {"Target": "Parameter", "Id": "ParamEyeROpen", "Segments": [0, 1, 0, 0.133, 1, 0, 0.333, 0, 2, 0.6, 0, 0, 0.8, 1, 2, 2.267, 1]}, {"Target": "Parameter", "Id": "ParamEyeLOpen", "Segments": [0, 1, 0, 0.133, 1, 0, 0.333, 0, 2, 0.6, 0, 0, 0.8, 1, 2, 2.267, 1]}, {"Target": "Parameter", "Id": "ParamEyeballX", "Segments": [0, 0, 0, 0.317, 0.1, 0, 0.967, -0.1, 0, 1.55, 0, 2, 2.267, 0]}, {"Target": "Parameter", "Id": "ParamBodyAngleX", "Segments": [0, 0, 0, 0.417, 5, 0, 1.083, -2, 2, 2.267, -2]}, {"Target": "Parameter", "Id": "ParamBodyAngleY", "Segments": [0, 0, 0, 0.417, -3, 0, 1.083, 1, 2, 2.267, 1]}, {"Target": "Parameter", "Id": "ParamBodyAngleZ", "Segments": [0, -6, 0, 0.55, -3, 1, 0.778, -0.418, 1.005, 1.0, 1.233, 1, 2, 2.267, 1]}, {"Target": "Parameter", "Id": "ParamUpperBodyZ", "Segments": [0, 9, 0, 0.55, 5, 1, 0.778, 1.339, 1.005, -1.0, 1.233, -1, 2, 2.267, -1]}, {"Target": "Parameter", "Id": "ParamLegLZ", "Segments": [0, -1, 0, 1.167, 0, 2, 2.267, 0]}, {"Target": "Parameter", "Id": "ParamLegRZ", "Segments": [0, 5, 0, 1.167, 7, 2, 2.267, 7]}, {"Target": "Parameter", "Id": "ParamShoulderR", "Segments": [0, 2, 0, 0.483, 6, 2, 1.117, 6, 2, 2.267, 6]}, {"Target": "Parameter", "Id": "ParamArmR1", "Segments": [0, -39, 0, 0.55, -26, 0, 1.217, -41, 2, 2.267, -41]}, {"Target": "Parameter", "Id": "ParamArmR2", "Segments": [0, 30, 0, 0.6, -2, 2, 1.3, -2, 2, 2.267, -2]}, {"Target": "Parameter", "Id": "ParamArmR3", "Segments": [0, -12, 0, 0.633, -13, 2, 1.367, -13, 2, 2.267, -13]}, {"Target": "Parameter", "Id": "ParamArmR4", "Segments": [0, 19, 0, 0.417, 0, 2, 1.367, 0, 2, 2.267, 0]}, {"Target": "Parameter", "Id": "ParamArmR5", "Segments": [0, 9, 0, 0.25, 20, 0, 0.617, 1, 2, 1.367, 1, 2, 2.267, 1]}, {"Target": "Parameter", "Id": "ParamArmR6", "Segments": [0, 1.1, 0, 0.417, 1.1, 0, 0.45, 0, 2, 1.367, 0, 2, 2.267, 0]}, {"Target": "Parameter", "Id": "ParamArmR8", "Segments": [0, -17, 0, 0.417, -14, 2, 1.367, -14, 2, 2.267, -14]}, {"Target": "Parameter", "Id": "ParamArmR9", "Segments": [0, 0.8, 0, 0.417, -0.8, 2, 1.367, -0.8, 2, 2.267, -0.8]}, {"Target": "Parameter", "Id": "ParamHandRA", "Segments": [0, 0, 0, 0.25, 0, 0, 0.417, 1, 2, 2.267, 1]}, {"Target": "Parameter", "Id": "ParamHandRF", "Segments": [0, 1, 0, 0.25, 1, 0, 0.417, 0, 2, 2.267, 0]}, {"Target": "Parameter", "Id": "ParamFingerR", "Segments": [0, 0, 0, 0.55, 5, 0, 1.317, -4, 0, 2.033, 0, 2, 2.267, 0]}, {"Target": "Parameter", "Id": "ParamShoulderL", "Segments": [0, 4, 0, 0.583, 7, 0, 1.317, 2, 2, 2.267, 2]}, {"Target": "Parameter", "Id": "ParamArmL1", "Segments": [0, -34, 0, 0.583, 14, 0, 1.383, 8, 2, 2.267, 8]}, {"Target": "Parameter", "Id": "ParamArmL2", "Segments": [0, 31, 0, 0.683, 23, 1, 0.95, 19.388, 1.216, 19.0, 1.483, 19, 2, 2.267, 19]}, {"Target": "Parameter", "Id": "ParamArmL3", "Segments": [0, -18, 0, 0.2, 7, 1, 0.383, 32.253, 0.567, 40.0, 0.75, 40, 2, 2.267, 40]}, {"Target": "Parameter", "Id": "ParamArmL4", "Segments": [0, 17, 0, 0.75, -14, 2, 2.267, -14]}, {"Target": "Parameter", "Id": "ParamArmL5", "Segments": [0, 6, 0, 0.3, 13, 0, 0.75, 9, 2, 2.267, 9]}, {"Target": "Parameter", "Id": "ParamArmL8", "Segments": [0, -31, 0, 0.75, 40, 2, 2.267, 40]}, {"Target": "Parameter", "Id": "ParamArmL9", "Segments": [0, 0.7, 0, 0.75, 0.6, 2, 2.267, 0.6]}, {"Target": "Parameter", "Id": "ParamHandLF", "Segments": [0, 1, 0, 0.15, 1, 0, 0.317, 0, 2, 2.267, 0]}, {"Target": "Parameter", "Id": "ParamHandLJ", "Segments": [0, 0, 0, 0.15, 0, 0, 0.317, 1, 2, 2.267, 1]}, {"Target": "Parameter", "Id": "ParamFingerL", "Segments": [0, 0, 0, 0.8, 7, 0, 1.383, -4, 0, 2.033, 0, 2, 2.267, 0]}, {"Target": "Parameter", "Id": "ParamPositionY", "Segments": [0, 0, 0, 2.267, 0]}, {"Target": "Parameter", "Id": "ParamRotationZ", "Segments": [0, 0, 0, 2.267, 0]}, {"Target": "Parameter", "Id": "ParamUpperBody", "Segments": [0, 0, 0, 2.267, 0]}, {"Target": "Parameter", "Id": "ParamBreath", "Segments": [0, 0, 0, 2.267, 0]}, {"Target": "Parameter", "Id": "ParamArmR7", "Segments": [0, 0, 0, 2.267, 0]}, {"Target": "Parameter", "Id": "ParamHandRB", "Segments": [0, 0, 0, 2.267, 0]}, {"Target": "Parameter", "Id": "ParamHandRC", "Segments": [0, 0, 0, 2.267, 0]}, {"Target": "Parameter", "Id": "ParamHandRD", "Segments": [0, 0, 0, 2.267, 0]}, {"Target": "Parameter", "Id": "ParamHandRE", "Segments": [0, 0, 0, 2.267, 0]}, {"Target": "Parameter", "Id": "ParamHandRG", "Segments": [0, 0, 0, 2.267, 0]}, {"Target": "Parameter", "Id": "ParamHandRH", "Segments": [0, 0, 0, 2.267, 0]}, {"Target": "Parameter", "Id": "ParamHandRI", "Segments": [0, 0, 0, 2.267, 0]}, {"Target": "Parameter", "Id": "ParamHandRJ", "Segments": [0, 0, 0, 2.267, 0]}, {"Target": "Parameter", "Id": "ParamHandRK", "Segments": [0, 0, 0, 2.267, 0]}, {"Target": "Parameter", "Id": "ParamArmL6", "Segments": [0, 1, 0, 2.267, 1]}, {"Target": "Parameter", "Id": "ParamArmL7", "Segments": [0, 0, 0, 2.267, 0]}, {"Target": "Parameter", "Id": "ParamHandLA", "Segments": [0, 0, 0, 2.267, 0]}, {"Target": "Parameter", "Id": "ParamHandLB", "Segments": [0, 0, 0, 2.267, 0]}, {"Target": "Parameter", "Id": "ParamHandLC", "Segments": [0, 0, 0, 2.267, 0]}, {"Target": "Parameter", "Id": "ParamHandLD", "Segments": [0, 0, 0, 2.267, 0]}, {"Target": "Parameter", "Id": "ParamHandLE", "Segments": [0, 0, 0, 2.267, 0]}, {"Target": "Parameter", "Id": "ParamHandLG", "Segments": [0, 0, 0, 2.267, 0]}, {"Target": "Parameter", "Id": "ParamHandLH", "Segments": [0, 0, 0, 2.267, 0]}, {"Target": "Parameter", "Id": "ParamHandLI", "Segments": [0, 0, 0, 2.267, 0]}, {"Target": "Parameter", "Id": "ParamHandLK", "Segments": [0, 0, 0, 2.267, 0]}], "UserData": [{"Time": 0.133, "Value": "eyeblink,0.20,0.27,0.20"}]}