{"Version": 3, "Meta": {"Duration": 2.5, "Fps": 60.0, "Loop": true, "AreBeziersRestricted": true, "CurveCount": 61, "UserDataCount": 1, "TotalSegmentCount": 169, "TotalPointCount": 173, "TotalUserDataSize": 21}, "Curves": [{"Target": "Parameter", "Id": "ParamAngleX", "Segments": [0, 0, 0, 0.083, 0, 0, 0.5, 2, 0, 1.233, -5, 0, 1.867, 0, 2, 2.5, 0]}, {"Target": "Parameter", "Id": "ParamAngleY", "Segments": [0, 0, 0, 0.083, 0, 0, 0.5, 21, 2, 0.7, 21, 0, 1.233, -28, 0, 1.867, -5, 2, 2.5, -5]}, {"Target": "Parameter", "Id": "ParamAngleZ", "Segments": [0, 4, 0, 0.083, 4, 1, 0.222, 4, 0.361, -1.531, 0.5, -6, 1, 0.744, -13.865, 0.989, -16.0, 1.233, -16, 0, 1.867, -14, 2, 2.5, -14]}, {"Target": "Parameter", "Id": "ParamEyeROpen", "Segments": [0, 1, 0, 0.85, 1, 0, 1.117, 0, 2, 1.317, 0, 0, 1.617, 1, 2, 2.5, 1]}, {"Target": "Parameter", "Id": "ParamEyeLOpen", "Segments": [0, 1, 0, 0.85, 1, 0, 1.117, 0, 2, 1.317, 0, 0, 1.617, 1, 2, 2.5, 1]}, {"Target": "Parameter", "Id": "ParamBodyAngleX", "Segments": [0, 0, 0, 0.417, 5, 0, 1.15, -4, 2, 2.5, -4]}, {"Target": "Parameter", "Id": "ParamBodyAngleY", "Segments": [0, 0, 0, 0.417, 7, 0, 1.15, -8, 2, 2.5, -8]}, {"Target": "Parameter", "Id": "ParamUpperBody", "Segments": [0, 0, 0, 0.417, 2, 0, 1.15, -3, 2, 2.5, -3]}, {"Target": "Parameter", "Id": "ParamBreath", "Segments": [0, 0, 0, 0.5, 1, 0, 1.233, 0, 2, 2.5, 0]}, {"Target": "Parameter", "Id": "ParamShoulderR", "Segments": [0, 2, 0, 0.417, 7, 0, 1.15, -3, 2, 2.5, -3]}, {"Target": "Parameter", "Id": "ParamArmR3", "Segments": [0, -18, 0, 0.5, -23, 0, 1.2, -14, 2, 2.5, -14]}, {"Target": "Parameter", "Id": "ParamArmR4", "Segments": [0, 19, 0, 0.417, 22, 0, 1.15, 19, 2, 2.5, 19]}, {"Target": "Parameter", "Id": "ParamFingerR", "Segments": [0, 0, 0, 0.5, 4, 0, 1.2, -4, 2, 2.5, -4]}, {"Target": "Parameter", "Id": "ParamShoulderL", "Segments": [0, 4, 0, 0.417, 9, 0, 1.167, 1, 2, 2.5, 1]}, {"Target": "Parameter", "Id": "ParamArmL3", "Segments": [0, -20, 0, 0.45, -25, 0, 1.117, -21, 2, 2.5, -21]}, {"Target": "Parameter", "Id": "ParamArmL4", "Segments": [0, 17, 0, 0.417, 22, 0, 1.15, 17, 2, 2.5, 17]}, {"Target": "Parameter", "Id": "ParamArmL8", "Segments": [0, -32, 0, 0.517, -36, 2, 2.5, -36]}, {"Target": "Parameter", "Id": "ParamFingerL", "Segments": [0, 0, 0, 0.45, 4, 0, 1.167, -3, 0, 1.783, 0, 2, 2.5, 0]}, {"Target": "Parameter", "Id": "ParamPositionX", "Segments": [0, 2, 0, 2.5, 2]}, {"Target": "Parameter", "Id": "ParamPositionY", "Segments": [0, 0, 0, 2.5, 0]}, {"Target": "Parameter", "Id": "ParamRotationZ", "Segments": [0, 0, 0, 2.5, 0]}, {"Target": "Parameter", "Id": "ParamEyeballX", "Segments": [0, 0, 0, 2.5, 0]}, {"Target": "Parameter", "Id": "ParamBodyAngleZ", "Segments": [0, -6, 0, 2.5, -6]}, {"Target": "Parameter", "Id": "ParamUpperBodyZ", "Segments": [0, 9, 0, 2.5, 9]}, {"Target": "Parameter", "Id": "ParamLegLZ", "Segments": [0, -1, 0, 2.5, -1]}, {"Target": "Parameter", "Id": "ParamLegRZ", "Segments": [0, 5, 0, 2.5, 5]}, {"Target": "Parameter", "Id": "ParamArmR1", "Segments": [0, -39, 0, 2.5, -39]}, {"Target": "Parameter", "Id": "ParamArmR2", "Segments": [0, 30, 0, 2.5, 30]}, {"Target": "Parameter", "Id": "ParamArmR5", "Segments": [0, 9, 0, 2.5, 9]}, {"Target": "Parameter", "Id": "ParamArmR6", "Segments": [0, 1.1, 0, 2.5, 1.1]}, {"Target": "Parameter", "Id": "ParamArmR7", "Segments": [0, 0, 0, 2.5, 0]}, {"Target": "Parameter", "Id": "ParamArmR8", "Segments": [0, -23, 0, 2.5, -23]}, {"Target": "Parameter", "Id": "ParamArmR9", "Segments": [0, 0.8, 0, 2.5, 0.8]}, {"Target": "Parameter", "Id": "ParamHandRA", "Segments": [0, 0, 0, 2.5, 0]}, {"Target": "Parameter", "Id": "ParamHandRB", "Segments": [0, 0, 0, 2.5, 0]}, {"Target": "Parameter", "Id": "ParamHandRC", "Segments": [0, 0, 0, 2.5, 0]}, {"Target": "Parameter", "Id": "ParamHandRD", "Segments": [0, 0, 0, 2.5, 0]}, {"Target": "Parameter", "Id": "ParamHandRE", "Segments": [0, 0, 0, 2.5, 0]}, {"Target": "Parameter", "Id": "ParamHandRF", "Segments": [0, 1, 0, 2.5, 1]}, {"Target": "Parameter", "Id": "ParamHandRG", "Segments": [0, 0, 0, 2.5, 0]}, {"Target": "Parameter", "Id": "ParamHandRH", "Segments": [0, 0, 0, 2.5, 0]}, {"Target": "Parameter", "Id": "ParamHandRI", "Segments": [0, 0, 0, 2.5, 0]}, {"Target": "Parameter", "Id": "ParamHandRJ", "Segments": [0, 0, 0, 2.5, 0]}, {"Target": "Parameter", "Id": "ParamHandRK", "Segments": [0, 0, 0, 2.5, 0]}, {"Target": "Parameter", "Id": "ParamArmL1", "Segments": [0, -34, 0, 2.5, -34]}, {"Target": "Parameter", "Id": "ParamArmL2", "Segments": [0, 31, 0, 2.5, 31]}, {"Target": "Parameter", "Id": "ParamArmL5", "Segments": [0, 6, 0, 2.5, 6]}, {"Target": "Parameter", "Id": "ParamArmL6", "Segments": [0, 1, 0, 2.5, 1]}, {"Target": "Parameter", "Id": "ParamArmL7", "Segments": [0, 0, 0, 2.5, 0]}, {"Target": "Parameter", "Id": "ParamArmL9", "Segments": [0, 0.7, 0, 2.5, 0.7]}, {"Target": "Parameter", "Id": "ParamHandLA", "Segments": [0, 0, 0, 2.5, 0]}, {"Target": "Parameter", "Id": "ParamHandLB", "Segments": [0, 0, 0, 2.5, 0]}, {"Target": "Parameter", "Id": "ParamHandLC", "Segments": [0, 0, 0, 2.5, 0]}, {"Target": "Parameter", "Id": "ParamHandLD", "Segments": [0, 0, 0, 2.5, 0]}, {"Target": "Parameter", "Id": "ParamHandLE", "Segments": [0, 0, 0, 2.5, 0]}, {"Target": "Parameter", "Id": "ParamHandLF", "Segments": [0, 1, 0, 2.5, 1]}, {"Target": "Parameter", "Id": "ParamHandLG", "Segments": [0, 0, 0, 2.5, 0]}, {"Target": "Parameter", "Id": "ParamHandLH", "Segments": [0, 0, 0, 2.5, 0]}, {"Target": "Parameter", "Id": "ParamHandLI", "Segments": [0, 0, 0, 2.5, 0]}, {"Target": "Parameter", "Id": "ParamHandLJ", "Segments": [0, 0, 0, 2.5, 0]}, {"Target": "Parameter", "Id": "ParamHandLK", "Segments": [0, 0, 0, 2.5, 0]}], "UserData": [{"Time": 0.85, "Value": "eyeblink,0.27,0.2,0.3"}]}