{"Version": 3, "Meta": {"Duration": 3.083, "Fps": 60.0, "Loop": true, "AreBeziersRestricted": true, "CurveCount": 61, "UserDataCount": 1, "TotalSegmentCount": 180, "TotalPointCount": 180, "TotalUserDataSize": 22}, "Curves": [{"Target": "Parameter", "Id": "ParamAngleX", "Segments": [0, -2, 0, 0.3, 2, 0, 0.967, 1, 2, 3.083, 1]}, {"Target": "Parameter", "Id": "ParamAngleY", "Segments": [0, 0, 0, 0.4, 15, 0, 1.417, -1, 2, 3.083, -1]}, {"Target": "Parameter", "Id": "ParamAngleZ", "Segments": [0, -2, 0, 0.483, -15, 0, 1.083, 17, 0, 1.65, 11, 2, 3.083, 11]}, {"Target": "Parameter", "Id": "ParamEyeROpen", "Segments": [0, 1, 0, 0.167, 1, 0, 0.367, 0, 2, 0.6, 0, 0, 0.833, 1, 2, 3.083, 1]}, {"Target": "Parameter", "Id": "ParamEyeLOpen", "Segments": [0, 1, 0, 0.167, 1, 0, 0.367, 0, 2, 0.6, 0, 0, 0.833, 1, 2, 3.083, 1]}, {"Target": "Parameter", "Id": "ParamBodyAngleX", "Segments": [0, -3, 0, 0.4, -4, 0, 1.033, 1, 2, 3.083, 1]}, {"Target": "Parameter", "Id": "ParamBodyAngleY", "Segments": [0, 0, 0, 0.383, 5, 0, 1.033, -3, 0, 1.667, 0, 2, 3.083, 0]}, {"Target": "Parameter", "Id": "ParamBodyAngleZ", "Segments": [0, -3, 0, 0.483, -5, 0, 1.2, -4, 2, 3.083, -4]}, {"Target": "Parameter", "Id": "ParamUpperBodyZ", "Segments": [0, 8, 0, 0.483, 9, 0, 1.2, 6, 2, 3.083, 6]}, {"Target": "Parameter", "Id": "ParamLegLZ", "Segments": [0, -1, 0, 0.95, 0, 0, 1.917, -1, 2, 3.083, -1]}, {"Target": "Parameter", "Id": "ParamLegRZ", "Segments": [0, -3, 0, 0.95, 1, 2, 3.083, 1]}, {"Target": "Parameter", "Id": "ParamShoulderR", "Segments": [0, 8, 0, 0.2, 10, 0, 0.867, 2, 0, 1.517, 6, 2, 3.083, 6]}, {"Target": "Parameter", "Id": "ParamArmR1", "Segments": [0, -41, 0, 0.2, -37, 0, 0.917, -42, 2, 3.083, -42]}, {"Target": "Parameter", "Id": "ParamArmR2", "Segments": [0, 42, 0, 0.317, 43, 0, 1, 40, 0, 1.583, 41, 2, 3.083, 41]}, {"Target": "Parameter", "Id": "ParamArmR3", "Segments": [0, 28, 0, 0.417, 30, 0, 1.1, 22, 0, 1.667, 25, 2, 3.083, 25]}, {"Target": "Parameter", "Id": "ParamArmR5", "Segments": [0, 6, 0, 0.483, 8, 2, 3.083, 8]}, {"Target": "Parameter", "Id": "ParamFingerR", "Segments": [0, 0, 0, 0.433, 5, 0, 1.15, -5, 0, 1.817, 0, 2, 3.083, 0]}, {"Target": "Parameter", "Id": "ParamShoulderL", "Segments": [0, 8, 0, 0.217, 10, 0, 0.8, 6, 0, 1.583, 9, 2, 3.083, 9]}, {"Target": "Parameter", "Id": "ParamArmL1", "Segments": [0, -43, 0, 0.267, -39, 0, 0.883, -44, 2, 3.083, -44]}, {"Target": "Parameter", "Id": "ParamArmL2", "Segments": [0, 41, 0, 0.317, 42, 0, 1, 40, 0, 1.667, 40.5, 2, 3.083, 40.5]}, {"Target": "Parameter", "Id": "ParamArmL3", "Segments": [0, 33, 0, 0.417, 39, 0, 1.133, 25, 0, 1.783, 26, 2, 3.083, 26]}, {"Target": "Parameter", "Id": "ParamArmL5", "Segments": [0, 7, 0, 0.317, 9, 2, 3.083, 9]}, {"Target": "Parameter", "Id": "ParamArmL8", "Segments": [0, 20, 0, 1.817, 10, 2, 3.083, 10]}, {"Target": "Parameter", "Id": "ParamFingerL", "Segments": [0, 0, 0, 0.433, 5, 0, 1.15, -2, 0, 1.817, 6, 2, 3.083, 6]}, {"Target": "Parameter", "Id": "ParamPositionX", "Segments": [0, 0, 0, 3.083, 0]}, {"Target": "Parameter", "Id": "ParamPositionY", "Segments": [0, 0, 0, 3.083, 0]}, {"Target": "Parameter", "Id": "ParamRotationZ", "Segments": [0, 0, 0, 3.083, 0]}, {"Target": "Parameter", "Id": "ParamEyeballX", "Segments": [0, 0, 0, 3.083, 0]}, {"Target": "Parameter", "Id": "ParamUpperBody", "Segments": [0, 0, 0, 3.083, 0]}, {"Target": "Parameter", "Id": "ParamBreath", "Segments": [0, 0, 0, 3.083, 0]}, {"Target": "Parameter", "Id": "ParamArmR4", "Segments": [0, 28, 0, 3.083, 28]}, {"Target": "Parameter", "Id": "ParamArmR6", "Segments": [0, 1.1, 0, 3.083, 1.1]}, {"Target": "Parameter", "Id": "ParamArmR7", "Segments": [0, -4, 0, 3.083, -4]}, {"Target": "Parameter", "Id": "ParamArmR8", "Segments": [0, 14, 0, 3.083, 14]}, {"Target": "Parameter", "Id": "ParamArmR9", "Segments": [0, 0.7, 0, 3.083, 0.7]}, {"Target": "Parameter", "Id": "ParamHandRA", "Segments": [0, 0, 0, 3.083, 0]}, {"Target": "Parameter", "Id": "ParamHandRB", "Segments": [0, 0, 0, 3.083, 0]}, {"Target": "Parameter", "Id": "ParamHandRC", "Segments": [0, 0, 0, 3.083, 0]}, {"Target": "Parameter", "Id": "ParamHandRD", "Segments": [0, 0, 0, 3.083, 0]}, {"Target": "Parameter", "Id": "ParamHandRE", "Segments": [0, 0, 0, 3.083, 0]}, {"Target": "Parameter", "Id": "ParamHandRF", "Segments": [0, 1, 0, 3.083, 1]}, {"Target": "Parameter", "Id": "ParamHandRG", "Segments": [0, 0, 0, 3.083, 0]}, {"Target": "Parameter", "Id": "ParamHandRH", "Segments": [0, 0, 0, 3.083, 0]}, {"Target": "Parameter", "Id": "ParamHandRI", "Segments": [0, 0, 0, 3.083, 0]}, {"Target": "Parameter", "Id": "ParamHandRJ", "Segments": [0, 0, 0, 3.083, 0]}, {"Target": "Parameter", "Id": "ParamHandRK", "Segments": [0, 0, 0, 3.083, 0]}, {"Target": "Parameter", "Id": "ParamArmL4", "Segments": [0, 27, 0, 3.083, 27]}, {"Target": "Parameter", "Id": "ParamArmL6", "Segments": [0, 1, 0, 3.083, 1]}, {"Target": "Parameter", "Id": "ParamArmL7", "Segments": [0, -4, 0, 3.083, -4]}, {"Target": "Parameter", "Id": "ParamArmL9", "Segments": [0, 0.7, 0, 3.083, 0.7]}, {"Target": "Parameter", "Id": "ParamHandLA", "Segments": [0, 0, 0, 3.083, 0]}, {"Target": "Parameter", "Id": "ParamHandLB", "Segments": [0, 0, 0, 3.083, 0]}, {"Target": "Parameter", "Id": "ParamHandLC", "Segments": [0, 0, 0, 3.083, 0]}, {"Target": "Parameter", "Id": "ParamHandLD", "Segments": [0, 0, 0, 3.083, 0]}, {"Target": "Parameter", "Id": "ParamHandLE", "Segments": [0, 0, 0, 3.083, 0]}, {"Target": "Parameter", "Id": "ParamHandLF", "Segments": [0, 1, 0, 3.083, 1]}, {"Target": "Parameter", "Id": "ParamHandLG", "Segments": [0, 0, 0, 3.083, 0]}, {"Target": "Parameter", "Id": "ParamHandLH", "Segments": [0, 0, 0, 3.083, 0]}, {"Target": "Parameter", "Id": "ParamHandLI", "Segments": [0, 0, 0, 3.083, 0]}, {"Target": "Parameter", "Id": "ParamHandLJ", "Segments": [0, 0, 0, 3.083, 0]}, {"Target": "Parameter", "Id": "ParamHandLK", "Segments": [0, 0, 0, 3.083, 0]}], "UserData": [{"Time": 0.167, "Value": "eyeblink,0.2,0.24,0.24"}]}