{"Version": 3, "Meta": {"Duration": 2.6, "Fps": 60.0, "Loop": true, "AreBeziersRestricted": true, "CurveCount": 61, "UserDataCount": 1, "TotalSegmentCount": 174, "TotalPointCount": 180, "TotalUserDataSize": 23}, "Curves": [{"Target": "Parameter", "Id": "ParamPositionX", "Segments": [0, 0, 0, 0.733, -1, 2, 2.6, -1]}, {"Target": "Parameter", "Id": "ParamPositionY", "Segments": [0, 0, 0, 0.483, 1, 0, 0.933, 0, 2, 2.6, 0]}, {"Target": "Parameter", "Id": "ParamAngleX", "Segments": [0, -2, 0, 0.383, -7, 1, 0.522, -7, 0.661, -6.046, 0.8, -4, 1, 0.978, -1.381, 1.155, 0.0, 1.333, 0, 2, 2.6, 0]}, {"Target": "Parameter", "Id": "ParamAngleY", "Segments": [0, 0, 0, 0.383, 4, 0, 0.8, -6, 2, 2.6, -6]}, {"Target": "Parameter", "Id": "ParamAngleZ", "Segments": [0, -2, 0, 0.5, -13, 0, 0.9, 7, 0, 1.433, 3, 2, 2.6, 3]}, {"Target": "Parameter", "Id": "ParamEyeROpen", "Segments": [0, 1, 0, 0.217, 1, 0, 0.417, 0, 2, 0.683, 0, 0, 0.883, 1, 2, 2.6, 1]}, {"Target": "Parameter", "Id": "ParamEyeLOpen", "Segments": [0, 1, 0, 0.217, 1, 0, 0.417, 0, 2, 0.683, 0, 0, 0.883, 1, 2, 2.6, 1]}, {"Target": "Parameter", "Id": "ParamEyeballX", "Segments": [0, 0, 0, 0.467, 0.2, 0, 1.2, 0, 2, 2.6, 0]}, {"Target": "Parameter", "Id": "ParamBodyAngleX", "Segments": [0, 1, 0, 0.317, 4, 0, 0.817, -2, 0, 1.3, 0, 2, 2.6, 0]}, {"Target": "Parameter", "Id": "ParamBodyAngleY", "Segments": [0, 0, 0, 0.417, 2, 0, 0.933, -2, 0, 1.35, 0, 2, 2.6, 0]}, {"Target": "Parameter", "Id": "ParamBodyAngleZ", "Segments": [0, -3, 0, 0.9, -1, 2, 2.6, -1]}, {"Target": "Parameter", "Id": "ParamUpperBodyZ", "Segments": [0, 6, 0, 0.9, 4, 2, 2.6, 4]}, {"Target": "Parameter", "Id": "ParamShoulderR", "Segments": [0, 2, 0, 0.333, 7, 0, 0.867, 3, 2, 2.6, 3]}, {"Target": "Parameter", "Id": "ParamArmR1", "Segments": [0, -43, 0, 0.367, -45, 1, 0.545, -46.528, 0.722, -47.0, 0.9, -47, 2, 2.6, -47]}, {"Target": "Parameter", "Id": "ParamArmR2", "Segments": [0, 1, 0, 0.4, 2, 0, 0.95, 0, 2, 2.6, 0]}, {"Target": "Parameter", "Id": "ParamArmR3", "Segments": [0, 8, 0, 0.417, 30, 0, 1.033, 2, 2, 2.6, 2]}, {"Target": "Parameter", "Id": "ParamArmR5", "Segments": [0, 0, 0, 0.45, 3, 0, 1, 0, 2, 2.6, 0]}, {"Target": "Parameter", "Id": "ParamArmR8", "Segments": [0, 0, 0, 0.417, 26, 0, 0.983, -4, 2, 2.6, -4]}, {"Target": "Parameter", "Id": "ParamArmR9", "Segments": [0, -0.8, 0, 1.35, -0.4, 2, 2.6, -0.4]}, {"Target": "Parameter", "Id": "ParamFingerR", "Segments": [0, 0, 0, 0.417, -7, 0, 1.033, 0, 2, 2.6, 0]}, {"Target": "Parameter", "Id": "ParamShoulderL", "Segments": [0, 4, 0, 0.317, 7, 0, 0.8, 1, 2, 2.6, 1]}, {"Target": "Parameter", "Id": "ParamArmL2", "Segments": [0, 26, 0, 0.367, 26, 0, 0.933, 23, 2, 2.6, 23]}, {"Target": "Parameter", "Id": "ParamArmL3", "Segments": [0, 5, 0, 1.067, 15, 2, 2.6, 15]}, {"Target": "Parameter", "Id": "ParamArmL4", "Segments": [0, 9, 0, 0.35, 15, 2, 2.6, 15]}, {"Target": "Parameter", "Id": "ParamFingerL", "Segments": [0, 0, 0, 0.483, 6, 0, 1.133, -7, 2, 2.6, -7]}, {"Target": "Parameter", "Id": "ParamRotationZ", "Segments": [0, 0, 0, 2.6, 0]}, {"Target": "Parameter", "Id": "ParamUpperBody", "Segments": [0, 0, 0, 2.6, 0]}, {"Target": "Parameter", "Id": "ParamBreath", "Segments": [0, 0, 0, 2.6, 0]}, {"Target": "Parameter", "Id": "ParamLegLZ", "Segments": [0, -1, 0, 2.6, -1]}, {"Target": "Parameter", "Id": "ParamLegRZ", "Segments": [0, 3, 0, 2.6, 3]}, {"Target": "Parameter", "Id": "ParamArmR4", "Segments": [0, 3, 0, 2.6, 3]}, {"Target": "Parameter", "Id": "ParamArmR6", "Segments": [0, 1, 0, 2.6, 1]}, {"Target": "Parameter", "Id": "ParamArmR7", "Segments": [0, -10, 0, 2.6, -10]}, {"Target": "Parameter", "Id": "ParamHandRA", "Segments": [0, 0, 0, 2.6, 0]}, {"Target": "Parameter", "Id": "ParamHandRB", "Segments": [0, 0, 0, 2.6, 0]}, {"Target": "Parameter", "Id": "ParamHandRC", "Segments": [0, 0, 0, 2.6, 0]}, {"Target": "Parameter", "Id": "ParamHandRD", "Segments": [0, 0, 0, 2.6, 0]}, {"Target": "Parameter", "Id": "ParamHandRE", "Segments": [0, 0, 0, 2.6, 0]}, {"Target": "Parameter", "Id": "ParamHandRF", "Segments": [0, 0, 0, 2.6, 0]}, {"Target": "Parameter", "Id": "ParamHandRG", "Segments": [0, 1, 0, 2.6, 1]}, {"Target": "Parameter", "Id": "ParamHandRH", "Segments": [0, 0, 0, 2.6, 0]}, {"Target": "Parameter", "Id": "ParamHandRI", "Segments": [0, 0, 0, 2.6, 0]}, {"Target": "Parameter", "Id": "ParamHandRJ", "Segments": [0, 0, 0, 2.6, 0]}, {"Target": "Parameter", "Id": "ParamHandRK", "Segments": [0, 0, 0, 2.6, 0]}, {"Target": "Parameter", "Id": "ParamArmL1", "Segments": [0, -37, 0, 2.6, -37]}, {"Target": "Parameter", "Id": "ParamArmL5", "Segments": [0, 9, 0, 2.6, 9]}, {"Target": "Parameter", "Id": "ParamArmL6", "Segments": [0, 1, 0, 2.6, 1]}, {"Target": "Parameter", "Id": "ParamArmL7", "Segments": [0, 0, 0, 2.6, 0]}, {"Target": "Parameter", "Id": "ParamArmL8", "Segments": [0, 0, 0, 2.6, 0]}, {"Target": "Parameter", "Id": "ParamArmL9", "Segments": [0, 0.7, 0, 2.6, 0.7]}, {"Target": "Parameter", "Id": "ParamHandLA", "Segments": [0, 0, 0, 2.6, 0]}, {"Target": "Parameter", "Id": "ParamHandLB", "Segments": [0, 0, 0, 2.6, 0]}, {"Target": "Parameter", "Id": "ParamHandLC", "Segments": [0, 0, 0, 2.6, 0]}, {"Target": "Parameter", "Id": "ParamHandLD", "Segments": [0, 0, 0, 2.6, 0]}, {"Target": "Parameter", "Id": "ParamHandLE", "Segments": [0, 0, 0, 2.6, 0]}, {"Target": "Parameter", "Id": "ParamHandLF", "Segments": [0, 1, 0, 2.6, 1]}, {"Target": "Parameter", "Id": "ParamHandLG", "Segments": [0, 0, 0, 2.6, 0]}, {"Target": "Parameter", "Id": "ParamHandLH", "Segments": [0, 0, 0, 2.6, 0]}, {"Target": "Parameter", "Id": "ParamHandLI", "Segments": [0, 0, 0, 2.6, 0]}, {"Target": "Parameter", "Id": "ParamHandLJ", "Segments": [0, 0, 0, 2.6, 0]}, {"Target": "Parameter", "Id": "ParamHandLK", "Segments": [0, 0, 0, 2.6, 0]}], "UserData": [{"Time": 0.217, "Value": "eyeblink,0.20,0.27,0.20"}]}