{"Version": 3, "Meta": {"Duration": 2.283, "Fps": 60.0, "Loop": true, "AreBeziersRestricted": true, "CurveCount": 61, "UserDataCount": 1, "TotalSegmentCount": 183, "TotalPointCount": 197, "TotalUserDataSize": 23}, "Curves": [{"Target": "Parameter", "Id": "ParamAngleX", "Segments": [0, 0, 0, 0.333, 8, 1, 0.455, 16.221, 0.578, 29.0, 0.7, 29, 0, 1.083, -19, 0, 1.583, 8, 2, 2.283, 8]}, {"Target": "Parameter", "Id": "ParamAngleY", "Segments": [0, 0, 0, 0.333, 3, 0, 0.7, -24, 1, 0.828, -24, 0.955, -24.191, 1.083, -23, 1, 1.25, -21.447, 1.416, -17, 1.583, -17, 2, 2.283, -17]}, {"Target": "Parameter", "Id": "ParamAngleZ", "Segments": [0, -8, 0, 0.333, 9, 1, 0.455, 9, 0.578, 8.218, 0.7, 4, 1, 0.828, -0.41, 0.955, -5.0, 1.083, -5, 0, 1.667, 6, 2, 2.283, 6]}, {"Target": "Parameter", "Id": "ParamEyeROpen", "Segments": [0, 1, 0, 0.333, 0, 2, 0.7, 0, 2, 1.25, 0, 0, 1.533, 1, 2, 2.283, 1]}, {"Target": "Parameter", "Id": "ParamEyeLOpen", "Segments": [0, 1, 0, 0.333, 0, 2, 0.7, 0, 2, 1.25, 0, 0, 1.533, 1, 2, 2.283, 1]}, {"Target": "Parameter", "Id": "ParamEyeballX", "Segments": [0, 0, 0, 1.083, 0, 0, 1.517, -0.1, 2, 2.283, -0.1]}, {"Target": "Parameter", "Id": "ParamBodyAngleX", "Segments": [0, 0, 0, 0.333, 8, 0, 0.983, -7, 0, 1.35, 0, 2, 2.283, 0]}, {"Target": "Parameter", "Id": "ParamBodyAngleY", "Segments": [0, 0, 0, 0.333, 3, 0, 0.983, -1, 0, 1.5, 0, 2, 2.283, 0]}, {"Target": "Parameter", "Id": "ParamUpperBodyZ", "Segments": [0, -5, 0, 0.333, -2, 0, 0.983, -7, 0, 1.5, -5, 2, 2.283, -5]}, {"Target": "Parameter", "Id": "ParamUpperBody", "Segments": [0, 0, 0, 0.333, 1, 0, 0.983, -1, 0, 1.417, 0, 2, 2.283, 0]}, {"Target": "Parameter", "Id": "ParamShoulderR", "Segments": [0, 4, 0, 0.333, 10, 0, 0.7, 2, 0, 0.983, 4, 2, 2.283, 4]}, {"Target": "Parameter", "Id": "ParamArmR1", "Segments": [0, 3, 0, 0.333, 1, 0, 0.983, 4, 0, 1.35, 3, 2, 2.283, 3]}, {"Target": "Parameter", "Id": "ParamArmR2", "Segments": [0, 18, 0, 0.333, 17, 0, 0.7, 18, 2, 2.283, 18]}, {"Target": "Parameter", "Id": "ParamArmR4", "Segments": [0, 9, 0, 0.333, 17, 0, 0.7, 9, 2, 2.283, 9]}, {"Target": "Parameter", "Id": "ParamFingerR", "Segments": [0, 0, 0, 0.467, 6, 0, 1.067, 0, 2, 2.283, 0]}, {"Target": "Parameter", "Id": "ParamShoulderL", "Segments": [0, 0, 0, 0.333, 8, 0, 0.7, -2, 0, 0.983, 0, 2, 2.283, 0]}, {"Target": "Parameter", "Id": "ParamArmL1", "Segments": [0, -6, 0, 0.333, -4, 1, 0.455, -4, 0.578, -4.923, 0.7, -6, 1, 0.794, -6.832, 0.889, -7.0, 0.983, -7, 0, 1.35, -6, 2, 2.283, -6]}, {"Target": "Parameter", "Id": "ParamArmL2", "Segments": [0, 16, 0, 0.333, 15, 0, 0.7, 16, 2, 2.283, 16]}, {"Target": "Parameter", "Id": "ParamArmL4", "Segments": [0, 6, 0, 0.333, 13, 0, 0.7, 6, 2, 2.283, 6]}, {"Target": "Parameter", "Id": "ParamArmL5", "Segments": [0, 11, 0, 0.333, 10, 0, 0.7, 11, 2, 2.283, 11]}, {"Target": "Parameter", "Id": "ParamFingerL", "Segments": [0, 0, 0, 0.467, 7, 0, 1.067, 0, 2, 2.283, 0]}, {"Target": "Parameter", "Id": "ParamPositionX", "Segments": [0, -1, 0, 2.283, -1]}, {"Target": "Parameter", "Id": "ParamPositionY", "Segments": [0, 0, 0, 2.283, 0]}, {"Target": "Parameter", "Id": "ParamRotationZ", "Segments": [0, 0, 0, 2.283, 0]}, {"Target": "Parameter", "Id": "ParamBodyAngleZ", "Segments": [0, 4, 0, 2.283, 4]}, {"Target": "Parameter", "Id": "ParamBreath", "Segments": [0, 0, 0, 2.283, 0]}, {"Target": "Parameter", "Id": "ParamLegLZ", "Segments": [0, 7, 0, 2.283, 7]}, {"Target": "Parameter", "Id": "ParamLegRZ", "Segments": [0, -1, 0, 2.283, -1]}, {"Target": "Parameter", "Id": "ParamArmR3", "Segments": [0, 40, 0, 2.283, 40]}, {"Target": "Parameter", "Id": "ParamArmR5", "Segments": [0, 9, 0, 2.283, 9]}, {"Target": "Parameter", "Id": "ParamArmR6", "Segments": [0, 1, 0, 2.283, 1]}, {"Target": "Parameter", "Id": "ParamArmR7", "Segments": [0, 0, 0, 2.283, 0]}, {"Target": "Parameter", "Id": "ParamArmR8", "Segments": [0, 40, 0, 2.283, 40]}, {"Target": "Parameter", "Id": "ParamArmR9", "Segments": [0, 0.6, 0, 2.283, 0.6]}, {"Target": "Parameter", "Id": "ParamHandRA", "Segments": [0, 0, 0, 2.283, 0]}, {"Target": "Parameter", "Id": "ParamHandRB", "Segments": [0, 0, 0, 2.283, 0]}, {"Target": "Parameter", "Id": "ParamHandRC", "Segments": [0, 0, 0, 2.283, 0]}, {"Target": "Parameter", "Id": "ParamHandRD", "Segments": [0, 0, 0, 2.283, 0]}, {"Target": "Parameter", "Id": "ParamHandRE", "Segments": [0, 0, 0, 2.283, 0]}, {"Target": "Parameter", "Id": "ParamHandRF", "Segments": [0, 0, 0, 2.283, 0]}, {"Target": "Parameter", "Id": "ParamHandRG", "Segments": [0, 0, 0, 2.283, 0]}, {"Target": "Parameter", "Id": "ParamHandRH", "Segments": [0, 0, 0, 2.283, 0]}, {"Target": "Parameter", "Id": "ParamHandRI", "Segments": [0, 0, 0, 2.283, 0]}, {"Target": "Parameter", "Id": "ParamHandRJ", "Segments": [0, 1, 0, 2.283, 1]}, {"Target": "Parameter", "Id": "ParamHandRK", "Segments": [0, 0, 0, 2.283, 0]}, {"Target": "Parameter", "Id": "ParamArmL3", "Segments": [0, 40, 0, 2.283, 40]}, {"Target": "Parameter", "Id": "ParamArmL6", "Segments": [0, 1, 0, 2.283, 1]}, {"Target": "Parameter", "Id": "ParamArmL7", "Segments": [0, 0, 0, 2.283, 0]}, {"Target": "Parameter", "Id": "ParamArmL8", "Segments": [0, 40, 0, 2.283, 40]}, {"Target": "Parameter", "Id": "ParamArmL9", "Segments": [0, 0.6, 0, 2.283, 0.6]}, {"Target": "Parameter", "Id": "ParamHandLA", "Segments": [0, 0, 0, 2.283, 0]}, {"Target": "Parameter", "Id": "ParamHandLB", "Segments": [0, 0, 0, 2.283, 0]}, {"Target": "Parameter", "Id": "ParamHandLC", "Segments": [0, 0, 0, 2.283, 0]}, {"Target": "Parameter", "Id": "ParamHandLD", "Segments": [0, 0, 0, 2.283, 0]}, {"Target": "Parameter", "Id": "ParamHandLE", "Segments": [0, 0, 0, 2.283, 0]}, {"Target": "Parameter", "Id": "ParamHandLF", "Segments": [0, 0, 0, 2.283, 0]}, {"Target": "Parameter", "Id": "ParamHandLG", "Segments": [0, 0, 0, 2.283, 0]}, {"Target": "Parameter", "Id": "ParamHandLH", "Segments": [0, 0, 0, 2.283, 0]}, {"Target": "Parameter", "Id": "ParamHandLI", "Segments": [0, 0, 0, 2.283, 0]}, {"Target": "Parameter", "Id": "ParamHandLJ", "Segments": [0, 1, 0, 2.283, 1]}, {"Target": "Parameter", "Id": "ParamHandLK", "Segments": [0, 0, 0, 2.283, 0]}], "UserData": [{"Time": 0.483, "Value": "eyeblink,0.20,0.48,0.20"}]}