{"Version": 3, "Meta": {"Duration": 2.767, "Fps": 60.0, "Loop": true, "AreBeziersRestricted": true, "CurveCount": 85, "UserDataCount": 1, "TotalSegmentCount": 262, "TotalPointCount": 288, "TotalUserDataSize": 23}, "Curves": [{"Target": "Parameter", "Id": "ParamPositionX", "Segments": [0, -1, 0, 0.567, 0, 2, 2.767, 0]}, {"Target": "Parameter", "Id": "ParamAngleX", "Segments": [0, -2, 0, 0.683, 0, 1, 0.789, 0.814, 0.894, 4.0, 1, 4, 0, 1.667, -5, 2, 2.017, -5, 2, 2.767, -5]}, {"Target": "Parameter", "Id": "ParamAngleY", "Segments": [0, -5, 0, 0.683, 0, 1, 0.789, 1.975, 0.894, 8.0, 1, 8, 2, 1.333, 8, 0, 1.667, 0, 2, 2.767, 0]}, {"Target": "Parameter", "Id": "ParamAngleZ", "Segments": [0, 18, 0, 0.7, -12, 0, 1.1, 3, 0, 1.767, -28, 0, 2.133, -25, 2, 2.767, -25]}, {"Target": "Parameter", "Id": "ParamEyeROpen", "Segments": [0, 1, 0, 0.567, 1, 2, 1.117, 1, 0, 1.333, 0, 2, 1.467, 0, 0, 1.717, 1, 2, 2.767, 1]}, {"Target": "Parameter", "Id": "ParamEyeLOpen", "Segments": [0, 1, 0, 0.567, 1, 2, 1.117, 1, 0, 1.333, 0, 2, 1.467, 0, 0, 1.717, 1, 2, 2.767, 1]}, {"Target": "Parameter", "Id": "ParamEyeballX", "Segments": [0, 0.1, 0, 0.567, 0, 2, 0.65, 0, 0, 0.967, -0.1, 0, 1.633, 0.1, 2, 2.767, 0.1]}, {"Target": "Parameter", "Id": "ParamBodyAngleX", "Segments": [0, -9, 0, 0.567, 2, 1, 0.672, 5.784, 0.778, 7.0, 0.883, 7, 1, 1.105, 7, 1.328, 3.615, 1.55, 0, 1, 1.667, -1.898, 1.783, -2.0, 1.9, -2, 2, 2.767, -2]}, {"Target": "Parameter", "Id": "ParamBodyAngleY", "Segments": [0, -1, 0, 0.567, 0, 1, 0.706, 0.552, 0.844, 1.0, 0.983, 1, 0, 1.533, -2, 0, 1.967, 0, 2, 2.767, 0]}, {"Target": "Parameter", "Id": "ParamBodyAngleZ", "Segments": [0, 5, 0, 0.567, -3, 2, 2.767, -3]}, {"Target": "Parameter", "Id": "ParamUpperBodyZ", "Segments": [0, -7, 0, 0.567, 8, 2, 0.633, 8, 2, 0.95, 8, 0, 1.617, 7, 2, 2.767, 7]}, {"Target": "Parameter", "Id": "ParamLegLZ", "Segments": [0, 4, 0, 0.567, 0, 2, 2.767, 0]}, {"Target": "Parameter", "Id": "ParamLegRZ", "Segments": [0, -1, 0, 0.567, 2, 2, 2.767, 2]}, {"Target": "Parameter", "Id": "ParamShoulderR", "Segments": [0, 2, 0, 0.567, 1, 0, 0.883, 7, 0, 1.417, -1, 0, 1.9, 1, 2, 2.767, 1]}, {"Target": "Parameter", "Id": "ParamArmR1", "Segments": [0, -34, 0, 0.283, -19, 0, 0.567, -39, 2, 2.767, -39]}, {"Target": "Parameter", "Id": "ParamArmR2", "Segments": [0, 7, 0, 0.283, 6, 1, 0.416, 6, 0.55, 39.258, 0.683, 41, 1, 0.789, 42.379, 0.894, 42.0, 1, 42, 0, 1.633, 41, 2, 2.767, 41]}, {"Target": "Parameter", "Id": "ParamArmR3", "Segments": [0, 40, 0, 0.283, -1, 1, 0.444, -1, 0.606, 10.005, 0.767, 21, 1, 0.872, 28.204, 0.978, 29.0, 1.083, 29, 0, 1.717, 21, 2, 2.767, 21]}, {"Target": "Parameter", "Id": "ParamArmR4", "Segments": [0, 0, 0, 0.567, 16, 1, 0.672, 18.589, 0.778, 18.0, 0.883, 18, 0, 1.55, 16, 2, 2.767, 16]}, {"Target": "Parameter", "Id": "ParamArmR5", "Segments": [0, 0, 0, 0.283, 9, 1, 0.339, 12.144, 0.394, 13.0, 0.45, 13, 0, 0.633, 8, 2, 2.767, 8]}, {"Target": "Parameter", "Id": "ParamArmR6", "Segments": [0, 0, 0, 0.283, 0, 0, 0.45, 1, 2, 0.567, 1, 2, 2.767, 1]}, {"Target": "Parameter", "Id": "ParamArmR7", "Segments": [0, -10, 0, 0.333, -6, 2, 2.767, -6]}, {"Target": "Parameter", "Id": "ParamArmR8", "Segments": [0, 39, 0, 0.333, 4, 2, 2.767, 4]}, {"Target": "Parameter", "Id": "ParamArmR9", "Segments": [0, 0, 0, 0.567, 0.7, 2, 2.767, 0.7]}, {"Target": "Parameter", "Id": "ParamHandRD", "Segments": [0, 0, 0, 0.333, 0, 0, 0.35, 1, 2, 2.767, 1]}, {"Target": "Parameter", "Id": "ParamHandRG", "Segments": [0, 1, 0, 0.333, 1, 0, 0.35, 0, 2, 2.767, 0]}, {"Target": "Parameter", "Id": "ParamFingerR", "Segments": [0, 0, 0, 0.667, 9, 0, 1.583, 0, 2, 2.767, 0]}, {"Target": "Parameter", "Id": "ParamShoulderL", "Segments": [0, 2, 0, 0.567, 0, 2, 0.617, 0, 0, 0.933, 6, 0, 1.417, -2, 0, 1.683, 0, 2, 2.767, 0]}, {"Target": "Parameter", "Id": "ParamArmL1", "Segments": [0, -40, 0, 0.617, -37, 0, 0.933, -40, 0, 1.683, -37, 2, 2.767, -37]}, {"Target": "Parameter", "Id": "ParamArmL2", "Segments": [0, 9, 0, 0.383, 1, 1, 0.483, -1.131, 0.583, -1.0, 0.683, -1, 2, 1, -1, 2, 1.75, -1, 2, 2.767, -1]}, {"Target": "Parameter", "Id": "ParamArmL3", "Segments": [0, 40, 0, 0.567, 9, 2, 0.717, 9, 0, 1.033, 21, 0, 1.783, 9, 2, 2.767, 9]}, {"Target": "Parameter", "Id": "ParamArmL8", "Segments": [0, 26, 0, 0.667, 3, 2, 2.767, 3]}, {"Target": "Parameter", "Id": "ParamArmL9", "Segments": [0, 0, 0, 1.117, -0.2, 2, 2.767, -0.2]}, {"Target": "Parameter", "Id": "ParamPositionY", "Segments": [0, 0, 0, 2.767, 0]}, {"Target": "Parameter", "Id": "ParamRotationZ", "Segments": [0, 0, 0, 2.767, 0]}, {"Target": "Parameter", "Id": "ParamBrowRX", "Segments": [0, 0, 0, 2.767, 0]}, {"Target": "Parameter", "Id": "ParamBrowRY", "Segments": [0, 0, 0, 2.767, 0]}, {"Target": "Parameter", "Id": "ParamBrowRAngle", "Segments": [0, 0, 0, 2.767, 0]}, {"Target": "Parameter", "Id": "ParamBrowRForm", "Segments": [0, 0, 0, 2.767, 0]}, {"Target": "Parameter", "Id": "ParamBrowLX", "Segments": [0, 0, 0, 2.767, 0]}, {"Target": "Parameter", "Id": "ParamBrowLY", "Segments": [0, 0, 0, 2.767, 0]}, {"Target": "Parameter", "Id": "ParamBrowLAngle", "Segments": [0, 0, 0, 2.767, 0]}, {"Target": "Parameter", "Id": "ParamBrowLForm", "Segments": [0, 0, 0, 2.767, 0]}, {"Target": "Parameter", "Id": "ParamEyeRSmile", "Segments": [0, 0, 0, 2.767, 0]}, {"Target": "Parameter", "Id": "ParamEyeRForm", "Segments": [0, 0, 0, 2.767, 0]}, {"Target": "Parameter", "Id": "ParamEyeLSmile", "Segments": [0, 0, 0, 2.767, 0]}, {"Target": "Parameter", "Id": "ParamEyeLForm", "Segments": [0, 0, 0, 2.767, 0]}, {"Target": "Parameter", "Id": "ParamEyeballY", "Segments": [0, 0, 0, 2.767, 0]}, {"Target": "Parameter", "Id": "ParamEyeSize", "Segments": [0, 0, 0, 2.767, 0]}, {"Target": "Parameter", "Id": "ParamEyeTeary", "Segments": [0, 0, 0, 2.767, 0]}, {"Target": "Parameter", "Id": "ParamTear", "Segments": [0, 0, 0, 2.767, 0]}, {"Target": "Parameter", "Id": "ParamMouthForm", "Segments": [0, 0, 0, 2.767, 0]}, {"Target": "Parameter", "Id": "ParamMouthOpenY", "Segments": [0, 0, 0, 2.767, 0]}, {"Target": "Parameter", "Id": "ParamTeeth", "Segments": [0, 0, 0, 2.767, 0]}, {"Target": "Parameter", "Id": "ParamMouthScaleX", "Segments": [0, 0, 0, 2.767, 0]}, {"Target": "Parameter", "Id": "ParamMouthScaleY", "Segments": [0, 0, 0, 2.767, 0]}, {"Target": "Parameter", "Id": "ParamCheek", "Segments": [0, 0, 0, 2.767, 0]}, {"Target": "Parameter", "Id": "ParamFaceShadow", "Segments": [0, 0, 0, 2.767, 0]}, {"Target": "Parameter", "Id": "ParamCheekAngry", "Segments": [0, 0, 0, 2.767, 0]}, {"Target": "Parameter", "Id": "ParamUpperBody", "Segments": [0, 0, 0, 2.767, 0]}, {"Target": "Parameter", "Id": "ParamBreath", "Segments": [0, 0, 0, 2.767, 0]}, {"Target": "Parameter", "Id": "ParamHandRA", "Segments": [0, 0, 0, 2.767, 0]}, {"Target": "Parameter", "Id": "ParamHandRB", "Segments": [0, 0, 0, 2.767, 0]}, {"Target": "Parameter", "Id": "ParamHandRC", "Segments": [0, 0, 0, 2.767, 0]}, {"Target": "Parameter", "Id": "ParamHandRE", "Segments": [0, 0, 0, 2.767, 0]}, {"Target": "Parameter", "Id": "ParamHandRF", "Segments": [0, 0, 0, 2.767, 0]}, {"Target": "Parameter", "Id": "ParamHandRH", "Segments": [0, 0, 0, 2.767, 0]}, {"Target": "Parameter", "Id": "ParamHandRI", "Segments": [0, 0, 0, 2.767, 0]}, {"Target": "Parameter", "Id": "ParamHandRJ", "Segments": [0, 0, 0, 2.767, 0]}, {"Target": "Parameter", "Id": "ParamHandRK", "Segments": [0, 0, 0, 2.767, 0]}, {"Target": "Parameter", "Id": "ParamArmL4", "Segments": [0, 0, 0, 2.767, 0]}, {"Target": "Parameter", "Id": "ParamArmL5", "Segments": [0, 0, 0, 2.767, 0]}, {"Target": "Parameter", "Id": "ParamArmL6", "Segments": [0, 0, 0, 2.767, 0]}, {"Target": "Parameter", "Id": "ParamArmL7", "Segments": [0, -10, 0, 2.767, -10]}, {"Target": "Parameter", "Id": "ParamHandLA", "Segments": [0, 0, 0, 2.767, 0]}, {"Target": "Parameter", "Id": "ParamHandLB", "Segments": [0, 0, 0, 2.767, 0]}, {"Target": "Parameter", "Id": "ParamHandLC", "Segments": [0, 0, 0, 2.767, 0]}, {"Target": "Parameter", "Id": "ParamHandLD", "Segments": [0, 0, 0, 2.767, 0]}, {"Target": "Parameter", "Id": "ParamHandLE", "Segments": [0, 0, 0, 2.767, 0]}, {"Target": "Parameter", "Id": "ParamHandLF", "Segments": [0, 0, 0, 2.767, 0]}, {"Target": "Parameter", "Id": "ParamHandLG", "Segments": [0, 1, 0, 2.767, 1]}, {"Target": "Parameter", "Id": "ParamHandLH", "Segments": [0, 0, 0, 2.767, 0]}, {"Target": "Parameter", "Id": "ParamHandLI", "Segments": [0, 0, 0, 2.767, 0]}, {"Target": "Parameter", "Id": "ParamHandLJ", "Segments": [0, 0, 0, 2.767, 0]}, {"Target": "Parameter", "Id": "ParamHandLK", "Segments": [0, 0, 0, 2.767, 0]}, {"Target": "Parameter", "Id": "ParamFingerL", "Segments": [0, 0, 0, 2.767, 0]}], "UserData": [{"Time": 1.117, "Value": "eyeblink,0.22,0.14,0.25"}]}