{"Version": 3, "Meta": {"Duration": 2.967, "Fps": 60.0, "Loop": true, "AreBeziersRestricted": true, "CurveCount": 61, "UserDataCount": 1, "TotalSegmentCount": 186, "TotalPointCount": 192, "TotalUserDataSize": 20}, "Curves": [{"Target": "Parameter", "Id": "ParamAngleX", "Segments": [0, 0, 0, 0.4, 6, 0, 1.033, -3, 0, 1.8, 1, 2, 2.967, 1]}, {"Target": "Parameter", "Id": "ParamAngleY", "Segments": [0, 0, 0, 0.4, 15, 0, 1.033, -9, 2, 2.967, -9]}, {"Target": "Parameter", "Id": "ParamAngleZ", "Segments": [0, 0, 0, 0.533, -10, 0, 1.167, 15, 0, 1.9, 13, 2, 2.967, 13]}, {"Target": "Parameter", "Id": "ParamEyeROpen", "Segments": [0, 1, 0, 0.633, 1, 0, 0.833, 0, 0, 1.033, 1, 2, 2.967, 1]}, {"Target": "Parameter", "Id": "ParamEyeLOpen", "Segments": [0, 1, 0, 0.633, 1, 0, 0.833, 0, 0, 1.033, 1, 2, 2.967, 1]}, {"Target": "Parameter", "Id": "ParamEyeballX", "Segments": [0, 0, 0, 0.433, -0.1, 0, 0.967, 0.2, 0, 1.567, 0, 2, 2.967, 0]}, {"Target": "Parameter", "Id": "ParamBodyAngleX", "Segments": [0, 0, 0, 0.433, 2, 0, 1.317, -2, 2, 2.967, -2]}, {"Target": "Parameter", "Id": "ParamBodyAngleY", "Segments": [0, 0, 0, 0.467, 1, 0, 1.383, 0, 2, 2.967, 0]}, {"Target": "Parameter", "Id": "ParamBodyAngleZ", "Segments": [0, 2, 0, 0.55, 1, 0, 1.45, 2, 2, 2.967, 2]}, {"Target": "Parameter", "Id": "ParamUpperBodyZ", "Segments": [0, -1, 0, 0.55, -3, 0, 1.45, 0, 2, 2.967, 0]}, {"Target": "Parameter", "Id": "ParamLegLZ", "Segments": [0, 0, 0, 1.35, 2, 2, 2.967, 2]}, {"Target": "Parameter", "Id": "ParamLegRZ", "Segments": [0, 0, 0, 1.35, -2, 2, 2.967, -2]}, {"Target": "Parameter", "Id": "ParamShoulderR", "Segments": [0, 0, 0, 1.2, 1, 2, 2.967, 1]}, {"Target": "Parameter", "Id": "ParamArmR1", "Segments": [0, -38, 0, 0.5, -22, 0, 1.25, -42, 2, 2.967, -42]}, {"Target": "Parameter", "Id": "ParamArmR2", "Segments": [0, 39, 0, 0.583, 0, 1, 0.839, -2.23, 1.094, -2.0, 1.35, -2, 2, 2.967, -2]}, {"Target": "Parameter", "Id": "ParamArmR3", "Segments": [0, 11, 0, 0.65, -14, 0, 1.4, -13, 2, 2.967, -13]}, {"Target": "Parameter", "Id": "ParamArmR5", "Segments": [0, 7, 0, 0.25, 20, 0, 0.533, 3, 2, 1.667, 3, 2, 2.967, 3]}, {"Target": "Parameter", "Id": "ParamArmR6", "Segments": [0, 1, 0, 0.517, 1, 0, 0.75, 0, 2, 1.667, 0, 2, 2.967, 0]}, {"Target": "Parameter", "Id": "ParamArmR7", "Segments": [0, -5, 0, 0.383, -5, 0, 0.65, 8, 2, 2.967, 8]}, {"Target": "Parameter", "Id": "ParamArmR8", "Segments": [0, 17, 0, 0.65, -9, 1, 0.989, -13.04, 1.328, -13.0, 1.667, -13, 2, 2.967, -13]}, {"Target": "Parameter", "Id": "ParamArmR9", "Segments": [0, 0, 0, 0.383, -0.8, 2, 2.967, -0.8]}, {"Target": "Parameter", "Id": "ParamHandRA", "Segments": [0, 0, 0, 0.367, 0, 0, 0.383, 1, 2, 2.967, 1]}, {"Target": "Parameter", "Id": "ParamHandRG", "Segments": [0, 1, 0, 0.367, 1, 0, 0.383, 0, 2, 2.967, 0]}, {"Target": "Parameter", "Id": "ParamShoulderL", "Segments": [0, 1, 0, 1.667, 0, 2, 2.967, 0]}, {"Target": "Parameter", "Id": "ParamArmL1", "Segments": [0, -44, 0, 0.383, -29, 0, 1.217, -48, 2, 2.967, -48]}, {"Target": "Parameter", "Id": "ParamArmL2", "Segments": [0, 5, 0, 0.4, -1, 1, 0.683, -2.82, 0.967, -3.0, 1.25, -3, 2, 2.967, -3]}, {"Target": "Parameter", "Id": "ParamArmL3", "Segments": [0, 16, 0, 0.433, -24, 0, 1.333, 9, 2, 2.967, 9]}, {"Target": "Parameter", "Id": "ParamArmL6", "Segments": [0, 1, 0, 0.3, 1, 0, 0.6, 0, 2, 1.667, 0, 2, 2.967, 0]}, {"Target": "Parameter", "Id": "ParamArmL9", "Segments": [0, -0.2, 0, 0.383, -0.8, 2, 2.967, -0.8]}, {"Target": "Parameter", "Id": "ParamHandLA", "Segments": [0, 0, 0, 0.167, 0, 0, 0.183, 1, 2, 2.967, 1]}, {"Target": "Parameter", "Id": "ParamHandLG", "Segments": [0, 1, 0, 0.167, 1, 0, 0.183, 0, 2, 2.967, 0]}, {"Target": "Parameter", "Id": "ParamPositionX", "Segments": [0, 0, 0, 2.967, 0]}, {"Target": "Parameter", "Id": "ParamPositionY", "Segments": [0, 0, 0, 2.967, 0]}, {"Target": "Parameter", "Id": "ParamRotationZ", "Segments": [0, 0, 0, 2.967, 0]}, {"Target": "Parameter", "Id": "ParamUpperBody", "Segments": [0, 0, 0, 2.967, 0]}, {"Target": "Parameter", "Id": "ParamBreath", "Segments": [0, 0, 0, 2.967, 0]}, {"Target": "Parameter", "Id": "ParamArmR4", "Segments": [0, 0, 0, 2.967, 0]}, {"Target": "Parameter", "Id": "ParamHandRB", "Segments": [0, 0, 0, 2.967, 0]}, {"Target": "Parameter", "Id": "ParamHandRC", "Segments": [0, 0, 0, 2.967, 0]}, {"Target": "Parameter", "Id": "ParamHandRD", "Segments": [0, 0, 0, 2.967, 0]}, {"Target": "Parameter", "Id": "ParamHandRE", "Segments": [0, 0, 0, 2.967, 0]}, {"Target": "Parameter", "Id": "ParamHandRF", "Segments": [0, 0, 0, 2.967, 0]}, {"Target": "Parameter", "Id": "ParamHandRH", "Segments": [0, 0, 0, 2.967, 0]}, {"Target": "Parameter", "Id": "ParamHandRI", "Segments": [0, 0, 0, 2.967, 0]}, {"Target": "Parameter", "Id": "ParamHandRJ", "Segments": [0, 0, 0, 2.967, 0]}, {"Target": "Parameter", "Id": "ParamHandRK", "Segments": [0, 0, 0, 2.967, 0]}, {"Target": "Parameter", "Id": "ParamFingerR", "Segments": [0, 0, 0, 2.967, 0]}, {"Target": "Parameter", "Id": "ParamArmL4", "Segments": [0, 0, 0, 2.967, 0]}, {"Target": "Parameter", "Id": "ParamArmL5", "Segments": [0, 0, 0, 2.967, 0]}, {"Target": "Parameter", "Id": "ParamArmL7", "Segments": [0, -10, 0, 2.967, -10]}, {"Target": "Parameter", "Id": "ParamArmL8", "Segments": [0, 0, 0, 2.967, 0]}, {"Target": "Parameter", "Id": "ParamHandLB", "Segments": [0, 0, 0, 2.967, 0]}, {"Target": "Parameter", "Id": "ParamHandLC", "Segments": [0, 0, 0, 2.967, 0]}, {"Target": "Parameter", "Id": "ParamHandLD", "Segments": [0, 0, 0, 2.967, 0]}, {"Target": "Parameter", "Id": "ParamHandLE", "Segments": [0, 0, 0, 2.967, 0]}, {"Target": "Parameter", "Id": "ParamHandLF", "Segments": [0, 0, 0, 2.967, 0]}, {"Target": "Parameter", "Id": "ParamHandLH", "Segments": [0, 0, 0, 2.967, 0]}, {"Target": "Parameter", "Id": "ParamHandLI", "Segments": [0, 0, 0, 2.967, 0]}, {"Target": "Parameter", "Id": "ParamHandLJ", "Segments": [0, 0, 0, 2.967, 0]}, {"Target": "Parameter", "Id": "ParamHandLK", "Segments": [0, 0, 0, 2.967, 0]}, {"Target": "Parameter", "Id": "ParamFingerL", "Segments": [0, 0, 0, 2.967, 0]}], "UserData": [{"Time": 0.633, "Value": "eyeblink,0.2,0.0,0.2"}]}