{"Version": 3, "Meta": {"Duration": 2.6, "Fps": 60.0, "Loop": true, "AreBeziersRestricted": true, "CurveCount": 61, "UserDataCount": 1, "TotalSegmentCount": 189, "TotalPointCount": 203, "TotalUserDataSize": 22}, "Curves": [{"Target": "Parameter", "Id": "ParamPositionX", "Segments": [0, 0, 0, 0.867, 1, 2, 2.6, 1]}, {"Target": "Parameter", "Id": "ParamPositionY", "Segments": [0, 0, 0, 0.383, 1, 0, 0.933, 0, 2, 2.6, 0]}, {"Target": "Parameter", "Id": "ParamAngleX", "Segments": [0, 0, 0, 0.367, -3, 0, 1.017, 6, 0, 1.65, 3, 2, 2.6, 3]}, {"Target": "Parameter", "Id": "ParamAngleY", "Segments": [0, 0, 0, 0.367, 7, 0, 1.017, -11, 0, 1.65, -5, 2, 2.6, -5]}, {"Target": "Parameter", "Id": "ParamAngleZ", "Segments": [0, -14, 0, 0.617, 4, 0, 1.2, -20, 0, 1.783, -17, 2, 2.6, -17]}, {"Target": "Parameter", "Id": "ParamEyeROpen", "Segments": [0, 1, 0, 0.383, 1, 0, 0.583, 0, 2, 0.817, 0, 0, 1.05, 1, 2, 2.6, 1]}, {"Target": "Parameter", "Id": "ParamEyeLOpen", "Segments": [0, 1, 0, 0.383, 1, 0, 0.583, 0, 2, 0.817, 0, 0, 1.05, 1, 2, 2.6, 1]}, {"Target": "Parameter", "Id": "ParamBodyAngleX", "Segments": [0, 3, 0, 0.467, 0, 0, 1.017, 4, 2, 2.6, 4]}, {"Target": "Parameter", "Id": "ParamBodyAngleY", "Segments": [0, 0, 0, 0.517, 4, 0, 1.083, -2, 0, 1.65, 0, 2, 2.6, 0]}, {"Target": "Parameter", "Id": "ParamLegLZ", "Segments": [0, -1, 0, 0.683, 1, 2, 2.6, 1]}, {"Target": "Parameter", "Id": "ParamLegRZ", "Segments": [0, 4, 0, 0.683, 2, 2, 2.6, 2]}, {"Target": "Parameter", "Id": "ParamShoulderR", "Segments": [0, 1, 0, 0.417, 7, 0, 0.933, 4, 2, 2.6, 4]}, {"Target": "Parameter", "Id": "ParamArmR1", "Segments": [0, -39, 0, 0.5, -34, 0, 0.967, -43, 0, 1.433, -41, 2, 2.6, -41]}, {"Target": "Parameter", "Id": "ParamArmR2", "Segments": [0, 41, 0, 0.617, 44, 1, 0.661, 44, 0.706, 43.964, 0.75, 43.6, 1, 0.861, 42.69, 0.972, 42.0, 1.083, 42, 0, 1.5, 42.5, 2, 2.6, 42.5]}, {"Target": "Parameter", "Id": "ParamArmR3", "Segments": [0, 7, 0, 0.717, 16, 1, 0.867, 19.247, 1.017, 22.936, 1.167, 24, 1, 1.317, 25.064, 1.467, 25.0, 1.617, 25, 2, 2.6, 25]}, {"Target": "Parameter", "Id": "ParamArmR4", "Segments": [0, 5, 0, 0.65, 26, 0, 1.067, 11, 2, 2.6, 11]}, {"Target": "Parameter", "Id": "ParamArmR5", "Segments": [0, 1, 0, 1.033, 0, 2, 2.6, 0]}, {"Target": "Parameter", "Id": "ParamArmR8", "Segments": [0, 13, 0, 0.633, 22, 1, 0.805, 27.902, 0.978, 34.0, 1.15, 34, 2, 2.6, 34]}, {"Target": "Parameter", "Id": "ParamFingerR", "Segments": [0, 0, 0, 0.717, 8, 0, 1.283, -5, 0, 1.85, 0, 2, 2.6, 0]}, {"Target": "Parameter", "Id": "ParamShoulderL", "Segments": [0, 0, 0, 0.367, 5, 0, 0.833, 3, 2, 2.6, 3]}, {"Target": "Parameter", "Id": "ParamArmL1", "Segments": [0, -39, 0, 0.383, -37, 1, 0.561, -36.09, 0.739, -36.0, 0.917, -36, 2, 2.6, -36]}, {"Target": "Parameter", "Id": "ParamArmL2", "Segments": [0, 24, 0, 0.183, 24.4, 1, 0.272, 24.795, 0.361, 25.0, 0.45, 25, 0, 1, 24.5, 0, 1.6, 25, 2, 2.6, 25]}, {"Target": "Parameter", "Id": "ParamArmL3", "Segments": [0, -30, 0, 0.533, -4, 0, 1.15, -25, 0, 1.733, -16, 2, 2.6, -16]}, {"Target": "Parameter", "Id": "ParamArmL4", "Segments": [0, 13, 0, 0.5, 21, 0, 1.1, 16, 2, 2.6, 16]}, {"Target": "Parameter", "Id": "ParamArmL5", "Segments": [0, 2, 0, 1.05, 5, 2, 2.6, 5]}, {"Target": "Parameter", "Id": "ParamArmL8", "Segments": [0, -34, 0, 0.483, -2, 0, 1.067, -28, 0, 1.633, -19, 2, 2.6, -19]}, {"Target": "Parameter", "Id": "ParamFingerL", "Segments": [0, 0, 0, 0.583, 9, 0, 1.217, -6, 0, 1.767, 0, 2, 2.6, 0]}, {"Target": "Parameter", "Id": "ParamRotationZ", "Segments": [0, 0, 0, 2.6, 0]}, {"Target": "Parameter", "Id": "ParamEyeballX", "Segments": [0, 0, 0, 2.6, 0]}, {"Target": "Parameter", "Id": "ParamBodyAngleZ", "Segments": [0, -4, 0, 2.6, -4]}, {"Target": "Parameter", "Id": "ParamUpperBodyZ", "Segments": [0, 9, 0, 2.6, 9]}, {"Target": "Parameter", "Id": "ParamUpperBody", "Segments": [0, 0, 0, 2.6, 0]}, {"Target": "Parameter", "Id": "ParamBreath", "Segments": [0, 0, 0, 2.6, 0]}, {"Target": "Parameter", "Id": "ParamArmR6", "Segments": [0, 1, 0, 2.6, 1]}, {"Target": "Parameter", "Id": "ParamArmR7", "Segments": [0, -4, 0, 2.6, -4]}, {"Target": "Parameter", "Id": "ParamArmR9", "Segments": [0, 0.8, 0, 2.6, 0.8]}, {"Target": "Parameter", "Id": "ParamHandRA", "Segments": [0, 0, 0, 2.6, 0]}, {"Target": "Parameter", "Id": "ParamHandRB", "Segments": [0, 0, 0, 2.6, 0]}, {"Target": "Parameter", "Id": "ParamHandRC", "Segments": [0, 0, 0, 2.6, 0]}, {"Target": "Parameter", "Id": "ParamHandRD", "Segments": [0, 0, 0, 2.6, 0]}, {"Target": "Parameter", "Id": "ParamHandRE", "Segments": [0, 0, 0, 2.6, 0]}, {"Target": "Parameter", "Id": "ParamHandRF", "Segments": [0, 0, 0, 2.6, 0]}, {"Target": "Parameter", "Id": "ParamHandRG", "Segments": [0, 0, 0, 2.6, 0]}, {"Target": "Parameter", "Id": "ParamHandRH", "Segments": [0, 0, 0, 2.6, 0]}, {"Target": "Parameter", "Id": "ParamHandRI", "Segments": [0, 0, 0, 2.6, 0]}, {"Target": "Parameter", "Id": "ParamHandRJ", "Segments": [0, 1, 0, 2.6, 1]}, {"Target": "Parameter", "Id": "ParamHandRK", "Segments": [0, 0, 0, 2.6, 0]}, {"Target": "Parameter", "Id": "ParamArmL6", "Segments": [0, 1, 0, 2.6, 1]}, {"Target": "Parameter", "Id": "ParamArmL7", "Segments": [0, 0, 0, 2.6, 0]}, {"Target": "Parameter", "Id": "ParamArmL9", "Segments": [0, 0.6, 0, 2.6, 0.6]}, {"Target": "Parameter", "Id": "ParamHandLA", "Segments": [0, 0, 0, 2.6, 0]}, {"Target": "Parameter", "Id": "ParamHandLB", "Segments": [0, 0, 0, 2.6, 0]}, {"Target": "Parameter", "Id": "ParamHandLC", "Segments": [0, 0, 0, 2.6, 0]}, {"Target": "Parameter", "Id": "ParamHandLD", "Segments": [0, 1, 0, 2.6, 1]}, {"Target": "Parameter", "Id": "ParamHandLE", "Segments": [0, 0, 0, 2.6, 0]}, {"Target": "Parameter", "Id": "ParamHandLF", "Segments": [0, 0, 0, 2.6, 0]}, {"Target": "Parameter", "Id": "ParamHandLG", "Segments": [0, 0, 0, 2.6, 0]}, {"Target": "Parameter", "Id": "ParamHandLH", "Segments": [0, 0, 0, 2.6, 0]}, {"Target": "Parameter", "Id": "ParamHandLI", "Segments": [0, 0, 0, 2.6, 0]}, {"Target": "Parameter", "Id": "ParamHandLJ", "Segments": [0, 0, 0, 2.6, 0]}, {"Target": "Parameter", "Id": "ParamHandLK", "Segments": [0, 0, 0, 2.6, 0]}], "UserData": [{"Time": 0.383, "Value": "eyeblink,0.2,0.24,0.24"}]}