{"Version": 3, "Meta": {"Duration": 2.6, "Fps": 60.0, "Loop": true, "AreBeziersRestricted": true, "CurveCount": 61, "UserDataCount": 1, "TotalSegmentCount": 177, "TotalPointCount": 179, "TotalUserDataSize": 23}, "Curves": [{"Target": "Parameter", "Id": "ParamPositionY", "Segments": [0, 0, 0, 0.567, 1, 0, 1.033, 0, 2, 2.6, 0]}, {"Target": "Parameter", "Id": "ParamAngleX", "Segments": [0, 0, 0, 0.55, -6, 0, 1.1, 3, 0, 1.833, 2, 2, 2.6, 2]}, {"Target": "Parameter", "Id": "ParamAngleY", "Segments": [0, 0, 0, 0.533, -5, 0, 1.083, 5, 2, 2.6, 5]}, {"Target": "Parameter", "Id": "ParamAngleZ", "Segments": [0, 11, 0, 0.65, -5, 0, 1.25, 16, 0, 1.683, 12, 2, 2.6, 12]}, {"Target": "Parameter", "Id": "ParamEyeROpen", "Segments": [0, 1, 0, 0.183, 1, 0, 0.383, 0, 2, 0.733, 0, 0, 0.933, 1, 2, 2.6, 1]}, {"Target": "Parameter", "Id": "ParamEyeLOpen", "Segments": [0, 1, 0, 0.183, 1, 0, 0.383, 0, 2, 0.733, 0, 0, 0.933, 1, 2, 2.6, 1]}, {"Target": "Parameter", "Id": "ParamEyeballX", "Segments": [0, 0, 0, 0.3, 0.2, 0, 1.1, 0, 2, 2.6, 0]}, {"Target": "Parameter", "Id": "ParamBodyAngleX", "Segments": [0, 0, 0, 0.35, -5, 0, 0.983, 4, 0, 1.717, 1, 2, 2.6, 1]}, {"Target": "Parameter", "Id": "ParamBodyAngleY", "Segments": [0, 0, 0, 0.35, 3, 0, 0.983, -2, 0, 1.75, 0, 2, 2.6, 0]}, {"Target": "Parameter", "Id": "ParamBodyAngleZ", "Segments": [0, 4, 0, 0.467, 3, 0, 1.183, 4, 2, 2.6, 4]}, {"Target": "Parameter", "Id": "ParamUpperBodyZ", "Segments": [0, -6, 0, 0.467, -3, 0, 1.183, -7, 2, 2.6, -7]}, {"Target": "Parameter", "Id": "ParamShoulderR", "Segments": [0, 4, 0, 0.417, 8, 2, 2.6, 8]}, {"Target": "Parameter", "Id": "ParamArmR1", "Segments": [0, -34, 0, 0.367, -26, 0, 1.033, -33, 2, 2.6, -33]}, {"Target": "Parameter", "Id": "ParamArmR2", "Segments": [0, 26, 0, 0.433, 27, 0, 1.1, 26, 2, 2.6, 26]}, {"Target": "Parameter", "Id": "ParamArmR3", "Segments": [0, -16, 0, 0.517, -1, 0, 1.183, -17, 2, 2.6, -17]}, {"Target": "Parameter", "Id": "ParamArmR5", "Segments": [0, 3, 0, 0.517, 4, 1, 0.739, 4.739, 0.961, 5.0, 1.183, 5, 2, 2.6, 5]}, {"Target": "Parameter", "Id": "ParamArmR8", "Segments": [0, 0, 0, 0.5, 12, 0, 1.167, 0, 2, 2.6, 0]}, {"Target": "Parameter", "Id": "ParamShoulderL", "Segments": [0, 1, 0, 0.417, 8, 0, 0.95, 1, 2, 2.6, 1]}, {"Target": "Parameter", "Id": "ParamArmL1", "Segments": [0, -40, 0, 0.417, -50, 0, 1.033, -42, 2, 2.6, -42]}, {"Target": "Parameter", "Id": "ParamArmL2", "Segments": [0, 39, 0, 0.45, 41, 0, 1.1, 40, 2, 2.6, 40]}, {"Target": "Parameter", "Id": "ParamArmL3", "Segments": [0, 18, 0, 0.467, 28, 0, 1.15, 18, 2, 2.6, 18]}, {"Target": "Parameter", "Id": "ParamArmL4", "Segments": [0, 15, 0, 0.467, 22, 0, 1.033, 18, 2, 2.6, 18]}, {"Target": "Parameter", "Id": "ParamArmL5", "Segments": [0, 1, 0, 0.467, 5, 0, 1.1, 3, 2, 2.6, 3]}, {"Target": "Parameter", "Id": "ParamArmL8", "Segments": [0, 8, 0, 0.45, 16, 0, 1.133, 5, 2, 2.6, 5]}, {"Target": "Parameter", "Id": "ParamPositionX", "Segments": [0, -1, 0, 2.6, -1]}, {"Target": "Parameter", "Id": "ParamRotationZ", "Segments": [0, 0, 0, 2.6, 0]}, {"Target": "Parameter", "Id": "ParamUpperBody", "Segments": [0, 0, 0, 2.6, 0]}, {"Target": "Parameter", "Id": "ParamBreath", "Segments": [0, 0, 0, 2.6, 0]}, {"Target": "Parameter", "Id": "ParamLegLZ", "Segments": [0, 5, 0, 2.6, 5]}, {"Target": "Parameter", "Id": "ParamLegRZ", "Segments": [0, 0, 0, 2.6, 0]}, {"Target": "Parameter", "Id": "ParamArmR4", "Segments": [0, 17, 0, 2.6, 17]}, {"Target": "Parameter", "Id": "ParamArmR6", "Segments": [0, 1.1, 0, 2.6, 1.1]}, {"Target": "Parameter", "Id": "ParamArmR7", "Segments": [0, 0, 0, 2.6, 0]}, {"Target": "Parameter", "Id": "ParamArmR9", "Segments": [0, 0.8, 0, 2.6, 0.8]}, {"Target": "Parameter", "Id": "ParamHandRA", "Segments": [0, 0, 0, 2.6, 0]}, {"Target": "Parameter", "Id": "ParamHandRB", "Segments": [0, 0, 0, 2.6, 0]}, {"Target": "Parameter", "Id": "ParamHandRC", "Segments": [0, 0, 0, 2.6, 0]}, {"Target": "Parameter", "Id": "ParamHandRD", "Segments": [0, 0, 0, 2.6, 0]}, {"Target": "Parameter", "Id": "ParamHandRE", "Segments": [0, 0, 0, 2.6, 0]}, {"Target": "Parameter", "Id": "ParamHandRF", "Segments": [0, 0, 0, 2.6, 0]}, {"Target": "Parameter", "Id": "ParamHandRG", "Segments": [0, 0, 0, 2.6, 0]}, {"Target": "Parameter", "Id": "ParamHandRH", "Segments": [0, 0, 0, 2.6, 0]}, {"Target": "Parameter", "Id": "ParamHandRI", "Segments": [0, 0, 0, 2.6, 0]}, {"Target": "Parameter", "Id": "ParamHandRJ", "Segments": [0, 1, 0, 2.6, 1]}, {"Target": "Parameter", "Id": "ParamHandRK", "Segments": [0, 0, 0, 2.6, 0]}, {"Target": "Parameter", "Id": "ParamFingerR", "Segments": [0, 0, 0, 2.6, 0]}, {"Target": "Parameter", "Id": "ParamArmL6", "Segments": [0, 1, 0, 2.6, 1]}, {"Target": "Parameter", "Id": "ParamArmL7", "Segments": [0, -5, 0, 2.6, -5]}, {"Target": "Parameter", "Id": "ParamArmL9", "Segments": [0, 0.7, 0, 2.6, 0.7]}, {"Target": "Parameter", "Id": "ParamHandLA", "Segments": [0, 0, 0, 2.6, 0]}, {"Target": "Parameter", "Id": "ParamHandLB", "Segments": [0, 0, 0, 2.6, 0]}, {"Target": "Parameter", "Id": "ParamHandLC", "Segments": [0, 0, 0, 2.6, 0]}, {"Target": "Parameter", "Id": "ParamHandLD", "Segments": [0, 1, 0, 2.6, 1]}, {"Target": "Parameter", "Id": "ParamHandLE", "Segments": [0, 0, 0, 2.6, 0]}, {"Target": "Parameter", "Id": "ParamHandLF", "Segments": [0, 0, 0, 2.6, 0]}, {"Target": "Parameter", "Id": "ParamHandLG", "Segments": [0, 0, 0, 2.6, 0]}, {"Target": "Parameter", "Id": "ParamHandLH", "Segments": [0, 0, 0, 2.6, 0]}, {"Target": "Parameter", "Id": "ParamHandLI", "Segments": [0, 0, 0, 2.6, 0]}, {"Target": "Parameter", "Id": "ParamHandLJ", "Segments": [0, 0, 0, 2.6, 0]}, {"Target": "Parameter", "Id": "ParamHandLK", "Segments": [0, 0, 0, 2.6, 0]}, {"Target": "Parameter", "Id": "ParamFingerL", "Segments": [0, 0, 0, 2.6, 0]}], "UserData": [{"Time": 0.183, "Value": "eyeblink,0.20,0.35,0.20"}]}