{"Version": 3, "Meta": {"Duration": 2.6, "Fps": 60.0, "Loop": true, "AreBeziersRestricted": true, "CurveCount": 61, "UserDataCount": 1, "TotalSegmentCount": 196, "TotalPointCount": 196, "TotalUserDataSize": 23}, "Curves": [{"Target": "Parameter", "Id": "ParamPositionX", "Segments": [0, -1, 0, 0.567, 0, 2, 2.6, 0]}, {"Target": "Parameter", "Id": "ParamPositionY", "Segments": [0, 0, 0, 0.333, 2, 0, 0.667, -1, 0, 1.117, 0, 2, 2.6, 0]}, {"Target": "Parameter", "Id": "ParamAngleX", "Segments": [0, 0, 0, 0.4, 5, 0, 0.867, -2, 2, 2.6, -2]}, {"Target": "Parameter", "Id": "ParamAngleY", "Segments": [0, 0, 0, 0.4, 8, 0, 0.867, -17, 0, 1.2, -5, 2, 2.6, -5]}, {"Target": "Parameter", "Id": "ParamAngleZ", "Segments": [0, 2, 0, 0.3, 10, 0, 0.767, -7, 0, 1.133, -3, 2, 2.6, -3]}, {"Target": "Parameter", "Id": "ParamEyeROpen", "Segments": [0, 1, 0, 0.517, 1, 0, 0.717, 0, 2, 0.983, 0, 0, 1.183, 1, 2, 2.6, 1]}, {"Target": "Parameter", "Id": "ParamEyeLOpen", "Segments": [0, 1, 0, 0.517, 1, 0, 0.717, 0, 2, 0.983, 0, 0, 1.183, 1, 2, 2.6, 1]}, {"Target": "Parameter", "Id": "ParamBodyAngleX", "Segments": [0, -2, 0, 0.367, -1, 0, 0.85, -5, 2, 2.6, -5]}, {"Target": "Parameter", "Id": "ParamBodyAngleY", "Segments": [0, 0, 0, 0.367, 1, 0, 0.85, -1, 0, 1.133, 0, 2, 2.6, 0]}, {"Target": "Parameter", "Id": "ParamBodyAngleZ", "Segments": [0, 2, 0, 0.367, -2, 0, 0.85, 3, 2, 2.6, 3]}, {"Target": "Parameter", "Id": "ParamUpperBodyZ", "Segments": [0, -2, 0, 0.367, 4, 0, 0.85, -3, 2, 2.6, -3]}, {"Target": "Parameter", "Id": "ParamBreath", "Segments": [0, 0, 0, 0.383, 1, 0, 0.683, 0, 2, 2.6, 0]}, {"Target": "Parameter", "Id": "ParamShoulderR", "Segments": [0, 0, 0, 0.383, 5, 0, 0.733, 1, 0, 1.117, 6, 2, 2.6, 6]}, {"Target": "Parameter", "Id": "ParamArmR1", "Segments": [0, -32, 0, 0.4, -24, 0, 0.733, -30, 2, 2.6, -30]}, {"Target": "Parameter", "Id": "ParamArmR2", "Segments": [0, 44, 0, 0.4, 53, 0, 0.733, 44, 0, 1.1, 46, 2, 2.6, 46]}, {"Target": "Parameter", "Id": "ParamArmR3", "Segments": [0, 18, 0, 0.45, 31, 0, 0.85, 6, 0, 1.2, 26, 2, 2.6, 26]}, {"Target": "Parameter", "Id": "ParamArmR4", "Segments": [0, 9, 0, 0.45, 19, 0, 0.8, 10, 0, 1.133, 25, 2, 2.6, 25]}, {"Target": "Parameter", "Id": "ParamArmR5", "Segments": [0, 9, 0, 0.45, 8, 0, 0.8, 12, 2, 2.6, 12]}, {"Target": "Parameter", "Id": "ParamArmR8", "Segments": [0, 17, 0, 0.467, 29, 0, 0.833, 5, 0, 1.217, 19, 2, 2.6, 19]}, {"Target": "Parameter", "Id": "ParamFingerR", "Segments": [0, 0, 0, 0.483, 7, 0, 0.9, -4, 0, 1.3, 0, 2, 2.6, 0]}, {"Target": "Parameter", "Id": "ParamShoulderL", "Segments": [0, 2, 0, 0.367, 7, 0, 0.733, 1, 0, 1.133, 9, 2, 2.6, 9]}, {"Target": "Parameter", "Id": "ParamArmL1", "Segments": [0, -38, 0, 0.367, -22, 0, 0.733, -32, 2, 2.6, -32]}, {"Target": "Parameter", "Id": "ParamArmL2", "Segments": [0, 45, 0, 0.433, 54, 0, 0.8, 43, 0, 1.1, 45, 2, 2.6, 45]}, {"Target": "Parameter", "Id": "ParamArmL3", "Segments": [0, 22, 0, 0.5, 30, 0, 0.85, 4, 0, 1.2, 23, 2, 2.6, 23]}, {"Target": "Parameter", "Id": "ParamArmL4", "Segments": [0, 0, 0, 0.433, 14, 2, 2.6, 14]}, {"Target": "Parameter", "Id": "ParamArmL5", "Segments": [0, 11, 0, 0.433, 8, 0, 0.8, 13, 0, 1.133, 12, 2, 2.6, 12]}, {"Target": "Parameter", "Id": "ParamArmL8", "Segments": [0, 23, 0, 0.467, 30, 0, 0.817, 10, 0, 1.233, 15, 2, 2.6, 15]}, {"Target": "Parameter", "Id": "ParamFingerL", "Segments": [0, 0, 0, 0.483, 8, 0, 0.9, -4, 0, 1.3, 1, 2, 2.6, 1]}, {"Target": "Parameter", "Id": "ParamRotationZ", "Segments": [0, 0, 0, 2.6, 0]}, {"Target": "Parameter", "Id": "ParamEyeballX", "Segments": [0, 0, 0, 2.6, 0]}, {"Target": "Parameter", "Id": "ParamUpperBody", "Segments": [0, 0, 0, 2.6, 0]}, {"Target": "Parameter", "Id": "ParamLegLZ", "Segments": [0, 4, 0, 2.6, 4]}, {"Target": "Parameter", "Id": "ParamLegRZ", "Segments": [0, 0, 0, 2.6, 0]}, {"Target": "Parameter", "Id": "ParamArmR6", "Segments": [0, 1.1, 0, 2.6, 1.1]}, {"Target": "Parameter", "Id": "ParamArmR7", "Segments": [0, 0, 0, 2.6, 0]}, {"Target": "Parameter", "Id": "ParamArmR9", "Segments": [0, 0.7, 0, 2.6, 0.7]}, {"Target": "Parameter", "Id": "ParamHandRA", "Segments": [0, 0, 0, 2.6, 0]}, {"Target": "Parameter", "Id": "ParamHandRB", "Segments": [0, 0, 0, 2.6, 0]}, {"Target": "Parameter", "Id": "ParamHandRC", "Segments": [0, 1, 0, 2.6, 1]}, {"Target": "Parameter", "Id": "ParamHandRD", "Segments": [0, 0, 0, 2.6, 0]}, {"Target": "Parameter", "Id": "ParamHandRE", "Segments": [0, 0, 0, 2.6, 0]}, {"Target": "Parameter", "Id": "ParamHandRF", "Segments": [0, 0, 0, 2.6, 0]}, {"Target": "Parameter", "Id": "ParamHandRG", "Segments": [0, 0, 0, 2.6, 0]}, {"Target": "Parameter", "Id": "ParamHandRH", "Segments": [0, 0, 0, 2.6, 0]}, {"Target": "Parameter", "Id": "ParamHandRI", "Segments": [0, 0, 0, 2.6, 0]}, {"Target": "Parameter", "Id": "ParamHandRJ", "Segments": [0, 0, 0, 2.6, 0]}, {"Target": "Parameter", "Id": "ParamHandRK", "Segments": [0, 0, 0, 2.6, 0]}, {"Target": "Parameter", "Id": "ParamArmL6", "Segments": [0, 1, 0, 2.6, 1]}, {"Target": "Parameter", "Id": "ParamArmL7", "Segments": [0, 8, 0, 2.6, 8]}, {"Target": "Parameter", "Id": "ParamArmL9", "Segments": [0, 0.7, 0, 2.6, 0.7]}, {"Target": "Parameter", "Id": "ParamHandLA", "Segments": [0, 0, 0, 2.6, 0]}, {"Target": "Parameter", "Id": "ParamHandLB", "Segments": [0, 0, 0, 2.6, 0]}, {"Target": "Parameter", "Id": "ParamHandLC", "Segments": [0, 1, 0, 2.6, 1]}, {"Target": "Parameter", "Id": "ParamHandLD", "Segments": [0, 0, 0, 2.6, 0]}, {"Target": "Parameter", "Id": "ParamHandLE", "Segments": [0, 0, 0, 2.6, 0]}, {"Target": "Parameter", "Id": "ParamHandLF", "Segments": [0, 0, 0, 2.6, 0]}, {"Target": "Parameter", "Id": "ParamHandLG", "Segments": [0, 0, 0, 2.6, 0]}, {"Target": "Parameter", "Id": "ParamHandLH", "Segments": [0, 0, 0, 2.6, 0]}, {"Target": "Parameter", "Id": "ParamHandLI", "Segments": [0, 0, 0, 2.6, 0]}, {"Target": "Parameter", "Id": "ParamHandLJ", "Segments": [0, 0, 0, 2.6, 0]}, {"Target": "Parameter", "Id": "ParamHandLK", "Segments": [0, 0, 0, 2.6, 0]}], "UserData": [{"Time": 0.517, "Value": "eyeblink,0.20,0.27,0.20"}]}