{"Version": 3, "Meta": {"Duration": 1.667, "Fps": 60.0, "Loop": true, "AreBeziersRestricted": true, "CurveCount": 61, "UserDataCount": 1, "TotalSegmentCount": 187, "TotalPointCount": 203, "TotalUserDataSize": 23}, "Curves": [{"Target": "Parameter", "Id": "ParamAngleX", "Segments": [0, 0, 0, 0.483, 6, 0, 1.133, 1, 2, 1.667, 1]}, {"Target": "Parameter", "Id": "ParamAngleY", "Segments": [0, 0, 0, 0.483, 15, 0, 1.183, -9, 2, 1.667, -9]}, {"Target": "Parameter", "Id": "ParamAngleZ", "Segments": [0, -12, 0, 0.617, -10, 1, 0.822, -7.6, 1.028, 13.0, 1.233, 13, 2, 1.667, 13]}, {"Target": "Parameter", "Id": "ParamEyeROpen", "Segments": [0, 1, 0, 0.533, 1, 0, 0.883, 0, 2, 0.95, 0, 0, 1.267, 1, 2, 1.667, 1]}, {"Target": "Parameter", "Id": "ParamEyeLOpen", "Segments": [0, 1, 0, 0.533, 1, 0, 0.883, 0, 2, 0.95, 0, 0, 1.267, 1, 2, 1.667, 1]}, {"Target": "Parameter", "Id": "ParamEyeballX", "Segments": [0, 0, 0, 0.083, 0, 0, 0.4, -0.1, 0, 1.067, 0.1, 2, 1.667, 0.1]}, {"Target": "Parameter", "Id": "ParamBodyAngleX", "Segments": [0, 2, 0, 0.467, 2, 0, 1.083, -3, 2, 1.667, -3]}, {"Target": "Parameter", "Id": "ParamBodyAngleY", "Segments": [0, 0, 0, 0.5, 1, 0, 1.083, -2, 2, 1.667, -2]}, {"Target": "Parameter", "Id": "ParamBodyAngleZ", "Segments": [0, -3, 0, 0.7, 1, 2, 1.283, 1, 2, 1.667, 1]}, {"Target": "Parameter", "Id": "ParamUpperBodyZ", "Segments": [0, 8, 0, 0.7, -2, 2, 1.283, -2, 2, 1.667, -2]}, {"Target": "Parameter", "Id": "ParamShoulderR", "Segments": [0, 1, 0, 0.45, 7, 0, 1.15, 5, 2, 1.667, 5]}, {"Target": "Parameter", "Id": "ParamArmR1", "Segments": [0, -39, 0, 0.183, -48, 1, 0.272, -48, 0.361, -46.612, 0.45, -46, 1, 0.683, -44.393, 0.917, -44.0, 1.15, -44, 2, 1.667, -44]}, {"Target": "Parameter", "Id": "ParamArmR2", "Segments": [0, 41, 0, 0.283, 46, 1, 0.405, 46, 0.528, 44.203, 0.65, 42, 1, 0.817, 38.996, 0.983, 38, 1.15, 38, 2, 1.667, 38]}, {"Target": "Parameter", "Id": "ParamArmR3", "Segments": [0, 9, 0, 0.367, 21, 1, 0.489, 27.368, 0.611, 29.0, 0.733, 29, 0, 1.15, 7, 2, 1.667, 7]}, {"Target": "Parameter", "Id": "ParamArmR4", "Segments": [0, 16, 0, 0.45, 18, 0, 1.15, 0, 2, 1.667, 0]}, {"Target": "Parameter", "Id": "ParamArmR5", "Segments": [0, 8, 0, 1.15, 7, 2, 1.667, 7]}, {"Target": "Parameter", "Id": "ParamArmR7", "Segments": [0, 0, 0, 0.283, -8, 1, 0.428, -8, 0.572, -7.889, 0.717, -7, 1, 0.861, -6.111, 1.006, -5.0, 1.15, -5, 2, 1.667, -5]}, {"Target": "Parameter", "Id": "ParamArmR8", "Segments": [0, 8, 0, 0.717, 32, 0, 1.15, 15, 2, 1.667, 15]}, {"Target": "Parameter", "Id": "ParamHandRD", "Segments": [0, 1, 0, 0.15, 1, 0, 0.183, 0, 2, 1.667, 0]}, {"Target": "Parameter", "Id": "ParamHandRG", "Segments": [0, 0, 0, 0.15, 0, 0, 0.183, 1, 2, 1.667, 1]}, {"Target": "Parameter", "Id": "ParamFingerR", "Segments": [0, 0, 0, 0.583, 8, 0, 1.183, 0, 2, 1.667, 0]}, {"Target": "Parameter", "Id": "ParamShoulderL", "Segments": [0, 0, 0, 0.367, 6, 0, 1.017, 0, 2, 1.667, 0]}, {"Target": "Parameter", "Id": "ParamArmL1", "Segments": [0, -37, 0, 0.367, -27, 0, 1.033, -44, 2, 1.667, -44]}, {"Target": "Parameter", "Id": "ParamArmL2", "Segments": [0, -1, 0, 0.433, -1, 0, 1.017, 4, 2, 1.667, 4]}, {"Target": "Parameter", "Id": "ParamArmL3", "Segments": [0, 9, 0, 0.467, 21, 0, 1.017, 11, 2, 1.667, 11]}, {"Target": "Parameter", "Id": "ParamArmL5", "Segments": [0, 0, 0, 1.017, 1, 2, 1.667, 1]}, {"Target": "Parameter", "Id": "ParamArmL6", "Segments": [0, 0, 0, 0.2, 0, 0, 0.467, 1, 2, 1.017, 1, 2, 1.667, 1]}, {"Target": "Parameter", "Id": "ParamArmL8", "Segments": [0, -18, 0, 0.45, 2, 2, 1.667, 2]}, {"Target": "Parameter", "Id": "ParamFingerL", "Segments": [0, 0, 0, 0.567, 6, 0, 1.183, 0, 2, 1.667, 0]}, {"Target": "Parameter", "Id": "ParamPositionX", "Segments": [0, 0, 0, 1.667, 0]}, {"Target": "Parameter", "Id": "ParamPositionY", "Segments": [0, 0, 0, 1.667, 0]}, {"Target": "Parameter", "Id": "ParamRotationZ", "Segments": [0, 0, 0, 1.667, 0]}, {"Target": "Parameter", "Id": "ParamUpperBody", "Segments": [0, 0, 0, 1.667, 0]}, {"Target": "Parameter", "Id": "ParamBreath", "Segments": [0, 0, 0, 1.667, 0]}, {"Target": "Parameter", "Id": "ParamLegLZ", "Segments": [0, 0, 0, 1.667, 0]}, {"Target": "Parameter", "Id": "ParamLegRZ", "Segments": [0, 2, 0, 1.667, 2]}, {"Target": "Parameter", "Id": "ParamArmR6", "Segments": [0, 1, 0, 1.667, 1]}, {"Target": "Parameter", "Id": "ParamArmR9", "Segments": [0, 0.7, 0, 1.667, 0.7]}, {"Target": "Parameter", "Id": "ParamHandRA", "Segments": [0, 0, 0, 1.667, 0]}, {"Target": "Parameter", "Id": "ParamHandRB", "Segments": [0, 0, 0, 1.667, 0]}, {"Target": "Parameter", "Id": "ParamHandRC", "Segments": [0, 0, 0, 1.667, 0]}, {"Target": "Parameter", "Id": "ParamHandRE", "Segments": [0, 0, 0, 1.667, 0]}, {"Target": "Parameter", "Id": "ParamHandRF", "Segments": [0, 0, 0, 1.667, 0]}, {"Target": "Parameter", "Id": "ParamHandRH", "Segments": [0, 0, 0, 1.667, 0]}, {"Target": "Parameter", "Id": "ParamHandRI", "Segments": [0, 0, 0, 1.667, 0]}, {"Target": "Parameter", "Id": "ParamHandRJ", "Segments": [0, 0, 0, 1.667, 0]}, {"Target": "Parameter", "Id": "ParamHandRK", "Segments": [0, 0, 0, 1.667, 0]}, {"Target": "Parameter", "Id": "ParamArmL4", "Segments": [0, 0, 0, 1.667, 0]}, {"Target": "Parameter", "Id": "ParamArmL7", "Segments": [0, -10, 0, 1.667, -10]}, {"Target": "Parameter", "Id": "ParamArmL9", "Segments": [0, -0.2, 0, 1.667, -0.2]}, {"Target": "Parameter", "Id": "ParamHandLA", "Segments": [0, 0, 0, 1.667, 0]}, {"Target": "Parameter", "Id": "ParamHandLB", "Segments": [0, 0, 0, 1.667, 0]}, {"Target": "Parameter", "Id": "ParamHandLC", "Segments": [0, 0, 0, 1.667, 0]}, {"Target": "Parameter", "Id": "ParamHandLD", "Segments": [0, 0, 0, 1.667, 0]}, {"Target": "Parameter", "Id": "ParamHandLE", "Segments": [0, 0, 0, 1.667, 0]}, {"Target": "Parameter", "Id": "ParamHandLF", "Segments": [0, 0, 0, 1.667, 0]}, {"Target": "Parameter", "Id": "ParamHandLG", "Segments": [0, 1, 0, 1.667, 1]}, {"Target": "Parameter", "Id": "ParamHandLH", "Segments": [0, 0, 0, 1.667, 0]}, {"Target": "Parameter", "Id": "ParamHandLI", "Segments": [0, 0, 0, 1.667, 0]}, {"Target": "Parameter", "Id": "ParamHandLJ", "Segments": [0, 0, 0, 1.667, 0]}, {"Target": "Parameter", "Id": "ParamHandLK", "Segments": [0, 0, 0, 1.667, 0]}], "UserData": [{"Time": 0.533, "Value": "eyeblink,0.35,0.07,0.33"}]}