{"Version": 3, "Meta": {"Duration": 2, "Fps": 60.0, "Loop": true, "AreBeziersRestricted": true, "CurveCount": 61, "UserDataCount": 1, "TotalSegmentCount": 183, "TotalPointCount": 187, "TotalUserDataSize": 21}, "Curves": [{"Target": "Parameter", "Id": "ParamAngleX", "Segments": [0, 0, 0, 0.05, 0, 0, 0.433, 3, 0, 0.867, -2, 0, 1.433, 0, 2, 2, 0]}, {"Target": "Parameter", "Id": "ParamAngleY", "Segments": [0, -7, 0, 0.05, -7, 0, 0.433, 19, 0, 0.867, -26, 0, 1.433, 0, 2, 2, 0]}, {"Target": "Parameter", "Id": "ParamEyeROpen", "Segments": [0, 1, 0, 0.05, 1, 2, 0.583, 1, 0, 0.8, 0, 2, 0.867, 0, 0, 1.283, 1, 2, 2, 1]}, {"Target": "Parameter", "Id": "ParamEyeLOpen", "Segments": [0, 1, 0, 0.05, 1, 2, 0.583, 1, 0, 0.8, 0, 2, 0.867, 0, 0, 1.283, 1, 2, 2, 1]}, {"Target": "Parameter", "Id": "ParamEyeballX", "Segments": [0, 0, 0, 0.05, 0, 0, 0.433, -0.1, 0, 0.867, 0.1, 0, 1.35, 0, 2, 2, 0]}, {"Target": "Parameter", "Id": "ParamBodyAngleX", "Segments": [0, 4, 0, 0.283, 7, 1, 0.478, 7, 0.672, 4.447, 0.867, 3, 1, 1.011, 1.925, 1.156, 2.0, 1.3, 2, 2, 2, 2]}, {"Target": "Parameter", "Id": "ParamBodyAngleY", "Segments": [0, 0, 0, 0.383, 1, 0, 0.85, -3, 0, 1.367, 0, 2, 2, 0]}, {"Target": "Parameter", "Id": "ParamUpperBodyZ", "Segments": [0, 8, 0, 0.067, 8, 2, 0.35, 8, 0, 0.933, 7, 2, 2, 7]}, {"Target": "Parameter", "Id": "ParamUpperBody", "Segments": [0, 0, 0, 0.35, 1, 0, 0.867, -1, 0, 1.367, 0, 2, 2, 0]}, {"Target": "Parameter", "Id": "ParamShoulderR", "Segments": [0, 1, 0, 0.283, 10, 0, 0.817, -1, 0, 1.3, 1, 2, 2, 1]}, {"Target": "Parameter", "Id": "ParamArmR2", "Segments": [0, 41, 0, 0.083, 41, 0, 0.367, 44, 0, 1.033, 41, 2, 2, 41]}, {"Target": "Parameter", "Id": "ParamArmR3", "Segments": [0, 21, 0, 0.167, 21, 0, 0.45, 29, 0, 1.117, 21, 2, 2, 21]}, {"Target": "Parameter", "Id": "ParamArmR4", "Segments": [0, 16, 0, 0.283, 18, 0, 0.95, 16, 2, 2, 16]}, {"Target": "Parameter", "Id": "ParamArmR8", "Segments": [0, 19, 0, 0.483, 27, 0, 1.117, 13, 2, 2, 13]}, {"Target": "Parameter", "Id": "ParamFingerR", "Segments": [0, 0, 0, 0.45, 6, 0, 1.1, -4, 0, 1.567, 0, 2, 2, 0]}, {"Target": "Parameter", "Id": "ParamShoulderL", "Segments": [0, 0, 0, 0.05, 0, 0, 0.333, 10, 0, 0.817, -2, 0, 1.083, 0, 2, 2, 0]}, {"Target": "Parameter", "Id": "ParamArmL3", "Segments": [0, 9, 0, 0.15, 9, 0, 0.433, 21, 0, 1.183, 9, 2, 2, 9]}, {"Target": "Parameter", "Id": "ParamArmL8", "Segments": [0, -11, 0, 0.417, 0, 0, 1.033, -13, 2, 2, -13]}, {"Target": "Parameter", "Id": "ParamFingerL", "Segments": [0, 0, 0, 0.467, -6, 0, 1.167, 0, 2, 2, 0]}, {"Target": "Parameter", "Id": "ParamPositionX", "Segments": [0, 0, 0, 2, 0]}, {"Target": "Parameter", "Id": "ParamPositionY", "Segments": [0, 0, 0, 2, 0]}, {"Target": "Parameter", "Id": "ParamRotationZ", "Segments": [0, 0, 0, 2, 0]}, {"Target": "Parameter", "Id": "ParamAngleZ", "Segments": [0, -19, 0, 2, -19]}, {"Target": "Parameter", "Id": "ParamBodyAngleZ", "Segments": [0, -3, 0, 2, -3]}, {"Target": "Parameter", "Id": "ParamBreath", "Segments": [0, 0, 0, 2, 0]}, {"Target": "Parameter", "Id": "ParamLegLZ", "Segments": [0, 0, 0, 2, 0]}, {"Target": "Parameter", "Id": "ParamLegRZ", "Segments": [0, 2, 0, 2, 2]}, {"Target": "Parameter", "Id": "ParamArmR1", "Segments": [0, -39, 0, 2, -39]}, {"Target": "Parameter", "Id": "ParamArmR5", "Segments": [0, 8, 0, 2, 8]}, {"Target": "Parameter", "Id": "ParamArmR6", "Segments": [0, 1, 0, 2, 1]}, {"Target": "Parameter", "Id": "ParamArmR7", "Segments": [0, 0, 0, 2, 0]}, {"Target": "Parameter", "Id": "ParamArmR9", "Segments": [0, 0.7, 0, 2, 0.7]}, {"Target": "Parameter", "Id": "ParamHandRA", "Segments": [0, 0, 0, 2, 0]}, {"Target": "Parameter", "Id": "ParamHandRB", "Segments": [0, 0, 0, 2, 0]}, {"Target": "Parameter", "Id": "ParamHandRC", "Segments": [0, 0, 0, 2, 0]}, {"Target": "Parameter", "Id": "ParamHandRD", "Segments": [0, 1, 0, 2, 1]}, {"Target": "Parameter", "Id": "ParamHandRE", "Segments": [0, 0, 0, 2, 0]}, {"Target": "Parameter", "Id": "ParamHandRF", "Segments": [0, 0, 0, 2, 0]}, {"Target": "Parameter", "Id": "ParamHandRG", "Segments": [0, 0, 0, 2, 0]}, {"Target": "Parameter", "Id": "ParamHandRH", "Segments": [0, 0, 0, 2, 0]}, {"Target": "Parameter", "Id": "ParamHandRI", "Segments": [0, 0, 0, 2, 0]}, {"Target": "Parameter", "Id": "ParamHandRJ", "Segments": [0, 0, 0, 2, 0]}, {"Target": "Parameter", "Id": "ParamHandRK", "Segments": [0, 0, 0, 2, 0]}, {"Target": "Parameter", "Id": "ParamArmL1", "Segments": [0, -37, 0, 2, -37]}, {"Target": "Parameter", "Id": "ParamArmL2", "Segments": [0, -1, 0, 2, -1]}, {"Target": "Parameter", "Id": "ParamArmL4", "Segments": [0, 0, 0, 2, 0]}, {"Target": "Parameter", "Id": "ParamArmL5", "Segments": [0, 0, 0, 2, 0]}, {"Target": "Parameter", "Id": "ParamArmL6", "Segments": [0, 0, 0, 2, 0]}, {"Target": "Parameter", "Id": "ParamArmL7", "Segments": [0, 0, 0, 2, 0]}, {"Target": "Parameter", "Id": "ParamArmL9", "Segments": [0, -0.8, 0, 2, -0.8]}, {"Target": "Parameter", "Id": "ParamHandLA", "Segments": [0, 0, 0, 2, 0]}, {"Target": "Parameter", "Id": "ParamHandLB", "Segments": [0, 0, 0, 2, 0]}, {"Target": "Parameter", "Id": "ParamHandLC", "Segments": [0, 0, 0, 2, 0]}, {"Target": "Parameter", "Id": "ParamHandLD", "Segments": [0, 0, 0, 2, 0]}, {"Target": "Parameter", "Id": "ParamHandLE", "Segments": [0, 0, 0, 2, 0]}, {"Target": "Parameter", "Id": "ParamHandLF", "Segments": [0, 0, 0, 2, 0]}, {"Target": "Parameter", "Id": "ParamHandLG", "Segments": [0, 1, 0, 2, 1]}, {"Target": "Parameter", "Id": "ParamHandLH", "Segments": [0, 0, 0, 2, 0]}, {"Target": "Parameter", "Id": "ParamHandLI", "Segments": [0, 0, 0, 2, 0]}, {"Target": "Parameter", "Id": "ParamHandLJ", "Segments": [0, 0, 0, 2, 0]}, {"Target": "Parameter", "Id": "ParamHandLK", "Segments": [0, 0, 0, 2, 0]}], "UserData": [{"Time": 0.583, "Value": "eyeblink,0.3,0.07,0.2"}]}