{"Version": 3, "Meta": {"Duration": 2.533, "Fps": 60.0, "Loop": true, "AreBeziersRestricted": true, "CurveCount": 60, "UserDataCount": 1, "TotalSegmentCount": 183, "TotalPointCount": 183, "TotalUserDataSize": 23}, "Curves": [{"Target": "Parameter", "Id": "ParamAngleX", "Segments": [0, 0, 0, 0.083, 0, 0, 0.4, -10, 0, 0.9, 19, 0, 1.4, -18, 0, 1.95, 0, 2, 2.533, 0]}, {"Target": "Parameter", "Id": "ParamAngleY", "Segments": [0, -7, 0, 0.083, -7, 0, 0.4, 8, 0, 0.9, -19, 0, 1.4, -7, 2, 1.95, -7, 2, 2.533, -7]}, {"Target": "Parameter", "Id": "ParamAngleZ", "Segments": [0, 19, 0, 0.083, 19, 0, 0.5, 13, 0, 1, 19, 2, 1.533, 19, 2, 2.533, 19]}, {"Target": "Parameter", "Id": "ParamEyeROpen", "Segments": [0, 1, 0, 0.5, 1, 0, 0.75, 0, 2, 1.5, 0, 0, 1.917, 1, 2, 2.533, 1]}, {"Target": "Parameter", "Id": "ParamEyeLOpen", "Segments": [0, 1, 0, 0.5, 1, 0, 0.75, 0, 2, 1.5, 0, 0, 1.917, 1, 2, 2.533, 1]}, {"Target": "Parameter", "Id": "ParamBodyAngleX", "Segments": [0, 0, 0, 0.317, -7, 0, 0.75, 3, 0, 1.35, -8, 0, 1.817, -4, 2, 2.533, -4]}, {"Target": "Parameter", "Id": "ParamBodyAngleY", "Segments": [0, 0, 0, 0.317, 2, 0, 0.75, -1, 0, 1.35, 0, 2, 2.533, 0]}, {"Target": "Parameter", "Id": "ParamShoulderR", "Segments": [0, 1, 0, 0.283, 3, 0, 0.817, -1, 0, 1.317, 1, 2, 2.533, 1]}, {"Target": "Parameter", "Id": "ParamArmR1", "Segments": [0, -34, 0, 0.317, -29, 0, 0.85, -36, 0, 1.35, -34, 2, 2.533, -34]}, {"Target": "Parameter", "Id": "ParamArmR2", "Segments": [0, -2, 0, 0.35, -3, 0, 0.883, -1, 0, 1.383, -2, 2, 2.533, -2]}, {"Target": "Parameter", "Id": "ParamArmR3", "Segments": [0, -38, 0, 0.383, -40, 0, 0.917, -30, 0, 1.417, -38, 2, 2.533, -38]}, {"Target": "Parameter", "Id": "ParamArmR8", "Segments": [0, -40, 0, 0.45, -40, 0, 0.95, -32, 0, 1.367, -40, 2, 2.533, -40]}, {"Target": "Parameter", "Id": "ParamFingerR", "Segments": [0, 0, 0, 0.467, 5, 0, 1, -5, 0, 1.467, 0, 2, 2.533, 0]}, {"Target": "Parameter", "Id": "ParamShoulderL", "Segments": [0, 1, 0, 0.317, 4, 0, 0.967, -1, 0, 1.35, 1, 2, 2.533, 1]}, {"Target": "Parameter", "Id": "ParamArmL1", "Segments": [0, -40, 0, 0.333, -34, 0, 0.983, -41, 2, 2.533, -41]}, {"Target": "Parameter", "Id": "ParamArmL2", "Segments": [0, 43, 0, 0.367, 45, 0, 1.017, 40, 0, 1.4, 41, 2, 2.533, 41]}, {"Target": "Parameter", "Id": "ParamArmL3", "Segments": [0, 20, 0, 0.417, 24, 0, 1.067, 1, 0, 1.45, 13, 2, 2.533, 13]}, {"Target": "Parameter", "Id": "ParamArmL8", "Segments": [0, 0, 0, 0.45, 11, 0, 1.167, 0, 2, 2.533, 0]}, {"Target": "Parameter", "Id": "ParamFingerL", "Segments": [0, 0, 0, 0.467, 6, 0, 1, -5, 0, 1.467, 0, 2, 2.533, 0]}, {"Target": "Parameter", "Id": "ParamPositionX", "Segments": [0, 0, 0, 2.533, 0]}, {"Target": "Parameter", "Id": "ParamPositionY", "Segments": [0, 0, 0, 2.533, 0]}, {"Target": "Parameter", "Id": "ParamRotationZ", "Segments": [0, 0, 0, 2.533, 0]}, {"Target": "Parameter", "Id": "ParamBodyAngleZ", "Segments": [0, 3, 0, 2.533, 3]}, {"Target": "Parameter", "Id": "ParamUpperBodyZ", "Segments": [0, -8, 0, 2.533, -8]}, {"Target": "Parameter", "Id": "ParamUpperBody", "Segments": [0, 0, 0, 2.533, 0]}, {"Target": "Parameter", "Id": "ParamBreath", "Segments": [0, 0, 0, 2.533, 0]}, {"Target": "Parameter", "Id": "ParamLegLZ", "Segments": [0, 0, 0, 2.533, 0]}, {"Target": "Parameter", "Id": "ParamLegRZ", "Segments": [0, 2, 0, 2.533, 2]}, {"Target": "Parameter", "Id": "ParamArmR4", "Segments": [0, 0, 0, 2.533, 0]}, {"Target": "Parameter", "Id": "ParamArmR5", "Segments": [0, 0, 0, 2.533, 0]}, {"Target": "Parameter", "Id": "ParamArmR6", "Segments": [0, 0, 0, 2.533, 0]}, {"Target": "Parameter", "Id": "ParamArmR7", "Segments": [0, 0, 0, 2.533, 0]}, {"Target": "Parameter", "Id": "ParamArmR9", "Segments": [0, -0.8, 0, 2.533, -0.8]}, {"Target": "Parameter", "Id": "ParamHandRA", "Segments": [0, 1, 0, 2.533, 1]}, {"Target": "Parameter", "Id": "ParamHandRB", "Segments": [0, 0, 0, 2.533, 0]}, {"Target": "Parameter", "Id": "ParamHandRC", "Segments": [0, 0, 0, 2.533, 0]}, {"Target": "Parameter", "Id": "ParamHandRD", "Segments": [0, 0, 0, 2.533, 0]}, {"Target": "Parameter", "Id": "ParamHandRE", "Segments": [0, 0, 0, 2.533, 0]}, {"Target": "Parameter", "Id": "ParamHandRF", "Segments": [0, 0, 0, 2.533, 0]}, {"Target": "Parameter", "Id": "ParamHandRG", "Segments": [0, 0, 0, 2.533, 0]}, {"Target": "Parameter", "Id": "ParamHandRH", "Segments": [0, 0, 0, 2.533, 0]}, {"Target": "Parameter", "Id": "ParamHandRI", "Segments": [0, 0, 0, 2.533, 0]}, {"Target": "Parameter", "Id": "ParamHandRJ", "Segments": [0, 0, 0, 2.533, 0]}, {"Target": "Parameter", "Id": "ParamHandRK", "Segments": [0, 0, 0, 2.533, 0]}, {"Target": "Parameter", "Id": "ParamArmL4", "Segments": [0, 18, 0, 2.533, 18]}, {"Target": "Parameter", "Id": "ParamArmL5", "Segments": [0, 8, 0, 2.533, 8]}, {"Target": "Parameter", "Id": "ParamArmL6", "Segments": [0, 1, 0, 2.533, 1]}, {"Target": "Parameter", "Id": "ParamArmL7", "Segments": [0, -4, 0, 2.533, -4]}, {"Target": "Parameter", "Id": "ParamArmL9", "Segments": [0, 0.7, 0, 2.533, 0.7]}, {"Target": "Parameter", "Id": "ParamHandLA", "Segments": [0, 0, 0, 2.533, 0]}, {"Target": "Parameter", "Id": "ParamHandLB", "Segments": [0, 0, 0, 2.533, 0]}, {"Target": "Parameter", "Id": "ParamHandLC", "Segments": [0, 0, 0, 2.533, 0]}, {"Target": "Parameter", "Id": "ParamHandLD", "Segments": [0, 1, 0, 2.533, 1]}, {"Target": "Parameter", "Id": "ParamHandLE", "Segments": [0, 0, 0, 2.533, 0]}, {"Target": "Parameter", "Id": "ParamHandLF", "Segments": [0, 0, 0, 2.533, 0]}, {"Target": "Parameter", "Id": "ParamHandLG", "Segments": [0, 0, 0, 2.533, 0]}, {"Target": "Parameter", "Id": "ParamHandLH", "Segments": [0, 0, 0, 2.533, 0]}, {"Target": "Parameter", "Id": "ParamHandLI", "Segments": [0, 0, 0, 2.533, 0]}, {"Target": "Parameter", "Id": "ParamHandLJ", "Segments": [0, 0, 0, 2.533, 0]}, {"Target": "Parameter", "Id": "ParamHandLK", "Segments": [0, 0, 0, 2.533, 0]}], "UserData": [{"Time": 0.5, "Value": "eyeblink,0.25,0.75,0.43"}]}