{"Version": 3, "Meta": {"Duration": 2.6, "Fps": 60.0, "Loop": true, "AreBeziersRestricted": true, "CurveCount": 61, "UserDataCount": 1, "TotalSegmentCount": 186, "TotalPointCount": 186, "TotalUserDataSize": 22}, "Curves": [{"Target": "Parameter", "Id": "ParamPositionX", "Segments": [0, 0, 0, 0.567, 1, 2, 2.6, 1]}, {"Target": "Parameter", "Id": "ParamPositionY", "Segments": [0, 0, 0, 0.4, 1, 0, 0.833, 0, 2, 2.6, 0]}, {"Target": "Parameter", "Id": "ParamAngleX", "Segments": [0, 0, 0, 0.283, -4, 0, 1.35, 0, 2, 2.6, 0]}, {"Target": "Parameter", "Id": "ParamAngleY", "Segments": [0, 0, 0, 0.283, 14, 0, 0.7, -26, 0, 1.333, -2, 2, 2.6, -2]}, {"Target": "Parameter", "Id": "ParamAngleZ", "Segments": [0, 6, 0, 0.4, 14, 2, 0.817, 14, 0, 1.6, 12, 2, 2.6, 12]}, {"Target": "Parameter", "Id": "ParamEyeROpen", "Segments": [0, 1, 0, 0.6, 1, 0, 0.8, 0, 2, 1.033, 0, 0, 1.267, 1, 2, 2.6, 1]}, {"Target": "Parameter", "Id": "ParamEyeLOpen", "Segments": [0, 1, 0, 0.6, 1, 0, 0.8, 0, 2, 1.033, 0, 0, 1.267, 1, 2, 2.6, 1]}, {"Target": "Parameter", "Id": "ParamEyeballX", "Segments": [0, 0, 0, 0.333, 0.1, 0, 1.233, 0, 2, 2.6, 0]}, {"Target": "Parameter", "Id": "ParamBodyAngleX", "Segments": [0, 0, 0, 0.317, 3, 0, 0.85, -2, 2, 2.6, -2]}, {"Target": "Parameter", "Id": "ParamBodyAngleY", "Segments": [0, 0, 0, 0.367, 4, 0, 0.917, -3, 0, 1.417, 0, 2, 2.6, 0]}, {"Target": "Parameter", "Id": "ParamBodyAngleZ", "Segments": [0, 3, 0, 0.783, 1, 2, 2.6, 1]}, {"Target": "Parameter", "Id": "ParamUpperBodyZ", "Segments": [0, -6, 0, 0.783, -3, 2, 2.6, -3]}, {"Target": "Parameter", "Id": "ParamLegLZ", "Segments": [0, 4, 0, 0.7, 2, 2, 2.6, 2]}, {"Target": "Parameter", "Id": "ParamLegRZ", "Segments": [0, -2, 0, 0.7, 1, 2, 2.6, 1]}, {"Target": "Parameter", "Id": "ParamShoulderR", "Segments": [0, 4, 0, 0.267, 9, 0, 0.75, 2, 2, 2.6, 2]}, {"Target": "Parameter", "Id": "ParamArmR1", "Segments": [0, -36, 0, 0.283, -29, 0, 0.783, -41, 0, 1.217, -38, 2, 2.6, -38]}, {"Target": "Parameter", "Id": "ParamArmR2", "Segments": [0, 42, 0, 0.4, 44, 0, 0.9, 42, 0, 1.333, 42.5, 2, 2.6, 42.5]}, {"Target": "Parameter", "Id": "ParamArmR3", "Segments": [0, -25, 0, 0.5, -24, 0, 1, -40, 0, 1.433, -39, 2, 2.6, -39]}, {"Target": "Parameter", "Id": "ParamArmR5", "Segments": [0, 9, 0, 1.35, 7, 2, 2.6, 7]}, {"Target": "Parameter", "Id": "ParamArmR8", "Segments": [0, -20, 0, 0.417, -12, 0, 0.983, -31, 2, 2.6, -31]}, {"Target": "Parameter", "Id": "ParamFingerR", "Segments": [0, 0, 0, 0.433, 7, 0, 0.967, -5, 0, 1.5, 0, 2, 2.6, 0]}, {"Target": "Parameter", "Id": "ParamShoulderL", "Segments": [0, 0, 0, 0.267, 6, 0, 0.75, 1, 2, 2.6, 1]}, {"Target": "Parameter", "Id": "ParamArmL1", "Segments": [0, -41, 0, 0.283, -33, 0, 0.8, -45, 0, 1.217, -41, 2, 2.6, -41]}, {"Target": "Parameter", "Id": "ParamArmL2", "Segments": [0, 42, 0, 0.4, 45, 0, 0.883, 42, 0, 1.35, 42.5, 2, 2.6, 42.5]}, {"Target": "Parameter", "Id": "ParamArmL3", "Segments": [0, -29, 0, 0.5, -24, 0, 1, -31, 0, 1.467, -29.5, 2, 2.6, -29.5]}, {"Target": "Parameter", "Id": "ParamArmL5", "Segments": [0, 9, 0, 0.933, 9.5, 2, 2.6, 9.5]}, {"Target": "Parameter", "Id": "ParamArmL8", "Segments": [0, -23, 0, 0.5, -15, 0, 1.033, -24, 2, 2.6, -24]}, {"Target": "Parameter", "Id": "ParamFingerL", "Segments": [0, 0, 0, 0.433, 6, 0, 0.967, -5, 0, 1.5, 0, 2, 2.6, 0]}, {"Target": "Parameter", "Id": "ParamRotationZ", "Segments": [0, 0, 0, 2.6, 0]}, {"Target": "Parameter", "Id": "ParamUpperBody", "Segments": [0, 0, 0, 2.6, 0]}, {"Target": "Parameter", "Id": "ParamBreath", "Segments": [0, 0, 0, 2.6, 0]}, {"Target": "Parameter", "Id": "ParamArmR4", "Segments": [0, 3, 0, 2.6, 3]}, {"Target": "Parameter", "Id": "ParamArmR6", "Segments": [0, 1.1, 0, 2.6, 1.1]}, {"Target": "Parameter", "Id": "ParamArmR7", "Segments": [0, -4, 0, 2.6, -4]}, {"Target": "Parameter", "Id": "ParamArmR9", "Segments": [0, 0.8, 0, 2.6, 0.8]}, {"Target": "Parameter", "Id": "ParamHandRA", "Segments": [0, 0, 0, 2.6, 0]}, {"Target": "Parameter", "Id": "ParamHandRB", "Segments": [0, 0, 0, 2.6, 0]}, {"Target": "Parameter", "Id": "ParamHandRC", "Segments": [0, 0, 0, 2.6, 0]}, {"Target": "Parameter", "Id": "ParamHandRD", "Segments": [0, 0, 0, 2.6, 0]}, {"Target": "Parameter", "Id": "ParamHandRE", "Segments": [0, 0, 0, 2.6, 0]}, {"Target": "Parameter", "Id": "ParamHandRF", "Segments": [0, 1, 0, 2.6, 1]}, {"Target": "Parameter", "Id": "ParamHandRG", "Segments": [0, 0, 0, 2.6, 0]}, {"Target": "Parameter", "Id": "ParamHandRH", "Segments": [0, 0, 0, 2.6, 0]}, {"Target": "Parameter", "Id": "ParamHandRI", "Segments": [0, 0, 0, 2.6, 0]}, {"Target": "Parameter", "Id": "ParamHandRJ", "Segments": [0, 0, 0, 2.6, 0]}, {"Target": "Parameter", "Id": "ParamHandRK", "Segments": [0, 0, 0, 2.6, 0]}, {"Target": "Parameter", "Id": "ParamArmL4", "Segments": [0, 3, 0, 2.6, 3]}, {"Target": "Parameter", "Id": "ParamArmL6", "Segments": [0, 1, 0, 2.6, 1]}, {"Target": "Parameter", "Id": "ParamArmL7", "Segments": [0, 0, 0, 2.6, 0]}, {"Target": "Parameter", "Id": "ParamArmL9", "Segments": [0, 0.8, 0, 2.6, 0.8]}, {"Target": "Parameter", "Id": "ParamHandLA", "Segments": [0, 0, 0, 2.6, 0]}, {"Target": "Parameter", "Id": "ParamHandLB", "Segments": [0, 0, 0, 2.6, 0]}, {"Target": "Parameter", "Id": "ParamHandLC", "Segments": [0, 0, 0, 2.6, 0]}, {"Target": "Parameter", "Id": "ParamHandLD", "Segments": [0, 0, 0, 2.6, 0]}, {"Target": "Parameter", "Id": "ParamHandLE", "Segments": [0, 0, 0, 2.6, 0]}, {"Target": "Parameter", "Id": "ParamHandLF", "Segments": [0, 1, 0, 2.6, 1]}, {"Target": "Parameter", "Id": "ParamHandLG", "Segments": [0, 0, 0, 2.6, 0]}, {"Target": "Parameter", "Id": "ParamHandLH", "Segments": [0, 0, 0, 2.6, 0]}, {"Target": "Parameter", "Id": "ParamHandLI", "Segments": [0, 0, 0, 2.6, 0]}, {"Target": "Parameter", "Id": "ParamHandLJ", "Segments": [0, 0, 0, 2.6, 0]}, {"Target": "Parameter", "Id": "ParamHandLK", "Segments": [0, 0, 0, 2.6, 0]}], "UserData": [{"Time": 0.6, "Value": "eyeblink,0.2,0.24,0.24"}]}