{"Version": 3, "Meta": {"Duration": 2.6, "Fps": 60.0, "Loop": true, "AreBeziersRestricted": true, "CurveCount": 61, "UserDataCount": 2, "TotalSegmentCount": 180, "TotalPointCount": 188, "TotalUserDataSize": 46}, "Curves": [{"Target": "Parameter", "Id": "ParamPositionY", "Segments": [0, 0, 0, 0.617, -1, 0, 1.25, 0, 2, 2.6, 0]}, {"Target": "Parameter", "Id": "ParamAngleX", "Segments": [0, 0, 0, 0.467, -7, 0, 0.967, 13, 0, 1.433, -5, 0, 1.817, 0, 2, 2.6, 0]}, {"Target": "Parameter", "Id": "ParamAngleY", "Segments": [0, 0, 0, 0.45, -16, 2, 2.6, -16]}, {"Target": "Parameter", "Id": "ParamAngleZ", "Segments": [0, 0, 0, 0.933, 4, 2, 2.6, 4]}, {"Target": "Parameter", "Id": "ParamEyeROpen", "Segments": [0, 1, 0, 0.517, 1, 0, 0.717, 0, 2, 1.483, 0, 0, 1.717, 1, 2, 2.6, 1]}, {"Target": "Parameter", "Id": "ParamEyeLOpen", "Segments": [0, 1, 0, 0.517, 1, 0, 0.717, 0, 2, 1.483, 0, 0, 1.717, 1, 2, 2.6, 1]}, {"Target": "Parameter", "Id": "ParamEyeballX", "Segments": [0, 0, 0, 0.3, -0.1, 2, 1.367, -0.1, 0, 1.75, 0.1, 2, 2.6, 0.1]}, {"Target": "Parameter", "Id": "ParamBodyAngleX", "Segments": [0, 0, 0, 0.283, 6, 0, 0.733, -5, 0, 1.167, 5, 0, 1.633, 1, 2, 2.6, 1]}, {"Target": "Parameter", "Id": "ParamBodyAngleY", "Segments": [0, 0, 0, 0.3, 1, 0, 0.967, -5, 2, 2.6, -5]}, {"Target": "Parameter", "Id": "ParamBodyAngleZ", "Segments": [0, 4, 0, 0.5, 2, 0, 1.267, 4, 2, 2.6, 4]}, {"Target": "Parameter", "Id": "ParamUpperBodyZ", "Segments": [0, -6, 0, 0.5, -4, 0, 1.267, -5, 2, 2.6, -5]}, {"Target": "Parameter", "Id": "ParamUpperBody", "Segments": [0, 1, 0, 0.5, 0, 1, 0.756, -1.63, 1.011, -4.0, 1.267, -4, 2, 2.6, -4]}, {"Target": "Parameter", "Id": "ParamLegLZ", "Segments": [0, 1, 0, 1.067, -1, 2, 2.6, -1]}, {"Target": "Parameter", "Id": "ParamShoulderR", "Segments": [0, 4, 0, 0.367, 6, 0, 0.85, 0, 2, 2.6, 0]}, {"Target": "Parameter", "Id": "ParamArmR1", "Segments": [0, -33, 0, 0.367, -32, 0, 0.867, -46, 2, 2.6, -46]}, {"Target": "Parameter", "Id": "ParamArmR2", "Segments": [0, 43, 0, 0.433, 44, 0, 0.95, 39, 2, 2.6, 39]}, {"Target": "Parameter", "Id": "ParamArmR3", "Segments": [0, -40, 0, 0.5, -9, 1, 0.672, -0.911, 0.845, -1.0, 1.017, -1, 2, 2.6, -1]}, {"Target": "Parameter", "Id": "ParamArmR5", "Segments": [0, 8, 0, 1.017, 9, 2, 2.6, 9]}, {"Target": "Parameter", "Id": "ParamArmR8", "Segments": [0, -33, 0, 0.5, -7, 2, 2.6, -7]}, {"Target": "Parameter", "Id": "ParamFingerR", "Segments": [0, 0, 0, 0.433, 10, 0, 1.25, -10, 0, 1.933, 0, 2, 2.6, 0]}, {"Target": "Parameter", "Id": "ParamShoulderL", "Segments": [0, 2, 0, 0.367, 4, 0, 0.85, 0, 2, 2.6, 0]}, {"Target": "Parameter", "Id": "ParamArmL1", "Segments": [0, -39, 0, 0.367, -33, 0, 0.867, -51, 2, 2.6, -51]}, {"Target": "Parameter", "Id": "ParamArmL2", "Segments": [0, 44, 0, 0.433, 45, 0, 0.933, 38, 2, 2.6, 38]}, {"Target": "Parameter", "Id": "ParamArmL3", "Segments": [0, -40, 0, 0.5, -9, 1, 0.667, 8.989, 0.833, 15, 1, 15, 2, 2.6, 15]}, {"Target": "Parameter", "Id": "ParamArmL8", "Segments": [0, -29, 0, 0.5, -8, 1, 0.678, 5.656, 0.855, 11.0, 1.033, 11, 2, 2.6, 11]}, {"Target": "Parameter", "Id": "ParamFingerL", "Segments": [0, 0, 0, 0.45, 10, 0, 1.267, -10, 0, 1.95, 0, 2, 2.6, 0]}, {"Target": "Parameter", "Id": "ParamPositionX", "Segments": [0, -1, 0, 2.6, -1]}, {"Target": "Parameter", "Id": "ParamRotationZ", "Segments": [0, 0, 0, 2.6, 0]}, {"Target": "Parameter", "Id": "ParamBreath", "Segments": [0, 1, 0, 2.6, 1]}, {"Target": "Parameter", "Id": "ParamLegRZ", "Segments": [0, -4, 0, 2.6, -4]}, {"Target": "Parameter", "Id": "ParamArmR4", "Segments": [0, 22, 0, 2.6, 22]}, {"Target": "Parameter", "Id": "ParamArmR6", "Segments": [0, 1.1, 0, 2.6, 1.1]}, {"Target": "Parameter", "Id": "ParamArmR7", "Segments": [0, 0, 0, 2.6, 0]}, {"Target": "Parameter", "Id": "ParamArmR9", "Segments": [0, 0.7, 0, 2.6, 0.7]}, {"Target": "Parameter", "Id": "ParamHandRA", "Segments": [0, 0, 0, 2.6, 0]}, {"Target": "Parameter", "Id": "ParamHandRB", "Segments": [0, 0, 0, 2.6, 0]}, {"Target": "Parameter", "Id": "ParamHandRC", "Segments": [0, 0, 0, 2.6, 0]}, {"Target": "Parameter", "Id": "ParamHandRD", "Segments": [0, 1, 0, 2.6, 1]}, {"Target": "Parameter", "Id": "ParamHandRE", "Segments": [0, 0, 0, 2.6, 0]}, {"Target": "Parameter", "Id": "ParamHandRF", "Segments": [0, 0, 0, 2.6, 0]}, {"Target": "Parameter", "Id": "ParamHandRG", "Segments": [0, 0, 0, 2.6, 0]}, {"Target": "Parameter", "Id": "ParamHandRH", "Segments": [0, 0, 0, 2.6, 0]}, {"Target": "Parameter", "Id": "ParamHandRI", "Segments": [0, 0, 0, 2.6, 0]}, {"Target": "Parameter", "Id": "ParamHandRJ", "Segments": [0, 0, 0, 2.6, 0]}, {"Target": "Parameter", "Id": "ParamHandRK", "Segments": [0, 0, 0, 2.6, 0]}, {"Target": "Parameter", "Id": "ParamArmL4", "Segments": [0, 17, 0, 2.6, 17]}, {"Target": "Parameter", "Id": "ParamArmL5", "Segments": [0, 9, 0, 2.6, 9]}, {"Target": "Parameter", "Id": "ParamArmL6", "Segments": [0, 1, 0, 2.6, 1]}, {"Target": "Parameter", "Id": "ParamArmL7", "Segments": [0, 0, 0, 2.6, 0]}, {"Target": "Parameter", "Id": "ParamArmL9", "Segments": [0, 0.7, 0, 2.6, 0.7]}, {"Target": "Parameter", "Id": "ParamHandLA", "Segments": [0, 0, 0, 2.6, 0]}, {"Target": "Parameter", "Id": "ParamHandLB", "Segments": [0, 0, 0, 2.6, 0]}, {"Target": "Parameter", "Id": "ParamHandLC", "Segments": [0, 0, 0, 2.6, 0]}, {"Target": "Parameter", "Id": "ParamHandLD", "Segments": [0, 1, 0, 2.6, 1]}, {"Target": "Parameter", "Id": "ParamHandLE", "Segments": [0, 0, 0, 2.6, 0]}, {"Target": "Parameter", "Id": "ParamHandLF", "Segments": [0, 0, 0, 2.6, 0]}, {"Target": "Parameter", "Id": "ParamHandLG", "Segments": [0, 0, 0, 2.6, 0]}, {"Target": "Parameter", "Id": "ParamHandLH", "Segments": [0, 0, 0, 2.6, 0]}, {"Target": "Parameter", "Id": "ParamHandLI", "Segments": [0, 0, 0, 2.6, 0]}, {"Target": "Parameter", "Id": "ParamHandLJ", "Segments": [0, 0, 0, 2.6, 0]}, {"Target": "Parameter", "Id": "ParamHandLK", "Segments": [0, 0, 0, 2.6, 0]}], "UserData": [{"Time": 0.55, "Value": "eyeblink,0.20,0.77,0.20"}, {"Time": 0.567, "Value": "eyeblink,0.00,0.00,0.00"}]}