{"Version": 3, "Meta": {"Duration": 2.383, "Fps": 60.0, "Loop": true, "AreBeziersRestricted": true, "CurveCount": 61, "UserDataCount": 1, "TotalSegmentCount": 184, "TotalPointCount": 188, "TotalUserDataSize": 22}, "Curves": [{"Target": "Parameter", "Id": "ParamAngleX", "Segments": [0, 0, 0, 0.417, 8, 0, 1.05, 0, 2, 2.383, 0]}, {"Target": "Parameter", "Id": "ParamAngleY", "Segments": [0, 2, 0, 0.417, -2, 0, 1.05, 1, 2, 2.383, 1]}, {"Target": "Parameter", "Id": "ParamAngleZ", "Segments": [0, -6, 0, 0.6, 15, 0, 1.233, 6, 2, 2.383, 6]}, {"Target": "Parameter", "Id": "ParamEyeROpen", "Segments": [0, 1, 0, 0.5, 1, 0, 0.8, 0, 2, 0.983, 0, 0, 1.35, 1, 2, 2.383, 1]}, {"Target": "Parameter", "Id": "ParamEyeLOpen", "Segments": [0, 1, 0, 0.5, 1, 0, 0.8, 0, 2, 0.983, 0, 0, 1.35, 1, 2, 2.383, 1]}, {"Target": "Parameter", "Id": "ParamBodyAngleX", "Segments": [0, 4, 0, 0.517, 10, 0, 1.017, -1, 2, 2.383, -1]}, {"Target": "Parameter", "Id": "ParamBodyAngleY", "Segments": [0, 0, 0, 0.517, 3, 0, 1.017, 0, 2, 2.383, 0]}, {"Target": "Parameter", "Id": "ParamBodyAngleZ", "Segments": [0, -5, 0, 0.533, -3, 0, 1.217, -5, 2, 2.383, -5]}, {"Target": "Parameter", "Id": "ParamUpperBodyZ", "Segments": [0, 8, 0, 0.517, 6, 0, 1.217, 7, 2, 2.383, 7]}, {"Target": "Parameter", "Id": "ParamLegLZ", "Segments": [0, -4, 0, 2, 1, 2, 2.383, 1]}, {"Target": "Parameter", "Id": "ParamLegRZ", "Segments": [0, 1, 0, 2, 5, 2, 2.383, 5]}, {"Target": "Parameter", "Id": "ParamShoulderR", "Segments": [0, -1, 0, 0.633, 4, 2, 2.383, 4]}, {"Target": "Parameter", "Id": "ParamArmR1", "Segments": [0, -42, 0, 0.267, -29, 0, 0.733, -39, 2, 2.383, -39]}, {"Target": "Parameter", "Id": "ParamArmR2", "Segments": [0, -2, 0, 0.3, 2, 1, 0.461, 9.69, 0.622, 29.0, 0.783, 29, 0, 1.183, 27, 2, 2.383, 27]}, {"Target": "Parameter", "Id": "ParamArmR3", "Segments": [0, 0, 0, 0.8, 8, 2, 2.383, 8]}, {"Target": "Parameter", "Id": "ParamArmR4", "Segments": [0, 0, 0, 0.95, 5, 1, 1.194, 6.83, 1.439, 7.0, 1.683, 7, 2, 2.383, 7]}, {"Target": "Parameter", "Id": "ParamArmR5", "Segments": [0, 0, 0, 0.5, 9, 2, 2.383, 9]}, {"Target": "Parameter", "Id": "ParamArmR6", "Segments": [0, 0, 0, 0.283, 0, 0, 0.3, 1.1, 2, 2.383, 1.1]}, {"Target": "Parameter", "Id": "ParamHandRA", "Segments": [0, 1, 0, 0.45, 1, 0, 0.617, 0, 2, 2.383, 0]}, {"Target": "Parameter", "Id": "ParamHandRF", "Segments": [0, 0, 0, 0.45, 0, 0, 0.617, 1, 2, 2.383, 1]}, {"Target": "Parameter", "Id": "ParamFingerR", "Segments": [0, 0, 0, 0.8, 7, 0, 1.367, -4, 0, 1.883, 0, 2, 2.383, 0]}, {"Target": "Parameter", "Id": "ParamShoulderL", "Segments": [0, 1, 0, 0.45, 5, 0, 0.95, 1, 2, 2.383, 1]}, {"Target": "Parameter", "Id": "ParamArmL1", "Segments": [0, -40, 0, 0.333, -29, 0, 0.95, -31, 2, 2.383, -31]}, {"Target": "Parameter", "Id": "ParamArmL2", "Segments": [0, 42, 0, 0.4, 44, 0, 1.033, 29, 2, 2.383, 29]}, {"Target": "Parameter", "Id": "ParamArmL3", "Segments": [0, 3, 0, 1.117, 17, 2, 2.383, 17]}, {"Target": "Parameter", "Id": "ParamArmL4", "Segments": [0, 7, 0, 1.117, 4, 0, 1.6, 5, 2, 2.383, 5]}, {"Target": "Parameter", "Id": "ParamArmL5", "Segments": [0, 3, 0, 0.967, 6, 2, 2.383, 6]}, {"Target": "Parameter", "Id": "ParamArmL7", "Segments": [0, -5, 0, 1.667, 0, 2, 2.383, 0]}, {"Target": "Parameter", "Id": "ParamArmL8", "Segments": [0, 1, 0, 1.667, -7, 2, 2.383, -7]}, {"Target": "Parameter", "Id": "ParamHandLB", "Segments": [0, 1, 0, 0.583, 1, 0, 0.75, 0, 2, 2.383, 0]}, {"Target": "Parameter", "Id": "ParamHandLF", "Segments": [0, 0, 0, 0.583, 0, 0, 0.75, 1, 2, 2.383, 1]}, {"Target": "Parameter", "Id": "ParamFingerL", "Segments": [0, 0, 0, 0.45, 6, 0, 1.117, -3, 0, 1.7, 0, 2, 2.383, 0]}, {"Target": "Parameter", "Id": "ParamPositionX", "Segments": [0, 1, 0, 2.383, 1]}, {"Target": "Parameter", "Id": "ParamPositionY", "Segments": [0, 0, 0, 2.383, 0]}, {"Target": "Parameter", "Id": "ParamRotationZ", "Segments": [0, 0, 0, 2.383, 0]}, {"Target": "Parameter", "Id": "ParamEyeballX", "Segments": [0, -0.1, 0, 2.383, -0.1]}, {"Target": "Parameter", "Id": "ParamUpperBody", "Segments": [0, 0, 0, 2.383, 0]}, {"Target": "Parameter", "Id": "ParamBreath", "Segments": [0, 0, 0, 2.383, 0]}, {"Target": "Parameter", "Id": "ParamArmR7", "Segments": [0, 0, 0, 2.383, 0]}, {"Target": "Parameter", "Id": "ParamArmR8", "Segments": [0, 0, 0, 2.383, 0]}, {"Target": "Parameter", "Id": "ParamArmR9", "Segments": [0, -0.8, 0, 2.383, -0.8]}, {"Target": "Parameter", "Id": "ParamHandRB", "Segments": [0, 0, 0, 2.383, 0]}, {"Target": "Parameter", "Id": "ParamHandRC", "Segments": [0, 0, 0, 2.383, 0]}, {"Target": "Parameter", "Id": "ParamHandRD", "Segments": [0, 0, 0, 2.383, 0]}, {"Target": "Parameter", "Id": "ParamHandRE", "Segments": [0, 0, 0, 2.383, 0]}, {"Target": "Parameter", "Id": "ParamHandRG", "Segments": [0, 0, 0, 2.383, 0]}, {"Target": "Parameter", "Id": "ParamHandRH", "Segments": [0, 0, 0, 2.383, 0]}, {"Target": "Parameter", "Id": "ParamHandRI", "Segments": [0, 0, 0, 2.383, 0]}, {"Target": "Parameter", "Id": "ParamHandRJ", "Segments": [0, 0, 0, 2.383, 0]}, {"Target": "Parameter", "Id": "ParamHandRK", "Segments": [0, 0, 0, 2.383, 0]}, {"Target": "Parameter", "Id": "ParamArmL6", "Segments": [0, 1, 0, 2.383, 1]}, {"Target": "Parameter", "Id": "ParamArmL9", "Segments": [0, 0.7, 0, 2.383, 0.7]}, {"Target": "Parameter", "Id": "ParamHandLA", "Segments": [0, 0, 0, 2.383, 0]}, {"Target": "Parameter", "Id": "ParamHandLC", "Segments": [0, 0, 0, 2.383, 0]}, {"Target": "Parameter", "Id": "ParamHandLD", "Segments": [0, 0, 0, 2.383, 0]}, {"Target": "Parameter", "Id": "ParamHandLE", "Segments": [0, 0, 0, 2.383, 0]}, {"Target": "Parameter", "Id": "ParamHandLG", "Segments": [0, 0, 0, 2.383, 0]}, {"Target": "Parameter", "Id": "ParamHandLH", "Segments": [0, 0, 0, 2.383, 0]}, {"Target": "Parameter", "Id": "ParamHandLI", "Segments": [0, 0, 0, 2.383, 0]}, {"Target": "Parameter", "Id": "ParamHandLJ", "Segments": [0, 0, 0, 2.383, 0]}, {"Target": "Parameter", "Id": "ParamHandLK", "Segments": [0, 0, 0, 2.383, 0]}], "UserData": [{"Time": 0.5, "Value": "eyeblink,0.3,0.19,0.37"}]}