{"Version": 3, "Meta": {"Duration": 2.6, "Fps": 60.0, "Loop": true, "AreBeziersRestricted": true, "CurveCount": 61, "UserDataCount": 1, "TotalSegmentCount": 183, "TotalPointCount": 191, "TotalUserDataSize": 22}, "Curves": [{"Target": "Parameter", "Id": "ParamAngleX", "Segments": [0, -2, 0, 0.317, 16, 0, 0.75, -12, 0, 1.167, 14, 0, 1.633, 2, 2, 2.6, 2]}, {"Target": "Parameter", "Id": "ParamAngleY", "Segments": [0, 5, 0, 0.3, -18, 1, 0.561, -18, 0.822, -17.41, 1.083, -14, 1, 1.211, -12.331, 1.339, -8.0, 1.467, -8, 2, 2.6, -8]}, {"Target": "Parameter", "Id": "ParamAngleZ", "Segments": [0, -18, 0, 0.583, -6, 0, 0.95, -9, 0, 1.75, -4, 2, 2.6, -4]}, {"Target": "Parameter", "Id": "ParamEyeROpen", "Segments": [0, 1, 0, 0.45, 1, 0, 0.65, 0, 2, 1.4, 0, 0, 1.633, 1, 2, 2.6, 1]}, {"Target": "Parameter", "Id": "ParamEyeLOpen", "Segments": [0, 1, 0, 0.45, 1, 0, 0.65, 0, 2, 1.4, 0, 0, 1.633, 1, 2, 2.6, 1]}, {"Target": "Parameter", "Id": "ParamBodyAngleX", "Segments": [0, 7, 0, 0.583, 2, 0, 1.133, 6, 2, 2.6, 6]}, {"Target": "Parameter", "Id": "ParamBodyAngleY", "Segments": [0, 0, 0, 0.35, 4, 0, 0.833, -3, 0, 1.5, -1, 2, 2.6, -1]}, {"Target": "Parameter", "Id": "ParamBodyAngleZ", "Segments": [0, -3, 0, 0.467, -1, 0, 1.05, -4, 2, 2.6, -4]}, {"Target": "Parameter", "Id": "ParamUpperBodyZ", "Segments": [0, 8, 0, 0.467, 6, 0, 1.05, 9, 2, 2.6, 9]}, {"Target": "Parameter", "Id": "ParamShoulderR", "Segments": [0, 4, 0, 0.283, 8, 0, 0.7, 3, 2, 2.6, 3]}, {"Target": "Parameter", "Id": "ParamArmR1", "Segments": [0, -34, 0, 0.267, -34, 0, 0.717, -45, 2, 2.6, -45]}, {"Target": "Parameter", "Id": "ParamArmR2", "Segments": [0, 42, 0, 0.383, 43, 0, 0.85, 40, 0, 1.383, 40.5, 2, 2.6, 40.5]}, {"Target": "Parameter", "Id": "ParamArmR3", "Segments": [0, -3, 0, 0.467, 13, 1, 0.639, 13, 0.811, 9.733, 0.983, 7, 1, 1.15, 4.355, 1.316, 4.0, 1.483, 4, 2, 2.6, 4]}, {"Target": "Parameter", "Id": "ParamArmR8", "Segments": [0, 0, 0, 0.433, 17, 0, 1, 5, 2, 2.6, 5]}, {"Target": "Parameter", "Id": "ParamFingerR", "Segments": [0, 0, 0, 0.45, 4, 0, 1, 0, 0, 1.5, 2, 2, 2.6, 2]}, {"Target": "Parameter", "Id": "ParamShoulderL", "Segments": [0, 5, 0, 0.3, 9, 0, 0.75, 4, 0, 1.183, 8, 2, 2.6, 8]}, {"Target": "Parameter", "Id": "ParamArmL1", "Segments": [0, -34, 0, 0.383, -30, 0, 0.8, -35, 0, 1.25, -33, 2, 2.6, -33]}, {"Target": "Parameter", "Id": "ParamArmL2", "Segments": [0, -3, 0, 0.45, -5, 0, 0.867, -2, 0, 1.367, -2.5, 2, 2.6, -2.5]}, {"Target": "Parameter", "Id": "ParamArmL3", "Segments": [0, -26, 0, 0.45, -35, 0, 0.95, -14, 0, 1.467, -22, 2, 2.6, -22]}, {"Target": "Parameter", "Id": "ParamArmL5", "Segments": [0, 0, 0, 0.383, 3, 2, 2.6, 3]}, {"Target": "Parameter", "Id": "ParamArmL8", "Segments": [0, -33, 0, 0.483, -33, 0, 0.967, -13, 0, 1.55, -20, 2, 2.6, -20]}, {"Target": "Parameter", "Id": "ParamFingerL", "Segments": [0, 0, 0, 0.5, 6, 0, 0.95, -4, 0, 1.517, 0, 2, 2.6, 0]}, {"Target": "Parameter", "Id": "ParamPositionX", "Segments": [0, 0, 0, 2.6, 0]}, {"Target": "Parameter", "Id": "ParamPositionY", "Segments": [0, 0, 0, 2.6, 0]}, {"Target": "Parameter", "Id": "ParamRotationZ", "Segments": [0, 0, 0, 2.6, 0]}, {"Target": "Parameter", "Id": "ParamEyeballX", "Segments": [0, 0, 0, 2.6, 0]}, {"Target": "Parameter", "Id": "ParamUpperBody", "Segments": [0, 3, 0, 2.6, 3]}, {"Target": "Parameter", "Id": "ParamBreath", "Segments": [0, 0, 0, 2.6, 0]}, {"Target": "Parameter", "Id": "ParamLegLZ", "Segments": [0, 0, 0, 2.6, 0]}, {"Target": "Parameter", "Id": "ParamLegRZ", "Segments": [0, 2, 0, 2.6, 2]}, {"Target": "Parameter", "Id": "ParamArmR4", "Segments": [0, 10, 0, 2.6, 10]}, {"Target": "Parameter", "Id": "ParamArmR5", "Segments": [0, 7, 0, 2.6, 7]}, {"Target": "Parameter", "Id": "ParamArmR6", "Segments": [0, 1, 0, 2.6, 1]}, {"Target": "Parameter", "Id": "ParamArmR7", "Segments": [0, 0, 0, 2.6, 0]}, {"Target": "Parameter", "Id": "ParamArmR9", "Segments": [0, 0.7, 0, 2.6, 0.7]}, {"Target": "Parameter", "Id": "ParamHandRA", "Segments": [0, 0, 0, 2.6, 0]}, {"Target": "Parameter", "Id": "ParamHandRB", "Segments": [0, 0, 0, 2.6, 0]}, {"Target": "Parameter", "Id": "ParamHandRC", "Segments": [0, 0, 0, 2.6, 0]}, {"Target": "Parameter", "Id": "ParamHandRD", "Segments": [0, 0, 0, 2.6, 0]}, {"Target": "Parameter", "Id": "ParamHandRE", "Segments": [0, 1, 0, 2.6, 1]}, {"Target": "Parameter", "Id": "ParamHandRF", "Segments": [0, 0, 0, 2.6, 0]}, {"Target": "Parameter", "Id": "ParamHandRG", "Segments": [0, 0, 0, 2.6, 0]}, {"Target": "Parameter", "Id": "ParamHandRH", "Segments": [0, 0, 0, 2.6, 0]}, {"Target": "Parameter", "Id": "ParamHandRI", "Segments": [0, 0, 0, 2.6, 0]}, {"Target": "Parameter", "Id": "ParamHandRJ", "Segments": [0, 0, 0, 2.6, 0]}, {"Target": "Parameter", "Id": "ParamHandRK", "Segments": [0, 0, 0, 2.6, 0]}, {"Target": "Parameter", "Id": "ParamArmL4", "Segments": [0, 0, 0, 2.6, 0]}, {"Target": "Parameter", "Id": "ParamArmL6", "Segments": [0, 0, 0, 2.6, 0]}, {"Target": "Parameter", "Id": "ParamArmL7", "Segments": [0, -3, 0, 2.6, -3]}, {"Target": "Parameter", "Id": "ParamArmL9", "Segments": [0, -0.8, 0, 2.6, -0.8]}, {"Target": "Parameter", "Id": "ParamHandLA", "Segments": [0, 1, 0, 2.6, 1]}, {"Target": "Parameter", "Id": "ParamHandLB", "Segments": [0, 0, 0, 2.6, 0]}, {"Target": "Parameter", "Id": "ParamHandLC", "Segments": [0, 0, 0, 2.6, 0]}, {"Target": "Parameter", "Id": "ParamHandLD", "Segments": [0, 0, 0, 2.6, 0]}, {"Target": "Parameter", "Id": "ParamHandLE", "Segments": [0, 0, 0, 2.6, 0]}, {"Target": "Parameter", "Id": "ParamHandLF", "Segments": [0, 0, 0, 2.6, 0]}, {"Target": "Parameter", "Id": "ParamHandLG", "Segments": [0, 0, 0, 2.6, 0]}, {"Target": "Parameter", "Id": "ParamHandLH", "Segments": [0, 0, 0, 2.6, 0]}, {"Target": "Parameter", "Id": "ParamHandLI", "Segments": [0, 0, 0, 2.6, 0]}, {"Target": "Parameter", "Id": "ParamHandLJ", "Segments": [0, 0, 0, 2.6, 0]}, {"Target": "Parameter", "Id": "ParamHandLK", "Segments": [0, 0, 0, 2.6, 0]}], "UserData": [{"Time": 0.45, "Value": "eyeblink,0.2,0.74,0.24"}]}