{"Version": 3, "Meta": {"Duration": 3.233, "Fps": 60.0, "Loop": true, "AreBeziersRestricted": true, "CurveCount": 61, "UserDataCount": 1, "TotalSegmentCount": 186, "TotalPointCount": 194, "TotalUserDataSize": 23}, "Curves": [{"Target": "Parameter", "Id": "ParamAngleX", "Segments": [0, 0, 0, 0.417, -9, 0, 0.917, 24, 0, 1.417, -22, 0, 1.95, 28, 0, 2.567, 0, 2, 3.233, 0]}, {"Target": "Parameter", "Id": "ParamAngleY", "Segments": [0, 0, 0, 0.417, -12, 1, 0.584, -19.715, 0.75, -22, 0.917, -22, 2, 1.95, -22, 0, 2.6, -7, 2, 3.233, -7]}, {"Target": "Parameter", "Id": "ParamAngleZ", "Segments": [0, 2, 0, 0.417, -15, 0, 0.917, 2, 1, 1.084, 2, 1.25, -3.075, 1.417, -5, 1, 1.595, -7.053, 1.772, -8.198, 1.95, -9, 1, 2.15, -9.902, 2.35, -10.0, 2.55, -10, 2, 3.233, -10]}, {"Target": "Parameter", "Id": "ParamEyeROpen", "Segments": [0, 1, 0, 0.5, 1, 0, 0.917, 0, 2, 1.95, 0, 0, 2.533, 1, 2, 3.233, 1]}, {"Target": "Parameter", "Id": "ParamEyeLOpen", "Segments": [0, 1, 0, 0.5, 1, 0, 0.917, 0, 2, 1.95, 0, 0, 2.533, 1, 2, 3.233, 1]}, {"Target": "Parameter", "Id": "ParamBodyAngleX", "Segments": [0, 0, 0, 0.283, 0, 0, 0.867, 8, 0, 1.333, -8, 0, 1.867, 8, 0, 2.367, 0, 2, 3.233, 0]}, {"Target": "Parameter", "Id": "ParamBodyAngleY", "Segments": [0, 0, 0, 0.283, 2, 0, 0.867, -1, 0, 1.333, 0, 2, 3.233, 0]}, {"Target": "Parameter", "Id": "ParamUpperBodyZ", "Segments": [0, 7, 0, 0.283, 8, 0, 1.333, 6, 0, 2.367, 7, 2, 3.233, 7]}, {"Target": "Parameter", "Id": "ParamUpperBody", "Segments": [0, 0, 0, 0.283, 2, 0, 1.333, -1, 0, 2.35, 0, 2, 3.233, 0]}, {"Target": "Parameter", "Id": "ParamShoulderR", "Segments": [0, 0, 0, 0.283, 5, 0, 0.667, -1, 0, 1.05, 0, 2, 3.233, 0]}, {"Target": "Parameter", "Id": "ParamArmR1", "Segments": [0, -42, 0, 0.283, -41, 0, 0.667, -42, 2, 3.233, -42]}, {"Target": "Parameter", "Id": "ParamArmR2", "Segments": [0, -1, 0, 0.05, -1, 0, 0.333, -2, 0, 0.717, -1, 2, 3.233, -1]}, {"Target": "Parameter", "Id": "ParamArmR3", "Segments": [0, -5, 0, 0.1, -5, 0, 0.383, -9, 0, 0.767, -5, 2, 3.233, -5]}, {"Target": "Parameter", "Id": "ParamFingerR", "Segments": [0, 0, 0, 0.333, 6, 0, 0.817, -4, 0, 1.617, 0, 2, 3.233, 0]}, {"Target": "Parameter", "Id": "ParamShoulderL", "Segments": [0, 0, 0, 0.283, 8, 0, 0.667, -1, 0, 1.05, 0, 2, 3.233, 0]}, {"Target": "Parameter", "Id": "ParamArmL1", "Segments": [0, -35, 0, 0.283, -33, 0, 0.667, -35, 2, 3.233, -35]}, {"Target": "Parameter", "Id": "ParamArmL2", "Segments": [0, -1, 0, 0.05, -1, 0, 0.333, -2, 0, 0.717, -1, 2, 3.233, -1]}, {"Target": "Parameter", "Id": "ParamArmL3", "Segments": [0, -7, 0, 0.1, -7, 0, 0.383, -11, 0, 0.767, -7, 2, 3.233, -7]}, {"Target": "Parameter", "Id": "ParamFingerL", "Segments": [0, 0, 0, 0.333, 6, 0, 0.817, -4, 0, 1.617, 0, 2, 3.233, 0]}, {"Target": "Parameter", "Id": "ParamPositionX", "Segments": [0, 1, 0, 3.233, 1]}, {"Target": "Parameter", "Id": "ParamPositionY", "Segments": [0, 0, 0, 3.233, 0]}, {"Target": "Parameter", "Id": "ParamRotationZ", "Segments": [0, 0, 0, 3.233, 0]}, {"Target": "Parameter", "Id": "ParamEyeballX", "Segments": [0, 0, 0, 3.233, 0]}, {"Target": "Parameter", "Id": "ParamBodyAngleZ", "Segments": [0, -5, 0, 3.233, -5]}, {"Target": "Parameter", "Id": "ParamBreath", "Segments": [0, 0, 0, 3.233, 0]}, {"Target": "Parameter", "Id": "ParamLegLZ", "Segments": [0, 2, 0, 3.233, 2]}, {"Target": "Parameter", "Id": "ParamLegRZ", "Segments": [0, 5, 0, 3.233, 5]}, {"Target": "Parameter", "Id": "ParamArmR4", "Segments": [0, 0, 0, 3.233, 0]}, {"Target": "Parameter", "Id": "ParamArmR5", "Segments": [0, 0, 0, 3.233, 0]}, {"Target": "Parameter", "Id": "ParamArmR6", "Segments": [0, 1, 0, 3.233, 1]}, {"Target": "Parameter", "Id": "ParamArmR7", "Segments": [0, 0, 0, 3.233, 0]}, {"Target": "Parameter", "Id": "ParamArmR8", "Segments": [0, -7, 0, 3.233, -7]}, {"Target": "Parameter", "Id": "ParamArmR9", "Segments": [0, -0.8, 0, 3.233, -0.8]}, {"Target": "Parameter", "Id": "ParamHandRA", "Segments": [0, 1, 0, 3.233, 1]}, {"Target": "Parameter", "Id": "ParamHandRB", "Segments": [0, 0, 0, 3.233, 0]}, {"Target": "Parameter", "Id": "ParamHandRC", "Segments": [0, 0, 0, 3.233, 0]}, {"Target": "Parameter", "Id": "ParamHandRD", "Segments": [0, 0, 0, 3.233, 0]}, {"Target": "Parameter", "Id": "ParamHandRE", "Segments": [0, 0, 0, 3.233, 0]}, {"Target": "Parameter", "Id": "ParamHandRF", "Segments": [0, 0, 0, 3.233, 0]}, {"Target": "Parameter", "Id": "ParamHandRG", "Segments": [0, 0, 0, 3.233, 0]}, {"Target": "Parameter", "Id": "ParamHandRH", "Segments": [0, 0, 0, 3.233, 0]}, {"Target": "Parameter", "Id": "ParamHandRI", "Segments": [0, 0, 0, 3.233, 0]}, {"Target": "Parameter", "Id": "ParamHandRJ", "Segments": [0, 0, 0, 3.233, 0]}, {"Target": "Parameter", "Id": "ParamHandRK", "Segments": [0, 0, 0, 3.233, 0]}, {"Target": "Parameter", "Id": "ParamArmL4", "Segments": [0, 0, 0, 3.233, 0]}, {"Target": "Parameter", "Id": "ParamArmL5", "Segments": [0, 0, 0, 3.233, 0]}, {"Target": "Parameter", "Id": "ParamArmL6", "Segments": [0, 1, 0, 3.233, 1]}, {"Target": "Parameter", "Id": "ParamArmL7", "Segments": [0, 0, 0, 3.233, 0]}, {"Target": "Parameter", "Id": "ParamArmL8", "Segments": [0, -10, 0, 3.233, -10]}, {"Target": "Parameter", "Id": "ParamArmL9", "Segments": [0, -0.8, 0, 3.233, -0.8]}, {"Target": "Parameter", "Id": "ParamHandLA", "Segments": [0, 1, 0, 3.233, 1]}, {"Target": "Parameter", "Id": "ParamHandLB", "Segments": [0, 0, 0, 3.233, 0]}, {"Target": "Parameter", "Id": "ParamHandLC", "Segments": [0, 0, 0, 3.233, 0]}, {"Target": "Parameter", "Id": "ParamHandLD", "Segments": [0, 0, 0, 3.233, 0]}, {"Target": "Parameter", "Id": "ParamHandLE", "Segments": [0, 0, 0, 3.233, 0]}, {"Target": "Parameter", "Id": "ParamHandLF", "Segments": [0, 0, 0, 3.233, 0]}, {"Target": "Parameter", "Id": "ParamHandLG", "Segments": [0, 0, 0, 3.233, 0]}, {"Target": "Parameter", "Id": "ParamHandLH", "Segments": [0, 0, 0, 3.233, 0]}, {"Target": "Parameter", "Id": "ParamHandLI", "Segments": [0, 0, 0, 3.233, 0]}, {"Target": "Parameter", "Id": "ParamHandLJ", "Segments": [0, 0, 0, 3.233, 0]}, {"Target": "Parameter", "Id": "ParamHandLK", "Segments": [0, 0, 0, 3.233, 0]}], "UserData": [{"Time": 0.483, "Value": "eyeblink,0.20,0.48,0.20"}]}