{"Version": 3, "Meta": {"Duration": 1, "Fps": 60.0, "Loop": true, "AreBeziersRestricted": true, "CurveCount": 24, "UserDataCount": 0, "TotalSegmentCount": 73, "TotalPointCount": 77, "TotalUserDataSize": 0}, "Curves": [{"Target": "Parameter", "Id": "ParamBrowRY", "Segments": [0, 0.1, 0, 0.133, 0.1, 0, 0.25, 0, 2, 0.383, 0, 2, 1, 0]}, {"Target": "Parameter", "Id": "ParamBrowRForm", "Segments": [0, 1, 0, 0.133, 1, 0, 0.25, 0.8, 2, 0.383, 0.8, 2, 1, 0.8]}, {"Target": "Parameter", "Id": "ParamBrowLY", "Segments": [0, 0.2, 0, 0.133, 0.2, 0, 0.25, -0.4, 2, 0.383, -0.4, 2, 1, -0.4]}, {"Target": "Parameter", "Id": "ParamBrowLAngle", "Segments": [0, 0.4, 0, 0.133, 0.4, 0, 0.25, 0.3, 2, 0.383, 0.3, 2, 1, 0.3]}, {"Target": "Parameter", "Id": "ParamBrowLForm", "Segments": [0, 1, 0, 0.133, 1, 1, 0.172, 1, 0.211, 0.845, 0.25, 0.7, 1, 0.294, 0.534, 0.339, 0.5, 0.383, 0.5, 2, 1, 0.5]}, {"Target": "Parameter", "Id": "ParamEyeROpen", "Segments": [0, 1.2, 0, 0.133, 1.2, 0, 0.25, 1.1, 2, 0.383, 1.1, 2, 1, 1.1]}, {"Target": "Parameter", "Id": "ParamEyeRForm", "Segments": [0, 0, 0, 0.25, 0.4, 2, 0.383, 0.4, 2, 1, 0.4]}, {"Target": "Parameter", "Id": "ParamEyeLOpen", "Segments": [0, 1.2, 0, 0.133, 1.2, 0, 0.25, 0, 2, 0.383, 0, 2, 1, 0]}, {"Target": "Parameter", "Id": "ParamEyeLForm", "Segments": [0, 0, 0, 0.133, 0, 0, 0.383, 0.4, 2, 1, 0.4]}, {"Target": "Parameter", "Id": "ParamBrowRX", "Segments": [0, 0, 0, 1, 0]}, {"Target": "Parameter", "Id": "ParamBrowRAngle", "Segments": [0, 0.4, 0, 1, 0.4]}, {"Target": "Parameter", "Id": "ParamBrowLX", "Segments": [0, 0, 0, 1, 0]}, {"Target": "Parameter", "Id": "ParamEyeRSmile", "Segments": [0, 1, 0, 1, 1]}, {"Target": "Parameter", "Id": "ParamEyeLSmile", "Segments": [0, 1, 0, 1, 1]}, {"Target": "Parameter", "Id": "ParamMouthForm", "Segments": [0, 0.5, 0, 1, 0.5]}, {"Target": "Parameter", "Id": "ParamMouthForm2", "Segments": [0, 1, 0, 1, 1]}, {"Target": "Parameter", "Id": "ParamTeeth", "Segments": [0, 0, 0, 1, 0]}, {"Target": "Parameter", "Id": "ParamMouthScaleX", "Segments": [0, 0, 0, 1, 0]}, {"Target": "Parameter", "Id": "ParamMouthScaleY", "Segments": [0, 0, 0, 1, 0]}, {"Target": "Parameter", "Id": "ParamMouthPositionY", "Segments": [0, 0, 0, 1, 0]}, {"Target": "Parameter", "Id": "ParamCheek", "Segments": [0, 0, 0, 1, 0]}, {"Target": "Parameter", "Id": "ParamFaceShadow", "Segments": [0, 0, 0, 1, 0]}, {"Target": "Parameter", "Id": "ParamCheekAngry", "Segments": [0, 0, 0, 1, 0]}, {"Target": "Parameter", "Id": "ParamCheek2", "Segments": [0, -1, 0, 1, -1]}], "UserData": []}