{"Version": 3, "Meta": {"Duration": 2.6, "Fps": 60.0, "Loop": true, "AreBeziersRestricted": true, "CurveCount": 61, "UserDataCount": 1, "TotalSegmentCount": 183, "TotalPointCount": 189, "TotalUserDataSize": 22}, "Curves": [{"Target": "Parameter", "Id": "ParamPositionX", "Segments": [0, 0, 0, 0.45, -1, 2, 2.6, -1]}, {"Target": "Parameter", "Id": "ParamPositionY", "Segments": [0, 0, 0, 0.45, 2, 0, 1.133, 0, 2, 2.6, 0]}, {"Target": "Parameter", "Id": "ParamRotationZ", "Segments": [0, 0, 0, 0.567, -1, 0, 1.25, 0, 2, 2.6, 0]}, {"Target": "Parameter", "Id": "ParamAngleX", "Segments": [0, -1, 0, 0.283, 2, 0, 0.85, -4, 0, 1.367, 0, 2, 2.6, 0]}, {"Target": "Parameter", "Id": "ParamAngleY", "Segments": [0, -15, 0, 0.283, 14, 0, 0.85, -15, 0, 1.567, 5, 2, 2.6, 5]}, {"Target": "Parameter", "Id": "ParamAngleZ", "Segments": [0, -21, 0, 0.383, 5, 1, 0.578, 14.13, 0.772, 15.0, 0.967, 15, 2, 2.6, 15]}, {"Target": "Parameter", "Id": "ParamEyeROpen", "Segments": [0, 1, 0, 0.183, 1, 0, 0.383, 0, 2, 0.733, 0, 0, 0.967, 1, 2, 2.6, 1]}, {"Target": "Parameter", "Id": "ParamEyeLOpen", "Segments": [0, 1, 0, 0.183, 1, 0, 0.383, 0, 2, 0.733, 0, 0, 0.967, 1, 2, 2.6, 1]}, {"Target": "Parameter", "Id": "ParamEyeballX", "Segments": [0, 0, 0, 0.283, 0.1, 0, 1.133, 0, 2, 2.6, 0]}, {"Target": "Parameter", "Id": "ParamBodyAngleX", "Segments": [0, -5, 0, 0.717, 0, 0, 1.4, -5, 2, 2.6, -5]}, {"Target": "Parameter", "Id": "ParamBodyAngleY", "Segments": [0, 0, 0, 0.45, 3, 0, 0.917, -5, 0, 1.533, -1, 2, 2.6, -1]}, {"Target": "Parameter", "Id": "ParamBodyAngleZ", "Segments": [0, -4, 0, 0.583, -3, 0, 1.117, -4, 2, 2.6, -4]}, {"Target": "Parameter", "Id": "ParamUpperBodyZ", "Segments": [0, 7, 0, 1.3, 8, 2, 2.6, 8]}, {"Target": "Parameter", "Id": "ParamUpperBody", "Segments": [0, 0, 0, 0.733, 2, 0, 1.467, 0, 2, 2.6, 0]}, {"Target": "Parameter", "Id": "ParamBreath", "Segments": [0, 0, 0, 0.45, 0.5, 0, 0.9, 0, 2, 2.6, 0]}, {"Target": "Parameter", "Id": "ParamShoulderR", "Segments": [0, 7, 0, 0.333, 10, 0, 0.833, 3, 2, 2.6, 3]}, {"Target": "Parameter", "Id": "ParamArmR1", "Segments": [0, -41, 0, 0.383, -46, 0, 0.867, -40, 2, 2.6, -40]}, {"Target": "Parameter", "Id": "ParamArmR2", "Segments": [0, 41, 0, 0.467, 43, 0, 0.967, 39, 2, 2.6, 39]}, {"Target": "Parameter", "Id": "ParamArmR3", "Segments": [0, 40, 0, 0.717, -15, 0, 1.367, -8, 2, 2.6, -8]}, {"Target": "Parameter", "Id": "ParamArmR4", "Segments": [0, 7, 0, 0.867, 17, 1, 1.1, 21.66, 1.334, 23.0, 1.567, 23, 2, 2.6, 23]}, {"Target": "Parameter", "Id": "ParamArmR5", "Segments": [0, 4, 0, 1.05, 2, 2, 2.6, 2]}, {"Target": "Parameter", "Id": "ParamArmR6", "Segments": [0, 1.1, 0, 0.433, 1.1, 0, 0.45, 1, 2, 2.6, 1]}, {"Target": "Parameter", "Id": "ParamArmR8", "Segments": [0, 30, 0, 0.683, -23, 2, 2.6, -23]}, {"Target": "Parameter", "Id": "ParamShoulderL", "Segments": [0, 8, 0, 0.333, 10, 0, 0.883, 3, 2, 2.6, 3]}, {"Target": "Parameter", "Id": "ParamArmL1", "Segments": [0, -40, 0, 0.383, -45, 0, 0.917, -38, 2, 2.6, -38]}, {"Target": "Parameter", "Id": "ParamArmL2", "Segments": [0, 39, 0, 0.467, 43, 0, 1, 41, 2, 2.6, 41]}, {"Target": "Parameter", "Id": "ParamArmL3", "Segments": [0, -18, 0, 0.7, 31, 2, 2.6, 31]}, {"Target": "Parameter", "Id": "ParamArmL4", "Segments": [0, 15, 0, 1.567, 22, 2, 2.6, 22]}, {"Target": "Parameter", "Id": "ParamArmL5", "Segments": [0, 0, 0, 0.383, 2, 1, 0.544, 4.318, 0.706, 7.0, 0.867, 7, 2, 2.6, 7]}, {"Target": "Parameter", "Id": "ParamArmL8", "Segments": [0, -21, 0, 0.6, 26, 2, 2.6, 26]}, {"Target": "Parameter", "Id": "ParamFingerL", "Segments": [0, 0, 0, 1.367, 8, 2, 2.6, 8]}, {"Target": "Parameter", "Id": "ParamLegLZ", "Segments": [0, -1, 0, 2.6, -1]}, {"Target": "Parameter", "Id": "ParamLegRZ", "Segments": [0, 2, 0, 2.6, 2]}, {"Target": "Parameter", "Id": "ParamArmR7", "Segments": [0, -4, 0, 2.6, -4]}, {"Target": "Parameter", "Id": "ParamArmR9", "Segments": [0, 0.8, 0, 2.6, 0.8]}, {"Target": "Parameter", "Id": "ParamHandRA", "Segments": [0, 0, 0, 2.6, 0]}, {"Target": "Parameter", "Id": "ParamHandRB", "Segments": [0, 0, 0, 2.6, 0]}, {"Target": "Parameter", "Id": "ParamHandRC", "Segments": [0, 0, 0, 2.6, 0]}, {"Target": "Parameter", "Id": "ParamHandRD", "Segments": [0, 0, 0, 2.6, 0]}, {"Target": "Parameter", "Id": "ParamHandRE", "Segments": [0, 0, 0, 2.6, 0]}, {"Target": "Parameter", "Id": "ParamHandRF", "Segments": [0, 1, 0, 2.6, 1]}, {"Target": "Parameter", "Id": "ParamHandRG", "Segments": [0, 0, 0, 2.6, 0]}, {"Target": "Parameter", "Id": "ParamHandRH", "Segments": [0, 0, 0, 2.6, 0]}, {"Target": "Parameter", "Id": "ParamHandRI", "Segments": [0, 0, 0, 2.6, 0]}, {"Target": "Parameter", "Id": "ParamHandRJ", "Segments": [0, 0, 0, 2.6, 0]}, {"Target": "Parameter", "Id": "ParamHandRK", "Segments": [0, 0, 0, 2.6, 0]}, {"Target": "Parameter", "Id": "ParamFingerR", "Segments": [0, 7, 0, 2.6, 7]}, {"Target": "Parameter", "Id": "ParamArmL6", "Segments": [0, 1, 0, 2.6, 1]}, {"Target": "Parameter", "Id": "ParamArmL7", "Segments": [0, -4, 0, 2.6, -4]}, {"Target": "Parameter", "Id": "ParamArmL9", "Segments": [0, 0.8, 0, 2.6, 0.8]}, {"Target": "Parameter", "Id": "ParamHandLA", "Segments": [0, 0, 0, 2.6, 0]}, {"Target": "Parameter", "Id": "ParamHandLB", "Segments": [0, 0, 0, 2.6, 0]}, {"Target": "Parameter", "Id": "ParamHandLC", "Segments": [0, 0, 0, 2.6, 0]}, {"Target": "Parameter", "Id": "ParamHandLD", "Segments": [0, 0, 0, 2.6, 0]}, {"Target": "Parameter", "Id": "ParamHandLE", "Segments": [0, 0, 0, 2.6, 0]}, {"Target": "Parameter", "Id": "ParamHandLF", "Segments": [0, 1, 0, 2.6, 1]}, {"Target": "Parameter", "Id": "ParamHandLG", "Segments": [0, 0, 0, 2.6, 0]}, {"Target": "Parameter", "Id": "ParamHandLH", "Segments": [0, 0, 0, 2.6, 0]}, {"Target": "Parameter", "Id": "ParamHandLI", "Segments": [0, 0, 0, 2.6, 0]}, {"Target": "Parameter", "Id": "ParamHandLJ", "Segments": [0, 0, 0, 2.6, 0]}, {"Target": "Parameter", "Id": "ParamHandLK", "Segments": [0, 0, 0, 2.6, 0]}], "UserData": [{"Time": 0.183, "Value": "eyeblink,0.2,0.35,0.24"}]}