{"Version": 3, "Meta": {"Duration": 2.6, "Fps": 60.0, "Loop": true, "AreBeziersRestricted": true, "CurveCount": 61, "UserDataCount": 1, "TotalSegmentCount": 186, "TotalPointCount": 190, "TotalUserDataSize": 23}, "Curves": [{"Target": "Parameter", "Id": "ParamPositionY", "Segments": [0, 0, 0, 0.4, 1, 0, 0.867, 0, 2, 2.6, 0]}, {"Target": "Parameter", "Id": "ParamAngleX", "Segments": [0, 0, 0, 0.35, 2, 0, 0.867, -3, 0, 1.45, 1, 2, 2.6, 1]}, {"Target": "Parameter", "Id": "ParamAngleY", "Segments": [0, 0, 0, 0.35, 6, 0, 0.867, -15, 0, 1.45, -8, 2, 2.6, -8]}, {"Target": "Parameter", "Id": "ParamAngleZ", "Segments": [0, 0, 0, 0.45, -11, 0, 0.983, 11, 0, 1.533, 4, 2, 2.6, 4]}, {"Target": "Parameter", "Id": "ParamEyeROpen", "Segments": [0, 1, 0, 0.483, 1, 0, 0.683, 0, 2, 1.167, 0, 0, 1.333, 1, 2, 2.6, 1]}, {"Target": "Parameter", "Id": "ParamEyeLOpen", "Segments": [0, 1, 0, 0.483, 1, 0, 0.683, 0, 2, 1.167, 0, 0, 1.333, 1, 2, 2.6, 1]}, {"Target": "Parameter", "Id": "ParamEyeballX", "Segments": [0, 0, 0, 0.5, 0.1, 0, 1.417, 0, 2, 2.6, 0]}, {"Target": "Parameter", "Id": "ParamBodyAngleX", "Segments": [0, -4, 0, 0.35, 2, 0, 0.933, -3, 2, 2.6, -3]}, {"Target": "Parameter", "Id": "ParamBodyAngleY", "Segments": [0, 0, 0, 0.433, 4, 0, 0.917, -4, 0, 1.467, -2, 2, 2.6, -2]}, {"Target": "Parameter", "Id": "ParamBodyAngleZ", "Segments": [0, -5, 0, 0.45, -3, 1, 0.694, -2.095, 0.939, -2.0, 1.183, -2, 2, 2.6, -2]}, {"Target": "Parameter", "Id": "ParamUpperBodyZ", "Segments": [0, 7, 0, 1.183, 3, 2, 2.6, 3]}, {"Target": "Parameter", "Id": "ParamLegLZ", "Segments": [0, -1, 0, 0.8, 2, 2, 2.6, 2]}, {"Target": "Parameter", "Id": "ParamLegRZ", "Segments": [0, 4, 0, 0.8, 2, 2, 2.6, 2]}, {"Target": "Parameter", "Id": "ParamShoulderR", "Segments": [0, 0, 0, 0.367, 5, 0, 1.05, 2, 2, 2.6, 2]}, {"Target": "Parameter", "Id": "ParamArmR1", "Segments": [0, -46, 0, 0.367, -40, 0, 0.767, -42, 2, 1.15, -42, 2, 2.6, -42]}, {"Target": "Parameter", "Id": "ParamArmR2", "Segments": [0, -2, 0, 0.467, -3, 0, 0.85, -1, 0, 1.2, -2, 2, 2.6, -2]}, {"Target": "Parameter", "Id": "ParamArmR3", "Segments": [0, -17, 0, 0.55, -31, 0, 0.917, -14, 0, 1.333, -16, 2, 2.6, -16]}, {"Target": "Parameter", "Id": "ParamArmR5", "Segments": [0, 0, 0, 0.467, 4, 0, 0.917, 1, 2, 2.6, 1]}, {"Target": "Parameter", "Id": "ParamArmR8", "Segments": [0, -19, 0, 0.483, -27, 0, 0.917, -16, 2, 2.6, -16]}, {"Target": "Parameter", "Id": "ParamFingerR", "Segments": [0, 0, 0, 0.5, 6, 0, 0.9, -3, 0, 1.55, 0, 2, 2.6, 0]}, {"Target": "Parameter", "Id": "ParamShoulderL", "Segments": [0, 3, 0, 0.383, 10, 0, 0.817, 4, 2, 2.6, 4]}, {"Target": "Parameter", "Id": "ParamArmL1", "Segments": [0, 7, 0, 0.417, 15, 0, 0.967, -9, 2, 2.6, -9]}, {"Target": "Parameter", "Id": "ParamArmL2", "Segments": [0, 18, 0, 0.417, 24, 0, 0.967, 13, 2, 2.6, 13]}, {"Target": "Parameter", "Id": "ParamArmL3", "Segments": [0, 18, 0, 0.417, 24, 1, 0.6, 31.326, 0.784, 40.0, 0.967, 40, 2, 2.6, 40]}, {"Target": "Parameter", "Id": "ParamArmL4", "Segments": [0, 27, 0, 0.967, 9, 2, 2.6, 9]}, {"Target": "Parameter", "Id": "ParamArmL5", "Segments": [0, 9, 0, 0.417, 12, 2, 2.6, 12]}, {"Target": "Parameter", "Id": "ParamArmL8", "Segments": [0, 25, 0, 0.45, 18, 0, 1.017, 40, 2, 2.6, 40]}, {"Target": "Parameter", "Id": "ParamFingerL", "Segments": [0, 0, 0, 0.45, 7, 0, 1, -3, 0, 1.733, 0, 2, 2.6, 0]}, {"Target": "Parameter", "Id": "ParamPositionX", "Segments": [0, 1, 0, 2.6, 1]}, {"Target": "Parameter", "Id": "ParamRotationZ", "Segments": [0, 0, 0, 2.6, 0]}, {"Target": "Parameter", "Id": "ParamUpperBody", "Segments": [0, 0, 0, 2.6, 0]}, {"Target": "Parameter", "Id": "ParamBreath", "Segments": [0, 0, 0, 2.6, 0]}, {"Target": "Parameter", "Id": "ParamArmR4", "Segments": [0, 0, 0, 2.6, 0]}, {"Target": "Parameter", "Id": "ParamArmR6", "Segments": [0, 0, 0, 2.6, 0]}, {"Target": "Parameter", "Id": "ParamArmR7", "Segments": [0, 0, 0, 2.6, 0]}, {"Target": "Parameter", "Id": "ParamArmR9", "Segments": [0, -0.8, 0, 2.6, -0.8]}, {"Target": "Parameter", "Id": "ParamHandRA", "Segments": [0, 1, 0, 2.6, 1]}, {"Target": "Parameter", "Id": "ParamHandRB", "Segments": [0, 0, 0, 2.6, 0]}, {"Target": "Parameter", "Id": "ParamHandRC", "Segments": [0, 0, 0, 2.6, 0]}, {"Target": "Parameter", "Id": "ParamHandRD", "Segments": [0, 0, 0, 2.6, 0]}, {"Target": "Parameter", "Id": "ParamHandRE", "Segments": [0, 0, 0, 2.6, 0]}, {"Target": "Parameter", "Id": "ParamHandRF", "Segments": [0, 0, 0, 2.6, 0]}, {"Target": "Parameter", "Id": "ParamHandRG", "Segments": [0, 0, 0, 2.6, 0]}, {"Target": "Parameter", "Id": "ParamHandRH", "Segments": [0, 0, 0, 2.6, 0]}, {"Target": "Parameter", "Id": "ParamHandRI", "Segments": [0, 0, 0, 2.6, 0]}, {"Target": "Parameter", "Id": "ParamHandRJ", "Segments": [0, 0, 0, 2.6, 0]}, {"Target": "Parameter", "Id": "ParamHandRK", "Segments": [0, 0, 0, 2.6, 0]}, {"Target": "Parameter", "Id": "ParamArmL6", "Segments": [0, 1, 0, 2.6, 1]}, {"Target": "Parameter", "Id": "ParamArmL7", "Segments": [0, 0, 0, 2.6, 0]}, {"Target": "Parameter", "Id": "ParamArmL9", "Segments": [0, 0.6, 0, 2.6, 0.6]}, {"Target": "Parameter", "Id": "ParamHandLA", "Segments": [0, 0, 0, 2.6, 0]}, {"Target": "Parameter", "Id": "ParamHandLB", "Segments": [0, 0, 0, 2.6, 0]}, {"Target": "Parameter", "Id": "ParamHandLC", "Segments": [0, 0, 0, 2.6, 0]}, {"Target": "Parameter", "Id": "ParamHandLD", "Segments": [0, 0, 0, 2.6, 0]}, {"Target": "Parameter", "Id": "ParamHandLE", "Segments": [0, 0, 0, 2.6, 0]}, {"Target": "Parameter", "Id": "ParamHandLF", "Segments": [0, 0, 0, 2.6, 0]}, {"Target": "Parameter", "Id": "ParamHandLG", "Segments": [0, 0, 0, 2.6, 0]}, {"Target": "Parameter", "Id": "ParamHandLH", "Segments": [0, 0, 0, 2.6, 0]}, {"Target": "Parameter", "Id": "ParamHandLI", "Segments": [0, 0, 0, 2.6, 0]}, {"Target": "Parameter", "Id": "ParamHandLJ", "Segments": [0, 1, 0, 2.6, 1]}, {"Target": "Parameter", "Id": "ParamHandLK", "Segments": [0, 0, 0, 2.6, 0]}], "UserData": [{"Time": 0.483, "Value": "eyeblink,0.20,0.48,0.20"}]}