{"Version": 3, "Meta": {"Duration": 2.833, "Fps": 60.0, "Loop": true, "AreBeziersRestricted": true, "CurveCount": 61, "UserDataCount": 1, "TotalSegmentCount": 210, "TotalPointCount": 222, "TotalUserDataSize": 23}, "Curves": [{"Target": "Parameter", "Id": "ParamAngleX", "Segments": [0, 0, 0, 0.117, 0, 0, 0.65, -10, 0, 1.317, 9, 0, 2.183, -8, 2, 2.833, -8]}, {"Target": "Parameter", "Id": "ParamAngleY", "Segments": [0, 0, 0, 0.117, 0, 1, 0.295, 0, 0.472, -2.873, 0.65, -6, 1, 0.872, -9.909, 1.095, -11.0, 1.317, -11, 0, 2.183, -5, 2, 2.833, -5]}, {"Target": "Parameter", "Id": "ParamAngleZ", "Segments": [0, 11, 0, 0.117, 11, 0, 0.65, -7, 0, 1.317, 10, 0, 2.183, -5, 2, 2.833, -5]}, {"Target": "Parameter", "Id": "ParamEyeROpen", "Segments": [0, 1, 0, 0.333, 0, 2, 0.467, 0, 0, 0.85, 1, 2, 2.833, 1]}, {"Target": "Parameter", "Id": "ParamEyeLOpen", "Segments": [0, 1, 0, 0.333, 0, 2, 0.467, 0, 0, 0.85, 1, 2, 2.833, 1]}, {"Target": "Parameter", "Id": "ParamEyeballX", "Segments": [0, 0, 0, 1.317, 0, 0, 2.183, 0.2, 2, 2.833, 0.2]}, {"Target": "Parameter", "Id": "ParamBodyAngleX", "Segments": [0, 0, 0, 0.533, -4, 0, 1.2, 5, 0, 2.183, 0, 2, 2.833, 0]}, {"Target": "Parameter", "Id": "ParamBodyAngleY", "Segments": [0, 0, 0, 0.533, 2, 0, 1.2, -1, 0, 2.067, 0, 2, 2.833, 0]}, {"Target": "Parameter", "Id": "ParamBodyAngleZ", "Segments": [0, 4, 0, 0.533, 3, 2, 1.2, 3, 2, 2.067, 3, 2, 2.833, 3]}, {"Target": "Parameter", "Id": "ParamUpperBodyZ", "Segments": [0, -6, 0, 0.067, -6, 0, 0.6, -7, 0, 1.267, -4, 0, 2.133, -5, 2, 2.833, -5]}, {"Target": "Parameter", "Id": "ParamUpperBody", "Segments": [0, 0, 0, 0.533, 1, 0, 1.2, 0, 2, 2.067, 0, 2, 2.833, 0]}, {"Target": "Parameter", "Id": "ParamBreath", "Segments": [0, 0, 0, 0.533, 1, 1, 0.755, 1, 0.978, 0.785, 1.2, 0.5, 1, 1.489, 0.129, 1.778, 0.0, 2.067, 0, 2, 2.833, 0]}, {"Target": "Parameter", "Id": "ParamShoulderR", "Segments": [0, 4, 0, 0.533, 8, 0, 1.2, 6, 0, 2.067, 8, 2, 2.833, 8]}, {"Target": "Parameter", "Id": "ParamArmR2", "Segments": [0, 26, 0, 0.05, 26, 0, 0.583, 27, 0, 1.25, 26, 2, 2.117, 26, 2, 2.833, 26]}, {"Target": "Parameter", "Id": "ParamArmR3", "Segments": [0, -40, 0, 0.133, -40, 0, 0.667, -29, 0, 1.333, -40, 2, 2.167, -40, 2, 2.833, -40]}, {"Target": "Parameter", "Id": "ParamArmR4", "Segments": [0, 17, 0, 0.05, 17, 0, 0.583, 19, 0, 1.25, 17, 2, 2.833, 17]}, {"Target": "Parameter", "Id": "ParamArmR5", "Segments": [0, 3, 0, 0.05, 3, 0, 0.583, 4, 0, 1.25, 3, 2, 2.833, 3]}, {"Target": "Parameter", "Id": "ParamArmR8", "Segments": [0, -31, 0, 0.633, -15, 1, 0.872, -15, 1.111, -29.898, 1.35, -31, 1, 1.611, -32.205, 1.872, -32.0, 2.133, -32, 2, 2.833, -32]}, {"Target": "Parameter", "Id": "ParamFingerR", "Segments": [0, 0, 0, 0.517, 3, 0, 1.233, -4, 0, 2.033, 0, 2, 2.833, 0]}, {"Target": "Parameter", "Id": "ParamShoulderL", "Segments": [0, 1, 0, 0.533, 6, 0, 1.2, 5, 0, 2.067, 7, 2, 2.833, 7]}, {"Target": "Parameter", "Id": "ParamArmL1", "Segments": [0, -40, 0, 0.533, -38, 0, 1.2, -40, 2, 2.067, -40, 2, 2.833, -40]}, {"Target": "Parameter", "Id": "ParamArmL2", "Segments": [0, 39, 0, 0.05, 39, 0, 0.583, 41, 0, 1.25, 39, 2, 2.117, 39, 2, 2.833, 39]}, {"Target": "Parameter", "Id": "ParamArmL3", "Segments": [0, 18, 0, 0.133, 18, 0, 0.667, 31, 0, 1.333, 7, 0, 2.2, 18, 2, 2.833, 18]}, {"Target": "Parameter", "Id": "ParamArmL4", "Segments": [0, 15, 0, 0.05, 15, 0, 0.533, 17, 0, 1.2, 15, 2, 2.833, 15]}, {"Target": "Parameter", "Id": "ParamArmL5", "Segments": [0, 1, 0, 0.133, 1, 0, 0.583, 2, 0, 1.25, 1, 2, 2.833, 1]}, {"Target": "Parameter", "Id": "ParamArmL8", "Segments": [0, 8, 0, 0.683, 22, 0, 1.317, -3, 0, 2.133, 6, 2, 2.833, 6]}, {"Target": "Parameter", "Id": "ParamFingerL", "Segments": [0, 0, 0, 0.5, 7, 0, 1.25, -6, 0, 2.017, 0, 2, 2.833, 0]}, {"Target": "Parameter", "Id": "ParamPositionX", "Segments": [0, -1, 0, 2.833, -1]}, {"Target": "Parameter", "Id": "ParamPositionY", "Segments": [0, 0, 0, 2.833, 0]}, {"Target": "Parameter", "Id": "ParamRotationZ", "Segments": [0, 0, 0, 2.833, 0]}, {"Target": "Parameter", "Id": "ParamLegLZ", "Segments": [0, 5, 0, 2.833, 5]}, {"Target": "Parameter", "Id": "ParamLegRZ", "Segments": [0, 0, 0, 2.833, 0]}, {"Target": "Parameter", "Id": "ParamArmR1", "Segments": [0, -34, 0, 2.833, -34]}, {"Target": "Parameter", "Id": "ParamArmR6", "Segments": [0, 1.1, 0, 2.833, 1.1]}, {"Target": "Parameter", "Id": "ParamArmR7", "Segments": [0, 0, 0, 2.833, 0]}, {"Target": "Parameter", "Id": "ParamArmR9", "Segments": [0, 0.8, 0, 2.833, 0.8]}, {"Target": "Parameter", "Id": "ParamHandRA", "Segments": [0, 0, 0, 2.833, 0]}, {"Target": "Parameter", "Id": "ParamHandRB", "Segments": [0, 0, 0, 2.833, 0]}, {"Target": "Parameter", "Id": "ParamHandRC", "Segments": [0, 0, 0, 2.833, 0]}, {"Target": "Parameter", "Id": "ParamHandRD", "Segments": [0, 0, 0, 2.833, 0]}, {"Target": "Parameter", "Id": "ParamHandRE", "Segments": [0, 0, 0, 2.833, 0]}, {"Target": "Parameter", "Id": "ParamHandRF", "Segments": [0, 0, 0, 2.833, 0]}, {"Target": "Parameter", "Id": "ParamHandRG", "Segments": [0, 0, 0, 2.833, 0]}, {"Target": "Parameter", "Id": "ParamHandRH", "Segments": [0, 0, 0, 2.833, 0]}, {"Target": "Parameter", "Id": "ParamHandRI", "Segments": [0, 0, 0, 2.833, 0]}, {"Target": "Parameter", "Id": "ParamHandRJ", "Segments": [0, 1, 0, 2.833, 1]}, {"Target": "Parameter", "Id": "ParamHandRK", "Segments": [0, 0, 0, 2.833, 0]}, {"Target": "Parameter", "Id": "ParamArmL6", "Segments": [0, 1, 0, 2.833, 1]}, {"Target": "Parameter", "Id": "ParamArmL7", "Segments": [0, -5, 0, 2.833, -5]}, {"Target": "Parameter", "Id": "ParamArmL9", "Segments": [0, 0.7, 0, 2.833, 0.7]}, {"Target": "Parameter", "Id": "ParamHandLA", "Segments": [0, 0, 0, 2.833, 0]}, {"Target": "Parameter", "Id": "ParamHandLB", "Segments": [0, 0, 0, 2.833, 0]}, {"Target": "Parameter", "Id": "ParamHandLC", "Segments": [0, 0, 0, 2.833, 0]}, {"Target": "Parameter", "Id": "ParamHandLD", "Segments": [0, 1, 0, 2.833, 1]}, {"Target": "Parameter", "Id": "ParamHandLE", "Segments": [0, 0, 0, 2.833, 0]}, {"Target": "Parameter", "Id": "ParamHandLF", "Segments": [0, 0, 0, 2.833, 0]}, {"Target": "Parameter", "Id": "ParamHandLG", "Segments": [0, 0, 0, 2.833, 0]}, {"Target": "Parameter", "Id": "ParamHandLH", "Segments": [0, 0, 0, 2.833, 0]}, {"Target": "Parameter", "Id": "ParamHandLI", "Segments": [0, 0, 0, 2.833, 0]}, {"Target": "Parameter", "Id": "ParamHandLJ", "Segments": [0, 0, 0, 2.833, 0]}, {"Target": "Parameter", "Id": "ParamHandLK", "Segments": [0, 0, 0, 2.833, 0]}], "UserData": [{"Time": 0.233, "Value": "eyeblink,0.20,0.57,0.20"}]}