{"Version": 3, "Meta": {"Duration": 2.383, "Fps": 60.0, "Loop": true, "AreBeziersRestricted": true, "CurveCount": 61, "UserDataCount": 1, "TotalSegmentCount": 198, "TotalPointCount": 200, "TotalUserDataSize": 22}, "Curves": [{"Target": "Parameter", "Id": "ParamAngleX", "Segments": [0, 0, 0, 0.333, -4, 0, 0.783, 5, 0, 1.3, -1, 2, 2.383, -1]}, {"Target": "Parameter", "Id": "ParamAngleY", "Segments": [0, 0, 0, 0.333, 13, 0, 0.783, -18, 0, 1.3, -2, 2, 2.383, -2]}, {"Target": "Parameter", "Id": "ParamAngleZ", "Segments": [0, -15, 0, 0.467, 7, 0, 0.933, -20, 0, 1.417, -16, 2, 2.383, -16]}, {"Target": "Parameter", "Id": "ParamEyeROpen", "Segments": [0, 1, 0, 0.317, 1, 0, 0.517, 0, 2, 0.75, 0, 0, 0.983, 1, 2, 2.383, 1]}, {"Target": "Parameter", "Id": "ParamEyeLOpen", "Segments": [0, 1, 0, 0.317, 1, 0, 0.517, 0, 2, 0.75, 0, 0, 0.983, 1, 2, 2.383, 1]}, {"Target": "Parameter", "Id": "ParamEyeballX", "Segments": [0, 0, 0, 0.467, 0.1, 0, 1.2, 0, 2, 2.383, 0]}, {"Target": "Parameter", "Id": "ParamBodyAngleX", "Segments": [0, 5, 0, 0.4, 6, 0, 1.067, -6, 2, 2.383, -6]}, {"Target": "Parameter", "Id": "ParamBodyAngleY", "Segments": [0, 0, 0, 0.4, 5, 0, 1.067, 0, 2, 2.383, 0]}, {"Target": "Parameter", "Id": "ParamBodyAngleZ", "Segments": [0, -3, 0, 0.617, 3, 0, 1.167, -3, 2, 2.383, -3]}, {"Target": "Parameter", "Id": "ParamUpperBodyZ", "Segments": [0, 6, 0, 0.617, -1, 0, 1.167, 4, 2, 2.383, 4]}, {"Target": "Parameter", "Id": "ParamLegLZ", "Segments": [0, 1, 0, 0.867, -2, 2, 2.383, -2]}, {"Target": "Parameter", "Id": "ParamLegRZ", "Segments": [0, -4, 0, 0.867, 3, 2, 2.383, 3]}, {"Target": "Parameter", "Id": "ParamShoulderR", "Segments": [0, 2, 0, 0.433, 6, 0, 1.25, 0, 2, 2.383, 0]}, {"Target": "Parameter", "Id": "ParamArmR1", "Segments": [0, -35, 0, 0.333, -31, 0, 1.067, -39, 2, 2.383, -39]}, {"Target": "Parameter", "Id": "ParamArmR2", "Segments": [0, 43, 0, 0.433, 45, 0, 1.167, 42, 2, 2.383, 42]}, {"Target": "Parameter", "Id": "ParamArmR3", "Segments": [0, 25, 0, 0.533, 35, 0, 1.25, 5, 0, 1.85, 14, 2, 2.383, 14]}, {"Target": "Parameter", "Id": "ParamArmR4", "Segments": [0, 20, 0, 0.483, 28, 0, 1.25, 12, 2, 2.383, 12]}, {"Target": "Parameter", "Id": "ParamArmR5", "Segments": [0, 4, 0, 0.483, 6, 2, 1.25, 6, 2, 2.383, 6]}, {"Target": "Parameter", "Id": "ParamHandRD", "Segments": [0, 0, 0, 0.683, 0, 0, 0.867, 1, 2, 2.383, 1]}, {"Target": "Parameter", "Id": "ParamHandRJ", "Segments": [0, 1, 0, 0.683, 1, 0, 0.867, 0, 2, 2.383, 0]}, {"Target": "Parameter", "Id": "ParamFingerR", "Segments": [0, 0, 0, 0.533, 8, 0, 1.1, -2, 0, 1.733, 0, 2, 2.383, 0]}, {"Target": "Parameter", "Id": "ParamShoulderL", "Segments": [0, 2, 0, 0.467, 5, 2, 2.383, 5]}, {"Target": "Parameter", "Id": "ParamArmL1", "Segments": [0, -36, 0, 0.183, -23, 0, 0.533, -39, 2, 2.383, -39]}, {"Target": "Parameter", "Id": "ParamArmL2", "Segments": [0, -2, 0, 0.183, -1, 1, 0.333, 3.487, 0.483, 45.0, 0.633, 45, 0, 1.283, 42, 2, 1.967, 42, 2, 2.383, 42]}, {"Target": "Parameter", "Id": "ParamArmL3", "Segments": [0, -18, 0, 0.183, -19, 0, 0.65, 30, 0, 1.25, 8, 0, 1.633, 18, 2, 2.383, 18]}, {"Target": "Parameter", "Id": "ParamArmL4", "Segments": [0, 0, 0, 0.517, 17, 0, 1.1, 0, 2, 2.383, 0]}, {"Target": "Parameter", "Id": "ParamArmL5", "Segments": [0, 0, 0, 0.367, 20, 0, 0.7, 6, 2, 2.383, 6]}, {"Target": "Parameter", "Id": "ParamArmL6", "Segments": [0, 0, 0, 0.167, 0, 0, 0.183, 1, 2, 2.383, 1]}, {"Target": "Parameter", "Id": "ParamArmL8", "Segments": [0, -25, 0, 0.45, -40, 0, 1.2, -29, 0, 1.7, -40, 2, 2.383, -40]}, {"Target": "Parameter", "Id": "ParamHandLA", "Segments": [0, 1, 0, 0.267, 1, 0, 0.433, 0, 2, 2.383, 0]}, {"Target": "Parameter", "Id": "ParamHandLD", "Segments": [0, 0, 0, 0.267, 0, 0, 0.433, 1, 2, 2.383, 1]}, {"Target": "Parameter", "Id": "ParamFingerL", "Segments": [0, 0, 0, 0.433, 10, 0, 1.1, -4, 0, 1.55, 0, 2, 2.383, 0]}, {"Target": "Parameter", "Id": "ParamPositionX", "Segments": [0, 0, 0, 2.383, 0]}, {"Target": "Parameter", "Id": "ParamPositionY", "Segments": [0, 0, 0, 2.383, 0]}, {"Target": "Parameter", "Id": "ParamRotationZ", "Segments": [0, 0, 0, 2.383, 0]}, {"Target": "Parameter", "Id": "ParamUpperBody", "Segments": [0, 0, 0, 2.383, 0]}, {"Target": "Parameter", "Id": "ParamBreath", "Segments": [0, 0, 0, 2.383, 0]}, {"Target": "Parameter", "Id": "ParamArmR6", "Segments": [0, 1.1, 0, 2.383, 1.1]}, {"Target": "Parameter", "Id": "ParamArmR7", "Segments": [0, -4, 0, 2.383, -4]}, {"Target": "Parameter", "Id": "ParamArmR8", "Segments": [0, 26, 0, 2.383, 26]}, {"Target": "Parameter", "Id": "ParamArmR9", "Segments": [0, 0, 0, 2.383, 0]}, {"Target": "Parameter", "Id": "ParamHandRA", "Segments": [0, 0, 0, 2.383, 0]}, {"Target": "Parameter", "Id": "ParamHandRB", "Segments": [0, 0, 0, 2.383, 0]}, {"Target": "Parameter", "Id": "ParamHandRC", "Segments": [0, 0, 0, 2.383, 0]}, {"Target": "Parameter", "Id": "ParamHandRE", "Segments": [0, 0, 0, 2.383, 0]}, {"Target": "Parameter", "Id": "ParamHandRF", "Segments": [0, 0, 0, 2.383, 0]}, {"Target": "Parameter", "Id": "ParamHandRG", "Segments": [0, 0, 0, 2.383, 0]}, {"Target": "Parameter", "Id": "ParamHandRH", "Segments": [0, 0, 0, 2.383, 0]}, {"Target": "Parameter", "Id": "ParamHandRI", "Segments": [0, 0, 0, 2.383, 0]}, {"Target": "Parameter", "Id": "ParamHandRK", "Segments": [0, 0, 0, 2.383, 0]}, {"Target": "Parameter", "Id": "ParamArmL7", "Segments": [0, 0, 0, 2.383, 0]}, {"Target": "Parameter", "Id": "ParamArmL9", "Segments": [0, 0, 0, 2.383, 0]}, {"Target": "Parameter", "Id": "ParamHandLB", "Segments": [0, 0, 0, 2.383, 0]}, {"Target": "Parameter", "Id": "ParamHandLC", "Segments": [0, 0, 0, 2.383, 0]}, {"Target": "Parameter", "Id": "ParamHandLE", "Segments": [0, 0, 0, 2.383, 0]}, {"Target": "Parameter", "Id": "ParamHandLF", "Segments": [0, 0, 0, 2.383, 0]}, {"Target": "Parameter", "Id": "ParamHandLG", "Segments": [0, 0, 0, 2.383, 0]}, {"Target": "Parameter", "Id": "ParamHandLH", "Segments": [0, 0, 0, 2.383, 0]}, {"Target": "Parameter", "Id": "ParamHandLI", "Segments": [0, 0, 0, 2.383, 0]}, {"Target": "Parameter", "Id": "ParamHandLJ", "Segments": [0, 0, 0, 2.383, 0]}, {"Target": "Parameter", "Id": "ParamHandLK", "Segments": [0, 0, 0, 2.383, 0]}], "UserData": [{"Time": 0.317, "Value": "eyeblink,0.2,0.24,0.24"}]}