{"Version": 3, "Meta": {"Duration": 2.6, "Fps": 60.0, "Loop": true, "AreBeziersRestricted": true, "CurveCount": 61, "UserDataCount": 1, "TotalSegmentCount": 190, "TotalPointCount": 200, "TotalUserDataSize": 22}, "Curves": [{"Target": "Parameter", "Id": "ParamPositionY", "Segments": [0, 0, 0, 0.433, 1, 0, 1.05, 0, 2, 2.6, 0]}, {"Target": "Parameter", "Id": "ParamRotationZ", "Segments": [0, 0, 0, 0.617, -1, 0, 1.217, 0, 2, 2.6, 0]}, {"Target": "Parameter", "Id": "ParamAngleX", "Segments": [0, 2, 0, 0.417, 4, 0, 1.15, -1, 2, 2.6, -1]}, {"Target": "Parameter", "Id": "ParamAngleY", "Segments": [0, -4, 0, 0.4, 12, 0, 1.15, -2, 2, 2.6, -2]}, {"Target": "Parameter", "Id": "ParamAngleZ", "Segments": [0, 11, 0, 0.6, 14, 0, 1.4, -16, 2, 2.6, -16]}, {"Target": "Parameter", "Id": "ParamEyeROpen", "Segments": [0, 1, 0, 0.2, 1, 0, 0.4, 0, 2, 0.633, 0, 0, 0.867, 1, 2, 2.6, 1]}, {"Target": "Parameter", "Id": "ParamEyeLOpen", "Segments": [0, 1, 0, 0.2, 1, 0, 0.4, 0, 2, 0.633, 0, 0, 0.867, 1, 2, 2.6, 1]}, {"Target": "Parameter", "Id": "ParamBodyAngleX", "Segments": [0, 2, 0, 0.467, 4, 0, 1.15, -6, 2, 2.6, -6]}, {"Target": "Parameter", "Id": "ParamBodyAngleY", "Segments": [0, 0, 0, 0.467, 4, 0, 1.15, 0, 2, 2.6, 0]}, {"Target": "Parameter", "Id": "ParamBodyAngleZ", "Segments": [0, 3, 0, 0.633, 4, 0, 1.317, -3, 2, 2.6, -3]}, {"Target": "Parameter", "Id": "ParamUpperBodyZ", "Segments": [0, -7, 0, 0.633, -4, 1, 0.861, -0.888, 1.089, 4.0, 1.317, 4, 2, 2.6, 4]}, {"Target": "Parameter", "Id": "ParamLegLZ", "Segments": [0, 1, 0, 0.8, -2, 2, 2.6, -2]}, {"Target": "Parameter", "Id": "ParamLegRZ", "Segments": [0, 0, 0, 0.8, 3, 2, 2.6, 3]}, {"Target": "Parameter", "Id": "ParamShoulderR", "Segments": [0, 1, 0, 0.983, 0, 2, 2.6, 0]}, {"Target": "Parameter", "Id": "ParamArmR1", "Segments": [0, -34, 0, 0.2, -13, 0, 0.75, -39, 2, 2.6, -39]}, {"Target": "Parameter", "Id": "ParamArmR2", "Segments": [0, -2, 0, 0.183, 4, 1, 0.25, 10.043, 0.316, 23.969, 0.383, 34.3, 1, 0.428, 41.187, 0.472, 45.0, 0.517, 45, 0, 1.117, 42, 2, 2.6, 42]}, {"Target": "Parameter", "Id": "ParamArmR3", "Segments": [0, -38, 0, 0.617, 22, 0, 1.233, 15, 2, 2.6, 15]}, {"Target": "Parameter", "Id": "ParamArmR4", "Segments": [0, 0, 0, 1, 12, 2, 2.6, 12]}, {"Target": "Parameter", "Id": "ParamArmR5", "Segments": [0, 0, 0, 0.317, 20, 0, 0.617, 6, 2, 2.6, 6]}, {"Target": "Parameter", "Id": "ParamArmR6", "Segments": [0, 0, 0, 0.183, 0, 1, 0.189, 0, 0.194, 0.999, 0.2, 1, 1, 0.461, 1.068, 0.722, 1.1, 0.983, 1.1, 2, 2.6, 1.1]}, {"Target": "Parameter", "Id": "ParamArmR7", "Segments": [0, -3, 0, 0.983, -6, 2, 2.6, -6]}, {"Target": "Parameter", "Id": "ParamHandRA", "Segments": [0, 1, 0, 0.217, 1, 0, 0.383, 0, 2, 2.6, 0]}, {"Target": "Parameter", "Id": "ParamHandRD", "Segments": [0, 0, 0, 0.217, 0, 0, 0.383, 1, 2, 2.6, 1]}, {"Target": "Parameter", "Id": "ParamFingerR", "Segments": [0, 0, 0, 0.633, 6, 0, 1.117, -5, 0, 1.733, 0, 2, 2.6, 0]}, {"Target": "Parameter", "Id": "ParamShoulderL", "Segments": [0, 1, 0, 0.367, 9, 0, 0.967, 5, 2, 2.6, 5]}, {"Target": "Parameter", "Id": "ParamArmL1", "Segments": [0, -40, 0, 0.45, -20, 0, 1.05, -39, 2, 2.6, -39]}, {"Target": "Parameter", "Id": "ParamArmL2", "Segments": [0, 43.2, 0, 0.5, 47, 0, 1.15, 42, 2, 2.6, 42]}, {"Target": "Parameter", "Id": "ParamArmL3", "Segments": [0, 20, 0, 0.6, 40, 0, 1.233, 20, 2, 2.6, 20]}, {"Target": "Parameter", "Id": "ParamArmL4", "Segments": [0, 18, 0, 0.417, 30, 0, 1.017, 20, 2, 2.6, 20]}, {"Target": "Parameter", "Id": "ParamArmL5", "Segments": [0, 8, 0, 1.017, 7, 2, 2.6, 7]}, {"Target": "Parameter", "Id": "ParamArmL8", "Segments": [0, 7, 0, 0.617, 26, 0, 1.117, 12, 0, 1.533, 19, 2, 2.6, 19]}, {"Target": "Parameter", "Id": "ParamFingerL", "Segments": [0, 0, 0, 0.667, 8, 0, 1.15, -5, 0, 1.55, 0, 2, 2.6, 0]}, {"Target": "Parameter", "Id": "ParamPositionX", "Segments": [0, 0, 0, 2.6, 0]}, {"Target": "Parameter", "Id": "ParamEyeballX", "Segments": [0, 0, 0, 2.6, 0]}, {"Target": "Parameter", "Id": "ParamUpperBody", "Segments": [0, 0, 0, 2.6, 0]}, {"Target": "Parameter", "Id": "ParamBreath", "Segments": [0, 0, 0, 2.6, 0]}, {"Target": "Parameter", "Id": "ParamArmR8", "Segments": [0, -38, 0, 2.6, -38]}, {"Target": "Parameter", "Id": "ParamArmR9", "Segments": [0, 0, 0, 2.6, 0]}, {"Target": "Parameter", "Id": "ParamHandRB", "Segments": [0, 0, 0, 2.6, 0]}, {"Target": "Parameter", "Id": "ParamHandRC", "Segments": [0, 0, 0, 2.6, 0]}, {"Target": "Parameter", "Id": "ParamHandRE", "Segments": [0, 0, 0, 2.6, 0]}, {"Target": "Parameter", "Id": "ParamHandRF", "Segments": [0, 0, 0, 2.6, 0]}, {"Target": "Parameter", "Id": "ParamHandRG", "Segments": [0, 0, 0, 2.6, 0]}, {"Target": "Parameter", "Id": "ParamHandRH", "Segments": [0, 0, 0, 2.6, 0]}, {"Target": "Parameter", "Id": "ParamHandRI", "Segments": [0, 0, 0, 2.6, 0]}, {"Target": "Parameter", "Id": "ParamHandRJ", "Segments": [0, 0, 0, 2.6, 0]}, {"Target": "Parameter", "Id": "ParamHandRK", "Segments": [0, 0, 0, 2.6, 0]}, {"Target": "Parameter", "Id": "ParamArmL6", "Segments": [0, 1, 0, 2.6, 1]}, {"Target": "Parameter", "Id": "ParamArmL7", "Segments": [0, -4, 0, 2.6, -4]}, {"Target": "Parameter", "Id": "ParamArmL9", "Segments": [0, 0, 0, 2.6, 0]}, {"Target": "Parameter", "Id": "ParamHandLA", "Segments": [0, 0, 0, 2.6, 0]}, {"Target": "Parameter", "Id": "ParamHandLB", "Segments": [0, 0, 0, 2.6, 0]}, {"Target": "Parameter", "Id": "ParamHandLC", "Segments": [0, 0, 0, 2.6, 0]}, {"Target": "Parameter", "Id": "ParamHandLD", "Segments": [0, 1, 0, 2.6, 1]}, {"Target": "Parameter", "Id": "ParamHandLE", "Segments": [0, 0, 0, 2.6, 0]}, {"Target": "Parameter", "Id": "ParamHandLF", "Segments": [0, 0, 0, 2.6, 0]}, {"Target": "Parameter", "Id": "ParamHandLG", "Segments": [0, 0, 0, 2.6, 0]}, {"Target": "Parameter", "Id": "ParamHandLH", "Segments": [0, 0, 0, 2.6, 0]}, {"Target": "Parameter", "Id": "ParamHandLI", "Segments": [0, 0, 0, 2.6, 0]}, {"Target": "Parameter", "Id": "ParamHandLJ", "Segments": [0, 0, 0, 2.6, 0]}, {"Target": "Parameter", "Id": "ParamHandLK", "Segments": [0, 0, 0, 2.6, 0]}], "UserData": [{"Time": 0.2, "Value": "eyeblink,0.2,0.24,0.24"}]}