{"Version": 3, "Meta": {"Duration": 1.95, "Fps": 60.0, "Loop": true, "AreBeziersRestricted": true, "CurveCount": 61, "UserDataCount": 1, "TotalSegmentCount": 190, "TotalPointCount": 202, "TotalUserDataSize": 22}, "Curves": [{"Target": "Parameter", "Id": "ParamPositionX", "Segments": [0, 0, 0, 0.417, 0, 0, 0.817, 1, 2, 1.95, 1]}, {"Target": "Parameter", "Id": "ParamPositionY", "Segments": [0, 0, 0, 0.417, 1, 0, 0.817, -1, 0, 1.25, 0, 2, 1.95, 0]}, {"Target": "Parameter", "Id": "ParamRotationZ", "Segments": [0, 0, 0, 0.417, -1, 0, 1.25, 0, 2, 1.95, 0]}, {"Target": "Parameter", "Id": "ParamAngleX", "Segments": [0, 0, 0, 0.283, -2, 0, 0.667, 2, 0, 1.017, 0, 2, 1.95, 0]}, {"Target": "Parameter", "Id": "ParamAngleY", "Segments": [0, 0, 0, 0.283, 22, 1, 0.355, 22, 0.428, 22.455, 0.5, 14, 1, 0.633, -1.61, 0.767, -23.0, 0.9, -23, 0, 1.333, 0, 2, 1.95, 0]}, {"Target": "Parameter", "Id": "ParamAngleZ", "Segments": [0, 11, 0, 0.35, 1, 1, 0.433, -1.635, 0.517, -2.468, 0.6, -4, 1, 0.733, -6.451, 0.867, -9.249, 1, -11, 1, 1.128, -12.678, 1.255, -13.0, 1.383, -13, 2, 1.95, -13]}, {"Target": "Parameter", "Id": "ParamEyeROpen", "Segments": [0, 1, 0, 0.55, 1, 0, 0.75, 0, 0, 0.983, 1, 2, 1.95, 1]}, {"Target": "Parameter", "Id": "ParamEyeLOpen", "Segments": [0, 1, 0, 0.55, 1, 0, 0.75, 0, 0, 0.983, 1, 2, 1.95, 1]}, {"Target": "Parameter", "Id": "ParamBodyAngleX", "Segments": [0, 0, 0, 0.417, -2, 0, 0.817, 3, 0, 1.25, 0, 2, 1.95, 0]}, {"Target": "Parameter", "Id": "ParamBodyAngleY", "Segments": [0, 0, 0, 0.417, 3, 0, 0.817, -4, 0, 1.25, 0, 2, 1.95, 0]}, {"Target": "Parameter", "Id": "ParamBodyAngleZ", "Segments": [0, 2, 0, 0.417, 2, 0, 0.817, -2, 2, 1.95, -2]}, {"Target": "Parameter", "Id": "ParamUpperBodyZ", "Segments": [0, -5, 0, 0.417, -3, 1, 0.55, -0.945, 0.684, 6.0, 0.817, 6, 2, 1.95, 6]}, {"Target": "Parameter", "Id": "ParamLegRZ", "Segments": [0, 0, 0, 0.417, 0, 0, 0.817, 1, 2, 1.95, 1]}, {"Target": "Parameter", "Id": "ParamShoulderR", "Segments": [0, 5, 0, 0.417, 10, 0, 0.817, 3, 0, 1.25, 5, 2, 1.95, 5]}, {"Target": "Parameter", "Id": "ParamArmR1", "Segments": [0, -6, 0, 0.417, -1, 0, 0.817, -10, 2, 1.95, -10]}, {"Target": "Parameter", "Id": "ParamArmR2", "Segments": [0, 13, 0, 0.417, 16, 0, 0.817, 13, 2, 1.95, 13]}, {"Target": "Parameter", "Id": "ParamArmR3", "Segments": [0, 37, 0, 0.417, 40, 0, 0.817, 37, 2, 1.95, 37]}, {"Target": "Parameter", "Id": "ParamArmR4", "Segments": [0, 14, 0, 0.417, 8, 0, 0.817, 14, 2, 1.95, 14]}, {"Target": "Parameter", "Id": "ParamArmR5", "Segments": [0, 9, 0, 0.417, 12, 0, 0.817, 9, 2, 1.95, 9]}, {"Target": "Parameter", "Id": "ParamFingerR", "Segments": [0, 0, 0, 0.45, 6, 0, 0.883, -3, 0, 1.417, 0, 2, 1.95, 0]}, {"Target": "Parameter", "Id": "ParamShoulderL", "Segments": [0, 2, 0, 0.417, 10, 0, 0.817, 8, 0, 1.25, 10, 2, 1.95, 10]}, {"Target": "Parameter", "Id": "ParamArmL1", "Segments": [0, -12, 0, 0.417, -7, 2, 0.817, -7, 2, 1.95, -7]}, {"Target": "Parameter", "Id": "ParamArmL2", "Segments": [0, 12, 0, 0.417, 16, 0, 0.817, 12, 2, 1.95, 12]}, {"Target": "Parameter", "Id": "ParamArmL3", "Segments": [0, 35, 0, 0.417, 40, 0, 0.817, 35, 2, 1.95, 35]}, {"Target": "Parameter", "Id": "ParamArmL4", "Segments": [0, 14, 0, 0.417, 0, 0, 0.817, 14, 2, 1.95, 14]}, {"Target": "Parameter", "Id": "ParamArmL5", "Segments": [0, 9, 0, 0.417, 14, 0, 0.817, 9, 2, 1.95, 9]}, {"Target": "Parameter", "Id": "ParamFingerL", "Segments": [0, 0, 0, 0.45, 6, 0, 0.883, -3, 0, 1.417, 0, 2, 1.95, 0]}, {"Target": "Parameter", "Id": "ParamEyeballX", "Segments": [0, 0, 0, 1.95, 0]}, {"Target": "Parameter", "Id": "ParamUpperBody", "Segments": [0, 0, 0, 1.95, 0]}, {"Target": "Parameter", "Id": "ParamBreath", "Segments": [0, 0, 0, 1.95, 0]}, {"Target": "Parameter", "Id": "ParamLegLZ", "Segments": [0, 5, 0, 1.95, 5]}, {"Target": "Parameter", "Id": "ParamArmR6", "Segments": [0, 1, 0, 1.95, 1]}, {"Target": "Parameter", "Id": "ParamArmR7", "Segments": [0, 0, 0, 1.95, 0]}, {"Target": "Parameter", "Id": "ParamArmR8", "Segments": [0, 40, 0, 1.95, 40]}, {"Target": "Parameter", "Id": "ParamArmR9", "Segments": [0, 0.6, 0, 1.95, 0.6]}, {"Target": "Parameter", "Id": "ParamHandRA", "Segments": [0, 0, 0, 1.95, 0]}, {"Target": "Parameter", "Id": "ParamHandRB", "Segments": [0, 0, 0, 1.95, 0]}, {"Target": "Parameter", "Id": "ParamHandRC", "Segments": [0, 0, 0, 1.95, 0]}, {"Target": "Parameter", "Id": "ParamHandRD", "Segments": [0, 0, 0, 1.95, 0]}, {"Target": "Parameter", "Id": "ParamHandRE", "Segments": [0, 0, 0, 1.95, 0]}, {"Target": "Parameter", "Id": "ParamHandRF", "Segments": [0, 0, 0, 1.95, 0]}, {"Target": "Parameter", "Id": "ParamHandRG", "Segments": [0, 0, 0, 1.95, 0]}, {"Target": "Parameter", "Id": "ParamHandRH", "Segments": [0, 0, 0, 1.95, 0]}, {"Target": "Parameter", "Id": "ParamHandRI", "Segments": [0, 0, 0, 1.95, 0]}, {"Target": "Parameter", "Id": "ParamHandRJ", "Segments": [0, 1, 0, 1.95, 1]}, {"Target": "Parameter", "Id": "ParamHandRK", "Segments": [0, 0, 0, 1.95, 0]}, {"Target": "Parameter", "Id": "ParamArmL6", "Segments": [0, 1, 0, 1.95, 1]}, {"Target": "Parameter", "Id": "ParamArmL7", "Segments": [0, 0, 0, 1.95, 0]}, {"Target": "Parameter", "Id": "ParamArmL8", "Segments": [0, 40, 0, 1.95, 40]}, {"Target": "Parameter", "Id": "ParamArmL9", "Segments": [0, 0.7, 0, 1.95, 0.7]}, {"Target": "Parameter", "Id": "ParamHandLA", "Segments": [0, 0, 0, 1.95, 0]}, {"Target": "Parameter", "Id": "ParamHandLB", "Segments": [0, 0, 0, 1.95, 0]}, {"Target": "Parameter", "Id": "ParamHandLC", "Segments": [0, 0, 0, 1.95, 0]}, {"Target": "Parameter", "Id": "ParamHandLD", "Segments": [0, 0, 0, 1.95, 0]}, {"Target": "Parameter", "Id": "ParamHandLE", "Segments": [0, 0, 0, 1.95, 0]}, {"Target": "Parameter", "Id": "ParamHandLF", "Segments": [0, 0, 0, 1.95, 0]}, {"Target": "Parameter", "Id": "ParamHandLG", "Segments": [0, 0, 0, 1.95, 0]}, {"Target": "Parameter", "Id": "ParamHandLH", "Segments": [0, 0, 0, 1.95, 0]}, {"Target": "Parameter", "Id": "ParamHandLI", "Segments": [0, 0, 0, 1.95, 0]}, {"Target": "Parameter", "Id": "ParamHandLJ", "Segments": [0, 1, 0, 1.95, 1]}, {"Target": "Parameter", "Id": "ParamHandLK", "Segments": [0, 0, 0, 1.95, 0]}], "UserData": [{"Time": 0.183, "Value": "eyeblink,0.2,0.79,0.24"}]}