{"Version": 3, "Meta": {"Duration": 2.6, "Fps": 60.0, "Loop": true, "AreBeziersRestricted": true, "CurveCount": 61, "UserDataCount": 1, "TotalSegmentCount": 181, "TotalPointCount": 181, "TotalUserDataSize": 22}, "Curves": [{"Target": "Parameter", "Id": "ParamAngleX", "Segments": [0, -2, 0, 0.717, 4, 0, 1.367, -7, 0, 1.767, -4, 2, 2.6, -4]}, {"Target": "Parameter", "Id": "ParamAngleY", "Segments": [0, 0, 0, 0.283, 14, 0, 0.917, -27, 0, 1.667, -18, 2, 2.6, -18]}, {"Target": "Parameter", "Id": "ParamAngleZ", "Segments": [0, -2, 0, 0.383, 5, 0, 1.067, -24, 0, 1.633, -7, 2, 2.6, -7]}, {"Target": "Parameter", "Id": "ParamEyeROpen", "Segments": [0, 1, 0, 0.567, 1, 0, 0.767, 0, 2, 1.283, 0, 0, 1.517, 1, 2, 2.6, 1]}, {"Target": "Parameter", "Id": "ParamEyeLOpen", "Segments": [0, 1, 0, 0.567, 1, 0, 0.767, 0, 2, 1.283, 0, 0, 1.517, 1, 2, 2.6, 1]}, {"Target": "Parameter", "Id": "ParamBodyAngleX", "Segments": [0, -3, 0, 0.35, 0, 0, 0.8, -6, 2, 2.6, -6]}, {"Target": "Parameter", "Id": "ParamBodyAngleY", "Segments": [0, 0, 0, 0.35, 4, 0, 0.8, -3, 2, 2.6, -3]}, {"Target": "Parameter", "Id": "ParamBodyAngleZ", "Segments": [0, -3, 0, 0.517, -1, 0, 1.083, -4, 0, 1.767, -3, 2, 2.6, -3]}, {"Target": "Parameter", "Id": "ParamUpperBodyZ", "Segments": [0, 7, 0, 0.517, 5, 0, 1.083, 8, 2, 2.6, 8]}, {"Target": "Parameter", "Id": "ParamLegLZ", "Segments": [0, 2, 0, 0.867, 0, 2, 2.6, 0]}, {"Target": "Parameter", "Id": "ParamLegRZ", "Segments": [0, -3, 0, 0.867, 2, 2, 2.6, 2]}, {"Target": "Parameter", "Id": "ParamShoulderR", "Segments": [0, 8, 0, 0.317, 10, 0, 0.933, 4, 2, 2.6, 4]}, {"Target": "Parameter", "Id": "ParamArmR1", "Segments": [0, -41, 0, 0.4, -44, 0, 0.967, -40, 0, 1.433, -42, 2, 2.6, -42]}, {"Target": "Parameter", "Id": "ParamArmR2", "Segments": [0, 42, 0, 0.483, 44, 0, 1.05, 42, 0, 1.567, 42.5, 2, 2.6, 42.5]}, {"Target": "Parameter", "Id": "ParamArmR3", "Segments": [0, 28, 0, 0.583, 33, 0, 1.2, 25, 0, 1.733, 27, 2, 2.6, 27]}, {"Target": "Parameter", "Id": "ParamArmR4", "Segments": [0, 28, 0, 0.35, 30, 2, 2.6, 30]}, {"Target": "Parameter", "Id": "ParamArmR5", "Segments": [0, 6, 0, 0.35, 9, 0, 0.9, 5, 2, 2.6, 5]}, {"Target": "Parameter", "Id": "ParamShoulderL", "Segments": [0, 5, 0, 0.333, 10, 0, 0.917, 3, 0, 1.517, 6, 2, 2.6, 6]}, {"Target": "Parameter", "Id": "ParamArmL1", "Segments": [0, -31, 0, 0.367, -27, 0, 0.917, -30, 2, 2.6, -30]}, {"Target": "Parameter", "Id": "ParamArmL2", "Segments": [0, -3, 0, 0.467, -6, 0, 1.017, -3, 2, 2.6, -3]}, {"Target": "Parameter", "Id": "ParamArmL3", "Segments": [0, -32, 0, 0.567, -40, 0, 1.183, -16, 0, 1.833, -22, 2, 2.6, -22]}, {"Target": "Parameter", "Id": "ParamArmL5", "Segments": [0, 0, 0, 0.367, 2, 2, 2.6, 2]}, {"Target": "Parameter", "Id": "ParamArmL8", "Segments": [0, -35, 0, 0.5, -40, 0, 1.167, -16, 0, 1.75, -24, 2, 2.6, -24]}, {"Target": "Parameter", "Id": "ParamFingerL", "Segments": [0, 0, 0, 0.567, 6, 0, 1.317, -3, 0, 2.067, 0, 2, 2.6, 0]}, {"Target": "Parameter", "Id": "ParamPositionX", "Segments": [0, 0, 0, 2.6, 0]}, {"Target": "Parameter", "Id": "ParamPositionY", "Segments": [0, 0, 0, 2.6, 0]}, {"Target": "Parameter", "Id": "ParamRotationZ", "Segments": [0, 0, 0, 2.6, 0]}, {"Target": "Parameter", "Id": "ParamEyeballX", "Segments": [0, 0, 0, 2.6, 0]}, {"Target": "Parameter", "Id": "ParamUpperBody", "Segments": [0, 0, 0, 2.6, 0]}, {"Target": "Parameter", "Id": "ParamBreath", "Segments": [0, 0, 0, 2.6, 0]}, {"Target": "Parameter", "Id": "ParamArmR6", "Segments": [0, 1, 0, 2.6, 1]}, {"Target": "Parameter", "Id": "ParamArmR7", "Segments": [0, -6, 0, 2.6, -6]}, {"Target": "Parameter", "Id": "ParamArmR8", "Segments": [0, 18, 0, 2.6, 18]}, {"Target": "Parameter", "Id": "ParamArmR9", "Segments": [0, 0.7, 0, 2.6, 0.7]}, {"Target": "Parameter", "Id": "ParamHandRA", "Segments": [0, 0, 0, 2.6, 0]}, {"Target": "Parameter", "Id": "ParamHandRB", "Segments": [0, 0, 0, 2.6, 0]}, {"Target": "Parameter", "Id": "ParamHandRC", "Segments": [0, 0, 0, 2.6, 0]}, {"Target": "Parameter", "Id": "ParamHandRD", "Segments": [0, 0, 0, 2.6, 0]}, {"Target": "Parameter", "Id": "ParamHandRE", "Segments": [0, 0, 0, 2.6, 0]}, {"Target": "Parameter", "Id": "ParamHandRF", "Segments": [0, 0, 0, 2.6, 0]}, {"Target": "Parameter", "Id": "ParamHandRG", "Segments": [0, 0, 0, 2.6, 0]}, {"Target": "Parameter", "Id": "ParamHandRH", "Segments": [0, 0, 0, 2.6, 0]}, {"Target": "Parameter", "Id": "ParamHandRI", "Segments": [0, 0, 0, 2.6, 0]}, {"Target": "Parameter", "Id": "ParamHandRJ", "Segments": [0, 1, 0, 2.6, 1]}, {"Target": "Parameter", "Id": "ParamHandRK", "Segments": [0, 0, 0, 2.6, 0]}, {"Target": "Parameter", "Id": "ParamFingerR", "Segments": [0, 0, 0, 2.6, 0]}, {"Target": "Parameter", "Id": "ParamArmL4", "Segments": [0, 0, 0, 2.6, 0]}, {"Target": "Parameter", "Id": "ParamArmL6", "Segments": [0, 0, 0, 2.6, 0]}, {"Target": "Parameter", "Id": "ParamArmL7", "Segments": [0, -1, 0, 2.6, -1]}, {"Target": "Parameter", "Id": "ParamArmL9", "Segments": [0, -0.8, 0, 2.6, -0.8]}, {"Target": "Parameter", "Id": "ParamHandLA", "Segments": [0, 1, 0, 2.6, 1]}, {"Target": "Parameter", "Id": "ParamHandLB", "Segments": [0, 0, 0, 2.6, 0]}, {"Target": "Parameter", "Id": "ParamHandLC", "Segments": [0, 0, 0, 2.6, 0]}, {"Target": "Parameter", "Id": "ParamHandLD", "Segments": [0, 0, 0, 2.6, 0]}, {"Target": "Parameter", "Id": "ParamHandLE", "Segments": [0, 0, 0, 2.6, 0]}, {"Target": "Parameter", "Id": "ParamHandLF", "Segments": [0, 0, 0, 2.6, 0]}, {"Target": "Parameter", "Id": "ParamHandLG", "Segments": [0, 0, 0, 2.6, 0]}, {"Target": "Parameter", "Id": "ParamHandLH", "Segments": [0, 0, 0, 2.6, 0]}, {"Target": "Parameter", "Id": "ParamHandLI", "Segments": [0, 0, 0, 2.6, 0]}, {"Target": "Parameter", "Id": "ParamHandLJ", "Segments": [0, 0, 0, 2.6, 0]}, {"Target": "Parameter", "Id": "ParamHandLK", "Segments": [0, 0, 0, 2.6, 0]}], "UserData": [{"Time": 0.567, "Value": "eyeblink,0.2,0.52,0.24"}]}