{"Version": 3, "Meta": {"Duration": 1.933, "Fps": 60.0, "Loop": true, "AreBeziersRestricted": true, "CurveCount": 61, "UserDataCount": 1, "TotalSegmentCount": 181, "TotalPointCount": 185, "TotalUserDataSize": 23}, "Curves": [{"Target": "Parameter", "Id": "ParamAngleX", "Segments": [0, 0, 0, 0.083, 0, 0, 0.417, -6, 0, 1, 6, 0, 1.667, 0, 2, 1.933, 0]}, {"Target": "Parameter", "Id": "ParamAngleZ", "Segments": [0, 2, 0, 0.083, 2, 0, 0.417, -15, 0, 1, 15, 0, 1.667, 13, 2, 1.933, 13]}, {"Target": "Parameter", "Id": "ParamEyeROpen", "Segments": [0, 1, 0, 0.417, 0, 0, 0.833, 1, 2, 1.933, 1]}, {"Target": "Parameter", "Id": "ParamEyeLOpen", "Segments": [0, 1, 0, 0.417, 0, 0, 0.833, 1, 2, 1.933, 1]}, {"Target": "Parameter", "Id": "ParamBodyAngleY", "Segments": [0, 0, 0, 0.333, 4, 0, 0.917, -2, 0, 1.583, 0, 2, 1.933, 0]}, {"Target": "Parameter", "Id": "ParamUpperBodyZ", "Segments": [0, 7, 0, 0.333, 3, 0, 0.917, 10, 0, 1.583, 7, 2, 1.933, 7]}, {"Target": "Parameter", "Id": "ParamShoulderR", "Segments": [0, 0, 0, 0.083, 0, 0, 0.417, 4, 0, 1, -1, 0, 1.617, 0, 2, 1.933, 0]}, {"Target": "Parameter", "Id": "ParamArmR1", "Segments": [0, -42, 0, 0.083, -42, 2, 0.417, -42, 0, 1, -45, 0, 1.617, -42, 2, 1.933, -42]}, {"Target": "Parameter", "Id": "ParamArmR2", "Segments": [0, -1, 0, 0.133, -1, 2, 0.467, -1, 0, 1.05, 0, 0, 1.667, -1, 2, 1.933, -1]}, {"Target": "Parameter", "Id": "ParamArmR3", "Segments": [0, -5, 0, 0.183, -5, 0, 0.517, -1, 1, 0.711, -1, 0.906, -1.002, 1.1, -2, 1, 1.306, -3.056, 1.511, -5.0, 1.717, -5, 2, 1.933, -5]}, {"Target": "Parameter", "Id": "ParamFingerR", "Segments": [0, 0, 0, 0.417, -7, 0, 1, 6, 0, 1.65, 0, 2, 1.933, 0]}, {"Target": "Parameter", "Id": "ParamShoulderL", "Segments": [0, 0, 0, 0.083, 0, 0, 0.417, 5, 0, 1, -1, 0, 1.617, 0, 2, 1.933, 0]}, {"Target": "Parameter", "Id": "ParamArmL1", "Segments": [0, -35, 0, 0.083, -35, 0, 0.417, -39, 0, 1, -31, 0, 1.617, -35, 2, 1.933, -35]}, {"Target": "Parameter", "Id": "ParamArmL2", "Segments": [0, -1, 0, 0.133, -1, 0, 0.467, 0, 0, 1.05, -1, 2, 1.667, -1, 2, 1.933, -1]}, {"Target": "Parameter", "Id": "ParamArmL3", "Segments": [0, -7, 0, 0.167, -7, 0, 0.5, 1, 0, 1.083, -19, 0, 1.7, -7, 2, 1.933, -7]}, {"Target": "Parameter", "Id": "ParamArmL8", "Segments": [0, -9, 0, 0.367, -2, 0, 0.967, -21, 0, 1.633, -9, 2, 1.933, -9]}, {"Target": "Parameter", "Id": "ParamFingerL", "Segments": [0, 0, 0, 0.417, -7, 0, 1, 7, 0, 1.65, 0, 2, 1.933, 0]}, {"Target": "Parameter", "Id": "ParamPositionX", "Segments": [0, 1, 0, 1.933, 1]}, {"Target": "Parameter", "Id": "ParamPositionY", "Segments": [0, 0, 0, 1.933, 0]}, {"Target": "Parameter", "Id": "ParamRotationZ", "Segments": [0, 0, 0, 1.933, 0]}, {"Target": "Parameter", "Id": "ParamAngleY", "Segments": [0, 0, 0, 1.933, 0]}, {"Target": "Parameter", "Id": "ParamEyeballX", "Segments": [0, 0, 0, 1.933, 0]}, {"Target": "Parameter", "Id": "ParamBodyAngleX", "Segments": [0, 0, 0, 1.933, 0]}, {"Target": "Parameter", "Id": "ParamBodyAngleZ", "Segments": [0, -5, 0, 1.933, -5]}, {"Target": "Parameter", "Id": "ParamUpperBody", "Segments": [0, 0, 0, 1.933, 0]}, {"Target": "Parameter", "Id": "ParamBreath", "Segments": [0, 0, 0, 1.933, 0]}, {"Target": "Parameter", "Id": "ParamLegLZ", "Segments": [0, 2, 0, 1.933, 2]}, {"Target": "Parameter", "Id": "ParamLegRZ", "Segments": [0, 5, 0, 1.933, 5]}, {"Target": "Parameter", "Id": "ParamArmR4", "Segments": [0, 0, 0, 1.933, 0]}, {"Target": "Parameter", "Id": "ParamArmR5", "Segments": [0, 0, 0, 1.933, 0]}, {"Target": "Parameter", "Id": "ParamArmR6", "Segments": [0, 1, 0, 1.933, 1]}, {"Target": "Parameter", "Id": "ParamArmR7", "Segments": [0, 0, 0, 1.933, 0]}, {"Target": "Parameter", "Id": "ParamArmR8", "Segments": [0, -8, 0, 1.933, -8]}, {"Target": "Parameter", "Id": "ParamArmR9", "Segments": [0, -0.8, 0, 1.933, -0.8]}, {"Target": "Parameter", "Id": "ParamHandRA", "Segments": [0, 1, 0, 1.933, 1]}, {"Target": "Parameter", "Id": "ParamHandRB", "Segments": [0, 0, 0, 1.933, 0]}, {"Target": "Parameter", "Id": "ParamHandRC", "Segments": [0, 0, 0, 1.933, 0]}, {"Target": "Parameter", "Id": "ParamHandRD", "Segments": [0, 0, 0, 1.933, 0]}, {"Target": "Parameter", "Id": "ParamHandRE", "Segments": [0, 0, 0, 1.933, 0]}, {"Target": "Parameter", "Id": "ParamHandRF", "Segments": [0, 0, 0, 1.933, 0]}, {"Target": "Parameter", "Id": "ParamHandRG", "Segments": [0, 0, 0, 1.933, 0]}, {"Target": "Parameter", "Id": "ParamHandRH", "Segments": [0, 0, 0, 1.933, 0]}, {"Target": "Parameter", "Id": "ParamHandRI", "Segments": [0, 0, 0, 1.933, 0]}, {"Target": "Parameter", "Id": "ParamHandRJ", "Segments": [0, 0, 0, 1.933, 0]}, {"Target": "Parameter", "Id": "ParamHandRK", "Segments": [0, 0, 0, 1.933, 0]}, {"Target": "Parameter", "Id": "ParamArmL4", "Segments": [0, 0, 0, 1.933, 0]}, {"Target": "Parameter", "Id": "ParamArmL5", "Segments": [0, 0, 0, 1.933, 0]}, {"Target": "Parameter", "Id": "ParamArmL6", "Segments": [0, 1, 0, 1.933, 1]}, {"Target": "Parameter", "Id": "ParamArmL7", "Segments": [0, 0, 0, 1.933, 0]}, {"Target": "Parameter", "Id": "ParamArmL9", "Segments": [0, -0.8, 0, 1.933, -0.8]}, {"Target": "Parameter", "Id": "ParamHandLA", "Segments": [0, 1, 0, 1.933, 1]}, {"Target": "Parameter", "Id": "ParamHandLB", "Segments": [0, 0, 0, 1.933, 0]}, {"Target": "Parameter", "Id": "ParamHandLC", "Segments": [0, 0, 0, 1.933, 0]}, {"Target": "Parameter", "Id": "ParamHandLD", "Segments": [0, 0, 0, 1.933, 0]}, {"Target": "Parameter", "Id": "ParamHandLE", "Segments": [0, 0, 0, 1.933, 0]}, {"Target": "Parameter", "Id": "ParamHandLF", "Segments": [0, 0, 0, 1.933, 0]}, {"Target": "Parameter", "Id": "ParamHandLG", "Segments": [0, 0, 0, 1.933, 0]}, {"Target": "Parameter", "Id": "ParamHandLH", "Segments": [0, 0, 0, 1.933, 0]}, {"Target": "Parameter", "Id": "ParamHandLI", "Segments": [0, 0, 0, 1.933, 0]}, {"Target": "Parameter", "Id": "ParamHandLJ", "Segments": [0, 0, 0, 1.933, 0]}, {"Target": "Parameter", "Id": "ParamHandLK", "Segments": [0, 0, 0, 1.933, 0]}], "UserData": [{"Time": 0.5, "Value": "eyeblink,0.20,0.27,0.20"}]}