{"Version": 3, "Meta": {"Duration": 1.983, "Fps": 60.0, "Loop": true, "AreBeziersRestricted": true, "CurveCount": 61, "UserDataCount": 1, "TotalSegmentCount": 173, "TotalPointCount": 185, "TotalUserDataSize": 21}, "Curves": [{"Target": "Parameter", "Id": "ParamAngleX", "Segments": [0, 0, 0, 0.083, 0, 0, 0.333, 2, 0, 0.833, 0, 2, 1.3, 0, 2, 1.983, 0]}, {"Target": "Parameter", "Id": "ParamAngleY", "Segments": [0, 0, 0, 0.083, 0, 0, 0.333, 16, 1, 0.5, 16, 0.666, -11.656, 0.833, -25, 1, 0.861, -27.224, 0.889, -26.0, 0.917, -26, 0, 1.383, 0, 2, 1.983, 0]}, {"Target": "Parameter", "Id": "ParamAngleZ", "Segments": [0, -15, 0, 0.083, -15, 0, 0.383, -18, 0, 0.833, -15, 2, 1.217, -15, 2, 1.983, -15]}, {"Target": "Parameter", "Id": "ParamEyeROpen", "Segments": [0, 1, 0, 0.417, 1, 0, 0.717, 0, 2, 0.883, 0, 0, 1.183, 1, 2, 1.983, 1]}, {"Target": "Parameter", "Id": "ParamEyeLOpen", "Segments": [0, 1, 0, 0.417, 1, 0, 0.717, 0, 2, 0.883, 0, 0, 1.183, 1, 2, 1.983, 1]}, {"Target": "Parameter", "Id": "ParamBodyAngleX", "Segments": [0, 3, 0, 0.25, 4, 1, 0.428, 4.803, 0.605, 5.133, 0.783, 6, 1, 0.983, 6.976, 1.183, 8.0, 1.383, 8, 2, 1.983, 8]}, {"Target": "Parameter", "Id": "ParamBodyAngleY", "Segments": [0, 0, 0, 0.25, 3, 0, 0.783, -2, 0, 1.383, 0, 2, 1.983, 0]}, {"Target": "Parameter", "Id": "ParamUpperBody", "Segments": [0, 0, 0, 0.25, 1, 0, 0.783, -1, 0, 1.217, 0, 2, 1.983, 0]}, {"Target": "Parameter", "Id": "ParamShoulderR", "Segments": [0, 2, 0, 0.25, 10, 0, 0.783, 2, 0, 1.217, 3, 2, 1.983, 3]}, {"Target": "Parameter", "Id": "ParamArmR3", "Segments": [0, -23, 0, 0.25, -24, 1, 0.428, -24.803, 0.605, -25.272, 0.783, -26, 1, 0.928, -26.591, 1.072, -27.0, 1.217, -27, 2, 1.983, -27]}, {"Target": "Parameter", "Id": "ParamArmR4", "Segments": [0, 5, 0, 0.25, 6, 0, 0.783, 5, 2, 1.983, 5]}, {"Target": "Parameter", "Id": "ParamFingerR", "Segments": [0, 0, 0, 0.383, 7, 0, 0.867, -5, 0, 1.45, 0, 2, 1.983, 0]}, {"Target": "Parameter", "Id": "ParamShoulderL", "Segments": [0, 0, 0, 0.25, 10, 0, 0.783, -1, 0, 1.217, 0, 2, 1.983, 0]}, {"Target": "Parameter", "Id": "ParamArmL3", "Segments": [0, 4, 0, 0.25, -2, 0, 0.783, 4, 2, 1.217, 4, 2, 1.983, 4]}, {"Target": "Parameter", "Id": "ParamArmL4", "Segments": [0, 0, 0, 0.25, 3, 0, 0.783, 0, 2, 1.983, 0]}, {"Target": "Parameter", "Id": "ParamFingerL", "Segments": [0, 0, 0, 0.483, 7, 0, 1.067, 0, 2, 1.983, 0]}, {"Target": "Parameter", "Id": "ParamPositionX", "Segments": [0, 0, 0, 1.983, 0]}, {"Target": "Parameter", "Id": "ParamPositionY", "Segments": [0, 0, 0, 1.983, 0]}, {"Target": "Parameter", "Id": "ParamRotationZ", "Segments": [0, 0, 0, 1.983, 0]}, {"Target": "Parameter", "Id": "ParamEyeballX", "Segments": [0, 0, 0, 1.983, 0]}, {"Target": "Parameter", "Id": "ParamBodyAngleZ", "Segments": [0, -2, 0, 1.983, -2]}, {"Target": "Parameter", "Id": "ParamUpperBodyZ", "Segments": [0, 6, 0, 1.983, 6]}, {"Target": "Parameter", "Id": "ParamBreath", "Segments": [0, 0, 0, 1.983, 0]}, {"Target": "Parameter", "Id": "ParamLegLZ", "Segments": [0, 0, 0, 1.983, 0]}, {"Target": "Parameter", "Id": "ParamLegRZ", "Segments": [0, 1, 0, 1.983, 1]}, {"Target": "Parameter", "Id": "ParamArmR1", "Segments": [0, -44, 0, 1.983, -44]}, {"Target": "Parameter", "Id": "ParamArmR2", "Segments": [0, 21, 0, 1.983, 21]}, {"Target": "Parameter", "Id": "ParamArmR5", "Segments": [0, 3, 0, 1.983, 3]}, {"Target": "Parameter", "Id": "ParamArmR6", "Segments": [0, 1.1, 0, 1.983, 1.1]}, {"Target": "Parameter", "Id": "ParamArmR7", "Segments": [0, 0, 0, 1.983, 0]}, {"Target": "Parameter", "Id": "ParamArmR8", "Segments": [0, -23, 0, 1.983, -23]}, {"Target": "Parameter", "Id": "ParamArmR9", "Segments": [0, 0.7, 0, 1.983, 0.7]}, {"Target": "Parameter", "Id": "ParamHandRA", "Segments": [0, 0, 0, 1.983, 0]}, {"Target": "Parameter", "Id": "ParamHandRB", "Segments": [0, 0, 0, 1.983, 0]}, {"Target": "Parameter", "Id": "ParamHandRC", "Segments": [0, 0, 0, 1.983, 0]}, {"Target": "Parameter", "Id": "ParamHandRD", "Segments": [0, 1, 0, 1.983, 1]}, {"Target": "Parameter", "Id": "ParamHandRE", "Segments": [0, 0, 0, 1.983, 0]}, {"Target": "Parameter", "Id": "ParamHandRF", "Segments": [0, 0, 0, 1.983, 0]}, {"Target": "Parameter", "Id": "ParamHandRG", "Segments": [0, 0, 0, 1.983, 0]}, {"Target": "Parameter", "Id": "ParamHandRH", "Segments": [0, 0, 0, 1.983, 0]}, {"Target": "Parameter", "Id": "ParamHandRI", "Segments": [0, 0, 0, 1.983, 0]}, {"Target": "Parameter", "Id": "ParamHandRJ", "Segments": [0, 0, 0, 1.983, 0]}, {"Target": "Parameter", "Id": "ParamHandRK", "Segments": [0, 0, 0, 1.983, 0]}, {"Target": "Parameter", "Id": "ParamArmL1", "Segments": [0, -41, 0, 1.983, -41]}, {"Target": "Parameter", "Id": "ParamArmL2", "Segments": [0, 1, 0, 1.983, 1]}, {"Target": "Parameter", "Id": "ParamArmL5", "Segments": [0, 0, 0, 1.983, 0]}, {"Target": "Parameter", "Id": "ParamArmL6", "Segments": [0, 1, 0, 1.983, 1]}, {"Target": "Parameter", "Id": "ParamArmL7", "Segments": [0, -10, 0, 1.983, -10]}, {"Target": "Parameter", "Id": "ParamArmL8", "Segments": [0, -11, 0, 1.983, -11]}, {"Target": "Parameter", "Id": "ParamArmL9", "Segments": [0, -0.2, 0, 1.983, -0.2]}, {"Target": "Parameter", "Id": "ParamHandLA", "Segments": [0, 0, 0, 1.983, 0]}, {"Target": "Parameter", "Id": "ParamHandLB", "Segments": [0, 0, 0, 1.983, 0]}, {"Target": "Parameter", "Id": "ParamHandLC", "Segments": [0, 0, 0, 1.983, 0]}, {"Target": "Parameter", "Id": "ParamHandLD", "Segments": [0, 0, 0, 1.983, 0]}, {"Target": "Parameter", "Id": "ParamHandLE", "Segments": [0, 0, 0, 1.983, 0]}, {"Target": "Parameter", "Id": "ParamHandLF", "Segments": [0, 0, 0, 1.983, 0]}, {"Target": "Parameter", "Id": "ParamHandLG", "Segments": [0, 1, 0, 1.983, 1]}, {"Target": "Parameter", "Id": "ParamHandLH", "Segments": [0, 0, 0, 1.983, 0]}, {"Target": "Parameter", "Id": "ParamHandLI", "Segments": [0, 0, 0, 1.983, 0]}, {"Target": "Parameter", "Id": "ParamHandLJ", "Segments": [0, 0, 0, 1.983, 0]}, {"Target": "Parameter", "Id": "ParamHandLK", "Segments": [0, 0, 0, 1.983, 0]}], "UserData": [{"Time": 0.417, "Value": "eyeblink,0.3,0.12,0.3"}]}