{"Version": 3, "Meta": {"Duration": 2.533, "Fps": 60.0, "Loop": true, "AreBeziersRestricted": true, "CurveCount": 61, "UserDataCount": 1, "TotalSegmentCount": 202, "TotalPointCount": 206, "TotalUserDataSize": 22}, "Curves": [{"Target": "Parameter", "Id": "ParamPositionY", "Segments": [0, 0, 0, 0.517, 1, 0, 1.117, -0.5, 0, 1.783, 0, 2, 2.533, 0]}, {"Target": "Parameter", "Id": "ParamAngleX", "Segments": [0, 0, 0, 0.1, 0, 0, 1.167, -3, 2, 1.833, -3, 2, 2.533, -3]}, {"Target": "Parameter", "Id": "ParamAngleY", "Segments": [0, -10, 0, 0.1, -10, 0, 0.567, 4, 2, 1.167, 4, 2, 1.833, 4, 2, 2.533, 4]}, {"Target": "Parameter", "Id": "ParamAngleZ", "Segments": [0, -15, 0, 0.567, -18, 0, 1.167, 5, 0, 1.833, -2, 2, 2.533, -2]}, {"Target": "Parameter", "Id": "ParamEyeROpen", "Segments": [0, 1, 0, 0.083, 1, 0, 0.283, 0, 0, 0.517, 1, 2, 2.533, 1]}, {"Target": "Parameter", "Id": "ParamEyeLOpen", "Segments": [0, 1, 0, 0.083, 1, 0, 0.283, 0, 0, 0.517, 1, 2, 2.533, 1]}, {"Target": "Parameter", "Id": "ParamEyeballX", "Segments": [0, 0, 0, 1.017, 0.2, 2, 1.633, 0.2, 2, 2.533, 0.2]}, {"Target": "Parameter", "Id": "ParamBodyAngleX", "Segments": [0, 0, 0, 0.417, -3, 0, 1.017, 7, 2, 1.633, 7, 2, 2.533, 7]}, {"Target": "Parameter", "Id": "ParamBodyAngleY", "Segments": [0, 0, 0, 0.033, 0, 0, 0.45, 3, 0, 1.05, -0.5, 0, 1.667, 0, 2, 2.533, 0]}, {"Target": "Parameter", "Id": "ParamBodyAngleZ", "Segments": [0, -4, 0, 0.067, -4, 2, 0.483, -4, 0, 1.083, -3, 0, 1.7, -4, 2, 2.533, -4]}, {"Target": "Parameter", "Id": "ParamUpperBodyZ", "Segments": [0, 9, 0, 0.1, 9, 0, 0.517, 7, 2, 1.117, 7, 0, 1.733, 9, 2, 2.533, 9]}, {"Target": "Parameter", "Id": "ParamShoulderR", "Segments": [0, 0, 0, 0.417, 4, 0, 1.017, 0, 2, 1.633, 0, 2, 2.533, 0]}, {"Target": "Parameter", "Id": "ParamArmR1", "Segments": [0, -40, 0, 0.417, -36, 0, 1.017, -40, 2, 1.633, -40, 2, 2.533, -40]}, {"Target": "Parameter", "Id": "ParamArmR2", "Segments": [0, 43, 0, 0.483, 46, 0, 1.083, 42.6, 0, 1.7, 43, 2, 2.533, 43]}, {"Target": "Parameter", "Id": "ParamArmR3", "Segments": [0, -2, 0, 0.533, 6, 0, 1.133, -8.32, 0, 1.75, -5, 2, 2.533, -5]}, {"Target": "Parameter", "Id": "ParamArmR4", "Segments": [0, 9, 0, 0.417, 11, 1, 0.617, 13.558, 0.817, 19.926, 1.017, 21, 1, 1.222, 22.104, 1.428, 22.0, 1.633, 22, 2, 2.533, 22]}, {"Target": "Parameter", "Id": "ParamArmR5", "Segments": [0, 3, 0, 0.483, 4, 0, 1.083, 3, 2, 1.7, 3, 2, 2.533, 3]}, {"Target": "Parameter", "Id": "ParamArmR8", "Segments": [0, 11, 0, 0.483, 15, 0, 1.167, 2, 2, 2.533, 2]}, {"Target": "Parameter", "Id": "ParamFingerR", "Segments": [0, 0, 0, 0.5, 9, 0, 1.183, -4, 0, 1.767, 0, 2, 2.533, 0]}, {"Target": "Parameter", "Id": "ParamShoulderL", "Segments": [0, 7, 0, 0.033, 7, 0, 0.45, 10, 0, 1.05, 4, 0, 1.667, 5, 2, 2.533, 5]}, {"Target": "Parameter", "Id": "ParamArmL1", "Segments": [0, -36, 0, 0.033, -36, 0, 0.517, -29, 0, 1.117, -39, 0, 1.733, -36, 2, 2.533, -36]}, {"Target": "Parameter", "Id": "ParamArmL2", "Segments": [0, -2, 0, 0.033, -2, 0, 0.567, -4.2, 0, 1.167, -1.1, 0, 1.783, -2, 2, 2.533, -2]}, {"Target": "Parameter", "Id": "ParamArmL3", "Segments": [0, -5, 0, 0.033, -5, 0, 0.617, -23.497, 0, 1.217, 1, 2, 1.833, 1, 2, 2.533, 1]}, {"Target": "Parameter", "Id": "ParamArmL8", "Segments": [0, -7, 0, 0.617, -30, 0, 1.217, -2, 2, 2.533, -2]}, {"Target": "Parameter", "Id": "ParamFingerL", "Segments": [0, 0, 0, 0.6, 8, 0, 1.267, -5, 0, 1.9, 0, 2, 2.533, 0]}, {"Target": "Parameter", "Id": "ParamPositionX", "Segments": [0, 0, 0, 2.533, 0]}, {"Target": "Parameter", "Id": "ParamRotationZ", "Segments": [0, 0, 0, 2.533, 0]}, {"Target": "Parameter", "Id": "ParamUpperBody", "Segments": [0, 0, 0, 2.533, 0]}, {"Target": "Parameter", "Id": "ParamBreath", "Segments": [0, 0, 0, 2.533, 0]}, {"Target": "Parameter", "Id": "ParamLegLZ", "Segments": [0, -2, 0, 2.533, -2]}, {"Target": "Parameter", "Id": "ParamLegRZ", "Segments": [0, 1, 0, 2.533, 1]}, {"Target": "Parameter", "Id": "ParamArmR6", "Segments": [0, 1.1, 0, 2.533, 1.1]}, {"Target": "Parameter", "Id": "ParamArmR7", "Segments": [0, -4, 0, 2.533, -4]}, {"Target": "Parameter", "Id": "ParamArmR9", "Segments": [0, 0.8, 0, 2.533, 0.8]}, {"Target": "Parameter", "Id": "ParamHandRA", "Segments": [0, 0, 0, 2.533, 0]}, {"Target": "Parameter", "Id": "ParamHandRB", "Segments": [0, 0, 0, 2.533, 0]}, {"Target": "Parameter", "Id": "ParamHandRC", "Segments": [0, 0, 0, 2.533, 0]}, {"Target": "Parameter", "Id": "ParamHandRD", "Segments": [0, 0, 0, 2.533, 0]}, {"Target": "Parameter", "Id": "ParamHandRE", "Segments": [0, 0, 0, 2.533, 0]}, {"Target": "Parameter", "Id": "ParamHandRF", "Segments": [0, 0, 0, 2.533, 0]}, {"Target": "Parameter", "Id": "ParamHandRG", "Segments": [0, 0, 0, 2.533, 0]}, {"Target": "Parameter", "Id": "ParamHandRH", "Segments": [0, 0, 0, 2.533, 0]}, {"Target": "Parameter", "Id": "ParamHandRI", "Segments": [0, 0, 0, 2.533, 0]}, {"Target": "Parameter", "Id": "ParamHandRJ", "Segments": [0, 1, 0, 2.533, 1]}, {"Target": "Parameter", "Id": "ParamHandRK", "Segments": [0, 0, 0, 2.533, 0]}, {"Target": "Parameter", "Id": "ParamArmL4", "Segments": [0, 0, 0, 2.533, 0]}, {"Target": "Parameter", "Id": "ParamArmL5", "Segments": [0, 0, 0, 2.533, 0]}, {"Target": "Parameter", "Id": "ParamArmL6", "Segments": [0, 0, 0, 2.533, 0]}, {"Target": "Parameter", "Id": "ParamArmL7", "Segments": [0, 0, 0, 2.533, 0]}, {"Target": "Parameter", "Id": "ParamArmL9", "Segments": [0, -0.8, 0, 2.533, -0.8]}, {"Target": "Parameter", "Id": "ParamHandLA", "Segments": [0, 1, 0, 2.533, 1]}, {"Target": "Parameter", "Id": "ParamHandLB", "Segments": [0, 0, 0, 2.533, 0]}, {"Target": "Parameter", "Id": "ParamHandLC", "Segments": [0, 0, 0, 2.533, 0]}, {"Target": "Parameter", "Id": "ParamHandLD", "Segments": [0, 0, 0, 2.533, 0]}, {"Target": "Parameter", "Id": "ParamHandLE", "Segments": [0, 0, 0, 2.533, 0]}, {"Target": "Parameter", "Id": "ParamHandLF", "Segments": [0, 0, 0, 2.533, 0]}, {"Target": "Parameter", "Id": "ParamHandLG", "Segments": [0, 0, 0, 2.533, 0]}, {"Target": "Parameter", "Id": "ParamHandLH", "Segments": [0, 0, 0, 2.533, 0]}, {"Target": "Parameter", "Id": "ParamHandLI", "Segments": [0, 0, 0, 2.533, 0]}, {"Target": "Parameter", "Id": "ParamHandLJ", "Segments": [0, 0, 0, 2.533, 0]}, {"Target": "Parameter", "Id": "ParamHandLK", "Segments": [0, 0, 0, 2.533, 0]}], "UserData": [{"Time": 0.65, "Value": "eyeblink,0.2,0.24,0.24"}]}