{"Version": 3, "Meta": {"Duration": 2.6, "Fps": 60.0, "Loop": true, "AreBeziersRestricted": true, "CurveCount": 61, "UserDataCount": 1, "TotalSegmentCount": 188, "TotalPointCount": 200, "TotalUserDataSize": 23}, "Curves": [{"Target": "Parameter", "Id": "ParamPositionX", "Segments": [0, 1, 0, 1.35, 0, 2, 2.6, 0]}, {"Target": "Parameter", "Id": "ParamPositionY", "Segments": [0, 0, 0, 0.283, 1, 0, 0.683, 0, 2, 2.6, 0]}, {"Target": "Parameter", "Id": "ParamAngleX", "Segments": [0, 0, 0, 0.3, -2, 0, 0.717, 0, 0, 1.05, -2, 2, 2.6, -2]}, {"Target": "Parameter", "Id": "ParamAngleY", "Segments": [0, 0, 0, 0.3, 18, 0, 0.7, -27, 0, 1.117, 2, 2, 2.6, 2]}, {"Target": "Parameter", "Id": "ParamAngleZ", "Segments": [0, 0, 0, 0.533, 5, 1, 0.755, 5, 0.978, 3.662, 1.2, 3, 1, 1.506, 2.09, 1.811, 2.0, 2.117, 2, 2, 2.6, 2]}, {"Target": "Parameter", "Id": "ParamEyeROpen", "Segments": [0, 1, 0, 0.567, 1, 0, 0.767, 0, 2, 1, 0, 0, 1.233, 1, 2, 2.6, 1]}, {"Target": "Parameter", "Id": "ParamEyeLOpen", "Segments": [0, 1, 0, 0.567, 1, 0, 0.767, 0, 2, 1, 0, 0, 1.233, 1, 2, 2.6, 1]}, {"Target": "Parameter", "Id": "ParamEyeballX", "Segments": [0, 0, 0, 0.45, 0.1, 2, 2.6, 0.1]}, {"Target": "Parameter", "Id": "ParamBodyAngleX", "Segments": [0, -4, 0, 0.417, 3, 0, 0.867, -5, 0, 1.433, -1, 0, 1.983, -2, 2, 2.6, -2]}, {"Target": "Parameter", "Id": "ParamBodyAngleY", "Segments": [0, 0, 0, 0.317, 4, 0, 0.717, -3, 0, 1.167, 1, 2, 2.6, 1]}, {"Target": "Parameter", "Id": "ParamBodyAngleZ", "Segments": [0, -5, 0, 1, 1, 2, 2.6, 1]}, {"Target": "Parameter", "Id": "ParamUpperBodyZ", "Segments": [0, 7, 0, 1, -1, 2, 2.6, -1]}, {"Target": "Parameter", "Id": "ParamLegLZ", "Segments": [0, -1, 0, 0.7, 0, 2, 2.6, 0]}, {"Target": "Parameter", "Id": "ParamLegRZ", "Segments": [0, 4, 0, 0.7, 7, 2, 2.6, 7]}, {"Target": "Parameter", "Id": "ParamShoulderR", "Segments": [0, 0, 0, 0.433, 8, 0, 1, 6, 2, 2.6, 6]}, {"Target": "Parameter", "Id": "ParamArmR1", "Segments": [0, -46, 0, 0.433, -35, 0, 1.017, -41, 2, 2.6, -41]}, {"Target": "Parameter", "Id": "ParamArmR2", "Segments": [0, -2, 0, 0.483, -3, 0, 1.1, -2, 2, 2.6, -2]}, {"Target": "Parameter", "Id": "ParamArmR3", "Segments": [0, -17, 0, 0.533, -31, 0, 1.2, -13, 2, 2.6, -13]}, {"Target": "Parameter", "Id": "ParamArmR5", "Segments": [0, 0, 0, 0.483, 6, 0, 1.1, 1, 2, 2.6, 1]}, {"Target": "Parameter", "Id": "ParamArmR8", "Segments": [0, -20, 0, 0.517, -28, 0, 1.133, -14, 2, 2.6, -14]}, {"Target": "Parameter", "Id": "ParamFingerR", "Segments": [0, 0, 0, 0.533, 10, 0, 1.15, -10, 0, 1.717, 0, 2, 2.6, 0]}, {"Target": "Parameter", "Id": "ParamShoulderL", "Segments": [0, 5, 0, 0.367, 8, 0, 0.817, 2, 2, 2.6, 2]}, {"Target": "Parameter", "Id": "ParamArmL1", "Segments": [0, 7, 0, 0.433, 12, 0, 0.883, 4, 2, 2.6, 4]}, {"Target": "Parameter", "Id": "ParamArmL2", "Segments": [0, 18, 0, 0.467, 23, 0, 0.933, 19, 2, 2.6, 19]}, {"Target": "Parameter", "Id": "ParamArmL3", "Segments": [0, 18, 0, 0.183, 16, 1, 0.328, 16, 0.472, 35.193, 0.617, 37, 1, 0.856, 39.988, 1.094, 40.0, 1.333, 40, 2, 2.6, 40]}, {"Target": "Parameter", "Id": "ParamArmL4", "Segments": [0, -20, 0, 0.45, -11, 0, 0.883, -14, 2, 2.6, -14]}, {"Target": "Parameter", "Id": "ParamArmL5", "Segments": [0, 7, 0, 0.45, 9, 2, 0.883, 9, 2, 2.6, 9]}, {"Target": "Parameter", "Id": "ParamArmL8", "Segments": [0, 23, 0, 0.3, 22, 1, 0.394, 22, 0.489, 34.175, 0.583, 36, 1, 0.772, 39.649, 0.961, 40.0, 1.15, 40, 2, 2.6, 40]}, {"Target": "Parameter", "Id": "ParamFingerL", "Segments": [0, 0, 0, 0.5, 6, 0, 0.983, -3, 0, 1.567, 0, 2, 2.6, 0]}, {"Target": "Parameter", "Id": "ParamRotationZ", "Segments": [0, 0, 0, 2.6, 0]}, {"Target": "Parameter", "Id": "ParamUpperBody", "Segments": [0, 0, 0, 2.6, 0]}, {"Target": "Parameter", "Id": "ParamBreath", "Segments": [0, 0, 0, 2.6, 0]}, {"Target": "Parameter", "Id": "ParamArmR4", "Segments": [0, 0, 0, 2.6, 0]}, {"Target": "Parameter", "Id": "ParamArmR6", "Segments": [0, 0, 0, 2.6, 0]}, {"Target": "Parameter", "Id": "ParamArmR7", "Segments": [0, 0, 0, 2.6, 0]}, {"Target": "Parameter", "Id": "ParamArmR9", "Segments": [0, -0.8, 0, 2.6, -0.8]}, {"Target": "Parameter", "Id": "ParamHandRA", "Segments": [0, 1, 0, 2.6, 1]}, {"Target": "Parameter", "Id": "ParamHandRB", "Segments": [0, 0, 0, 2.6, 0]}, {"Target": "Parameter", "Id": "ParamHandRC", "Segments": [0, 0, 0, 2.6, 0]}, {"Target": "Parameter", "Id": "ParamHandRD", "Segments": [0, 0, 0, 2.6, 0]}, {"Target": "Parameter", "Id": "ParamHandRE", "Segments": [0, 0, 0, 2.6, 0]}, {"Target": "Parameter", "Id": "ParamHandRF", "Segments": [0, 0, 0, 2.6, 0]}, {"Target": "Parameter", "Id": "ParamHandRG", "Segments": [0, 0, 0, 2.6, 0]}, {"Target": "Parameter", "Id": "ParamHandRH", "Segments": [0, 0, 0, 2.6, 0]}, {"Target": "Parameter", "Id": "ParamHandRI", "Segments": [0, 0, 0, 2.6, 0]}, {"Target": "Parameter", "Id": "ParamHandRJ", "Segments": [0, 0, 0, 2.6, 0]}, {"Target": "Parameter", "Id": "ParamHandRK", "Segments": [0, 0, 0, 2.6, 0]}, {"Target": "Parameter", "Id": "ParamArmL6", "Segments": [0, 1, 0, 2.6, 1]}, {"Target": "Parameter", "Id": "ParamArmL7", "Segments": [0, 0, 0, 2.6, 0]}, {"Target": "Parameter", "Id": "ParamArmL9", "Segments": [0, 0.6, 0, 2.6, 0.6]}, {"Target": "Parameter", "Id": "ParamHandLA", "Segments": [0, 0, 0, 2.6, 0]}, {"Target": "Parameter", "Id": "ParamHandLB", "Segments": [0, 0, 0, 2.6, 0]}, {"Target": "Parameter", "Id": "ParamHandLC", "Segments": [0, 0, 0, 2.6, 0]}, {"Target": "Parameter", "Id": "ParamHandLD", "Segments": [0, 0, 0, 2.6, 0]}, {"Target": "Parameter", "Id": "ParamHandLE", "Segments": [0, 0, 0, 2.6, 0]}, {"Target": "Parameter", "Id": "ParamHandLF", "Segments": [0, 0, 0, 2.6, 0]}, {"Target": "Parameter", "Id": "ParamHandLG", "Segments": [0, 0, 0, 2.6, 0]}, {"Target": "Parameter", "Id": "ParamHandLH", "Segments": [0, 0, 0, 2.6, 0]}, {"Target": "Parameter", "Id": "ParamHandLI", "Segments": [0, 0, 0, 2.6, 0]}, {"Target": "Parameter", "Id": "ParamHandLJ", "Segments": [0, 1, 0, 2.6, 1]}, {"Target": "Parameter", "Id": "ParamHandLK", "Segments": [0, 0, 0, 2.6, 0]}], "UserData": [{"Time": 0.567, "Value": "eyeblink,0.20,0.23,0.20"}]}