{"Version": 3, "Meta": {"Duration": 2.6, "Fps": 60.0, "Loop": true, "AreBeziersRestricted": true, "CurveCount": 61, "UserDataCount": 1, "TotalSegmentCount": 171, "TotalPointCount": 171, "TotalUserDataSize": 22}, "Curves": [{"Target": "Parameter", "Id": "ParamPositionX", "Segments": [0, 2, 0, 1.05, 1, 2, 2.6, 1]}, {"Target": "Parameter", "Id": "ParamAngleX", "Segments": [0, 0, 0, 0.583, 15, 0, 1.05, -15, 0, 1.433, 11, 0, 2, 0, 2, 2.6, 0]}, {"Target": "Parameter", "Id": "ParamAngleY", "Segments": [0, 0, 0, 0.583, -16, 0, 1.05, -15, 2, 2.6, -15]}, {"Target": "Parameter", "Id": "ParamAngleZ", "Segments": [0, 0, 0, 0.45, -4, 0, 0.867, 3, 0, 1.317, -2, 0, 1.767, -1, 2, 2.6, -1]}, {"Target": "Parameter", "Id": "ParamEyeROpen", "Segments": [0, 1, 0, 0.533, 1, 0, 0.767, 0, 2, 1.567, 0, 0, 1.833, 1, 2, 2.6, 1]}, {"Target": "Parameter", "Id": "ParamEyeLOpen", "Segments": [0, 1, 0, 0.533, 1, 0, 0.767, 0, 2, 1.567, 0, 0, 1.833, 1, 2, 2.6, 1]}, {"Target": "Parameter", "Id": "ParamBodyAngleX", "Segments": [0, 0, 0, 0.083, 0, 0, 0.533, -4, 0, 1.05, 3, 0, 1.483, -2, 2, 2.6, -2]}, {"Target": "Parameter", "Id": "ParamBodyAngleY", "Segments": [0, 0, 0, 0.45, 2, 0, 0.967, -2, 2, 2.6, -2]}, {"Target": "Parameter", "Id": "ParamBodyAngleZ", "Segments": [0, -6, 0, 0.45, -7, 0, 0.967, -6, 2, 2.6, -6]}, {"Target": "Parameter", "Id": "ParamUpperBodyZ", "Segments": [0, 9, 0, 0.45, 6, 0, 0.967, 8, 2, 2.6, 8]}, {"Target": "Parameter", "Id": "ParamUpperBody", "Segments": [0, 0, 0, 0.45, 2, 0, 0.967, -2, 2, 2.6, -2]}, {"Target": "Parameter", "Id": "ParamShoulderR", "Segments": [0, 2, 0, 0.083, 2, 0, 0.417, 7, 0, 0.833, -2, 2, 2.6, -2]}, {"Target": "Parameter", "Id": "ParamArmR3", "Segments": [0, -20, 0, 0.433, -28, 0, 0.917, -18, 2, 2.6, -18]}, {"Target": "Parameter", "Id": "ParamArmR4", "Segments": [0, 19, 0, 0.083, 19, 0, 0.417, 24, 0, 0.833, 17, 2, 2.6, 17]}, {"Target": "Parameter", "Id": "ParamFingerR", "Segments": [0, 0, 0, 0.467, 5, 0, 0.917, -2, 2, 2.6, -2]}, {"Target": "Parameter", "Id": "ParamShoulderL", "Segments": [0, 4, 0, 0.083, 4, 0, 0.417, 10, 0, 0.833, 0, 2, 2.6, 0]}, {"Target": "Parameter", "Id": "ParamArmL4", "Segments": [0, 17, 0, 0.083, 17, 0, 0.417, 21, 0, 0.833, 15, 2, 2.6, 15]}, {"Target": "Parameter", "Id": "ParamFingerL", "Segments": [0, 0, 0, 0.467, 4, 0, 0.933, -3, 2, 2.6, -3]}, {"Target": "Parameter", "Id": "ParamPositionY", "Segments": [0, 0, 0, 2.6, 0]}, {"Target": "Parameter", "Id": "ParamRotationZ", "Segments": [0, 0, 0, 2.6, 0]}, {"Target": "Parameter", "Id": "ParamEyeballX", "Segments": [0, 0, 0, 2.6, 0]}, {"Target": "Parameter", "Id": "ParamBreath", "Segments": [0, 0, 0, 2.6, 0]}, {"Target": "Parameter", "Id": "ParamLegLZ", "Segments": [0, -1, 0, 2.6, -1]}, {"Target": "Parameter", "Id": "ParamLegRZ", "Segments": [0, 5, 0, 2.6, 5]}, {"Target": "Parameter", "Id": "ParamArmR1", "Segments": [0, -39, 0, 2.6, -39]}, {"Target": "Parameter", "Id": "ParamArmR2", "Segments": [0, 30, 0, 2.6, 30]}, {"Target": "Parameter", "Id": "ParamArmR5", "Segments": [0, 9, 0, 2.6, 9]}, {"Target": "Parameter", "Id": "ParamArmR6", "Segments": [0, 1.1, 0, 2.6, 1.1]}, {"Target": "Parameter", "Id": "ParamArmR7", "Segments": [0, 0, 0, 2.6, 0]}, {"Target": "Parameter", "Id": "ParamArmR8", "Segments": [0, -30, 0, 2.6, -30]}, {"Target": "Parameter", "Id": "ParamArmR9", "Segments": [0, 0.8, 0, 2.6, 0.8]}, {"Target": "Parameter", "Id": "ParamHandRA", "Segments": [0, 0, 0, 2.6, 0]}, {"Target": "Parameter", "Id": "ParamHandRB", "Segments": [0, 0, 0, 2.6, 0]}, {"Target": "Parameter", "Id": "ParamHandRC", "Segments": [0, 0, 0, 2.6, 0]}, {"Target": "Parameter", "Id": "ParamHandRD", "Segments": [0, 0, 0, 2.6, 0]}, {"Target": "Parameter", "Id": "ParamHandRE", "Segments": [0, 0, 0, 2.6, 0]}, {"Target": "Parameter", "Id": "ParamHandRF", "Segments": [0, 1, 0, 2.6, 1]}, {"Target": "Parameter", "Id": "ParamHandRG", "Segments": [0, 0, 0, 2.6, 0]}, {"Target": "Parameter", "Id": "ParamHandRH", "Segments": [0, 0, 0, 2.6, 0]}, {"Target": "Parameter", "Id": "ParamHandRI", "Segments": [0, 0, 0, 2.6, 0]}, {"Target": "Parameter", "Id": "ParamHandRJ", "Segments": [0, 0, 0, 2.6, 0]}, {"Target": "Parameter", "Id": "ParamHandRK", "Segments": [0, 0, 0, 2.6, 0]}, {"Target": "Parameter", "Id": "ParamArmL1", "Segments": [0, -34, 0, 2.6, -34]}, {"Target": "Parameter", "Id": "ParamArmL2", "Segments": [0, 31, 0, 2.6, 31]}, {"Target": "Parameter", "Id": "ParamArmL3", "Segments": [0, -19, 0, 2.6, -19]}, {"Target": "Parameter", "Id": "ParamArmL5", "Segments": [0, 6, 0, 2.6, 6]}, {"Target": "Parameter", "Id": "ParamArmL6", "Segments": [0, 1, 0, 2.6, 1]}, {"Target": "Parameter", "Id": "ParamArmL7", "Segments": [0, 0, 0, 2.6, 0]}, {"Target": "Parameter", "Id": "ParamArmL8", "Segments": [0, -25, 0, 2.6, -25]}, {"Target": "Parameter", "Id": "ParamArmL9", "Segments": [0, 0.7, 0, 2.6, 0.7]}, {"Target": "Parameter", "Id": "ParamHandLA", "Segments": [0, 0, 0, 2.6, 0]}, {"Target": "Parameter", "Id": "ParamHandLB", "Segments": [0, 0, 0, 2.6, 0]}, {"Target": "Parameter", "Id": "ParamHandLC", "Segments": [0, 0, 0, 2.6, 0]}, {"Target": "Parameter", "Id": "ParamHandLD", "Segments": [0, 0, 0, 2.6, 0]}, {"Target": "Parameter", "Id": "ParamHandLE", "Segments": [0, 0, 0, 2.6, 0]}, {"Target": "Parameter", "Id": "ParamHandLF", "Segments": [0, 1, 0, 2.6, 1]}, {"Target": "Parameter", "Id": "ParamHandLG", "Segments": [0, 0, 0, 2.6, 0]}, {"Target": "Parameter", "Id": "ParamHandLH", "Segments": [0, 0, 0, 2.6, 0]}, {"Target": "Parameter", "Id": "ParamHandLI", "Segments": [0, 0, 0, 2.6, 0]}, {"Target": "Parameter", "Id": "ParamHandLJ", "Segments": [0, 0, 0, 2.6, 0]}, {"Target": "Parameter", "Id": "ParamHandLK", "Segments": [0, 0, 0, 2.6, 0]}], "UserData": [{"Time": 0.533, "Value": "eyeblink,0.24,0.8,0.27"}]}