{"Version": 3, "Meta": {"Duration": 2.383, "Fps": 60.0, "Loop": true, "AreBeziersRestricted": true, "CurveCount": 61, "UserDataCount": 1, "TotalSegmentCount": 200, "TotalPointCount": 204, "TotalUserDataSize": 23}, "Curves": [{"Target": "Parameter", "Id": "ParamAngleX", "Segments": [0, 0, 0, 0.117, 0, 0, 0.5, -1, 0, 1.1, 8, 0, 1.65, 6, 2, 2.383, 6]}, {"Target": "Parameter", "Id": "ParamAngleY", "Segments": [0, 2, 0, 0.117, 2, 0, 0.5, 6, 0, 1.1, -2, 0, 1.65, 0, 2, 2.383, 0]}, {"Target": "Parameter", "Id": "ParamAngleZ", "Segments": [0, -6, 0, 0.117, -6, 0, 0.5, -18, 0, 1.1, 15, 0, 1.65, 12, 2, 2.383, 12]}, {"Target": "Parameter", "Id": "ParamEyeROpen", "Segments": [0, 1, 0, 0.433, 1, 0, 0.667, 0, 2, 0.933, 0, 0, 1.2, 1, 2, 2.383, 1]}, {"Target": "Parameter", "Id": "ParamEyeLOpen", "Segments": [0, 1, 0, 0.433, 1, 0, 0.667, 0, 2, 0.933, 0, 0, 1.2, 1, 2, 2.383, 1]}, {"Target": "Parameter", "Id": "ParamBodyAngleX", "Segments": [0, 4, 0, 0.383, -8, 0, 0.983, 10, 0, 1.533, 9, 2, 2.383, 9]}, {"Target": "Parameter", "Id": "ParamBodyAngleY", "Segments": [0, 0, 0, 0.383, 2, 0, 0.983, 0, 2, 1.533, 0, 2, 2.383, 0]}, {"Target": "Parameter", "Id": "ParamUpperBodyZ", "Segments": [0, 8, 0, 0.383, 6, 0, 0.983, 9, 0, 1.533, 8, 2, 2.383, 8]}, {"Target": "Parameter", "Id": "ParamUpperBody", "Segments": [0, 0, 0, 0.383, 1, 0, 0.983, 0, 2, 2.383, 0]}, {"Target": "Parameter", "Id": "ParamShoulderR", "Segments": [0, -1, 0, 0.383, 2, 0, 0.983, -4, 0, 1.533, -2, 2, 2.383, -2]}, {"Target": "Parameter", "Id": "ParamArmR1", "Segments": [0, -42, 0, 0.383, -37, 0, 0.983, -44, 0, 1.533, -42, 2, 2.383, -42]}, {"Target": "Parameter", "Id": "ParamArmR2", "Segments": [0, -2, 0, 0.067, -2, 0, 0.45, -4, 0, 1.05, -1, 0, 1.6, -2, 2, 2.383, -2]}, {"Target": "Parameter", "Id": "ParamArmR3", "Segments": [0, 0, 0, 0.133, 0, 0, 0.517, -25, 0, 1.117, -11, 0, 1.667, -16, 2, 2.383, -16]}, {"Target": "Parameter", "Id": "ParamArmR4", "Segments": [0, 0, 0, 0.383, -6, 0, 0.983, 0, 2, 2.383, 0]}, {"Target": "Parameter", "Id": "ParamArmR8", "Segments": [0, 0, 0, 0.467, -25, 0, 1.05, -15, 0, 1.617, -17, 2, 2.383, -17]}, {"Target": "Parameter", "Id": "ParamFingerR", "Segments": [0, 0, 0, 0.5, 7, 0, 1.117, -3, 0, 1.7, 0, 2, 2.383, 0]}, {"Target": "Parameter", "Id": "ParamShoulderL", "Segments": [0, 1, 0, 0.383, 5, 0, 0.983, -1, 0, 1.533, 1, 2, 2.383, 1]}, {"Target": "Parameter", "Id": "ParamArmL1", "Segments": [0, -40, 0, 0.383, -37, 0, 0.983, -40, 2, 2.383, -40]}, {"Target": "Parameter", "Id": "ParamArmL2", "Segments": [0, 42, 0, 0.083, 42, 0, 0.467, 44, 0, 1.067, 42, 2, 1.617, 42, 2, 2.383, 42]}, {"Target": "Parameter", "Id": "ParamArmL3", "Segments": [0, 3, 0, 0.15, 3, 0, 0.533, 18, 0, 1.133, 10, 0, 1.683, 18, 2, 2.383, 18]}, {"Target": "Parameter", "Id": "ParamArmL4", "Segments": [0, 7, 0, 0.383, 14, 1, 0.583, 14, 0.783, 11.057, 0.983, 9, 1, 1.166, 7.114, 1.35, 7.0, 1.533, 7, 2, 2.383, 7]}, {"Target": "Parameter", "Id": "ParamArmL5", "Segments": [0, 3, 0, 0.383, 5, 0, 0.983, 2, 0, 1.533, 3, 2, 2.383, 3]}, {"Target": "Parameter", "Id": "ParamArmL8", "Segments": [0, 1, 0, 0.5, 14, 0, 1.067, 3, 0, 1.633, 18, 2, 2.383, 18]}, {"Target": "Parameter", "Id": "ParamFingerL", "Segments": [0, 0, 0, 0.467, 7, 0, 1.083, -3, 0, 1.683, 0, 2, 2.383, 0]}, {"Target": "Parameter", "Id": "ParamPositionX", "Segments": [0, 1, 0, 2.383, 1]}, {"Target": "Parameter", "Id": "ParamPositionY", "Segments": [0, 0, 0, 2.383, 0]}, {"Target": "Parameter", "Id": "ParamRotationZ", "Segments": [0, 0, 0, 2.383, 0]}, {"Target": "Parameter", "Id": "ParamEyeballX", "Segments": [0, -0.1, 0, 2.383, -0.1]}, {"Target": "Parameter", "Id": "ParamBodyAngleZ", "Segments": [0, -5, 0, 2.383, -5]}, {"Target": "Parameter", "Id": "ParamBreath", "Segments": [0, 0, 0, 2.383, 0]}, {"Target": "Parameter", "Id": "ParamLegLZ", "Segments": [0, -4, 0, 2.383, -4]}, {"Target": "Parameter", "Id": "ParamLegRZ", "Segments": [0, 1, 0, 2.383, 1]}, {"Target": "Parameter", "Id": "ParamArmR5", "Segments": [0, 0, 0, 2.383, 0]}, {"Target": "Parameter", "Id": "ParamArmR6", "Segments": [0, 0, 0, 2.383, 0]}, {"Target": "Parameter", "Id": "ParamArmR7", "Segments": [0, 0, 0, 2.383, 0]}, {"Target": "Parameter", "Id": "ParamArmR9", "Segments": [0, -0.8, 0, 2.383, -0.8]}, {"Target": "Parameter", "Id": "ParamHandRA", "Segments": [0, 1, 0, 2.383, 1]}, {"Target": "Parameter", "Id": "ParamHandRB", "Segments": [0, 0, 0, 2.383, 0]}, {"Target": "Parameter", "Id": "ParamHandRC", "Segments": [0, 0, 0, 2.383, 0]}, {"Target": "Parameter", "Id": "ParamHandRD", "Segments": [0, 0, 0, 2.383, 0]}, {"Target": "Parameter", "Id": "ParamHandRE", "Segments": [0, 0, 0, 2.383, 0]}, {"Target": "Parameter", "Id": "ParamHandRF", "Segments": [0, 0, 0, 2.383, 0]}, {"Target": "Parameter", "Id": "ParamHandRG", "Segments": [0, 0, 0, 2.383, 0]}, {"Target": "Parameter", "Id": "ParamHandRH", "Segments": [0, 0, 0, 2.383, 0]}, {"Target": "Parameter", "Id": "ParamHandRI", "Segments": [0, 0, 0, 2.383, 0]}, {"Target": "Parameter", "Id": "ParamHandRJ", "Segments": [0, 0, 0, 2.383, 0]}, {"Target": "Parameter", "Id": "ParamHandRK", "Segments": [0, 0, 0, 2.383, 0]}, {"Target": "Parameter", "Id": "ParamArmL6", "Segments": [0, 1, 0, 2.383, 1]}, {"Target": "Parameter", "Id": "ParamArmL7", "Segments": [0, -5, 0, 2.383, -5]}, {"Target": "Parameter", "Id": "ParamArmL9", "Segments": [0, 0.7, 0, 2.383, 0.7]}, {"Target": "Parameter", "Id": "ParamHandLA", "Segments": [0, 0, 0, 2.383, 0]}, {"Target": "Parameter", "Id": "ParamHandLB", "Segments": [0, 1, 0, 2.383, 1]}, {"Target": "Parameter", "Id": "ParamHandLC", "Segments": [0, 0, 0, 2.383, 0]}, {"Target": "Parameter", "Id": "ParamHandLD", "Segments": [0, 0, 0, 2.383, 0]}, {"Target": "Parameter", "Id": "ParamHandLE", "Segments": [0, 0, 0, 2.383, 0]}, {"Target": "Parameter", "Id": "ParamHandLF", "Segments": [0, 0, 0, 2.383, 0]}, {"Target": "Parameter", "Id": "ParamHandLG", "Segments": [0, 0, 0, 2.383, 0]}, {"Target": "Parameter", "Id": "ParamHandLH", "Segments": [0, 0, 0, 2.383, 0]}, {"Target": "Parameter", "Id": "ParamHandLI", "Segments": [0, 0, 0, 2.383, 0]}, {"Target": "Parameter", "Id": "ParamHandLJ", "Segments": [0, 0, 0, 2.383, 0]}, {"Target": "Parameter", "Id": "ParamHandLK", "Segments": [0, 0, 0, 2.383, 0]}], "UserData": [{"Time": 0.433, "Value": "eyeblink,0.24,0.27,0.27"}]}