{"Version": 3, "Meta": {"Duration": 2, "Fps": 60.0, "Loop": true, "AreBeziersRestricted": true, "CurveCount": 61, "UserDataCount": 1, "TotalSegmentCount": 187, "TotalPointCount": 195, "TotalUserDataSize": 22}, "Curves": [{"Target": "Parameter", "Id": "ParamPositionX", "Segments": [0, 0, 0, 0.383, 0, 0, 0.817, 1, 2, 2, 1]}, {"Target": "Parameter", "Id": "ParamPositionY", "Segments": [0, 0, 0, 0.383, 1, 0, 0.817, 0, 2, 2, 0]}, {"Target": "Parameter", "Id": "ParamRotationZ", "Segments": [0, 0, 0, 0.383, -1, 0, 0.983, 0, 2, 2, 0]}, {"Target": "Parameter", "Id": "ParamAngleX", "Segments": [0, 0, 0, 0.25, -2, 1, 0.367, -2, 0.483, 1.04, 0.6, 2, 1, 0.728, 3.051, 0.855, 3.0, 0.983, 3, 2, 2, 3]}, {"Target": "Parameter", "Id": "ParamAngleY", "Segments": [0, 0, 0, 0.25, 6, 2, 2, 6]}, {"Target": "Parameter", "Id": "ParamAngleZ", "Segments": [0, 11, 0, 0.033, 11, 0, 0.4, -11, 0, 0.867, 13, 0, 1.383, 6, 2, 2, 6]}, {"Target": "Parameter", "Id": "ParamEyeROpen", "Segments": [0, 1, 0, 0.167, 1, 0, 0.367, 0, 0, 0.6, 1, 2, 2, 1]}, {"Target": "Parameter", "Id": "ParamEyeLOpen", "Segments": [0, 1, 0, 0.167, 1, 0, 0.367, 0, 0, 0.6, 1, 2, 2, 1]}, {"Target": "Parameter", "Id": "ParamBodyAngleX", "Segments": [0, 0, 0, 0.383, -2, 0, 0.817, 4, 0, 1.283, 2, 2, 2, 2]}, {"Target": "Parameter", "Id": "ParamBodyAngleY", "Segments": [0, -9, 0, 0.383, 3, 0, 0.817, -3, 0, 1.283, 0, 2, 2, 0]}, {"Target": "Parameter", "Id": "ParamBodyAngleZ", "Segments": [0, 2, 0, 0.383, 2, 0, 0.817, -2, 2, 2, -2]}, {"Target": "Parameter", "Id": "ParamUpperBodyZ", "Segments": [0, -5, 0, 0.033, -5, 1, 0.161, -5, 0.289, -5.185, 0.417, -3, 1, 0.561, -0.53, 0.706, 6.0, 0.85, 6, 2, 2, 6]}, {"Target": "Parameter", "Id": "ParamLegRZ", "Segments": [0, 0, 0, 0.383, 0, 0, 0.817, 1, 2, 2, 1]}, {"Target": "Parameter", "Id": "ParamShoulderR", "Segments": [0, 5, 0, 0.383, 10, 0, 0.817, 3, 0, 1.283, 5, 2, 2, 5]}, {"Target": "Parameter", "Id": "ParamArmR1", "Segments": [0, -6, 0, 0.383, -1, 0, 0.817, -10, 2, 2, -10]}, {"Target": "Parameter", "Id": "ParamArmR2", "Segments": [0, 13, 0, 0.383, 16, 0, 0.817, 13, 2, 2, 13]}, {"Target": "Parameter", "Id": "ParamArmR3", "Segments": [0, 37, 0, 0.383, 40, 0, 0.817, 37, 2, 2, 37]}, {"Target": "Parameter", "Id": "ParamArmR4", "Segments": [0, 14, 0, 0.383, 8, 0, 0.817, 14, 2, 2, 14]}, {"Target": "Parameter", "Id": "ParamArmR5", "Segments": [0, 9, 0, 0.383, 12, 0, 0.817, 9, 2, 2, 9]}, {"Target": "Parameter", "Id": "ParamFingerR", "Segments": [0, 0, 0, 0.467, 6, 0, 0.867, -4, 0, 1.3, 0, 2, 2, 0]}, {"Target": "Parameter", "Id": "ParamShoulderL", "Segments": [0, 2, 0, 0.383, 10, 0, 0.817, 8, 0, 1.283, 10, 2, 2, 10]}, {"Target": "Parameter", "Id": "ParamArmL1", "Segments": [0, -12, 0, 0.383, -7, 2, 0.817, -7, 2, 2, -7]}, {"Target": "Parameter", "Id": "ParamArmL2", "Segments": [0, 12, 0, 0.383, 16, 0, 0.817, 12, 2, 2, 12]}, {"Target": "Parameter", "Id": "ParamArmL3", "Segments": [0, 35, 0, 0.383, 40, 0, 0.817, 35, 2, 2, 35]}, {"Target": "Parameter", "Id": "ParamArmL4", "Segments": [0, 14, 0, 0.383, 0, 0, 0.817, 14, 2, 2, 14]}, {"Target": "Parameter", "Id": "ParamArmL5", "Segments": [0, 9, 0, 0.383, 14, 0, 0.817, 9, 2, 2, 9]}, {"Target": "Parameter", "Id": "ParamFingerL", "Segments": [0, 0, 0, 0.467, 6, 0, 0.867, -4, 0, 1.3, 0, 2, 2, 0]}, {"Target": "Parameter", "Id": "ParamEyeballX", "Segments": [0, 0, 0, 2, 0]}, {"Target": "Parameter", "Id": "ParamUpperBody", "Segments": [0, 0, 0, 2, 0]}, {"Target": "Parameter", "Id": "ParamBreath", "Segments": [0, 0, 0, 2, 0]}, {"Target": "Parameter", "Id": "ParamLegLZ", "Segments": [0, 5, 0, 2, 5]}, {"Target": "Parameter", "Id": "ParamArmR6", "Segments": [0, 1, 0, 2, 1]}, {"Target": "Parameter", "Id": "ParamArmR7", "Segments": [0, 0, 0, 2, 0]}, {"Target": "Parameter", "Id": "ParamArmR8", "Segments": [0, 40, 0, 2, 40]}, {"Target": "Parameter", "Id": "ParamArmR9", "Segments": [0, 0.6, 0, 2, 0.6]}, {"Target": "Parameter", "Id": "ParamHandRA", "Segments": [0, 0, 0, 2, 0]}, {"Target": "Parameter", "Id": "ParamHandRB", "Segments": [0, 0, 0, 2, 0]}, {"Target": "Parameter", "Id": "ParamHandRC", "Segments": [0, 0, 0, 2, 0]}, {"Target": "Parameter", "Id": "ParamHandRD", "Segments": [0, 0, 0, 2, 0]}, {"Target": "Parameter", "Id": "ParamHandRE", "Segments": [0, 0, 0, 2, 0]}, {"Target": "Parameter", "Id": "ParamHandRF", "Segments": [0, 0, 0, 2, 0]}, {"Target": "Parameter", "Id": "ParamHandRG", "Segments": [0, 0, 0, 2, 0]}, {"Target": "Parameter", "Id": "ParamHandRH", "Segments": [0, 0, 0, 2, 0]}, {"Target": "Parameter", "Id": "ParamHandRI", "Segments": [0, 0, 0, 2, 0]}, {"Target": "Parameter", "Id": "ParamHandRJ", "Segments": [0, 1, 0, 2, 1]}, {"Target": "Parameter", "Id": "ParamHandRK", "Segments": [0, 0, 0, 2, 0]}, {"Target": "Parameter", "Id": "ParamArmL6", "Segments": [0, 1, 0, 2, 1]}, {"Target": "Parameter", "Id": "ParamArmL7", "Segments": [0, 0, 0, 2, 0]}, {"Target": "Parameter", "Id": "ParamArmL8", "Segments": [0, 39, 0, 2, 39]}, {"Target": "Parameter", "Id": "ParamArmL9", "Segments": [0, 0.6, 0, 2, 0.6]}, {"Target": "Parameter", "Id": "ParamHandLA", "Segments": [0, 0, 0, 2, 0]}, {"Target": "Parameter", "Id": "ParamHandLB", "Segments": [0, 0, 0, 2, 0]}, {"Target": "Parameter", "Id": "ParamHandLC", "Segments": [0, 0, 0, 2, 0]}, {"Target": "Parameter", "Id": "ParamHandLD", "Segments": [0, 0, 0, 2, 0]}, {"Target": "Parameter", "Id": "ParamHandLE", "Segments": [0, 0, 0, 2, 0]}, {"Target": "Parameter", "Id": "ParamHandLF", "Segments": [0, 0, 0, 2, 0]}, {"Target": "Parameter", "Id": "ParamHandLG", "Segments": [0, 0, 0, 2, 0]}, {"Target": "Parameter", "Id": "ParamHandLH", "Segments": [0, 0, 0, 2, 0]}, {"Target": "Parameter", "Id": "ParamHandLI", "Segments": [0, 0, 0, 2, 0]}, {"Target": "Parameter", "Id": "ParamHandLJ", "Segments": [0, 1, 0, 2, 1]}, {"Target": "Parameter", "Id": "ParamHandLK", "Segments": [0, 0, 0, 2, 0]}], "UserData": [{"Time": 0.183, "Value": "eyeblink,0.2,0.79,0.24"}]}