{"Version": 3, "Meta": {"Duration": 2.6, "Fps": 60.0, "Loop": true, "AreBeziersRestricted": true, "CurveCount": 61, "UserDataCount": 1, "TotalSegmentCount": 205, "TotalPointCount": 209, "TotalUserDataSize": 23}, "Curves": [{"Target": "Parameter", "Id": "ParamPositionY", "Segments": [0, 0, 0, 0.433, 1, 0, 0.783, -1, 0, 1.183, 0, 2, 2.6, 0]}, {"Target": "Parameter", "Id": "ParamAngleX", "Segments": [0, 0, 0, 0.35, -5, 0, 0.833, 2, 0, 1.317, 0, 2, 2.6, 0]}, {"Target": "Parameter", "Id": "ParamAngleY", "Segments": [0, 0, 0, 0.35, 13, 0, 0.833, -21, 2, 2.6, -21]}, {"Target": "Parameter", "Id": "ParamAngleZ", "Segments": [0, 2, 0, 0.417, -4, 0, 0.917, 10, 0, 1.35, 5, 2, 2.6, 5]}, {"Target": "Parameter", "Id": "ParamEyeROpen", "Segments": [0, 1, 0, 0.217, 1, 0, 0.417, 0, 2, 0.683, 0, 0, 0.883, 1, 2, 2.6, 1]}, {"Target": "Parameter", "Id": "ParamEyeLOpen", "Segments": [0, 1, 0, 0.217, 1, 0, 0.417, 0, 2, 0.683, 0, 0, 0.883, 1, 2, 2.6, 1]}, {"Target": "Parameter", "Id": "ParamEyeballX", "Segments": [0, 0, 0, 0.317, 0.2, 1, 0.511, 0.2, 0.706, 0.167, 0.9, 0.1, 1, 1.094, 0.033, 1.289, 0.0, 1.483, 0, 2, 2.6, 0]}, {"Target": "Parameter", "Id": "ParamBodyAngleX", "Segments": [0, -2, 0, 0.317, -8, 0, 0.817, 3, 0, 1.317, -2, 2, 2.6, -2]}, {"Target": "Parameter", "Id": "ParamBodyAngleY", "Segments": [0, 0, 0, 0.45, 5, 0, 0.817, -3, 0, 1.317, -1, 2, 2.6, -1]}, {"Target": "Parameter", "Id": "ParamBodyAngleZ", "Segments": [0, 2, 0, 0.45, 1, 0, 1.067, 4, 2, 2.6, 4]}, {"Target": "Parameter", "Id": "ParamUpperBodyZ", "Segments": [0, -2, 0, 0.45, 0, 0, 1.067, -6, 2, 2.6, -6]}, {"Target": "Parameter", "Id": "ParamUpperBody", "Segments": [0, 0, 0, 0.45, 6, 0, 0.817, -7, 2, 2.6, -7]}, {"Target": "Parameter", "Id": "ParamBreath", "Segments": [0, 0, 0, 0.433, 0.6, 0, 0.733, 0, 2, 2.6, 0]}, {"Target": "Parameter", "Id": "ParamShoulderR", "Segments": [0, 0, 0, 0.367, 6, 0, 0.817, 2, 0, 1.3, 4, 2, 2.6, 4]}, {"Target": "Parameter", "Id": "ParamArmR1", "Segments": [0, -37, 0, 0.367, -17, 0, 0.817, -36, 0, 1.3, -33, 2, 2.6, -33]}, {"Target": "Parameter", "Id": "ParamArmR2", "Segments": [0, -3, 0, 0.417, -4, 0, 0.867, -1, 0, 1.35, -2, 2, 2.6, -2]}, {"Target": "Parameter", "Id": "ParamArmR3", "Segments": [0, -17, 0, 0.45, -40, 0, 0.9, -18, 0, 1.383, -33, 2, 2.6, -33]}, {"Target": "Parameter", "Id": "ParamArmR4", "Segments": [0, 9, 0, 0.45, 17, 0, 0.9, 0, 2, 1.383, 0, 2, 2.6, 0]}, {"Target": "Parameter", "Id": "ParamArmR5", "Segments": [0, 0, 0, 0.45, 9, 0, 0.9, 0, 2, 1.383, 0, 2, 2.6, 0]}, {"Target": "Parameter", "Id": "ParamArmR8", "Segments": [0, -20, 0, 0.45, -31, 0, 0.917, -19, 0, 1.4, -36, 2, 2.6, -36]}, {"Target": "Parameter", "Id": "ParamFingerR", "Segments": [0, 0, 0, 0.517, 6, 0, 0.983, -3, 0, 1.4, 0, 2, 2.6, 0]}, {"Target": "Parameter", "Id": "ParamShoulderL", "Segments": [0, 4, 0, 0.45, 10, 0, 0.817, 5, 0, 1.233, 8, 2, 2.6, 8]}, {"Target": "Parameter", "Id": "ParamArmL1", "Segments": [0, -38, 0, 0.45, -12, 0, 0.817, -41, 0, 1.233, -30, 2, 2.6, -30]}, {"Target": "Parameter", "Id": "ParamArmL2", "Segments": [0, 45, 0, 0.5, 54, 0, 0.867, 44, 0, 1.283, 46, 2, 2.6, 46]}, {"Target": "Parameter", "Id": "ParamArmL3", "Segments": [0, 18, 0, 0.5, 40, 0, 0.867, 7, 0, 1.283, 16, 2, 2.6, 16]}, {"Target": "Parameter", "Id": "ParamArmL4", "Segments": [0, 0, 0, 0.5, 40, 0, 0.867, 0, 0, 1.283, 4, 2, 2.6, 4]}, {"Target": "Parameter", "Id": "ParamArmL5", "Segments": [0, 11, 0, 0.5, 8, 0, 0.867, 15, 0, 1.283, 12, 2, 2.6, 12]}, {"Target": "Parameter", "Id": "ParamArmL8", "Segments": [0, 6, 0, 0.5, 25, 0, 0.9, 1, 2, 2.6, 1]}, {"Target": "Parameter", "Id": "ParamFingerL", "Segments": [0, 0, 0, 0.533, 7, 0, 0.95, -3, 0, 1.283, 0, 2, 2.6, 0]}, {"Target": "Parameter", "Id": "ParamPositionX", "Segments": [0, -1, 0, 2.6, -1]}, {"Target": "Parameter", "Id": "ParamRotationZ", "Segments": [0, 0, 0, 2.6, 0]}, {"Target": "Parameter", "Id": "ParamLegLZ", "Segments": [0, 4, 0, 2.6, 4]}, {"Target": "Parameter", "Id": "ParamLegRZ", "Segments": [0, 0, 0, 2.6, 0]}, {"Target": "Parameter", "Id": "ParamArmR6", "Segments": [0, 0, 0, 2.6, 0]}, {"Target": "Parameter", "Id": "ParamArmR7", "Segments": [0, 0, 0, 2.6, 0]}, {"Target": "Parameter", "Id": "ParamArmR9", "Segments": [0, -0.8, 0, 2.6, -0.8]}, {"Target": "Parameter", "Id": "ParamHandRA", "Segments": [0, 1, 0, 2.6, 1]}, {"Target": "Parameter", "Id": "ParamHandRB", "Segments": [0, 0, 0, 2.6, 0]}, {"Target": "Parameter", "Id": "ParamHandRC", "Segments": [0, 0, 0, 2.6, 0]}, {"Target": "Parameter", "Id": "ParamHandRD", "Segments": [0, 0, 0, 2.6, 0]}, {"Target": "Parameter", "Id": "ParamHandRE", "Segments": [0, 0, 0, 2.6, 0]}, {"Target": "Parameter", "Id": "ParamHandRF", "Segments": [0, 0, 0, 2.6, 0]}, {"Target": "Parameter", "Id": "ParamHandRG", "Segments": [0, 0, 0, 2.6, 0]}, {"Target": "Parameter", "Id": "ParamHandRH", "Segments": [0, 0, 0, 2.6, 0]}, {"Target": "Parameter", "Id": "ParamHandRI", "Segments": [0, 0, 0, 2.6, 0]}, {"Target": "Parameter", "Id": "ParamHandRJ", "Segments": [0, 0, 0, 2.6, 0]}, {"Target": "Parameter", "Id": "ParamHandRK", "Segments": [0, 0, 0, 2.6, 0]}, {"Target": "Parameter", "Id": "ParamArmL6", "Segments": [0, 1, 0, 2.6, 1]}, {"Target": "Parameter", "Id": "ParamArmL7", "Segments": [0, -4, 0, 2.6, -4]}, {"Target": "Parameter", "Id": "ParamArmL9", "Segments": [0, 0.7, 0, 2.6, 0.7]}, {"Target": "Parameter", "Id": "ParamHandLA", "Segments": [0, 0, 0, 2.6, 0]}, {"Target": "Parameter", "Id": "ParamHandLB", "Segments": [0, 0, 0, 2.6, 0]}, {"Target": "Parameter", "Id": "ParamHandLC", "Segments": [0, 0, 0, 2.6, 0]}, {"Target": "Parameter", "Id": "ParamHandLD", "Segments": [0, 1, 0, 2.6, 1]}, {"Target": "Parameter", "Id": "ParamHandLE", "Segments": [0, 0, 0, 2.6, 0]}, {"Target": "Parameter", "Id": "ParamHandLF", "Segments": [0, 0, 0, 2.6, 0]}, {"Target": "Parameter", "Id": "ParamHandLG", "Segments": [0, 0, 0, 2.6, 0]}, {"Target": "Parameter", "Id": "ParamHandLH", "Segments": [0, 0, 0, 2.6, 0]}, {"Target": "Parameter", "Id": "ParamHandLI", "Segments": [0, 0, 0, 2.6, 0]}, {"Target": "Parameter", "Id": "ParamHandLJ", "Segments": [0, 0, 0, 2.6, 0]}, {"Target": "Parameter", "Id": "ParamHandLK", "Segments": [0, 0, 0, 2.6, 0]}], "UserData": [{"Time": 0.217, "Value": "eyeblink,0.20,0.27,0.20"}]}