{"Version": 3, "Meta": {"Duration": 2.933, "Fps": 60.0, "Loop": true, "AreBeziersRestricted": true, "CurveCount": 60, "UserDataCount": 1, "TotalSegmentCount": 160, "TotalPointCount": 160, "TotalUserDataSize": 23}, "Curves": [{"Target": "Parameter", "Id": "ParamAngleX", "Segments": [0, 0, 0, 0.333, -6, 0, 0.783, 21, 0, 1.333, -19, 0, 1.867, 0, 2, 2.933, 0]}, {"Target": "Parameter", "Id": "ParamAngleY", "Segments": [0, 0, 0, 0.333, -5, 2, 0.783, -5, 0, 1.783, 0, 2, 2.933, 0]}, {"Target": "Parameter", "Id": "ParamAngleZ", "Segments": [0, 11, 0, 0.333, 5, 0, 0.783, 11, 2, 2.933, 11]}, {"Target": "Parameter", "Id": "ParamEyeROpen", "Segments": [0, 1, 0, 0.333, 1, 0, 0.583, 0, 2, 1.333, 0, 0, 1.767, 1, 2, 2.933, 1]}, {"Target": "Parameter", "Id": "ParamEyeLOpen", "Segments": [0, 1, 0, 0.333, 1, 0, 0.583, 0, 2, 1.333, 0, 0, 1.767, 1, 2, 2.933, 1]}, {"Target": "Parameter", "Id": "ParamBodyAngleX", "Segments": [0, 0, 0, 0.25, -6, 0, 0.617, 6, 0, 1.167, -9, 0, 1.667, 0, 2, 2.933, 0]}, {"Target": "Parameter", "Id": "ParamBodyAngleY", "Segments": [0, 0, 0, 0.25, 1, 0, 0.617, 0, 0, 1.167, 1, 0, 1.667, 0, 2, 2.933, 0]}, {"Target": "Parameter", "Id": "ParamUpperBodyZ", "Segments": [0, -6, 0, 0.25, -6, 0, 0.617, -7, 0, 1.167, -6, 2, 2.933, -6]}, {"Target": "Parameter", "Id": "ParamShoulderR", "Segments": [0, 6, 0, 0.25, 10, 0, 0.617, 6, 2, 2.933, 6]}, {"Target": "Parameter", "Id": "ParamArmR1", "Segments": [0, -36, 0, 0.25, -34, 0, 0.617, -36, 2, 2.933, -36]}, {"Target": "Parameter", "Id": "ParamArmR2", "Segments": [0, 7, 0, 0.25, 10, 0, 0.617, 7, 2, 2.933, 7]}, {"Target": "Parameter", "Id": "ParamShoulderL", "Segments": [0, 2, 0, 0.25, 7, 0, 0.617, 2, 2, 2.933, 2]}, {"Target": "Parameter", "Id": "ParamArmL1", "Segments": [0, -42, 0, 0.25, -40, 0, 0.617, -42, 2, 2.933, -42]}, {"Target": "Parameter", "Id": "ParamArmL2", "Segments": [0, 9, 0, 0.25, 10, 0, 0.617, 9, 2, 2.933, 9]}, {"Target": "Parameter", "Id": "ParamPositionX", "Segments": [0, -1, 0, 2.933, -1]}, {"Target": "Parameter", "Id": "ParamPositionY", "Segments": [0, 0, 0, 2.933, 0]}, {"Target": "Parameter", "Id": "ParamRotationZ", "Segments": [0, 0, 0, 2.933, 0]}, {"Target": "Parameter", "Id": "ParamBodyAngleZ", "Segments": [0, 4, 0, 2.933, 4]}, {"Target": "Parameter", "Id": "ParamUpperBody", "Segments": [0, 0, 0, 2.933, 0]}, {"Target": "Parameter", "Id": "ParamBreath", "Segments": [0, 0, 0, 2.933, 0]}, {"Target": "Parameter", "Id": "ParamLegLZ", "Segments": [0, 4, 0, 2.933, 4]}, {"Target": "Parameter", "Id": "ParamLegRZ", "Segments": [0, -1, 0, 2.933, -1]}, {"Target": "Parameter", "Id": "ParamArmR3", "Segments": [0, 40, 0, 2.933, 40]}, {"Target": "Parameter", "Id": "ParamArmR4", "Segments": [0, 0, 0, 2.933, 0]}, {"Target": "Parameter", "Id": "ParamArmR5", "Segments": [0, 0, 0, 2.933, 0]}, {"Target": "Parameter", "Id": "ParamArmR6", "Segments": [0, 0, 0, 2.933, 0]}, {"Target": "Parameter", "Id": "ParamArmR7", "Segments": [0, -10, 0, 2.933, -10]}, {"Target": "Parameter", "Id": "ParamArmR8", "Segments": [0, 38, 0, 2.933, 38]}, {"Target": "Parameter", "Id": "ParamArmR9", "Segments": [0, 0, 0, 2.933, 0]}, {"Target": "Parameter", "Id": "ParamHandRA", "Segments": [0, 0, 0, 2.933, 0]}, {"Target": "Parameter", "Id": "ParamHandRB", "Segments": [0, 0, 0, 2.933, 0]}, {"Target": "Parameter", "Id": "ParamHandRC", "Segments": [0, 0, 0, 2.933, 0]}, {"Target": "Parameter", "Id": "ParamHandRD", "Segments": [0, 0, 0, 2.933, 0]}, {"Target": "Parameter", "Id": "ParamHandRE", "Segments": [0, 0, 0, 2.933, 0]}, {"Target": "Parameter", "Id": "ParamHandRF", "Segments": [0, 0, 0, 2.933, 0]}, {"Target": "Parameter", "Id": "ParamHandRG", "Segments": [0, 1, 0, 2.933, 1]}, {"Target": "Parameter", "Id": "ParamHandRH", "Segments": [0, 0, 0, 2.933, 0]}, {"Target": "Parameter", "Id": "ParamHandRI", "Segments": [0, 0, 0, 2.933, 0]}, {"Target": "Parameter", "Id": "ParamHandRJ", "Segments": [0, 0, 0, 2.933, 0]}, {"Target": "Parameter", "Id": "ParamHandRK", "Segments": [0, 0, 0, 2.933, 0]}, {"Target": "Parameter", "Id": "ParamFingerR", "Segments": [0, 0, 0, 2.933, 0]}, {"Target": "Parameter", "Id": "ParamArmL3", "Segments": [0, 40, 0, 2.933, 40]}, {"Target": "Parameter", "Id": "ParamArmL4", "Segments": [0, 0, 0, 2.933, 0]}, {"Target": "Parameter", "Id": "ParamArmL5", "Segments": [0, 0, 0, 2.933, 0]}, {"Target": "Parameter", "Id": "ParamArmL6", "Segments": [0, 0, 0, 2.933, 0]}, {"Target": "Parameter", "Id": "ParamArmL7", "Segments": [0, -10, 0, 2.933, -10]}, {"Target": "Parameter", "Id": "ParamArmL8", "Segments": [0, 27, 0, 2.933, 27]}, {"Target": "Parameter", "Id": "ParamArmL9", "Segments": [0, 0, 0, 2.933, 0]}, {"Target": "Parameter", "Id": "ParamHandLA", "Segments": [0, 0, 0, 2.933, 0]}, {"Target": "Parameter", "Id": "ParamHandLB", "Segments": [0, 0, 0, 2.933, 0]}, {"Target": "Parameter", "Id": "ParamHandLC", "Segments": [0, 0, 0, 2.933, 0]}, {"Target": "Parameter", "Id": "ParamHandLD", "Segments": [0, 0, 0, 2.933, 0]}, {"Target": "Parameter", "Id": "ParamHandLE", "Segments": [0, 0, 0, 2.933, 0]}, {"Target": "Parameter", "Id": "ParamHandLF", "Segments": [0, 0, 0, 2.933, 0]}, {"Target": "Parameter", "Id": "ParamHandLG", "Segments": [0, 1, 0, 2.933, 1]}, {"Target": "Parameter", "Id": "ParamHandLH", "Segments": [0, 0, 0, 2.933, 0]}, {"Target": "Parameter", "Id": "ParamHandLI", "Segments": [0, 0, 0, 2.933, 0]}, {"Target": "Parameter", "Id": "ParamHandLJ", "Segments": [0, 0, 0, 2.933, 0]}, {"Target": "Parameter", "Id": "ParamHandLK", "Segments": [0, 0, 0, 2.933, 0]}, {"Target": "Parameter", "Id": "ParamFingerL", "Segments": [0, 0, 0, 2.933, 0]}], "UserData": [{"Time": 0.333, "Value": "eyeblink,0.25,0.75,0.43"}]}