{
	"Version": 3,
	"Meta": {
		"Duration": 2,
		"Fps": 60.0,
		"Loop": true,
		"AreBeziersRestricted": true,
		"CurveCount": 49,
		"TotalSegmentCount": 184,
		"TotalPointCount": 591,
		"UserDataCount": 0,
		"TotalUserDataSize": 0
	},
	"Curves": [
		{
			"Target": "Parameter",
			"Id": "ON_1",
			"Segments": [
				0,
				-30,
				1,
				0.667,
				-30,
				1.333,
				-30,
				2,
				-30
			]
		},
		{
			"Target": "Parameter",
			"Id": "FACE_1",
			"Segments": [
				0,
				30,
				1,
				0.667,
				30,
				1.333,
				30,
				2,
				30
			]
		},
		{
			"Target": "Parameter",
			"Id": "ON_2",
			"Segments": [
				0,
				30,
				1,
				0.667,
				30,
				1.333,
				30,
				2,
				30
			]
		},
		{
			"Target": "Parameter",
			"Id": "FACE_2",
			"Segments": [
				0,
				30,
				1,
				0.094,
				30,
				0.189,
				30,
				0.283,
				30,
				2,
				0.4,
				0,
				2,
				0.517,
				-30,
				2,
				0.65,
				0,
				2,
				0.733,
				30,
				2,
				2,
				30
			]
		},
		{
			"Target": "Parameter",
			"Id": "ON_3",
			"Segments": [
				0,
				-30,
				1,
				0.667,
				-30,
				1.333,
				-30,
				2,
				-30
			]
		},
		{
			"Target": "Parameter",
			"Id": "FACE_3",
			"Segments": [
				0,
				30,
				1,
				0.667,
				30,
				1.333,
				30,
				2,
				30
			]
		},
		{
			"Target": "Parameter",
			"Id": "MOUTH_1",
			"Segments": [
				0,
				-30,
				1,
				0.667,
				-30,
				1.333,
				-30,
				2,
				-30
			]
		},
		{
			"Target": "Parameter",
			"Id": "MOUTH_2",
			"Segments": [
				0,
				30,
				1,
				0.667,
				30,
				1.333,
				30,
				2,
				30
			]
		},
		{
			"Target": "Parameter",
			"Id": "MOUTH_3",
			"Segments": [
				0,
				-30,
				1,
				0.667,
				-30,
				1.333,
				-30,
				2,
				-30
			]
		},
		{
			"Target": "Parameter",
			"Id": "MOUTH_4",
			"Segments": [
				0,
				-30,
				1,
				0.667,
				-30,
				1.333,
				-30,
				2,
				-30
			]
		},
		{
			"Target": "Parameter",
			"Id": "MOUTH_5",
			"Segments": [
				0,
				-30,
				1,
				0.667,
				-30,
				1.333,
				-30,
				2,
				-30
			]
		},
		{
			"Target": "Parameter",
			"Id": "HEAD_Y",
			"Segments": [
				0,
				-5.281,
				1,
				0.117,
				-9.304,
				0.233,
				-10.262,
				0.35,
				-10.262,
				1,
				0.683,
				-10.262,
				1.017,
				7.406,
				1.35,
				7.406,
				1,
				1.567,
				7.406,
				1.783,
				2.19,
				2,
				-5.281
			]
		},
		{
			"Target": "Parameter",
			"Id": "UPPER_Y",
			"Segments": [
				0,
				-5.478,
				1,
				0.333,
				-5.478,
				0.667,
				4.477,
				1,
				4.477,
				1,
				1.333,
				4.477,
				1.667,
				-5.478,
				2,
				-5.478
			]
		},
		{
			"Target": "Parameter",
			"Id": "UPPER2_Y",
			"Segments": [
				0,
				0.362,
				1,
				0.178,
				1.969,
				0.356,
				2.631,
				0.533,
				2.631,
				1,
				0.867,
				2.631,
				1.2,
				-2.631,
				1.533,
				-2.631,
				1,
				1.639,
				-2.631,
				1.744,
				-2.31,
				1.85,
				-1.382,
				1,
				1.9,
				-0.942,
				1.95,
				-0.09,
				2,
				0.362
			]
		},
		{
			"Target": "Parameter",
			"Id": "HAIR_F1_X",
			"Segments": [
				0,
				-14.833,
				1,
				0.078,
				-9.213,
				0.156,
				-5.084,
				0.233,
				0.736,
				1,
				0.4,
				13.208,
				0.567,
				20.602,
				0.733,
				20.602,
				1,
				0.9,
				20.602,
				1.067,
				14.41,
				1.233,
				-0.793,
				1,
				1.4,
				-15.996,
				1.567,
				-25.242,
				1.733,
				-25.242,
				1,
				1.822,
				-25.242,
				1.911,
				-21.256,
				2,
				-14.833
			]
		},
		{
			"Target": "Parameter",
			"Id": "HAIR_F1_Y",
			"Segments": [
				0,
				23.271,
				1,
				0.078,
				27.494,
				0.156,
				28.242,
				0.233,
				28.242,
				1,
				0.4,
				28.242,
				0.567,
				15.086,
				0.733,
				-2.32,
				1,
				0.9,
				-19.726,
				1.067,
				-25.242,
				1.233,
				-25.242,
				1,
				1.4,
				-25.242,
				1.567,
				-12.132,
				1.733,
				3.793,
				1,
				1.822,
				12.286,
				1.911,
				18.445,
				2,
				23.271
			]
		},
		{
			"Target": "Parameter",
			"Id": "HAIR_F2_X",
			"Segments": [
				0,
				21.044,
				1,
				0.133,
				15.329,
				0.267,
				7.084,
				0.4,
				-2.32,
				1,
				0.567,
				-14.076,
				0.733,
				-23.714,
				0.9,
				-23.714,
				1,
				1.067,
				-23.714,
				1.233,
				-16.074,
				1.4,
				-0.793,
				1,
				1.567,
				14.488,
				1.733,
				22.13,
				1.9,
				22.13,
				1,
				1.933,
				22.13,
				1.967,
				22.473,
				2,
				21.044
			]
		},
		{
			"Target": "Parameter",
			"Id": "HAIR_F2_Y",
			"Segments": [
				0,
				-6.75,
				1,
				0.133,
				-19.015,
				0.267,
				-25.242,
				0.4,
				-25.242,
				1,
				0.567,
				-25.242,
				0.733,
				-19.852,
				0.9,
				-3.848,
				1,
				1.067,
				12.156,
				1.233,
				23.657,
				1.4,
				23.657,
				1,
				1.567,
				23.657,
				1.733,
				16.647,
				1.9,
				2.264,
				1,
				1.933,
				-0.613,
				1.967,
				-3.684,
				2,
				-6.75
			]
		},
		{
			"Target": "Parameter",
			"Id": "HAIR_F3_X",
			"Segments": [
				0,
				12.838,
				1,
				0.078,
				7.597,
				0.156,
				3.959,
				0.233,
				-2.32,
				1,
				0.4,
				-15.774,
				0.567,
				-25.242,
				0.733,
				-25.242,
				1,
				0.9,
				-25.242,
				1.067,
				-14.853,
				1.233,
				-0.793,
				1,
				1.322,
				6.706,
				1.411,
				12.697,
				1.5,
				17.306,
				1,
				1.578,
				21.339,
				1.656,
				22.13,
				1.733,
				22.13,
				1,
				1.822,
				22.13,
				1.911,
				18.828,
				2,
				12.838
			]
		},
		{
			"Target": "Parameter",
			"Id": "HAIR_F3_Y",
			"Segments": [
				0,
				-15.441,
				1,
				0.078,
				-19.771,
				0.156,
				-20.657,
				0.233,
				-20.657,
				1,
				0.4,
				-20.657,
				0.567,
				-15.268,
				0.733,
				0.736,
				1,
				0.9,
				16.74,
				1.067,
				28.242,
				1.233,
				28.242,
				1,
				1.4,
				28.242,
				1.567,
				18.246,
				1.733,
				3.793,
				1,
				1.822,
				-3.915,
				1.911,
				-10.492,
				2,
				-15.441
			]
		},
		{
			"Target": "Parameter",
			"Id": "HAIR_SL1_X",
			"Segments": [
				0,
				-29.931,
				1,
				0.167,
				-29.931,
				0.333,
				-18.948,
				0.5,
				0,
				1,
				0.667,
				18.948,
				0.833,
				27.08,
				1,
				27.08,
				1,
				1.122,
				27.08,
				1.244,
				22.873,
				1.367,
				12.899,
				1,
				1.411,
				9.272,
				1.456,
				5.061,
				1.5,
				0,
				1,
				1.667,
				-18.978,
				1.833,
				-29.931,
				2,
				-29.931
			]
		},
		{
			"Target": "Parameter",
			"Id": "HAIR_SL1_Y",
			"Segments": [
				0,
				2.85,
				1,
				0.167,
				17.984,
				0.333,
				24.23,
				0.5,
				24.23,
				1,
				0.667,
				24.23,
				0.833,
				16.628,
				1,
				1.425,
				1,
				1.167,
				-13.778,
				1.333,
				-21.379,
				1.5,
				-21.379,
				1,
				1.667,
				-21.379,
				1.833,
				-12.284,
				2,
				2.85
			]
		},
		{
			"Target": "Parameter",
			"Id": "HAIR_SL1_X2",
			"Segments": [
				0,
				-21.943,
				1,
				0.078,
				-27.178,
				0.156,
				-28.505,
				0.233,
				-28.505,
				1,
				0.4,
				-28.505,
				0.567,
				-17.995,
				0.733,
				0,
				1,
				0.9,
				17.995,
				1.067,
				25.655,
				1.233,
				25.655,
				1,
				1.4,
				25.655,
				1.567,
				15.72,
				1.733,
				0,
				1,
				1.822,
				-8.384,
				1.911,
				-15.96,
				2,
				-21.943
			]
		},
		{
			"Target": "Parameter",
			"Id": "HAIR_SL1_Y2",
			"Segments": [
				0,
				-19.083,
				1,
				0.078,
				-17.22,
				0.156,
				-14.641,
				0.233,
				-8.551,
				1,
				0.4,
				4.499,
				0.567,
				24.23,
				0.733,
				24.23,
				1,
				0.9,
				24.23,
				1.067,
				13.501,
				1.233,
				-1.426,
				1,
				1.4,
				-16.353,
				1.567,
				-21.378,
				1.733,
				-21.378,
				1,
				1.822,
				-21.378,
				1.911,
				-21.212,
				2,
				-19.083
			]
		},
		{
			"Target": "Parameter",
			"Id": "HAIR_SL2_X",
			"Segments": [
				0,
				0,
				1,
				0.167,
				-18.948,
				0.333,
				-27.08,
				0.5,
				-27.08,
				1,
				0.667,
				-27.08,
				0.833,
				-17.578,
				1,
				1.426,
				1,
				1.167,
				20.43,
				1.333,
				29.931,
				1.5,
				29.931,
				1,
				1.667,
				29.931,
				1.833,
				18.948,
				2,
				0
			]
		},
		{
			"Target": "Parameter",
			"Id": "HAIR_SL2_Y",
			"Segments": [
				0,
				-24.23,
				1,
				0.167,
				-24.23,
				0.333,
				-14.662,
				0.5,
				1.426,
				1,
				0.667,
				17.514,
				0.833,
				24.23,
				1,
				24.23,
				1,
				1.167,
				24.23,
				1.333,
				17.514,
				1.5,
				1.426,
				1,
				1.667,
				-14.662,
				1.833,
				-24.23,
				2,
				-24.23
			]
		},
		{
			"Target": "Parameter",
			"Id": "HAIR_SR1_X",
			"Segments": [
				0,
				28.505,
				1,
				0.167,
				28.505,
				0.333,
				17.444,
				0.5,
				0,
				1,
				0.667,
				-17.444,
				0.833,
				-24.23,
				1,
				-24.23,
				1,
				1.167,
				-24.23,
				1.333,
				-17.444,
				1.5,
				0,
				1,
				1.667,
				17.444,
				1.833,
				28.505,
				2,
				28.505
			]
		},
		{
			"Target": "Parameter",
			"Id": "HAIR_SR1_Y",
			"Segments": [
				0,
				-1.426,
				1,
				0.167,
				-18.038,
				0.333,
				-27.08,
				0.5,
				-27.08,
				1,
				0.667,
				-27.08,
				0.833,
				-14.81,
				1,
				1.425,
				1,
				1.167,
				17.66,
				1.333,
				22.804,
				1.5,
				22.804,
				1,
				1.667,
				22.804,
				1.833,
				15.186,
				2,
				-1.426
			]
		},
		{
			"Target": "Parameter",
			"Id": "HAIR_SR2_X",
			"Segments": [
				0,
				21.751,
				1,
				0.078,
				27.055,
				0.156,
				28.505,
				0.233,
				28.505,
				1,
				0.4,
				28.505,
				0.567,
				17.444,
				0.733,
				0,
				1,
				0.9,
				-17.444,
				1.067,
				-24.23,
				1.233,
				-24.23,
				1,
				1.4,
				-24.23,
				1.567,
				-15.144,
				1.733,
				0,
				1,
				1.822,
				8.077,
				1.911,
				15.689,
				2,
				21.751
			]
		},
		{
			"Target": "Parameter",
			"Id": "HAIR_SR2_Y",
			"Segments": [
				0,
				17.642,
				1,
				0.078,
				13.881,
				0.156,
				8.91,
				0.233,
				1.426,
				1,
				0.4,
				-14.611,
				0.567,
				-28.505,
				0.733,
				-28.505,
				1,
				0.9,
				-28.505,
				1.067,
				-9.233,
				1.233,
				5.701,
				1,
				1.4,
				20.635,
				1.567,
				22.804,
				1.733,
				22.804,
				1,
				1.822,
				22.804,
				1.911,
				21.94,
				2,
				17.642
			]
		},
		{
			"Target": "Parameter",
			"Id": "HAIR_SR3_X",
			"Segments": [
				0,
				-1.426,
				1,
				0.167,
				16.106,
				0.333,
				29.931,
				0.5,
				29.931,
				1,
				0.667,
				29.931,
				0.833,
				17.821,
				1,
				0,
				1,
				1.167,
				-17.821,
				1.333,
				-24.23,
				1.5,
				-24.23,
				1,
				1.667,
				-24.23,
				1.833,
				-18.958,
				2,
				-1.426
			]
		},
		{
			"Target": "Parameter",
			"Id": "HAIR_SR3_Y",
			"Segments": [
				0,
				22.804,
				1,
				0.167,
				22.804,
				0.333,
				15.186,
				0.5,
				-1.426,
				1,
				0.667,
				-18.038,
				0.833,
				-27.08,
				1,
				-27.08,
				1,
				1.167,
				-27.08,
				1.333,
				-13.01,
				1.5,
				2.85,
				1,
				1.667,
				18.71,
				1.833,
				22.804,
				2,
				22.804
			]
		},
		{
			"Target": "Parameter",
			"Id": "HAIR_B1_X",
			"Segments": [
				0,
				18.789,
				1,
				0.167,
				18.789,
				0.333,
				15.659,
				0.5,
				0.904,
				1,
				0.667,
				-13.851,
				0.833,
				-28.905,
				1,
				-28.905,
				1,
				1.167,
				-28.905,
				1.333,
				-16.965,
				1.5,
				-1.481,
				1,
				1.667,
				14.003,
				1.833,
				18.789,
				2,
				18.789
			]
		},
		{
			"Target": "Parameter",
			"Id": "HAIR_B1_Y",
			"Segments": [
				0,
				2.096,
				1,
				0.167,
				-11.802,
				0.333,
				-19.366,
				0.5,
				-19.366,
				1,
				0.667,
				-19.366,
				0.833,
				-15.064,
				1,
				-1.481,
				1,
				1.167,
				12.102,
				1.333,
				22.366,
				1.5,
				22.366,
				1,
				1.667,
				22.366,
				1.833,
				15.994,
				2,
				2.096
			]
		},
		{
			"Target": "Parameter",
			"Id": "HAIR_B2_X",
			"Segments": [
				0,
				-19.963,
				1,
				0.05,
				-21.93,
				0.1,
				-21.751,
				0.15,
				-21.751,
				1,
				0.317,
				-21.751,
				0.483,
				-16.39,
				0.65,
				-1.481,
				1,
				0.817,
				13.428,
				0.983,
				23.559,
				1.15,
				23.559,
				1,
				1.317,
				23.559,
				1.483,
				11.935,
				1.65,
				-0.289,
				1,
				1.767,
				-8.846,
				1.883,
				-15.373,
				2,
				-19.963
			]
		},
		{
			"Target": "Parameter",
			"Id": "HAIR_B2_Y",
			"Segments": [
				0,
				-11.532,
				1,
				0.05,
				-8.766,
				0.1,
				-5.504,
				0.15,
				-1.481,
				1,
				0.317,
				11.931,
				0.483,
				19.982,
				0.65,
				19.982,
				1,
				0.817,
				19.982,
				0.983,
				14.364,
				1.15,
				0.904,
				1,
				1.317,
				-12.556,
				1.483,
				-20.559,
				1.65,
				-20.559,
				1,
				1.767,
				-20.559,
				1.883,
				-17.985,
				2,
				-11.532
			]
		},
		{
			"Target": "Parameter",
			"Id": "NECKTIE1_X",
			"Segments": [
				0,
				19.799,
				1,
				0.05,
				21.896,
				0.1,
				21.784,
				0.15,
				21.784,
				1,
				0.317,
				21.784,
				0.483,
				15.739,
				0.65,
				1.091,
				1,
				0.817,
				-13.557,
				0.983,
				-22.361,
				1.15,
				-22.361,
				1,
				1.317,
				-22.361,
				1.483,
				-12.251,
				1.65,
				-0.289,
				1,
				1.767,
				8.084,
				1.883,
				14.906,
				2,
				19.799
			]
		},
		{
			"Target": "Parameter",
			"Id": "NECKTIE1_Y",
			"Segments": [
				0,
				10.47,
				1,
				0.05,
				7.287,
				0.1,
				3.677,
				0.15,
				-0.227,
				1,
				0.317,
				-13.24,
				0.483,
				-20.33,
				0.65,
				-20.33,
				1,
				0.817,
				-20.33,
				0.983,
				-11.403,
				1.15,
				2.286,
				1,
				1.317,
				15.975,
				1.483,
				21.133,
				1.65,
				21.133,
				1,
				1.767,
				21.133,
				1.883,
				17.898,
				2,
				10.47
			]
		},
		{
			"Target": "Parameter",
			"Id": "NECKTIE2_X",
			"Segments": [
				0,
				19.677,
				1,
				0.167,
				19.677,
				0.333,
				10.101,
				0.5,
				-2.27,
				1,
				0.667,
				-14.641,
				0.833,
				-18.441,
				1,
				-18.441,
				1,
				1.167,
				-18.441,
				1.333,
				-14.641,
				1.5,
				-2.27,
				1,
				1.667,
				10.101,
				1.833,
				19.677,
				2,
				19.677
			]
		},
		{
			"Target": "Parameter",
			"Id": "TAIL_X",
			"Segments": [
				0,
				-20.147,
				1,
				0.167,
				-20.147,
				0.333,
				-19.599,
				0.5,
				-15.43,
				1,
				0.667,
				-11.261,
				0.833,
				-5.994,
				1,
				-5.994,
				1,
				1.167,
				-5.994,
				1.333,
				-13.508,
				1.5,
				-16.844,
				1,
				1.667,
				-20.18,
				1.833,
				-20.147,
				2,
				-20.147
			]
		},
		{
			"Target": "Parameter",
			"Id": "TAIL_Y",
			"Segments": [
				0,
				3.102,
				1,
				0.167,
				7.404,
				0.333,
				11.973,
				0.5,
				11.973,
				1,
				0.667,
				11.973,
				0.833,
				6.024,
				1,
				2.159,
				1,
				1.167,
				-1.706,
				1.333,
				-2,
				1.5,
				-2,
				1,
				1.667,
				-2,
				1.833,
				-1.2,
				2,
				3.102
			]
		},
		{
			"Target": "Parameter",
			"Id": "SKIRT_X",
			"Segments": [
				0,
				-10.433,
				1,
				0.056,
				-11.899,
				0.111,
				-11.978,
				0.167,
				-11.978,
				1,
				0.333,
				-11.978,
				0.5,
				-7.982,
				0.667,
				0.011,
				1,
				0.833,
				8.004,
				1,
				12.001,
				1.167,
				12.001,
				1,
				1.333,
				12.001,
				1.5,
				7.397,
				1.667,
				0.811,
				1,
				1.778,
				-3.579,
				1.889,
				-7.502,
				2,
				-10.433
			]
		},
		{
			"Target": "Parameter",
			"Id": "SKIRT_Y",
			"Segments": [
				0,
				-8.461,
				1,
				0.056,
				-5.385,
				0.111,
				-1.967,
				0.167,
				1.422,
				1,
				0.333,
				11.589,
				0.5,
				16.82,
				0.667,
				16.82,
				1,
				0.833,
				16.82,
				1,
				12.698,
				1.167,
				1.423,
				1,
				1.333,
				-9.852,
				1.5,
				-17.398,
				1.667,
				-17.398,
				1,
				1.778,
				-17.398,
				1.889,
				-14.614,
				2,
				-8.461
			]
		},
		{
			"Target": "Parameter",
			"Id": "OUTER_X",
			"Segments": [
				0,
				0.912,
				1,
				0.167,
				7.599,
				0.333,
				11.573,
				0.5,
				11.573,
				1,
				0.667,
				11.573,
				0.833,
				7.599,
				1,
				0.912,
				1,
				1.167,
				-5.775,
				1.333,
				-8.564,
				1.5,
				-8.564,
				1,
				1.667,
				-8.564,
				1.833,
				-5.775,
				2,
				0.912
			]
		},
		{
			"Target": "Parameter",
			"Id": "OUTER_Y",
			"Segments": [
				0,
				12.757,
				1,
				0.167,
				12.757,
				0.333,
				8.587,
				0.5,
				1.504,
				1,
				0.667,
				-5.579,
				0.833,
				-8.564,
				1,
				-8.564,
				1,
				1.167,
				-8.564,
				1.333,
				-6.997,
				1.5,
				-0.273,
				1,
				1.667,
				6.451,
				1.833,
				12.757,
				2,
				12.757
			]
		},
		{
			"Target": "Parameter",
			"Id": "SHIRT_X",
			"Segments": [
				0,
				-8.522,
				1,
				0.028,
				-8.901,
				0.056,
				-8.73,
				0.083,
				-8.73,
				1,
				0.25,
				-8.73,
				0.417,
				-5.029,
				0.583,
				1.654,
				1,
				0.75,
				8.337,
				0.917,
				11.346,
				1.083,
				11.346,
				1,
				1.25,
				11.346,
				1.417,
				5.152,
				1.583,
				0.27,
				1,
				1.722,
				-3.799,
				1.861,
				-6.627,
				2,
				-8.522
			]
		},
		{
			"Target": "Parameter",
			"Id": "SHIRT_Y",
			"Segments": [
				0,
				-0.244,
				1,
				0.028,
				1.074,
				0.056,
				2.421,
				0.083,
				3.731,
				1,
				0.25,
				11.592,
				0.417,
				15.5,
				0.583,
				15.5,
				1,
				0.75,
				15.5,
				0.917,
				10.877,
				1.083,
				2.346,
				1,
				1.25,
				-6.185,
				1.417,
				-10.115,
				1.583,
				-10.115,
				1,
				1.722,
				-10.115,
				1.861,
				-6.832,
				2,
				-0.244
			]
		},
		{
			"Target": "Parameter",
			"Id": "EARRING",
			"Segments": [
				0,
				-7.327,
				1,
				0.117,
				-19.138,
				0.233,
				-21.981,
				0.35,
				-21.981,
				1,
				0.683,
				-21.981,
				1.017,
				30,
				1.35,
				30,
				1,
				1.567,
				30,
				1.783,
				14.608,
				2,
				-7.327
			]
		},
		{
			"Target": "Parameter",
			"Id": "D_HEAD_Y",
			"Segments": [
				0,
				23.611,
				1,
				0.178,
				27.112,
				0.356,
				28.711,
				0.533,
				28.711,
				1,
				0.839,
				28.711,
				1.144,
				14.289,
				1.45,
				14.289,
				1,
				1.489,
				14.289,
				1.528,
				14.159,
				1.567,
				14.754,
				1,
				1.711,
				16.964,
				1.856,
				20.767,
				2,
				23.611
			]
		}
	]
}