{"Version": 3, "Meta": {"Duration": 2.083, "Fps": 60.0, "Loop": true, "AreBeziersRestricted": true, "CurveCount": 30, "UserDataCount": 0, "TotalSegmentCount": 76, "TotalPointCount": 76, "TotalUserDataSize": 0}, "Curves": [{"Target": "Parameter", "Id": "ParamEyeTeary", "Segments": [0, 0, 0, 0.117, 1, 0, 0.233, 0, 0, 0.35, 1, 0, 0.467, 0, 0, 0.583, 1, 0, 0.7, 0, 0, 0.817, 1, 0, 0.933, 0, 0, 1.05, 1, 0, 1.167, 0, 0, 1.283, 1, 0, 1.4, 0, 0, 1.517, 1, 0, 1.633, 0, 0, 1.75, 1, 0, 1.867, 0, 2, 2.083, 0]}, {"Target": "Parameter", "Id": "ParamBrowRX", "Segments": [0, -1, 0, 2.083, -1]}, {"Target": "Parameter", "Id": "ParamBrowRY", "Segments": [0, -1, 0, 2.083, -1]}, {"Target": "Parameter", "Id": "ParamBrowRAngle", "Segments": [0, 0.3, 0, 2.083, 0.3]}, {"Target": "Parameter", "Id": "ParamBrowRForm", "Segments": [0, -0.9, 0, 2.083, -0.9]}, {"Target": "Parameter", "Id": "ParamBrowLX", "Segments": [0, -1, 0, 2.083, -1]}, {"Target": "Parameter", "Id": "ParamBrowLY", "Segments": [0, -1, 0, 2.083, -1]}, {"Target": "Parameter", "Id": "ParamBrowLAngle", "Segments": [0, 0.3, 0, 2.083, 0.3]}, {"Target": "Parameter", "Id": "ParamBrowLForm", "Segments": [0, -0.9, 0, 2.083, -0.9]}, {"Target": "Parameter", "Id": "ParamEyeROpen", "Segments": [0, 0.8, 0, 2.083, 0.8]}, {"Target": "Parameter", "Id": "ParamEyeRSmile", "Segments": [0, -1, 0, 2.083, -1]}, {"Target": "Parameter", "Id": "ParamEyeRForm", "Segments": [0, 0, 0, 2.083, 0]}, {"Target": "Parameter", "Id": "ParamEyeLOpen", "Segments": [0, 0.8, 0, 2.083, 0.8]}, {"Target": "Parameter", "Id": "ParamEyeLSmile", "Segments": [0, -1, 0, 2.083, -1]}, {"Target": "Parameter", "Id": "ParamEyeLForm", "Segments": [0, 0, 0, 2.083, 0]}, {"Target": "Parameter", "Id": "ParamEyeballX", "Segments": [0, 0, 0, 2.083, 0]}, {"Target": "Parameter", "Id": "ParamEyeballY", "Segments": [0, -0.2, 0, 2.083, -0.2]}, {"Target": "Parameter", "Id": "ParamEyeSize", "Segments": [0, 0, 0, 2.083, 0]}, {"Target": "Parameter", "Id": "ParamTear", "Segments": [0, 0, 0, 2.083, 0]}, {"Target": "Parameter", "Id": "ParamMouthForm", "Segments": [0, -0.9, 0, 2.083, -0.9]}, {"Target": "Parameter", "Id": "ParamMouthForm2", "Segments": [0, 0, 0, 2.083, 0]}, {"Target": "Parameter", "Id": "ParamTeeth", "Segments": [0, 0, 0, 2.083, 0]}, {"Target": "Parameter", "Id": "ParamMouthScaleX", "Segments": [0, 0.2, 0, 2.083, 0.2]}, {"Target": "Parameter", "Id": "ParamMouthScaleY", "Segments": [0, -0.1, 0, 2.083, -0.1]}, {"Target": "Parameter", "Id": "ParamMouthPositionY", "Segments": [0, 0, 0, 2.083, 0]}, {"Target": "Parameter", "Id": "ParamCheek", "Segments": [0, 0, 0, 2.083, 0]}, {"Target": "Parameter", "Id": "ParamFaceShadow", "Segments": [0, 0, 0, 2.083, 0]}, {"Target": "Parameter", "Id": "ParamSweatView", "Segments": [0, 0, 0, 2.083, 0]}, {"Target": "Parameter", "Id": "ParamSweatMove", "Segments": [0, 0, 0, 2.083, 0]}, {"Target": "Parameter", "Id": "ParamCheekAngry", "Segments": [0, 0, 0, 2.083, 0]}], "UserData": []}