{"Version": 3, "Meta": {"Duration": 2.533, "Fps": 60.0, "Loop": true, "AreBeziersRestricted": true, "CurveCount": 61, "UserDataCount": 1, "TotalSegmentCount": 187, "TotalPointCount": 199, "TotalUserDataSize": 19}, "Curves": [{"Target": "Parameter", "Id": "ParamAngleX", "Segments": [0, -1, 0, 0.067, -1, 0, 0.483, 3, 0, 0.983, -2, 0, 1.5, -1, 2, 2.533, -1]}, {"Target": "Parameter", "Id": "ParamAngleY", "Segments": [0, -15, 0, 0.1, -15, 0, 0.517, 5, 0, 1.017, -5, 0, 1.533, 0, 2, 2.533, 0]}, {"Target": "Parameter", "Id": "ParamAngleZ", "Segments": [0, -21, 0, 0.133, -21, 0, 0.55, -3, 0, 1.05, -29, 0, 1.567, -23, 2, 2.533, -23]}, {"Target": "Parameter", "Id": "ParamEyeROpen", "Segments": [0, 1, 0, 0.717, 1, 0, 0.917, 0, 0, 1.15, 1, 2, 2.533, 1]}, {"Target": "Parameter", "Id": "ParamEyeLOpen", "Segments": [0, 1, 0, 0.717, 1, 0, 0.917, 0, 0, 1.15, 1, 2, 2.533, 1]}, {"Target": "Parameter", "Id": "ParamBodyAngleY", "Segments": [0, 0, 0, 0.033, 0, 0, 0.45, 3, 0, 0.95, -3, 0, 1.467, 0, 2, 2.533, 0]}, {"Target": "Parameter", "Id": "ParamBodyAngleZ", "Segments": [0, -4, 0, 0.033, -4, 1, 0.172, -4, 0.311, -1.826, 0.45, -1, 1, 0.617, -0.009, 0.783, 0, 0.95, 0, 2, 2.533, 0]}, {"Target": "Parameter", "Id": "ParamUpperBodyZ", "Segments": [0, 7, 0, 0.033, 7, 1, 0.172, 7, 0.311, 4.509, 0.45, 3, 1, 0.617, 1.189, 0.783, 1, 0.95, 1, 2, 2.533, 1]}, {"Target": "Parameter", "Id": "ParamShoulderR", "Segments": [0, 7, 0, 0.05, 7, 0, 0.467, 8, 0, 0.967, 6, 0, 1.483, 10, 2, 2.533, 10]}, {"Target": "Parameter", "Id": "ParamArmR1", "Segments": [0, -41, 0, 0.05, -41, 1, 0.189, -41, 0.328, -40.496, 0.467, -39, 1, 0.634, -37.204, 0.8, -36, 0.967, -36, 2, 2.533, -36]}, {"Target": "Parameter", "Id": "ParamArmR3", "Segments": [0, 40, 0, 0.05, 40, 0, 0.467, 30, 0, 0.967, 40, 0, 1.483, 37, 2, 2.533, 37]}, {"Target": "Parameter", "Id": "ParamArmR4", "Segments": [0, 7, 0, 0.05, 7, 0, 0.467, 17, 0, 0.967, 12, 2, 2.533, 12]}, {"Target": "Parameter", "Id": "ParamArmR8", "Segments": [0, 29, 0, 0.467, 21, 0, 0.967, 30, 2, 2.533, 30]}, {"Target": "Parameter", "Id": "ParamFingerR", "Segments": [0, 7, 0, 0.517, 6, 0, 1.133, 9, 2, 2.533, 9]}, {"Target": "Parameter", "Id": "ParamShoulderL", "Segments": [0, 8, 0, 0.05, 8, 0, 0.467, 9, 0, 0.967, 7, 0, 1.483, 10, 2, 2.533, 10]}, {"Target": "Parameter", "Id": "ParamArmL1", "Segments": [0, -40, 0, 0.05, -40, 0, 0.467, -39, 0, 0.967, -42, 0, 1.483, -40, 2, 2.533, -40]}, {"Target": "Parameter", "Id": "ParamArmL3", "Segments": [0, -18, 0, 0.05, -18, 0, 0.467, -8, 0, 0.967, -19, 0, 1.483, -14, 2, 2.533, -14]}, {"Target": "Parameter", "Id": "ParamArmL4", "Segments": [0, 15, 0, 0.05, 15, 0, 0.467, 20, 0, 0.967, 15, 2, 2.533, 15]}, {"Target": "Parameter", "Id": "ParamArmL8", "Segments": [0, -24, 0, 0.467, -14, 0, 1.15, -28, 2, 2.533, -28]}, {"Target": "Parameter", "Id": "ParamFingerL", "Segments": [0, 8, 0, 0.517, 10, 0, 1.133, 7, 2, 2.533, 7]}, {"Target": "Parameter", "Id": "ParamPositionX", "Segments": [0, 0, 0, 2.533, 0]}, {"Target": "Parameter", "Id": "ParamPositionY", "Segments": [0, 0, 0, 2.533, 0]}, {"Target": "Parameter", "Id": "ParamRotationZ", "Segments": [0, 0, 0, 2.533, 0]}, {"Target": "Parameter", "Id": "ParamEyeballX", "Segments": [0, 0, 0, 2.533, 0]}, {"Target": "Parameter", "Id": "ParamBodyAngleX", "Segments": [0, -5, 0, 2.533, -5]}, {"Target": "Parameter", "Id": "ParamUpperBody", "Segments": [0, 0, 0, 2.533, 0]}, {"Target": "Parameter", "Id": "ParamBreath", "Segments": [0, 0, 0, 2.533, 0]}, {"Target": "Parameter", "Id": "ParamLegLZ", "Segments": [0, -1, 0, 2.533, -1]}, {"Target": "Parameter", "Id": "ParamLegRZ", "Segments": [0, 2, 0, 2.533, 2]}, {"Target": "Parameter", "Id": "ParamArmR2", "Segments": [0, 41, 0, 2.533, 41]}, {"Target": "Parameter", "Id": "ParamArmR5", "Segments": [0, 4, 0, 2.533, 4]}, {"Target": "Parameter", "Id": "ParamArmR6", "Segments": [0, 1.1, 0, 2.533, 1.1]}, {"Target": "Parameter", "Id": "ParamArmR7", "Segments": [0, -4, 0, 2.533, -4]}, {"Target": "Parameter", "Id": "ParamArmR9", "Segments": [0, 0.8, 0, 2.533, 0.8]}, {"Target": "Parameter", "Id": "ParamHandRA", "Segments": [0, 0, 0, 2.533, 0]}, {"Target": "Parameter", "Id": "ParamHandRB", "Segments": [0, 0, 0, 2.533, 0]}, {"Target": "Parameter", "Id": "ParamHandRC", "Segments": [0, 0, 0, 2.533, 0]}, {"Target": "Parameter", "Id": "ParamHandRD", "Segments": [0, 0, 0, 2.533, 0]}, {"Target": "Parameter", "Id": "ParamHandRE", "Segments": [0, 0, 0, 2.533, 0]}, {"Target": "Parameter", "Id": "ParamHandRF", "Segments": [0, 1, 0, 2.533, 1]}, {"Target": "Parameter", "Id": "ParamHandRG", "Segments": [0, 0, 0, 2.533, 0]}, {"Target": "Parameter", "Id": "ParamHandRH", "Segments": [0, 0, 0, 2.533, 0]}, {"Target": "Parameter", "Id": "ParamHandRI", "Segments": [0, 0, 0, 2.533, 0]}, {"Target": "Parameter", "Id": "ParamHandRJ", "Segments": [0, 0, 0, 2.533, 0]}, {"Target": "Parameter", "Id": "ParamHandRK", "Segments": [0, 0, 0, 2.533, 0]}, {"Target": "Parameter", "Id": "ParamArmL2", "Segments": [0, 39, 0, 2.533, 39]}, {"Target": "Parameter", "Id": "ParamArmL5", "Segments": [0, 0, 0, 2.533, 0]}, {"Target": "Parameter", "Id": "ParamArmL6", "Segments": [0, 1, 0, 2.533, 1]}, {"Target": "Parameter", "Id": "ParamArmL7", "Segments": [0, -4, 0, 2.533, -4]}, {"Target": "Parameter", "Id": "ParamArmL9", "Segments": [0, 0.8, 0, 2.533, 0.8]}, {"Target": "Parameter", "Id": "ParamHandLA", "Segments": [0, 0, 0, 2.533, 0]}, {"Target": "Parameter", "Id": "ParamHandLB", "Segments": [0, 0, 0, 2.533, 0]}, {"Target": "Parameter", "Id": "ParamHandLC", "Segments": [0, 0, 0, 2.533, 0]}, {"Target": "Parameter", "Id": "ParamHandLD", "Segments": [0, 0, 0, 2.533, 0]}, {"Target": "Parameter", "Id": "ParamHandLE", "Segments": [0, 0, 0, 2.533, 0]}, {"Target": "Parameter", "Id": "ParamHandLF", "Segments": [0, 1, 0, 2.533, 1]}, {"Target": "Parameter", "Id": "ParamHandLG", "Segments": [0, 0, 0, 2.533, 0]}, {"Target": "Parameter", "Id": "ParamHandLH", "Segments": [0, 0, 0, 2.533, 0]}, {"Target": "Parameter", "Id": "ParamHandLI", "Segments": [0, 0, 0, 2.533, 0]}, {"Target": "Parameter", "Id": "ParamHandLJ", "Segments": [0, 0, 0, 2.533, 0]}, {"Target": "Parameter", "Id": "ParamHandLK", "Segments": [0, 0, 0, 2.533, 0]}], "UserData": [{"Time": 0.717, "Value": "eyeblink,0.2,0,0.24"}]}