{"Version": 3, "Meta": {"Duration": 2.6, "Fps": 60.0, "Loop": true, "AreBeziersRestricted": true, "CurveCount": 61, "UserDataCount": 1, "TotalSegmentCount": 189, "TotalPointCount": 189, "TotalUserDataSize": 22}, "Curves": [{"Target": "Parameter", "Id": "ParamPositionY", "Segments": [0, 0, 0, 0.4, 1, 0, 0.9, 0, 2, 2.6, 0]}, {"Target": "Parameter", "Id": "ParamAngleX", "Segments": [0, 0, 0, 0.4, -16, 0, 0.9, 14, 0, 1.383, -7, 0, 1.85, 0, 2, 2.6, 0]}, {"Target": "Parameter", "Id": "ParamAngleY", "Segments": [0, 0, 0, 0.4, -16, 2, 2.6, -16]}, {"Target": "Parameter", "Id": "ParamAngleZ", "Segments": [0, 6, 0, 0.6, 1, 0, 1.117, 7, 0, 1.583, 1, 2, 2.6, 1]}, {"Target": "Parameter", "Id": "ParamEyeROpen", "Segments": [0, 1, 0, 0.217, 1, 0, 0.417, 0, 2, 1.15, 0, 0, 1.383, 1, 2, 2.6, 1]}, {"Target": "Parameter", "Id": "ParamEyeLOpen", "Segments": [0, 1, 0, 0.217, 1, 0, 0.417, 0, 2, 1.15, 0, 0, 1.383, 1, 2, 2.6, 1]}, {"Target": "Parameter", "Id": "ParamEyeballX", "Segments": [0, 0, 0, 0.3, 0.1, 0, 0.967, -0.1, 0, 1.667, 0, 2, 2.6, 0]}, {"Target": "Parameter", "Id": "ParamBodyAngleX", "Segments": [0, 0, 0, 0.333, -2, 0, 1, 3, 0, 1.5, -3, 0, 1.967, 0, 2, 2.6, 0]}, {"Target": "Parameter", "Id": "ParamBodyAngleY", "Segments": [0, 0, 0, 0.333, 2, 0, 0.917, -3, 2, 2.6, -3]}, {"Target": "Parameter", "Id": "ParamBodyAngleZ", "Segments": [0, 3, 0, 0.517, 4, 0, 1.317, 3, 2, 2.6, 3]}, {"Target": "Parameter", "Id": "ParamUpperBodyZ", "Segments": [0, -6, 0, 0.517, -7, 0, 1.317, -5, 2, 2.6, -5]}, {"Target": "Parameter", "Id": "ParamBreath", "Segments": [0, 0, 0, 0.367, 0.5, 0, 0.933, 0, 2, 2.6, 0]}, {"Target": "Parameter", "Id": "ParamLegLZ", "Segments": [0, 4, 0, 0.667, 3, 2, 2.6, 3]}, {"Target": "Parameter", "Id": "ParamLegRZ", "Segments": [0, -2, 0, 0.667, -1, 2, 2.6, -1]}, {"Target": "Parameter", "Id": "ParamShoulderR", "Segments": [0, 4, 0, 0.367, 9, 0, 0.917, 2, 2, 2.6, 2]}, {"Target": "Parameter", "Id": "ParamArmR1", "Segments": [0, -36, 0, 0.35, -27, 0, 0.833, -38, 0, 1.35, -34, 2, 2.6, -34]}, {"Target": "Parameter", "Id": "ParamArmR2", "Segments": [0, 42, 0, 0.417, 43, 0, 0.933, 42, 0, 1.45, 42.5, 2, 2.6, 42.5]}, {"Target": "Parameter", "Id": "ParamArmR3", "Segments": [0, -25, 0, 0.483, -28, 0, 1.033, -26, 2, 1.55, -26, 2, 2.6, -26]}, {"Target": "Parameter", "Id": "ParamArmR4", "Segments": [0, 3, 0, 0.433, 0, 0, 1.017, 2, 2, 2.6, 2]}, {"Target": "Parameter", "Id": "ParamFingerR", "Segments": [0, 0, 0, 0.5, 6, 0, 1.067, -3, 0, 1.567, 0, 2, 2.6, 0]}, {"Target": "Parameter", "Id": "ParamShoulderL", "Segments": [0, 0, 0, 0.367, 6, 0, 0.9, 2, 2, 2.6, 2]}, {"Target": "Parameter", "Id": "ParamArmL1", "Segments": [0, -41, 0, 0.35, -33, 0, 0.833, -41, 0, 1.35, -40, 2, 2.6, -40]}, {"Target": "Parameter", "Id": "ParamArmL2", "Segments": [0, 42, 0, 0.417, 43, 0, 0.933, 42, 0, 1.45, 42.5, 2, 2.6, 42.5]}, {"Target": "Parameter", "Id": "ParamArmL3", "Segments": [0, -29, 0, 0.483, -31, 0, 1.033, -28, 0, 1.517, -32, 2, 2.6, -32]}, {"Target": "Parameter", "Id": "ParamArmL4", "Segments": [0, 3, 0, 0.433, 0, 2, 1.017, 0, 2, 2.6, 0]}, {"Target": "Parameter", "Id": "ParamFingerL", "Segments": [0, 0, 0, 0.5, 6, 0, 1.067, -4, 0, 1.567, 0, 2, 2.6, 0]}, {"Target": "Parameter", "Id": "ParamPositionX", "Segments": [0, 0, 0, 2.6, 0]}, {"Target": "Parameter", "Id": "ParamRotationZ", "Segments": [0, 0, 0, 2.6, 0]}, {"Target": "Parameter", "Id": "ParamUpperBody", "Segments": [0, 0, 0, 2.6, 0]}, {"Target": "Parameter", "Id": "ParamArmR5", "Segments": [0, 9, 0, 2.6, 9]}, {"Target": "Parameter", "Id": "ParamArmR6", "Segments": [0, 1.1, 0, 2.6, 1.1]}, {"Target": "Parameter", "Id": "ParamArmR7", "Segments": [0, -4, 0, 2.6, -4]}, {"Target": "Parameter", "Id": "ParamArmR8", "Segments": [0, -18, 0, 2.6, -18]}, {"Target": "Parameter", "Id": "ParamArmR9", "Segments": [0, 0.8, 0, 2.6, 0.8]}, {"Target": "Parameter", "Id": "ParamHandRA", "Segments": [0, 0, 0, 2.6, 0]}, {"Target": "Parameter", "Id": "ParamHandRB", "Segments": [0, 0, 0, 2.6, 0]}, {"Target": "Parameter", "Id": "ParamHandRC", "Segments": [0, 0, 0, 2.6, 0]}, {"Target": "Parameter", "Id": "ParamHandRD", "Segments": [0, 0, 0, 2.6, 0]}, {"Target": "Parameter", "Id": "ParamHandRE", "Segments": [0, 0, 0, 2.6, 0]}, {"Target": "Parameter", "Id": "ParamHandRF", "Segments": [0, 1, 0, 2.6, 1]}, {"Target": "Parameter", "Id": "ParamHandRG", "Segments": [0, 0, 0, 2.6, 0]}, {"Target": "Parameter", "Id": "ParamHandRH", "Segments": [0, 0, 0, 2.6, 0]}, {"Target": "Parameter", "Id": "ParamHandRI", "Segments": [0, 0, 0, 2.6, 0]}, {"Target": "Parameter", "Id": "ParamHandRJ", "Segments": [0, 0, 0, 2.6, 0]}, {"Target": "Parameter", "Id": "ParamHandRK", "Segments": [0, 0, 0, 2.6, 0]}, {"Target": "Parameter", "Id": "ParamArmL5", "Segments": [0, 9, 0, 2.6, 9]}, {"Target": "Parameter", "Id": "ParamArmL6", "Segments": [0, 1, 0, 2.6, 1]}, {"Target": "Parameter", "Id": "ParamArmL7", "Segments": [0, -4, 0, 2.6, -4]}, {"Target": "Parameter", "Id": "ParamArmL8", "Segments": [0, -25, 0, 2.6, -25]}, {"Target": "Parameter", "Id": "ParamArmL9", "Segments": [0, 0.8, 0, 2.6, 0.8]}, {"Target": "Parameter", "Id": "ParamHandLA", "Segments": [0, 0, 0, 2.6, 0]}, {"Target": "Parameter", "Id": "ParamHandLB", "Segments": [0, 0, 0, 2.6, 0]}, {"Target": "Parameter", "Id": "ParamHandLC", "Segments": [0, 0, 0, 2.6, 0]}, {"Target": "Parameter", "Id": "ParamHandLD", "Segments": [0, 0, 0, 2.6, 0]}, {"Target": "Parameter", "Id": "ParamHandLE", "Segments": [0, 0, 0, 2.6, 0]}, {"Target": "Parameter", "Id": "ParamHandLF", "Segments": [0, 1, 0, 2.6, 1]}, {"Target": "Parameter", "Id": "ParamHandLG", "Segments": [0, 0, 0, 2.6, 0]}, {"Target": "Parameter", "Id": "ParamHandLH", "Segments": [0, 0, 0, 2.6, 0]}, {"Target": "Parameter", "Id": "ParamHandLI", "Segments": [0, 0, 0, 2.6, 0]}, {"Target": "Parameter", "Id": "ParamHandLJ", "Segments": [0, 0, 0, 2.6, 0]}, {"Target": "Parameter", "Id": "ParamHandLK", "Segments": [0, 0, 0, 2.6, 0]}], "UserData": [{"Time": 0.217, "Value": "eyeblink,0.2,0.74,0.24"}]}