{"Version": 3, "Meta": {"Duration": 2.6, "Fps": 60.0, "Loop": true, "AreBeziersRestricted": true, "CurveCount": 61, "UserDataCount": 1, "TotalSegmentCount": 185, "TotalPointCount": 189, "TotalUserDataSize": 22}, "Curves": [{"Target": "Parameter", "Id": "ParamPositionX", "Segments": [0, 0, 0, 0.95, -1, 2, 2.6, -1]}, {"Target": "Parameter", "Id": "ParamAngleX", "Segments": [0, 0, 0, 0.767, 3, 0, 1.417, 2, 2, 2.6, 2]}, {"Target": "Parameter", "Id": "ParamAngleY", "Segments": [0, 0, 0, 0.767, -5, 1, 0.984, -5, 1.2, -2.381, 1.417, 1, 1, 1.572, 3.428, 1.728, 4.0, 1.883, 4, 2, 2.6, 4]}, {"Target": "Parameter", "Id": "ParamAngleZ", "Segments": [0, 12, 0, 0.417, 21, 0, 1.15, -10, 0, 1.767, -5, 2, 2.6, -5]}, {"Target": "Parameter", "Id": "ParamEyeROpen", "Segments": [0, 1, 0, 0.267, 1, 0, 0.467, 0, 2, 0.783, 0, 0, 1.017, 1, 2, 2.6, 1]}, {"Target": "Parameter", "Id": "ParamEyeLOpen", "Segments": [0, 1, 0, 0.267, 1, 0, 0.467, 0, 2, 0.783, 0, 0, 1.017, 1, 2, 2.6, 1]}, {"Target": "Parameter", "Id": "ParamEyeballX", "Segments": [0, 0, 0, 0.417, -0.1, 0, 1.217, 0, 2, 2.6, 0]}, {"Target": "Parameter", "Id": "ParamBodyAngleX", "Segments": [0, 2, 0, 0.5, -3, 0, 1.117, 3, 2, 2.6, 3]}, {"Target": "Parameter", "Id": "ParamBodyAngleY", "Segments": [0, 0, 0, 0.433, 4, 0, 0.883, -4, 0, 1.6, 0, 2, 2.6, 0]}, {"Target": "Parameter", "Id": "ParamBodyAngleZ", "Segments": [0, 3, 0, 0.783, 6, 2, 2.6, 6]}, {"Target": "Parameter", "Id": "ParamUpperBodyZ", "Segments": [0, -6, 0, 0.783, -7, 2, 2.6, -7]}, {"Target": "Parameter", "Id": "ParamBreath", "Segments": [0, 0, 0, 0.533, 0.6, 0, 1.05, 0, 2, 2.6, 0]}, {"Target": "Parameter", "Id": "ParamLegLZ", "Segments": [0, 4, 0, 0.7, 2, 2, 2.6, 2]}, {"Target": "Parameter", "Id": "ParamLegRZ", "Segments": [0, -3, 0, 0.7, 0, 2, 2.6, 0]}, {"Target": "Parameter", "Id": "ParamShoulderR", "Segments": [0, 4, 0, 0.367, 8, 0, 1.117, 5, 2, 2.6, 5]}, {"Target": "Parameter", "Id": "ParamArmR1", "Segments": [0, -41, 0, 0.283, -32, 0, 0.85, -36, 0, 1.3, -34, 2, 2.6, -34]}, {"Target": "Parameter", "Id": "ParamArmR2", "Segments": [0, -2, 0, 0.4, -4, 0, 0.933, -1, 0, 1.433, -1.5, 2, 2.6, -1.5]}, {"Target": "Parameter", "Id": "ParamArmR3", "Segments": [0, -9, 0, 0.517, -18, 0, 1.1, -7, 0, 1.55, -18, 2, 2.6, -18]}, {"Target": "Parameter", "Id": "ParamArmR5", "Segments": [0, 0, 0, 0.567, 2, 0, 1.283, 0, 2, 2.6, 0]}, {"Target": "Parameter", "Id": "ParamArmR8", "Segments": [0, -9, 0, 0.55, -18, 0, 1, -6, 0, 1.517, -18, 2, 2.6, -18]}, {"Target": "Parameter", "Id": "ParamFingerR", "Segments": [0, 0, 0, 0.567, 7, 0, 1.1, -4, 0, 1.6, 0, 2, 2.6, 0]}, {"Target": "Parameter", "Id": "ParamShoulderL", "Segments": [0, 6, 0, 0.45, 3, 0, 1.083, 9, 2, 2.6, 9]}, {"Target": "Parameter", "Id": "ParamArmL1", "Segments": [0, -41, 0, 0.367, -38, 0, 0.95, -43, 2, 2.6, -43]}, {"Target": "Parameter", "Id": "ParamArmL2", "Segments": [0, 41, 0, 0.45, 43, 0, 1.083, 41, 2, 2.6, 41]}, {"Target": "Parameter", "Id": "ParamArmL3", "Segments": [0, 40, 0, 0.533, 40, 0, 1.25, 34, 0, 1.817, 37, 2, 2.6, 37]}, {"Target": "Parameter", "Id": "ParamArmL4", "Segments": [0, 22, 0, 0.533, 18, 2, 2.6, 18]}, {"Target": "Parameter", "Id": "ParamArmL8", "Segments": [0, 28, 0, 1.283, 22, 2, 2.6, 22]}, {"Target": "Parameter", "Id": "ParamFingerL", "Segments": [0, 10, 0, 0.483, 2, 0, 1.05, 8, 0, 1.7, 7, 2, 2.6, 7]}, {"Target": "Parameter", "Id": "ParamPositionY", "Segments": [0, 0, 0, 2.6, 0]}, {"Target": "Parameter", "Id": "ParamRotationZ", "Segments": [0, 0, 0, 2.6, 0]}, {"Target": "Parameter", "Id": "ParamUpperBody", "Segments": [0, 0, 0, 2.6, 0]}, {"Target": "Parameter", "Id": "ParamArmR4", "Segments": [0, 0, 0, 2.6, 0]}, {"Target": "Parameter", "Id": "ParamArmR6", "Segments": [0, 0, 0, 2.6, 0]}, {"Target": "Parameter", "Id": "ParamArmR7", "Segments": [0, 0, 0, 2.6, 0]}, {"Target": "Parameter", "Id": "ParamArmR9", "Segments": [0, -0.8, 0, 2.6, -0.8]}, {"Target": "Parameter", "Id": "ParamHandRA", "Segments": [0, 1, 0, 2.6, 1]}, {"Target": "Parameter", "Id": "ParamHandRB", "Segments": [0, 0, 0, 2.6, 0]}, {"Target": "Parameter", "Id": "ParamHandRC", "Segments": [0, 0, 0, 2.6, 0]}, {"Target": "Parameter", "Id": "ParamHandRD", "Segments": [0, 0, 0, 2.6, 0]}, {"Target": "Parameter", "Id": "ParamHandRE", "Segments": [0, 0, 0, 2.6, 0]}, {"Target": "Parameter", "Id": "ParamHandRF", "Segments": [0, 0, 0, 2.6, 0]}, {"Target": "Parameter", "Id": "ParamHandRG", "Segments": [0, 0, 0, 2.6, 0]}, {"Target": "Parameter", "Id": "ParamHandRH", "Segments": [0, 0, 0, 2.6, 0]}, {"Target": "Parameter", "Id": "ParamHandRI", "Segments": [0, 0, 0, 2.6, 0]}, {"Target": "Parameter", "Id": "ParamHandRJ", "Segments": [0, 0, 0, 2.6, 0]}, {"Target": "Parameter", "Id": "ParamHandRK", "Segments": [0, 0, 0, 2.6, 0]}, {"Target": "Parameter", "Id": "ParamArmL5", "Segments": [0, 0, 0, 2.6, 0]}, {"Target": "Parameter", "Id": "ParamArmL6", "Segments": [0, 1, 0, 2.6, 1]}, {"Target": "Parameter", "Id": "ParamArmL7", "Segments": [0, -5, 0, 2.6, -5]}, {"Target": "Parameter", "Id": "ParamArmL9", "Segments": [0, 0.8, 0, 2.6, 0.8]}, {"Target": "Parameter", "Id": "ParamHandLA", "Segments": [0, 0, 0, 2.6, 0]}, {"Target": "Parameter", "Id": "ParamHandLB", "Segments": [0, 0, 0, 2.6, 0]}, {"Target": "Parameter", "Id": "ParamHandLC", "Segments": [0, 0, 0, 2.6, 0]}, {"Target": "Parameter", "Id": "ParamHandLD", "Segments": [0, 0, 0, 2.6, 0]}, {"Target": "Parameter", "Id": "ParamHandLE", "Segments": [0, 0, 0, 2.6, 0]}, {"Target": "Parameter", "Id": "ParamHandLF", "Segments": [0, 1, 0, 2.6, 1]}, {"Target": "Parameter", "Id": "ParamHandLG", "Segments": [0, 0, 0, 2.6, 0]}, {"Target": "Parameter", "Id": "ParamHandLH", "Segments": [0, 0, 0, 2.6, 0]}, {"Target": "Parameter", "Id": "ParamHandLI", "Segments": [0, 0, 0, 2.6, 0]}, {"Target": "Parameter", "Id": "ParamHandLJ", "Segments": [0, 0, 0, 2.6, 0]}, {"Target": "Parameter", "Id": "ParamHandLK", "Segments": [0, 0, 0, 2.6, 0]}], "UserData": [{"Time": 0.267, "Value": "eyeblink,0.2,0.32,0.24"}]}