{"Version": 3, "Meta": {"Duration": 2.6, "Fps": 60.0, "Loop": true, "AreBeziersRestricted": true, "CurveCount": 61, "UserDataCount": 1, "TotalSegmentCount": 181, "TotalPointCount": 191, "TotalUserDataSize": 22}, "Curves": [{"Target": "Parameter", "Id": "ParamPositionX", "Segments": [0, 0, 0, 0.417, -1, 0, 1.2, 0, 2, 2.6, 0]}, {"Target": "Parameter", "Id": "ParamPositionY", "Segments": [0, 0, 0, 0.467, 1, 2, 2.6, 1]}, {"Target": "Parameter", "Id": "ParamRotationZ", "Segments": [0, 0, 0, 0.267, -1, 0, 0.95, 0, 2, 2.6, 0]}, {"Target": "Parameter", "Id": "ParamAngleX", "Segments": [0, -1, 0, 0.35, 5, 0, 0.9, -4, 0, 1.467, 0, 2, 2.6, 0]}, {"Target": "Parameter", "Id": "ParamAngleY", "Segments": [0, -15, 0, 0.35, 15, 0, 0.883, -2, 0, 1.467, 9, 2, 2.6, 9]}, {"Target": "Parameter", "Id": "ParamAngleZ", "Segments": [0, -21, 0, 0.733, 18, 0, 1.367, 12, 2, 2.6, 12]}, {"Target": "Parameter", "Id": "ParamEyeROpen", "Segments": [0, 1, 0, 0.617, 1, 0, 0.817, 0, 2, 1.083, 0, 0, 1.317, 1, 2, 2.6, 1]}, {"Target": "Parameter", "Id": "ParamEyeLOpen", "Segments": [0, 1, 0, 0.617, 1, 0, 0.817, 0, 2, 1.083, 0, 0, 1.317, 1, 2, 2.6, 1]}, {"Target": "Parameter", "Id": "ParamBodyAngleX", "Segments": [0, -5, 0, 0.367, 3, 0, 1.15, -4, 2, 2.6, -4]}, {"Target": "Parameter", "Id": "ParamBodyAngleY", "Segments": [0, 0, 0, 0.483, 7, 0, 0.933, -2, 0, 1.433, 3, 2, 2.6, 3]}, {"Target": "Parameter", "Id": "ParamBodyAngleZ", "Segments": [0, -4, 0, 0.867, -2, 2, 2.6, -2]}, {"Target": "Parameter", "Id": "ParamUpperBodyZ", "Segments": [0, 7, 0, 0.867, 6, 2, 2.6, 6]}, {"Target": "Parameter", "Id": "ParamShoulderR", "Segments": [0, 7, 0, 0.283, 10, 0, 0.767, 7, 2, 2.6, 7]}, {"Target": "Parameter", "Id": "ParamArmR1", "Segments": [0, -41, 0, 0.283, -29, 0, 0.783, -40, 2, 2.6, -40]}, {"Target": "Parameter", "Id": "ParamArmR2", "Segments": [0, 41, 0, 0.417, 46, 0, 0.917, 42, 2, 2.6, 42]}, {"Target": "Parameter", "Id": "ParamArmR3", "Segments": [0, 40, 0, 0.517, 23, 1, 0.684, 20.644, 0.85, 21.0, 1.017, 21, 0, 1.633, 27, 2, 2.6, 27]}, {"Target": "Parameter", "Id": "ParamArmR4", "Segments": [0, 7, 0, 0.5, 40, 0, 1.05, 16, 2, 2.6, 16]}, {"Target": "Parameter", "Id": "ParamArmR5", "Segments": [0, 4, 0, 1.05, 3, 2, 2.6, 3]}, {"Target": "Parameter", "Id": "ParamFingerR", "Segments": [0, 8, 0, 0.633, 0, 0, 1.5, 1, 2, 2.6, 1]}, {"Target": "Parameter", "Id": "ParamShoulderL", "Segments": [0, 8, 0, 0.3, 9, 0, 0.833, 6, 2, 2.6, 6]}, {"Target": "Parameter", "Id": "ParamArmL1", "Segments": [0, -40, 0, 0.283, -29, 0, 0.867, -45, 2, 2.6, -45]}, {"Target": "Parameter", "Id": "ParamArmL2", "Segments": [0, 39, 0, 0.417, 44, 0, 1.017, 41.5, 2, 2.6, 41.5]}, {"Target": "Parameter", "Id": "ParamArmL3", "Segments": [0, -18, 0, 0.517, 28, 1, 0.728, 31.856, 0.939, 32.131, 1.15, 35, 1, 1.328, 37.416, 1.505, 40.0, 1.683, 40, 2, 2.6, 40]}, {"Target": "Parameter", "Id": "ParamArmL4", "Segments": [0, 15, 0, 0.9, 20, 2, 2.6, 20]}, {"Target": "Parameter", "Id": "ParamArmL5", "Segments": [0, 0, 0, 1, 3, 2, 2.6, 3]}, {"Target": "Parameter", "Id": "ParamArmL7", "Segments": [0, 0, 0, 2.017, -4, 2, 2.6, -4]}, {"Target": "Parameter", "Id": "ParamArmL8", "Segments": [0, -21, 0, 0.533, 27, 1, 0.733, 29.355, 0.933, 30.382, 1.133, 31, 1, 1.428, 31.909, 1.722, 32.0, 2.017, 32, 2, 2.6, 32]}, {"Target": "Parameter", "Id": "ParamFingerL", "Segments": [0, 7, 0, 0.633, 0, 2, 1.433, 0, 2, 2.6, 0]}, {"Target": "Parameter", "Id": "ParamEyeballX", "Segments": [0, 0, 0, 2.6, 0]}, {"Target": "Parameter", "Id": "ParamUpperBody", "Segments": [0, 0, 0, 2.6, 0]}, {"Target": "Parameter", "Id": "ParamBreath", "Segments": [0, 0, 0, 2.6, 0]}, {"Target": "Parameter", "Id": "ParamLegLZ", "Segments": [0, -1, 0, 2.6, -1]}, {"Target": "Parameter", "Id": "ParamLegRZ", "Segments": [0, 2, 0, 2.6, 2]}, {"Target": "Parameter", "Id": "ParamArmR6", "Segments": [0, 1.1, 0, 2.6, 1.1]}, {"Target": "Parameter", "Id": "ParamArmR7", "Segments": [0, -4, 0, 2.6, -4]}, {"Target": "Parameter", "Id": "ParamArmR8", "Segments": [0, 31, 0, 2.6, 31]}, {"Target": "Parameter", "Id": "ParamArmR9", "Segments": [0, 0.8, 0, 2.6, 0.8]}, {"Target": "Parameter", "Id": "ParamHandRA", "Segments": [0, 0, 0, 2.6, 0]}, {"Target": "Parameter", "Id": "ParamHandRB", "Segments": [0, 0, 0, 2.6, 0]}, {"Target": "Parameter", "Id": "ParamHandRC", "Segments": [0, 0, 0, 2.6, 0]}, {"Target": "Parameter", "Id": "ParamHandRD", "Segments": [0, 0, 0, 2.6, 0]}, {"Target": "Parameter", "Id": "ParamHandRE", "Segments": [0, 0, 0, 2.6, 0]}, {"Target": "Parameter", "Id": "ParamHandRF", "Segments": [0, 1, 0, 2.6, 1]}, {"Target": "Parameter", "Id": "ParamHandRG", "Segments": [0, 0, 0, 2.6, 0]}, {"Target": "Parameter", "Id": "ParamHandRH", "Segments": [0, 0, 0, 2.6, 0]}, {"Target": "Parameter", "Id": "ParamHandRI", "Segments": [0, 0, 0, 2.6, 0]}, {"Target": "Parameter", "Id": "ParamHandRJ", "Segments": [0, 0, 0, 2.6, 0]}, {"Target": "Parameter", "Id": "ParamHandRK", "Segments": [0, 1, 0, 2.6, 1]}, {"Target": "Parameter", "Id": "ParamArmL6", "Segments": [0, 1, 0, 2.6, 1]}, {"Target": "Parameter", "Id": "ParamArmL9", "Segments": [0, 0.8, 0, 2.6, 0.8]}, {"Target": "Parameter", "Id": "ParamHandLA", "Segments": [0, 0, 0, 2.6, 0]}, {"Target": "Parameter", "Id": "ParamHandLB", "Segments": [0, 0, 0, 2.6, 0]}, {"Target": "Parameter", "Id": "ParamHandLC", "Segments": [0, 0, 0, 2.6, 0]}, {"Target": "Parameter", "Id": "ParamHandLD", "Segments": [0, 0, 0, 2.6, 0]}, {"Target": "Parameter", "Id": "ParamHandLE", "Segments": [0, 0, 0, 2.6, 0]}, {"Target": "Parameter", "Id": "ParamHandLF", "Segments": [0, 1, 0, 2.6, 1]}, {"Target": "Parameter", "Id": "ParamHandLG", "Segments": [0, 0, 0, 2.6, 0]}, {"Target": "Parameter", "Id": "ParamHandLH", "Segments": [0, 0, 0, 2.6, 0]}, {"Target": "Parameter", "Id": "ParamHandLI", "Segments": [0, 0, 0, 2.6, 0]}, {"Target": "Parameter", "Id": "ParamHandLJ", "Segments": [0, 0, 0, 2.6, 0]}, {"Target": "Parameter", "Id": "ParamHandLK", "Segments": [0, 0, 0, 2.6, 0]}], "UserData": [{"Time": 0.617, "Value": "eyeblink,0.2,0.24,0.24"}]}