{"Version": 3, "Meta": {"Duration": 1.983, "Fps": 60.0, "Loop": true, "AreBeziersRestricted": true, "CurveCount": 61, "UserDataCount": 1, "TotalSegmentCount": 193, "TotalPointCount": 203, "TotalUserDataSize": 23}, "Curves": [{"Target": "Parameter", "Id": "ParamPositionX", "Segments": [0, 0, 0, 1.65, 1, 2, 1.983, 1]}, {"Target": "Parameter", "Id": "ParamPositionY", "Segments": [0, 0, 0, 0.433, 2, 0, 0.967, 0, 2, 1.65, 0, 2, 1.983, 0]}, {"Target": "Parameter", "Id": "ParamAngleX", "Segments": [0, 0, 0, 0.45, 3, 1, 0.683, 5.324, 0.917, 6.0, 1.15, 6, 2, 1.983, 6]}, {"Target": "Parameter", "Id": "ParamAngleY", "Segments": [0, 0, 0, 0.383, 18, 0, 1.033, 0, 2, 1.983, 0]}, {"Target": "Parameter", "Id": "ParamAngleZ", "Segments": [0, 0, 0, 0.617, -11, 0, 1.283, 12, 2, 1.983, 12]}, {"Target": "Parameter", "Id": "ParamEyeROpen", "Segments": [0, 1, 0, 0.55, 1, 0, 0.75, 0, 2, 1.05, 0, 0, 1.25, 1, 2, 1.983, 1]}, {"Target": "Parameter", "Id": "ParamEyeLOpen", "Segments": [0, 1, 0, 0.55, 1, 0, 0.75, 0, 2, 1.05, 0, 0, 1.25, 1, 2, 1.983, 1]}, {"Target": "Parameter", "Id": "ParamBodyAngleX", "Segments": [0, 0, 0, 0.383, 5, 1, 0.578, 8.277, 0.772, 9.0, 0.967, 9, 2, 1.983, 9]}, {"Target": "Parameter", "Id": "ParamBodyAngleY", "Segments": [0, 0, 0, 0.383, 5, 0, 0.967, -2, 2, 1.983, -2]}, {"Target": "Parameter", "Id": "ParamBodyAngleZ", "Segments": [0, 0, 0, 0.433, -1, 1, 0.655, -2.634, 0.878, -5.0, 1.1, -5, 2, 1.983, -5]}, {"Target": "Parameter", "Id": "ParamUpperBodyZ", "Segments": [0, 0, 0, 0.433, 1, 1, 0.655, 2.937, 0.878, 8.0, 1.1, 8, 2, 1.983, 8]}, {"Target": "Parameter", "Id": "ParamLegLZ", "Segments": [0, 0, 0, 0.883, -4, 2, 1.983, -4]}, {"Target": "Parameter", "Id": "ParamLegRZ", "Segments": [0, 0, 0, 0.883, 1, 2, 1.983, 1]}, {"Target": "Parameter", "Id": "ParamShoulderR", "Segments": [0, 0, 0, 0.45, -2, 2, 1, -2, 2, 1.983, -2]}, {"Target": "Parameter", "Id": "ParamArmR1", "Segments": [0, -38, 0, 0.483, -21, 0, 1.05, -42, 2, 1.983, -42]}, {"Target": "Parameter", "Id": "ParamArmR2", "Segments": [0, 39, 0, 0.55, -2, 2, 1.117, -2, 2, 1.983, -2]}, {"Target": "Parameter", "Id": "ParamArmR3", "Segments": [0, 11, 0, 0.617, -16, 2, 1.15, -16, 2, 1.983, -16]}, {"Target": "Parameter", "Id": "ParamArmR4", "Segments": [0, 3, 0, 1.65, 0, 2, 1.983, 0]}, {"Target": "Parameter", "Id": "ParamArmR5", "Segments": [0, 6, 0, 0.3, 20, 0, 0.633, 1, 2, 1.983, 1]}, {"Target": "Parameter", "Id": "ParamArmR6", "Segments": [0, 1.1, 0, 0.5, 1, 1, 0.506, 0.998, 0.511, 0.0, 0.517, 0, 2, 1.983, 0]}, {"Target": "Parameter", "Id": "ParamHandRA", "Segments": [0, 0, 0, 0.2, 0, 0, 0.283, 1, 2, 1.983, 1]}, {"Target": "Parameter", "Id": "ParamHandRG", "Segments": [0, 1, 0, 0.2, 1, 0, 0.283, 0, 2, 1.983, 0]}, {"Target": "Parameter", "Id": "ParamFingerR", "Segments": [0, 0, 0, 0.383, 10, 0, 0.883, -5, 0, 1.383, 0, 2, 1.983, 0]}, {"Target": "Parameter", "Id": "ParamShoulderL", "Segments": [0, 1, 0, 0.3, 7, 0, 0.683, 0, 0, 1.2, 4, 2, 1.983, 4]}, {"Target": "Parameter", "Id": "ParamArmL1", "Segments": [0, -44, 0, 0.317, -36, 0, 0.717, -44, 0, 1.317, -39, 2, 1.983, -39]}, {"Target": "Parameter", "Id": "ParamArmL2", "Segments": [0, 38, 0, 0.383, 43, 0, 0.783, 40, 0, 1.367, 42, 2, 1.983, 42]}, {"Target": "Parameter", "Id": "ParamArmL3", "Segments": [0, 16, 0, 0.467, 29, 0, 0.867, 0, 0, 1.4, 9, 2, 1.983, 9]}, {"Target": "Parameter", "Id": "ParamArmL4", "Segments": [0, 0, 0, 1.1, 7, 2, 1.983, 7]}, {"Target": "Parameter", "Id": "ParamArmL5", "Segments": [0, 6, 0, 1.1, 3, 2, 1.983, 3]}, {"Target": "Parameter", "Id": "ParamArmL8", "Segments": [0, 9, 0, 0.4, 23, 0, 0.9, 11, 2, 1.983, 11]}, {"Target": "Parameter", "Id": "ParamHandLB", "Segments": [0, 0, 0, 0.117, 0, 0, 0.283, 1, 2, 1.983, 1]}, {"Target": "Parameter", "Id": "ParamHandLG", "Segments": [0, 1, 0, 0.117, 1, 0, 0.283, 0, 2, 1.983, 0]}, {"Target": "Parameter", "Id": "ParamFingerL", "Segments": [0, 0, 0, 0.583, 6, 0, 1.117, -4, 0, 1.483, 0, 2, 1.983, 0]}, {"Target": "Parameter", "Id": "ParamRotationZ", "Segments": [0, 0, 0, 1.983, 0]}, {"Target": "Parameter", "Id": "ParamEyeballX", "Segments": [0, 0, 0, 1.983, 0]}, {"Target": "Parameter", "Id": "ParamUpperBody", "Segments": [0, 0, 0, 1.983, 0]}, {"Target": "Parameter", "Id": "ParamBreath", "Segments": [0, 0, 0, 1.983, 0]}, {"Target": "Parameter", "Id": "ParamArmR7", "Segments": [0, -8, 0, 1.983, -8]}, {"Target": "Parameter", "Id": "ParamArmR8", "Segments": [0, 13, 0, 1.983, 13]}, {"Target": "Parameter", "Id": "ParamArmR9", "Segments": [0, 0.5, 0, 1.983, 0.5]}, {"Target": "Parameter", "Id": "ParamHandRB", "Segments": [0, 0, 0, 1.983, 0]}, {"Target": "Parameter", "Id": "ParamHandRC", "Segments": [0, 0, 0, 1.983, 0]}, {"Target": "Parameter", "Id": "ParamHandRD", "Segments": [0, 0, 0, 1.983, 0]}, {"Target": "Parameter", "Id": "ParamHandRE", "Segments": [0, 0, 0, 1.983, 0]}, {"Target": "Parameter", "Id": "ParamHandRF", "Segments": [0, 0, 0, 1.983, 0]}, {"Target": "Parameter", "Id": "ParamHandRH", "Segments": [0, 0, 0, 1.983, 0]}, {"Target": "Parameter", "Id": "ParamHandRI", "Segments": [0, 0, 0, 1.983, 0]}, {"Target": "Parameter", "Id": "ParamHandRJ", "Segments": [0, 0, 0, 1.983, 0]}, {"Target": "Parameter", "Id": "ParamHandRK", "Segments": [0, 0, 0, 1.983, 0]}, {"Target": "Parameter", "Id": "ParamArmL6", "Segments": [0, 1, 0, 1.983, 1]}, {"Target": "Parameter", "Id": "ParamArmL7", "Segments": [0, -9, 0, 1.983, -9]}, {"Target": "Parameter", "Id": "ParamArmL9", "Segments": [0, 0.5, 0, 1.983, 0.5]}, {"Target": "Parameter", "Id": "ParamHandLA", "Segments": [0, 0, 0, 1.983, 0]}, {"Target": "Parameter", "Id": "ParamHandLC", "Segments": [0, 0, 0, 1.983, 0]}, {"Target": "Parameter", "Id": "ParamHandLD", "Segments": [0, 0, 0, 1.983, 0]}, {"Target": "Parameter", "Id": "ParamHandLE", "Segments": [0, 0, 0, 1.983, 0]}, {"Target": "Parameter", "Id": "ParamHandLF", "Segments": [0, 0, 0, 1.983, 0]}, {"Target": "Parameter", "Id": "ParamHandLH", "Segments": [0, 0, 0, 1.983, 0]}, {"Target": "Parameter", "Id": "ParamHandLI", "Segments": [0, 0, 0, 1.983, 0]}, {"Target": "Parameter", "Id": "ParamHandLJ", "Segments": [0, 0, 0, 1.983, 0]}, {"Target": "Parameter", "Id": "ParamHandLK", "Segments": [0, 0, 0, 1.983, 0]}], "UserData": [{"Time": 0.55, "Value": "eyeblink,0.20,0.30,0.20"}]}