{"Version": 3, "Meta": {"Duration": 2.6, "Fps": 60.0, "Loop": true, "AreBeziersRestricted": true, "CurveCount": 61, "UserDataCount": 1, "TotalSegmentCount": 189, "TotalPointCount": 197, "TotalUserDataSize": 22}, "Curves": [{"Target": "Parameter", "Id": "ParamPositionX", "Segments": [0, 0, 0, 0.45, 1, 0, 0.917, 0, 2, 2.6, 0]}, {"Target": "Parameter", "Id": "ParamPositionY", "Segments": [0, 0, 0, 0.417, 2, 0, 0.917, 0, 2, 2.6, 0]}, {"Target": "Parameter", "Id": "ParamAngleX", "Segments": [0, 0, 0, 0.367, 8, 0, 0.85, -15, 0, 1.383, 14, 0, 1.867, -2, 2, 2.6, -2]}, {"Target": "Parameter", "Id": "ParamAngleY", "Segments": [0, 0, 0, 0.367, 13, 0, 0.85, -21, 2, 2.6, -21]}, {"Target": "Parameter", "Id": "ParamAngleZ", "Segments": [0, 11, 0, 0.417, 20, 0, 1, -5, 0, 1.5, 7, 2, 2.6, 7]}, {"Target": "Parameter", "Id": "ParamEyeROpen", "Segments": [0, 1, 0, 0.433, 1, 0, 0.633, 0, 2, 1.483, 0, 0, 1.717, 1, 2, 2.6, 1]}, {"Target": "Parameter", "Id": "ParamEyeLOpen", "Segments": [0, 1, 0, 0.433, 1, 0, 0.633, 0, 2, 1.483, 0, 0, 1.717, 1, 2, 2.6, 1]}, {"Target": "Parameter", "Id": "ParamBodyAngleX", "Segments": [0, 0, 0, 0.483, 3, 0, 0.983, -2, 2, 2.6, -2]}, {"Target": "Parameter", "Id": "ParamBodyAngleY", "Segments": [0, 0, 0, 0.417, 3, 0, 0.917, -3, 0, 1.583, -1, 2, 2.6, -1]}, {"Target": "Parameter", "Id": "ParamBodyAngleZ", "Segments": [0, 2, 0, 0.567, 4, 0, 1.1, 2, 0, 1.717, 5, 2, 2.6, 5]}, {"Target": "Parameter", "Id": "ParamUpperBodyZ", "Segments": [0, -5, 0, 0.567, -7, 0, 1.1, -3, 0, 1.717, -7, 2, 2.6, -7]}, {"Target": "Parameter", "Id": "ParamShoulderR", "Segments": [0, 5, 0, 0.35, 8, 0, 0.817, 3, 2, 2.6, 3]}, {"Target": "Parameter", "Id": "ParamArmR1", "Segments": [0, -6, 0, 0.35, 8, 0, 0.867, 1, 2, 2.6, 1]}, {"Target": "Parameter", "Id": "ParamArmR2", "Segments": [0, 13, 0, 0.45, 21, 0, 0.917, 18, 2, 2.6, 18]}, {"Target": "Parameter", "Id": "ParamArmR3", "Segments": [0, 37, 0, 0.183, 23, 0, 0.55, 40, 0, 1.017, 25, 0, 1.517, 36, 2, 2.6, 36]}, {"Target": "Parameter", "Id": "ParamArmR4", "Segments": [0, 14, 0, 0.7, 2, 2, 2.6, 2]}, {"Target": "Parameter", "Id": "ParamArmR5", "Segments": [0, 10, 0, 0.45, 12, 2, 2.6, 12]}, {"Target": "Parameter", "Id": "ParamArmR8", "Segments": [0, 30, 0, 0.183, 16, 0, 0.567, 35, 0, 1, 20, 0, 1.583, 32, 2, 2.6, 32]}, {"Target": "Parameter", "Id": "ParamShoulderL", "Segments": [0, 2, 0, 0.383, 7, 0, 0.8, 3, 2, 2.6, 3]}, {"Target": "Parameter", "Id": "ParamArmL1", "Segments": [0, -12, 0, 0.383, 2, 1, 0.522, 2, 0.661, -2.655, 0.8, -4, 1, 1, -5.937, 1.2, -6.0, 1.4, -6, 2, 2.6, -6]}, {"Target": "Parameter", "Id": "ParamArmL2", "Segments": [0, 12, 0, 0.483, 22, 1, 0.622, 22, 0.761, 18.866, 0.9, 18, 1, 1.067, 16.961, 1.233, 17, 1.4, 17, 2, 2.6, 17]}, {"Target": "Parameter", "Id": "ParamArmL3", "Segments": [0, 35, 0, 0.183, 23, 0, 0.617, 40, 0, 1.033, 33, 0, 1.517, 40, 2, 2.6, 40]}, {"Target": "Parameter", "Id": "ParamArmL4", "Segments": [0, 14, 0, 0.7, 5, 2, 2.6, 5]}, {"Target": "Parameter", "Id": "ParamArmL5", "Segments": [0, 10, 0, 0.417, 11, 2, 0.833, 11, 2, 2.6, 11]}, {"Target": "Parameter", "Id": "ParamArmL8", "Segments": [0, 35, 0, 0.183, 19, 0, 0.567, 40, 0, 1, 29, 0, 1.583, 39, 2, 2.6, 39]}, {"Target": "Parameter", "Id": "ParamRotationZ", "Segments": [0, 0, 0, 2.6, 0]}, {"Target": "Parameter", "Id": "ParamEyeballX", "Segments": [0, 0, 0, 2.6, 0]}, {"Target": "Parameter", "Id": "ParamUpperBody", "Segments": [0, 0, 0, 2.6, 0]}, {"Target": "Parameter", "Id": "ParamBreath", "Segments": [0, 0, 0, 2.6, 0]}, {"Target": "Parameter", "Id": "ParamLegLZ", "Segments": [0, 5, 0, 2.6, 5]}, {"Target": "Parameter", "Id": "ParamLegRZ", "Segments": [0, 0, 0, 2.6, 0]}, {"Target": "Parameter", "Id": "ParamArmR6", "Segments": [0, 1, 0, 2.6, 1]}, {"Target": "Parameter", "Id": "ParamArmR7", "Segments": [0, -2, 0, 2.6, -2]}, {"Target": "Parameter", "Id": "ParamArmR9", "Segments": [0, 0.6, 0, 2.6, 0.6]}, {"Target": "Parameter", "Id": "ParamHandRA", "Segments": [0, 0, 0, 2.6, 0]}, {"Target": "Parameter", "Id": "ParamHandRB", "Segments": [0, 0, 0, 2.6, 0]}, {"Target": "Parameter", "Id": "ParamHandRC", "Segments": [0, 0, 0, 2.6, 0]}, {"Target": "Parameter", "Id": "ParamHandRD", "Segments": [0, 0, 0, 2.6, 0]}, {"Target": "Parameter", "Id": "ParamHandRE", "Segments": [0, 0, 0, 2.6, 0]}, {"Target": "Parameter", "Id": "ParamHandRF", "Segments": [0, 0, 0, 2.6, 0]}, {"Target": "Parameter", "Id": "ParamHandRG", "Segments": [0, 0, 0, 2.6, 0]}, {"Target": "Parameter", "Id": "ParamHandRH", "Segments": [0, 0, 0, 2.6, 0]}, {"Target": "Parameter", "Id": "ParamHandRI", "Segments": [0, 0, 0, 2.6, 0]}, {"Target": "Parameter", "Id": "ParamHandRJ", "Segments": [0, 1, 0, 2.6, 1]}, {"Target": "Parameter", "Id": "ParamHandRK", "Segments": [0, 0, 0, 2.6, 0]}, {"Target": "Parameter", "Id": "ParamFingerR", "Segments": [0, 0, 0, 2.6, 0]}, {"Target": "Parameter", "Id": "ParamArmL6", "Segments": [0, 1, 0, 2.6, 1]}, {"Target": "Parameter", "Id": "ParamArmL7", "Segments": [0, 0, 0, 2.6, 0]}, {"Target": "Parameter", "Id": "ParamArmL9", "Segments": [0, 0.6, 0, 2.6, 0.6]}, {"Target": "Parameter", "Id": "ParamHandLA", "Segments": [0, 0, 0, 2.6, 0]}, {"Target": "Parameter", "Id": "ParamHandLB", "Segments": [0, 0, 0, 2.6, 0]}, {"Target": "Parameter", "Id": "ParamHandLC", "Segments": [0, 0, 0, 2.6, 0]}, {"Target": "Parameter", "Id": "ParamHandLD", "Segments": [0, 0, 0, 2.6, 0]}, {"Target": "Parameter", "Id": "ParamHandLE", "Segments": [0, 0, 0, 2.6, 0]}, {"Target": "Parameter", "Id": "ParamHandLF", "Segments": [0, 0, 0, 2.6, 0]}, {"Target": "Parameter", "Id": "ParamHandLG", "Segments": [0, 0, 0, 2.6, 0]}, {"Target": "Parameter", "Id": "ParamHandLH", "Segments": [0, 0, 0, 2.6, 0]}, {"Target": "Parameter", "Id": "ParamHandLI", "Segments": [0, 0, 0, 2.6, 0]}, {"Target": "Parameter", "Id": "ParamHandLJ", "Segments": [0, 1, 0, 2.6, 1]}, {"Target": "Parameter", "Id": "ParamHandLK", "Segments": [0, 0, 0, 2.6, 0]}, {"Target": "Parameter", "Id": "ParamFingerL", "Segments": [0, 0, 0, 2.6, 0]}], "UserData": [{"Time": 0.433, "Value": "eyeblink,0.2,0.85,0.24"}]}