{"Version": 3, "Meta": {"Duration": 2.433, "Fps": 60.0, "Loop": true, "AreBeziersRestricted": true, "CurveCount": 61, "UserDataCount": 1, "TotalSegmentCount": 221, "TotalPointCount": 239, "TotalUserDataSize": 22}, "Curves": [{"Target": "Parameter", "Id": "ParamPositionY", "Segments": [0, 0, 0, 0.367, 0, 2, 0.783, 0, 2, 0.867, 0, 0, 1.233, -1, 2, 2.433, -1]}, {"Target": "Parameter", "Id": "ParamRotationZ", "Segments": [0, 0, 0, 0.367, -1, 0, 0.783, 0, 2, 0.867, 0, 2, 2.433, 0]}, {"Target": "Parameter", "Id": "ParamAngleX", "Segments": [0, 0, 0, 0.05, 0, 0, 0.417, -4, 0, 0.867, 4, 0, 1.283, -3, 0, 1.767, 0, 2, 2.433, 0]}, {"Target": "Parameter", "Id": "ParamAngleY", "Segments": [0, 0, 0, 0.05, 0, 0, 0.417, -7, 1, 0.539, -7, 0.661, 7.174, 0.783, 15, 1, 0.811, 16.779, 0.839, 16.0, 0.867, 16, 0, 1.283, -3, 0, 1.767, 13, 2, 2.433, 13]}, {"Target": "Parameter", "Id": "ParamAngleZ", "Segments": [0, 11, 0, 0.05, 11, 0, 0.417, -6, 0, 0.867, 13, 0, 1.283, -7, 0, 1.767, -4, 2, 2.433, -4]}, {"Target": "Parameter", "Id": "ParamEyeROpen", "Segments": [0, 1, 0, 0.083, 1, 0, 0.283, 0, 0, 0.517, 1, 2, 2.433, 1]}, {"Target": "Parameter", "Id": "ParamEyeLOpen", "Segments": [0, 1, 0, 0.083, 1, 0, 0.283, 0, 0, 0.517, 1, 2, 2.433, 1]}, {"Target": "Parameter", "Id": "ParamBodyAngleX", "Segments": [0, 0, 0, 0.367, -8, 0, 0.783, 9, 2, 0.867, 9, 1, 0.989, 9, 1.111, 4.794, 1.233, 4, 1, 1.394, 2.953, 1.556, 3.0, 1.717, 3, 2, 2.433, 3]}, {"Target": "Parameter", "Id": "ParamBodyAngleY", "Segments": [0, 0, 0, 0.367, -6, 0, 0.783, 2, 2, 0.867, 2, 0, 1.233, -5, 0, 1.717, 0, 2, 2.433, 0]}, {"Target": "Parameter", "Id": "ParamBodyAngleZ", "Segments": [0, 2, 0, 0.367, 3, 0, 0.783, 1, 2, 0.867, 1, 2, 1.233, 1, 2, 2.433, 1]}, {"Target": "Parameter", "Id": "ParamUpperBodyZ", "Segments": [0, -5, 0, 0.367, -4, 1, 0.506, -2.87, 0.644, -1.0, 0.783, -1, 2, 0.867, -1, 0, 1.233, -2, 2, 2.433, -2]}, {"Target": "Parameter", "Id": "ParamUpperBody", "Segments": [0, 0, 0, 0.367, -2, 0, 0.783, 2, 2, 0.867, 2, 0, 1.233, 0, 2, 2.433, 0]}, {"Target": "Parameter", "Id": "ParamShoulderR", "Segments": [0, 5, 0, 0.083, 5, 0, 0.45, 2, 1, 0.556, 2, 0.661, 3.57, 0.767, 7, 1, 0.784, 7.542, 0.8, 8.0, 0.817, 8, 0, 1.367, 1, 2, 2.433, 1]}, {"Target": "Parameter", "Id": "ParamArmR1", "Segments": [0, -6, 0, 0.083, -6, 0, 0.45, 15, 0, 0.767, -3, 2, 0.817, -3, 0, 1.367, -2, 2, 2.433, -2]}, {"Target": "Parameter", "Id": "ParamArmR2", "Segments": [0, 13, 0, 0.083, 13, 0, 0.45, 18, 0, 0.767, 15, 2, 0.817, 15, 2, 2.433, 15]}, {"Target": "Parameter", "Id": "ParamArmR3", "Segments": [0, 37, 0, 0.083, 37, 0, 0.45, 40, 0, 0.767, 27, 2, 2.433, 27]}, {"Target": "Parameter", "Id": "ParamArmR4", "Segments": [0, 14, 0, 0.083, 14, 2, 0.45, 14, 0, 0.767, 18, 0, 1.367, 15, 2, 2.433, 15]}, {"Target": "Parameter", "Id": "ParamArmR8", "Segments": [0, 40, 0, 0.4, 40, 0, 0.967, 29, 2, 2.433, 29]}, {"Target": "Parameter", "Id": "ParamFingerR", "Segments": [0, 0, 0, 0.55, 7, 0, 1.033, 0, 2, 2.433, 0]}, {"Target": "Parameter", "Id": "ParamShoulderL", "Segments": [0, 2, 0, 0.067, 2, 1, 0.295, 2, 0.522, 2.89, 0.75, 5, 1, 0.767, 5.154, 0.783, 6.0, 0.8, 6, 0, 1.35, 1, 2, 2.433, 1]}, {"Target": "Parameter", "Id": "ParamArmL1", "Segments": [0, -12, 0, 0.067, -12, 0, 0.433, 11, 0, 0.75, -4, 2, 0.8, -4, 0, 1.35, -3, 2, 2.433, -3]}, {"Target": "Parameter", "Id": "ParamArmL2", "Segments": [0, 12, 0, 0.067, 12, 0, 0.433, 18, 0, 0.75, 14, 2, 0.8, 14, 2, 2.433, 14]}, {"Target": "Parameter", "Id": "ParamArmL3", "Segments": [0, 35, 0, 0.067, 35, 0, 0.433, 40, 2, 0.75, 40, 2, 2.433, 40]}, {"Target": "Parameter", "Id": "ParamArmL4", "Segments": [0, 14, 0, 0.067, 14, 2, 0.433, 14, 0, 0.75, 18, 0, 1.35, 15, 2, 2.433, 15]}, {"Target": "Parameter", "Id": "ParamArmL8", "Segments": [0, 37, 0, 0.433, 40, 2, 2.433, 40]}, {"Target": "Parameter", "Id": "ParamFingerL", "Segments": [0, 0, 0, 0.55, 8, 0, 1.033, 0, 2, 2.433, 0]}, {"Target": "Parameter", "Id": "ParamPositionX", "Segments": [0, 0, 0, 2.433, 0]}, {"Target": "Parameter", "Id": "ParamEyeballX", "Segments": [0, 0, 0, 2.433, 0]}, {"Target": "Parameter", "Id": "ParamBreath", "Segments": [0, 0, 0, 2.433, 0]}, {"Target": "Parameter", "Id": "ParamLegLZ", "Segments": [0, 5, 0, 2.433, 5]}, {"Target": "Parameter", "Id": "ParamLegRZ", "Segments": [0, 0, 0, 2.433, 0]}, {"Target": "Parameter", "Id": "ParamArmR5", "Segments": [0, 9, 0, 2.433, 9]}, {"Target": "Parameter", "Id": "ParamArmR6", "Segments": [0, 1, 0, 2.433, 1]}, {"Target": "Parameter", "Id": "ParamArmR7", "Segments": [0, 0, 0, 2.433, 0]}, {"Target": "Parameter", "Id": "ParamArmR9", "Segments": [0, 0.6, 0, 2.433, 0.6]}, {"Target": "Parameter", "Id": "ParamHandRA", "Segments": [0, 0, 0, 2.433, 0]}, {"Target": "Parameter", "Id": "ParamHandRB", "Segments": [0, 0, 0, 2.433, 0]}, {"Target": "Parameter", "Id": "ParamHandRC", "Segments": [0, 0, 0, 2.433, 0]}, {"Target": "Parameter", "Id": "ParamHandRD", "Segments": [0, 0, 0, 2.433, 0]}, {"Target": "Parameter", "Id": "ParamHandRE", "Segments": [0, 0, 0, 2.433, 0]}, {"Target": "Parameter", "Id": "ParamHandRF", "Segments": [0, 0, 0, 2.433, 0]}, {"Target": "Parameter", "Id": "ParamHandRG", "Segments": [0, 0, 0, 2.433, 0]}, {"Target": "Parameter", "Id": "ParamHandRH", "Segments": [0, 0, 0, 2.433, 0]}, {"Target": "Parameter", "Id": "ParamHandRI", "Segments": [0, 0, 0, 2.433, 0]}, {"Target": "Parameter", "Id": "ParamHandRJ", "Segments": [0, 1, 0, 2.433, 1]}, {"Target": "Parameter", "Id": "ParamHandRK", "Segments": [0, 0, 0, 2.433, 0]}, {"Target": "Parameter", "Id": "ParamArmL5", "Segments": [0, 9, 0, 2.433, 9]}, {"Target": "Parameter", "Id": "ParamArmL6", "Segments": [0, 1, 0, 2.433, 1]}, {"Target": "Parameter", "Id": "ParamArmL7", "Segments": [0, 0, 0, 2.433, 0]}, {"Target": "Parameter", "Id": "ParamArmL9", "Segments": [0, 0.6, 0, 2.433, 0.6]}, {"Target": "Parameter", "Id": "ParamHandLA", "Segments": [0, 0, 0, 2.433, 0]}, {"Target": "Parameter", "Id": "ParamHandLB", "Segments": [0, 0, 0, 2.433, 0]}, {"Target": "Parameter", "Id": "ParamHandLC", "Segments": [0, 0, 0, 2.433, 0]}, {"Target": "Parameter", "Id": "ParamHandLD", "Segments": [0, 0, 0, 2.433, 0]}, {"Target": "Parameter", "Id": "ParamHandLE", "Segments": [0, 0, 0, 2.433, 0]}, {"Target": "Parameter", "Id": "ParamHandLF", "Segments": [0, 0, 0, 2.433, 0]}, {"Target": "Parameter", "Id": "ParamHandLG", "Segments": [0, 0, 0, 2.433, 0]}, {"Target": "Parameter", "Id": "ParamHandLH", "Segments": [0, 0, 0, 2.433, 0]}, {"Target": "Parameter", "Id": "ParamHandLI", "Segments": [0, 0, 0, 2.433, 0]}, {"Target": "Parameter", "Id": "ParamHandLJ", "Segments": [0, 1, 0, 2.433, 1]}, {"Target": "Parameter", "Id": "ParamHandLK", "Segments": [0, 0, 0, 2.433, 0]}], "UserData": [{"Time": 0.183, "Value": "eyeblink,0.2,0.79,0.24"}]}