{"Version": 3, "Meta": {"Duration": 2.217, "Fps": 60.0, "Loop": true, "AreBeziersRestricted": true, "CurveCount": 61, "UserDataCount": 1, "TotalSegmentCount": 191, "TotalPointCount": 195, "TotalUserDataSize": 22}, "Curves": [{"Target": "Parameter", "Id": "ParamPositionY", "Segments": [0, 0, 0, 0.5, 1, 0, 0.983, 0, 2, 2.217, 0]}, {"Target": "Parameter", "Id": "ParamRotationZ", "Segments": [0, 0, 0, 0.8, -1, 0, 1.4, 0, 2, 2.217, 0]}, {"Target": "Parameter", "Id": "ParamAngleX", "Segments": [0, -1, 0, 0.383, 2, 0, 0.883, -2, 0, 1.417, 0, 2, 2.217, 0]}, {"Target": "Parameter", "Id": "ParamAngleY", "Segments": [0, -4, 0, 0.383, 8, 0, 0.883, -4, 0, 1.417, -2, 2, 2.217, -2]}, {"Target": "Parameter", "Id": "ParamAngleZ", "Segments": [0, -15, 0, 0.483, 2, 0, 1.033, -19, 0, 1.583, 2, 2, 2.217, 2]}, {"Target": "Parameter", "Id": "ParamEyeROpen", "Segments": [0, 1, 0, 0.183, 1, 0, 0.383, 0, 2, 0.617, 0, 0, 0.85, 1, 2, 2.217, 1]}, {"Target": "Parameter", "Id": "ParamEyeLOpen", "Segments": [0, 1, 0, 0.183, 1, 0, 0.383, 0, 2, 0.617, 0, 0, 0.85, 1, 2, 2.217, 1]}, {"Target": "Parameter", "Id": "ParamBodyAngleX", "Segments": [0, -2, 0, 0.383, 2, 0, 0.95, -3, 0, 1.3, 0, 2, 2.217, 0]}, {"Target": "Parameter", "Id": "ParamBodyAngleY", "Segments": [0, 0, 0, 0.367, 4, 0, 0.867, -2, 0, 1.3, 2, 0, 1.7, -2, 2, 2.217, -2]}, {"Target": "Parameter", "Id": "ParamBodyAngleZ", "Segments": [0, -2, 0, 0.517, -1, 0, 0.983, -3, 0, 1.517, -2, 2, 2.217, -2]}, {"Target": "Parameter", "Id": "ParamUpperBodyZ", "Segments": [0, 5, 0, 0.517, 4, 0, 0.983, 6, 0, 1.517, 4, 2, 2.217, 4]}, {"Target": "Parameter", "Id": "ParamUpperBody", "Segments": [0, 0, 0, 0.367, 4, 0, 0.867, -6, 0, 1.4, -5, 2, 2.217, -5]}, {"Target": "Parameter", "Id": "ParamBreath", "Segments": [0, 0, 0, 0.417, 1, 0, 0.9, 0, 2, 2.217, 0]}, {"Target": "Parameter", "Id": "ParamLegLZ", "Segments": [0, -2, 0, 0.533, -1, 2, 2.217, -1]}, {"Target": "Parameter", "Id": "ParamLegRZ", "Segments": [0, 3, 0, 0.533, 0, 2, 2.217, 0]}, {"Target": "Parameter", "Id": "ParamShoulderR", "Segments": [0, 8, 0, 0.3, 10, 0, 0.75, 5, 0, 1.283, 8, 2, 2.217, 8]}, {"Target": "Parameter", "Id": "ParamArmR1", "Segments": [0, -40, 0, 0.317, -32, 0, 0.817, -43, 2, 2.217, -43]}, {"Target": "Parameter", "Id": "ParamArmR2", "Segments": [0, 42, 0, 0.417, 44, 0, 0.883, 40, 0, 1.4, 40.5, 2, 2.217, 40.5]}, {"Target": "Parameter", "Id": "ParamArmR3", "Segments": [0, 21, 0, 0.467, 32, 0, 0.967, 6, 0, 1.533, 11, 2, 2.217, 11]}, {"Target": "Parameter", "Id": "ParamArmR5", "Segments": [0, 6, 0, 0.817, 9, 2, 2.217, 9]}, {"Target": "Parameter", "Id": "ParamArmR8", "Segments": [0, 20, 0, 0.467, 28, 0, 1, 3, 2, 2.217, 3]}, {"Target": "Parameter", "Id": "ParamShoulderL", "Segments": [0, 7, 0, 0.3, 10, 0, 0.8, 5, 0, 1.283, 8, 2, 2.217, 8]}, {"Target": "Parameter", "Id": "ParamArmL1", "Segments": [0, -40, 0, 0.317, -29, 0, 0.817, -42, 2, 2.217, -42]}, {"Target": "Parameter", "Id": "ParamArmL2", "Segments": [0, 42, 0, 0.417, 44, 1, 0.461, 44, 0.506, 43.946, 0.55, 43.2, 1, 0.656, 41.429, 0.761, 40.0, 0.867, 40, 0, 1.383, 40.5, 2, 2.217, 40.5]}, {"Target": "Parameter", "Id": "ParamArmL3", "Segments": [0, 20, 0, 0.483, 33, 0, 1, 8, 0, 1.533, 12, 2, 2.217, 12]}, {"Target": "Parameter", "Id": "ParamArmL4", "Segments": [0, 20, 0, 0.483, 20.03, 2, 2.217, 20.03]}, {"Target": "Parameter", "Id": "ParamArmL5", "Segments": [0, 7, 0, 0.5, 9.9, 2, 2.217, 9.9]}, {"Target": "Parameter", "Id": "ParamPositionX", "Segments": [0, 0, 0, 2.217, 0]}, {"Target": "Parameter", "Id": "ParamEyeballX", "Segments": [0, 0, 0, 2.217, 0]}, {"Target": "Parameter", "Id": "ParamArmR4", "Segments": [0, 12, 0, 2.217, 12]}, {"Target": "Parameter", "Id": "ParamArmR6", "Segments": [0, 1.1, 0, 2.217, 1.1]}, {"Target": "Parameter", "Id": "ParamArmR7", "Segments": [0, -4, 0, 2.217, -4]}, {"Target": "Parameter", "Id": "ParamArmR9", "Segments": [0, 0.7, 0, 2.217, 0.7]}, {"Target": "Parameter", "Id": "ParamHandRA", "Segments": [0, 0, 0, 2.217, 0]}, {"Target": "Parameter", "Id": "ParamHandRB", "Segments": [0, 0, 0, 2.217, 0]}, {"Target": "Parameter", "Id": "ParamHandRC", "Segments": [0, 0, 0, 2.217, 0]}, {"Target": "Parameter", "Id": "ParamHandRD", "Segments": [0, 1, 0, 2.217, 1]}, {"Target": "Parameter", "Id": "ParamHandRE", "Segments": [0, 0, 0, 2.217, 0]}, {"Target": "Parameter", "Id": "ParamHandRF", "Segments": [0, 0, 0, 2.217, 0]}, {"Target": "Parameter", "Id": "ParamHandRG", "Segments": [0, 0, 0, 2.217, 0]}, {"Target": "Parameter", "Id": "ParamHandRH", "Segments": [0, 0, 0, 2.217, 0]}, {"Target": "Parameter", "Id": "ParamHandRI", "Segments": [0, 0, 0, 2.217, 0]}, {"Target": "Parameter", "Id": "ParamHandRJ", "Segments": [0, 0, 0, 2.217, 0]}, {"Target": "Parameter", "Id": "ParamHandRK", "Segments": [0, 0, 0, 2.217, 0]}, {"Target": "Parameter", "Id": "ParamFingerR", "Segments": [0, 0, 0, 2.217, 0]}, {"Target": "Parameter", "Id": "ParamArmL6", "Segments": [0, 1, 0, 2.217, 1]}, {"Target": "Parameter", "Id": "ParamArmL7", "Segments": [0, -4, 0, 2.217, -4]}, {"Target": "Parameter", "Id": "ParamArmL8", "Segments": [0, 13, 0, 2.217, 13]}, {"Target": "Parameter", "Id": "ParamArmL9", "Segments": [0, 0.7, 0, 2.217, 0.7]}, {"Target": "Parameter", "Id": "ParamHandLA", "Segments": [0, 0, 0, 2.217, 0]}, {"Target": "Parameter", "Id": "ParamHandLB", "Segments": [0, 0, 0, 2.217, 0]}, {"Target": "Parameter", "Id": "ParamHandLC", "Segments": [0, 0, 0, 2.217, 0]}, {"Target": "Parameter", "Id": "ParamHandLD", "Segments": [0, 1, 0, 2.217, 1]}, {"Target": "Parameter", "Id": "ParamHandLE", "Segments": [0, 0, 0, 2.217, 0]}, {"Target": "Parameter", "Id": "ParamHandLF", "Segments": [0, 0, 0, 2.217, 0]}, {"Target": "Parameter", "Id": "ParamHandLG", "Segments": [0, 0, 0, 2.217, 0]}, {"Target": "Parameter", "Id": "ParamHandLH", "Segments": [0, 0, 0, 2.217, 0]}, {"Target": "Parameter", "Id": "ParamHandLI", "Segments": [0, 0, 0, 2.217, 0]}, {"Target": "Parameter", "Id": "ParamHandLJ", "Segments": [0, 0, 0, 2.217, 0]}, {"Target": "Parameter", "Id": "ParamHandLK", "Segments": [0, 0, 0, 2.217, 0]}, {"Target": "Parameter", "Id": "ParamFingerL", "Segments": [0, 0, 0, 2.217, 0]}], "UserData": [{"Time": 0.183, "Value": "eyeblink,0.2,0.24,0.24"}]}