{"Version": 3, "Meta": {"Duration": 2.9, "Fps": 60.0, "Loop": true, "AreBeziersRestricted": true, "CurveCount": 60, "UserDataCount": 1, "TotalSegmentCount": 227, "TotalPointCount": 263, "TotalUserDataSize": 23}, "Curves": [{"Target": "Parameter", "Id": "ParamAngleX", "Segments": [0, -4, 0, 0.15, 0, 1, 0.317, 4.556, 0.483, 6.0, 0.65, 6, 0, 1.4, -4, 0, 2.033, 2, 2, 2.9, 2]}, {"Target": "Parameter", "Id": "ParamAngleY", "Segments": [0, -11, 0, 0.15, 0, 1, 0.317, 15.425, 0.483, 21.0, 0.65, 21, 0, 1.4, -27, 0, 2.033, -15, 2, 2.9, -15]}, {"Target": "Parameter", "Id": "ParamAngleZ", "Segments": [0, -2, 0, 0.15, 2, 1, 0.317, 9.065, 0.483, 12.0, 0.65, 12, 0, 1.4, -12, 1, 1.611, -12, 1.822, -1.665, 2.033, 1, 1, 2.15, 2.473, 2.266, 2.0, 2.383, 2, 2, 2.9, 2]}, {"Target": "Parameter", "Id": "ParamEyeROpen", "Segments": [0, 1, 0, 0.833, 1, 0, 1.15, 0, 2, 1.333, 0, 0, 1.967, 1, 2, 2.9, 1]}, {"Target": "Parameter", "Id": "ParamEyeLOpen", "Segments": [0, 1, 0, 0.833, 1, 0, 1.15, 0, 2, 1.333, 0, 0, 1.967, 1, 2, 2.9, 1]}, {"Target": "Parameter", "Id": "ParamBodyAngleX", "Segments": [0, -2, 0, 0.5, 8, 0, 1.25, -6, 1, 1.461, -6, 1.672, -2.185, 1.883, 0, 1, 2.0, 1.207, 2.116, 1.0, 2.233, 1, 2, 2.9, 1]}, {"Target": "Parameter", "Id": "ParamBodyAngleY", "Segments": [0, 0, 0, 0.5, 2, 0, 1.25, -1, 0, 1.883, 0, 2, 2.9, 0]}, {"Target": "Parameter", "Id": "ParamBodyAngleZ", "Segments": [0, 1, 0, 0.083, -5, 0, 0.583, -3, 0, 1.333, -7, 0, 1.967, -5, 2, 2.317, -5, 2, 2.9, -5]}, {"Target": "Parameter", "Id": "ParamUpperBodyZ", "Segments": [0, -2, 0, 0.133, 7, 2, 0.167, 7, 0, 0.667, 9, 0, 1.417, 4, 0, 2.05, 7, 2, 2.4, 7, 2, 2.9, 7]}, {"Target": "Parameter", "Id": "ParamUpperBody", "Segments": [0, 0, 0, 0.033, 0, 0, 0.533, 3, 0, 1.283, -4, 0, 1.917, 0, 2, 2.9, 0]}, {"Target": "Parameter", "Id": "ParamShoulderR", "Segments": [0, 4, 0, 0.333, 7, 1, 0.489, 9.269, 0.644, 10.0, 0.8, 10, 0, 1.517, -4, 0, 2.15, 0, 2, 2.9, 0]}, {"Target": "Parameter", "Id": "ParamArmR1", "Segments": [0, -30, 0, 0.333, -27, 1, 0.489, -27, 0.644, -28.566, 0.8, -33, 1, 1.039, -39.81, 1.278, -44.0, 1.517, -44, 0, 2.15, -42, 2, 2.9, -42]}, {"Target": "Parameter", "Id": "ParamArmR2", "Segments": [0, 39, 0, 0.383, -1, 1, 0.539, -3.255, 0.694, -3.0, 0.85, -3, 0, 1.567, 1, 0, 2.2, -1, 2, 2.9, -1]}, {"Target": "Parameter", "Id": "ParamArmR3", "Segments": [0, 16, 0, 0.417, -5, 1, 0.572, -18.456, 0.728, -23.0, 0.883, -23, 0, 1.6, 8, 0, 2.233, -5, 2, 2.9, -5]}, {"Target": "Parameter", "Id": "ParamArmR4", "Segments": [0, 0, 0, 0.333, 0, 0, 0.8, 2, 0, 1.517, 0, 2, 2.9, 0]}, {"Target": "Parameter", "Id": "ParamArmR5", "Segments": [0, 8, 0, 0.167, 20, 0, 0.417, 0, 2, 2.9, 0]}, {"Target": "Parameter", "Id": "ParamArmR8", "Segments": [0, 0, 0, 0.517, -12, 0, 1.5, 2, 2, 2.9, 2]}, {"Target": "Parameter", "Id": "ParamArmR9", "Segments": [0, 0.7, 0, 0.267, 0.7, 0, 0.317, -0.8, 2, 2.9, -0.8]}, {"Target": "Parameter", "Id": "ParamHandRA", "Segments": [0, 0, 0, 0.25, 0, 0, 0.267, 1, 2, 2.9, 1]}, {"Target": "Parameter", "Id": "ParamHandRF", "Segments": [0, 1, 0, 0.25, 1, 0, 0.267, 0, 2, 2.9, 0]}, {"Target": "Parameter", "Id": "ParamFingerR", "Segments": [0, 0, 0, 0.467, 10, 0, 1.217, -5, 0, 2.05, 0, 2, 2.9, 0]}, {"Target": "Parameter", "Id": "ParamShoulderL", "Segments": [0, 7, 0, 0.367, 9, 1, 0.55, 9, 0.734, 8.894, 0.917, 6, 1, 1.1, 3.106, 1.284, -2.0, 1.467, -2, 0, 2.1, 0, 2, 2.9, 0]}, {"Target": "Parameter", "Id": "ParamArmL1", "Segments": [0, -36, 0, 0.367, -19, 1, 0.55, -19, 0.734, -22.061, 0.917, -30, 1, 1.1, -37.939, 1.284, -43.0, 1.467, -43, 0, 2.1, -35, 2, 2.9, -35]}, {"Target": "Parameter", "Id": "ParamArmL2", "Segments": [0, 39, 0, 0.417, 0, 1, 0.6, -1.133, 0.784, -1.0, 0.967, -1, 0, 1.517, 1, 0, 2.15, -1, 2, 2.9, -1]}, {"Target": "Parameter", "Id": "ParamArmL3", "Segments": [0, 9, 0, 0.45, -7, 1, 0.633, -11.899, 0.817, -12.0, 1, -12, 0, 1.55, 10, 0, 2.183, -7, 2, 2.9, -7]}, {"Target": "Parameter", "Id": "ParamArmL5", "Segments": [0, 8, 0, 0.183, 20, 0, 0.417, 0, 2, 1.517, 0, 2, 2.15, 0, 2, 2.9, 0]}, {"Target": "Parameter", "Id": "ParamArmL8", "Segments": [0, 0, 0, 0.467, -14, 0, 1.383, 2, 0, 2.217, -15, 2, 2.9, -15]}, {"Target": "Parameter", "Id": "ParamArmL9", "Segments": [0, 0.7, 0, 0.267, 0.7, 0, 0.317, -0.8, 2, 2.9, -0.8]}, {"Target": "Parameter", "Id": "ParamHandLA", "Segments": [0, 0, 0, 0.267, 0, 0, 0.283, 1, 2, 2.9, 1]}, {"Target": "Parameter", "Id": "ParamHandLJ", "Segments": [0, 1, 0, 0.267, 1, 0, 0.283, 0, 2, 2.9, 0]}, {"Target": "Parameter", "Id": "ParamFingerL", "Segments": [0, 0, 0, 0.467, 7, 0, 1.217, -5, 0, 2.05, 0, 2, 2.9, 0]}, {"Target": "Parameter", "Id": "ParamPositionX", "Segments": [0, 0, 0, 2.9, 0]}, {"Target": "Parameter", "Id": "ParamPositionY", "Segments": [0, 0, 0, 2.9, 0]}, {"Target": "Parameter", "Id": "ParamRotationZ", "Segments": [0, 0, 0, 2.9, 0]}, {"Target": "Parameter", "Id": "ParamBreath", "Segments": [0, 0, 0, 2.9, 0]}, {"Target": "Parameter", "Id": "ParamLegLZ", "Segments": [0, 0, 0, 2.9, 0]}, {"Target": "Parameter", "Id": "ParamLegRZ", "Segments": [0, 1, 0, 2.9, 1]}, {"Target": "Parameter", "Id": "ParamArmR6", "Segments": [0, 1, 0, 2.9, 1]}, {"Target": "Parameter", "Id": "ParamArmR7", "Segments": [0, -4, 0, 2.9, -4]}, {"Target": "Parameter", "Id": "ParamHandRB", "Segments": [0, 0, 0, 2.9, 0]}, {"Target": "Parameter", "Id": "ParamHandRC", "Segments": [0, 0, 0, 2.9, 0]}, {"Target": "Parameter", "Id": "ParamHandRD", "Segments": [0, 0, 0, 2.9, 0]}, {"Target": "Parameter", "Id": "ParamHandRE", "Segments": [0, 0, 0, 2.9, 0]}, {"Target": "Parameter", "Id": "ParamHandRG", "Segments": [0, 0, 0, 2.9, 0]}, {"Target": "Parameter", "Id": "ParamHandRH", "Segments": [0, 0, 0, 2.9, 0]}, {"Target": "Parameter", "Id": "ParamHandRI", "Segments": [0, 0, 0, 2.9, 0]}, {"Target": "Parameter", "Id": "ParamHandRJ", "Segments": [0, 0, 0, 2.9, 0]}, {"Target": "Parameter", "Id": "ParamHandRK", "Segments": [0, 0, 0, 2.9, 0]}, {"Target": "Parameter", "Id": "ParamArmL4", "Segments": [0, 0, 0, 2.9, 0]}, {"Target": "Parameter", "Id": "ParamArmL6", "Segments": [0, 1, 0, 2.9, 1]}, {"Target": "Parameter", "Id": "ParamArmL7", "Segments": [0, -4, 0, 2.9, -4]}, {"Target": "Parameter", "Id": "ParamHandLB", "Segments": [0, 0, 0, 2.9, 0]}, {"Target": "Parameter", "Id": "ParamHandLC", "Segments": [0, 0, 0, 2.9, 0]}, {"Target": "Parameter", "Id": "ParamHandLD", "Segments": [0, 0, 0, 2.9, 0]}, {"Target": "Parameter", "Id": "ParamHandLE", "Segments": [0, 0, 0, 2.9, 0]}, {"Target": "Parameter", "Id": "ParamHandLF", "Segments": [0, 0, 0, 2.9, 0]}, {"Target": "Parameter", "Id": "ParamHandLG", "Segments": [0, 0, 0, 2.9, 0]}, {"Target": "Parameter", "Id": "ParamHandLH", "Segments": [0, 0, 0, 2.9, 0]}, {"Target": "Parameter", "Id": "ParamHandLI", "Segments": [0, 0, 0, 2.9, 0]}, {"Target": "Parameter", "Id": "ParamHandLK", "Segments": [0, 0, 0, 2.9, 0]}], "UserData": [{"Time": 0.183, "Value": "eyeblink,0.20,0.35,0.20"}]}