{"Version": 3, "Meta": {"Duration": 2.167, "Fps": 60.0, "Loop": true, "AreBeziersRestricted": true, "CurveCount": 61, "UserDataCount": 1, "TotalSegmentCount": 160, "TotalPointCount": 176, "TotalUserDataSize": 21}, "Curves": [{"Target": "Parameter", "Id": "ParamAngleX", "Segments": [0, 0, 0, 0.45, 3, 1, 0.617, 3, 0.783, 0.105, 0.95, -1, 1, 1.111, -2.068, 1.272, -2.0, 1.433, -2, 2, 2.167, -2]}, {"Target": "Parameter", "Id": "ParamAngleY", "Segments": [0, 0, 0, 0.45, 2, 1, 0.617, 2, 0.783, 2.129, 0.95, 1, 1, 1.111, -0.092, 1.272, -5.0, 1.433, -5, 2, 2.167, -5]}, {"Target": "Parameter", "Id": "ParamAngleZ", "Segments": [0, 0, 0, 0.25, -6, 1, 0.317, -6, 0.383, -6.8, 0.45, -5, 1, 0.628, -0.2, 0.805, 21.0, 0.983, 21, 0, 1.467, 18, 2, 2.167, 18]}, {"Target": "Parameter", "Id": "ParamEyeROpen", "Segments": [0, 1, 0, 0.117, 1, 0, 0.317, 0, 2, 0.383, 0, 0, 0.733, 1, 2, 2.167, 1]}, {"Target": "Parameter", "Id": "ParamEyeLOpen", "Segments": [0, 1, 0, 0.117, 1, 0, 0.317, 0, 2, 0.383, 0, 0, 0.733, 1, 2, 2.167, 1]}, {"Target": "Parameter", "Id": "ParamEyeballX", "Segments": [0, 0, 0, 0.183, 0, 0, 0.717, 0.1, 2, 2.167, 0.1]}, {"Target": "Parameter", "Id": "ParamBodyAngleX", "Segments": [0, 0, 0, 0.183, 5, 1, 0.344, 5, 0.506, 4.236, 0.667, 0, 1, 0.834, -4.382, 1.0, -9.0, 1.167, -9, 2, 2.167, -9]}, {"Target": "Parameter", "Id": "ParamBodyAngleY", "Segments": [0, 0, 0, 0.183, 3, 0, 0.667, -2, 0, 1.133, -1, 2, 2.167, -1]}, {"Target": "Parameter", "Id": "ParamBodyAngleZ", "Segments": [0, 5, 0, 0.183, 5, 0, 0.667, 6, 0, 1.133, 5, 2, 2.167, 5]}, {"Target": "Parameter", "Id": "ParamUpperBodyZ", "Segments": [0, -7, 0, 0.183, -8, 2, 0.667, -8, 0, 1.083, -7, 2, 2.167, -7]}, {"Target": "Parameter", "Id": "ParamShoulderR", "Segments": [0, 0, 0, 0.183, 6, 0, 0.667, 0, 0, 1.033, 2, 2, 2.167, 2]}, {"Target": "Parameter", "Id": "ParamShoulderL", "Segments": [0, 0, 0, 0.183, 7, 0, 0.667, 1, 0, 1.033, 2, 2, 2.167, 2]}, {"Target": "Parameter", "Id": "ParamPositionX", "Segments": [0, -1, 0, 2.167, -1]}, {"Target": "Parameter", "Id": "ParamPositionY", "Segments": [0, 0, 0, 2.167, 0]}, {"Target": "Parameter", "Id": "ParamRotationZ", "Segments": [0, 0, 0, 2.167, 0]}, {"Target": "Parameter", "Id": "ParamUpperBody", "Segments": [0, 0, 0, 2.167, 0]}, {"Target": "Parameter", "Id": "ParamBreath", "Segments": [0, 0, 0, 2.167, 0]}, {"Target": "Parameter", "Id": "ParamLegLZ", "Segments": [0, 4, 0, 2.167, 4]}, {"Target": "Parameter", "Id": "ParamLegRZ", "Segments": [0, -1, 0, 2.167, -1]}, {"Target": "Parameter", "Id": "ParamArmR1", "Segments": [0, -34, 0, 2.167, -34]}, {"Target": "Parameter", "Id": "ParamArmR2", "Segments": [0, 7, 0, 2.167, 7]}, {"Target": "Parameter", "Id": "ParamArmR3", "Segments": [0, 40, 0, 2.167, 40]}, {"Target": "Parameter", "Id": "ParamArmR4", "Segments": [0, 0, 0, 2.167, 0]}, {"Target": "Parameter", "Id": "ParamArmR5", "Segments": [0, 0, 0, 2.167, 0]}, {"Target": "Parameter", "Id": "ParamArmR6", "Segments": [0, 0, 0, 2.167, 0]}, {"Target": "Parameter", "Id": "ParamArmR7", "Segments": [0, -10, 0, 2.167, -10]}, {"Target": "Parameter", "Id": "ParamArmR8", "Segments": [0, 39, 0, 2.167, 39]}, {"Target": "Parameter", "Id": "ParamArmR9", "Segments": [0, 0, 0, 2.167, 0]}, {"Target": "Parameter", "Id": "ParamHandRA", "Segments": [0, 0, 0, 2.167, 0]}, {"Target": "Parameter", "Id": "ParamHandRB", "Segments": [0, 0, 0, 2.167, 0]}, {"Target": "Parameter", "Id": "ParamHandRC", "Segments": [0, 0, 0, 2.167, 0]}, {"Target": "Parameter", "Id": "ParamHandRD", "Segments": [0, 0, 0, 2.167, 0]}, {"Target": "Parameter", "Id": "ParamHandRE", "Segments": [0, 0, 0, 2.167, 0]}, {"Target": "Parameter", "Id": "ParamHandRF", "Segments": [0, 0, 0, 2.167, 0]}, {"Target": "Parameter", "Id": "ParamHandRG", "Segments": [0, 1, 0, 2.167, 1]}, {"Target": "Parameter", "Id": "ParamHandRH", "Segments": [0, 0, 0, 2.167, 0]}, {"Target": "Parameter", "Id": "ParamHandRI", "Segments": [0, 0, 0, 2.167, 0]}, {"Target": "Parameter", "Id": "ParamHandRJ", "Segments": [0, 0, 0, 2.167, 0]}, {"Target": "Parameter", "Id": "ParamHandRK", "Segments": [0, 0, 0, 2.167, 0]}, {"Target": "Parameter", "Id": "ParamFingerR", "Segments": [0, 0, 0, 2.167, 0]}, {"Target": "Parameter", "Id": "ParamArmL1", "Segments": [0, -40, 0, 2.167, -40]}, {"Target": "Parameter", "Id": "ParamArmL2", "Segments": [0, 9, 0, 2.167, 9]}, {"Target": "Parameter", "Id": "ParamArmL3", "Segments": [0, 40, 0, 2.167, 40]}, {"Target": "Parameter", "Id": "ParamArmL4", "Segments": [0, 0, 0, 2.167, 0]}, {"Target": "Parameter", "Id": "ParamArmL5", "Segments": [0, 0, 0, 2.167, 0]}, {"Target": "Parameter", "Id": "ParamArmL6", "Segments": [0, 0, 0, 2.167, 0]}, {"Target": "Parameter", "Id": "ParamArmL7", "Segments": [0, -10, 0, 2.167, -10]}, {"Target": "Parameter", "Id": "ParamArmL8", "Segments": [0, 30, 0, 2.167, 30]}, {"Target": "Parameter", "Id": "ParamArmL9", "Segments": [0, 0, 0, 2.167, 0]}, {"Target": "Parameter", "Id": "ParamHandLA", "Segments": [0, 0, 0, 2.167, 0]}, {"Target": "Parameter", "Id": "ParamHandLB", "Segments": [0, 0, 0, 2.167, 0]}, {"Target": "Parameter", "Id": "ParamHandLC", "Segments": [0, 0, 0, 2.167, 0]}, {"Target": "Parameter", "Id": "ParamHandLD", "Segments": [0, 0, 0, 2.167, 0]}, {"Target": "Parameter", "Id": "ParamHandLE", "Segments": [0, 0, 0, 2.167, 0]}, {"Target": "Parameter", "Id": "ParamHandLF", "Segments": [0, 0, 0, 2.167, 0]}, {"Target": "Parameter", "Id": "ParamHandLG", "Segments": [0, 1, 0, 2.167, 1]}, {"Target": "Parameter", "Id": "ParamHandLH", "Segments": [0, 0, 0, 2.167, 0]}, {"Target": "Parameter", "Id": "ParamHandLI", "Segments": [0, 0, 0, 2.167, 0]}, {"Target": "Parameter", "Id": "ParamHandLJ", "Segments": [0, 0, 0, 2.167, 0]}, {"Target": "Parameter", "Id": "ParamHandLK", "Segments": [0, 0, 0, 2.167, 0]}, {"Target": "Parameter", "Id": "ParamFingerL", "Segments": [0, 0, 0, 2.167, 0]}], "UserData": [{"Time": 0.117, "Value": "eyeblink,0.2,0.07,0.4"}]}