{"Version": 3, "Meta": {"Duration": 2.033, "Fps": 60.0, "Loop": true, "AreBeziersRestricted": true, "CurveCount": 61, "UserDataCount": 1, "TotalSegmentCount": 177, "TotalPointCount": 177, "TotalUserDataSize": 20}, "Curves": [{"Target": "Parameter", "Id": "ParamPositionX", "Segments": [0, 0, 0, 0.7, -1, 2, 2.033, -1]}, {"Target": "Parameter", "Id": "ParamAngleX", "Segments": [0, 0, 0, 0.4, 6, 0, 1.05, -5, 2, 2.033, -5]}, {"Target": "Parameter", "Id": "ParamAngleY", "Segments": [0, 0, 0, 0.4, 15, 0, 1.05, 0, 2, 2.033, 0]}, {"Target": "Parameter", "Id": "ParamAngleZ", "Segments": [0, 0, 0, 0.533, 8, 0, 1.217, -25, 2, 2.033, -25]}, {"Target": "Parameter", "Id": "ParamEyeROpen", "Segments": [0, 1, 0, 0.633, 1, 0, 0.833, 0, 0, 1.033, 1, 2, 2.033, 1]}, {"Target": "Parameter", "Id": "ParamEyeLOpen", "Segments": [0, 1, 0, 0.633, 1, 0, 0.833, 0, 0, 1.033, 1, 2, 2.033, 1]}, {"Target": "Parameter", "Id": "ParamEyeballX", "Segments": [0, 0, 0, 1.033, 0.1, 2, 2.033, 0.1]}, {"Target": "Parameter", "Id": "ParamBodyAngleX", "Segments": [0, 0, 0, 0.433, 2, 0, 0.983, -2, 2, 2.033, -2]}, {"Target": "Parameter", "Id": "ParamBodyAngleY", "Segments": [0, 0, 0, 0.467, 2, 0, 0.983, 0, 2, 2.033, 0]}, {"Target": "Parameter", "Id": "ParamBodyAngleZ", "Segments": [0, 2, 0, 0.483, 2, 0, 1.033, -3, 2, 2.033, -3]}, {"Target": "Parameter", "Id": "ParamUpperBodyZ", "Segments": [0, -1, 0, 0.483, -1, 0, 1.067, 7, 2, 2.033, 7]}, {"Target": "Parameter", "Id": "ParamLegLZ", "Segments": [0, 0, 0, 0.833, 2, 2, 2.033, 2]}, {"Target": "Parameter", "Id": "ParamLegRZ", "Segments": [0, 0, 0, 0.833, 2, 2, 2.033, 2]}, {"Target": "Parameter", "Id": "ParamArmR1", "Segments": [0, -38, 0, 0.283, -32, 0, 0.933, -39, 2, 2.033, -39]}, {"Target": "Parameter", "Id": "ParamArmR2", "Segments": [0, 39, 0, 0.45, 49, 0, 1.033, 41, 2, 2.033, 41]}, {"Target": "Parameter", "Id": "ParamArmR3", "Segments": [0, 11, 0, 0.517, 26, 0, 1.133, 14, 2, 2.033, 14]}, {"Target": "Parameter", "Id": "ParamArmR8", "Segments": [0, 17, 0, 0.4, -3, 0, 0.517, 14, 0, 0.9, 0, 2, 2.033, 0]}, {"Target": "Parameter", "Id": "ParamArmR9", "Segments": [0, 0, 0, 0.217, 0.7, 2, 2.033, 0.7]}, {"Target": "Parameter", "Id": "ParamHandRD", "Segments": [0, 0, 0, 0.2, 0, 0, 0.217, 1, 2, 2.033, 1]}, {"Target": "Parameter", "Id": "ParamHandRG", "Segments": [0, 1, 0, 0.2, 1, 0, 0.217, 0, 2, 2.033, 0]}, {"Target": "Parameter", "Id": "ParamFingerR", "Segments": [0, 0, 0, 0.633, 7, 2, 2.033, 7]}, {"Target": "Parameter", "Id": "ParamShoulderL", "Segments": [0, 1, 0, 0.4, 3, 0, 0.933, 0, 2, 2.033, 0]}, {"Target": "Parameter", "Id": "ParamArmL1", "Segments": [0, -44, 0, 0.3, -29, 0, 0.967, -37, 2, 2.033, -37]}, {"Target": "Parameter", "Id": "ParamArmL2", "Segments": [0, 5, 0, 0.5, -1, 2, 1.05, -1, 2, 2.033, -1]}, {"Target": "Parameter", "Id": "ParamArmL3", "Segments": [0, 16, 0, 0.633, 7, 0, 1.133, 9, 2, 2.033, 9]}, {"Target": "Parameter", "Id": "ParamArmL5", "Segments": [0, 0, 0, 0.633, 2, 0, 1.133, 0, 2, 2.033, 0]}, {"Target": "Parameter", "Id": "ParamArmL6", "Segments": [0, 1, 0, 0.217, 1, 0, 0.6, 0, 2, 1.133, 0, 2, 2.033, 0]}, {"Target": "Parameter", "Id": "ParamArmL8", "Segments": [0, 0, 0, 0.633, 15, 0, 1.133, -10, 2, 2.033, -10]}, {"Target": "Parameter", "Id": "ParamFingerL", "Segments": [0, 0, 0, 0.667, -6, 2, 2.033, -6]}, {"Target": "Parameter", "Id": "ParamPositionY", "Segments": [0, 0, 0, 2.033, 0]}, {"Target": "Parameter", "Id": "ParamRotationZ", "Segments": [0, 0, 0, 2.033, 0]}, {"Target": "Parameter", "Id": "ParamUpperBody", "Segments": [0, 0, 0, 2.033, 0]}, {"Target": "Parameter", "Id": "ParamBreath", "Segments": [0, 0, 0, 2.033, 0]}, {"Target": "Parameter", "Id": "ParamShoulderR", "Segments": [0, 0, 0, 2.033, 0]}, {"Target": "Parameter", "Id": "ParamArmR4", "Segments": [0, 0, 0, 2.033, 0]}, {"Target": "Parameter", "Id": "ParamArmR5", "Segments": [0, 7, 0, 2.033, 7]}, {"Target": "Parameter", "Id": "ParamArmR6", "Segments": [0, 1, 0, 2.033, 1]}, {"Target": "Parameter", "Id": "ParamArmR7", "Segments": [0, -5, 0, 2.033, -5]}, {"Target": "Parameter", "Id": "ParamHandRA", "Segments": [0, 0, 0, 2.033, 0]}, {"Target": "Parameter", "Id": "ParamHandRB", "Segments": [0, 0, 0, 2.033, 0]}, {"Target": "Parameter", "Id": "ParamHandRC", "Segments": [0, 0, 0, 2.033, 0]}, {"Target": "Parameter", "Id": "ParamHandRE", "Segments": [0, 0, 0, 2.033, 0]}, {"Target": "Parameter", "Id": "ParamHandRF", "Segments": [0, 0, 0, 2.033, 0]}, {"Target": "Parameter", "Id": "ParamHandRH", "Segments": [0, 0, 0, 2.033, 0]}, {"Target": "Parameter", "Id": "ParamHandRI", "Segments": [0, 0, 0, 2.033, 0]}, {"Target": "Parameter", "Id": "ParamHandRJ", "Segments": [0, 0, 0, 2.033, 0]}, {"Target": "Parameter", "Id": "ParamHandRK", "Segments": [0, 0, 0, 2.033, 0]}, {"Target": "Parameter", "Id": "ParamArmL4", "Segments": [0, 0, 0, 2.033, 0]}, {"Target": "Parameter", "Id": "ParamArmL7", "Segments": [0, 5, 0, 2.033, 5]}, {"Target": "Parameter", "Id": "ParamArmL9", "Segments": [0, -0.2, 0, 2.033, -0.2]}, {"Target": "Parameter", "Id": "ParamHandLA", "Segments": [0, 0, 0, 2.033, 0]}, {"Target": "Parameter", "Id": "ParamHandLB", "Segments": [0, 0, 0, 2.033, 0]}, {"Target": "Parameter", "Id": "ParamHandLC", "Segments": [0, 0, 0, 2.033, 0]}, {"Target": "Parameter", "Id": "ParamHandLD", "Segments": [0, 0, 0, 2.033, 0]}, {"Target": "Parameter", "Id": "ParamHandLE", "Segments": [0, 0, 0, 2.033, 0]}, {"Target": "Parameter", "Id": "ParamHandLF", "Segments": [0, 0, 0, 2.033, 0]}, {"Target": "Parameter", "Id": "ParamHandLG", "Segments": [0, 1, 0, 2.033, 1]}, {"Target": "Parameter", "Id": "ParamHandLH", "Segments": [0, 0, 0, 2.033, 0]}, {"Target": "Parameter", "Id": "ParamHandLI", "Segments": [0, 0, 0, 2.033, 0]}, {"Target": "Parameter", "Id": "ParamHandLJ", "Segments": [0, 0, 0, 2.033, 0]}, {"Target": "Parameter", "Id": "ParamHandLK", "Segments": [0, 0, 0, 2.033, 0]}], "UserData": [{"Time": 0.633, "Value": "eyeblink,0.2,0.0,0.2"}]}