{"Version": 3, "Meta": {"Duration": 2.617, "Fps": 60.0, "Loop": true, "AreBeziersRestricted": true, "CurveCount": 61, "UserDataCount": 1, "TotalSegmentCount": 179, "TotalPointCount": 179, "TotalUserDataSize": 23}, "Curves": [{"Target": "Parameter", "Id": "ParamAngleX", "Segments": [0, 0, 0, 0.333, 3, 0, 0.8, -2, 0, 1.333, 0, 2, 2.617, 0]}, {"Target": "Parameter", "Id": "ParamAngleY", "Segments": [0, 0, 0, 0.3, 13, 0, 0.767, -4, 0, 1.333, -2, 2, 2.617, -2]}, {"Target": "Parameter", "Id": "ParamAngleZ", "Segments": [0, 3, 0, 0.433, -7, 0, 0.967, 12, 0, 1.4, 7, 2, 2.617, 7]}, {"Target": "Parameter", "Id": "ParamEyeROpen", "Segments": [0, 1, 0, 0.333, 1, 0, 0.533, 0, 0, 0.733, 1, 2, 2.617, 1]}, {"Target": "Parameter", "Id": "ParamEyeLOpen", "Segments": [0, 1, 0, 0.333, 1, 0, 0.533, 0, 0, 0.733, 1, 2, 2.617, 1]}, {"Target": "Parameter", "Id": "ParamEyeballX", "Segments": [0, 0, 0, 0.367, -0.2, 0, 0.767, 0.2, 0, 1.233, 0, 2, 2.617, 0]}, {"Target": "Parameter", "Id": "ParamBodyAngleX", "Segments": [0, 0, 0, 0.5, 2, 0, 1.1, -2, 0, 1.6, 0, 2, 2.617, 0]}, {"Target": "Parameter", "Id": "ParamBodyAngleY", "Segments": [0, 0, 0, 0.367, 3, 0, 0.933, -4, 0, 1.467, -1, 2, 2.617, -1]}, {"Target": "Parameter", "Id": "ParamBodyAngleZ", "Segments": [0, 2, 0, 0.567, 2, 0, 1.1, 4, 2, 2.617, 4]}, {"Target": "Parameter", "Id": "ParamUpperBodyZ", "Segments": [0, -3, 0, 0.567, -3, 0, 1.1, -5, 2, 2.617, -5]}, {"Target": "Parameter", "Id": "ParamUpperBody", "Segments": [0, 0, 0, 0.367, 3, 0, 0.933, -10, 0, 1.433, -9, 2, 2.617, -9]}, {"Target": "Parameter", "Id": "ParamLegLZ", "Segments": [0, 0, 0, 1.033, 2, 2, 2.617, 2]}, {"Target": "Parameter", "Id": "ParamLegRZ", "Segments": [0, 0, 0, 1.033, -2, 2, 2.617, -2]}, {"Target": "Parameter", "Id": "ParamShoulderR", "Segments": [0, 1, 0, 0.667, 6, 2, 2.617, 6]}, {"Target": "Parameter", "Id": "ParamArmR1", "Segments": [0, -42, 0, 0.467, -39, 0, 0.9, -44, 2, 2.617, -44]}, {"Target": "Parameter", "Id": "ParamArmR2", "Segments": [0, -2, 0, 0.467, -4, 0, 1.033, -2, 2, 2.617, -2]}, {"Target": "Parameter", "Id": "ParamArmR3", "Segments": [0, -13, 0, 0.5, -24, 0, 1.1, -16, 2, 2.617, -16]}, {"Target": "Parameter", "Id": "ParamArmR8", "Segments": [0, -7, 0, 0.517, -25, 0, 1.117, -11, 2, 2.617, -11]}, {"Target": "Parameter", "Id": "ParamFingerR", "Segments": [0, 0, 0, 0.55, 6, 0, 1.167, -4, 0, 1.917, 0, 2, 2.617, 0]}, {"Target": "Parameter", "Id": "ParamShoulderL", "Segments": [0, 0, 0, 0.667, 5, 2, 2.617, 5]}, {"Target": "Parameter", "Id": "ParamArmL1", "Segments": [0, -48, 0, 0.5, -43, 0, 0.933, -50, 2, 2.617, -50]}, {"Target": "Parameter", "Id": "ParamArmL2", "Segments": [0, -3, 0, 0.5, -5, 0, 1.033, -4, 2, 2.617, -4]}, {"Target": "Parameter", "Id": "ParamArmL3", "Segments": [0, -11, 0, 0.533, -21, 0, 1.1, -8, 2, 2.617, -8]}, {"Target": "Parameter", "Id": "ParamArmL8", "Segments": [0, -12, 0, 0.517, -23, 0, 1.117, -8, 2, 2.617, -8]}, {"Target": "Parameter", "Id": "ParamFingerL", "Segments": [0, 0, 0, 0.55, 6, 0, 1.167, -4, 0, 1.917, 0, 2, 2.617, 0]}, {"Target": "Parameter", "Id": "ParamPositionX", "Segments": [0, 0, 0, 2.617, 0]}, {"Target": "Parameter", "Id": "ParamPositionY", "Segments": [0, 0, 0, 2.617, 0]}, {"Target": "Parameter", "Id": "ParamRotationZ", "Segments": [0, 0, 0, 2.617, 0]}, {"Target": "Parameter", "Id": "ParamBreath", "Segments": [0, 0, 0, 2.617, 0]}, {"Target": "Parameter", "Id": "ParamArmR4", "Segments": [0, 0, 0, 2.617, 0]}, {"Target": "Parameter", "Id": "ParamArmR5", "Segments": [0, 3, 0, 2.617, 3]}, {"Target": "Parameter", "Id": "ParamArmR6", "Segments": [0, 0, 0, 2.617, 0]}, {"Target": "Parameter", "Id": "ParamArmR7", "Segments": [0, 8, 0, 2.617, 8]}, {"Target": "Parameter", "Id": "ParamArmR9", "Segments": [0, -0.8, 0, 2.617, -0.8]}, {"Target": "Parameter", "Id": "ParamHandRA", "Segments": [0, 1, 0, 2.617, 1]}, {"Target": "Parameter", "Id": "ParamHandRB", "Segments": [0, 0, 0, 2.617, 0]}, {"Target": "Parameter", "Id": "ParamHandRC", "Segments": [0, 0, 0, 2.617, 0]}, {"Target": "Parameter", "Id": "ParamHandRD", "Segments": [0, 0, 0, 2.617, 0]}, {"Target": "Parameter", "Id": "ParamHandRE", "Segments": [0, 0, 0, 2.617, 0]}, {"Target": "Parameter", "Id": "ParamHandRF", "Segments": [0, 0, 0, 2.617, 0]}, {"Target": "Parameter", "Id": "ParamHandRG", "Segments": [0, 0, 0, 2.617, 0]}, {"Target": "Parameter", "Id": "ParamHandRH", "Segments": [0, 0, 0, 2.617, 0]}, {"Target": "Parameter", "Id": "ParamHandRI", "Segments": [0, 0, 0, 2.617, 0]}, {"Target": "Parameter", "Id": "ParamHandRJ", "Segments": [0, 0, 0, 2.617, 0]}, {"Target": "Parameter", "Id": "ParamHandRK", "Segments": [0, 0, 0, 2.617, 0]}, {"Target": "Parameter", "Id": "ParamArmL4", "Segments": [0, 0, 0, 2.617, 0]}, {"Target": "Parameter", "Id": "ParamArmL5", "Segments": [0, 3, 0, 2.617, 3]}, {"Target": "Parameter", "Id": "ParamArmL6", "Segments": [0, 0, 0, 2.617, 0]}, {"Target": "Parameter", "Id": "ParamArmL7", "Segments": [0, 0, 0, 2.617, 0]}, {"Target": "Parameter", "Id": "ParamArmL9", "Segments": [0, -0.8, 0, 2.617, -0.8]}, {"Target": "Parameter", "Id": "ParamHandLA", "Segments": [0, 1, 0, 2.617, 1]}, {"Target": "Parameter", "Id": "ParamHandLB", "Segments": [0, 0, 0, 2.617, 0]}, {"Target": "Parameter", "Id": "ParamHandLC", "Segments": [0, 0, 0, 2.617, 0]}, {"Target": "Parameter", "Id": "ParamHandLD", "Segments": [0, 0, 0, 2.617, 0]}, {"Target": "Parameter", "Id": "ParamHandLE", "Segments": [0, 0, 0, 2.617, 0]}, {"Target": "Parameter", "Id": "ParamHandLF", "Segments": [0, 0, 0, 2.617, 0]}, {"Target": "Parameter", "Id": "ParamHandLG", "Segments": [0, 0, 0, 2.617, 0]}, {"Target": "Parameter", "Id": "ParamHandLH", "Segments": [0, 0, 0, 2.617, 0]}, {"Target": "Parameter", "Id": "ParamHandLI", "Segments": [0, 0, 0, 2.617, 0]}, {"Target": "Parameter", "Id": "ParamHandLJ", "Segments": [0, 0, 0, 2.617, 0]}, {"Target": "Parameter", "Id": "ParamHandLK", "Segments": [0, 0, 0, 2.617, 0]}], "UserData": [{"Time": 0.333, "Value": "eyeblink,0.20,0.00,0.20"}]}