{
	"Version": 3,
	"Meta": {
		"PhysicsSettingCount": 10,
		"TotalInputCount": 30,
		"TotalOutputCount": 52,
		"VertexCount": 56,
		"EffectiveForces": {
			"Gravity": {
				"X": 0,
				"Y": -1
			},
			"Wind": {
				"X": 0,
				"Y": 0
			}
		},
		"PhysicsDictionary": [
			{
				"Id": "PhysicsSetting1",
				"Name": "高光"
			},
			{
				"Id": "PhysicsSetting2",
				"Name": "左高光"
			},
			{
				"Id": "PhysicsSetting3",
				"Name": "后发"
			},
			{
				"Id": "PhysicsSetting4",
				"Name": "马尾"
			},
			{
				"Id": "PhysicsSetting5",
				"Name": "侧发"
			},
			{
				"Id": "PhysicsSetting6",
				"Name": "前发"
			},
			{
				"Id": "PhysicsSetting7",
				"Name": "蝴蝶结"
			},
			{
				"Id": "PhysicsSetting8",
				"Name": "胸口褶皱"
			},
			{
				"Id": "PhysicsSetting9",
				"Name": "裙子"
			},
			{
				"Id": "PhysicsSetting10",
				"Name": "呆毛"
			}
		]
	},
	"PhysicsSettings": [
		{
			"Id": "PhysicsSetting1",
			"Input": [
				{
					"Source": {
						"Target": "Parameter",
						"Id": "ParamEyeROpen"
					},
					"Weight": 100,
					"Type": "X",
					"Reflect": false
				}
			],
			"Output": [
				{
					"Destination": {
						"Target": "Parameter",
						"Id": "Param"
					},
					"VertexIndex": 1,
					"Scale": 10,
					"Weight": 100,
					"Type": "Angle",
					"Reflect": false
				}
			],
			"Vertices": [
				{
					"Position": {
						"X": 0,
						"Y": 0
					},
					"Mobility": 1,
					"Delay": 1,
					"Acceleration": 1,
					"Radius": 0
				},
				{
					"Position": {
						"X": 0,
						"Y": 5
					},
					"Mobility": 0.9,
					"Delay": 0.8,
					"Acceleration": 1.5,
					"Radius": 5
				}
			],
			"Normalization": {
				"Position": {
					"Minimum": -10,
					"Default": 0,
					"Maximum": 10
				},
				"Angle": {
					"Minimum": -10,
					"Default": 0,
					"Maximum": 10
				}
			}
		},
		{
			"Id": "PhysicsSetting2",
			"Input": [
				{
					"Source": {
						"Target": "Parameter",
						"Id": "ParamEyeLOpen"
					},
					"Weight": 100,
					"Type": "X",
					"Reflect": false
				}
			],
			"Output": [
				{
					"Destination": {
						"Target": "Parameter",
						"Id": "Param2"
					},
					"VertexIndex": 1,
					"Scale": 10,
					"Weight": 100,
					"Type": "Angle",
					"Reflect": false
				}
			],
			"Vertices": [
				{
					"Position": {
						"X": 0,
						"Y": 0
					},
					"Mobility": 1,
					"Delay": 1,
					"Acceleration": 1,
					"Radius": 0
				},
				{
					"Position": {
						"X": 0,
						"Y": 5
					},
					"Mobility": 0.9,
					"Delay": 0.8,
					"Acceleration": 1.5,
					"Radius": 5
				}
			],
			"Normalization": {
				"Position": {
					"Minimum": -10,
					"Default": 0,
					"Maximum": 10
				},
				"Angle": {
					"Minimum": -10,
					"Default": 0,
					"Maximum": 10
				}
			}
		},
		{
			"Id": "PhysicsSetting3",
			"Input": [
				{
					"Source": {
						"Target": "Parameter",
						"Id": "ParamAngleX"
					},
					"Weight": 60,
					"Type": "X",
					"Reflect": false
				},
				{
					"Source": {
						"Target": "Parameter",
						"Id": "ParamAngleZ"
					},
					"Weight": 60,
					"Type": "Angle",
					"Reflect": false
				},
				{
					"Source": {
						"Target": "Parameter",
						"Id": "ParamBodyAngleX"
					},
					"Weight": 40,
					"Type": "X",
					"Reflect": false
				},
				{
					"Source": {
						"Target": "Parameter",
						"Id": "ParamBodyAngleZ"
					},
					"Weight": 40,
					"Type": "Angle",
					"Reflect": false
				}
			],
			"Output": [
				{
					"Destination": {
						"Target": "Parameter",
						"Id": "Param_Angle_Rotation_1_hair_back"
					},
					"VertexIndex": 1,
					"Scale": 1,
					"Weight": 100,
					"Type": "Angle",
					"Reflect": false
				},
				{
					"Destination": {
						"Target": "Parameter",
						"Id": "Param_Angle_Rotation_2_hair_back"
					},
					"VertexIndex": 2,
					"Scale": 10,
					"Weight": 100,
					"Type": "Angle",
					"Reflect": false
				},
				{
					"Destination": {
						"Target": "Parameter",
						"Id": "Param_Angle_Rotation_3_hair_back"
					},
					"VertexIndex": 3,
					"Scale": 10,
					"Weight": 100,
					"Type": "Angle",
					"Reflect": false
				},
				{
					"Destination": {
						"Target": "Parameter",
						"Id": "Param_Angle_Rotation_4_hair_back"
					},
					"VertexIndex": 4,
					"Scale": 10,
					"Weight": 100,
					"Type": "Angle",
					"Reflect": false
				},
				{
					"Destination": {
						"Target": "Parameter",
						"Id": "Param_Angle_Rotation_5_hair_back"
					},
					"VertexIndex": 5,
					"Scale": 10,
					"Weight": 100,
					"Type": "Angle",
					"Reflect": false
				}
			],
			"Vertices": [
				{
					"Position": {
						"X": 0,
						"Y": 0
					},
					"Mobility": 1,
					"Delay": 1,
					"Acceleration": 1,
					"Radius": 0
				},
				{
					"Position": {
						"X": 0,
						"Y": 10
					},
					"Mobility": 0.85,
					"Delay": 0.9,
					"Acceleration": 1,
					"Radius": 10
				},
				{
					"Position": {
						"X": 0,
						"Y": 20
					},
					"Mobility": 0.9,
					"Delay": 0.9,
					"Acceleration": 1,
					"Radius": 10
				},
				{
					"Position": {
						"X": 0,
						"Y": 28
					},
					"Mobility": 0.9,
					"Delay": 0.9,
					"Acceleration": 1,
					"Radius": 8
				},
				{
					"Position": {
						"X": 0,
						"Y": 36
					},
					"Mobility": 0.95,
					"Delay": 0.9,
					"Acceleration": 1,
					"Radius": 8
				},
				{
					"Position": {
						"X": 0,
						"Y": 44
					},
					"Mobility": 0.95,
					"Delay": 0.9,
					"Acceleration": 1,
					"Radius": 8
				},
				{
					"Position": {
						"X": 0,
						"Y": 52
					},
					"Mobility": 0.95,
					"Delay": 0.9,
					"Acceleration": 1,
					"Radius": 8
				},
				{
					"Position": {
						"X": 0,
						"Y": 60
					},
					"Mobility": 0.95,
					"Delay": 0.9,
					"Acceleration": 1,
					"Radius": 8
				}
			],
			"Normalization": {
				"Position": {
					"Minimum": -10,
					"Default": 0,
					"Maximum": 10
				},
				"Angle": {
					"Minimum": -10,
					"Default": 0,
					"Maximum": 10
				}
			}
		},
		{
			"Id": "PhysicsSetting4",
			"Input": [
				{
					"Source": {
						"Target": "Parameter",
						"Id": "ParamAngleX"
					},
					"Weight": 60,
					"Type": "X",
					"Reflect": false
				},
				{
					"Source": {
						"Target": "Parameter",
						"Id": "ParamAngleZ"
					},
					"Weight": 60,
					"Type": "Angle",
					"Reflect": false
				},
				{
					"Source": {
						"Target": "Parameter",
						"Id": "ParamBodyAngleX"
					},
					"Weight": 40,
					"Type": "X",
					"Reflect": false
				},
				{
					"Source": {
						"Target": "Parameter",
						"Id": "ParamBodyAngleZ"
					},
					"Weight": 40,
					"Type": "Angle",
					"Reflect": false
				}
			],
			"Output": [
				{
					"Destination": {
						"Target": "Parameter",
						"Id": "Param_Angle_Rotation_1_hair_right_mawei"
					},
					"VertexIndex": 1,
					"Scale": 1,
					"Weight": 100,
					"Type": "Angle",
					"Reflect": false
				},
				{
					"Destination": {
						"Target": "Parameter",
						"Id": "Param_Angle_Rotation_2_hair_right_mawei"
					},
					"VertexIndex": 2,
					"Scale": 10,
					"Weight": 100,
					"Type": "Angle",
					"Reflect": false
				},
				{
					"Destination": {
						"Target": "Parameter",
						"Id": "Param_Angle_Rotation_3_hair_right_mawei"
					},
					"VertexIndex": 3,
					"Scale": 10,
					"Weight": 100,
					"Type": "Angle",
					"Reflect": false
				},
				{
					"Destination": {
						"Target": "Parameter",
						"Id": "Param_Angle_Rotation_4_hair_right_mawei"
					},
					"VertexIndex": 4,
					"Scale": 10,
					"Weight": 100,
					"Type": "Angle",
					"Reflect": false
				},
				{
					"Destination": {
						"Target": "Parameter",
						"Id": "Param_Angle_Rotation_5_hair_right_mawei"
					},
					"VertexIndex": 5,
					"Scale": 10,
					"Weight": 100,
					"Type": "Angle",
					"Reflect": false
				},
				{
					"Destination": {
						"Target": "Parameter",
						"Id": "Param_Angle_Rotation_1_hair_left_mawei"
					},
					"VertexIndex": 1,
					"Scale": 1,
					"Weight": 100,
					"Type": "Angle",
					"Reflect": false
				},
				{
					"Destination": {
						"Target": "Parameter",
						"Id": "Param_Angle_Rotation_2_hair_left_mawei"
					},
					"VertexIndex": 2,
					"Scale": 10,
					"Weight": 100,
					"Type": "Angle",
					"Reflect": false
				},
				{
					"Destination": {
						"Target": "Parameter",
						"Id": "Param_Angle_Rotation_3_hair_left_mawei"
					},
					"VertexIndex": 3,
					"Scale": 10,
					"Weight": 100,
					"Type": "Angle",
					"Reflect": false
				},
				{
					"Destination": {
						"Target": "Parameter",
						"Id": "Param_Angle_Rotation_4_hair_left_mawei"
					},
					"VertexIndex": 4,
					"Scale": 10,
					"Weight": 100,
					"Type": "Angle",
					"Reflect": false
				},
				{
					"Destination": {
						"Target": "Parameter",
						"Id": "Param_Angle_Rotation_5_hair_left_mawei"
					},
					"VertexIndex": 5,
					"Scale": 10,
					"Weight": 100,
					"Type": "Angle",
					"Reflect": false
				}
			],
			"Vertices": [
				{
					"Position": {
						"X": 0,
						"Y": 0
					},
					"Mobility": 1,
					"Delay": 1,
					"Acceleration": 1,
					"Radius": 0
				},
				{
					"Position": {
						"X": 0,
						"Y": 10
					},
					"Mobility": 0.85,
					"Delay": 0.9,
					"Acceleration": 1,
					"Radius": 10
				},
				{
					"Position": {
						"X": 0,
						"Y": 20
					},
					"Mobility": 0.9,
					"Delay": 0.9,
					"Acceleration": 1,
					"Radius": 10
				},
				{
					"Position": {
						"X": 0,
						"Y": 28
					},
					"Mobility": 0.9,
					"Delay": 0.9,
					"Acceleration": 1,
					"Radius": 8
				},
				{
					"Position": {
						"X": 0,
						"Y": 36
					},
					"Mobility": 0.95,
					"Delay": 0.9,
					"Acceleration": 1,
					"Radius": 8
				},
				{
					"Position": {
						"X": 0,
						"Y": 44
					},
					"Mobility": 0.95,
					"Delay": 0.9,
					"Acceleration": 1,
					"Radius": 8
				},
				{
					"Position": {
						"X": 0,
						"Y": 52
					},
					"Mobility": 0.95,
					"Delay": 0.9,
					"Acceleration": 1,
					"Radius": 8
				},
				{
					"Position": {
						"X": 0,
						"Y": 60
					},
					"Mobility": 0.95,
					"Delay": 0.9,
					"Acceleration": 1,
					"Radius": 8
				}
			],
			"Normalization": {
				"Position": {
					"Minimum": -10,
					"Default": 0,
					"Maximum": 10
				},
				"Angle": {
					"Minimum": -10,
					"Default": 0,
					"Maximum": 10
				}
			}
		},
		{
			"Id": "PhysicsSetting5",
			"Input": [
				{
					"Source": {
						"Target": "Parameter",
						"Id": "ParamAngleX"
					},
					"Weight": 60,
					"Type": "X",
					"Reflect": false
				},
				{
					"Source": {
						"Target": "Parameter",
						"Id": "ParamAngleZ"
					},
					"Weight": 60,
					"Type": "Angle",
					"Reflect": false
				},
				{
					"Source": {
						"Target": "Parameter",
						"Id": "ParamBodyAngleX"
					},
					"Weight": 40,
					"Type": "X",
					"Reflect": false
				},
				{
					"Source": {
						"Target": "Parameter",
						"Id": "ParamBodyAngleZ"
					},
					"Weight": 40,
					"Type": "Angle",
					"Reflect": false
				}
			],
			"Output": [
				{
					"Destination": {
						"Target": "Parameter",
						"Id": "Param_Angle_Rotation_1_ArtMesh"
					},
					"VertexIndex": 1,
					"Scale": 1,
					"Weight": 100,
					"Type": "Angle",
					"Reflect": false
				},
				{
					"Destination": {
						"Target": "Parameter",
						"Id": "Param_Angle_Rotation_2_ArtMesh"
					},
					"VertexIndex": 2,
					"Scale": 5,
					"Weight": 100,
					"Type": "Angle",
					"Reflect": false
				},
				{
					"Destination": {
						"Target": "Parameter",
						"Id": "Param_Angle_Rotation_3_ArtMesh"
					},
					"VertexIndex": 3,
					"Scale": 5,
					"Weight": 100,
					"Type": "Angle",
					"Reflect": false
				},
				{
					"Destination": {
						"Target": "Parameter",
						"Id": "Param_Angle_Rotation_4_ArtMesh"
					},
					"VertexIndex": 4,
					"Scale": 5,
					"Weight": 100,
					"Type": "Angle",
					"Reflect": false
				},
				{
					"Destination": {
						"Target": "Parameter",
						"Id": "Param_Angle_Rotation_5_ArtMesh"
					},
					"VertexIndex": 5,
					"Scale": 5,
					"Weight": 100,
					"Type": "Angle",
					"Reflect": false
				},
				{
					"Destination": {
						"Target": "Parameter",
						"Id": "Param_Angle_Rotation_1_ArtMesh0"
					},
					"VertexIndex": 1,
					"Scale": 1,
					"Weight": 100,
					"Type": "Angle",
					"Reflect": false
				},
				{
					"Destination": {
						"Target": "Parameter",
						"Id": "Param_Angle_Rotation_2_ArtMesh0"
					},
					"VertexIndex": 2,
					"Scale": 5,
					"Weight": 100,
					"Type": "Angle",
					"Reflect": false
				},
				{
					"Destination": {
						"Target": "Parameter",
						"Id": "Param_Angle_Rotation_3_ArtMesh0"
					},
					"VertexIndex": 3,
					"Scale": 5,
					"Weight": 100,
					"Type": "Angle",
					"Reflect": false
				},
				{
					"Destination": {
						"Target": "Parameter",
						"Id": "Param_Angle_Rotation_4_ArtMesh0"
					},
					"VertexIndex": 4,
					"Scale": 5,
					"Weight": 100,
					"Type": "Angle",
					"Reflect": false
				},
				{
					"Destination": {
						"Target": "Parameter",
						"Id": "Param_Angle_Rotation_5_ArtMesh0"
					},
					"VertexIndex": 5,
					"Scale": 5,
					"Weight": 100,
					"Type": "Angle",
					"Reflect": false
				}
			],
			"Vertices": [
				{
					"Position": {
						"X": 0,
						"Y": 0
					},
					"Mobility": 1,
					"Delay": 1,
					"Acceleration": 1,
					"Radius": 0
				},
				{
					"Position": {
						"X": 0,
						"Y": 10
					},
					"Mobility": 0.85,
					"Delay": 0.9,
					"Acceleration": 1,
					"Radius": 10
				},
				{
					"Position": {
						"X": 0,
						"Y": 20
					},
					"Mobility": 0.9,
					"Delay": 0.9,
					"Acceleration": 1,
					"Radius": 10
				},
				{
					"Position": {
						"X": 0,
						"Y": 28
					},
					"Mobility": 0.9,
					"Delay": 0.9,
					"Acceleration": 1,
					"Radius": 8
				},
				{
					"Position": {
						"X": 0,
						"Y": 36
					},
					"Mobility": 0.95,
					"Delay": 0.9,
					"Acceleration": 1,
					"Radius": 8
				},
				{
					"Position": {
						"X": 0,
						"Y": 44
					},
					"Mobility": 0.95,
					"Delay": 0.9,
					"Acceleration": 1,
					"Radius": 8
				},
				{
					"Position": {
						"X": 0,
						"Y": 52
					},
					"Mobility": 0.95,
					"Delay": 0.9,
					"Acceleration": 1,
					"Radius": 8
				},
				{
					"Position": {
						"X": 0,
						"Y": 60
					},
					"Mobility": 0.95,
					"Delay": 0.9,
					"Acceleration": 1,
					"Radius": 8
				}
			],
			"Normalization": {
				"Position": {
					"Minimum": -10,
					"Default": 0,
					"Maximum": 10
				},
				"Angle": {
					"Minimum": -10,
					"Default": 0,
					"Maximum": 10
				}
			}
		},
		{
			"Id": "PhysicsSetting6",
			"Input": [
				{
					"Source": {
						"Target": "Parameter",
						"Id": "ParamAngleX"
					},
					"Weight": 60,
					"Type": "X",
					"Reflect": false
				},
				{
					"Source": {
						"Target": "Parameter",
						"Id": "ParamAngleZ"
					},
					"Weight": 60,
					"Type": "Angle",
					"Reflect": false
				},
				{
					"Source": {
						"Target": "Parameter",
						"Id": "ParamBodyAngleX"
					},
					"Weight": 40,
					"Type": "X",
					"Reflect": false
				},
				{
					"Source": {
						"Target": "Parameter",
						"Id": "ParamBodyAngleZ"
					},
					"Weight": 40,
					"Type": "Angle",
					"Reflect": false
				}
			],
			"Output": [
				{
					"Destination": {
						"Target": "Parameter",
						"Id": "Param6"
					},
					"VertexIndex": 4,
					"Scale": 20,
					"Weight": 100,
					"Type": "Angle",
					"Reflect": false
				}
			],
			"Vertices": [
				{
					"Position": {
						"X": 0,
						"Y": 0
					},
					"Mobility": 1,
					"Delay": 1,
					"Acceleration": 1,
					"Radius": 0
				},
				{
					"Position": {
						"X": 0,
						"Y": 10
					},
					"Mobility": 0.85,
					"Delay": 0.9,
					"Acceleration": 1,
					"Radius": 10
				},
				{
					"Position": {
						"X": 0,
						"Y": 20
					},
					"Mobility": 0.9,
					"Delay": 0.9,
					"Acceleration": 1,
					"Radius": 10
				},
				{
					"Position": {
						"X": 0,
						"Y": 28
					},
					"Mobility": 0.9,
					"Delay": 0.9,
					"Acceleration": 1,
					"Radius": 8
				},
				{
					"Position": {
						"X": 0,
						"Y": 36
					},
					"Mobility": 0.95,
					"Delay": 0.9,
					"Acceleration": 1,
					"Radius": 8
				},
				{
					"Position": {
						"X": 0,
						"Y": 44
					},
					"Mobility": 0.95,
					"Delay": 0.9,
					"Acceleration": 1,
					"Radius": 8
				},
				{
					"Position": {
						"X": 0,
						"Y": 52
					},
					"Mobility": 0.95,
					"Delay": 0.9,
					"Acceleration": 1,
					"Radius": 8
				},
				{
					"Position": {
						"X": 0,
						"Y": 60
					},
					"Mobility": 0.95,
					"Delay": 0.9,
					"Acceleration": 1,
					"Radius": 8
				}
			],
			"Normalization": {
				"Position": {
					"Minimum": -10,
					"Default": 0,
					"Maximum": 10
				},
				"Angle": {
					"Minimum": -10,
					"Default": 0,
					"Maximum": 10
				}
			}
		},
		{
			"Id": "PhysicsSetting7",
			"Input": [
				{
					"Source": {
						"Target": "Parameter",
						"Id": "ParamAngleX"
					},
					"Weight": 60,
					"Type": "X",
					"Reflect": false
				},
				{
					"Source": {
						"Target": "Parameter",
						"Id": "ParamAngleZ"
					},
					"Weight": 60,
					"Type": "Angle",
					"Reflect": false
				},
				{
					"Source": {
						"Target": "Parameter",
						"Id": "ParamBodyAngleX"
					},
					"Weight": 40,
					"Type": "X",
					"Reflect": false
				},
				{
					"Source": {
						"Target": "Parameter",
						"Id": "ParamBodyAngleZ"
					},
					"Weight": 40,
					"Type": "Angle",
					"Reflect": false
				}
			],
			"Output": [
				{
					"Destination": {
						"Target": "Parameter",
						"Id": "Param_Angle_Rotation_1_hdj_left"
					},
					"VertexIndex": 1,
					"Scale": 10,
					"Weight": 100,
					"Type": "Angle",
					"Reflect": false
				},
				{
					"Destination": {
						"Target": "Parameter",
						"Id": "Param_Angle_Rotation_2_hdj_left"
					},
					"VertexIndex": 2,
					"Scale": 10,
					"Weight": 100,
					"Type": "Angle",
					"Reflect": false
				},
				{
					"Destination": {
						"Target": "Parameter",
						"Id": "Param_Angle_Rotation_3_hdj_left"
					},
					"VertexIndex": 3,
					"Scale": 10,
					"Weight": 100,
					"Type": "Angle",
					"Reflect": false
				},
				{
					"Destination": {
						"Target": "Parameter",
						"Id": "Param_Angle_Rotation_1_hdj_right"
					},
					"VertexIndex": 1,
					"Scale": 10,
					"Weight": 100,
					"Type": "Angle",
					"Reflect": false
				},
				{
					"Destination": {
						"Target": "Parameter",
						"Id": "Param_Angle_Rotation_2_hdj_right"
					},
					"VertexIndex": 2,
					"Scale": 10,
					"Weight": 100,
					"Type": "Angle",
					"Reflect": false
				},
				{
					"Destination": {
						"Target": "Parameter",
						"Id": "Param_Angle_Rotation_3_hdj_right"
					},
					"VertexIndex": 3,
					"Scale": 10,
					"Weight": 100,
					"Type": "Angle",
					"Reflect": false
				}
			],
			"Vertices": [
				{
					"Position": {
						"X": 0,
						"Y": 0
					},
					"Mobility": 1,
					"Delay": 1,
					"Acceleration": 1,
					"Radius": 0
				},
				{
					"Position": {
						"X": 0,
						"Y": 10
					},
					"Mobility": 0.85,
					"Delay": 0.9,
					"Acceleration": 1,
					"Radius": 10
				},
				{
					"Position": {
						"X": 0,
						"Y": 20
					},
					"Mobility": 0.9,
					"Delay": 0.9,
					"Acceleration": 1,
					"Radius": 10
				},
				{
					"Position": {
						"X": 0,
						"Y": 28
					},
					"Mobility": 0.9,
					"Delay": 0.9,
					"Acceleration": 1,
					"Radius": 8
				}
			],
			"Normalization": {
				"Position": {
					"Minimum": -10,
					"Default": 0,
					"Maximum": 10
				},
				"Angle": {
					"Minimum": -10,
					"Default": 0,
					"Maximum": 10
				}
			}
		},
		{
			"Id": "PhysicsSetting8",
			"Input": [
				{
					"Source": {
						"Target": "Parameter",
						"Id": "ParamBodyAngleX"
					},
					"Weight": 70,
					"Type": "X",
					"Reflect": false
				},
				{
					"Source": {
						"Target": "Parameter",
						"Id": "ParamBodyAngleZ"
					},
					"Weight": 30,
					"Type": "X",
					"Reflect": false
				}
			],
			"Output": [
				{
					"Destination": {
						"Target": "Parameter",
						"Id": "Param10"
					},
					"VertexIndex": 1,
					"Scale": 40,
					"Weight": 100,
					"Type": "Angle",
					"Reflect": false
				},
				{
					"Destination": {
						"Target": "Parameter",
						"Id": "Param11"
					},
					"VertexIndex": 2,
					"Scale": 50,
					"Weight": 100,
					"Type": "Angle",
					"Reflect": false
				},
				{
					"Destination": {
						"Target": "Parameter",
						"Id": "Param9"
					},
					"VertexIndex": 2,
					"Scale": 30,
					"Weight": 100,
					"Type": "Angle",
					"Reflect": false
				}
			],
			"Vertices": [
				{
					"Position": {
						"X": 0,
						"Y": 0
					},
					"Mobility": 1,
					"Delay": 1,
					"Acceleration": 1,
					"Radius": 0
				},
				{
					"Position": {
						"X": 0,
						"Y": 10
					},
					"Mobility": 0.85,
					"Delay": 0.9,
					"Acceleration": 1,
					"Radius": 10
				},
				{
					"Position": {
						"X": 0,
						"Y": 20
					},
					"Mobility": 0.9,
					"Delay": 0.9,
					"Acceleration": 1,
					"Radius": 10
				}
			],
			"Normalization": {
				"Position": {
					"Minimum": -10,
					"Default": 0,
					"Maximum": 10
				},
				"Angle": {
					"Minimum": -10,
					"Default": 0,
					"Maximum": 10
				}
			}
		},
		{
			"Id": "PhysicsSetting9",
			"Input": [
				{
					"Source": {
						"Target": "Parameter",
						"Id": "ParamBodyAngleX"
					},
					"Weight": 100,
					"Type": "X",
					"Reflect": false
				},
				{
					"Source": {
						"Target": "Parameter",
						"Id": "ParamBodyAngleZ"
					},
					"Weight": 100,
					"Type": "Angle",
					"Reflect": false
				}
			],
			"Output": [
				{
					"Destination": {
						"Target": "Parameter",
						"Id": "Param_Angle_Rotation_1_dress_up"
					},
					"VertexIndex": 1,
					"Scale": 1,
					"Weight": 100,
					"Type": "Angle",
					"Reflect": false
				},
				{
					"Destination": {
						"Target": "Parameter",
						"Id": "Param_Angle_Rotation_2_dress_up"
					},
					"VertexIndex": 2,
					"Scale": 3,
					"Weight": 100,
					"Type": "Angle",
					"Reflect": false
				},
				{
					"Destination": {
						"Target": "Parameter",
						"Id": "Param_Angle_Rotation_3_dress_up"
					},
					"VertexIndex": 3,
					"Scale": 3,
					"Weight": 100,
					"Type": "Angle",
					"Reflect": false
				},
				{
					"Destination": {
						"Target": "Parameter",
						"Id": "Param_Angle_Rotation_4_dress_up"
					},
					"VertexIndex": 4,
					"Scale": 3,
					"Weight": 100,
					"Type": "Angle",
					"Reflect": false
				},
				{
					"Destination": {
						"Target": "Parameter",
						"Id": "Param_Angle_Rotation_5_dress_up"
					},
					"VertexIndex": 5,
					"Scale": 3,
					"Weight": 100,
					"Type": "Angle",
					"Reflect": false
				},
				{
					"Destination": {
						"Target": "Parameter",
						"Id": "Param_Angle_Rotation_1_dress_down"
					},
					"VertexIndex": 3,
					"Scale": 1,
					"Weight": 100,
					"Type": "Angle",
					"Reflect": false
				},
				{
					"Destination": {
						"Target": "Parameter",
						"Id": "Param_Angle_Rotation_2_dress_down"
					},
					"VertexIndex": 4,
					"Scale": 1,
					"Weight": 100,
					"Type": "Angle",
					"Reflect": false
				},
				{
					"Destination": {
						"Target": "Parameter",
						"Id": "Param_Angle_Rotation_3_dress_down"
					},
					"VertexIndex": 5,
					"Scale": 1,
					"Weight": 100,
					"Type": "Angle",
					"Reflect": false
				}
			],
			"Vertices": [
				{
					"Position": {
						"X": 0,
						"Y": 0
					},
					"Mobility": 1,
					"Delay": 1,
					"Acceleration": 1,
					"Radius": 0
				},
				{
					"Position": {
						"X": 0,
						"Y": 10
					},
					"Mobility": 0.85,
					"Delay": 0.9,
					"Acceleration": 1,
					"Radius": 10
				},
				{
					"Position": {
						"X": 0,
						"Y": 20
					},
					"Mobility": 0.9,
					"Delay": 0.9,
					"Acceleration": 1,
					"Radius": 10
				},
				{
					"Position": {
						"X": 0,
						"Y": 28
					},
					"Mobility": 0.9,
					"Delay": 0.9,
					"Acceleration": 1,
					"Radius": 8
				},
				{
					"Position": {
						"X": 0,
						"Y": 36
					},
					"Mobility": 0.95,
					"Delay": 0.9,
					"Acceleration": 1,
					"Radius": 8
				},
				{
					"Position": {
						"X": 0,
						"Y": 44
					},
					"Mobility": 0.95,
					"Delay": 0.9,
					"Acceleration": 1,
					"Radius": 8
				}
			],
			"Normalization": {
				"Position": {
					"Minimum": -10,
					"Default": 0,
					"Maximum": 10
				},
				"Angle": {
					"Minimum": -10,
					"Default": 0,
					"Maximum": 10
				}
			}
		},
		{
			"Id": "PhysicsSetting10",
			"Input": [
				{
					"Source": {
						"Target": "Parameter",
						"Id": "ParamAngleX"
					},
					"Weight": 60,
					"Type": "X",
					"Reflect": false
				},
				{
					"Source": {
						"Target": "Parameter",
						"Id": "ParamAngleZ"
					},
					"Weight": 60,
					"Type": "Angle",
					"Reflect": false
				},
				{
					"Source": {
						"Target": "Parameter",
						"Id": "ParamBodyAngleX"
					},
					"Weight": 40,
					"Type": "X",
					"Reflect": false
				},
				{
					"Source": {
						"Target": "Parameter",
						"Id": "ParamBodyAngleZ"
					},
					"Weight": 40,
					"Type": "Angle",
					"Reflect": false
				}
			],
			"Output": [
				{
					"Destination": {
						"Target": "Parameter",
						"Id": "Param7"
					},
					"VertexIndex": 1,
					"Scale": 20,
					"Weight": 100,
					"Type": "Angle",
					"Reflect": false
				},
				{
					"Destination": {
						"Target": "Parameter",
						"Id": "Param8"
					},
					"VertexIndex": 2,
					"Scale": 20,
					"Weight": 100,
					"Type": "Angle",
					"Reflect": false
				},
				{
					"Destination": {
						"Target": "Parameter",
						"Id": "Param_Angle_Rotation_1_hair_daimao"
					},
					"VertexIndex": 3,
					"Scale": 5,
					"Weight": 100,
					"Type": "Angle",
					"Reflect": false
				},
				{
					"Destination": {
						"Target": "Parameter",
						"Id": "Param_Angle_Rotation_2_hair_daimao"
					},
					"VertexIndex": 4,
					"Scale": 10,
					"Weight": 100,
					"Type": "Angle",
					"Reflect": false
				},
				{
					"Destination": {
						"Target": "Parameter",
						"Id": "Param_Angle_Rotation_3_hair_daimao"
					},
					"VertexIndex": 5,
					"Scale": 5,
					"Weight": 100,
					"Type": "Angle",
					"Reflect": false
				},
				{
					"Destination": {
						"Target": "Parameter",
						"Id": "Param_Angle_Rotation_4_hair_daimao"
					},
					"VertexIndex": 6,
					"Scale": 5,
					"Weight": 100,
					"Type": "Angle",
					"Reflect": false
				},
				{
					"Destination": {
						"Target": "Parameter",
						"Id": "Param_Angle_Rotation_5_hair_daimao"
					},
					"VertexIndex": 6,
					"Scale": 1,
					"Weight": 100,
					"Type": "Angle",
					"Reflect": false
				}
			],
			"Vertices": [
				{
					"Position": {
						"X": 0,
						"Y": 0
					},
					"Mobility": 1,
					"Delay": 1,
					"Acceleration": 1,
					"Radius": 0
				},
				{
					"Position": {
						"X": 0,
						"Y": 10
					},
					"Mobility": 0.85,
					"Delay": 0.9,
					"Acceleration": 1,
					"Radius": 10
				},
				{
					"Position": {
						"X": 0,
						"Y": 20
					},
					"Mobility": 0.9,
					"Delay": 0.9,
					"Acceleration": 1,
					"Radius": 10
				},
				{
					"Position": {
						"X": 0,
						"Y": 30
					},
					"Mobility": 0.95,
					"Delay": 1,
					"Acceleration": 1,
					"Radius": 10
				},
				{
					"Position": {
						"X": 0,
						"Y": 40
					},
					"Mobility": 0.95,
					"Delay": 1,
					"Acceleration": 1,
					"Radius": 10
				},
				{
					"Position": {
						"X": 0,
						"Y": 50
					},
					"Mobility": 0.95,
					"Delay": 1,
					"Acceleration": 1,
					"Radius": 10
				},
				{
					"Position": {
						"X": 0,
						"Y": 60
					},
					"Mobility": 0.95,
					"Delay": 1,
					"Acceleration": 1,
					"Radius": 10
				}
			],
			"Normalization": {
				"Position": {
					"Minimum": -10,
					"Default": 0,
					"Maximum": 10
				},
				"Angle": {
					"Minimum": -10,
					"Default": 0,
					"Maximum": 10
				}
			}
		}
	]
}