{"Version": 3, "Meta": {"Duration": 3.383, "Fps": 60.0, "Loop": true, "AreBeziersRestricted": true, "CurveCount": 61, "UserDataCount": 1, "TotalSegmentCount": 215, "TotalPointCount": 223, "TotalUserDataSize": 23}, "Curves": [{"Target": "Parameter", "Id": "ParamAngleX", "Segments": [0, 0, 0, 0.2, 0, 0, 0.783, 10, 0, 1.483, -10, 0, 2.1, 10, 0, 2.8, -10, 2, 3.383, -10]}, {"Target": "Parameter", "Id": "ParamAngleY", "Segments": [0, 0, 0, 0.233, 0, 1, 0.428, 0, 0.622, -5.918, 0.817, -8, 1, 1.05, -10.498, 1.284, -11.633, 1.517, -13, 1, 1.722, -14.204, 1.928, -15.272, 2.133, -16, 1, 2.366, -16.826, 2.6, -17.0, 2.833, -17, 2, 3.383, -17]}, {"Target": "Parameter", "Id": "ParamAngleZ", "Segments": [0, 0, 0, 0.267, 0, 0, 0.85, 7, 0, 1.55, -6, 0, 2.167, 7, 0, 2.867, -6, 2, 3.383, -6]}, {"Target": "Parameter", "Id": "ParamEyeROpen", "Segments": [0, 1, 0, 0.35, 1, 0, 0.75, 0, 0, 1.117, 1, 2, 1.667, 1, 0, 2.033, 0, 0, 2.45, 1, 2, 3.383, 1]}, {"Target": "Parameter", "Id": "ParamEyeLOpen", "Segments": [0, 1, 0, 0.35, 1, 0, 0.75, 0, 0, 1.117, 1, 2, 1.667, 1, 0, 2.033, 0, 0, 2.45, 1, 2, 3.383, 1]}, {"Target": "Parameter", "Id": "ParamEyeballX", "Segments": [0, 0, 0, 0.783, -0.3, 0, 1.433, 0, 0, 2.05, -0.2, 0, 2.75, 0.1, 2, 3.383, 0.1]}, {"Target": "Parameter", "Id": "ParamBodyAngleX", "Segments": [0, 0, 0, 0.1, 0, 0, 0.683, 4, 0, 1.333, -4, 0, 1.95, 4, 0, 2.65, 0, 2, 3.383, 0]}, {"Target": "Parameter", "Id": "ParamBodyAngleY", "Segments": [0, 0, 0, 0.683, 3, 0, 1.333, -1, 0, 1.95, 2, 0, 2.55, 0, 2, 3.383, 0]}, {"Target": "Parameter", "Id": "ParamUpperBodyZ", "Segments": [0, -6, 0, 0.583, -5, 0, 1.233, -8, 0, 1.85, -5, 0, 2.55, -6, 2, 3.383, -6]}, {"Target": "Parameter", "Id": "ParamBreath", "Segments": [0, 0, 0, 0.683, 0.5, 0, 1.333, 0, 0, 1.95, 0.5, 0, 2.55, 0, 2, 3.383, 0]}, {"Target": "Parameter", "Id": "ParamShoulderR", "Segments": [0, 4, 0, 0.65, 7, 0, 1.3, 4, 0, 1.917, 6, 0, 2.617, 4, 2, 3.383, 4]}, {"Target": "Parameter", "Id": "ParamArmR2", "Segments": [0, 43, 0, 0.067, 43, 0, 0.65, 42, 0, 1.3, 43, 0, 1.917, 42, 0, 2.617, 43, 2, 3.383, 43]}, {"Target": "Parameter", "Id": "ParamArmR3", "Segments": [0, -29, 0, 0.117, -29, 0, 0.7, -40, 0, 1.35, -29, 0, 1.967, -40, 0, 2.667, -29, 2, 3.383, -29]}, {"Target": "Parameter", "Id": "ParamArmR4", "Segments": [0, 22, 0, 0.65, 26, 0, 1.3, 22, 0, 1.917, 26, 0, 2.617, 22, 2, 3.383, 22]}, {"Target": "Parameter", "Id": "ParamArmR8", "Segments": [0, -24, 0, 0.8, -29, 2, 3.383, -29]}, {"Target": "Parameter", "Id": "ParamFingerR", "Segments": [0, 0, 0, 0.633, -10, 0, 1.317, 10, 0, 1.967, -10, 0, 2.65, 10, 2, 3.383, 10]}, {"Target": "Parameter", "Id": "ParamShoulderL", "Segments": [0, 2, 0, 0.633, 4, 0, 1.283, 2, 0, 1.9, 4, 0, 2.6, 2, 2, 3.383, 2]}, {"Target": "Parameter", "Id": "ParamArmL2", "Segments": [0, 44, 0, 0.1, 44, 0, 0.683, 43, 0, 1.333, 44, 0, 1.95, 43, 0, 2.65, 44, 2, 3.383, 44]}, {"Target": "Parameter", "Id": "ParamArmL3", "Segments": [0, -31, 0, 0.15, -31, 0, 0.733, -40, 0, 1.383, -31, 0, 2, -40, 0, 2.7, -31, 2, 3.383, -31]}, {"Target": "Parameter", "Id": "ParamArmL4", "Segments": [0, 17, 0, 0.683, 21, 0, 1.333, 17, 2, 2.65, 17, 2, 3.383, 17]}, {"Target": "Parameter", "Id": "ParamArmL8", "Segments": [0, -25, 0, 0.65, -34, 2, 3.383, -34]}, {"Target": "Parameter", "Id": "ParamFingerL", "Segments": [0, 0, 0, 0.633, -10, 0, 1.317, 10, 0, 2, -10, 0, 2.683, 10, 2, 3.383, 10]}, {"Target": "Parameter", "Id": "ParamPositionX", "Segments": [0, -1, 0, 3.383, -1]}, {"Target": "Parameter", "Id": "ParamPositionY", "Segments": [0, 0, 0, 3.383, 0]}, {"Target": "Parameter", "Id": "ParamRotationZ", "Segments": [0, 0, 0, 3.383, 0]}, {"Target": "Parameter", "Id": "ParamBodyAngleZ", "Segments": [0, 4, 0, 3.383, 4]}, {"Target": "Parameter", "Id": "ParamUpperBody", "Segments": [0, 1, 0, 3.383, 1]}, {"Target": "Parameter", "Id": "ParamLegLZ", "Segments": [0, 1, 0, 3.383, 1]}, {"Target": "Parameter", "Id": "ParamLegRZ", "Segments": [0, -4, 0, 3.383, -4]}, {"Target": "Parameter", "Id": "ParamArmR1", "Segments": [0, -33, 0, 3.383, -33]}, {"Target": "Parameter", "Id": "ParamArmR5", "Segments": [0, 8, 0, 3.383, 8]}, {"Target": "Parameter", "Id": "ParamArmR6", "Segments": [0, 1, 0, 3.383, 1]}, {"Target": "Parameter", "Id": "ParamArmR7", "Segments": [0, 0, 0, 3.383, 0]}, {"Target": "Parameter", "Id": "ParamArmR9", "Segments": [0, 0.7, 0, 3.383, 0.7]}, {"Target": "Parameter", "Id": "ParamHandRA", "Segments": [0, 0, 0, 3.383, 0]}, {"Target": "Parameter", "Id": "ParamHandRB", "Segments": [0, 0, 0, 3.383, 0]}, {"Target": "Parameter", "Id": "ParamHandRC", "Segments": [0, 0, 0, 3.383, 0]}, {"Target": "Parameter", "Id": "ParamHandRD", "Segments": [0, 1, 0, 3.383, 1]}, {"Target": "Parameter", "Id": "ParamHandRE", "Segments": [0, 0, 0, 3.383, 0]}, {"Target": "Parameter", "Id": "ParamHandRF", "Segments": [0, 0, 0, 3.383, 0]}, {"Target": "Parameter", "Id": "ParamHandRG", "Segments": [0, 0, 0, 3.383, 0]}, {"Target": "Parameter", "Id": "ParamHandRH", "Segments": [0, 0, 0, 3.383, 0]}, {"Target": "Parameter", "Id": "ParamHandRI", "Segments": [0, 0, 0, 3.383, 0]}, {"Target": "Parameter", "Id": "ParamHandRJ", "Segments": [0, 0, 0, 3.383, 0]}, {"Target": "Parameter", "Id": "ParamHandRK", "Segments": [0, 0, 0, 3.383, 0]}, {"Target": "Parameter", "Id": "ParamArmL1", "Segments": [0, -39, 0, 3.383, -39]}, {"Target": "Parameter", "Id": "ParamArmL5", "Segments": [0, 8, 0, 3.383, 8]}, {"Target": "Parameter", "Id": "ParamArmL6", "Segments": [0, 1, 0, 3.383, 1]}, {"Target": "Parameter", "Id": "ParamArmL7", "Segments": [0, 0, 0, 3.383, 0]}, {"Target": "Parameter", "Id": "ParamArmL9", "Segments": [0, 0.7, 0, 3.383, 0.7]}, {"Target": "Parameter", "Id": "ParamHandLA", "Segments": [0, 0, 0, 3.383, 0]}, {"Target": "Parameter", "Id": "ParamHandLB", "Segments": [0, 0, 0, 3.383, 0]}, {"Target": "Parameter", "Id": "ParamHandLC", "Segments": [0, 0, 0, 3.383, 0]}, {"Target": "Parameter", "Id": "ParamHandLD", "Segments": [0, 1, 0, 3.383, 1]}, {"Target": "Parameter", "Id": "ParamHandLE", "Segments": [0, 0, 0, 3.383, 0]}, {"Target": "Parameter", "Id": "ParamHandLF", "Segments": [0, 0, 0, 3.383, 0]}, {"Target": "Parameter", "Id": "ParamHandLG", "Segments": [0, 0, 0, 3.383, 0]}, {"Target": "Parameter", "Id": "ParamHandLH", "Segments": [0, 0, 0, 3.383, 0]}, {"Target": "Parameter", "Id": "ParamHandLI", "Segments": [0, 0, 0, 3.383, 0]}, {"Target": "Parameter", "Id": "ParamHandLJ", "Segments": [0, 0, 0, 3.383, 0]}, {"Target": "Parameter", "Id": "ParamHandLK", "Segments": [0, 0, 0, 3.383, 0]}], "UserData": [{"Time": 0.233, "Value": "eyeblink,0.20,0.57,0.20"}]}