{"Version": 3, "Meta": {"Duration": 1.9, "Fps": 60.0, "Loop": true, "AreBeziersRestricted": true, "CurveCount": 69, "UserDataCount": 1, "TotalSegmentCount": 190, "TotalPointCount": 204, "TotalUserDataSize": 22}, "Curves": [{"Target": "Parameter", "Id": "ParamPositionY", "Segments": [0, 0, 0, 0.433, 1, 0, 0.85, -1, 0, 1.333, 0, 2, 1.9, 0]}, {"Target": "Parameter", "Id": "ParamAngleY", "Segments": [0, 0, 0, 0.083, 0, 0, 0.467, 22, 1, 0.506, 22, 0.544, 21.2, 0.583, 14, 1, 0.7, -7.6, 0.816, -23.0, 0.933, -23, 0, 1.35, 0, 2, 1.9, 0]}, {"Target": "Parameter", "Id": "ParamAngleZ", "Segments": [0, -14, 0, 0.083, -14, 1, 0.211, -14, 0.339, -10.226, 0.467, -8, 1, 0.622, -5.29, 0.778, -5.0, 0.933, -5, 2, 1.9, -5]}, {"Target": "Parameter", "Id": "ParamEyeROpen", "Segments": [0, 1, 0, 0.667, 1, 0, 0.867, 0, 0, 1.1, 1, 2, 1.9, 1]}, {"Target": "Parameter", "Id": "ParamEyeLOpen", "Segments": [0, 1, 0, 0.667, 1, 0, 0.867, 0, 0, 1.1, 1, 2, 1.9, 1]}, {"Target": "Parameter", "Id": "ParamBodyAngleX", "Segments": [0, -3, 0, 0.383, 4, 0, 0.85, -3, 0, 1.25, -1, 2, 1.9, -1]}, {"Target": "Parameter", "Id": "ParamBodyAngleY", "Segments": [0, 0, 0, 0.383, 3, 1, 0.422, 3.621, 0.461, 4.0, 0.5, 4, 0, 0.85, -2, 0, 1.25, 0, 2, 1.9, 0]}, {"Target": "Parameter", "Id": "ParamBodyAngleZ", "Segments": [0, -3, 0, 0.383, -2, 0, 0.85, -3, 2, 1.9, -3]}, {"Target": "Parameter", "Id": "ParamUpperBodyZ", "Segments": [0, 7, 0, 0.383, 3, 0, 0.85, 6, 2, 1.9, 6]}, {"Target": "Parameter", "Id": "ParamShoulderR", "Segments": [0, 2, 0, 0.433, 10, 1, 0.589, 10, 0.744, 4.271, 0.9, 3, 1, 1.044, 1.82, 1.189, 2.0, 1.333, 2, 2, 1.9, 2]}, {"Target": "Parameter", "Id": "ParamArmR3", "Segments": [0, -12, 0, 0.433, -7, 0, 0.9, -17, 0, 1.333, -12, 2, 1.9, -12]}, {"Target": "Parameter", "Id": "ParamArmR4", "Segments": [0, 4, 0, 0.433, 4, 0, 0.9, 2, 0, 1.333, 4, 2, 1.9, 4]}, {"Target": "Parameter", "Id": "ParamFingerR", "Segments": [0, 0, 0, 0.45, 6, 0, 1, -4, 0, 1.4, 0, 2, 1.9, 0]}, {"Target": "Parameter", "Id": "ParamShoulderL", "Segments": [0, 4, 0, 0.433, 7, 0, 0.9, 3, 0, 1.333, 4, 2, 1.9, 4]}, {"Target": "Parameter", "Id": "ParamArmL3", "Segments": [0, 23, 0, 0.433, 30, 0, 0.9, 21, 0, 1.333, 23, 2, 1.9, 23]}, {"Target": "Parameter", "Id": "ParamArmL4", "Segments": [0, 5, 0, 0.433, 7, 0, 0.9, 4, 0, 1.333, 5, 2, 1.9, 5]}, {"Target": "Parameter", "Id": "ParamFingerL", "Segments": [0, 0, 0, 0.483, 8, 0, 0.95, -3, 0, 1.4, 0, 2, 1.9, 0]}, {"Target": "Parameter", "Id": "ParamPositionX", "Segments": [0, 0, 0, 1.9, 0]}, {"Target": "Parameter", "Id": "ParamRotationZ", "Segments": [0, 0, 0, 1.9, 0]}, {"Target": "Parameter", "Id": "ParamAngleX", "Segments": [0, 0, 0, 1.9, 0]}, {"Target": "Parameter", "Id": "ParamBrowRX", "Segments": [0, 0, 0, 1.9, 0]}, {"Target": "Parameter", "Id": "ParamBrowRY", "Segments": [0, 0, 0, 1.9, 0]}, {"Target": "Parameter", "Id": "ParamBrowRAngle", "Segments": [0, 0, 0, 1.9, 0]}, {"Target": "Parameter", "Id": "ParamBrowRForm", "Segments": [0, 0, 0, 1.9, 0]}, {"Target": "Parameter", "Id": "ParamBrowLX", "Segments": [0, 0, 0, 1.9, 0]}, {"Target": "Parameter", "Id": "ParamBrowLY", "Segments": [0, 0, 0, 1.9, 0]}, {"Target": "Parameter", "Id": "ParamBrowLAngle", "Segments": [0, 0, 0, 1.9, 0]}, {"Target": "Parameter", "Id": "ParamBrowLForm", "Segments": [0, 0, 0, 1.9, 0]}, {"Target": "Parameter", "Id": "ParamEyeballX", "Segments": [0, 0, 0, 1.9, 0]}, {"Target": "Parameter", "Id": "ParamUpperBody", "Segments": [0, 0, 0, 1.9, 0]}, {"Target": "Parameter", "Id": "ParamBreath", "Segments": [0, 0, 0, 1.9, 0]}, {"Target": "Parameter", "Id": "ParamLegLZ", "Segments": [0, 0, 0, 1.9, 0]}, {"Target": "Parameter", "Id": "ParamLegRZ", "Segments": [0, 2, 0, 1.9, 2]}, {"Target": "Parameter", "Id": "ParamArmR1", "Segments": [0, -40, 0, 1.9, -40]}, {"Target": "Parameter", "Id": "ParamArmR2", "Segments": [0, 28, 0, 1.9, 28]}, {"Target": "Parameter", "Id": "ParamArmR5", "Segments": [0, 4, 0, 1.9, 4]}, {"Target": "Parameter", "Id": "ParamArmR6", "Segments": [0, 1.1, 0, 1.9, 1.1]}, {"Target": "Parameter", "Id": "ParamArmR7", "Segments": [0, -4, 0, 1.9, -4]}, {"Target": "Parameter", "Id": "ParamArmR8", "Segments": [0, -15, 0, 1.9, -15]}, {"Target": "Parameter", "Id": "ParamArmR9", "Segments": [0, 0.8, 0, 1.9, 0.8]}, {"Target": "Parameter", "Id": "ParamHandRA", "Segments": [0, 0, 0, 1.9, 0]}, {"Target": "Parameter", "Id": "ParamHandRB", "Segments": [0, 0, 0, 1.9, 0]}, {"Target": "Parameter", "Id": "ParamHandRC", "Segments": [0, 0, 0, 1.9, 0]}, {"Target": "Parameter", "Id": "ParamHandRD", "Segments": [0, 1, 0, 1.9, 1]}, {"Target": "Parameter", "Id": "ParamHandRE", "Segments": [0, 0, 0, 1.9, 0]}, {"Target": "Parameter", "Id": "ParamHandRF", "Segments": [0, 0, 0, 1.9, 0]}, {"Target": "Parameter", "Id": "ParamHandRG", "Segments": [0, 0, 0, 1.9, 0]}, {"Target": "Parameter", "Id": "ParamHandRH", "Segments": [0, 0, 0, 1.9, 0]}, {"Target": "Parameter", "Id": "ParamHandRI", "Segments": [0, 0, 0, 1.9, 0]}, {"Target": "Parameter", "Id": "ParamHandRJ", "Segments": [0, 0, 0, 1.9, 0]}, {"Target": "Parameter", "Id": "ParamHandRK", "Segments": [0, 0, 0, 1.9, 0]}, {"Target": "Parameter", "Id": "ParamArmL1", "Segments": [0, -40, 0, 1.9, -40]}, {"Target": "Parameter", "Id": "ParamArmL2", "Segments": [0, 27, 0, 1.9, 27]}, {"Target": "Parameter", "Id": "ParamArmL5", "Segments": [0, 3, 0, 1.9, 3]}, {"Target": "Parameter", "Id": "ParamArmL6", "Segments": [0, 1, 0, 1.9, 1]}, {"Target": "Parameter", "Id": "ParamArmL7", "Segments": [0, -7, 0, 1.9, -7]}, {"Target": "Parameter", "Id": "ParamArmL8", "Segments": [0, 17, 0, 1.9, 17]}, {"Target": "Parameter", "Id": "ParamArmL9", "Segments": [0, 0.9, 0, 1.9, 0.9]}, {"Target": "Parameter", "Id": "ParamHandLA", "Segments": [0, 0, 0, 1.9, 0]}, {"Target": "Parameter", "Id": "ParamHandLB", "Segments": [0, 0, 0, 1.9, 0]}, {"Target": "Parameter", "Id": "ParamHandLC", "Segments": [0, 0, 0, 1.9, 0]}, {"Target": "Parameter", "Id": "ParamHandLD", "Segments": [0, 1, 0, 1.9, 1]}, {"Target": "Parameter", "Id": "ParamHandLE", "Segments": [0, 0, 0, 1.9, 0]}, {"Target": "Parameter", "Id": "ParamHandLF", "Segments": [0, 0, 0, 1.9, 0]}, {"Target": "Parameter", "Id": "ParamHandLG", "Segments": [0, 0, 0, 1.9, 0]}, {"Target": "Parameter", "Id": "ParamHandLH", "Segments": [0, 0, 0, 1.9, 0]}, {"Target": "Parameter", "Id": "ParamHandLI", "Segments": [0, 0, 0, 1.9, 0]}, {"Target": "Parameter", "Id": "ParamHandLJ", "Segments": [0, 0, 0, 1.9, 0]}, {"Target": "Parameter", "Id": "ParamHandLK", "Segments": [0, 0, 0, 1.9, 0]}], "UserData": [{"Time": 0.183, "Value": "eyeblink,0.2,0.79,0.24"}]}