{"Version": 3, "Meta": {"Duration": 1.85, "Fps": 60.0, "Loop": true, "AreBeziersRestricted": true, "CurveCount": 61, "UserDataCount": 1, "TotalSegmentCount": 186, "TotalPointCount": 190, "TotalUserDataSize": 23}, "Curves": [{"Target": "Parameter", "Id": "ParamAngleX", "Segments": [0, 0, 0, 0.083, 0, 0, 0.4, -3, 0, 0.867, 3, 0, 1.317, 0, 2, 1.85, 0]}, {"Target": "Parameter", "Id": "ParamAngleY", "Segments": [0, 0, 0, 0.083, 0, 0, 0.4, 13, 0, 0.867, -25, 0, 1.317, 0, 2, 1.85, 0]}, {"Target": "Parameter", "Id": "ParamAngleZ", "Segments": [0, 2, 0, 0.083, 2, 1, 0.189, 2, 0.294, -5.221, 0.4, -7, 1, 0.611, -10.557, 0.822, -11.0, 1.033, -11, 2, 1.85, -11]}, {"Target": "Parameter", "Id": "ParamEyeROpen", "Segments": [0, 1, 0, 0.517, 1, 0, 0.783, 0, 0, 1.233, 1, 2, 1.85, 1]}, {"Target": "Parameter", "Id": "ParamEyeLOpen", "Segments": [0, 1, 0, 0.517, 1, 0, 0.783, 0, 0, 1.233, 1, 2, 1.85, 1]}, {"Target": "Parameter", "Id": "ParamBodyAngleX", "Segments": [0, 0, 0, 0.317, -4, 0, 0.783, 3, 0, 1.233, 0, 2, 1.85, 0]}, {"Target": "Parameter", "Id": "ParamBodyAngleY", "Segments": [0, 0, 0, 0.317, 4, 0, 0.783, -3, 0, 1.233, 0, 2, 1.85, 0]}, {"Target": "Parameter", "Id": "ParamUpperBody", "Segments": [0, 0, 0, 0.317, 2, 0, 0.783, -2, 0, 1.233, 0, 2, 1.85, 0]}, {"Target": "Parameter", "Id": "ParamShoulderR", "Segments": [0, 0, 0, 0.317, 6, 0, 0.783, -1, 0, 1.233, 0, 2, 1.85, 0]}, {"Target": "Parameter", "Id": "ParamArmR1", "Segments": [0, -42, 0, 0.317, -39, 0, 0.783, -45, 0, 1.233, -42, 2, 1.85, -42]}, {"Target": "Parameter", "Id": "ParamArmR2", "Segments": [0, -1, 0, 0.05, -1, 0, 0.367, -3, 0, 1.283, -1, 2, 1.85, -1]}, {"Target": "Parameter", "Id": "ParamArmR3", "Segments": [0, -5, 0, 0.1, -5, 0, 0.417, -23, 0, 0.883, 5, 0, 1.333, -5, 2, 1.85, -5]}, {"Target": "Parameter", "Id": "ParamArmR8", "Segments": [0, -5, 0, 0.4, -32, 0, 0.817, 6, 0, 1.333, -5, 2, 1.85, -5]}, {"Target": "Parameter", "Id": "ParamFingerR", "Segments": [0, 0, 0, 0.417, 6, 0, 0.9, -5, 0, 1.417, 0, 2, 1.85, 0]}, {"Target": "Parameter", "Id": "ParamShoulderL", "Segments": [0, 0, 0, 0.317, 9, 0, 0.783, -1, 0, 1.233, 0, 2, 1.85, 0]}, {"Target": "Parameter", "Id": "ParamArmL1", "Segments": [0, -35, 0, 0.317, -34, 0, 0.783, -39, 0, 1.233, -35, 2, 1.85, -35]}, {"Target": "Parameter", "Id": "ParamArmL2", "Segments": [0, -1, 0, 0.05, -1, 0, 0.367, -3, 0, 1.283, -1, 2, 1.85, -1]}, {"Target": "Parameter", "Id": "ParamArmL3", "Segments": [0, -7, 0, 0.1, -7, 0, 0.417, -17, 0, 0.883, 1, 0, 1.333, -7, 2, 1.85, -7]}, {"Target": "Parameter", "Id": "ParamArmL8", "Segments": [0, -11, 0, 0.417, -19, 0, 0.867, -1, 0, 1.467, -9, 2, 1.85, -9]}, {"Target": "Parameter", "Id": "ParamFingerL", "Segments": [0, 0, 0, 0.433, 7, 0, 0.917, -4, 0, 1.483, 0, 2, 1.85, 0]}, {"Target": "Parameter", "Id": "ParamPositionX", "Segments": [0, 1, 0, 1.85, 1]}, {"Target": "Parameter", "Id": "ParamPositionY", "Segments": [0, 0, 0, 1.85, 0]}, {"Target": "Parameter", "Id": "ParamRotationZ", "Segments": [0, 0, 0, 1.85, 0]}, {"Target": "Parameter", "Id": "ParamEyeballX", "Segments": [0, 0, 0, 1.85, 0]}, {"Target": "Parameter", "Id": "ParamBodyAngleZ", "Segments": [0, -5, 0, 1.85, -5]}, {"Target": "Parameter", "Id": "ParamUpperBodyZ", "Segments": [0, 7, 0, 1.85, 7]}, {"Target": "Parameter", "Id": "ParamBreath", "Segments": [0, 0, 0, 1.85, 0]}, {"Target": "Parameter", "Id": "ParamLegLZ", "Segments": [0, 2, 0, 1.85, 2]}, {"Target": "Parameter", "Id": "ParamLegRZ", "Segments": [0, 5, 0, 1.85, 5]}, {"Target": "Parameter", "Id": "ParamArmR4", "Segments": [0, 0, 0, 1.85, 0]}, {"Target": "Parameter", "Id": "ParamArmR5", "Segments": [0, 0, 0, 1.85, 0]}, {"Target": "Parameter", "Id": "ParamArmR6", "Segments": [0, 1, 0, 1.85, 1]}, {"Target": "Parameter", "Id": "ParamArmR7", "Segments": [0, 0, 0, 1.85, 0]}, {"Target": "Parameter", "Id": "ParamArmR9", "Segments": [0, -0.8, 0, 1.85, -0.8]}, {"Target": "Parameter", "Id": "ParamHandRA", "Segments": [0, 1, 0, 1.85, 1]}, {"Target": "Parameter", "Id": "ParamHandRB", "Segments": [0, 0, 0, 1.85, 0]}, {"Target": "Parameter", "Id": "ParamHandRC", "Segments": [0, 0, 0, 1.85, 0]}, {"Target": "Parameter", "Id": "ParamHandRD", "Segments": [0, 0, 0, 1.85, 0]}, {"Target": "Parameter", "Id": "ParamHandRE", "Segments": [0, 0, 0, 1.85, 0]}, {"Target": "Parameter", "Id": "ParamHandRF", "Segments": [0, 0, 0, 1.85, 0]}, {"Target": "Parameter", "Id": "ParamHandRG", "Segments": [0, 0, 0, 1.85, 0]}, {"Target": "Parameter", "Id": "ParamHandRH", "Segments": [0, 0, 0, 1.85, 0]}, {"Target": "Parameter", "Id": "ParamHandRI", "Segments": [0, 0, 0, 1.85, 0]}, {"Target": "Parameter", "Id": "ParamHandRJ", "Segments": [0, 0, 0, 1.85, 0]}, {"Target": "Parameter", "Id": "ParamHandRK", "Segments": [0, 0, 0, 1.85, 0]}, {"Target": "Parameter", "Id": "ParamArmL4", "Segments": [0, 0, 0, 1.85, 0]}, {"Target": "Parameter", "Id": "ParamArmL5", "Segments": [0, 0, 0, 1.85, 0]}, {"Target": "Parameter", "Id": "ParamArmL6", "Segments": [0, 1, 0, 1.85, 1]}, {"Target": "Parameter", "Id": "ParamArmL7", "Segments": [0, 0, 0, 1.85, 0]}, {"Target": "Parameter", "Id": "ParamArmL9", "Segments": [0, -0.8, 0, 1.85, -0.8]}, {"Target": "Parameter", "Id": "ParamHandLA", "Segments": [0, 1, 0, 1.85, 1]}, {"Target": "Parameter", "Id": "ParamHandLB", "Segments": [0, 0, 0, 1.85, 0]}, {"Target": "Parameter", "Id": "ParamHandLC", "Segments": [0, 0, 0, 1.85, 0]}, {"Target": "Parameter", "Id": "ParamHandLD", "Segments": [0, 0, 0, 1.85, 0]}, {"Target": "Parameter", "Id": "ParamHandLE", "Segments": [0, 0, 0, 1.85, 0]}, {"Target": "Parameter", "Id": "ParamHandLF", "Segments": [0, 0, 0, 1.85, 0]}, {"Target": "Parameter", "Id": "ParamHandLG", "Segments": [0, 0, 0, 1.85, 0]}, {"Target": "Parameter", "Id": "ParamHandLH", "Segments": [0, 0, 0, 1.85, 0]}, {"Target": "Parameter", "Id": "ParamHandLI", "Segments": [0, 0, 0, 1.85, 0]}, {"Target": "Parameter", "Id": "ParamHandLJ", "Segments": [0, 0, 0, 1.85, 0]}, {"Target": "Parameter", "Id": "ParamHandLK", "Segments": [0, 0, 0, 1.85, 0]}], "UserData": [{"Time": 0.483, "Value": "eyeblink,0.20,0.48,0.20"}]}