{"Version": 3, "Meta": {"Duration": 2.933, "Fps": 60.0, "Loop": true, "AreBeziersRestricted": true, "CurveCount": 61, "UserDataCount": 1, "TotalSegmentCount": 173, "TotalPointCount": 173, "TotalUserDataSize": 23}, "Curves": [{"Target": "Parameter", "Id": "ParamPositionY", "Segments": [0, 0, 0, 0.333, 0, 0, 0.867, -2, 0, 1.567, 0, 2, 2.933, 0]}, {"Target": "Parameter", "Id": "ParamAngleX", "Segments": [0, -3, 0, 0.4, 2, 0, 0.933, -1, 0, 1.7, 0, 2, 2.933, 0]}, {"Target": "Parameter", "Id": "ParamAngleY", "Segments": [0, 0, 0, 0.333, 12, 0, 0.867, -19, 2, 1.133, -19, 0, 1.567, -3, 2, 2.933, -3]}, {"Target": "Parameter", "Id": "ParamAngleZ", "Segments": [0, -7, 0, 0.4, 0, 0, 0.967, -1, 2, 1.667, -1, 2, 2.933, -1]}, {"Target": "Parameter", "Id": "ParamEyeROpen", "Segments": [0, 1, 0, 0.433, 1, 0, 0.633, 0, 2, 1.067, 0, 0, 1.233, 1, 2, 2.933, 1]}, {"Target": "Parameter", "Id": "ParamEyeLOpen", "Segments": [0, 1, 0, 0.433, 1, 0, 0.633, 0, 2, 1.067, 0, 0, 1.233, 1, 2, 2.933, 1]}, {"Target": "Parameter", "Id": "ParamBodyAngleX", "Segments": [0, -2, 0, 0.467, 2, 0, 0.933, -3, 0, 1.7, -1, 2, 2.933, -1]}, {"Target": "Parameter", "Id": "ParamBodyAngleY", "Segments": [0, 0, 0, 0.367, 2, 0, 0.833, -5, 2, 1.133, -5, 0, 1.7, -1, 2, 2.933, -1]}, {"Target": "Parameter", "Id": "ParamBodyAngleZ", "Segments": [0, 2, 0, 0.467, 1, 2, 2.933, 1]}, {"Target": "Parameter", "Id": "ParamUpperBodyZ", "Segments": [0, 0, 0, 0.467, 2, 0, 1.2, 1, 2, 2.933, 1]}, {"Target": "Parameter", "Id": "ParamBreath", "Segments": [0, 0, 0, 0.533, 0.5, 0, 1.067, 0, 2, 2.933, 0]}, {"Target": "Parameter", "Id": "ParamArmR1", "Segments": [0, -44, 0, 0.333, -43, 0, 1.033, -50, 2, 2.933, -50]}, {"Target": "Parameter", "Id": "ParamArmR2", "Segments": [0, 6, 0, 0.333, 7, 0, 1.033, 4, 2, 2.933, 4]}, {"Target": "Parameter", "Id": "ParamArmR5", "Segments": [0, 5, 0, 0.367, 7, 0, 1.033, 2, 2, 2.933, 2]}, {"Target": "Parameter", "Id": "ParamFingerR", "Segments": [0, 0, 0, 0.483, 6, 0, 1.167, 0, 2, 2.933, 0]}, {"Target": "Parameter", "Id": "ParamArmL1", "Segments": [0, -43, 0, 0.333, -41, 0, 1.033, -46, 2, 2.933, -46]}, {"Target": "Parameter", "Id": "ParamArmL2", "Segments": [0, 7, 0, 0.333, 8, 0, 1.033, 5, 2, 2.933, 5]}, {"Target": "Parameter", "Id": "ParamArmL4", "Segments": [0, 10, 0, 1.033, 1, 2, 2.933, 1]}, {"Target": "Parameter", "Id": "ParamArmL5", "Segments": [0, 0, 0, 0.367, 4, 0, 1.033, 0, 2, 2.933, 0]}, {"Target": "Parameter", "Id": "ParamFingerL", "Segments": [0, 0, 0, 0.45, 7, 0, 1.117, -5, 0, 1.833, 0, 2, 2.933, 0]}, {"Target": "Parameter", "Id": "ParamPositionX", "Segments": [0, 0, 0, 2.933, 0]}, {"Target": "Parameter", "Id": "ParamRotationZ", "Segments": [0, 0, 0, 2.933, 0]}, {"Target": "Parameter", "Id": "ParamEyeballX", "Segments": [0, 0, 0, 2.933, 0]}, {"Target": "Parameter", "Id": "ParamUpperBody", "Segments": [0, 0, 0, 2.933, 0]}, {"Target": "Parameter", "Id": "ParamLegLZ", "Segments": [0, 2, 0, 2.933, 2]}, {"Target": "Parameter", "Id": "ParamLegRZ", "Segments": [0, -3, 0, 2.933, -3]}, {"Target": "Parameter", "Id": "ParamShoulderR", "Segments": [0, 1, 0, 2.933, 1]}, {"Target": "Parameter", "Id": "ParamArmR3", "Segments": [0, 16, 0, 2.933, 16]}, {"Target": "Parameter", "Id": "ParamArmR4", "Segments": [0, 8, 0, 2.933, 8]}, {"Target": "Parameter", "Id": "ParamArmR6", "Segments": [0, 1, 0, 2.933, 1]}, {"Target": "Parameter", "Id": "ParamArmR7", "Segments": [0, 0, 0, 2.933, 0]}, {"Target": "Parameter", "Id": "ParamArmR8", "Segments": [0, 0, 0, 2.933, 0]}, {"Target": "Parameter", "Id": "ParamArmR9", "Segments": [0, -0.2, 0, 2.933, -0.2]}, {"Target": "Parameter", "Id": "ParamHandRA", "Segments": [0, 0, 0, 2.933, 0]}, {"Target": "Parameter", "Id": "ParamHandRB", "Segments": [0, 0, 0, 2.933, 0]}, {"Target": "Parameter", "Id": "ParamHandRC", "Segments": [0, 0, 0, 2.933, 0]}, {"Target": "Parameter", "Id": "ParamHandRD", "Segments": [0, 1, 0, 2.933, 1]}, {"Target": "Parameter", "Id": "ParamHandRE", "Segments": [0, 0, 0, 2.933, 0]}, {"Target": "Parameter", "Id": "ParamHandRF", "Segments": [0, 0, 0, 2.933, 0]}, {"Target": "Parameter", "Id": "ParamHandRG", "Segments": [0, 0, 0, 2.933, 0]}, {"Target": "Parameter", "Id": "ParamHandRH", "Segments": [0, 0, 0, 2.933, 0]}, {"Target": "Parameter", "Id": "ParamHandRI", "Segments": [0, 0, 0, 2.933, 0]}, {"Target": "Parameter", "Id": "ParamHandRJ", "Segments": [0, 0, 0, 2.933, 0]}, {"Target": "Parameter", "Id": "ParamHandRK", "Segments": [0, 0, 0, 2.933, 0]}, {"Target": "Parameter", "Id": "ParamShoulderL", "Segments": [0, 0, 0, 2.933, 0]}, {"Target": "Parameter", "Id": "ParamArmL3", "Segments": [0, 23, 0, 2.933, 23]}, {"Target": "Parameter", "Id": "ParamArmL6", "Segments": [0, 1, 0, 2.933, 1]}, {"Target": "Parameter", "Id": "ParamArmL7", "Segments": [0, 5, 0, 2.933, 5]}, {"Target": "Parameter", "Id": "ParamArmL8", "Segments": [0, 9, 0, 2.933, 9]}, {"Target": "Parameter", "Id": "ParamArmL9", "Segments": [0, -0.2, 0, 2.933, -0.2]}, {"Target": "Parameter", "Id": "ParamHandLA", "Segments": [0, 0, 0, 2.933, 0]}, {"Target": "Parameter", "Id": "ParamHandLB", "Segments": [0, 0, 0, 2.933, 0]}, {"Target": "Parameter", "Id": "ParamHandLC", "Segments": [0, 0, 0, 2.933, 0]}, {"Target": "Parameter", "Id": "ParamHandLD", "Segments": [0, 0, 0, 2.933, 0]}, {"Target": "Parameter", "Id": "ParamHandLE", "Segments": [0, 0, 0, 2.933, 0]}, {"Target": "Parameter", "Id": "ParamHandLF", "Segments": [0, 0, 0, 2.933, 0]}, {"Target": "Parameter", "Id": "ParamHandLG", "Segments": [0, 1, 0, 2.933, 1]}, {"Target": "Parameter", "Id": "ParamHandLH", "Segments": [0, 0, 0, 2.933, 0]}, {"Target": "Parameter", "Id": "ParamHandLI", "Segments": [0, 0, 0, 2.933, 0]}, {"Target": "Parameter", "Id": "ParamHandLJ", "Segments": [0, 0, 0, 2.933, 0]}, {"Target": "Parameter", "Id": "ParamHandLK", "Segments": [0, 0, 0, 2.933, 0]}], "UserData": [{"Time": 0.433, "Value": "eyeblink,0.20,0.43,0.20"}]}