{"Version": 3, "Meta": {"Duration": 2.6, "Fps": 60.0, "Loop": true, "AreBeziersRestricted": true, "CurveCount": 61, "UserDataCount": 1, "TotalSegmentCount": 199, "TotalPointCount": 207, "TotalUserDataSize": 22}, "Curves": [{"Target": "Parameter", "Id": "ParamPositionY", "Segments": [0, 0, 0, 0.283, -1, 0, 0.75, 2, 0, 1.2, 0, 2, 2.6, 0]}, {"Target": "Parameter", "Id": "ParamAngleX", "Segments": [0, -1, 0, 0.25, 4, 0, 0.617, -3, 0, 1.15, -1, 2, 2.6, -1]}, {"Target": "Parameter", "Id": "ParamAngleY", "Segments": [0, -4, 0, 0.25, -20, 0, 0.617, 18, 0, 1.15, 11, 2, 2.6, 11]}, {"Target": "Parameter", "Id": "ParamAngleZ", "Segments": [0, -15, 0, 0.383, -13, 1, 0.533, -10.129, 0.683, 6.0, 0.833, 6, 0, 1.283, -1, 2, 2.6, -1]}, {"Target": "Parameter", "Id": "ParamEyeROpen", "Segments": [0, 1, 0, 0.15, 1, 0, 0.35, 0, 2, 0.583, 0, 0, 0.817, 1, 2, 2.6, 1]}, {"Target": "Parameter", "Id": "ParamEyeLOpen", "Segments": [0, 1, 0, 0.15, 1, 0, 0.35, 0, 2, 0.583, 0, 0, 0.817, 1, 2, 2.6, 1]}, {"Target": "Parameter", "Id": "ParamEyeballX", "Segments": [0, 0, 0, 1.133, 0.1, 2, 2.6, 0.1]}, {"Target": "Parameter", "Id": "ParamBodyAngleX", "Segments": [0, -2, 0, 0.317, -5, 0, 0.867, 0, 0, 1.333, -3, 2, 2.6, -3]}, {"Target": "Parameter", "Id": "ParamBodyAngleY", "Segments": [0, 0, 0, 0.317, -3, 0, 0.833, 4, 0, 1.3, 1, 2, 2.6, 1]}, {"Target": "Parameter", "Id": "ParamBodyAngleZ", "Segments": [0, -2, 0, 0.283, -3, 2, 2.6, -3]}, {"Target": "Parameter", "Id": "ParamUpperBody", "Segments": [0, 0, 0, 0.25, -4, 0, 0.767, 5, 0, 1.3, 1, 2, 2.6, 1]}, {"Target": "Parameter", "Id": "ParamLegLZ", "Segments": [0, -2, 0, 0.283, -3, 1, 0.444, -3, 0.606, -1.677, 0.767, -1, 1, 0.984, -0.09, 1.2, -0.0, 1.417, 0, 2, 2.6, 0]}, {"Target": "Parameter", "Id": "ParamLegRZ", "Segments": [0, 3, 0, 0.283, 0, 0, 0.767, 2, 0, 1.417, 1, 2, 2.6, 1]}, {"Target": "Parameter", "Id": "ParamShoulderR", "Segments": [0, 8, 0, 0.217, 1, 0, 0.783, 9, 2, 2.6, 9]}, {"Target": "Parameter", "Id": "ParamArmR1", "Segments": [0, -40, 0, 0.283, -32, 0, 0.817, -49, 0, 1.3, -48.5, 2, 2.6, -48.5]}, {"Target": "Parameter", "Id": "ParamArmR2", "Segments": [0, 42, 0, 0.383, 46, 0, 0.9, 40, 0, 1.383, 40.5, 2, 2.6, 40.5]}, {"Target": "Parameter", "Id": "ParamArmR3", "Segments": [0, 21, 0, 0.45, 35, 0, 0.983, 18, 0, 1.5, 20, 2, 2.6, 20]}, {"Target": "Parameter", "Id": "ParamArmR4", "Segments": [0, 12, 0, 0.25, 14, 1, 0.444, 20.03, 0.639, 30.0, 0.833, 30, 2, 2.6, 30]}, {"Target": "Parameter", "Id": "ParamArmR5", "Segments": [0, 6, 0, 0.25, 5, 0, 0.833, 8, 2, 2.6, 8]}, {"Target": "Parameter", "Id": "ParamArmR8", "Segments": [0, 11, 0, 0.417, 24, 0, 1.017, 4, 2, 2.6, 4]}, {"Target": "Parameter", "Id": "ParamFingerR", "Segments": [0, 0, 0, 0.417, 7, 0, 1.017, -5, 0, 1.7, 0, 2, 2.6, 0]}, {"Target": "Parameter", "Id": "ParamShoulderL", "Segments": [0, 7, 0, 0.217, 1, 0, 0.783, 9, 2, 2.6, 9]}, {"Target": "Parameter", "Id": "ParamArmL1", "Segments": [0, -40, 0, 0.283, -28, 0, 0.817, -50, 0, 1.3, -49.5, 2, 2.6, -49.5]}, {"Target": "Parameter", "Id": "ParamArmL2", "Segments": [0, 42, 0, 0.383, 48, 0, 0.883, 41, 0, 1.383, 41.5, 2, 2.6, 41.5]}, {"Target": "Parameter", "Id": "ParamArmL3", "Segments": [0, 20, 0, 0.467, 32, 0, 0.983, 7, 2, 1.5, 7, 2, 2.6, 7]}, {"Target": "Parameter", "Id": "ParamArmL4", "Segments": [0, 20, 0, 0.25, 17, 0, 0.883, 30, 2, 2.6, 30]}, {"Target": "Parameter", "Id": "ParamArmL5", "Segments": [0, 7, 0, 0.25, 4, 0, 0.883, 8, 2, 2.6, 8]}, {"Target": "Parameter", "Id": "ParamArmL8", "Segments": [0, 8, 0, 0.417, 20, 0, 1.017, 2, 2, 2.6, 2]}, {"Target": "Parameter", "Id": "ParamFingerL", "Segments": [0, 0, 0, 0.417, 7, 0, 1.017, -5, 0, 1.7, 0, 2, 2.6, 0]}, {"Target": "Parameter", "Id": "ParamPositionX", "Segments": [0, 0, 0, 2.6, 0]}, {"Target": "Parameter", "Id": "ParamRotationZ", "Segments": [0, 0, 0, 2.6, 0]}, {"Target": "Parameter", "Id": "ParamUpperBodyZ", "Segments": [0, 5, 0, 2.6, 5]}, {"Target": "Parameter", "Id": "ParamBreath", "Segments": [0, 0, 0, 2.6, 0]}, {"Target": "Parameter", "Id": "ParamArmR6", "Segments": [0, 1, 0, 2.6, 1]}, {"Target": "Parameter", "Id": "ParamArmR7", "Segments": [0, -4, 0, 2.6, -4]}, {"Target": "Parameter", "Id": "ParamArmR9", "Segments": [0, 0.7, 0, 2.6, 0.7]}, {"Target": "Parameter", "Id": "ParamHandRA", "Segments": [0, 0, 0, 2.6, 0]}, {"Target": "Parameter", "Id": "ParamHandRB", "Segments": [0, 0, 0, 2.6, 0]}, {"Target": "Parameter", "Id": "ParamHandRC", "Segments": [0, 0, 0, 2.6, 0]}, {"Target": "Parameter", "Id": "ParamHandRD", "Segments": [0, 1, 0, 2.6, 1]}, {"Target": "Parameter", "Id": "ParamHandRE", "Segments": [0, 0, 0, 2.6, 0]}, {"Target": "Parameter", "Id": "ParamHandRF", "Segments": [0, 0, 0, 2.6, 0]}, {"Target": "Parameter", "Id": "ParamHandRG", "Segments": [0, 0, 0, 2.6, 0]}, {"Target": "Parameter", "Id": "ParamHandRH", "Segments": [0, 0, 0, 2.6, 0]}, {"Target": "Parameter", "Id": "ParamHandRI", "Segments": [0, 0, 0, 2.6, 0]}, {"Target": "Parameter", "Id": "ParamHandRJ", "Segments": [0, 0, 0, 2.6, 0]}, {"Target": "Parameter", "Id": "ParamHandRK", "Segments": [0, 0, 0, 2.6, 0]}, {"Target": "Parameter", "Id": "ParamArmL6", "Segments": [0, 1, 0, 2.6, 1]}, {"Target": "Parameter", "Id": "ParamArmL7", "Segments": [0, -4, 0, 2.6, -4]}, {"Target": "Parameter", "Id": "ParamArmL9", "Segments": [0, 0.7, 0, 2.6, 0.7]}, {"Target": "Parameter", "Id": "ParamHandLA", "Segments": [0, 0, 0, 2.6, 0]}, {"Target": "Parameter", "Id": "ParamHandLB", "Segments": [0, 0, 0, 2.6, 0]}, {"Target": "Parameter", "Id": "ParamHandLC", "Segments": [0, 0, 0, 2.6, 0]}, {"Target": "Parameter", "Id": "ParamHandLD", "Segments": [0, 1, 0, 2.6, 1]}, {"Target": "Parameter", "Id": "ParamHandLE", "Segments": [0, 0, 0, 2.6, 0]}, {"Target": "Parameter", "Id": "ParamHandLF", "Segments": [0, 0, 0, 2.6, 0]}, {"Target": "Parameter", "Id": "ParamHandLG", "Segments": [0, 0, 0, 2.6, 0]}, {"Target": "Parameter", "Id": "ParamHandLH", "Segments": [0, 0, 0, 2.6, 0]}, {"Target": "Parameter", "Id": "ParamHandLI", "Segments": [0, 0, 0, 2.6, 0]}, {"Target": "Parameter", "Id": "ParamHandLJ", "Segments": [0, 0, 0, 2.6, 0]}, {"Target": "Parameter", "Id": "ParamHandLK", "Segments": [0, 0, 0, 2.6, 0]}], "UserData": [{"Time": 0.15, "Value": "eyeblink,0.2,0.24,0.24"}]}