{"Version": 3, "Meta": {"Duration": 2.6, "Fps": 60.0, "Loop": true, "AreBeziersRestricted": true, "CurveCount": 61, "UserDataCount": 0, "TotalSegmentCount": 173, "TotalPointCount": 175, "TotalUserDataSize": 0}, "Curves": [{"Target": "Parameter", "Id": "ParamPositionX", "Segments": [0, 0, 0, 0.4, -1, 2, 2.6, -1]}, {"Target": "Parameter", "Id": "ParamPositionY", "Segments": [0, 0, 0, 0.35, 2, 0, 0.683, 0, 2, 2.6, 0]}, {"Target": "Parameter", "Id": "ParamAngleX", "Segments": [0, -2, 0, 0.35, -3, 0, 0.967, 0, 2, 2.6, 0]}, {"Target": "Parameter", "Id": "ParamAngleY", "Segments": [0, 18, 0, 0.35, 18, 0, 0.933, -25, 0, 1.5, 2, 2, 2.6, 2]}, {"Target": "Parameter", "Id": "ParamAngleZ", "Segments": [0, 6, 0, 0.583, -2, 1, 0.816, -6.813, 1.05, -8.0, 1.283, -8, 2, 2.6, -8]}, {"Target": "Parameter", "Id": "ParamBodyAngleX", "Segments": [0, 7, 0, 0.433, -3, 0, 0.95, 0, 2, 2.6, 0]}, {"Target": "Parameter", "Id": "ParamBodyAngleY", "Segments": [0, 0, 0, 0.433, 4, 0, 0.883, -3, 0, 1.367, 3, 2, 2.6, 3]}, {"Target": "Parameter", "Id": "ParamBodyAngleZ", "Segments": [0, -3, 0, 0.583, 5, 2, 2.6, 5]}, {"Target": "Parameter", "Id": "ParamUpperBodyZ", "Segments": [0, 8, 0, 0.583, -4, 2, 2.6, -4]}, {"Target": "Parameter", "Id": "ParamLegLZ", "Segments": [0, 0, 0, 0.717, 2, 2, 2.6, 2]}, {"Target": "Parameter", "Id": "ParamLegRZ", "Segments": [0, 2, 0, 0.717, -3, 2, 2.6, -3]}, {"Target": "Parameter", "Id": "ParamShoulderR", "Segments": [0, 4, 0, 0.35, 9, 0, 0.783, 2, 0, 1.233, 7, 2, 2.6, 7]}, {"Target": "Parameter", "Id": "ParamArmR1", "Segments": [0, -34, 0, 0.417, -24, 0, 0.817, -32, 0, 1.267, -31.5, 2, 2.6, -31.5]}, {"Target": "Parameter", "Id": "ParamArmR2", "Segments": [0, 42, 0, 0.483, 44, 0, 0.9, 41, 0, 1.35, 41.5, 2, 2.6, 41.5]}, {"Target": "Parameter", "Id": "ParamArmR3", "Segments": [0, -3, 0, 0.55, 6, 0, 1, -11, 0, 1.4, -6, 2, 2.6, -6]}, {"Target": "Parameter", "Id": "ParamFingerR", "Segments": [0, 0, 0, 0.517, 7, 0, 0.95, -4, 0, 1.367, 0, 2, 2.6, 0]}, {"Target": "Parameter", "Id": "ParamShoulderL", "Segments": [0, 5, 0, 0.383, 8, 0, 0.867, 0, 0, 1.35, 3, 2, 2.6, 3]}, {"Target": "Parameter", "Id": "ParamArmL1", "Segments": [0, -34, 0, 0.367, -28, 0, 0.817, -43, 0, 1.333, -39, 2, 2.6, -39]}, {"Target": "Parameter", "Id": "ParamArmL2", "Segments": [0, -3, 0, 0.483, -5, 0, 1.017, 0, 0, 1.583, -2, 2, 2.6, -2]}, {"Target": "Parameter", "Id": "ParamArmL3", "Segments": [0, -26, 0, 0.583, -40, 0, 1.133, -19, 2, 2.6, -19]}, {"Target": "Parameter", "Id": "ParamArmL5", "Segments": [0, 0, 0, 0.5, 9, 0, 0.983, 0, 2, 2.6, 0]}, {"Target": "Parameter", "Id": "ParamArmL8", "Segments": [0, -30, 0, 1.333, -23, 2, 2.6, -23]}, {"Target": "Parameter", "Id": "ParamFingerL", "Segments": [0, 0, 0, 0.583, 6, 0, 1.117, -5, 0, 1.65, 0, 2, 2.6, 0]}, {"Target": "Parameter", "Id": "ParamRotationZ", "Segments": [0, 0, 0, 2.6, 0]}, {"Target": "Parameter", "Id": "ParamEyeROpen", "Segments": [0, 1, 0, 2.6, 1]}, {"Target": "Parameter", "Id": "ParamEyeLOpen", "Segments": [0, 1, 0, 2.6, 1]}, {"Target": "Parameter", "Id": "ParamEyeballX", "Segments": [0, 0, 0, 2.6, 0]}, {"Target": "Parameter", "Id": "ParamUpperBody", "Segments": [0, 3, 0, 2.6, 3]}, {"Target": "Parameter", "Id": "ParamBreath", "Segments": [0, 0, 0, 2.6, 0]}, {"Target": "Parameter", "Id": "ParamArmR4", "Segments": [0, 10, 0, 2.6, 10]}, {"Target": "Parameter", "Id": "ParamArmR5", "Segments": [0, 7, 0, 2.6, 7]}, {"Target": "Parameter", "Id": "ParamArmR6", "Segments": [0, 1, 0, 2.6, 1]}, {"Target": "Parameter", "Id": "ParamArmR7", "Segments": [0, -4, 0, 2.6, -4]}, {"Target": "Parameter", "Id": "ParamArmR8", "Segments": [0, -1, 0, 2.6, -1]}, {"Target": "Parameter", "Id": "ParamArmR9", "Segments": [0, 0.7, 0, 2.6, 0.7]}, {"Target": "Parameter", "Id": "ParamHandRA", "Segments": [0, 0, 0, 2.6, 0]}, {"Target": "Parameter", "Id": "ParamHandRB", "Segments": [0, 0, 0, 2.6, 0]}, {"Target": "Parameter", "Id": "ParamHandRC", "Segments": [0, 0, 0, 2.6, 0]}, {"Target": "Parameter", "Id": "ParamHandRD", "Segments": [0, 0, 0, 2.6, 0]}, {"Target": "Parameter", "Id": "ParamHandRE", "Segments": [0, 1, 0, 2.6, 1]}, {"Target": "Parameter", "Id": "ParamHandRF", "Segments": [0, 0, 0, 2.6, 0]}, {"Target": "Parameter", "Id": "ParamHandRG", "Segments": [0, 0, 0, 2.6, 0]}, {"Target": "Parameter", "Id": "ParamHandRH", "Segments": [0, 0, 0, 2.6, 0]}, {"Target": "Parameter", "Id": "ParamHandRI", "Segments": [0, 0, 0, 2.6, 0]}, {"Target": "Parameter", "Id": "ParamHandRJ", "Segments": [0, 0, 0, 2.6, 0]}, {"Target": "Parameter", "Id": "ParamHandRK", "Segments": [0, 0, 0, 2.6, 0]}, {"Target": "Parameter", "Id": "ParamArmL4", "Segments": [0, 0, 0, 2.6, 0]}, {"Target": "Parameter", "Id": "ParamArmL6", "Segments": [0, 0, 0, 2.6, 0]}, {"Target": "Parameter", "Id": "ParamArmL7", "Segments": [0, 0, 0, 2.6, 0]}, {"Target": "Parameter", "Id": "ParamArmL9", "Segments": [0, -0.8, 0, 2.6, -0.8]}, {"Target": "Parameter", "Id": "ParamHandLA", "Segments": [0, 1, 0, 2.6, 1]}, {"Target": "Parameter", "Id": "ParamHandLB", "Segments": [0, 0, 0, 2.6, 0]}, {"Target": "Parameter", "Id": "ParamHandLC", "Segments": [0, 0, 0, 2.6, 0]}, {"Target": "Parameter", "Id": "ParamHandLD", "Segments": [0, 0, 0, 2.6, 0]}, {"Target": "Parameter", "Id": "ParamHandLE", "Segments": [0, 0, 0, 2.6, 0]}, {"Target": "Parameter", "Id": "ParamHandLF", "Segments": [0, 0, 0, 2.6, 0]}, {"Target": "Parameter", "Id": "ParamHandLG", "Segments": [0, 0, 0, 2.6, 0]}, {"Target": "Parameter", "Id": "ParamHandLH", "Segments": [0, 0, 0, 2.6, 0]}, {"Target": "Parameter", "Id": "ParamHandLI", "Segments": [0, 0, 0, 2.6, 0]}, {"Target": "Parameter", "Id": "ParamHandLJ", "Segments": [0, 0, 0, 2.6, 0]}, {"Target": "Parameter", "Id": "ParamHandLK", "Segments": [0, 0, 0, 2.6, 0]}], "UserData": []}