{"Version": 3, "Meta": {"Duration": 3.983, "Fps": 60.0, "Loop": true, "AreBeziersRestricted": true, "CurveCount": 53, "UserDataCount": 0, "TotalSegmentCount": 183, "TotalPointCount": 185, "TotalUserDataSize": 0}, "Curves": [{"Target": "Parameter", "Id": "ParamBrowRX", "Segments": [0, -0.6, 0, 0.367, -0.4, 0, 0.717, -0.6, 0, 1.033, -0.4, 0, 1.467, -0.6, 0, 1.8, -0.4, 0, 2.133, -0.6, 0, 2.483, -0.4, 0, 2.867, -0.6, 0, 3.267, -0.4, 0, 3.6, -0.6, 2, 3.967, -0.6, 2, 3.983, -0.6]}, {"Target": "Parameter", "Id": "ParamBrowRY", "Segments": [0, -0.3, 0, 0.367, -0.4, 0, 0.717, -0.3, 0, 1.033, -0.4, 0, 1.467, -0.3, 0, 1.8, -0.4, 0, 2.133, -0.3, 0, 2.483, -0.4, 0, 2.867, -0.3, 0, 3.267, -0.4, 0, 3.6, -0.3, 2, 3.967, -0.3, 2, 3.983, -0.3]}, {"Target": "Parameter", "Id": "ParamBrowRAngle", "Segments": [0, -0.2, 0, 0.367, -0.4, 0, 0.717, -0.2, 0, 1.033, -0.4, 0, 1.467, -0.2, 0, 1.8, -0.4, 0, 2.133, -0.2, 0, 2.483, -0.4, 0, 2.867, -0.2, 0, 3.267, -0.4, 0, 3.6, -0.2, 2, 3.967, -0.2, 2, 3.983, -0.2]}, {"Target": "Parameter", "Id": "ParamBrowLX", "Segments": [0, -0.6, 0, 0.367, -0.4, 0, 0.717, -0.6, 0, 1.05, -0.4, 0, 1.467, -0.6, 0, 1.8, -0.4, 0, 2.15, -0.6, 0, 2.483, -0.4, 0, 2.867, -0.6, 0, 3.267, -0.4, 0, 3.6, -0.6, 2, 3.967, -0.6, 2, 3.983, -0.6]}, {"Target": "Parameter", "Id": "ParamBrowLY", "Segments": [0, -0.3, 0, 0.367, -0.4, 0, 0.717, -0.3, 0, 1.05, -0.4, 0, 1.467, -0.3, 0, 1.8, -0.4, 0, 2.15, -0.3, 0, 2.483, -0.4, 0, 2.867, -0.3, 0, 3.267, -0.4, 0, 3.6, -0.3, 2, 3.967, -0.3, 2, 3.983, -0.3]}, {"Target": "Parameter", "Id": "ParamBrowLAngle", "Segments": [0, -0.2, 0, 0.367, -0.4, 0, 0.717, -0.2, 0, 1.05, -0.4, 0, 1.467, -0.2, 0, 1.8, -0.4, 0, 2.15, -0.2, 0, 2.483, -0.4, 0, 2.867, -0.2, 0, 3.267, -0.4, 0, 3.6, -0.2, 2, 3.967, -0.2, 2, 3.983, -0.2]}, {"Target": "Parameter", "Id": "ParamMouthForm", "Segments": [0, -1, 0, 0.317, -0.8, 0, 0.667, -1, 0, 0.983, -0.8, 0, 1.333, -1, 0, 1.65, -0.8, 0, 2, -1, 0, 2.317, -0.8, 0, 2.683, -1, 0, 3, -0.8, 0, 3.35, -1, 0, 3.667, -0.8, 2, 3.983, -0.8]}, {"Target": "Parameter", "Id": "ParamSpecialEyeRotate1", "Segments": [0, 0, 1, 1.328, 1.0, 2.655, 3, 3.983, 3]}, {"Target": "Parameter", "Id": "ParamCheek2", "Segments": [0, 0, 0, 3.983, 0]}, {"Target": "Parameter", "Id": "ParamTear2", "Segments": [0, 0, 0, 3.983, 0]}, {"Target": "Parameter", "Id": "ParamTearL", "Segments": [0, 0, 0, 3.983, 0]}, {"Target": "Parameter", "Id": "ParamTearHighlightL", "Segments": [0, 0, 0, 3.983, 0]}, {"Target": "Parameter", "Id": "ParamTear4", "Segments": [0, -1, 0, 3.983, -1]}, {"Target": "Parameter", "Id": "ParamTearHighlightR", "Segments": [0, 0, 0, 3.983, 0]}, {"Target": "Parameter", "Id": "ParamTearR", "Segments": [0, 0, 0, 3.983, 0]}, {"Target": "Parameter", "Id": "ParamTear3", "Segments": [0, -1, 0, 3.983, -1]}, {"Target": "Parameter", "Id": "ParamBrowRForm", "Segments": [0, 1, 0, 3.983, 1]}, {"Target": "Parameter", "Id": "ParamBrowLForm", "Segments": [0, 1, 0, 3.983, 1]}, {"Target": "Parameter", "Id": "ParamEyeROpen", "Segments": [0, 1, 0, 3.983, 1]}, {"Target": "Parameter", "Id": "ParamEyeRSmile", "Segments": [0, -0.5, 0, 3.983, -0.5]}, {"Target": "Parameter", "Id": "ParamEyeRForm", "Segments": [0, 1, 0, 3.983, 1]}, {"Target": "Parameter", "Id": "ParamEyeLOpen", "Segments": [0, 1, 0, 3.983, 1]}, {"Target": "Parameter", "Id": "ParamEyeLSmile", "Segments": [0, -0.5, 0, 3.983, -0.5]}, {"Target": "Parameter", "Id": "ParamEyeLForm", "Segments": [0, 1, 0, 3.983, 1]}, {"Target": "Parameter", "Id": "ParamEyeballY", "Segments": [0, 0, 0, 3.983, 0]}, {"Target": "Parameter", "Id": "ParamEyeSize", "Segments": [0, -0.3, 0, 3.983, -0.3]}, {"Target": "Parameter", "Id": "ParamEyeTeary", "Segments": [0, 0, 0, 3.983, 0]}, {"Target": "Parameter", "Id": "ParamTear", "Segments": [0, 0, 0, 3.983, 0]}, {"Target": "Parameter", "Id": "ParamMouthForm2", "Segments": [0, 1, 0, 3.983, 1]}, {"Target": "Parameter", "Id": "ParamTeeth", "Segments": [0, 0, 0, 3.983, 0]}, {"Target": "Parameter", "Id": "Paramtongue", "Segments": [0, 0, 0, 3.983, 0]}, {"Target": "Parameter", "Id": "ParamMouthScaleX", "Segments": [0, -0.2, 0, 3.983, -0.2]}, {"Target": "Parameter", "Id": "ParamMouthScaleY", "Segments": [0, -0.5, 0, 3.983, -0.5]}, {"Target": "Parameter", "Id": "ParamMouthPositionY", "Segments": [0, 0, 0, 3.983, 0]}, {"Target": "Parameter", "Id": "ParamCheek", "Segments": [0, 0, 0, 3.983, 0]}, {"Target": "Parameter", "Id": "ParamFaceShadow", "Segments": [0, 0, 0, 3.983, 0]}, {"Target": "Parameter", "Id": "ParamCheekAngry", "Segments": [0, 0, 0, 3.983, 0]}, {"Target": "Parameter", "Id": "ParamSweatMove", "Segments": [0, 0, 0, 3.983, 0]}, {"Target": "Parameter", "Id": "ParamSweatView", "Segments": [0, 0, 0, 3.983, 0]}, {"Target": "Parameter", "Id": "ParamSpecialCheek01", "Segments": [0, 0, 0, 3.983, 0]}, {"Target": "Parameter", "Id": "ParamFumeChange", "Segments": [0, 0, 0, 3.983, 0]}, {"Target": "Parameter", "Id": "ParamMoveFume", "Segments": [0, 0, 0, 3.983, 0]}, {"Target": "Parameter", "Id": "ParamEyeSpecial", "Segments": [0, 0, 0, 3.983, 0]}, {"Target": "Parameter", "Id": "ParamEyeHilightonoff", "Segments": [0, 0, 0, 3.983, 0]}, {"Target": "Parameter", "Id": "ParamEyebrowChange", "Segments": [0, 0, 0, 3.983, 0]}, {"Target": "Parameter", "Id": "ParamEyeChange", "Segments": [0, 1, 0, 3.983, 1]}, {"Target": "Parameter", "Id": "ParamSpecialEye01", "Segments": [0, 0, 0, 3.983, 0]}, {"Target": "Parameter", "Id": "ParamSpecialEyebrow01", "Segments": [0, 0, 0, 3.983, 0]}, {"Target": "Parameter", "Id": "ParamSpecialEye02", "Segments": [0, 0, 0, 3.983, 0]}, {"Target": "Parameter", "Id": "ParamCheek04", "Segments": [0, 1, 0, 3.983, 1]}, {"Target": "Parameter", "Id": "ParamSpecialEye03", "Segments": [0, 1, 0, 3.983, 1]}, {"Target": "Parameter", "Id": "ParamCheek02", "Segments": [0, 0, 0, 3.983, 0]}, {"Target": "Parameter", "Id": "ParamCheek03", "Segments": [0, 0, 0, 3.983, 0]}], "UserData": []}