{"Version": 3, "Meta": {"Duration": 2.167, "Fps": 60.0, "Loop": true, "AreBeziersRestricted": true, "CurveCount": 53, "UserDataCount": 0, "TotalSegmentCount": 131, "TotalPointCount": 131, "TotalUserDataSize": 0}, "Curves": [{"Target": "Parameter", "Id": "ParamEyeTeary", "Segments": [0, 0, 0, 0.083, 1, 0, 0.167, 0, 0, 0.25, 1, 0, 0.333, 0, 0, 0.417, 1, 0, 0.5, 0, 0, 0.583, 1, 0, 0.667, 0, 0, 0.75, 1, 0, 0.833, 0, 0, 0.917, 1, 0, 1, 0, 0, 1.083, 1, 0, 1.167, 0, 0, 1.25, 1, 0, 1.333, 0, 0, 1.417, 1, 0, 1.5, 0, 0, 1.583, 1, 0, 1.667, 0, 0, 1.75, 1, 0, 1.833, 0, 0, 1.917, 1, 0, 2, 0, 0, 2.083, 1, 0, 2.167, 0]}, {"Target": "Parameter", "Id": "ParamCheek2", "Segments": [0, 0, 0, 2.167, 0]}, {"Target": "Parameter", "Id": "ParamTear2", "Segments": [0, 0, 0, 2.167, 0]}, {"Target": "Parameter", "Id": "ParamTearL", "Segments": [0, 0, 0, 2.167, 0]}, {"Target": "Parameter", "Id": "ParamTearHighlightL", "Segments": [0, 0, 0, 2.167, 0]}, {"Target": "Parameter", "Id": "ParamTear4", "Segments": [0, -1, 0, 2.167, -1]}, {"Target": "Parameter", "Id": "ParamTearHighlightR", "Segments": [0, 0, 0, 2.167, 0]}, {"Target": "Parameter", "Id": "ParamTearR", "Segments": [0, 0, 0, 2.167, 0]}, {"Target": "Parameter", "Id": "ParamTear3", "Segments": [0, -1, 0, 2.167, -1]}, {"Target": "Parameter", "Id": "ParamBrowRX", "Segments": [0, 0, 0, 2.167, 0]}, {"Target": "Parameter", "Id": "ParamBrowRY", "Segments": [0, -0.5, 0, 2.167, -0.5]}, {"Target": "Parameter", "Id": "ParamBrowRAngle", "Segments": [0, 0.6, 0, 2.167, 0.6]}, {"Target": "Parameter", "Id": "ParamBrowRForm", "Segments": [0, -0.9, 0, 2.167, -0.9]}, {"Target": "Parameter", "Id": "ParamBrowLX", "Segments": [0, 0, 0, 2.167, 0]}, {"Target": "Parameter", "Id": "ParamBrowLY", "Segments": [0, -0.5, 0, 2.167, -0.5]}, {"Target": "Parameter", "Id": "ParamBrowLAngle", "Segments": [0, 0.6, 0, 2.167, 0.6]}, {"Target": "Parameter", "Id": "ParamBrowLForm", "Segments": [0, -0.9, 0, 2.167, -0.9]}, {"Target": "Parameter", "Id": "ParamEyeROpen", "Segments": [0, 0.9, 0, 2.167, 0.9]}, {"Target": "Parameter", "Id": "ParamEyeRSmile", "Segments": [0, -0.3, 0, 2.167, -0.3]}, {"Target": "Parameter", "Id": "ParamEyeRForm", "Segments": [0, -1, 0, 2.167, -1]}, {"Target": "Parameter", "Id": "ParamEyeLOpen", "Segments": [0, 0.9, 0, 2.167, 0.9]}, {"Target": "Parameter", "Id": "ParamEyeLSmile", "Segments": [0, -0.2, 0, 2.167, -0.2]}, {"Target": "Parameter", "Id": "ParamEyeLForm", "Segments": [0, -1, 0, 2.167, -1]}, {"Target": "Parameter", "Id": "ParamEyeballY", "Segments": [0, 0, 0, 2.167, 0]}, {"Target": "Parameter", "Id": "ParamEyeSize", "Segments": [0, 0, 0, 2.167, 0]}, {"Target": "Parameter", "Id": "ParamTear", "Segments": [0, 0, 0, 2.167, 0]}, {"Target": "Parameter", "Id": "ParamMouthForm", "Segments": [0, 0.4, 0, 2.167, 0.4]}, {"Target": "Parameter", "Id": "ParamMouthForm2", "Segments": [0, 0.3, 0, 2.167, 0.3]}, {"Target": "Parameter", "Id": "ParamTeeth", "Segments": [0, 0, 0, 2.167, 0]}, {"Target": "Parameter", "Id": "Paramtongue", "Segments": [0, 0, 0, 2.167, 0]}, {"Target": "Parameter", "Id": "ParamMouthScaleX", "Segments": [0, 0, 0, 2.167, 0]}, {"Target": "Parameter", "Id": "ParamMouthScaleY", "Segments": [0, 0, 0, 2.167, 0]}, {"Target": "Parameter", "Id": "ParamMouthPositionY", "Segments": [0, 0, 0, 2.167, 0]}, {"Target": "Parameter", "Id": "ParamCheek", "Segments": [0, 0, 0, 2.167, 0]}, {"Target": "Parameter", "Id": "ParamFaceShadow", "Segments": [0, 0, 0, 2.167, 0]}, {"Target": "Parameter", "Id": "ParamCheekAngry", "Segments": [0, 0, 0, 2.167, 0]}, {"Target": "Parameter", "Id": "ParamSweatMove", "Segments": [0, 0, 0, 2.167, 0]}, {"Target": "Parameter", "Id": "ParamSweatView", "Segments": [0, 0, 0, 2.167, 0]}, {"Target": "Parameter", "Id": "ParamSpecialCheek01", "Segments": [0, 0, 0, 2.167, 0]}, {"Target": "Parameter", "Id": "ParamFumeChange", "Segments": [0, 0, 0, 2.167, 0]}, {"Target": "Parameter", "Id": "ParamMoveFume", "Segments": [0, 0, 0, 2.167, 0]}, {"Target": "Parameter", "Id": "ParamEyeSpecial", "Segments": [0, 0, 0, 2.167, 0]}, {"Target": "Parameter", "Id": "ParamEyeHilightonoff", "Segments": [0, 0, 0, 2.167, 0]}, {"Target": "Parameter", "Id": "ParamEyebrowChange", "Segments": [0, 0, 0, 2.167, 0]}, {"Target": "Parameter", "Id": "ParamEyeChange", "Segments": [0, 0, 0, 2.167, 0]}, {"Target": "Parameter", "Id": "ParamSpecialEye01", "Segments": [0, 0, 0, 2.167, 0]}, {"Target": "Parameter", "Id": "ParamSpecialEyebrow01", "Segments": [0, 0, 0, 2.167, 0]}, {"Target": "Parameter", "Id": "ParamSpecialEye02", "Segments": [0, 0, 0, 2.167, 0]}, {"Target": "Parameter", "Id": "ParamCheek04", "Segments": [0, 0, 0, 2.167, 0]}, {"Target": "Parameter", "Id": "ParamSpecialEye03", "Segments": [0, 0, 0, 2.167, 0]}, {"Target": "Parameter", "Id": "ParamSpecialEyeRotate1", "Segments": [0, 0, 0, 2.167, 0]}, {"Target": "Parameter", "Id": "ParamCheek02", "Segments": [0, 0, 0, 2.167, 0]}, {"Target": "Parameter", "Id": "ParamCheek03", "Segments": [0, 0, 0, 2.167, 0]}], "UserData": []}