{"Version": 3, "Meta": {"Duration": 2.6, "Fps": 60.0, "Loop": true, "AreBeziersRestricted": true, "CurveCount": 61, "UserDataCount": 1, "TotalSegmentCount": 188, "TotalPointCount": 188, "TotalUserDataSize": 22}, "Curves": [{"Target": "Parameter", "Id": "ParamPositionY", "Segments": [0, 0, 0, 0.167, 0, 0, 0.533, 2, 0, 0.933, 0, 2, 2.6, 0]}, {"Target": "Parameter", "Id": "ParamAngleX", "Segments": [0, -2, 0, 0.417, 3, 0, 1.1, -4, 0, 1.717, -1, 2, 2.6, -1]}, {"Target": "Parameter", "Id": "ParamAngleY", "Segments": [0, 0, 0, 0.4, 27, 0, 1.033, -18, 0, 1.633, -4, 2, 2.6, -4]}, {"Target": "Parameter", "Id": "ParamAngleZ", "Segments": [0, -2, 0, 0.583, 8, 0, 1.167, -18, 0, 1.833, -14, 2, 2.6, -14]}, {"Target": "Parameter", "Id": "ParamEyeROpen", "Segments": [0, 1, 0, 0.233, 1, 0, 0.433, 0, 2, 0.667, 0, 0, 0.9, 1, 2, 2.6, 1]}, {"Target": "Parameter", "Id": "ParamEyeLOpen", "Segments": [0, 1, 0, 0.233, 1, 0, 0.433, 0, 2, 0.667, 0, 0, 0.9, 1, 2, 2.6, 1]}, {"Target": "Parameter", "Id": "ParamBodyAngleX", "Segments": [0, -3, 0, 0.533, 2, 0, 1.117, -5, 2, 2.6, -5]}, {"Target": "Parameter", "Id": "ParamBodyAngleY", "Segments": [0, 0, 0, 0.2, -2, 0, 0.55, 5, 0, 1.133, -3, 0, 1.833, 2, 2, 2.6, 2]}, {"Target": "Parameter", "Id": "ParamBodyAngleZ", "Segments": [0, -3, 0, 0.6, -1, 0, 1.3, -3, 2, 2.6, -3]}, {"Target": "Parameter", "Id": "ParamUpperBodyZ", "Segments": [0, 7, 0, 0.6, 6, 0, 1.3, 9, 2, 2.6, 9]}, {"Target": "Parameter", "Id": "ParamUpperBody", "Segments": [0, 0, 0, 0.55, 5, 0, 1.35, 0, 2, 2.6, 0]}, {"Target": "Parameter", "Id": "ParamLegLZ", "Segments": [0, 2, 0, 0.767, 1, 2, 2.6, 1]}, {"Target": "Parameter", "Id": "ParamLegRZ", "Segments": [0, -3, 0, 0.767, 0, 2, 2.6, 0]}, {"Target": "Parameter", "Id": "ParamShoulderR", "Segments": [0, 8, 0, 0.317, 3, 0, 0.867, 10, 0, 1.35, 4, 2, 2.6, 4]}, {"Target": "Parameter", "Id": "ParamArmR1", "Segments": [0, -41, 0, 0.333, -35, 0, 0.883, -44, 0, 1.4, -38, 2, 2.6, -38]}, {"Target": "Parameter", "Id": "ParamArmR2", "Segments": [0, 42, 0, 0.433, 43, 2, 1, 43, 0, 1.5, 43.5, 2, 2.6, 43.5]}, {"Target": "Parameter", "Id": "ParamArmR3", "Segments": [0, 28, 0, 0.567, 35, 0, 1.133, 22, 0, 1.833, 25, 2, 2.6, 25]}, {"Target": "Parameter", "Id": "ParamArmR5", "Segments": [0, 6, 0, 0.5, 6, 0, 1.15, 5, 2, 2.6, 5]}, {"Target": "Parameter", "Id": "ParamArmR7", "Segments": [0, 0, 0, 0.567, -6, 2, 2.6, -6]}, {"Target": "Parameter", "Id": "ParamArmR8", "Segments": [0, 30, 0, 1.133, 12, 2, 2.6, 12]}, {"Target": "Parameter", "Id": "ParamShoulderL", "Segments": [0, 5, 0, 0.35, 10, 0, 0.883, 7, 2, 2.6, 7]}, {"Target": "Parameter", "Id": "ParamArmL1", "Segments": [0, -31, 0, 0.35, -25, 0, 0.867, -33, 0, 1.333, -32.5, 2, 2.6, -32.5]}, {"Target": "Parameter", "Id": "ParamArmL2", "Segments": [0, -3, 0, 0.483, -4, 0, 0.983, -2, 0, 1.45, -2.5, 2, 2.6, -2.5]}, {"Target": "Parameter", "Id": "ParamArmL3", "Segments": [0, -32, 0, 0.583, -40, 0, 1.1, -22, 0, 1.617, -35, 2, 2.6, -35]}, {"Target": "Parameter", "Id": "ParamArmL5", "Segments": [0, 0, 0, 0.483, 3, 0, 1.25, 2, 2, 2.6, 2]}, {"Target": "Parameter", "Id": "ParamArmL8", "Segments": [0, -40, 0, 0.533, -40, 0, 1.117, -23, 0, 1.7, -37, 2, 2.6, -37]}, {"Target": "Parameter", "Id": "ParamPositionX", "Segments": [0, 0, 0, 2.6, 0]}, {"Target": "Parameter", "Id": "ParamRotationZ", "Segments": [0, 0, 0, 2.6, 0]}, {"Target": "Parameter", "Id": "ParamEyeballX", "Segments": [0, 0, 0, 2.6, 0]}, {"Target": "Parameter", "Id": "ParamBreath", "Segments": [0, 0, 0, 2.6, 0]}, {"Target": "Parameter", "Id": "ParamArmR4", "Segments": [0, 28, 0, 2.6, 28]}, {"Target": "Parameter", "Id": "ParamArmR6", "Segments": [0, 1, 0, 2.6, 1]}, {"Target": "Parameter", "Id": "ParamArmR9", "Segments": [0, 0.7, 0, 2.6, 0.7]}, {"Target": "Parameter", "Id": "ParamHandRA", "Segments": [0, 0, 0, 2.6, 0]}, {"Target": "Parameter", "Id": "ParamHandRB", "Segments": [0, 1, 0, 2.6, 1]}, {"Target": "Parameter", "Id": "ParamHandRC", "Segments": [0, 0, 0, 2.6, 0]}, {"Target": "Parameter", "Id": "ParamHandRD", "Segments": [0, 0, 0, 2.6, 0]}, {"Target": "Parameter", "Id": "ParamHandRE", "Segments": [0, 0, 0, 2.6, 0]}, {"Target": "Parameter", "Id": "ParamHandRF", "Segments": [0, 0, 0, 2.6, 0]}, {"Target": "Parameter", "Id": "ParamHandRG", "Segments": [0, 0, 0, 2.6, 0]}, {"Target": "Parameter", "Id": "ParamHandRH", "Segments": [0, 0, 0, 2.6, 0]}, {"Target": "Parameter", "Id": "ParamHandRI", "Segments": [0, 0, 0, 2.6, 0]}, {"Target": "Parameter", "Id": "ParamHandRJ", "Segments": [0, 0, 0, 2.6, 0]}, {"Target": "Parameter", "Id": "ParamHandRK", "Segments": [0, 0, 0, 2.6, 0]}, {"Target": "Parameter", "Id": "ParamFingerR", "Segments": [0, 0, 0, 2.6, 0]}, {"Target": "Parameter", "Id": "ParamArmL4", "Segments": [0, 0, 0, 2.6, 0]}, {"Target": "Parameter", "Id": "ParamArmL6", "Segments": [0, 0, 0, 2.6, 0]}, {"Target": "Parameter", "Id": "ParamArmL7", "Segments": [0, 0, 0, 2.6, 0]}, {"Target": "Parameter", "Id": "ParamArmL9", "Segments": [0, -0.8, 0, 2.6, -0.8]}, {"Target": "Parameter", "Id": "ParamHandLA", "Segments": [0, 1, 0, 2.6, 1]}, {"Target": "Parameter", "Id": "ParamHandLB", "Segments": [0, 0, 0, 2.6, 0]}, {"Target": "Parameter", "Id": "ParamHandLC", "Segments": [0, 0, 0, 2.6, 0]}, {"Target": "Parameter", "Id": "ParamHandLD", "Segments": [0, 0, 0, 2.6, 0]}, {"Target": "Parameter", "Id": "ParamHandLE", "Segments": [0, 0, 0, 2.6, 0]}, {"Target": "Parameter", "Id": "ParamHandLF", "Segments": [0, 0, 0, 2.6, 0]}, {"Target": "Parameter", "Id": "ParamHandLG", "Segments": [0, 0, 0, 2.6, 0]}, {"Target": "Parameter", "Id": "ParamHandLH", "Segments": [0, 0, 0, 2.6, 0]}, {"Target": "Parameter", "Id": "ParamHandLI", "Segments": [0, 0, 0, 2.6, 0]}, {"Target": "Parameter", "Id": "ParamHandLJ", "Segments": [0, 0, 0, 2.6, 0]}, {"Target": "Parameter", "Id": "ParamHandLK", "Segments": [0, 0, 0, 2.6, 0]}, {"Target": "Parameter", "Id": "ParamFingerL", "Segments": [0, 0, 0, 2.6, 0]}], "UserData": [{"Time": 0.233, "Value": "eyeblink,0.2,0.24,0.24"}]}