{"Version": 3, "Meta": {"Duration": 2.717, "Fps": 60.0, "Loop": true, "AreBeziersRestricted": true, "CurveCount": 71, "UserDataCount": 1, "TotalSegmentCount": 208, "TotalPointCount": 218, "TotalUserDataSize": 23}, "Curves": [{"Target": "Parameter", "Id": "PARAM_ANGLE_X", "Segments": [0, -1, 0, 0.433, -1, 0, 0.8, -4, 0, 1.383, -2, 2, 2.717, -2]}, {"Target": "Parameter", "Id": "PARAM_ANGLE_Y", "Segments": [0, 13, 0, 0.433, 13, 0, 0.867, -27, 0, 1.45, 2, 2, 2.717, 2]}, {"Target": "Parameter", "Id": "PARAM_ANGLE_Z", "Segments": [0, 0.451, 0, 0.433, 0.451, 0, 0.717, 2, 2, 1.283, 2, 2, 2.717, 2]}, {"Target": "Parameter", "Id": "PARAM_EYE_R_OPEN", "Segments": [0, 1, 0, 0.6, 1, 2, 0.75, 1, 0, 0.917, 0, 2, 1.15, 0, 0, 1.317, 1, 2, 2.717, 1]}, {"Target": "Parameter", "Id": "PARAM_EYE_L_OPEN", "Segments": [0, 1, 0, 0.6, 1, 2, 0.75, 1, 0, 0.917, 0, 2, 1.15, 0, 0, 1.317, 1, 2, 2.717, 1]}, {"Target": "Parameter", "Id": "PARAM_BODY_ANGLE_X", "Segments": [0, -3, 0, 0.517, -1.612, 0, 1.033, -5, 0, 1.733, -3, 2, 2.717, -3]}, {"Target": "Parameter", "Id": "PARAM_BODY_ANGLE_Y", "Segments": [0, 1, 0, 0.283, 5, 0, 0.667, -6, 1, 0.834, -6, 1.0, -2.504, 1.167, -1, 1, 1.378, 0.905, 1.589, 1.0, 1.8, 1, 2, 2.717, 1]}, {"Target": "Parameter", "Id": "PARAM_BODY_ANGLE_Z", "Segments": [0, 3, 0, 0.733, 0, 2, 2.717, 0]}, {"Target": "Parameter", "Id": "PARAM_UPPER_BODY_Z", "Segments": [0, -3, 0, 0.733, 2, 0, 1.467, 1, 2, 2.717, 1]}, {"Target": "Parameter", "Id": "PARAM_SHOULDER_R", "Segments": [0, 3, 0, 0.283, 5, 0, 0.583, 0, 2, 2.717, 0]}, {"Target": "Parameter", "Id": "PARAM_ARM_R_1", "Segments": [0, -44, 0, 0.283, -24, 0, 0.65, -44, 0, 0.967, -41, 2, 2.717, -41]}, {"Target": "Parameter", "Id": "PARAM_ARM_R_2", "Segments": [0, -2, 0, 0.15, -1, 1, 0.328, 6.364, 0.505, 40.0, 0.683, 40, 0, 1, 39, 2, 2.717, 39]}, {"Target": "Parameter", "Id": "PARAM_ARM_R_3", "Segments": [0, -7, 0, 0.433, 18.555, 1, 0.5, 19.385, 0.566, 19.0, 0.633, 19, 0, 1.1, 2, 2, 2.717, 2]}, {"Target": "Parameter", "Id": "PARAM_ARM_R_5", "Segments": [0, 3, 0, 0.283, 12, 0, 0.633, 7, 2, 2.717, 7]}, {"Target": "Parameter", "Id": "PARAM_ARM_R_6", "Segments": [0, 0, 0, 0.15, 0, 0, 0.283, 1, 2, 2.717, 1]}, {"Target": "Parameter", "Id": "3536011321", "Segments": [0, -1, 0, 0.633, 0, 2, 2.717, 0]}, {"Target": "Parameter", "Id": "PARAM_HAND_R_A", "Segments": [0, 1, 0, 0.1, 1, 0, 0.283, 0, 2, 2.717, 0]}, {"Target": "Parameter", "Id": "PARAM_HAND_R_G", "Segments": [0, 0, 0, 0.1, 0, 0, 0.283, 1, 2, 2.717, 1]}, {"Target": "Parameter", "Id": "PARAM_SHOULDER_L", "Segments": [0, 4, 0, 0.383, 4, 0, 0.717, 1, 2, 2.717, 1]}, {"Target": "Parameter", "Id": "PARAM_ARM_L_1", "Segments": [0, -48, 0, 0.383, -34, 0, 0.75, -41, 2, 2.717, -41]}, {"Target": "Parameter", "Id": "PARAM_ARM_L_2", "Segments": [0, -2, 0, 0.383, -1, 1, 0.583, 0.893, 0.783, 5.0, 0.983, 5, 0, 1.5, 4, 2, 2.717, 4]}, {"Target": "Parameter", "Id": "PARAM_ARM_L_3", "Segments": [0, -13, 0, 0.717, 14, 0, 1.083, 12, 2, 1.6, 12, 2, 2.717, 12]}, {"Target": "Parameter", "Id": "PARAM_ARM_L_6", "Segments": [0, 0, 0, 0.333, 0, 0, 0.383, 1, 2, 0.933, 1, 2, 2.717, 1]}, {"Target": "Parameter", "Id": "PARAM_HAND_L_A", "Segments": [0, 1, 0, 0.1, 1, 0, 0.283, 0, 2, 2.717, 0]}, {"Target": "Parameter", "Id": "PARAM_HAND_L_G", "Segments": [0, 0, 0, 0.1, 0, 0, 0.283, 1, 2, 2.717, 1]}, {"Target": "Parameter", "Id": "PARAM_POSITION_X", "Segments": [0, 0, 0, 2.717, 0]}, {"Target": "Parameter", "Id": "PARAM_POSITION_Y", "Segments": [0, 0, 0, 2.717, 0]}, {"Target": "Parameter", "Id": "PARAM_ROTATION_Z", "Segments": [0, 0, 0, 2.717, 0]}, {"Target": "Parameter", "Id": "PARAM_EYEBALL_X", "Segments": [0, 0, 0, 2.717, 0]}, {"Target": "Parameter", "Id": "PARAM_UPPER_BODY", "Segments": [0, 0, 0, 2.717, 0]}, {"Target": "Parameter", "Id": "PARAM_BREATH", "Segments": [0, 0, 0, 2.717, 0]}, {"Target": "Parameter", "Id": "PARAM_LEG_L_Z", "Segments": [0, 0, 0, 2.717, 0]}, {"Target": "Parameter", "Id": "PARAM_LEG_R_Z", "Segments": [0, 0, 0, 2.717, 0]}, {"Target": "Parameter", "Id": "PARAM_ARM_R_4", "Segments": [0, 0, 0, 2.717, 0]}, {"Target": "Parameter", "Id": "PARAM_ARM_R_7", "Segments": [0, 8, 0, 2.717, 8]}, {"Target": "Parameter", "Id": "PARAM_HAND_R_B", "Segments": [0, 0, 0, 2.717, 0]}, {"Target": "Parameter", "Id": "PARAM_HAND_R_C", "Segments": [0, 0, 0, 2.717, 0]}, {"Target": "Parameter", "Id": "PARAM_HAND_R_D", "Segments": [0, 0, 0, 2.717, 0]}, {"Target": "Parameter", "Id": "PARAM_HAND_R_E", "Segments": [0, 0, 0, 2.717, 0]}, {"Target": "Parameter", "Id": "PARAM_HAND_R_F", "Segments": [0, 0, 0, 2.717, 0]}, {"Target": "Parameter", "Id": "PARAM_HAND_R_H", "Segments": [0, 0, 0, 2.717, 0]}, {"Target": "Parameter", "Id": "PARAM_HAND_R_I", "Segments": [0, 0, 0, 2.717, 0]}, {"Target": "Parameter", "Id": "PARAM_HAND_R_J", "Segments": [0, 0, 0, 2.717, 0]}, {"Target": "Parameter", "Id": "PARAM_HAND_R_K", "Segments": [0, 0, 0, 2.717, 0]}, {"Target": "Parameter", "Id": "PARAM_ARM_L_4", "Segments": [0, 0, 0, 2.717, 0]}, {"Target": "Parameter", "Id": "PARAM_ARM_L_5", "Segments": [0, 0, 0, 2.717, 0]}, {"Target": "Parameter", "Id": "PARAM_ARM_L_7", "Segments": [0, 0, 0, 2.717, 0]}, {"Target": "Parameter", "Id": "1644519573", "Segments": [0, -1, 0, 2.717, -1]}, {"Target": "Parameter", "Id": "PARAM_HAND_L_B", "Segments": [0, 0, 0, 2.717, 0]}, {"Target": "Parameter", "Id": "PARAM_HAND_L_C", "Segments": [0, 0, 0, 2.717, 0]}, {"Target": "Parameter", "Id": "PARAM_HAND_L_D", "Segments": [0, 0, 0, 2.717, 0]}, {"Target": "Parameter", "Id": "PARAM_HAND_L_E", "Segments": [0, 0, 0, 2.717, 0]}, {"Target": "Parameter", "Id": "PARAM_HAND_L_F", "Segments": [0, 0, 0, 2.717, 0]}, {"Target": "Parameter", "Id": "PARAM_HAND_L_H", "Segments": [0, 0, 0, 2.717, 0]}, {"Target": "Parameter", "Id": "PARAM_HAND_L_I", "Segments": [0, 0, 0, 2.717, 0]}, {"Target": "Parameter", "Id": "PARAM_HAND_L_J", "Segments": [0, 0, 0, 2.717, 0]}, {"Target": "Parameter", "Id": "PARAM_HAND_L_K", "Segments": [0, 0, 0, 2.717, 0]}, {"Target": "Parameter", "Id": "PARAM_HEAD_HANG_Z", "Segments": [0, 0, 0, 2.717, 0]}, {"Target": "Parameter", "Id": "PARAM_HAIR_FRONT", "Segments": [0, 0, 0, 2.717, 0]}, {"Target": "Parameter", "Id": "PARAM_HAIR_SIDE", "Segments": [0, 0, 0, 2.717, 0]}, {"Target": "Parameter", "Id": "PARAM_HAIR_BACK", "Segments": [0, 0, 0, 2.717, 0]}, {"Target": "Parameter", "Id": "PARAM_HAIR_HUWA", "Segments": [0, 0, 0, 2.717, 0]}, {"Target": "Parameter", "Id": "PARAM_SKIRT_SWING", "Segments": [0, 0, 0, 2.717, 0]}, {"Target": "Parameter", "Id": "PARAM_SKIRT_FUWA", "Segments": [0, 0, 0, 2.717, 0]}, {"Target": "Parameter", "Id": "PARAM_SWING_A", "Segments": [0, 0, 0, 2.717, 0]}, {"Target": "Parameter", "Id": "PARAM_SWING_B", "Segments": [0, 0, 0, 2.717, 0]}, {"Target": "Parameter", "Id": "PARAM_SWING_C", "Segments": [0, 0, 0, 2.717, 0]}, {"Target": "Parameter", "Id": "PARAM_SWING_D", "Segments": [0, 0, 0, 2.717, 0]}, {"Target": "Parameter", "Id": "PARAM_SWING_E", "Segments": [0, 0, 0, 2.717, 0]}, {"Target": "Parameter", "Id": "PARAM_SWING_F", "Segments": [0, 0, 0, 2.717, 0]}, {"Target": "Parameter", "Id": "PARAM_SIZE", "Segments": [0, 10, 0, 2.717, 10]}], "UserData": [{"Time": 0.6, "Value": "eyeblink,0.20,0.23,0.20"}]}