{"Version": 3, "Meta": {"Duration": 2.567, "Fps": 60.0, "Loop": true, "AreBeziersRestricted": true, "CurveCount": 61, "UserDataCount": 1, "TotalSegmentCount": 181, "TotalPointCount": 181, "TotalUserDataSize": 23}, "Curves": [{"Target": "Parameter", "Id": "ParamPositionX", "Segments": [0, 0, 0, 0.4, 1, 0, 0.8, 0, 2, 2.567, 0]}, {"Target": "Parameter", "Id": "ParamAngleX", "Segments": [0, 0, 0, 0.3, -4, 0, 0.967, 4, 0, 1.467, 1, 2, 2.567, 1]}, {"Target": "Parameter", "Id": "ParamAngleY", "Segments": [0, 0, 0, 0.3, 10, 0, 0.967, -4, 0, 1.467, 0, 2, 2.567, 0]}, {"Target": "Parameter", "Id": "ParamAngleZ", "Segments": [0, 0, 0, 0.4, 7, 0, 1.067, -12, 0, 1.567, -8, 2, 2.567, -8]}, {"Target": "Parameter", "Id": "ParamEyeROpen", "Segments": [0, 1, 0, 0.4, 1, 0, 0.6, 0, 0, 0.8, 1, 2, 2.567, 1]}, {"Target": "Parameter", "Id": "ParamEyeLOpen", "Segments": [0, 1, 0, 0.4, 1, 0, 0.6, 0, 0, 0.8, 1, 2, 2.567, 1]}, {"Target": "Parameter", "Id": "ParamEyeballX", "Segments": [0, 0, 0, 0.333, 0.2, 0, 0.867, -0.1, 0, 1.4, 0, 2, 2.567, 0]}, {"Target": "Parameter", "Id": "ParamBodyAngleX", "Segments": [0, 0, 0, 0.333, -2, 0, 1.067, 3, 2, 2.567, 3]}, {"Target": "Parameter", "Id": "ParamBodyAngleY", "Segments": [0, 0, 0, 0.267, 3, 0, 1, -4, 0, 1.533, -1, 2, 2.567, -1]}, {"Target": "Parameter", "Id": "ParamBodyAngleZ", "Segments": [0, 2, 0, 0.467, 2, 0, 1.167, 1, 2, 2.567, 1]}, {"Target": "Parameter", "Id": "ParamUpperBodyZ", "Segments": [0, -1, 0, 0.467, -2, 0, 1.167, 3, 2, 2.567, 3]}, {"Target": "Parameter", "Id": "ParamUpperBody", "Segments": [0, 0, 0, 0.267, 3, 0, 1, -10, 0, 1.5, -9, 2, 2.567, -9]}, {"Target": "Parameter", "Id": "ParamLegLZ", "Segments": [0, 0, 0, 1.1, 1, 2, 2.567, 1]}, {"Target": "Parameter", "Id": "ParamLegRZ", "Segments": [0, 0, 0, 1.1, -2, 2, 2.567, -2]}, {"Target": "Parameter", "Id": "ParamShoulderR", "Segments": [0, 0, 0, 0.833, 4, 2, 2.567, 4]}, {"Target": "Parameter", "Id": "ParamArmR1", "Segments": [0, -38, 0, 0.4, -51, 0, 1.033, -47, 2, 2.567, -47]}, {"Target": "Parameter", "Id": "ParamArmR2", "Segments": [0, 39, 0, 0.467, 40, 0, 1.1, 39, 2, 2.567, 39]}, {"Target": "Parameter", "Id": "ParamArmR3", "Segments": [0, 11, 0, 0.533, 20, 0, 1.2, 8, 2, 2.567, 8]}, {"Target": "Parameter", "Id": "ParamArmR5", "Segments": [0, 7, 0, 1.1, 9, 2, 2.567, 9]}, {"Target": "Parameter", "Id": "ParamArmR8", "Segments": [0, 16, 0, 0.533, 25, 0, 1.2, 9, 2, 2.567, 9]}, {"Target": "Parameter", "Id": "ParamFingerR", "Segments": [0, -6, 0, 1.083, 0, 2, 2.567, 0]}, {"Target": "Parameter", "Id": "ParamShoulderL", "Segments": [0, 0, 0, 0.367, 3, 0, 0.8, 1, 2, 2.567, 1]}, {"Target": "Parameter", "Id": "ParamArmL2", "Segments": [0, 5, 0, 0.267, 6, 0, 0.767, 4, 2, 2.567, 4]}, {"Target": "Parameter", "Id": "ParamArmL3", "Segments": [0, 16, 0, 0.4, 26, 0, 0.933, 9, 2, 2.567, 9]}, {"Target": "Parameter", "Id": "ParamArmL4", "Segments": [0, 0, 0, 0.267, 5, 0, 0.733, 0, 2, 2.567, 0]}, {"Target": "Parameter", "Id": "ParamArmL5", "Segments": [0, 0, 0, 0.267, 4, 0, 0.767, 0, 2, 2.567, 0]}, {"Target": "Parameter", "Id": "ParamArmL8", "Segments": [0, 5, 0, 0.433, 15, 0, 1.083, 0, 2, 2.567, 0]}, {"Target": "Parameter", "Id": "ParamFingerL", "Segments": [0, 0, 0, 0.433, -5, 0, 1, 0, 2, 2.567, 0]}, {"Target": "Parameter", "Id": "ParamPositionY", "Segments": [0, 0, 0, 2.567, 0]}, {"Target": "Parameter", "Id": "ParamRotationZ", "Segments": [0, 0, 0, 2.567, 0]}, {"Target": "Parameter", "Id": "ParamBreath", "Segments": [0, 0, 0, 2.567, 0]}, {"Target": "Parameter", "Id": "ParamArmR4", "Segments": [0, 0, 0, 2.567, 0]}, {"Target": "Parameter", "Id": "ParamArmR6", "Segments": [0, 1, 0, 2.567, 1]}, {"Target": "Parameter", "Id": "ParamArmR7", "Segments": [0, -7, 0, 2.567, -7]}, {"Target": "Parameter", "Id": "ParamArmR9", "Segments": [0, 0, 0, 2.567, 0]}, {"Target": "Parameter", "Id": "ParamHandRA", "Segments": [0, 0, 0, 2.567, 0]}, {"Target": "Parameter", "Id": "ParamHandRB", "Segments": [0, 0, 0, 2.567, 0]}, {"Target": "Parameter", "Id": "ParamHandRC", "Segments": [0, 0, 0, 2.567, 0]}, {"Target": "Parameter", "Id": "ParamHandRD", "Segments": [0, 0, 0, 2.567, 0]}, {"Target": "Parameter", "Id": "ParamHandRE", "Segments": [0, 0, 0, 2.567, 0]}, {"Target": "Parameter", "Id": "ParamHandRF", "Segments": [0, 0, 0, 2.567, 0]}, {"Target": "Parameter", "Id": "ParamHandRG", "Segments": [0, 1, 0, 2.567, 1]}, {"Target": "Parameter", "Id": "ParamHandRH", "Segments": [0, 0, 0, 2.567, 0]}, {"Target": "Parameter", "Id": "ParamHandRI", "Segments": [0, 0, 0, 2.567, 0]}, {"Target": "Parameter", "Id": "ParamHandRJ", "Segments": [0, 0, 0, 2.567, 0]}, {"Target": "Parameter", "Id": "ParamHandRK", "Segments": [0, 0, 0, 2.567, 0]}, {"Target": "Parameter", "Id": "ParamArmL1", "Segments": [0, -44, 0, 2.567, -44]}, {"Target": "Parameter", "Id": "ParamArmL6", "Segments": [0, 1, 0, 2.567, 1]}, {"Target": "Parameter", "Id": "ParamArmL7", "Segments": [0, 5, 0, 2.567, 5]}, {"Target": "Parameter", "Id": "ParamArmL9", "Segments": [0, -0.2, 0, 2.567, -0.2]}, {"Target": "Parameter", "Id": "ParamHandLA", "Segments": [0, 0, 0, 2.567, 0]}, {"Target": "Parameter", "Id": "ParamHandLB", "Segments": [0, 0, 0, 2.567, 0]}, {"Target": "Parameter", "Id": "ParamHandLC", "Segments": [0, 0, 0, 2.567, 0]}, {"Target": "Parameter", "Id": "ParamHandLD", "Segments": [0, 0, 0, 2.567, 0]}, {"Target": "Parameter", "Id": "ParamHandLE", "Segments": [0, 0, 0, 2.567, 0]}, {"Target": "Parameter", "Id": "ParamHandLF", "Segments": [0, 0, 0, 2.567, 0]}, {"Target": "Parameter", "Id": "ParamHandLG", "Segments": [0, 1, 0, 2.567, 1]}, {"Target": "Parameter", "Id": "ParamHandLH", "Segments": [0, 0, 0, 2.567, 0]}, {"Target": "Parameter", "Id": "ParamHandLI", "Segments": [0, 0, 0, 2.567, 0]}, {"Target": "Parameter", "Id": "ParamHandLJ", "Segments": [0, 0, 0, 2.567, 0]}, {"Target": "Parameter", "Id": "ParamHandLK", "Segments": [0, 0, 0, 2.567, 0]}], "UserData": [{"Time": 0.4, "Value": "eyeblink,0.20,0.00,0.20"}]}