{"Version": 3, "Meta": {"Duration": 2.483, "Fps": 60.0, "Loop": true, "AreBeziersRestricted": true, "CurveCount": 61, "UserDataCount": 1, "TotalSegmentCount": 202, "TotalPointCount": 210, "TotalUserDataSize": 23}, "Curves": [{"Target": "Parameter", "Id": "ParamAngleX", "Segments": [0, 0, 0, 0.15, 0, 0, 0.6, -1, 0, 1.25, 8, 0, 1.833, 6, 2, 2.483, 6]}, {"Target": "Parameter", "Id": "ParamAngleY", "Segments": [0, 2, 0, 0.15, 2, 0, 0.6, 6, 0, 1.25, -2, 0, 1.833, 0, 2, 2.483, 0]}, {"Target": "Parameter", "Id": "ParamAngleZ", "Segments": [0, -6, 0, 0.15, -6, 0, 0.6, -18, 0, 1.25, 15, 0, 1.833, 12, 2, 2.483, 12]}, {"Target": "Parameter", "Id": "ParamEyeROpen", "Segments": [0, 1, 0, 0.5, 1, 0, 0.917, 0, 2, 1, 0, 0, 1.383, 1, 2, 2.483, 1]}, {"Target": "Parameter", "Id": "ParamEyeLOpen", "Segments": [0, 1, 0, 0.5, 1, 0, 0.917, 0, 2, 1, 0, 0, 1.383, 1, 2, 2.483, 1]}, {"Target": "Parameter", "Id": "ParamBodyAngleX", "Segments": [0, 4, 0, 0.383, -8, 0, 0.983, 10, 0, 1.533, 9, 2, 2.483, 9]}, {"Target": "Parameter", "Id": "ParamBodyAngleY", "Segments": [0, 0, 0, 0.383, 2, 0, 0.983, 0, 2, 1.533, 0, 2, 2.483, 0]}, {"Target": "Parameter", "Id": "ParamUpperBodyZ", "Segments": [0, 8, 0, 0.033, 8, 0, 0.417, 5, 0, 1.017, 10, 0, 1.683, 8, 2, 2.483, 8]}, {"Target": "Parameter", "Id": "ParamUpperBody", "Segments": [0, 0, 0, 0.383, 1, 0, 0.983, 0, 2, 2.483, 0]}, {"Target": "Parameter", "Id": "ParamShoulderR", "Segments": [0, -1, 0, 0.383, 8, 0, 0.983, -4, 0, 1.533, -2, 2, 2.483, -2]}, {"Target": "Parameter", "Id": "ParamArmR1", "Segments": [0, -42, 0, 0.383, -37, 0, 0.983, -44, 0, 1.533, -42, 2, 2.483, -42]}, {"Target": "Parameter", "Id": "ParamArmR2", "Segments": [0, -2, 0, 0.067, -2, 0, 0.45, -6, 0, 1.05, -1, 0, 1.6, -2, 2, 2.483, -2]}, {"Target": "Parameter", "Id": "ParamArmR3", "Segments": [0, 0, 0, 0.133, 0, 0, 0.517, -25, 0, 1.117, -11, 0, 1.667, -16, 2, 2.483, -16]}, {"Target": "Parameter", "Id": "ParamArmR4", "Segments": [0, 0, 0, 0.383, -6, 0, 0.983, 0, 2, 2.483, 0]}, {"Target": "Parameter", "Id": "ParamArmR5", "Segments": [0, 0, 0, 0.383, 6, 0, 0.983, 1, 2, 2.483, 1]}, {"Target": "Parameter", "Id": "ParamArmR8", "Segments": [0, 0, 0, 0.483, -21, 0, 1.067, -13, 0, 1.683, -18, 2, 2.483, -18]}, {"Target": "Parameter", "Id": "ParamFingerR", "Segments": [0, 0, 0, 0.5, 10, 0, 1.1, -10, 0, 1.733, 0, 2, 2.483, 0]}, {"Target": "Parameter", "Id": "ParamShoulderL", "Segments": [0, 1, 0, 0.383, 8, 0, 0.983, -1, 0, 1.533, 4, 2, 2.483, 4]}, {"Target": "Parameter", "Id": "ParamArmL1", "Segments": [0, -40, 0, 0.383, -46, 0, 0.983, -39, 2, 2.483, -39]}, {"Target": "Parameter", "Id": "ParamArmL2", "Segments": [0, 42, 0, 0.083, 42, 0, 0.467, 40, 0, 1.067, 43, 0, 1.617, 42, 2, 2.483, 42]}, {"Target": "Parameter", "Id": "ParamArmL3", "Segments": [0, 3, 0, 0.55, -18, 1, 0.7, -18, 0.85, -5.568, 1, 6, 1, 1.133, 16.283, 1.267, 18.0, 1.4, 18, 0, 1.783, 9, 2, 2.483, 9]}, {"Target": "Parameter", "Id": "ParamArmL4", "Segments": [0, 7, 0, 0.383, 14, 1, 0.583, 14, 0.783, 11.057, 0.983, 9, 1, 1.166, 7.114, 1.35, 7.0, 1.533, 7, 2, 2.483, 7]}, {"Target": "Parameter", "Id": "ParamArmL5", "Segments": [0, 3, 0, 0.383, 2, 0, 0.983, 3, 2, 2.483, 3]}, {"Target": "Parameter", "Id": "ParamArmL8", "Segments": [0, 0, 0, 0.5, -14, 0, 1.067, 18, 0, 1.65, 9, 2, 2.483, 9]}, {"Target": "Parameter", "Id": "ParamFingerL", "Segments": [0, 0, 0, 0.433, -6, 0, 1.017, 6, 0, 1.65, 0, 2, 2.483, 0]}, {"Target": "Parameter", "Id": "ParamPositionX", "Segments": [0, 1, 0, 2.483, 1]}, {"Target": "Parameter", "Id": "ParamPositionY", "Segments": [0, 0, 0, 2.483, 0]}, {"Target": "Parameter", "Id": "ParamRotationZ", "Segments": [0, 0, 0, 2.483, 0]}, {"Target": "Parameter", "Id": "ParamEyeballX", "Segments": [0, -0.1, 0, 2.483, -0.1]}, {"Target": "Parameter", "Id": "ParamBodyAngleZ", "Segments": [0, -5, 0, 2.483, -5]}, {"Target": "Parameter", "Id": "ParamBreath", "Segments": [0, 0, 0, 2.483, 0]}, {"Target": "Parameter", "Id": "ParamLegLZ", "Segments": [0, -4, 0, 2.483, -4]}, {"Target": "Parameter", "Id": "ParamLegRZ", "Segments": [0, 1, 0, 2.483, 1]}, {"Target": "Parameter", "Id": "ParamArmR6", "Segments": [0, 0, 0, 2.483, 0]}, {"Target": "Parameter", "Id": "ParamArmR7", "Segments": [0, 0, 0, 2.483, 0]}, {"Target": "Parameter", "Id": "ParamArmR9", "Segments": [0, -0.8, 0, 2.483, -0.8]}, {"Target": "Parameter", "Id": "ParamHandRA", "Segments": [0, 1, 0, 2.483, 1]}, {"Target": "Parameter", "Id": "ParamHandRB", "Segments": [0, 0, 0, 2.483, 0]}, {"Target": "Parameter", "Id": "ParamHandRC", "Segments": [0, 0, 0, 2.483, 0]}, {"Target": "Parameter", "Id": "ParamHandRD", "Segments": [0, 0, 0, 2.483, 0]}, {"Target": "Parameter", "Id": "ParamHandRE", "Segments": [0, 0, 0, 2.483, 0]}, {"Target": "Parameter", "Id": "ParamHandRF", "Segments": [0, 0, 0, 2.483, 0]}, {"Target": "Parameter", "Id": "ParamHandRG", "Segments": [0, 0, 0, 2.483, 0]}, {"Target": "Parameter", "Id": "ParamHandRH", "Segments": [0, 0, 0, 2.483, 0]}, {"Target": "Parameter", "Id": "ParamHandRI", "Segments": [0, 0, 0, 2.483, 0]}, {"Target": "Parameter", "Id": "ParamHandRJ", "Segments": [0, 0, 0, 2.483, 0]}, {"Target": "Parameter", "Id": "ParamHandRK", "Segments": [0, 0, 0, 2.483, 0]}, {"Target": "Parameter", "Id": "ParamArmL6", "Segments": [0, 1, 0, 2.483, 1]}, {"Target": "Parameter", "Id": "ParamArmL7", "Segments": [0, -5, 0, 2.483, -5]}, {"Target": "Parameter", "Id": "ParamArmL9", "Segments": [0, 0.7, 0, 2.483, 0.7]}, {"Target": "Parameter", "Id": "ParamHandLA", "Segments": [0, 0, 0, 2.483, 0]}, {"Target": "Parameter", "Id": "ParamHandLB", "Segments": [0, 1, 0, 2.483, 1]}, {"Target": "Parameter", "Id": "ParamHandLC", "Segments": [0, 0, 0, 2.483, 0]}, {"Target": "Parameter", "Id": "ParamHandLD", "Segments": [0, 0, 0, 2.483, 0]}, {"Target": "Parameter", "Id": "ParamHandLE", "Segments": [0, 0, 0, 2.483, 0]}, {"Target": "Parameter", "Id": "ParamHandLF", "Segments": [0, 0, 0, 2.483, 0]}, {"Target": "Parameter", "Id": "ParamHandLG", "Segments": [0, 0, 0, 2.483, 0]}, {"Target": "Parameter", "Id": "ParamHandLH", "Segments": [0, 0, 0, 2.483, 0]}, {"Target": "Parameter", "Id": "ParamHandLI", "Segments": [0, 0, 0, 2.483, 0]}, {"Target": "Parameter", "Id": "ParamHandLJ", "Segments": [0, 0, 0, 2.483, 0]}, {"Target": "Parameter", "Id": "ParamHandLK", "Segments": [0, 0, 0, 2.483, 0]}], "UserData": [{"Time": 0.233, "Value": "eyeblink,0.20,0.57,0.20"}]}