{"Version": 3, "Meta": {"Duration": 2.333, "Fps": 60.0, "Loop": true, "AreBeziersRestricted": true, "CurveCount": 61, "UserDataCount": 1, "TotalSegmentCount": 190, "TotalPointCount": 198, "TotalUserDataSize": 23}, "Curves": [{"Target": "Parameter", "Id": "ParamPositionX", "Segments": [0, 1, 0, 1.35, 0, 2, 2.333, 0]}, {"Target": "Parameter", "Id": "ParamPositionY", "Segments": [0, 0, 0, 0.283, 1, 0, 0.683, 0, 2, 2.333, 0]}, {"Target": "Parameter", "Id": "ParamAngleX", "Segments": [0, 0, 0, 0.483, 2, 0, 1, 0, 2, 2.333, 0]}, {"Target": "Parameter", "Id": "ParamAngleY", "Segments": [0, 0, 0, 0.483, 1, 2, 2.333, 1]}, {"Target": "Parameter", "Id": "ParamAngleZ", "Segments": [0, 0, 0, 0.633, -11, 0, 1.2, 6, 2, 2.333, 6]}, {"Target": "Parameter", "Id": "ParamEyeROpen", "Segments": [0, 1, 0, 0.567, 1, 0, 0.767, 0, 2, 1, 0, 0, 1.233, 1, 2, 2.333, 1]}, {"Target": "Parameter", "Id": "ParamEyeLOpen", "Segments": [0, 1, 0, 0.567, 1, 0, 0.767, 0, 2, 1, 0, 0, 1.233, 1, 2, 2.333, 1]}, {"Target": "Parameter", "Id": "ParamEyeballX", "Segments": [0, 0, 0, 0.45, 0.1, 2, 2.333, 0.1]}, {"Target": "Parameter", "Id": "ParamBodyAngleX", "Segments": [0, -4, 0, 0.417, 3, 0, 1.083, -1, 2, 2.333, -1]}, {"Target": "Parameter", "Id": "ParamBodyAngleY", "Segments": [0, 0, 0, 0.317, 4, 0, 1.083, 0, 2, 2.333, 0]}, {"Target": "Parameter", "Id": "ParamUpperBodyZ", "Segments": [0, 7, 0, 0.8, 6, 2, 2.333, 6]}, {"Target": "Parameter", "Id": "ParamLegLZ", "Segments": [0, -1, 0, 0.85, 1, 2, 2.333, 1]}, {"Target": "Parameter", "Id": "ParamLegRZ", "Segments": [0, 4, 0, 0.85, 5, 2, 2.333, 5]}, {"Target": "Parameter", "Id": "ParamShoulderR", "Segments": [0, 0, 0, 0.733, 2, 2, 2.333, 2]}, {"Target": "Parameter", "Id": "ParamArmR1", "Segments": [0, -46, 0, 0.267, -26, 0, 0.733, -39, 2, 2.333, -39]}, {"Target": "Parameter", "Id": "ParamArmR2", "Segments": [0, -2, 0, 0.267, -1, 1, 0.45, 2.478, 0.634, 28.0, 0.817, 28, 2, 2.333, 28]}, {"Target": "Parameter", "Id": "ParamArmR3", "Segments": [0, -17, 0, 0.867, -2, 2, 2.333, -2]}, {"Target": "Parameter", "Id": "ParamArmR4", "Segments": [0, 0, 0, 0.617, 22, 0, 1.2, 10, 2, 2.333, 10]}, {"Target": "Parameter", "Id": "ParamArmR5", "Segments": [0, 0, 0, 0.733, 9, 2, 2.333, 9]}, {"Target": "Parameter", "Id": "ParamArmR6", "Segments": [0, 0, 0, 0.25, 0, 1, 0.256, 0, 0.261, 0.999, 0.267, 1, 1, 0.834, 1.067, 1.4, 1.1, 1.967, 1.1, 2, 2.333, 1.1]}, {"Target": "Parameter", "Id": "ParamArmR8", "Segments": [0, -20, 0, 1.967, -6, 2, 2.333, -6]}, {"Target": "Parameter", "Id": "ParamArmR9", "Segments": [0, -0.8, 0, 1.967, 0.8, 2, 2.333, 0.8]}, {"Target": "Parameter", "Id": "ParamHandRA", "Segments": [0, 1, 0, 0.467, 1, 0, 0.633, 0, 2, 1.967, 0, 2, 2.333, 0]}, {"Target": "Parameter", "Id": "ParamHandRF", "Segments": [0, 0, 0, 0.467, 0, 0, 0.633, 1, 2, 2.333, 1]}, {"Target": "Parameter", "Id": "ParamFingerR", "Segments": [0, 0, 0, 0.85, 7, 0, 1.517, -2, 0, 1.967, 0, 2, 2.333, 0]}, {"Target": "Parameter", "Id": "ParamShoulderL", "Segments": [0, 5, 0, 0.567, 1, 2, 1.05, 1, 2, 2.333, 1]}, {"Target": "Parameter", "Id": "ParamArmL1", "Segments": [0, 7, 0, 0.567, -31, 2, 1.05, -31, 2, 2.333, -31]}, {"Target": "Parameter", "Id": "ParamArmL2", "Segments": [0, 18, 0, 0.633, 31, 0, 1.117, 29, 2, 2.333, 29]}, {"Target": "Parameter", "Id": "ParamArmL3", "Segments": [0, 18, 0, 0.75, 17, 1, 0.911, 16.335, 1.072, 10.0, 1.233, 10, 2, 2.333, 10]}, {"Target": "Parameter", "Id": "ParamArmL4", "Segments": [0, -20, 0, 0.75, 23, 0, 1.233, 12, 2, 2.333, 12]}, {"Target": "Parameter", "Id": "ParamArmL5", "Segments": [0, 7, 0, 0.283, 12, 0, 0.75, 6, 2, 1.233, 6, 2, 2.333, 6]}, {"Target": "Parameter", "Id": "ParamArmL8", "Segments": [0, 23, 0, 1.967, -7, 2, 2.333, -7]}, {"Target": "Parameter", "Id": "ParamArmL9", "Segments": [0, 0.6, 0, 1.967, 0.7, 2, 2.333, 0.7]}, {"Target": "Parameter", "Id": "ParamHandLF", "Segments": [0, 0, 0, 0.1, 0, 0, 0.267, 1, 2, 2.333, 1]}, {"Target": "Parameter", "Id": "ParamHandLJ", "Segments": [0, 1, 0, 0.1, 1, 0, 0.267, 0, 2, 2.333, 0]}, {"Target": "Parameter", "Id": "ParamFingerL", "Segments": [0, 0, 0, 0.5, 6, 0, 0.983, -3, 0, 1.567, 0, 2, 2.333, 0]}, {"Target": "Parameter", "Id": "ParamRotationZ", "Segments": [0, 0, 0, 2.333, 0]}, {"Target": "Parameter", "Id": "ParamBodyAngleZ", "Segments": [0, -5, 0, 2.333, -5]}, {"Target": "Parameter", "Id": "ParamUpperBody", "Segments": [0, 0, 0, 2.333, 0]}, {"Target": "Parameter", "Id": "ParamBreath", "Segments": [0, 0, 0, 2.333, 0]}, {"Target": "Parameter", "Id": "ParamArmR7", "Segments": [0, 0, 0, 2.333, 0]}, {"Target": "Parameter", "Id": "ParamHandRB", "Segments": [0, 0, 0, 2.333, 0]}, {"Target": "Parameter", "Id": "ParamHandRC", "Segments": [0, 0, 0, 2.333, 0]}, {"Target": "Parameter", "Id": "ParamHandRD", "Segments": [0, 0, 0, 2.333, 0]}, {"Target": "Parameter", "Id": "ParamHandRE", "Segments": [0, 0, 0, 2.333, 0]}, {"Target": "Parameter", "Id": "ParamHandRG", "Segments": [0, 0, 0, 2.333, 0]}, {"Target": "Parameter", "Id": "ParamHandRH", "Segments": [0, 0, 0, 2.333, 0]}, {"Target": "Parameter", "Id": "ParamHandRI", "Segments": [0, 0, 0, 2.333, 0]}, {"Target": "Parameter", "Id": "ParamHandRJ", "Segments": [0, 0, 0, 2.333, 0]}, {"Target": "Parameter", "Id": "ParamHandRK", "Segments": [0, 0, 0, 2.333, 0]}, {"Target": "Parameter", "Id": "ParamArmL6", "Segments": [0, 1, 0, 2.333, 1]}, {"Target": "Parameter", "Id": "ParamArmL7", "Segments": [0, 0, 0, 2.333, 0]}, {"Target": "Parameter", "Id": "ParamHandLA", "Segments": [0, 0, 0, 2.333, 0]}, {"Target": "Parameter", "Id": "ParamHandLB", "Segments": [0, 0, 0, 2.333, 0]}, {"Target": "Parameter", "Id": "ParamHandLC", "Segments": [0, 0, 0, 2.333, 0]}, {"Target": "Parameter", "Id": "ParamHandLD", "Segments": [0, 0, 0, 2.333, 0]}, {"Target": "Parameter", "Id": "ParamHandLE", "Segments": [0, 0, 0, 2.333, 0]}, {"Target": "Parameter", "Id": "ParamHandLG", "Segments": [0, 0, 0, 2.333, 0]}, {"Target": "Parameter", "Id": "ParamHandLH", "Segments": [0, 0, 0, 2.333, 0]}, {"Target": "Parameter", "Id": "ParamHandLI", "Segments": [0, 0, 0, 2.333, 0]}, {"Target": "Parameter", "Id": "ParamHandLK", "Segments": [0, 0, 0, 2.333, 0]}], "UserData": [{"Time": 0.567, "Value": "eyeblink,0.20,0.23,0.20"}]}