{"Version": 3, "Meta": {"Duration": 2.6, "Fps": 60.0, "Loop": true, "AreBeziersRestricted": true, "CurveCount": 61, "UserDataCount": 1, "TotalSegmentCount": 193, "TotalPointCount": 197, "TotalUserDataSize": 22}, "Curves": [{"Target": "Parameter", "Id": "ParamPositionY", "Segments": [0, 0, 0, 0.367, 1, 0, 0.9, 0, 2, 1.833, 0, 2, 2.6, 0]}, {"Target": "Parameter", "Id": "ParamAngleX", "Segments": [0, 0, 0, 0.417, 5, 0, 1.15, 0, 2, 2.6, 0]}, {"Target": "Parameter", "Id": "ParamAngleY", "Segments": [0, 0, 0, 0.417, -18, 0, 1.15, 2, 2, 2.6, 2]}, {"Target": "Parameter", "Id": "ParamAngleZ", "Segments": [0, -15, 0, 0.567, -20, 0, 1.333, 11, 2, 2.6, 11]}, {"Target": "Parameter", "Id": "ParamEyeROpen", "Segments": [0, 1, 0, 0.317, 1, 0, 0.517, 0, 2, 0.75, 0, 0, 0.983, 1, 2, 2.6, 1]}, {"Target": "Parameter", "Id": "ParamEyeLOpen", "Segments": [0, 1, 0, 0.317, 1, 0, 0.517, 0, 2, 0.75, 0, 0, 0.983, 1, 2, 2.6, 1]}, {"Target": "Parameter", "Id": "ParamEyeballX", "Segments": [0, 0, 0, 0.467, 0.1, 0, 1.2, 0, 2, 2.6, 0]}, {"Target": "Parameter", "Id": "ParamBodyAngleX", "Segments": [0, 5, 0, 0.4, 6, 0, 1.833, 2, 2, 2.6, 2]}, {"Target": "Parameter", "Id": "ParamBodyAngleY", "Segments": [0, 0, 0, 0.4, 5, 0, 1.067, -1, 0, 1.833, 0, 2, 2.6, 0]}, {"Target": "Parameter", "Id": "ParamBodyAngleZ", "Segments": [0, -3, 0, 0.733, 2, 0, 1.833, -1, 2, 2.6, -1]}, {"Target": "Parameter", "Id": "ParamUpperBodyZ", "Segments": [0, 6, 0, 0.733, -1, 0, 1.833, 2, 2, 2.6, 2]}, {"Target": "Parameter", "Id": "ParamLegLZ", "Segments": [0, 1, 0, 1.333, 2, 2, 2.6, 2]}, {"Target": "Parameter", "Id": "ParamLegRZ", "Segments": [0, -4, 0, 1.333, 0, 2, 2.6, 0]}, {"Target": "Parameter", "Id": "ParamShoulderR", "Segments": [0, 2, 0, 0.433, 6, 0, 1.833, 4, 2, 2.6, 4]}, {"Target": "Parameter", "Id": "ParamArmR1", "Segments": [0, -35, 0, 0.533, -31, 1, 0.728, -29.946, 0.922, -30.0, 1.117, -30, 2, 2.6, -30]}, {"Target": "Parameter", "Id": "ParamArmR2", "Segments": [0, 43, 0, 0.633, 45, 0, 1.217, 39, 2, 2.6, 39]}, {"Target": "Parameter", "Id": "ParamArmR3", "Segments": [0, 25, 0, 0.733, 35, 0, 1.333, 10, 2, 2.6, 10]}, {"Target": "Parameter", "Id": "ParamArmR4", "Segments": [0, 20, 0, 1.167, 0, 2, 2.6, 0]}, {"Target": "Parameter", "Id": "ParamArmR5", "Segments": [0, 4, 0, 1.167, 8, 2, 2.6, 8]}, {"Target": "Parameter", "Id": "ParamArmR6", "Segments": [0, 1.1, 0, 0.367, 1, 2, 2.6, 1]}, {"Target": "Parameter", "Id": "ParamHandRF", "Segments": [0, 0, 0, 0.867, 0, 0, 1.033, 1, 2, 2.6, 1]}, {"Target": "Parameter", "Id": "ParamHandRJ", "Segments": [0, 1, 0, 0.867, 1, 0, 1.033, 0, 2, 2.6, 0]}, {"Target": "Parameter", "Id": "ParamFingerR", "Segments": [0, 0, 0, 0.533, 8, 0, 1.1, -5, 0, 1.733, 0, 2, 2.6, 0]}, {"Target": "Parameter", "Id": "ParamShoulderL", "Segments": [0, 2, 0, 0.933, 7, 2, 2.6, 7]}, {"Target": "Parameter", "Id": "ParamArmL1", "Segments": [0, -36, 0, 0.167, -23, 0, 0.517, -39, 0, 1.133, -36, 2, 2.6, -36]}, {"Target": "Parameter", "Id": "ParamArmL2", "Segments": [0, -2, 0, 0.167, -1, 1, 0.317, 4.109, 0.467, 45.0, 0.617, 45, 0, 1.233, 39, 2, 2.6, 39]}, {"Target": "Parameter", "Id": "ParamArmL3", "Segments": [0, -18, 0, 0.167, -19, 0, 0.633, 30, 0, 1.3, 9, 2, 2.6, 9]}, {"Target": "Parameter", "Id": "ParamArmL5", "Segments": [0, 0, 0, 0.333, 20, 0, 0.583, 6, 0, 1.233, 8, 2, 2.6, 8]}, {"Target": "Parameter", "Id": "ParamArmL6", "Segments": [0, 0, 0, 0.15, 0, 0, 0.167, 1, 2, 2.6, 1]}, {"Target": "Parameter", "Id": "ParamArmL8", "Segments": [0, -25, 0, 0.5, -40, 2, 2.6, -40]}, {"Target": "Parameter", "Id": "ParamHandLA", "Segments": [0, 1, 0, 0.217, 1, 0, 0.383, 0, 2, 2.6, 0]}, {"Target": "Parameter", "Id": "ParamHandLJ", "Segments": [0, 0, 0, 0.2, 0, 0, 0.367, 1, 2, 2.6, 1]}, {"Target": "Parameter", "Id": "ParamFingerL", "Segments": [0, 0, 0, 0.433, 10, 0, 1.1, -4, 0, 1.717, 0, 2, 2.6, 0]}, {"Target": "Parameter", "Id": "ParamPositionX", "Segments": [0, 0, 0, 2.6, 0]}, {"Target": "Parameter", "Id": "ParamRotationZ", "Segments": [0, 0, 0, 2.6, 0]}, {"Target": "Parameter", "Id": "ParamUpperBody", "Segments": [0, 0, 0, 2.6, 0]}, {"Target": "Parameter", "Id": "ParamBreath", "Segments": [0, 0, 0, 2.6, 0]}, {"Target": "Parameter", "Id": "ParamArmR7", "Segments": [0, -4, 0, 2.6, -4]}, {"Target": "Parameter", "Id": "ParamArmR8", "Segments": [0, 26, 0, 2.6, 26]}, {"Target": "Parameter", "Id": "ParamArmR9", "Segments": [0, 0, 0, 2.6, 0]}, {"Target": "Parameter", "Id": "ParamHandRA", "Segments": [0, 0, 0, 2.6, 0]}, {"Target": "Parameter", "Id": "ParamHandRB", "Segments": [0, 0, 0, 2.6, 0]}, {"Target": "Parameter", "Id": "ParamHandRC", "Segments": [0, 0, 0, 2.6, 0]}, {"Target": "Parameter", "Id": "ParamHandRD", "Segments": [0, 0, 0, 2.6, 0]}, {"Target": "Parameter", "Id": "ParamHandRE", "Segments": [0, 0, 0, 2.6, 0]}, {"Target": "Parameter", "Id": "ParamHandRG", "Segments": [0, 0, 0, 2.6, 0]}, {"Target": "Parameter", "Id": "ParamHandRH", "Segments": [0, 0, 0, 2.6, 0]}, {"Target": "Parameter", "Id": "ParamHandRI", "Segments": [0, 0, 0, 2.6, 0]}, {"Target": "Parameter", "Id": "ParamHandRK", "Segments": [0, 0, 0, 2.6, 0]}, {"Target": "Parameter", "Id": "ParamArmL4", "Segments": [0, 0, 0, 2.6, 0]}, {"Target": "Parameter", "Id": "ParamArmL7", "Segments": [0, 0, 0, 2.6, 0]}, {"Target": "Parameter", "Id": "ParamArmL9", "Segments": [0, 0, 0, 2.6, 0]}, {"Target": "Parameter", "Id": "ParamHandLB", "Segments": [0, 0, 0, 2.6, 0]}, {"Target": "Parameter", "Id": "ParamHandLC", "Segments": [0, 0, 0, 2.6, 0]}, {"Target": "Parameter", "Id": "ParamHandLD", "Segments": [0, 0, 0, 2.6, 0]}, {"Target": "Parameter", "Id": "ParamHandLE", "Segments": [0, 0, 0, 2.6, 0]}, {"Target": "Parameter", "Id": "ParamHandLF", "Segments": [0, 0, 0, 2.6, 0]}, {"Target": "Parameter", "Id": "ParamHandLG", "Segments": [0, 0, 0, 2.6, 0]}, {"Target": "Parameter", "Id": "ParamHandLH", "Segments": [0, 0, 0, 2.6, 0]}, {"Target": "Parameter", "Id": "ParamHandLI", "Segments": [0, 0, 0, 2.6, 0]}, {"Target": "Parameter", "Id": "ParamHandLK", "Segments": [0, 0, 0, 2.6, 0]}], "UserData": [{"Time": 0.317, "Value": "eyeblink,0.2,0.24,0.24"}]}