{"Version": 3, "Meta": {"Duration": 2, "Fps": 60.0, "Loop": true, "AreBeziersRestricted": true, "CurveCount": 61, "UserDataCount": 1, "TotalSegmentCount": 190, "TotalPointCount": 194, "TotalUserDataSize": 19}, "Curves": [{"Target": "Parameter", "Id": "ParamPositionY", "Segments": [0, 0, 0, 0.433, 1, 0, 0.867, 0, 2, 1.717, 0, 2, 2, 0]}, {"Target": "Parameter", "Id": "ParamRotationZ", "Segments": [0, 0, 0, 0.433, 1, 0, 0.867, 0, 2, 1.717, 0, 2, 2, 0]}, {"Target": "Parameter", "Id": "ParamAngleY", "Segments": [0, -4, 0, 0.433, -2, 1, 0.678, 0.83, 0.922, 3.0, 1.167, 3, 2, 1.717, 3, 2, 2, 3]}, {"Target": "Parameter", "Id": "ParamAngleZ", "Segments": [0, -15, 0, 0.467, -20, 0, 1.167, 17, 2, 1.717, 17, 2, 2, 17]}, {"Target": "Parameter", "Id": "ParamEyeROpen", "Segments": [0, 1, 0, 0.217, 1, 0, 0.417, 0, 0, 0.65, 1, 2, 2, 1]}, {"Target": "Parameter", "Id": "ParamEyeLOpen", "Segments": [0, 1, 0, 0.217, 1, 0, 0.417, 0, 0, 0.65, 1, 2, 2, 1]}, {"Target": "Parameter", "Id": "ParamBodyAngleX", "Segments": [0, -2, 0, 0.433, 1, 0, 0.967, -3, 2, 2, -3]}, {"Target": "Parameter", "Id": "ParamBodyAngleY", "Segments": [0, 0, 0, 0.433, 4, 0, 0.967, 0, 2, 2, 0]}, {"Target": "Parameter", "Id": "ParamBodyAngleZ", "Segments": [0, -2, 0, 0.517, -3, 0, 1.05, 2, 2, 2, 2]}, {"Target": "Parameter", "Id": "ParamUpperBodyZ", "Segments": [0, 5, 0, 0.517, 4, 1, 0.695, 2.792, 0.872, -3.0, 1.05, -3, 2, 2, -3]}, {"Target": "Parameter", "Id": "ParamLegLZ", "Segments": [0, -2, 0, 1.717, 1, 2, 2, 1]}, {"Target": "Parameter", "Id": "ParamLegRZ", "Segments": [0, 3, 0, 1.717, 0, 2, 2, 0]}, {"Target": "Parameter", "Id": "ParamShoulderR", "Segments": [0, 5, 0, 0.383, 8, 2, 1.017, 8, 2, 2, 8]}, {"Target": "Parameter", "Id": "ParamArmR1", "Segments": [0, -40, 0, 0.483, -25, 0, 1.117, -35, 2, 2, -35]}, {"Target": "Parameter", "Id": "ParamArmR2", "Segments": [0, 42, 0, 0.55, -3.9, 0, 1.167, -2, 2, 2, -2]}, {"Target": "Parameter", "Id": "ParamArmR3", "Segments": [0, 21, 0, 0.55, -36, 0, 1.2, -14, 2, 2, -14]}, {"Target": "Parameter", "Id": "ParamArmR4", "Segments": [0, 12, 0, 0.7, 0, 2, 2, 0]}, {"Target": "Parameter", "Id": "ParamArmR5", "Segments": [0, 6, 0, 0.2, 20, 0, 0.7, 3, 2, 2, 3]}, {"Target": "Parameter", "Id": "ParamArmR6", "Segments": [0, 1.1, 0, 0.7, 0, 2, 2, 0]}, {"Target": "Parameter", "Id": "ParamArmR7", "Segments": [0, -6, 0, 0.7, -3, 2, 2, -3]}, {"Target": "Parameter", "Id": "ParamArmR8", "Segments": [0, 0, 0, 0.7, -28, 2, 2, -28]}, {"Target": "Parameter", "Id": "ParamHandRA", "Segments": [0, 0, 0, 0.133, 0, 0, 0.3, 1, 2, 2, 1]}, {"Target": "Parameter", "Id": "ParamHandRD", "Segments": [0, 1, 0, 0.133, 1, 0, 0.3, 0, 2, 2, 0]}, {"Target": "Parameter", "Id": "ParamFingerR", "Segments": [0, 0, 0, 0.483, 6, 0, 1.033, -4, 0, 1.5, 0, 2, 2, 0]}, {"Target": "Parameter", "Id": "ParamShoulderL", "Segments": [0, 5, 0, 0.433, 8, 0, 0.867, 1, 0, 1.367, 6, 2, 2, 6]}, {"Target": "Parameter", "Id": "ParamArmL1", "Segments": [0, -40, 0, 0.433, -43, 0, 0.867, -39, 0, 1.367, -41, 2, 2, -41]}, {"Target": "Parameter", "Id": "ParamArmL2", "Segments": [0, 42, 0, 0.483, 43, 0, 0.917, 42, 0, 1.417, 42.5, 2, 2, 42.5]}, {"Target": "Parameter", "Id": "ParamArmL3", "Segments": [0, 20, 0, 0.533, 30, 0, 0.967, 21, 0, 1.483, 33, 2, 2, 33]}, {"Target": "Parameter", "Id": "ParamArmL4", "Segments": [0, 20, 0, 1.067, 26, 2, 2, 26]}, {"Target": "Parameter", "Id": "ParamArmL5", "Segments": [0, 7, 0, 1.067, 6, 2, 2, 6]}, {"Target": "Parameter", "Id": "ParamArmL8", "Segments": [0, 0, 0, 0.55, 13, 0, 1.017, 1, 2, 2, 1]}, {"Target": "Parameter", "Id": "ParamFingerL", "Segments": [0, 0, 0, 0.483, 7, 0, 1.033, -6, 0, 1.6, 0, 2, 2, 0]}, {"Target": "Parameter", "Id": "ParamPositionX", "Segments": [0, 0, 0, 2, 0]}, {"Target": "Parameter", "Id": "ParamAngleX", "Segments": [0, -1, 0, 2, -1]}, {"Target": "Parameter", "Id": "ParamEyeballX", "Segments": [0, 0, 0, 2, 0]}, {"Target": "Parameter", "Id": "ParamUpperBody", "Segments": [0, 0, 0, 2, 0]}, {"Target": "Parameter", "Id": "ParamBreath", "Segments": [0, 0, 0, 2, 0]}, {"Target": "Parameter", "Id": "ParamArmR9", "Segments": [0, 0, 0, 2, 0]}, {"Target": "Parameter", "Id": "ParamHandRB", "Segments": [0, 0, 0, 2, 0]}, {"Target": "Parameter", "Id": "ParamHandRC", "Segments": [0, 0, 0, 2, 0]}, {"Target": "Parameter", "Id": "ParamHandRE", "Segments": [0, 0, 0, 2, 0]}, {"Target": "Parameter", "Id": "ParamHandRF", "Segments": [0, 0, 0, 2, 0]}, {"Target": "Parameter", "Id": "ParamHandRG", "Segments": [0, 0, 0, 2, 0]}, {"Target": "Parameter", "Id": "ParamHandRH", "Segments": [0, 0, 0, 2, 0]}, {"Target": "Parameter", "Id": "ParamHandRI", "Segments": [0, 0, 0, 2, 0]}, {"Target": "Parameter", "Id": "ParamHandRJ", "Segments": [0, 0, 0, 2, 0]}, {"Target": "Parameter", "Id": "ParamHandRK", "Segments": [0, 0, 0, 2, 0]}, {"Target": "Parameter", "Id": "ParamArmL6", "Segments": [0, 1, 0, 2, 1]}, {"Target": "Parameter", "Id": "ParamArmL7", "Segments": [0, -6, 0, 2, -6]}, {"Target": "Parameter", "Id": "ParamArmL9", "Segments": [0, 0, 0, 2, 0]}, {"Target": "Parameter", "Id": "ParamHandLA", "Segments": [0, 0, 0, 2, 0]}, {"Target": "Parameter", "Id": "ParamHandLB", "Segments": [0, 0, 0, 2, 0]}, {"Target": "Parameter", "Id": "ParamHandLC", "Segments": [0, 0, 0, 2, 0]}, {"Target": "Parameter", "Id": "ParamHandLD", "Segments": [0, 1, 0, 2, 1]}, {"Target": "Parameter", "Id": "ParamHandLE", "Segments": [0, 0, 0, 2, 0]}, {"Target": "Parameter", "Id": "ParamHandLF", "Segments": [0, 0, 0, 2, 0]}, {"Target": "Parameter", "Id": "ParamHandLG", "Segments": [0, 0, 0, 2, 0]}, {"Target": "Parameter", "Id": "ParamHandLH", "Segments": [0, 0, 0, 2, 0]}, {"Target": "Parameter", "Id": "ParamHandLI", "Segments": [0, 0, 0, 2, 0]}, {"Target": "Parameter", "Id": "ParamHandLJ", "Segments": [0, 0, 0, 2, 0]}, {"Target": "Parameter", "Id": "ParamHandLK", "Segments": [0, 0, 0, 2, 0]}], "UserData": [{"Time": 0.217, "Value": "eyeblink,0.2,0,0.24"}]}