{"Version": 3, "Meta": {"Duration": 2.6, "Fps": 60.0, "Loop": true, "AreBeziersRestricted": true, "CurveCount": 61, "UserDataCount": 1, "TotalSegmentCount": 190, "TotalPointCount": 192, "TotalUserDataSize": 23}, "Curves": [{"Target": "Parameter", "Id": "ParamPositionY", "Segments": [0, 0, 0, 0.383, 2, 0, 0.817, -1, 0, 1.383, 0, 2, 2.6, 0]}, {"Target": "Parameter", "Id": "ParamAngleX", "Segments": [0, 0, 0, 0.35, -1, 1, 0.511, -1.754, 0.672, -2.0, 0.833, -2, 2, 1.333, -2, 2, 2.6, -2]}, {"Target": "Parameter", "Id": "ParamAngleY", "Segments": [0, 0, 0, 0.35, 19, 0, 0.833, -27, 0, 1.333, 2, 2, 2.6, 2]}, {"Target": "Parameter", "Id": "ParamAngleZ", "Segments": [0, 2, 0, 0.467, -6, 0, 0.917, 5, 0, 1.467, 4, 2, 2.6, 4]}, {"Target": "Parameter", "Id": "ParamEyeROpen", "Segments": [0, 1, 0, 0.6, 1, 0, 0.8, 0, 2, 1.067, 0, 0, 1.267, 1, 2, 2.6, 1]}, {"Target": "Parameter", "Id": "ParamEyeLOpen", "Segments": [0, 1, 0, 0.6, 1, 0, 0.8, 0, 2, 1.067, 0, 0, 1.267, 1, 2, 2.6, 1]}, {"Target": "Parameter", "Id": "ParamEyeballX", "Segments": [0, 0, 0, 0.517, 0.1, 0, 1.383, 0, 2, 2.6, 0]}, {"Target": "Parameter", "Id": "ParamBodyAngleX", "Segments": [0, -2, 0, 0.35, -1, 0, 0.917, -5, 2, 2.6, -5]}, {"Target": "Parameter", "Id": "ParamBodyAngleY", "Segments": [0, 0, 0, 0.35, 1, 0, 0.917, -1, 0, 1.333, 0, 2, 2.6, 0]}, {"Target": "Parameter", "Id": "ParamBodyAngleZ", "Segments": [0, 2, 0, 0.55, 1, 0, 1.467, 2, 2, 2.6, 2]}, {"Target": "Parameter", "Id": "ParamUpperBodyZ", "Segments": [0, -2, 0, 0.55, 0, 0, 1.467, -2, 2, 2.6, -2]}, {"Target": "Parameter", "Id": "ParamShoulderR", "Segments": [0, 0, 0, 0.45, 8, 0, 0.883, 2, 2, 2.6, 2]}, {"Target": "Parameter", "Id": "ParamArmR1", "Segments": [0, -37, 0, 0.45, -28, 0, 0.9, -40, 0, 1.5, -36, 2, 2.6, -36]}, {"Target": "Parameter", "Id": "ParamArmR2", "Segments": [0, -3, 0, 0.5, -5, 0, 0.95, -2, 2, 1.5, -2, 2, 2.6, -2]}, {"Target": "Parameter", "Id": "ParamArmR3", "Segments": [0, -35, 0, 0.533, -40, 0, 1.017, -8, 0, 1.6, -26, 2, 2.6, -26]}, {"Target": "Parameter", "Id": "ParamArmR5", "Segments": [0, 0, 0, 0.617, 7, 0, 1.067, 1, 2, 2.6, 1]}, {"Target": "Parameter", "Id": "ParamArmR8", "Segments": [0, -36, 0, 0.55, -36, 0, 1.033, -10, 0, 1.517, -25, 2, 2.6, -25]}, {"Target": "Parameter", "Id": "ParamFingerR", "Segments": [0, 0, 0, 0.583, 7, 0, 1.1, -5, 0, 1.733, 0, 2, 2.6, 0]}, {"Target": "Parameter", "Id": "ParamShoulderL", "Segments": [0, 4, 0, 0.367, 10, 0, 0.833, 1, 2, 2.6, 1]}, {"Target": "Parameter", "Id": "ParamArmL1", "Segments": [0, -38, 0, 0.417, -34, 0, 0.833, -41, 0, 1.25, -39, 2, 2.6, -39]}, {"Target": "Parameter", "Id": "ParamArmL2", "Segments": [0, 45, 0, 0.467, 50, 0, 0.883, 45, 0, 1.3, 47, 2, 2.6, 47]}, {"Target": "Parameter", "Id": "ParamArmL3", "Segments": [0, 24, 0, 0.467, 40, 0, 0.933, 9, 2, 2.6, 9]}, {"Target": "Parameter", "Id": "ParamArmL4", "Segments": [0, 0, 0, 0.467, 19, 0, 0.933, 4, 0, 1.317, 11, 2, 2.6, 11]}, {"Target": "Parameter", "Id": "ParamArmL8", "Segments": [0, 20, 0, 0.5, 36, 0, 0.95, 11, 2, 2.6, 11]}, {"Target": "Parameter", "Id": "ParamFingerL", "Segments": [0, 0, 0, 0.55, 7, 0, 0.983, -3, 0, 1.433, 0, 2, 2.6, 0]}, {"Target": "Parameter", "Id": "ParamPositionX", "Segments": [0, -1, 0, 2.6, -1]}, {"Target": "Parameter", "Id": "ParamRotationZ", "Segments": [0, 0, 0, 2.6, 0]}, {"Target": "Parameter", "Id": "ParamUpperBody", "Segments": [0, 0, 0, 2.6, 0]}, {"Target": "Parameter", "Id": "ParamBreath", "Segments": [0, 0, 0, 2.6, 0]}, {"Target": "Parameter", "Id": "ParamLegLZ", "Segments": [0, 4, 0, 2.6, 4]}, {"Target": "Parameter", "Id": "ParamLegRZ", "Segments": [0, 0, 0, 2.6, 0]}, {"Target": "Parameter", "Id": "ParamArmR4", "Segments": [0, 9, 0, 2.6, 9]}, {"Target": "Parameter", "Id": "ParamArmR6", "Segments": [0, 0, 0, 2.6, 0]}, {"Target": "Parameter", "Id": "ParamArmR7", "Segments": [0, 0, 0, 2.6, 0]}, {"Target": "Parameter", "Id": "ParamArmR9", "Segments": [0, -0.8, 0, 2.6, -0.8]}, {"Target": "Parameter", "Id": "ParamHandRA", "Segments": [0, 1, 0, 2.6, 1]}, {"Target": "Parameter", "Id": "ParamHandRB", "Segments": [0, 0, 0, 2.6, 0]}, {"Target": "Parameter", "Id": "ParamHandRC", "Segments": [0, 0, 0, 2.6, 0]}, {"Target": "Parameter", "Id": "ParamHandRD", "Segments": [0, 0, 0, 2.6, 0]}, {"Target": "Parameter", "Id": "ParamHandRE", "Segments": [0, 0, 0, 2.6, 0]}, {"Target": "Parameter", "Id": "ParamHandRF", "Segments": [0, 0, 0, 2.6, 0]}, {"Target": "Parameter", "Id": "ParamHandRG", "Segments": [0, 0, 0, 2.6, 0]}, {"Target": "Parameter", "Id": "ParamHandRH", "Segments": [0, 0, 0, 2.6, 0]}, {"Target": "Parameter", "Id": "ParamHandRI", "Segments": [0, 0, 0, 2.6, 0]}, {"Target": "Parameter", "Id": "ParamHandRJ", "Segments": [0, 0, 0, 2.6, 0]}, {"Target": "Parameter", "Id": "ParamHandRK", "Segments": [0, 0, 0, 2.6, 0]}, {"Target": "Parameter", "Id": "ParamArmL5", "Segments": [0, 11, 0, 2.6, 11]}, {"Target": "Parameter", "Id": "ParamArmL6", "Segments": [0, 1, 0, 2.6, 1]}, {"Target": "Parameter", "Id": "ParamArmL7", "Segments": [0, 8, 0, 2.6, 8]}, {"Target": "Parameter", "Id": "ParamArmL9", "Segments": [0, 0.7, 0, 2.6, 0.7]}, {"Target": "Parameter", "Id": "ParamHandLA", "Segments": [0, 0, 0, 2.6, 0]}, {"Target": "Parameter", "Id": "ParamHandLB", "Segments": [0, 0, 0, 2.6, 0]}, {"Target": "Parameter", "Id": "ParamHandLC", "Segments": [0, 0, 0, 2.6, 0]}, {"Target": "Parameter", "Id": "ParamHandLD", "Segments": [0, 1, 0, 2.6, 1]}, {"Target": "Parameter", "Id": "ParamHandLE", "Segments": [0, 0, 0, 2.6, 0]}, {"Target": "Parameter", "Id": "ParamHandLF", "Segments": [0, 0, 0, 2.6, 0]}, {"Target": "Parameter", "Id": "ParamHandLG", "Segments": [0, 0, 0, 2.6, 0]}, {"Target": "Parameter", "Id": "ParamHandLH", "Segments": [0, 0, 0, 2.6, 0]}, {"Target": "Parameter", "Id": "ParamHandLI", "Segments": [0, 0, 0, 2.6, 0]}, {"Target": "Parameter", "Id": "ParamHandLJ", "Segments": [0, 0, 0, 2.6, 0]}, {"Target": "Parameter", "Id": "ParamHandLK", "Segments": [0, 0, 0, 2.6, 0]}], "UserData": [{"Time": 0.6, "Value": "eyeblink,0.20,0.27,0.20"}]}