{"Version": 3, "Meta": {"Duration": 2.9, "Fps": 60.0, "Loop": true, "AreBeziersRestricted": true, "CurveCount": 60, "UserDataCount": 1, "TotalSegmentCount": 173, "TotalPointCount": 181, "TotalUserDataSize": 22}, "Curves": [{"Target": "Parameter", "Id": "ParamAngleY", "Segments": [0, 0, 0, 0.183, 0, 0, 0.783, 20, 0, 1.567, -30, 0, 2.2, -13, 2, 2.9, -13]}, {"Target": "Parameter", "Id": "ParamAngleZ", "Segments": [0, -15, 0, 0.183, -15, 0, 0.783, -20, 1, 0.905, -20, 1.028, -14.824, 1.15, -11, 1, 1.289, -6.655, 1.428, -6.0, 1.567, -6, 0, 2.25, -13, 2, 2.9, -13]}, {"Target": "Parameter", "Id": "ParamEyeROpen", "Segments": [0, 1, 0, 1, 1, 0, 1.3, 0, 2, 1.483, 0, 0, 1.867, 1, 2, 2.9, 1]}, {"Target": "Parameter", "Id": "ParamEyeLOpen", "Segments": [0, 1, 0, 1, 1, 0, 1.3, 0, 2, 1.483, 0, 0, 1.867, 1, 2, 2.9, 1]}, {"Target": "Parameter", "Id": "ParamBodyAngleX", "Segments": [0, 6, 0, 0.55, 2, 1, 0.7, 2, 0.85, 4.549, 1, 5, 1, 1.306, 5.919, 1.611, 6.0, 1.917, 6, 2, 2.9, 6]}, {"Target": "Parameter", "Id": "ParamBodyAngleY", "Segments": [0, 0, 0, 0.55, 6, 0, 1.267, -5, 0, 1.917, -3, 2, 2.9, -3]}, {"Target": "Parameter", "Id": "ParamUpperBodyZ", "Segments": [0, 6, 0, 0.55, 4, 0, 1.483, 7, 2, 2.9, 7]}, {"Target": "Parameter", "Id": "ParamUpperBody", "Segments": [0, 0, 0, 0.55, 1, 0, 1.483, -1, 2, 1.917, -1, 2, 2.9, -1]}, {"Target": "Parameter", "Id": "ParamBreath", "Segments": [0, 0, 0, 0.55, 1, 0, 1.917, 0, 2, 2.9, 0]}, {"Target": "Parameter", "Id": "ParamShoulderR", "Segments": [0, 2, 0, 0.55, 10, 0, 1, -2, 0, 1.917, 2, 2, 2.9, 2]}, {"Target": "Parameter", "Id": "ParamArmR1", "Segments": [0, -44, 0, 0.55, -40, 0, 1, -44, 2, 1.917, -44, 2, 2.9, -44]}, {"Target": "Parameter", "Id": "ParamArmR2", "Segments": [0, 21, 0, 0.55, 23, 0, 1, 21, 2, 1.917, 21, 2, 2.9, 21]}, {"Target": "Parameter", "Id": "ParamArmR3", "Segments": [0, -23, 0, 0.55, -14, 0, 1, -28, 0, 1.917, -23, 2, 2.9, -23]}, {"Target": "Parameter", "Id": "ParamFingerR", "Segments": [0, 0, 0, 0.617, 8, 0, 1.317, -5, 0, 2.1, 0, 2, 2.9, 0]}, {"Target": "Parameter", "Id": "ParamShoulderL", "Segments": [0, 0, 0, 0.55, 10, 0, 1, -2, 0, 1.917, 0, 2, 2.9, 0]}, {"Target": "Parameter", "Id": "ParamArmL4", "Segments": [0, 0, 0, 0.55, 7, 0, 1, 0, 2, 2.9, 0]}, {"Target": "Parameter", "Id": "ParamFingerL", "Segments": [0, 0, 0, 0.617, 7, 0, 1.317, -4, 0, 2.1, 0, 2, 2.9, 0]}, {"Target": "Parameter", "Id": "ParamPositionX", "Segments": [0, 0, 0, 2.9, 0]}, {"Target": "Parameter", "Id": "ParamPositionY", "Segments": [0, 0, 0, 2.9, 0]}, {"Target": "Parameter", "Id": "ParamRotationZ", "Segments": [0, 0, 0, 2.9, 0]}, {"Target": "Parameter", "Id": "ParamAngleX", "Segments": [0, 0, 0, 2.9, 0]}, {"Target": "Parameter", "Id": "ParamBodyAngleZ", "Segments": [0, -2, 0, 2.9, -2]}, {"Target": "Parameter", "Id": "ParamLegLZ", "Segments": [0, 0, 0, 2.9, 0]}, {"Target": "Parameter", "Id": "ParamLegRZ", "Segments": [0, 1, 0, 2.9, 1]}, {"Target": "Parameter", "Id": "ParamArmR4", "Segments": [0, 5, 0, 2.9, 5]}, {"Target": "Parameter", "Id": "ParamArmR5", "Segments": [0, 3, 0, 2.9, 3]}, {"Target": "Parameter", "Id": "ParamArmR6", "Segments": [0, 1.1, 0, 2.9, 1.1]}, {"Target": "Parameter", "Id": "ParamArmR7", "Segments": [0, 0, 0, 2.9, 0]}, {"Target": "Parameter", "Id": "ParamArmR8", "Segments": [0, -25, 0, 2.9, -25]}, {"Target": "Parameter", "Id": "ParamArmR9", "Segments": [0, 0.7, 0, 2.9, 0.7]}, {"Target": "Parameter", "Id": "ParamHandRA", "Segments": [0, 0, 0, 2.9, 0]}, {"Target": "Parameter", "Id": "ParamHandRB", "Segments": [0, 0, 0, 2.9, 0]}, {"Target": "Parameter", "Id": "ParamHandRC", "Segments": [0, 0, 0, 2.9, 0]}, {"Target": "Parameter", "Id": "ParamHandRD", "Segments": [0, 1, 0, 2.9, 1]}, {"Target": "Parameter", "Id": "ParamHandRE", "Segments": [0, 0, 0, 2.9, 0]}, {"Target": "Parameter", "Id": "ParamHandRF", "Segments": [0, 0, 0, 2.9, 0]}, {"Target": "Parameter", "Id": "ParamHandRG", "Segments": [0, 0, 0, 2.9, 0]}, {"Target": "Parameter", "Id": "ParamHandRH", "Segments": [0, 0, 0, 2.9, 0]}, {"Target": "Parameter", "Id": "ParamHandRI", "Segments": [0, 0, 0, 2.9, 0]}, {"Target": "Parameter", "Id": "ParamHandRJ", "Segments": [0, 0, 0, 2.9, 0]}, {"Target": "Parameter", "Id": "ParamHandRK", "Segments": [0, 0, 0, 2.9, 0]}, {"Target": "Parameter", "Id": "ParamArmL1", "Segments": [0, -41, 0, 2.9, -41]}, {"Target": "Parameter", "Id": "ParamArmL2", "Segments": [0, 1, 0, 2.9, 1]}, {"Target": "Parameter", "Id": "ParamArmL3", "Segments": [0, 4, 0, 2.9, 4]}, {"Target": "Parameter", "Id": "ParamArmL5", "Segments": [0, 0, 0, 2.9, 0]}, {"Target": "Parameter", "Id": "ParamArmL6", "Segments": [0, 1, 0, 2.9, 1]}, {"Target": "Parameter", "Id": "ParamArmL7", "Segments": [0, -10, 0, 2.9, -10]}, {"Target": "Parameter", "Id": "ParamArmL8", "Segments": [0, -10, 0, 2.9, -10]}, {"Target": "Parameter", "Id": "ParamArmL9", "Segments": [0, -0.2, 0, 2.9, -0.2]}, {"Target": "Parameter", "Id": "ParamHandLA", "Segments": [0, 0, 0, 2.9, 0]}, {"Target": "Parameter", "Id": "ParamHandLB", "Segments": [0, 0, 0, 2.9, 0]}, {"Target": "Parameter", "Id": "ParamHandLC", "Segments": [0, 0, 0, 2.9, 0]}, {"Target": "Parameter", "Id": "ParamHandLD", "Segments": [0, 0, 0, 2.9, 0]}, {"Target": "Parameter", "Id": "ParamHandLE", "Segments": [0, 0, 0, 2.9, 0]}, {"Target": "Parameter", "Id": "ParamHandLF", "Segments": [0, 0, 0, 2.9, 0]}, {"Target": "Parameter", "Id": "ParamHandLG", "Segments": [0, 1, 0, 2.9, 1]}, {"Target": "Parameter", "Id": "ParamHandLH", "Segments": [0, 0, 0, 2.9, 0]}, {"Target": "Parameter", "Id": "ParamHandLI", "Segments": [0, 0, 0, 2.9, 0]}, {"Target": "Parameter", "Id": "ParamHandLJ", "Segments": [0, 0, 0, 2.9, 0]}, {"Target": "Parameter", "Id": "ParamHandLK", "Segments": [0, 0, 0, 2.9, 0]}], "UserData": [{"Time": 1, "Value": "eyeblink,0.3,0.18,0.35"}]}