{"Version": 3, "Meta": {"Duration": 3.033, "Fps": 60.0, "Loop": true, "AreBeziersRestricted": true, "CurveCount": 61, "UserDataCount": 1, "TotalSegmentCount": 162, "TotalPointCount": 162, "TotalUserDataSize": 23}, "Curves": [{"Target": "Parameter", "Id": "ParamAngleX", "Segments": [0, 0, 0, 0.167, 0, 0, 0.7, 13, 0, 1.333, -12, 0, 2.033, 4, 2, 3.033, 4]}, {"Target": "Parameter", "Id": "ParamAngleY", "Segments": [0, 0, 0, 0.167, 0, 0, 0.7, -5, 2, 1.333, -5, 0, 2.033, 0, 2, 3.033, 0]}, {"Target": "Parameter", "Id": "ParamAngleZ", "Segments": [0, 11, 0, 0.217, 11, 0, 0.75, 4, 0, 1.383, 10, 0, 2.067, 0, 2, 3.033, 0]}, {"Target": "Parameter", "Id": "ParamEyeROpen", "Segments": [0, 1, 0, 0.25, 1, 0, 0.483, 0, 2, 1.25, 0, 0, 1.583, 1, 2, 3.033, 1]}, {"Target": "Parameter", "Id": "ParamEyeLOpen", "Segments": [0, 1, 0, 0.25, 1, 0, 0.483, 0, 2, 1.25, 0, 0, 1.583, 1, 2, 3.033, 1]}, {"Target": "Parameter", "Id": "ParamEyeballX", "Segments": [0, 0, 0, 0.75, 0, 0, 1.7, -0.1, 2, 3.033, -0.1]}, {"Target": "Parameter", "Id": "ParamBodyAngleX", "Segments": [0, 0, 0, 0.533, 10, 0, 1.167, -10, 0, 1.8, 0, 2, 3.033, 0]}, {"Target": "Parameter", "Id": "ParamUpperBodyZ", "Segments": [0, -6, 0, 0.533, -7, 0, 1.167, -5, 0, 1.8, -6, 2, 3.033, -6]}, {"Target": "Parameter", "Id": "ParamShoulderR", "Segments": [0, 6, 0, 0.483, 5, 0, 1.267, 6, 0, 1.883, 5, 2, 3.033, 5]}, {"Target": "Parameter", "Id": "ParamArmR1", "Segments": [0, -36, 0, 0.483, -34, 0, 1.267, -36, 0, 1.883, -34, 2, 3.033, -34]}, {"Target": "Parameter", "Id": "ParamShoulderL", "Segments": [0, 2, 0, 0.483, 1, 0, 1.267, 2, 0, 1.8, 1, 2, 3.033, 1]}, {"Target": "Parameter", "Id": "ParamArmL1", "Segments": [0, -42, 0, 0.483, -40, 0, 1.267, -42, 0, 1.8, -40, 2, 3.033, -40]}, {"Target": "Parameter", "Id": "ParamPositionX", "Segments": [0, -1, 0, 3.033, -1]}, {"Target": "Parameter", "Id": "ParamPositionY", "Segments": [0, 0, 0, 3.033, 0]}, {"Target": "Parameter", "Id": "ParamRotationZ", "Segments": [0, 0, 0, 3.033, 0]}, {"Target": "Parameter", "Id": "ParamBodyAngleY", "Segments": [0, 0, 0, 3.033, 0]}, {"Target": "Parameter", "Id": "ParamBodyAngleZ", "Segments": [0, 4, 0, 3.033, 4]}, {"Target": "Parameter", "Id": "ParamUpperBody", "Segments": [0, 0, 0, 3.033, 0]}, {"Target": "Parameter", "Id": "ParamBreath", "Segments": [0, 0, 0, 3.033, 0]}, {"Target": "Parameter", "Id": "ParamLegLZ", "Segments": [0, 4, 0, 3.033, 4]}, {"Target": "Parameter", "Id": "ParamLegRZ", "Segments": [0, -1, 0, 3.033, -1]}, {"Target": "Parameter", "Id": "ParamArmR2", "Segments": [0, 7, 0, 3.033, 7]}, {"Target": "Parameter", "Id": "ParamArmR3", "Segments": [0, 40, 0, 3.033, 40]}, {"Target": "Parameter", "Id": "ParamArmR4", "Segments": [0, 0, 0, 3.033, 0]}, {"Target": "Parameter", "Id": "ParamArmR5", "Segments": [0, 0, 0, 3.033, 0]}, {"Target": "Parameter", "Id": "ParamArmR6", "Segments": [0, 0, 0, 3.033, 0]}, {"Target": "Parameter", "Id": "ParamArmR7", "Segments": [0, 0, 0, 3.033, 0]}, {"Target": "Parameter", "Id": "ParamArmR8", "Segments": [0, 0, 0, 3.033, 0]}, {"Target": "Parameter", "Id": "ParamArmR9", "Segments": [0, 0, 0, 3.033, 0]}, {"Target": "Parameter", "Id": "ParamHandRA", "Segments": [0, 0, 0, 3.033, 0]}, {"Target": "Parameter", "Id": "ParamHandRB", "Segments": [0, 0, 0, 3.033, 0]}, {"Target": "Parameter", "Id": "ParamHandRC", "Segments": [0, 0, 0, 3.033, 0]}, {"Target": "Parameter", "Id": "ParamHandRD", "Segments": [0, 0, 0, 3.033, 0]}, {"Target": "Parameter", "Id": "ParamHandRE", "Segments": [0, 0, 0, 3.033, 0]}, {"Target": "Parameter", "Id": "ParamHandRF", "Segments": [0, 0, 0, 3.033, 0]}, {"Target": "Parameter", "Id": "ParamHandRG", "Segments": [0, 1, 0, 3.033, 1]}, {"Target": "Parameter", "Id": "ParamHandRH", "Segments": [0, 0, 0, 3.033, 0]}, {"Target": "Parameter", "Id": "ParamHandRI", "Segments": [0, 0, 0, 3.033, 0]}, {"Target": "Parameter", "Id": "ParamHandRJ", "Segments": [0, 0, 0, 3.033, 0]}, {"Target": "Parameter", "Id": "ParamHandRK", "Segments": [0, 0, 0, 3.033, 0]}, {"Target": "Parameter", "Id": "ParamFingerR", "Segments": [0, 0, 0, 3.033, 0]}, {"Target": "Parameter", "Id": "ParamArmL2", "Segments": [0, 9, 0, 3.033, 9]}, {"Target": "Parameter", "Id": "ParamArmL3", "Segments": [0, 40, 0, 3.033, 40]}, {"Target": "Parameter", "Id": "ParamArmL4", "Segments": [0, 0, 0, 3.033, 0]}, {"Target": "Parameter", "Id": "ParamArmL5", "Segments": [0, 0, 0, 3.033, 0]}, {"Target": "Parameter", "Id": "ParamArmL6", "Segments": [0, 0, 0, 3.033, 0]}, {"Target": "Parameter", "Id": "ParamArmL7", "Segments": [0, 0, 0, 3.033, 0]}, {"Target": "Parameter", "Id": "ParamArmL8", "Segments": [0, 0, 0, 3.033, 0]}, {"Target": "Parameter", "Id": "ParamArmL9", "Segments": [0, 0, 0, 3.033, 0]}, {"Target": "Parameter", "Id": "ParamHandLA", "Segments": [0, 0, 0, 3.033, 0]}, {"Target": "Parameter", "Id": "ParamHandLB", "Segments": [0, 0, 0, 3.033, 0]}, {"Target": "Parameter", "Id": "ParamHandLC", "Segments": [0, 0, 0, 3.033, 0]}, {"Target": "Parameter", "Id": "ParamHandLD", "Segments": [0, 0, 0, 3.033, 0]}, {"Target": "Parameter", "Id": "ParamHandLE", "Segments": [0, 0, 0, 3.033, 0]}, {"Target": "Parameter", "Id": "ParamHandLF", "Segments": [0, 0, 0, 3.033, 0]}, {"Target": "Parameter", "Id": "ParamHandLG", "Segments": [0, 1, 0, 3.033, 1]}, {"Target": "Parameter", "Id": "ParamHandLH", "Segments": [0, 0, 0, 3.033, 0]}, {"Target": "Parameter", "Id": "ParamHandLI", "Segments": [0, 0, 0, 3.033, 0]}, {"Target": "Parameter", "Id": "ParamHandLJ", "Segments": [0, 0, 0, 3.033, 0]}, {"Target": "Parameter", "Id": "ParamHandLK", "Segments": [0, 0, 0, 3.033, 0]}, {"Target": "Parameter", "Id": "ParamFingerL", "Segments": [0, 0, 0, 3.033, 0]}], "UserData": [{"Time": 0.25, "Value": "eyeblink,0.23,0.76,0.33"}]}