{"Version": 3, "Meta": {"Duration": 2.333, "Fps": 60.0, "Loop": true, "AreBeziersRestricted": true, "CurveCount": 60, "UserDataCount": 1, "TotalSegmentCount": 186, "TotalPointCount": 200, "TotalUserDataSize": 23}, "Curves": [{"Target": "Parameter", "Id": "ParamAngleY", "Segments": [0, -7, 0, 0.267, -7, 0, 0.617, 8, 0, 0.983, -26, 0, 1.567, -7, 2, 2.333, -7]}, {"Target": "Parameter", "Id": "ParamAngleZ", "Segments": [0, -19, 0, 0.267, -19, 0, 0.617, -29, 1, 0.739, -29, 0.861, -25.151, 0.983, -23, 1, 1.178, -19.579, 1.372, -19.0, 1.567, -19, 2, 2.333, -19]}, {"Target": "Parameter", "Id": "ParamEyeROpen", "Segments": [0, 1, 0, 0.617, 1, 0, 0.9, 0, 2, 0.983, 0, 0, 1.417, 1, 2, 2.333, 1]}, {"Target": "Parameter", "Id": "ParamEyeLOpen", "Segments": [0, 1, 0, 0.617, 1, 0, 0.9, 0, 2, 0.983, 0, 0, 1.417, 1, 2, 2.333, 1]}, {"Target": "Parameter", "Id": "ParamBodyAngleX", "Segments": [0, 4, 0, 0.45, -3, 0, 0.867, 6, 0, 1.567, 4, 2, 2.333, 4]}, {"Target": "Parameter", "Id": "ParamBodyAngleY", "Segments": [0, 0, 0, 0.45, 0, 0, 0.867, -4, 0, 1.317, 0, 2, 2.333, 0]}, {"Target": "Parameter", "Id": "ParamUpperBodyZ", "Segments": [0, 8, 0, 0.45, 10, 1, 0.589, 10, 0.728, 9.467, 0.867, 9, 1, 1.1, 8.215, 1.334, 8.0, 1.567, 8, 2, 2.333, 8]}, {"Target": "Parameter", "Id": "ParamUpperBody", "Segments": [0, 0, 0, 0.45, 1, 0, 0.867, -1, 0, 1.567, 0, 2, 2.333, 0]}, {"Target": "Parameter", "Id": "ParamShoulderR", "Segments": [0, 1, 0, 0.45, 10, 0, 0.867, -1, 0, 1.567, 1, 2, 2.333, 1]}, {"Target": "Parameter", "Id": "ParamArmR1", "Segments": [0, -39, 0, 0.45, -31, 0, 0.867, -45, 0, 1.567, -39, 2, 2.333, -39]}, {"Target": "Parameter", "Id": "ParamArmR2", "Segments": [0, 41, 0, 0.45, 48, 0, 0.867, 38, 0, 1.567, 39, 2, 2.333, 39]}, {"Target": "Parameter", "Id": "ParamArmR3", "Segments": [0, 21, 0, 0.45, 19, 1, 0.589, 16.856, 0.728, -5.0, 0.867, -5, 0, 1.4, 3, 2, 2.333, 3]}, {"Target": "Parameter", "Id": "ParamArmR4", "Segments": [0, 16, 0, 0.45, 24, 0, 0.867, 16, 2, 2.333, 16]}, {"Target": "Parameter", "Id": "ParamArmR5", "Segments": [0, 8, 0, 0.45, 7, 0, 0.867, 9, 0, 1.567, 8, 2, 2.333, 8]}, {"Target": "Parameter", "Id": "ParamArmR8", "Segments": [0, 16, 0, 0.45, 16, 0, 0.867, 1, 2, 2.333, 1]}, {"Target": "Parameter", "Id": "ParamFingerR", "Segments": [0, 0, 0, 0.45, 10, 0, 0.933, -5, 0, 1.6, 0, 2, 2.333, 0]}, {"Target": "Parameter", "Id": "ParamShoulderL", "Segments": [0, 0, 0, 0.45, 7, 0, 0.867, -1, 2, 2.333, -1]}, {"Target": "Parameter", "Id": "ParamArmL1", "Segments": [0, -37, 0, 0.45, -32, 0, 0.867, -41, 0, 1.567, -37, 2, 2.333, -37]}, {"Target": "Parameter", "Id": "ParamArmL2", "Segments": [0, -1, 0, 0.067, -1, 0, 0.517, -2, 2, 0.933, -2, 0, 1.633, -1, 2, 2.333, -1]}, {"Target": "Parameter", "Id": "ParamArmL3", "Segments": [0, 9, 0, 0.1, 9, 0, 0.55, -5, 1, 0.689, -5, 0.828, 5.817, 0.967, 7, 1, 1.2, 8.988, 1.434, 9.0, 1.667, 9, 2, 2.333, 9]}, {"Target": "Parameter", "Id": "ParamFingerL", "Segments": [0, 0, 0, 0.55, 7, 0, 1.067, -5, 0, 1.717, 0, 2, 2.333, 0]}, {"Target": "Parameter", "Id": "ParamPositionX", "Segments": [0, 0, 0, 2.333, 0]}, {"Target": "Parameter", "Id": "ParamPositionY", "Segments": [0, 0, 0, 2.333, 0]}, {"Target": "Parameter", "Id": "ParamRotationZ", "Segments": [0, 0, 0, 2.333, 0]}, {"Target": "Parameter", "Id": "ParamAngleX", "Segments": [0, 0, 0, 2.333, 0]}, {"Target": "Parameter", "Id": "ParamBodyAngleZ", "Segments": [0, -3, 0, 2.333, -3]}, {"Target": "Parameter", "Id": "ParamBreath", "Segments": [0, 0, 0, 2.333, 0]}, {"Target": "Parameter", "Id": "ParamLegLZ", "Segments": [0, 0, 0, 2.333, 0]}, {"Target": "Parameter", "Id": "ParamLegRZ", "Segments": [0, 2, 0, 2.333, 2]}, {"Target": "Parameter", "Id": "ParamArmR6", "Segments": [0, 1, 0, 2.333, 1]}, {"Target": "Parameter", "Id": "ParamArmR7", "Segments": [0, 0, 0, 2.333, 0]}, {"Target": "Parameter", "Id": "ParamArmR9", "Segments": [0, 0.7, 0, 2.333, 0.7]}, {"Target": "Parameter", "Id": "ParamHandRA", "Segments": [0, 0, 0, 2.333, 0]}, {"Target": "Parameter", "Id": "ParamHandRB", "Segments": [0, 0, 0, 2.333, 0]}, {"Target": "Parameter", "Id": "ParamHandRC", "Segments": [0, 0, 0, 2.333, 0]}, {"Target": "Parameter", "Id": "ParamHandRD", "Segments": [0, 1, 0, 2.333, 1]}, {"Target": "Parameter", "Id": "ParamHandRE", "Segments": [0, 0, 0, 2.333, 0]}, {"Target": "Parameter", "Id": "ParamHandRF", "Segments": [0, 0, 0, 2.333, 0]}, {"Target": "Parameter", "Id": "ParamHandRG", "Segments": [0, 0, 0, 2.333, 0]}, {"Target": "Parameter", "Id": "ParamHandRH", "Segments": [0, 0, 0, 2.333, 0]}, {"Target": "Parameter", "Id": "ParamHandRI", "Segments": [0, 0, 0, 2.333, 0]}, {"Target": "Parameter", "Id": "ParamHandRJ", "Segments": [0, 0, 0, 2.333, 0]}, {"Target": "Parameter", "Id": "ParamHandRK", "Segments": [0, 0, 0, 2.333, 0]}, {"Target": "Parameter", "Id": "ParamArmL4", "Segments": [0, 0, 0, 2.333, 0]}, {"Target": "Parameter", "Id": "ParamArmL5", "Segments": [0, 0, 0, 2.333, 0]}, {"Target": "Parameter", "Id": "ParamArmL6", "Segments": [0, 0, 0, 2.333, 0]}, {"Target": "Parameter", "Id": "ParamArmL7", "Segments": [0, -9, 0, 2.333, -9]}, {"Target": "Parameter", "Id": "ParamArmL8", "Segments": [0, -7, 0, 2.333, -7]}, {"Target": "Parameter", "Id": "ParamArmL9", "Segments": [0, -0.8, 0, 2.333, -0.8]}, {"Target": "Parameter", "Id": "ParamHandLA", "Segments": [0, 0, 0, 2.333, 0]}, {"Target": "Parameter", "Id": "ParamHandLB", "Segments": [0, 0, 0, 2.333, 0]}, {"Target": "Parameter", "Id": "ParamHandLC", "Segments": [0, 0, 0, 2.333, 0]}, {"Target": "Parameter", "Id": "ParamHandLD", "Segments": [0, 0, 0, 2.333, 0]}, {"Target": "Parameter", "Id": "ParamHandLE", "Segments": [0, 0, 0, 2.333, 0]}, {"Target": "Parameter", "Id": "ParamHandLF", "Segments": [0, 0, 0, 2.333, 0]}, {"Target": "Parameter", "Id": "ParamHandLG", "Segments": [0, 1, 0, 2.333, 1]}, {"Target": "Parameter", "Id": "ParamHandLH", "Segments": [0, 0, 0, 2.333, 0]}, {"Target": "Parameter", "Id": "ParamHandLI", "Segments": [0, 0, 0, 2.333, 0]}, {"Target": "Parameter", "Id": "ParamHandLJ", "Segments": [0, 0, 0, 2.333, 0]}, {"Target": "Parameter", "Id": "ParamHandLK", "Segments": [0, 0, 0, 2.333, 0]}], "UserData": [{"Time": 0.617, "Value": "eyeblink,0.28,0.08,0.43"}]}