{"Version": 3, "Meta": {"Duration": 1.933, "Fps": 60.0, "Loop": true, "AreBeziersRestricted": true, "CurveCount": 61, "UserDataCount": 1, "TotalSegmentCount": 181, "TotalPointCount": 187, "TotalUserDataSize": 22}, "Curves": [{"Target": "Parameter", "Id": "ParamAngleX", "Segments": [0, -3, 0, 0.267, 4, 0, 0.967, 0, 2, 1.933, 0]}, {"Target": "Parameter", "Id": "ParamAngleY", "Segments": [0, 0, 0, 0.267, 7, 0, 0.967, 4, 2, 1.933, 4]}, {"Target": "Parameter", "Id": "ParamAngleZ", "Segments": [0, 0, 0, 0.4, 2, 0, 0.967, -23, 2, 1.933, -23]}, {"Target": "Parameter", "Id": "ParamEyeROpen", "Segments": [0, 1, 0, 0.167, 1, 0, 0.367, 0, 2, 0.5, 0, 0, 0.733, 1, 2, 1.933, 1]}, {"Target": "Parameter", "Id": "ParamEyeLOpen", "Segments": [0, 1, 0, 0.167, 1, 0, 0.367, 0, 2, 0.5, 0, 0, 0.733, 1, 2, 1.933, 1]}, {"Target": "Parameter", "Id": "ParamBodyAngleX", "Segments": [0, -2, 0, 0.5, 3, 1, 0.656, 4.119, 0.811, 4.0, 0.967, 4, 2, 1.933, 4]}, {"Target": "Parameter", "Id": "ParamBodyAngleY", "Segments": [0, 0, 0, 0.633, 3, 0, 0.967, 0, 2, 1.933, 0]}, {"Target": "Parameter", "Id": "ParamBodyAngleZ", "Segments": [0, 2, 0, 0.967, -2, 2, 1.933, -2]}, {"Target": "Parameter", "Id": "ParamUpperBodyZ", "Segments": [0, 0, 0, 0.967, 6, 2, 1.933, 6]}, {"Target": "Parameter", "Id": "ParamLegRZ", "Segments": [0, -3, 0, 0.8, -1, 2, 1.933, -1]}, {"Target": "Parameter", "Id": "ParamShoulderR", "Segments": [0, 1, 0, 0.4, 3, 1, 0.589, 4.518, 0.778, 5.0, 0.967, 5, 2, 1.933, 5]}, {"Target": "Parameter", "Id": "ParamArmR1", "Segments": [0, -42, 0, 0.15, -27, 0, 1.067, -44, 2, 1.933, -44]}, {"Target": "Parameter", "Id": "ParamArmR2", "Segments": [0, -2, 0, 0.2, -1, 1, 0.344, 2.629, 0.489, 26.0, 0.633, 26, 0, 1.067, 21, 2, 1.933, 21]}, {"Target": "Parameter", "Id": "ParamArmR3", "Segments": [0, -13, 0, 0.233, -27, 0, 0.683, -10, 0, 1.067, -23, 2, 1.933, -23]}, {"Target": "Parameter", "Id": "ParamArmR5", "Segments": [0, 3, 0, 0.25, 14, 0, 1.083, 7, 2, 1.933, 7]}, {"Target": "Parameter", "Id": "ParamArmR6", "Segments": [0, 0, 0, 0.15, 0, 0, 0.317, 1.1, 2, 1.933, 1.1]}, {"Target": "Parameter", "Id": "ParamArmR8", "Segments": [0, -13, 0, 0.65, -9, 0, 1.117, -19, 2, 1.933, -19]}, {"Target": "Parameter", "Id": "ParamArmR9", "Segments": [0, -0.8, 0, 0.217, -0.8, 0, 0.433, 0.7, 2, 1.933, 0.7]}, {"Target": "Parameter", "Id": "ParamHandRA", "Segments": [0, 1, 0, 0.3, 1, 0, 0.317, 0, 2, 1.933, 0]}, {"Target": "Parameter", "Id": "ParamHandRD", "Segments": [0, 0, 0, 0.3, 0, 0, 0.317, 1, 2, 1.933, 1]}, {"Target": "Parameter", "Id": "ParamFingerR", "Segments": [0, 0, 0, 0.583, 6, 0, 1.2, 0, 2, 1.933, 0]}, {"Target": "Parameter", "Id": "ParamShoulderL", "Segments": [0, 0, 0, 0.283, 4, 2, 1.083, 4, 2, 1.933, 4]}, {"Target": "Parameter", "Id": "ParamArmL1", "Segments": [0, -48, 0, 0.35, -29, 0, 0.833, -43, 2, 1.933, -43]}, {"Target": "Parameter", "Id": "ParamArmL2", "Segments": [0, -3, 0, 0.45, -4, 0, 0.983, 1, 2, 1.933, 1]}, {"Target": "Parameter", "Id": "ParamArmL3", "Segments": [0, -11, 0, 0.55, -20, 0, 1.083, 4, 2, 1.933, 4]}, {"Target": "Parameter", "Id": "ParamArmL6", "Segments": [0, 0, 0, 0.317, 0, 0, 0.483, 1, 2, 1.933, 1]}, {"Target": "Parameter", "Id": "ParamArmL8", "Segments": [0, -13, 0, 0.683, -21, 0, 1.067, 2, 2, 1.933, 2]}, {"Target": "Parameter", "Id": "ParamFingerL", "Segments": [0, 0, 0, 0.583, 6, 0, 1.2, 0, 2, 1.933, 0]}, {"Target": "Parameter", "Id": "ParamPositionX", "Segments": [0, 0, 0, 1.933, 0]}, {"Target": "Parameter", "Id": "ParamPositionY", "Segments": [0, 0, 0, 1.933, 0]}, {"Target": "Parameter", "Id": "ParamRotationZ", "Segments": [0, 0, 0, 1.933, 0]}, {"Target": "Parameter", "Id": "ParamEyeballX", "Segments": [0, 0, 0, 1.933, 0]}, {"Target": "Parameter", "Id": "ParamUpperBody", "Segments": [0, 0, 0, 1.933, 0]}, {"Target": "Parameter", "Id": "ParamBreath", "Segments": [0, 0, 0, 1.933, 0]}, {"Target": "Parameter", "Id": "ParamLegLZ", "Segments": [0, 2, 0, 1.933, 2]}, {"Target": "Parameter", "Id": "ParamArmR4", "Segments": [0, 0, 0, 1.933, 0]}, {"Target": "Parameter", "Id": "ParamArmR7", "Segments": [0, 8, 0, 1.933, 8]}, {"Target": "Parameter", "Id": "ParamHandRB", "Segments": [0, 0, 0, 1.933, 0]}, {"Target": "Parameter", "Id": "ParamHandRC", "Segments": [0, 0, 0, 1.933, 0]}, {"Target": "Parameter", "Id": "ParamHandRE", "Segments": [0, 0, 0, 1.933, 0]}, {"Target": "Parameter", "Id": "ParamHandRF", "Segments": [0, 0, 0, 1.933, 0]}, {"Target": "Parameter", "Id": "ParamHandRG", "Segments": [0, 0, 0, 1.933, 0]}, {"Target": "Parameter", "Id": "ParamHandRH", "Segments": [0, 0, 0, 1.933, 0]}, {"Target": "Parameter", "Id": "ParamHandRI", "Segments": [0, 0, 0, 1.933, 0]}, {"Target": "Parameter", "Id": "ParamHandRJ", "Segments": [0, 0, 0, 1.933, 0]}, {"Target": "Parameter", "Id": "ParamHandRK", "Segments": [0, 0, 0, 1.933, 0]}, {"Target": "Parameter", "Id": "ParamArmL4", "Segments": [0, 0, 0, 1.933, 0]}, {"Target": "Parameter", "Id": "ParamArmL5", "Segments": [0, 3, 0, 1.933, 3]}, {"Target": "Parameter", "Id": "ParamArmL7", "Segments": [0, 0, 0, 1.933, 0]}, {"Target": "Parameter", "Id": "ParamArmL9", "Segments": [0, -0.8, 0, 1.933, -0.8]}, {"Target": "Parameter", "Id": "ParamHandLA", "Segments": [0, 1, 0, 1.933, 1]}, {"Target": "Parameter", "Id": "ParamHandLB", "Segments": [0, 0, 0, 1.933, 0]}, {"Target": "Parameter", "Id": "ParamHandLC", "Segments": [0, 0, 0, 1.933, 0]}, {"Target": "Parameter", "Id": "ParamHandLD", "Segments": [0, 0, 0, 1.933, 0]}, {"Target": "Parameter", "Id": "ParamHandLE", "Segments": [0, 0, 0, 1.933, 0]}, {"Target": "Parameter", "Id": "ParamHandLF", "Segments": [0, 0, 0, 1.933, 0]}, {"Target": "Parameter", "Id": "ParamHandLG", "Segments": [0, 0, 0, 1.933, 0]}, {"Target": "Parameter", "Id": "ParamHandLH", "Segments": [0, 0, 0, 1.933, 0]}, {"Target": "Parameter", "Id": "ParamHandLI", "Segments": [0, 0, 0, 1.933, 0]}, {"Target": "Parameter", "Id": "ParamHandLJ", "Segments": [0, 0, 0, 1.933, 0]}, {"Target": "Parameter", "Id": "ParamHandLK", "Segments": [0, 0, 0, 1.933, 0]}], "UserData": [{"Time": 0.167, "Value": "eyeblink,0.2,0.14,0.24"}]}