{
  "Version": 3,
  "Meta": {
    "Duration": 4.8,
    "Fps": 30.0,
    "Loop": true,
    "AreBeziersRestricted": true,
    "CurveCount": 120,
    "TotalSegmentCount": 541,
    "TotalPointCount": 805,
    "UserDataCount": 1,
    "TotalUserDataSize": 0
  },
  "Curves": [
    {
      "Target": "Parameter",
      "Id": "ParamAngleX",
      "Segments": [
        0,
        0,
        0,
        0.567,
        1,
        1,
        0.778,
        1,
        0.989,
        0.702,
        1.2,
        0,
        1,
        1.389,
        -0.628,
        1.578,
        -1,
        1.767,
        -1,
        1,
        1.978,
        -1,
        2.189,
        -0.702,
        2.4,
        0,
        1,
        2.589,
        0.628,
        2.778,
        1,
        2.967,
        1,
        1,
        3.178,
        1,
        3.389,
        0.702,
        3.6,
        0,
        1,
        3.789,
        -0.628,
        3.978,
        -1,
        4.167,
        -1,
        0,
        4.8,
        0
      ]
    },
    {
      "Target": "Parameter",
      "Id": "ParamAngleY",
      "Segments": [
        0,
        -9.029,
        1,
        0.4,
        -9.029,
        0.8,
        -8.679,
        1.2,
        -6,
        1,
        1.6,
        -3.321,
        2,
        0,
        2.4,
        0,
        1,
        2.8,
        0,
        3.2,
        -3.321,
        3.6,
        -6,
        1,
        4,
        -8.679,
        4.4,
        -9.029,
        4.8,
        -9.029
      ]
    },
    {
      "Target": "Parameter",
      "Id": "ParamAngleZ",
      "Segments": [
        0,
        10,
        0,
        0.633,
        13.327,
        1,
        0.822,
        13.327,
        1.011,
        11.016,
        1.2,
        9.815,
        1,
        1.4,
        8.543,
        1.6,
        8.501,
        1.8,
        8.501,
        1,
        1.978,
        8.501,
        2.155,
        8.957,
        2.333,
        10.565,
        1,
        2.5,
        12.072,
        2.666,
        13.327,
        2.833,
        13.327,
        1,
        3.055,
        13.327,
        3.278,
        13.002,
        3.5,
        11.513,
        1,
        3.733,
        9.949,
        3.967,
        8.501,
        4.2,
        8.501,
        0,
        4.8,
        10
      ]
    },
    {
      "Target": "Parameter",
      "Id": "ParamEyeLOpen",
      "Segments": [
        0,
        1,
        1,
        0.111,
        1,
        0.222,
        0.951,
        0.333,
        0.945,
        1,
        0.622,
        0.93,
        0.911,
        0.928,
        1.2,
        0.928,
        0,
        1.667,
        1,
        0,
        1.867,
        0,
        1,
        1.922,
        0,
        1.978,
        0.399,
        2.033,
        0.862,
        1,
        2.055,
        1.047,
        2.078,
        1.05,
        2.1,
        1.05,
        1,
        2.2,
        1.05,
        2.3,
        1.022,
        2.4,
        1,
        1,
        2.511,
        0.976,
        2.622,
        0.951,
        2.733,
        0.945,
        1,
        3.022,
        0.931,
        3.311,
        0.928,
        3.6,
        0.928,
        0,
        4.133,
        1,
        2,
        4.2,
        1,
        0,
        4.333,
        0,
        0,
        4.467,
        1,
        2,
        4.8,
        1
      ]
    },
    {
      "Target": "Parameter",
      "Id": "ParamEyeROpen",
      "Segments": [
        0,
        1,
        1,
        0.111,
        1,
        0.222,
        0.955,
        0.333,
        0.947,
        1,
        0.622,
        0.927,
        0.911,
        0.924,
        1.2,
        0.924,
        0,
        1.667,
        1,
        0,
        1.867,
        0,
        1,
        1.922,
        0,
        1.978,
        0.39,
        2.033,
        0.857,
        1,
        2.055,
        1.044,
        2.078,
        1.05,
        2.1,
        1.05,
        1,
        2.2,
        1.05,
        2.3,
        1.021,
        2.4,
        1,
        1,
        2.511,
        0.977,
        2.622,
        0.954,
        2.733,
        0.947,
        1,
        3.022,
        0.928,
        3.311,
        0.924,
        3.6,
        0.924,
        0,
        4.133,
        1,
        2,
        4.2,
        1,
        0,
        4.333,
        0,
        0,
        4.467,
        1,
        2,
        4.8,
        1
      ]
    },
    {
      "Target": "Parameter",
      "Id": "ParamEyeBallX",
      "Segments": [
        0,
        0,
        2,
        0.4,
        0,
        0,
        0.533,
        0.2,
        2,
        1.9,
        0.2,
        0,
        1.967,
        0,
        2,
        2.4,
        0,
        2,
        2.8,
        0,
        0,
        2.933,
        0.2,
        2,
        4.3,
        0.2,
        0,
        4.367,
        0,
        2,
        4.8,
        0
      ]
    },
    {
      "Target": "Parameter",
      "Id": "ParamBrowLForm",
      "Segments": [
        0,
        0,
        0,
        0.4,
        0.2,
        2,
        1.8,
        0.2,
        0,
        1.967,
        0,
        2,
        2.4,
        0,
        0,
        2.8,
        0.2,
        2,
        4.2,
        0.2,
        0,
        4.367,
        0,
        2,
        4.8,
        0
      ]
    },
    {
      "Target": "Parameter",
      "Id": "ParamBrowRForm",
      "Segments": [
        0,
        0,
        0,
        0.4,
        0.2,
        2,
        1.8,
        0.2,
        0,
        1.967,
        0,
        2,
        2.4,
        0,
        0,
        2.8,
        0.2,
        2,
        4.2,
        0.2,
        0,
        4.367,
        0,
        2,
        4.8,
        0
      ]
    },
    {
      "Target": "Parameter",
      "Id": "ParamMouthForm",
      "Segments": [
        0,
        0,
        0,
        1.2,
        0.1,
        0,
        2.4,
        0,
        0,
        3.6,
        0.1,
        0,
        4.8,
        0
      ]
    },
    {
      "Target": "Parameter",
      "Id": "ParamMouthX",
      "Segments": [
        0,
        0,
        0,
        1.2,
        0.1,
        0,
        2.4,
        0,
        0,
        3.6,
        0.1,
        0,
        4.8,
        0
      ]
    },
    {
      "Target": "Parameter",
      "Id": "ParamBodyAngleX",
      "Segments": [
        0,
        10,
        2,
        0.5,
        10,
        0,
        1.533,
        9.121,
        1,
        1.8,
        9.121,
        2.066,
        9.527,
        2.333,
        9.807,
        1,
        2.522,
        10,
        2.711,
        10,
        2.9,
        10,
        0,
        4.1,
        9.219,
        0,
        4.8,
        10
      ]
    },
    {
      "Target": "Parameter",
      "Id": "ParamBodyAngleY",
      "Segments": [
        0,
        -7.185,
        0,
        0.567,
        -7.892,
        0,
        1.667,
        -6.46,
        1,
        1.867,
        -6.46,
        2.067,
        -6.738,
        2.267,
        -7.176,
        1,
        2.5,
        -7.687,
        2.734,
        -7.892,
        2.967,
        -7.892,
        0,
        4.067,
        -6.46,
        0,
        4.8,
        -7.185
      ]
    },
    {
      "Target": "Parameter",
      "Id": "ParamBodyAngleZ",
      "Segments": [
        0,
        5,
        0,
        1.133,
        4.196,
        0,
        2.333,
        5.436,
        0,
        3.533,
        4.196,
        0,
        4.8,
        5
      ]
    },
    {
      "Target": "Parameter",
      "Id": "ParamHipX",
      "Segments": [
        0,
        0,
        0,
        0.333,
        3.154,
        0,
        1.233,
        -5.84,
        0,
        2.067,
        3.154,
        0,
        2.4,
        0,
        0,
        2.733,
        3.154,
        0,
        3.633,
        -5.84,
        0,
        4.467,
        3.154,
        0,
        4.8,
        0
      ]
    },
    {
      "Target": "Parameter",
      "Id": "ParamHipY",
      "Segments": [
        0,
        0,
        0,
        0.633,
        -6.336,
        1,
        0.822,
        -6.336,
        1.011,
        -3.976,
        1.2,
        0,
        1,
        1.411,
        4.444,
        1.622,
        6.336,
        1.833,
        6.336,
        1,
        2.022,
        6.336,
        2.211,
        3.976,
        2.4,
        0,
        1,
        2.611,
        -4.444,
        2.822,
        -6.336,
        3.033,
        -6.336,
        1,
        3.222,
        -6.336,
        3.411,
        -3.976,
        3.6,
        0,
        1,
        3.811,
        4.444,
        4.022,
        6.336,
        4.233,
        6.336,
        0,
        4.8,
        0
      ]
    },
    {
      "Target": "Parameter",
      "Id": "ParamLegZ",
      "Segments": [
        0,
        0,
        0,
        1.2,
        0.3,
        0,
        2.4,
        0,
        0,
        3.6,
        0.3,
        0,
        4.8,
        0
      ]
    },
    {
      "Target": "Parameter",
      "Id": "ParamFoot1",
      "Segments": [
        0,
        0,
        0,
        0.633,
        -3,
        0,
        1.433,
        0,
        0,
        1.833,
        -4,
        0,
        2.4,
        0,
        0,
        3.033,
        -3,
        0,
        3.833,
        0,
        0,
        4.233,
        -4,
        0,
        4.8,
        0
      ]
    },
    {
      "Target": "Parameter",
      "Id": "ParamFoot2",
      "Segments": [
        0,
        0,
        0,
        0.367,
        1.774,
        0,
        0.9,
        -2,
        0,
        1.7,
        1.774,
        0,
        2.067,
        -2.874,
        1,
        2.178,
        -2.874,
        2.289,
        -1.354,
        2.4,
        0,
        1,
        2.522,
        1.489,
        2.645,
        1.774,
        2.767,
        1.774,
        0,
        3.3,
        -2,
        0,
        4.1,
        1.774,
        0,
        4.467,
        -2.874,
        0,
        4.8,
        0
      ]
    },
    {
      "Target": "Parameter",
      "Id": "ParamHuXi2",
      "Segments": [
        0,
        0,
        0,
        1.2,
        1,
        0,
        2.4,
        0,
        0,
        3.6,
        1,
        0,
        4.8,
        0
      ]
    },
    {
      "Target": "Parameter",
      "Id": "ParamArmX",
      "Segments": [
        0,
        19.787,
        0,
        1.067,
        20.363,
        0,
        2.267,
        18.203,
        0,
        3.467,
        20.363,
        0,
        4.8,
        19.787
      ]
    },
    {
      "Target": "Parameter",
      "Id": "ParamArmRY",
      "Segments": [
        0,
        24.61,
        0,
        0.967,
        22.549,
        0,
        2.233,
        25.887,
        0,
        3.6,
        22.549,
        0,
        4.8,
        24.61
      ]
    },
    {
      "Target": "Parameter",
      "Id": "ParamArmR",
      "Segments": [
        0,
        8,
        0,
        1.1,
        9.77,
        0,
        2.3,
        6.29,
        0,
        3.5,
        9.77,
        0,
        4.8,
        8
      ]
    },
    {
      "Target": "Parameter",
      "Id": "ParamArmR1Z",
      "Segments": [
        0,
        30,
        1,
        0.178,
        30,
        0.355,
        30,
        0.533,
        29.907,
        1,
        0.678,
        29.827,
        0.822,
        29.447,
        0.967,
        29.116,
        1,
        1.167,
        28.659,
        1.367,
        28.275,
        1.567,
        28.275,
        1,
        1.789,
        28.275,
        2.011,
        28.696,
        2.233,
        29.275,
        1,
        2.444,
        29.825,
        2.656,
        30,
        2.867,
        30,
        1,
        3.078,
        30,
        3.289,
        29.817,
        3.5,
        29.275,
        1,
        3.656,
        28.876,
        3.811,
        28.558,
        3.967,
        28.558,
        0,
        4.8,
        30
      ]
    },
    {
      "Target": "Parameter",
      "Id": "ParamArmR1Y",
      "Segments": [
        0,
        -30,
        1,
        0.367,
        -30,
        0.733,
        -30,
        1.1,
        -29.806,
        1,
        1.5,
        -29.578,
        1.9,
        -29.022,
        2.3,
        -29.022,
        1,
        2.7,
        -29.022,
        3.1,
        -29.617,
        3.5,
        -29.806,
        1,
        3.933,
        -30,
        4.367,
        -30,
        4.8,
        -30
      ]
    },
    {
      "Target": "Parameter",
      "Id": "ParamRHand",
      "Segments": [
        0,
        -8,
        0,
        1.167,
        -3.863,
        0,
        2.367,
        -11.863,
        0,
        3.567,
        -3.863,
        0,
        4.8,
        -8
      ]
    },
    {
      "Target": "Parameter",
      "Id": "ParamRHandZ2",
      "Segments": [
        0,
        19,
        0,
        1.067,
        19.643,
        0,
        2.267,
        18.443,
        0,
        3.467,
        19.643,
        0,
        4.8,
        19
      ]
    },
    {
      "Target": "Parameter",
      "Id": "ParamJXWei",
      "Segments": [
        0,
        0,
        0,
        0.5,
        -20.235,
        1,
        0.711,
        -20.235,
        0.922,
        -17.409,
        1.133,
        -13.235,
        1,
        1.355,
        -8.842,
        1.578,
        -7.235,
        1.8,
        -7.235,
        1,
        1.978,
        -7.235,
        2.155,
        -9.043,
        2.333,
        -13.235,
        1,
        2.522,
        -17.689,
        2.711,
        -20.235,
        2.9,
        -20.235,
        1,
        3.111,
        -20.235,
        3.322,
        -15.881,
        3.533,
        -13.235,
        1,
        3.755,
        -10.45,
        3.978,
        -10.047,
        4.2,
        -7.235,
        1,
        4.4,
        -4.704,
        4.6,
        0,
        4.8,
        0
      ]
    },
    {
      "Target": "Parameter",
      "Id": "ParamJXWei1",
      "Segments": [
        0,
        18.974,
        1,
        0.4,
        18.974,
        0.8,
        9.852,
        1.2,
        5,
        1,
        1.6,
        0.148,
        2,
        0,
        2.4,
        0,
        1,
        2.8,
        0,
        3.2,
        0.148,
        3.6,
        5,
        1,
        4,
        9.852,
        4.4,
        18.974,
        4.8,
        18.974
      ]
    },
    {
      "Target": "Parameter",
      "Id": "ParamJXWei2",
      "Segments": [
        0,
        23,
        0,
        0.6,
        -5,
        0,
        1.867,
        5,
        1,
        2.045,
        5,
        2.222,
        3.126,
        2.4,
        0,
        1,
        2.6,
        -3.516,
        2.8,
        -5,
        3,
        -5,
        1,
        3.422,
        -5,
        3.845,
        -3.389,
        4.267,
        5,
        1,
        4.445,
        8.532,
        4.622,
        23,
        4.8,
        23
      ]
    },
    {
      "Target": "Parameter",
      "Id": "ParamJXWei3",
      "Segments": [
        0,
        -14,
        1,
        0.333,
        -14,
        0.667,
        -10.18,
        1,
        -5.214,
        1,
        1.367,
        0.249,
        1.733,
        2,
        2.1,
        2,
        1,
        2.2,
        2,
        2.3,
        1.098,
        2.4,
        0,
        1,
        2.733,
        -3.659,
        3.067,
        -5.214,
        3.4,
        -5.214,
        0,
        4.5,
        2,
        0,
        4.8,
        -14
      ]
    },
    {
      "Target": "Parameter",
      "Id": "ParamJXWei4",
      "Segments": [
        0,
        -7,
        0,
        0.367,
        1.359,
        0,
        1.4,
        -4.986,
        1,
        1.733,
        -4.986,
        2.067,
        -3.041,
        2.4,
        0,
        1,
        2.522,
        1.115,
        2.645,
        1.359,
        2.767,
        1.359,
        1,
        3.111,
        1.359,
        3.456,
        -2.888,
        3.8,
        -4.986,
        1,
        4.133,
        -7.016,
        4.467,
        -7,
        4.8,
        -7
      ]
    },
    {
      "Target": "Parameter",
      "Id": "ParamJXWei5",
      "Segments": [
        0,
        -6.165,
        0,
        0.533,
        11,
        1,
        0.755,
        11,
        0.978,
        7.365,
        1.2,
        0,
        1,
        1.422,
        -7.365,
        1.645,
        -11.095,
        1.867,
        -11.095,
        1,
        2.045,
        -11.095,
        2.222,
        -7.365,
        2.4,
        0,
        1,
        2.578,
        7.365,
        2.755,
        11,
        2.933,
        11,
        1,
        3.155,
        11,
        3.378,
        7.365,
        3.6,
        0,
        1,
        3.822,
        -7.365,
        4.045,
        -11.095,
        4.267,
        -11.095,
        0,
        4.8,
        -6.165
      ]
    },
    {
      "Target": "Parameter",
      "Id": "ParamJXWei7",
      "Segments": [
        0,
        8.36,
        0,
        1.2,
        -5,
        0,
        2.4,
        0,
        0,
        3.6,
        -6,
        0,
        4.8,
        8.36
      ]
    },
    {
      "Target": "Parameter",
      "Id": "ParamOpaishakeX",
      "Segments": [
        0,
        0,
        0,
        1.2,
        -0.3,
        0,
        2.4,
        0,
        0,
        3.6,
        -0.3,
        0,
        4.8,
        0
      ]
    },
    {
      "Target": "Parameter",
      "Id": "ParamOpaishakeXB",
      "Segments": [
        0,
        0,
        0,
        0.7,
        0.183,
        0,
        1.8,
        -0.283,
        1,
        2,
        -0.283,
        2.2,
        -0.132,
        2.4,
        0,
        1,
        2.633,
        0.154,
        2.867,
        0.183,
        3.1,
        0.183,
        0,
        4.2,
        -0.283,
        0,
        4.8,
        0
      ]
    },
    {
      "Target": "Parameter",
      "Id": "ParamOpaishakeY",
      "Segments": [
        0,
        -0.159,
        0,
        1.2,
        -0.789,
        0,
        2.4,
        0.3,
        0,
        3.6,
        -0.789,
        0,
        4.8,
        -0.159
      ]
    },
    {
      "Target": "Parameter",
      "Id": "ParamOpaishakeYB",
      "Segments": [
        0,
        -4.77,
        0,
        0.667,
        0.787,
        0,
        1.833,
        -0.784,
        1,
        2.022,
        -0.784,
        2.211,
        -0.476,
        2.4,
        0.002,
        1,
        2.622,
        0.564,
        2.845,
        0.787,
        3.067,
        0.787,
        1,
        3.456,
        0.787,
        3.844,
        0.635,
        4.233,
        -0.784,
        1,
        4.422,
        -1.473,
        4.611,
        -4.77,
        4.8,
        -4.77
      ]
    },
    {
      "Target": "Parameter",
      "Id": "ParamOpaishakeX2",
      "Segments": [
        0,
        -0.007,
        0,
        1.133,
        0.3,
        0,
        2.4,
        0,
        0,
        3.533,
        0.3,
        0,
        4.8,
        -0.007
      ]
    },
    {
      "Target": "Parameter",
      "Id": "ParamOpaishakeX2B",
      "Segments": [
        0,
        0,
        0,
        0.6,
        -0.22,
        0,
        1.8,
        0.297,
        1,
        2,
        0.297,
        2.2,
        0.169,
        2.4,
        0,
        1,
        2.6,
        -0.169,
        2.8,
        -0.22,
        3,
        -0.22,
        0,
        4.2,
        0.297,
        0,
        4.8,
        0
      ]
    },
    {
      "Target": "Parameter",
      "Id": "ParamOpaishakeY2",
      "Segments": [
        0,
        -0.159,
        0,
        1.267,
        -0.789,
        0,
        2.4,
        0.3,
        0,
        3.667,
        -0.789,
        0,
        4.8,
        -0.159
      ]
    },
    {
      "Target": "Parameter",
      "Id": "ParamOpaishakeY2B",
      "Segments": [
        0,
        -4.77,
        0,
        0.7,
        0.65,
        0,
        1.867,
        -0.655,
        1,
        2.045,
        -0.655,
        2.222,
        -0.367,
        2.4,
        0.002,
        1,
        2.633,
        0.486,
        2.867,
        0.65,
        3.1,
        0.65,
        1,
        3.489,
        0.65,
        3.878,
        0.53,
        4.267,
        -0.655,
        1,
        4.445,
        -1.196,
        4.622,
        -4.77,
        4.8,
        -4.77
      ]
    },
    {
      "Target": "Parameter",
      "Id": "ParamClothes",
      "Segments": [
        0,
        -0.262,
        0,
        1.167,
        0.214,
        0,
        2.367,
        -0.686,
        0,
        3.567,
        0.214,
        0,
        4.8,
        -0.262
      ]
    },
    {
      "Target": "Parameter",
      "Id": "ParamClothesY",
      "Segments": [
        0,
        -0.004,
        0,
        0.533,
        0.444,
        0,
        1.833,
        -0.541,
        1,
        2.022,
        -0.541,
        2.211,
        -0.337,
        2.4,
        0,
        1,
        2.578,
        0.317,
        2.755,
        0.444,
        2.933,
        0.444,
        0,
        4.233,
        -0.541,
        0,
        4.8,
        -0.004
      ]
    },
    {
      "Target": "Parameter",
      "Id": "ParamClothes2Y",
      "Segments": [
        0,
        0.174,
        0,
        1.067,
        0.364,
        0,
        2.4,
        0,
        0,
        3.667,
        0.385,
        0,
        4.8,
        0.174
      ]
    },
    {
      "Target": "Parameter",
      "Id": "ParamClothes2",
      "Segments": [
        0,
        -0.006,
        0,
        0.567,
        -0.508,
        0,
        1.867,
        0.508,
        1,
        2.045,
        0.508,
        2.222,
        0.328,
        2.4,
        0,
        1,
        2.589,
        -0.348,
        2.778,
        -0.507,
        2.967,
        -0.507,
        0,
        4.267,
        0.507,
        0,
        4.8,
        -0.006
      ]
    },
    {
      "Target": "Parameter",
      "Id": "ParamPhysics1",
      "Segments": [
        0,
        -7.934,
        0,
        1.167,
        3.082,
        0,
        2.367,
        -12.918,
        0,
        3.567,
        3.082,
        0,
        4.8,
        -7.934
      ]
    },
    {
      "Target": "Parameter",
      "Id": "ParamPhysics2",
      "Segments": [
        0,
        -0.563,
        0,
        0.267,
        -5.096,
        0,
        0.633,
        7.767,
        0,
        0.933,
        -11.241,
        0,
        1.4,
        0.894,
        2,
        1.433,
        0.894,
        0,
        1.667,
        -11.241,
        0,
        2.133,
        3.329,
        1,
        2.222,
        3.329,
        2.311,
        2.669,
        2.4,
        0,
        1,
        2.489,
        -2.669,
        2.578,
        -5.096,
        2.667,
        -5.096,
        0,
        3.033,
        7.767,
        0,
        3.333,
        -11.241,
        0,
        3.8,
        0.894,
        2,
        3.833,
        0.894,
        0,
        4.067,
        -11.241,
        0,
        4.533,
        3.329,
        0,
        4.8,
        -0.563
      ]
    },
    {
      "Target": "Parameter",
      "Id": "ParamPhysics3",
      "Segments": [
        0,
        1.76,
        0,
        0.367,
        -7.245,
        0,
        0.7,
        11.543,
        0,
        1.033,
        -15,
        0,
        1.433,
        13,
        0,
        1.833,
        -9.583,
        0,
        2.167,
        10,
        1,
        2.245,
        10,
        2.322,
        3.818,
        2.4,
        0,
        1,
        2.522,
        -5.999,
        2.645,
        -7.245,
        2.767,
        -7.245,
        0,
        3.1,
        11.543,
        0,
        3.433,
        -15,
        0,
        3.833,
        13,
        0,
        4.233,
        -9.583,
        0,
        4.567,
        10,
        0,
        4.8,
        1.76
      ]
    },
    {
      "Target": "Parameter",
      "Id": "ParamPhysics4",
      "Segments": [
        0,
        8.975,
        1,
        0.056,
        8.975,
        0.111,
        9.352,
        0.167,
        6.739,
        1,
        0.267,
        2.035,
        0.367,
        -7.592,
        0.467,
        -7.592,
        0,
        0.8,
        11.065,
        0,
        1.167,
        -18.664,
        0,
        1.533,
        18.664,
        0,
        1.9,
        -18.664,
        0,
        2.267,
        11.065,
        0,
        2.4,
        0,
        0,
        2.567,
        6.739,
        0,
        2.867,
        -7.592,
        0,
        3.2,
        11.065,
        0,
        3.567,
        -18.664,
        0,
        3.933,
        18.664,
        0,
        4.3,
        -18.664,
        0,
        4.667,
        11.065,
        0,
        4.8,
        8.975
      ]
    },
    {
      "Target": "Parameter",
      "Id": "Param13",
      "Segments": [
        0,
        0,
        0,
        1.133,
        10,
        0,
        2.4,
        0,
        0,
        3.533,
        10,
        0,
        4.8,
        0
      ]
    },
    {
      "Target": "Parameter",
      "Id": "Param14",
      "Segments": [
        0,
        0,
        0,
        0.533,
        -10,
        0,
        1.633,
        10,
        1,
        1.889,
        10,
        2.144,
        7.587,
        2.4,
        0,
        1,
        2.578,
        -5.278,
        2.755,
        -10,
        2.933,
        -10,
        0,
        4.033,
        10,
        0,
        4.8,
        0
      ]
    },
    {
      "Target": "Parameter",
      "Id": "ParamAngleA1",
      "Segments": [
        0,
        22.73,
        0,
        1.067,
        27.531,
        0,
        2.267,
        19.531,
        0,
        3.467,
        27.531,
        0,
        4.8,
        22.73
      ]
    },
    {
      "Target": "Parameter",
      "Id": "ParamAngleA2",
      "Segments": [
        0,
        2.717,
        0,
        1.1,
        7.49,
        0,
        2.3,
        0,
        0,
        3.5,
        7.49,
        0,
        4.8,
        2.717
      ]
    },
    {
      "Target": "Parameter",
      "Id": "ParamAngleA3",
      "Segments": [
        0,
        4.743,
        0,
        0.5,
        -8.287,
        0,
        1.7,
        9.003,
        1,
        1.9,
        9.003,
        2.1,
        5.752,
        2.3,
        0,
        1,
        2.5,
        -5.752,
        2.7,
        -8.287,
        2.9,
        -8.287,
        0,
        4.1,
        9.003,
        0,
        4.8,
        4.743
      ]
    },
    {
      "Target": "Parameter",
      "Id": "ParamAngleA4",
      "Segments": [
        0,
        -11.706,
        0,
        1.167,
        -16.368,
        0,
        2.3,
        -7.596,
        0,
        3.567,
        -16.369,
        0,
        4.8,
        -11.706
      ]
    },
    {
      "Target": "Parameter",
      "Id": "ParamAngleB1",
      "Segments": [
        0,
        22.538,
        0,
        1.333,
        27.417,
        0,
        2.467,
        19.417,
        0,
        3.733,
        27.417,
        0,
        4.8,
        22.538
      ]
    },
    {
      "Target": "Parameter",
      "Id": "ParamAngleB2",
      "Segments": [
        0,
        13.71,
        0,
        1.333,
        17.017,
        0,
        2.467,
        9.527,
        0,
        3.733,
        17.017,
        0,
        4.8,
        13.71
      ]
    },
    {
      "Target": "Parameter",
      "Id": "ParamAngleB3",
      "Segments": [
        0,
        -9,
        0,
        0.733,
        -15.737,
        0,
        1.933,
        4.299,
        1,
        2.111,
        4.299,
        2.289,
        -0.351,
        2.467,
        -6.134,
        1,
        2.689,
        -13.362,
        2.911,
        -15.737,
        3.133,
        -15.737,
        0,
        4.267,
        4.299,
        0,
        4.8,
        -9
      ]
    },
    {
      "Target": "Parameter",
      "Id": "ParamAngleB4",
      "Segments": [
        0,
        21.78,
        0,
        1.333,
        14.081,
        0,
        2.4,
        27.128,
        0,
        3.733,
        14.081,
        0,
        4.8,
        21.78
      ]
    },
    {
      "Target": "Parameter",
      "Id": "ParamAngleC1",
      "Segments": [
        0,
        21.173,
        0,
        1.133,
        24.57,
        0,
        2.433,
        19.073,
        0,
        3.633,
        23.867,
        0,
        4.8,
        21.173
      ]
    },
    {
      "Target": "Parameter",
      "Id": "ParamAngleC2",
      "Segments": [
        0,
        31,
        0,
        1.333,
        36.295,
        0,
        2.433,
        28.028,
        0,
        3.933,
        34.991,
        0,
        4.8,
        31
      ]
    },
    {
      "Target": "Parameter",
      "Id": "ParamAngleC3",
      "Segments": [
        0,
        0.355,
        0,
        1.367,
        5.581,
        0,
        2.467,
        -2.106,
        0,
        3.867,
        4.417,
        0,
        4.8,
        0.355
      ]
    },
    {
      "Target": "Parameter",
      "Id": "ParamAngleC4",
      "Segments": [
        0,
        1.488,
        0,
        0.633,
        -8.036,
        0,
        1.867,
        12.857,
        0,
        3.4,
        -8.036,
        0,
        4.8,
        1.488
      ]
    },
    {
      "Target": "Parameter",
      "Id": "ParamAngleC5",
      "Segments": [
        0,
        1.439,
        0,
        1.1,
        -7.875,
        0,
        2.467,
        5.923,
        0,
        3.867,
        -7.875,
        0,
        4.8,
        1.439
      ]
    },
    {
      "Target": "Parameter",
      "Id": "ParamAngleD1",
      "Segments": [
        0,
        4.377,
        0,
        0.867,
        16.41,
        0,
        1.733,
        -4.994,
        1,
        1.989,
        -4.994,
        2.244,
        0.56,
        2.5,
        7.16,
        1,
        2.778,
        14.334,
        3.055,
        16.41,
        3.333,
        16.41,
        0,
        4.067,
        -4.994,
        0,
        4.8,
        4.377
      ]
    },
    {
      "Target": "Parameter",
      "Id": "ParamAngleD2",
      "Segments": [
        0,
        22.823,
        0,
        1.3,
        38.022,
        0,
        2.367,
        18.695,
        0,
        3.7,
        33.452,
        0,
        4.8,
        22.823
      ]
    },
    {
      "Target": "Parameter",
      "Id": "ParamAngleD3",
      "Segments": [
        0,
        0.355,
        0,
        0.5,
        -0.822,
        0,
        1.633,
        3.563,
        1,
        1.889,
        3.563,
        2.144,
        1.376,
        2.4,
        0,
        1,
        2.567,
        -0.897,
        2.733,
        -0.822,
        2.9,
        -0.822,
        0,
        4.033,
        3.563,
        0,
        4.8,
        0.355
      ]
    },
    {
      "Target": "Parameter",
      "Id": "ParamAngleD4",
      "Segments": [
        0,
        1.488,
        0,
        0.633,
        -5.942,
        0,
        1.633,
        3.811,
        1,
        1.889,
        3.811,
        2.144,
        3.212,
        2.4,
        0,
        1,
        2.611,
        -2.653,
        2.822,
        -5.942,
        3.033,
        -5.942,
        0,
        4.033,
        3.811,
        0,
        4.8,
        1.488
      ]
    },
    {
      "Target": "Parameter",
      "Id": "ParamAngleD5",
      "Segments": [
        0,
        1.439,
        0,
        0.5,
        -7.292,
        0,
        1.367,
        6.637,
        1,
        1.6,
        6.637,
        1.834,
        4.133,
        2.067,
        -3.787,
        1,
        2.211,
        -8.69,
        2.356,
        -13.457,
        2.5,
        -13.457,
        1,
        2.633,
        -13.457,
        2.767,
        -11.52,
        2.9,
        -7.292,
        1,
        3.189,
        1.87,
        3.478,
        6.637,
        3.767,
        6.637,
        0,
        4.467,
        -3.787,
        0,
        4.8,
        1.439
      ]
    },
    {
      "Target": "Parameter",
      "Id": "ParamAngleE1",
      "Segments": [
        0,
        26,
        0,
        0.7,
        31.175,
        0,
        1.667,
        14.292,
        1,
        1.889,
        14.292,
        2.111,
        16.019,
        2.333,
        21.175,
        1,
        2.589,
        27.106,
        2.844,
        31.175,
        3.1,
        31.175,
        0,
        4.067,
        14.293,
        0,
        4.8,
        26
      ]
    },
    {
      "Target": "Parameter",
      "Id": "ParamAngleE2",
      "Segments": [
        0,
        15.699,
        0,
        0.933,
        19.313,
        0,
        1.867,
        9.588,
        1,
        2.022,
        9.588,
        2.178,
        12.589,
        2.333,
        14.411,
        1,
        2.666,
        18.316,
        3,
        19.313,
        3.333,
        19.313,
        0,
        4.267,
        9.587,
        0,
        4.8,
        15.699
      ]
    },
    {
      "Target": "Parameter",
      "Id": "ParamAngleE3",
      "Segments": [
        0,
        -1.257,
        0,
        1.4,
        2.042,
        0,
        2.4,
        -2.574,
        0,
        3.8,
        2.042,
        0,
        4.8,
        -1.257
      ]
    },
    {
      "Target": "Parameter",
      "Id": "ParamAngleE4",
      "Segments": [
        0,
        -10.198,
        0,
        0.633,
        -12.697,
        0,
        1.9,
        13.257,
        1,
        2.067,
        13.257,
        2.233,
        7.466,
        2.4,
        0,
        1,
        2.611,
        -9.457,
        2.822,
        -12.697,
        3.033,
        -12.697,
        0,
        4.3,
        13.257,
        0,
        4.8,
        -10.198
      ]
    },
    {
      "Target": "Parameter",
      "Id": "ParamGangSheng1",
      "Segments": [
        0,
        -0.002,
        0,
        0.667,
        1.734,
        0,
        2.267,
        -12.429,
        0,
        3.3,
        1.734,
        0,
        4.267,
        -8.309,
        0,
        4.8,
        -0.002
      ]
    },
    {
      "Target": "Parameter",
      "Id": "ParamGangSheng2",
      "Segments": [
        0,
        0.122,
        0,
        0.633,
        -4.687,
        0,
        1.4,
        -0.62,
        0,
        2.6,
        -4.687,
        0,
        3.667,
        2.663,
        0,
        4.5,
        -2.13,
        0,
        4.8,
        0.122
      ]
    },
    {
      "Target": "Parameter",
      "Id": "ParamGangSheng3",
      "Segments": [
        0,
        0.627,
        0,
        0.633,
        -2.671,
        0,
        1.867,
        4.274,
        1,
        2.011,
        4.274,
        2.156,
        4.618,
        2.3,
        3,
        1,
        2.544,
        0.262,
        2.789,
        -6.551,
        3.033,
        -6.551,
        0,
        4.067,
        4.274,
        0,
        4.8,
        0.627
      ]
    },
    {
      "Target": "Parameter",
      "Id": "ParamGangSheng4",
      "Segments": [
        0,
        -0.01,
        0,
        1.133,
        -3.691,
        0,
        2.3,
        8,
        0,
        3.467,
        -4.713,
        0,
        4.3,
        4.477,
        0,
        4.8,
        -0.01
      ]
    },
    {
      "Target": "Parameter",
      "Id": "ParamGangSheng5",
      "Segments": [
        0,
        -4.358,
        0,
        0.5,
        5.901,
        0,
        1.2,
        -5.027,
        1,
        1.411,
        -5.027,
        1.622,
        2.687,
        1.833,
        5.901,
        1,
        1.989,
        8.269,
        2.144,
        8,
        2.3,
        8,
        0,
        2.933,
        -5.027,
        0,
        3.967,
        6.716,
        0,
        4.8,
        -4.358
      ]
    },
    {
      "Target": "Parameter",
      "Id": "ParamGangSheng6",
      "Segments": [
        0,
        -8.16,
        0,
        0.633,
        3.845,
        0,
        1.333,
        -3.479,
        0,
        2.467,
        5.691,
        0,
        3.367,
        -3.479,
        0,
        4.2,
        5.677,
        0,
        4.8,
        -8.16
      ]
    },
    {
      "Target": "Parameter",
      "Id": "ParamJXSheng2",
      "Segments": [
        0,
        0.01,
        0,
        0.867,
        -9.958,
        0,
        1.4,
        10,
        0,
        2.033,
        -8.794,
        0,
        2.4,
        0,
        0,
        3.267,
        -9.958,
        0,
        3.8,
        10,
        0,
        4.433,
        -8.794,
        0,
        4.8,
        0.01
      ]
    },
    {
      "Target": "Parameter",
      "Id": "ParamJXSheng1",
      "Segments": [
        0,
        0.627,
        0,
        0.533,
        -10,
        0,
        1.167,
        9,
        0,
        1.867,
        -10,
        0,
        2.4,
        0,
        0,
        2.933,
        -10,
        0,
        3.567,
        9,
        0,
        4.267,
        -10,
        0,
        4.8,
        0.627
      ]
    },
    {
      "Target": "Parameter",
      "Id": "Param11",
      "Segments": [
        0,
        0,
        0,
        1.1,
        10.943,
        0,
        2.4,
        0,
        0,
        3.5,
        10.943,
        0,
        4.8,
        0
      ]
    },
    {
      "Target": "Parameter",
      "Id": "Param12",
      "Segments": [
        0,
        0,
        0,
        0.567,
        -9.957,
        0,
        1.767,
        10.557,
        1,
        1.978,
        10.557,
        2.189,
        7.212,
        2.4,
        0,
        1,
        2.589,
        -6.453,
        2.778,
        -9.957,
        2.967,
        -9.957,
        0,
        4.167,
        10.557,
        0,
        4.8,
        0
      ]
    },
    {
      "Target": "Model",
      "Id": "Opacity",
      "Segments": [
        0,
        1,
        0,
        4.8,
        1
      ]
    },
    {
      "Target": "Parameter",
      "Id": "ParamEyeS",
      "Segments": [
        0,
        0,
        0,
        4.8,
        0
      ]
    },
    {
      "Target": "Parameter",
      "Id": "ParamEyeBallY",
      "Segments": [
        0,
        0,
        0,
        4.8,
        0
      ]
    },
    {
      "Target": "Parameter",
      "Id": "ParamParamBrowLY",
      "Segments": [
        0,
        0,
        0,
        4.8,
        0
      ]
    },
    {
      "Target": "Parameter",
      "Id": "ParamBrowLAngle",
      "Segments": [
        0,
        0,
        0,
        4.8,
        0
      ]
    },
    {
      "Target": "Parameter",
      "Id": "ParamParamBrowRY",
      "Segments": [
        0,
        0,
        0,
        4.8,
        0
      ]
    },
    {
      "Target": "Parameter",
      "Id": "ParamBrowRAngle",
      "Segments": [
        0,
        0,
        0,
        4.8,
        0
      ]
    },
    {
      "Target": "Parameter",
      "Id": "ParamMouthOpenY",
      "Segments": [
        0,
        0,
        0,
        4.8,
        0
      ]
    },
    {
      "Target": "Parameter",
      "Id": "ParamCheek2",
      "Segments": [
        0,
        0,
        0,
        4.8,
        0
      ]
    },
    {
      "Target": "Parameter",
      "Id": "ParamCheek3",
      "Segments": [
        0,
        0,
        0,
        4.8,
        0
      ]
    },
    {
      "Target": "Parameter",
      "Id": "ParamCheek4",
      "Segments": [
        0,
        0,
        0,
        4.8,
        0
      ]
    },
    {
      "Target": "Parameter",
      "Id": "ParamCheek",
      "Segments": [
        0,
        0,
        0,
        4.8,
        0
      ]
    },
    {
      "Target": "Parameter",
      "Id": "ParamCheek5",
      "Segments": [
        0,
        0,
        0,
        4.8,
        0
      ]
    },
    {
      "Target": "Parameter",
      "Id": "ParamJy",
      "Segments": [
        0,
        0,
        0,
        4.8,
        0
      ]
    },
    {
      "Target": "Parameter",
      "Id": "ParamCheek6",
      "Segments": [
        0,
        0,
        0,
        4.8,
        0
      ]
    },
    {
      "Target": "Parameter",
      "Id": "ParamHeadX",
      "Segments": [
        0,
        30,
        0,
        4.8,
        30
      ]
    },
    {
      "Target": "Parameter",
      "Id": "ParamHeadY",
      "Segments": [
        0,
        -8,
        0,
        4.8,
        -8
      ]
    },
    {
      "Target": "Parameter",
      "Id": "ParamLjian",
      "Segments": [
        0,
        0,
        0,
        4.8,
        0
      ]
    },
    {
      "Target": "Parameter",
      "Id": "ParamRjian",
      "Segments": [
        0,
        17,
        0,
        4.8,
        17
      ]
    },
    {
      "Target": "Parameter",
      "Id": "ParamRArmDA",
      "Segments": [
        0,
        0.997,
        0,
        4.8,
        0.997
      ]
    },
    {
      "Target": "Parameter",
      "Id": "ParamRArmDB",
      "Segments": [
        0,
        0,
        0,
        4.8,
        0
      ]
    },
    {
      "Target": "Parameter",
      "Id": "ParamHQiangX",
      "Segments": [
        0,
        -12,
        0,
        4.8,
        -12
      ]
    },
    {
      "Target": "Parameter",
      "Id": "ParamHQiangY",
      "Segments": [
        0,
        0,
        0,
        4.8,
        0
      ]
    },
    {
      "Target": "Parameter",
      "Id": "ParamHQiang",
      "Segments": [
        0,
        -10,
        0,
        4.8,
        -10
      ]
    },
    {
      "Target": "Parameter",
      "Id": "ParamJXWei6",
      "Segments": [
        0,
        15,
        0,
        4.8,
        15
      ]
    },
    {
      "Target": "Parameter",
      "Id": "ParamWhite1",
      "Segments": [
        0,
        0,
        0,
        4.8,
        0
      ]
    },
    {
      "Target": "Parameter",
      "Id": "ParamBlack0",
      "Segments": [
        0,
        1,
        0,
        4.8,
        1
      ]
    },
    {
      "Target": "Parameter",
      "Id": "ParamBlack1",
      "Segments": [
        0,
        0,
        0,
        4.8,
        0
      ]
    },
    {
      "Target": "Parameter",
      "Id": "ParamBlack2",
      "Segments": [
        0,
        0,
        0,
        4.8,
        0
      ]
    },
    {
      "Target": "Parameter",
      "Id": "ParamZTX",
      "Segments": [
        0,
        0.756,
        0,
        4.8,
        0.756
      ]
    },
    {
      "Target": "Parameter",
      "Id": "ParamZTY",
      "Segments": [
        0,
        -9.575,
        0,
        4.8,
        -9.575
      ]
    },
    {
      "Target": "Parameter",
      "Id": "ParamZTZ",
      "Segments": [
        0,
        9.23,
        0,
        4.8,
        9.23
      ]
    },
    {
      "Target": "Parameter",
      "Id": "ParamZTO",
      "Segments": [
        0,
        9.5,
        0,
        4.8,
        9.5
      ]
    },
    {
      "Target": "Parameter",
      "Id": "ParamBJtoushi",
      "Segments": [
        0,
        30,
        0,
        4.8,
        30
      ]
    },
    {
      "Target": "Parameter",
      "Id": "ParamUI1",
      "Segments": [
        0,
        0.5,
        0,
        4.8,
        0.5
      ]
    },
    {
      "Target": "Parameter",
      "Id": "ParamUITouming",
      "Segments": [
        0,
        0.6,
        0,
        4.8,
        0.6
      ]
    },
    {
      "Target": "Parameter",
      "Id": "ParamUIZ",
      "Segments": [
        0,
        30,
        0,
        4.8,
        30
      ]
    }
  ],
  "UserData": [
    {
      "Time": 0.0,
      "Value": ""
    }
  ]
}