{
  "Version": 3,
  "Meta": {
    "Duration": 3.37,
    "Fps": 30.0,
    "Loop": true,
    "AreBeziersRestricted": true,
    "CurveCount": 126,
    "TotalSegmentCount": 875,
    "TotalPointCount": 1225,
    "UserDataCount": 2,
    "TotalUserDataSize": 22
  },
  "Curves": [
    {
      "Target": "Parameter",
      "Id": "ParamAngleX",
      "Segments": [
        0,
        0,
        0,
        0.1,
        3,
        1,
        0.178,
        3,
        0.255,
        -0.516,
        0.333,
        -2.222,
        1,
        0.433,
        -4.415,
        0.533,
        -4.647,
        0.633,
        -4.647,
        1,
        0.678,
        -4.647,
        0.722,
        -4.818,
        0.767,
        -2.222,
        1,
        0.834,
        1.673,
        0.9,
        9,
        0.967,
        9,
        1,
        1.078,
        9,
        1.189,
        7.716,
        1.3,
        7.6,
        1,
        1.644,
        7.241,
        1.989,
        7.18,
        2.333,
        7.18,
        0,
        2.533,
        8.914,
        0,
        2.967,
        -1.026,
        0,
        3.2,
        0,
        2,
        3.367,
        0
      ]
    },
    {
      "Target": "Parameter",
      "Id": "ParamAngleY",
      "Segments": [
        0,
        0,
        0,
        0.167,
        -1.639,
        0,
        0.433,
        3.59,
        1,
        0.522,
        3.59,
        0.611,
        3.732,
        0.7,
        2.705,
        1,
        0.789,
        1.679,
        0.878,
        -7,
        0.967,
        -7,
        0,
        1.3,
        -5,
        2,
        1.867,
        -5,
        0,
        2.2,
        -3.26,
        2,
        2.333,
        -3.26,
        0,
        2.567,
        -6.672,
        0,
        3.033,
        1.653,
        0,
        3.2,
        0,
        2,
        3.367,
        0
      ]
    },
    {
      "Target": "Parameter",
      "Id": "ParamAngleZ",
      "Segments": [
        0,
        0,
        0,
        0.067,
        0.738,
        1,
        0.145,
        0.738,
        0.222,
        -1.639,
        0.3,
        -2.157,
        1,
        0.422,
        -2.97,
        0.545,
        -3,
        0.667,
        -3,
        1,
        0.767,
        -3,
        0.867,
        4.4,
        0.967,
        6,
        1,
        1.034,
        7.067,
        1.1,
        6.82,
        1.167,
        6.82,
        0,
        2.333,
        6,
        0,
        2.7,
        6.82,
        0,
        3.1,
        -0.485,
        0,
        3.367,
        0
      ]
    },
    {
      "Target": "Parameter",
      "Id": "ParamEyeLOpen",
      "Segments": [
        0,
        1,
        2,
        0.1,
        1,
        0,
        0.2,
        0,
        1,
        0.222,
        0,
        0.245,
        0.701,
        0.267,
        1,
        1,
        0.3,
        1.448,
        0.334,
        1.5,
        0.367,
        1.5,
        1,
        0.422,
        1.5,
        0.478,
        1.327,
        0.533,
        1.3,
        1,
        0.633,
        1.252,
        0.733,
        1.248,
        0.833,
        1.2,
        1,
        0.878,
        1.179,
        0.922,
        0,
        0.967,
        0,
        2,
        1.833,
        0,
        1,
        1.966,
        0,
        2.1,
        1.126,
        2.233,
        1.151,
        1,
        2.489,
        1.2,
        2.744,
        1.2,
        3,
        1.2,
        0,
        3.233,
        1,
        2,
        3.367,
        1
      ]
    },
    {
      "Target": "Parameter",
      "Id": "ParamEyeROpen",
      "Segments": [
        0,
        1,
        2,
        0.1,
        1,
        0,
        0.2,
        0,
        1,
        0.222,
        0,
        0.245,
        0.701,
        0.267,
        1,
        1,
        0.3,
        1.448,
        0.334,
        1.5,
        0.367,
        1.5,
        1,
        0.422,
        1.5,
        0.478,
        1.327,
        0.533,
        1.3,
        1,
        0.633,
        1.252,
        0.733,
        1.248,
        0.833,
        1.2,
        1,
        0.878,
        1.179,
        0.922,
        0,
        0.967,
        0,
        2,
        1.833,
        0,
        1,
        1.966,
        0,
        2.1,
        1.126,
        2.233,
        1.151,
        1,
        2.489,
        1.2,
        2.744,
        1.2,
        3,
        1.2,
        0,
        3.233,
        1,
        2,
        3.367,
        1
      ]
    },
    {
      "Target": "Parameter",
      "Id": "ParamEyeBallX",
      "Segments": [
        0,
        0,
        1,
        0.144,
        0,
        0.289,
        -0.04,
        0.433,
        -0.2,
        1,
        0.578,
        -0.36,
        0.722,
        -0.5,
        0.867,
        -0.5,
        0,
        0.967,
        0,
        2,
        1,
        0,
        2,
        2.333,
        0,
        2,
        3.2,
        0,
        2,
        3.367,
        0
      ]
    },
    {
      "Target": "Parameter",
      "Id": "ParamEyeBallY",
      "Segments": [
        0,
        0,
        0,
        0.433,
        0.2,
        0,
        0.867,
        0,
        2,
        0.967,
        0,
        2,
        1,
        0,
        2,
        2.333,
        0,
        2,
        3.2,
        0,
        2,
        3.367,
        0
      ]
    },
    {
      "Target": "Parameter",
      "Id": "ParamParamBrowLY",
      "Segments": [
        0,
        0,
        2,
        0.267,
        0,
        1,
        0.311,
        0,
        0.356,
        0.198,
        0.4,
        0.2,
        1,
        0.522,
        0.206,
        0.645,
        0.206,
        0.767,
        0.206,
        0,
        0.967,
        0,
        2,
        2.333,
        0,
        2,
        3.2,
        0,
        2,
        3.367,
        0
      ]
    },
    {
      "Target": "Parameter",
      "Id": "ParamBrowLForm",
      "Segments": [
        0,
        0,
        0,
        0.2,
        -0.7,
        0,
        0.367,
        0.4,
        0,
        0.533,
        0.2,
        1,
        0.622,
        0.2,
        0.711,
        0.209,
        0.8,
        0.4,
        1,
        0.856,
        0.52,
        0.911,
        1,
        0.967,
        1,
        2,
        2.333,
        1,
        1,
        2.533,
        1,
        2.733,
        0.527,
        2.933,
        0.216,
        1,
        3.078,
        -0.009,
        3.222,
        0,
        3.367,
        0
      ]
    },
    {
      "Target": "Parameter",
      "Id": "ParamParamBrowRY",
      "Segments": [
        0,
        0,
        2,
        0.267,
        0,
        1,
        0.311,
        0,
        0.356,
        0.198,
        0.4,
        0.2,
        1,
        0.522,
        0.206,
        0.645,
        0.206,
        0.767,
        0.206,
        0,
        0.967,
        0,
        2,
        2.333,
        0,
        2,
        3.2,
        0,
        2,
        3.367,
        0
      ]
    },
    {
      "Target": "Parameter",
      "Id": "ParamBrowRForm",
      "Segments": [
        0,
        0,
        0,
        0.2,
        -0.7,
        0,
        0.367,
        0.4,
        0,
        0.533,
        0.2,
        1,
        0.622,
        0.2,
        0.711,
        0.209,
        0.8,
        0.4,
        1,
        0.856,
        0.52,
        0.911,
        1,
        0.967,
        1,
        2,
        2.333,
        1,
        1,
        2.533,
        1,
        2.733,
        0.527,
        2.933,
        0.216,
        1,
        3.078,
        -0.009,
        3.222,
        0,
        3.367,
        0
      ]
    },
    {
      "Target": "Parameter",
      "Id": "ParamMouthOpenY",
      "Segments": [
        0,
        0,
        0,
        0.4,
        0.2,
        0,
        0.5,
        0,
        0,
        0.7,
        0.7,
        0,
        0.767,
        0.3,
        0,
        0.867,
        1,
        1,
        0.9,
        1,
        0.934,
        0.56,
        0.967,
        0.5,
        1,
        1.022,
        0.401,
        1.078,
        0.4,
        1.133,
        0.4,
        0,
        1.267,
        0.994,
        1,
        1.322,
        0.994,
        1.378,
        0.392,
        1.433,
        0.3,
        1,
        1.589,
        0.043,
        1.744,
        0,
        1.9,
        0,
        2,
        3.2,
        0,
        2,
        3.367,
        0
      ]
    },
    {
      "Target": "Parameter",
      "Id": "ParamMouthForm",
      "Segments": [
        0,
        0,
        0,
        0.4,
        -0.1,
        0,
        0.5,
        0,
        0,
        0.7,
        -0.9,
        0,
        0.767,
        0,
        0,
        0.867,
        -0.5,
        1,
        0.9,
        -0.5,
        0.934,
        0.11,
        0.967,
        0.231,
        1,
        1.022,
        0.432,
        1.078,
        0.484,
        1.133,
        0.648,
        1,
        1.178,
        0.779,
        1.222,
        0.9,
        1.267,
        0.9,
        1,
        1.322,
        0.9,
        1.378,
        0.639,
        1.433,
        0.5,
        1,
        1.589,
        0.11,
        1.744,
        0,
        1.9,
        0,
        2,
        3.2,
        0,
        2,
        3.367,
        0
      ]
    },
    {
      "Target": "Parameter",
      "Id": "ParamCheek",
      "Segments": [
        0,
        0,
        1,
        0.167,
        0,
        0.333,
        0.403,
        0.5,
        0.7,
        1,
        0.656,
        0.978,
        0.811,
        1,
        0.967,
        1,
        2,
        2.333,
        1,
        0,
        3.2,
        0,
        2,
        3.367,
        0
      ]
    },
    {
      "Target": "Parameter",
      "Id": "ParamBodyAngleX",
      "Segments": [
        0,
        0,
        0,
        0.2,
        0.731,
        0,
        0.6,
        -1.385,
        0,
        1,
        2.706,
        0,
        1.733,
        2.024,
        1,
        2.022,
        2.024,
        2.311,
        2.209,
        2.6,
        2.706,
        1,
        2.667,
        2.82,
        2.733,
        2.992,
        2.8,
        2.992,
        0,
        3.2,
        -0.38,
        0,
        3.367,
        0
      ]
    },
    {
      "Target": "Parameter",
      "Id": "ParamBodyAngleY",
      "Segments": [
        0,
        0,
        1,
        0.111,
        0,
        0.222,
        1.824,
        0.333,
        2.488,
        1,
        0.422,
        3.019,
        0.511,
        2.948,
        0.6,
        2.948,
        1,
        0.722,
        2.948,
        0.845,
        0.818,
        0.967,
        0.485,
        1,
        1.078,
        0.183,
        1.189,
        0.199,
        1.3,
        0,
        1,
        1.644,
        -0.617,
        1.989,
        -1,
        2.333,
        -1,
        0,
        3.2,
        0,
        2,
        3.367,
        0
      ]
    },
    {
      "Target": "Parameter",
      "Id": "ParamBodyAngleZ",
      "Segments": [
        0,
        0,
        1,
        0.089,
        0,
        0.178,
        -0.434,
        0.267,
        -0.529,
        1,
        0.345,
        -0.612,
        0.422,
        -0.597,
        0.5,
        -0.597,
        0,
        0.967,
        0.984,
        1,
        1.089,
        0.984,
        1.211,
        0.847,
        1.333,
        0.811,
        1,
        1.466,
        0.772,
        1.6,
        0.787,
        1.733,
        0.739,
        1,
        1.922,
        0.672,
        2.111,
        0.411,
        2.3,
        0.411,
        1,
        2.356,
        0.411,
        2.411,
        0.408,
        2.467,
        0.464,
        1,
        2.511,
        0.508,
        2.556,
        0.699,
        2.6,
        0.699,
        0,
        2.967,
        -0.137,
        0,
        3.2,
        0,
        2,
        3.367,
        0
      ]
    },
    {
      "Target": "Parameter",
      "Id": "ParamHipY",
      "Segments": [
        0,
        0,
        1,
        0.089,
        0,
        0.178,
        -12.474,
        0.267,
        -15.919,
        1,
        0.4,
        -21.087,
        0.534,
        -21.569,
        0.667,
        -21.569,
        0,
        1.033,
        3.755,
        1,
        1.122,
        3.755,
        1.211,
        1.724,
        1.3,
        0,
        1,
        1.422,
        -2.371,
        1.545,
        -2.928,
        1.667,
        -2.928,
        1,
        1.889,
        -2.928,
        2.111,
        -2.496,
        2.333,
        -0.418,
        1,
        2.411,
        0.309,
        2.489,
        3.755,
        2.567,
        3.755,
        0,
        3.033,
        -5.717,
        0,
        3.2,
        0,
        2,
        3.367,
        0
      ]
    },
    {
      "Target": "Parameter",
      "Id": "ParamLjian",
      "Segments": [
        0,
        0,
        0,
        0.133,
        -14,
        2,
        0.267,
        -14,
        0,
        0.5,
        -30,
        0,
        0.967,
        30,
        0,
        2.333,
        24,
        0,
        2.567,
        30,
        0,
        3.2,
        0,
        2,
        3.367,
        0
      ]
    },
    {
      "Target": "Parameter",
      "Id": "ParamRjian",
      "Segments": [
        0,
        0,
        2,
        0.367,
        0,
        0,
        0.633,
        7.276,
        0,
        0.967,
        -30,
        0,
        2.367,
        -27.364,
        0,
        2.567,
        -30,
        0,
        3,
        3.878,
        0,
        3.2,
        0,
        2,
        3.367,
        0
      ]
    },
    {
      "Target": "Parameter",
      "Id": "ParamFoot1",
      "Segments": [
        0,
        0,
        2,
        0.267,
        0,
        2,
        0.5,
        0,
        0,
        0.667,
        3.397,
        0,
        0.967,
        -7,
        0,
        1.3,
        0,
        0,
        1.733,
        -1.563,
        0,
        2.333,
        0,
        2,
        3.2,
        0,
        2,
        3.367,
        0
      ]
    },
    {
      "Target": "Parameter",
      "Id": "ParamFoot2",
      "Segments": [
        0,
        0,
        2,
        0.267,
        0,
        2,
        0.5,
        0,
        0,
        0.7,
        24.971,
        0,
        0.967,
        -21,
        0,
        1.3,
        -16,
        1,
        1.644,
        -16,
        1.989,
        -17.143,
        2.333,
        -21,
        1,
        2.422,
        -21.995,
        2.511,
        -25.244,
        2.6,
        -25.244,
        0,
        3.167,
        4.064,
        0,
        3.367,
        0
      ]
    },
    {
      "Target": "Parameter",
      "Id": "ParamHuXi2",
      "Segments": [
        0,
        0,
        1,
        0.033,
        0,
        0.067,
        0.798,
        0.1,
        0.844,
        1,
        0.156,
        0.921,
        0.211,
        0.988,
        0.267,
        0.993,
        1,
        0.345,
        1,
        0.422,
        1,
        0.5,
        1,
        1,
        0.567,
        1,
        0.633,
        0.885,
        0.7,
        0.6,
        1,
        0.789,
        0.22,
        0.878,
        0,
        0.967,
        0,
        1,
        1.311,
        0,
        1.656,
        0.04,
        2,
        0.214,
        1,
        2.133,
        0.281,
        2.267,
        0.445,
        2.4,
        0.445,
        0,
        3.2,
        0,
        2,
        3.367,
        0
      ]
    },
    {
      "Target": "Parameter",
      "Id": "ParamArmX",
      "Segments": [
        0,
        0,
        0,
        0.267,
        2,
        0,
        1.033,
        0,
        2,
        1.933,
        0,
        2,
        3.367,
        0
      ]
    },
    {
      "Target": "Parameter",
      "Id": "ParamArmRY",
      "Segments": [
        0,
        0,
        2,
        0.267,
        0,
        0,
        0.567,
        2,
        0,
        1.067,
        -3,
        0,
        2.333,
        -2.572,
        0,
        2.5,
        -3.156,
        0,
        2.967,
        3.434,
        0,
        3.367,
        0
      ]
    },
    {
      "Target": "Parameter",
      "Id": "ParamArmR",
      "Segments": [
        0,
        0,
        0,
        0.3,
        -3.769,
        0,
        1.033,
        22,
        0,
        1.267,
        20.407,
        1,
        1.456,
        20.407,
        1.644,
        23.945,
        1.833,
        24.566,
        1,
        2,
        25.114,
        2.166,
        25.053,
        2.333,
        25.447,
        1,
        2.4,
        25.605,
        2.466,
        27.233,
        2.533,
        27.233,
        1,
        2.711,
        27.233,
        2.889,
        13.481,
        3.067,
        4.61,
        1,
        3.167,
        -0.38,
        3.267,
        0,
        3.367,
        0
      ]
    },
    {
      "Target": "Parameter",
      "Id": "ParamArmR1Z",
      "Segments": [
        0,
        0,
        0,
        0.2,
        2.144,
        1,
        0.356,
        2.144,
        0.511,
        2.117,
        0.667,
        0,
        1,
        0.845,
        -2.419,
        1.022,
        -6.538,
        1.2,
        -6.538,
        0,
        1.433,
        -6.178,
        0,
        2,
        -7.98,
        0,
        2.367,
        -6.538,
        0,
        2.7,
        -10.819,
        0,
        3.367,
        0
      ]
    },
    {
      "Target": "Parameter",
      "Id": "ParamArmR1Y",
      "Segments": [
        0,
        0,
        0,
        0.567,
        5,
        1,
        0.656,
        5,
        0.744,
        2.164,
        0.833,
        0,
        1,
        0.966,
        -3.246,
        1.1,
        -4,
        1.233,
        -4,
        2,
        2.333,
        -4,
        0,
        3,
        2.445,
        0,
        3.367,
        0
      ]
    },
    {
      "Target": "Parameter",
      "Id": "ParamRHand",
      "Segments": [
        0,
        0,
        0,
        0.2,
        -2.64,
        0,
        0.767,
        12.684,
        0,
        1.067,
        2.037,
        0,
        1.267,
        3.897,
        1,
        1.356,
        3.897,
        1.444,
        3.503,
        1.533,
        3.477,
        1,
        1.8,
        3.399,
        2.066,
        3.382,
        2.333,
        3.297,
        1,
        2.444,
        3.262,
        2.556,
        -2.64,
        2.667,
        -2.64,
        1,
        2.767,
        -2.64,
        2.867,
        -2.619,
        2.967,
        -1.657,
        1,
        3.034,
        -1.015,
        3.1,
        2.319,
        3.167,
        2.319,
        0,
        3.367,
        0
      ]
    },
    {
      "Target": "Parameter",
      "Id": "ParamRHandZ2",
      "Segments": [
        0,
        0,
        0,
        0.167,
        -2.022,
        0,
        0.433,
        3,
        1,
        0.511,
        3,
        0.589,
        2.892,
        0.667,
        1.747,
        1,
        0.756,
        0.438,
        0.844,
        -1.276,
        0.933,
        -4.193,
        1,
        1,
        -6.381,
        1.066,
        -20,
        1.133,
        -20,
        0,
        1.367,
        -7,
        0,
        1.633,
        -17,
        0,
        1.867,
        -13,
        0,
        2.167,
        -15.351,
        1,
        2.256,
        -15.351,
        2.344,
        -14.807,
        2.433,
        -13,
        1,
        2.478,
        -12.096,
        2.522,
        -11,
        2.567,
        -11,
        0,
        2.733,
        -18,
        0,
        2.967,
        -5,
        0,
        3.167,
        -8,
        0,
        3.367,
        0
      ]
    },
    {
      "Target": "Parameter",
      "Id": "ParamHQiang",
      "Segments": [
        0,
        0,
        0,
        0.5,
        10.952,
        0,
        0.867,
        -30,
        1,
        0.911,
        -30,
        0.956,
        -30,
        1,
        -19.254,
        1,
        1.056,
        -4.602,
        1.111,
        29.48,
        1.167,
        29.48,
        0,
        1.467,
        17.191,
        0,
        1.833,
        25.098,
        0,
        2.367,
        10.952,
        0,
        2.8,
        21.66,
        1,
        2.922,
        21.66,
        3.045,
        15.297,
        3.167,
        6.189,
        1,
        3.234,
        1.22,
        3.3,
        0,
        3.367,
        0
      ]
    },
    {
      "Target": "Parameter",
      "Id": "ParamJXWei1",
      "Segments": [
        0,
        0,
        1,
        0.044,
        -2.342,
        0.089,
        -4.685,
        0.133,
        -7.027,
        2,
        0.4,
        -7.027,
        1,
        0.467,
        -1.952,
        0.533,
        3.123,
        0.6,
        8.198,
        2,
        0.867,
        8.198,
        1,
        0.922,
        1.247,
        0.978,
        -5.704,
        1.033,
        -12.655,
        2,
        1.433,
        -12.655,
        1,
        1.478,
        -8.072,
        1.522,
        -3.49,
        1.567,
        1.093,
        2,
        1.967,
        1.093,
        1,
        2.034,
        -0.749,
        2.1,
        -2.591,
        2.167,
        -4.433,
        2,
        2.567,
        -4.433,
        1,
        2.656,
        -2.543,
        2.744,
        -0.654,
        2.833,
        1.236,
        2,
        3,
        1.236,
        1,
        3.122,
        0.824,
        3.245,
        0.412,
        3.367,
        0
      ]
    },
    {
      "Target": "Parameter",
      "Id": "ParamJXWei2",
      "Segments": [
        0,
        0,
        1,
        0.078,
        -2.342,
        0.155,
        -4.685,
        0.233,
        -7.027,
        2,
        0.5,
        -7.027,
        1,
        0.567,
        -1.952,
        0.633,
        3.123,
        0.7,
        8.198,
        2,
        0.967,
        8.198,
        1,
        1.022,
        1.247,
        1.078,
        -5.704,
        1.133,
        -12.655,
        2,
        1.533,
        -12.655,
        1,
        1.578,
        -8.072,
        1.622,
        -3.49,
        1.667,
        1.093,
        2,
        2.067,
        1.093,
        1,
        2.134,
        -0.749,
        2.2,
        -2.591,
        2.267,
        -4.433,
        2,
        2.667,
        -4.433,
        1,
        2.756,
        -2.543,
        2.844,
        -0.654,
        2.933,
        1.236,
        2,
        3.1,
        1.236,
        1,
        3.189,
        0.824,
        3.278,
        0.412,
        3.367,
        0
      ]
    },
    {
      "Target": "Parameter",
      "Id": "ParamJXWei3",
      "Segments": [
        0,
        0,
        1,
        0.111,
        -2.342,
        0.222,
        -4.685,
        0.333,
        -7.027,
        2,
        0.6,
        -7.027,
        1,
        0.667,
        -1.952,
        0.733,
        3.123,
        0.8,
        8.198,
        2,
        1.067,
        8.198,
        1,
        1.122,
        1.247,
        1.178,
        -5.704,
        1.233,
        -12.655,
        2,
        1.633,
        -12.655,
        1,
        1.678,
        -8.072,
        1.722,
        -3.49,
        1.767,
        1.093,
        2,
        2.167,
        1.093,
        1,
        2.245,
        0.237,
        2.322,
        -0.62,
        2.4,
        -1.476,
        2,
        2.8,
        -1.476,
        1,
        2.878,
        -0.572,
        2.955,
        0.332,
        3.033,
        1.236,
        2,
        3.2,
        1.236,
        1,
        3.256,
        0.824,
        3.311,
        0.412,
        3.367,
        0
      ]
    },
    {
      "Target": "Parameter",
      "Id": "ParamJXWei4",
      "Segments": [
        0,
        0,
        1,
        0.144,
        -2.342,
        0.289,
        -4.685,
        0.433,
        -7.027,
        2,
        0.7,
        -7.027,
        1,
        0.767,
        -1.952,
        0.833,
        3.123,
        0.9,
        8.198,
        2,
        1.167,
        8.198,
        1,
        1.222,
        1.247,
        1.278,
        -5.704,
        1.333,
        -12.655,
        2,
        1.733,
        -12.655,
        1,
        1.778,
        -8.072,
        1.822,
        -3.49,
        1.867,
        1.093,
        2,
        2.267,
        1.093,
        1,
        2.345,
        0.262,
        2.422,
        -0.569,
        2.5,
        -1.4,
        2,
        2.9,
        -1.4,
        1,
        2.978,
        -0.521,
        3.055,
        0.357,
        3.133,
        1.236,
        1,
        3.211,
        0.824,
        3.289,
        0.412,
        3.367,
        0
      ]
    },
    {
      "Target": "Parameter",
      "Id": "ParamJXWei5",
      "Segments": [
        0,
        0,
        1,
        0.2,
        -2.342,
        0.4,
        -4.685,
        0.6,
        -7.027,
        2,
        0.867,
        -7.027,
        1,
        0.934,
        -4.971,
        1,
        -2.914,
        1.067,
        -0.858,
        2,
        1.333,
        -0.858,
        1,
        1.389,
        -3.901,
        1.444,
        -6.943,
        1.5,
        -9.986,
        2,
        1.9,
        -9.986,
        1,
        2.033,
        -7.315,
        2.167,
        -4.643,
        2.3,
        -1.972,
        1,
        2.411,
        -2.792,
        2.522,
        -3.613,
        2.633,
        -4.433,
        2,
        3.033,
        -4.433,
        1,
        3.144,
        -2.955,
        3.256,
        -1.478,
        3.367,
        0
      ]
    },
    {
      "Target": "Parameter",
      "Id": "ParamJXWei6",
      "Segments": [
        0,
        0,
        0,
        0.267,
        6,
        0,
        0.5,
        0,
        1,
        0.656,
        0,
        0.811,
        0.395,
        0.967,
        5,
        1,
        1.111,
        9.276,
        1.256,
        17,
        1.4,
        17,
        0,
        2.333,
        9.237,
        2,
        2.767,
        9.237,
        0,
        3.2,
        0,
        2,
        3.367,
        0
      ]
    },
    {
      "Target": "Parameter",
      "Id": "ParamJXWei7",
      "Segments": [
        0,
        0,
        0,
        0.367,
        3,
        0,
        0.7,
        0,
        1,
        0.833,
        0,
        0.967,
        0.895,
        1.1,
        4.127,
        1,
        1.289,
        8.706,
        1.478,
        12,
        1.667,
        12,
        0,
        2.533,
        7,
        0,
        2.933,
        7.898,
        0,
        3.367,
        0
      ]
    },
    {
      "Target": "Parameter",
      "Id": "ParamOpaishakeX",
      "Segments": [
        0,
        0,
        0,
        0.233,
        0.119,
        0,
        0.7,
        -0.219,
        0,
        1.067,
        0.2,
        0,
        1.4,
        -0.184,
        0,
        1.8,
        0.2,
        0,
        2.2,
        0,
        2,
        2.533,
        0,
        0,
        2.833,
        0.2,
        0,
        3.133,
        -0.122,
        0,
        3.367,
        0
      ]
    },
    {
      "Target": "Parameter",
      "Id": "ParamOpaishakeXB",
      "Segments": [
        0,
        0,
        0,
        0.4,
        2.428,
        0,
        0.733,
        -5.814,
        0,
        1.133,
        11.498,
        0,
        1.533,
        -4.534,
        0,
        1.9,
        4.317,
        0,
        2.333,
        0,
        2,
        2.633,
        0,
        0,
        2.933,
        4.23,
        0,
        3.2,
        -2.104,
        0,
        3.367,
        0
      ]
    },
    {
      "Target": "Parameter",
      "Id": "ParamOpaishakeY",
      "Segments": [
        0,
        0,
        0,
        0.2,
        -0.295,
        0,
        0.5,
        0.2,
        0,
        0.767,
        -0.134,
        0,
        1.033,
        0.195,
        0,
        1.367,
        -0.082,
        0,
        1.767,
        0.077,
        0,
        2.133,
        0,
        0,
        2.533,
        0.077,
        0,
        2.767,
        -0.134,
        0,
        2.967,
        0.195,
        0,
        3.2,
        -0.082,
        0,
        3.367,
        0
      ]
    },
    {
      "Target": "Parameter",
      "Id": "ParamOpaishakeYB",
      "Segments": [
        0,
        0,
        0,
        0.3,
        -10,
        0,
        0.6,
        12,
        0,
        0.867,
        -6,
        0,
        1.133,
        6,
        0,
        1.467,
        -5,
        0,
        1.867,
        3,
        0,
        2.233,
        0,
        0,
        2.633,
        3,
        0,
        2.867,
        -3,
        0,
        3.067,
        6,
        0,
        3.267,
        -5,
        0,
        3.367,
        0
      ]
    },
    {
      "Target": "Parameter",
      "Id": "ParamOpaishakeX2",
      "Segments": [
        0,
        0,
        0,
        0.167,
        -0.119,
        0,
        0.533,
        0.122,
        0,
        0.933,
        -0.2,
        0,
        1.3,
        0.219,
        0,
        1.733,
        -0.2,
        0,
        2.133,
        0,
        2,
        2.467,
        0,
        0,
        2.767,
        -0.2,
        0,
        3.067,
        0.122,
        0,
        3.367,
        0
      ]
    },
    {
      "Target": "Parameter",
      "Id": "ParamOpaishakeX2B",
      "Segments": [
        0,
        0,
        0,
        0.333,
        -2.43,
        0,
        0.667,
        5.814,
        0,
        1.067,
        -11.498,
        0,
        1.467,
        4.534,
        0,
        1.833,
        -4.317,
        0,
        2.267,
        0,
        2,
        2.567,
        0,
        0,
        2.867,
        -4.23,
        0,
        3.133,
        2.104,
        0,
        3.367,
        0
      ]
    },
    {
      "Target": "Parameter",
      "Id": "ParamOpaishakeY2",
      "Segments": [
        0,
        0,
        0,
        0.133,
        -0.295,
        0,
        0.433,
        0.2,
        0,
        0.7,
        -0.134,
        0,
        0.967,
        0.195,
        0,
        1.3,
        -0.082,
        0,
        1.7,
        0.077,
        0,
        2.067,
        0,
        0,
        2.467,
        0.077,
        0,
        2.7,
        -0.134,
        0,
        2.9,
        0.195,
        0,
        3.133,
        -0.082,
        0,
        3.367,
        0
      ]
    },
    {
      "Target": "Parameter",
      "Id": "ParamOpaishakeY2B",
      "Segments": [
        0,
        0,
        0,
        0.233,
        -10,
        0,
        0.533,
        12,
        0,
        0.8,
        -6,
        0,
        1.067,
        6,
        0,
        1.4,
        -5,
        0,
        1.8,
        3,
        0,
        2.167,
        0,
        0,
        2.567,
        3,
        0,
        2.8,
        -3,
        0,
        3,
        6,
        0,
        3.2,
        -5,
        0,
        3.367,
        0
      ]
    },
    {
      "Target": "Parameter",
      "Id": "ParamClothes",
      "Segments": [
        0,
        0,
        0,
        0.367,
        0.8,
        0,
        0.7,
        -1,
        0,
        1.133,
        0.584,
        0,
        1.6,
        -0.555,
        0,
        2.1,
        0.195,
        0,
        2.467,
        0,
        2,
        2.667,
        0,
        0,
        2.867,
        0.584,
        0,
        3.167,
        -0.555,
        0,
        3.367,
        0
      ]
    },
    {
      "Target": "Parameter",
      "Id": "ParamClothesY",
      "Segments": [
        0,
        0,
        0,
        0.533,
        0.74,
        0,
        0.867,
        -0.866,
        0,
        1.3,
        0.253,
        0,
        1.767,
        -0.195,
        0,
        2.233,
        0.1,
        0,
        2.567,
        -0.195,
        0,
        2.967,
        0.574,
        0,
        3.233,
        -0.506,
        0,
        3.367,
        0
      ]
    },
    {
      "Target": "Parameter",
      "Id": "ParamClothes2Y",
      "Segments": [
        0,
        0,
        0,
        0.433,
        0.317,
        0,
        0.8,
        -0.277,
        0,
        1.233,
        0.28,
        0,
        1.767,
        -0.1,
        0,
        2.2,
        0.042,
        0,
        2.567,
        0,
        0,
        2.9,
        0.277,
        0,
        3.2,
        -0.124,
        0,
        3.367,
        0
      ]
    },
    {
      "Target": "Parameter",
      "Id": "ParamClothes2",
      "Segments": [
        0,
        0,
        0,
        0.633,
        0.262,
        0,
        1,
        -0.258,
        0,
        1.5,
        0.262,
        0,
        1.967,
        -0.073,
        0,
        2.333,
        0.072,
        0,
        2.733,
        -0.073,
        0,
        3.033,
        0.256,
        0,
        3.267,
        -0.061,
        0,
        3.367,
        0
      ]
    },
    {
      "Target": "Parameter",
      "Id": "ParamPhysics2",
      "Segments": [
        0,
        0,
        0,
        0.1,
        9.551,
        0,
        0.333,
        -7.476,
        0,
        0.533,
        5.925,
        0,
        0.833,
        -4.298,
        0,
        1.033,
        26.281,
        0,
        1.2,
        -16.41,
        0,
        1.5,
        12.18,
        0,
        1.8,
        -7.476,
        0,
        2.067,
        5.925,
        0,
        2.3,
        -2.547,
        0,
        2.6,
        10.13,
        0,
        2.833,
        -16.41,
        0,
        3.067,
        12.18,
        0,
        3.267,
        -4.298,
        0,
        3.367,
        0
      ]
    },
    {
      "Target": "Parameter",
      "Id": "ParamPhysics3",
      "Segments": [
        0,
        0,
        0,
        0.2,
        25.265,
        0,
        0.4,
        -14.877,
        0,
        0.633,
        18.969,
        0,
        0.9,
        -8.974,
        0,
        1.133,
        24.477,
        0,
        1.333,
        -30,
        0,
        1.6,
        25.265,
        0,
        1.9,
        -8.974,
        0,
        2.1,
        7.46,
        0,
        2.3,
        -7.459,
        1,
        2.378,
        -7.459,
        2.455,
        -7.505,
        2.533,
        -6.614,
        1,
        2.589,
        -5.977,
        2.644,
        25.265,
        2.7,
        25.265,
        0,
        2.867,
        -21.405,
        0,
        3.067,
        30,
        0,
        3.2,
        -13.622,
        0,
        3.367,
        0
      ]
    },
    {
      "Target": "Parameter",
      "Id": "ParamPhysics4",
      "Segments": [
        0,
        0,
        0,
        0.3,
        23.676,
        0,
        0.5,
        -13.297,
        0,
        0.733,
        16.865,
        0,
        1,
        -8.432,
        0,
        1.2,
        22.378,
        0,
        1.433,
        -25.622,
        0,
        1.733,
        22.378,
        0,
        2,
        -11.027,
        0,
        2.2,
        9.081,
        0,
        2.4,
        -10.054,
        1,
        2.456,
        -10.054,
        2.511,
        -10.381,
        2.567,
        -8.432,
        1,
        2.634,
        -6.094,
        2.7,
        24.324,
        2.767,
        24.324,
        0,
        2.933,
        -16.216,
        0,
        3.133,
        24.973,
        0,
        3.267,
        -10.703,
        0,
        3.367,
        0
      ]
    },
    {
      "Target": "Parameter",
      "Id": "Param13",
      "Segments": [
        0,
        0,
        0,
        0.333,
        12,
        0,
        0.767,
        -6,
        0,
        1.2,
        23,
        0,
        1.667,
        -10.497,
        0,
        2.133,
        6.591,
        0,
        2.533,
        -6,
        1,
        2.622,
        -6,
        2.711,
        -5.142,
        2.8,
        0,
        1,
        2.867,
        3.856,
        2.933,
        10.14,
        3,
        10.14,
        0,
        3.367,
        0
      ]
    },
    {
      "Target": "Parameter",
      "Id": "Param14",
      "Segments": [
        0,
        0,
        0,
        0.5,
        11.95,
        0,
        0.9,
        -5.794,
        0,
        1.433,
        20.823,
        0,
        1.867,
        -9.778,
        0,
        2.333,
        5.794,
        0,
        2.7,
        -6.156,
        1,
        2.767,
        -6.156,
        2.833,
        -4.608,
        2.9,
        0,
        1,
        2.978,
        5.376,
        3.055,
        9.053,
        3.133,
        9.053,
        0,
        3.367,
        0
      ]
    },
    {
      "Target": "Parameter",
      "Id": "ParamAngleA1",
      "Segments": [
        0,
        0,
        0,
        0.267,
        10,
        0,
        0.667,
        -16,
        0,
        1,
        4,
        0,
        1.3,
        -8.508,
        0,
        1.667,
        1.189,
        0,
        2.1,
        -3.73,
        1,
        2.267,
        -3.73,
        2.433,
        -3.762,
        2.6,
        -2.811,
        1,
        2.711,
        -2.177,
        2.822,
        5,
        2.933,
        5,
        0,
        3.2,
        -2.903,
        0,
        3.367,
        0
      ]
    },
    {
      "Target": "Parameter",
      "Id": "ParamAngleA2",
      "Segments": [
        0,
        0,
        0,
        0.367,
        9.838,
        0,
        0.767,
        -14.616,
        0,
        1.1,
        4.638,
        0,
        1.4,
        -8.011,
        0,
        1.8,
        1.546,
        0,
        2.2,
        -5.341,
        0,
        2.433,
        -4,
        0,
        2.667,
        -5.341,
        0,
        3,
        4.714,
        0,
        3.233,
        -2.622,
        0,
        3.367,
        0
      ]
    },
    {
      "Target": "Parameter",
      "Id": "ParamAngleA3",
      "Segments": [
        0,
        0,
        0,
        0.167,
        -9,
        0,
        0.533,
        8.46,
        0,
        0.9,
        -12.69,
        0,
        1.233,
        4.362,
        0,
        1.533,
        -7.534,
        0,
        1.967,
        1.322,
        0,
        2.333,
        -2,
        0,
        2.567,
        0,
        0,
        2.8,
        -2.908,
        0,
        3.133,
        3.701,
        0,
        3.367,
        0
      ]
    },
    {
      "Target": "Parameter",
      "Id": "ParamAngleA4",
      "Segments": [
        0,
        0,
        0,
        0.3,
        -8.46,
        0,
        0.733,
        6.974,
        0,
        1.033,
        -9.146,
        0,
        1.367,
        4.001,
        0,
        1.667,
        -5.83,
        0,
        2.133,
        1.829,
        0,
        2.433,
        -1.715,
        0,
        2.7,
        0,
        0,
        2.933,
        -1.715,
        0,
        3.2,
        2.858,
        0,
        3.367,
        0
      ]
    },
    {
      "Target": "Parameter",
      "Id": "ParamAngleB1",
      "Segments": [
        0,
        0,
        0,
        0.2,
        7.47,
        0,
        0.567,
        -13.47,
        0,
        0.9,
        2.638,
        0,
        1.167,
        -7.436,
        0,
        1.633,
        1.189,
        0,
        2.067,
        -3.73,
        1,
        2.245,
        -3.73,
        2.422,
        -3.71,
        2.6,
        -2.811,
        1,
        2.7,
        -2.306,
        2.8,
        3,
        2.9,
        3,
        0,
        3.167,
        -2.903,
        0,
        3.367,
        0
      ]
    },
    {
      "Target": "Parameter",
      "Id": "ParamAngleB2",
      "Segments": [
        0,
        0,
        0,
        0.3,
        7.34,
        0,
        0.667,
        -12.356,
        0,
        1,
        3.152,
        0,
        1.3,
        -7.036,
        0,
        1.767,
        1.546,
        0,
        2.167,
        -5.341,
        0,
        2.4,
        -4,
        0,
        2.667,
        -5.341,
        0,
        3,
        2.714,
        0,
        3.233,
        -2.622,
        0,
        3.367,
        0
      ]
    },
    {
      "Target": "Parameter",
      "Id": "ParamAngleB3",
      "Segments": [
        0,
        0,
        0,
        0.1,
        -7.832,
        0,
        0.433,
        6.23,
        0,
        0.8,
        -10.804,
        0,
        1.1,
        2.929,
        0,
        1.433,
        -6.652,
        0,
        1.933,
        1.322,
        0,
        2.3,
        -2,
        0,
        2.533,
        0,
        0,
        2.767,
        -2.908,
        0,
        3.133,
        1.701,
        0,
        3.367,
        0
      ]
    },
    {
      "Target": "Parameter",
      "Id": "ParamAngleB4",
      "Segments": [
        0,
        0,
        0,
        0.233,
        -7.397,
        0,
        0.633,
        5.033,
        0,
        0.933,
        -7.95,
        0,
        1.267,
        2.639,
        0,
        1.633,
        -5.83,
        0,
        2.1,
        1.829,
        0,
        2.4,
        -1.715,
        0,
        2.667,
        0,
        0,
        2.933,
        -1.715,
        0,
        3.2,
        0.858,
        0,
        3.367,
        0
      ]
    },
    {
      "Target": "Parameter",
      "Id": "ParamAngleC1",
      "Segments": [
        0,
        0,
        0,
        0.167,
        7,
        1,
        0.267,
        7,
        0.367,
        2.321,
        0.467,
        -3,
        1,
        0.545,
        -7.139,
        0.622,
        -8,
        0.7,
        -8,
        1,
        0.767,
        -8,
        0.833,
        -8.095,
        0.9,
        -5.027,
        1,
        1,
        -0.425,
        1.1,
        7,
        1.2,
        7,
        0,
        1.533,
        -7.378,
        0,
        1.867,
        4.541,
        0,
        2.333,
        -3,
        1,
        2.455,
        -3,
        2.578,
        -2.96,
        2.7,
        -1.335,
        1,
        2.778,
        -0.301,
        2.855,
        8.302,
        2.933,
        8.302,
        0,
        3.167,
        -3,
        0,
        3.367,
        0
      ]
    },
    {
      "Target": "Parameter",
      "Id": "ParamAngleC2",
      "Segments": [
        0,
        0,
        0,
        0.367,
        6.951,
        0,
        0.933,
        -7.82,
        0,
        1.367,
        6.661,
        0,
        1.667,
        -6.371,
        0,
        2.067,
        4.248,
        0,
        2.533,
        -3.861,
        0,
        3,
        6.951,
        0,
        3.233,
        -2.896,
        0,
        3.367,
        0
      ]
    },
    {
      "Target": "Parameter",
      "Id": "ParamAngleC3",
      "Segments": [
        0,
        0,
        0,
        0.567,
        6.467,
        0,
        1.1,
        -7.026,
        0,
        1.5,
        10.228,
        0,
        1.8,
        -1.349,
        0,
        2.233,
        8.311,
        0,
        2.7,
        -3.353,
        0,
        3.1,
        5.669,
        0,
        3.367,
        0
      ]
    },
    {
      "Target": "Parameter",
      "Id": "ParamAngleC4",
      "Segments": [
        0,
        0,
        0,
        0.233,
        -3.282,
        0,
        0.833,
        6.134,
        0,
        1.267,
        -5.106,
        0,
        1.667,
        5.251,
        0,
        1.967,
        -4.522,
        0,
        2.433,
        3.939,
        0,
        2.833,
        -2.99,
        0,
        3.2,
        3.428,
        0,
        3.367,
        0
      ]
    },
    {
      "Target": "Parameter",
      "Id": "ParamAngleC5",
      "Segments": [
        0,
        0,
        0,
        0.467,
        -2.903,
        0,
        1,
        5.043,
        0,
        1.367,
        -4.253,
        0,
        1.8,
        4.314,
        0,
        2.167,
        -3.828,
        0,
        2.6,
        2.916,
        0,
        2.967,
        -2.43,
        0,
        3.267,
        2.066,
        0,
        3.367,
        0
      ]
    },
    {
      "Target": "Parameter",
      "Id": "ParamAngleD1",
      "Segments": [
        0,
        0,
        0,
        0.167,
        6.224,
        1,
        0.267,
        6.224,
        0.367,
        1.106,
        0.467,
        -7.215,
        1,
        0.545,
        -13.687,
        0.622,
        -16.125,
        0.7,
        -16.125,
        1,
        0.767,
        -16.125,
        0.833,
        -16.092,
        0.9,
        -10.827,
        1,
        1,
        -2.93,
        1.1,
        8,
        1.2,
        8,
        0,
        1.533,
        -7.215,
        0,
        1.833,
        6.224,
        0,
        2.3,
        -7.215,
        1,
        2.422,
        -7.215,
        2.545,
        -7.015,
        2.667,
        -4.248,
        1,
        2.745,
        -2.487,
        2.822,
        6.224,
        2.9,
        6.224,
        0,
        3.133,
        -7.215,
        0,
        3.367,
        0
      ]
    },
    {
      "Target": "Parameter",
      "Id": "ParamAngleD2",
      "Segments": [
        0,
        0,
        0,
        0.367,
        10.587,
        0,
        0.933,
        -17.086,
        0,
        1.367,
        10.044,
        0,
        1.667,
        -5,
        0,
        2.033,
        5.523,
        0,
        2.5,
        -9.669,
        0,
        2.967,
        5.523,
        0,
        3.2,
        -7.861,
        0,
        3.367,
        0
      ]
    },
    {
      "Target": "Parameter",
      "Id": "ParamAngleD3",
      "Segments": [
        0,
        0,
        0,
        0.567,
        16.198,
        0,
        1.1,
        -21.823,
        0,
        1.5,
        26.796,
        0,
        1.767,
        -5.826,
        0,
        2.2,
        21.394,
        0,
        2.667,
        -11.473,
        0,
        3.067,
        13.949,
        0,
        3.367,
        0
      ]
    },
    {
      "Target": "Parameter",
      "Id": "ParamAngleD4",
      "Segments": [
        0,
        0,
        0,
        0.233,
        -11.273,
        0,
        0.833,
        15.259,
        0,
        1.267,
        -16.413,
        0,
        1.667,
        12.771,
        0,
        1.933,
        -14.767,
        0,
        2.4,
        9.074,
        0,
        2.8,
        -10.45,
        0,
        3.167,
        7.635,
        0,
        3.367,
        0
      ]
    },
    {
      "Target": "Parameter",
      "Id": "ParamAngleD5",
      "Segments": [
        0,
        0,
        0,
        0.467,
        -10.205,
        0,
        1,
        12.185,
        0,
        1.367,
        -14.009,
        0,
        1.767,
        10.131,
        0,
        2.133,
        -12.812,
        0,
        2.567,
        6.192,
        0,
        2.933,
        -8.872,
        0,
        3.233,
        3.797,
        0,
        3.367,
        0
      ]
    },
    {
      "Target": "Parameter",
      "Id": "ParamAngleE1",
      "Segments": [
        0,
        0,
        0,
        0.3,
        -9,
        0,
        0.667,
        3,
        0,
        1.033,
        -1.751,
        0,
        1.367,
        1.038,
        0,
        2,
        -9,
        0,
        2.367,
        0,
        0,
        2.633,
        -1.751,
        0,
        3,
        1.622,
        0,
        3.367,
        0
      ]
    },
    {
      "Target": "Parameter",
      "Id": "ParamAngleE2",
      "Segments": [
        0,
        0,
        0,
        0.467,
        -5.059,
        0,
        0.833,
        2.53,
        0,
        1.2,
        -1.427,
        0,
        1.633,
        1.103,
        0,
        2.1,
        -0.492,
        0,
        2.467,
        0,
        0,
        2.767,
        -1.427,
        0,
        3.1,
        1.557,
        0,
        3.367,
        0
      ]
    },
    {
      "Target": "Parameter",
      "Id": "ParamAngleE3",
      "Segments": [
        0,
        0,
        0,
        0.267,
        5,
        0,
        0.6,
        -22,
        0,
        0.967,
        31,
        0,
        1.367,
        -17,
        0,
        1.8,
        11,
        0,
        2.267,
        -5,
        0,
        2.6,
        0,
        0,
        2.933,
        -9,
        0,
        3.167,
        5,
        0,
        3.367,
        0
      ]
    },
    {
      "Target": "Parameter",
      "Id": "ParamAngleE4",
      "Segments": [
        0,
        0,
        0,
        0.4,
        5.443,
        0,
        0.7,
        -17.476,
        0,
        1.133,
        26.93,
        0,
        1.5,
        -11.459,
        0,
        1.667,
        5.443,
        0,
        2,
        -17.476,
        1,
        2.133,
        -17.476,
        2.267,
        -10.725,
        2.4,
        -5.443,
        1,
        2.522,
        -0.601,
        2.645,
        0,
        2.767,
        0,
        0,
        3,
        -5.443,
        0,
        3.233,
        4.297,
        0,
        3.367,
        0
      ]
    },
    {
      "Target": "Parameter",
      "Id": "ParamGangSheng1",
      "Segments": [
        0,
        0,
        0,
        0.2,
        9,
        0,
        0.6,
        -7,
        1,
        0.722,
        -7,
        0.845,
        -2.606,
        0.967,
        4.843,
        1,
        1.034,
        8.906,
        1.1,
        10.378,
        1.167,
        10.378,
        0,
        1.567,
        -7,
        0,
        2.067,
        9,
        0,
        2.6,
        -5.448,
        0,
        3.067,
        2.818,
        0,
        3.367,
        0
      ]
    },
    {
      "Target": "Parameter",
      "Id": "ParamGangSheng2",
      "Segments": [
        0,
        0,
        0,
        0.333,
        6.012,
        0,
        0.767,
        -4.697,
        0,
        1.267,
        7.421,
        0,
        1.7,
        -5.354,
        0,
        2.233,
        6.669,
        0,
        2.733,
        -4.133,
        0,
        3.133,
        2.254,
        0,
        3.367,
        0
      ]
    },
    {
      "Target": "Parameter",
      "Id": "ParamGangSheng3",
      "Segments": [
        0,
        0,
        0,
        0.433,
        9.398,
        0,
        0.767,
        -13.242,
        0,
        1.1,
        10.58,
        0,
        1.433,
        -13.242,
        0,
        1.967,
        9.398,
        1,
        2.089,
        9.398,
        2.211,
        -1.937,
        2.333,
        -6.99,
        1,
        2.444,
        -11.583,
        2.556,
        -11.589,
        2.667,
        -11.589,
        0,
        3.2,
        2.072,
        0,
        3.367,
        0
      ]
    },
    {
      "Target": "Parameter",
      "Id": "ParamGangSheng4",
      "Segments": [
        0,
        0,
        0,
        0.133,
        -14.12,
        1,
        0.166,
        -14.12,
        0.2,
        -5.093,
        0.233,
        -3,
        1,
        0.344,
        3.975,
        0.456,
        5.844,
        0.567,
        5.844,
        0,
        0.9,
        -10.86,
        0,
        1.267,
        10.19,
        0,
        1.567,
        -10.86,
        0,
        2.167,
        8.715,
        0,
        2.767,
        -10.86,
        0,
        3.267,
        1.418,
        0,
        3.367,
        0
      ]
    },
    {
      "Target": "Parameter",
      "Id": "ParamGangSheng5",
      "Segments": [
        0,
        0,
        0,
        0.233,
        -12,
        0,
        0.733,
        5.578,
        0,
        1.033,
        -10,
        0,
        1.433,
        10.029,
        0,
        1.7,
        -10,
        0,
        2.367,
        7.918,
        0,
        2.867,
        -10,
        0,
        3.367,
        0
      ]
    },
    {
      "Target": "Parameter",
      "Id": "ParamGangSheng6",
      "Segments": [
        0,
        0,
        0,
        0.1,
        3.575,
        0,
        0.233,
        -13,
        1,
        0.266,
        -13,
        0.3,
        -13.459,
        0.333,
        -12,
        1,
        0.533,
        -3.245,
        0.733,
        5.161,
        0.933,
        5.161,
        0,
        1.167,
        -8.335,
        0,
        1.567,
        8.335,
        0,
        1.933,
        -8.335,
        0,
        2.567,
        8.335,
        0,
        3,
        -8.335,
        0,
        3.367,
        0
      ]
    },
    {
      "Target": "Parameter",
      "Id": "ParamJXSheng2",
      "Segments": [
        0,
        0,
        0,
        0.167,
        12.321,
        0,
        0.5,
        -22.345,
        0,
        0.933,
        9.369,
        0,
        1.4,
        -12,
        0,
        1.867,
        4.872,
        0,
        2.233,
        -4,
        0,
        2.633,
        7,
        0,
        3,
        -8.994,
        0,
        3.367,
        0
      ]
    },
    {
      "Target": "Parameter",
      "Id": "ParamJXSheng1",
      "Segments": [
        0,
        0,
        0,
        0.367,
        12.321,
        0,
        0.7,
        -22.345,
        0,
        1.133,
        9.369,
        0,
        1.6,
        -12,
        0,
        2.067,
        4.872,
        0,
        2.433,
        -4,
        0,
        2.833,
        7,
        0,
        3.2,
        -8.994,
        0,
        3.367,
        0
      ]
    },
    {
      "Target": "Model",
      "Id": "Opacity",
      "Segments": [
        0,
        1,
        0,
        3.37,
        1
      ]
    },
    {
      "Target": "Parameter",
      "Id": "ParamEyeS",
      "Segments": [
        0,
        0,
        0,
        3.37,
        0
      ]
    },
    {
      "Target": "Parameter",
      "Id": "ParamBrowLAngle",
      "Segments": [
        0,
        0,
        0,
        3.37,
        0
      ]
    },
    {
      "Target": "Parameter",
      "Id": "ParamBrowRAngle",
      "Segments": [
        0,
        0,
        0,
        3.37,
        0
      ]
    },
    {
      "Target": "Parameter",
      "Id": "ParamMouthX",
      "Segments": [
        0,
        0,
        0,
        3.37,
        0
      ]
    },
    {
      "Target": "Parameter",
      "Id": "ParamCheek2",
      "Segments": [
        0,
        0,
        0,
        3.37,
        0
      ]
    },
    {
      "Target": "Parameter",
      "Id": "ParamCheek3",
      "Segments": [
        0,
        0,
        0,
        3.37,
        0
      ]
    },
    {
      "Target": "Parameter",
      "Id": "ParamCheek4",
      "Segments": [
        0,
        0,
        0,
        3.37,
        0
      ]
    },
    {
      "Target": "Parameter",
      "Id": "ParamCheek5",
      "Segments": [
        0,
        0,
        0,
        3.37,
        0
      ]
    },
    {
      "Target": "Parameter",
      "Id": "ParamJy",
      "Segments": [
        0,
        0,
        0,
        3.37,
        0
      ]
    },
    {
      "Target": "Parameter",
      "Id": "ParamCheek6",
      "Segments": [
        0,
        0,
        0,
        3.37,
        0
      ]
    },
    {
      "Target": "Parameter",
      "Id": "ParamHeadX",
      "Segments": [
        0,
        0,
        0,
        3.37,
        0
      ]
    },
    {
      "Target": "Parameter",
      "Id": "ParamHeadY",
      "Segments": [
        0,
        0,
        0,
        3.37,
        0
      ]
    },
    {
      "Target": "Parameter",
      "Id": "ParamHipX",
      "Segments": [
        0,
        0,
        0,
        3.37,
        0
      ]
    },
    {
      "Target": "Parameter",
      "Id": "ParamLegZ",
      "Segments": [
        0,
        0,
        0,
        3.37,
        0
      ]
    },
    {
      "Target": "Parameter",
      "Id": "ParamLArmAB",
      "Segments": [
        0,
        0,
        0,
        3.37,
        0
      ]
    },
    {
      "Target": "Parameter",
      "Id": "ParamLHandZ",
      "Segments": [
        0,
        0,
        0,
        3.37,
        0
      ]
    },
    {
      "Target": "Parameter",
      "Id": "ParamLHandX",
      "Segments": [
        0,
        0,
        0,
        3.37,
        0
      ]
    },
    {
      "Target": "Parameter",
      "Id": "ParamLHand1",
      "Segments": [
        0,
        0,
        0,
        3.37,
        0
      ]
    },
    {
      "Target": "Parameter",
      "Id": "ParamLHand2",
      "Segments": [
        0,
        0,
        0,
        3.37,
        0
      ]
    },
    {
      "Target": "Parameter",
      "Id": "ParamLHand34",
      "Segments": [
        0,
        0,
        0,
        3.37,
        0
      ]
    },
    {
      "Target": "Parameter",
      "Id": "ParamLHand5",
      "Segments": [
        0,
        0,
        0,
        3.37,
        0
      ]
    },
    {
      "Target": "Parameter",
      "Id": "ParamLHandWater",
      "Segments": [
        0,
        0,
        0,
        3.37,
        0
      ]
    },
    {
      "Target": "Parameter",
      "Id": "ParamLHandWater1",
      "Segments": [
        0,
        0,
        0,
        3.37,
        0
      ]
    },
    {
      "Target": "Parameter",
      "Id": "ParamLHandWater2",
      "Segments": [
        0,
        0,
        0,
        3.37,
        0
      ]
    },
    {
      "Target": "Parameter",
      "Id": "ParamRArmDA",
      "Segments": [
        0,
        0,
        0,
        3.37,
        0
      ]
    },
    {
      "Target": "Parameter",
      "Id": "ParamRArmDB",
      "Segments": [
        0,
        0,
        0,
        3.37,
        0
      ]
    },
    {
      "Target": "Parameter",
      "Id": "ParamHQiangX",
      "Segments": [
        0,
        0,
        0,
        3.37,
        0
      ]
    },
    {
      "Target": "Parameter",
      "Id": "ParamHQiangY",
      "Segments": [
        0,
        0,
        0,
        3.37,
        0
      ]
    },
    {
      "Target": "Parameter",
      "Id": "ParamJXWei",
      "Segments": [
        0,
        0,
        0,
        3.37,
        0
      ]
    },
    {
      "Target": "Parameter",
      "Id": "ParamWhite1",
      "Segments": [
        0,
        0,
        0,
        3.37,
        0
      ]
    },
    {
      "Target": "Parameter",
      "Id": "ParamBlack0",
      "Segments": [
        0,
        1,
        0,
        3.37,
        1
      ]
    },
    {
      "Target": "Parameter",
      "Id": "ParamBlack1",
      "Segments": [
        0,
        0,
        0,
        3.37,
        0
      ]
    },
    {
      "Target": "Parameter",
      "Id": "ParamBlack2",
      "Segments": [
        0,
        0,
        0,
        3.37,
        0
      ]
    },
    {
      "Target": "Parameter",
      "Id": "ParamZTX",
      "Segments": [
        0,
        0,
        0,
        3.37,
        0
      ]
    },
    {
      "Target": "Parameter",
      "Id": "ParamZTY",
      "Segments": [
        0,
        0,
        0,
        3.37,
        0
      ]
    },
    {
      "Target": "Parameter",
      "Id": "ParamZTZ",
      "Segments": [
        0,
        0,
        0,
        3.37,
        0
      ]
    },
    {
      "Target": "Parameter",
      "Id": "ParamZTO",
      "Segments": [
        0,
        0,
        0,
        3.37,
        0
      ]
    },
    {
      "Target": "Parameter",
      "Id": "ParamPhysics1",
      "Segments": [
        0,
        0,
        0,
        3.37,
        0
      ]
    },
    {
      "Target": "Parameter",
      "Id": "Param11",
      "Segments": [
        0,
        0,
        0,
        3.37,
        0
      ]
    },
    {
      "Target": "Parameter",
      "Id": "Param12",
      "Segments": [
        0,
        0,
        0,
        3.37,
        0
      ]
    }
  ],
  "UserData": [
    {
      "Time": 0.0,
      "Value": ""
    },
    {
      "Time": 0.63,
      "Value": "characterVoice_142_1.5"
    }
  ]
}