{
  "Version": 3,
  "Meta": {
    "Duration": 4.3,
    "Fps": 30.0,
    "Loop": true,
    "AreBeziersRestricted": true,
    "CurveCount": 128,
    "TotalSegmentCount": 1025,
    "TotalPointCount": 1403,
    "UserDataCount": 2,
    "TotalUserDataSize": 22
  },
  "Curves": [
    {
      "Target": "Parameter",
      "Id": "ParamAngleX",
      "Segments": [
        0,
        0,
        0,
        0.1,
        4,
        1,
        0.156,
        4,
        0.211,
        -6.226,
        0.267,
        -7,
        1,
        0.445,
        -9.476,
        0.622,
        -10,
        0.8,
        -10,
        2,
        1.1,
        -10,
        0,
        1.333,
        -7,
        0,
        2.4,
        -9.077,
        0,
        2.767,
        -5.404,
        0,
        3.267,
        -8,
        1,
        3.545,
        -8,
        3.822,
        -6.225,
        4.1,
        -2,
        1,
        4.167,
        -0.986,
        4.233,
        0,
        4.3,
        0
      ]
    },
    {
      "Target": "Parameter",
      "Id": "ParamAngleY",
      "Segments": [
        0,
        0,
        0,
        0.2,
        -10,
        0,
        0.5,
        2.293,
        0,
        0.8,
        -1.223,
        2,
        1.133,
        -1.223,
        0,
        1.433,
        4.746,
        1,
        1.6,
        4.746,
        1.766,
        -9.816,
        1.933,
        -15.998,
        1,
        2.089,
        -21.767,
        2.244,
        -21.77,
        2.4,
        -21.77,
        0,
        2.8,
        -5.006,
        0,
        3.167,
        -19.565,
        1,
        3.256,
        -19.565,
        3.344,
        -17.863,
        3.433,
        -15.998,
        1,
        3.544,
        -13.667,
        3.656,
        -12.894,
        3.767,
        -10,
        1,
        3.945,
        -5.37,
        4.122,
        0,
        4.3,
        0
      ]
    },
    {
      "Target": "Parameter",
      "Id": "ParamAngleZ",
      "Segments": [
        0,
        0,
        0,
        0.133,
        -4.281,
        0,
        0.4,
        4.983,
        0,
        0.667,
        3.888,
        2,
        0.9,
        3.888,
        1,
        1,
        3.888,
        1.1,
        -1.907,
        1.2,
        -7.339,
        1,
        1.3,
        -12.771,
        1.4,
        -13.85,
        1.5,
        -13.85,
        0,
        1.9,
        2.056,
        2,
        2.267,
        2.056,
        0,
        2.567,
        6.962,
        0,
        2.867,
        -0.006,
        0,
        3.133,
        10.513,
        1,
        3.244,
        10.513,
        3.356,
        10.431,
        3.467,
        8.562,
        1,
        3.745,
        3.891,
        4.022,
        0,
        4.3,
        0
      ]
    },
    {
      "Target": "Parameter",
      "Id": "ParamEyeLOpen",
      "Segments": [
        0,
        1,
        0,
        0.1,
        0,
        1,
        0.178,
        0,
        0.255,
        1.395,
        0.333,
        1.46,
        1,
        0.4,
        1.5,
        0.466,
        1.5,
        0.533,
        1.5,
        1,
        0.622,
        1.5,
        0.711,
        1.111,
        0.8,
        1.084,
        1,
        0.822,
        1.078,
        0.845,
        1.084,
        0.867,
        1.08,
        1,
        0.911,
        1.072,
        0.956,
        0.983,
        1,
        0.826,
        1,
        1.067,
        0.591,
        1.133,
        0,
        1.2,
        0,
        0,
        1.5,
        0.9,
        2,
        2.467,
        0.9,
        0,
        2.667,
        0,
        0,
        2.967,
        0.835,
        1,
        3.145,
        0.835,
        3.322,
        0.834,
        3.5,
        0.829,
        1,
        3.578,
        0.827,
        3.655,
        0,
        3.733,
        0,
        0,
        4.133,
        1.08,
        0,
        4.3,
        1
      ]
    },
    {
      "Target": "Parameter",
      "Id": "ParamEyeROpen",
      "Segments": [
        0,
        1,
        0,
        0.1,
        0,
        1,
        0.178,
        0,
        0.255,
        1.395,
        0.333,
        1.46,
        1,
        0.4,
        1.5,
        0.466,
        1.5,
        0.533,
        1.5,
        1,
        0.622,
        1.5,
        0.711,
        1.111,
        0.8,
        1.084,
        1,
        0.822,
        1.078,
        0.845,
        1.084,
        0.867,
        1.08,
        1,
        0.911,
        1.072,
        0.956,
        0.983,
        1,
        0.826,
        1,
        1.067,
        0.591,
        1.133,
        0,
        1.2,
        0,
        0,
        1.5,
        0.9,
        2,
        2.467,
        0.9,
        0,
        2.667,
        0,
        0,
        2.967,
        0.835,
        1,
        3.145,
        0.835,
        3.322,
        0.834,
        3.5,
        0.829,
        1,
        3.578,
        0.827,
        3.655,
        0,
        3.733,
        0,
        0,
        4.133,
        1.08,
        0,
        4.3,
        1
      ]
    },
    {
      "Target": "Parameter",
      "Id": "ParamEyeS",
      "Segments": [
        0,
        0,
        2,
        1.867,
        0,
        1,
        2.067,
        0,
        2.267,
        0.289,
        2.467,
        0.36,
        1,
        2.6,
        0.407,
        2.734,
        0.386,
        2.867,
        0.429,
        1,
        3,
        0.473,
        3.134,
        1,
        3.267,
        1,
        2,
        3.6,
        1,
        0,
        4.3,
        0
      ]
    },
    {
      "Target": "Parameter",
      "Id": "ParamEyeBallX",
      "Segments": [
        0,
        0,
        2,
        0.167,
        0,
        0,
        0.4,
        0.1,
        2,
        0.667,
        0.1,
        0,
        0.8,
        0,
        2,
        1.1,
        0,
        0,
        1.8,
        -0.4,
        0,
        2.667,
        0,
        2,
        2.7,
        0,
        2,
        3.267,
        0,
        2,
        4.3,
        0
      ]
    },
    {
      "Target": "Parameter",
      "Id": "ParamEyeBallY",
      "Segments": [
        0,
        0,
        2,
        0.167,
        0,
        0,
        0.4,
        -0.5,
        2,
        0.667,
        -0.5,
        0,
        0.8,
        -0.4,
        2,
        1.1,
        -0.4,
        0,
        1.8,
        0,
        2,
        2.467,
        0,
        2,
        2.667,
        0,
        2,
        3.267,
        0,
        2,
        4.3,
        0
      ]
    },
    {
      "Target": "Parameter",
      "Id": "ParamBrowLForm",
      "Segments": [
        0,
        0,
        2,
        0.5,
        0,
        0,
        1.433,
        1,
        2,
        3.3,
        1,
        1,
        3.478,
        1,
        3.655,
        0.849,
        3.833,
        0.494,
        1,
        3.989,
        0.184,
        4.144,
        0,
        4.3,
        0
      ]
    },
    {
      "Target": "Parameter",
      "Id": "ParamBrowRForm",
      "Segments": [
        0,
        0,
        2,
        0.5,
        0,
        0,
        1.433,
        1,
        2,
        3.3,
        1,
        1,
        3.478,
        1,
        3.655,
        0.849,
        3.833,
        0.494,
        1,
        3.989,
        0.184,
        4.144,
        0,
        4.3,
        0
      ]
    },
    {
      "Target": "Parameter",
      "Id": "ParamMouthOpenY",
      "Segments": [
        0,
        0,
        0,
        0.1,
        0.3,
        2,
        0.267,
        0.3,
        2,
        0.667,
        0.3,
        0,
        1.067,
        0.078,
        1,
        1.134,
        0.078,
        1.2,
        0.097,
        1.267,
        0.3,
        1,
        1.3,
        0.401,
        1.334,
        0.9,
        1.367,
        0.9,
        1,
        1.422,
        0.9,
        1.478,
        0.834,
        1.533,
        0.6,
        1,
        1.544,
        0.553,
        1.556,
        0,
        1.567,
        0,
        0,
        1.8,
        0.5,
        2,
        2,
        0.5,
        2,
        2.1,
        0.5,
        0,
        2.233,
        1,
        0,
        2.333,
        0.694,
        0,
        2.5,
        1,
        2,
        2.6,
        1,
        2,
        2.733,
        1,
        0,
        2.833,
        0,
        0,
        3,
        0.6,
        1,
        3.089,
        0.6,
        3.178,
        0.581,
        3.267,
        0.5,
        1,
        3.611,
        0.185,
        3.956,
        0,
        4.3,
        0
      ]
    },
    {
      "Target": "Parameter",
      "Id": "ParamMouthForm",
      "Segments": [
        0,
        0,
        0,
        0.1,
        -0.9,
        1,
        0.156,
        -0.9,
        0.211,
        -0.912,
        0.267,
        -0.773,
        1,
        0.4,
        -0.439,
        0.534,
        -0.088,
        0.667,
        -0.088,
        2,
        1.067,
        -0.088,
        1,
        1.178,
        -0.088,
        1.289,
        -0.041,
        1.4,
        -0.012,
        1,
        1.456,
        0.003,
        1.511,
        0,
        1.567,
        0,
        0,
        1.767,
        -0.7,
        1,
        1.856,
        -0.7,
        1.944,
        -0.697,
        2.033,
        -0.6,
        1,
        2.078,
        -0.552,
        2.122,
        0.137,
        2.167,
        0.137,
        0,
        2.4,
        -0.5,
        2,
        2.567,
        -0.5,
        1,
        2.622,
        -0.5,
        2.678,
        -0.141,
        2.733,
        0.1,
        1,
        2.766,
        0.245,
        2.8,
        0.231,
        2.833,
        0.231,
        0,
        3.033,
        -0.3,
        0,
        3.567,
        0.231,
        0,
        4.3,
        0
      ]
    },
    {
      "Target": "Parameter",
      "Id": "ParamCheek4",
      "Segments": [
        0,
        0,
        1,
        0.067,
        0,
        0.133,
        0,
        0.2,
        0.1,
        1,
        0.278,
        0.228,
        0.355,
        0.531,
        0.433,
        0.531,
        1,
        0.522,
        0.531,
        0.611,
        0.544,
        0.7,
        0.453,
        1,
        0.8,
        0.351,
        0.9,
        0,
        1,
        0,
        2,
        4.3,
        0
      ]
    },
    {
      "Target": "Parameter",
      "Id": "ParamCheek",
      "Segments": [
        0,
        0,
        1,
        0.089,
        0,
        0.178,
        0.044,
        0.267,
        0.2,
        1,
        0.556,
        0.706,
        0.844,
        1,
        1.133,
        1,
        2,
        3.033,
        1,
        1,
        3.255,
        1,
        3.478,
        1,
        3.7,
        0.8,
        1,
        3.9,
        0.61,
        4.1,
        0,
        4.3,
        0
      ]
    },
    {
      "Target": "Parameter",
      "Id": "ParamBodyAngleX",
      "Segments": [
        0,
        0,
        0,
        0.133,
        5,
        0,
        0.467,
        -10,
        1,
        0.578,
        -10,
        0.689,
        -7.966,
        0.8,
        -7,
        1,
        0.9,
        -6.13,
        1,
        -6.161,
        1.1,
        -6.161,
        0,
        1.633,
        -8,
        0,
        2.4,
        -4,
        0,
        2.767,
        -5.11,
        0,
        3.233,
        -1.703,
        0,
        3.633,
        -3.162,
        0,
        4.3,
        0
      ]
    },
    {
      "Target": "Parameter",
      "Id": "ParamBodyAngleY",
      "Segments": [
        0,
        0,
        0,
        0.167,
        -1,
        0,
        0.433,
        2.139,
        0,
        0.633,
        0.895,
        1,
        0.711,
        0.895,
        0.789,
        1.289,
        0.867,
        1.6,
        1,
        0.978,
        2.044,
        1.089,
        2.139,
        1.2,
        2.139,
        1,
        1.311,
        2.139,
        1.422,
        0.832,
        1.533,
        0,
        1,
        1.655,
        -0.915,
        1.778,
        -1,
        1.9,
        -1,
        1,
        2.056,
        -1,
        2.211,
        -0.907,
        2.367,
        0,
        1,
        2.489,
        0.713,
        2.611,
        2,
        2.733,
        2,
        1,
        2.822,
        2,
        2.911,
        -1.024,
        3,
        -1.78,
        1,
        3.089,
        -2.536,
        3.178,
        -2.462,
        3.267,
        -2.462,
        0,
        3.667,
        -1.74,
        2,
        3.8,
        -1.74,
        0,
        4.3,
        0
      ]
    },
    {
      "Target": "Parameter",
      "Id": "ParamBodyAngleZ",
      "Segments": [
        0,
        0,
        1,
        0.033,
        0,
        0.067,
        0.048,
        0.1,
        -0.087,
        1,
        0.156,
        -0.313,
        0.211,
        -2,
        0.267,
        -2,
        0,
        0.567,
        -1.36,
        2,
        0.9,
        -1.36,
        0,
        1.2,
        -1.754,
        1,
        1.333,
        -1.754,
        1.467,
        -0.144,
        1.6,
        0.793,
        1,
        1.789,
        2.12,
        1.978,
        2.312,
        2.167,
        2.312,
        0,
        2.667,
        -0.597,
        0,
        2.867,
        0.793,
        2,
        2.9,
        0.793,
        1,
        2.967,
        0.793,
        3.033,
        0.316,
        3.1,
        0.134,
        1,
        3.156,
        -0.018,
        3.211,
        0,
        3.267,
        0,
        2,
        4.3,
        0
      ]
    },
    {
      "Target": "Parameter",
      "Id": "ParamHipX",
      "Segments": [
        0,
        0,
        0,
        0.267,
        -4,
        0,
        0.433,
        -1.734,
        0,
        0.8,
        -4,
        1,
        0.9,
        -4,
        1,
        -3.95,
        1.1,
        -2.451,
        1,
        1.189,
        -1.119,
        1.278,
        2,
        1.367,
        2,
        0,
        1.967,
        -12.461,
        1,
        2.134,
        -12.461,
        2.3,
        -12.17,
        2.467,
        -10.243,
        1,
        2.6,
        -8.702,
        2.734,
        -6.439,
        2.867,
        -6.439,
        0,
        3.333,
        -9.329,
        0,
        4.3,
        0
      ]
    },
    {
      "Target": "Parameter",
      "Id": "ParamHipY",
      "Segments": [
        0,
        0,
        0,
        0.267,
        6,
        0,
        0.433,
        4.104,
        0,
        0.8,
        6,
        1,
        0.9,
        6,
        1,
        6.07,
        1.1,
        4.548,
        1,
        1.189,
        3.196,
        1.278,
        -3,
        1.367,
        -3,
        0,
        1.967,
        11.85,
        1,
        2.134,
        11.85,
        2.3,
        11.442,
        2.467,
        8.584,
        1,
        2.6,
        6.298,
        2.734,
        2.705,
        2.867,
        2.705,
        0,
        3.333,
        6.949,
        0,
        4.3,
        0
      ]
    },
    {
      "Target": "Parameter",
      "Id": "ParamLjian",
      "Segments": [
        0,
        0,
        0,
        0.167,
        30,
        0,
        0.533,
        -8,
        0,
        0.8,
        -3,
        0,
        1.1,
        -4.065,
        0,
        1.8,
        0,
        2,
        2.467,
        0,
        0,
        2.633,
        30,
        0,
        3,
        -30,
        1,
        3.089,
        -30,
        3.178,
        -10.248,
        3.267,
        0,
        1,
        3.345,
        8.967,
        3.422,
        9,
        3.5,
        9,
        0,
        4.3,
        0
      ]
    },
    {
      "Target": "Parameter",
      "Id": "ParamRjian",
      "Segments": [
        0,
        0,
        0,
        0.167,
        30,
        0,
        0.533,
        -6,
        0,
        0.8,
        5,
        2,
        1.1,
        5,
        0,
        1.8,
        0,
        2,
        2.467,
        0,
        0,
        2.633,
        30,
        0,
        3,
        -30,
        1,
        3.089,
        -30,
        3.178,
        -9.334,
        3.267,
        0,
        1,
        3.345,
        8.167,
        3.422,
        8,
        3.5,
        8,
        0,
        4.3,
        0
      ]
    },
    {
      "Target": "Parameter",
      "Id": "ParamLegZ",
      "Segments": [
        0,
        0,
        0,
        0.233,
        1.7,
        0,
        0.533,
        0.171,
        2,
        1.1,
        0.171,
        0,
        1.8,
        0.927,
        1,
        2.044,
        0.927,
        2.289,
        0.302,
        2.533,
        0.22,
        1,
        3.122,
        0.023,
        3.711,
        0,
        4.3,
        0
      ]
    },
    {
      "Target": "Parameter",
      "Id": "ParamFoot1",
      "Segments": [
        0,
        0,
        0,
        0.267,
        -8,
        0,
        0.5,
        0,
        2,
        0.8,
        0,
        2,
        1.1,
        0,
        0,
        1.8,
        -4,
        0,
        2.4,
        0,
        0,
        2.767,
        -17.39,
        0,
        3.067,
        0,
        2,
        3.467,
        0,
        2,
        4.3,
        0
      ]
    },
    {
      "Target": "Parameter",
      "Id": "ParamFoot2",
      "Segments": [
        0,
        0,
        0,
        0.133,
        8.702,
        0,
        0.367,
        -10,
        0,
        0.5,
        0,
        2,
        0.8,
        0,
        2,
        1.1,
        0,
        0,
        1.5,
        2.564,
        0,
        1.967,
        -3.771,
        1,
        2.111,
        -3.771,
        2.256,
        -3.155,
        2.4,
        0,
        1,
        2.456,
        1.213,
        2.511,
        8.702,
        2.567,
        8.702,
        0,
        2.933,
        -15.452,
        0,
        3.2,
        4.525,
        0,
        3.467,
        0,
        2,
        4.3,
        0
      ]
    },
    {
      "Target": "Parameter",
      "Id": "ParamHuXi2",
      "Segments": [
        0,
        0,
        2,
        0.267,
        0,
        2,
        0.8,
        0,
        1,
        0.9,
        0,
        1,
        0,
        1.1,
        0.097,
        1,
        1.233,
        0.266,
        1.367,
        1,
        1.5,
        1,
        0,
        2.033,
        0,
        1,
        2.122,
        0,
        2.211,
        0,
        2.3,
        0.168,
        1,
        2.422,
        0.432,
        2.545,
        1,
        2.667,
        1,
        1,
        2.856,
        1,
        3.044,
        0.441,
        3.233,
        0.179,
        1,
        3.378,
        0,
        3.522,
        0,
        3.667,
        0,
        2,
        4.3,
        0
      ]
    },
    {
      "Target": "Parameter",
      "Id": "ParamArmRY",
      "Segments": [
        0,
        0,
        1,
        0.089,
        0,
        0.178,
        -2.868,
        0.267,
        -9.409,
        1,
        0.322,
        -13.497,
        0.378,
        -16,
        0.433,
        -16,
        0,
        1.1,
        -14,
        0,
        1.667,
        -18,
        0,
        2.3,
        -6,
        0,
        2.8,
        -16.41,
        0,
        3.267,
        -2,
        2,
        3.7,
        -2,
        0,
        4.3,
        0
      ]
    },
    {
      "Target": "Parameter",
      "Id": "ParamArmR",
      "Segments": [
        0,
        0,
        0,
        0.1,
        -2,
        1,
        0.156,
        -2,
        0.211,
        -0.156,
        0.267,
        1.134,
        1,
        0.322,
        2.424,
        0.378,
        3.32,
        0.433,
        4,
        1,
        0.611,
        6.176,
        0.789,
        7,
        0.967,
        7,
        0,
        1.2,
        1.134,
        1,
        1.289,
        1.134,
        1.378,
        14.136,
        1.467,
        18.1,
        1,
        1.567,
        22.559,
        1.667,
        22.638,
        1.767,
        22.638,
        0,
        2.233,
        10.921,
        0,
        2.8,
        15.341,
        0,
        3.467,
        4,
        0,
        3.767,
        6,
        0,
        4.133,
        -1.414,
        0,
        4.3,
        0
      ]
    },
    {
      "Target": "Parameter",
      "Id": "ParamArmR1Z",
      "Segments": [
        0,
        0,
        0,
        0.267,
        5.146,
        0,
        0.6,
        -3.08,
        1,
        0.656,
        -3.08,
        0.711,
        -0.302,
        0.767,
        0,
        1,
        0.867,
        0.543,
        0.967,
        0.561,
        1.067,
        0.561,
        0,
        1.367,
        -17.898,
        0,
        2.067,
        8,
        0,
        2.667,
        -14,
        0,
        3.133,
        6.499,
        0,
        3.567,
        2.841,
        0,
        3.9,
        5.146,
        0,
        4.267,
        0,
        2,
        4.3,
        0
      ]
    },
    {
      "Target": "Parameter",
      "Id": "ParamArmR1Y",
      "Segments": [
        0,
        0,
        0,
        0.433,
        -12,
        2,
        1.1,
        -12,
        0,
        1.733,
        -3,
        0,
        2.367,
        -10.127,
        0,
        2.933,
        -1.526,
        0,
        3.467,
        -6.798,
        0,
        4.3,
        0
      ]
    },
    {
      "Target": "Parameter",
      "Id": "ParamRHand",
      "Segments": [
        0,
        0,
        0,
        0.233,
        5,
        0,
        0.633,
        -3.308,
        0,
        1,
        0,
        1,
        1.2,
        0,
        1.4,
        -0.785,
        1.6,
        -5.563,
        1,
        1.689,
        -7.686,
        1.778,
        -20,
        1.867,
        -20,
        0,
        2.4,
        14,
        0,
        2.867,
        -7,
        0,
        3.233,
        4,
        0,
        3.433,
        0,
        2,
        3.767,
        0,
        0,
        4.133,
        -3.642,
        0,
        4.3,
        0
      ]
    },
    {
      "Target": "Parameter",
      "Id": "ParamRHandZ2",
      "Segments": [
        0,
        0,
        0,
        0.133,
        -3.829,
        0,
        0.367,
        4.746,
        0,
        0.567,
        -22,
        0,
        0.733,
        -8.241,
        0,
        0.967,
        -15.18,
        1,
        1.022,
        -15.18,
        1.078,
        -13.633,
        1.133,
        -8.385,
        1,
        1.155,
        -6.286,
        1.178,
        -2.855,
        1.2,
        -2.855,
        1,
        1.244,
        -3.54,
        1.289,
        -25.24,
        1.333,
        -26,
        1,
        1.378,
        -29.95,
        1.422,
        -29.675,
        1.467,
        -29.675,
        0,
        1.7,
        -12.466,
        0,
        1.867,
        -22,
        1,
        1.945,
        -22,
        2.022,
        -17.989,
        2.1,
        -12,
        1,
        2.211,
        -3.445,
        2.322,
        0,
        2.433,
        0,
        0,
        2.7,
        -21.411,
        1,
        2.767,
        -21.411,
        2.833,
        -20.377,
        2.9,
        -14.179,
        1,
        2.989,
        -5.915,
        3.078,
        1.916,
        3.167,
        1.916,
        0,
        3.5,
        -6.01,
        0,
        3.833,
        1.916,
        0,
        4.1,
        -3.829,
        0,
        4.3,
        0
      ]
    },
    {
      "Target": "Parameter",
      "Id": "ParamHQiangX",
      "Segments": [
        0,
        0,
        0,
        0.167,
        23.097,
        0,
        0.4,
        -23.984,
        2,
        0.733,
        -23.984,
        0,
        1.2,
        14.506,
        0,
        1.633,
        -30,
        2,
        1.833,
        -30,
        0,
        2.067,
        30,
        2,
        2.267,
        30,
        0,
        2.6,
        -30,
        2,
        2.833,
        -30,
        0,
        3.033,
        30,
        2,
        3.467,
        30,
        0,
        3.967,
        0,
        2,
        4.3,
        0
      ]
    },
    {
      "Target": "Parameter",
      "Id": "ParamHQiang",
      "Segments": [
        0,
        0,
        0,
        0.2,
        -23,
        0,
        0.433,
        15,
        0,
        0.8,
        -23,
        0,
        1.133,
        -16.638,
        0,
        1.433,
        -29.676,
        0,
        1.7,
        15,
        0,
        2.3,
        -27.144,
        0,
        2.867,
        15,
        0,
        3.567,
        -23,
        0,
        3.967,
        8.452,
        0,
        4.3,
        0
      ]
    },
    {
      "Target": "Parameter",
      "Id": "ParamJXWei1",
      "Segments": [
        0,
        0,
        1,
        0.033,
        -4,
        0.067,
        -8,
        0.1,
        -12,
        2,
        0.333,
        -12,
        1,
        0.378,
        -1.675,
        0.422,
        8.649,
        0.467,
        18.974,
        2,
        1.133,
        18.974,
        1,
        1.233,
        10.389,
        1.333,
        1.803,
        1.433,
        -6.782,
        2,
        1.667,
        -6.782,
        1,
        1.745,
        -1.622,
        1.822,
        3.539,
        1.9,
        8.699,
        2,
        2.167,
        8.699,
        1,
        2.289,
        2.556,
        2.411,
        -3.588,
        2.533,
        -9.731,
        2,
        2.867,
        -9.731,
        1,
        2.956,
        -4.472,
        3.044,
        0.786,
        3.133,
        6.045,
        2,
        3.4,
        6.045,
        1,
        3.7,
        4.03,
        4,
        2.015,
        4.3,
        0
      ]
    },
    {
      "Target": "Parameter",
      "Id": "ParamJXWei2",
      "Segments": [
        0,
        0,
        1,
        0.078,
        -4.333,
        0.155,
        -8.667,
        0.233,
        -13,
        2,
        0.4,
        -13,
        1,
        0.456,
        -1,
        0.511,
        11,
        0.567,
        23,
        2,
        1.233,
        23,
        1,
        1.311,
        13.073,
        1.389,
        3.145,
        1.467,
        -6.782,
        2,
        1.767,
        -6.782,
        1,
        1.834,
        -1.622,
        1.9,
        3.539,
        1.967,
        8.699,
        2,
        2.267,
        8.699,
        1,
        2.378,
        2.556,
        2.489,
        -3.588,
        2.6,
        -9.731,
        2,
        2.933,
        -9.731,
        1,
        3.044,
        -4.472,
        3.156,
        0.786,
        3.267,
        6.045,
        2,
        3.467,
        6.045,
        1,
        3.745,
        4.03,
        4.022,
        2.015,
        4.3,
        0
      ]
    },
    {
      "Target": "Parameter",
      "Id": "ParamJXWei3",
      "Segments": [
        0,
        0,
        1,
        0.1,
        -10,
        0.2,
        -20,
        0.3,
        -30,
        2,
        0.533,
        -30,
        1,
        0.589,
        -24.667,
        0.644,
        -19.333,
        0.7,
        -14,
        1,
        0.989,
        -11.594,
        1.278,
        -9.188,
        1.567,
        -6.782,
        2,
        1.867,
        -6.782,
        1,
        1.934,
        -1.622,
        2,
        3.539,
        2.067,
        8.699,
        2,
        2.333,
        8.699,
        1,
        2.455,
        2.556,
        2.578,
        -3.588,
        2.7,
        -9.731,
        2,
        3,
        -9.731,
        1,
        3.122,
        -4.472,
        3.245,
        0.786,
        3.367,
        6.045,
        2,
        3.6,
        6.045,
        1,
        3.833,
        4.03,
        4.067,
        2.015,
        4.3,
        0
      ]
    },
    {
      "Target": "Parameter",
      "Id": "ParamJXWei4",
      "Segments": [
        0,
        0,
        1,
        0.033,
        10,
        0.067,
        20,
        0.1,
        30,
        2,
        0.267,
        30,
        1,
        0.311,
        10,
        0.356,
        -10,
        0.4,
        -30,
        2,
        0.533,
        -30,
        1,
        0.589,
        -22.333,
        0.644,
        -14.667,
        0.7,
        -7,
        1,
        1.022,
        -6.927,
        1.345,
        -6.855,
        1.667,
        -6.782,
        2,
        1.967,
        -6.782,
        1,
        2.022,
        -1.622,
        2.078,
        3.539,
        2.133,
        8.699,
        2,
        2.4,
        8.699,
        1,
        2.522,
        2.556,
        2.645,
        -3.588,
        2.767,
        -9.731,
        2,
        3.1,
        -9.731,
        1,
        3.211,
        -4.472,
        3.322,
        0.786,
        3.433,
        6.045,
        2,
        3.7,
        6.045,
        1,
        3.9,
        4.03,
        4.1,
        2.015,
        4.3,
        0
      ]
    },
    {
      "Target": "Parameter",
      "Id": "ParamJXWei5",
      "Segments": [
        0,
        0,
        1,
        0.056,
        9.161,
        0.111,
        18.321,
        0.167,
        27.482,
        2,
        0.333,
        27.482,
        1,
        0.389,
        8.321,
        0.444,
        -10.839,
        0.5,
        -30,
        2,
        0.6,
        -30,
        1,
        0.667,
        -22.055,
        0.733,
        -14.11,
        0.8,
        -6.165,
        1,
        1.133,
        -6.371,
        1.467,
        -6.576,
        1.8,
        -6.782,
        2,
        2.1,
        -6.782,
        1,
        2.156,
        -1.622,
        2.211,
        3.539,
        2.267,
        8.699,
        2,
        2.533,
        8.699,
        1,
        2.644,
        2.556,
        2.756,
        -3.588,
        2.867,
        -9.731,
        2,
        3.2,
        -9.731,
        1,
        3.333,
        -4.472,
        3.467,
        0.786,
        3.6,
        6.045,
        2,
        3.833,
        6.045,
        1,
        3.989,
        4.03,
        4.144,
        2.015,
        4.3,
        0
      ]
    },
    {
      "Target": "Parameter",
      "Id": "ParamJXWei6",
      "Segments": [
        0,
        0,
        0,
        0.167,
        -7.168,
        0,
        0.433,
        27,
        1,
        0.555,
        27,
        0.678,
        15.862,
        0.8,
        15,
        1,
        0.956,
        13.903,
        1.111,
        14,
        1.267,
        14,
        0,
        1.5,
        17,
        0,
        2.267,
        -3.412,
        0,
        2.867,
        16,
        1,
        2.934,
        16,
        3,
        11.037,
        3.067,
        7.626,
        1,
        3.245,
        -1.469,
        3.422,
        -4.415,
        3.6,
        -4.415,
        0,
        4.3,
        0
      ]
    },
    {
      "Target": "Parameter",
      "Id": "ParamJXWei7",
      "Segments": [
        0,
        0,
        0,
        0.267,
        -8.665,
        0,
        0.533,
        21.527,
        0,
        0.8,
        8.36,
        1,
        0.956,
        8.36,
        1.111,
        8.714,
        1.267,
        11,
        1,
        1.345,
        12.143,
        1.422,
        16,
        1.5,
        16,
        0,
        2.367,
        0,
        0,
        2.867,
        18,
        1,
        3.156,
        18,
        3.444,
        9.82,
        3.733,
        3.856,
        1,
        3.922,
        -0.044,
        4.111,
        0,
        4.3,
        0
      ]
    },
    {
      "Target": "Parameter",
      "Id": "ParamOpaishakeX",
      "Segments": [
        0,
        0,
        0,
        0.1,
        -0.5,
        0,
        0.267,
        1,
        0,
        0.5,
        -0.5,
        0,
        0.7,
        0.454,
        0,
        0.933,
        -0.3,
        0,
        1.1,
        0,
        0,
        1.5,
        -0.3,
        0,
        2.067,
        0.3,
        0,
        2.767,
        -0.381,
        0,
        3.267,
        0.454,
        0,
        3.733,
        -0.3,
        0,
        4.033,
        0.13,
        0,
        4.3,
        0
      ]
    },
    {
      "Target": "Parameter",
      "Id": "ParamOpaishakeXB",
      "Segments": [
        0,
        0,
        0,
        0.2,
        -14.289,
        0,
        0.367,
        14.626,
        0,
        0.6,
        -11.972,
        0,
        0.8,
        5.122,
        0,
        1,
        -8.86,
        0,
        1.233,
        -3.808,
        0,
        1.667,
        -11.972,
        0,
        2.3,
        1.82,
        0,
        2.967,
        -11.972,
        0,
        3.433,
        5.122,
        0,
        3.867,
        -8.86,
        1,
        3.956,
        -8.86,
        4.044,
        -1.642,
        4.133,
        -0.504,
        1,
        4.189,
        0.207,
        4.244,
        0,
        4.3,
        0
      ]
    },
    {
      "Target": "Parameter",
      "Id": "ParamOpaishakeY",
      "Segments": [
        0,
        0,
        0,
        0.167,
        -0.381,
        0,
        0.367,
        0.5,
        0,
        0.6,
        -0.219,
        0,
        0.8,
        0.243,
        0,
        1.033,
        -0.219,
        0,
        1.233,
        0,
        0,
        1.733,
        -0.219,
        0,
        2.333,
        0.243,
        0,
        3,
        -0.181,
        0,
        3.4,
        0.187,
        0,
        3.8,
        -0.243,
        0,
        4.067,
        0.138,
        0,
        4.3,
        0
      ]
    },
    {
      "Target": "Parameter",
      "Id": "ParamOpaishakeYB",
      "Segments": [
        0,
        0,
        0,
        0.267,
        -11.675,
        0,
        0.467,
        5.998,
        0,
        0.7,
        -8.027,
        0,
        0.933,
        1.315,
        0,
        1.133,
        -8.027,
        0,
        1.533,
        -3.808,
        0,
        2.033,
        -8.027,
        0,
        2.6,
        1.315,
        0,
        3.2,
        -6.887,
        0,
        3.567,
        -0.957,
        0,
        3.9,
        -7.902,
        1,
        3.978,
        -7.902,
        4.055,
        -3.296,
        4.133,
        -1.294,
        1,
        4.189,
        0.135,
        4.244,
        0,
        4.3,
        0
      ]
    },
    {
      "Target": "Parameter",
      "Id": "ParamOpaishakeX2",
      "Segments": [
        0,
        0,
        0,
        0.167,
        -0.5,
        0,
        0.333,
        0.3,
        1,
        0.344,
        0.3,
        0.356,
        -0.162,
        0.367,
        -0.2,
        1,
        0.434,
        -0.429,
        0.5,
        -0.5,
        0.567,
        -0.5,
        0,
        0.867,
        0,
        0,
        1.1,
        -0.438,
        0,
        1.333,
        -0.2,
        0,
        1.7,
        -0.5,
        0,
        2.133,
        0.1,
        0,
        2.833,
        -0.481,
        0,
        3.267,
        0.354,
        0,
        3.767,
        -0.3,
        0,
        4.067,
        0.13,
        0,
        4.3,
        0
      ]
    },
    {
      "Target": "Parameter",
      "Id": "ParamOpaishakeX2B",
      "Segments": [
        0,
        0,
        0,
        0.267,
        -14.294,
        0,
        0.433,
        5.122,
        0,
        0.667,
        -11.972,
        0,
        0.967,
        5.122,
        0,
        1.167,
        -8.86,
        0,
        1.467,
        -3.808,
        0,
        1.867,
        -11.972,
        0,
        2.4,
        1.818,
        0,
        3.033,
        -11.972,
        0,
        3.467,
        5.122,
        0,
        3.9,
        -8.86,
        1,
        3.989,
        -8.86,
        4.078,
        -2.013,
        4.167,
        -0.504,
        1,
        4.211,
        0.25,
        4.256,
        0,
        4.3,
        0
      ]
    },
    {
      "Target": "Parameter",
      "Id": "ParamOpaishakeY2",
      "Segments": [
        0,
        0,
        0,
        0.233,
        -0.381,
        0,
        0.433,
        0.34,
        0,
        0.667,
        -0.16,
        0,
        0.933,
        0.162,
        0,
        1.2,
        -0.16,
        0,
        1.5,
        0,
        0,
        1.8,
        -0.219,
        0,
        2.5,
        0.243,
        0,
        3.167,
        -0.181,
        0,
        3.533,
        0.187,
        0,
        3.833,
        -0.243,
        0,
        4.1,
        0.138,
        0,
        4.3,
        0
      ]
    },
    {
      "Target": "Parameter",
      "Id": "ParamOpaishakeY2B",
      "Segments": [
        0,
        0,
        0,
        0.333,
        -11.685,
        0,
        0.533,
        2.843,
        0,
        0.767,
        -6.911,
        0,
        1.067,
        -0.418,
        0,
        1.3,
        -6.911,
        0,
        1.7,
        -3.808,
        0,
        2.1,
        -8.022,
        0,
        2.6,
        1.315,
        0,
        3.2,
        -6.896,
        0,
        3.6,
        -0.959,
        0,
        3.933,
        -7.902,
        1,
        4.011,
        -7.902,
        4.089,
        -3.792,
        4.167,
        -1.294,
        1,
        4.211,
        0.133,
        4.256,
        0,
        4.3,
        0
      ]
    },
    {
      "Target": "Parameter",
      "Id": "ParamClothes",
      "Segments": [
        0,
        0,
        0,
        0.167,
        -0.5,
        0,
        0.333,
        0.576,
        0,
        0.6,
        -1,
        0,
        0.933,
        0.576,
        0,
        1.267,
        -0.5,
        0,
        1.5,
        -0.153,
        0,
        1.8,
        -0.792,
        0,
        2.267,
        0.426,
        0,
        2.667,
        -0.5,
        0,
        3.133,
        0.576,
        0,
        3.567,
        -0.5,
        0,
        3.9,
        0.264,
        0,
        4.3,
        0
      ]
    },
    {
      "Target": "Parameter",
      "Id": "ParamClothesY",
      "Segments": [
        0,
        0,
        0,
        0.267,
        -0.383,
        0,
        0.467,
        0.264,
        0,
        0.733,
        -0.545,
        0,
        1.1,
        0.366,
        0,
        1.367,
        -0.213,
        0,
        1.7,
        0.162,
        0,
        1.967,
        -0.392,
        0,
        2.467,
        0.264,
        0,
        2.867,
        -0.213,
        0,
        3.3,
        0.264,
        0,
        3.733,
        -0.256,
        0,
        4,
        0.196,
        0,
        4.3,
        0
      ]
    },
    {
      "Target": "Parameter",
      "Id": "ParamClothes2Y",
      "Segments": [
        0,
        0,
        0,
        0.1,
        -0.419,
        0,
        0.367,
        0.816,
        0,
        0.667,
        -0.66,
        0,
        1.1,
        0.367,
        0,
        1.533,
        -0.527,
        0,
        2,
        0.487,
        0,
        2.4,
        -0.335,
        0,
        2.733,
        0.591,
        0,
        3.133,
        -0.399,
        0,
        3.533,
        0.311,
        0,
        3.967,
        -0.168,
        0,
        4.3,
        0
      ]
    },
    {
      "Target": "Parameter",
      "Id": "ParamClothes2",
      "Segments": [
        0,
        0,
        0,
        0.233,
        -0.375,
        0,
        0.467,
        0.662,
        0,
        0.8,
        -0.559,
        0,
        1.267,
        0.343,
        0,
        1.733,
        -0.559,
        0,
        2.167,
        0.343,
        0,
        2.567,
        -0.271,
        0,
        2.9,
        0.415,
        0,
        3.3,
        -0.271,
        0,
        3.7,
        0.255,
        0,
        4.1,
        -0.144,
        0,
        4.3,
        0
      ]
    },
    {
      "Target": "Parameter",
      "Id": "ParamPhysics2",
      "Segments": [
        0,
        0,
        0,
        0.267,
        -4.651,
        0,
        0.467,
        17.741,
        0,
        0.633,
        -15.634,
        0,
        0.833,
        10.252,
        0,
        1.067,
        -4.613,
        0,
        1.333,
        10.252,
        0,
        1.533,
        -6.151,
        0,
        1.8,
        10.252,
        0,
        2.167,
        -4.651,
        0,
        2.533,
        10.252,
        0,
        2.9,
        -8.97,
        0,
        3.267,
        6.664,
        0,
        3.633,
        -5.126,
        0,
        3.933,
        3.332,
        0,
        4.167,
        -4.651,
        0,
        4.3,
        0
      ]
    },
    {
      "Target": "Parameter",
      "Id": "ParamPhysics3",
      "Segments": [
        0,
        0,
        0,
        0.167,
        3,
        0,
        0.367,
        -8.251,
        0,
        0.533,
        24.755,
        1,
        0.589,
        24.755,
        0.644,
        -22.951,
        0.7,
        -22.951,
        0,
        0.933,
        13.661,
        0,
        1.167,
        -8.251,
        0,
        1.367,
        13.661,
        1,
        1.422,
        13.661,
        1.478,
        -2.129,
        1.533,
        -11,
        1,
        1.566,
        -16.322,
        1.6,
        -15.73,
        1.633,
        -15.73,
        0,
        1.867,
        13.661,
        0,
        2.133,
        -11,
        0,
        2.533,
        13.661,
        0,
        2.767,
        -16.504,
        1,
        2.856,
        -16.504,
        2.944,
        -15.612,
        3.033,
        -8.251,
        1,
        3.133,
        0.03,
        3.233,
        10.315,
        3.333,
        10.315,
        0,
        3.733,
        -7.973,
        0,
        4.033,
        3.428,
        0,
        4.233,
        -3.608,
        0,
        4.3,
        0
      ]
    },
    {
      "Target": "Parameter",
      "Id": "ParamPhysics4",
      "Segments": [
        0,
        0,
        1,
        0.078,
        0,
        0.155,
        0.444,
        0.233,
        4.126,
        1,
        0.289,
        6.756,
        0.344,
        13,
        0.4,
        13,
        0,
        0.433,
        -9.283,
        0,
        0.633,
        19.856,
        0,
        0.8,
        -16.762,
        0,
        1.033,
        11.346,
        0,
        1.267,
        -6.963,
        0,
        1.433,
        13,
        1,
        1.466,
        13,
        1.5,
        -0.966,
        1.533,
        -6,
        1,
        1.589,
        -14.389,
        1.644,
        -15.472,
        1.7,
        -15.472,
        0,
        1.967,
        11.346,
        0,
        2.267,
        -9.283,
        0,
        2.667,
        11.346,
        1,
        2.722,
        11.346,
        2.778,
        -7.907,
        2.833,
        -11,
        1,
        2.911,
        -15.331,
        2.989,
        -15.472,
        3.067,
        -15.472,
        0,
        3.533,
        8.252,
        0,
        3.833,
        -6.705,
        0,
        4.133,
        4.126,
        0,
        4.3,
        0
      ]
    },
    {
      "Target": "Parameter",
      "Id": "Param13",
      "Segments": [
        0,
        0,
        0,
        0.133,
        -15.405,
        0,
        0.333,
        15.918,
        0,
        0.7,
        -10.44,
        0,
        1.1,
        6.846,
        0,
        1.6,
        -5.249,
        0,
        2.2,
        4.854,
        0,
        2.867,
        -20,
        0,
        3.333,
        9.514,
        0,
        3.867,
        -5.249,
        0,
        4.3,
        0
      ]
    },
    {
      "Target": "Parameter",
      "Id": "Param14",
      "Segments": [
        0,
        0,
        0,
        0.233,
        -14.367,
        0,
        0.5,
        13.008,
        0,
        0.867,
        -8.543,
        0,
        1.333,
        7.572,
        0,
        1.867,
        -5.242,
        0,
        2.5,
        4.465,
        0,
        3.067,
        -16.891,
        0,
        3.533,
        7.572,
        0,
        4.033,
        -3.883,
        0,
        4.3,
        0
      ]
    },
    {
      "Target": "Parameter",
      "Id": "ParamAngleA1",
      "Segments": [
        0,
        0,
        0,
        0.133,
        -4,
        0,
        0.333,
        7.456,
        0,
        0.6,
        -20,
        0,
        1.033,
        4.087,
        0,
        1.5,
        -28,
        0,
        2.033,
        4.087,
        0,
        2.433,
        -11.576,
        0,
        2.833,
        11.361,
        0,
        3.2,
        -40,
        0,
        3.567,
        7.456,
        0,
        3.9,
        -8,
        0,
        4.3,
        0
      ]
    },
    {
      "Target": "Parameter",
      "Id": "ParamAngleA2",
      "Segments": [
        0,
        0,
        0,
        0.2,
        -9.717,
        0,
        0.467,
        9.995,
        0,
        0.8,
        -13.262,
        0,
        1.2,
        21.336,
        0,
        1.8,
        -13.262,
        0,
        2.3,
        14.919,
        0,
        2.667,
        -13.262,
        0,
        3.033,
        13.593,
        0,
        3.3,
        -9.717,
        0,
        3.733,
        9.995,
        0,
        4.033,
        -7.294,
        0,
        4.3,
        0
      ]
    },
    {
      "Target": "Parameter",
      "Id": "ParamAngleA3",
      "Segments": [
        0,
        0,
        0,
        0.3,
        -8.977,
        0,
        0.667,
        8.977,
        0,
        0.967,
        -12.156,
        0,
        1.433,
        20.198,
        0,
        1.967,
        -11.782,
        0,
        2.433,
        13.652,
        0,
        2.8,
        -12.156,
        0,
        3.167,
        13.652,
        0,
        3.433,
        -8.229,
        0,
        3.833,
        9.351,
        0,
        4.133,
        -5.236,
        0,
        4.3,
        0
      ]
    },
    {
      "Target": "Parameter",
      "Id": "ParamAngleA4",
      "Segments": [
        0,
        0,
        0,
        0.467,
        -8.22,
        0,
        0.833,
        8.744,
        0,
        1.2,
        -11.892,
        0,
        1.667,
        18.013,
        0,
        2.2,
        -8.22,
        0,
        2.6,
        12.417,
        0,
        2.967,
        -9.793,
        0,
        3.3,
        11.018,
        0,
        3.6,
        -7.345,
        0,
        3.967,
        7.345,
        0,
        4.2,
        -3.498,
        0,
        4.3,
        0
      ]
    },
    {
      "Target": "Parameter",
      "Id": "ParamAngleB1",
      "Segments": [
        0,
        0,
        0,
        0.233,
        -4,
        0,
        0.433,
        7.456,
        0,
        0.7,
        -8,
        0,
        1.133,
        4.087,
        0,
        1.6,
        -28,
        0,
        2.033,
        4.087,
        0,
        2.5,
        -11.576,
        0,
        2.9,
        11.361,
        0,
        3.267,
        -8,
        0,
        3.633,
        7.456,
        0,
        3.967,
        -4,
        0,
        4.3,
        0
      ]
    },
    {
      "Target": "Parameter",
      "Id": "ParamAngleB2",
      "Segments": [
        0,
        0,
        0,
        0.3,
        -9.717,
        0,
        0.567,
        9.995,
        0,
        0.9,
        -13.262,
        0,
        1.3,
        21.336,
        0,
        1.9,
        -13.262,
        0,
        2.367,
        14.919,
        0,
        2.733,
        -13.262,
        0,
        3.1,
        13.593,
        0,
        3.367,
        -9.717,
        0,
        3.8,
        9.995,
        0,
        4.033,
        -7.294,
        0,
        4.3,
        0
      ]
    },
    {
      "Target": "Parameter",
      "Id": "ParamAngleB3",
      "Segments": [
        0,
        0,
        0,
        0.4,
        -8.977,
        0,
        0.767,
        8.977,
        0,
        1.067,
        -12.156,
        0,
        1.533,
        20.198,
        0,
        2.067,
        -11.782,
        0,
        2.5,
        13.652,
        0,
        2.867,
        -12.156,
        0,
        3.233,
        13.652,
        0,
        3.5,
        -8.229,
        0,
        3.9,
        9.351,
        0,
        4.133,
        -5.236,
        0,
        4.3,
        0
      ]
    },
    {
      "Target": "Parameter",
      "Id": "ParamAngleB4",
      "Segments": [
        0,
        0,
        0,
        0.567,
        -8.22,
        0,
        0.933,
        8.744,
        0,
        1.3,
        -11.892,
        0,
        1.767,
        18.013,
        0,
        2.2,
        -8.22,
        0,
        2.667,
        12.417,
        0,
        3.067,
        -9.793,
        0,
        3.367,
        11.018,
        0,
        3.667,
        -7.345,
        0,
        4.033,
        7.345,
        0,
        4.2,
        -3.498,
        0,
        4.3,
        0
      ]
    },
    {
      "Target": "Parameter",
      "Id": "ParamAngleC1",
      "Segments": [
        0,
        0,
        0,
        0.233,
        -9,
        0,
        0.467,
        14,
        0,
        0.767,
        -26,
        0,
        1.1,
        9.081,
        0,
        1.533,
        -11.892,
        0,
        2.2,
        8.432,
        0,
        2.8,
        -8.432,
        0,
        3.233,
        14,
        0,
        3.7,
        -14.919,
        0,
        4.3,
        0
      ]
    },
    {
      "Target": "Parameter",
      "Id": "ParamAngleC2",
      "Segments": [
        0,
        0,
        0,
        0.3,
        -9.297,
        0,
        0.567,
        6.486,
        0,
        0.867,
        -13.729,
        0,
        1.267,
        9.191,
        0,
        1.733,
        -11.161,
        0,
        2.4,
        8.535,
        0,
        2.933,
        -7.66,
        0,
        3.4,
        13.568,
        0,
        3.867,
        -13.568,
        0,
        4.3,
        0
      ]
    },
    {
      "Target": "Parameter",
      "Id": "ParamAngleC3",
      "Segments": [
        0,
        0,
        0,
        0.367,
        -9.115,
        0,
        0.633,
        6.414,
        0,
        0.967,
        -11.893,
        0,
        1.4,
        9.963,
        0,
        1.9,
        -9.539,
        0,
        2.5,
        9.327,
        0,
        3.067,
        -6.783,
        0,
        3.533,
        12.718,
        0,
        4,
        -12.082,
        0,
        4.3,
        0
      ]
    },
    {
      "Target": "Parameter",
      "Id": "ParamAngleC4",
      "Segments": [
        0,
        0,
        0,
        0.433,
        -9.478,
        0,
        0.733,
        5.915,
        0,
        1.067,
        -10.174,
        0,
        1.533,
        10.285,
        0,
        2.033,
        -9.276,
        0,
        2.6,
        10.083,
        0,
        3.2,
        -6.453,
        0,
        3.7,
        12.1,
        0,
        4.1,
        -9.881,
        0,
        4.3,
        0
      ]
    },
    {
      "Target": "Parameter",
      "Id": "ParamAngleC5",
      "Segments": [
        0,
        0,
        0,
        0.5,
        -9.483,
        0,
        0.833,
        5.277,
        0,
        1.167,
        -8.915,
        0,
        1.633,
        10.432,
        0,
        2.167,
        -7.966,
        0,
        2.733,
        9.673,
        0,
        3.333,
        -5.88,
        0,
        3.8,
        11.76,
        0,
        4.133,
        -7.966,
        0,
        4.3,
        0
      ]
    },
    {
      "Target": "Parameter",
      "Id": "ParamAngleD1",
      "Segments": [
        0,
        0,
        0,
        0.233,
        -9,
        0,
        0.467,
        14,
        0,
        0.767,
        -26,
        0,
        1.1,
        9.081,
        0,
        1.533,
        -11.892,
        0,
        2.133,
        8.432,
        0,
        2.733,
        -8.432,
        0,
        3.167,
        14,
        0,
        3.633,
        -14.919,
        0,
        4.3,
        0
      ]
    },
    {
      "Target": "Parameter",
      "Id": "ParamAngleD2",
      "Segments": [
        0,
        0,
        0,
        0.3,
        -9.297,
        0,
        0.567,
        6.486,
        0,
        0.867,
        -13.729,
        0,
        1.267,
        9.191,
        0,
        1.733,
        -11.161,
        0,
        2.333,
        8.535,
        0,
        2.867,
        -7.66,
        0,
        3.333,
        13.568,
        0,
        3.8,
        -13.568,
        0,
        4.3,
        0
      ]
    },
    {
      "Target": "Parameter",
      "Id": "ParamAngleD3",
      "Segments": [
        0,
        0,
        0,
        0.367,
        -9.115,
        0,
        0.633,
        6.414,
        0,
        0.967,
        -11.893,
        0,
        1.4,
        9.963,
        0,
        1.833,
        -9.539,
        0,
        2.433,
        9.327,
        0,
        3,
        -6.783,
        0,
        3.467,
        12.718,
        0,
        3.933,
        -12.082,
        0,
        4.3,
        0
      ]
    },
    {
      "Target": "Parameter",
      "Id": "ParamAngleD4",
      "Segments": [
        0,
        0,
        0,
        0.433,
        -9.478,
        0,
        0.733,
        5.915,
        0,
        1.067,
        -10.174,
        0,
        1.533,
        10.285,
        0,
        1.967,
        -9.276,
        0,
        2.533,
        10.083,
        0,
        3.133,
        -6.453,
        0,
        3.633,
        12.1,
        0,
        4.033,
        -9.881,
        0,
        4.3,
        0
      ]
    },
    {
      "Target": "Parameter",
      "Id": "ParamAngleD5",
      "Segments": [
        0,
        0,
        0,
        0.5,
        -9.483,
        0,
        0.833,
        5.277,
        0,
        1.167,
        -8.915,
        0,
        1.633,
        10.432,
        0,
        2.1,
        -7.966,
        0,
        2.667,
        9.673,
        0,
        3.267,
        -5.88,
        0,
        3.733,
        11.76,
        0,
        4.067,
        -7.966,
        0,
        4.3,
        0
      ]
    },
    {
      "Target": "Parameter",
      "Id": "ParamAngleE3",
      "Segments": [
        0,
        0,
        0,
        0.4,
        -7.492,
        0,
        0.767,
        11.383,
        0,
        1.233,
        -6.357,
        0,
        1.633,
        6.175,
        0,
        2.067,
        -5.176,
        0,
        2.667,
        6.448,
        0,
        3.2,
        -3.088,
        0,
        3.633,
        7.901,
        0,
        3.967,
        -3.632,
        0,
        4.3,
        0
      ]
    },
    {
      "Target": "Parameter",
      "Id": "ParamAngleE4",
      "Segments": [
        0,
        0,
        0,
        0.167,
        6.037,
        0,
        0.6,
        -16.536,
        0,
        1.033,
        9.357,
        0,
        1.433,
        -6.942,
        0,
        1.867,
        5.735,
        0,
        2.367,
        -6.942,
        0,
        2.9,
        6.791,
        0,
        3.4,
        -4.98,
        0,
        3.8,
        7.847,
        0,
        4.067,
        -3.622,
        0,
        4.3,
        0
      ]
    },
    {
      "Target": "Parameter",
      "Id": "ParamGangSheng1",
      "Segments": [
        0,
        0,
        0,
        0.133,
        -4,
        0,
        0.333,
        12,
        0,
        0.567,
        -13.223,
        0,
        0.867,
        19,
        0,
        1.2,
        7,
        0,
        1.467,
        12,
        1,
        1.578,
        12,
        1.689,
        9.739,
        1.8,
        0.871,
        1,
        1.856,
        -3.563,
        1.911,
        -10.799,
        1.967,
        -10.799,
        0,
        2.267,
        14.979,
        0,
        2.9,
        -8.012,
        0,
        3.5,
        10.799,
        0,
        4.033,
        -3.309,
        0,
        4.3,
        0
      ]
    },
    {
      "Target": "Parameter",
      "Id": "ParamGangSheng3",
      "Segments": [
        0,
        0,
        0,
        0.233,
        -4.18,
        0,
        0.467,
        11.147,
        0,
        0.733,
        -11.321,
        0,
        1,
        5,
        0,
        1.3,
        -4.18,
        0,
        1.8,
        6.018,
        0,
        2.133,
        -8.36,
        0,
        2.567,
        12.366,
        0,
        3.2,
        -6.793,
        0,
        3.767,
        9.405,
        0,
        4.1,
        -1.916,
        0,
        4.3,
        0
      ]
    },
    {
      "Target": "Parameter",
      "Id": "ParamGangSheng4",
      "Segments": [
        0,
        0,
        0,
        0.3,
        -4.225,
        0,
        0.567,
        10.755,
        0,
        0.8,
        -9.859,
        0,
        1.133,
        5.634,
        0,
        1.433,
        -4.225,
        0,
        1.933,
        5.634,
        1,
        1.989,
        5.634,
        2.044,
        -4.76,
        2.1,
        -6,
        1,
        2.167,
        -7.488,
        2.233,
        -7.426,
        2.3,
        -7.426,
        1,
        2.356,
        -7.426,
        2.411,
        -2.82,
        2.467,
        2,
        1,
        2.556,
        9.711,
        2.644,
        12.164,
        2.733,
        12.164,
        0,
        3.367,
        -6.274,
        0,
        3.867,
        8.707,
        0,
        4.3,
        0
      ]
    },
    {
      "Target": "Parameter",
      "Id": "ParamGangSheng5",
      "Segments": [
        0,
        0,
        0,
        0.167,
        3,
        0,
        0.367,
        -4.405,
        0,
        0.533,
        7.738,
        0,
        0.767,
        -16.113,
        0,
        1.167,
        10.238,
        0,
        1.5,
        -7.619,
        0,
        1.733,
        6.997,
        0,
        1.933,
        0,
        0,
        2.233,
        7.738,
        0,
        2.467,
        6,
        0,
        2.567,
        17,
        0,
        3.067,
        -7.619,
        0,
        3.7,
        10.918,
        0,
        4.3,
        0
      ]
    },
    {
      "Target": "Parameter",
      "Id": "ParamGangSheng6",
      "Segments": [
        0,
        0,
        0,
        0.467,
        -4.654,
        0,
        0.667,
        6.802,
        0,
        0.933,
        -15.393,
        0,
        1.3,
        9.665,
        0,
        1.6,
        -6.981,
        0,
        1.833,
        5.549,
        0,
        2.1,
        -0.895,
        0,
        2.333,
        1.969,
        0,
        2.533,
        -4.654,
        0,
        2.7,
        14.498,
        0,
        3.267,
        -6.981,
        0,
        3.967,
        6.802,
        0,
        4.3,
        0
      ]
    },
    {
      "Target": "Parameter",
      "Id": "ParamJXSheng2",
      "Segments": [
        0,
        0,
        0,
        0.233,
        -24.752,
        1,
        0.333,
        -24.752,
        0.433,
        -23.85,
        0.533,
        -12.817,
        1,
        0.6,
        -5.462,
        0.666,
        19.987,
        0.733,
        19.987,
        0,
        1.033,
        -12.817,
        0,
        1.433,
        11.383,
        0,
        1.833,
        -9.915,
        0,
        2.367,
        7.981,
        0,
        2.833,
        -12.817,
        0,
        3.3,
        11.383,
        0,
        3.733,
        -11.366,
        0,
        4.3,
        0
      ]
    },
    {
      "Target": "Parameter",
      "Id": "ParamJXSheng1",
      "Segments": [
        0,
        0,
        0,
        0.467,
        -23.216,
        0,
        0.867,
        18.138,
        0,
        1.2,
        -11.85,
        0,
        1.633,
        10.883,
        0,
        2.1,
        -9.673,
        0,
        2.567,
        8.464,
        0,
        3.067,
        -11.608,
        0,
        3.5,
        10.157,
        0,
        3.967,
        -10.399,
        0,
        4.3,
        0
      ]
    },
    {
      "Target": "Model",
      "Id": "Opacity",
      "Segments": [
        0,
        1,
        0,
        4.3,
        1
      ]
    },
    {
      "Target": "Parameter",
      "Id": "ParamParamBrowLY",
      "Segments": [
        0,
        0,
        0,
        4.3,
        0
      ]
    },
    {
      "Target": "Parameter",
      "Id": "ParamBrowLAngle",
      "Segments": [
        0,
        0,
        0,
        4.3,
        0
      ]
    },
    {
      "Target": "Parameter",
      "Id": "ParamParamBrowRY",
      "Segments": [
        0,
        0,
        0,
        4.3,
        0
      ]
    },
    {
      "Target": "Parameter",
      "Id": "ParamBrowRAngle",
      "Segments": [
        0,
        0,
        0,
        4.3,
        0
      ]
    },
    {
      "Target": "Parameter",
      "Id": "ParamMouthX",
      "Segments": [
        0,
        0,
        0,
        4.3,
        0
      ]
    },
    {
      "Target": "Parameter",
      "Id": "ParamCheek2",
      "Segments": [
        0,
        0,
        0,
        4.3,
        0
      ]
    },
    {
      "Target": "Parameter",
      "Id": "ParamCheek3",
      "Segments": [
        0,
        0,
        0,
        4.3,
        0
      ]
    },
    {
      "Target": "Parameter",
      "Id": "ParamCheek5",
      "Segments": [
        0,
        0,
        0,
        4.3,
        0
      ]
    },
    {
      "Target": "Parameter",
      "Id": "ParamJy",
      "Segments": [
        0,
        0,
        0,
        4.3,
        0
      ]
    },
    {
      "Target": "Parameter",
      "Id": "ParamCheek6",
      "Segments": [
        0,
        0,
        0,
        4.3,
        0
      ]
    },
    {
      "Target": "Parameter",
      "Id": "ParamHeadX",
      "Segments": [
        0,
        0,
        0,
        4.3,
        0
      ]
    },
    {
      "Target": "Parameter",
      "Id": "ParamHeadY",
      "Segments": [
        0,
        0,
        0,
        4.3,
        0
      ]
    },
    {
      "Target": "Parameter",
      "Id": "ParamLArmAB",
      "Segments": [
        0,
        0,
        0,
        4.3,
        0
      ]
    },
    {
      "Target": "Parameter",
      "Id": "ParamLHandZ",
      "Segments": [
        0,
        0,
        0,
        4.3,
        0
      ]
    },
    {
      "Target": "Parameter",
      "Id": "ParamLHandX",
      "Segments": [
        0,
        0,
        0,
        4.3,
        0
      ]
    },
    {
      "Target": "Parameter",
      "Id": "ParamLHand1",
      "Segments": [
        0,
        0,
        0,
        4.3,
        0
      ]
    },
    {
      "Target": "Parameter",
      "Id": "ParamLHand2",
      "Segments": [
        0,
        0,
        0,
        4.3,
        0
      ]
    },
    {
      "Target": "Parameter",
      "Id": "ParamLHand34",
      "Segments": [
        0,
        0,
        0,
        4.3,
        0
      ]
    },
    {
      "Target": "Parameter",
      "Id": "ParamLHand5",
      "Segments": [
        0,
        0,
        0,
        4.3,
        0
      ]
    },
    {
      "Target": "Parameter",
      "Id": "ParamLHandWater",
      "Segments": [
        0,
        0,
        0,
        4.3,
        0
      ]
    },
    {
      "Target": "Parameter",
      "Id": "ParamLHandWater1",
      "Segments": [
        0,
        0,
        0,
        4.3,
        0
      ]
    },
    {
      "Target": "Parameter",
      "Id": "ParamLHandWater2",
      "Segments": [
        0,
        0,
        0,
        4.3,
        0
      ]
    },
    {
      "Target": "Parameter",
      "Id": "ParamRArmDA",
      "Segments": [
        0,
        0,
        0,
        4.3,
        0
      ]
    },
    {
      "Target": "Parameter",
      "Id": "ParamRArmDB",
      "Segments": [
        0,
        0,
        0,
        4.3,
        0
      ]
    },
    {
      "Target": "Parameter",
      "Id": "ParamArmX",
      "Segments": [
        0,
        0,
        0,
        4.3,
        0
      ]
    },
    {
      "Target": "Parameter",
      "Id": "ParamHQiangY",
      "Segments": [
        0,
        0,
        0,
        4.3,
        0
      ]
    },
    {
      "Target": "Parameter",
      "Id": "ParamJXWei",
      "Segments": [
        0,
        0,
        0,
        4.3,
        0
      ]
    },
    {
      "Target": "Parameter",
      "Id": "ParamWhite1",
      "Segments": [
        0,
        0,
        0,
        4.3,
        0
      ]
    },
    {
      "Target": "Parameter",
      "Id": "ParamBlack0",
      "Segments": [
        0,
        1,
        0,
        4.3,
        1
      ]
    },
    {
      "Target": "Parameter",
      "Id": "ParamBlack1",
      "Segments": [
        0,
        0,
        0,
        4.3,
        0
      ]
    },
    {
      "Target": "Parameter",
      "Id": "ParamBlack2",
      "Segments": [
        0,
        0,
        0,
        4.3,
        0
      ]
    },
    {
      "Target": "Parameter",
      "Id": "ParamZTX",
      "Segments": [
        0,
        0,
        0,
        4.3,
        0
      ]
    },
    {
      "Target": "Parameter",
      "Id": "ParamZTY",
      "Segments": [
        0,
        0,
        0,
        4.3,
        0
      ]
    },
    {
      "Target": "Parameter",
      "Id": "ParamZTZ",
      "Segments": [
        0,
        0,
        0,
        4.3,
        0
      ]
    },
    {
      "Target": "Parameter",
      "Id": "ParamZTO",
      "Segments": [
        0,
        0,
        0,
        4.3,
        0
      ]
    },
    {
      "Target": "Parameter",
      "Id": "ParamPhysics1",
      "Segments": [
        0,
        0,
        0,
        4.3,
        0
      ]
    },
    {
      "Target": "Parameter",
      "Id": "ParamAngleE1",
      "Segments": [
        0,
        0,
        0,
        4.3,
        0
      ]
    },
    {
      "Target": "Parameter",
      "Id": "ParamAngleE2",
      "Segments": [
        0,
        0,
        0,
        4.3,
        0
      ]
    },
    {
      "Target": "Parameter",
      "Id": "ParamGangSheng2",
      "Segments": [
        0,
        0,
        0,
        4.3,
        0
      ]
    },
    {
      "Target": "Parameter",
      "Id": "Param11",
      "Segments": [
        0,
        0,
        0,
        4.3,
        0
      ]
    },
    {
      "Target": "Parameter",
      "Id": "Param12",
      "Segments": [
        0,
        0,
        0,
        4.3,
        0
      ]
    },
    {
      "Target": "Parameter",
      "Id": "Param5",
      "Segments": [
        0,
        0,
        0,
        4.3,
        0
      ]
    },
    {
      "Target": "Parameter",
      "Id": "Param6",
      "Segments": [
        0,
        0,
        0,
        4.3,
        0
      ]
    }
  ],
  "UserData": [
    {
      "Time": 0.0,
      "Value": ""
    },
    {
      "Time": 1.17,
      "Value": "characterVoice_140_2.5"
    }
  ]
}