{
  "Version": 3,
  "Meta": {
    "Duration": 2.433,
    "Fps": 30.0,
    "Loop": true,
    "AreBeziersRestricted": true,
    "CurveCount": 135,
    "TotalSegmentCount": 802,
    "TotalPointCount": 1026,
    "UserDataCount": 2,
    "TotalUserDataSize": 20
  },
  "Curves": [
    {
      "Target": "Parameter",
      "Id": "ParamAngleX",
      "Segments": [
        0,
        0,
        0,
        0.2,
        -4,
        0,
        0.567,
        11,
        1,
        0.645,
        11,
        0.722,
        9.688,
        0.8,
        9.162,
        1,
        0.911,
        8.411,
        1.022,
        8.351,
        1.133,
        8.351,
        0,
        1.5,
        11,
        0,
        1.833,
        10.541,
        0,
        2.1,
        10.946,
        0,
        2.433,
        0
      ]
    },
    {
      "Target": "Parameter",
      "Id": "ParamAngleY",
      "Segments": [
        0,
        0,
        0,
        0.167,
        4,
        0,
        0.567,
        -11,
        0,
        1,
        -6.73,
        1,
        1.089,
        -6.73,
        1.178,
        -6.727,
        1.267,
        -7.297,
        1,
        1.345,
        -7.796,
        1.422,
        -10.058,
        1.5,
        -11,
        1,
        1.6,
        -12.212,
        1.7,
        -12.54,
        1.8,
        -12.54,
        0,
        2.233,
        1.609,
        0,
        2.433,
        0
      ]
    },
    {
      "Target": "Parameter",
      "Id": "ParamAngleZ",
      "Segments": [
        0,
        0,
        0,
        0.1,
        -2.849,
        0,
        0.533,
        15.482,
        0,
        0.767,
        13.079,
        1,
        1.011,
        13.079,
        1.256,
        13.191,
        1.5,
        14,
        1,
        1.6,
        14.331,
        1.7,
        16.349,
        1.8,
        16.349,
        0,
        2.233,
        -1.453,
        0,
        2.433,
        0
      ]
    },
    {
      "Target": "Parameter",
      "Id": "ParamEyeLOpen",
      "Segments": [
        0,
        1,
        0,
        0.133,
        1.26,
        0,
        0.3,
        0,
        1,
        0.344,
        0,
        0.389,
        0.202,
        0.433,
        0.7,
        1,
        0.478,
        1.198,
        0.522,
        1.5,
        0.567,
        1.5,
        1,
        0.734,
        1.5,
        0.9,
        1.5,
        1.067,
        1.4,
        1,
        1.178,
        1.333,
        1.289,
        1,
        1.4,
        1,
        2,
        1.9,
        1,
        1,
        1.956,
        1,
        2.011,
        1.012,
        2.067,
        0.9,
        1,
        2.111,
        0.811,
        2.156,
        0,
        2.2,
        0,
        0,
        2.433,
        1
      ]
    },
    {
      "Target": "Parameter",
      "Id": "ParamEyeROpen",
      "Segments": [
        0,
        1,
        0,
        0.133,
        1.26,
        0,
        0.3,
        0,
        1,
        0.344,
        0,
        0.389,
        0.202,
        0.433,
        0.7,
        1,
        0.478,
        1.198,
        0.522,
        1.5,
        0.567,
        1.5,
        1,
        0.734,
        1.5,
        0.9,
        1.5,
        1.067,
        1.4,
        1,
        1.178,
        1.333,
        1.289,
        1,
        1.4,
        1,
        2,
        1.9,
        1,
        1,
        1.956,
        1,
        2.011,
        1.012,
        2.067,
        0.9,
        1,
        2.111,
        0.811,
        2.156,
        0,
        2.2,
        0,
        0,
        2.433,
        1
      ]
    },
    {
      "Target": "Parameter",
      "Id": "ParamEyeS",
      "Segments": [
        0,
        0,
        0,
        0.567,
        0.2,
        2,
        1.5,
        0.2,
        0,
        2.433,
        0
      ]
    },
    {
      "Target": "Parameter",
      "Id": "ParamEyeBallX",
      "Segments": [
        0,
        0,
        0,
        0.133,
        0.1,
        2,
        0.333,
        0.1,
        0,
        0.567,
        0,
        2,
        1.5,
        0,
        2,
        2.433,
        0
      ]
    },
    {
      "Target": "Parameter",
      "Id": "ParamEyeBallY",
      "Segments": [
        0,
        0,
        0,
        0.133,
        0.2,
        2,
        0.333,
        0.2,
        0,
        0.567,
        0,
        2,
        1.5,
        0,
        2,
        2.433,
        0
      ]
    },
    {
      "Target": "Parameter",
      "Id": "ParamBrowLForm",
      "Segments": [
        0,
        0,
        0,
        0.567,
        1,
        2,
        1.5,
        1,
        0,
        2.433,
        0
      ]
    },
    {
      "Target": "Parameter",
      "Id": "ParamBrowRForm",
      "Segments": [
        0,
        0,
        0,
        0.567,
        1,
        2,
        1.5,
        1,
        0,
        2.433,
        0
      ]
    },
    {
      "Target": "Parameter",
      "Id": "ParamMouthOpenY",
      "Segments": [
        0,
        0,
        1,
        0.133,
        0,
        0.267,
        0.177,
        0.4,
        0.4,
        1,
        0.456,
        0.493,
        0.511,
        0.5,
        0.567,
        0.5,
        0,
        0.7,
        0.4,
        0,
        0.867,
        1,
        1,
        1.145,
        1,
        1.422,
        0.841,
        1.7,
        0.5,
        1,
        1.711,
        0.486,
        1.722,
        0.466,
        1.733,
        0.4,
        1,
        1.755,
        0.267,
        1.778,
        0,
        1.8,
        0,
        2,
        2.433,
        0
      ]
    },
    {
      "Target": "Parameter",
      "Id": "ParamMouthForm",
      "Segments": [
        0,
        0,
        2,
        0.267,
        0,
        0,
        0.567,
        -0.1,
        0,
        0.833,
        0.7,
        2,
        1.4,
        0.7,
        0,
        2.433,
        0
      ]
    },
    {
      "Target": "Parameter",
      "Id": "ParamMouthX",
      "Segments": [
        0,
        0,
        0,
        0.567,
        0.1,
        2,
        1.5,
        0.1,
        0,
        2.433,
        0
      ]
    },
    {
      "Target": "Parameter",
      "Id": "ParamJy",
      "Segments": [
        0,
        0,
        2,
        0.267,
        0,
        1,
        0.278,
        0,
        0.289,
        0.245,
        0.3,
        0.3,
        1,
        0.333,
        0.465,
        0.367,
        0.604,
        0.4,
        0.7,
        1,
        0.478,
        0.924,
        0.555,
        1,
        0.633,
        1,
        2,
        0.7,
        1,
        2,
        1.433,
        1,
        1,
        1.489,
        1,
        1.544,
        0.977,
        1.6,
        0.686,
        1,
        1.644,
        0.453,
        1.689,
        0,
        1.733,
        0,
        2,
        2.433,
        0
      ]
    },
    {
      "Target": "Parameter",
      "Id": "ParamBodyAngleY",
      "Segments": [
        0,
        0,
        0,
        0.233,
        -1.127,
        0,
        0.5,
        0.58,
        0,
        0.633,
        0,
        2,
        1.5,
        0,
        2,
        2.433,
        0
      ]
    },
    {
      "Target": "Parameter",
      "Id": "ParamBodyAngleZ",
      "Segments": [
        0,
        0,
        0,
        0.167,
        0.298,
        0,
        0.567,
        -5.66,
        1,
        0.656,
        -5.66,
        0.744,
        -5.58,
        0.833,
        -5.483,
        1,
        1.055,
        -5.24,
        1.278,
        -5.143,
        1.5,
        -5.143,
        0,
        1.8,
        -5.604,
        0,
        2.433,
        0
      ]
    },
    {
      "Target": "Parameter",
      "Id": "ParamHipX",
      "Segments": [
        0,
        0,
        0,
        0.2,
        7,
        0,
        0.533,
        -14,
        0,
        0.833,
        -8,
        2,
        1.5,
        -8,
        0,
        1.8,
        -16,
        0,
        2.2,
        2,
        0,
        2.433,
        0
      ]
    },
    {
      "Target": "Parameter",
      "Id": "ParamHipY",
      "Segments": [
        0,
        0,
        0,
        0.2,
        -11,
        0,
        0.533,
        14,
        0,
        0.833,
        7,
        2,
        1.5,
        7,
        0,
        1.8,
        14,
        0,
        2.2,
        -2,
        0,
        2.433,
        0
      ]
    },
    {
      "Target": "Parameter",
      "Id": "ParamLjian",
      "Segments": [
        0,
        0,
        0,
        0.567,
        30,
        2,
        1.5,
        30,
        0,
        2.433,
        0
      ]
    },
    {
      "Target": "Parameter",
      "Id": "ParamRjian",
      "Segments": [
        0,
        0,
        0,
        0.567,
        -30,
        2,
        1.5,
        -30,
        0,
        2.433,
        0
      ]
    },
    {
      "Target": "Parameter",
      "Id": "ParamLegZ",
      "Segments": [
        0,
        0,
        0,
        0.567,
        3,
        2,
        1.5,
        3,
        0,
        2.433,
        0
      ]
    },
    {
      "Target": "Parameter",
      "Id": "ParamFoot1",
      "Segments": [
        0,
        0,
        0,
        0.267,
        -16,
        0,
        0.567,
        0,
        2,
        1.5,
        0,
        2,
        2.433,
        0
      ]
    },
    {
      "Target": "Parameter",
      "Id": "ParamFoot2",
      "Segments": [
        0,
        0,
        0,
        0.133,
        26,
        0,
        0.4,
        -15.892,
        0,
        0.567,
        0,
        2,
        1.5,
        0,
        2,
        2.433,
        0
      ]
    },
    {
      "Target": "Parameter",
      "Id": "ParamHuXi2",
      "Segments": [
        0,
        0,
        0,
        0.567,
        1,
        1,
        0.878,
        1,
        1.189,
        0.92,
        1.5,
        0.6,
        1,
        1.811,
        0.28,
        2.122,
        0,
        2.433,
        0
      ]
    },
    {
      "Target": "Parameter",
      "Id": "Param4",
      "Segments": [
        0,
        0,
        2,
        1.5,
        0,
        0,
        2,
        -5,
        0,
        2.433,
        0
      ]
    },
    {
      "Target": "Parameter",
      "Id": "ParamLArmAB",
      "Segments": [
        0,
        0,
        2,
        0.167,
        0,
        1,
        0.178,
        0,
        0.189,
        0,
        0.2,
        0.026,
        1,
        0.211,
        0.055,
        0.222,
        0.238,
        0.233,
        0.3,
        1,
        0.266,
        0.485,
        0.3,
        0.654,
        0.333,
        0.8,
        1,
        0.344,
        0.849,
        0.356,
        0.884,
        0.367,
        0.907,
        1,
        0.4,
        0.976,
        0.434,
        1,
        0.467,
        1,
        2,
        0.567,
        1,
        2,
        1.5,
        1,
        1,
        1.6,
        1,
        1.7,
        0.946,
        1.8,
        0.8,
        1,
        1.811,
        0.784,
        1.822,
        0.516,
        1.833,
        0.5,
        1,
        1.889,
        0.422,
        1.944,
        0.374,
        2,
        0.3,
        1,
        2.011,
        0.285,
        2.022,
        0.233,
        2.033,
        0.2,
        1,
        2.078,
        0.067,
        2.122,
        0,
        2.167,
        0,
        2,
        2.433,
        0
      ]
    },
    {
      "Target": "Parameter",
      "Id": "Param15",
      "Segments": [
        0,
        0,
        2,
        0.567,
        0,
        2,
        1.5,
        0,
        0,
        1.6,
        -1.42,
        1,
        1.633,
        -1.42,
        1.667,
        -1.489,
        1.7,
        -0.92,
        1,
        1.733,
        -0.351,
        1.767,
        5,
        1.8,
        5,
        0,
        2.1,
        0,
        2,
        2.433,
        0
      ]
    },
    {
      "Target": "Parameter",
      "Id": "Param17",
      "Segments": [
        0,
        0,
        0,
        0.567,
        -15.16,
        2,
        1.5,
        -15.16,
        0,
        2.1,
        0,
        2,
        2.433,
        0
      ]
    },
    {
      "Target": "Parameter",
      "Id": "Param",
      "Segments": [
        0,
        0,
        2,
        1.567,
        0,
        1,
        1.689,
        0,
        1.811,
        -1.776,
        1.933,
        -7.738,
        1,
        1.978,
        -9.906,
        2.022,
        -14,
        2.067,
        -14,
        0,
        2.433,
        0
      ]
    },
    {
      "Target": "Parameter",
      "Id": "Param2",
      "Segments": [
        0,
        0,
        2,
        1.767,
        0,
        1,
        1.845,
        0,
        1.922,
        -2.847,
        2,
        -10.589,
        1,
        2.011,
        -11.695,
        2.022,
        -17.705,
        2.033,
        -17.705,
        1,
        2.044,
        -17.705,
        2.056,
        -17.926,
        2.067,
        -17,
        1,
        2.189,
        -6.811,
        2.311,
        0,
        2.433,
        0
      ]
    },
    {
      "Target": "Parameter",
      "Id": "ParamLHandZ",
      "Segments": [
        0,
        0,
        1,
        0.089,
        0,
        0.178,
        4.042,
        0.267,
        15,
        1,
        0.278,
        16.37,
        0.289,
        30,
        0.3,
        30,
        1,
        0.311,
        30,
        0.322,
        7.436,
        0.333,
        6,
        1,
        0.411,
        -4.053,
        0.489,
        -7.525,
        0.567,
        -7.525,
        0,
        0.633,
        -7,
        2,
        0.733,
        -7,
        1,
        1.011,
        -7,
        1.289,
        -7.108,
        1.567,
        -7.525,
        1,
        1.622,
        -7.608,
        1.678,
        -16.286,
        1.733,
        -18,
        1,
        1.755,
        -18.686,
        1.778,
        -18.54,
        1.8,
        -19,
        1,
        1.811,
        -19.23,
        1.822,
        -30,
        1.833,
        -30,
        1,
        1.878,
        -30,
        1.922,
        -4.945,
        1.967,
        -3,
        1,
        2.034,
        -0.083,
        2.1,
        0,
        2.167,
        0,
        2,
        2.433,
        0
      ]
    },
    {
      "Target": "Parameter",
      "Id": "ParamLHandX",
      "Segments": [
        0,
        0,
        0,
        0.333,
        30,
        1,
        0.378,
        30,
        0.422,
        -9.354,
        0.467,
        -22,
        1,
        0.5,
        -30,
        0.534,
        -30,
        0.567,
        -30,
        2,
        1.5,
        -30,
        0,
        1.8,
        30,
        0,
        2.433,
        0
      ]
    },
    {
      "Target": "Parameter",
      "Id": "ParamLHand1",
      "Segments": [
        0,
        0,
        0,
        0.333,
        6,
        0,
        0.633,
        -3.941,
        0,
        0.9,
        0,
        2,
        1.5,
        0,
        0,
        1.767,
        -9,
        0,
        2.433,
        0
      ]
    },
    {
      "Target": "Parameter",
      "Id": "ParamLHand2",
      "Segments": [
        0,
        0,
        0,
        0.333,
        -21,
        0,
        0.567,
        4.087,
        0,
        0.9,
        -15,
        2,
        1.133,
        -15,
        1,
        1.222,
        -15,
        1.311,
        -14.232,
        1.4,
        -11,
        1,
        1.433,
        -9.788,
        1.467,
        -2.945,
        1.5,
        0,
        1,
        1.589,
        7.854,
        1.678,
        11,
        1.767,
        11,
        0,
        2.433,
        0
      ]
    },
    {
      "Target": "Parameter",
      "Id": "ParamLHand34",
      "Segments": [
        0,
        0,
        0,
        0.333,
        -15,
        0,
        0.667,
        2.335,
        0,
        0.9,
        0,
        2,
        1.5,
        0,
        0,
        1.767,
        20,
        0,
        2.433,
        0
      ]
    },
    {
      "Target": "Parameter",
      "Id": "ParamLHand5",
      "Segments": [
        0,
        0,
        0,
        0.333,
        -6,
        0,
        0.6,
        3.503,
        0,
        0.9,
        0,
        2,
        1.5,
        0,
        0,
        1.767,
        15,
        0,
        2.433,
        0
      ]
    },
    {
      "Target": "Parameter",
      "Id": "ParamArmX",
      "Segments": [
        0,
        0,
        0,
        0.567,
        -10,
        2,
        1.5,
        -10,
        0,
        2.433,
        0
      ]
    },
    {
      "Target": "Parameter",
      "Id": "ParamArmRY",
      "Segments": [
        0,
        0,
        0,
        0.567,
        -14,
        2,
        1.5,
        -14,
        0,
        2.433,
        0
      ]
    },
    {
      "Target": "Parameter",
      "Id": "ParamArmR",
      "Segments": [
        0,
        0,
        0,
        0.2,
        -2,
        0,
        0.567,
        20.5,
        0,
        0.7,
        19,
        2,
        1.5,
        19,
        0,
        1.667,
        21.527,
        0,
        2.1,
        -2,
        0,
        2.433,
        0
      ]
    },
    {
      "Target": "Parameter",
      "Id": "ParamArmR1Z",
      "Segments": [
        0,
        0,
        0,
        0.267,
        4.406,
        1,
        0.311,
        4.406,
        0.356,
        4.599,
        0.4,
        1.089,
        1,
        0.478,
        -5.053,
        0.555,
        -13.914,
        0.633,
        -13.914,
        0,
        0.767,
        -13,
        0,
        1.5,
        -15.46,
        2,
        1.7,
        -15.46,
        0,
        1.9,
        -19.65,
        0,
        2.267,
        2.731,
        0,
        2.433,
        0
      ]
    },
    {
      "Target": "Parameter",
      "Id": "ParamRHand",
      "Segments": [
        0,
        0,
        0,
        0.133,
        -12,
        0,
        0.433,
        19.719,
        0,
        0.7,
        11.487,
        0,
        1,
        19.719,
        1,
        1.167,
        19.719,
        1.333,
        19.793,
        1.5,
        18.26,
        1,
        1.622,
        17.136,
        1.745,
        5,
        1.867,
        5,
        0,
        2.133,
        9.087,
        0,
        2.433,
        0
      ]
    },
    {
      "Target": "Parameter",
      "Id": "ParamHQiangX",
      "Segments": [
        0,
        0,
        0,
        0.233,
        23.097,
        0,
        0.533,
        -23.984,
        2,
        0.933,
        -23.984,
        0,
        1.2,
        14.506,
        0,
        1.533,
        -12,
        0,
        1.867,
        14.506,
        0,
        2.133,
        -16.033,
        0,
        2.433,
        0
      ]
    },
    {
      "Target": "Parameter",
      "Id": "ParamHQiang",
      "Segments": [
        0,
        0,
        0,
        0.267,
        -23,
        0,
        0.567,
        15,
        0,
        1,
        -23,
        0,
        1.533,
        -10,
        0,
        1.867,
        -24.709,
        0,
        2.433,
        0
      ]
    },
    {
      "Target": "Parameter",
      "Id": "ParamJXWei1",
      "Segments": [
        0,
        0,
        1,
        0.044,
        -4,
        0.089,
        -8,
        0.133,
        -12,
        2,
        0.433,
        -12,
        1,
        0.489,
        -1.675,
        0.544,
        8.649,
        0.6,
        18.974,
        2,
        1.567,
        18.974,
        1,
        1.645,
        11.597,
        1.722,
        4.219,
        1.8,
        -3.158,
        2,
        2.1,
        -3.158,
        1,
        2.156,
        -1.54,
        2.211,
        0.079,
        2.267,
        1.697,
        1,
        2.322,
        1.131,
        2.378,
        0.566,
        2.433,
        0
      ]
    },
    {
      "Target": "Parameter",
      "Id": "ParamJXWei2",
      "Segments": [
        0,
        0,
        1,
        0.1,
        -4.333,
        0.2,
        -8.667,
        0.3,
        -13,
        2,
        0.533,
        -13,
        1,
        0.6,
        -1,
        0.666,
        11,
        0.733,
        23,
        2,
        1.633,
        23,
        1,
        1.711,
        13.667,
        1.789,
        4.333,
        1.867,
        -5,
        2,
        2.133,
        -5,
        1,
        2.189,
        -2.703,
        2.244,
        -0.405,
        2.3,
        1.892,
        1,
        2.344,
        1.261,
        2.389,
        0.631,
        2.433,
        0
      ]
    },
    {
      "Target": "Parameter",
      "Id": "ParamJXWei3",
      "Segments": [
        0,
        0,
        1,
        0.133,
        -10,
        0.267,
        -20,
        0.4,
        -30,
        2,
        0.667,
        -30,
        1,
        0.745,
        -24.667,
        0.822,
        -19.333,
        0.9,
        -14,
        2,
        1.7,
        -14,
        1,
        1.789,
        -16.667,
        1.878,
        -19.333,
        1.967,
        -22,
        2,
        2.267,
        -22,
        1,
        2.322,
        -14.667,
        2.378,
        -7.333,
        2.433,
        0
      ]
    },
    {
      "Target": "Parameter",
      "Id": "ParamJXWei4",
      "Segments": [
        0,
        0,
        1,
        0.044,
        10,
        0.089,
        20,
        0.133,
        30,
        2,
        0.333,
        30,
        1,
        0.389,
        10,
        0.444,
        -10,
        0.5,
        -30,
        2,
        0.7,
        -30,
        1,
        0.767,
        -22.333,
        0.833,
        -14.667,
        0.9,
        -7,
        2,
        1.7,
        -7,
        1,
        1.789,
        -9.093,
        1.878,
        -11.187,
        1.967,
        -13.28,
        2,
        2.233,
        -13.28,
        1,
        2.3,
        -8.853,
        2.366,
        -4.427,
        2.433,
        0
      ]
    },
    {
      "Target": "Parameter",
      "Id": "ParamJXWei5",
      "Segments": [
        0,
        0,
        1,
        0.078,
        9.161,
        0.155,
        18.321,
        0.233,
        27.482,
        2,
        0.433,
        27.482,
        1,
        0.5,
        8.321,
        0.566,
        -10.839,
        0.633,
        -30,
        2,
        0.767,
        -30,
        1,
        0.845,
        -22.055,
        0.922,
        -14.11,
        1,
        -6.165,
        2,
        1.8,
        -6.165,
        1,
        1.9,
        -9.413,
        2,
        -12.66,
        2.1,
        -15.908,
        2,
        2.3,
        -15.908,
        1,
        2.344,
        -10.605,
        2.389,
        -5.303,
        2.433,
        0
      ]
    },
    {
      "Target": "Parameter",
      "Id": "ParamJXWei6",
      "Segments": [
        0,
        0,
        0,
        0.233,
        -7.168,
        0,
        0.633,
        25.678,
        0,
        1,
        15,
        2,
        1.7,
        15,
        0,
        2,
        23,
        0,
        2.433,
        0
      ]
    },
    {
      "Target": "Parameter",
      "Id": "ParamJXWei7",
      "Segments": [
        0,
        0,
        0,
        0.333,
        -8.665,
        0,
        0.667,
        22,
        0,
        1,
        8.36,
        2,
        1.7,
        8.36,
        0,
        2,
        22,
        0,
        2.433,
        0
      ]
    },
    {
      "Target": "Parameter",
      "Id": "Param9",
      "Segments": [
        0,
        0,
        0,
        0.233,
        -23.084,
        0,
        0.433,
        16,
        0,
        0.733,
        -7.39,
        0,
        1.133,
        4.548,
        0,
        1.633,
        0,
        2,
        2.433,
        0
      ]
    },
    {
      "Target": "Parameter",
      "Id": "ParamOpaishakeX",
      "Segments": [
        0,
        0,
        0,
        0.3,
        -0.478,
        0,
        0.533,
        0.7,
        0,
        0.867,
        -0.478,
        0,
        1.3,
        0.23,
        0,
        1.667,
        -0.307,
        0,
        2.067,
        0.409,
        0,
        2.433,
        0
      ]
    },
    {
      "Target": "Parameter",
      "Id": "ParamOpaishakeXB",
      "Segments": [
        0,
        0,
        0,
        0.4,
        -11.325,
        0,
        0.633,
        11.333,
        0,
        1,
        -9.342,
        0,
        1.467,
        4.835,
        0,
        1.833,
        -5.945,
        0,
        2.233,
        8.23,
        0,
        2.433,
        0
      ]
    },
    {
      "Target": "Parameter",
      "Id": "ParamOpaishakeY",
      "Segments": [
        0,
        0,
        0,
        0.267,
        0.4,
        0,
        0.633,
        -0.5,
        0,
        0.933,
        0.241,
        0,
        1.267,
        -0.2,
        1,
        1.389,
        -0.2,
        1.511,
        -0.126,
        1.633,
        0.11,
        1,
        1.733,
        0.303,
        1.833,
        0.461,
        1.933,
        0.461,
        0,
        2.433,
        0
      ]
    },
    {
      "Target": "Parameter",
      "Id": "ParamOpaishakeYB",
      "Segments": [
        0,
        0,
        0,
        0.4,
        8.207,
        0,
        0.733,
        -9.841,
        0,
        1.133,
        5.207,
        0,
        1.467,
        -3.939,
        0,
        1.933,
        2.412,
        0,
        2.267,
        -2.26,
        0,
        2.433,
        0
      ]
    },
    {
      "Target": "Parameter",
      "Id": "ParamOpaishakeX2",
      "Segments": [
        0,
        0,
        0,
        0.367,
        -0.478,
        0,
        0.6,
        0.7,
        0,
        0.933,
        -0.478,
        0,
        1.367,
        0.23,
        0,
        1.733,
        -0.307,
        0,
        2.133,
        0.409,
        0,
        2.433,
        0
      ]
    },
    {
      "Target": "Parameter",
      "Id": "ParamOpaishakeX2B",
      "Segments": [
        0,
        0,
        0,
        0.467,
        -11.33,
        0,
        0.7,
        11.322,
        0,
        1.067,
        -9.337,
        0,
        1.533,
        4.84,
        0,
        1.9,
        -5.947,
        0,
        2.3,
        8.23,
        0,
        2.433,
        0
      ]
    },
    {
      "Target": "Parameter",
      "Id": "ParamOpaishakeY2",
      "Segments": [
        0,
        0,
        0,
        0.333,
        0.4,
        0,
        0.7,
        -0.5,
        0,
        1,
        0.241,
        0,
        1.333,
        -0.2,
        1,
        1.455,
        -0.2,
        1.578,
        -0.126,
        1.7,
        0.11,
        1,
        1.8,
        0.303,
        1.9,
        0.461,
        2,
        0.461,
        0,
        2.433,
        0
      ]
    },
    {
      "Target": "Parameter",
      "Id": "ParamOpaishakeY2B",
      "Segments": [
        0,
        0,
        0,
        0.467,
        8.207,
        0,
        0.8,
        -9.841,
        0,
        1.2,
        5.207,
        0,
        1.533,
        -3.932,
        0,
        2,
        2.412,
        0,
        2.333,
        -2.26,
        0,
        2.433,
        0
      ]
    },
    {
      "Target": "Parameter",
      "Id": "ParamClothes",
      "Segments": [
        0,
        0,
        0,
        0.233,
        -0.7,
        0,
        0.567,
        1,
        0,
        0.867,
        -0.919,
        0,
        1.233,
        -0.13,
        0,
        1.533,
        -0.711,
        0,
        1.933,
        0,
        0,
        2.133,
        -0.311,
        0,
        2.433,
        0
      ]
    },
    {
      "Target": "Parameter",
      "Id": "ParamClothesY",
      "Segments": [
        0,
        0,
        0,
        0.367,
        -0.695,
        0,
        0.7,
        0.622,
        0,
        1.033,
        -0.695,
        0,
        1.367,
        0.2,
        0,
        1.7,
        -0.422,
        0,
        2.033,
        0.231,
        0,
        2.233,
        -0.194,
        0,
        2.433,
        0
      ]
    },
    {
      "Target": "Parameter",
      "Id": "ParamClothes2Y",
      "Segments": [
        0,
        0,
        0,
        0.4,
        0.47,
        0,
        0.867,
        -0.489,
        0,
        1.467,
        0.28,
        0,
        1.9,
        -0.442,
        0,
        2.433,
        0
      ]
    },
    {
      "Target": "Parameter",
      "Id": "ParamClothes2",
      "Segments": [
        0,
        0,
        0,
        0.6,
        0.446,
        0,
        1.133,
        -0.398,
        0,
        1.667,
        0.259,
        0,
        2.1,
        -0.448,
        0,
        2.433,
        0
      ]
    },
    {
      "Target": "Parameter",
      "Id": "ParamPhysics2",
      "Segments": [
        0,
        0,
        0,
        0.233,
        -7.771,
        0,
        0.533,
        5.906,
        0,
        0.933,
        -7.187,
        0,
        1.333,
        5.906,
        0,
        1.633,
        -3.906,
        0,
        1.9,
        5.906,
        0,
        2.133,
        -9.531,
        0,
        2.333,
        4.375,
        0,
        2.433,
        0
      ]
    },
    {
      "Target": "Parameter",
      "Id": "ParamPhysics3",
      "Segments": [
        0,
        0,
        0,
        0.333,
        -14.313,
        0,
        0.633,
        27.613,
        0,
        0.967,
        -22.122,
        0,
        1.333,
        18.962,
        0,
        1.6,
        -14.313,
        0,
        2,
        28.766,
        0,
        2.2,
        -29.699,
        0,
        2.367,
        13,
        0,
        2.433,
        0
      ]
    },
    {
      "Target": "Parameter",
      "Id": "ParamPhysics4",
      "Segments": [
        0,
        0,
        0,
        0.433,
        -14.853,
        0,
        0.767,
        25.282,
        0,
        1.067,
        -18.646,
        0,
        1.467,
        16.75,
        0,
        1.7,
        -15.485,
        0,
        2.067,
        21.174,
        0,
        2.267,
        -23.386,
        0,
        2.433,
        0
      ]
    },
    {
      "Target": "Parameter",
      "Id": "Param13",
      "Segments": [
        0,
        0,
        0,
        0.167,
        -18,
        0,
        0.4,
        19,
        0,
        0.633,
        -10.8,
        0,
        0.9,
        8,
        0,
        1.267,
        -8,
        0,
        1.5,
        0,
        0,
        1.733,
        -5,
        0,
        1.967,
        8,
        0,
        2.2,
        -8.4,
        0,
        2.433,
        0
      ]
    },
    {
      "Target": "Parameter",
      "Id": "Param14",
      "Segments": [
        0,
        0,
        0,
        0.267,
        -16.6,
        0,
        0.5,
        16.8,
        0,
        0.733,
        -10,
        0,
        1.033,
        8.4,
        0,
        1.367,
        -8,
        0,
        1.6,
        1.2,
        0,
        1.867,
        -8,
        0,
        2.1,
        6.6,
        0,
        2.3,
        -7.6,
        0,
        2.433,
        0
      ]
    },
    {
      "Target": "Parameter",
      "Id": "ParamAngleA1",
      "Segments": [
        0,
        0,
        0,
        0.2,
        -34,
        0,
        0.4,
        15,
        0,
        0.6,
        -24.632,
        0,
        0.967,
        -7.416,
        0,
        1.3,
        -18.276,
        0,
        1.767,
        -10.595,
        0,
        2.1,
        -28.076,
        0,
        2.333,
        6.092,
        0,
        2.433,
        0
      ]
    },
    {
      "Target": "Parameter",
      "Id": "ParamAngleA2",
      "Segments": [
        0,
        0,
        0,
        0.3,
        -30.43,
        0,
        0.467,
        14.568,
        0,
        0.7,
        -12.978,
        0,
        1.133,
        14.568,
        0,
        1.433,
        -7.416,
        0,
        1.867,
        10.859,
        0,
        2.167,
        -12.978,
        0,
        2.367,
        5.827,
        0,
        2.433,
        0
      ]
    },
    {
      "Target": "Parameter",
      "Id": "ParamAngleA3",
      "Segments": [
        0,
        0,
        0,
        0.133,
        12.891,
        0,
        0.367,
        -29.188,
        0,
        0.6,
        13.135,
        0,
        0.833,
        -10.702,
        0,
        1.267,
        14.594,
        0,
        1.567,
        -5.841,
        0,
        1.967,
        10.222,
        0,
        2.233,
        -10.952,
        0,
        2.433,
        0
      ]
    },
    {
      "Target": "Parameter",
      "Id": "ParamAngleA4",
      "Segments": [
        0,
        0,
        0,
        0.233,
        12.07,
        0,
        0.467,
        -25.323,
        0,
        0.7,
        11.596,
        0,
        1,
        -9.703,
        0,
        1.433,
        12.07,
        0,
        1.7,
        -4.733,
        0,
        2.067,
        9.703,
        0,
        2.3,
        -8.52,
        0,
        2.433,
        0
      ]
    },
    {
      "Target": "Parameter",
      "Id": "ParamAngleB1",
      "Segments": [
        0,
        0,
        0,
        0.267,
        -18.276,
        0,
        0.533,
        15,
        0,
        0.733,
        -10.632,
        0,
        1.1,
        6.584,
        0,
        1.4,
        -4.276,
        0,
        1.833,
        3.405,
        0,
        2.2,
        -6.632,
        0,
        2.433,
        0
      ]
    },
    {
      "Target": "Parameter",
      "Id": "ParamAngleB2",
      "Segments": [
        0,
        0,
        0,
        0.367,
        -30.43,
        0,
        0.6,
        14.568,
        0,
        0.833,
        -12.978,
        0,
        1.233,
        14.568,
        0,
        1.533,
        -7.416,
        0,
        1.9,
        10.859,
        0,
        2.233,
        -8.978,
        0,
        2.433,
        0
      ]
    },
    {
      "Target": "Parameter",
      "Id": "ParamAngleB3",
      "Segments": [
        0,
        0,
        0,
        0.2,
        12.891,
        0,
        0.433,
        -29.188,
        0,
        0.733,
        13.135,
        0,
        0.967,
        -10.702,
        0,
        1.367,
        14.594,
        0,
        1.667,
        -5.841,
        0,
        2,
        10.222,
        0,
        2.3,
        -6.952,
        0,
        2.433,
        0
      ]
    },
    {
      "Target": "Parameter",
      "Id": "ParamAngleB4",
      "Segments": [
        0,
        0,
        0,
        0.3,
        12.07,
        0,
        0.6,
        -25.323,
        0,
        0.833,
        11.596,
        0,
        1.1,
        -9.703,
        0,
        1.533,
        12.07,
        0,
        1.8,
        -4.733,
        0,
        2.067,
        9.703,
        0,
        2.367,
        -4.52,
        0,
        2.433,
        0
      ]
    },
    {
      "Target": "Parameter",
      "Id": "ParamAngleC1",
      "Segments": [
        0,
        0,
        0,
        0.167,
        -8.442,
        0,
        0.367,
        14,
        0,
        0.6,
        -2.183,
        0,
        0.8,
        11.403,
        0,
        1.033,
        -2.547,
        0,
        1.3,
        4.852,
        0,
        1.567,
        0,
        2,
        1.833,
        0,
        0,
        2,
        -8.442,
        0,
        2.267,
        9,
        0,
        2.433,
        0
      ]
    },
    {
      "Target": "Parameter",
      "Id": "ParamAngleC2",
      "Segments": [
        0,
        0,
        0,
        0.233,
        -7.584,
        0,
        0.433,
        13.178,
        0,
        0.7,
        -6.362,
        0,
        0.9,
        6.941,
        0,
        1.167,
        -6.486,
        0,
        1.467,
        1.719,
        0,
        1.667,
        -2,
        0,
        1.9,
        0.103,
        0,
        2.1,
        -4.152,
        0,
        2.333,
        3,
        0,
        2.433,
        0
      ]
    },
    {
      "Target": "Parameter",
      "Id": "ParamAngleC3",
      "Segments": [
        0,
        0,
        0,
        0.3,
        -9.961,
        0,
        0.567,
        11.896,
        0,
        0.8,
        -2.132,
        0,
        1.033,
        10.325,
        0,
        1.233,
        -2.132,
        0,
        1.633,
        6.766,
        0,
        1.967,
        -7.518,
        0,
        2.267,
        2.631,
        0,
        2.433,
        0
      ]
    },
    {
      "Target": "Parameter",
      "Id": "ParamAngleC4",
      "Segments": [
        0,
        0,
        0,
        0.133,
        6.863,
        0,
        0.433,
        -22.873,
        0,
        0.633,
        9.637,
        0,
        0.833,
        -10.368,
        0,
        1.067,
        4.569,
        0,
        1.3,
        -2.109,
        0,
        1.8,
        6.863,
        0,
        2.067,
        -7.381,
        0,
        2.3,
        2,
        0,
        2.433,
        0
      ]
    },
    {
      "Target": "Parameter",
      "Id": "ParamAngleC5",
      "Segments": [
        0,
        0,
        0,
        0.267,
        4.04,
        0,
        0.533,
        -5.207,
        0,
        0.733,
        6,
        0,
        1,
        -2.514,
        0,
        1.267,
        4.04,
        0,
        1.533,
        -2.514,
        0,
        1.767,
        3.052,
        0,
        2,
        -1.795,
        0,
        2.167,
        1.885,
        0,
        2.367,
        -2.873,
        0,
        2.433,
        0
      ]
    },
    {
      "Target": "Parameter",
      "Id": "ParamAngleD1",
      "Segments": [
        0,
        0,
        0,
        0.2,
        -9.078,
        0,
        0.4,
        16.928,
        0,
        0.633,
        -1.825,
        0,
        0.833,
        13.918,
        0,
        1.067,
        -2.247,
        0,
        1.333,
        5.85,
        0,
        1.6,
        0.063,
        2,
        1.867,
        0.063,
        0,
        2.033,
        -5.439,
        0,
        2.3,
        5.997,
        0,
        2.433,
        0
      ]
    },
    {
      "Target": "Parameter",
      "Id": "ParamAngleD2",
      "Segments": [
        0,
        0,
        0,
        0.267,
        -8.084,
        0,
        0.467,
        15.975,
        0,
        0.733,
        -6.668,
        0,
        0.933,
        8.748,
        0,
        1.2,
        -7.673,
        0,
        1.5,
        2.113,
        0,
        1.7,
        -2.322,
        0,
        1.933,
        0.186,
        0,
        2.133,
        -2.626,
        0,
        2.367,
        2.063,
        0,
        2.433,
        0
      ]
    },
    {
      "Target": "Parameter",
      "Id": "ParamAngleD3",
      "Segments": [
        0,
        0,
        0,
        0.333,
        -10.838,
        0,
        0.6,
        14.49,
        0,
        0.833,
        -1.766,
        0,
        1.067,
        12.669,
        0,
        1.267,
        -2.48,
        0,
        1.667,
        8.133,
        0,
        2,
        -6,
        0,
        2.3,
        1.821,
        0,
        2.433,
        0
      ]
    },
    {
      "Target": "Parameter",
      "Id": "ParamAngleD4",
      "Segments": [
        0,
        0,
        0,
        0.167,
        8.658,
        0,
        0.467,
        -25.801,
        0,
        0.667,
        11.872,
        0,
        0.867,
        -11.31,
        0,
        1.1,
        5.999,
        0,
        1.333,
        -2.452,
        0,
        1.833,
        8.249,
        0,
        2.1,
        -4.744,
        0,
        2.333,
        1.407,
        0,
        2.433,
        0
      ]
    },
    {
      "Target": "Parameter",
      "Id": "ParamAngleD5",
      "Segments": [
        0,
        0,
        0,
        0.3,
        5.386,
        0,
        0.567,
        -5.329,
        0,
        0.767,
        7.657,
        0,
        1.033,
        -2.209,
        0,
        1.3,
        4.882,
        0,
        1.567,
        -2.935,
        0,
        1.8,
        3.703,
        0,
        2.033,
        -1.081,
        0,
        2.2,
        1.332,
        0,
        2.4,
        -2.873,
        0,
        2.433,
        0
      ]
    },
    {
      "Target": "Parameter",
      "Id": "ParamAngleE1",
      "Segments": [
        0,
        0,
        0,
        0.2,
        -5.308,
        0,
        0.4,
        19,
        1,
        0.444,
        19,
        0.489,
        9.497,
        0.533,
        4.656,
        1,
        0.6,
        -2.605,
        0.666,
        -3.74,
        0.733,
        -3.74,
        0,
        1.1,
        3.75,
        0,
        1.4,
        -2.766,
        0,
        1.833,
        3.405,
        0,
        2.2,
        -6.632,
        0,
        2.433,
        0
      ]
    },
    {
      "Target": "Parameter",
      "Id": "ParamAngleE2",
      "Segments": [
        0,
        0,
        0,
        0.367,
        -9.8,
        0,
        0.6,
        8.541,
        0,
        0.833,
        -7.987,
        0,
        1.233,
        8.541,
        0,
        1.533,
        -7.416,
        0,
        1.9,
        10.859,
        0,
        2.233,
        -8.978,
        0,
        2.433,
        0
      ]
    },
    {
      "Target": "Parameter",
      "Id": "ParamAngleE3",
      "Segments": [
        0,
        0,
        0,
        0.2,
        12.891,
        0,
        0.433,
        -29.188,
        0,
        0.733,
        13.135,
        0,
        0.967,
        -10.702,
        0,
        1.367,
        14.594,
        0,
        1.667,
        -5.841,
        0,
        2,
        10.222,
        0,
        2.3,
        -6.952,
        0,
        2.433,
        0
      ]
    },
    {
      "Target": "Parameter",
      "Id": "ParamAngleE4",
      "Segments": [
        0,
        0,
        0,
        0.3,
        12.07,
        0,
        0.6,
        -25.323,
        0,
        0.833,
        11.596,
        0,
        1.1,
        -9.703,
        0,
        1.533,
        12.07,
        0,
        1.8,
        -4.733,
        0,
        2.067,
        9.703,
        0,
        2.367,
        -4.52,
        0,
        2.433,
        0
      ]
    },
    {
      "Target": "Parameter",
      "Id": "ParamGangSheng1",
      "Segments": [
        0,
        0,
        0,
        0.1,
        9.514,
        0,
        0.3,
        0,
        0,
        0.433,
        9,
        0,
        0.533,
        0,
        0,
        0.6,
        12,
        0,
        0.733,
        -12.632,
        0,
        0.933,
        5.592,
        0,
        1.167,
        -1,
        1,
        1.278,
        -1,
        1.389,
        -1.192,
        1.5,
        0,
        1,
        1.622,
        1.311,
        1.745,
        9.514,
        1.867,
        9.514,
        2,
        2,
        9.514,
        0,
        2.167,
        -9.587,
        0,
        2.333,
        4.527,
        0,
        2.433,
        0
      ]
    },
    {
      "Target": "Parameter",
      "Id": "ParamGangSheng2",
      "Segments": [
        0,
        0,
        0,
        0.133,
        6.657,
        0,
        0.333,
        -5.06,
        0,
        0.467,
        3.462,
        0,
        0.567,
        -5.06,
        0,
        0.667,
        6.924,
        0,
        0.833,
        -8.921,
        0,
        1.067,
        5.592,
        0,
        1.267,
        0,
        0,
        1.633,
        1,
        1,
        1.711,
        1,
        1.789,
        0.412,
        1.867,
        -3.223,
        1,
        1.9,
        -4.781,
        1.934,
        -19,
        1.967,
        -19,
        1,
        2.034,
        -19,
        2.1,
        -14.561,
        2.167,
        -7.057,
        1,
        2.234,
        0.447,
        2.3,
        3.595,
        2.367,
        3.595,
        0,
        2.433,
        0
      ]
    },
    {
      "Target": "Parameter",
      "Id": "ParamGangSheng3",
      "Segments": [
        0,
        0,
        0,
        0.067,
        -7,
        0,
        0.2,
        5.489,
        0,
        0.4,
        -4.338,
        0,
        0.5,
        2.567,
        0,
        0.6,
        -4.426,
        0,
        0.733,
        5.4,
        0,
        0.9,
        -6.728,
        0,
        1.133,
        5.754,
        0,
        1.4,
        2.567,
        0,
        1.733,
        5.489,
        0,
        1.867,
        -2.125,
        0,
        2.033,
        5.754,
        0,
        2.2,
        -5.577,
        0,
        2.367,
        2.125,
        0,
        2.433,
        0
      ]
    },
    {
      "Target": "Parameter",
      "Id": "ParamGangSheng4",
      "Segments": [
        0,
        0,
        0,
        0.133,
        -8.222,
        0,
        0.3,
        3.324,
        0,
        0.467,
        -4.608,
        0,
        0.567,
        2.115,
        0,
        0.667,
        -2,
        0,
        0.833,
        3.324,
        0,
        1.033,
        1.36,
        0,
        1.233,
        3.324,
        0,
        1.533,
        -4.608,
        0,
        1.8,
        1.36,
        0,
        1.967,
        -4.608,
        0,
        2.1,
        4.306,
        0,
        2.267,
        -4.759,
        0,
        2.433,
        0
      ]
    },
    {
      "Target": "Parameter",
      "Id": "ParamGangSheng5",
      "Segments": [
        0,
        0,
        0,
        0.2,
        -6.772,
        0,
        0.367,
        3.047,
        0,
        0.5,
        -4.334,
        1,
        0.522,
        -4.334,
        0.545,
        0.386,
        0.567,
        1,
        1,
        0.589,
        1.614,
        0.611,
        1.558,
        0.633,
        1.558,
        0,
        0.767,
        -4.402,
        1,
        0.789,
        -4.402,
        0.811,
        -4.01,
        0.833,
        -2,
        1,
        0.866,
        1.015,
        0.9,
        3.521,
        0.933,
        3.521,
        0,
        1.133,
        -3.115,
        0,
        1.367,
        1.354,
        0,
        1.633,
        -4.334,
        0,
        1.867,
        1.422,
        0,
        2.033,
        -3.86,
        0,
        2.167,
        -3,
        0,
        2.333,
        -5,
        0,
        2.433,
        0
      ]
    },
    {
      "Target": "Parameter",
      "Id": "ParamGangSheng6",
      "Segments": [
        0,
        0,
        0,
        0.267,
        -6.176,
        0,
        0.4,
        2.337,
        0,
        0.533,
        -4.061,
        0,
        0.667,
        1.613,
        0,
        0.833,
        -4.228,
        0,
        1,
        3.394,
        0,
        1.233,
        -2.615,
        0,
        1.5,
        1.613,
        0,
        1.733,
        -4.006,
        0,
        1.967,
        1.28,
        0,
        2.1,
        -2.337,
        0,
        2.233,
        1.613,
        0,
        2.4,
        -2.114,
        0,
        2.433,
        0
      ]
    },
    {
      "Target": "Parameter",
      "Id": "ParamJXSheng2",
      "Segments": [
        0,
        0,
        0,
        0.2,
        -30,
        0,
        0.4,
        30,
        0,
        0.533,
        -19.459,
        0,
        0.7,
        25.622,
        0,
        0.933,
        -13.622,
        0,
        1.133,
        8.432,
        0,
        1.5,
        -6,
        1,
        1.611,
        -6,
        1.722,
        -5.055,
        1.833,
        0,
        1,
        1.878,
        2.022,
        1.922,
        16.541,
        1.967,
        16.541,
        0,
        2.2,
        -19.459,
        0,
        2.367,
        9.081,
        0,
        2.433,
        0
      ]
    },
    {
      "Target": "Parameter",
      "Id": "ParamJXSheng1",
      "Segments": [
        0,
        0,
        0,
        0.267,
        -24.324,
        0,
        0.467,
        24.324,
        0,
        0.6,
        -17.514,
        0,
        0.767,
        22.054,
        0,
        1.033,
        -12.973,
        0,
        1.3,
        9.081,
        0,
        1.667,
        -6.811,
        0,
        2.033,
        16.541,
        0,
        2.267,
        -16.541,
        0,
        2.433,
        0
      ]
    },
    {
      "Target": "Model",
      "Id": "Opacity",
      "Segments": [
        0,
        1,
        0,
        2.433,
        1
      ]
    },
    {
      "Target": "Parameter",
      "Id": "ParamParamBrowLY",
      "Segments": [
        0,
        0,
        0,
        2.433,
        0
      ]
    },
    {
      "Target": "Parameter",
      "Id": "ParamBrowLAngle",
      "Segments": [
        0,
        0,
        0,
        2.433,
        0
      ]
    },
    {
      "Target": "Parameter",
      "Id": "ParamParamBrowRY",
      "Segments": [
        0,
        0,
        0,
        2.433,
        0
      ]
    },
    {
      "Target": "Parameter",
      "Id": "ParamBrowRAngle",
      "Segments": [
        0,
        0,
        0,
        2.433,
        0
      ]
    },
    {
      "Target": "Parameter",
      "Id": "ParamCheek2",
      "Segments": [
        0,
        0,
        0,
        2.433,
        0
      ]
    },
    {
      "Target": "Parameter",
      "Id": "ParamCheek3",
      "Segments": [
        0,
        0,
        0,
        2.433,
        0
      ]
    },
    {
      "Target": "Parameter",
      "Id": "ParamCheek4",
      "Segments": [
        0,
        0,
        0,
        2.433,
        0
      ]
    },
    {
      "Target": "Parameter",
      "Id": "ParamCheek",
      "Segments": [
        0,
        0,
        0,
        2.433,
        0
      ]
    },
    {
      "Target": "Parameter",
      "Id": "ParamCheek5",
      "Segments": [
        0,
        0,
        0,
        2.433,
        0
      ]
    },
    {
      "Target": "Parameter",
      "Id": "ParamCheek6",
      "Segments": [
        0,
        0,
        0,
        2.433,
        0
      ]
    },
    {
      "Target": "Parameter",
      "Id": "ParamHeadX",
      "Segments": [
        0,
        0,
        0,
        2.433,
        0
      ]
    },
    {
      "Target": "Parameter",
      "Id": "ParamHeadY",
      "Segments": [
        0,
        0,
        0,
        2.433,
        0
      ]
    },
    {
      "Target": "Parameter",
      "Id": "ParamBodyAngleX",
      "Segments": [
        0,
        0,
        0,
        2.433,
        0
      ]
    },
    {
      "Target": "Parameter",
      "Id": "ParamLHandWater",
      "Segments": [
        0,
        0,
        0,
        2.433,
        0
      ]
    },
    {
      "Target": "Parameter",
      "Id": "Param16",
      "Segments": [
        0,
        0,
        0,
        2.433,
        0
      ]
    },
    {
      "Target": "Parameter",
      "Id": "ParamLHandWater1",
      "Segments": [
        0,
        0,
        0,
        2.433,
        0
      ]
    },
    {
      "Target": "Parameter",
      "Id": "ParamLHandWater2",
      "Segments": [
        0,
        0,
        0,
        2.433,
        0
      ]
    },
    {
      "Target": "Parameter",
      "Id": "ParamRArmDA",
      "Segments": [
        0,
        0,
        0,
        2.433,
        0
      ]
    },
    {
      "Target": "Parameter",
      "Id": "ParamRArmDB",
      "Segments": [
        0,
        0,
        0,
        2.433,
        0
      ]
    },
    {
      "Target": "Parameter",
      "Id": "ParamArmR1Y",
      "Segments": [
        0,
        0,
        0,
        2.433,
        0
      ]
    },
    {
      "Target": "Parameter",
      "Id": "ParamRHandZ2",
      "Segments": [
        0,
        0,
        0,
        2.433,
        0
      ]
    },
    {
      "Target": "Parameter",
      "Id": "ParamHQiangY",
      "Segments": [
        0,
        0,
        0,
        2.433,
        0
      ]
    },
    {
      "Target": "Parameter",
      "Id": "ParamJXWei",
      "Segments": [
        0,
        0,
        0,
        2.433,
        0
      ]
    },
    {
      "Target": "Parameter",
      "Id": "ParamWhite1",
      "Segments": [
        0,
        0,
        0,
        2.433,
        0
      ]
    },
    {
      "Target": "Parameter",
      "Id": "ParamBlack0",
      "Segments": [
        0,
        1,
        0,
        2.433,
        1
      ]
    },
    {
      "Target": "Parameter",
      "Id": "ParamBlack1",
      "Segments": [
        0,
        0,
        0,
        2.433,
        0
      ]
    },
    {
      "Target": "Parameter",
      "Id": "ParamBlack2",
      "Segments": [
        0,
        0,
        0,
        2.433,
        0
      ]
    },
    {
      "Target": "Parameter",
      "Id": "ParamZTX",
      "Segments": [
        0,
        0,
        0,
        2.433,
        0
      ]
    },
    {
      "Target": "Parameter",
      "Id": "ParamZTY",
      "Segments": [
        0,
        0,
        0,
        2.433,
        0
      ]
    },
    {
      "Target": "Parameter",
      "Id": "ParamZTZ",
      "Segments": [
        0,
        0,
        0,
        2.433,
        0
      ]
    },
    {
      "Target": "Parameter",
      "Id": "ParamZTO",
      "Segments": [
        0,
        0,
        0,
        2.433,
        0
      ]
    },
    {
      "Target": "Parameter",
      "Id": "ParamPhysics1",
      "Segments": [
        0,
        0,
        0,
        2.433,
        0
      ]
    },
    {
      "Target": "Parameter",
      "Id": "Param11",
      "Segments": [
        0,
        0,
        0,
        2.433,
        0
      ]
    },
    {
      "Target": "Parameter",
      "Id": "Param12",
      "Segments": [
        0,
        0,
        0,
        2.433,
        0
      ]
    },
    {
      "Target": "Parameter",
      "Id": "Param5",
      "Segments": [
        0,
        0,
        0,
        2.433,
        0
      ]
    },
    {
      "Target": "Parameter",
      "Id": "Param6",
      "Segments": [
        0,
        0,
        0,
        2.433,
        0
      ]
    }
  ],
  "UserData": [
    {
      "Time": 0.0,
      "Value": ""
    },
    {
      "Time": 0.53,
      "Value": "characterVoice_146_1"
    }
  ]
}