{
  "Version": 3,
  "Meta": {
    "Duration": 2.2,
    "Fps": 30.0,
    "Loop": true,
    "AreBeziersRestricted": true,
    "CurveCount": 135,
    "TotalSegmentCount": 648,
    "TotalPointCount": 852,
    "UserDataCount": 2,
    "TotalUserDataSize": 18
  },
  "Curves": [
    {
      "Target": "Parameter",
      "Id": "ParamAngleY",
      "Segments": [
        0,
        0,
        2,
        0.433,
        0,
        0,
        0.533,
        1.323,
        0,
        0.767,
        -12.007,
        1,
        0.811,
        -12.007,
        0.856,
        -10.224,
        0.9,
        -9.853,
        1,
        0.989,
        -9.111,
        1.078,
        -9.029,
        1.167,
        -9.029,
        2,
        2.2,
        -9.029
      ]
    },
    {
      "Target": "Parameter",
      "Id": "ParamAngleZ",
      "Segments": [
        0,
        0,
        1,
        0.056,
        0,
        0.111,
        -0.249,
        0.167,
        -0.943,
        1,
        0.234,
        -1.776,
        0.3,
        -2.382,
        0.367,
        -3.681,
        1,
        0.411,
        -4.547,
        0.456,
        -8.777,
        0.5,
        -8.777,
        0,
        0.8,
        10,
        0,
        1,
        9.226,
        0,
        1.233,
        10,
        2,
        2.2,
        10
      ]
    },
    {
      "Target": "Parameter",
      "Id": "ParamHeadX",
      "Segments": [
        0,
        0,
        0,
        0.8,
        30,
        2,
        2.2,
        30
      ]
    },
    {
      "Target": "Parameter",
      "Id": "ParamHeadY",
      "Segments": [
        0,
        0,
        0,
        0.8,
        -8,
        2,
        2.2,
        -8
      ]
    },
    {
      "Target": "Parameter",
      "Id": "ParamBodyAngleX",
      "Segments": [
        0,
        0,
        2,
        0.3,
        0,
        1,
        0.344,
        0,
        0.389,
        -0.23,
        0.433,
        -1.233,
        1,
        0.478,
        -2.236,
        0.522,
        -3.192,
        0.567,
        -3.192,
        0,
        0.733,
        10,
        2,
        0.8,
        10,
        2,
        2.2,
        10
      ]
    },
    {
      "Target": "Parameter",
      "Id": "ParamBodyAngleY",
      "Segments": [
        0,
        0,
        2,
        0.233,
        0,
        1,
        0.278,
        0,
        0.322,
        -0.027,
        0.367,
        -0.851,
        1,
        0.411,
        -1.675,
        0.456,
        -4.013,
        0.5,
        -5.767,
        1,
        0.544,
        -7.521,
        0.589,
        -8.603,
        0.633,
        -8.603,
        0,
        0.767,
        -7.185,
        0,
        1,
        -7.474,
        0,
        1.267,
        -7.185,
        2,
        2.2,
        -7.185
      ]
    },
    {
      "Target": "Parameter",
      "Id": "ParamBodyAngleZ",
      "Segments": [
        0,
        0,
        2,
        0.2,
        0,
        0,
        0.333,
        -0.78,
        0,
        0.8,
        5,
        2,
        2.2,
        5
      ]
    },
    {
      "Target": "Parameter",
      "Id": "ParamRjian",
      "Segments": [
        0,
        0,
        2,
        0.1,
        0,
        0,
        0.2,
        -6.662,
        1,
        0.244,
        -6.662,
        0.289,
        -6.975,
        0.333,
        0,
        1,
        0.4,
        10.463,
        0.466,
        27,
        0.533,
        27,
        0,
        0.733,
        17,
        2,
        2.2,
        17
      ]
    },
    {
      "Target": "Parameter",
      "Id": "ParamRArmDA",
      "Segments": [
        0,
        0,
        2,
        0.267,
        0,
        1,
        0.322,
        0,
        0.378,
        0.057,
        0.433,
        0.198,
        1,
        0.455,
        0.254,
        0.478,
        0.319,
        0.5,
        0.4,
        1,
        0.511,
        0.44,
        0.522,
        0.568,
        0.533,
        0.603,
        1,
        0.566,
        0.708,
        0.6,
        0.804,
        0.633,
        0.875,
        1,
        0.678,
        0.97,
        0.722,
        0.997,
        0.767,
        0.997,
        2,
        2.2,
        0.997
      ]
    },
    {
      "Target": "Parameter",
      "Id": "ParamArmX",
      "Segments": [
        0,
        0,
        2,
        0.267,
        0,
        1,
        0.311,
        0,
        0.356,
        0.158,
        0.4,
        2.456,
        1,
        0.478,
        6.477,
        0.555,
        16.808,
        0.633,
        18.664,
        1,
        0.689,
        19.989,
        0.744,
        19.787,
        0.8,
        19.787,
        2,
        2.2,
        19.787
      ]
    },
    {
      "Target": "Parameter",
      "Id": "ParamArmRY",
      "Segments": [
        0,
        0,
        2,
        0.3,
        0,
        0,
        0.4,
        -11.489,
        1,
        0.444,
        -11.489,
        0.489,
        -9.18,
        0.533,
        -2.128,
        1,
        0.555,
        1.398,
        0.578,
        8.781,
        0.6,
        12.37,
        1,
        0.656,
        21.342,
        0.711,
        24.61,
        0.767,
        24.61,
        2,
        2.2,
        24.61
      ]
    },
    {
      "Target": "Parameter",
      "Id": "ParamArmR",
      "Segments": [
        0,
        0,
        1,
        0.056,
        0,
        0.111,
        0.639,
        0.167,
        1.05,
        1,
        0.211,
        1.379,
        0.256,
        1.307,
        0.3,
        1.706,
        1,
        0.344,
        2.105,
        0.389,
        12.34,
        0.433,
        12.34,
        0,
        0.567,
        0,
        0,
        0.8,
        8,
        2,
        2.2,
        8
      ]
    },
    {
      "Target": "Parameter",
      "Id": "ParamArmR1Z",
      "Segments": [
        0,
        0,
        2,
        0.367,
        0,
        1,
        0.411,
        0,
        0.456,
        0.852,
        0.5,
        3.677,
        1,
        0.511,
        4.383,
        0.522,
        9.423,
        0.533,
        11.064,
        1,
        0.622,
        24.194,
        0.711,
        30,
        0.8,
        30,
        2,
        2.2,
        30
      ]
    },
    {
      "Target": "Parameter",
      "Id": "ParamArmR1Y",
      "Segments": [
        0,
        0,
        2,
        0.367,
        0,
        1,
        0.411,
        0,
        0.456,
        -2.511,
        0.5,
        -5,
        1,
        0.511,
        -5.622,
        0.522,
        -4.834,
        0.533,
        -6,
        1,
        0.622,
        -15.325,
        0.711,
        -30,
        0.8,
        -30,
        2,
        2.2,
        -30
      ]
    },
    {
      "Target": "Parameter",
      "Id": "ParamRHand",
      "Segments": [
        0,
        0,
        0,
        0.1,
        -2.28,
        0,
        0.3,
        6.315,
        1,
        0.356,
        6.315,
        0.411,
        5.262,
        0.467,
        0,
        1,
        0.511,
        -4.21,
        0.556,
        -9.551,
        0.6,
        -9.551,
        0,
        0.7,
        -3.938,
        1,
        0.722,
        -3.938,
        0.745,
        -4.816,
        0.767,
        -5.16,
        1,
        0.9,
        -7.223,
        1.034,
        -8,
        1.167,
        -8,
        2,
        2.2,
        -8
      ]
    },
    {
      "Target": "Parameter",
      "Id": "ParamRHandZ2",
      "Segments": [
        0,
        0,
        2,
        0.267,
        0,
        0,
        0.867,
        -9.77,
        0,
        1.333,
        19,
        2,
        2.2,
        19
      ]
    },
    {
      "Target": "Parameter",
      "Id": "ParamHQiangX",
      "Segments": [
        0,
        0,
        0,
        0.2,
        23.097,
        0,
        0.467,
        -23.984,
        2,
        0.833,
        -23.984,
        0,
        1.2,
        -12,
        2,
        1.533,
        -12,
        2,
        2.2,
        -12
      ]
    },
    {
      "Target": "Parameter",
      "Id": "ParamHQiang",
      "Segments": [
        0,
        0,
        0,
        0.233,
        -23,
        0,
        0.5,
        15,
        0,
        0.9,
        -23,
        2,
        1.2,
        -23,
        0,
        1.533,
        -10,
        2,
        2.2,
        -10
      ]
    },
    {
      "Target": "Parameter",
      "Id": "ParamJXWei1",
      "Segments": [
        0,
        0,
        1,
        0.033,
        -4,
        0.067,
        -8,
        0.1,
        -12,
        2,
        0.367,
        -12,
        1,
        0.422,
        -1.675,
        0.478,
        8.649,
        0.533,
        18.974,
        2,
        1.567,
        18.974,
        2,
        2.2,
        18.974
      ]
    },
    {
      "Target": "Parameter",
      "Id": "ParamJXWei2",
      "Segments": [
        0,
        0,
        1,
        0.089,
        -4.333,
        0.178,
        -8.667,
        0.267,
        -13,
        2,
        0.467,
        -13,
        1,
        0.522,
        -1,
        0.578,
        11,
        0.633,
        23,
        2,
        1.633,
        23,
        2,
        2.2,
        23
      ]
    },
    {
      "Target": "Parameter",
      "Id": "ParamJXWei3",
      "Segments": [
        0,
        0,
        1,
        0.111,
        -10,
        0.222,
        -20,
        0.333,
        -30,
        2,
        0.6,
        -30,
        1,
        0.667,
        -24.667,
        0.733,
        -19.333,
        0.8,
        -14,
        2,
        1.7,
        -14,
        2,
        2.2,
        -14
      ]
    },
    {
      "Target": "Parameter",
      "Id": "ParamJXWei4",
      "Segments": [
        0,
        0,
        1,
        0.033,
        10,
        0.067,
        20,
        0.1,
        30,
        2,
        0.3,
        30,
        1,
        0.344,
        10,
        0.389,
        -10,
        0.433,
        -30,
        2,
        0.6,
        -30,
        1,
        0.667,
        -22.333,
        0.733,
        -14.667,
        0.8,
        -7,
        2,
        1.7,
        -7,
        2,
        2.2,
        -7
      ]
    },
    {
      "Target": "Parameter",
      "Id": "ParamJXWei5",
      "Segments": [
        0,
        0,
        1,
        0.067,
        9.161,
        0.133,
        18.321,
        0.2,
        27.482,
        2,
        0.367,
        27.482,
        1,
        0.434,
        8.321,
        0.5,
        -10.839,
        0.567,
        -30,
        2,
        0.667,
        -30,
        1,
        0.745,
        -22.055,
        0.822,
        -14.11,
        0.9,
        -6.165,
        2,
        2.2,
        -6.165
      ]
    },
    {
      "Target": "Parameter",
      "Id": "ParamJXWei6",
      "Segments": [
        0,
        0,
        0,
        0.2,
        -7.168,
        0,
        0.5,
        27,
        0,
        0.9,
        15,
        2,
        1.7,
        15,
        2,
        2.2,
        15
      ]
    },
    {
      "Target": "Parameter",
      "Id": "ParamJXWei7",
      "Segments": [
        0,
        0,
        0,
        0.3,
        -8.665,
        0,
        0.6,
        21.527,
        0,
        0.9,
        8.36,
        2,
        1.7,
        8.36,
        2,
        2.2,
        8.36
      ]
    },
    {
      "Target": "Parameter",
      "Id": "ParamZTX",
      "Segments": [
        0,
        0,
        2,
        0.2,
        0,
        1,
        0.233,
        0,
        0.267,
        -0.005,
        0.3,
        -0.065,
        1,
        0.333,
        -0.125,
        0.367,
        -0.304,
        0.4,
        -0.359,
        1,
        0.433,
        -0.414,
        0.467,
        -0.416,
        0.5,
        -0.416,
        1,
        0.611,
        -0.416,
        0.722,
        0.197,
        0.833,
        0.66,
        1,
        0.866,
        0.799,
        0.9,
        0.756,
        0.933,
        0.756,
        2,
        2.2,
        0.756
      ]
    },
    {
      "Target": "Parameter",
      "Id": "ParamZTY",
      "Segments": [
        0,
        0,
        2,
        0.333,
        0,
        1,
        0.422,
        0,
        0.511,
        -4.042,
        0.6,
        -7.127,
        1,
        0.667,
        -9.44,
        0.733,
        -9.575,
        0.8,
        -9.575,
        2,
        2.2,
        -9.575
      ]
    },
    {
      "Target": "Parameter",
      "Id": "ParamZTZ",
      "Segments": [
        0,
        0,
        2,
        0.167,
        0,
        0,
        0.3,
        -0.398,
        1,
        0.422,
        -0.398,
        0.545,
        5.907,
        0.667,
        8.098,
        1,
        0.745,
        9.492,
        0.822,
        9.23,
        0.9,
        9.23,
        2,
        2.2,
        9.23
      ]
    },
    {
      "Target": "Parameter",
      "Id": "ParamZTO",
      "Segments": [
        0,
        0,
        2,
        0.267,
        0,
        0,
        0.7,
        9.5,
        2,
        2.2,
        9.5
      ]
    },
    {
      "Target": "Parameter",
      "Id": "ParamBJtoushi",
      "Segments": [
        0,
        0,
        2,
        0.167,
        0,
        0,
        0.367,
        -5.349,
        1,
        0.467,
        -5.349,
        0.567,
        15.741,
        0.667,
        24.037,
        1,
        0.745,
        30,
        0.822,
        30,
        0.9,
        30,
        2,
        2.2,
        30
      ]
    },
    {
      "Target": "Parameter",
      "Id": "ParamOpaishakeX",
      "Segments": [
        0,
        0,
        0,
        0.2,
        -0.051,
        0,
        0.433,
        0.285,
        0,
        0.633,
        -1,
        1,
        0.666,
        -1,
        0.7,
        -1,
        0.733,
        -0.793,
        1,
        0.766,
        -0.577,
        0.8,
        0.453,
        0.833,
        0.764,
        1,
        0.855,
        0.971,
        0.878,
        0.96,
        0.9,
        0.96,
        0,
        1.133,
        -0.314,
        0,
        1.333,
        0.151,
        0,
        1.567,
        -0.051,
        0,
        1.8,
        0.071,
        0,
        2.2,
        0
      ]
    },
    {
      "Target": "Parameter",
      "Id": "ParamOpaishakeXB",
      "Segments": [
        0,
        0,
        0,
        0.267,
        -1.518,
        0,
        0.5,
        8.553,
        0,
        0.7,
        -30,
        1,
        0.733,
        -30,
        0.767,
        -30,
        0.8,
        -23.781,
        1,
        0.833,
        -17.409,
        0.867,
        13.645,
        0.9,
        22.908,
        1,
        0.922,
        29.083,
        0.945,
        28.8,
        0.967,
        28.8,
        0,
        1.2,
        -9.408,
        0,
        1.4,
        4.533,
        0,
        1.633,
        -1.518,
        0,
        1.833,
        2.139,
        0,
        2.2,
        0
      ]
    },
    {
      "Target": "Parameter",
      "Id": "ParamOpaishakeY",
      "Segments": [
        0,
        0.3,
        0,
        0.2,
        0.074,
        0,
        0.467,
        0.9,
        0,
        0.667,
        -0.027,
        0,
        0.933,
        0.382,
        0,
        1.167,
        -0.81,
        0,
        1.433,
        0.275,
        0,
        1.667,
        -0.195,
        0,
        1.933,
        -0.085,
        0,
        2.2,
        -0.159
      ]
    },
    {
      "Target": "Parameter",
      "Id": "ParamOpaishakeYB",
      "Segments": [
        0,
        0,
        1,
        0.033,
        0,
        0.067,
        -0.874,
        0.1,
        2.232,
        1,
        0.189,
        10.514,
        0.278,
        27,
        0.367,
        27,
        0,
        0.567,
        -0.804,
        0,
        0.867,
        11.46,
        0,
        1.067,
        -24.288,
        0,
        1.333,
        8.25,
        0,
        1.567,
        -5.853,
        0,
        1.8,
        -2.562,
        0,
        2.2,
        -4.77
      ]
    },
    {
      "Target": "Parameter",
      "Id": "ParamOpaishakeX2",
      "Segments": [
        0,
        0,
        0,
        0.2,
        0.049,
        0,
        0.433,
        -0.117,
        0,
        0.633,
        0.732,
        0,
        0.833,
        -0.883,
        0,
        1,
        0.975,
        0,
        1.2,
        -0.535,
        0,
        1.433,
        0.257,
        0,
        1.667,
        -0.117,
        0,
        1.9,
        0.049,
        0,
        2.2,
        -0.007
      ]
    },
    {
      "Target": "Parameter",
      "Id": "ParamOpaishakeY2",
      "Segments": [
        0,
        0.3,
        0,
        0.267,
        0.074,
        0,
        0.533,
        0.9,
        0,
        0.733,
        -0.027,
        0,
        1,
        0.382,
        0,
        1.2,
        -0.81,
        0,
        1.5,
        0.275,
        0,
        1.733,
        -0.195,
        0,
        2.033,
        -0.085,
        0,
        2.2,
        -0.159
      ]
    },
    {
      "Target": "Parameter",
      "Id": "ParamOpaishakeY2B",
      "Segments": [
        0,
        0,
        1,
        0.056,
        0,
        0.111,
        -0.59,
        0.167,
        2.232,
        1,
        0.256,
        6.748,
        0.344,
        27,
        0.433,
        27,
        0,
        0.633,
        -0.804,
        0,
        0.9,
        11.46,
        0,
        1.133,
        -24.288,
        0,
        1.4,
        8.25,
        0,
        1.633,
        -5.853,
        0,
        1.9,
        -2.562,
        0,
        2.2,
        -4.77
      ]
    },
    {
      "Target": "Parameter",
      "Id": "ParamClothes",
      "Segments": [
        0,
        -0.262,
        2,
        0.233,
        -0.262,
        0,
        0.5,
        0.277,
        0,
        0.833,
        -0.611,
        0,
        1.033,
        -0.161,
        0,
        1.233,
        -0.281,
        0,
        1.5,
        -0.257,
        0,
        1.8,
        -0.276,
        0,
        2.033,
        -0.249,
        0,
        2.2,
        -0.262
      ]
    },
    {
      "Target": "Parameter",
      "Id": "ParamClothesY",
      "Segments": [
        0,
        0,
        2,
        0.2,
        0,
        0,
        0.467,
        0.193,
        0,
        0.633,
        -1,
        2,
        0.733,
        -1,
        0,
        0.9,
        0.891,
        0,
        1.1,
        -0.296,
        0,
        1.333,
        0.101,
        0,
        1.567,
        -0.034,
        0,
        1.8,
        0.012,
        0,
        2.1,
        -0.004,
        2,
        2.2,
        -0.004
      ]
    },
    {
      "Target": "Parameter",
      "Id": "ParamClothes2Y",
      "Segments": [
        0,
        0,
        2,
        0.367,
        0,
        0,
        0.6,
        -0.059,
        0,
        0.9,
        0.276,
        0,
        1.2,
        0.139,
        0,
        1.533,
        0.187,
        0,
        1.833,
        0.17,
        0,
        2.2,
        0.174
      ]
    },
    {
      "Target": "Parameter",
      "Id": "ParamClothes2",
      "Segments": [
        0,
        0,
        2,
        0.367,
        0,
        0,
        0.567,
        0.042,
        0,
        0.8,
        -0.194,
        0,
        1.1,
        0.11,
        0,
        1.4,
        -0.046,
        0,
        1.733,
        0.018,
        0,
        2.1,
        -0.006,
        2,
        2.2,
        -0.006
      ]
    },
    {
      "Target": "Parameter",
      "Id": "ParamPhysics1",
      "Segments": [
        0,
        -7.854,
        2,
        0.3,
        -7.854,
        0,
        0.5,
        -4.393,
        0,
        0.7,
        -25.307,
        0,
        1,
        -2.382,
        0,
        1.333,
        -9.214,
        0,
        1.667,
        -7.519,
        0,
        2.1,
        -7.936,
        0,
        2.2,
        -7.934
      ]
    },
    {
      "Target": "Parameter",
      "Id": "ParamPhysics2",
      "Segments": [
        0,
        -0.003,
        0,
        0.067,
        -0.004,
        0,
        0.3,
        0,
        0,
        0.5,
        -2.162,
        0,
        0.7,
        13.527,
        0,
        0.9,
        -12.227,
        0,
        1.167,
        8.704,
        0,
        1.5,
        -4.527,
        0,
        1.8,
        1.998,
        0,
        2.2,
        -0.563
      ]
    },
    {
      "Target": "Parameter",
      "Id": "ParamPhysics3",
      "Segments": [
        0,
        0.002,
        0,
        0.133,
        -0.029,
        2,
        0.167,
        -0.029,
        0,
        0.3,
        -0.011,
        0,
        0.567,
        -1.281,
        0,
        0.767,
        8.783,
        0,
        1,
        -13.683,
        0,
        1.3,
        12.998,
        0,
        1.6,
        -8.911,
        0,
        1.933,
        5.023,
        0,
        2.2,
        1.76
      ]
    },
    {
      "Target": "Parameter",
      "Id": "ParamPhysics4",
      "Segments": [
        0,
        0.096,
        0,
        0.2,
        -0.11,
        0,
        0.4,
        -0.026,
        0,
        0.633,
        -0.862,
        0,
        0.867,
        6.875,
        0,
        1.133,
        -14.642,
        0,
        1.4,
        17.154,
        0,
        1.7,
        -14.16,
        0,
        2.1,
        9.391,
        0,
        2.2,
        8.975
      ]
    },
    {
      "Target": "Parameter",
      "Id": "Param13",
      "Segments": [
        0,
        0.011,
        0,
        0.233,
        6.886,
        1,
        0.278,
        6.886,
        0.322,
        4.889,
        0.367,
        0.841,
        1,
        0.422,
        -4.218,
        0.478,
        -6.775,
        0.533,
        -6.775,
        1,
        0.611,
        -6.775,
        0.689,
        3.015,
        0.767,
        11.388,
        1,
        0.822,
        17.369,
        0.878,
        17.817,
        0.933,
        17.817,
        0,
        1.267,
        0.841,
        0,
        1.633,
        11.388,
        0,
        2.2,
        0
      ]
    },
    {
      "Target": "Parameter",
      "Id": "Param14",
      "Segments": [
        0,
        0.147,
        0,
        0.233,
        -7.491,
        0,
        0.467,
        8.229,
        0,
        0.667,
        -11.196,
        0,
        0.933,
        12.241,
        0,
        1.167,
        -3.343,
        0,
        1.467,
        12.241,
        0,
        1.8,
        -7.491,
        0,
        2.2,
        0
      ]
    },
    {
      "Target": "Parameter",
      "Id": "ParamAngleA1",
      "Segments": [
        0,
        -0.001,
        0,
        0.333,
        -0.038,
        2,
        0.367,
        -0.038,
        0,
        0.4,
        -0.03,
        0,
        0.567,
        -5.696,
        0,
        0.833,
        21.176,
        0,
        0.967,
        15.919,
        0,
        1.167,
        27.748,
        0,
        1.367,
        17.817,
        0,
        1.6,
        27.748,
        0,
        2.2,
        22.73
      ]
    },
    {
      "Target": "Parameter",
      "Id": "ParamAngleA2",
      "Segments": [
        0,
        0.012,
        0,
        0.2,
        -0.019,
        0,
        0.467,
        2.084,
        0,
        0.667,
        -13.726,
        0,
        0.867,
        15.391,
        0,
        1.067,
        -7.523,
        0,
        1.333,
        15.391,
        0,
        1.633,
        -9.39,
        0,
        2,
        4.864,
        0,
        2.2,
        2.717
      ]
    },
    {
      "Target": "Parameter",
      "Id": "ParamAngleA3",
      "Segments": [
        0,
        0.271,
        0,
        0.3,
        -0.118,
        0,
        0.533,
        0.977,
        0,
        0.733,
        -9.225,
        0,
        0.933,
        19.489,
        0,
        1.2,
        -25.488,
        0,
        1.5,
        13.864,
        0,
        1.8,
        -4.416,
        0,
        2.2,
        4.743
      ]
    },
    {
      "Target": "Parameter",
      "Id": "ParamAngleA4",
      "Segments": [
        0,
        -0.302,
        0,
        0.167,
        2.19,
        0,
        0.5,
        -0.763,
        0,
        0.6,
        -0.188,
        0,
        0.833,
        -6.213,
        0,
        1.067,
        18.572,
        0,
        1.3,
        -31.21,
        0,
        1.633,
        15.559,
        1,
        1.733,
        15.559,
        1.833,
        0.1,
        1.933,
        -6.213,
        1,
        2.022,
        -11.825,
        2.111,
        -11.706,
        2.2,
        -11.706
      ]
    },
    {
      "Target": "Parameter",
      "Id": "ParamAngleB1",
      "Segments": [
        0,
        0.017,
        0,
        0.333,
        -0.161,
        0,
        0.5,
        1.261,
        0,
        0.667,
        -10.163,
        1,
        0.745,
        -10.163,
        0.822,
        4.476,
        0.9,
        17.082,
        1,
        0.956,
        26.086,
        1.011,
        26.726,
        1.067,
        26.726,
        1,
        1.111,
        26.726,
        1.156,
        24.394,
        1.2,
        24,
        1,
        1.278,
        23.31,
        1.355,
        23.367,
        1.433,
        22.538,
        1,
        1.511,
        21.709,
        1.589,
        17.082,
        1.667,
        17.082,
        0,
        2.2,
        22.538
      ]
    },
    {
      "Target": "Parameter",
      "Id": "ParamAngleB2",
      "Segments": [
        0,
        0.221,
        0,
        0.367,
        -2.557,
        0,
        0.633,
        7.385,
        0,
        0.8,
        -16.794,
        0,
        1.067,
        18.361,
        0,
        1.3,
        -5.015,
        0,
        1.6,
        18.361,
        0,
        1.833,
        2.721,
        0,
        2.2,
        13.71
      ]
    },
    {
      "Target": "Parameter",
      "Id": "ParamAngleB3",
      "Segments": [
        0,
        0.227,
        0,
        0.133,
        0.869,
        0,
        0.5,
        -0.782,
        0,
        0.7,
        3.755,
        0,
        0.9,
        -11.132,
        0,
        1.133,
        19.863,
        0,
        1.367,
        -26.117,
        0,
        1.633,
        26.917,
        1,
        1.7,
        26.917,
        1.766,
        14.354,
        1.833,
        7.151,
        1,
        1.955,
        -6.054,
        2.078,
        -9,
        2.2,
        -9
      ]
    },
    {
      "Target": "Parameter",
      "Id": "ParamAngleB4",
      "Segments": [
        0,
        -8.024,
        0,
        0.333,
        5.189,
        0,
        0.633,
        -2.736,
        0,
        0.8,
        1.26,
        0,
        1,
        -8.89,
        0,
        1.233,
        22.821,
        0,
        1.5,
        -36.998,
        0,
        1.8,
        41.882,
        0,
        2.2,
        21.78
      ]
    },
    {
      "Target": "Parameter",
      "Id": "ParamAngleC1",
      "Segments": [
        0,
        0.003,
        1,
        0.111,
        0.003,
        0.222,
        0.002,
        0.333,
        0.001,
        0,
        0.367,
        -0.031,
        0,
        0.5,
        1.232,
        0,
        0.7,
        -9.016,
        1,
        0.756,
        -9.016,
        0.811,
        -1.028,
        0.867,
        11.904,
        1,
        0.922,
        24.836,
        0.978,
        29.999,
        1.033,
        29.999,
        0,
        1.267,
        25.395,
        0,
        1.5,
        36.338,
        0,
        1.833,
        18.443,
        0,
        2.2,
        21.173
      ]
    },
    {
      "Target": "Parameter",
      "Id": "ParamAngleC2",
      "Segments": [
        0,
        0.195,
        0,
        0.433,
        -0.991,
        0,
        0.633,
        7.5,
        0,
        0.8,
        -12.039,
        0,
        1,
        16.809,
        0,
        1.2,
        11.052,
        1,
        1.311,
        11.052,
        1.422,
        19.6,
        1.533,
        29.423,
        1,
        1.622,
        37.281,
        1.711,
        38.984,
        1.8,
        38.984,
        0,
        2.2,
        31
      ]
    },
    {
      "Target": "Parameter",
      "Id": "ParamAngleC3",
      "Segments": [
        0,
        0.355,
        0,
        0.067,
        0.42,
        0,
        0.5,
        -0.621,
        0,
        0.733,
        4.754,
        0,
        0.9,
        -11.219,
        0,
        1.133,
        15.844,
        0,
        1.433,
        -2.854,
        0,
        1.733,
        4.754,
        0,
        2.2,
        0.355
      ]
    },
    {
      "Target": "Parameter",
      "Id": "ParamAngleC4",
      "Segments": [
        0,
        1.488,
        0,
        0.067,
        1.718,
        0,
        0.4,
        -0.891,
        0,
        0.767,
        3.115,
        0,
        0.967,
        -8.522,
        0,
        1.2,
        15.39,
        0,
        1.433,
        -5.923,
        0,
        1.767,
        6.625,
        0,
        2.2,
        1.488
      ]
    },
    {
      "Target": "Parameter",
      "Id": "ParamAngleC5",
      "Segments": [
        0,
        1.439,
        0,
        0.1,
        3.711,
        0,
        0.433,
        -2.151,
        0,
        0.833,
        2.951,
        0,
        1.067,
        -8.865,
        0,
        1.267,
        17.226,
        0,
        1.533,
        -2.151,
        0,
        1.8,
        7.367,
        0,
        2.2,
        1.439
      ]
    },
    {
      "Target": "Parameter",
      "Id": "ParamAngleD1",
      "Segments": [
        0,
        0.003,
        0,
        0.333,
        0.004,
        0,
        0.433,
        0,
        0,
        0.567,
        1.232,
        0,
        0.767,
        -9.016,
        1,
        0.811,
        -9.016,
        0.856,
        -3.994,
        0.9,
        0.265,
        1,
        0.967,
        6.654,
        1.033,
        8.293,
        1.1,
        8.293,
        0,
        1.3,
        5.841,
        0,
        1.567,
        8.293,
        0,
        2.2,
        4.377
      ]
    },
    {
      "Target": "Parameter",
      "Id": "ParamAngleD2",
      "Segments": [
        0,
        0.195,
        1,
        0.111,
        0.195,
        0.222,
        0.186,
        0.333,
        0,
        1,
        0.389,
        -0.093,
        0.444,
        -0.991,
        0.5,
        -0.991,
        0,
        0.667,
        7.5,
        0,
        0.867,
        -6.108,
        0,
        1.1,
        18.782,
        0,
        1.3,
        7.5,
        1,
        1.367,
        7.5,
        1.433,
        11.674,
        1.5,
        17.04,
        1,
        1.6,
        25.089,
        1.7,
        28.013,
        1.8,
        28.013,
        0,
        2.2,
        22.823
      ]
    },
    {
      "Target": "Parameter",
      "Id": "ParamAngleD3",
      "Segments": [
        0,
        0.355,
        0,
        0.133,
        0.42,
        0,
        0.567,
        -0.621,
        0,
        0.8,
        4.754,
        0,
        0.967,
        -11.219,
        0,
        1.2,
        15.844,
        0,
        1.5,
        -4.921,
        0,
        1.833,
        4.754,
        0,
        2.2,
        0.355
      ]
    },
    {
      "Target": "Parameter",
      "Id": "ParamAngleD4",
      "Segments": [
        0,
        1.488,
        0,
        0.133,
        1.718,
        0,
        0.467,
        -0.891,
        0,
        0.833,
        3.115,
        0,
        1.033,
        -8.522,
        0,
        1.267,
        15.39,
        0,
        1.5,
        -5.923,
        0,
        1.9,
        6.625,
        0,
        2.2,
        1.488
      ]
    },
    {
      "Target": "Parameter",
      "Id": "ParamAngleD5",
      "Segments": [
        0,
        1.439,
        0,
        0.167,
        3.711,
        0,
        0.5,
        -2.151,
        0,
        0.9,
        2.951,
        0,
        1.133,
        -8.865,
        0,
        1.333,
        17.226,
        0,
        1.6,
        -2.151,
        0,
        1.833,
        7.367,
        0,
        2.2,
        1.439
      ]
    },
    {
      "Target": "Parameter",
      "Id": "ParamAngleE1",
      "Segments": [
        0,
        0,
        2,
        0.333,
        0,
        0,
        0.567,
        0.347,
        0,
        0.767,
        -2.883,
        1,
        0.822,
        -2.883,
        0.878,
        8.719,
        0.933,
        16.91,
        1,
        0.989,
        25.101,
        1.044,
        26,
        1.1,
        26,
        0,
        1.467,
        22.476,
        0,
        2.2,
        26
      ]
    },
    {
      "Target": "Parameter",
      "Id": "ParamAngleE2",
      "Segments": [
        0,
        -0.387,
        0,
        0.133,
        -1.659,
        0,
        0.333,
        0.072,
        0,
        0.533,
        -0.731,
        0,
        0.733,
        3.021,
        0,
        0.933,
        -4.135,
        0,
        1.233,
        9.304,
        0,
        1.5,
        4.904,
        1,
        1.578,
        4.904,
        1.655,
        12.808,
        1.733,
        13.992,
        1,
        1.844,
        15.683,
        1.956,
        15.699,
        2.067,
        15.699,
        2,
        2.2,
        15.699
      ]
    },
    {
      "Target": "Parameter",
      "Id": "ParamAngleE3",
      "Segments": [
        0,
        -2.786,
        0,
        0.3,
        0.891,
        0,
        0.6,
        -1.257,
        0,
        0.833,
        1.943,
        0,
        1.067,
        -4.372,
        0,
        1.3,
        11.578,
        0,
        1.6,
        -7.873,
        0,
        1.9,
        3.537,
        0,
        2.2,
        -1.257
      ]
    },
    {
      "Target": "Parameter",
      "Id": "ParamAngleE4",
      "Segments": [
        0,
        -9.705,
        0,
        0.133,
        -14.529,
        0,
        0.367,
        6.812,
        0,
        0.7,
        -4.418,
        0,
        0.933,
        4.244,
        0,
        1.2,
        -8.067,
        0,
        1.467,
        8.388,
        0,
        1.667,
        -4.418,
        0,
        1.9,
        4.244,
        0,
        2.2,
        -10.198
      ]
    },
    {
      "Target": "Parameter",
      "Id": "ParamGangSheng1",
      "Segments": [
        0,
        0,
        2,
        0.3,
        0,
        0,
        0.5,
        2.458,
        0,
        0.7,
        -13.29,
        0,
        0.9,
        5.418,
        0,
        1.133,
        -1.435,
        0,
        1.367,
        0.384,
        0,
        1.633,
        -0.103,
        0,
        1.9,
        0.028,
        0,
        2.2,
        -0.002
      ]
    },
    {
      "Target": "Parameter",
      "Id": "ParamGangSheng2",
      "Segments": [
        0,
        0,
        2,
        0.3,
        0,
        0,
        0.467,
        -1.834,
        0,
        0.667,
        11.4,
        0,
        0.8,
        -17.247,
        0,
        1.033,
        9.971,
        0,
        1.233,
        -4.552,
        0,
        1.5,
        1.765,
        0,
        1.733,
        -0.625,
        0,
        2.033,
        0.209,
        0,
        2.2,
        0.122
      ]
    },
    {
      "Target": "Parameter",
      "Id": "ParamGangSheng3",
      "Segments": [
        0,
        0,
        2,
        0.333,
        0,
        0,
        0.533,
        -1.342,
        0,
        0.733,
        10.459,
        0,
        0.9,
        -15.519,
        0,
        1.133,
        12.927,
        0,
        1.367,
        -7.41,
        0,
        1.567,
        3.639,
        0,
        1.8,
        -1.579,
        0,
        2.2,
        0.627
      ]
    },
    {
      "Target": "Parameter",
      "Id": "ParamGangSheng4",
      "Segments": [
        0,
        0,
        2,
        0.367,
        0,
        0,
        0.567,
        -1.293,
        0,
        0.8,
        9.189,
        0,
        0.967,
        -16.458,
        0,
        1.2,
        15.925,
        0,
        1.467,
        -10.969,
        0,
        1.7,
        6.312,
        0,
        1.933,
        -3.214,
        0,
        2.2,
        -0.01
      ]
    },
    {
      "Target": "Parameter",
      "Id": "ParamGangSheng5",
      "Segments": [
        0,
        0,
        2,
        0.433,
        0,
        0,
        0.633,
        -1.035,
        0,
        0.867,
        8.368,
        0,
        1.033,
        -17.179,
        0,
        1.267,
        19.286,
        0,
        1.5,
        -15.022,
        0,
        1.767,
        9.858,
        0,
        2.067,
        -5.716,
        0,
        2.2,
        -4.358
      ]
    },
    {
      "Target": "Parameter",
      "Id": "ParamGangSheng6",
      "Segments": [
        0,
        0,
        2,
        0.467,
        0,
        0,
        0.667,
        -0.884,
        0,
        0.9,
        8.132,
        0,
        1.133,
        -18.112,
        0,
        1.367,
        22.149,
        0,
        1.6,
        -19.435,
        0,
        1.833,
        14.16,
        0,
        2.2,
        -8.16
      ]
    },
    {
      "Target": "Parameter",
      "Id": "ParamJXSheng2",
      "Segments": [
        0,
        0,
        2,
        0.367,
        0,
        0,
        0.567,
        1.293,
        0,
        0.8,
        -9.189,
        0,
        0.967,
        16.458,
        0,
        1.2,
        -15.925,
        0,
        1.467,
        10.969,
        0,
        1.7,
        -6.312,
        0,
        1.933,
        3.214,
        0,
        2.2,
        0.01
      ]
    },
    {
      "Target": "Parameter",
      "Id": "ParamJXSheng1",
      "Segments": [
        0,
        0,
        2,
        0.333,
        0,
        0,
        0.533,
        -1.342,
        0,
        0.733,
        10.459,
        0,
        0.9,
        -15.519,
        0,
        1.133,
        12.927,
        0,
        1.367,
        -7.41,
        0,
        1.567,
        3.639,
        0,
        1.8,
        -1.579,
        0,
        2.2,
        0.627
      ]
    },
    {
      "Target": "Parameter",
      "Id": "ParamGuang1",
      "Segments": [
        0,
        0,
        1,
        0.033,
        0,
        0.067,
        0.29,
        0.1,
        0.407,
        1,
        0.156,
        0.602,
        0.211,
        0.751,
        0.267,
        0.844,
        1,
        0.345,
        0.975,
        0.422,
        1,
        0.5,
        1,
        2,
        1.067,
        1,
        2,
        1.1,
        0,
        2,
        2.2,
        0
      ]
    },
    {
      "Target": "Parameter",
      "Id": "ParamUI1",
      "Segments": [
        0,
        0,
        2,
        0.567,
        0,
        0,
        0.9,
        0.5,
        2,
        2.2,
        0.5
      ]
    },
    {
      "Target": "Parameter",
      "Id": "ParamUITouming",
      "Segments": [
        0,
        1,
        2,
        0.667,
        1,
        0,
        0.8,
        0.032,
        0,
        1.067,
        0.6,
        2,
        1.267,
        0.6,
        2,
        2.2,
        0.6
      ]
    },
    {
      "Target": "Parameter",
      "Id": "ParamUIZ",
      "Segments": [
        0,
        0,
        1,
        0.167,
        -2.667,
        0.333,
        -5.333,
        0.5,
        -8,
        1,
        0.644,
        4.667,
        0.789,
        17.333,
        0.933,
        30,
        2,
        2.2,
        30
      ]
    },
    {
      "Target": "Parameter",
      "Id": "ParamAngleX",
      "Segments": [
        0,
        0,
        0,
        2.2,
        0
      ]
    },
    {
      "Target": "Parameter",
      "Id": "ParamEyeLOpen",
      "Segments": [
        0,
        1,
        0,
        2.2,
        1
      ]
    },
    {
      "Target": "Parameter",
      "Id": "ParamEyeROpen",
      "Segments": [
        0,
        1,
        0,
        2.2,
        1
      ]
    },
    {
      "Target": "Parameter",
      "Id": "ParamEyeS",
      "Segments": [
        0,
        0,
        0,
        2.2,
        0
      ]
    },
    {
      "Target": "Parameter",
      "Id": "ParamEyeBallX",
      "Segments": [
        0,
        0,
        0,
        2.2,
        0
      ]
    },
    {
      "Target": "Parameter",
      "Id": "ParamEyeBallY",
      "Segments": [
        0,
        0,
        0,
        2.2,
        0
      ]
    },
    {
      "Target": "Parameter",
      "Id": "ParamParamBrowLY",
      "Segments": [
        0,
        0,
        0,
        2.2,
        0
      ]
    },
    {
      "Target": "Parameter",
      "Id": "ParamBrowLAngle",
      "Segments": [
        0,
        0,
        0,
        2.2,
        0
      ]
    },
    {
      "Target": "Parameter",
      "Id": "ParamBrowLForm",
      "Segments": [
        0,
        0,
        0,
        2.2,
        0
      ]
    },
    {
      "Target": "Parameter",
      "Id": "ParamParamBrowRY",
      "Segments": [
        0,
        0,
        0,
        2.2,
        0
      ]
    },
    {
      "Target": "Parameter",
      "Id": "ParamBrowRAngle",
      "Segments": [
        0,
        0,
        0,
        2.2,
        0
      ]
    },
    {
      "Target": "Parameter",
      "Id": "ParamBrowRForm",
      "Segments": [
        0,
        0,
        0,
        2.2,
        0
      ]
    },
    {
      "Target": "Parameter",
      "Id": "ParamMouthOpenY",
      "Segments": [
        0,
        0,
        0,
        2.2,
        0
      ]
    },
    {
      "Target": "Parameter",
      "Id": "ParamMouthForm",
      "Segments": [
        0,
        0,
        0,
        2.2,
        0
      ]
    },
    {
      "Target": "Parameter",
      "Id": "ParamMouthX",
      "Segments": [
        0,
        0,
        0,
        2.2,
        0
      ]
    },
    {
      "Target": "Parameter",
      "Id": "ParamCheek2",
      "Segments": [
        0,
        0,
        0,
        2.2,
        0
      ]
    },
    {
      "Target": "Parameter",
      "Id": "ParamCheek3",
      "Segments": [
        0,
        0,
        0,
        2.2,
        0
      ]
    },
    {
      "Target": "Parameter",
      "Id": "ParamCheek4",
      "Segments": [
        0,
        0,
        0,
        2.2,
        0
      ]
    },
    {
      "Target": "Parameter",
      "Id": "ParamCheek",
      "Segments": [
        0,
        0,
        0,
        2.2,
        0
      ]
    },
    {
      "Target": "Parameter",
      "Id": "ParamCheek5",
      "Segments": [
        0,
        0,
        0,
        2.2,
        0
      ]
    },
    {
      "Target": "Parameter",
      "Id": "ParamJy",
      "Segments": [
        0,
        0,
        0,
        2.2,
        0
      ]
    },
    {
      "Target": "Parameter",
      "Id": "ParamCheek6",
      "Segments": [
        0,
        0,
        0,
        2.2,
        0
      ]
    },
    {
      "Target": "Parameter",
      "Id": "ParamHipX",
      "Segments": [
        0,
        0,
        0,
        2.2,
        0
      ]
    },
    {
      "Target": "Parameter",
      "Id": "ParamHipY",
      "Segments": [
        0,
        0,
        0,
        2.2,
        0
      ]
    },
    {
      "Target": "Parameter",
      "Id": "ParamLjian",
      "Segments": [
        0,
        0,
        0,
        2.2,
        0
      ]
    },
    {
      "Target": "Parameter",
      "Id": "ParamLegZ",
      "Segments": [
        0,
        0,
        0,
        2.2,
        0
      ]
    },
    {
      "Target": "Parameter",
      "Id": "ParamFoot1",
      "Segments": [
        0,
        0,
        0,
        2.2,
        0
      ]
    },
    {
      "Target": "Parameter",
      "Id": "ParamFoot2",
      "Segments": [
        0,
        0,
        0,
        2.2,
        0
      ]
    },
    {
      "Target": "Parameter",
      "Id": "ParamHuXi2",
      "Segments": [
        0,
        0,
        0,
        2.2,
        0
      ]
    },
    {
      "Target": "Parameter",
      "Id": "ParamLArmAB",
      "Segments": [
        0,
        0,
        0,
        2.2,
        0
      ]
    },
    {
      "Target": "Parameter",
      "Id": "Param15",
      "Segments": [
        0,
        0,
        0,
        2.2,
        0
      ]
    },
    {
      "Target": "Parameter",
      "Id": "Param17",
      "Segments": [
        0,
        0,
        0,
        2.2,
        0
      ]
    },
    {
      "Target": "Parameter",
      "Id": "ParamLHandZ",
      "Segments": [
        0,
        0,
        0,
        2.2,
        0
      ]
    },
    {
      "Target": "Parameter",
      "Id": "ParamLHandX",
      "Segments": [
        0,
        0,
        0,
        2.2,
        0
      ]
    },
    {
      "Target": "Parameter",
      "Id": "ParamLHand1",
      "Segments": [
        0,
        0,
        0,
        2.2,
        0
      ]
    },
    {
      "Target": "Parameter",
      "Id": "ParamLHand2",
      "Segments": [
        0,
        0,
        0,
        2.2,
        0
      ]
    },
    {
      "Target": "Parameter",
      "Id": "ParamLHand34",
      "Segments": [
        0,
        0,
        0,
        2.2,
        0
      ]
    },
    {
      "Target": "Parameter",
      "Id": "ParamLHand5",
      "Segments": [
        0,
        0,
        0,
        2.2,
        0
      ]
    },
    {
      "Target": "Parameter",
      "Id": "ParamLHandWater",
      "Segments": [
        0,
        0,
        0,
        2.2,
        0
      ]
    },
    {
      "Target": "Parameter",
      "Id": "Param16",
      "Segments": [
        0,
        0,
        0,
        2.2,
        0
      ]
    },
    {
      "Target": "Parameter",
      "Id": "ParamLHandWater1",
      "Segments": [
        0,
        0,
        0,
        2.2,
        0
      ]
    },
    {
      "Target": "Parameter",
      "Id": "ParamLHandWater2",
      "Segments": [
        0,
        0,
        0,
        2.2,
        0
      ]
    },
    {
      "Target": "Parameter",
      "Id": "ParamRArmDB",
      "Segments": [
        0,
        0,
        0,
        2.2,
        0
      ]
    },
    {
      "Target": "Parameter",
      "Id": "ParamHQiangY",
      "Segments": [
        0,
        0,
        0,
        2.2,
        0
      ]
    },
    {
      "Target": "Parameter",
      "Id": "ParamJXWei",
      "Segments": [
        0,
        0,
        0,
        2.2,
        0
      ]
    },
    {
      "Target": "Parameter",
      "Id": "ParamWhite1",
      "Segments": [
        0,
        0,
        0,
        2.2,
        0
      ]
    },
    {
      "Target": "Parameter",
      "Id": "ParamBlack0",
      "Segments": [
        0,
        1,
        0,
        2.2,
        1
      ]
    },
    {
      "Target": "Parameter",
      "Id": "ParamBlack1",
      "Segments": [
        0,
        0,
        0,
        2.2,
        0
      ]
    },
    {
      "Target": "Parameter",
      "Id": "ParamBlack2",
      "Segments": [
        0,
        0,
        0,
        2.2,
        0
      ]
    },
    {
      "Target": "Parameter",
      "Id": "Param9",
      "Segments": [
        0,
        0,
        0,
        2.2,
        0
      ]
    },
    {
      "Target": "Parameter",
      "Id": "ParamOpaishakeX2B",
      "Segments": [
        0,
        0,
        0,
        2.2,
        0
      ]
    },
    {
      "Target": "Parameter",
      "Id": "Param11",
      "Segments": [
        0,
        0,
        0,
        2.2,
        0
      ]
    },
    {
      "Target": "Parameter",
      "Id": "Param12",
      "Segments": [
        0,
        0,
        0,
        2.2,
        0
      ]
    },
    {
      "Target": "Parameter",
      "Id": "ParamDianchuWeizhi",
      "Segments": [
        0,
        0,
        0,
        2.2,
        0
      ]
    }
  ],
  "UserData": [
    {
      "Time": 0.0,
      "Value": ""
    },
    {
      "Time": 0.7,
      "Value": "soundFx_1048_sfx_1"
    }
  ]
}