{
  "Version": 3,
  "Meta": {
    "Duration": 2.5,
    "Fps": 30.0,
    "Loop": true,
    "AreBeziersRestricted": true,
    "CurveCount": 146,
    "TotalSegmentCount": 865,
    "TotalPointCount": 1267,
    "UserDataCount": 4,
    "TotalUserDataSize": 55
  },
  "Curves": [
    {
      "Target": "Parameter",
      "Id": "ParamAngleX",
      "Segments": [
        0,
        0,
        0,
        0.333,
        -7,
        1,
        0.4,
        -7,
        0.466,
        6.819,
        0.533,
        11,
        1,
        0.611,
        15.878,
        0.689,
        16,
        0.767,
        16,
        0,
        1.3,
        11,
        0,
        1.567,
        14.879,
        1,
        1.689,
        14.879,
        1.811,
        13.952,
        1.933,
        10.173,
        1,
        2.122,
        4.332,
        2.311,
        0,
        2.5,
        0
      ]
    },
    {
      "Target": "Parameter",
      "Id": "ParamAngleY",
      "Segments": [
        0,
        -9.029,
        0,
        0.267,
        0.512,
        1,
        0.322,
        0.512,
        0.378,
        -5.483,
        0.433,
        -13.96,
        1,
        0.489,
        -22.437,
        0.544,
        -25.327,
        0.6,
        -25.327,
        1,
        0.689,
        -25.327,
        0.778,
        -25.526,
        0.867,
        -23.418,
        1,
        1,
        -20.256,
        1.134,
        -13.96,
        1.267,
        -13.96,
        0,
        1.533,
        -30,
        2,
        1.867,
        -30,
        1,
        1.967,
        -30,
        2.067,
        -14.243,
        2.167,
        -11.709,
        1,
        2.278,
        -8.894,
        2.389,
        -9.029,
        2.5,
        -9.029
      ]
    },
    {
      "Target": "Parameter",
      "Id": "ParamAngleZ",
      "Segments": [
        0,
        10,
        1,
        0.056,
        10,
        0.111,
        7.935,
        0.167,
        3.394,
        1,
        0.234,
        -2.055,
        0.3,
        -5,
        0.367,
        -5,
        0,
        0.533,
        0,
        1,
        0.666,
        0,
        0.8,
        -0.261,
        0.933,
        -1.262,
        1,
        1.055,
        -2.179,
        1.178,
        -3,
        1.3,
        -3,
        1,
        1.378,
        -3,
        1.455,
        6.866,
        1.533,
        8.778,
        1,
        1.655,
        11.783,
        1.778,
        12,
        1.9,
        12,
        2,
        2.1,
        12,
        1,
        2.178,
        12,
        2.255,
        11.141,
        2.333,
        10.48,
        1,
        2.389,
        10.008,
        2.444,
        10,
        2.5,
        10
      ]
    },
    {
      "Target": "Parameter",
      "Id": "ParamEyeLOpen",
      "Segments": [
        0,
        1,
        0,
        0.3,
        1.1,
        1,
        0.333,
        1.1,
        0.367,
        1.087,
        0.4,
        1,
        1,
        0.411,
        0.971,
        0.422,
        0,
        0.433,
        0,
        1,
        0.444,
        0,
        0.456,
        0.807,
        0.467,
        0.9,
        1,
        0.489,
        1.085,
        0.511,
        1.1,
        0.533,
        1.1,
        2,
        1.267,
        1.1,
        0,
        1.5,
        0,
        1,
        1.622,
        0,
        1.745,
        0.88,
        1.867,
        1.1,
        1,
        1.945,
        1.24,
        2.022,
        1.2,
        2.1,
        1.2,
        0,
        2.5,
        1
      ]
    },
    {
      "Target": "Parameter",
      "Id": "ParamEyeROpen",
      "Segments": [
        0,
        1,
        0,
        0.3,
        1.3,
        1,
        0.333,
        1.3,
        0.367,
        1.254,
        0.4,
        1,
        1,
        0.411,
        0.915,
        0.422,
        0,
        0.433,
        0,
        1,
        0.444,
        0,
        0.456,
        0.784,
        0.467,
        1,
        1,
        0.489,
        1.432,
        0.511,
        1.5,
        0.533,
        1.5,
        2,
        1.267,
        1.5,
        0,
        1.5,
        0,
        1,
        1.622,
        0,
        1.745,
        0.977,
        1.867,
        1.2,
        1,
        1.945,
        1.342,
        2.022,
        1.3,
        2.1,
        1.3,
        0,
        2.5,
        1
      ]
    },
    {
      "Target": "Parameter",
      "Id": "ParamEyeBallX",
      "Segments": [
        0,
        0,
        1,
        0.056,
        0,
        0.111,
        -0.003,
        0.167,
        -0.2,
        1,
        0.211,
        -0.358,
        0.256,
        -0.8,
        0.3,
        -0.8,
        0,
        0.533,
        -0.7,
        2,
        0.767,
        -0.7,
        0,
        0.933,
        -0.6,
        2,
        1.3,
        -0.6,
        0,
        2.5,
        0
      ]
    },
    {
      "Target": "Parameter",
      "Id": "ParamEyeBallY",
      "Segments": [
        0,
        0,
        0,
        0.167,
        0.4,
        0,
        0.3,
        0,
        0,
        0.533,
        0.5,
        2,
        0.767,
        0.5,
        0,
        0.933,
        0.4,
        2,
        1.3,
        0.4,
        0,
        1.5,
        -0.3,
        0,
        1.8,
        0.1,
        0,
        2.133,
        -0.3,
        0,
        2.5,
        0
      ]
    },
    {
      "Target": "Parameter",
      "Id": "ParamParamBrowLY",
      "Segments": [
        0,
        0,
        0,
        0.533,
        -0.7,
        0,
        1.3,
        0,
        2,
        2.5,
        0
      ]
    },
    {
      "Target": "Parameter",
      "Id": "ParamBrowLAngle",
      "Segments": [
        0,
        0,
        0,
        0.533,
        0.3,
        0,
        2.5,
        0
      ]
    },
    {
      "Target": "Parameter",
      "Id": "ParamBrowLForm",
      "Segments": [
        0,
        0,
        0,
        0.533,
        -1,
        2,
        1.6,
        -1,
        0,
        2.5,
        0
      ]
    },
    {
      "Target": "Parameter",
      "Id": "ParamParamBrowRY",
      "Segments": [
        0,
        0,
        0,
        0.533,
        -0.7,
        0,
        1.3,
        0,
        2,
        2.5,
        0
      ]
    },
    {
      "Target": "Parameter",
      "Id": "ParamBrowRAngle",
      "Segments": [
        0,
        0,
        0,
        0.533,
        0.3,
        0,
        2.5,
        0
      ]
    },
    {
      "Target": "Parameter",
      "Id": "ParamBrowRForm",
      "Segments": [
        0,
        0,
        0,
        0.533,
        -1,
        2,
        1.6,
        -1,
        0,
        2.5,
        0
      ]
    },
    {
      "Target": "Parameter",
      "Id": "ParamMouthOpenY",
      "Segments": [
        0,
        0,
        0,
        0.267,
        0.4,
        2,
        0.3,
        0.4,
        1,
        0.311,
        0.4,
        0.322,
        0.481,
        0.333,
        0.5,
        1,
        0.4,
        0.612,
        0.466,
        0.675,
        0.533,
        0.8,
        1,
        0.578,
        0.883,
        0.622,
        1,
        0.667,
        1,
        2,
        1,
        1,
        0,
        1.133,
        0.207,
        0,
        1.267,
        0.746,
        0,
        1.367,
        0.291,
        0,
        1.467,
        0.622,
        0,
        1.6,
        0.2,
        0,
        1.733,
        0.622,
        1,
        1.778,
        0.622,
        1.822,
        0.631,
        1.867,
        0.5,
        1,
        1.934,
        0.303,
        2,
        0,
        2.067,
        0,
        2,
        2.5,
        0
      ]
    },
    {
      "Target": "Parameter",
      "Id": "ParamMouthForm",
      "Segments": [
        0,
        0,
        0,
        0.533,
        -1,
        0,
        0.933,
        -0.611,
        2,
        1.133,
        -0.611,
        0,
        1.367,
        -1,
        0,
        1.567,
        -0.673,
        0,
        1.733,
        -0.945,
        0,
        1.967,
        -0.28,
        2,
        2.3,
        -0.28,
        0,
        2.5,
        0
      ]
    },
    {
      "Target": "Parameter",
      "Id": "ParamCheek",
      "Segments": [
        0,
        0,
        0,
        0.533,
        0.4,
        2,
        1.3,
        0.4,
        0,
        2.5,
        0
      ]
    },
    {
      "Target": "Parameter",
      "Id": "ParamHeadX",
      "Segments": [
        0,
        30,
        0,
        0.533,
        -2,
        1,
        0.789,
        -2,
        1.044,
        -2.8,
        1.3,
        0,
        1,
        1.7,
        4.382,
        2.1,
        30,
        2.5,
        30
      ]
    },
    {
      "Target": "Parameter",
      "Id": "ParamHeadY",
      "Segments": [
        0,
        -8,
        0,
        0.2,
        4.387,
        1,
        0.311,
        4.387,
        0.422,
        -12.463,
        0.533,
        -14,
        1,
        0.789,
        -17.536,
        1.044,
        -18,
        1.3,
        -18,
        0,
        2.5,
        -8
      ]
    },
    {
      "Target": "Parameter",
      "Id": "ParamBodyAngleX",
      "Segments": [
        0,
        10,
        1,
        0.033,
        10,
        0.067,
        5.595,
        0.1,
        3.527,
        1,
        0.144,
        0.77,
        0.189,
        0.436,
        0.233,
        0.436,
        0,
        0.633,
        9.564,
        0,
        0.833,
        9,
        2,
        1.367,
        9,
        0,
        1.933,
        10,
        2,
        2.5,
        10
      ]
    },
    {
      "Target": "Parameter",
      "Id": "ParamBodyAngleY",
      "Segments": [
        0,
        -7.185,
        0,
        0.533,
        -10,
        2,
        1.3,
        -10,
        0,
        2.067,
        -7.008,
        0,
        2.433,
        -7.185,
        2,
        2.5,
        -7.185
      ]
    },
    {
      "Target": "Parameter",
      "Id": "ParamBodyAngleZ",
      "Segments": [
        0,
        5,
        0,
        0.2,
        -2.52,
        0,
        0.6,
        3.61,
        0,
        1.3,
        3,
        0,
        2.133,
        5,
        2,
        2.5,
        5
      ]
    },
    {
      "Target": "Parameter",
      "Id": "ParamHipX",
      "Segments": [
        0,
        0,
        0,
        0.2,
        3.373,
        0,
        0.633,
        -16,
        0,
        0.867,
        -11.553,
        0,
        1.3,
        -14.11,
        2,
        1.5,
        -14.11,
        0,
        1.633,
        -16,
        1,
        1.689,
        -16,
        1.744,
        -14.863,
        1.8,
        -11.553,
        1,
        1.922,
        -4.27,
        2.045,
        0,
        2.167,
        0,
        2,
        2.5,
        0
      ]
    },
    {
      "Target": "Parameter",
      "Id": "ParamHipY",
      "Segments": [
        0,
        0,
        0,
        0.2,
        -5,
        1,
        0.311,
        -5,
        0.422,
        3.355,
        0.533,
        12,
        1,
        0.589,
        16.323,
        0.644,
        16.532,
        0.7,
        16.532,
        0,
        0.9,
        12,
        0,
        1.3,
        13.839,
        0,
        1.467,
        12,
        0,
        1.567,
        15.42,
        1,
        1.622,
        15.42,
        1.678,
        15.492,
        1.733,
        14.4,
        1,
        1.833,
        12.434,
        1.933,
        7.57,
        2.033,
        5.106,
        1,
        2.189,
        1.272,
        2.344,
        0,
        2.5,
        0
      ]
    },
    {
      "Target": "Parameter",
      "Id": "ParamLjian",
      "Segments": [
        0,
        0,
        0,
        0.233,
        16,
        0,
        0.533,
        -30,
        2,
        1.3,
        -30,
        0,
        2.5,
        0
      ]
    },
    {
      "Target": "Parameter",
      "Id": "ParamRjian",
      "Segments": [
        0,
        17,
        1,
        0.078,
        17,
        0.155,
        17.311,
        0.233,
        16,
        1,
        0.333,
        14.315,
        0.433,
        -30,
        0.533,
        -30,
        2,
        1.3,
        -30,
        0,
        2.5,
        17
      ]
    },
    {
      "Target": "Parameter",
      "Id": "ParamLegZ",
      "Segments": [
        0,
        0,
        0,
        0.267,
        4.902,
        0,
        0.667,
        1.436,
        0,
        0.833,
        1.907,
        1,
        1.022,
        1.907,
        1.211,
        1.712,
        1.4,
        1.105,
        1,
        1.6,
        0.463,
        1.8,
        0,
        2,
        0,
        2,
        2.5,
        0
      ]
    },
    {
      "Target": "Parameter",
      "Id": "ParamFoot1",
      "Segments": [
        0,
        0,
        2,
        0.133,
        0,
        0,
        0.3,
        -8,
        1,
        0.378,
        -8,
        0.455,
        -7.955,
        0.533,
        0,
        1,
        0.666,
        13.638,
        0.8,
        30,
        0.933,
        30,
        2,
        1.3,
        30,
        0,
        1.733,
        0,
        2,
        2.5,
        0
      ]
    },
    {
      "Target": "Parameter",
      "Id": "ParamFoot2",
      "Segments": [
        0,
        0,
        0,
        0.2,
        12,
        0,
        0.4,
        -22.303,
        0,
        0.733,
        30,
        2,
        1.3,
        30,
        0,
        1.733,
        0,
        2,
        2.5,
        0
      ]
    },
    {
      "Target": "Parameter",
      "Id": "ParamHuXi2",
      "Segments": [
        0,
        0,
        0,
        0.267,
        0.978,
        0,
        0.6,
        0,
        2,
        0.833,
        0,
        0,
        1.267,
        0.74,
        0,
        2.133,
        0,
        2,
        2.5,
        0
      ]
    },
    {
      "Target": "Parameter",
      "Id": "ParamRArmDA",
      "Segments": [
        0,
        0.997,
        0,
        0.533,
        0,
        2,
        1.867,
        0,
        1,
        1.9,
        0,
        1.934,
        0.153,
        1.967,
        0.4,
        1,
        1.978,
        0.482,
        1.989,
        0.521,
        2,
        0.603,
        1,
        2.033,
        0.849,
        2.067,
        1,
        2.1,
        1,
        0,
        2.4,
        0.997,
        2,
        2.5,
        0.997
      ]
    },
    {
      "Target": "Parameter",
      "Id": "ParamRArmDB",
      "Segments": [
        0,
        0,
        1,
        0.078,
        0,
        0.155,
        0.014,
        0.233,
        0.1,
        1,
        0.278,
        0.149,
        0.322,
        0.286,
        0.367,
        0.4,
        1,
        0.378,
        0.429,
        0.389,
        0.533,
        0.4,
        0.6,
        1,
        0.444,
        0.867,
        0.489,
        1,
        0.533,
        1,
        2,
        1.567,
        1,
        1,
        1.589,
        1,
        1.611,
        0.818,
        1.633,
        0.6,
        1,
        1.678,
        0.164,
        1.722,
        0,
        1.767,
        0,
        2,
        2.067,
        0,
        2,
        2.5,
        0
      ]
    },
    {
      "Target": "Parameter",
      "Id": "ParamArmX",
      "Segments": [
        0,
        19.787,
        0,
        0.533,
        0,
        2,
        1.3,
        0,
        2,
        1.8,
        0,
        1,
        1.856,
        0,
        1.911,
        5.174,
        1.967,
        9.962,
        1,
        2.011,
        13.792,
        2.056,
        18.27,
        2.1,
        18.664,
        1,
        2.211,
        19.648,
        2.322,
        19.787,
        2.433,
        19.787,
        2,
        2.5,
        19.787
      ]
    },
    {
      "Target": "Parameter",
      "Id": "ParamArmRY",
      "Segments": [
        0,
        24.61,
        0,
        0.533,
        -10,
        2,
        1.3,
        -10,
        2,
        1.533,
        -10,
        1,
        1.589,
        -10,
        1.644,
        2.17,
        1.7,
        3.021,
        1,
        1.767,
        4.042,
        1.833,
        3.577,
        1.9,
        4.908,
        1,
        2.011,
        7.127,
        2.122,
        24.61,
        2.233,
        24.61,
        2,
        2.4,
        24.61,
        2,
        2.5,
        24.61
      ]
    },
    {
      "Target": "Parameter",
      "Id": "ParamArmR",
      "Segments": [
        0,
        8,
        0,
        0.133,
        -6,
        1,
        0.266,
        -6,
        0.4,
        3.492,
        0.533,
        4,
        1,
        0.789,
        4.975,
        1.044,
        5.005,
        1.3,
        6,
        1,
        1.444,
        6.562,
        1.589,
        15,
        1.733,
        15,
        1,
        1.755,
        15,
        1.778,
        13.488,
        1.8,
        12.516,
        1,
        1.856,
        10.085,
        1.911,
        8.557,
        1.967,
        6.17,
        1,
        1.989,
        5.215,
        2.011,
        3.971,
        2.033,
        3.971,
        0,
        2.433,
        8,
        2,
        2.5,
        8
      ]
    },
    {
      "Target": "Parameter",
      "Id": "ParamArmR1Z",
      "Segments": [
        0,
        30,
        1,
        0.067,
        30,
        0.133,
        -1.338,
        0.2,
        -15.06,
        1,
        0.233,
        -21.921,
        0.267,
        -20.294,
        0.3,
        -20.294,
        1,
        0.356,
        -20.294,
        0.411,
        -14.907,
        0.467,
        -5.279,
        1,
        0.489,
        -1.428,
        0.511,
        0,
        0.533,
        0,
        2,
        1.3,
        0,
        1,
        1.344,
        0,
        1.389,
        0.133,
        1.433,
        4.208,
        1,
        1.522,
        12.359,
        1.611,
        20.483,
        1.7,
        20.483,
        1,
        1.733,
        20.483,
        1.767,
        19.044,
        1.8,
        12.802,
        1,
        1.833,
        6.56,
        1.867,
        0.68,
        1.9,
        0.68,
        1,
        1.922,
        0.68,
        1.945,
        14.141,
        1.967,
        17,
        1,
        2,
        21.288,
        2.034,
        23.68,
        2.067,
        26,
        1,
        2.111,
        29.093,
        2.156,
        30,
        2.2,
        30,
        2,
        2.5,
        30
      ]
    },
    {
      "Target": "Parameter",
      "Id": "ParamArmR1Y",
      "Segments": [
        0,
        -30,
        0,
        0.533,
        0,
        2,
        1.567,
        0,
        1,
        1.611,
        0,
        1.656,
        -1.801,
        1.7,
        -9.927,
        1,
        1.733,
        -16.022,
        1.767,
        -23.346,
        1.8,
        -23.346,
        0,
        2,
        0,
        0,
        2.3,
        -30,
        2,
        2.5,
        -30
      ]
    },
    {
      "Target": "Parameter",
      "Id": "ParamRHand",
      "Segments": [
        0,
        -8,
        0,
        0.133,
        6,
        1,
        0.178,
        6,
        0.222,
        -4.861,
        0.267,
        -15,
        1,
        0.289,
        -20.069,
        0.311,
        -21.473,
        0.333,
        -25,
        1,
        0.344,
        -26.764,
        0.356,
        -28,
        0.367,
        -28,
        1,
        0.378,
        -28,
        0.389,
        -28.073,
        0.4,
        -27,
        1,
        0.411,
        -25.927,
        0.422,
        -17.22,
        0.433,
        -15,
        1,
        0.455,
        -10.56,
        0.478,
        -6.282,
        0.5,
        -4,
        1,
        0.556,
        1.705,
        0.611,
        4.969,
        0.667,
        11,
        1,
        0.7,
        14.618,
        0.734,
        19.614,
        0.767,
        19.614,
        1,
        0.822,
        19.614,
        0.878,
        16.496,
        0.933,
        15.607,
        1,
        1.055,
        13.653,
        1.178,
        12.583,
        1.3,
        11,
        1,
        1.333,
        10.568,
        1.367,
        10.553,
        1.4,
        9.54,
        1,
        1.456,
        7.852,
        1.511,
        -9,
        1.567,
        -9,
        1,
        1.6,
        -9,
        1.634,
        0.18,
        1.667,
        11,
        1,
        1.711,
        25.426,
        1.756,
        30,
        1.8,
        30,
        0,
        1.967,
        -3.268,
        1,
        1.978,
        -3.268,
        1.989,
        -3.196,
        2,
        -2.035,
        1,
        2.022,
        0.287,
        2.045,
        2.449,
        2.067,
        2.449,
        0,
        2.5,
        -8
      ]
    },
    {
      "Target": "Parameter",
      "Id": "ParamRHandZ2",
      "Segments": [
        0,
        19,
        1,
        0.056,
        19,
        0.111,
        11.064,
        0.167,
        0,
        1,
        0.211,
        -8.852,
        0.256,
        -14.854,
        0.3,
        -23,
        1,
        0.322,
        -27.073,
        0.345,
        -30,
        0.367,
        -30,
        1,
        0.389,
        -30,
        0.411,
        -24.114,
        0.433,
        -14,
        1,
        0.466,
        1.171,
        0.5,
        8,
        0.533,
        8,
        0,
        0.733,
        -10.065,
        0,
        1.067,
        8.313,
        0,
        1.4,
        -0.93,
        0,
        1.567,
        2.259,
        0,
        1.667,
        -4.125,
        0,
        1.8,
        16,
        0,
        1.9,
        2.259,
        0,
        1.967,
        9.361,
        0,
        2.133,
        -3.28,
        0,
        2.5,
        19
      ]
    },
    {
      "Target": "Parameter",
      "Id": "ParamHQiangX",
      "Segments": [
        0,
        -12,
        0,
        0.167,
        23.097,
        0,
        0.433,
        -23.984,
        2,
        0.8,
        -23.984,
        0,
        1.033,
        14.506,
        0,
        1.533,
        -12,
        0,
        1.867,
        14.506,
        0,
        2.133,
        -16.033,
        0,
        2.5,
        -12
      ]
    },
    {
      "Target": "Parameter",
      "Id": "ParamHQiang",
      "Segments": [
        0,
        -10,
        0,
        0.2,
        -23,
        0,
        0.467,
        15,
        0,
        0.867,
        -23,
        0,
        1.533,
        -10,
        0,
        1.867,
        -30,
        0,
        2.5,
        -10
      ]
    },
    {
      "Target": "Parameter",
      "Id": "ParamJXWei1",
      "Segments": [
        0,
        18.974,
        0,
        0.067,
        -12,
        2,
        0.333,
        -12,
        1,
        0.389,
        -1.675,
        0.444,
        8.649,
        0.5,
        18.974,
        2,
        1.567,
        18.974,
        1,
        1.678,
        16.29,
        1.789,
        13.605,
        1.9,
        10.921,
        2,
        2.2,
        10.921,
        1,
        2.3,
        13.605,
        2.4,
        16.29,
        2.5,
        18.974
      ]
    },
    {
      "Target": "Parameter",
      "Id": "ParamJXWei2",
      "Segments": [
        0,
        23,
        0,
        0.233,
        -13,
        2,
        0.433,
        -13,
        1,
        0.489,
        -1,
        0.544,
        11,
        0.6,
        23,
        2,
        1.633,
        23,
        1,
        1.733,
        17.812,
        1.833,
        12.624,
        1.933,
        7.436,
        2,
        2.2,
        7.436,
        1,
        2.3,
        12.624,
        2.4,
        17.812,
        2.5,
        23
      ]
    },
    {
      "Target": "Parameter",
      "Id": "ParamJXWei3",
      "Segments": [
        0,
        -14,
        0,
        0.3,
        -30,
        2,
        0.567,
        -30,
        1,
        0.634,
        -24.667,
        0.7,
        -19.333,
        0.767,
        -14,
        2,
        1.7,
        -14,
        1,
        1.833,
        -16.044,
        1.967,
        -18.087,
        2.1,
        -20.131,
        1,
        2.233,
        -18.087,
        2.367,
        -16.044,
        2.5,
        -14
      ]
    },
    {
      "Target": "Parameter",
      "Id": "ParamJXWei4",
      "Segments": [
        0,
        -7,
        1,
        0.022,
        -7,
        0.045,
        30,
        0.067,
        30,
        2,
        0.267,
        30,
        1,
        0.311,
        10,
        0.356,
        -10,
        0.4,
        -30,
        2,
        0.6,
        -30,
        1,
        0.656,
        -22.333,
        0.711,
        -14.667,
        0.767,
        -7,
        2,
        1.7,
        -7,
        1,
        1.844,
        -8.958,
        1.989,
        -10.915,
        2.133,
        -12.873,
        1,
        2.255,
        -10.915,
        2.378,
        -8.958,
        2.5,
        -7
      ]
    },
    {
      "Target": "Parameter",
      "Id": "ParamJXWei5",
      "Segments": [
        0,
        -6.165,
        0,
        0.167,
        27.482,
        2,
        0.333,
        27.482,
        1,
        0.4,
        8.321,
        0.466,
        -10.839,
        0.533,
        -30,
        2,
        0.633,
        -30,
        1,
        0.711,
        -22.055,
        0.789,
        -14.11,
        0.867,
        -6.165,
        2,
        1.8,
        -6.165,
        1,
        1.9,
        -9.413,
        2,
        -12.66,
        2.1,
        -15.908,
        1,
        2.233,
        -12.66,
        2.367,
        -9.413,
        2.5,
        -6.165
      ]
    },
    {
      "Target": "Parameter",
      "Id": "ParamJXWei6",
      "Segments": [
        0,
        15,
        0,
        0.167,
        -7.168,
        0,
        0.467,
        27,
        0,
        0.867,
        15,
        2,
        1.7,
        15,
        0,
        2,
        23,
        0,
        2.5,
        15
      ]
    },
    {
      "Target": "Parameter",
      "Id": "ParamJXWei7",
      "Segments": [
        0,
        8.36,
        0,
        0.267,
        -8.665,
        0,
        0.6,
        21.527,
        0,
        0.867,
        8.36,
        2,
        1.7,
        8.36,
        0,
        2,
        22,
        0,
        2.5,
        8.36
      ]
    },
    {
      "Target": "Parameter",
      "Id": "ParamZTX",
      "Segments": [
        0,
        0.756,
        1,
        0.078,
        0.756,
        0.155,
        4.996,
        0.233,
        4.997,
        1,
        0.433,
        5,
        0.633,
        5,
        0.833,
        5,
        0,
        2.033,
        0.582,
        0,
        2.5,
        0.756
      ]
    },
    {
      "Target": "Parameter",
      "Id": "ParamZTY",
      "Segments": [
        0,
        -9.575,
        1,
        0.044,
        -9.575,
        0.089,
        -6.574,
        0.133,
        -3.289,
        1,
        0.233,
        4.103,
        0.333,
        6.87,
        0.433,
        6.87,
        2,
        0.933,
        6.87,
        1,
        1.044,
        6.87,
        1.156,
        7.222,
        1.267,
        5.446,
        1,
        1.411,
        3.137,
        1.556,
        -10.749,
        1.7,
        -10.749,
        0,
        2.1,
        -9.575,
        2,
        2.5,
        -9.575
      ]
    },
    {
      "Target": "Parameter",
      "Id": "ParamZTO",
      "Segments": [
        0,
        9.5,
        0,
        0.433,
        10.52,
        2,
        1.067,
        10.52,
        0,
        1.9,
        9.5,
        2,
        2.5,
        9.5
      ]
    },
    {
      "Target": "Parameter",
      "Id": "Param9",
      "Segments": [
        0,
        0,
        2,
        0.2,
        0,
        0,
        0.333,
        -13,
        0,
        0.667,
        6,
        0,
        2.5,
        0
      ]
    },
    {
      "Target": "Parameter",
      "Id": "ParamOpaishakeX",
      "Segments": [
        0,
        0,
        1,
        0.033,
        0,
        0.067,
        0.455,
        0.1,
        0.764,
        1,
        0.122,
        0.97,
        0.145,
        0.96,
        0.167,
        0.96,
        0,
        0.4,
        -0.314,
        0,
        0.6,
        0.151,
        0,
        0.833,
        -0.051,
        1,
        0.911,
        -0.051,
        0.989,
        -0.025,
        1.067,
        0.071,
        1,
        1.167,
        0.194,
        1.267,
        0.285,
        1.367,
        0.285,
        0,
        1.7,
        -0.171,
        0,
        2,
        0.218,
        0,
        2.333,
        -0.097,
        0,
        2.5,
        0
      ]
    },
    {
      "Target": "Parameter",
      "Id": "ParamOpaishakeXB",
      "Segments": [
        0,
        0,
        0,
        0.067,
        -17.399,
        1,
        0.1,
        -17.399,
        0.134,
        12.116,
        0.167,
        22.908,
        1,
        0.189,
        30,
        0.211,
        28.8,
        0.233,
        28.8,
        0,
        0.467,
        -9.408,
        0,
        0.667,
        4.533,
        0,
        0.9,
        -1.518,
        0,
        1.1,
        2.139,
        0,
        1.2,
        -1.518,
        0,
        1.5,
        8.553,
        0,
        1.767,
        -10.756,
        1,
        1.811,
        -10.756,
        1.856,
        -10.753,
        1.9,
        -8.608,
        1,
        1.944,
        -6.463,
        1.989,
        4.726,
        2.033,
        7.521,
        1,
        2.066,
        9.617,
        2.1,
        9.556,
        2.133,
        9.556,
        0,
        2.5,
        0
      ]
    },
    {
      "Target": "Parameter",
      "Id": "ParamOpaishakeY",
      "Segments": [
        0,
        -0.159,
        0,
        0.2,
        0.382,
        0,
        0.433,
        -0.81,
        0,
        0.7,
        0.275,
        0,
        0.933,
        -0.195,
        0,
        1.433,
        0.721,
        0,
        1.733,
        -0.027,
        0,
        2,
        0.275,
        0,
        2.333,
        -0.423,
        0,
        2.5,
        -0.159
      ]
    },
    {
      "Target": "Parameter",
      "Id": "ParamOpaishakeYB",
      "Segments": [
        0,
        -4.77,
        0,
        0.133,
        11.46,
        0,
        0.333,
        -24.288,
        0,
        0.6,
        8.25,
        0,
        0.833,
        -5.853,
        1,
        0.911,
        -5.853,
        0.989,
        -6.143,
        1.067,
        -2.562,
        1,
        1.145,
        1.019,
        1.222,
        27,
        1.3,
        27,
        0,
        1.6,
        -2.562,
        0,
        1.967,
        11.46,
        0,
        2.3,
        -11.936,
        0,
        2.5,
        -4.77
      ]
    },
    {
      "Target": "Parameter",
      "Id": "ParamOpaishakeX2",
      "Segments": [
        0,
        -0.007,
        0,
        0.1,
        -0.883,
        0,
        0.267,
        0.975,
        0,
        0.467,
        -0.535,
        0,
        0.7,
        0.257,
        1,
        0.778,
        0.257,
        0.855,
        0.053,
        0.933,
        -0.117,
        1,
        1.011,
        -0.287,
        1.089,
        -0.311,
        1.167,
        -0.311,
        0,
        1.6,
        0.513,
        0,
        1.933,
        -0.426,
        0,
        2.233,
        0.595,
        0,
        2.5,
        -0.007
      ]
    },
    {
      "Target": "Parameter",
      "Id": "ParamOpaishakeY2",
      "Segments": [
        0,
        -0.159,
        0,
        0.267,
        0.382,
        0,
        0.467,
        -0.81,
        0,
        0.767,
        0.275,
        0,
        1,
        -0.195,
        1,
        1.067,
        -0.195,
        1.133,
        -0.155,
        1.2,
        0.074,
        1,
        1.3,
        0.418,
        1.4,
        0.709,
        1.5,
        0.709,
        0,
        1.8,
        -0.027,
        0,
        2.167,
        0.275,
        0,
        2.5,
        -0.159
      ]
    },
    {
      "Target": "Parameter",
      "Id": "ParamOpaishakeY2B",
      "Segments": [
        0,
        -4.77,
        0,
        0.167,
        11.46,
        0,
        0.4,
        -24.288,
        0,
        0.667,
        8.25,
        0,
        0.9,
        -5.853,
        0,
        1.367,
        17.718,
        0,
        1.667,
        -0.804,
        0,
        2,
        11.46,
        0,
        2.3,
        -12.309,
        0,
        2.5,
        -4.77
      ]
    },
    {
      "Target": "Parameter",
      "Id": "ParamClothes",
      "Segments": [
        0,
        -0.262,
        0,
        0.1,
        -0.611,
        0,
        0.3,
        -0.161,
        0,
        0.5,
        -0.281,
        0,
        0.767,
        -0.257,
        0,
        1.067,
        -0.276,
        0,
        1.5,
        0.277,
        0,
        1.967,
        -0.611,
        0,
        2.233,
        -0.161,
        0,
        2.5,
        -0.262
      ]
    },
    {
      "Target": "Parameter",
      "Id": "ParamClothesY",
      "Segments": [
        0,
        -0.004,
        0,
        0.167,
        0.891,
        0,
        0.367,
        -0.296,
        0,
        0.6,
        0.101,
        0,
        0.833,
        -0.034,
        0,
        1.067,
        0.012,
        0,
        1.167,
        -0.033,
        0,
        1.467,
        0.193,
        0,
        1.667,
        -1,
        2,
        1.8,
        -1,
        0,
        2.033,
        0.891,
        0,
        2.333,
        -0.296,
        0,
        2.5,
        -0.004
      ]
    },
    {
      "Target": "Parameter",
      "Id": "ParamClothes2Y",
      "Segments": [
        0,
        0,
        0,
        0.133,
        -0.489,
        0,
        0.733,
        0.28,
        0,
        1.1,
        -0.282,
        0,
        1.3,
        0,
        0,
        1.6,
        -0.059,
        0,
        2.033,
        0.276,
        0,
        2.5,
        0
      ]
    },
    {
      "Target": "Parameter",
      "Id": "ParamClothes2",
      "Segments": [
        0,
        0,
        0,
        0.4,
        -0.398,
        0,
        0.933,
        0.259,
        0,
        1.3,
        0,
        0,
        1.567,
        0.042,
        0,
        1.9,
        -0.194,
        0,
        2.333,
        0.11,
        0,
        2.5,
        0
      ]
    },
    {
      "Target": "Parameter",
      "Id": "ParamPhysics1",
      "Segments": [
        0,
        -7.934,
        0,
        0.267,
        -2.382,
        0,
        0.6,
        -9.214,
        0,
        0.933,
        -7.519,
        0,
        1.233,
        -7.854,
        0,
        1.5,
        -4.393,
        0,
        1.767,
        -25.307,
        0,
        2.167,
        -2.382,
        0,
        2.5,
        -7.934
      ]
    },
    {
      "Target": "Parameter",
      "Id": "ParamPhysics2",
      "Segments": [
        0,
        -0.563,
        0,
        0.167,
        -12.227,
        0,
        0.433,
        8.704,
        0,
        0.767,
        -4.527,
        0,
        1.067,
        1.998,
        1,
        1.122,
        1.998,
        1.178,
        1.026,
        1.233,
        0,
        1,
        1.322,
        -1.641,
        1.411,
        -2.162,
        1.5,
        -2.162,
        0,
        1.767,
        13.527,
        0,
        2.033,
        -12.227,
        0,
        2.4,
        8.704,
        0,
        2.5,
        -0.563
      ]
    },
    {
      "Target": "Parameter",
      "Id": "ParamPhysics3",
      "Segments": [
        0,
        1.76,
        0,
        0.267,
        -13.683,
        0,
        0.567,
        12.998,
        0,
        0.867,
        -8.911,
        0,
        1.233,
        -0.011,
        0,
        1.567,
        -1.281,
        0,
        1.867,
        8.783,
        0,
        2.167,
        -13.683,
        0,
        2.5,
        1.76
      ]
    },
    {
      "Target": "Parameter",
      "Id": "ParamPhysics4",
      "Segments": [
        0,
        8.975,
        1,
        0.044,
        8.975,
        0.089,
        9.635,
        0.133,
        6.875,
        1,
        0.222,
        1.356,
        0.311,
        -14.642,
        0.4,
        -14.642,
        0,
        0.667,
        17.154,
        0,
        0.967,
        -14.16,
        0,
        1.333,
        -0.026,
        0,
        1.667,
        -0.862,
        0,
        2,
        6.875,
        0,
        2.367,
        -14.642,
        0,
        2.5,
        8.975
      ]
    },
    {
      "Target": "Parameter",
      "Id": "Param13",
      "Segments": [
        0,
        15.153,
        0,
        0.2,
        17.817,
        0,
        0.533,
        0.841,
        0,
        0.9,
        11.388,
        1,
        1.033,
        11.388,
        1.167,
        8.396,
        1.3,
        0.841,
        1,
        1.378,
        -3.566,
        1.455,
        -6.775,
        1.533,
        -6.775,
        1,
        1.644,
        -6.775,
        1.756,
        2.902,
        1.867,
        11.388,
        1,
        1.945,
        17.328,
        2.022,
        17.817,
        2.1,
        17.817,
        0,
        2.5,
        15.153
      ]
    },
    {
      "Target": "Parameter",
      "Id": "Param14",
      "Segments": [
        0,
        1.811,
        0,
        0.2,
        12.241,
        0,
        0.433,
        -3.343,
        0,
        0.733,
        12.241,
        0,
        1.067,
        -7.491,
        0,
        1.467,
        8.229,
        0,
        1.733,
        -11.196,
        0,
        2.1,
        12.241,
        0,
        2.4,
        -3.343,
        0,
        2.5,
        1.811
      ]
    },
    {
      "Target": "Parameter",
      "Id": "ParamAngleA1",
      "Segments": [
        0,
        22.73,
        2,
        0.067,
        22.73,
        0,
        0.233,
        7.644,
        0,
        0.5,
        27.686,
        0,
        0.933,
        -9.342,
        0,
        1.267,
        18.073,
        0,
        1.567,
        -5.696,
        0,
        1.967,
        21.176,
        0,
        2.133,
        15.919,
        0,
        2.4,
        27.748,
        0,
        2.5,
        22.73
      ]
    },
    {
      "Target": "Parameter",
      "Id": "ParamAngleA2",
      "Segments": [
        0,
        2.717,
        0,
        0.133,
        15.391,
        0,
        0.433,
        -7.523,
        0,
        0.667,
        14.4,
        0,
        0.933,
        -7.523,
        0,
        1.333,
        11.117,
        0,
        1.733,
        -13.726,
        0,
        2,
        15.391,
        0,
        2.3,
        -7.523,
        0,
        2.5,
        2.717
      ]
    },
    {
      "Target": "Parameter",
      "Id": "ParamAngleA3",
      "Segments": [
        0,
        4.743,
        0,
        0.2,
        19.489,
        0,
        0.467,
        -25.488,
        0,
        0.767,
        13.864,
        0,
        1.067,
        -4.416,
        0,
        1.367,
        16.355,
        0,
        1.833,
        -12.594,
        0,
        2.2,
        13.864,
        0,
        2.5,
        4.743
      ]
    },
    {
      "Target": "Parameter",
      "Id": "ParamAngleA4",
      "Segments": [
        0,
        -11.706,
        1,
        0.033,
        -11.706,
        0.067,
        -11.688,
        0.1,
        -6.213,
        1,
        0.178,
        6.561,
        0.255,
        18.572,
        0.333,
        18.572,
        0,
        0.633,
        -27.154,
        0,
        0.967,
        15.025,
        0,
        1.367,
        -15.963,
        0,
        1.7,
        6.984,
        0,
        1.967,
        -9.81,
        0,
        2.267,
        8.813,
        0,
        2.5,
        -11.706
      ]
    },
    {
      "Target": "Parameter",
      "Id": "ParamAngleB1",
      "Segments": [
        0,
        22.538,
        0,
        0.167,
        17.082,
        0,
        0.333,
        26.726,
        1,
        0.422,
        26.726,
        0.511,
        26.696,
        0.6,
        18.646,
        1,
        0.733,
        6.57,
        0.867,
        -10.163,
        1,
        -10.163,
        0,
        1.367,
        21.194,
        1,
        1.411,
        21.194,
        1.456,
        6.905,
        1.5,
        1.261,
        1,
        1.578,
        -8.616,
        1.655,
        -10.163,
        1.733,
        -10.163,
        1,
        1.833,
        -10.163,
        1.933,
        6.723,
        2.033,
        17.082,
        1,
        2.122,
        26.29,
        2.211,
        26.726,
        2.3,
        26.726,
        0,
        2.5,
        22.538
      ]
    },
    {
      "Target": "Parameter",
      "Id": "ParamAngleB2",
      "Segments": [
        0,
        13.71,
        0,
        0.133,
        -0.128,
        0,
        0.333,
        18.361,
        0,
        0.6,
        -4.858,
        0,
        0.867,
        18.361,
        0,
        1.233,
        -9.46,
        0,
        1.567,
        10.099,
        0,
        1.9,
        -16.794,
        0,
        2.267,
        22.175,
        0,
        2.5,
        13.71
      ]
    },
    {
      "Target": "Parameter",
      "Id": "ParamAngleB3",
      "Segments": [
        0,
        -9,
        0,
        0.167,
        -11.132,
        0,
        0.4,
        19.863,
        0,
        0.633,
        -26.117,
        0,
        0.9,
        26.917,
        1,
        0.967,
        26.917,
        1.033,
        10.599,
        1.1,
        7.151,
        1,
        1.233,
        0.255,
        1.367,
        -0.782,
        1.5,
        -0.782,
        0,
        1.767,
        3.755,
        0,
        2.033,
        -11.132,
        0,
        2.367,
        19.863,
        0,
        2.5,
        -9
      ]
    },
    {
      "Target": "Parameter",
      "Id": "ParamAngleB4",
      "Segments": [
        0,
        21.78,
        0,
        0.267,
        -8.89,
        0,
        0.5,
        22.821,
        0,
        0.767,
        -36.998,
        0,
        1.067,
        21.78,
        1,
        1.134,
        21.78,
        1.2,
        8.593,
        1.267,
        5.189,
        1,
        1.4,
        -1.619,
        1.534,
        -2.736,
        1.667,
        -2.736,
        0,
        1.9,
        1.26,
        0,
        2.167,
        -8.89,
        0,
        2.5,
        21.78
      ]
    },
    {
      "Target": "Parameter",
      "Id": "ParamAngleC1",
      "Segments": [
        0,
        21.173,
        0,
        0.167,
        9.391,
        0,
        0.433,
        29.999,
        0,
        0.9,
        4.335,
        0,
        1.333,
        38.667,
        0,
        1.7,
        24.795,
        0,
        2.067,
        37.204,
        0,
        2.5,
        21.173
      ]
    },
    {
      "Target": "Parameter",
      "Id": "ParamAngleC2",
      "Segments": [
        0,
        31,
        1,
        0.089,
        31,
        0.178,
        26.218,
        0.267,
        16.809,
        1,
        0.345,
        8.576,
        0.422,
        4.535,
        0.5,
        4.535,
        0,
        0.767,
        22.067,
        0,
        1.133,
        -2.487,
        0,
        1.5,
        19.981,
        0,
        1.8,
        -2.487,
        0,
        2.233,
        41.332,
        0,
        2.5,
        31
      ]
    },
    {
      "Target": "Parameter",
      "Id": "ParamAngleC3",
      "Segments": [
        0,
        0.355,
        0,
        0.167,
        -11.219,
        0,
        0.4,
        15.844,
        0,
        0.7,
        -2.854,
        0,
        1,
        9.546,
        0,
        1.4,
        -2.854,
        0,
        1.7,
        7.774,
        0,
        2.033,
        -9.644,
        0,
        2.333,
        3.444,
        0,
        2.5,
        0.355
      ]
    },
    {
      "Target": "Parameter",
      "Id": "ParamAngleC4",
      "Segments": [
        0,
        1.488,
        0,
        0.233,
        -8.522,
        0,
        0.467,
        15.39,
        0,
        0.7,
        -5.923,
        0,
        1.067,
        11.416,
        0,
        1.5,
        -2.559,
        0,
        1.767,
        6.692,
        0,
        2.1,
        -9.841,
        0,
        2.333,
        4.913,
        0,
        2.5,
        1.488
      ]
    },
    {
      "Target": "Parameter",
      "Id": "ParamAngleC5",
      "Segments": [
        0,
        1.439,
        0,
        0.1,
        2.951,
        0,
        0.333,
        -8.865,
        0,
        0.533,
        17.226,
        0,
        0.8,
        -3.543,
        0,
        1.133,
        11.024,
        0,
        1.567,
        -2.264,
        0,
        1.833,
        6.299,
        0,
        2.133,
        -8.865,
        0,
        2.367,
        3.536,
        0,
        2.5,
        1.439
      ]
    },
    {
      "Target": "Parameter",
      "Id": "ParamAngleD1",
      "Segments": [
        0,
        4.377,
        1,
        0.078,
        4.377,
        0.155,
        5.378,
        0.233,
        9.391,
        1,
        0.322,
        13.977,
        0.411,
        17.853,
        0.5,
        17.853,
        0,
        0.967,
        4.335,
        0,
        1.367,
        22.687,
        0,
        1.733,
        8.815,
        0,
        2.1,
        21.224,
        0,
        2.5,
        4.377
      ]
    },
    {
      "Target": "Parameter",
      "Id": "ParamAngleD2",
      "Segments": [
        0,
        22.823,
        1,
        0.111,
        22.823,
        0.222,
        22.129,
        0.333,
        16.809,
        1,
        0.411,
        13.085,
        0.489,
        4.535,
        0.567,
        4.535,
        0,
        0.833,
        22.067,
        0,
        1.2,
        -2.487,
        0,
        1.567,
        19.981,
        0,
        1.867,
        -2.487,
        0,
        2.3,
        41.332,
        0,
        2.5,
        22.823
      ]
    },
    {
      "Target": "Parameter",
      "Id": "ParamAngleD3",
      "Segments": [
        0,
        0.355,
        0,
        0.233,
        -11.219,
        0,
        0.467,
        15.844,
        0,
        0.767,
        -2.854,
        0,
        1.067,
        9.546,
        0,
        1.467,
        -2.854,
        0,
        1.733,
        9.546,
        1,
        1.822,
        9.546,
        1.911,
        7.946,
        2,
        2.657,
        1,
        2.067,
        -1.31,
        2.133,
        -4.92,
        2.2,
        -4.92,
        0,
        2.5,
        0.355
      ]
    },
    {
      "Target": "Parameter",
      "Id": "ParamAngleD4",
      "Segments": [
        0,
        1.488,
        0,
        0.267,
        -8.522,
        0,
        0.533,
        15.39,
        0,
        0.767,
        -5.923,
        0,
        1.133,
        11.416,
        0,
        1.567,
        -2.559,
        0,
        1.833,
        6.692,
        0,
        2.233,
        -2.559,
        0,
        2.5,
        1.488
      ]
    },
    {
      "Target": "Parameter",
      "Id": "ParamAngleD5",
      "Segments": [
        0,
        1.439,
        0,
        0.133,
        3.74,
        0,
        0.4,
        -8.865,
        0,
        0.633,
        14.961,
        0,
        0.867,
        -3.543,
        0,
        1.2,
        11.024,
        0,
        1.633,
        -2.264,
        0,
        1.9,
        6.299,
        0,
        2.267,
        -3.543,
        0,
        2.5,
        1.439
      ]
    },
    {
      "Target": "Parameter",
      "Id": "ParamAngleE1",
      "Segments": [
        0,
        26,
        0,
        0.2,
        16.91,
        0,
        0.367,
        26,
        1,
        0.478,
        26,
        0.589,
        25.68,
        0.7,
        19.829,
        1,
        0.811,
        13.978,
        0.922,
        2.546,
        1.033,
        2.546,
        0,
        1.4,
        26,
        0,
        1.8,
        7.562,
        1,
        1.9,
        7.562,
        2,
        10.093,
        2.1,
        16.91,
        1,
        2.178,
        22.212,
        2.255,
        26,
        2.333,
        26,
        2,
        2.5,
        26
      ]
    },
    {
      "Target": "Parameter",
      "Id": "ParamAngleE2",
      "Segments": [
        0,
        15.699,
        0,
        0.267,
        5.215,
        0,
        0.567,
        18.654,
        1,
        0.656,
        18.654,
        0.744,
        18.162,
        0.833,
        14.254,
        1,
        0.911,
        10.834,
        0.989,
        5.215,
        1.067,
        5.215,
        1,
        1.156,
        5.215,
        1.244,
        6.275,
        1.333,
        9.422,
        1,
        1.411,
        12.175,
        1.489,
        14.254,
        1.567,
        14.254,
        1,
        1.667,
        14.254,
        1.767,
        14.29,
        1.867,
        12.371,
        1,
        1.967,
        10.451,
        2.067,
        5.215,
        2.167,
        5.215,
        0,
        2.5,
        15.699
      ]
    },
    {
      "Target": "Parameter",
      "Id": "ParamAngleE3",
      "Segments": [
        0,
        -1.257,
        0,
        0.1,
        1.943,
        0,
        0.333,
        -4.372,
        0,
        0.567,
        11.578,
        0,
        0.933,
        -3.66,
        0,
        1.233,
        6.195,
        0,
        1.6,
        -2.262,
        0,
        1.967,
        1.943,
        0,
        2.3,
        -4.372,
        0,
        2.5,
        -1.257
      ]
    },
    {
      "Target": "Parameter",
      "Id": "ParamAngleE4",
      "Segments": [
        0,
        -10.198,
        0,
        0.2,
        4.244,
        0,
        0.467,
        -8.067,
        0,
        0.733,
        8.388,
        0,
        1,
        -4.418,
        0,
        1.3,
        6.812,
        0,
        1.767,
        -4.418,
        0,
        2.1,
        4.244,
        0,
        2.5,
        -10.198
      ]
    },
    {
      "Target": "Parameter",
      "Id": "ParamGangSheng1",
      "Segments": [
        0,
        -0.002,
        0,
        0.167,
        5.418,
        0,
        0.4,
        -1.435,
        0,
        0.633,
        0.384,
        0,
        0.967,
        -2.857,
        1,
        1.056,
        -2.857,
        1.144,
        -1.761,
        1.233,
        0,
        1,
        1.322,
        1.761,
        1.411,
        2.458,
        1.5,
        2.458,
        0,
        1.767,
        -13.29,
        0,
        2.033,
        5.418,
        0,
        2.367,
        -1.435,
        0,
        2.5,
        -0.002
      ]
    },
    {
      "Target": "Parameter",
      "Id": "ParamGangSheng2",
      "Segments": [
        0,
        0.122,
        0,
        0.067,
        -17.247,
        0,
        0.3,
        9.971,
        0,
        0.5,
        -4.552,
        0,
        0.767,
        1.765,
        0,
        1,
        -0.625,
        0,
        1.233,
        0,
        0,
        1.467,
        -1.834,
        0,
        1.733,
        11.4,
        0,
        1.9,
        -17.247,
        0,
        2.233,
        9.971,
        0,
        2.5,
        0.122
      ]
    },
    {
      "Target": "Parameter",
      "Id": "ParamGangSheng3",
      "Segments": [
        0,
        0.627,
        0,
        0.167,
        -15.519,
        0,
        0.4,
        12.927,
        0,
        0.633,
        -7.41,
        0,
        0.833,
        3.639,
        0,
        1.067,
        -1.579,
        0,
        1.267,
        0,
        0,
        1.533,
        -1.342,
        0,
        1.8,
        10.459,
        0,
        2.033,
        -15.519,
        0,
        2.367,
        12.927,
        0,
        2.5,
        0.627
      ]
    },
    {
      "Target": "Parameter",
      "Id": "ParamGangSheng4",
      "Segments": [
        0,
        -0.01,
        0,
        0.067,
        9.189,
        0,
        0.233,
        -16.458,
        0,
        0.467,
        15.925,
        0,
        0.733,
        -10.969,
        0,
        0.967,
        6.312,
        1,
        1.078,
        6.312,
        1.189,
        1.781,
        1.3,
        0,
        1,
        1.389,
        -1.424,
        1.478,
        -1.293,
        1.567,
        -1.293,
        0,
        1.9,
        9.189,
        0,
        2.133,
        -16.458,
        0,
        2.5,
        -0.01
      ]
    },
    {
      "Target": "Parameter",
      "Id": "ParamGangSheng5",
      "Segments": [
        0,
        -4.358,
        0,
        0.133,
        8.368,
        0,
        0.3,
        -17.179,
        0,
        0.533,
        19.286,
        0,
        0.767,
        -15.022,
        0,
        1.033,
        9.858,
        0,
        1.167,
        -16.861,
        0,
        1.367,
        0,
        0,
        1.667,
        -1.035,
        0,
        2,
        8.368,
        0,
        2.233,
        -17.179,
        0,
        2.5,
        -4.358
      ]
    },
    {
      "Target": "Parameter",
      "Id": "ParamGangSheng6",
      "Segments": [
        0,
        -8.16,
        0,
        0.167,
        8.132,
        0,
        0.4,
        -18.112,
        0,
        0.633,
        22.149,
        0,
        0.867,
        -19.435,
        0,
        1.1,
        14.16,
        1,
        1.222,
        14.16,
        1.345,
        1.609,
        1.467,
        0,
        1,
        1.556,
        -1.17,
        1.644,
        -0.884,
        1.733,
        -0.884,
        0,
        2.033,
        8.132,
        0,
        2.367,
        -18.112,
        0,
        2.5,
        -8.16
      ]
    },
    {
      "Target": "Parameter",
      "Id": "ParamJXSheng2",
      "Segments": [
        0,
        0.01,
        0,
        0.067,
        -9.189,
        0,
        0.233,
        16.458,
        0,
        0.467,
        -15.925,
        0,
        0.733,
        10.969,
        0,
        0.967,
        -6.312,
        1,
        1.078,
        -6.312,
        1.189,
        -1.781,
        1.3,
        0,
        1,
        1.389,
        1.424,
        1.478,
        1.293,
        1.567,
        1.293,
        0,
        1.9,
        -9.189,
        0,
        2.133,
        16.458,
        0,
        2.5,
        0.01
      ]
    },
    {
      "Target": "Parameter",
      "Id": "ParamJXSheng1",
      "Segments": [
        0,
        0.627,
        0,
        0.167,
        -15.519,
        0,
        0.4,
        12.927,
        0,
        0.633,
        -7.41,
        0,
        0.833,
        3.639,
        0,
        1.067,
        -1.579,
        0,
        1.267,
        0,
        0,
        1.533,
        -1.342,
        0,
        1.8,
        10.459,
        0,
        2.033,
        -15.519,
        0,
        2.367,
        12.927,
        0,
        2.5,
        0.627
      ]
    },
    {
      "Target": "Parameter",
      "Id": "ParamShanyao",
      "Segments": [
        0,
        0,
        2,
        0.4,
        0,
        1,
        0.444,
        0,
        0.489,
        0.295,
        0.533,
        0.383,
        1,
        0.644,
        0.602,
        0.756,
        0.762,
        0.867,
        0.903,
        1,
        0.934,
        0.988,
        1,
        1,
        1.067,
        1,
        2,
        1.433,
        1,
        2,
        1.467,
        0,
        2,
        2.5,
        0
      ]
    },
    {
      "Target": "Parameter",
      "Id": "ParamGuang1",
      "Segments": [
        0,
        1,
        3,
        0.033,
        0,
        0,
        0.433,
        1,
        2,
        2.5,
        1
      ]
    },
    {
      "Target": "Parameter",
      "Id": "ParamDianchuWeizhi",
      "Segments": [
        0,
        4,
        0,
        0.2,
        5,
        0,
        2.5,
        4
      ]
    },
    {
      "Target": "Parameter",
      "Id": "ParamUI1",
      "Segments": [
        0,
        0.5,
        0,
        0.167,
        0.452,
        1,
        0.222,
        0.452,
        0.278,
        0.438,
        0.333,
        0.5,
        1,
        0.4,
        0.575,
        0.466,
        1,
        0.533,
        1,
        2,
        1.533,
        1,
        2,
        1.567,
        0,
        2,
        1.833,
        0,
        0,
        2.233,
        0.5,
        2,
        2.5,
        0.5
      ]
    },
    {
      "Target": "Parameter",
      "Id": "ParamUITouming",
      "Segments": [
        0,
        0.6,
        2,
        0.467,
        0.6,
        0,
        0.567,
        0,
        2,
        0.767,
        0,
        0,
        2.5,
        0.6
      ]
    },
    {
      "Target": "Parameter",
      "Id": "ParamUIXD",
      "Segments": [
        0,
        0,
        2,
        0.533,
        0,
        0,
        0.733,
        1,
        0,
        2.5,
        0
      ]
    },
    {
      "Target": "Parameter",
      "Id": "ParamClothUI5",
      "Segments": [
        0,
        1,
        2,
        0.167,
        1,
        0,
        0.267,
        0,
        2,
        2.5,
        0
      ]
    },
    {
      "Target": "Model",
      "Id": "Opacity",
      "Segments": [
        0,
        1,
        0,
        2.5,
        1
      ]
    },
    {
      "Target": "Parameter",
      "Id": "ParamEyeS",
      "Segments": [
        0,
        0,
        0,
        2.5,
        0
      ]
    },
    {
      "Target": "Parameter",
      "Id": "ParamMouthX",
      "Segments": [
        0,
        0,
        0,
        2.5,
        0
      ]
    },
    {
      "Target": "Parameter",
      "Id": "ParamCheek2",
      "Segments": [
        0,
        0,
        0,
        2.5,
        0
      ]
    },
    {
      "Target": "Parameter",
      "Id": "ParamCheek3",
      "Segments": [
        0,
        0,
        0,
        2.5,
        0
      ]
    },
    {
      "Target": "Parameter",
      "Id": "ParamCheek4",
      "Segments": [
        0,
        0,
        0,
        2.5,
        0
      ]
    },
    {
      "Target": "Parameter",
      "Id": "ParamCheek5",
      "Segments": [
        0,
        0,
        0,
        2.5,
        0
      ]
    },
    {
      "Target": "Parameter",
      "Id": "ParamJy",
      "Segments": [
        0,
        0,
        0,
        2.5,
        0
      ]
    },
    {
      "Target": "Parameter",
      "Id": "ParamCheek6",
      "Segments": [
        0,
        0,
        0,
        2.5,
        0
      ]
    },
    {
      "Target": "Parameter",
      "Id": "Param4",
      "Segments": [
        0,
        0,
        0,
        2.5,
        0
      ]
    },
    {
      "Target": "Parameter",
      "Id": "ParamLArmAB",
      "Segments": [
        0,
        0,
        0,
        2.5,
        0
      ]
    },
    {
      "Target": "Parameter",
      "Id": "Param15",
      "Segments": [
        0,
        0,
        0,
        2.5,
        0
      ]
    },
    {
      "Target": "Parameter",
      "Id": "Param17",
      "Segments": [
        0,
        0,
        0,
        2.5,
        0
      ]
    },
    {
      "Target": "Parameter",
      "Id": "Param3",
      "Segments": [
        0,
        0,
        0,
        2.5,
        0
      ]
    },
    {
      "Target": "Parameter",
      "Id": "Param7",
      "Segments": [
        0,
        0,
        0,
        2.5,
        0
      ]
    },
    {
      "Target": "Parameter",
      "Id": "Param",
      "Segments": [
        0,
        0,
        0,
        2.5,
        0
      ]
    },
    {
      "Target": "Parameter",
      "Id": "Param2",
      "Segments": [
        0,
        0,
        0,
        2.5,
        0
      ]
    },
    {
      "Target": "Parameter",
      "Id": "Param8",
      "Segments": [
        0,
        0,
        0,
        2.5,
        0
      ]
    },
    {
      "Target": "Parameter",
      "Id": "ParamLHandZ",
      "Segments": [
        0,
        0,
        0,
        2.5,
        0
      ]
    },
    {
      "Target": "Parameter",
      "Id": "ParamLHandX",
      "Segments": [
        0,
        0,
        0,
        2.5,
        0
      ]
    },
    {
      "Target": "Parameter",
      "Id": "ParamLHand1",
      "Segments": [
        0,
        0,
        0,
        2.5,
        0
      ]
    },
    {
      "Target": "Parameter",
      "Id": "ParamLHand2",
      "Segments": [
        0,
        0,
        0,
        2.5,
        0
      ]
    },
    {
      "Target": "Parameter",
      "Id": "ParamLHand34",
      "Segments": [
        0,
        0,
        0,
        2.5,
        0
      ]
    },
    {
      "Target": "Parameter",
      "Id": "ParamLHand5",
      "Segments": [
        0,
        0,
        0,
        2.5,
        0
      ]
    },
    {
      "Target": "Parameter",
      "Id": "ParamLHandWater",
      "Segments": [
        0,
        0,
        0,
        2.5,
        0
      ]
    },
    {
      "Target": "Parameter",
      "Id": "Param16",
      "Segments": [
        0,
        0,
        0,
        2.5,
        0
      ]
    },
    {
      "Target": "Parameter",
      "Id": "ParamLHandWater1",
      "Segments": [
        0,
        0,
        0,
        2.5,
        0
      ]
    },
    {
      "Target": "Parameter",
      "Id": "ParamLHandWater2",
      "Segments": [
        0,
        0,
        0,
        2.5,
        0
      ]
    },
    {
      "Target": "Parameter",
      "Id": "ParamHQiangY",
      "Segments": [
        0,
        0,
        0,
        2.5,
        0
      ]
    },
    {
      "Target": "Parameter",
      "Id": "ParamJXWei",
      "Segments": [
        0,
        0,
        0,
        2.5,
        0
      ]
    },
    {
      "Target": "Parameter",
      "Id": "ParamWhite1",
      "Segments": [
        0,
        0,
        0,
        2.5,
        0
      ]
    },
    {
      "Target": "Parameter",
      "Id": "ParamBlack0",
      "Segments": [
        0,
        1,
        0,
        2.5,
        1
      ]
    },
    {
      "Target": "Parameter",
      "Id": "ParamBlack1",
      "Segments": [
        0,
        0,
        0,
        2.5,
        0
      ]
    },
    {
      "Target": "Parameter",
      "Id": "ParamBlack2",
      "Segments": [
        0,
        0,
        0,
        2.5,
        0
      ]
    },
    {
      "Target": "Parameter",
      "Id": "ParamZTZ",
      "Segments": [
        0,
        9.23,
        0,
        2.5,
        9.23
      ]
    },
    {
      "Target": "Parameter",
      "Id": "ParamBJtoushi",
      "Segments": [
        0,
        30,
        0,
        2.5,
        30
      ]
    },
    {
      "Target": "Parameter",
      "Id": "ParamOpaishakeX2B",
      "Segments": [
        0,
        0,
        0,
        2.5,
        0
      ]
    },
    {
      "Target": "Parameter",
      "Id": "Param11",
      "Segments": [
        0,
        0,
        0,
        2.5,
        0
      ]
    },
    {
      "Target": "Parameter",
      "Id": "Param12",
      "Segments": [
        0,
        0,
        0,
        2.5,
        0
      ]
    },
    {
      "Target": "Parameter",
      "Id": "ParamShanyaoA",
      "Segments": [
        0,
        0,
        0,
        2.5,
        0
      ]
    },
    {
      "Target": "Parameter",
      "Id": "ParamUIZ",
      "Segments": [
        0,
        30,
        0,
        2.5,
        30
      ]
    }
  ],
  "UserData": [
    {
      "Time": 0.0,
      "Value": "soundFx_1018_sfx_1"
    },
    {
      "Time": 0.0,
      "Value": ""
    },
    {
      "Time": 0.1,
      "Value": "characterVoice_12_2"
    },
    {
      "Time": 1.97,
      "Value": "soundFx_1048_sfx_1"
    }
  ]
}