{"Version": 3, "Meta": {"Duration": 2.383, "Fps": 60.0, "Loop": true, "AreBeziersRestricted": true, "CurveCount": 61, "UserDataCount": 1, "TotalSegmentCount": 192, "TotalPointCount": 200, "TotalUserDataSize": 23}, "Curves": [{"Target": "Parameter", "Id": "ParamAngleX", "Segments": [0, 0, 0, 0.15, 0, 0, 0.6, -1, 2, 1.2, -1, 2, 2.383, -1]}, {"Target": "Parameter", "Id": "ParamAngleY", "Segments": [0, 2, 0, 0.15, 2, 0, 0.6, 6, 0, 1.2, 2, 2, 2.383, 2]}, {"Target": "Parameter", "Id": "ParamAngleZ", "Segments": [0, -6, 0, 0.15, -6, 0, 0.667, -18, 0, 1.283, 4, 2, 2.383, 4]}, {"Target": "Parameter", "Id": "ParamEyeROpen", "Segments": [0, 1, 0, 0.5, 1, 0, 0.917, 0, 2, 1, 0, 0, 1.383, 1, 2, 2.383, 1]}, {"Target": "Parameter", "Id": "ParamEyeLOpen", "Segments": [0, 1, 0, 0.5, 1, 0, 0.917, 0, 2, 1, 0, 0, 1.383, 1, 2, 2.383, 1]}, {"Target": "Parameter", "Id": "ParamBodyAngleX", "Segments": [0, 4, 0, 0.383, -8, 0, 1.233, -1, 2, 2.383, -1]}, {"Target": "Parameter", "Id": "ParamBodyAngleY", "Segments": [0, 0, 0, 0.383, 2, 0, 1.233, 1, 2, 2.383, 1]}, {"Target": "Parameter", "Id": "ParamBodyAngleZ", "Segments": [0, -5, 0, 1.283, 0, 2, 2.383, 0]}, {"Target": "Parameter", "Id": "ParamUpperBodyZ", "Segments": [0, 8, 0, 0.417, 5, 1, 0.706, 0.949, 0.994, -1.0, 1.283, -1, 2, 2.383, -1]}, {"Target": "Parameter", "Id": "ParamUpperBody", "Segments": [0, 0, 0, 0.383, 1, 0, 1.283, -3, 2, 2.383, -3]}, {"Target": "Parameter", "Id": "ParamLegLZ", "Segments": [0, -4, 0, 1, -3, 2, 2.383, -3]}, {"Target": "Parameter", "Id": "ParamLegRZ", "Segments": [0, 1, 0, 1, -3, 2, 2.383, -3]}, {"Target": "Parameter", "Id": "ParamShoulderR", "Segments": [0, -1, 0, 0.483, 0, 2, 2.383, 0]}, {"Target": "Parameter", "Id": "ParamArmR1", "Segments": [0, -42, 0, 0.2, -29, 0, 0.6, -39, 2, 2.383, -39]}, {"Target": "Parameter", "Id": "ParamArmR2", "Segments": [0, -2, 0, 0.233, 2, 1, 0.372, 11.247, 0.511, 43.0, 0.65, 43, 0, 1.35, 40, 2, 2.383, 40]}, {"Target": "Parameter", "Id": "ParamArmR3", "Segments": [0, 0, 0, 0.65, 8, 2, 2.383, 8]}, {"Target": "Parameter", "Id": "ParamArmR4", "Segments": [0, 0, 0, 0.65, 3, 2, 2.383, 3]}, {"Target": "Parameter", "Id": "ParamArmR5", "Segments": [0, 0, 0, 0.417, 20, 0, 0.717, 6, 2, 2.383, 6]}, {"Target": "Parameter", "Id": "ParamArmR6", "Segments": [0, 0, 0, 0.133, 0, 1, 0.139, 0, 0.144, 0.998, 0.15, 1, 1, 0.339, 1.069, 0.528, 1.1, 0.717, 1.1, 2, 2.383, 1.1]}, {"Target": "Parameter", "Id": "ParamArmR7", "Segments": [0, 0, 0, 0.717, -8, 2, 2.383, -8]}, {"Target": "Parameter", "Id": "ParamHandRA", "Segments": [0, 1, 0, 0.35, 1, 0, 0.367, 0, 2, 2.383, 0]}, {"Target": "Parameter", "Id": "ParamHandRG", "Segments": [0, 0, 0, 0.35, 0, 0, 0.367, 1, 2, 2.383, 1]}, {"Target": "Parameter", "Id": "ParamFingerR", "Segments": [0, 0, 0, 0.667, 6, 0, 1.383, -5, 0, 2, 0, 2, 2.383, 0]}, {"Target": "Parameter", "Id": "ParamShoulderL", "Segments": [0, 1, 0, 0.417, -1, 0, 1.267, 0, 2, 2.383, 0]}, {"Target": "Parameter", "Id": "ParamArmL1", "Segments": [0, -40, 0, 0.417, -39, 0, 1.267, -44, 2, 2.383, -44]}, {"Target": "Parameter", "Id": "ParamArmL2", "Segments": [0, 42, 0, 0.5, 44, 0, 1.317, 38, 2, 2.383, 38]}, {"Target": "Parameter", "Id": "ParamArmL3", "Segments": [0, 3, 0, 0.517, 25, 0, 1.367, 15, 2, 2.383, 15]}, {"Target": "Parameter", "Id": "ParamArmL4", "Segments": [0, 7, 0, 0.417, 9, 0, 1.317, 0, 2, 2.383, 0]}, {"Target": "Parameter", "Id": "ParamArmL5", "Segments": [0, 3, 0, 0.417, 3, 0, 1.317, 6, 2, 2.383, 6]}, {"Target": "Parameter", "Id": "ParamArmL7", "Segments": [0, -5, 0, 1.317, -9, 2, 2.383, -9]}, {"Target": "Parameter", "Id": "ParamArmL8", "Segments": [0, 0, 0, 0.5, 18, 0, 1.317, 11, 2, 2.383, 11]}, {"Target": "Parameter", "Id": "ParamArmL9", "Segments": [0, 0.7, 0, 1.317, 0.5, 2, 2.383, 0.5]}, {"Target": "Parameter", "Id": "ParamHandLB", "Segments": [0, 1, 0, 0.2, 0, 2, 2.383, 0]}, {"Target": "Parameter", "Id": "ParamHandLG", "Segments": [0, 0, 0, 0.2, 1, 2, 2.383, 1]}, {"Target": "Parameter", "Id": "ParamFingerL", "Segments": [0, 0, 0, 0.617, 6, 0, 1.183, -6, 0, 1.833, 0, 2, 2.383, 0]}, {"Target": "Parameter", "Id": "ParamPositionX", "Segments": [0, 1, 0, 2.383, 1]}, {"Target": "Parameter", "Id": "ParamPositionY", "Segments": [0, 0, 0, 2.383, 0]}, {"Target": "Parameter", "Id": "ParamRotationZ", "Segments": [0, 0, 0, 2.383, 0]}, {"Target": "Parameter", "Id": "ParamEyeballX", "Segments": [0, -0.1, 0, 2.383, -0.1]}, {"Target": "Parameter", "Id": "ParamBreath", "Segments": [0, 0, 0, 2.383, 0]}, {"Target": "Parameter", "Id": "ParamArmR8", "Segments": [0, 0, 0, 2.383, 0]}, {"Target": "Parameter", "Id": "ParamArmR9", "Segments": [0, -0.8, 0, 2.383, -0.8]}, {"Target": "Parameter", "Id": "ParamHandRB", "Segments": [0, 0, 0, 2.383, 0]}, {"Target": "Parameter", "Id": "ParamHandRC", "Segments": [0, 0, 0, 2.383, 0]}, {"Target": "Parameter", "Id": "ParamHandRD", "Segments": [0, 0, 0, 2.383, 0]}, {"Target": "Parameter", "Id": "ParamHandRE", "Segments": [0, 0, 0, 2.383, 0]}, {"Target": "Parameter", "Id": "ParamHandRF", "Segments": [0, 0, 0, 2.383, 0]}, {"Target": "Parameter", "Id": "ParamHandRH", "Segments": [0, 0, 0, 2.383, 0]}, {"Target": "Parameter", "Id": "ParamHandRI", "Segments": [0, 0, 0, 2.383, 0]}, {"Target": "Parameter", "Id": "ParamHandRJ", "Segments": [0, 0, 0, 2.383, 0]}, {"Target": "Parameter", "Id": "ParamHandRK", "Segments": [0, 0, 0, 2.383, 0]}, {"Target": "Parameter", "Id": "ParamArmL6", "Segments": [0, 1, 0, 2.383, 1]}, {"Target": "Parameter", "Id": "ParamHandLA", "Segments": [0, 0, 0, 2.383, 0]}, {"Target": "Parameter", "Id": "ParamHandLC", "Segments": [0, 0, 0, 2.383, 0]}, {"Target": "Parameter", "Id": "ParamHandLD", "Segments": [0, 0, 0, 2.383, 0]}, {"Target": "Parameter", "Id": "ParamHandLE", "Segments": [0, 0, 0, 2.383, 0]}, {"Target": "Parameter", "Id": "ParamHandLF", "Segments": [0, 0, 0, 2.383, 0]}, {"Target": "Parameter", "Id": "ParamHandLH", "Segments": [0, 0, 0, 2.383, 0]}, {"Target": "Parameter", "Id": "ParamHandLI", "Segments": [0, 0, 0, 2.383, 0]}, {"Target": "Parameter", "Id": "ParamHandLJ", "Segments": [0, 0, 0, 2.383, 0]}, {"Target": "Parameter", "Id": "ParamHandLK", "Segments": [0, 0, 0, 2.383, 0]}], "UserData": [{"Time": 0.233, "Value": "eyeblink,0.20,0.57,0.20"}]}