{"Version": 3, "Meta": {"Duration": 2.6, "Fps": 60.0, "Loop": true, "AreBeziersRestricted": true, "CurveCount": 61, "UserDataCount": 1, "TotalSegmentCount": 177, "TotalPointCount": 177, "TotalUserDataSize": 23}, "Curves": [{"Target": "Parameter", "Id": "ParamAngleX", "Segments": [0, 0, 0, 0.483, 15, 0, 1.017, -15, 0, 1.433, 11, 0, 2, 0, 2, 2.6, 0]}, {"Target": "Parameter", "Id": "ParamAngleY", "Segments": [0, 0, 0, 0.483, -16, 0, 1.017, -15, 2, 2.6, -15]}, {"Target": "Parameter", "Id": "ParamAngleZ", "Segments": [0, 0, 0, 0.35, -4, 0, 0.833, 3, 0, 1.317, -2, 0, 1.767, -1, 2, 2.6, -1]}, {"Target": "Parameter", "Id": "ParamEyeROpen", "Segments": [0, 1, 0, 0.467, 1, 0, 0.767, 0, 2, 1.567, 0, 0, 1.783, 1, 2, 2.6, 1]}, {"Target": "Parameter", "Id": "ParamEyeLOpen", "Segments": [0, 1, 0, 0.467, 1, 0, 0.767, 0, 2, 1.567, 0, 0, 1.783, 1, 2, 2.6, 1]}, {"Target": "Parameter", "Id": "ParamBodyAngleX", "Segments": [0, -4, 0, 0.317, -5, 0, 0.8, 6, 0, 1.2, -1, 0, 1.65, 2, 2, 2.6, 2]}, {"Target": "Parameter", "Id": "ParamBodyAngleY", "Segments": [0, 0, 0, 0.55, -4, 2, 2.6, -4]}, {"Target": "Parameter", "Id": "ParamBodyAngleZ", "Segments": [0, -5, 0, 0.9, -3, 2, 2.6, -3]}, {"Target": "Parameter", "Id": "ParamUpperBodyZ", "Segments": [0, 7, 0, 0.9, 5, 2, 2.6, 5]}, {"Target": "Parameter", "Id": "ParamShoulderR", "Segments": [0, 0, 0, 0.317, 3, 2, 1.317, 3, 2, 2.6, 3]}, {"Target": "Parameter", "Id": "ParamArmR1", "Segments": [0, -46, 0, 0.367, -40, 0, 0.867, -46, 2, 2.6, -46]}, {"Target": "Parameter", "Id": "ParamArmR2", "Segments": [0, -2, 0, 0.467, -3, 0, 0.95, -1, 0, 1.4, -2, 2, 2.6, -2]}, {"Target": "Parameter", "Id": "ParamArmR3", "Segments": [0, -17, 0, 0.55, -31, 0, 1.05, -14, 0, 1.6, -16, 2, 2.6, -16]}, {"Target": "Parameter", "Id": "ParamArmR5", "Segments": [0, 0, 0, 0.467, 4, 0, 1.05, 1, 2, 2.6, 1]}, {"Target": "Parameter", "Id": "ParamArmR8", "Segments": [0, -20, 0, 0.5, -29, 0, 1.067, -15, 0, 1.617, -19, 2, 2.6, -19]}, {"Target": "Parameter", "Id": "ParamFingerR", "Segments": [0, 0, 0, 0.55, 8, 0, 1.167, -7, 0, 1.717, 0, 2, 2.6, 0]}, {"Target": "Parameter", "Id": "ParamShoulderL", "Segments": [0, 5, 0, 0.317, 5, 0, 0.9, 4, 2, 2.6, 4]}, {"Target": "Parameter", "Id": "ParamArmL1", "Segments": [0, 5, 0, 0.333, -1, 0, 0.9, 4, 2, 2.6, 4]}, {"Target": "Parameter", "Id": "ParamArmL3", "Segments": [0, 18, 0, 0.433, 30, 0, 1.017, 26, 2, 2.6, 26]}, {"Target": "Parameter", "Id": "ParamArmL5", "Segments": [0, 10, 0, 0.433, 12, 0, 1.017, 10.1, 2, 2.6, 10.1]}, {"Target": "Parameter", "Id": "ParamArmL8", "Segments": [0, 22, 0, 0.5, 31, 2, 2.6, 31]}, {"Target": "Parameter", "Id": "ParamFingerL", "Segments": [0, 0, 0, 0.483, 6, 0, 1.1, -3, 0, 1.817, 0, 2, 2.6, 0]}, {"Target": "Parameter", "Id": "ParamPositionX", "Segments": [0, 1, 0, 2.6, 1]}, {"Target": "Parameter", "Id": "ParamPositionY", "Segments": [0, 0, 0, 2.6, 0]}, {"Target": "Parameter", "Id": "ParamRotationZ", "Segments": [0, 0, 0, 2.6, 0]}, {"Target": "Parameter", "Id": "ParamEyeballX", "Segments": [0, 0, 0, 2.6, 0]}, {"Target": "Parameter", "Id": "ParamUpperBody", "Segments": [0, 0, 0, 2.6, 0]}, {"Target": "Parameter", "Id": "ParamBreath", "Segments": [0, 0, 0, 2.6, 0]}, {"Target": "Parameter", "Id": "ParamLegLZ", "Segments": [0, -1, 0, 2.6, -1]}, {"Target": "Parameter", "Id": "ParamLegRZ", "Segments": [0, 4, 0, 2.6, 4]}, {"Target": "Parameter", "Id": "ParamArmR4", "Segments": [0, 0, 0, 2.6, 0]}, {"Target": "Parameter", "Id": "ParamArmR6", "Segments": [0, 0, 0, 2.6, 0]}, {"Target": "Parameter", "Id": "ParamArmR7", "Segments": [0, 0, 0, 2.6, 0]}, {"Target": "Parameter", "Id": "ParamArmR9", "Segments": [0, -0.8, 0, 2.6, -0.8]}, {"Target": "Parameter", "Id": "ParamHandRA", "Segments": [0, 1, 0, 2.6, 1]}, {"Target": "Parameter", "Id": "ParamHandRB", "Segments": [0, 0, 0, 2.6, 0]}, {"Target": "Parameter", "Id": "ParamHandRC", "Segments": [0, 0, 0, 2.6, 0]}, {"Target": "Parameter", "Id": "ParamHandRD", "Segments": [0, 0, 0, 2.6, 0]}, {"Target": "Parameter", "Id": "ParamHandRE", "Segments": [0, 0, 0, 2.6, 0]}, {"Target": "Parameter", "Id": "ParamHandRF", "Segments": [0, 0, 0, 2.6, 0]}, {"Target": "Parameter", "Id": "ParamHandRG", "Segments": [0, 0, 0, 2.6, 0]}, {"Target": "Parameter", "Id": "ParamHandRH", "Segments": [0, 0, 0, 2.6, 0]}, {"Target": "Parameter", "Id": "ParamHandRI", "Segments": [0, 0, 0, 2.6, 0]}, {"Target": "Parameter", "Id": "ParamHandRJ", "Segments": [0, 0, 0, 2.6, 0]}, {"Target": "Parameter", "Id": "ParamHandRK", "Segments": [0, 0, 0, 2.6, 0]}, {"Target": "Parameter", "Id": "ParamArmL2", "Segments": [0, 18, 0, 2.6, 18]}, {"Target": "Parameter", "Id": "ParamArmL4", "Segments": [0, -20, 0, 2.6, -20]}, {"Target": "Parameter", "Id": "ParamArmL6", "Segments": [0, 1, 0, 2.6, 1]}, {"Target": "Parameter", "Id": "ParamArmL7", "Segments": [0, 0, 0, 2.6, 0]}, {"Target": "Parameter", "Id": "ParamArmL9", "Segments": [0, 0.6, 0, 2.6, 0.6]}, {"Target": "Parameter", "Id": "ParamHandLA", "Segments": [0, 0, 0, 2.6, 0]}, {"Target": "Parameter", "Id": "ParamHandLB", "Segments": [0, 0, 0, 2.6, 0]}, {"Target": "Parameter", "Id": "ParamHandLC", "Segments": [0, 0, 0, 2.6, 0]}, {"Target": "Parameter", "Id": "ParamHandLD", "Segments": [0, 0, 0, 2.6, 0]}, {"Target": "Parameter", "Id": "ParamHandLE", "Segments": [0, 0, 0, 2.6, 0]}, {"Target": "Parameter", "Id": "ParamHandLF", "Segments": [0, 0, 0, 2.6, 0]}, {"Target": "Parameter", "Id": "ParamHandLG", "Segments": [0, 0, 0, 2.6, 0]}, {"Target": "Parameter", "Id": "ParamHandLH", "Segments": [0, 0, 0, 2.6, 0]}, {"Target": "Parameter", "Id": "ParamHandLI", "Segments": [0, 0, 0, 2.6, 0]}, {"Target": "Parameter", "Id": "ParamHandLJ", "Segments": [0, 1, 0, 2.6, 1]}, {"Target": "Parameter", "Id": "ParamHandLK", "Segments": [0, 0, 0, 2.6, 0]}], "UserData": [{"Time": 0.467, "Value": "eyeblink,0.20,0.80,0.20"}]}