{"Version": 3, "Meta": {"Duration": 2.6, "Fps": 60.0, "Loop": true, "AreBeziersRestricted": true, "CurveCount": 61, "UserDataCount": 1, "TotalSegmentCount": 179, "TotalPointCount": 183, "TotalUserDataSize": 23}, "Curves": [{"Target": "Parameter", "Id": "ParamPositionX", "Segments": [0, 2, 0, 1.05, 1, 2, 2.6, 1]}, {"Target": "Parameter", "Id": "ParamAngleX", "Segments": [0, 0, 0, 0.367, -5, 0, 0.933, 2, 0, 1.45, 0, 2, 2.6, 0]}, {"Target": "Parameter", "Id": "ParamAngleY", "Segments": [0, 0, 0, 0.367, -9, 0, 0.933, 1, 2, 2.6, 1]}, {"Target": "Parameter", "Id": "ParamAngleZ", "Segments": [0, 4, 0, 0.517, -17, 0, 1.083, 8, 0, 1.65, 6, 2, 2.6, 6]}, {"Target": "Parameter", "Id": "ParamEyeROpen", "Segments": [0, 1, 0, 0.133, 1, 0, 0.333, 0, 2, 0.6, 0, 0, 0.8, 1, 2, 2.6, 1]}, {"Target": "Parameter", "Id": "ParamEyeLOpen", "Segments": [0, 1, 0, 0.133, 1, 0, 0.333, 0, 2, 0.6, 0, 0, 0.8, 1, 2, 2.6, 1]}, {"Target": "Parameter", "Id": "ParamEyeballX", "Segments": [0, 0, 0, 0.317, 0.1, 0, 0.967, -0.1, 0, 1.55, 0, 2, 2.6, 0]}, {"Target": "Parameter", "Id": "ParamBodyAngleX", "Segments": [0, 0, 0, 0.417, 5, 0, 0.95, -4, 0, 1.483, -1, 2, 2.6, -1]}, {"Target": "Parameter", "Id": "ParamBodyAngleY", "Segments": [0, 0, 0, 0.417, -3, 0, 0.95, 4, 0, 1.483, 2, 2, 2.6, 2]}, {"Target": "Parameter", "Id": "ParamBodyAngleZ", "Segments": [0, -6, 0, 0.55, -3, 0, 1.05, -5, 2, 2.6, -5]}, {"Target": "Parameter", "Id": "ParamUpperBodyZ", "Segments": [0, 9, 0, 0.55, 5, 0, 1.05, 7, 2, 2.6, 7]}, {"Target": "Parameter", "Id": "ParamLegLZ", "Segments": [0, -1, 0, 1.3, 1, 2, 2.6, 1]}, {"Target": "Parameter", "Id": "ParamShoulderR", "Segments": [0, 2, 0, 0.35, 5, 0, 0.85, 2, 2, 2.6, 2]}, {"Target": "Parameter", "Id": "ParamArmR1", "Segments": [0, -39, 0, 0.433, -33, 0, 0.95, -39, 2, 2.6, -39]}, {"Target": "Parameter", "Id": "ParamArmR2", "Segments": [0, 30, 0, 0.433, 31, 0, 0.95, 28, 2, 2.6, 28]}, {"Target": "Parameter", "Id": "ParamArmR3", "Segments": [0, -12, 0, 0.433, -2, 2, 2.6, -2]}, {"Target": "Parameter", "Id": "ParamArmR4", "Segments": [0, 19, 0, 0.433, 23, 0, 0.95, 14, 2, 2.6, 14]}, {"Target": "Parameter", "Id": "ParamArmR8", "Segments": [0, -17, 0, 0.433, -6, 2, 2.6, -6]}, {"Target": "Parameter", "Id": "ParamFingerR", "Segments": [0, 0, 0, 0.467, 5, 0, 1, 0, 2, 2.6, 0]}, {"Target": "Parameter", "Id": "ParamShoulderL", "Segments": [0, 4, 0, 0.35, 7, 0, 0.85, 1, 2, 2.6, 1]}, {"Target": "Parameter", "Id": "ParamArmL1", "Segments": [0, -34, 0, 0.433, -29, 0, 0.95, -31, 2, 2.6, -31]}, {"Target": "Parameter", "Id": "ParamArmL2", "Segments": [0, 31, 0, 0.433, 32, 0, 0.95, 29, 2, 2.6, 29]}, {"Target": "Parameter", "Id": "ParamArmL3", "Segments": [0, -18, 0, 0.433, -15, 1, 0.605, -10.625, 0.778, 17.0, 0.95, 17, 2, 2.6, 17]}, {"Target": "Parameter", "Id": "ParamArmL4", "Segments": [0, 17, 0, 0.433, 21, 0, 0.95, 12, 2, 2.6, 12]}, {"Target": "Parameter", "Id": "ParamArmL8", "Segments": [0, -31, 0, 0.433, -17, 1, 0.605, -8.898, 0.778, -7.0, 0.95, -7, 2, 2.6, -7]}, {"Target": "Parameter", "Id": "ParamFingerL", "Segments": [0, 0, 0, 0.467, 5, 0, 1, 0, 2, 2.6, 0]}, {"Target": "Parameter", "Id": "ParamPositionY", "Segments": [0, 0, 0, 2.6, 0]}, {"Target": "Parameter", "Id": "ParamRotationZ", "Segments": [0, 0, 0, 2.6, 0]}, {"Target": "Parameter", "Id": "ParamUpperBody", "Segments": [0, 0, 0, 2.6, 0]}, {"Target": "Parameter", "Id": "ParamBreath", "Segments": [0, 0, 0, 2.6, 0]}, {"Target": "Parameter", "Id": "ParamLegRZ", "Segments": [0, 5, 0, 2.6, 5]}, {"Target": "Parameter", "Id": "ParamArmR5", "Segments": [0, 9, 0, 2.6, 9]}, {"Target": "Parameter", "Id": "ParamArmR6", "Segments": [0, 1.1, 0, 2.6, 1.1]}, {"Target": "Parameter", "Id": "ParamArmR7", "Segments": [0, 0, 0, 2.6, 0]}, {"Target": "Parameter", "Id": "ParamArmR9", "Segments": [0, 0.8, 0, 2.6, 0.8]}, {"Target": "Parameter", "Id": "ParamHandRA", "Segments": [0, 0, 0, 2.6, 0]}, {"Target": "Parameter", "Id": "ParamHandRB", "Segments": [0, 0, 0, 2.6, 0]}, {"Target": "Parameter", "Id": "ParamHandRC", "Segments": [0, 0, 0, 2.6, 0]}, {"Target": "Parameter", "Id": "ParamHandRD", "Segments": [0, 0, 0, 2.6, 0]}, {"Target": "Parameter", "Id": "ParamHandRE", "Segments": [0, 0, 0, 2.6, 0]}, {"Target": "Parameter", "Id": "ParamHandRF", "Segments": [0, 1, 0, 2.6, 1]}, {"Target": "Parameter", "Id": "ParamHandRG", "Segments": [0, 0, 0, 2.6, 0]}, {"Target": "Parameter", "Id": "ParamHandRH", "Segments": [0, 0, 0, 2.6, 0]}, {"Target": "Parameter", "Id": "ParamHandRI", "Segments": [0, 0, 0, 2.6, 0]}, {"Target": "Parameter", "Id": "ParamHandRJ", "Segments": [0, 0, 0, 2.6, 0]}, {"Target": "Parameter", "Id": "ParamHandRK", "Segments": [0, 0, 0, 2.6, 0]}, {"Target": "Parameter", "Id": "ParamArmL5", "Segments": [0, 6, 0, 2.6, 6]}, {"Target": "Parameter", "Id": "ParamArmL6", "Segments": [0, 1, 0, 2.6, 1]}, {"Target": "Parameter", "Id": "ParamArmL7", "Segments": [0, 0, 0, 2.6, 0]}, {"Target": "Parameter", "Id": "ParamArmL9", "Segments": [0, 0.7, 0, 2.6, 0.7]}, {"Target": "Parameter", "Id": "ParamHandLA", "Segments": [0, 0, 0, 2.6, 0]}, {"Target": "Parameter", "Id": "ParamHandLB", "Segments": [0, 0, 0, 2.6, 0]}, {"Target": "Parameter", "Id": "ParamHandLC", "Segments": [0, 0, 0, 2.6, 0]}, {"Target": "Parameter", "Id": "ParamHandLD", "Segments": [0, 0, 0, 2.6, 0]}, {"Target": "Parameter", "Id": "ParamHandLE", "Segments": [0, 0, 0, 2.6, 0]}, {"Target": "Parameter", "Id": "ParamHandLF", "Segments": [0, 1, 0, 2.6, 1]}, {"Target": "Parameter", "Id": "ParamHandLG", "Segments": [0, 0, 0, 2.6, 0]}, {"Target": "Parameter", "Id": "ParamHandLH", "Segments": [0, 0, 0, 2.6, 0]}, {"Target": "Parameter", "Id": "ParamHandLI", "Segments": [0, 0, 0, 2.6, 0]}, {"Target": "Parameter", "Id": "ParamHandLJ", "Segments": [0, 0, 0, 2.6, 0]}, {"Target": "Parameter", "Id": "ParamHandLK", "Segments": [0, 0, 0, 2.6, 0]}], "UserData": [{"Time": 0.133, "Value": "eyeblink,0.20,0.27,0.20"}]}