{"Version": 3, "Meta": {"Duration": 2.983, "Fps": 60.0, "Loop": true, "AreBeziersRestricted": true, "CurveCount": 61, "UserDataCount": 1, "TotalSegmentCount": 207, "TotalPointCount": 207, "TotalUserDataSize": 22}, "Curves": [{"Target": "Parameter", "Id": "ParamPositionX", "Segments": [0, 0, 0, 0.55, 1, 0, 1.2, -1, 0, 1.833, 0, 2, 2.983, 0]}, {"Target": "Parameter", "Id": "ParamRotationZ", "Segments": [0, 0, 0, 0.8, 1, 0, 1.95, 0, 2, 2.983, 0]}, {"Target": "Parameter", "Id": "ParamAngleX", "Segments": [0, -1, 0, 0.567, 3, 0, 1.1, -4, 0, 1.533, 0, 2, 2.983, 0]}, {"Target": "Parameter", "Id": "ParamAngleY", "Segments": [0, -4, 0, 0.367, 12, 0, 0.767, -10, 0, 1.167, 14, 0, 1.5, -6, 2, 2.983, -6]}, {"Target": "Parameter", "Id": "ParamAngleZ", "Segments": [0, -15, 0, 0.567, 6, 2, 0.967, 6, 0, 1.6, -16, 0, 2.1, -12, 2, 2.983, -12]}, {"Target": "Parameter", "Id": "ParamEyeROpen", "Segments": [0, 1, 0, 0.467, 1, 0, 0.667, 0, 2, 1.017, 0, 0, 1.25, 1, 2, 2.983, 1]}, {"Target": "Parameter", "Id": "ParamEyeLOpen", "Segments": [0, 1, 0, 0.467, 1, 0, 0.667, 0, 2, 1.017, 0, 0, 1.25, 1, 2, 2.983, 1]}, {"Target": "Parameter", "Id": "ParamBodyAngleX", "Segments": [0, -2, 0, 0.6, 3, 0, 1.483, -4, 2, 2.983, -4]}, {"Target": "Parameter", "Id": "ParamBodyAngleY", "Segments": [0, 0, 0, 0.417, 5, 0, 0.85, -3, 0, 1.3, 4, 0, 1.7, -3, 0, 2.05, 0, 2, 2.983, 0]}, {"Target": "Parameter", "Id": "ParamBodyAngleZ", "Segments": [0, -2, 0, 0.733, 0, 0, 1.6, -4, 2, 2.983, -4]}, {"Target": "Parameter", "Id": "ParamUpperBodyZ", "Segments": [0, 5, 0, 0.733, 3, 0, 1.6, 8, 2, 2.983, 8]}, {"Target": "Parameter", "Id": "ParamLegLZ", "Segments": [0, -2, 0, 0.85, 4, 0, 1.65, 2, 2, 2.983, 2]}, {"Target": "Parameter", "Id": "ParamLegRZ", "Segments": [0, 3, 0, 0.85, -1, 0, 1.65, 2, 2, 2.983, 2]}, {"Target": "Parameter", "Id": "ParamShoulderR", "Segments": [0, 8, 0, 0.417, 10, 0, 0.833, 5, 0, 1.217, 10, 0, 1.633, 6, 2, 2.983, 6]}, {"Target": "Parameter", "Id": "ParamArmR1", "Segments": [0, -40, 0, 0.417, -33, 0, 0.833, -40, 0, 1.217, -36, 0, 1.617, -44, 2, 2.983, -44]}, {"Target": "Parameter", "Id": "ParamArmR2", "Segments": [0, 42, 0, 0.5, 45, 0, 0.917, 42, 0, 1.3, 43, 0, 1.7, 41, 2, 2.983, 41]}, {"Target": "Parameter", "Id": "ParamArmR3", "Segments": [0, 21, 0, 0.55, 37, 0, 0.967, 21, 0, 1.35, 38, 0, 1.783, 27, 2, 2.983, 27]}, {"Target": "Parameter", "Id": "ParamArmR8", "Segments": [0, 11, 0, 0.583, 24, 0, 1.05, 12, 0, 1.417, 28, 0, 1.817, 17, 2, 2.983, 17]}, {"Target": "Parameter", "Id": "ParamFingerR", "Segments": [0, 0, 0, 0.6, 7, 0, 1.033, 0, 0, 1.433, 7, 0, 1.883, 0, 2, 2.983, 0]}, {"Target": "Parameter", "Id": "ParamShoulderL", "Segments": [0, 7, 0, 0.333, 10, 0, 0.783, 4, 0, 1.2, 9, 0, 1.583, 7, 2, 2.983, 7]}, {"Target": "Parameter", "Id": "ParamArmL1", "Segments": [0, -40, 0, 0.4, -28, 0, 0.85, -43, 0, 1.267, -37, 0, 1.633, -41, 2, 2.983, -41]}, {"Target": "Parameter", "Id": "ParamArmL2", "Segments": [0, 42, 0, 0.517, 45, 0, 0.967, 42, 0, 1.383, 44, 0, 1.75, 41, 2, 2.983, 41]}, {"Target": "Parameter", "Id": "ParamArmL3", "Segments": [0, 20, 0, 0.633, 31, 0, 1.183, 21, 0, 1.5, 31, 0, 1.867, 26, 2, 2.983, 26]}, {"Target": "Parameter", "Id": "ParamArmL8", "Segments": [0, 10, 0, 0.583, 20, 0, 1.117, 12, 2, 2.983, 12]}, {"Target": "Parameter", "Id": "ParamFingerL", "Segments": [0, 0, 0, 0.633, 6, 0, 1.117, 0, 0, 1.6, 6, 0, 2.05, 0, 2, 2.983, 0]}, {"Target": "Parameter", "Id": "ParamPositionY", "Segments": [0, 0, 0, 2.983, 0]}, {"Target": "Parameter", "Id": "ParamEyeballX", "Segments": [0, 0, 0, 2.983, 0]}, {"Target": "Parameter", "Id": "ParamUpperBody", "Segments": [0, 0, 0, 2.983, 0]}, {"Target": "Parameter", "Id": "ParamBreath", "Segments": [0, 0, 0, 2.983, 0]}, {"Target": "Parameter", "Id": "ParamArmR4", "Segments": [0, 12, 0, 2.983, 12]}, {"Target": "Parameter", "Id": "ParamArmR5", "Segments": [0, 6, 0, 2.983, 6]}, {"Target": "Parameter", "Id": "ParamArmR6", "Segments": [0, 1, 0, 2.983, 1]}, {"Target": "Parameter", "Id": "ParamArmR7", "Segments": [0, -4, 0, 2.983, -4]}, {"Target": "Parameter", "Id": "ParamArmR9", "Segments": [0, 0.7, 0, 2.983, 0.7]}, {"Target": "Parameter", "Id": "ParamHandRA", "Segments": [0, 0, 0, 2.983, 0]}, {"Target": "Parameter", "Id": "ParamHandRB", "Segments": [0, 0, 0, 2.983, 0]}, {"Target": "Parameter", "Id": "ParamHandRC", "Segments": [0, 0, 0, 2.983, 0]}, {"Target": "Parameter", "Id": "ParamHandRD", "Segments": [0, 1, 0, 2.983, 1]}, {"Target": "Parameter", "Id": "ParamHandRE", "Segments": [0, 0, 0, 2.983, 0]}, {"Target": "Parameter", "Id": "ParamHandRF", "Segments": [0, 0, 0, 2.983, 0]}, {"Target": "Parameter", "Id": "ParamHandRG", "Segments": [0, 0, 0, 2.983, 0]}, {"Target": "Parameter", "Id": "ParamHandRH", "Segments": [0, 0, 0, 2.983, 0]}, {"Target": "Parameter", "Id": "ParamHandRI", "Segments": [0, 0, 0, 2.983, 0]}, {"Target": "Parameter", "Id": "ParamHandRJ", "Segments": [0, 0, 0, 2.983, 0]}, {"Target": "Parameter", "Id": "ParamHandRK", "Segments": [0, 0, 0, 2.983, 0]}, {"Target": "Parameter", "Id": "ParamArmL4", "Segments": [0, 20, 0, 2.983, 20]}, {"Target": "Parameter", "Id": "ParamArmL5", "Segments": [0, 7, 0, 2.983, 7]}, {"Target": "Parameter", "Id": "ParamArmL6", "Segments": [0, 1, 0, 2.983, 1]}, {"Target": "Parameter", "Id": "ParamArmL7", "Segments": [0, -4, 0, 2.983, -4]}, {"Target": "Parameter", "Id": "ParamArmL9", "Segments": [0, 0.7, 0, 2.983, 0.7]}, {"Target": "Parameter", "Id": "ParamHandLA", "Segments": [0, 0, 0, 2.983, 0]}, {"Target": "Parameter", "Id": "ParamHandLB", "Segments": [0, 0, 0, 2.983, 0]}, {"Target": "Parameter", "Id": "ParamHandLC", "Segments": [0, 0, 0, 2.983, 0]}, {"Target": "Parameter", "Id": "ParamHandLD", "Segments": [0, 1, 0, 2.983, 1]}, {"Target": "Parameter", "Id": "ParamHandLE", "Segments": [0, 0, 0, 2.983, 0]}, {"Target": "Parameter", "Id": "ParamHandLF", "Segments": [0, 0, 0, 2.983, 0]}, {"Target": "Parameter", "Id": "ParamHandLG", "Segments": [0, 0, 0, 2.983, 0]}, {"Target": "Parameter", "Id": "ParamHandLH", "Segments": [0, 0, 0, 2.983, 0]}, {"Target": "Parameter", "Id": "ParamHandLI", "Segments": [0, 0, 0, 2.983, 0]}, {"Target": "Parameter", "Id": "ParamHandLJ", "Segments": [0, 0, 0, 2.983, 0]}, {"Target": "Parameter", "Id": "ParamHandLK", "Segments": [0, 0, 0, 2.983, 0]}], "UserData": [{"Time": 0.467, "Value": "eyeblink,0.2,0.34,0.24"}]}