{"Version": 3, "Meta": {"Duration": 2.133, "Fps": 60.0, "Loop": true, "AreBeziersRestricted": true, "CurveCount": 61, "UserDataCount": 1, "TotalSegmentCount": 198, "TotalPointCount": 206, "TotalUserDataSize": 23}, "Curves": [{"Target": "Parameter", "Id": "ParamAngleX", "Segments": [0, -3, 0, 0.333, 4, 0, 0.917, 0, 2, 2.133, 0]}, {"Target": "Parameter", "Id": "ParamAngleY", "Segments": [0, 0, 0, 0.333, 7, 0, 0.95, -1, 2, 2.133, -1]}, {"Target": "Parameter", "Id": "ParamAngleZ", "Segments": [0, 0, 0, 0.433, 3, 0, 1.033, -17, 2, 2.133, -17]}, {"Target": "Parameter", "Id": "ParamEyeROpen", "Segments": [0, 1, 0, 0.367, 1, 0, 0.567, 0, 0, 0.767, 1, 2, 2.133, 1]}, {"Target": "Parameter", "Id": "ParamEyeLOpen", "Segments": [0, 1, 0, 0.367, 1, 0, 0.567, 0, 0, 0.767, 1, 2, 2.133, 1]}, {"Target": "Parameter", "Id": "ParamEyeballX", "Segments": [0, 0, 0, 0.533, -0.1, 0, 1.033, 0, 2, 2.133, 0]}, {"Target": "Parameter", "Id": "ParamBodyAngleX", "Segments": [0, -2, 0, 0.333, 3, 0, 0.767, -3, 0, 1.267, -1, 2, 2.133, -1]}, {"Target": "Parameter", "Id": "ParamBodyAngleY", "Segments": [0, 0, 0, 0.333, 3, 0, 0.933, -1, 2, 2.133, -1]}, {"Target": "Parameter", "Id": "ParamBodyAngleZ", "Segments": [0, 2, 0, 0.467, 2, 0, 1.033, 1, 2, 2.133, 1]}, {"Target": "Parameter", "Id": "ParamUpperBodyZ", "Segments": [0, 0, 0, 0.467, 1, 1, 0.656, 2.032, 0.844, 3.0, 1.033, 3, 2, 2.133, 3]}, {"Target": "Parameter", "Id": "ParamLegLZ", "Segments": [0, 2, 0, 0.867, 0, 2, 2.133, 0]}, {"Target": "Parameter", "Id": "ParamLegRZ", "Segments": [0, -3, 0, 0.867, -1, 2, 2.133, -1]}, {"Target": "Parameter", "Id": "ParamShoulderR", "Segments": [0, 0, 0, 0.433, 4, 0, 1.067, 0, 2, 2.133, 0]}, {"Target": "Parameter", "Id": "ParamArmR1", "Segments": [0, -44, 0, 0.433, -29, 0, 1.067, -45, 2, 2.133, -45]}, {"Target": "Parameter", "Id": "ParamArmR2", "Segments": [0, 6, 0, 0.517, -3, 0, 1.067, -2, 2, 2.133, -2]}, {"Target": "Parameter", "Id": "ParamArmR3", "Segments": [0, 16, 0, 0.567, -9, 1, 0.734, -16.103, 0.9, -16.0, 1.067, -16, 2, 2.133, -16]}, {"Target": "Parameter", "Id": "ParamArmR5", "Segments": [0, 5, 0, 0.467, 7, 0, 1.067, 3, 2, 2.133, 3]}, {"Target": "Parameter", "Id": "ParamArmR6", "Segments": [0, 1, 0, 0.35, 1, 0, 0.367, 0, 2, 1.067, 0, 2, 2.133, 0]}, {"Target": "Parameter", "Id": "ParamArmR8", "Segments": [0, 17, 0, 0.55, -6, 1, 0.728, -17.422, 0.905, -20.0, 1.083, -20, 2, 2.133, -20]}, {"Target": "Parameter", "Id": "ParamArmR9", "Segments": [0, 0, 0, 0.2, 0, 0, 0.433, -0.8, 2, 2.133, -0.8]}, {"Target": "Parameter", "Id": "ParamHandRA", "Segments": [0, 0, 0, 0.2, 0, 0, 0.217, 1, 2, 1.067, 1, 2, 2.133, 1]}, {"Target": "Parameter", "Id": "ParamHandRD", "Segments": [0, 1, 0, 0.2, 1, 0, 0.217, 0, 2, 1.067, 0, 2, 2.133, 0]}, {"Target": "Parameter", "Id": "ParamFingerR", "Segments": [0, 0, 0, 0.5, 8, 0, 0.983, -4, 0, 1.633, 0, 2, 2.133, 0]}, {"Target": "Parameter", "Id": "ParamShoulderL", "Segments": [0, 0, 0, 0.5, 4, 0, 1.067, 0, 2, 2.133, 0]}, {"Target": "Parameter", "Id": "ParamArmL1", "Segments": [0, -43, 0, 0.433, -26, 0, 1.067, -46, 2, 2.133, -46]}, {"Target": "Parameter", "Id": "ParamArmL2", "Segments": [0, 7, 0, 0.517, -1, 1, 0.7, -3.104, 0.884, -3.0, 1.067, -3, 2, 2.133, -3]}, {"Target": "Parameter", "Id": "ParamArmL3", "Segments": [0, 23, 0, 0.567, -14, 0, 1.067, -11, 2, 2.133, -11]}, {"Target": "Parameter", "Id": "ParamArmL4", "Segments": [0, 10, 0, 1.067, 0, 2, 2.133, 0]}, {"Target": "Parameter", "Id": "ParamArmL5", "Segments": [0, 0, 0, 0.467, 3, 2, 1.067, 3, 2, 2.133, 3]}, {"Target": "Parameter", "Id": "ParamArmL6", "Segments": [0, 1, 0, 0.35, 1, 0, 0.367, 0, 2, 1.067, 0, 2, 2.133, 0]}, {"Target": "Parameter", "Id": "ParamArmL8", "Segments": [0, 14, 0, 0.55, -22, 0, 1.083, 8, 2, 2.133, 8]}, {"Target": "Parameter", "Id": "ParamArmL9", "Segments": [0, 0, 0, 0.2, 0, 0, 0.433, -0.8, 2, 2.133, -0.8]}, {"Target": "Parameter", "Id": "ParamHandLA", "Segments": [0, 0, 0, 0.2, 0, 0, 0.217, 1, 2, 2.133, 1]}, {"Target": "Parameter", "Id": "ParamHandLG", "Segments": [0, 1, 0, 0.2, 1, 0, 0.217, 0, 2, 2.133, 0]}, {"Target": "Parameter", "Id": "ParamFingerL", "Segments": [0, 0, 0, 0.5, 10, 0, 0.983, -4, 0, 1.633, 0, 2, 2.133, 0]}, {"Target": "Parameter", "Id": "ParamPositionX", "Segments": [0, 0, 0, 2.133, 0]}, {"Target": "Parameter", "Id": "ParamPositionY", "Segments": [0, 0, 0, 2.133, 0]}, {"Target": "Parameter", "Id": "ParamRotationZ", "Segments": [0, 0, 0, 2.133, 0]}, {"Target": "Parameter", "Id": "ParamUpperBody", "Segments": [0, 0, 0, 2.133, 0]}, {"Target": "Parameter", "Id": "ParamBreath", "Segments": [0, 0, 0, 2.133, 0]}, {"Target": "Parameter", "Id": "ParamArmR4", "Segments": [0, 8, 0, 2.133, 8]}, {"Target": "Parameter", "Id": "ParamArmR7", "Segments": [0, 8, 0, 2.133, 8]}, {"Target": "Parameter", "Id": "ParamHandRB", "Segments": [0, 0, 0, 2.133, 0]}, {"Target": "Parameter", "Id": "ParamHandRC", "Segments": [0, 0, 0, 2.133, 0]}, {"Target": "Parameter", "Id": "ParamHandRE", "Segments": [0, 0, 0, 2.133, 0]}, {"Target": "Parameter", "Id": "ParamHandRF", "Segments": [0, 0, 0, 2.133, 0]}, {"Target": "Parameter", "Id": "ParamHandRG", "Segments": [0, 0, 0, 2.133, 0]}, {"Target": "Parameter", "Id": "ParamHandRH", "Segments": [0, 0, 0, 2.133, 0]}, {"Target": "Parameter", "Id": "ParamHandRI", "Segments": [0, 0, 0, 2.133, 0]}, {"Target": "Parameter", "Id": "ParamHandRJ", "Segments": [0, 0, 0, 2.133, 0]}, {"Target": "Parameter", "Id": "ParamHandRK", "Segments": [0, 0, 0, 2.133, 0]}, {"Target": "Parameter", "Id": "ParamArmL7", "Segments": [0, 5, 0, 2.133, 5]}, {"Target": "Parameter", "Id": "ParamHandLB", "Segments": [0, 0, 0, 2.133, 0]}, {"Target": "Parameter", "Id": "ParamHandLC", "Segments": [0, 0, 0, 2.133, 0]}, {"Target": "Parameter", "Id": "ParamHandLD", "Segments": [0, 0, 0, 2.133, 0]}, {"Target": "Parameter", "Id": "ParamHandLE", "Segments": [0, 0, 0, 2.133, 0]}, {"Target": "Parameter", "Id": "ParamHandLF", "Segments": [0, 0, 0, 2.133, 0]}, {"Target": "Parameter", "Id": "ParamHandLH", "Segments": [0, 0, 0, 2.133, 0]}, {"Target": "Parameter", "Id": "ParamHandLI", "Segments": [0, 0, 0, 2.133, 0]}, {"Target": "Parameter", "Id": "ParamHandLJ", "Segments": [0, 0, 0, 2.133, 0]}, {"Target": "Parameter", "Id": "ParamHandLK", "Segments": [0, 0, 0, 2.133, 0]}], "UserData": [{"Time": 0.367, "Value": "eyeblink,0.20,0.00,0.20"}]}