{"Version": 3, "Meta": {"Duration": 2.5, "Fps": 60.0, "Loop": true, "AreBeziersRestricted": true, "CurveCount": 61, "UserDataCount": 1, "TotalSegmentCount": 184, "TotalPointCount": 188, "TotalUserDataSize": 23}, "Curves": [{"Target": "Parameter", "Id": "ParamAngleY", "Segments": [0, 0, 0, 0.117, 0, 0, 0.617, 10, 0, 1.25, -23, 0, 1.933, -20, 2, 2.5, -20]}, {"Target": "Parameter", "Id": "ParamAngleZ", "Segments": [0, 0, 0, 0.117, 0, 0, 0.617, 7, 0, 1.25, -8, 0, 1.933, -4, 2, 2.5, -4]}, {"Target": "Parameter", "Id": "ParamEyeROpen", "Segments": [0, 1, 0, 0.617, 1, 0, 1.083, 0, 2, 1.483, 0, 0, 1.883, 1, 2, 2.5, 1]}, {"Target": "Parameter", "Id": "ParamEyeLOpen", "Segments": [0, 1, 0, 0.617, 1, 0, 1.083, 0, 2, 1.483, 0, 0, 1.883, 1, 2, 2.5, 1]}, {"Target": "Parameter", "Id": "ParamBodyAngleX", "Segments": [0, 0, 0, 0.5, 5, 1, 0.711, 5, 0.922, -1.929, 1.133, -3, 1, 1.361, -4.156, 1.589, -4.0, 1.817, -4, 2, 2.5, -4]}, {"Target": "Parameter", "Id": "ParamBodyAngleY", "Segments": [0, 0, 0, 0.5, 5, 0, 1.133, -6, 0, 1.817, -4, 2, 2.5, -4]}, {"Target": "Parameter", "Id": "ParamUpperBodyZ", "Segments": [0, 0, 0, 0.5, 1, 0, 1.133, -1, 2, 2.5, -1]}, {"Target": "Parameter", "Id": "ParamBreath", "Segments": [0, 0, 0, 0.5, 1, 0, 1.383, 0, 2, 2.5, 0]}, {"Target": "Parameter", "Id": "ParamShoulderR", "Segments": [0, 0, 0, 0.5, 7, 0, 1.133, -2, 0, 1.817, 0, 2, 2.5, 0]}, {"Target": "Parameter", "Id": "ParamArmR1", "Segments": [0, -41, 0, 0.5, -33, 0, 1.133, -41, 2, 1.817, -41, 2, 2.5, -41]}, {"Target": "Parameter", "Id": "ParamArmR2", "Segments": [0, 2, 0, 0.05, 2, 0, 0.55, 0, 0, 1.183, 1, 2, 2.5, 1]}, {"Target": "Parameter", "Id": "ParamArmR3", "Segments": [0, 9, 0, 0.1, 9, 0, 0.6, -1, 0, 1.233, 16, 0, 1.833, 9, 2, 2.5, 9]}, {"Target": "Parameter", "Id": "ParamArmR8", "Segments": [0, 0, 0, 0.583, -8, 0, 1.35, 12, 0, 1.9, 6, 2, 2.5, 6]}, {"Target": "Parameter", "Id": "ParamFingerR", "Segments": [0, 0, 0, 0.6, 10, 0, 1.35, 0, 2, 2.5, 0]}, {"Target": "Parameter", "Id": "ParamShoulderL", "Segments": [0, 0, 0, 0.5, 7, 0, 1.133, -2, 0, 1.817, 0, 2, 2.5, 0]}, {"Target": "Parameter", "Id": "ParamArmL1", "Segments": [0, -40, 0, 0.5, -33, 0, 1.133, -40, 2, 1.817, -40, 2, 2.5, -40]}, {"Target": "Parameter", "Id": "ParamArmL2", "Segments": [0, 2, 0, 0.05, 2, 0, 0.55, 0, 0, 1.183, 2, 2, 2.5, 2]}, {"Target": "Parameter", "Id": "ParamArmL3", "Segments": [0, 3, 0, 0.1, 3, 0, 0.6, -1, 0, 1.233, 10, 0, 1.833, 3, 2, 2.5, 3]}, {"Target": "Parameter", "Id": "ParamArmL8", "Segments": [0, 0, 0, 0.583, -16, 0, 1.35, -4, 2, 2.5, -4]}, {"Target": "Parameter", "Id": "ParamFingerL", "Segments": [0, 0, 0, 0.6, 10, 0, 1.3, -4, 0, 1.95, 0, 2, 2.5, 0]}, {"Target": "Parameter", "Id": "ParamPositionX", "Segments": [0, 0, 0, 2.5, 0]}, {"Target": "Parameter", "Id": "ParamPositionY", "Segments": [0, 0, 0, 2.5, 0]}, {"Target": "Parameter", "Id": "ParamRotationZ", "Segments": [0, 0, 0, 2.5, 0]}, {"Target": "Parameter", "Id": "ParamAngleX", "Segments": [0, 0, 0, 2.5, 0]}, {"Target": "Parameter", "Id": "ParamEyeballX", "Segments": [0, 0, 0, 2.5, 0]}, {"Target": "Parameter", "Id": "ParamBodyAngleZ", "Segments": [0, 0, 0, 2.5, 0]}, {"Target": "Parameter", "Id": "ParamUpperBody", "Segments": [0, 0, 0, 2.5, 0]}, {"Target": "Parameter", "Id": "ParamLegLZ", "Segments": [0, 0, 0, 2.5, 0]}, {"Target": "Parameter", "Id": "ParamLegRZ", "Segments": [0, 1, 0, 2.5, 1]}, {"Target": "Parameter", "Id": "ParamArmR4", "Segments": [0, 0, 0, 2.5, 0]}, {"Target": "Parameter", "Id": "ParamArmR5", "Segments": [0, 0, 0, 2.5, 0]}, {"Target": "Parameter", "Id": "ParamArmR6", "Segments": [0, 1, 0, 2.5, 1]}, {"Target": "Parameter", "Id": "ParamArmR7", "Segments": [0, 5, 0, 2.5, 5]}, {"Target": "Parameter", "Id": "ParamArmR9", "Segments": [0, -0.4, 0, 2.5, -0.4]}, {"Target": "Parameter", "Id": "ParamHandRA", "Segments": [0, 0, 0, 2.5, 0]}, {"Target": "Parameter", "Id": "ParamHandRB", "Segments": [0, 0, 0, 2.5, 0]}, {"Target": "Parameter", "Id": "ParamHandRC", "Segments": [0, 0, 0, 2.5, 0]}, {"Target": "Parameter", "Id": "ParamHandRD", "Segments": [0, 0, 0, 2.5, 0]}, {"Target": "Parameter", "Id": "ParamHandRE", "Segments": [0, 0, 0, 2.5, 0]}, {"Target": "Parameter", "Id": "ParamHandRF", "Segments": [0, 0, 0, 2.5, 0]}, {"Target": "Parameter", "Id": "ParamHandRG", "Segments": [0, 1, 0, 2.5, 1]}, {"Target": "Parameter", "Id": "ParamHandRH", "Segments": [0, 0, 0, 2.5, 0]}, {"Target": "Parameter", "Id": "ParamHandRI", "Segments": [0, 0, 0, 2.5, 0]}, {"Target": "Parameter", "Id": "ParamHandRJ", "Segments": [0, 0, 0, 2.5, 0]}, {"Target": "Parameter", "Id": "ParamHandRK", "Segments": [0, 0, 0, 2.5, 0]}, {"Target": "Parameter", "Id": "ParamArmL4", "Segments": [0, 6, 0, 2.5, 6]}, {"Target": "Parameter", "Id": "ParamArmL5", "Segments": [0, 0, 0, 2.5, 0]}, {"Target": "Parameter", "Id": "ParamArmL6", "Segments": [0, 1, 0, 2.5, 1]}, {"Target": "Parameter", "Id": "ParamArmL7", "Segments": [0, 5, 0, 2.5, 5]}, {"Target": "Parameter", "Id": "ParamArmL9", "Segments": [0, -0.4, 0, 2.5, -0.4]}, {"Target": "Parameter", "Id": "ParamHandLA", "Segments": [0, 0, 0, 2.5, 0]}, {"Target": "Parameter", "Id": "ParamHandLB", "Segments": [0, 0, 0, 2.5, 0]}, {"Target": "Parameter", "Id": "ParamHandLC", "Segments": [0, 0, 0, 2.5, 0]}, {"Target": "Parameter", "Id": "ParamHandLD", "Segments": [0, 0, 0, 2.5, 0]}, {"Target": "Parameter", "Id": "ParamHandLE", "Segments": [0, 0, 0, 2.5, 0]}, {"Target": "Parameter", "Id": "ParamHandLF", "Segments": [0, 0, 0, 2.5, 0]}, {"Target": "Parameter", "Id": "ParamHandLG", "Segments": [0, 1, 0, 2.5, 1]}, {"Target": "Parameter", "Id": "ParamHandLH", "Segments": [0, 0, 0, 2.5, 0]}, {"Target": "Parameter", "Id": "ParamHandLI", "Segments": [0, 0, 0, 2.5, 0]}, {"Target": "Parameter", "Id": "ParamHandLJ", "Segments": [0, 0, 0, 2.5, 0]}, {"Target": "Parameter", "Id": "ParamHandLK", "Segments": [0, 0, 0, 2.5, 0]}], "UserData": [{"Time": 0.567, "Value": "eyeblink,0.20,0.23,0.20"}]}