{"Version": 3, "Meta": {"Duration": 2.6, "Fps": 60.0, "Loop": true, "AreBeziersRestricted": true, "CurveCount": 61, "UserDataCount": 1, "TotalSegmentCount": 189, "TotalPointCount": 195, "TotalUserDataSize": 22}, "Curves": [{"Target": "Parameter", "Id": "ParamPositionY", "Segments": [0, 0, 0, 0.433, 1, 0, 1.05, 0, 2, 2.6, 0]}, {"Target": "Parameter", "Id": "ParamRotationZ", "Segments": [0, 0, 0, 0.617, -1, 0, 1.217, 0, 2, 2.6, 0]}, {"Target": "Parameter", "Id": "ParamAngleX", "Segments": [0, 2, 0, 0.417, 4, 1, 0.628, 4, 0.839, 2.514, 1.05, 1, 1, 1.278, -0.633, 1.505, -1.0, 1.733, -1, 2, 2.6, -1]}, {"Target": "Parameter", "Id": "ParamAngleY", "Segments": [0, -4, 0, 0.4, 12, 0, 1.067, -4, 0, 1.733, 3, 2, 2.6, 3]}, {"Target": "Parameter", "Id": "ParamAngleZ", "Segments": [0, 11, 0, 0.6, -7, 0, 1.2, 22, 0, 1.733, 17, 2, 2.6, 17]}, {"Target": "Parameter", "Id": "ParamEyeROpen", "Segments": [0, 1, 0, 0.2, 1, 0, 0.4, 0, 2, 0.633, 0, 0, 0.867, 1, 2, 2.6, 1]}, {"Target": "Parameter", "Id": "ParamEyeLOpen", "Segments": [0, 1, 0, 0.2, 1, 0, 0.4, 0, 2, 0.633, 0, 0, 0.867, 1, 2, 2.6, 1]}, {"Target": "Parameter", "Id": "ParamBodyAngleX", "Segments": [0, 2, 0, 0.467, 4, 0, 1.1, -3, 2, 2.6, -3]}, {"Target": "Parameter", "Id": "ParamBodyAngleY", "Segments": [0, 0, 0, 0.467, 4, 0, 1.083, -3, 0, 1.667, 0, 2, 2.6, 0]}, {"Target": "Parameter", "Id": "ParamBodyAngleZ", "Segments": [0, 3, 0, 0.633, 4, 0, 1.317, 2, 2, 2.6, 2]}, {"Target": "Parameter", "Id": "ParamUpperBodyZ", "Segments": [0, -7, 0, 1.317, -3, 2, 2.6, -3]}, {"Target": "Parameter", "Id": "ParamShoulderR", "Segments": [0, 1, 0, 0.35, 6, 0, 0.95, 4, 0, 1.433, 8, 2, 2.6, 8]}, {"Target": "Parameter", "Id": "ParamArmR1", "Segments": [0, -34, 0, 0.45, -29, 0, 0.967, -36, 0, 1.467, -35, 2, 2.6, -35]}, {"Target": "Parameter", "Id": "ParamArmR2", "Segments": [0, -2, 0, 0.483, -4, 0, 1, -3, 0, 1.55, -3.9, 2, 2.6, -3.9]}, {"Target": "Parameter", "Id": "ParamArmR3", "Segments": [0, -38, 0, 0.583, -40, 0, 1.15, -8, 0, 1.683, -29, 2, 2.6, -29]}, {"Target": "Parameter", "Id": "ParamArmR5", "Segments": [0, 0, 0, 0.45, 3, 2, 2.6, 3]}, {"Target": "Parameter", "Id": "ParamArmR8", "Segments": [0, -38, 0, 0.683, -34, 1, 0.833, -31.346, 0.983, -7.0, 1.133, -7, 0, 1.633, -28, 2, 2.6, -28]}, {"Target": "Parameter", "Id": "ParamFingerR", "Segments": [0, 0, 0, 0.633, 6, 0, 1.117, -5, 0, 1.733, 0, 2, 2.6, 0]}, {"Target": "Parameter", "Id": "ParamShoulderL", "Segments": [0, 1, 0, 0.367, 9, 0, 0.8, 3, 0, 1.233, 10, 2, 2.6, 10]}, {"Target": "Parameter", "Id": "ParamArmL1", "Segments": [0, -40, 0, 0.45, -20, 0, 0.883, -44, 0, 1.3, -41, 2, 2.6, -41]}, {"Target": "Parameter", "Id": "ParamArmL2", "Segments": [0, 43.2, 0, 0.5, 47, 0, 0.983, 42, 0, 1.35, 42.5, 2, 2.6, 42.5]}, {"Target": "Parameter", "Id": "ParamArmL3", "Segments": [0, 20, 0, 0.6, 40, 0, 1.033, 29, 0, 1.467, 33, 2, 2.6, 33]}, {"Target": "Parameter", "Id": "ParamArmL4", "Segments": [0, 18, 0, 0.417, 30, 2, 2.6, 30]}, {"Target": "Parameter", "Id": "ParamArmL8", "Segments": [0, 7, 0, 0.617, 26, 0, 1.117, 12, 0, 1.533, 19, 2, 2.6, 19]}, {"Target": "Parameter", "Id": "ParamFingerL", "Segments": [0, 0, 0, 0.667, 8, 0, 1.15, -5, 0, 1.55, 0, 2, 2.6, 0]}, {"Target": "Parameter", "Id": "ParamPositionX", "Segments": [0, 0, 0, 2.6, 0]}, {"Target": "Parameter", "Id": "ParamEyeballX", "Segments": [0, 0, 0, 2.6, 0]}, {"Target": "Parameter", "Id": "ParamUpperBody", "Segments": [0, 0, 0, 2.6, 0]}, {"Target": "Parameter", "Id": "ParamBreath", "Segments": [0, 0, 0, 2.6, 0]}, {"Target": "Parameter", "Id": "ParamLegLZ", "Segments": [0, 1, 0, 2.6, 1]}, {"Target": "Parameter", "Id": "ParamLegRZ", "Segments": [0, 0, 0, 2.6, 0]}, {"Target": "Parameter", "Id": "ParamArmR4", "Segments": [0, 0, 0, 2.6, 0]}, {"Target": "Parameter", "Id": "ParamArmR6", "Segments": [0, 0, 0, 2.6, 0]}, {"Target": "Parameter", "Id": "ParamArmR7", "Segments": [0, -3, 0, 2.6, -3]}, {"Target": "Parameter", "Id": "ParamArmR9", "Segments": [0, -0.8, 0, 2.6, -0.8]}, {"Target": "Parameter", "Id": "ParamHandRA", "Segments": [0, 1, 0, 2.6, 1]}, {"Target": "Parameter", "Id": "ParamHandRB", "Segments": [0, 0, 0, 2.6, 0]}, {"Target": "Parameter", "Id": "ParamHandRC", "Segments": [0, 0, 0, 2.6, 0]}, {"Target": "Parameter", "Id": "ParamHandRD", "Segments": [0, 0, 0, 2.6, 0]}, {"Target": "Parameter", "Id": "ParamHandRE", "Segments": [0, 0, 0, 2.6, 0]}, {"Target": "Parameter", "Id": "ParamHandRF", "Segments": [0, 0, 0, 2.6, 0]}, {"Target": "Parameter", "Id": "ParamHandRG", "Segments": [0, 0, 0, 2.6, 0]}, {"Target": "Parameter", "Id": "ParamHandRH", "Segments": [0, 0, 0, 2.6, 0]}, {"Target": "Parameter", "Id": "ParamHandRI", "Segments": [0, 0, 0, 2.6, 0]}, {"Target": "Parameter", "Id": "ParamHandRJ", "Segments": [0, 0, 0, 2.6, 0]}, {"Target": "Parameter", "Id": "ParamHandRK", "Segments": [0, 0, 0, 2.6, 0]}, {"Target": "Parameter", "Id": "ParamArmL5", "Segments": [0, 8, 0, 2.6, 8]}, {"Target": "Parameter", "Id": "ParamArmL6", "Segments": [0, 1, 0, 2.6, 1]}, {"Target": "Parameter", "Id": "ParamArmL7", "Segments": [0, -4, 0, 2.6, -4]}, {"Target": "Parameter", "Id": "ParamArmL9", "Segments": [0, 0.7, 0, 2.6, 0.7]}, {"Target": "Parameter", "Id": "ParamHandLA", "Segments": [0, 0, 0, 2.6, 0]}, {"Target": "Parameter", "Id": "ParamHandLB", "Segments": [0, 0, 0, 2.6, 0]}, {"Target": "Parameter", "Id": "ParamHandLC", "Segments": [0, 0, 0, 2.6, 0]}, {"Target": "Parameter", "Id": "ParamHandLD", "Segments": [0, 1, 0, 2.6, 1]}, {"Target": "Parameter", "Id": "ParamHandLE", "Segments": [0, 0, 0, 2.6, 0]}, {"Target": "Parameter", "Id": "ParamHandLF", "Segments": [0, 0, 0, 2.6, 0]}, {"Target": "Parameter", "Id": "ParamHandLG", "Segments": [0, 0, 0, 2.6, 0]}, {"Target": "Parameter", "Id": "ParamHandLH", "Segments": [0, 0, 0, 2.6, 0]}, {"Target": "Parameter", "Id": "ParamHandLI", "Segments": [0, 0, 0, 2.6, 0]}, {"Target": "Parameter", "Id": "ParamHandLJ", "Segments": [0, 0, 0, 2.6, 0]}, {"Target": "Parameter", "Id": "ParamHandLK", "Segments": [0, 0, 0, 2.6, 0]}], "UserData": [{"Time": 0.2, "Value": "eyeblink,0.2,0.24,0.24"}]}