{"Version": 3, "Meta": {"Duration": 2.633, "Fps": 60.0, "Loop": true, "AreBeziersRestricted": true, "CurveCount": 61, "UserDataCount": 1, "TotalSegmentCount": 190, "TotalPointCount": 194, "TotalUserDataSize": 23}, "Curves": [{"Target": "Parameter", "Id": "ParamPositionY", "Segments": [0, 0, 0, 0.333, 1, 0, 0.833, -1, 0, 1.267, 0, 2, 2.067, 0, 2, 2.633, 0]}, {"Target": "Parameter", "Id": "ParamAngleX", "Segments": [0, 0, 0, 0.4, -1, 1, 0.544, -2.08, 0.689, -4.0, 0.833, -4, 0, 1.4, -2, 2, 2.067, -2, 2, 2.633, -2]}, {"Target": "Parameter", "Id": "ParamAngleY", "Segments": [0, 0, 0, 0.4, 8, 0, 0.9, -27, 0, 1.467, 2, 2, 2.067, 2, 2, 2.633, 2]}, {"Target": "Parameter", "Id": "ParamAngleZ", "Segments": [0, 3, 0, 0.267, 0, 0, 0.7, 2, 2, 1.3, 2, 2, 2.067, 2, 2, 2.633, 2]}, {"Target": "Parameter", "Id": "ParamEyeROpen", "Segments": [0, 1, 0, 0.6, 1, 0, 0.8, 0, 2, 1.033, 0, 0, 1.233, 1, 2, 2.633, 1]}, {"Target": "Parameter", "Id": "ParamEyeLOpen", "Segments": [0, 1, 0, 0.6, 1, 0, 0.8, 0, 2, 1.033, 0, 0, 1.233, 1, 2, 2.633, 1]}, {"Target": "Parameter", "Id": "ParamBodyAngleX", "Segments": [0, 0, 0, 0.333, -1, 1, 0.522, -2.774, 0.711, -5.0, 0.9, -5, 0, 1.5, -3, 2, 2.067, -3, 2, 2.633, -3]}, {"Target": "Parameter", "Id": "ParamBodyAngleY", "Segments": [0, 0, 0, 0.467, 2, 0, 1.033, -1, 0, 1.567, 1, 2, 2.067, 1, 2, 2.633, 1]}, {"Target": "Parameter", "Id": "ParamBodyAngleZ", "Segments": [0, 2, 0, 0.633, 3, 2, 2.067, 3, 2, 2.633, 3]}, {"Target": "Parameter", "Id": "ParamShoulderR", "Segments": [0, 1, 0, 0.4, 3, 2, 2.067, 3, 2, 2.633, 3]}, {"Target": "Parameter", "Id": "ParamArmR1", "Segments": [0, -42, 0, 0.4, -40, 0, 0.9, -44, 2, 2.067, -44, 2, 2.633, -44]}, {"Target": "Parameter", "Id": "ParamArmR2", "Segments": [0, -2, 0, 0.4, -3, 0, 0.9, -2, 2, 2.067, -2, 2, 2.633, -2]}, {"Target": "Parameter", "Id": "ParamArmR3", "Segments": [0, -13, 0, 0.467, -22, 0, 1.167, -7, 2, 2.067, -7, 2, 2.633, -7]}, {"Target": "Parameter", "Id": "ParamArmR8", "Segments": [0, -5, 0, 0.467, -20, 0, 1.117, -1, 2, 2.633, -1]}, {"Target": "Parameter", "Id": "ParamFingerR", "Segments": [0, 0, 0, 0.517, 6, 0, 1.167, -6, 0, 2.067, 0, 2, 2.633, 0]}, {"Target": "Parameter", "Id": "ParamShoulderL", "Segments": [0, 0, 0, 0.4, 4, 2, 2.067, 4, 2, 2.633, 4]}, {"Target": "Parameter", "Id": "ParamArmL1", "Segments": [0, -48, 0, 0.4, -45, 0, 0.9, -48, 2, 2.067, -48, 2, 2.633, -48]}, {"Target": "Parameter", "Id": "ParamArmL2", "Segments": [0, -3, 0, 0.533, -4, 0, 1.033, -2, 2, 2.067, -2, 2, 2.633, -2]}, {"Target": "Parameter", "Id": "ParamArmL3", "Segments": [0, -11, 0, 0.7, -27, 0, 1.2, -13, 2, 2.067, -13, 2, 2.633, -13]}, {"Target": "Parameter", "Id": "ParamArmL5", "Segments": [0, 3, 0, 0.4, 0, 2, 2.067, 0, 2, 2.633, 0]}, {"Target": "Parameter", "Id": "ParamArmL8", "Segments": [0, -15, 0, 0.6, -34, 0, 1.217, -17, 2, 2.633, -17]}, {"Target": "Parameter", "Id": "ParamFingerL", "Segments": [0, 0, 0, 0.517, 7, 0, 1.167, -5, 0, 2.067, 0, 2, 2.633, 0]}, {"Target": "Parameter", "Id": "ParamPositionX", "Segments": [0, 0, 0, 2.633, 0]}, {"Target": "Parameter", "Id": "ParamRotationZ", "Segments": [0, 0, 0, 2.633, 0]}, {"Target": "Parameter", "Id": "ParamEyeballX", "Segments": [0, 0, 0, 2.633, 0]}, {"Target": "Parameter", "Id": "ParamUpperBodyZ", "Segments": [0, -3, 0, 2.633, -3]}, {"Target": "Parameter", "Id": "ParamUpperBody", "Segments": [0, 0, 0, 2.633, 0]}, {"Target": "Parameter", "Id": "ParamBreath", "Segments": [0, 0, 0, 2.633, 0]}, {"Target": "Parameter", "Id": "ParamLegLZ", "Segments": [0, 0, 0, 2.633, 0]}, {"Target": "Parameter", "Id": "ParamLegRZ", "Segments": [0, 0, 0, 2.633, 0]}, {"Target": "Parameter", "Id": "ParamArmR4", "Segments": [0, 0, 0, 2.633, 0]}, {"Target": "Parameter", "Id": "ParamArmR5", "Segments": [0, 3, 0, 2.633, 3]}, {"Target": "Parameter", "Id": "ParamArmR6", "Segments": [0, 0, 0, 2.633, 0]}, {"Target": "Parameter", "Id": "ParamArmR7", "Segments": [0, 8, 0, 2.633, 8]}, {"Target": "Parameter", "Id": "ParamArmR9", "Segments": [0, -0.8, 0, 2.633, -0.8]}, {"Target": "Parameter", "Id": "ParamHandRA", "Segments": [0, 1, 0, 2.633, 1]}, {"Target": "Parameter", "Id": "ParamHandRB", "Segments": [0, 0, 0, 2.633, 0]}, {"Target": "Parameter", "Id": "ParamHandRC", "Segments": [0, 0, 0, 2.633, 0]}, {"Target": "Parameter", "Id": "ParamHandRD", "Segments": [0, 0, 0, 2.633, 0]}, {"Target": "Parameter", "Id": "ParamHandRE", "Segments": [0, 0, 0, 2.633, 0]}, {"Target": "Parameter", "Id": "ParamHandRF", "Segments": [0, 0, 0, 2.633, 0]}, {"Target": "Parameter", "Id": "ParamHandRG", "Segments": [0, 0, 0, 2.633, 0]}, {"Target": "Parameter", "Id": "ParamHandRH", "Segments": [0, 0, 0, 2.633, 0]}, {"Target": "Parameter", "Id": "ParamHandRI", "Segments": [0, 0, 0, 2.633, 0]}, {"Target": "Parameter", "Id": "ParamHandRJ", "Segments": [0, 0, 0, 2.633, 0]}, {"Target": "Parameter", "Id": "ParamHandRK", "Segments": [0, 0, 0, 2.633, 0]}, {"Target": "Parameter", "Id": "ParamArmL4", "Segments": [0, 0, 0, 2.633, 0]}, {"Target": "Parameter", "Id": "ParamArmL6", "Segments": [0, 0, 0, 2.633, 0]}, {"Target": "Parameter", "Id": "ParamArmL7", "Segments": [0, 0, 0, 2.633, 0]}, {"Target": "Parameter", "Id": "ParamArmL9", "Segments": [0, -0.8, 0, 2.633, -0.8]}, {"Target": "Parameter", "Id": "ParamHandLA", "Segments": [0, 1, 0, 2.633, 1]}, {"Target": "Parameter", "Id": "ParamHandLB", "Segments": [0, 0, 0, 2.633, 0]}, {"Target": "Parameter", "Id": "ParamHandLC", "Segments": [0, 0, 0, 2.633, 0]}, {"Target": "Parameter", "Id": "ParamHandLD", "Segments": [0, 0, 0, 2.633, 0]}, {"Target": "Parameter", "Id": "ParamHandLE", "Segments": [0, 0, 0, 2.633, 0]}, {"Target": "Parameter", "Id": "ParamHandLF", "Segments": [0, 0, 0, 2.633, 0]}, {"Target": "Parameter", "Id": "ParamHandLG", "Segments": [0, 0, 0, 2.633, 0]}, {"Target": "Parameter", "Id": "ParamHandLH", "Segments": [0, 0, 0, 2.633, 0]}, {"Target": "Parameter", "Id": "ParamHandLI", "Segments": [0, 0, 0, 2.633, 0]}, {"Target": "Parameter", "Id": "ParamHandLJ", "Segments": [0, 0, 0, 2.633, 0]}, {"Target": "Parameter", "Id": "ParamHandLK", "Segments": [0, 0, 0, 2.633, 0]}], "UserData": [{"Time": 0.6, "Value": "eyeblink,0.20,0.23,0.20"}]}