{
	"Version": 3,
	"Meta": {
		"Duration": 5.433,
		"Fps": 30.0,
		"Loop": true,
		"AreBeziersRestricted": true,
		"CurveCount": 31,
		"TotalSegmentCount": 217,
		"TotalPointCount": 620,
		"UserDataCount": 0,
		"TotalUserDataSize": 0
	},
	"Curves": [
		{
			"Target": "Model",
			"Id": "LipSync",
			"Segments": [
				0,
				0,
				1,
				0.156,
				0,
				0.311,
				0.01,
				0.467,
				0.043,
				1,
				0.489,
				0.048,
				0.511,
				0.285,
				0.533,
				0.412,
				1,
				0.556,
				0.538,
				0.578,
				0.608,
				0.6,
				0.608,
				1,
				0.622,
				0.608,
				0.644,
				0.509,
				0.667,
				0.455,
				1,
				0.689,
				0.401,
				0.711,
				0.4,
				0.733,
				0.4,
				1,
				0.756,
				0.4,
				0.778,
				0.992,
				0.8,
				0.992,
				1,
				0.844,
				0.992,
				0.889,
				0.376,
				0.933,
				0.376,
				1,
				0.956,
				0.376,
				0.978,
				0.431,
				1,
				0.431,
				1,
				1.044,
				0.431,
				1.089,
				0.353,
				1.133,
				0.353,
				1,
				1.156,
				0.353,
				1.178,
				0.39,
				1.2,
				0.529,
				1,
				1.222,
				0.668,
				1.244,
				0.784,
				1.267,
				0.784,
				1,
				1.289,
				0.784,
				1.311,
				0,
				1.333,
				0,
				1,
				1.356,
				0,
				1.378,
				0.804,
				1.4,
				0.804,
				1,
				1.422,
				0.804,
				1.444,
				0.775,
				1.467,
				0.718,
				1,
				1.489,
				0.66,
				1.511,
				0.592,
				1.533,
				0.545,
				1,
				1.556,
				0.498,
				1.578,
				0.486,
				1.6,
				0.486,
				1,
				1.622,
				0.486,
				1.644,
				0.973,
				1.667,
				0.973,
				1,
				1.689,
				0.973,
				1.711,
				0.284,
				1.733,
				0.153,
				1,
				1.756,
				0.022,
				1.778,
				0.039,
				1.8,
				0.039,
				1,
				1.822,
				0.039,
				1.844,
				0.69,
				1.867,
				0.69,
				1,
				1.889,
				0.69,
				1.911,
				0.413,
				1.933,
				0.282,
				1,
				1.956,
				0.152,
				1.978,
				0.03,
				2,
				0.024,
				1,
				2.067,
				0.003,
				2.133,
				0,
				2.2,
				0,
				1,
				2.222,
				0,
				2.244,
				0.397,
				2.267,
				0.545,
				1,
				2.289,
				0.693,
				2.311,
				0.686,
				2.333,
				0.686,
				1,
				2.356,
				0.686,
				2.378,
				0.441,
				2.4,
				0.243,
				1,
				2.422,
				0.046,
				2.444,
				0.02,
				2.467,
				0.02,
				1,
				2.489,
				0.02,
				2.511,
				0.095,
				2.533,
				0.188,
				1,
				2.556,
				0.282,
				2.578,
				0.38,
				2.6,
				0.427,
				1,
				2.622,
				0.475,
				2.644,
				0.469,
				2.667,
				0.529,
				1,
				2.689,
				0.59,
				2.711,
				0.984,
				2.733,
				0.984,
				1,
				2.756,
				0.984,
				2.778,
				0.84,
				2.8,
				0.824,
				1,
				2.822,
				0.807,
				2.844,
				0.814,
				2.867,
				0.796,
				1,
				2.889,
				0.778,
				2.911,
				0,
				2.933,
				0,
				1,
				2.956,
				0,
				2.978,
				0.809,
				3,
				0.82,
				1,
				3.022,
				0.83,
				3.044,
				0.827,
				3.067,
				0.827,
				1,
				3.089,
				0.827,
				3.111,
				0.826,
				3.133,
				0.624,
				1,
				3.156,
				0.421,
				3.178,
				0.012,
				3.2,
				0.012,
				1,
				3.222,
				0.012,
				3.244,
				0.137,
				3.267,
				0.137,
				1,
				3.289,
				0.137,
				3.311,
				0,
				3.333,
				0,
				1,
				3.378,
				0,
				3.422,
				0,
				3.467,
				0.02,
				1,
				3.489,
				0.029,
				3.511,
				0.331,
				3.533,
				0.529,
				1,
				3.556,
				0.728,
				3.578,
				0.886,
				3.6,
				0.886,
				1,
				3.622,
				0.886,
				3.644,
				0.707,
				3.667,
				0.663,
				1,
				3.689,
				0.618,
				3.711,
				0.622,
				3.733,
				0.584,
				1,
				3.756,
				0.547,
				3.778,
				0.492,
				3.8,
				0.388,
				1,
				3.822,
				0.284,
				3.844,
				0,
				3.867,
				0,
				0,
				5.433,
				0
			]
		},
		{
			"Target": "Parameter",
			"Id": "PARAM_ANGLE_X",
			"Segments": [
				0,
				0,
				1,
				0.156,
				0,
				0.311,
				0,
				0.467,
				0,
				1,
				0.656,
				0,
				0.844,
				-6,
				1.033,
				-6,
				1,
				1.233,
				-6,
				1.433,
				10,
				1.633,
				10,
				1,
				1.789,
				10,
				1.944,
				8.046,
				2.1,
				0,
				1,
				2.233,
				-6.897,
				2.367,
				-14,
				2.5,
				-14,
				1,
				2.7,
				-14,
				2.9,
				-14,
				3.1,
				-14,
				1,
				3.267,
				-14,
				3.433,
				11,
				3.6,
				11,
				0,
				5.433,
				11
			]
		},
		{
			"Target": "Parameter",
			"Id": "PARAM_ANGLE_Y",
			"Segments": [
				0,
				0,
				1,
				0.7,
				0,
				1.4,
				0,
				2.1,
				0,
				0,
				5.433,
				0
			]
		},
		{
			"Target": "Parameter",
			"Id": "PARAM_ANGLE_Z",
			"Segments": [
				0,
				0,
				1,
				0.144,
				0,
				0.289,
				30,
				0.433,
				30,
				1,
				0.633,
				30,
				0.833,
				-30,
				1.033,
				-30,
				1,
				1.233,
				-30,
				1.433,
				30,
				1.633,
				30,
				1,
				1.789,
				30,
				1.944,
				16.63,
				2.1,
				0,
				1,
				2.233,
				-14.254,
				2.367,
				-18,
				2.5,
				-18,
				1,
				2.7,
				-18,
				2.9,
				-18,
				3.1,
				-18,
				1,
				3.267,
				-18,
				3.433,
				19,
				3.6,
				19,
				0,
				5.433,
				19
			]
		},
		{
			"Target": "Parameter",
			"Id": "PARAM_EYE_L_OPEN",
			"Segments": [
				0,
				1,
				1,
				0.056,
				1,
				0.111,
				1,
				0.167,
				1,
				1,
				0.211,
				1,
				0.256,
				0,
				0.3,
				0,
				1,
				0.322,
				0,
				0.344,
				0,
				0.367,
				0,
				1,
				0.422,
				0,
				0.478,
				1,
				0.533,
				1,
				1,
				1.056,
				1,
				1.578,
				1,
				2.1,
				1,
				1,
				2.333,
				1,
				2.567,
				1,
				2.8,
				1,
				1,
				2.844,
				1,
				2.889,
				0,
				2.933,
				0,
				0,
				5.433,
				0
			]
		},
		{
			"Target": "Parameter",
			"Id": "PARAM_EYE_L_SMILE",
			"Segments": [
				0,
				0,
				1,
				0.7,
				0,
				1.4,
				0,
				2.1,
				0,
				1,
				2.333,
				0,
				2.567,
				0,
				2.8,
				0,
				1,
				2.844,
				0,
				2.889,
				1,
				2.933,
				1,
				0,
				5.433,
				1
			]
		},
		{
			"Target": "Parameter",
			"Id": "PARAM_EYE_R_OPEN",
			"Segments": [
				0,
				1,
				1,
				0.056,
				1,
				0.111,
				1,
				0.167,
				1,
				1,
				0.211,
				1,
				0.256,
				0,
				0.3,
				0,
				1,
				0.322,
				0,
				0.344,
				0,
				0.367,
				0,
				1,
				0.422,
				0,
				0.478,
				1,
				0.533,
				1,
				1,
				1.056,
				1,
				1.578,
				1,
				2.1,
				1,
				1,
				2.333,
				1,
				2.567,
				1,
				2.8,
				1,
				1,
				2.844,
				1,
				2.889,
				0,
				2.933,
				0,
				0,
				5.433,
				0
			]
		},
		{
			"Target": "Parameter",
			"Id": "PARAM_EYE_R_SMILE",
			"Segments": [
				0,
				0,
				1,
				0.7,
				0,
				1.4,
				0,
				2.1,
				0,
				1,
				2.333,
				0,
				2.567,
				0,
				2.8,
				0,
				1,
				2.844,
				0,
				2.889,
				1,
				2.933,
				1,
				0,
				5.433,
				1
			]
		},
		{
			"Target": "Parameter",
			"Id": "PARAM_EYE_BALL_X",
			"Segments": [
				0,
				0,
				1,
				0.144,
				0,
				0.289,
				0,
				0.433,
				0,
				1,
				0.633,
				0,
				0.833,
				0.57,
				1.033,
				0.57,
				1,
				1.233,
				0.57,
				1.433,
				-0.92,
				1.633,
				-0.92,
				1,
				1.789,
				-0.92,
				1.944,
				-0.479,
				2.1,
				0,
				1,
				2.233,
				0.41,
				2.367,
				0.49,
				2.5,
				0.49,
				1,
				2.811,
				0.49,
				3.122,
				-0.87,
				3.433,
				-0.87,
				0,
				5.433,
				-0.87
			]
		},
		{
			"Target": "Parameter",
			"Id": "PARAM_EYE_BALL_Y",
			"Segments": [
				0,
				0,
				1,
				0.144,
				0,
				0.289,
				0,
				0.433,
				0,
				1,
				0.633,
				0,
				0.833,
				0,
				1.033,
				0,
				1,
				1.233,
				0,
				1.433,
				0.25,
				1.633,
				0.25,
				1,
				1.789,
				0.25,
				1.944,
				0,
				2.1,
				0,
				1,
				2.233,
				0,
				2.367,
				-0.008,
				2.5,
				0.04,
				1,
				2.811,
				0.151,
				3.122,
				0.29,
				3.433,
				0.29,
				0,
				5.433,
				0.29
			]
		},
		{
			"Target": "Parameter",
			"Id": "PARAM_BROW_L_Y",
			"Segments": [
				0,
				0,
				1,
				0.7,
				0,
				1.4,
				0,
				2.1,
				0,
				0,
				5.433,
				0
			]
		},
		{
			"Target": "Parameter",
			"Id": "PARAM_BROW_R_Y",
			"Segments": [
				0,
				0,
				1,
				0.7,
				0,
				1.4,
				0,
				2.1,
				0,
				0,
				5.433,
				0
			]
		},
		{
			"Target": "Parameter",
			"Id": "PARAM_BROW_L_X",
			"Segments": [
				0,
				0,
				1,
				0.7,
				0,
				1.4,
				0,
				2.1,
				0,
				0,
				5.433,
				0
			]
		},
		{
			"Target": "Parameter",
			"Id": "PARAM_BROW_R_X",
			"Segments": [
				0,
				0,
				1,
				0.7,
				0,
				1.4,
				0,
				2.1,
				0,
				0,
				5.433,
				0
			]
		},
		{
			"Target": "Parameter",
			"Id": "PARAM_BROW_L_ANGLE",
			"Segments": [
				0,
				0,
				1,
				0.7,
				0,
				1.4,
				0,
				2.1,
				0,
				0,
				5.433,
				0
			]
		},
		{
			"Target": "Parameter",
			"Id": "PARAM_BROW_R_ANGLE",
			"Segments": [
				0,
				0,
				1,
				0.7,
				0,
				1.4,
				0,
				2.1,
				0,
				0,
				5.433,
				0
			]
		},
		{
			"Target": "Parameter",
			"Id": "PARAM_BROW_L_FORM",
			"Segments": [
				0,
				0,
				1,
				0.7,
				0,
				1.4,
				0,
				2.1,
				0,
				0,
				5.433,
				0
			]
		},
		{
			"Target": "Parameter",
			"Id": "PARAM_BROW_R_FORM",
			"Segments": [
				0,
				0,
				1,
				0.7,
				0,
				1.4,
				0,
				2.1,
				0,
				0,
				5.433,
				0
			]
		},
		{
			"Target": "Parameter",
			"Id": "PARAM_MOUTH_FORM",
			"Segments": [
				0,
				1,
				1,
				0.7,
				1,
				1.4,
				1,
				2.1,
				1,
				0,
				5.433,
				1
			]
		},
		{
			"Target": "Parameter",
			"Id": "PARAM_MOUTH_OPEN_Y",
			"Segments": [
				0,
				0,
				1,
				0.7,
				0,
				1.4,
				0,
				2.1,
				0,
				0,
				5.433,
				0
			]
		},
		{
			"Target": "Parameter",
			"Id": "PARAM_CHEEK",
			"Segments": [
				0,
				0,
				1,
				0.7,
				0,
				1.4,
				0,
				2.1,
				0,
				0,
				5.433,
				0
			]
		},
		{
			"Target": "Parameter",
			"Id": "PARAM_ARM_L",
			"Segments": [
				0,
				-1,
				1,
				0.144,
				-1,
				0.289,
				0,
				0.433,
				0,
				1,
				0.633,
				0,
				0.833,
				-0.52,
				1.033,
				-0.52,
				1,
				1.233,
				-0.52,
				1.433,
				0,
				1.633,
				0,
				1,
				1.789,
				0,
				1.944,
				-0.52,
				2.1,
				-0.52,
				0,
				5.433,
				-0.52
			]
		},
		{
			"Target": "Parameter",
			"Id": "PARAM_ARM_R",
			"Segments": [
				0,
				-1,
				1,
				0.144,
				-1,
				0.289,
				0,
				0.433,
				0,
				1,
				0.633,
				0,
				0.833,
				-0.53,
				1.033,
				-0.53,
				1,
				1.233,
				-0.53,
				1.433,
				0,
				1.633,
				0,
				1,
				1.789,
				0,
				1.944,
				-0.53,
				2.1,
				-0.53,
				0,
				5.433,
				-0.53
			]
		},
		{
			"Target": "Parameter",
			"Id": "PARAM_BODY_ANGLE_X",
			"Segments": [
				0,
				0,
				1,
				0.144,
				0,
				0.289,
				2,
				0.433,
				2,
				1,
				0.633,
				2,
				0.833,
				-2,
				1.033,
				-2,
				1,
				1.233,
				-2,
				1.433,
				1,
				1.633,
				1,
				1,
				1.789,
				1,
				1.944,
				0.953,
				2.1,
				0,
				1,
				2.233,
				-0.817,
				2.367,
				-3.288,
				2.5,
				-5,
				1,
				2.6,
				-6.284,
				2.7,
				-7,
				2.8,
				-7,
				1,
				2.956,
				-7,
				3.111,
				-7.116,
				3.267,
				-5,
				1,
				3.456,
				-2.43,
				3.644,
				3,
				3.833,
				3,
				0,
				5.433,
				3
			]
		},
		{
			"Target": "Parameter",
			"Id": "PARAM_BODY_ANGLE_Y",
			"Segments": [
				0,
				0,
				1,
				0.078,
				0,
				0.156,
				-2,
				0.233,
				-2,
				1,
				0.3,
				-2,
				0.367,
				3,
				0.433,
				3,
				1,
				0.556,
				3,
				0.678,
				-2,
				0.8,
				-2,
				1,
				0.878,
				-2,
				0.956,
				3,
				1.033,
				3,
				1,
				1.167,
				3,
				1.3,
				-2,
				1.433,
				-2,
				1,
				1.5,
				-2,
				1.567,
				3,
				1.633,
				3,
				1,
				1.789,
				3,
				1.944,
				2.18,
				2.1,
				0,
				1,
				2.178,
				-1.09,
				2.256,
				-2,
				2.333,
				-2,
				1,
				2.4,
				-2,
				2.467,
				3,
				2.533,
				3,
				1,
				2.822,
				3,
				3.111,
				-2,
				3.4,
				-2,
				1,
				3.467,
				-2,
				3.533,
				3,
				3.6,
				3,
				1,
				3.678,
				3,
				3.756,
				0,
				3.833,
				0,
				0,
				5.433,
				0
			]
		},
		{
			"Target": "Parameter",
			"Id": "PARAM_BODY_ANGLE_Z",
			"Segments": [
				0,
				0,
				1,
				0.144,
				0,
				0.289,
				4,
				0.433,
				4,
				1,
				0.633,
				4,
				0.833,
				-4,
				1.033,
				-4,
				1,
				1.233,
				-4,
				1.433,
				4,
				1.633,
				4,
				1,
				1.789,
				4,
				1.944,
				1.998,
				2.1,
				0,
				1,
				2.233,
				-1.713,
				2.367,
				-3.284,
				2.5,
				-4,
				1,
				2.6,
				-4.537,
				2.7,
				-4.397,
				2.8,
				-5,
				1,
				2.956,
				-5.938,
				3.111,
				-8,
				3.267,
				-8,
				1,
				3.456,
				-8,
				3.644,
				3,
				3.833,
				3,
				0,
				5.433,
				3
			]
		},
		{
			"Target": "Parameter",
			"Id": "PARAM_BREATH",
			"Segments": [
				0,
				0,
				1,
				0.7,
				0,
				1.4,
				0,
				2.1,
				0,
				0,
				5.433,
				0
			]
		},
		{
			"Target": "Parameter",
			"Id": "PARAM_HAIR_FRONT",
			"Segments": [
				0,
				0,
				1,
				0.078,
				0,
				0.156,
				-1,
				0.233,
				-1,
				1,
				0.378,
				-1,
				0.522,
				0.53,
				0.667,
				0.53,
				1,
				0.856,
				0.53,
				1.044,
				-0.49,
				1.233,
				-0.49,
				1,
				1.444,
				-0.49,
				1.656,
				0.73,
				1.867,
				0.73,
				1,
				2.011,
				0.73,
				2.156,
				0.428,
				2.3,
				0.06,
				1,
				2.444,
				-0.308,
				2.589,
				-0.41,
				2.733,
				-0.41,
				1,
				2.878,
				-0.41,
				3.022,
				-0.18,
				3.167,
				-0.18,
				1,
				3.244,
				-0.18,
				3.322,
				-0.44,
				3.4,
				-0.44,
				1,
				3.556,
				-0.44,
				3.711,
				0.44,
				3.867,
				0.44,
				1,
				4.078,
				0.44,
				4.289,
				-0.25,
				4.5,
				-0.25,
				1,
				4.7,
				-0.25,
				4.9,
				0.19,
				5.1,
				0.19,
				0,
				5.433,
				0.19
			]
		},
		{
			"Target": "Parameter",
			"Id": "PARAM_HAIR_BACK",
			"Segments": [
				0,
				0,
				1,
				0.089,
				0,
				0.178,
				-1,
				0.267,
				-1,
				1,
				0.411,
				-1,
				0.556,
				0.54,
				0.7,
				0.54,
				1,
				0.889,
				0.54,
				1.078,
				-0.48,
				1.267,
				-0.48,
				1,
				1.478,
				-0.48,
				1.689,
				0.73,
				1.9,
				0.73,
				1,
				2.044,
				0.73,
				2.189,
				0.45,
				2.333,
				0.06,
				1,
				2.478,
				-0.33,
				2.622,
				-0.46,
				2.767,
				-0.46,
				1,
				2.911,
				-0.46,
				3.056,
				-0.19,
				3.2,
				-0.19,
				1,
				3.278,
				-0.19,
				3.356,
				-0.44,
				3.433,
				-0.44,
				1,
				3.589,
				-0.44,
				3.744,
				0.4,
				3.9,
				0.4,
				1,
				4.111,
				0.4,
				4.322,
				-0.22,
				4.533,
				-0.22,
				1,
				4.733,
				-0.22,
				4.933,
				0.11,
				5.133,
				0.11,
				0,
				5.433,
				0.11
			]
		},
		{
			"Target": "Parameter",
			"Id": "PARAM_HAIR_BACK_L",
			"Segments": [
				0,
				0,
				1,
				0.1,
				0,
				0.2,
				-0.2,
				0.3,
				-0.2,
				1,
				0.444,
				-0.2,
				0.589,
				0.14,
				0.733,
				0.14,
				1,
				0.922,
				0.14,
				1.111,
				-0.16,
				1.3,
				-0.16,
				1,
				1.511,
				-0.16,
				1.722,
				0.24,
				1.933,
				0.24,
				1,
				2.078,
				0.24,
				2.222,
				0.231,
				2.367,
				0.1,
				1,
				2.511,
				-0.031,
				2.656,
				-0.23,
				2.8,
				-0.23,
				1,
				2.944,
				-0.23,
				3.089,
				-0.11,
				3.233,
				-0.11,
				1,
				3.311,
				-0.11,
				3.389,
				-0.23,
				3.467,
				-0.23,
				1,
				3.622,
				-0.23,
				3.778,
				0.14,
				3.933,
				0.14,
				1,
				4.144,
				0.14,
				4.356,
				-0.11,
				4.567,
				-0.11,
				1,
				4.767,
				-0.11,
				4.967,
				0,
				5.167,
				0,
				0,
				5.433,
				0
			]
		},
		{
			"Target": "Parameter",
			"Id": "PARAM_HAIR_BACK_R",
			"Segments": [
				0,
				0,
				1,
				0.1,
				0,
				0.2,
				-0.18,
				0.3,
				-0.18,
				1,
				0.444,
				-0.18,
				0.589,
				0.14,
				0.733,
				0.14,
				1,
				0.922,
				0.14,
				1.111,
				-0.15,
				1.3,
				-0.15,
				1,
				1.511,
				-0.15,
				1.722,
				0.22,
				1.933,
				0.22,
				1,
				2.078,
				0.22,
				2.222,
				0.224,
				2.367,
				0.11,
				1,
				2.511,
				-0.004,
				2.656,
				-0.28,
				2.8,
				-0.28,
				1,
				2.944,
				-0.28,
				3.089,
				-0.11,
				3.233,
				-0.11,
				1,
				3.311,
				-0.11,
				3.389,
				-0.36,
				3.467,
				-0.36,
				1,
				3.622,
				-0.36,
				3.778,
				0.15,
				3.933,
				0.15,
				1,
				4.144,
				0.15,
				4.356,
				-0.1,
				4.567,
				-0.1,
				1,
				4.767,
				-0.1,
				4.967,
				0.06,
				5.167,
				0.06,
				0,
				5.433,
				0.06
			]
		}
	]
}