{
  "Version": 3,
  "FileReferences": {
    "Moc": "14emu_normal.moc3",
    "Textures": [
      "14emu_normal.2048/texture_00.png"
    ],
    "Physics": "14emu_normal.physics3.json",
    "Motions": {
      "w-adult-blushed01": [
        {
          "File": "motions/w-adult-blushed01.motion3.json",
          "FadeInTime": 0.5,
          "FadeOutTime": 0.5
        }
      ],
      "w-adult-blushed02": [
        {
          "File": "motions/w-adult-blushed02.motion3.json",
          "FadeInTime": 0.5,
          "FadeOutTime": 0.5
        }
      ],
      "w-adult-blushed03": [
        {
          "File": "motions/w-adult-blushed03.motion3.json",
          "FadeInTime": 0.5,
          "FadeOutTime": 0.5
        }
      ],
      "w-adult-blushed04": [
        {
          "File": "motions/w-adult-blushed04.motion3.json",
          "FadeInTime": 0.5,
          "FadeOutTime": 0.5
        }
      ],
      "w-adult-delicious01": [
        {
          "File": "motions/w-adult-delicious01.motion3.json",
          "FadeInTime": 0.5,
          "FadeOutTime": 0.5
        }
      ],
      "w-adult-delicious02": [
        {
          "File": "motions/w-adult-delicious02.motion3.json",
          "FadeInTime": 0.5,
          "FadeOutTime": 0.5
        }
      ],
      "w-adult-delicious03": [
        {
          "File": "motions/w-adult-delicious03.motion3.json",
          "FadeInTime": 0.5,
          "FadeOutTime": 0.5
        }
      ],
      "w-adult-glad01": [
        {
          "File": "motions/w-adult-glad01.motion3.json",
          "FadeInTime": 0.5,
          "FadeOutTime": 0.5
        }
      ],
      "w-adult-glad02": [
        {
          "File": "motions/w-adult-glad02.motion3.json",
          "FadeInTime": 0.5,
          "FadeOutTime": 0.5
        }
      ],
      "w-adult-glad03": [
        {
          "File": "motions/w-adult-glad03.motion3.json",
          "FadeInTime": 0.5,
          "FadeOutTime": 0.5
        }
      ],
      "w-adult-nod01": [
        {
          "File": "motions/w-adult-nod01.motion3.json",
          "FadeInTime": 0.5,
          "FadeOutTime": 0.5
        }
      ],
      "w-adult-nod02": [
        {
          "File": "motions/w-adult-nod02.motion3.json",
          "FadeInTime": 0.5,
          "FadeOutTime": 0.5
        }
      ],
      "w-adult-nod03": [
        {
          "File": "motions/w-adult-nod03.motion3.json",
          "FadeInTime": 0.5,
          "FadeOutTime": 0.5
        }
      ],
      "w-adult-nod04": [
        {
          "File": "motions/w-adult-nod04.motion3.json",
          "FadeInTime": 0.5,
          "FadeOutTime": 0.5
        }
      ],
      "w-adult-nod05": [
        {
          "File": "motions/w-adult-nod05.motion3.json",
          "FadeInTime": 0.5,
          "FadeOutTime": 0.5
        }
      ],
      "w-adult-posenod02": [
        {
          "File": "motions/w-adult-posenod02.motion3.json",
          "FadeInTime": 0.5,
          "FadeOutTime": 0.5
        }
      ],
      "w-adult-posetilthead01": [
        {
          "File": "motions/w-adult-posetilthead01.motion3.json",
          "FadeInTime": 0.5,
          "FadeOutTime": 0.5
        }
      ],
      "w-adult-posetilthead03": [
        {
          "File": "motions/w-adult-posetilthead03.motion3.json",
          "FadeInTime": 0.5,
          "FadeOutTime": 0.5
        }
      ],
      "w-adult-posetrouble02": [
        {
          "File": "motions/w-adult-posetrouble02.motion3.json",
          "FadeInTime": 0.5,
          "FadeOutTime": 0.5
        }
      ],
      "w-adult-relief01": [
        {
          "File": "motions/w-adult-relief01.motion3.json",
          "FadeInTime": 0.5,
          "FadeOutTime": 0.5
        }
      ],
      "w-adult-shakehand01": [
        {
          "File": "motions/w-adult-shakehand01.motion3.json",
          "FadeInTime": 0.5,
          "FadeOutTime": 0.5
        }
      ],
      "w-adult-shakehead01": [
        {
          "File": "motions/w-adult-shakehead01.motion3.json",
          "FadeInTime": 0.5,
          "FadeOutTime": 0.5
        }
      ],
      "w-adult-think01": [
        {
          "File": "motions/w-adult-think01.motion3.json",
          "FadeInTime": 0.5,
          "FadeOutTime": 0.5
        }
      ],
      "w-adult-think02": [
        {
          "File": "motions/w-adult-think02.motion3.json",
          "FadeInTime": 0.5,
          "FadeOutTime": 0.5
        }
      ],
      "w-adult-tilthead01": [
        {
          "File": "motions/w-adult-tilthead01.motion3.json",
          "FadeInTime": 0.5,
          "FadeOutTime": 0.5
        }
      ],
      "w-adult-tilthead02": [
        {
          "File": "motions/w-adult-tilthead02.motion3.json",
          "FadeInTime": 0.5,
          "FadeOutTime": 0.5
        }
      ],
      "w-adult-tilthead03": [
        {
          "File": "motions/w-adult-tilthead03.motion3.json",
          "FadeInTime": 0.5,
          "FadeOutTime": 0.5
        }
      ],
      "w-adult-tilthead04": [
        {
          "File": "motions/w-adult-tilthead04.motion3.json",
          "FadeInTime": 0.5,
          "FadeOutTime": 0.5
        }
      ],
      "w-adult-tilthead05": [
        {
          "File": "motions/w-adult-tilthead05.motion3.json",
          "FadeInTime": 0.5,
          "FadeOutTime": 0.5
        }
      ],
      "w-adult-trouble01": [
        {
          "File": "motions/w-adult-trouble01.motion3.json",
          "FadeInTime": 0.5,
          "FadeOutTime": 0.5
        }
      ],
      "w-adult-trouble02": [
        {
          "File": "motions/w-adult-trouble02.motion3.json",
          "FadeInTime": 0.5,
          "FadeOutTime": 0.5
        }
      ],
      "w-animal-fidget01": [
        {
          "File": "motions/w-animal-fidget01.motion3.json",
          "FadeInTime": 0.5,
          "FadeOutTime": 0.5
        }
      ],
      "w-animal-fidget02": [
        {
          "File": "motions/w-animal-fidget02.motion3.json",
          "FadeInTime": 0.5,
          "FadeOutTime": 0.5
        }
      ],
      "w-animal-lookaway01": [
        {
          "File": "motions/w-animal-lookaway01.motion3.json",
          "FadeInTime": 0.5,
          "FadeOutTime": 0.5
        }
      ],
      "w-animal-nod01": [
        {
          "File": "motions/w-animal-nod01.motion3.json",
          "FadeInTime": 0.5,
          "FadeOutTime": 0.5
        }
      ],
      "w-animal-nod02": [
        {
          "File": "motions/w-animal-nod02.motion3.json",
          "FadeInTime": 0.5,
          "FadeOutTime": 0.5
        }
      ],
      "w-animal-nodtilthead0101": [
        {
          "File": "motions/w-animal-nodtilthead0101.motion3.json",
          "FadeInTime": 0.5,
          "FadeOutTime": 0.5
        }
      ],
      "w-animal-posenod01": [
        {
          "File": "motions/w-animal-posenod01.motion3.json",
          "FadeInTime": 0.5,
          "FadeOutTime": 0.5
        }
      ],
      "w-animal-shy01": [
        {
          "File": "motions/w-animal-shy01.motion3.json",
          "FadeInTime": 0.5,
          "FadeOutTime": 0.5
        }
      ],
      "w-animal-tilthead01": [
        {
          "File": "motions/w-animal-tilthead01.motion3.json",
          "FadeInTime": 0.5,
          "FadeOutTime": 0.5
        }
      ],
      "w-animal-tiltheadnod0101": [
        {
          "File": "motions/w-animal-tiltheadnod0101.motion3.json",
          "FadeInTime": 0.5,
          "FadeOutTime": 0.5
        }
      ],
      "w-animalnormal-nodtilthead0101": [
        {
          "File": "motions/w-animalnormal-nodtilthead0101.motion3.json",
          "FadeInTime": 0.5,
          "FadeOutTime": 0.5
        }
      ],
      "w-cool-angry01": [
        {
          "File": "motions/w-cool-angry01.motion3.json",
          "FadeInTime": 0.5,
          "FadeOutTime": 0.5
        }
      ],
      "w-cool-blushed01": [
        {
          "File": "motions/w-cool-blushed01.motion3.json",
          "FadeInTime": 0.5,
          "FadeOutTime": 0.5
        }
      ],
      "w-cool-forward01": [
        {
          "File": "motions/w-cool-forward01.motion3.json",
          "FadeInTime": 0.5,
          "FadeOutTime": 0.5
        }
      ],
      "w-cool-forward02": [
        {
          "File": "motions/w-cool-forward02.motion3.json",
          "FadeInTime": 0.5,
          "FadeOutTime": 0.5
        }
      ],
      "w-cool-glad01": [
        {
          "File": "motions/w-cool-glad01.motion3.json",
          "FadeInTime": 0.5,
          "FadeOutTime": 0.5
        }
      ],
      "w-cool-nod01": [
        {
          "File": "motions/w-cool-nod01.motion3.json",
          "FadeInTime": 0.5,
          "FadeOutTime": 0.5
        }
      ],
      "w-cool-nod02": [
        {
          "File": "motions/w-cool-nod02.motion3.json",
          "FadeInTime": 0.5,
          "FadeOutTime": 0.5
        }
      ],
      "w-cool-nod03": [
        {
          "File": "motions/w-cool-nod03.motion3.json",
          "FadeInTime": 0.5,
          "FadeOutTime": 0.5
        }
      ],
      "w-cool-nodtilthead0102": [
        {
          "File": "motions/w-cool-nodtilthead0102.motion3.json",
          "FadeInTime": 0.5,
          "FadeOutTime": 0.5
        }
      ],
      "w-cool-posenod01": [
        {
          "File": "motions/w-cool-posenod01.motion3.json",
          "FadeInTime": 0.5,
          "FadeOutTime": 0.5
        }
      ],
      "w-cool-posenod02": [
        {
          "File": "motions/w-cool-posenod02.motion3.json",
          "FadeInTime": 0.5,
          "FadeOutTime": 0.5
        }
      ],
      "w-cool-posenod03": [
        {
          "File": "motions/w-cool-posenod03.motion3.json",
          "FadeInTime": 0.5,
          "FadeOutTime": 0.5
        }
      ],
      "w-cool-posesad01": [
        {
          "File": "motions/w-cool-posesad01.motion3.json",
          "FadeInTime": 0.5,
          "FadeOutTime": 0.5
        }
      ],
      "w-cool-posetilthead03": [
        {
          "File": "motions/w-cool-posetilthead03.motion3.json",
          "FadeInTime": 0.5,
          "FadeOutTime": 0.5
        }
      ],
      "w-cool-posetilthead04": [
        {
          "File": "motions/w-cool-posetilthead04.motion3.json",
          "FadeInTime": 0.5,
          "FadeOutTime": 0.5
        }
      ],
      "w-cool-sad01": [
        {
          "File": "motions/w-cool-sad01.motion3.json",
          "FadeInTime": 0.5,
          "FadeOutTime": 0.5
        }
      ],
      "w-cool-shakehand01": [
        {
          "File": "motions/w-cool-shakehand01.motion3.json",
          "FadeInTime": 0.5,
          "FadeOutTime": 0.5
        }
      ],
      "w-cool-shakehead01": [
        {
          "File": "motions/w-cool-shakehead01.motion3.json",
          "FadeInTime": 0.5,
          "FadeOutTime": 0.5
        }
      ],
      "w-cool-shakehead02": [
        {
          "File": "motions/w-cool-shakehead02.motion3.json",
          "FadeInTime": 0.5,
          "FadeOutTime": 0.5
        }
      ],
      "w-cool-sigh01": [
        {
          "File": "motions/w-cool-sigh01.motion3.json",
          "FadeInTime": 0.5,
          "FadeOutTime": 0.5
        }
      ],
      "w-cool-sigh02": [
        {
          "File": "motions/w-cool-sigh02.motion3.json",
          "FadeInTime": 0.5,
          "FadeOutTime": 0.5
        }
      ],
      "w-cool-tilthead01": [
        {
          "File": "motions/w-cool-tilthead01.motion3.json",
          "FadeInTime": 0.5,
          "FadeOutTime": 0.5
        }
      ],
      "w-cool-tilthead0102": [
        {
          "File": "motions/w-cool-tilthead0102.motion3.json",
          "FadeInTime": 0.5,
          "FadeOutTime": 0.5
        }
      ],
      "w-cool-tilthead02": [
        {
          "File": "motions/w-cool-tilthead02.motion3.json",
          "FadeInTime": 0.5,
          "FadeOutTime": 0.5
        }
      ],
      "w-cool-tilthead0201": [
        {
          "File": "motions/w-cool-tilthead0201.motion3.json",
          "FadeInTime": 0.5,
          "FadeOutTime": 0.5
        }
      ],
      "w-cool-tilthead0204": [
        {
          "File": "motions/w-cool-tilthead0204.motion3.json",
          "FadeInTime": 0.5,
          "FadeOutTime": 0.5
        }
      ],
      "w-cool-tilthead03": [
        {
          "File": "motions/w-cool-tilthead03.motion3.json",
          "FadeInTime": 0.5,
          "FadeOutTime": 0.5
        }
      ],
      "w-cool-tilthead04": [
        {
          "File": "motions/w-cool-tilthead04.motion3.json",
          "FadeInTime": 0.5,
          "FadeOutTime": 0.5
        }
      ],
      "w-cool-tilthead0402": [
        {
          "File": "motions/w-cool-tilthead0402.motion3.json",
          "FadeInTime": 0.5,
          "FadeOutTime": 0.5
        }
      ],
      "w-cool-tiltheadnod0201": [
        {
          "File": "motions/w-cool-tiltheadnod0201.motion3.json",
          "FadeInTime": 0.5,
          "FadeOutTime": 0.5
        }
      ],
      "w-cool-trouble01": [
        {
          "File": "motions/w-cool-trouble01.motion3.json",
          "FadeInTime": 0.5,
          "FadeOutTime": 0.5
        }
      ],
      "w-cute-angry01": [
        {
          "File": "motions/w-cute-angry01.motion3.json",
          "FadeInTime": 0.5,
          "FadeOutTime": 0.5
        }
      ],
      "w-cute-delicious01": [
        {
          "File": "motions/w-cute-delicious01.motion3.json",
          "FadeInTime": 0.5,
          "FadeOutTime": 0.5
        }
      ],
      "w-cute-delicious02": [
        {
          "File": "motions/w-cute-delicious02.motion3.json",
          "FadeInTime": 0.5,
          "FadeOutTime": 0.5
        }
      ],
      "w-cute-fidget01": [
        {
          "File": "motions/w-cute-fidget01.motion3.json",
          "FadeInTime": 0.5,
          "FadeOutTime": 0.5
        }
      ],
      "w-cute-forward01": [
        {
          "File": "motions/w-cute-forward01.motion3.json",
          "FadeInTime": 0.5,
          "FadeOutTime": 0.5
        }
      ],
      "w-cute-forward02": [
        {
          "File": "motions/w-cute-forward02.motion3.json",
          "FadeInTime": 0.5,
          "FadeOutTime": 0.5
        }
      ],
      "w-cute-forward03": [
        {
          "File": "motions/w-cute-forward03.motion3.json",
          "FadeInTime": 0.5,
          "FadeOutTime": 0.5
        }
      ],
      "w-cute-forward03r": [
        {
          "File": "motions/w-cute-forward03r.motion3.json",
          "FadeInTime": 0.5,
          "FadeOutTime": 0.5
        }
      ],
      "w-cute-glad01": [
        {
          "File": "motions/w-cute-glad01.motion3.json",
          "FadeInTime": 0.5,
          "FadeOutTime": 0.5
        }
      ],
      "w-cute-glad02": [
        {
          "File": "motions/w-cute-glad02.motion3.json",
          "FadeInTime": 0.5,
          "FadeOutTime": 0.5
        }
      ],
      "w-cute-glad03": [
        {
          "File": "motions/w-cute-glad03.motion3.json",
          "FadeInTime": 0.5,
          "FadeOutTime": 0.5
        }
      ],
      "w-cute-glad04": [
        {
          "File": "motions/w-cute-glad04.motion3.json",
          "FadeInTime": 0.5,
          "FadeOutTime": 0.5
        }
      ],
      "w-cute-glad05": [
        {
          "File": "motions/w-cute-glad05.motion3.json",
          "FadeInTime": 0.5,
          "FadeOutTime": 0.5
        }
      ],
      "w-cute-glad06": [
        {
          "File": "motions/w-cute-glad06.motion3.json",
          "FadeInTime": 0.5,
          "FadeOutTime": 0.5
        }
      ],
      "w-cute-glad06r": [
        {
          "File": "motions/w-cute-glad06r.motion3.json",
          "FadeInTime": 0.5,
          "FadeOutTime": 0.5
        }
      ],
      "w-cute-nod01": [
        {
          "File": "motions/w-cute-nod01.motion3.json",
          "FadeInTime": 0.5,
          "FadeOutTime": 0.5
        }
      ],
      "w-cute-nod02": [
        {
          "File": "motions/w-cute-nod02.motion3.json",
          "FadeInTime": 0.5,
          "FadeOutTime": 0.5
        }
      ],
      "w-cute-nod03": [
        {
          "File": "motions/w-cute-nod03.motion3.json",
          "FadeInTime": 0.5,
          "FadeOutTime": 0.5
        }
      ],
      "w-cute-nod04": [
        {
          "File": "motions/w-cute-nod04.motion3.json",
          "FadeInTime": 0.5,
          "FadeOutTime": 0.5
        }
      ],
      "w-cute-nod05": [
        {
          "File": "motions/w-cute-nod05.motion3.json",
          "FadeInTime": 0.5,
          "FadeOutTime": 0.5
        }
      ],
      "w-cute-nod06": [
        {
          "File": "motions/w-cute-nod06.motion3.json",
          "FadeInTime": 0.5,
          "FadeOutTime": 0.5
        }
      ],
      "w-cute-poseforward02": [
        {
          "File": "motions/w-cute-poseforward02.motion3.json",
          "FadeInTime": 0.5,
          "FadeOutTime": 0.5
        }
      ],
      "w-cute-posenod01": [
        {
          "File": "motions/w-cute-posenod01.motion3.json",
          "FadeInTime": 0.5,
          "FadeOutTime": 0.5
        }
      ],
      "w-cute-posenod02": [
        {
          "File": "motions/w-cute-posenod02.motion3.json",
          "FadeInTime": 0.5,
          "FadeOutTime": 0.5
        }
      ],
      "w-cute-posetilthead04": [
        {
          "File": "motions/w-cute-posetilthead04.motion3.json",
          "FadeInTime": 0.5,
          "FadeOutTime": 0.5
        }
      ],
      "w-cute-posetilthead07": [
        {
          "File": "motions/w-cute-posetilthead07.motion3.json",
          "FadeInTime": 0.5,
          "FadeOutTime": 0.5
        }
      ],
      "w-cute-posetilthead08": [
        {
          "File": "motions/w-cute-posetilthead08.motion3.json",
          "FadeInTime": 0.5,
          "FadeOutTime": 0.5
        }
      ],
      "w-cute-shakehead01": [
        {
          "File": "motions/w-cute-shakehead01.motion3.json",
          "FadeInTime": 0.5,
          "FadeOutTime": 0.5
        }
      ],
      "w-cute-shakehead02": [
        {
          "File": "motions/w-cute-shakehead02.motion3.json",
          "FadeInTime": 0.5,
          "FadeOutTime": 0.5
        }
      ],
      "w-cute-shakehead03": [
        {
          "File": "motions/w-cute-shakehead03.motion3.json",
          "FadeInTime": 0.5,
          "FadeOutTime": 0.5
        }
      ],
      "w-cute-shy01": [
        {
          "File": "motions/w-cute-shy01.motion3.json",
          "FadeInTime": 0.5,
          "FadeOutTime": 0.5
        }
      ],
      "w-cute-shy02": [
        {
          "File": "motions/w-cute-shy02.motion3.json",
          "FadeInTime": 0.5,
          "FadeOutTime": 0.5
        }
      ],
      "w-cute-shy03": [
        {
          "File": "motions/w-cute-shy03.motion3.json",
          "FadeInTime": 0.5,
          "FadeOutTime": 0.5
        }
      ],
      "w-cute-sleep01": [
        {
          "File": "motions/w-cute-sleep01.motion3.json",
          "FadeInTime": 0.5,
          "FadeOutTime": 0.5
        }
      ],
      "w-cute-sleep02": [
        {
          "File": "motions/w-cute-sleep02.motion3.json",
          "FadeInTime": 0.5,
          "FadeOutTime": 0.5
        }
      ],
      "w-cute-smug01": [
        {
          "File": "motions/w-cute-smug01.motion3.json",
          "FadeInTime": 0.5,
          "FadeOutTime": 0.5
        }
      ],
      "w-cute-tilthead01": [
        {
          "File": "motions/w-cute-tilthead01.motion3.json",
          "FadeInTime": 0.5,
          "FadeOutTime": 0.5
        }
      ],
      "w-cute-tilthead02": [
        {
          "File": "motions/w-cute-tilthead02.motion3.json",
          "FadeInTime": 0.5,
          "FadeOutTime": 0.5
        }
      ],
      "w-cute-tilthead0203": [
        {
          "File": "motions/w-cute-tilthead0203.motion3.json",
          "FadeInTime": 0.5,
          "FadeOutTime": 0.5
        }
      ],
      "w-cute-tilthead0207": [
        {
          "File": "motions/w-cute-tilthead0207.motion3.json",
          "FadeInTime": 0.5,
          "FadeOutTime": 0.5
        }
      ],
      "w-cute-tilthead03": [
        {
          "File": "motions/w-cute-tilthead03.motion3.json",
          "FadeInTime": 0.5,
          "FadeOutTime": 0.5
        }
      ],
      "w-cute-tilthead0302": [
        {
          "File": "motions/w-cute-tilthead0302.motion3.json",
          "FadeInTime": 0.5,
          "FadeOutTime": 0.5
        }
      ],
      "w-cute-tilthead0308": [
        {
          "File": "motions/w-cute-tilthead0308.motion3.json",
          "FadeInTime": 0.5,
          "FadeOutTime": 0.5
        }
      ],
      "w-cute-tilthead04": [
        {
          "File": "motions/w-cute-tilthead04.motion3.json",
          "FadeInTime": 0.5,
          "FadeOutTime": 0.5
        }
      ],
      "w-cute-tilthead05": [
        {
          "File": "motions/w-cute-tilthead05.motion3.json",
          "FadeInTime": 0.5,
          "FadeOutTime": 0.5
        }
      ],
      "w-cute-tilthead06": [
        {
          "File": "motions/w-cute-tilthead06.motion3.json",
          "FadeInTime": 0.5,
          "FadeOutTime": 0.5
        }
      ],
      "w-cute-tilthead07": [
        {
          "File": "motions/w-cute-tilthead07.motion3.json",
          "FadeInTime": 0.5,
          "FadeOutTime": 0.5
        }
      ],
      "w-cute-tilthead0702": [
        {
          "File": "motions/w-cute-tilthead0702.motion3.json",
          "FadeInTime": 0.5,
          "FadeOutTime": 0.5
        }
      ],
      "w-cute-tilthead0708": [
        {
          "File": "motions/w-cute-tilthead0708.motion3.json",
          "FadeInTime": 0.5,
          "FadeOutTime": 0.5
        }
      ],
      "w-cute-tilthead08": [
        {
          "File": "motions/w-cute-tilthead08.motion3.json",
          "FadeInTime": 0.5,
          "FadeOutTime": 0.5
        }
      ],
      "w-cute-tilthead0803": [
        {
          "File": "motions/w-cute-tilthead0803.motion3.json",
          "FadeInTime": 0.5,
          "FadeOutTime": 0.5
        }
      ],
      "w-cute-tilthead0807": [
        {
          "File": "motions/w-cute-tilthead0807.motion3.json",
          "FadeInTime": 0.5,
          "FadeOutTime": 0.5
        }
      ],
      "w-cute-tilthead09": [
        {
          "File": "motions/w-cute-tilthead09.motion3.json",
          "FadeInTime": 0.5,
          "FadeOutTime": 0.5
        }
      ],
      "w-cute-wink02": [
        {
          "File": "motions/w-cute-wink02.motion3.json",
          "FadeInTime": 0.5,
          "FadeOutTime": 0.5
        }
      ],
      "w-cutehappy-shakeheadsad0201": [
        {
          "File": "motions/w-cutehappy-shakeheadsad0201.motion3.json",
          "FadeInTime": 0.5,
          "FadeOutTime": 0.5
        }
      ],
      "w-cutenormal-tilthead0705": [
        {
          "File": "motions/w-cutenormal-tilthead0705.motion3.json",
          "FadeInTime": 0.5,
          "FadeOutTime": 0.5
        }
      ],
      "w-happy-angry01": [
        {
          "File": "motions/w-happy-angry01.motion3.json",
          "FadeInTime": 0.5,
          "FadeOutTime": 0.5
        }
      ],
      "w-happy-angry02": [
        {
          "File": "motions/w-happy-angry02.motion3.json",
          "FadeInTime": 0.5,
          "FadeOutTime": 0.5
        }
      ],
      "w-happy-forward01": [
        {
          "File": "motions/w-happy-forward01.motion3.json",
          "FadeInTime": 0.5,
          "FadeOutTime": 0.5
        }
      ],
      "w-happy-forward02": [
        {
          "File": "motions/w-happy-forward02.motion3.json",
          "FadeInTime": 0.5,
          "FadeOutTime": 0.5
        }
      ],
      "w-happy-glad01": [
        {
          "File": "motions/w-happy-glad01.motion3.json",
          "FadeInTime": 0.5,
          "FadeOutTime": 0.5
        }
      ],
      "w-happy-glad02": [
        {
          "File": "motions/w-happy-glad02.motion3.json",
          "FadeInTime": 0.5,
          "FadeOutTime": 0.5
        }
      ],
      "w-happy-guruguru01": [
        {
          "File": "motions/w-happy-guruguru01.motion3.json",
          "FadeInTime": 0.5,
          "FadeOutTime": 0.5
        }
      ],
      "w-happy-lookaway01": [
        {
          "File": "motions/w-happy-lookaway01.motion3.json",
          "FadeInTime": 0.5,
          "FadeOutTime": 0.5
        }
      ],
      "w-happy-nod01": [
        {
          "File": "motions/w-happy-nod01.motion3.json",
          "FadeInTime": 0.5,
          "FadeOutTime": 0.5
        }
      ],
      "w-happy-nod02": [
        {
          "File": "motions/w-happy-nod02.motion3.json",
          "FadeInTime": 0.5,
          "FadeOutTime": 0.5
        }
      ],
      "w-happy-nod03": [
        {
          "File": "motions/w-happy-nod03.motion3.json",
          "FadeInTime": 0.5,
          "FadeOutTime": 0.5
        }
      ],
      "w-happy-nod04": [
        {
          "File": "motions/w-happy-nod04.motion3.json",
          "FadeInTime": 0.5,
          "FadeOutTime": 0.5
        }
      ],
      "w-happy-nod05": [
        {
          "File": "motions/w-happy-nod05.motion3.json",
          "FadeInTime": 0.5,
          "FadeOutTime": 0.5
        }
      ],
      "w-happy-poseglad02": [
        {
          "File": "motions/w-happy-poseglad02.motion3.json",
          "FadeInTime": 0.5,
          "FadeOutTime": 0.5
        }
      ],
      "w-happy-posenod03": [
        {
          "File": "motions/w-happy-posenod03.motion3.json",
          "FadeInTime": 0.5,
          "FadeOutTime": 0.5
        }
      ],
      "w-happy-posetilthead02": [
        {
          "File": "motions/w-happy-posetilthead02.motion3.json",
          "FadeInTime": 0.5,
          "FadeOutTime": 0.5
        }
      ],
      "w-happy-purpose01": [
        {
          "File": "motions/w-happy-purpose01.motion3.json",
          "FadeInTime": 0.5,
          "FadeOutTime": 0.5
        }
      ],
      "w-happy-sad01": [
        {
          "File": "motions/w-happy-sad01.motion3.json",
          "FadeInTime": 0.5,
          "FadeOutTime": 0.5
        }
      ],
      "w-happy-sad02": [
        {
          "File": "motions/w-happy-sad02.motion3.json",
          "FadeInTime": 0.5,
          "FadeOutTime": 0.5
        }
      ],
      "w-happy-shakehand01": [
        {
          "File": "motions/w-happy-shakehand01.motion3.json",
          "FadeInTime": 0.5,
          "FadeOutTime": 0.5
        }
      ],
      "w-happy-shakehead01": [
        {
          "File": "motions/w-happy-shakehead01.motion3.json",
          "FadeInTime": 0.5,
          "FadeOutTime": 0.5
        }
      ],
      "w-happy-shakehead02": [
        {
          "File": "motions/w-happy-shakehead02.motion3.json",
          "FadeInTime": 0.5,
          "FadeOutTime": 0.5
        }
      ],
      "w-happy-shakehead03": [
        {
          "File": "motions/w-happy-shakehead03.motion3.json",
          "FadeInTime": 0.5,
          "FadeOutTime": 0.5
        }
      ],
      "w-happy-shakehead05": [
        {
          "File": "motions/w-happy-shakehead05.motion3.json",
          "FadeInTime": 0.5,
          "FadeOutTime": 0.5
        }
      ],
      "w-happy-sigh01": [
        {
          "File": "motions/w-happy-sigh01.motion3.json",
          "FadeInTime": 0.5,
          "FadeOutTime": 0.5
        }
      ],
      "w-happy-tilthead01": [
        {
          "File": "motions/w-happy-tilthead01.motion3.json",
          "FadeInTime": 0.5,
          "FadeOutTime": 0.5
        }
      ],
      "w-happy-tilthead02": [
        {
          "File": "motions/w-happy-tilthead02.motion3.json",
          "FadeInTime": 0.5,
          "FadeOutTime": 0.5
        }
      ],
      "w-happy-tilthead03": [
        {
          "File": "motions/w-happy-tilthead03.motion3.json",
          "FadeInTime": 0.5,
          "FadeOutTime": 0.5
        }
      ],
      "w-happy-tilthead04": [
        {
          "File": "motions/w-happy-tilthead04.motion3.json",
          "FadeInTime": 0.5,
          "FadeOutTime": 0.5
        }
      ],
      "w-happy-wandahoi01": [
        {
          "File": "motions/w-happy-wandahoi01.motion3.json",
          "FadeInTime": 0.5,
          "FadeOutTime": 0.5
        }
      ],
      "w-normal-angry01": [
        {
          "File": "motions/w-normal-angry01.motion3.json",
          "FadeInTime": 0.5,
          "FadeOutTime": 0.5
        }
      ],
      "w-normal-armescape01l": [
        {
          "File": "motions/w-normal-armescape01l.motion3.json",
          "FadeInTime": 0.5,
          "FadeOutTime": 0.5
        }
      ],
      "w-normal-armescape01n": [
        {
          "File": "motions/w-normal-armescape01n.motion3.json",
          "FadeInTime": 0.5,
          "FadeOutTime": 0.5
        }
      ],
      "w-normal-armescape01r": [
        {
          "File": "motions/w-normal-armescape01r.motion3.json",
          "FadeInTime": 0.5,
          "FadeOutTime": 0.5
        }
      ],
      "w-normal-armescape02l": [
        {
          "File": "motions/w-normal-armescape02l.motion3.json",
          "FadeInTime": 0.5,
          "FadeOutTime": 0.5
        }
      ],
      "w-normal-armescape02n": [
        {
          "File": "motions/w-normal-armescape02n.motion3.json",
          "FadeInTime": 0.5,
          "FadeOutTime": 0.5
        }
      ],
      "w-normal-armescape02r": [
        {
          "File": "motions/w-normal-armescape02r.motion3.json",
          "FadeInTime": 0.5,
          "FadeOutTime": 0.5
        }
      ],
      "w-normal-armescape03ll": [
        {
          "File": "motions/w-normal-armescape03ll.motion3.json",
          "FadeInTime": 0.5,
          "FadeOutTime": 0.5
        }
      ],
      "w-normal-armescape03ln": [
        {
          "File": "motions/w-normal-armescape03ln.motion3.json",
          "FadeInTime": 0.5,
          "FadeOutTime": 0.5
        }
      ],
      "w-normal-armescape03lr": [
        {
          "File": "motions/w-normal-armescape03lr.motion3.json",
          "FadeInTime": 0.5,
          "FadeOutTime": 0.5
        }
      ],
      "w-normal-armescape03rl": [
        {
          "File": "motions/w-normal-armescape03rl.motion3.json",
          "FadeInTime": 0.5,
          "FadeOutTime": 0.5
        }
      ],
      "w-normal-armescape03rn": [
        {
          "File": "motions/w-normal-armescape03rn.motion3.json",
          "FadeInTime": 0.5,
          "FadeOutTime": 0.5
        }
      ],
      "w-normal-armescape03rr": [
        {
          "File": "motions/w-normal-armescape03rr.motion3.json",
          "FadeInTime": 0.5,
          "FadeOutTime": 0.5
        }
      ],
      "w-normal-armescape04ll": [
        {
          "File": "motions/w-normal-armescape04ll.motion3.json",
          "FadeInTime": 0.5,
          "FadeOutTime": 0.5
        }
      ],
      "w-normal-armescape04ln": [
        {
          "File": "motions/w-normal-armescape04ln.motion3.json",
          "FadeInTime": 0.5,
          "FadeOutTime": 0.5
        }
      ],
      "w-normal-armescape04lr": [
        {
          "File": "motions/w-normal-armescape04lr.motion3.json",
          "FadeInTime": 0.5,
          "FadeOutTime": 0.5
        }
      ],
      "w-normal-armescape04rl": [
        {
          "File": "motions/w-normal-armescape04rl.motion3.json",
          "FadeInTime": 0.5,
          "FadeOutTime": 0.5
        }
      ],
      "w-normal-armescape04rn": [
        {
          "File": "motions/w-normal-armescape04rn.motion3.json",
          "FadeInTime": 0.5,
          "FadeOutTime": 0.5
        }
      ],
      "w-normal-armescape04rr": [
        {
          "File": "motions/w-normal-armescape04rr.motion3.json",
          "FadeInTime": 0.5,
          "FadeOutTime": 0.5
        }
      ],
      "w-normal-blushed01": [
        {
          "File": "motions/w-normal-blushed01.motion3.json",
          "FadeInTime": 0.5,
          "FadeOutTime": 0.5
        }
      ],
      "w-normal-default01": [
        {
          "File": "motions/w-normal-default01.motion3.json",
          "FadeInTime": 0.5,
          "FadeOutTime": 0.5
        }
      ],
      "w-normal-fidget01": [
        {
          "File": "motions/w-normal-fidget01.motion3.json",
          "FadeInTime": 0.5,
          "FadeOutTime": 0.5
        }
      ],
      "w-normal-forward01": [
        {
          "File": "motions/w-normal-forward01.motion3.json",
          "FadeInTime": 0.5,
          "FadeOutTime": 0.5
        }
      ],
      "w-normal-forward02": [
        {
          "File": "motions/w-normal-forward02.motion3.json",
          "FadeInTime": 0.5,
          "FadeOutTime": 0.5
        }
      ],
      "w-normal-forward03": [
        {
          "File": "motions/w-normal-forward03.motion3.json",
          "FadeInTime": 0.5,
          "FadeOutTime": 0.5
        }
      ],
      "w-normal-glad01": [
        {
          "File": "motions/w-normal-glad01.motion3.json",
          "FadeInTime": 0.5,
          "FadeOutTime": 0.5
        }
      ],
      "w-normal-glad02": [
        {
          "File": "motions/w-normal-glad02.motion3.json",
          "FadeInTime": 0.5,
          "FadeOutTime": 0.5
        }
      ],
      "w-normal-greeting01": [
        {
          "File": "motions/w-normal-greeting01.motion3.json",
          "FadeInTime": 0.5,
          "FadeOutTime": 0.5
        }
      ],
      "w-normal-lookaway01": [
        {
          "File": "motions/w-normal-lookaway01.motion3.json",
          "FadeInTime": 0.5,
          "FadeOutTime": 0.5
        }
      ],
      "w-normal-nod01": [
        {
          "File": "motions/w-normal-nod01.motion3.json",
          "FadeInTime": 0.5,
          "FadeOutTime": 0.5
        }
      ],
      "w-normal-nod01r": [
        {
          "File": "motions/w-normal-nod01r.motion3.json",
          "FadeInTime": 0.5,
          "FadeOutTime": 0.5
        }
      ],
      "w-normal-nod02": [
        {
          "File": "motions/w-normal-nod02.motion3.json",
          "FadeInTime": 0.5,
          "FadeOutTime": 0.5
        }
      ],
      "w-normal-nod03": [
        {
          "File": "motions/w-normal-nod03.motion3.json",
          "FadeInTime": 0.5,
          "FadeOutTime": 0.5
        }
      ],
      "w-normal-nod0301": [
        {
          "File": "motions/w-normal-nod0301.motion3.json",
          "FadeInTime": 0.5,
          "FadeOutTime": 0.5
        }
      ],
      "w-normal-nod04": [
        {
          "File": "motions/w-normal-nod04.motion3.json",
          "FadeInTime": 0.5,
          "FadeOutTime": 0.5
        }
      ],
      "w-normal-nod05": [
        {
          "File": "motions/w-normal-nod05.motion3.json",
          "FadeInTime": 0.5,
          "FadeOutTime": 0.5
        }
      ],
      "w-normal-nod06": [
        {
          "File": "motions/w-normal-nod06.motion3.json",
          "FadeInTime": 0.5,
          "FadeOutTime": 0.5
        }
      ],
      "w-normal-pose01": [
        {
          "File": "motions/w-normal-pose01.motion3.json",
          "FadeInTime": 0.5,
          "FadeOutTime": 0.5
        }
      ],
      "w-normal-pose02": [
        {
          "File": "motions/w-normal-pose02.motion3.json",
          "FadeInTime": 0.5,
          "FadeOutTime": 0.5
        }
      ],
      "w-normal-pose03": [
        {
          "File": "motions/w-normal-pose03.motion3.json",
          "FadeInTime": 0.5,
          "FadeOutTime": 0.5
        }
      ],
      "w-normal-pose04": [
        {
          "File": "motions/w-normal-pose04.motion3.json",
          "FadeInTime": 0.5,
          "FadeOutTime": 0.5
        }
      ],
      "w-normal-pose05": [
        {
          "File": "motions/w-normal-pose05.motion3.json",
          "FadeInTime": 0.5,
          "FadeOutTime": 0.5
        }
      ],
      "w-normal-pose06": [
        {
          "File": "motions/w-normal-pose06.motion3.json",
          "FadeInTime": 0.5,
          "FadeOutTime": 0.5
        }
      ],
      "w-normal-posenod02": [
        {
          "File": "motions/w-normal-posenod02.motion3.json",
          "FadeInTime": 0.5,
          "FadeOutTime": 0.5
        }
      ],
      "w-normal-posetrouble02": [
        {
          "File": "motions/w-normal-posetrouble02.motion3.json",
          "FadeInTime": 0.5,
          "FadeOutTime": 0.5
        }
      ],
      "w-normal-purpose01": [
        {
          "File": "motions/w-normal-purpose01.motion3.json",
          "FadeInTime": 0.5,
          "FadeOutTime": 0.5
        }
      ],
      "w-normal-relief01": [
        {
          "File": "motions/w-normal-relief01.motion3.json",
          "FadeInTime": 0.5,
          "FadeOutTime": 0.5
        }
      ],
      "w-normal-sad01": [
        {
          "File": "motions/w-normal-sad01.motion3.json",
          "FadeInTime": 0.5,
          "FadeOutTime": 0.5
        }
      ],
      "w-normal-shakehead01": [
        {
          "File": "motions/w-normal-shakehead01.motion3.json",
          "FadeInTime": 0.5,
          "FadeOutTime": 0.5
        }
      ],
      "w-normal-shakehead01r": [
        {
          "File": "motions/w-normal-shakehead01r.motion3.json",
          "FadeInTime": 0.5,
          "FadeOutTime": 0.5
        }
      ],
      "w-normal-shakehead02": [
        {
          "File": "motions/w-normal-shakehead02.motion3.json",
          "FadeInTime": 0.5,
          "FadeOutTime": 0.5
        }
      ],
      "w-normal-shakehead03": [
        {
          "File": "motions/w-normal-shakehead03.motion3.json",
          "FadeInTime": 0.5,
          "FadeOutTime": 0.5
        }
      ],
      "w-normal-shakehead04": [
        {
          "File": "motions/w-normal-shakehead04.motion3.json",
          "FadeInTime": 0.5,
          "FadeOutTime": 0.5
        }
      ],
      "w-normal-shakehead05": [
        {
          "File": "motions/w-normal-shakehead05.motion3.json",
          "FadeInTime": 0.5,
          "FadeOutTime": 0.5
        }
      ],
      "w-normal-shakehead06": [
        {
          "File": "motions/w-normal-shakehead06.motion3.json",
          "FadeInTime": 0.5,
          "FadeOutTime": 0.5
        }
      ],
      "w-normal-shakehead06r": [
        {
          "File": "motions/w-normal-shakehead06r.motion3.json",
          "FadeInTime": 0.5,
          "FadeOutTime": 0.5
        }
      ],
      "w-normal-shy01": [
        {
          "File": "motions/w-normal-shy01.motion3.json",
          "FadeInTime": 0.5,
          "FadeOutTime": 0.5
        }
      ],
      "w-normal-sigh01": [
        {
          "File": "motions/w-normal-sigh01.motion3.json",
          "FadeInTime": 0.5,
          "FadeOutTime": 0.5
        }
      ],
      "w-normal-tilthead01": [
        {
          "File": "motions/w-normal-tilthead01.motion3.json",
          "FadeInTime": 0.5,
          "FadeOutTime": 0.5
        }
      ],
      "w-normal-tilthead0103": [
        {
          "File": "motions/w-normal-tilthead0103.motion3.json",
          "FadeInTime": 0.5,
          "FadeOutTime": 0.5
        }
      ],
      "w-normal-tilthead0106": [
        {
          "File": "motions/w-normal-tilthead0106.motion3.json",
          "FadeInTime": 0.5,
          "FadeOutTime": 0.5
        }
      ],
      "w-normal-tilthead01r": [
        {
          "File": "motions/w-normal-tilthead01r.motion3.json",
          "FadeInTime": 0.5,
          "FadeOutTime": 0.5
        }
      ],
      "w-normal-tilthead02": [
        {
          "File": "motions/w-normal-tilthead02.motion3.json",
          "FadeInTime": 0.5,
          "FadeOutTime": 0.5
        }
      ],
      "w-normal-tilthead0206": [
        {
          "File": "motions/w-normal-tilthead0206.motion3.json",
          "FadeInTime": 0.5,
          "FadeOutTime": 0.5
        }
      ],
      "w-normal-tilthead03": [
        {
          "File": "motions/w-normal-tilthead03.motion3.json",
          "FadeInTime": 0.5,
          "FadeOutTime": 0.5
        }
      ],
      "w-normal-tilthead0301": [
        {
          "File": "motions/w-normal-tilthead0301.motion3.json",
          "FadeInTime": 0.5,
          "FadeOutTime": 0.5
        }
      ],
      "w-normal-tilthead0302": [
        {
          "File": "motions/w-normal-tilthead0302.motion3.json",
          "FadeInTime": 0.5,
          "FadeOutTime": 0.5
        }
      ],
      "w-normal-tilthead0305": [
        {
          "File": "motions/w-normal-tilthead0305.motion3.json",
          "FadeInTime": 0.5,
          "FadeOutTime": 0.5
        }
      ],
      "w-normal-tilthead04": [
        {
          "File": "motions/w-normal-tilthead04.motion3.json",
          "FadeInTime": 0.5,
          "FadeOutTime": 0.5
        }
      ],
      "w-normal-tilthead0406": [
        {
          "File": "motions/w-normal-tilthead0406.motion3.json",
          "FadeInTime": 0.5,
          "FadeOutTime": 0.5
        }
      ],
      "w-normal-tilthead05": [
        {
          "File": "motions/w-normal-tilthead05.motion3.json",
          "FadeInTime": 0.5,
          "FadeOutTime": 0.5
        }
      ],
      "w-normal-tilthead0503": [
        {
          "File": "motions/w-normal-tilthead0503.motion3.json",
          "FadeInTime": 0.5,
          "FadeOutTime": 0.5
        }
      ],
      "w-normal-tilthead0506": [
        {
          "File": "motions/w-normal-tilthead0506.motion3.json",
          "FadeInTime": 0.5,
          "FadeOutTime": 0.5
        }
      ],
      "w-normal-tilthead06": [
        {
          "File": "motions/w-normal-tilthead06.motion3.json",
          "FadeInTime": 0.5,
          "FadeOutTime": 0.5
        }
      ],
      "w-normal-tilthead0601": [
        {
          "File": "motions/w-normal-tilthead0601.motion3.json",
          "FadeInTime": 0.5,
          "FadeOutTime": 0.5
        }
      ],
      "w-normal-tilthead0602": [
        {
          "File": "motions/w-normal-tilthead0602.motion3.json",
          "FadeInTime": 0.5,
          "FadeOutTime": 0.5
        }
      ],
      "w-normal-tilthead0605": [
        {
          "File": "motions/w-normal-tilthead0605.motion3.json",
          "FadeInTime": 0.5,
          "FadeOutTime": 0.5
        }
      ],
      "w-normal-trouble01": [
        {
          "File": "motions/w-normal-trouble01.motion3.json",
          "FadeInTime": 0.5,
          "FadeOutTime": 0.5
        }
      ],
      "w-normal-trouble02": [
        {
          "File": "motions/w-normal-trouble02.motion3.json",
          "FadeInTime": 0.5,
          "FadeOutTime": 0.5
        }
      ],
      "w-normal-yurayura01": [
        {
          "File": "motions/w-normal-yurayura01.motion3.json",
          "FadeInTime": 0.5,
          "FadeOutTime": 0.5
        }
      ],
      "w-normalanimal-tiltheadnod0101": [
        {
          "File": "motions/w-normalanimal-tiltheadnod0101.motion3.json",
          "FadeInTime": 0.5,
          "FadeOutTime": 0.5
        }
      ],
      "w-normalcool-tilthead0204": [
        {
          "File": "motions/w-normalcool-tilthead0204.motion3.json",
          "FadeInTime": 0.5,
          "FadeOutTime": 0.5
        }
      ],
      "w-normalcute-nodshakehead0302": [
        {
          "File": "motions/w-normalcute-nodshakehead0302.motion3.json",
          "FadeInTime": 0.5,
          "FadeOutTime": 0.5
        }
      ],
      "face_angry_01": [
        {
          "File": "motions/face_angry_01.motion3.json",
          "FadeInTime": 0.5,
          "FadeOutTime": 0.5
        }
      ],
      "face_angry_02": [
        {
          "File": "motions/face_angry_02.motion3.json",
          "FadeInTime": 0.5,
          "FadeOutTime": 0.5
        }
      ],
      "face_angry_03": [
        {
          "File": "motions/face_angry_03.motion3.json",
          "FadeInTime": 0.5,
          "FadeOutTime": 0.5
        }
      ],
      "face_angry_04": [
        {
          "File": "motions/face_angry_04.motion3.json",
          "FadeInTime": 0.5,
          "FadeOutTime": 0.5
        }
      ],
      "face_angry_05": [
        {
          "File": "motions/face_angry_05.motion3.json",
          "FadeInTime": 0.5,
          "FadeOutTime": 0.5
        }
      ],
      "face_angry_06": [
        {
          "File": "motions/face_angry_06.motion3.json",
          "FadeInTime": 0.5,
          "FadeOutTime": 0.5
        }
      ],
      "face_closeeye_01": [
        {
          "File": "motions/face_closeeye_01.motion3.json",
          "FadeInTime": 0.5,
          "FadeOutTime": 0.5
        }
      ],
      "face_cry_01": [
        {
          "File": "motions/face_cry_01.motion3.json",
          "FadeInTime": 0.5,
          "FadeOutTime": 0.5
        }
      ],
      "face_cry_02": [
        {
          "File": "motions/face_cry_02.motion3.json",
          "FadeInTime": 0.5,
          "FadeOutTime": 0.5
        }
      ],
      "face_cry_03": [
        {
          "File": "motions/face_cry_03.motion3.json",
          "FadeInTime": 0.5,
          "FadeOutTime": 0.5
        }
      ],
      "face_delicious_01": [
        {
          "File": "motions/face_delicious_01.motion3.json",
          "FadeInTime": 0.5,
          "FadeOutTime": 0.5
        }
      ],
      "face_disgust_01": [
        {
          "File": "motions/face_disgust_01.motion3.json",
          "FadeInTime": 0.5,
          "FadeOutTime": 0.5
        }
      ],
      "face_e_01": [
        {
          "File": "motions/face_e_01.motion3.json",
          "FadeInTime": 0.5,
          "FadeOutTime": 0.5
        }
      ],
      "face_guruguru_01": [
        {
          "File": "motions/face_guruguru_01.motion3.json",
          "FadeInTime": 0.5,
          "FadeOutTime": 0.5
        }
      ],
      "face_ncangry_01": [
        {
          "File": "motions/face_ncangry_01.motion3.json",
          "FadeInTime": 0.5,
          "FadeOutTime": 0.5
        }
      ],
      "face_ncangry_04": [
        {
          "File": "motions/face_ncangry_04.motion3.json",
          "FadeInTime": 0.5,
          "FadeOutTime": 0.5
        }
      ],
      "face_ncangry_06": [
        {
          "File": "motions/face_ncangry_06.motion3.json",
          "FadeInTime": 0.5,
          "FadeOutTime": 0.5
        }
      ],
      "face_nccloseeye_01": [
        {
          "File": "motions/face_nccloseeye_01.motion3.json",
          "FadeInTime": 0.5,
          "FadeOutTime": 0.5
        }
      ],
      "face_ncnormal_01": [
        {
          "File": "motions/face_ncnormal_01.motion3.json",
          "FadeInTime": 0.5,
          "FadeOutTime": 0.5
        }
      ],
      "face_ncsad_01": [
        {
          "File": "motions/face_ncsad_01.motion3.json",
          "FadeInTime": 0.5,
          "FadeOutTime": 0.5
        }
      ],
      "face_ncshock_01": [
        {
          "File": "motions/face_ncshock_01.motion3.json",
          "FadeInTime": 0.5,
          "FadeOutTime": 0.5
        }
      ],
      "face_ncsmallmouth_01": [
        {
          "File": "motions/face_ncsmallmouth_01.motion3.json",
          "FadeInTime": 0.5,
          "FadeOutTime": 0.5
        }
      ],
      "face_ncsmile_01": [
        {
          "File": "motions/face_ncsmile_01.motion3.json",
          "FadeInTime": 0.5,
          "FadeOutTime": 0.5
        }
      ],
      "face_ncsmile_03": [
        {
          "File": "motions/face_ncsmile_03.motion3.json",
          "FadeInTime": 0.5,
          "FadeOutTime": 0.5
        }
      ],
      "face_ncsmile_07": [
        {
          "File": "motions/face_ncsmile_07.motion3.json",
          "FadeInTime": 0.5,
          "FadeOutTime": 0.5
        }
      ],
      "face_ncsmile_08": [
        {
          "File": "motions/face_ncsmile_08.motion3.json",
          "FadeInTime": 0.5,
          "FadeOutTime": 0.5
        }
      ],
      "face_ncsmile_09": [
        {
          "File": "motions/face_ncsmile_09.motion3.json",
          "FadeInTime": 0.5,
          "FadeOutTime": 0.5
        }
      ],
      "face_ncsmile_10": [
        {
          "File": "motions/face_ncsmile_10.motion3.json",
          "FadeInTime": 0.5,
          "FadeOutTime": 0.5
        }
      ],
      "face_ncsurprise_03": [
        {
          "File": "motions/face_ncsurprise_03.motion3.json",
          "FadeInTime": 0.5,
          "FadeOutTime": 0.5
        }
      ],
      "face_ncsurprise_04": [
        {
          "File": "motions/face_ncsurprise_04.motion3.json",
          "FadeInTime": 0.5,
          "FadeOutTime": 0.5
        }
      ],
      "face_nctrouble_02": [
        {
          "File": "motions/face_nctrouble_02.motion3.json",
          "FadeInTime": 0.5,
          "FadeOutTime": 0.5
        }
      ],
      "face_ncworry_01": [
        {
          "File": "motions/face_ncworry_01.motion3.json",
          "FadeInTime": 0.5,
          "FadeOutTime": 0.5
        }
      ],
      "face_normal_01": [
        {
          "File": "motions/face_normal_01.motion3.json",
          "FadeInTime": 0.5,
          "FadeOutTime": 0.5
        }
      ],
      "face_sad_01": [
        {
          "File": "motions/face_sad_01.motion3.json",
          "FadeInTime": 0.5,
          "FadeOutTime": 0.5
        }
      ],
      "face_sad_02": [
        {
          "File": "motions/face_sad_02.motion3.json",
          "FadeInTime": 0.5,
          "FadeOutTime": 0.5
        }
      ],
      "face_sad_03": [
        {
          "File": "motions/face_sad_03.motion3.json",
          "FadeInTime": 0.5,
          "FadeOutTime": 0.5
        }
      ],
      "face_sad_04": [
        {
          "File": "motions/face_sad_04.motion3.json",
          "FadeInTime": 0.5,
          "FadeOutTime": 0.5
        }
      ],
      "face_scared_01": [
        {
          "File": "motions/face_scared_01.motion3.json",
          "FadeInTime": 0.5,
          "FadeOutTime": 0.5
        }
      ],
      "face_scared_02": [
        {
          "File": "motions/face_scared_02.motion3.json",
          "FadeInTime": 0.5,
          "FadeOutTime": 0.5
        }
      ],
      "face_scared_03": [
        {
          "File": "motions/face_scared_03.motion3.json",
          "FadeInTime": 0.5,
          "FadeOutTime": 0.5
        }
      ],
      "face_scared_04": [
        {
          "File": "motions/face_scared_04.motion3.json",
          "FadeInTime": 0.5,
          "FadeOutTime": 0.5
        }
      ],
      "face_scared_05": [
        {
          "File": "motions/face_scared_05.motion3.json",
          "FadeInTime": 0.5,
          "FadeOutTime": 0.5
        }
      ],
      "face_scared_06": [
        {
          "File": "motions/face_scared_06.motion3.json",
          "FadeInTime": 0.5,
          "FadeOutTime": 0.5
        }
      ],
      "face_scared_07": [
        {
          "File": "motions/face_scared_07.motion3.json",
          "FadeInTime": 0.5,
          "FadeOutTime": 0.5
        }
      ],
      "face_scared_08": [
        {
          "File": "motions/face_scared_08.motion3.json",
          "FadeInTime": 0.5,
          "FadeOutTime": 0.5
        }
      ],
      "face_shock_01": [
        {
          "File": "motions/face_shock_01.motion3.json",
          "FadeInTime": 0.5,
          "FadeOutTime": 0.5
        }
      ],
      "face_shy_01": [
        {
          "File": "motions/face_shy_01.motion3.json",
          "FadeInTime": 0.5,
          "FadeOutTime": 0.5
        }
      ],
      "face_sleepy_01": [
        {
          "File": "motions/face_sleepy_01.motion3.json",
          "FadeInTime": 0.5,
          "FadeOutTime": 0.5
        }
      ],
      "face_smallmouth_01": [
        {
          "File": "motions/face_smallmouth_01.motion3.json",
          "FadeInTime": 0.5,
          "FadeOutTime": 0.5
        }
      ],
      "face_smile_01": [
        {
          "File": "motions/face_smile_01.motion3.json",
          "FadeInTime": 0.5,
          "FadeOutTime": 0.5
        }
      ],
      "face_smile_02": [
        {
          "File": "motions/face_smile_02.motion3.json",
          "FadeInTime": 0.5,
          "FadeOutTime": 0.5
        }
      ],
      "face_smile_03": [
        {
          "File": "motions/face_smile_03.motion3.json",
          "FadeInTime": 0.5,
          "FadeOutTime": 0.5
        }
      ],
      "face_smile_04": [
        {
          "File": "motions/face_smile_04.motion3.json",
          "FadeInTime": 0.5,
          "FadeOutTime": 0.5
        }
      ],
      "face_smile_05": [
        {
          "File": "motions/face_smile_05.motion3.json",
          "FadeInTime": 0.5,
          "FadeOutTime": 0.5
        }
      ],
      "face_smile_06": [
        {
          "File": "motions/face_smile_06.motion3.json",
          "FadeInTime": 0.5,
          "FadeOutTime": 0.5
        }
      ],
      "face_smile_07": [
        {
          "File": "motions/face_smile_07.motion3.json",
          "FadeInTime": 0.5,
          "FadeOutTime": 0.5
        }
      ],
      "face_smile_08": [
        {
          "File": "motions/face_smile_08.motion3.json",
          "FadeInTime": 0.5,
          "FadeOutTime": 0.5
        }
      ],
      "face_smile_09": [
        {
          "File": "motions/face_smile_09.motion3.json",
          "FadeInTime": 0.5,
          "FadeOutTime": 0.5
        }
      ],
      "face_smile_10": [
        {
          "File": "motions/face_smile_10.motion3.json",
          "FadeInTime": 0.5,
          "FadeOutTime": 0.5
        }
      ],
      "face_smug_01": [
        {
          "File": "motions/face_smug_01.motion3.json",
          "FadeInTime": 0.5,
          "FadeOutTime": 0.5
        }
      ],
      "face_sparkling_01": [
        {
          "File": "motions/face_sparkling_01.motion3.json",
          "FadeInTime": 0.5,
          "FadeOutTime": 0.5
        }
      ],
      "face_sparkling_02": [
        {
          "File": "motions/face_sparkling_02.motion3.json",
          "FadeInTime": 0.5,
          "FadeOutTime": 0.5
        }
      ],
      "face_sparkling_03": [
        {
          "File": "motions/face_sparkling_03.motion3.json",
          "FadeInTime": 0.5,
          "FadeOutTime": 0.5
        }
      ],
      "face_spicy_01": [
        {
          "File": "motions/face_spicy_01.motion3.json",
          "FadeInTime": 0.5,
          "FadeOutTime": 0.5
        }
      ],
      "face_surprise_01": [
        {
          "File": "motions/face_surprise_01.motion3.json",
          "FadeInTime": 0.5,
          "FadeOutTime": 0.5
        }
      ],
      "face_surprise_02": [
        {
          "File": "motions/face_surprise_02.motion3.json",
          "FadeInTime": 0.5,
          "FadeOutTime": 0.5
        }
      ],
      "face_surprise_03": [
        {
          "File": "motions/face_surprise_03.motion3.json",
          "FadeInTime": 0.5,
          "FadeOutTime": 0.5
        }
      ],
      "face_surprise_04": [
        {
          "File": "motions/face_surprise_04.motion3.json",
          "FadeInTime": 0.5,
          "FadeOutTime": 0.5
        }
      ],
      "face_trouble_01": [
        {
          "File": "motions/face_trouble_01.motion3.json",
          "FadeInTime": 0.5,
          "FadeOutTime": 0.5
        }
      ],
      "face_trouble_02": [
        {
          "File": "motions/face_trouble_02.motion3.json",
          "FadeInTime": 0.5,
          "FadeOutTime": 0.5
        }
      ],
      "face_trouble_03": [
        {
          "File": "motions/face_trouble_03.motion3.json",
          "FadeInTime": 0.5,
          "FadeOutTime": 0.5
        }
      ],
      "face_trouble_04": [
        {
          "File": "motions/face_trouble_04.motion3.json",
          "FadeInTime": 0.5,
          "FadeOutTime": 0.5
        }
      ],
      "face_wink_01": [
        {
          "File": "motions/face_wink_01.motion3.json",
          "FadeInTime": 0.5,
          "FadeOutTime": 0.5
        }
      ],
      "face_worry_01": [
        {
          "File": "motions/face_worry_01.motion3.json",
          "FadeInTime": 0.5,
          "FadeOutTime": 0.5
        }
      ]
    }
  },
  "Groups": [
    {
      "Target": "Parameter",
      "Name": "EyeBlink",
      "Ids": []
    },
    {
      "Target": "Parameter",
      "Name": "LipSync",
      "Ids": []
    }
  ]
}