{
  "Version": 3,
  "Meta": {
    "Duration": 5.17,
    "Fps": 30.0,
    "Loop": true,
    "AreBeziersRestricted": true,
    "CurveCount": 207,
    "TotalSegmentCount": 927,
    "TotalPointCount": 1039,
    "UserDataCount": 3,
    "TotalUserDataSize": 43
  },
  "Curves": [
    {
      "Target": "Parameter",
      "Id": "ParamTianSS",
      "Segments": [
        0,
        0,
        0,
        0.267,
        30,
        2,
        3,
        30,
        0,
        4.467,
        -4.721,
        0,
        5.167,
        0
      ]
    },
    {
      "Target": "Parameter",
      "Id": "ParamChairS",
      "Segments": [
        0,
        0,
        0,
        0.267,
        3.754,
        2,
        2.467,
        3.754,
        0,
        3.767,
        3.841,
        0,
        4.6,
        0,
        2,
        5.167,
        0
      ]
    },
    {
      "Target": "Parameter",
      "Id": "ParamChairX",
      "Segments": [
        0,
        0,
        0,
        0.267,
        -11.382,
        2,
        1.4,
        -11.382,
        1,
        1.756,
        -11.382,
        2.111,
        -10.409,
        2.467,
        -8.622,
        1,
        2.689,
        -7.505,
        2.911,
        -7.02,
        3.133,
        -7.02,
        2,
        3.767,
        -7.02,
        0,
        4.6,
        0,
        2,
        5.167,
        0
      ]
    },
    {
      "Target": "Parameter",
      "Id": "ParamChairY",
      "Segments": [
        0,
        0,
        1,
        0.167,
        0,
        0.333,
        8.416,
        0.5,
        9.1,
        1,
        0.911,
        10.788,
        1.322,
        10.98,
        1.733,
        10.98,
        1,
        1.978,
        10.98,
        2.222,
        10.79,
        2.467,
        7,
        1,
        2.9,
        0.282,
        3.334,
        -6.468,
        3.767,
        -6.468,
        0,
        4.6,
        0,
        2,
        5.167,
        0
      ]
    },
    {
      "Target": "Parameter",
      "Id": "ParamCandlestickX",
      "Segments": [
        0,
        0,
        2,
        1.467,
        0,
        0,
        2.7,
        -8.06,
        1,
        2.833,
        -8.06,
        2.967,
        -5.591,
        3.1,
        -4.49,
        1,
        3.522,
        -1.003,
        3.945,
        0,
        4.367,
        0,
        2,
        5.167,
        0
      ]
    },
    {
      "Target": "Parameter",
      "Id": "ParamCandlestickY",
      "Segments": [
        0,
        0,
        2,
        1.467,
        0,
        0,
        2.7,
        7,
        0,
        4.367,
        0,
        2,
        5.167,
        0
      ]
    },
    {
      "Target": "Parameter",
      "Id": "ParamCJTS",
      "Segments": [
        0,
        0,
        0,
        2.033,
        0.3,
        1,
        2.3,
        0.3,
        2.566,
        0.104,
        2.833,
        0,
        1,
        3.155,
        -0.126,
        3.478,
        -0.135,
        3.8,
        -0.135,
        0,
        4.6,
        0,
        2,
        5.167,
        0
      ]
    },
    {
      "Target": "Parameter",
      "Id": "ParamHY",
      "Segments": [
        0,
        0,
        0,
        0.267,
        -30,
        2,
        1.467,
        -30,
        0,
        5.167,
        0
      ]
    },
    {
      "Target": "Parameter",
      "Id": "ParamHBO",
      "Segments": [
        0,
        0,
        2,
        1.467,
        0,
        0,
        3.067,
        100,
        0,
        5.167,
        0
      ]
    },
    {
      "Target": "Parameter",
      "Id": "ParamY",
      "Segments": [
        0,
        0,
        0,
        0.267,
        -18,
        2,
        1.833,
        -18,
        0,
        5.167,
        0
      ]
    },
    {
      "Target": "Parameter",
      "Id": "ParamS",
      "Segments": [
        0,
        0,
        1,
        0.089,
        0,
        0.178,
        80.84,
        0.267,
        82.2,
        1,
        0.667,
        88.32,
        1.067,
        90,
        1.467,
        90,
        0,
        5.167,
        0
      ]
    },
    {
      "Target": "Parameter",
      "Id": "ParamBlack2On",
      "Segments": [
        0,
        1,
        2,
        4.667,
        1,
        0,
        4.933,
        0,
        2,
        5.167,
        0
      ]
    },
    {
      "Target": "Parameter",
      "Id": "ParamBlack2B",
      "Segments": [
        0,
        -1,
        0,
        0.267,
        0.454,
        2,
        1.267,
        0.454,
        2,
        4.833,
        0.454,
        1,
        4.889,
        0.454,
        4.944,
        0.53,
        5,
        1,
        1,
        5.056,
        1.47,
        5.111,
        2,
        5.167,
        2
      ]
    },
    {
      "Target": "Parameter",
      "Id": "ParamWhite1On",
      "Segments": [
        0,
        1,
        2,
        0.067,
        1,
        2,
        0.267,
        1,
        0,
        1.467,
        0,
        2,
        5.167,
        0
      ]
    },
    {
      "Target": "Parameter",
      "Id": "ParamWhite2On",
      "Segments": [
        0,
        1,
        2,
        0.8,
        1,
        0,
        1.467,
        0,
        2,
        5.167,
        0
      ]
    },
    {
      "Target": "Parameter",
      "Id": "ParamWhite2S",
      "Segments": [
        0,
        -30,
        1,
        0.033,
        -30,
        0.067,
        8.566,
        0.1,
        10,
        1,
        0.433,
        24.34,
        0.767,
        30,
        1.1,
        30,
        0,
        5.167,
        0
      ]
    },
    {
      "Target": "Parameter",
      "Id": "ParamAngleZ",
      "Segments": [
        0,
        0,
        1,
        1.278,
        0,
        2.555,
        -2.867,
        3.833,
        -9.735,
        1,
        3.989,
        -10.571,
        4.144,
        -12.164,
        4.3,
        -12.164,
        0,
        4.967,
        0.818,
        0,
        5.167,
        0
      ]
    },
    {
      "Target": "Parameter",
      "Id": "ParamBodyAngleZ",
      "Segments": [
        0,
        0,
        0,
        2.633,
        -2.7,
        2,
        3.4,
        -2.7,
        0,
        4.133,
        -2,
        0,
        4.3,
        -2.711,
        0,
        4.7,
        1.158,
        0,
        5.167,
        0
      ]
    },
    {
      "Target": "Parameter",
      "Id": "ParamBreath",
      "Segments": [
        0,
        0,
        2,
        3.733,
        0,
        0,
        4.467,
        1,
        0,
        5.167,
        0
      ]
    },
    {
      "Target": "Parameter",
      "Id": "ParamAngleX",
      "Segments": [
        0,
        0,
        0,
        3.633,
        -0.254,
        0,
        4.767,
        0.176,
        0,
        5.167,
        0
      ]
    },
    {
      "Target": "Parameter",
      "Id": "ParamAngleY",
      "Segments": [
        0,
        0,
        0,
        3.367,
        -22.874,
        0,
        3.867,
        -9.966,
        0,
        4.367,
        -22.874,
        0,
        4.867,
        9,
        0,
        5.167,
        0
      ]
    },
    {
      "Target": "Parameter",
      "Id": "ParamBodyAngleX",
      "Segments": [
        0,
        0,
        2,
        3.567,
        0,
        0,
        4.4,
        -5,
        0,
        5.167,
        0
      ]
    },
    {
      "Target": "Parameter",
      "Id": "ParamHipX",
      "Segments": [
        0,
        0,
        0,
        4.1,
        -6,
        0,
        5.167,
        0
      ]
    },
    {
      "Target": "Parameter",
      "Id": "ParamBlush",
      "Segments": [
        0,
        0,
        1,
        1.1,
        0.333,
        2.2,
        0.667,
        3.3,
        1,
        2,
        4,
        1,
        1,
        4.167,
        0.667,
        4.333,
        0.333,
        4.5,
        0,
        2,
        5.167,
        0
      ]
    },
    {
      "Target": "Parameter",
      "Id": "ParamEyeLOpen",
      "Segments": [
        0,
        1,
        0,
        1.8,
        0,
        2,
        3.567,
        0,
        1,
        3.667,
        0,
        3.767,
        0.411,
        3.867,
        0.79,
        1,
        3.922,
        1,
        3.978,
        1,
        4.033,
        1,
        2,
        4.133,
        1,
        0,
        4.2,
        1.5,
        2,
        4.433,
        1.5,
        0,
        4.533,
        0,
        0,
        4.7,
        1,
        2,
        5.167,
        1
      ]
    },
    {
      "Target": "Parameter",
      "Id": "ParamEyeROpen",
      "Segments": [
        0,
        1,
        0,
        1.8,
        0,
        2,
        3.567,
        0,
        1,
        3.667,
        0,
        3.767,
        0.411,
        3.867,
        0.79,
        1,
        3.922,
        1,
        3.978,
        1,
        4.033,
        1,
        2,
        4.133,
        1,
        0,
        4.2,
        1.5,
        2,
        4.433,
        1.5,
        0,
        4.533,
        0,
        0,
        4.7,
        1,
        2,
        5.167,
        1
      ]
    },
    {
      "Target": "Parameter",
      "Id": "ParamEyeBallX",
      "Segments": [
        0,
        0,
        2,
        3.367,
        0,
        0,
        3.833,
        0.1,
        2,
        4.433,
        0.1,
        0,
        5.167,
        0
      ]
    },
    {
      "Target": "Parameter",
      "Id": "ParamEyeBallY",
      "Segments": [
        0,
        0,
        2,
        3.367,
        0,
        0,
        3.833,
        0.1,
        0,
        4.433,
        -0.1,
        0,
        5.167,
        0
      ]
    },
    {
      "Target": "Parameter",
      "Id": "ParamMouthOpenY",
      "Segments": [
        0,
        0,
        2,
        4.3,
        0,
        0,
        4.967,
        0.011,
        0,
        5.167,
        0
      ]
    },
    {
      "Target": "Parameter",
      "Id": "ParamMouthForm",
      "Segments": [
        0,
        0,
        2,
        3.733,
        0,
        0,
        4.533,
        -0.5,
        0,
        5.167,
        0
      ]
    },
    {
      "Target": "Parameter",
      "Id": "ParamLjian",
      "Segments": [
        0,
        0,
        2,
        3.833,
        0,
        0,
        4.267,
        -0.292,
        0,
        4.733,
        0.087,
        0,
        5.167,
        0
      ]
    },
    {
      "Target": "Parameter",
      "Id": "ParamArmL",
      "Segments": [
        0,
        0,
        2,
        3.8,
        0,
        0,
        4.467,
        2,
        0,
        5.167,
        0
      ]
    },
    {
      "Target": "Parameter",
      "Id": "ParamArmL1",
      "Segments": [
        0,
        0,
        1,
        1.233,
        0,
        2.467,
        -1.742,
        3.7,
        -5,
        1,
        3.978,
        -5.734,
        4.255,
        -6,
        4.533,
        -6,
        1,
        4.666,
        -6,
        4.8,
        -1.764,
        4.933,
        -0.525,
        1,
        5.011,
        0.198,
        5.089,
        0,
        5.167,
        0
      ]
    },
    {
      "Target": "Parameter",
      "Id": "ParamHandL",
      "Segments": [
        0,
        0,
        2,
        3.4,
        0,
        0,
        3.933,
        11,
        0,
        5.167,
        0
      ]
    },
    {
      "Target": "Parameter",
      "Id": "ParamFingerL11",
      "Segments": [
        0,
        0,
        0,
        3.833,
        -0.5,
        0,
        5.167,
        0
      ]
    },
    {
      "Target": "Parameter",
      "Id": "ParamFingerL12",
      "Segments": [
        0,
        0,
        2,
        3.767,
        0,
        0,
        4.133,
        -0.338,
        0,
        5.167,
        0
      ]
    },
    {
      "Target": "Parameter",
      "Id": "ParamFingerL21",
      "Segments": [
        0,
        0,
        0,
        3.833,
        19,
        0,
        4.6,
        -10,
        0,
        5.167,
        0
      ]
    },
    {
      "Target": "Parameter",
      "Id": "ParamArmR1",
      "Segments": [
        0,
        0,
        1,
        1.378,
        0,
        2.755,
        1.056,
        4.133,
        3.42,
        1,
        4.222,
        3.573,
        4.311,
        3.958,
        4.4,
        3.958,
        1,
        4.467,
        3.958,
        4.533,
        1.145,
        4.6,
        0.877,
        1,
        4.789,
        0.119,
        4.978,
        0,
        5.167,
        0
      ]
    },
    {
      "Target": "Parameter",
      "Id": "ParamHandR",
      "Segments": [
        0,
        0,
        2,
        4.367,
        0,
        0,
        4.7,
        4.5,
        0,
        4.867,
        0,
        2,
        5.167,
        0
      ]
    },
    {
      "Target": "Parameter",
      "Id": "ParamMicrophoneZ1",
      "Segments": [
        0,
        0,
        2,
        4.133,
        0,
        1,
        4.233,
        0,
        4.333,
        0.466,
        4.433,
        1.02,
        1,
        4.489,
        1.328,
        4.544,
        1.367,
        4.6,
        1.367,
        1,
        4.7,
        1.367,
        4.8,
        1.248,
        4.9,
        0.786,
        1,
        4.989,
        0.376,
        5.078,
        0,
        5.167,
        0
      ]
    },
    {
      "Target": "Parameter",
      "Id": "ParamMicrophoneY",
      "Segments": [
        0,
        0,
        2,
        4.133,
        0,
        0,
        4.433,
        -4.68,
        0,
        5.167,
        0
      ]
    },
    {
      "Target": "Parameter",
      "Id": "ParamMicrophoneYY",
      "Segments": [
        0,
        0,
        2,
        3.4,
        0,
        2,
        4.233,
        0,
        0,
        4.367,
        0.4,
        1,
        4.478,
        0.4,
        4.589,
        0.397,
        4.7,
        0.3,
        1,
        4.856,
        0.165,
        5.011,
        0,
        5.167,
        0
      ]
    },
    {
      "Target": "Parameter",
      "Id": "ParamHairBow1",
      "Segments": [
        0,
        0,
        0,
        0.333,
        -6,
        0,
        0.9,
        6,
        0,
        1.567,
        -6,
        0,
        2.133,
        6,
        1,
        2.278,
        6,
        2.422,
        4.152,
        2.567,
        0,
        1,
        2.7,
        -3.833,
        2.834,
        -6,
        2.967,
        -6,
        0,
        3.533,
        6,
        0,
        4.167,
        -6,
        0,
        4.767,
        6,
        0,
        5.167,
        0
      ]
    },
    {
      "Target": "Parameter",
      "Id": "ParamHairBow2",
      "Segments": [
        0,
        0,
        0,
        0.133,
        2.73,
        0,
        0.6,
        -6.128,
        0,
        1.233,
        5.588,
        0,
        1.867,
        -5.27,
        0,
        2.367,
        2.73,
        0,
        2.567,
        0,
        0,
        2.7,
        2.73,
        0,
        3.167,
        -6.128,
        0,
        3.867,
        5.588,
        0,
        4.5,
        -5.27,
        0,
        4.933,
        2.73,
        0,
        5.167,
        0
      ]
    },
    {
      "Target": "Parameter",
      "Id": "ParamHairQ11",
      "Segments": [
        0,
        0,
        0,
        0.6,
        -4,
        0,
        1.267,
        0,
        0,
        2,
        -4,
        0,
        2.567,
        0,
        0,
        3.167,
        -4,
        0,
        3.867,
        0,
        0,
        4.567,
        -4,
        0,
        5.167,
        0
      ]
    },
    {
      "Target": "Parameter",
      "Id": "ParamHairQ12",
      "Segments": [
        0,
        0,
        0,
        0.267,
        4,
        0,
        0.9,
        -4,
        0,
        1.533,
        4,
        0,
        2.233,
        -4,
        1,
        2.344,
        -4,
        2.456,
        -2.922,
        2.567,
        0,
        1,
        2.656,
        2.338,
        2.744,
        4,
        2.833,
        4,
        0,
        3.5,
        -4,
        0,
        4.167,
        4,
        0,
        4.833,
        -4,
        0,
        5.167,
        0
      ]
    },
    {
      "Target": "Parameter",
      "Id": "ParamHairQ21",
      "Segments": [
        0,
        0,
        0,
        0.7,
        -4,
        0,
        1.367,
        0,
        0,
        2.1,
        -4,
        0,
        2.567,
        0,
        0,
        3.3,
        -4,
        0,
        3.967,
        0,
        0,
        4.7,
        -4,
        0,
        5.167,
        0
      ]
    },
    {
      "Target": "Parameter",
      "Id": "ParamHairQ22",
      "Segments": [
        0,
        0,
        0,
        0.333,
        4,
        0,
        1,
        -4,
        0,
        1.667,
        4,
        0,
        2.367,
        -4,
        1,
        2.434,
        -4,
        2.5,
        -1.583,
        2.567,
        0,
        1,
        2.7,
        3.167,
        2.834,
        4,
        2.967,
        4,
        0,
        3.6,
        -4,
        0,
        4.233,
        4,
        0,
        4.933,
        -4,
        0,
        5.167,
        0
      ]
    },
    {
      "Target": "Parameter",
      "Id": "ParamHairQ31",
      "Segments": [
        0,
        0,
        0,
        0.467,
        -4,
        0,
        1.167,
        0,
        0,
        1.867,
        -4,
        0,
        2.567,
        0,
        0,
        3.033,
        -4,
        0,
        3.733,
        0,
        0,
        4.467,
        -4,
        0,
        5.167,
        0
      ]
    },
    {
      "Target": "Parameter",
      "Id": "ParamHairQ32",
      "Segments": [
        0,
        0,
        0,
        0.1,
        4,
        0,
        0.8,
        -4,
        0,
        1.433,
        4,
        0,
        2.1,
        -4,
        1,
        2.256,
        -4,
        2.411,
        -3.115,
        2.567,
        0,
        1,
        2.611,
        0.89,
        2.656,
        4,
        2.7,
        4,
        0,
        3.367,
        -4,
        0,
        4.033,
        4,
        0,
        4.7,
        -4,
        0,
        5.167,
        0
      ]
    },
    {
      "Target": "Parameter",
      "Id": "ParamHairQ41",
      "Segments": [
        0,
        0,
        0,
        0.633,
        -4,
        0,
        1.333,
        0,
        0,
        2.067,
        -4,
        0,
        2.567,
        0,
        0,
        3.233,
        -4,
        0,
        3.9,
        0,
        0,
        4.633,
        -4,
        0,
        5.167,
        0
      ]
    },
    {
      "Target": "Parameter",
      "Id": "ParamHairQ42",
      "Segments": [
        0,
        0,
        0,
        0.3,
        4,
        0,
        0.967,
        -4,
        0,
        1.6,
        4,
        0,
        2.3,
        -4,
        1,
        2.389,
        -4,
        2.478,
        -2.338,
        2.567,
        0,
        1,
        2.678,
        2.922,
        2.789,
        4,
        2.9,
        4,
        0,
        3.567,
        -4,
        0,
        4.2,
        4,
        0,
        4.833,
        -4,
        0,
        5.167,
        0
      ]
    },
    {
      "Target": "Parameter",
      "Id": "ParamHairQ43",
      "Segments": [
        0,
        0,
        0,
        0.533,
        3.838,
        0,
        1.2,
        -3.422,
        0,
        1.867,
        3.746,
        0,
        2.567,
        -3.699,
        0,
        3.233,
        3.653,
        0,
        3.867,
        -3.514,
        0,
        4.5,
        3.191,
        0,
        4.967,
        -2.636,
        0,
        5.167,
        0
      ]
    },
    {
      "Target": "Parameter",
      "Id": "ParamHairL11",
      "Segments": [
        0,
        0,
        0,
        0.467,
        -4,
        0,
        1.267,
        4,
        0,
        2.067,
        -4,
        0,
        2.9,
        4,
        0,
        3.7,
        -4,
        0,
        4.5,
        4,
        0,
        5.167,
        0
      ]
    },
    {
      "Target": "Parameter",
      "Id": "ParamHairL12",
      "Segments": [
        0,
        0,
        0,
        0.233,
        2,
        0,
        0.9,
        -4,
        0,
        1.733,
        4,
        0,
        2.533,
        -4,
        0,
        3.4,
        4,
        0,
        4.2,
        -4,
        0,
        4.8,
        2,
        0,
        5.167,
        0
      ]
    },
    {
      "Target": "Parameter",
      "Id": "ParamHairL21",
      "Segments": [
        0,
        0,
        0,
        0.567,
        -4,
        0,
        1.367,
        4,
        0,
        2.133,
        -4,
        0,
        3,
        4,
        0,
        3.8,
        -4,
        0,
        4.6,
        4,
        0,
        5.167,
        0
      ]
    },
    {
      "Target": "Parameter",
      "Id": "ParamHairL22",
      "Segments": [
        0,
        0,
        0,
        0.3,
        2,
        0,
        0.967,
        -4,
        0,
        1.8,
        4,
        0,
        2.633,
        -4,
        0,
        3.5,
        4,
        0,
        4.3,
        -4,
        0,
        4.9,
        2,
        0,
        5.167,
        0
      ]
    },
    {
      "Target": "Parameter",
      "Id": "ParamHairR11",
      "Segments": [
        0,
        0,
        0,
        0.567,
        -2.455,
        0,
        1.267,
        2.74,
        0,
        2.033,
        -2.455,
        0,
        2.6,
        1.501,
        0,
        3.267,
        -2.455,
        0,
        3.867,
        2.74,
        0,
        4.6,
        -2.041,
        0,
        5.167,
        0
      ]
    },
    {
      "Target": "Parameter",
      "Id": "ParamHairR12",
      "Segments": [
        0,
        0,
        0,
        0.267,
        2,
        0,
        0.8,
        -4.47,
        0,
        1.6,
        2,
        0,
        2.267,
        -4.47,
        0,
        2.9,
        -0.179,
        0,
        3.5,
        -4.47,
        0,
        4.2,
        2,
        0,
        4.833,
        -2,
        0,
        5.167,
        0
      ]
    },
    {
      "Target": "Parameter",
      "Id": "ParamHairR21",
      "Segments": [
        0,
        0,
        0,
        0.333,
        6.314,
        0,
        0.9,
        -4.079,
        0,
        1.467,
        6.314,
        0,
        2.133,
        -4.079,
        1,
        2.278,
        -4.079,
        2.422,
        -3.4,
        2.567,
        0,
        1,
        2.689,
        2.877,
        2.811,
        6.314,
        2.933,
        6.314,
        0,
        3.5,
        -4.079,
        0,
        4.033,
        6.314,
        0,
        4.767,
        -4.079,
        0,
        5.167,
        0
      ]
    },
    {
      "Target": "Parameter",
      "Id": "ParamHairR22",
      "Segments": [
        0,
        0,
        0,
        0.6,
        9.353,
        0,
        1.167,
        -8.353,
        0,
        1.767,
        9.353,
        0,
        2.333,
        -8.353,
        0,
        3.2,
        9.353,
        0,
        3.767,
        -8.353,
        0,
        4.467,
        9.353,
        0,
        5.167,
        0
      ]
    },
    {
      "Target": "Parameter",
      "Id": "ParamHairR23",
      "Segments": [
        0,
        0,
        0,
        0.3,
        -12,
        0,
        0.933,
        11,
        0,
        1.533,
        -12,
        0,
        2.1,
        11,
        0,
        2.9,
        -12,
        0,
        3.533,
        11,
        0,
        4.067,
        -9.971,
        0,
        4.733,
        8.775,
        0,
        5.167,
        0
      ]
    },
    {
      "Target": "Parameter",
      "Id": "ParamHairR24",
      "Segments": [
        0,
        0,
        0,
        0.6,
        -11,
        0,
        1.267,
        10.503,
        0,
        1.867,
        -11,
        0,
        2.567,
        10.503,
        0,
        3.267,
        -11,
        0,
        3.867,
        10.503,
        0,
        4.433,
        -11,
        0,
        4.933,
        6.647,
        0,
        5.167,
        0
      ]
    },
    {
      "Target": "Parameter",
      "Id": "ParamHairHX11",
      "Segments": [
        0,
        0,
        0,
        0.333,
        -8,
        0,
        0.967,
        8,
        0,
        1.533,
        -8,
        0,
        2.167,
        8,
        0,
        2.8,
        -8,
        0,
        3.467,
        8,
        0,
        4.133,
        -8,
        0,
        4.667,
        8,
        0,
        5.167,
        0
      ]
    },
    {
      "Target": "Parameter",
      "Id": "ParamHairHX12",
      "Segments": [
        0,
        0,
        0,
        0.667,
        -8.348,
        0,
        1.233,
        7.276,
        0,
        1.933,
        -7.276,
        0,
        2.533,
        7.182,
        0,
        3.133,
        -7.371,
        0,
        3.733,
        6.615,
        0,
        4.4,
        -6.993,
        0,
        4.867,
        6.048,
        0,
        5.167,
        0
      ]
    },
    {
      "Target": "Parameter",
      "Id": "ParamHairHX21",
      "Segments": [
        0,
        0,
        0,
        0.3,
        -4,
        0,
        0.967,
        6,
        0,
        1.567,
        -6,
        0,
        2.233,
        6,
        0,
        2.933,
        -6,
        0,
        3.6,
        6,
        0,
        4.333,
        -6,
        0,
        4.8,
        4,
        0,
        5.167,
        0
      ]
    },
    {
      "Target": "Parameter",
      "Id": "ParamHairHX22",
      "Segments": [
        0,
        0,
        0,
        0.567,
        -5,
        0,
        1.333,
        6,
        0,
        1.967,
        -5,
        0,
        2.667,
        6,
        0,
        3.3,
        -5,
        0,
        3.967,
        6,
        0,
        4.567,
        -5,
        0,
        4.967,
        2,
        0,
        5.167,
        0
      ]
    },
    {
      "Target": "Parameter",
      "Id": "ParamHairH11",
      "Segments": [
        0,
        0,
        0,
        0.567,
        -10,
        0,
        1.467,
        10,
        0,
        2.2,
        -10,
        0,
        2.967,
        10,
        0,
        3.667,
        -10,
        0,
        4.4,
        10,
        0,
        5.167,
        0
      ]
    },
    {
      "Target": "Parameter",
      "Id": "ParamHairH12",
      "Segments": [
        0,
        0,
        0,
        0.267,
        6.821,
        0,
        1.033,
        -9.942,
        0,
        1.867,
        9.48,
        0,
        2.633,
        -9.942,
        0,
        3.333,
        9.595,
        0,
        4.067,
        -9.133,
        0,
        4.767,
        8.208,
        0,
        5.167,
        0
      ]
    },
    {
      "Target": "Parameter",
      "Id": "ParamHairH13",
      "Segments": [
        0,
        0,
        0,
        0.633,
        7.002,
        0,
        1.433,
        -9.599,
        0,
        2.333,
        8.244,
        0,
        3,
        -9.147,
        0,
        3.7,
        8.357,
        0,
        4.433,
        -9.147,
        0,
        4.867,
        4.404,
        0,
        5.167,
        0
      ]
    },
    {
      "Target": "Parameter",
      "Id": "ParamOpaishakeLX",
      "Segments": [
        0,
        0,
        0,
        0.5,
        7,
        0,
        1.267,
        -5,
        0,
        2.1,
        7,
        0,
        2.867,
        -5,
        0,
        3.6,
        7,
        0,
        4.233,
        -5,
        0,
        4.567,
        7.672,
        0,
        4.933,
        -3.947,
        0,
        5.167,
        0
      ]
    },
    {
      "Target": "Parameter",
      "Id": "ParamOpaishakeLX2",
      "Segments": [
        0,
        0,
        0,
        0.3,
        -3,
        0,
        0.967,
        7,
        0,
        1.733,
        -7,
        0,
        2.5,
        7,
        0,
        3.3,
        -7,
        0,
        3.933,
        7,
        0,
        4.467,
        -7,
        0,
        4.733,
        7.216,
        0,
        5.033,
        -4.209,
        0,
        5.167,
        0
      ]
    },
    {
      "Target": "Parameter",
      "Id": "ParamOpaishakeLY",
      "Segments": [
        0,
        0,
        0,
        0.3,
        -6,
        0,
        0.9,
        6,
        0,
        1.7,
        -6,
        0,
        2.5,
        6,
        0,
        3.3,
        -6,
        0,
        3.933,
        6,
        0,
        4.433,
        -6,
        0,
        4.733,
        16.31,
        0,
        5,
        -6,
        0,
        5.167,
        0
      ]
    },
    {
      "Target": "Parameter",
      "Id": "ParamOpaishakeLY2",
      "Segments": [
        0,
        0,
        0,
        0.633,
        -6.016,
        0,
        1.333,
        6,
        0,
        2.167,
        -6.016,
        0,
        2.967,
        6,
        0,
        3.7,
        -6.016,
        0,
        4.233,
        6,
        0,
        4.567,
        -5.773,
        0,
        4.867,
        13.595,
        0,
        5.067,
        -4.283,
        0,
        5.167,
        0
      ]
    },
    {
      "Target": "Parameter",
      "Id": "ParamOpaishakeRX",
      "Segments": [
        0,
        0,
        0,
        0.4,
        -7,
        0,
        1.2,
        5,
        0,
        2.033,
        -7,
        0,
        2.767,
        5,
        0,
        3.5,
        -7,
        0,
        4.167,
        5,
        0,
        4.6,
        -14,
        0,
        4.933,
        3.367,
        0,
        5.167,
        0
      ]
    },
    {
      "Target": "Parameter",
      "Id": "ParamOpaishakeRX2",
      "Segments": [
        0,
        0,
        0,
        0.233,
        3,
        0,
        0.9,
        -7,
        0,
        1.633,
        7,
        0,
        2.4,
        -7,
        0,
        3.2,
        7,
        0,
        3.9,
        -7,
        0,
        4.367,
        7,
        0,
        4.7,
        -12.738,
        0,
        5,
        3,
        0,
        5.167,
        0
      ]
    },
    {
      "Target": "Parameter",
      "Id": "ParamOpaishakeRY",
      "Segments": [
        0,
        0,
        0,
        0.2,
        -6,
        0,
        0.8,
        6,
        0,
        1.6,
        -6,
        0,
        2.4,
        6,
        0,
        3.233,
        -6,
        0,
        3.9,
        6,
        0,
        4.367,
        -6,
        0,
        4.667,
        14.447,
        0,
        4.933,
        -6.583,
        0,
        5.167,
        0
      ]
    },
    {
      "Target": "Parameter",
      "Id": "ParamOpaishakeRY2",
      "Segments": [
        0,
        0,
        0,
        0.567,
        -6.016,
        0,
        1.233,
        6,
        0,
        2.1,
        -6.016,
        0,
        2.867,
        6,
        0,
        3.6,
        -6.016,
        0,
        4.1,
        6,
        0,
        4.5,
        -6.016,
        0,
        4.767,
        14.135,
        0,
        5,
        -4.309,
        0,
        5.167,
        0
      ]
    },
    {
      "Target": "Parameter",
      "Id": "ParamTanLilL1",
      "Segments": [
        0,
        0,
        0,
        0.467,
        18.537,
        0,
        1.067,
        0,
        0,
        1.633,
        18.537,
        0,
        2.333,
        0,
        0,
        2.867,
        18.537,
        0,
        3.433,
        0,
        0,
        4,
        18.537,
        1,
        4.167,
        18.537,
        4.333,
        13.646,
        4.5,
        0,
        1,
        4.6,
        -8.188,
        4.7,
        -15,
        4.8,
        -15,
        0,
        5.167,
        0
      ]
    },
    {
      "Target": "Parameter",
      "Id": "ParamTanLilL2",
      "Segments": [
        0,
        0,
        0,
        0.2,
        -2.746,
        0,
        0.767,
        5.491,
        0,
        1.333,
        -5.491,
        0,
        1.967,
        5.491,
        0,
        2.633,
        -5.491,
        0,
        3.167,
        5.491,
        0,
        3.767,
        -5.491,
        0,
        4.433,
        5.491,
        0,
        4.9,
        -2.746,
        0,
        5.167,
        0
      ]
    },
    {
      "Target": "Parameter",
      "Id": "ParamTanLiR1",
      "Segments": [
        0,
        0,
        0,
        0.333,
        -7.055,
        0,
        0.833,
        5.21,
        0,
        1.433,
        -7.885,
        0,
        1.9,
        5.21,
        1,
        2.122,
        5.21,
        2.345,
        4.337,
        2.567,
        0,
        1,
        2.689,
        -2.385,
        2.811,
        -7.055,
        2.933,
        -7.055,
        0,
        3.433,
        5.21,
        0,
        4,
        -7.885,
        0,
        4.5,
        5.21,
        0,
        5.167,
        0
      ]
    },
    {
      "Target": "Parameter",
      "Id": "ParamTanLiR2",
      "Segments": [
        0,
        0,
        0,
        0.533,
        -6.225,
        0,
        1,
        4.911,
        0,
        1.633,
        -6.225,
        0,
        2.167,
        4.911,
        1,
        2.3,
        4.911,
        2.434,
        3.062,
        2.567,
        0,
        1,
        2.756,
        -4.338,
        2.944,
        -6.225,
        3.133,
        -6.225,
        0,
        3.6,
        4.911,
        0,
        4.233,
        -6.225,
        0,
        4.767,
        4.911,
        0,
        5.167,
        0
      ]
    },
    {
      "Target": "Parameter",
      "Id": "ParamUpHeaddress1",
      "Segments": [
        0,
        0,
        0,
        0.433,
        -5,
        0,
        1.167,
        10,
        0,
        2.067,
        -10,
        0,
        2.8,
        10,
        0,
        3.5,
        -10,
        0,
        4.067,
        10,
        0,
        4.767,
        -10,
        0,
        5.167,
        0
      ]
    },
    {
      "Target": "Parameter",
      "Id": "ParamUpHeaddress2",
      "Segments": [
        0,
        0,
        0,
        0.8,
        -10.058,
        0,
        1.667,
        9.623,
        0,
        2.4,
        -9.043,
        0,
        3.133,
        9.275,
        0,
        3.767,
        -8.812,
        0,
        4.4,
        9.043,
        0,
        4.933,
        -5.681,
        0,
        5.167,
        0
      ]
    },
    {
      "Target": "Parameter",
      "Id": "ParamLHeaddress1",
      "Segments": [
        0,
        0,
        0,
        0.433,
        -8,
        0,
        1.167,
        8,
        0,
        1.9,
        -8,
        0,
        2.533,
        8,
        0,
        3.3,
        -8,
        0,
        3.967,
        8,
        0,
        4.733,
        -8,
        0,
        5.167,
        0
      ]
    },
    {
      "Target": "Parameter",
      "Id": "ParamLHeaddress2",
      "Segments": [
        0,
        0,
        0,
        0.233,
        4.294,
        0,
        0.867,
        -8.151,
        0,
        1.567,
        7.749,
        0,
        2.233,
        -8.151,
        0,
        3,
        7.749,
        0,
        3.667,
        -8.151,
        0,
        4.4,
        7.749,
        0,
        4.9,
        -4.481,
        0,
        5.167,
        0
      ]
    },
    {
      "Target": "Parameter",
      "Id": "ParamRHeaddress1",
      "Segments": [
        0,
        0,
        0,
        0.367,
        -12,
        0,
        1.067,
        12,
        0,
        1.733,
        -12,
        0,
        2.367,
        12,
        0,
        2.967,
        -12,
        0,
        3.567,
        12,
        0,
        4.233,
        -12,
        0,
        4.767,
        6.104,
        0,
        5.167,
        0
      ]
    },
    {
      "Target": "Parameter",
      "Id": "ParamRHeaddress2",
      "Segments": [
        0,
        0,
        0,
        0.767,
        -11.792,
        0,
        1.367,
        11.237,
        0,
        2.1,
        -11.792,
        0,
        2.7,
        11.514,
        0,
        3.3,
        -11.931,
        0,
        3.933,
        11.376,
        0,
        4.5,
        -10.266,
        0,
        4.933,
        5.549,
        0,
        5.167,
        0
      ]
    },
    {
      "Target": "Parameter",
      "Id": "ParamWaistDress1",
      "Segments": [
        0,
        0,
        0,
        0.567,
        -4,
        0,
        1.133,
        0,
        0,
        1.833,
        -4,
        0,
        2.467,
        0,
        0,
        3.167,
        -4,
        0,
        3.767,
        0,
        0,
        4.567,
        -4,
        0,
        5.167,
        0
      ]
    },
    {
      "Target": "Parameter",
      "Id": "ParamWaistDress2",
      "Segments": [
        0,
        0,
        0,
        0.267,
        3.601,
        0,
        0.9,
        -3.601,
        0,
        1.533,
        3.601,
        0,
        2.167,
        -3.601,
        0,
        2.867,
        3.601,
        0,
        3.533,
        -3.601,
        0,
        4.2,
        3.601,
        0,
        4.833,
        -3.601,
        0,
        5.167,
        0
      ]
    },
    {
      "Target": "Parameter",
      "Id": "ParamDownDress1",
      "Segments": [
        0,
        0,
        0,
        0.633,
        3,
        0,
        1.367,
        0,
        0,
        2.1,
        3,
        0,
        2.767,
        0,
        0,
        3.433,
        3,
        0,
        4.1,
        0,
        0,
        4.667,
        2.422,
        0,
        5.167,
        0
      ]
    },
    {
      "Target": "Parameter",
      "Id": "ParamDownDress2",
      "Segments": [
        0,
        0,
        0,
        0.333,
        -2,
        0,
        1,
        3,
        0,
        1.767,
        -3,
        0,
        2.467,
        3,
        0,
        3.2,
        -3,
        0,
        3.8,
        3,
        0,
        4.4,
        -3,
        0,
        4.9,
        2,
        0,
        5.167,
        0
      ]
    },
    {
      "Target": "Parameter",
      "Id": "ParamLArmRibbon1",
      "Segments": [
        0,
        0,
        0,
        0.333,
        -5,
        0,
        1.067,
        5,
        0,
        1.867,
        -5,
        0,
        2.6,
        5,
        0,
        3.533,
        -5,
        0,
        4.3,
        5,
        0,
        5.167,
        0
      ]
    },
    {
      "Target": "Parameter",
      "Id": "ParamLArmRibbon2",
      "Segments": [
        0,
        0,
        0,
        0.233,
        2.428,
        0,
        0.733,
        -8,
        0,
        1.533,
        6.646,
        0,
        2.333,
        -8,
        0,
        3.167,
        6.646,
        0,
        3.9,
        -8,
        0,
        4.733,
        5,
        0,
        5.167,
        0
      ]
    },
    {
      "Target": "Parameter",
      "Id": "ParamRArmRibbon1",
      "Segments": [
        0,
        0,
        0,
        0.533,
        10.434,
        0,
        1.267,
        -6.809,
        0,
        2,
        10.434,
        0,
        2.8,
        -6.809,
        0,
        3.6,
        8.127,
        0,
        4.5,
        -6.699,
        0,
        5.167,
        0
      ]
    },
    {
      "Target": "Parameter",
      "Id": "ParamRArmRibbon2",
      "Segments": [
        0,
        0,
        0,
        0.3,
        -8,
        0,
        0.833,
        11,
        0,
        1.633,
        -7,
        0,
        2.4,
        11,
        0,
        3.267,
        -8,
        0,
        4,
        9,
        0,
        4.8,
        -7,
        0,
        5.167,
        0
      ]
    },
    {
      "Target": "Parameter",
      "Id": "ParamRArmRibbonFit",
      "Segments": [
        0,
        0,
        0,
        0.267,
        0.786,
        0,
        0.8,
        0,
        0,
        1.333,
        0.786,
        0,
        1.867,
        0,
        0,
        2.533,
        0.786,
        0,
        3.1,
        0,
        0,
        3.7,
        0.786,
        0,
        4.3,
        0,
        0,
        4.767,
        0.786,
        0,
        5.167,
        0
      ]
    },
    {
      "Target": "Parameter",
      "Id": "ParamRArmRibbon11",
      "Segments": [
        0,
        0,
        0,
        0.367,
        5,
        0,
        0.9,
        -11.777,
        0,
        1.433,
        14.777,
        0,
        1.967,
        -11.777,
        0,
        2.633,
        7.696,
        0,
        3.233,
        -11.777,
        0,
        3.833,
        7.696,
        0,
        4.4,
        -8.677,
        0,
        4.767,
        5,
        0,
        5.167,
        0
      ]
    },
    {
      "Target": "Parameter",
      "Id": "ParamRArmRibbon12",
      "Segments": [
        0,
        0,
        0,
        0.533,
        4.856,
        0,
        1.2,
        -11.133,
        0,
        1.7,
        11.123,
        0,
        2.267,
        -9.444,
        0,
        2.967,
        10.511,
        0,
        3.5,
        -9.75,
        0,
        4.167,
        11.585,
        0,
        4.667,
        -7.449,
        0,
        4.933,
        3.555,
        0,
        5.167,
        0
      ]
    },
    {
      "Target": "Parameter",
      "Id": "ParamRArmRibbon21",
      "Segments": [
        0,
        0,
        0,
        0.3,
        10.802,
        0,
        0.833,
        -10.802,
        0,
        1.433,
        10.802,
        0,
        2.033,
        -10.802,
        0,
        2.567,
        10.802,
        0,
        3.3,
        -10.802,
        0,
        4,
        10.802,
        0,
        4.633,
        -10.802,
        0,
        5.167,
        0
      ]
    },
    {
      "Target": "Parameter",
      "Id": "ParamRArmRibbon22",
      "Segments": [
        0,
        0,
        0,
        0.1,
        -10.802,
        0,
        0.6,
        12.963,
        0,
        1.067,
        -15.123,
        0,
        1.633,
        15.123,
        0,
        2.333,
        -10.802,
        0,
        2.867,
        15.123,
        0,
        3.633,
        -10.802,
        0,
        4.233,
        15.123,
        0,
        4.8,
        -10.802,
        0,
        5.167,
        0
      ]
    },
    {
      "Target": "Parameter",
      "Id": "ParamRArmRibbon23",
      "Segments": [
        0,
        0,
        0,
        0.333,
        -3,
        0,
        0.9,
        0,
        0,
        1.467,
        -3,
        0,
        2.1,
        0,
        0,
        2.633,
        -3,
        0,
        3.133,
        0,
        0,
        3.7,
        -3,
        0,
        4.167,
        0,
        0,
        4.7,
        -3,
        0,
        5.167,
        0
      ]
    },
    {
      "Target": "Parameter",
      "Id": "ParamLArmRibbonFit",
      "Segments": [
        0,
        0,
        0,
        0.567,
        -1.097,
        0,
        1.267,
        1.097,
        0,
        2.067,
        -1.097,
        0,
        2.767,
        1.097,
        0,
        3.4,
        -1.097,
        0,
        4.033,
        1.097,
        0,
        4.667,
        -1.097,
        0,
        5.167,
        0
      ]
    },
    {
      "Target": "Parameter",
      "Id": "ParamLHandRibbon11",
      "Segments": [
        0,
        0,
        0,
        0.5,
        8,
        0,
        1.2,
        -8,
        0,
        1.867,
        8,
        0,
        2.533,
        -8,
        0,
        3.167,
        8,
        0,
        3.9,
        -8,
        0,
        4.5,
        8,
        0,
        5.167,
        0
      ]
    },
    {
      "Target": "Parameter",
      "Id": "ParamLHandRibbon12",
      "Segments": [
        0,
        0,
        0,
        0.167,
        -4.254,
        0,
        0.833,
        7.769,
        0,
        1.5,
        -6.289,
        0,
        2.233,
        7.676,
        0,
        2.8,
        -6.197,
        0,
        3.567,
        7.584,
        0,
        4.2,
        -5.827,
        0,
        4.8,
        6.474,
        0,
        5.167,
        0
      ]
    },
    {
      "Target": "Parameter",
      "Id": "ParamLHandRibbon21",
      "Segments": [
        0,
        0,
        0,
        0.3,
        3,
        0,
        1.067,
        -4,
        0,
        1.7,
        4,
        0,
        2.433,
        -4,
        0,
        3.067,
        4,
        0,
        3.9,
        -4,
        0,
        4.6,
        3,
        0,
        5.167,
        0
      ]
    },
    {
      "Target": "Parameter",
      "Id": "ParamLHandRibbon22",
      "Segments": [
        0,
        0,
        0,
        0.167,
        -1,
        0,
        0.667,
        3,
        0,
        1.467,
        -4,
        0,
        2.1,
        3.563,
        0,
        2.8,
        -4,
        0,
        3.533,
        3,
        0,
        4.3,
        -4,
        0,
        4.867,
        2.081,
        0,
        5.167,
        0
      ]
    },
    {
      "Target": "Parameter",
      "Id": "ParamLHandRibbon23",
      "Segments": [
        0,
        0,
        0,
        0.333,
        -3.647,
        0,
        1.033,
        4.51,
        0,
        1.8,
        -5.487,
        0,
        2.4,
        4.851,
        0,
        3.167,
        -5.551,
        0,
        3.933,
        4.533,
        0,
        4.567,
        -4.725,
        0,
        4.967,
        1.661,
        0,
        5.167,
        0
      ]
    },
    {
      "Target": "Parameter",
      "Id": "ParamLHandRibbon24",
      "Segments": [
        0,
        0,
        0,
        0.2,
        -5.003,
        0,
        0.9,
        8.18,
        0,
        1.533,
        -10.037,
        0,
        2.233,
        9.304,
        0,
        3.033,
        -10.365,
        0,
        3.8,
        8.039,
        0,
        4.433,
        -8.3,
        0,
        4.9,
        3.638,
        0,
        5.167,
        0
      ]
    },
    {
      "Target": "Parameter",
      "Id": "ParamLHandRibbon31",
      "Segments": [
        0,
        0,
        0,
        0.367,
        -2.362,
        0,
        1,
        4.465,
        0,
        1.8,
        -3.079,
        0,
        2.433,
        4.3,
        0,
        3.133,
        -3.133,
        0,
        3.767,
        4.52,
        0,
        4.4,
        -2.362,
        0,
        4.833,
        2.759,
        0,
        5.167,
        0
      ]
    },
    {
      "Target": "Parameter",
      "Id": "ParamLHandRibbon32",
      "Segments": [
        0,
        0,
        0,
        0.433,
        -2.079,
        0,
        1.033,
        1.062,
        0,
        1.8,
        -1.15,
        0,
        2.467,
        2.389,
        0,
        3.167,
        -0.708,
        0,
        3.833,
        1.062,
        0,
        4.467,
        -1.239,
        0,
        4.9,
        0.619,
        0,
        5.167,
        0
      ]
    },
    {
      "Target": "Parameter",
      "Id": "ParamLHandRibbon33",
      "Segments": [
        0,
        0,
        0,
        0.267,
        6,
        0,
        0.733,
        -3.285,
        0,
        1.5,
        4.992,
        0,
        2.1,
        -2.737,
        0,
        2.733,
        4.401,
        0,
        3.4,
        -2.576,
        0,
        4.067,
        4.401,
        0,
        4.6,
        -2.308,
        0,
        4.967,
        1.61,
        0,
        5.167,
        0
      ]
    },
    {
      "Target": "Parameter",
      "Id": "ParamLHandRibbon34",
      "Segments": [
        0,
        0,
        0,
        0.433,
        4.96,
        0,
        1.067,
        -7,
        0,
        1.667,
        11.422,
        0,
        2.367,
        -10,
        0,
        3.033,
        9,
        0,
        3.767,
        -10,
        0,
        4.333,
        7,
        0,
        4.8,
        -7,
        0,
        5.167,
        0
      ]
    },
    {
      "Target": "Parameter",
      "Id": "ParamLHandRibbon35",
      "Segments": [
        0,
        0,
        0,
        0.167,
        -4,
        0,
        0.533,
        7.182,
        0,
        1.2,
        -9.535,
        0,
        2,
        11.021,
        0,
        2.7,
        -9.535,
        0,
        3.333,
        11.021,
        0,
        3.967,
        -9.906,
        0,
        4.533,
        7.553,
        0,
        4.967,
        -6.687,
        0,
        5.167,
        0
      ]
    },
    {
      "Target": "Parameter",
      "Id": "ParamLHandRibbon36",
      "Segments": [
        0,
        0,
        0,
        0.3,
        -3.871,
        0,
        0.7,
        8,
        0,
        1.367,
        -8.709,
        0,
        1.967,
        8.53,
        0,
        2.733,
        -8.709,
        0,
        3.333,
        8,
        0,
        4.033,
        -8.709,
        0,
        4.6,
        6.377,
        0,
        5.167,
        0
      ]
    },
    {
      "Target": "Parameter",
      "Id": "ParamLHandRibbon37",
      "Segments": [
        0,
        0,
        0,
        0.467,
        -6.876,
        0,
        0.933,
        7.573,
        0,
        1.567,
        -8.37,
        0,
        2.267,
        7.573,
        0,
        2.9,
        -8.37,
        0,
        3.6,
        7.772,
        0,
        4.233,
        -7.374,
        0,
        4.8,
        5.68,
        0,
        5.167,
        0
      ]
    },
    {
      "Target": "Model",
      "Id": "Opacity",
      "Segments": [
        0,
        1,
        0,
        5.17,
        1
      ]
    },
    {
      "Target": "Parameter",
      "Id": "ParamZChuMoOn",
      "Segments": [
        0,
        0,
        0,
        5.17,
        0
      ]
    },
    {
      "Target": "Parameter",
      "Id": "ParamXChuMoOff",
      "Segments": [
        0,
        0,
        0,
        5.17,
        0
      ]
    },
    {
      "Target": "Parameter",
      "Id": "ParamLiZiOn",
      "Segments": [
        0,
        0,
        0,
        5.17,
        0
      ]
    },
    {
      "Target": "Parameter",
      "Id": "ParamLiZiY",
      "Segments": [
        0,
        0,
        0,
        5.17,
        0
      ]
    },
    {
      "Target": "Parameter",
      "Id": "ParamLiZiS",
      "Segments": [
        0,
        0,
        0,
        5.17,
        0
      ]
    },
    {
      "Target": "Parameter",
      "Id": "ParamLightLY1",
      "Segments": [
        0,
        0,
        0,
        5.17,
        0
      ]
    },
    {
      "Target": "Parameter",
      "Id": "ParamLightLY6",
      "Segments": [
        0,
        0.5,
        0,
        5.17,
        0.5
      ]
    },
    {
      "Target": "Parameter",
      "Id": "ParamLightLY7",
      "Segments": [
        0,
        0,
        0,
        5.17,
        0
      ]
    },
    {
      "Target": "Parameter",
      "Id": "ParamLightLY8",
      "Segments": [
        0,
        0.5,
        0,
        5.17,
        0.5
      ]
    },
    {
      "Target": "Parameter",
      "Id": "ParamRingFlash",
      "Segments": [
        0,
        0,
        0,
        5.17,
        0
      ]
    },
    {
      "Target": "Parameter",
      "Id": "ParamSilkOff",
      "Segments": [
        0,
        0,
        0,
        5.17,
        0
      ]
    },
    {
      "Target": "Parameter",
      "Id": "ParamWuQi",
      "Segments": [
        0,
        0,
        0,
        5.17,
        0
      ]
    },
    {
      "Target": "Parameter",
      "Id": "ParamWuQiS",
      "Segments": [
        0,
        0,
        0,
        5.17,
        0
      ]
    },
    {
      "Target": "Parameter",
      "Id": "ParamRingBoxX",
      "Segments": [
        0,
        0,
        0,
        5.17,
        0
      ]
    },
    {
      "Target": "Parameter",
      "Id": "ParamRingBoxY",
      "Segments": [
        0,
        0,
        0,
        5.17,
        0
      ]
    },
    {
      "Target": "Parameter",
      "Id": "ParamRingBoxS",
      "Segments": [
        0,
        0,
        0,
        5.17,
        0
      ]
    },
    {
      "Target": "Parameter",
      "Id": "ParamRingBoxOff",
      "Segments": [
        0,
        0,
        0,
        5.17,
        0
      ]
    },
    {
      "Target": "Parameter",
      "Id": "ParamRingBoxZOn",
      "Segments": [
        0,
        0,
        0,
        5.17,
        0
      ]
    },
    {
      "Target": "Parameter",
      "Id": "ParamRingBoxYYOff",
      "Segments": [
        0,
        0,
        0,
        5.17,
        0
      ]
    },
    {
      "Target": "Parameter",
      "Id": "ParamRingBoxZOff",
      "Segments": [
        0,
        0,
        0,
        5.17,
        0
      ]
    },
    {
      "Target": "Parameter",
      "Id": "ParamRingBoxZX",
      "Segments": [
        0,
        0,
        0,
        5.17,
        0
      ]
    },
    {
      "Target": "Parameter",
      "Id": "ParamRingBoxZY",
      "Segments": [
        0,
        0,
        0,
        5.17,
        0
      ]
    },
    {
      "Target": "Parameter",
      "Id": "ParamRingBoxZS",
      "Segments": [
        0,
        0,
        0,
        5.17,
        0
      ]
    },
    {
      "Target": "Parameter",
      "Id": "ParamZJieZS",
      "Segments": [
        0,
        0,
        0,
        5.17,
        0
      ]
    },
    {
      "Target": "Parameter",
      "Id": "ParamRingBoxT",
      "Segments": [
        0,
        0,
        0,
        5.17,
        0
      ]
    },
    {
      "Target": "Parameter",
      "Id": "ParamHandRing",
      "Segments": [
        0,
        0,
        0,
        5.17,
        0
      ]
    },
    {
      "Target": "Parameter",
      "Id": "ParamRingOnHand",
      "Segments": [
        0,
        0,
        0,
        5.17,
        0
      ]
    },
    {
      "Target": "Parameter",
      "Id": "ParamCandlestickS",
      "Segments": [
        0,
        0,
        0,
        5.17,
        0
      ]
    },
    {
      "Target": "Parameter",
      "Id": "ParamHX",
      "Segments": [
        0,
        0,
        0,
        5.17,
        0
      ]
    },
    {
      "Target": "Parameter",
      "Id": "ParamX",
      "Segments": [
        0,
        0,
        0,
        5.17,
        0
      ]
    },
    {
      "Target": "Parameter",
      "Id": "ParamBodyAngleY",
      "Segments": [
        0,
        0,
        0,
        5.17,
        0
      ]
    },
    {
      "Target": "Parameter",
      "Id": "ParamEyeSmile",
      "Segments": [
        0,
        1,
        0,
        5.17,
        1
      ]
    },
    {
      "Target": "Parameter",
      "Id": "ParamEyeWater",
      "Segments": [
        0,
        0,
        0,
        5.17,
        0
      ]
    },
    {
      "Target": "Parameter",
      "Id": "ParamEyeWater1",
      "Segments": [
        0,
        0,
        0,
        5.17,
        0
      ]
    },
    {
      "Target": "Parameter",
      "Id": "ParamEyeWater2",
      "Segments": [
        0,
        0,
        0,
        5.17,
        0
      ]
    },
    {
      "Target": "Parameter",
      "Id": "ParamBrowLAngle",
      "Segments": [
        0,
        0,
        0,
        5.17,
        0
      ]
    },
    {
      "Target": "Parameter",
      "Id": "ParamBrowRAngle",
      "Segments": [
        0,
        0,
        0,
        5.17,
        0
      ]
    },
    {
      "Target": "Parameter",
      "Id": "ParamBrowLForm",
      "Segments": [
        0,
        0,
        0,
        5.17,
        0
      ]
    },
    {
      "Target": "Parameter",
      "Id": "ParamBrowRForm",
      "Segments": [
        0,
        0,
        0,
        5.17,
        0
      ]
    },
    {
      "Target": "Parameter",
      "Id": "ParamArmLY",
      "Segments": [
        0,
        0,
        0,
        5.17,
        0
      ]
    },
    {
      "Target": "Parameter",
      "Id": "ParamArmL1Y",
      "Segments": [
        0,
        0,
        0,
        5.17,
        0
      ]
    },
    {
      "Target": "Parameter",
      "Id": "ParamFingerL22",
      "Segments": [
        0,
        0,
        0,
        5.17,
        0
      ]
    },
    {
      "Target": "Parameter",
      "Id": "ParamUpperArmLOff",
      "Segments": [
        0,
        0,
        0,
        5.17,
        0
      ]
    },
    {
      "Target": "Parameter",
      "Id": "ParamUpperArmLFOn",
      "Segments": [
        0,
        0,
        0,
        5.17,
        0
      ]
    },
    {
      "Target": "Parameter",
      "Id": "ParamUpperArmLFZ",
      "Segments": [
        0,
        0,
        0,
        5.17,
        0
      ]
    },
    {
      "Target": "Parameter",
      "Id": "ParamUpperArmLFY",
      "Segments": [
        0,
        0,
        0,
        5.17,
        0
      ]
    },
    {
      "Target": "Parameter",
      "Id": "ParamLowerArmLFZ",
      "Segments": [
        0,
        0,
        0,
        5.17,
        0
      ]
    },
    {
      "Target": "Parameter",
      "Id": "ParamLowerArmLFY",
      "Segments": [
        0,
        0,
        0,
        5.17,
        0
      ]
    },
    {
      "Target": "Parameter",
      "Id": "ParamHandFZ",
      "Segments": [
        0,
        0,
        0,
        5.17,
        0
      ]
    },
    {
      "Target": "Parameter",
      "Id": "ParamHandF11",
      "Segments": [
        0,
        0,
        0,
        5.17,
        0
      ]
    },
    {
      "Target": "Parameter",
      "Id": "ParamHandF12",
      "Segments": [
        0,
        0,
        0,
        5.17,
        0
      ]
    },
    {
      "Target": "Parameter",
      "Id": "ParamHandF21",
      "Segments": [
        0,
        0,
        0,
        5.17,
        0
      ]
    },
    {
      "Target": "Parameter",
      "Id": "ParamHandF22",
      "Segments": [
        0,
        0,
        0,
        5.17,
        0
      ]
    },
    {
      "Target": "Parameter",
      "Id": "ParamHandF31",
      "Segments": [
        0,
        0,
        0,
        5.17,
        0
      ]
    },
    {
      "Target": "Parameter",
      "Id": "ParamHandF32",
      "Segments": [
        0,
        0,
        0,
        5.17,
        0
      ]
    },
    {
      "Target": "Parameter",
      "Id": "ParamHandF41",
      "Segments": [
        0,
        0,
        0,
        5.17,
        0
      ]
    },
    {
      "Target": "Parameter",
      "Id": "ParamHandF42",
      "Segments": [
        0,
        0,
        0,
        5.17,
        0
      ]
    },
    {
      "Target": "Parameter",
      "Id": "ParamDownUpperArmLOn",
      "Segments": [
        0,
        0,
        0,
        5.17,
        0
      ]
    },
    {
      "Target": "Parameter",
      "Id": "ParamDownUpperArmLZ",
      "Segments": [
        0,
        0,
        0,
        5.17,
        0
      ]
    },
    {
      "Target": "Parameter",
      "Id": "ParamDownUpperArmLY",
      "Segments": [
        0,
        0,
        0,
        5.17,
        0
      ]
    },
    {
      "Target": "Parameter",
      "Id": "ParamDownLowerArmLZ",
      "Segments": [
        0,
        0,
        0,
        5.17,
        0
      ]
    },
    {
      "Target": "Parameter",
      "Id": "ParamDownLowerArmLY",
      "Segments": [
        0,
        0,
        0,
        5.17,
        0
      ]
    },
    {
      "Target": "Parameter",
      "Id": "ParamDownHandLZ",
      "Segments": [
        0,
        0,
        0,
        5.17,
        0
      ]
    },
    {
      "Target": "Parameter",
      "Id": "ParamDownHandL2",
      "Segments": [
        0,
        0,
        0,
        5.17,
        0
      ]
    },
    {
      "Target": "Parameter",
      "Id": "ParamRjian",
      "Segments": [
        0,
        0,
        0,
        5.17,
        0
      ]
    },
    {
      "Target": "Parameter",
      "Id": "ParamArmR",
      "Segments": [
        0,
        0,
        0,
        5.17,
        0
      ]
    },
    {
      "Target": "Parameter",
      "Id": "ParamArmRY",
      "Segments": [
        0,
        0,
        0,
        5.17,
        0
      ]
    },
    {
      "Target": "Parameter",
      "Id": "ParamArmR1Y",
      "Segments": [
        0,
        0,
        0,
        5.17,
        0
      ]
    },
    {
      "Target": "Parameter",
      "Id": "ParamFingerR1",
      "Segments": [
        0,
        0,
        0,
        5.17,
        0
      ]
    },
    {
      "Target": "Parameter",
      "Id": "ParamFingerR2",
      "Segments": [
        0,
        0,
        0,
        5.17,
        0
      ]
    },
    {
      "Target": "Parameter",
      "Id": "ParamMicrophoneZ2",
      "Segments": [
        0,
        0,
        0,
        5.17,
        0
      ]
    },
    {
      "Target": "Parameter",
      "Id": "ParamLineZ",
      "Segments": [
        0,
        0,
        0,
        5.17,
        0
      ]
    },
    {
      "Target": "Parameter",
      "Id": "ParamLineZ1",
      "Segments": [
        0,
        0,
        0,
        5.17,
        0
      ]
    },
    {
      "Target": "Parameter",
      "Id": "ParamLineZ2",
      "Segments": [
        0,
        0,
        0,
        5.17,
        0
      ]
    },
    {
      "Target": "Parameter",
      "Id": "ParamMicrophoneYYOff",
      "Segments": [
        0,
        0,
        0,
        5.17,
        0
      ]
    },
    {
      "Target": "Parameter",
      "Id": "ParamMicrophoneYYZ",
      "Segments": [
        0,
        0,
        0,
        5.17,
        0
      ]
    },
    {
      "Target": "Parameter",
      "Id": "ParamMicrophoneGOff",
      "Segments": [
        0,
        0,
        0,
        5.17,
        0
      ]
    },
    {
      "Target": "Parameter",
      "Id": "ParamMicrophoneSOn",
      "Segments": [
        0,
        0,
        0,
        5.17,
        0
      ]
    },
    {
      "Target": "Parameter",
      "Id": "ParamLegL",
      "Segments": [
        0,
        0,
        0,
        5.17,
        0
      ]
    },
    {
      "Target": "Parameter",
      "Id": "ParamLegL1",
      "Segments": [
        0,
        0,
        0,
        5.17,
        0
      ]
    },
    {
      "Target": "Parameter",
      "Id": "ParamFootL",
      "Segments": [
        0,
        0,
        0,
        5.17,
        0
      ]
    },
    {
      "Target": "Parameter",
      "Id": "ParamLegR",
      "Segments": [
        0,
        0,
        0,
        5.17,
        0
      ]
    },
    {
      "Target": "Parameter",
      "Id": "ParamLegR1",
      "Segments": [
        0,
        0,
        0,
        5.17,
        0
      ]
    },
    {
      "Target": "Parameter",
      "Id": "ParamFootR",
      "Segments": [
        0,
        0,
        0,
        5.17,
        0
      ]
    },
    {
      "Target": "Parameter",
      "Id": "ParamLHeaddress3",
      "Segments": [
        0,
        0,
        0,
        5.17,
        0
      ]
    },
    {
      "Target": "Parameter",
      "Id": "ParamLHeaddress4",
      "Segments": [
        0,
        0,
        0,
        5.17,
        0
      ]
    },
    {
      "Target": "Parameter",
      "Id": "ParamPendantZ",
      "Segments": [
        0,
        0,
        0,
        5.17,
        0
      ]
    },
    {
      "Target": "Parameter",
      "Id": "ParamRArmRibbonX",
      "Segments": [
        0,
        0,
        0,
        5.17,
        0
      ]
    },
    {
      "Target": "Parameter",
      "Id": "ParamRArmRibbon24",
      "Segments": [
        0,
        0,
        0,
        5.17,
        0
      ]
    },
    {
      "Target": "Parameter",
      "Id": "ParamLHandRibbon38",
      "Segments": [
        0,
        0,
        0,
        5.17,
        0
      ]
    }
  ],
  "UserData": [
    {
      "Time": 0.0,
      "Value": ""
    },
    {
      "Time": 0.33,
      "Value": "soundFx_30260701_sfx_1"
    },
    {
      "Time": 4.33,
      "Value": "characterVoice_11_0.8"
    }
  ]
}