{
  "Version": 3,
  "Meta": {
    "Duration": 9.6,
    "Fps": 30.0,
    "Loop": true,
    "AreBeziersRestricted": true,
    "CurveCount": 207,
    "TotalSegmentCount": 1076,
    "TotalPointCount": 1538,
    "UserDataCount": 1,
    "TotalUserDataSize": 0
  },
  "Curves": [
    {
      "Target": "Parameter",
      "Id": "ParamRingFlash",
      "Segments": [
        0,
        0,
        0,
        1.167,
        2,
        2,
        5.133,
        2,
        0,
        6.833,
        0,
        2,
        9.6,
        0
      ]
    },
    {
      "Target": "Parameter",
      "Id": "ParamSilkOff",
      "Segments": [
        0,
        1,
        2,
        9.6,
        1
      ]
    },
    {
      "Target": "Parameter",
      "Id": "ParamWuQi",
      "Segments": [
        0,
        0,
        0,
        1.667,
        0.8,
        0,
        3.167,
        0,
        0,
        4.533,
        1,
        0,
        5.9,
        0,
        0,
        7,
        0.8,
        0,
        8.133,
        0,
        0,
        8.867,
        0.645,
        0,
        9.6,
        0
      ]
    },
    {
      "Target": "Parameter",
      "Id": "ParamWuQiS",
      "Segments": [
        0,
        0,
        1,
        0.522,
        0,
        1.045,
        0.115,
        1.567,
        0.382,
        1,
        2.089,
        0.648,
        2.611,
        0.8,
        3.133,
        0.8,
        0,
        3.233,
        0,
        0,
        5.833,
        1,
        0,
        5.933,
        0,
        0,
        8.033,
        0.9,
        0,
        8.133,
        0,
        0,
        9.467,
        0.8,
        0,
        9.5,
        0,
        2,
        9.6,
        0
      ]
    },
    {
      "Target": "Parameter",
      "Id": "ParamAngleZ",
      "Segments": [
        0,
        0,
        1,
        0.267,
        -1.257,
        0.533,
        -2,
        0.8,
        -2,
        0,
        1.8,
        1.314,
        1,
        2,
        1.314,
        2.2,
        0.852,
        2.4,
        0,
        1,
        2.611,
        -0.899,
        2.822,
        -1.314,
        3.033,
        -1.314,
        1,
        3.222,
        -1.314,
        3.411,
        -0.85,
        3.6,
        0,
        1,
        3.8,
        0.9,
        4,
        1.314,
        4.2,
        1.314,
        1,
        4.4,
        1.314,
        4.6,
        0.943,
        4.8,
        0,
        1,
        5.067,
        -1.257,
        5.333,
        -2,
        5.6,
        -2,
        0,
        6.6,
        1.314,
        1,
        6.8,
        1.314,
        7,
        0.852,
        7.2,
        0,
        1,
        7.411,
        -0.899,
        7.622,
        -1.314,
        7.833,
        -1.314,
        1,
        8.022,
        -1.314,
        8.211,
        -0.85,
        8.4,
        0,
        1,
        8.6,
        0.9,
        8.8,
        1.314,
        9,
        1.314,
        1,
        9.2,
        1.314,
        9.4,
        0.943,
        9.6,
        0
      ]
    },
    {
      "Target": "Parameter",
      "Id": "ParamBodyAngleZ",
      "Segments": [
        0,
        0,
        0,
        1.2,
        0.5,
        0,
        2.4,
        0,
        0,
        3.6,
        0.5,
        0,
        4.8,
        0,
        0,
        6,
        0.5,
        0,
        7.2,
        0,
        0,
        8.4,
        0.5,
        0,
        9.6,
        0
      ]
    },
    {
      "Target": "Parameter",
      "Id": "ParamBreath",
      "Segments": [
        0,
        0,
        0,
        1.167,
        1,
        0,
        2.4,
        0,
        0,
        3.533,
        1,
        0,
        4.8,
        0,
        0,
        5.967,
        1,
        0,
        7.2,
        0,
        0,
        8.333,
        1,
        0,
        9.6,
        0
      ]
    },
    {
      "Target": "Parameter",
      "Id": "ParamAngleX",
      "Segments": [
        0,
        0,
        0,
        1.2,
        -7,
        0,
        2.4,
        0,
        0,
        3.6,
        -7,
        0,
        4.8,
        0,
        0,
        6,
        -7,
        0,
        7.2,
        0,
        0,
        8.4,
        -7,
        0,
        9.6,
        0
      ]
    },
    {
      "Target": "Parameter",
      "Id": "ParamAngleY",
      "Segments": [
        0,
        0,
        1,
        0.289,
        -3.383,
        0.578,
        -4.449,
        0.867,
        -4.449,
        0,
        2,
        3,
        1,
        2.133,
        3,
        2.267,
        1.676,
        2.4,
        0,
        1,
        2.656,
        -3.213,
        2.911,
        -4.449,
        3.167,
        -4.449,
        0,
        4.267,
        4.067,
        1,
        4.445,
        4.067,
        4.622,
        2.082,
        4.8,
        0,
        1,
        5.089,
        -3.383,
        5.378,
        -4.449,
        5.667,
        -4.449,
        0,
        6.8,
        3,
        1,
        6.933,
        3,
        7.067,
        1.676,
        7.2,
        0,
        1,
        7.456,
        -3.213,
        7.711,
        -4.449,
        7.967,
        -4.449,
        0,
        9.067,
        4.067,
        1,
        9.245,
        4.067,
        9.422,
        2.082,
        9.6,
        0
      ]
    },
    {
      "Target": "Parameter",
      "Id": "ParamBodyAngleX",
      "Segments": [
        0,
        0,
        1,
        0.233,
        -0.471,
        0.467,
        -1,
        0.7,
        -1,
        0,
        1.8,
        0.578,
        1,
        2,
        0.578,
        2.2,
        0.482,
        2.4,
        0,
        1,
        2.611,
        -0.508,
        2.822,
        -1,
        3.033,
        -1,
        0,
        4.067,
        0.578,
        1,
        4.311,
        0.578,
        4.556,
        0.493,
        4.8,
        0,
        1,
        5.033,
        -0.471,
        5.267,
        -1,
        5.5,
        -1,
        0,
        6.633,
        0.578,
        1,
        6.822,
        0.578,
        7.011,
        0.474,
        7.2,
        0,
        1,
        7.411,
        -0.53,
        7.622,
        -1,
        7.833,
        -1,
        0,
        8.867,
        0.578,
        1,
        9.111,
        0.578,
        9.356,
        0.493,
        9.6,
        0
      ]
    },
    {
      "Target": "Parameter",
      "Id": "ParamBodyAngleY",
      "Segments": [
        0,
        0,
        1,
        0.233,
        -0.714,
        0.467,
        -1,
        0.7,
        -1,
        0,
        1.8,
        1,
        1,
        2,
        1,
        2.2,
        0.612,
        2.4,
        0,
        1,
        2.633,
        -0.714,
        2.867,
        -1,
        3.1,
        -1,
        0,
        4.2,
        1,
        1,
        4.4,
        1,
        4.6,
        0.612,
        4.8,
        0,
        1,
        5.033,
        -0.714,
        5.267,
        -1,
        5.5,
        -1,
        0,
        6.6,
        1,
        1,
        6.8,
        1,
        7,
        0.612,
        7.2,
        0,
        1,
        7.433,
        -0.714,
        7.667,
        -1,
        7.9,
        -1,
        0,
        9,
        1,
        1,
        9.2,
        1,
        9.4,
        0.612,
        9.6,
        0
      ]
    },
    {
      "Target": "Parameter",
      "Id": "ParamHipX",
      "Segments": [
        0,
        0,
        0,
        1.1,
        -1,
        0,
        2.4,
        0,
        0,
        3.667,
        -1,
        0,
        4.8,
        0,
        0,
        6.1,
        -1,
        0,
        7.2,
        0,
        0,
        8.4,
        -1,
        0,
        9.6,
        0
      ]
    },
    {
      "Target": "Parameter",
      "Id": "ParamEyeLOpen",
      "Segments": [
        0,
        1,
        1,
        0.111,
        1,
        0.222,
        0.951,
        0.333,
        0.945,
        1,
        0.622,
        0.93,
        0.911,
        0.928,
        1.2,
        0.928,
        0,
        1.667,
        1,
        1,
        1.711,
        1,
        1.756,
        0.987,
        1.8,
        0.8,
        1,
        1.822,
        0.707,
        1.845,
        0,
        1.867,
        0,
        1,
        1.889,
        0,
        1.911,
        0.712,
        1.933,
        0.8,
        1,
        1.989,
        1.021,
        2.044,
        1.05,
        2.1,
        1.05,
        1,
        2.2,
        1.05,
        2.3,
        1.022,
        2.4,
        1,
        1,
        2.511,
        0.976,
        2.622,
        0.951,
        2.733,
        0.945,
        1,
        3.022,
        0.931,
        3.311,
        0.928,
        3.6,
        0.928,
        0,
        4.133,
        1,
        2,
        4.2,
        1,
        1,
        4.222,
        1,
        4.245,
        0.984,
        4.267,
        0.8,
        1,
        4.278,
        0.708,
        4.289,
        0,
        4.3,
        0,
        2,
        4.333,
        0,
        1,
        4.344,
        0,
        4.356,
        0.616,
        4.367,
        0.7,
        1,
        4.4,
        0.951,
        4.434,
        1,
        4.467,
        1,
        2,
        4.8,
        1,
        1,
        4.911,
        1,
        5.022,
        0.951,
        5.133,
        0.945,
        1,
        5.422,
        0.93,
        5.711,
        0.928,
        6,
        0.928,
        0,
        6.467,
        1,
        1,
        6.511,
        1,
        6.556,
        0.987,
        6.6,
        0.8,
        1,
        6.622,
        0.707,
        6.645,
        0,
        6.667,
        0,
        1,
        6.689,
        0,
        6.711,
        0.712,
        6.733,
        0.8,
        1,
        6.789,
        1.021,
        6.844,
        1.05,
        6.9,
        1.05,
        1,
        7,
        1.05,
        7.1,
        1.022,
        7.2,
        1,
        1,
        7.311,
        0.976,
        7.422,
        0.951,
        7.533,
        0.945,
        1,
        7.822,
        0.931,
        8.111,
        0.928,
        8.4,
        0.928,
        0,
        8.933,
        1,
        2,
        9,
        1,
        1,
        9.022,
        1,
        9.045,
        0.984,
        9.067,
        0.8,
        1,
        9.078,
        0.708,
        9.089,
        0,
        9.1,
        0,
        2,
        9.133,
        0,
        1,
        9.144,
        0,
        9.156,
        0.616,
        9.167,
        0.7,
        1,
        9.2,
        0.951,
        9.234,
        1,
        9.267,
        1,
        2,
        9.6,
        1
      ]
    },
    {
      "Target": "Parameter",
      "Id": "ParamEyeROpen",
      "Segments": [
        0,
        1,
        1,
        0.111,
        1,
        0.222,
        0.955,
        0.333,
        0.947,
        1,
        0.622,
        0.927,
        0.911,
        0.924,
        1.2,
        0.924,
        0,
        1.667,
        1,
        1,
        1.711,
        1,
        1.756,
        0.954,
        1.8,
        0.8,
        1,
        1.811,
        0.761,
        1.822,
        0.643,
        1.833,
        0.488,
        1,
        1.844,
        0.333,
        1.856,
        0,
        1.867,
        0,
        1,
        1.878,
        0,
        1.889,
        0.383,
        1.9,
        0.525,
        1,
        1.911,
        0.667,
        1.922,
        0.763,
        1.933,
        0.8,
        1,
        1.989,
        0.986,
        2.044,
        1.05,
        2.1,
        1.05,
        1,
        2.2,
        1.05,
        2.3,
        1.021,
        2.4,
        1,
        1,
        2.511,
        0.977,
        2.622,
        0.954,
        2.733,
        0.947,
        1,
        3.022,
        0.928,
        3.311,
        0.924,
        3.6,
        0.924,
        0,
        4.133,
        1,
        2,
        4.2,
        1,
        1,
        4.222,
        1,
        4.245,
        0.984,
        4.267,
        0.8,
        1,
        4.278,
        0.708,
        4.289,
        0,
        4.3,
        0,
        2,
        4.333,
        0,
        1,
        4.344,
        0,
        4.356,
        0.616,
        4.367,
        0.7,
        1,
        4.4,
        0.951,
        4.434,
        1,
        4.467,
        1,
        2,
        4.8,
        1,
        1,
        4.911,
        1,
        5.022,
        0.955,
        5.133,
        0.947,
        1,
        5.422,
        0.927,
        5.711,
        0.924,
        6,
        0.924,
        0,
        6.467,
        1,
        1,
        6.511,
        1,
        6.556,
        0.954,
        6.6,
        0.8,
        1,
        6.611,
        0.761,
        6.622,
        0.643,
        6.633,
        0.488,
        1,
        6.644,
        0.333,
        6.656,
        0,
        6.667,
        0,
        1,
        6.678,
        0,
        6.689,
        0.357,
        6.7,
        0.506,
        1,
        6.711,
        0.655,
        6.722,
        0.763,
        6.733,
        0.8,
        1,
        6.789,
        0.987,
        6.844,
        1.05,
        6.9,
        1.05,
        1,
        7,
        1.05,
        7.1,
        1.021,
        7.2,
        1,
        1,
        7.311,
        0.977,
        7.422,
        0.954,
        7.533,
        0.947,
        1,
        7.822,
        0.928,
        8.111,
        0.924,
        8.4,
        0.924,
        0,
        8.933,
        1,
        2,
        9,
        1,
        1,
        9.022,
        1,
        9.045,
        0.984,
        9.067,
        0.8,
        1,
        9.078,
        0.708,
        9.089,
        0,
        9.1,
        0,
        2,
        9.133,
        0,
        1,
        9.144,
        0,
        9.156,
        0.616,
        9.167,
        0.7,
        1,
        9.2,
        0.951,
        9.234,
        1,
        9.267,
        1,
        2,
        9.6,
        1
      ]
    },
    {
      "Target": "Parameter",
      "Id": "ParamEyeBallX",
      "Segments": [
        0,
        0,
        2,
        0.4,
        0,
        0,
        0.533,
        0.2,
        2,
        1.9,
        0.2,
        0,
        1.967,
        0,
        2,
        2.8,
        0,
        0,
        2.933,
        -0.1,
        2,
        4.3,
        -0.1,
        0,
        4.367,
        0,
        2,
        5.2,
        0,
        0,
        5.333,
        0.2,
        2,
        6.7,
        0.2,
        0,
        6.767,
        0,
        2,
        9.6,
        0
      ]
    },
    {
      "Target": "Parameter",
      "Id": "ParamEyeBallY",
      "Segments": [
        0,
        0,
        2,
        7.6,
        0,
        0,
        7.733,
        0.2,
        2,
        9.1,
        0.2,
        0,
        9.167,
        0,
        2,
        9.6,
        0
      ]
    },
    {
      "Target": "Parameter",
      "Id": "ParamMouthForm",
      "Segments": [
        0,
        0,
        0,
        1.1,
        0.1,
        0,
        2.4,
        0,
        0,
        3.633,
        0.318,
        0,
        4.8,
        0,
        0,
        6.067,
        0.1,
        0,
        7.2,
        0,
        0,
        8.4,
        0.244,
        0,
        9.6,
        0
      ]
    },
    {
      "Target": "Parameter",
      "Id": "ParamArmL",
      "Segments": [
        0,
        0,
        0,
        1.2,
        1.08,
        0,
        2.4,
        0,
        0,
        3.6,
        1.08,
        0,
        4.8,
        0,
        0,
        6,
        1.08,
        0,
        7.2,
        0,
        0,
        8.4,
        1.08,
        0,
        9.6,
        0
      ]
    },
    {
      "Target": "Parameter",
      "Id": "ParamArmL1",
      "Segments": [
        0,
        0,
        0,
        1.2,
        -0.32,
        0,
        2.4,
        0,
        0,
        3.6,
        -0.32,
        0,
        4.8,
        0,
        0,
        6,
        -0.32,
        0,
        7.2,
        0,
        0,
        8.4,
        -0.32,
        0,
        9.6,
        0
      ]
    },
    {
      "Target": "Parameter",
      "Id": "ParamHandL",
      "Segments": [
        0,
        0,
        0,
        1.3,
        0.96,
        0,
        2.533,
        0,
        0,
        3.9,
        0.96,
        0,
        5.067,
        0,
        0,
        6.2,
        0.96,
        0,
        7.467,
        0,
        0,
        8.567,
        0.96,
        0,
        9.6,
        0
      ]
    },
    {
      "Target": "Parameter",
      "Id": "ParamFingerL11",
      "Segments": [
        0,
        0,
        0,
        0.9,
        -0.3,
        0,
        2.067,
        0.114,
        0,
        3.6,
        -0.184,
        0,
        4.8,
        0,
        0,
        5.7,
        -0.3,
        0,
        6.867,
        0.114,
        0,
        8.4,
        -0.184,
        0,
        9.6,
        0
      ]
    },
    {
      "Target": "Parameter",
      "Id": "ParamFingerL21",
      "Segments": [
        0,
        0,
        1,
        0.356,
        0,
        0.711,
        3.736,
        1.067,
        5.04,
        1,
        1.367,
        6.14,
        1.667,
        6,
        1.967,
        6,
        0,
        2.8,
        1,
        0,
        3.833,
        7,
        1,
        4.055,
        7,
        4.278,
        6.027,
        4.5,
        2.986,
        1,
        4.6,
        1.617,
        4.7,
        0,
        4.8,
        0,
        1,
        5.156,
        0,
        5.511,
        3.736,
        5.867,
        5.04,
        1,
        6.167,
        6.14,
        6.467,
        6,
        6.767,
        6,
        0,
        7.6,
        1,
        0,
        8.633,
        7,
        1,
        8.855,
        7,
        9.078,
        6.027,
        9.3,
        2.986,
        1,
        9.4,
        1.617,
        9.5,
        0,
        9.6,
        0
      ]
    },
    {
      "Target": "Parameter",
      "Id": "ParamFingerL22",
      "Segments": [
        0,
        0,
        0,
        0.933,
        -9,
        0,
        2.467,
        7.356,
        0,
        4,
        -3.094,
        0,
        4.8,
        0,
        0,
        5.733,
        -9,
        0,
        7.267,
        7.356,
        0,
        8.8,
        -3.094,
        0,
        9.6,
        0
      ]
    },
    {
      "Target": "Parameter",
      "Id": "ParamDownUpperArmLY",
      "Segments": [
        0,
        0,
        0,
        1.2,
        -5.58,
        0,
        2.4,
        0,
        0,
        3.6,
        -5.58,
        0,
        4.8,
        0,
        0,
        6,
        -5.58,
        0,
        7.2,
        0,
        0,
        8.4,
        -5.58,
        0,
        9.6,
        0
      ]
    },
    {
      "Target": "Parameter",
      "Id": "ParamDownLowerArmLZ",
      "Segments": [
        0,
        0,
        0,
        1.2,
        1.44,
        0,
        2.4,
        0,
        0,
        3.6,
        1.44,
        0,
        4.8,
        0,
        0,
        6,
        1.44,
        0,
        7.2,
        0,
        0,
        8.4,
        1.44,
        0,
        9.6,
        0
      ]
    },
    {
      "Target": "Parameter",
      "Id": "ParamDownHandLZ",
      "Segments": [
        0,
        0,
        0,
        0.533,
        0.9,
        0,
        1.8,
        -1.02,
        1,
        2,
        -1.02,
        2.2,
        -0.618,
        2.4,
        0,
        1,
        2.611,
        0.652,
        2.822,
        0.9,
        3.033,
        0.9,
        0,
        4.167,
        -1.02,
        1,
        4.378,
        -1.02,
        4.589,
        -0.676,
        4.8,
        0,
        1,
        4.989,
        0.604,
        5.178,
        0.9,
        5.367,
        0.9,
        0,
        6.533,
        -1.02,
        1,
        6.755,
        -1.02,
        6.978,
        -0.674,
        7.2,
        0,
        1,
        7.4,
        0.606,
        7.6,
        0.9,
        7.8,
        0.9,
        0,
        8.967,
        -1.02,
        0,
        9.6,
        0
      ]
    },
    {
      "Target": "Parameter",
      "Id": "ParamDownHandL2",
      "Segments": [
        0,
        0,
        0,
        1.2,
        17.919,
        0,
        2.433,
        0,
        0,
        3.633,
        17.919,
        0,
        6.033,
        -14.957,
        0,
        8.1,
        14.443,
        0,
        9.6,
        0
      ]
    },
    {
      "Target": "Parameter",
      "Id": "ParamArmR",
      "Segments": [
        0,
        0,
        0,
        1.2,
        2.58,
        0,
        2.4,
        0,
        0,
        3.6,
        2.58,
        0,
        4.8,
        0,
        0,
        6,
        2.58,
        0,
        7.2,
        0,
        0,
        8.4,
        2.58,
        0,
        9.6,
        0
      ]
    },
    {
      "Target": "Parameter",
      "Id": "ParamArmR1",
      "Segments": [
        0,
        0,
        1,
        0.2,
        -0.662,
        0.4,
        -1.02,
        0.6,
        -1.02,
        0,
        1.8,
        1.022,
        0,
        3.1,
        -1.02,
        0,
        4.167,
        1.022,
        1,
        4.378,
        1.022,
        4.589,
        0.699,
        4.8,
        0,
        1,
        5,
        -0.662,
        5.2,
        -1.02,
        5.4,
        -1.02,
        0,
        6.6,
        1.022,
        0,
        7.9,
        -1.02,
        0,
        8.967,
        1.022,
        1,
        9.178,
        1.022,
        9.389,
        0.699,
        9.6,
        0
      ]
    },
    {
      "Target": "Parameter",
      "Id": "ParamHandR",
      "Segments": [
        0,
        0,
        0,
        1.2,
        0.541,
        0,
        2.433,
        0,
        0,
        3.733,
        0.541,
        0,
        4.8,
        0,
        0,
        6,
        0.541,
        0,
        7.233,
        0,
        0,
        8.533,
        0.541,
        0,
        9.6,
        0
      ]
    },
    {
      "Target": "Parameter",
      "Id": "ParamFingerR1",
      "Segments": [
        0,
        0,
        1,
        0.211,
        -0.667,
        0.422,
        -1,
        0.633,
        -1,
        0,
        1.8,
        1,
        1,
        2,
        1,
        2.2,
        0.648,
        2.4,
        0,
        1,
        2.611,
        -0.684,
        2.822,
        -1,
        3.033,
        -1,
        0,
        4.1,
        1,
        1,
        4.333,
        1,
        4.567,
        0.683,
        4.8,
        0,
        1,
        5.022,
        -0.65,
        5.245,
        -1,
        5.467,
        -1,
        0,
        6.633,
        1,
        0,
        7.867,
        -1,
        0,
        8.967,
        1,
        1,
        9.178,
        1,
        9.389,
        0.667,
        9.6,
        0
      ]
    },
    {
      "Target": "Parameter",
      "Id": "ParamFingerR2",
      "Segments": [
        0,
        0,
        0,
        0.333,
        -0.543,
        0,
        1.167,
        0.578,
        0,
        2.5,
        -0.439,
        0,
        3.6,
        0.578,
        0,
        4.833,
        -0.439,
        0,
        6.167,
        0.578,
        0,
        7.267,
        -0.439,
        0,
        8.5,
        0.578,
        0,
        9.233,
        -0.497,
        0,
        9.6,
        0
      ]
    },
    {
      "Target": "Parameter",
      "Id": "ParamMicrophoneZ1",
      "Segments": [
        0,
        0,
        1,
        0.2,
        -0.277,
        0.4,
        -0.36,
        0.6,
        -0.36,
        0,
        1.7,
        0.6,
        1,
        1.9,
        0.6,
        2.1,
        0.288,
        2.3,
        0,
        1,
        2.511,
        -0.304,
        2.722,
        -0.36,
        2.933,
        -0.36,
        0,
        4.133,
        0.6,
        1,
        4.344,
        0.6,
        4.556,
        0.338,
        4.767,
        0,
        1,
        4.945,
        -0.284,
        5.122,
        -0.36,
        5.3,
        -0.36,
        0,
        6.533,
        0.6,
        1,
        6.744,
        0.6,
        6.956,
        0.312,
        7.167,
        0,
        1,
        7.367,
        -0.296,
        7.567,
        -0.36,
        7.767,
        -0.36,
        0,
        8.933,
        0.6,
        0,
        9.6,
        0
      ]
    },
    {
      "Target": "Parameter",
      "Id": "ParamMicrophoneYY",
      "Segments": [
        0,
        0,
        0,
        0.9,
        0.357,
        1,
        1.167,
        0.357,
        1.433,
        0.298,
        1.7,
        0.162,
        1,
        1.9,
        0.06,
        2.1,
        0,
        2.3,
        0,
        1,
        2.511,
        0,
        2.722,
        0.125,
        2.933,
        0.298,
        1,
        3.111,
        0.444,
        3.289,
        0.488,
        3.467,
        0.488,
        1,
        3.689,
        0.488,
        3.911,
        0.315,
        4.133,
        0.164,
        1,
        4.344,
        0.02,
        4.556,
        0,
        4.767,
        0,
        0,
        6.033,
        0.37,
        1,
        6.255,
        0.37,
        6.478,
        0.099,
        6.7,
        0.034,
        1,
        6.856,
        -0.012,
        7.011,
        0,
        7.167,
        0,
        0,
        8.2,
        0.432,
        1,
        8.467,
        0.432,
        8.733,
        0.194,
        9,
        0.078,
        1,
        9.2,
        -0.009,
        9.4,
        0,
        9.6,
        0
      ]
    },
    {
      "Target": "Parameter",
      "Id": "ParamLegL",
      "Segments": [
        0,
        0,
        0,
        1.167,
        -2.1,
        0,
        2.4,
        0,
        0,
        3.567,
        -2.1,
        0,
        4.8,
        0,
        0,
        5.967,
        -2.1,
        0,
        7.2,
        0,
        0,
        8.367,
        -2.1,
        0,
        9.6,
        0
      ]
    },
    {
      "Target": "Parameter",
      "Id": "ParamLegL1",
      "Segments": [
        0,
        0,
        1,
        0.178,
        0.328,
        0.355,
        0.561,
        0.533,
        0.561,
        0,
        1.567,
        -0.561,
        1,
        1.845,
        -0.561,
        2.122,
        -0.424,
        2.4,
        0,
        1,
        2.6,
        0.305,
        2.8,
        0.561,
        3,
        0.561,
        0,
        4.1,
        -0.561,
        1,
        4.333,
        -0.561,
        4.567,
        -0.425,
        4.8,
        0,
        1,
        4.967,
        0.303,
        5.133,
        0.561,
        5.3,
        0.561,
        0,
        6.567,
        -0.561,
        1,
        6.778,
        -0.561,
        6.989,
        -0.364,
        7.2,
        0,
        1,
        7.422,
        0.383,
        7.645,
        0.561,
        7.867,
        0.561,
        0,
        8.933,
        -0.561,
        1,
        9.155,
        -0.561,
        9.378,
        -0.41,
        9.6,
        0
      ]
    },
    {
      "Target": "Parameter",
      "Id": "ParamFootL",
      "Segments": [
        0,
        0,
        1,
        0.178,
        0,
        0.355,
        -0.069,
        0.533,
        0.205,
        1,
        0.744,
        0.531,
        0.956,
        3.5,
        1.167,
        3.5,
        0,
        2.4,
        0,
        1,
        2.556,
        0,
        2.711,
        -0.094,
        2.867,
        0.205,
        1,
        3.1,
        0.653,
        3.334,
        3.5,
        3.567,
        3.5,
        0,
        4.8,
        0,
        1,
        4.944,
        0,
        5.089,
        -0.106,
        5.233,
        0.205,
        1,
        5.478,
        0.732,
        5.722,
        3.5,
        5.967,
        3.5,
        0,
        7.2,
        0,
        1,
        7.333,
        0,
        7.467,
        -0.118,
        7.6,
        0.205,
        1,
        7.856,
        0.825,
        8.111,
        3.5,
        8.367,
        3.5,
        0,
        9.6,
        0
      ]
    },
    {
      "Target": "Parameter",
      "Id": "ParamLegR",
      "Segments": [
        0,
        0,
        0,
        0.967,
        0.438,
        0,
        2.433,
        -0.438,
        0,
        3.533,
        0.438,
        0,
        4.8,
        0,
        0,
        5.767,
        0.438,
        0,
        7.233,
        -0.438,
        0,
        8.333,
        0.438,
        0,
        9.6,
        0
      ]
    },
    {
      "Target": "Parameter",
      "Id": "ParamLegR1",
      "Segments": [
        0,
        0,
        0,
        0.967,
        -1.08,
        0,
        2.4,
        1,
        0,
        3.533,
        -1.08,
        0,
        4.8,
        0,
        0,
        5.767,
        -1,
        0,
        7.233,
        1,
        0,
        8.333,
        -1,
        0,
        9.6,
        0
      ]
    },
    {
      "Target": "Parameter",
      "Id": "ParamFootR",
      "Segments": [
        0,
        0,
        0,
        0.967,
        1.3,
        0,
        2.4,
        -0.42,
        0,
        3.567,
        1.2,
        0,
        4.8,
        0,
        0,
        5.767,
        1.2,
        0,
        7.2,
        -0.42,
        0,
        8.367,
        1.2,
        0,
        9.6,
        0
      ]
    },
    {
      "Target": "Parameter",
      "Id": "ParamHairBow1",
      "Segments": [
        0,
        0,
        1,
        0.233,
        -3.81,
        0.467,
        -6,
        0.7,
        -6,
        0,
        1.767,
        6,
        0,
        2.967,
        -6,
        0,
        4.033,
        6,
        1,
        4.289,
        6,
        4.544,
        4.173,
        4.8,
        0,
        1,
        5.033,
        -3.81,
        5.267,
        -6,
        5.5,
        -6,
        0,
        6.567,
        6,
        0,
        7.767,
        -6,
        0,
        8.833,
        6,
        1,
        9.089,
        6,
        9.344,
        4.173,
        9.6,
        0
      ]
    },
    {
      "Target": "Parameter",
      "Id": "ParamHairBow2",
      "Segments": [
        0,
        0,
        0,
        0.3,
        2.73,
        0,
        1.133,
        -6.128,
        0,
        2.367,
        5.588,
        0,
        3.533,
        -5.27,
        0,
        4.4,
        2.73,
        0,
        4.8,
        0,
        0,
        5.1,
        2.73,
        0,
        5.933,
        -6.128,
        0,
        7.167,
        5.588,
        0,
        8.333,
        -5.27,
        0,
        9.2,
        2.73,
        0,
        9.6,
        0
      ]
    },
    {
      "Target": "Parameter",
      "Id": "ParamHairQ11",
      "Segments": [
        0,
        0,
        0,
        1.133,
        -4,
        0,
        2.4,
        0,
        0,
        3.733,
        -4,
        0,
        4.8,
        0,
        0,
        5.933,
        -4,
        0,
        7.2,
        0,
        0,
        8.533,
        -4,
        0,
        9.6,
        0
      ]
    },
    {
      "Target": "Parameter",
      "Id": "ParamHairQ12",
      "Segments": [
        0,
        0,
        1,
        0.167,
        2.403,
        0.333,
        4,
        0.5,
        4,
        0,
        1.733,
        -4,
        0,
        2.933,
        4,
        0,
        4.2,
        -4,
        1,
        4.4,
        -4,
        4.6,
        -2.884,
        4.8,
        0,
        1,
        4.967,
        2.403,
        5.133,
        4,
        5.3,
        4,
        0,
        6.533,
        -4,
        0,
        7.733,
        4,
        0,
        9,
        -4,
        1,
        9.2,
        -4,
        9.4,
        -2.884,
        9.6,
        0
      ]
    },
    {
      "Target": "Parameter",
      "Id": "ParamHairQ21",
      "Segments": [
        0,
        0,
        0,
        1.333,
        -4,
        0,
        2.6,
        0,
        0,
        3.933,
        -4,
        0,
        4.8,
        0,
        0,
        6.133,
        -4,
        0,
        7.4,
        0,
        0,
        8.733,
        -4,
        0,
        9.6,
        0
      ]
    },
    {
      "Target": "Parameter",
      "Id": "ParamHairQ22",
      "Segments": [
        0,
        0,
        1,
        0.233,
        3.147,
        0.467,
        4,
        0.7,
        4,
        0,
        1.933,
        -4,
        0,
        3.133,
        4,
        0,
        4.4,
        -4,
        1,
        4.533,
        -4,
        4.667,
        -1.798,
        4.8,
        0,
        1,
        5.033,
        3.147,
        5.267,
        4,
        5.5,
        4,
        0,
        6.733,
        -4,
        0,
        7.933,
        4,
        0,
        9.2,
        -4,
        1,
        9.333,
        -4,
        9.467,
        -1.798,
        9.6,
        0
      ]
    },
    {
      "Target": "Parameter",
      "Id": "ParamHairQ31",
      "Segments": [
        0,
        0,
        0,
        0.9,
        -4,
        0,
        2.167,
        0,
        0,
        3.5,
        -4,
        0,
        4.8,
        0,
        0,
        5.7,
        -4,
        0,
        6.967,
        0,
        0,
        8.3,
        -4,
        0,
        9.6,
        0
      ]
    },
    {
      "Target": "Parameter",
      "Id": "ParamHairQ32",
      "Segments": [
        0,
        0,
        1,
        0.089,
        1.013,
        0.178,
        4,
        0.267,
        4,
        0,
        1.5,
        -4,
        0,
        2.7,
        4,
        0,
        3.967,
        -4,
        1,
        4.245,
        -4,
        4.522,
        -3.165,
        4.8,
        0,
        1,
        4.889,
        1.013,
        4.978,
        4,
        5.067,
        4,
        0,
        6.3,
        -4,
        0,
        7.5,
        4,
        0,
        8.767,
        -4,
        1,
        9.045,
        -4,
        9.322,
        -3.165,
        9.6,
        0
      ]
    },
    {
      "Target": "Parameter",
      "Id": "ParamHairQ41",
      "Segments": [
        0,
        0,
        0,
        1.233,
        -4,
        0,
        2.5,
        0,
        0,
        3.833,
        -4,
        0,
        4.8,
        0,
        0,
        6.033,
        -4,
        0,
        7.3,
        0,
        0,
        8.633,
        -4,
        0,
        9.6,
        0
      ]
    },
    {
      "Target": "Parameter",
      "Id": "ParamHairQ42",
      "Segments": [
        0,
        0,
        1,
        0.2,
        2.74,
        0.4,
        4,
        0.6,
        4,
        0,
        1.833,
        -4,
        0,
        3.033,
        4,
        0,
        4.3,
        -4,
        1,
        4.467,
        -4,
        4.633,
        -2.403,
        4.8,
        0,
        1,
        5,
        2.884,
        5.2,
        4,
        5.4,
        4,
        0,
        6.633,
        -4,
        0,
        7.833,
        4,
        0,
        9.033,
        -4,
        1,
        9.222,
        -4,
        9.411,
        -2.588,
        9.6,
        0
      ]
    },
    {
      "Target": "Parameter",
      "Id": "ParamHairQ43",
      "Segments": [
        0,
        0,
        1,
        0.344,
        2.931,
        0.689,
        3.838,
        1.033,
        3.838,
        0,
        2.267,
        -3.422,
        0,
        3.5,
        3.746,
        0,
        4.8,
        -3.699,
        0,
        6,
        3.653,
        0,
        7.2,
        -3.514,
        0,
        8.367,
        3.191,
        0,
        9.267,
        -2.636,
        1,
        9.378,
        -2.636,
        9.489,
        -0.946,
        9.6,
        0
      ]
    },
    {
      "Target": "Parameter",
      "Id": "ParamHairL11",
      "Segments": [
        0,
        0,
        1,
        0.311,
        -2.297,
        0.622,
        -4,
        0.933,
        -4,
        0,
        2.4,
        4,
        0,
        3.833,
        -4,
        0,
        5.433,
        4,
        0,
        6.9,
        -4,
        0,
        8.4,
        4,
        1,
        8.8,
        4,
        9.2,
        2.953,
        9.6,
        0
      ]
    },
    {
      "Target": "Parameter",
      "Id": "ParamHairL12",
      "Segments": [
        0,
        0,
        0,
        0.467,
        2,
        0,
        1.667,
        -4,
        0,
        3.233,
        4,
        0,
        4.733,
        -4,
        0,
        6.333,
        4,
        0,
        7.833,
        -4,
        0,
        8.967,
        2,
        0,
        9.6,
        0
      ]
    },
    {
      "Target": "Parameter",
      "Id": "ParamHairL21",
      "Segments": [
        0,
        0,
        1,
        0.367,
        -2.747,
        0.733,
        -4,
        1.1,
        -4,
        0,
        2.567,
        4,
        0,
        4,
        -4,
        0,
        5.6,
        4,
        0,
        7.067,
        -4,
        0,
        8.567,
        4,
        1,
        8.911,
        4,
        9.256,
        2.581,
        9.6,
        0
      ]
    },
    {
      "Target": "Parameter",
      "Id": "ParamHairL22",
      "Segments": [
        0,
        0,
        0,
        0.633,
        2,
        0,
        1.833,
        -4,
        0,
        3.4,
        4,
        0,
        4.9,
        -4,
        0,
        6.5,
        4,
        0,
        8,
        -4,
        0,
        9.133,
        2,
        0,
        9.6,
        0
      ]
    },
    {
      "Target": "Parameter",
      "Id": "ParamHairR11",
      "Segments": [
        0,
        0,
        0,
        1.1,
        -2.455,
        0,
        2.4,
        2.74,
        0,
        3.8,
        -2.455,
        0,
        4.833,
        1.501,
        0,
        6.067,
        -2.455,
        0,
        7.2,
        2.74,
        0,
        8.6,
        -2.041,
        0,
        9.6,
        0
      ]
    },
    {
      "Target": "Parameter",
      "Id": "ParamHairR12",
      "Segments": [
        0,
        0,
        1,
        0.167,
        1.202,
        0.333,
        2,
        0.5,
        2,
        0,
        1.533,
        -4.47,
        0,
        3.033,
        2,
        0,
        4.267,
        -4.47,
        0,
        5.4,
        -0.179,
        0,
        6.533,
        -4.47,
        0,
        7.833,
        2,
        0,
        9,
        -2,
        1,
        9.2,
        -2,
        9.4,
        -1.442,
        9.6,
        0
      ]
    },
    {
      "Target": "Parameter",
      "Id": "ParamHairR21",
      "Segments": [
        0,
        0,
        1,
        0.222,
        2.957,
        0.445,
        6.314,
        0.667,
        6.314,
        0,
        1.7,
        -4.079,
        0,
        2.733,
        6.314,
        0,
        4.033,
        -4.079,
        1,
        4.289,
        -4.079,
        4.544,
        -3.401,
        4.8,
        0,
        1,
        5.022,
        2.957,
        5.245,
        6.314,
        5.467,
        6.314,
        0,
        6.5,
        -4.079,
        0,
        7.533,
        6.314,
        0,
        8.833,
        -4.079,
        1,
        9.089,
        -4.079,
        9.344,
        -3.401,
        9.6,
        0
      ]
    },
    {
      "Target": "Parameter",
      "Id": "ParamHairR22",
      "Segments": [
        0,
        0,
        0,
        1.167,
        9.353,
        0,
        2.2,
        -8.353,
        0,
        3.3,
        9.353,
        0,
        4.367,
        -8.353,
        0,
        5.967,
        9.353,
        0,
        7,
        -8.353,
        0,
        8.3,
        9.353,
        0,
        9.6,
        0
      ]
    },
    {
      "Target": "Parameter",
      "Id": "ParamHairR23",
      "Segments": [
        0,
        0,
        1,
        0.2,
        -5.385,
        0.4,
        -12,
        0.6,
        -12,
        0,
        1.8,
        11,
        0,
        2.9,
        -12,
        0,
        3.967,
        11,
        0,
        5.433,
        -12,
        0,
        6.6,
        11,
        0,
        7.567,
        -9.971,
        0,
        8.8,
        8.775,
        1,
        9.067,
        8.775,
        9.333,
        7.18,
        9.6,
        0
      ]
    },
    {
      "Target": "Parameter",
      "Id": "ParamHairR24",
      "Segments": [
        0,
        0,
        1,
        0.389,
        -8.154,
        0.778,
        -11,
        1.167,
        -11,
        0,
        2.433,
        10.503,
        0,
        3.533,
        -11,
        0,
        4.8,
        10.503,
        0,
        6.1,
        -11,
        0,
        7.2,
        10.503,
        0,
        8.267,
        -11,
        0,
        9.167,
        6.647,
        1,
        9.311,
        6.647,
        9.456,
        3.029,
        9.6,
        0
      ]
    },
    {
      "Target": "Parameter",
      "Id": "ParamHairHX11",
      "Segments": [
        0,
        0,
        1,
        0.222,
        -4.432,
        0.445,
        -8,
        0.667,
        -8,
        0,
        1.867,
        8,
        0,
        2.933,
        -8,
        0,
        4.1,
        8,
        0,
        5.267,
        -8,
        0,
        6.467,
        8,
        0,
        7.667,
        -8,
        0,
        8.7,
        8,
        1,
        9,
        8,
        9.3,
        5.983,
        9.6,
        0
      ]
    },
    {
      "Target": "Parameter",
      "Id": "ParamHairHX12",
      "Segments": [
        0,
        0,
        1,
        0.433,
        -6.345,
        0.867,
        -8.348,
        1.3,
        -8.348,
        0,
        2.367,
        7.276,
        0,
        3.633,
        -7.276,
        0,
        4.733,
        7.182,
        0,
        5.833,
        -7.371,
        0,
        6.967,
        6.615,
        0,
        8.167,
        -6.993,
        0,
        9.067,
        6.048,
        1,
        9.245,
        6.048,
        9.422,
        2.603,
        9.6,
        0
      ]
    },
    {
      "Target": "Parameter",
      "Id": "ParamHairHX21",
      "Segments": [
        0,
        0,
        1,
        0.189,
        -2.359,
        0.378,
        -4,
        0.567,
        -4,
        0,
        1.833,
        6,
        0,
        2.967,
        -6,
        0,
        4.167,
        6,
        0,
        5.467,
        -6,
        0,
        6.7,
        6,
        0,
        8.067,
        -6,
        0,
        8.9,
        4,
        1,
        9.133,
        4,
        9.367,
        2.914,
        9.6,
        0
      ]
    },
    {
      "Target": "Parameter",
      "Id": "ParamHairHX22",
      "Segments": [
        0,
        0,
        1,
        0.356,
        -3.457,
        0.711,
        -5,
        1.067,
        -5,
        0,
        2.533,
        6,
        0,
        3.7,
        -5,
        0,
        4.967,
        6,
        0,
        6.167,
        -5,
        0,
        7.433,
        6,
        0,
        8.5,
        -5,
        0,
        9.233,
        2,
        1,
        9.355,
        2,
        9.478,
        1.188,
        9.6,
        0
      ]
    },
    {
      "Target": "Parameter",
      "Id": "ParamHairH11",
      "Segments": [
        0,
        0,
        1,
        0.367,
        -5.778,
        0.733,
        -10,
        1.1,
        -10,
        0,
        2.733,
        10,
        0,
        4.133,
        -10,
        0,
        5.5,
        10,
        0,
        6.833,
        -10,
        0,
        8.2,
        10,
        1,
        8.667,
        10,
        9.133,
        7.354,
        9.6,
        0
      ]
    },
    {
      "Target": "Parameter",
      "Id": "ParamHairH12",
      "Segments": [
        0,
        0,
        0,
        0.533,
        6.821,
        0,
        1.967,
        -9.942,
        0,
        3.5,
        9.48,
        0,
        4.933,
        -9.942,
        0,
        6.233,
        9.595,
        0,
        7.6,
        -9.133,
        0,
        8.833,
        8.208,
        0,
        9.6,
        0
      ]
    },
    {
      "Target": "Parameter",
      "Id": "ParamHairH13",
      "Segments": [
        0,
        0,
        0,
        1.267,
        7.002,
        0,
        2.667,
        -9.599,
        0,
        4.333,
        8.244,
        0,
        5.6,
        -9.147,
        0,
        6.933,
        8.357,
        0,
        8.233,
        -9.147,
        0,
        9.067,
        4.404,
        0,
        9.6,
        0
      ]
    },
    {
      "Target": "Parameter",
      "Id": "ParamOpaishakeLX",
      "Segments": [
        0,
        0,
        0,
        0.967,
        7,
        0,
        2.4,
        -5,
        0,
        3.967,
        7,
        0,
        5.367,
        -5,
        0,
        6.667,
        7,
        0,
        7.9,
        -5,
        0,
        9,
        7,
        0,
        9.6,
        0
      ]
    },
    {
      "Target": "Parameter",
      "Id": "ParamOpaishakeLX2",
      "Segments": [
        0,
        0,
        1,
        0.211,
        -2.4,
        0.422,
        -3,
        0.633,
        -3,
        0,
        1.833,
        7,
        0,
        3.233,
        -7,
        0,
        4.7,
        7,
        0,
        6.133,
        -7,
        0,
        7.367,
        7,
        0,
        8.5,
        -7,
        0,
        9.333,
        3,
        1,
        9.422,
        3,
        9.511,
        1.01,
        9.6,
        0
      ]
    },
    {
      "Target": "Parameter",
      "Id": "ParamOpaishakeLY",
      "Segments": [
        0,
        0,
        0,
        0.6,
        -6,
        0,
        1.7,
        6,
        0,
        3.167,
        -6,
        0,
        4.667,
        6,
        0,
        6.167,
        -6,
        0,
        7.367,
        6,
        0,
        8.667,
        -6,
        0,
        9.6,
        0
      ]
    },
    {
      "Target": "Parameter",
      "Id": "ParamOpaishakeLY2",
      "Segments": [
        0,
        0,
        0,
        1.233,
        -6.016,
        0,
        2.5,
        6,
        0,
        4.067,
        -6.016,
        0,
        5.533,
        6,
        0,
        6.9,
        -6.016,
        0,
        8.167,
        6,
        0,
        9.167,
        -3.82,
        0,
        9.6,
        0
      ]
    },
    {
      "Target": "Parameter",
      "Id": "ParamOpaishakeRX",
      "Segments": [
        0,
        0,
        0,
        0.8,
        -7,
        0,
        2.233,
        5,
        0,
        3.8,
        -7,
        0,
        5.2,
        5,
        0,
        6.5,
        -7,
        0,
        7.767,
        5,
        0,
        8.867,
        -7,
        0,
        9.6,
        0
      ]
    },
    {
      "Target": "Parameter",
      "Id": "ParamOpaishakeRX2",
      "Segments": [
        0,
        0,
        1,
        0.156,
        2.071,
        0.311,
        3,
        0.467,
        3,
        0,
        1.667,
        -7,
        0,
        3.067,
        7,
        0,
        4.533,
        -7,
        0,
        5.967,
        7,
        0,
        7.233,
        -7,
        0,
        8.367,
        7,
        0,
        9.167,
        -3,
        1,
        9.311,
        -3,
        9.456,
        -1.923,
        9.6,
        0
      ]
    },
    {
      "Target": "Parameter",
      "Id": "ParamOpaishakeRY",
      "Segments": [
        0,
        0,
        0,
        0.433,
        -6,
        0,
        1.533,
        6,
        0,
        3,
        -6,
        0,
        4.5,
        6,
        0,
        6,
        -6,
        0,
        7.233,
        6,
        0,
        8.533,
        -6,
        0,
        9.6,
        0
      ]
    },
    {
      "Target": "Parameter",
      "Id": "ParamOpaishakeRY2",
      "Segments": [
        0,
        0,
        0,
        1.067,
        -6.016,
        0,
        2.333,
        6,
        0,
        3.9,
        -6.016,
        0,
        5.367,
        6,
        0,
        6.767,
        -6.016,
        0,
        8.033,
        6,
        0,
        9.033,
        -3.82,
        0,
        9.6,
        0
      ]
    },
    {
      "Target": "Parameter",
      "Id": "ParamTanLilL1",
      "Segments": [
        0,
        0,
        1,
        0.3,
        13.052,
        0.6,
        18.537,
        0.9,
        18.537,
        0,
        2.033,
        0,
        0,
        3.1,
        18.537,
        0,
        4.333,
        0,
        0,
        5.367,
        18.537,
        0,
        6.433,
        0,
        0,
        7.467,
        18.537,
        1,
        7.789,
        18.537,
        8.111,
        13.867,
        8.433,
        0,
        1,
        8.611,
        -7.651,
        8.789,
        -15,
        8.967,
        -15,
        1,
        9.178,
        -15,
        9.389,
        -9.184,
        9.6,
        0
      ]
    },
    {
      "Target": "Parameter",
      "Id": "ParamTanLilL2",
      "Segments": [
        0,
        0,
        0,
        0.433,
        -2.746,
        0,
        1.467,
        5.491,
        0,
        2.5,
        -5.491,
        0,
        3.7,
        5.491,
        0,
        4.9,
        -5.491,
        0,
        5.9,
        5.491,
        0,
        7.033,
        -5.491,
        0,
        8.233,
        5.491,
        0,
        9.133,
        -2.746,
        0,
        9.6,
        0
      ]
    },
    {
      "Target": "Parameter",
      "Id": "ParamTanLiR1",
      "Segments": [
        0,
        0,
        1,
        0.222,
        -2.363,
        0.445,
        -7.055,
        0.667,
        -7.055,
        0,
        1.6,
        5.21,
        0,
        2.667,
        -7.885,
        0,
        3.567,
        5.21,
        1,
        3.978,
        5.21,
        4.389,
        4.372,
        4.8,
        0,
        1,
        5.022,
        -2.363,
        5.245,
        -7.055,
        5.467,
        -7.055,
        0,
        6.4,
        5.21,
        0,
        7.467,
        -7.885,
        0,
        8.367,
        5.21,
        1,
        8.778,
        5.21,
        9.189,
        4.372,
        9.6,
        0
      ]
    },
    {
      "Target": "Parameter",
      "Id": "ParamTanLiR2",
      "Segments": [
        0,
        0,
        1,
        0.344,
        -4.33,
        0.689,
        -6.225,
        1.033,
        -6.225,
        0,
        1.933,
        4.911,
        0,
        3.1,
        -6.225,
        0,
        4.067,
        4.911,
        1,
        4.311,
        4.911,
        4.556,
        3.073,
        4.8,
        0,
        1,
        5.144,
        -4.33,
        5.489,
        -6.225,
        5.833,
        -6.225,
        0,
        6.733,
        4.911,
        0,
        7.9,
        -6.225,
        0,
        8.867,
        4.911,
        1,
        9.111,
        4.911,
        9.356,
        3.073,
        9.6,
        0
      ]
    },
    {
      "Target": "Parameter",
      "Id": "ParamUpHeaddress1",
      "Segments": [
        0,
        0,
        0,
        0.867,
        -5,
        0,
        2.2,
        10,
        0,
        3.867,
        -10,
        0,
        5.233,
        10,
        0,
        6.533,
        -10,
        0,
        7.567,
        10,
        0,
        8.867,
        -10,
        0,
        9.6,
        0
      ]
    },
    {
      "Target": "Parameter",
      "Id": "ParamUpHeaddress2",
      "Segments": [
        0,
        0,
        0,
        1.533,
        -10.058,
        0,
        3.133,
        9.623,
        0,
        4.5,
        -9.043,
        0,
        5.833,
        9.275,
        0,
        7.033,
        -8.812,
        0,
        8.2,
        9.043,
        0,
        9.167,
        -5.681,
        0,
        9.6,
        0
      ]
    },
    {
      "Target": "Parameter",
      "Id": "ParamLHeaddress1",
      "Segments": [
        0,
        0,
        0,
        0.867,
        -8,
        0,
        2.2,
        8,
        0,
        3.567,
        -8,
        0,
        4.733,
        8,
        0,
        6.133,
        -8,
        0,
        7.4,
        8,
        0,
        8.8,
        -8,
        0,
        9.6,
        0
      ]
    },
    {
      "Target": "Parameter",
      "Id": "ParamLHeaddress2",
      "Segments": [
        0,
        0,
        1,
        0.156,
        2.924,
        0.311,
        4.294,
        0.467,
        4.294,
        0,
        1.633,
        -8.151,
        0,
        2.967,
        7.749,
        0,
        4.2,
        -8.151,
        0,
        5.567,
        7.749,
        0,
        6.867,
        -8.151,
        0,
        8.2,
        7.749,
        0,
        9.133,
        -4.481,
        1,
        9.289,
        -4.481,
        9.444,
        -2.924,
        9.6,
        0
      ]
    },
    {
      "Target": "Parameter",
      "Id": "ParamRHeaddress1",
      "Segments": [
        0,
        0,
        1,
        0.244,
        -5.334,
        0.489,
        -12,
        0.733,
        -12,
        0,
        2,
        12,
        0,
        3.233,
        -12,
        0,
        4.433,
        12,
        0,
        5.533,
        -12,
        0,
        6.633,
        12,
        0,
        7.933,
        -12,
        0,
        8.867,
        6.104,
        1,
        9.111,
        6.104,
        9.356,
        5.334,
        9.6,
        0
      ]
    },
    {
      "Target": "Parameter",
      "Id": "ParamRHeaddress2",
      "Segments": [
        0,
        0,
        1,
        0.489,
        -8.567,
        0.978,
        -11.792,
        1.467,
        -11.792,
        0,
        2.6,
        11.237,
        0,
        3.9,
        -11.792,
        0,
        5,
        11.514,
        0,
        6.167,
        -11.931,
        0,
        7.333,
        11.376,
        0,
        8.4,
        -10.266,
        0,
        9.167,
        5.549,
        1,
        9.311,
        5.549,
        9.456,
        2.531,
        9.6,
        0
      ]
    },
    {
      "Target": "Parameter",
      "Id": "ParamWaistDress1",
      "Segments": [
        0,
        0,
        0,
        1.1,
        -4,
        0,
        2.133,
        0,
        0,
        3.467,
        -4,
        0,
        4.633,
        0,
        0,
        5.933,
        -4,
        0,
        7.033,
        0,
        0,
        8.533,
        -4,
        0,
        9.6,
        0
      ]
    },
    {
      "Target": "Parameter",
      "Id": "ParamWaistDress2",
      "Segments": [
        0,
        0,
        1,
        0.178,
        2.326,
        0.355,
        3.601,
        0.533,
        3.601,
        0,
        1.667,
        -3.601,
        0,
        2.9,
        3.601,
        0,
        4.1,
        -3.601,
        0,
        5.333,
        3.601,
        0,
        6.567,
        -3.601,
        0,
        7.8,
        3.601,
        0,
        9.033,
        -3.601,
        1,
        9.222,
        -3.601,
        9.411,
        -2.471,
        9.6,
        0
      ]
    },
    {
      "Target": "Parameter",
      "Id": "ParamDownDress1",
      "Segments": [
        0,
        0,
        0,
        1.267,
        1.093,
        0,
        2.6,
        0,
        0,
        3.933,
        1.093,
        0,
        5.2,
        0,
        0,
        6.4,
        1.093,
        0,
        7.633,
        0,
        0,
        8.667,
        0.882,
        0,
        9.6,
        0
      ]
    },
    {
      "Target": "Parameter",
      "Id": "ParamDownDress2",
      "Segments": [
        0,
        0,
        1,
        0.222,
        -0.554,
        0.445,
        -0.728,
        0.667,
        -0.728,
        0,
        1.9,
        1.093,
        0,
        3.3,
        -1.093,
        0,
        4.633,
        1.093,
        0,
        5.967,
        -1.093,
        0,
        7.1,
        1.093,
        0,
        8.2,
        -1.093,
        0,
        9.133,
        0.728,
        1,
        9.289,
        0.728,
        9.444,
        0.388,
        9.6,
        0
      ]
    },
    {
      "Target": "Parameter",
      "Id": "ParamLArmRibbon1",
      "Segments": [
        0,
        0,
        1,
        0.222,
        -1.671,
        0.445,
        -5,
        0.667,
        -5,
        0,
        2.033,
        5,
        0,
        3.5,
        -5,
        0,
        4.867,
        5,
        0,
        6.567,
        -5,
        0,
        8,
        5,
        1,
        8.533,
        5,
        9.067,
        4.011,
        9.6,
        0
      ]
    },
    {
      "Target": "Parameter",
      "Id": "ParamLArmRibbon2",
      "Segments": [
        0,
        0,
        0,
        0.467,
        2.428,
        0,
        1.433,
        -8,
        0,
        2.933,
        6.646,
        0,
        4.333,
        -8,
        0,
        5.933,
        6.646,
        0,
        7.3,
        -8,
        0,
        8.8,
        5,
        0,
        9.6,
        0
      ]
    },
    {
      "Target": "Parameter",
      "Id": "ParamRArmRibbon1",
      "Segments": [
        0,
        0,
        1,
        0.333,
        4.585,
        0.667,
        10.434,
        1,
        10.434,
        0,
        2.4,
        -6.809,
        0,
        3.767,
        10.434,
        0,
        5.233,
        -6.809,
        0,
        6.733,
        8.127,
        0,
        8.367,
        -6.699,
        1,
        8.778,
        -6.699,
        9.189,
        -5.654,
        9.6,
        0
      ]
    },
    {
      "Target": "Parameter",
      "Id": "ParamRArmRibbon2",
      "Segments": [
        0,
        0,
        0,
        0.633,
        -8,
        0,
        1.6,
        11,
        0,
        3.1,
        -7,
        0,
        4.5,
        11,
        0,
        6.1,
        -8,
        0,
        7.467,
        9,
        0,
        8.967,
        -7,
        0,
        9.6,
        0
      ]
    },
    {
      "Target": "Parameter",
      "Id": "ParamRArmRibbonFit",
      "Segments": [
        0,
        0,
        0,
        0.533,
        0.786,
        0,
        1.5,
        0,
        0,
        2.5,
        0.786,
        0,
        3.533,
        0,
        0,
        4.733,
        0.786,
        0,
        5.8,
        0,
        0,
        6.933,
        0.786,
        0,
        8,
        0,
        0,
        8.867,
        0.786,
        0,
        9.6,
        0
      ]
    },
    {
      "Target": "Parameter",
      "Id": "ParamRArmRibbon11",
      "Segments": [
        0,
        0,
        0,
        0.733,
        5,
        0,
        1.7,
        -11.777,
        0,
        2.7,
        14.777,
        0,
        3.7,
        -11.777,
        0,
        4.933,
        7.696,
        0,
        6,
        -11.777,
        0,
        7.133,
        7.696,
        0,
        8.2,
        -8.677,
        0,
        8.867,
        5,
        0,
        9.6,
        0
      ]
    },
    {
      "Target": "Parameter",
      "Id": "ParamRArmRibbon12",
      "Segments": [
        0,
        0,
        0,
        1,
        4.856,
        0,
        2.233,
        -11.133,
        0,
        3.2,
        11.123,
        0,
        4.233,
        -9.444,
        0,
        5.533,
        10.511,
        0,
        6.5,
        -9.75,
        0,
        7.733,
        11.585,
        0,
        8.667,
        -7.449,
        0,
        9.167,
        3.555,
        0,
        9.6,
        0
      ]
    },
    {
      "Target": "Parameter",
      "Id": "ParamRArmRibbon21",
      "Segments": [
        0,
        0,
        1,
        0.2,
        5.198,
        0.4,
        10.802,
        0.6,
        10.802,
        0,
        1.6,
        -10.802,
        0,
        2.667,
        10.802,
        0,
        3.8,
        -10.802,
        0,
        4.8,
        10.802,
        0,
        6.133,
        -10.802,
        0,
        7.467,
        10.802,
        0,
        8.633,
        -10.802,
        1,
        8.955,
        -10.802,
        9.278,
        -8.374,
        9.6,
        0
      ]
    },
    {
      "Target": "Parameter",
      "Id": "ParamRArmRibbon22",
      "Segments": [
        0,
        0,
        0,
        0.267,
        -10.802,
        0,
        1.133,
        12.963,
        0,
        2.033,
        -15.123,
        0,
        3.1,
        15.123,
        0,
        4.333,
        -10.802,
        0,
        5.367,
        15.123,
        0,
        6.8,
        -10.802,
        0,
        7.933,
        15.123,
        0,
        8.967,
        -10.802,
        0,
        9.6,
        0
      ]
    },
    {
      "Target": "Parameter",
      "Id": "ParamRArmRibbon23",
      "Segments": [
        0,
        0,
        0,
        0.667,
        -3,
        0,
        1.667,
        0,
        0,
        2.767,
        -3,
        0,
        3.9,
        0,
        0,
        4.933,
        -3,
        0,
        5.833,
        0,
        0,
        6.933,
        -3,
        0,
        7.733,
        0,
        0,
        8.767,
        -3,
        0,
        9.6,
        0
      ]
    },
    {
      "Target": "Parameter",
      "Id": "ParamLArmRibbonFit",
      "Segments": [
        0,
        0,
        0,
        1.2,
        -0.96,
        0,
        2.4,
        0,
        0,
        3.6,
        -0.96,
        0,
        4.8,
        0,
        0,
        6,
        -0.96,
        0,
        7.2,
        0,
        0,
        8.4,
        -0.96,
        0,
        9.6,
        0
      ]
    },
    {
      "Target": "Parameter",
      "Id": "ParamLHandRibbon11",
      "Segments": [
        0,
        0,
        0,
        0.967,
        8,
        0,
        2.233,
        -8,
        0,
        3.5,
        8,
        0,
        4.733,
        -8,
        0,
        5.933,
        8,
        0,
        7.267,
        -8,
        0,
        8.433,
        8,
        0,
        9.6,
        0
      ]
    },
    {
      "Target": "Parameter",
      "Id": "ParamLHandRibbon12",
      "Segments": [
        0,
        0,
        1,
        0.122,
        -2.428,
        0.245,
        -4.254,
        0.367,
        -4.254,
        0,
        1.6,
        7.769,
        0,
        2.833,
        -6.289,
        0,
        4.167,
        7.676,
        0,
        5.233,
        -6.197,
        0,
        6.633,
        7.584,
        0,
        7.833,
        -5.827,
        0,
        8.9,
        6.474,
        1,
        9.133,
        6.474,
        9.367,
        4.635,
        9.6,
        0
      ]
    },
    {
      "Target": "Model",
      "Id": "Opacity",
      "Segments": [
        0,
        1,
        0,
        9.6,
        1
      ]
    },
    {
      "Target": "Parameter",
      "Id": "ParamZChuMoOn",
      "Segments": [
        0,
        0,
        0,
        9.6,
        0
      ]
    },
    {
      "Target": "Parameter",
      "Id": "ParamXChuMoOff",
      "Segments": [
        0,
        1,
        0,
        9.6,
        1
      ]
    },
    {
      "Target": "Parameter",
      "Id": "ParamLiZiOn",
      "Segments": [
        0,
        1,
        0,
        9.6,
        1
      ]
    },
    {
      "Target": "Parameter",
      "Id": "ParamLiZiY",
      "Segments": [
        0,
        0,
        0,
        9.6,
        0
      ]
    },
    {
      "Target": "Parameter",
      "Id": "ParamLiZiS",
      "Segments": [
        0,
        0,
        0,
        9.6,
        0
      ]
    },
    {
      "Target": "Parameter",
      "Id": "ParamLightLY1",
      "Segments": [
        0,
        0,
        0,
        9.6,
        0
      ]
    },
    {
      "Target": "Parameter",
      "Id": "ParamLightLY6",
      "Segments": [
        0,
        0,
        0,
        9.6,
        0
      ]
    },
    {
      "Target": "Parameter",
      "Id": "ParamLightLY7",
      "Segments": [
        0,
        0,
        0,
        9.6,
        0
      ]
    },
    {
      "Target": "Parameter",
      "Id": "ParamLightLY8",
      "Segments": [
        0,
        0,
        0,
        9.6,
        0
      ]
    },
    {
      "Target": "Parameter",
      "Id": "ParamRingBoxX",
      "Segments": [
        0,
        0,
        0,
        9.6,
        0
      ]
    },
    {
      "Target": "Parameter",
      "Id": "ParamRingBoxY",
      "Segments": [
        0,
        0,
        0,
        9.6,
        0
      ]
    },
    {
      "Target": "Parameter",
      "Id": "ParamRingBoxS",
      "Segments": [
        0,
        0,
        0,
        9.6,
        0
      ]
    },
    {
      "Target": "Parameter",
      "Id": "ParamRingBoxOff",
      "Segments": [
        0,
        1,
        0,
        9.6,
        1
      ]
    },
    {
      "Target": "Parameter",
      "Id": "ParamRingBoxZOn",
      "Segments": [
        0,
        0,
        0,
        9.6,
        0
      ]
    },
    {
      "Target": "Parameter",
      "Id": "ParamRingBoxYYOff",
      "Segments": [
        0,
        0,
        0,
        9.6,
        0
      ]
    },
    {
      "Target": "Parameter",
      "Id": "ParamRingBoxZOff",
      "Segments": [
        0,
        0,
        0,
        9.6,
        0
      ]
    },
    {
      "Target": "Parameter",
      "Id": "ParamRingBoxZX",
      "Segments": [
        0,
        0,
        0,
        9.6,
        0
      ]
    },
    {
      "Target": "Parameter",
      "Id": "ParamRingBoxZY",
      "Segments": [
        0,
        0,
        0,
        9.6,
        0
      ]
    },
    {
      "Target": "Parameter",
      "Id": "ParamRingBoxZS",
      "Segments": [
        0,
        0,
        0,
        9.6,
        0
      ]
    },
    {
      "Target": "Parameter",
      "Id": "ParamZJieZS",
      "Segments": [
        0,
        0,
        0,
        9.6,
        0
      ]
    },
    {
      "Target": "Parameter",
      "Id": "ParamRingBoxT",
      "Segments": [
        0,
        0,
        0,
        9.6,
        0
      ]
    },
    {
      "Target": "Parameter",
      "Id": "ParamHandRing",
      "Segments": [
        0,
        0,
        0,
        9.6,
        0
      ]
    },
    {
      "Target": "Parameter",
      "Id": "ParamRingOnHand",
      "Segments": [
        0,
        0,
        0,
        9.6,
        0
      ]
    },
    {
      "Target": "Parameter",
      "Id": "ParamTianSS",
      "Segments": [
        0,
        0,
        0,
        9.6,
        0
      ]
    },
    {
      "Target": "Parameter",
      "Id": "ParamChairS",
      "Segments": [
        0,
        0,
        0,
        9.6,
        0
      ]
    },
    {
      "Target": "Parameter",
      "Id": "ParamChairX",
      "Segments": [
        0,
        0,
        0,
        9.6,
        0
      ]
    },
    {
      "Target": "Parameter",
      "Id": "ParamChairY",
      "Segments": [
        0,
        0,
        0,
        9.6,
        0
      ]
    },
    {
      "Target": "Parameter",
      "Id": "ParamCandlestickS",
      "Segments": [
        0,
        0,
        0,
        9.6,
        0
      ]
    },
    {
      "Target": "Parameter",
      "Id": "ParamCandlestickX",
      "Segments": [
        0,
        0,
        0,
        9.6,
        0
      ]
    },
    {
      "Target": "Parameter",
      "Id": "ParamCandlestickY",
      "Segments": [
        0,
        0,
        0,
        9.6,
        0
      ]
    },
    {
      "Target": "Parameter",
      "Id": "ParamCJTS",
      "Segments": [
        0,
        0,
        0,
        9.6,
        0
      ]
    },
    {
      "Target": "Parameter",
      "Id": "ParamHX",
      "Segments": [
        0,
        0,
        0,
        9.6,
        0
      ]
    },
    {
      "Target": "Parameter",
      "Id": "ParamHY",
      "Segments": [
        0,
        0,
        0,
        9.6,
        0
      ]
    },
    {
      "Target": "Parameter",
      "Id": "ParamHBO",
      "Segments": [
        0,
        0,
        0,
        9.6,
        0
      ]
    },
    {
      "Target": "Parameter",
      "Id": "ParamX",
      "Segments": [
        0,
        0,
        0,
        9.6,
        0
      ]
    },
    {
      "Target": "Parameter",
      "Id": "ParamY",
      "Segments": [
        0,
        0,
        0,
        9.6,
        0
      ]
    },
    {
      "Target": "Parameter",
      "Id": "ParamS",
      "Segments": [
        0,
        0,
        0,
        9.6,
        0
      ]
    },
    {
      "Target": "Parameter",
      "Id": "ParamBlack2On",
      "Segments": [
        0,
        0,
        0,
        9.6,
        0
      ]
    },
    {
      "Target": "Parameter",
      "Id": "ParamBlack2B",
      "Segments": [
        0,
        0,
        0,
        9.6,
        0
      ]
    },
    {
      "Target": "Parameter",
      "Id": "ParamWhite1On",
      "Segments": [
        0,
        0,
        0,
        9.6,
        0
      ]
    },
    {
      "Target": "Parameter",
      "Id": "ParamWhite2On",
      "Segments": [
        0,
        0,
        0,
        9.6,
        0
      ]
    },
    {
      "Target": "Parameter",
      "Id": "ParamWhite2S",
      "Segments": [
        0,
        0,
        0,
        9.6,
        0
      ]
    },
    {
      "Target": "Parameter",
      "Id": "ParamBlush",
      "Segments": [
        0,
        1,
        0,
        9.6,
        1
      ]
    },
    {
      "Target": "Parameter",
      "Id": "ParamEyeSmile",
      "Segments": [
        0,
        1,
        0,
        9.6,
        1
      ]
    },
    {
      "Target": "Parameter",
      "Id": "ParamEyeWater",
      "Segments": [
        0,
        0,
        0,
        9.6,
        0
      ]
    },
    {
      "Target": "Parameter",
      "Id": "ParamEyeWater1",
      "Segments": [
        0,
        0,
        0,
        9.6,
        0
      ]
    },
    {
      "Target": "Parameter",
      "Id": "ParamEyeWater2",
      "Segments": [
        0,
        0,
        0,
        9.6,
        0
      ]
    },
    {
      "Target": "Parameter",
      "Id": "ParamMouthOpenY",
      "Segments": [
        0,
        0,
        0,
        9.6,
        0
      ]
    },
    {
      "Target": "Parameter",
      "Id": "ParamBrowLAngle",
      "Segments": [
        0,
        0,
        0,
        9.6,
        0
      ]
    },
    {
      "Target": "Parameter",
      "Id": "ParamBrowRAngle",
      "Segments": [
        0,
        0,
        0,
        9.6,
        0
      ]
    },
    {
      "Target": "Parameter",
      "Id": "ParamBrowLForm",
      "Segments": [
        0,
        0,
        0,
        9.6,
        0
      ]
    },
    {
      "Target": "Parameter",
      "Id": "ParamBrowRForm",
      "Segments": [
        0,
        0,
        0,
        9.6,
        0
      ]
    },
    {
      "Target": "Parameter",
      "Id": "ParamLjian",
      "Segments": [
        0,
        0,
        0,
        9.6,
        0
      ]
    },
    {
      "Target": "Parameter",
      "Id": "ParamArmLY",
      "Segments": [
        0,
        0,
        0,
        9.6,
        0
      ]
    },
    {
      "Target": "Parameter",
      "Id": "ParamArmL1Y",
      "Segments": [
        0,
        0,
        0,
        9.6,
        0
      ]
    },
    {
      "Target": "Parameter",
      "Id": "ParamFingerL12",
      "Segments": [
        0,
        0,
        0,
        9.6,
        0
      ]
    },
    {
      "Target": "Parameter",
      "Id": "ParamUpperArmLOff",
      "Segments": [
        0,
        1,
        0,
        9.6,
        1
      ]
    },
    {
      "Target": "Parameter",
      "Id": "ParamUpperArmLFOn",
      "Segments": [
        0,
        0,
        0,
        9.6,
        0
      ]
    },
    {
      "Target": "Parameter",
      "Id": "ParamUpperArmLFZ",
      "Segments": [
        0,
        0,
        0,
        9.6,
        0
      ]
    },
    {
      "Target": "Parameter",
      "Id": "ParamUpperArmLFY",
      "Segments": [
        0,
        0,
        0,
        9.6,
        0
      ]
    },
    {
      "Target": "Parameter",
      "Id": "ParamLowerArmLFZ",
      "Segments": [
        0,
        0,
        0,
        9.6,
        0
      ]
    },
    {
      "Target": "Parameter",
      "Id": "ParamLowerArmLFY",
      "Segments": [
        0,
        0,
        0,
        9.6,
        0
      ]
    },
    {
      "Target": "Parameter",
      "Id": "ParamHandFZ",
      "Segments": [
        0,
        0,
        0,
        9.6,
        0
      ]
    },
    {
      "Target": "Parameter",
      "Id": "ParamHandF11",
      "Segments": [
        0,
        0,
        0,
        9.6,
        0
      ]
    },
    {
      "Target": "Parameter",
      "Id": "ParamHandF12",
      "Segments": [
        0,
        0,
        0,
        9.6,
        0
      ]
    },
    {
      "Target": "Parameter",
      "Id": "ParamHandF21",
      "Segments": [
        0,
        0,
        0,
        9.6,
        0
      ]
    },
    {
      "Target": "Parameter",
      "Id": "ParamHandF22",
      "Segments": [
        0,
        0,
        0,
        9.6,
        0
      ]
    },
    {
      "Target": "Parameter",
      "Id": "ParamHandF31",
      "Segments": [
        0,
        0,
        0,
        9.6,
        0
      ]
    },
    {
      "Target": "Parameter",
      "Id": "ParamHandF32",
      "Segments": [
        0,
        0,
        0,
        9.6,
        0
      ]
    },
    {
      "Target": "Parameter",
      "Id": "ParamHandF41",
      "Segments": [
        0,
        0,
        0,
        9.6,
        0
      ]
    },
    {
      "Target": "Parameter",
      "Id": "ParamHandF42",
      "Segments": [
        0,
        0,
        0,
        9.6,
        0
      ]
    },
    {
      "Target": "Parameter",
      "Id": "ParamDownUpperArmLOn",
      "Segments": [
        0,
        1,
        0,
        9.6,
        1
      ]
    },
    {
      "Target": "Parameter",
      "Id": "ParamDownUpperArmLZ",
      "Segments": [
        0,
        0,
        0,
        9.6,
        0
      ]
    },
    {
      "Target": "Parameter",
      "Id": "ParamDownLowerArmLY",
      "Segments": [
        0,
        0,
        0,
        9.6,
        0
      ]
    },
    {
      "Target": "Parameter",
      "Id": "ParamRjian",
      "Segments": [
        0,
        0,
        0,
        9.6,
        0
      ]
    },
    {
      "Target": "Parameter",
      "Id": "ParamArmRY",
      "Segments": [
        0,
        0,
        0,
        9.6,
        0
      ]
    },
    {
      "Target": "Parameter",
      "Id": "ParamArmR1Y",
      "Segments": [
        0,
        0,
        0,
        9.6,
        0
      ]
    },
    {
      "Target": "Parameter",
      "Id": "ParamMicrophoneZ2",
      "Segments": [
        0,
        0,
        0,
        9.6,
        0
      ]
    },
    {
      "Target": "Parameter",
      "Id": "ParamMicrophoneY",
      "Segments": [
        0,
        0,
        0,
        9.6,
        0
      ]
    },
    {
      "Target": "Parameter",
      "Id": "ParamLineZ",
      "Segments": [
        0,
        0,
        0,
        9.6,
        0
      ]
    },
    {
      "Target": "Parameter",
      "Id": "ParamLineZ1",
      "Segments": [
        0,
        0,
        0,
        9.6,
        0
      ]
    },
    {
      "Target": "Parameter",
      "Id": "ParamLineZ2",
      "Segments": [
        0,
        0,
        0,
        9.6,
        0
      ]
    },
    {
      "Target": "Parameter",
      "Id": "ParamMicrophoneYYOff",
      "Segments": [
        0,
        0,
        0,
        9.6,
        0
      ]
    },
    {
      "Target": "Parameter",
      "Id": "ParamMicrophoneYYZ",
      "Segments": [
        0,
        0,
        0,
        9.6,
        0
      ]
    },
    {
      "Target": "Parameter",
      "Id": "ParamMicrophoneGOff",
      "Segments": [
        0,
        0,
        0,
        9.6,
        0
      ]
    },
    {
      "Target": "Parameter",
      "Id": "ParamMicrophoneSOn",
      "Segments": [
        0,
        0,
        0,
        9.6,
        0
      ]
    },
    {
      "Target": "Parameter",
      "Id": "ParamLHeaddress3",
      "Segments": [
        0,
        0,
        0,
        9.6,
        0
      ]
    },
    {
      "Target": "Parameter",
      "Id": "ParamLHeaddress4",
      "Segments": [
        0,
        0,
        0,
        9.6,
        0
      ]
    },
    {
      "Target": "Parameter",
      "Id": "ParamPendantZ",
      "Segments": [
        0,
        0,
        0,
        9.6,
        0
      ]
    },
    {
      "Target": "Parameter",
      "Id": "ParamRArmRibbonX",
      "Segments": [
        0,
        0,
        0,
        9.6,
        0
      ]
    },
    {
      "Target": "Parameter",
      "Id": "ParamRArmRibbon24",
      "Segments": [
        0,
        0,
        0,
        9.6,
        0
      ]
    },
    {
      "Target": "Parameter",
      "Id": "ParamLHandRibbon21",
      "Segments": [
        0,
        0,
        0,
        9.6,
        0
      ]
    },
    {
      "Target": "Parameter",
      "Id": "ParamLHandRibbon22",
      "Segments": [
        0,
        0,
        0,
        9.6,
        0
      ]
    },
    {
      "Target": "Parameter",
      "Id": "ParamLHandRibbon23",
      "Segments": [
        0,
        0,
        0,
        9.6,
        0
      ]
    },
    {
      "Target": "Parameter",
      "Id": "ParamLHandRibbon24",
      "Segments": [
        0,
        0,
        0,
        9.6,
        0
      ]
    },
    {
      "Target": "Parameter",
      "Id": "ParamLHandRibbon31",
      "Segments": [
        0,
        0,
        0,
        9.6,
        0
      ]
    },
    {
      "Target": "Parameter",
      "Id": "ParamLHandRibbon32",
      "Segments": [
        0,
        0,
        0,
        9.6,
        0
      ]
    },
    {
      "Target": "Parameter",
      "Id": "ParamLHandRibbon33",
      "Segments": [
        0,
        0,
        0,
        9.6,
        0
      ]
    },
    {
      "Target": "Parameter",
      "Id": "ParamLHandRibbon34",
      "Segments": [
        0,
        0,
        0,
        9.6,
        0
      ]
    },
    {
      "Target": "Parameter",
      "Id": "ParamLHandRibbon35",
      "Segments": [
        0,
        0,
        0,
        9.6,
        0
      ]
    },
    {
      "Target": "Parameter",
      "Id": "ParamLHandRibbon36",
      "Segments": [
        0,
        0,
        0,
        9.6,
        0
      ]
    },
    {
      "Target": "Parameter",
      "Id": "ParamLHandRibbon37",
      "Segments": [
        0,
        0,
        0,
        9.6,
        0
      ]
    },
    {
      "Target": "Parameter",
      "Id": "ParamLHandRibbon38",
      "Segments": [
        0,
        0,
        0,
        9.6,
        0
      ]
    }
  ],
  "UserData": [
    {
      "Time": 0.0,
      "Value": ""
    }
  ]
}