{
  "Version": 3,
  "Meta": {
    "Duration": 6.3,
    "Fps": 30.0,
    "Loop": true,
    "AreBeziersRestricted": true,
    "CurveCount": 53,
    "TotalSegmentCount": 461,
    "TotalPointCount": 511,
    "UserDataCount": 1,
    "TotalUserDataSize": 0
  },
  "Curves": [
    {
      "Target": "Parameter",
      "Id": "Paramlight1On",
      "Segments": [
        0,
        0,
        0,
        1.3,
        1,
        0,
        3,
        0,
        0,
        4.567,
        1,
        0,
        6.3,
        0
      ]
    },
    {
      "Target": "Parameter",
      "Id": "Paramlight2On",
      "Segments": [
        0,
        0,
        0,
        2.2,
        1,
        0,
        4.067,
        0,
        0,
        5.533,
        1,
        0,
        6.3,
        0
      ]
    },
    {
      "Target": "Parameter",
      "Id": "ParamCrownY",
      "Segments": [
        0,
        0,
        0,
        1.1,
        -5.28,
        0,
        2.333,
        3.9,
        0,
        3.967,
        -5.28,
        0,
        5.333,
        3.9,
        0,
        6.3,
        0
      ]
    },
    {
      "Target": "Parameter",
      "Id": "ParamCrownZ",
      "Segments": [
        0,
        0,
        0,
        1.567,
        -4,
        0,
        3,
        3.449,
        0,
        4.6,
        -4.564,
        0,
        6.3,
        0
      ]
    },
    {
      "Target": "Parameter",
      "Id": "ParamCrownFlowerZ",
      "Segments": [
        0,
        0,
        0,
        1.567,
        -3.18,
        0,
        3,
        3.36,
        0,
        4.6,
        -3.18,
        0,
        6.3,
        0
      ]
    },
    {
      "Target": "Parameter",
      "Id": "ParamCrownY1",
      "Segments": [
        0,
        0,
        0,
        0.5,
        -15.45,
        0,
        1,
        7,
        0,
        1.833,
        -15.45,
        0,
        2.433,
        7,
        0,
        3.233,
        -15.45,
        0,
        3.9,
        7,
        0,
        4.7,
        -15.45,
        0,
        5.6,
        9.001,
        0,
        6.3,
        0
      ]
    },
    {
      "Target": "Parameter",
      "Id": "ParamCrownY2",
      "Segments": [
        0,
        0,
        0,
        0.733,
        -14.838,
        0,
        1.5,
        6.434,
        0,
        2.1,
        -14.838,
        0,
        2.833,
        6.434,
        0,
        3.533,
        -14.838,
        0,
        4.2,
        6.697,
        0,
        5.033,
        -15.716,
        0,
        5.733,
        9,
        0,
        6.3,
        0
      ]
    },
    {
      "Target": "Parameter",
      "Id": "ParamCrownY3",
      "Segments": [
        0,
        0,
        0,
        0.833,
        -26,
        0,
        1.933,
        12,
        1,
        2.222,
        12,
        2.511,
        12.205,
        2.8,
        6.78,
        1,
        3.056,
        1.981,
        3.311,
        -21,
        3.567,
        -21,
        0,
        4.767,
        12.74,
        0,
        5.7,
        -16.571,
        0,
        6.3,
        0
      ]
    },
    {
      "Target": "Parameter",
      "Id": "ParamCrownHua1",
      "Segments": [
        0,
        0,
        2,
        0.5,
        0,
        2,
        0.633,
        0,
        1,
        1.1,
        0,
        1.566,
        0.289,
        2.033,
        1,
        3,
        2.2,
        0,
        2,
        3.533,
        0,
        2,
        3.667,
        0,
        1,
        4.134,
        0,
        4.6,
        0.289,
        5.067,
        1,
        3,
        5.233,
        0,
        2,
        6.3,
        0
      ]
    },
    {
      "Target": "Parameter",
      "Id": "ParamCrownHua2",
      "Segments": [
        0,
        0,
        2,
        1.133,
        0,
        2,
        1.267,
        0,
        1,
        1.734,
        0,
        2.2,
        0.289,
        2.667,
        1,
        3,
        2.833,
        0,
        2,
        4.167,
        0,
        2,
        4.3,
        0,
        1,
        4.767,
        0,
        5.233,
        0.289,
        5.7,
        1,
        3,
        5.867,
        0,
        2,
        6.3,
        0
      ]
    },
    {
      "Target": "Parameter",
      "Id": "ParamCrownHua3",
      "Segments": [
        0,
        0.34,
        1,
        0.189,
        0.499,
        0.378,
        0.713,
        0.567,
        1,
        3,
        0.733,
        0,
        2,
        1.933,
        0,
        2,
        2.067,
        0,
        1,
        2.534,
        0,
        3,
        0.289,
        3.467,
        1,
        3,
        3.633,
        0,
        2,
        4.967,
        0,
        2,
        5.1,
        0,
        1,
        5.5,
        0,
        5.9,
        0.009,
        6.3,
        0.34
      ]
    },
    {
      "Target": "Parameter",
      "Id": "ParamCrownHua4",
      "Segments": [
        0,
        0,
        1,
        0.422,
        0.051,
        0.845,
        0.357,
        1.267,
        1,
        3,
        1.433,
        0,
        2,
        2.633,
        0,
        2,
        2.767,
        0,
        1,
        3.234,
        0,
        3.7,
        0.289,
        4.167,
        1,
        3,
        4.333,
        0,
        2,
        6.3,
        0
      ]
    },
    {
      "Target": "Parameter",
      "Id": "ParamCrownHua5",
      "Segments": [
        0,
        0,
        2,
        0.5,
        0,
        1,
        0.967,
        0,
        1.433,
        0.289,
        1.9,
        1,
        3,
        2.067,
        0,
        2,
        3.267,
        0,
        2,
        3.4,
        0,
        1,
        3.867,
        0,
        4.333,
        0.289,
        4.8,
        1,
        3,
        4.967,
        0,
        2,
        6.3,
        0
      ]
    },
    {
      "Target": "Parameter",
      "Id": "ParamCrownHua6",
      "Segments": [
        0,
        0,
        2,
        1.267,
        0,
        2,
        1.4,
        0,
        1,
        1.867,
        0,
        2.333,
        0.289,
        2.8,
        1,
        3,
        2.967,
        0,
        2,
        4.167,
        0,
        2,
        4.3,
        0,
        1,
        4.767,
        0,
        5.233,
        0.289,
        5.7,
        1,
        3,
        5.867,
        0,
        2,
        6.3,
        0
      ]
    },
    {
      "Target": "Parameter",
      "Id": "ParamCrownHu7",
      "Segments": [
        0,
        0.9,
        1,
        0.022,
        0.934,
        0.045,
        0.962,
        0.067,
        1,
        3,
        0.3,
        0,
        2,
        1.933,
        0,
        2,
        2.067,
        0,
        1,
        2.534,
        0,
        3,
        0.289,
        3.467,
        1,
        3,
        3.633,
        0,
        2,
        4.833,
        0,
        2,
        4.967,
        0,
        1,
        5.411,
        0,
        5.856,
        0.262,
        6.3,
        0.9
      ]
    },
    {
      "Target": "Parameter",
      "Id": "ParamCrownHua8",
      "Segments": [
        0,
        0.06,
        1,
        0.344,
        0.178,
        0.689,
        0.475,
        1.033,
        1,
        3,
        1.2,
        0,
        2,
        2.667,
        0,
        2,
        2.8,
        0,
        1,
        3.267,
        0,
        3.733,
        0.289,
        4.2,
        1,
        3,
        4.367,
        0,
        2,
        5.567,
        0,
        2,
        5.7,
        0,
        1,
        5.9,
        0,
        6.1,
        0,
        6.3,
        0.06
      ]
    },
    {
      "Target": "Parameter",
      "Id": "ParamCrownHua9",
      "Segments": [
        0,
        0,
        2,
        0.167,
        0,
        1,
        0.634,
        0,
        1.1,
        0.289,
        1.567,
        1,
        3,
        1.733,
        0,
        2,
        3.2,
        0,
        2,
        3.333,
        0,
        1,
        3.8,
        0,
        4.266,
        0.289,
        4.733,
        1,
        3,
        4.9,
        0,
        2,
        6.1,
        0,
        2,
        6.3,
        0
      ]
    },
    {
      "Target": "Parameter",
      "Id": "ParamFlower11",
      "Segments": [
        0,
        0,
        0,
        0.667,
        10,
        0,
        1.567,
        -10,
        0,
        2.533,
        10,
        0,
        3.533,
        -10,
        0,
        4.367,
        10,
        0,
        5.4,
        -10,
        0,
        6.3,
        0
      ]
    },
    {
      "Target": "Parameter",
      "Id": "ParamFlower12",
      "Segments": [
        0,
        0,
        0,
        1.067,
        9.711,
        0,
        2.1,
        -9.133,
        0,
        3,
        9.133,
        0,
        3.967,
        -9.249,
        0,
        4.833,
        8.555,
        0,
        5.667,
        -9.017,
        0,
        6.3,
        0
      ]
    },
    {
      "Target": "Parameter",
      "Id": "ParamFlower21",
      "Segments": [
        0,
        0,
        1,
        0.167,
        -7.303,
        0.333,
        -10,
        0.5,
        -10,
        0,
        1.467,
        10,
        0,
        2.467,
        -10,
        0,
        3.467,
        10,
        0,
        4.5,
        -10,
        0,
        5.767,
        10,
        1,
        5.945,
        10,
        6.122,
        6.873,
        6.3,
        0
      ]
    },
    {
      "Target": "Parameter",
      "Id": "ParamFlower22",
      "Segments": [
        0,
        9.711,
        0,
        1.033,
        -9.133,
        0,
        1.933,
        9.133,
        0,
        2.9,
        -9.249,
        0,
        3.767,
        8.555,
        0,
        4.933,
        -9.133,
        0,
        6.3,
        9.711
      ]
    },
    {
      "Target": "Parameter",
      "Id": "ParamCandle",
      "Segments": [
        0,
        0,
        0,
        1.5,
        1,
        0,
        3.2,
        0,
        0,
        4.7,
        1,
        0,
        6.3,
        0
      ]
    },
    {
      "Target": "Parameter",
      "Id": "ParamCandle11",
      "Segments": [
        0,
        0,
        0,
        0.133,
        -10.555,
        0,
        0.3,
        2.555,
        0,
        0.5,
        -3.555,
        0,
        0.833,
        2.736,
        0,
        1.1,
        -2.708,
        0,
        1.333,
        1.997,
        0,
        1.567,
        -1.327,
        0,
        1.867,
        2.555,
        0,
        2.1,
        -1.786,
        0,
        2.433,
        1.786,
        0,
        2.7,
        -1.786,
        0,
        2.933,
        2.555,
        0,
        3.267,
        -3.555,
        0,
        3.7,
        2.736,
        0,
        4.033,
        -3.555,
        0,
        4.3,
        2.555,
        0,
        4.6,
        -5,
        0,
        4.967,
        2.555,
        0,
        5.233,
        -1.786,
        0,
        5.567,
        1.786,
        0,
        5.833,
        -1.786,
        0,
        6.067,
        2.555,
        0,
        6.3,
        0
      ]
    },
    {
      "Target": "Parameter",
      "Id": "ParamCandle12",
      "Segments": [
        0,
        0,
        0,
        0.233,
        -13.509,
        0,
        0.4,
        5.269,
        0,
        0.567,
        -7.252,
        0,
        0.933,
        5.45,
        0,
        1.2,
        -3.754,
        0,
        1.433,
        4.235,
        0,
        1.633,
        -3.754,
        0,
        1.967,
        3.125,
        0,
        2.267,
        -1.934,
        0,
        2.567,
        2.232,
        0,
        2.833,
        -1.786,
        0,
        3.033,
        2.045,
        0,
        3.367,
        -3.754,
        0,
        3.8,
        3.125,
        0,
        4.133,
        -3.754,
        0,
        4.433,
        3.125,
        0,
        4.7,
        -3.754,
        0,
        5.1,
        3.125,
        0,
        5.4,
        -1.934,
        0,
        5.7,
        2.232,
        0,
        5.967,
        -1.786,
        0,
        6.167,
        2.045,
        0,
        6.3,
        0
      ]
    },
    {
      "Target": "Parameter",
      "Id": "ParamCandle21",
      "Segments": [
        0,
        0,
        0,
        0.2,
        -10.555,
        0,
        0.367,
        2.555,
        0,
        0.567,
        -3.555,
        0,
        0.833,
        2.736,
        0,
        1.2,
        -2.708,
        0,
        1.433,
        1.997,
        0,
        1.667,
        -1.327,
        0,
        1.967,
        2.555,
        0,
        2.2,
        -1.786,
        0,
        2.6,
        2.555,
        0,
        2.933,
        -3.555,
        0,
        3.1,
        2.736,
        0,
        3.467,
        -7,
        0,
        3.833,
        2.555,
        0,
        4.133,
        -5,
        0,
        4.533,
        2.555,
        0,
        4.867,
        -1.786,
        0,
        5.333,
        1.786,
        0,
        5.7,
        -1.786,
        0,
        6,
        2.555,
        0,
        6.3,
        0
      ]
    },
    {
      "Target": "Parameter",
      "Id": "ParamCandle22",
      "Segments": [
        0,
        0,
        0,
        0.3,
        -13.509,
        0,
        0.467,
        5.269,
        0,
        0.633,
        -7.252,
        0,
        0.933,
        5.45,
        0,
        1.3,
        -3.754,
        0,
        1.533,
        4.235,
        0,
        1.733,
        -3.754,
        0,
        2.067,
        3.125,
        0,
        2.367,
        -1.934,
        0,
        2.767,
        3.125,
        0,
        3.033,
        -3.754,
        0,
        3.267,
        3.125,
        0,
        3.633,
        -6,
        0,
        3.933,
        3.125,
        0,
        4.233,
        -3.754,
        0,
        4.7,
        3.125,
        0,
        5.1,
        -1.934,
        0,
        5.5,
        2.232,
        0,
        5.867,
        -1.786,
        0,
        6.133,
        2.045,
        0,
        6.3,
        0
      ]
    },
    {
      "Target": "Parameter",
      "Id": "ParamAngelX1",
      "Segments": [
        0,
        0,
        0,
        1.467,
        -3.142,
        0,
        3.467,
        3.848,
        0,
        5.567,
        -3.142,
        0,
        6.3,
        0
      ]
    },
    {
      "Target": "Parameter",
      "Id": "ParamAngelY1",
      "Segments": [
        0,
        0,
        0,
        0.5,
        2,
        0,
        1.333,
        -2,
        0,
        2.333,
        2,
        0,
        3.267,
        -2,
        0,
        4.1,
        2,
        0,
        5,
        -2,
        0,
        5.8,
        2,
        0,
        6.3,
        0
      ]
    },
    {
      "Target": "Parameter",
      "Id": "ParamAngelS1",
      "Segments": [
        0,
        0,
        0,
        0.633,
        -1,
        0,
        1.7,
        1,
        0,
        2.867,
        -1,
        0,
        3.767,
        1,
        0,
        4.7,
        -1,
        0,
        5.5,
        1,
        0,
        6.3,
        0
      ]
    },
    {
      "Target": "Parameter",
      "Id": "ParamAngelWing11",
      "Segments": [
        0,
        0,
        0,
        0.167,
        -7.669,
        0,
        0.433,
        15.871,
        0,
        0.833,
        -8.536,
        0,
        1.333,
        8.139,
        0,
        2,
        -7.476,
        0,
        2.567,
        6.307,
        0,
        2.967,
        -6.474,
        0,
        3.267,
        -1.412,
        0,
        3.5,
        -10.669,
        0,
        3.833,
        15.871,
        0,
        4.233,
        -8.536,
        0,
        4.633,
        8.139,
        0,
        5.067,
        -7.088,
        0,
        5.467,
        6.307,
        0,
        5.9,
        -8.536,
        0,
        6.3,
        0
      ]
    },
    {
      "Target": "Parameter",
      "Id": "ParamAngelWing12",
      "Segments": [
        0,
        0,
        0,
        0.3,
        -7.156,
        0,
        0.633,
        14.082,
        0,
        1.1,
        -8.621,
        0,
        1.667,
        7.792,
        0,
        2.233,
        -8.316,
        0,
        2.8,
        7.026,
        0,
        3.1,
        -7.088,
        0,
        3.367,
        0.583,
        0,
        3.667,
        -9.235,
        0,
        4.033,
        13.316,
        0,
        4.4,
        -8.162,
        0,
        4.867,
        7.64,
        0,
        5.2,
        -7.242,
        0,
        5.667,
        6.105,
        0,
        6.067,
        -7.242,
        0,
        6.3,
        0
      ]
    },
    {
      "Target": "Parameter",
      "Id": "ParamAngelX2",
      "Segments": [
        0,
        0,
        0,
        1.167,
        3.142,
        0,
        3.167,
        -3.848,
        0,
        5.267,
        3.142,
        0,
        6.3,
        0
      ]
    },
    {
      "Target": "Parameter",
      "Id": "ParamAngelY2",
      "Segments": [
        0,
        0,
        0,
        0.5,
        2,
        0,
        1.333,
        -2,
        0,
        2.333,
        2,
        0,
        3.267,
        -2,
        0,
        4.1,
        2,
        0,
        5,
        -2,
        0,
        5.8,
        2,
        0,
        6.3,
        0
      ]
    },
    {
      "Target": "Parameter",
      "Id": "ParamAngelS2",
      "Segments": [
        0,
        0,
        0,
        0.633,
        -1,
        0,
        1.7,
        1,
        0,
        2.867,
        -1,
        0,
        3.767,
        1,
        0,
        4.7,
        -1,
        0,
        5.5,
        1,
        0,
        6.3,
        0
      ]
    },
    {
      "Target": "Parameter",
      "Id": "ParamAngelWing21",
      "Segments": [
        0,
        0,
        0,
        0.167,
        -7.669,
        0,
        0.433,
        15.871,
        0,
        0.833,
        -8.536,
        0,
        1.333,
        8.139,
        0,
        2,
        -7.476,
        0,
        2.567,
        6.307,
        0,
        2.967,
        -6.474,
        0,
        3.267,
        -1.412,
        0,
        3.5,
        -10.669,
        0,
        3.833,
        15.871,
        0,
        4.233,
        -8.536,
        0,
        4.633,
        8.139,
        0,
        5.067,
        -7.088,
        0,
        5.467,
        6.307,
        0,
        5.9,
        -8.536,
        0,
        6.3,
        0
      ]
    },
    {
      "Target": "Parameter",
      "Id": "ParamAngelWing22",
      "Segments": [
        0,
        0,
        0,
        0.3,
        -7.156,
        0,
        0.633,
        14.082,
        0,
        1.1,
        -8.621,
        0,
        1.667,
        7.792,
        0,
        2.233,
        -8.316,
        0,
        2.8,
        7.026,
        0,
        3.1,
        -7.088,
        0,
        3.367,
        0.583,
        0,
        3.667,
        -9.235,
        0,
        4.033,
        13.316,
        0,
        4.4,
        -8.162,
        0,
        4.867,
        7.64,
        0,
        5.2,
        -7.242,
        0,
        5.667,
        6.105,
        0,
        6.067,
        -7.242,
        0,
        6.3,
        0
      ]
    },
    {
      "Target": "Parameter",
      "Id": "ParamAngelX3",
      "Segments": [
        0,
        0,
        0,
        0.7,
        1,
        0,
        1.6,
        -1,
        0,
        2.7,
        1,
        0,
        3.867,
        -1,
        0,
        4.8,
        1,
        0,
        5.567,
        -1,
        0,
        6.3,
        0
      ]
    },
    {
      "Target": "Parameter",
      "Id": "ParamAngelY3",
      "Segments": [
        0,
        0,
        0,
        0.4,
        2,
        0,
        1.233,
        -2,
        0,
        2.233,
        2,
        0,
        3.367,
        -2,
        0,
        4.2,
        2,
        0,
        5.1,
        -2,
        0,
        5.9,
        2,
        0,
        6.3,
        0
      ]
    },
    {
      "Target": "Parameter",
      "Id": "ParamAngelS3",
      "Segments": [
        0,
        0,
        0,
        0.533,
        -1,
        0,
        1.6,
        1,
        0,
        2.967,
        -1,
        0,
        3.867,
        1,
        0,
        4.8,
        -1,
        0,
        5.6,
        1,
        0,
        6.3,
        0
      ]
    },
    {
      "Target": "Parameter",
      "Id": "ParamAngelWing31",
      "Segments": [
        0,
        0,
        0,
        0.233,
        -7.669,
        0,
        0.5,
        15.871,
        0,
        0.9,
        -8.536,
        0,
        1.4,
        8.139,
        0,
        2.067,
        -7.476,
        0,
        2.633,
        6.307,
        0,
        3.033,
        -6.474,
        0,
        3.333,
        -1.412,
        0,
        3.567,
        -10.669,
        0,
        3.9,
        15.871,
        0,
        4.3,
        -8.536,
        0,
        4.7,
        8.139,
        0,
        5.133,
        -7.088,
        0,
        5.533,
        6.307,
        0,
        5.967,
        -8.536,
        0,
        6.3,
        0
      ]
    },
    {
      "Target": "Parameter",
      "Id": "ParamAngelWing32",
      "Segments": [
        0,
        0,
        0,
        0.367,
        -7.156,
        0,
        0.7,
        14.082,
        0,
        1.167,
        -8.621,
        0,
        1.733,
        7.792,
        0,
        2.3,
        -8.316,
        0,
        2.867,
        7.026,
        0,
        3.167,
        -7.088,
        0,
        3.433,
        0.583,
        0,
        3.733,
        -9.235,
        0,
        4.1,
        13.316,
        0,
        4.467,
        -8.162,
        0,
        4.933,
        7.64,
        0,
        5.267,
        -7.242,
        0,
        5.733,
        6.105,
        0,
        6.133,
        -7.242,
        0,
        6.3,
        0
      ]
    },
    {
      "Target": "Parameter",
      "Id": "ParamAngelX4",
      "Segments": [
        0,
        0,
        0,
        0.833,
        -1,
        0,
        1.733,
        1,
        0,
        2.833,
        -1,
        0,
        4,
        1,
        0,
        4.933,
        -1,
        0,
        5.7,
        1,
        0,
        6.3,
        0
      ]
    },
    {
      "Target": "Parameter",
      "Id": "ParamAngelY4",
      "Segments": [
        0,
        0,
        0,
        0.533,
        2,
        0,
        1.367,
        -2,
        0,
        2.367,
        2,
        0,
        3.5,
        -2,
        0,
        4.333,
        2,
        0,
        5.233,
        -2,
        0,
        6.033,
        2,
        0,
        6.3,
        0
      ]
    },
    {
      "Target": "Parameter",
      "Id": "ParamAngelClothes1",
      "Segments": [
        0,
        0,
        0,
        0.867,
        4,
        0,
        1.833,
        -4.035,
        0,
        2.9,
        4,
        0,
        4,
        -4.035,
        0,
        4.933,
        4,
        0,
        5.833,
        -4.035,
        0,
        6.3,
        0
      ]
    },
    {
      "Target": "Parameter",
      "Id": "ParamAngelClothes2",
      "Segments": [
        0,
        0,
        0,
        1.2,
        6.297,
        0,
        2.333,
        -7,
        0,
        3.433,
        7.271,
        0,
        4.567,
        -7,
        0,
        5.3,
        6.297,
        0,
        6,
        -3.063,
        0,
        6.3,
        0
      ]
    },
    {
      "Target": "Parameter",
      "Id": "ParamAngelFoot1",
      "Segments": [
        0,
        0,
        0,
        0.633,
        8,
        0,
        1.367,
        -6,
        0,
        2.433,
        8,
        0,
        3.433,
        -6,
        0,
        4.4,
        8,
        0,
        5.5,
        -6,
        0,
        6.3,
        0
      ]
    },
    {
      "Target": "Parameter",
      "Id": "ParamAngelFoot2",
      "Segments": [
        0,
        0,
        0,
        1,
        7.526,
        0,
        1.833,
        -5.341,
        0,
        2.967,
        7.526,
        0,
        3.933,
        -5.341,
        0,
        5,
        7,
        0,
        5.833,
        -4.289,
        0,
        6.3,
        0
      ]
    },
    {
      "Target": "Parameter",
      "Id": "ParamAngelFoot3",
      "Segments": [
        0,
        0,
        0,
        0.833,
        -7.121,
        0,
        1.633,
        5.422,
        0,
        2.733,
        -7.526,
        0,
        3.733,
        5.827,
        0,
        4.733,
        -7.607,
        0,
        5.633,
        5.827,
        0,
        6.3,
        0
      ]
    },
    {
      "Target": "Parameter",
      "Id": "ParamAngelFoot4",
      "Segments": [
        0,
        0,
        0,
        1.133,
        -6.833,
        0,
        2,
        5.436,
        0,
        3.033,
        -7.299,
        0,
        4.067,
        5.436,
        0,
        5,
        -7.299,
        0,
        5.8,
        5.436,
        0,
        6.3,
        0
      ]
    },
    {
      "Target": "Model",
      "Id": "Opacity",
      "Segments": [
        0,
        1,
        0,
        6.3,
        1
      ]
    },
    {
      "Target": "Parameter",
      "Id": "ParamStrapDragX2",
      "Segments": [
        0,
        0.5,
        0,
        6.3,
        0.5
      ]
    },
    {
      "Target": "Parameter",
      "Id": "ParamStrapDragY2",
      "Segments": [
        0,
        0.5,
        0,
        6.3,
        0.5
      ]
    },
    {
      "Target": "Parameter",
      "Id": "ParamStrapDragX",
      "Segments": [
        0,
        0,
        0,
        6.3,
        0
      ]
    }
  ],
  "UserData": [
    {
      "Time": 0.0,
      "Value": ""
    }
  ]
}