{
  "Version": 3,
  "Meta": {
    "Duration": 3.633,
    "Fps": 30.0,
    "Loop": true,
    "AreBeziersRestricted": true,
    "CurveCount": 207,
    "TotalSegmentCount": 949,
    "TotalPointCount": 1135,
    "UserDataCount": 2,
    "TotalUserDataSize": 20
  },
  "Curves": [
    {
      "Target": "Parameter",
      "Id": "ParamSilkOff",
      "Segments": [
        0,
        1,
        2,
        3.633,
        1
      ]
    },
    {
      "Target": "Parameter",
      "Id": "ParamAngleZ",
      "Segments": [
        0,
        0,
        0,
        0.167,
        4.617,
        1,
        0.245,
        4.617,
        0.322,
        -1.352,
        0.4,
        -3.154,
        1,
        0.5,
        -5.471,
        0.6,
        -5.576,
        0.7,
        -5.576,
        1,
        0.844,
        -5.576,
        0.989,
        4.716,
        1.133,
        6.757,
        1,
        1.322,
        9.427,
        1.511,
        9.411,
        1.7,
        9.411,
        0,
        2.7,
        7.644,
        0,
        3.033,
        9.411,
        0,
        3.633,
        0
      ]
    },
    {
      "Target": "Parameter",
      "Id": "ParamBodyAngleZ",
      "Segments": [
        0,
        0,
        1,
        0.067,
        0,
        0.133,
        -3.428,
        0.2,
        -4.016,
        1,
        0.3,
        -4.899,
        0.4,
        -4.908,
        0.5,
        -4.908,
        1,
        0.578,
        -4.908,
        0.655,
        -4.38,
        0.733,
        -3.14,
        1,
        0.911,
        -0.307,
        1.089,
        1.208,
        1.267,
        1.208,
        0,
        2.233,
        0,
        2,
        2.6,
        0,
        0,
        3.133,
        -1,
        0,
        3.633,
        0
      ]
    },
    {
      "Target": "Parameter",
      "Id": "ParamBreath",
      "Segments": [
        0,
        0,
        2,
        0.5,
        0,
        0,
        1,
        1,
        0,
        1.7,
        0,
        2,
        2.767,
        0,
        2,
        3.633,
        0
      ]
    },
    {
      "Target": "Parameter",
      "Id": "ParamAngleX",
      "Segments": [
        0,
        0,
        0,
        0.167,
        2,
        1,
        0.267,
        2,
        0.367,
        -5.191,
        0.467,
        -8.569,
        1,
        0.534,
        -10.821,
        0.6,
        -10.606,
        0.667,
        -10.606,
        0,
        0.833,
        5.957,
        0,
        1.133,
        3.457,
        0,
        1.333,
        9.713,
        1,
        1.455,
        9.713,
        1.578,
        10.004,
        1.7,
        8.851,
        1,
        1.889,
        7.069,
        2.078,
        0,
        2.267,
        0,
        2,
        2.6,
        0,
        0,
        3.267,
        -6.11,
        0,
        3.633,
        0
      ]
    },
    {
      "Target": "Parameter",
      "Id": "ParamAngleY",
      "Segments": [
        0,
        0,
        0,
        0.2,
        16.59,
        1,
        0.278,
        16.59,
        0.355,
        -3.866,
        0.433,
        -11,
        1,
        0.511,
        -18.134,
        0.589,
        -18.03,
        0.667,
        -18.03,
        0,
        1.167,
        16.59,
        1,
        1.322,
        16.59,
        1.478,
        -13.888,
        1.633,
        -15.009,
        1,
        2.011,
        -17.731,
        2.389,
        -18.03,
        2.767,
        -18.03,
        0,
        3.4,
        2.201,
        0,
        3.633,
        0
      ]
    },
    {
      "Target": "Parameter",
      "Id": "ParamBodyAngleX",
      "Segments": [
        0,
        0,
        0,
        0.1,
        1.951,
        1,
        0.189,
        1.951,
        0.278,
        -0.858,
        0.367,
        -2,
        1,
        0.467,
        -3.285,
        0.567,
        -3.311,
        0.667,
        -3.311,
        0,
        1.333,
        3.052,
        0,
        1.7,
        1.951,
        2,
        2.767,
        1.951,
        0,
        3.633,
        0
      ]
    },
    {
      "Target": "Parameter",
      "Id": "ParamBodyAngleY",
      "Segments": [
        0,
        0,
        0,
        0.367,
        -8,
        0,
        0.9,
        3,
        0,
        1.633,
        -2.607,
        0,
        2.767,
        0,
        2,
        3.633,
        0
      ]
    },
    {
      "Target": "Parameter",
      "Id": "ParamHipX",
      "Segments": [
        0,
        0,
        0,
        0.5,
        2,
        0,
        1.133,
        -1.575,
        0,
        1.367,
        0,
        0,
        1.867,
        -2.021,
        0,
        2.6,
        1.818,
        0,
        3.167,
        -1.762,
        0,
        3.633,
        0
      ]
    },
    {
      "Target": "Parameter",
      "Id": "ParamEyeLOpen",
      "Segments": [
        0,
        1,
        2,
        0.2,
        1,
        1,
        0.244,
        1,
        0.289,
        0.889,
        0.333,
        0.5,
        1,
        0.344,
        0.403,
        0.356,
        0,
        0.367,
        0,
        2,
        1.2,
        0,
        1,
        1.211,
        0,
        1.222,
        0.424,
        1.233,
        0.5,
        1,
        1.289,
        0.882,
        1.344,
        1,
        1.4,
        1,
        0,
        2.767,
        0.78,
        0,
        3.633,
        1
      ]
    },
    {
      "Target": "Parameter",
      "Id": "ParamEyeROpen",
      "Segments": [
        0,
        1,
        2,
        0.2,
        1,
        1,
        0.244,
        1,
        0.289,
        0.889,
        0.333,
        0.5,
        1,
        0.344,
        0.403,
        0.356,
        0,
        0.367,
        0,
        2,
        1.2,
        0,
        1,
        1.211,
        0,
        1.222,
        0.424,
        1.233,
        0.5,
        1,
        1.289,
        0.882,
        1.344,
        1,
        1.4,
        1,
        0,
        2.767,
        0.865,
        0,
        3.633,
        1
      ]
    },
    {
      "Target": "Parameter",
      "Id": "ParamEyeSmile",
      "Segments": [
        0,
        1,
        0,
        0.367,
        0,
        2,
        2.767,
        0,
        0,
        3.633,
        1
      ]
    },
    {
      "Target": "Parameter",
      "Id": "ParamEyeBallX",
      "Segments": [
        0,
        0,
        0,
        0.3,
        0.086,
        2,
        0.667,
        0.086,
        0,
        1.7,
        0,
        2,
        3.633,
        0
      ]
    },
    {
      "Target": "Parameter",
      "Id": "ParamEyeBallY",
      "Segments": [
        0,
        0,
        0,
        0.3,
        0.181,
        2,
        0.667,
        0.181,
        0,
        1.1,
        0.3,
        2,
        2.767,
        0.3,
        0,
        3.633,
        0
      ]
    },
    {
      "Target": "Parameter",
      "Id": "ParamMouthOpenY",
      "Segments": [
        0,
        0,
        2,
        0.133,
        0,
        0,
        0.267,
        1,
        1,
        0.322,
        1,
        0.378,
        1,
        0.433,
        0.936,
        1,
        0.478,
        0.88,
        0.522,
        0.5,
        0.567,
        0.5,
        0,
        0.667,
        1,
        2,
        0.8,
        1,
        0,
        0.967,
        0,
        0,
        1.167,
        0.775,
        0,
        1.8,
        0,
        2,
        3.633,
        0
      ]
    },
    {
      "Target": "Parameter",
      "Id": "ParamMouthForm",
      "Segments": [
        0,
        0,
        2,
        0.567,
        0,
        0,
        0.733,
        -0.2,
        1,
        0.811,
        -0.2,
        0.889,
        -0.212,
        0.967,
        0,
        1,
        1.034,
        0.182,
        1.1,
        0.9,
        1.167,
        0.9,
        0,
        1.8,
        0,
        0,
        2.267,
        0.68,
        1,
        2.578,
        0.68,
        2.889,
        0.676,
        3.2,
        0.598,
        1,
        3.344,
        0.561,
        3.489,
        0,
        3.633,
        0
      ]
    },
    {
      "Target": "Parameter",
      "Id": "ParamBrowLForm",
      "Segments": [
        0,
        0,
        0,
        0.367,
        -0.4,
        1,
        0.456,
        -0.4,
        0.544,
        -0.419,
        0.633,
        -0.306,
        1,
        0.722,
        -0.193,
        0.811,
        0.6,
        0.9,
        0.6,
        0,
        1.7,
        0,
        2,
        3.633,
        0
      ]
    },
    {
      "Target": "Parameter",
      "Id": "ParamBrowRForm",
      "Segments": [
        0,
        0,
        0,
        0.367,
        -0.4,
        1,
        0.456,
        -0.4,
        0.544,
        -0.42,
        0.633,
        -0.3,
        1,
        0.722,
        -0.18,
        0.811,
        0.6,
        0.9,
        0.6,
        0,
        1.7,
        0,
        2,
        3.633,
        0
      ]
    },
    {
      "Target": "Parameter",
      "Id": "ParamLjian",
      "Segments": [
        0,
        0,
        0,
        0.467,
        19,
        0,
        1.033,
        -2,
        0,
        1.867,
        0,
        2,
        2.767,
        0,
        0,
        3.167,
        -5.46,
        0,
        3.633,
        0
      ]
    },
    {
      "Target": "Parameter",
      "Id": "ParamDownUpperArmLZ",
      "Segments": [
        0,
        0,
        0,
        0.233,
        -8.988,
        2,
        0.533,
        -8.988,
        0,
        0.9,
        0,
        2,
        1.333,
        0,
        2,
        2.767,
        0,
        0,
        3.167,
        -1.26,
        0,
        3.633,
        0
      ]
    },
    {
      "Target": "Parameter",
      "Id": "ParamDownUpperArmLY",
      "Segments": [
        0,
        0,
        1,
        0.078,
        0,
        0.155,
        11.183,
        0.233,
        17.28,
        1,
        0.333,
        25.119,
        0.433,
        26.16,
        0.533,
        26.16,
        1,
        0.655,
        26.16,
        0.778,
        13.509,
        0.9,
        9,
        1,
        1.111,
        1.211,
        1.322,
        0,
        1.533,
        0,
        2,
        3.633,
        0
      ]
    },
    {
      "Target": "Parameter",
      "Id": "ParamDownLowerArmLZ",
      "Segments": [
        0,
        0,
        0,
        0.233,
        8.076,
        2,
        0.533,
        8.076,
        0,
        0.9,
        0,
        2,
        1.333,
        0,
        2,
        1.567,
        0,
        2,
        2.767,
        0,
        0,
        3.167,
        1.02,
        0,
        3.633,
        0
      ]
    },
    {
      "Target": "Parameter",
      "Id": "ParamDownLowerArmLY",
      "Segments": [
        0,
        0,
        0,
        0.233,
        10.74,
        2,
        0.533,
        10.74,
        0,
        0.9,
        0,
        2,
        3.633,
        0
      ]
    },
    {
      "Target": "Parameter",
      "Id": "ParamDownHandLZ",
      "Segments": [
        0,
        0,
        1,
        0.078,
        0,
        0.155,
        -6.103,
        0.233,
        -8,
        1,
        0.333,
        -10.438,
        0.433,
        -10.56,
        0.533,
        -10.56,
        0,
        0.9,
        8,
        1,
        1.044,
        8,
        1.189,
        1.803,
        1.333,
        0,
        1,
        1.544,
        -2.636,
        1.756,
        -4.534,
        1.967,
        -5.58,
        1,
        2.167,
        -6.571,
        2.367,
        -6.6,
        2.567,
        -6.6,
        0,
        3.633,
        0
      ]
    },
    {
      "Target": "Parameter",
      "Id": "ParamDownHandL2",
      "Segments": [
        0,
        0,
        0,
        0.4,
        30,
        1,
        0.6,
        30,
        0.8,
        23.818,
        1,
        0,
        1,
        1.078,
        -9.263,
        1.155,
        -30,
        1.233,
        -30,
        2,
        1.733,
        -30,
        2,
        2.6,
        -30,
        0,
        3,
        18.728,
        0,
        3.367,
        0,
        2,
        3.633,
        0
      ]
    },
    {
      "Target": "Parameter",
      "Id": "ParamRjian",
      "Segments": [
        0,
        0,
        0,
        0.367,
        11,
        0,
        0.9,
        -22,
        0,
        1.7,
        -14,
        2,
        2.767,
        -14,
        0,
        3.633,
        0
      ]
    },
    {
      "Target": "Parameter",
      "Id": "ParamArmR",
      "Segments": [
        0,
        0,
        0,
        0.367,
        10,
        1,
        0.445,
        10,
        0.522,
        10.176,
        0.6,
        8.844,
        1,
        0.689,
        7.322,
        0.778,
        0,
        0.867,
        0,
        2,
        2.967,
        0,
        0,
        3.467,
        -0.809,
        0,
        3.633,
        0
      ]
    },
    {
      "Target": "Parameter",
      "Id": "ParamArmR1",
      "Segments": [
        0,
        0,
        1,
        0.089,
        0,
        0.178,
        8.91,
        0.267,
        10,
        1,
        0.389,
        11.498,
        0.511,
        11.465,
        0.633,
        11.465,
        0,
        1.3,
        -3.684,
        0,
        1.933,
        0,
        2,
        2.767,
        0,
        0,
        3.1,
        -3.065,
        0,
        3.633,
        0
      ]
    },
    {
      "Target": "Parameter",
      "Id": "ParamHandR",
      "Segments": [
        0,
        0,
        1,
        0.089,
        0,
        0.178,
        8.507,
        0.267,
        12,
        1,
        0.356,
        15.493,
        0.444,
        15.556,
        0.533,
        15.556,
        0,
        1.167,
        -2.088,
        0,
        1.833,
        3,
        2,
        2.767,
        3,
        0,
        2.933,
        -2.088,
        0,
        3.367,
        2,
        0,
        3.633,
        0
      ]
    },
    {
      "Target": "Parameter",
      "Id": "ParamFingerR1",
      "Segments": [
        0,
        0,
        0,
        0.167,
        -1.689,
        0,
        0.533,
        3,
        0,
        0.9,
        -4,
        0,
        1.4,
        1.093,
        0,
        1.733,
        0,
        2,
        2.833,
        0,
        0,
        3.067,
        -4,
        0,
        3.4,
        1.861,
        0,
        3.633,
        0
      ]
    },
    {
      "Target": "Parameter",
      "Id": "ParamFingerR2",
      "Segments": [
        0,
        0,
        0,
        0.333,
        -1.599,
        0,
        0.767,
        2.656,
        0,
        1.367,
        -1.653,
        0,
        1.767,
        0,
        2,
        2.833,
        0,
        0,
        3.2,
        -3.399,
        0,
        3.5,
        1.578,
        0,
        3.633,
        0
      ]
    },
    {
      "Target": "Parameter",
      "Id": "ParamMicrophoneZ1",
      "Segments": [
        0,
        0,
        0,
        0.167,
        -0.78,
        1,
        0.2,
        -0.78,
        0.234,
        0.069,
        0.267,
        0.302,
        1,
        0.322,
        0.69,
        0.378,
        0.72,
        0.433,
        0.72,
        2,
        0.6,
        0.72,
        0,
        0.867,
        1.424,
        0,
        1.3,
        -1.85,
        1,
        1.422,
        -1.85,
        1.545,
        -1.432,
        1.667,
        -1.007,
        1,
        1.734,
        -0.775,
        1.8,
        -0.767,
        1.867,
        -0.767,
        0,
        2.233,
        -1.007,
        2,
        2.633,
        -1.007,
        1,
        2.733,
        -1.007,
        2.833,
        -1.238,
        2.933,
        -2.073,
        1,
        2.978,
        -2.444,
        3.022,
        -3.003,
        3.067,
        -3.003,
        1,
        3.145,
        -3.003,
        3.222,
        -3.045,
        3.3,
        -2.411,
        1,
        3.411,
        -1.505,
        3.522,
        0,
        3.633,
        0
      ]
    },
    {
      "Target": "Parameter",
      "Id": "ParamMicrophoneY",
      "Segments": [
        0,
        0,
        0,
        0.2,
        7.56,
        2,
        0.4,
        7.56,
        0,
        0.6,
        18.987,
        0,
        0.9,
        9.207,
        0,
        1.367,
        23,
        0,
        1.8,
        15.86,
        0,
        3.067,
        17,
        1,
        3.145,
        17,
        3.222,
        16.556,
        3.3,
        12.374,
        1,
        3.411,
        6.4,
        3.522,
        0,
        3.633,
        0
      ]
    },
    {
      "Target": "Parameter",
      "Id": "ParamLineZ1",
      "Segments": [
        0,
        0,
        1,
        0.056,
        0,
        0.111,
        0.012,
        0.167,
        0.18,
        1,
        0.256,
        0.449,
        0.344,
        0.717,
        0.433,
        0.717,
        0,
        0.6,
        0.71,
        0,
        0.867,
        1.691,
        0,
        1.3,
        1.219,
        1,
        1.422,
        1.219,
        1.545,
        1.321,
        1.667,
        1.502,
        1,
        1.734,
        1.601,
        1.8,
        1.639,
        1.867,
        1.639,
        1,
        1.989,
        1.639,
        2.111,
        1.613,
        2.233,
        1.577,
        1,
        2.366,
        1.538,
        2.5,
        1.519,
        2.633,
        1.473,
        1,
        2.733,
        1.438,
        2.833,
        1.365,
        2.933,
        1.286,
        1,
        2.978,
        1.251,
        3.022,
        1.161,
        3.067,
        1.03,
        1,
        3.145,
        0.801,
        3.222,
        0.069,
        3.3,
        0.039,
        1,
        3.411,
        -0.004,
        3.522,
        0,
        3.633,
        0
      ]
    },
    {
      "Target": "Parameter",
      "Id": "ParamMicrophoneYY",
      "Segments": [
        0,
        0,
        2,
        0.267,
        0,
        0,
        0.367,
        0.2,
        2,
        0.667,
        0.2,
        0,
        0.833,
        -0.125,
        2,
        0.933,
        -0.125,
        0,
        1.267,
        0.1,
        0,
        1.4,
        0,
        2,
        2.767,
        0,
        0,
        3.133,
        0.2,
        0,
        3.633,
        0
      ]
    },
    {
      "Target": "Parameter",
      "Id": "ParamLegL",
      "Segments": [
        0,
        0,
        0,
        0.233,
        -6.685,
        0,
        0.9,
        4,
        0,
        1.367,
        0,
        0,
        1.733,
        1.153,
        0,
        2.367,
        -3.026,
        0,
        2.833,
        2.841,
        0,
        3.333,
        -2.544,
        0,
        3.633,
        0
      ]
    },
    {
      "Target": "Parameter",
      "Id": "ParamLegL1",
      "Segments": [
        0,
        0,
        0,
        0.233,
        1.25,
        0,
        0.6,
        -4,
        0,
        1.1,
        1.25,
        1,
        1.189,
        1.25,
        1.278,
        0.588,
        1.367,
        0,
        1,
        1.489,
        -0.808,
        1.611,
        -1,
        1.733,
        -1,
        0,
        2.367,
        1.25,
        0,
        2.833,
        -4,
        0,
        3.333,
        1.25,
        0,
        3.633,
        0
      ]
    },
    {
      "Target": "Parameter",
      "Id": "ParamFootL",
      "Segments": [
        0,
        0,
        0,
        0.433,
        4.557,
        0,
        0.867,
        -13,
        0,
        1.367,
        3,
        0,
        1.733,
        -2,
        0,
        2.567,
        4.557,
        0,
        3.033,
        -3.349,
        0,
        3.333,
        3.82,
        0,
        3.633,
        0
      ]
    },
    {
      "Target": "Parameter",
      "Id": "ParamLegR",
      "Segments": [
        0,
        0,
        0,
        0.233,
        1.165,
        0,
        0.9,
        -2.479,
        0,
        1.367,
        0,
        0,
        1.733,
        -1.791,
        0,
        2.367,
        1.165,
        0,
        2.833,
        -1.112,
        0,
        3.333,
        1.359,
        0,
        3.633,
        0
      ]
    },
    {
      "Target": "Parameter",
      "Id": "ParamLegR1",
      "Segments": [
        0,
        0,
        0,
        0.233,
        -1.542,
        0,
        0.6,
        0.249,
        0,
        1.1,
        -1.25,
        1,
        1.189,
        -1.25,
        1.278,
        -1.194,
        1.367,
        0,
        1,
        1.489,
        1.641,
        1.611,
        3.66,
        1.733,
        3.66,
        0,
        2.367,
        -2.57,
        0,
        2.833,
        1.999,
        0,
        3.333,
        -3.928,
        0,
        3.633,
        0
      ]
    },
    {
      "Target": "Parameter",
      "Id": "ParamFootR",
      "Segments": [
        0,
        0,
        0,
        0.433,
        -4.557,
        0,
        0.867,
        13,
        0,
        1.367,
        0,
        2,
        1.733,
        0,
        0,
        2.367,
        3.66,
        0,
        2.833,
        1.56,
        0,
        3.333,
        2.728,
        0,
        3.633,
        0
      ]
    },
    {
      "Target": "Parameter",
      "Id": "ParamHairBow1",
      "Segments": [
        0,
        0,
        0,
        0.267,
        21.85,
        0,
        0.7,
        -30,
        0,
        1.233,
        21.85,
        0,
        1.7,
        -7.193,
        0,
        2.3,
        8,
        0,
        2.833,
        -4,
        0,
        3.333,
        12.888,
        0,
        3.633,
        0
      ]
    },
    {
      "Target": "Parameter",
      "Id": "ParamHairBow2",
      "Segments": [
        0,
        0,
        0,
        0.433,
        20.081,
        0,
        1,
        -21.879,
        0,
        1.467,
        18.582,
        0,
        1.933,
        -12.588,
        0,
        2.533,
        9.291,
        0,
        3.033,
        -6.594,
        0,
        3.433,
        11.389,
        0,
        3.633,
        0
      ]
    },
    {
      "Target": "Parameter",
      "Id": "ParamHairQ11",
      "Segments": [
        0,
        0,
        0,
        0.233,
        14.233,
        0,
        0.7,
        -16.361,
        0,
        1.1,
        9.019,
        0,
        1.4,
        -6.196,
        0,
        1.833,
        3.369,
        0,
        2.3,
        -3.006,
        0,
        2.8,
        2.163,
        0,
        3.233,
        -7.074,
        0,
        3.633,
        0
      ]
    },
    {
      "Target": "Parameter",
      "Id": "ParamHairQ12",
      "Segments": [
        0,
        0,
        0,
        0.4,
        13.97,
        0,
        0.867,
        -13.263,
        0,
        1.233,
        9.019,
        0,
        1.6,
        -5.135,
        0,
        2.067,
        3.714,
        0,
        2.533,
        -2.748,
        0,
        3.033,
        2.594,
        0,
        3.4,
        -6.366,
        0,
        3.633,
        0
      ]
    },
    {
      "Target": "Parameter",
      "Id": "ParamHairQ21",
      "Segments": [
        0,
        0,
        0,
        0.3,
        14.147,
        0,
        0.8,
        -13.263,
        0,
        1.1,
        9.982,
        0,
        1.467,
        -5.862,
        0,
        2,
        3.183,
        0,
        2.5,
        -2.299,
        0,
        3,
        2.299,
        0,
        3.333,
        -3.714,
        0,
        3.633,
        0
      ]
    },
    {
      "Target": "Parameter",
      "Id": "ParamHairQ22",
      "Segments": [
        0,
        0,
        0,
        0.433,
        13.309,
        0,
        0.867,
        -12.828,
        0,
        1.2,
        9.793,
        0,
        1.667,
        -5.862,
        0,
        2.233,
        3.169,
        0,
        2.733,
        -2.377,
        0,
        3.167,
        2.694,
        0,
        3.433,
        -4.278,
        0,
        3.633,
        0
      ]
    },
    {
      "Target": "Parameter",
      "Id": "ParamHairQ31",
      "Segments": [
        0,
        0,
        0,
        0.367,
        12.992,
        0,
        0.8,
        -7.605,
        0,
        1.167,
        9.348,
        0,
        1.567,
        -5.387,
        0,
        2.1,
        3.961,
        0,
        2.533,
        -2.218,
        0,
        2.933,
        3.169,
        0,
        3.3,
        -5.387,
        0,
        3.633,
        0
      ]
    },
    {
      "Target": "Parameter",
      "Id": "ParamHairQ32",
      "Segments": [
        0,
        0,
        0,
        0.5,
        12.025,
        0,
        0.967,
        -5.953,
        0,
        1.333,
        8.691,
        0,
        1.8,
        -4.762,
        0,
        2.333,
        3.691,
        0,
        2.733,
        -2.381,
        0,
        3.1,
        2.857,
        0,
        3.4,
        -2.619,
        0,
        3.633,
        0
      ]
    },
    {
      "Target": "Parameter",
      "Id": "ParamHairQ41",
      "Segments": [
        0,
        0,
        0,
        0.267,
        12.263,
        0,
        0.7,
        -7.739,
        0,
        1.1,
        9.587,
        0,
        1.5,
        -5.153,
        0,
        2,
        4.434,
        0,
        2.433,
        -2.636,
        0,
        2.833,
        3.595,
        0,
        3.233,
        -5.512,
        0,
        3.633,
        0
      ]
    },
    {
      "Target": "Parameter",
      "Id": "ParamHairQ42",
      "Segments": [
        0,
        0,
        0,
        0.4,
        11.793,
        0,
        0.833,
        -6.706,
        0,
        1.267,
        8.44,
        0,
        1.7,
        -4.972,
        0,
        2.167,
        3.931,
        0,
        2.567,
        -2.775,
        0,
        3,
        3.931,
        0,
        3.3,
        -3.469,
        0,
        3.633,
        0
      ]
    },
    {
      "Target": "Parameter",
      "Id": "ParamHairQ43",
      "Segments": [
        0,
        0,
        0,
        0.567,
        11,
        0,
        1,
        -4.598,
        0,
        1.467,
        7.806,
        0,
        1.867,
        -3.636,
        0,
        2.333,
        4.277,
        0,
        2.767,
        -2.566,
        0,
        3.133,
        3.743,
        0,
        3.4,
        -3.101,
        0,
        3.633,
        0
      ]
    },
    {
      "Target": "Parameter",
      "Id": "ParamHairL11",
      "Segments": [
        0,
        0,
        0,
        0.167,
        11,
        0,
        0.4,
        -15.879,
        0,
        0.8,
        -8.701,
        0,
        1.167,
        -15.879,
        0,
        1.567,
        0,
        0,
        2.1,
        -8.701,
        0,
        2.733,
        -4.04,
        0,
        3.133,
        -8.086,
        0,
        3.433,
        3.393,
        0,
        3.633,
        0
      ]
    },
    {
      "Target": "Parameter",
      "Id": "ParamHairL12",
      "Segments": [
        0,
        0,
        0,
        0.267,
        10.876,
        0,
        0.533,
        -3.884,
        0,
        1,
        6.681,
        0,
        1.367,
        -3.729,
        0,
        1.833,
        6.681,
        0,
        2.367,
        -3.884,
        0,
        2.867,
        2.641,
        0,
        3.3,
        -2.338,
        0,
        3.5,
        2.616,
        0,
        3.633,
        0
      ]
    },
    {
      "Target": "Parameter",
      "Id": "ParamHairL21",
      "Segments": [
        0,
        0,
        0,
        0.233,
        10,
        0,
        0.767,
        -20.205,
        0,
        1.3,
        0,
        0,
        1.8,
        -11.349,
        0,
        2.4,
        0,
        0,
        2.933,
        -9.079,
        0,
        3.4,
        5.238,
        0,
        3.633,
        0
      ]
    },
    {
      "Target": "Parameter",
      "Id": "ParamHairL22",
      "Segments": [
        0,
        0,
        0,
        0.5,
        9.777,
        0,
        0.967,
        -13,
        0,
        1.6,
        6.635,
        0,
        2.067,
        -9.777,
        0,
        2.633,
        4.714,
        0,
        3.167,
        -7.158,
        0,
        3.5,
        3.841,
        0,
        3.633,
        0
      ]
    },
    {
      "Target": "Parameter",
      "Id": "ParamHairR11",
      "Segments": [
        0,
        0,
        0,
        0.233,
        8.347,
        0,
        0.8,
        -17.32,
        0,
        1.2,
        13.015,
        0,
        1.667,
        0,
        0,
        2.167,
        8.347,
        0,
        2.767,
        0,
        0,
        3.167,
        8.347,
        0,
        3.633,
        0
      ]
    },
    {
      "Target": "Parameter",
      "Id": "ParamHairR12",
      "Segments": [
        0,
        0,
        0,
        0.5,
        9.118,
        0,
        1,
        -5.962,
        0,
        1.4,
        6.488,
        0,
        1.9,
        -3,
        0,
        2.433,
        4.033,
        0,
        3,
        -4,
        0,
        3.367,
        3,
        0,
        3.633,
        0
      ]
    },
    {
      "Target": "Parameter",
      "Id": "ParamHairR21",
      "Segments": [
        0,
        0,
        0,
        0.233,
        8.347,
        0,
        0.8,
        -17.32,
        0,
        1.2,
        13.015,
        0,
        1.667,
        0,
        0,
        2.167,
        8.347,
        0,
        2.767,
        0,
        0,
        3.167,
        8.347,
        0,
        3.633,
        0
      ]
    },
    {
      "Target": "Parameter",
      "Id": "ParamHairR22",
      "Segments": [
        0,
        0,
        0,
        0.5,
        9.118,
        0,
        1,
        -5.962,
        0,
        1.4,
        6.488,
        0,
        1.9,
        -3,
        0,
        2.433,
        4.033,
        0,
        3,
        -4,
        0,
        3.367,
        3,
        0,
        3.633,
        0
      ]
    },
    {
      "Target": "Parameter",
      "Id": "ParamHairR23",
      "Segments": [
        0,
        0,
        0,
        0.233,
        -18,
        0,
        0.667,
        15.624,
        0,
        1.133,
        -14.578,
        0,
        1.633,
        11.079,
        0,
        2.133,
        -14.578,
        0,
        2.633,
        0,
        0,
        3.2,
        -14.578,
        0,
        3.633,
        0
      ]
    },
    {
      "Target": "Parameter",
      "Id": "ParamHairR24",
      "Segments": [
        0,
        0,
        0,
        0.233,
        -14.383,
        0,
        0.8,
        16.023,
        0,
        1.333,
        -20,
        0,
        1.8,
        7.263,
        0,
        2.233,
        -14.383,
        0,
        2.733,
        0,
        0,
        3.3,
        -6.247,
        0,
        3.633,
        0
      ]
    },
    {
      "Target": "Parameter",
      "Id": "ParamHairHX11",
      "Segments": [
        0,
        0,
        0,
        0.167,
        11.754,
        0,
        0.4,
        -7.742,
        0,
        0.7,
        4.451,
        0,
        1,
        -7.075,
        0,
        1.267,
        8.903,
        0,
        1.6,
        -5.297,
        0,
        1.967,
        4.451,
        0,
        2.4,
        -5.297,
        0,
        2.967,
        0,
        0,
        3.333,
        -5.071,
        0,
        3.633,
        0
      ]
    },
    {
      "Target": "Parameter",
      "Id": "ParamHairHX12",
      "Segments": [
        0,
        0,
        0,
        0.267,
        9.354,
        0,
        0.533,
        -5.973,
        0,
        0.833,
        3.944,
        0,
        1.1,
        -5.522,
        0,
        1.4,
        7.325,
        0,
        1.8,
        -4.17,
        0,
        2.2,
        3.719,
        0,
        2.633,
        -4.846,
        0,
        3.1,
        2.254,
        0,
        3.433,
        -3.381,
        0,
        3.633,
        0
      ]
    },
    {
      "Target": "Parameter",
      "Id": "ParamHairHX21",
      "Segments": [
        0,
        0,
        0,
        0.2,
        12,
        0,
        0.533,
        -12.717,
        0,
        0.9,
        8.287,
        0,
        1.233,
        -7.144,
        0,
        1.6,
        5.143,
        0,
        2.033,
        -1.857,
        0,
        2.633,
        4.572,
        0,
        3.2,
        -6.429,
        0,
        3.633,
        0
      ]
    },
    {
      "Target": "Parameter",
      "Id": "ParamHairHX22",
      "Segments": [
        0,
        0,
        0,
        0.333,
        10.001,
        0,
        0.7,
        -9.43,
        0,
        1.033,
        7.429,
        0,
        1.367,
        -6.143,
        0,
        1.8,
        5.143,
        0,
        2.3,
        -2.286,
        0,
        2.933,
        4.715,
        0,
        3.367,
        -3.572,
        0,
        3.633,
        0
      ]
    },
    {
      "Target": "Parameter",
      "Id": "ParamHairH11",
      "Segments": [
        0,
        0,
        0,
        0.267,
        12.301,
        0,
        0.8,
        -24.591,
        0,
        1.267,
        -3,
        0,
        1.8,
        -17,
        0,
        2.4,
        -8,
        0,
        2.867,
        -13.648,
        0,
        3.433,
        5.331,
        0,
        3.633,
        0
      ]
    },
    {
      "Target": "Parameter",
      "Id": "ParamHairH12",
      "Segments": [
        0,
        0,
        0,
        0.5,
        11.302,
        0,
        0.967,
        -10.023,
        0,
        1.567,
        8.53,
        0,
        2.033,
        -7.25,
        0,
        2.633,
        8.53,
        0,
        3.1,
        -6.611,
        0,
        3.5,
        5.331,
        0,
        3.633,
        0
      ]
    },
    {
      "Target": "Parameter",
      "Id": "ParamHairH13",
      "Segments": [
        0,
        0,
        0,
        0.267,
        -7,
        0,
        0.7,
        9.368,
        0,
        1.167,
        -8.259,
        0,
        1.733,
        7.273,
        0,
        2.233,
        -5.67,
        0,
        2.7,
        8.505,
        0,
        3.233,
        -6.04,
        0,
        3.633,
        0
      ]
    },
    {
      "Target": "Parameter",
      "Id": "ParamOpaishakeLX",
      "Segments": [
        0,
        0,
        0,
        0.267,
        14.068,
        0,
        0.567,
        -13.628,
        0,
        0.933,
        19.45,
        0,
        1.3,
        -10.707,
        0,
        1.7,
        6,
        0,
        2.067,
        -2.855,
        0,
        2.533,
        3.306,
        0,
        2.967,
        -2.855,
        0,
        3.333,
        3.206,
        0,
        3.633,
        0
      ]
    },
    {
      "Target": "Parameter",
      "Id": "ParamOpaishakeLX2",
      "Segments": [
        0,
        0,
        0,
        0.4,
        11.664,
        0,
        0.733,
        -8.795,
        0,
        1.1,
        14.34,
        0,
        1.467,
        -8.031,
        0,
        1.867,
        5.736,
        0,
        2.3,
        -3.633,
        0,
        2.767,
        3.633,
        0,
        3.167,
        -2.486,
        0,
        3.467,
        3.633,
        0,
        3.633,
        0
      ]
    },
    {
      "Target": "Parameter",
      "Id": "ParamOpaishakeLY",
      "Segments": [
        0,
        0,
        0,
        0.267,
        4.855,
        0,
        0.5,
        -6.316,
        0,
        0.8,
        2.518,
        0,
        1.1,
        -5.573,
        0,
        1.467,
        1.263,
        0,
        1.8,
        0,
        2,
        3.633,
        0
      ]
    },
    {
      "Target": "Parameter",
      "Id": "ParamOpaishakeLY2",
      "Segments": [
        0,
        0,
        0,
        0.4,
        4.197,
        0,
        0.633,
        -4.585,
        0,
        0.933,
        2.518,
        0,
        1.233,
        -4.068,
        0,
        1.567,
        1.743,
        0,
        1.8,
        0,
        2,
        3.633,
        0
      ]
    },
    {
      "Target": "Parameter",
      "Id": "ParamOpaishakeRX",
      "Segments": [
        0,
        0,
        0,
        0.3,
        14.068,
        0,
        0.667,
        -13.628,
        0,
        1.033,
        19.45,
        0,
        1.4,
        -10.707,
        0,
        1.8,
        6,
        0,
        2.167,
        -2.855,
        0,
        2.533,
        3.306,
        0,
        2.967,
        -2.855,
        0,
        3.333,
        3.206,
        0,
        3.633,
        0
      ]
    },
    {
      "Target": "Parameter",
      "Id": "ParamOpaishakeRX2",
      "Segments": [
        0,
        0,
        0,
        0.433,
        11.664,
        0,
        0.833,
        -8.795,
        0,
        1.2,
        14.34,
        0,
        1.567,
        -8.031,
        0,
        1.967,
        5.736,
        0,
        2.4,
        -3.633,
        0,
        2.767,
        3.633,
        0,
        3.167,
        -2.486,
        0,
        3.467,
        3.633,
        0,
        3.633,
        0
      ]
    },
    {
      "Target": "Parameter",
      "Id": "ParamOpaishakeRY",
      "Segments": [
        0,
        0,
        0,
        0.267,
        4.855,
        0,
        0.5,
        -6.316,
        0,
        0.8,
        2.518,
        0,
        1.1,
        -5.573,
        0,
        1.467,
        1.263,
        0,
        1.8,
        0,
        2,
        3.633,
        0
      ]
    },
    {
      "Target": "Parameter",
      "Id": "ParamOpaishakeRY2",
      "Segments": [
        0,
        0,
        0,
        0.4,
        4.197,
        0,
        0.633,
        -4.585,
        0,
        0.933,
        2.518,
        0,
        1.233,
        -4.068,
        0,
        1.567,
        1.743,
        0,
        1.8,
        0,
        2,
        3.633,
        0
      ]
    },
    {
      "Target": "Parameter",
      "Id": "ParamTanLilL1",
      "Segments": [
        0,
        0,
        0,
        0.133,
        21,
        0,
        0.467,
        -14,
        0,
        1,
        18,
        0,
        1.533,
        -14,
        0,
        2.167,
        8.902,
        0,
        2.7,
        -10.925,
        0,
        3.167,
        4.046,
        0,
        3.467,
        -3.642,
        0,
        3.633,
        0
      ]
    },
    {
      "Target": "Parameter",
      "Id": "ParamTanLilL2",
      "Segments": [
        0,
        0,
        0,
        0.3,
        17.197,
        0,
        0.7,
        -12.543,
        0,
        1.3,
        15.173,
        0,
        1.867,
        -12.543,
        0,
        2.467,
        8.902,
        0,
        2.9,
        -10.723,
        0,
        3.333,
        4.855,
        0,
        3.533,
        -3.844,
        0,
        3.633,
        0
      ]
    },
    {
      "Target": "Parameter",
      "Id": "ParamTanLiR1",
      "Segments": [
        0,
        0,
        0,
        0.133,
        -21,
        0,
        0.467,
        14,
        0,
        1,
        -18,
        0,
        1.533,
        14,
        0,
        2.167,
        -8.902,
        0,
        2.7,
        10.925,
        0,
        3.167,
        -4.046,
        0,
        3.467,
        3.642,
        0,
        3.633,
        0
      ]
    },
    {
      "Target": "Parameter",
      "Id": "ParamTanLiR2",
      "Segments": [
        0,
        0,
        0,
        0.3,
        -17.197,
        0,
        0.7,
        12.543,
        0,
        1.3,
        -15.173,
        0,
        1.867,
        12.543,
        0,
        2.467,
        -8.902,
        0,
        2.9,
        10.723,
        0,
        3.333,
        -4.855,
        0,
        3.533,
        3.844,
        0,
        3.633,
        0
      ]
    },
    {
      "Target": "Parameter",
      "Id": "ParamUpHeaddress1",
      "Segments": [
        0,
        0,
        0,
        0.3,
        26.756,
        0,
        0.733,
        -23.068,
        0,
        1.2,
        12.672,
        0,
        1.733,
        -12.672,
        0,
        2.3,
        5,
        1,
        2.511,
        5,
        2.722,
        4.421,
        2.933,
        0,
        1,
        3.044,
        -2.327,
        3.156,
        -12.672,
        3.267,
        -12.672,
        0,
        3.633,
        0
      ]
    },
    {
      "Target": "Parameter",
      "Id": "ParamUpHeaddress2",
      "Segments": [
        0,
        0,
        0,
        0.467,
        23.616,
        0,
        0.9,
        -17.856,
        0,
        1.433,
        12.096,
        0,
        2,
        -13.248,
        0,
        2.567,
        8.064,
        1,
        2.722,
        8.064,
        2.878,
        7.523,
        3.033,
        2.016,
        1,
        3.144,
        -1.917,
        3.256,
        -12.96,
        3.367,
        -12.96,
        0,
        3.633,
        0
      ]
    },
    {
      "Target": "Parameter",
      "Id": "ParamLHeaddress1",
      "Segments": [
        0,
        0,
        0,
        0.2,
        14,
        0,
        0.8,
        -25.57,
        0,
        1.3,
        8.523,
        0,
        1.8,
        -16.468,
        0,
        2.4,
        5.718,
        0,
        3.033,
        -5.261,
        0,
        3.4,
        6.404,
        0,
        3.633,
        0
      ]
    },
    {
      "Target": "Parameter",
      "Id": "ParamLHeaddress2",
      "Segments": [
        0,
        0,
        0,
        0.5,
        13.266,
        0,
        1,
        -21.958,
        0,
        1.567,
        10.293,
        0,
        2.067,
        -13.495,
        0,
        2.7,
        7.777,
        0,
        3.167,
        -6.862,
        0,
        3.467,
        5.032,
        0,
        3.633,
        0
      ]
    },
    {
      "Target": "Parameter",
      "Id": "ParamLHeaddress3",
      "Segments": [
        0,
        0,
        0,
        0.4,
        18.664,
        0,
        1.1,
        -23.432,
        0,
        1.733,
        9.733,
        0,
        2.233,
        -10.277,
        0,
        2.867,
        6.543,
        0,
        3.267,
        -6.41,
        0,
        3.633,
        0
      ]
    },
    {
      "Target": "Parameter",
      "Id": "ParamLHeaddress4",
      "Segments": [
        0,
        0,
        0,
        0.633,
        18.98,
        0,
        1.333,
        -19.612,
        0,
        1.967,
        11.522,
        0,
        2.5,
        -9.18,
        0,
        3.033,
        7.335,
        0,
        3.367,
        -4.787,
        0,
        3.633,
        0
      ]
    },
    {
      "Target": "Parameter",
      "Id": "ParamRHeaddress1",
      "Segments": [
        0,
        0,
        0,
        0.2,
        19,
        0,
        0.7,
        -28.607,
        0,
        1.267,
        15.685,
        0,
        1.9,
        -17.337,
        0,
        2.533,
        11.558,
        0,
        3.1,
        -10.182,
        0,
        3.633,
        0
      ]
    },
    {
      "Target": "Parameter",
      "Id": "ParamRHeaddress2",
      "Segments": [
        0,
        0,
        0,
        0.433,
        16.786,
        0,
        0.933,
        -20.088,
        0,
        1.533,
        14.585,
        0,
        2.2,
        -15.135,
        0,
        2.8,
        10.457,
        0,
        3.3,
        -9.631,
        0,
        3.633,
        0
      ]
    },
    {
      "Target": "Parameter",
      "Id": "ParamDownDress1",
      "Segments": [
        0,
        0,
        0,
        0.3,
        5,
        0,
        0.867,
        -5,
        0,
        1.533,
        2,
        0,
        2.367,
        -2,
        0,
        3.067,
        2,
        0,
        3.633,
        0
      ]
    },
    {
      "Target": "Parameter",
      "Id": "ParamDownDress2",
      "Segments": [
        0,
        0,
        0,
        0.533,
        3.526,
        0,
        1.133,
        -3.237,
        0,
        1.9,
        1.792,
        0,
        2.667,
        -1.387,
        0,
        3.267,
        1.676,
        0,
        3.633,
        0
      ]
    },
    {
      "Target": "Parameter",
      "Id": "ParamPendantZ",
      "Segments": [
        0,
        0,
        0,
        0.167,
        9,
        0,
        0.467,
        0,
        2,
        0.8,
        0,
        0,
        1.2,
        5.028,
        0,
        1.7,
        -0.156,
        0,
        2.2,
        2.54,
        0,
        2.733,
        0,
        2,
        3.633,
        0
      ]
    },
    {
      "Target": "Parameter",
      "Id": "ParamLArmRibbon1",
      "Segments": [
        0,
        0,
        0,
        0.2,
        -4.153,
        0,
        0.6,
        7.273,
        0,
        1,
        -2.708,
        0,
        1.433,
        3.633,
        0,
        1.933,
        -2.642,
        0,
        2.5,
        2.312,
        0,
        3.133,
        -2.51,
        0,
        3.633,
        0
      ]
    },
    {
      "Target": "Parameter",
      "Id": "ParamLArmRibbon2",
      "Segments": [
        0,
        0,
        0,
        0.367,
        -3.765,
        0,
        0.733,
        5.482,
        0,
        1.133,
        -2.84,
        0,
        1.667,
        2.906,
        0,
        2.167,
        -2.51,
        0,
        2.767,
        2.246,
        0,
        3.3,
        -2.312,
        0,
        3.633,
        0
      ]
    },
    {
      "Target": "Parameter",
      "Id": "ParamRArmRibbon1",
      "Segments": [
        0,
        0,
        0,
        0.2,
        -4.153,
        0,
        0.6,
        7.273,
        0,
        1,
        -2.708,
        0,
        1.433,
        3.633,
        0,
        1.933,
        -2.642,
        0,
        2.5,
        2.312,
        0,
        3.133,
        -2.51,
        0,
        3.633,
        0
      ]
    },
    {
      "Target": "Parameter",
      "Id": "ParamRArmRibbon2",
      "Segments": [
        0,
        0,
        0,
        0.367,
        -3.765,
        0,
        0.733,
        5.482,
        0,
        1.133,
        -2.84,
        0,
        1.667,
        2.906,
        0,
        2.167,
        -2.51,
        0,
        2.767,
        2.246,
        0,
        3.3,
        -2.312,
        0,
        3.633,
        0
      ]
    },
    {
      "Target": "Parameter",
      "Id": "ParamRArmRibbon11",
      "Segments": [
        0,
        0,
        0,
        0.167,
        4.675,
        0,
        0.567,
        -3.792,
        0,
        0.867,
        9,
        0,
        1.167,
        -8,
        0,
        1.433,
        4.675,
        0,
        1.833,
        -3.931,
        0,
        2.4,
        2.064,
        0,
        2.767,
        -1.713,
        0,
        3.167,
        3.988,
        0,
        3.467,
        -2.023,
        0,
        3.633,
        0
      ]
    },
    {
      "Target": "Parameter",
      "Id": "ParamRArmRibbon12",
      "Segments": [
        0,
        0,
        0,
        0.333,
        4.422,
        0,
        0.7,
        -2.948,
        0,
        1,
        7.861,
        0,
        1.267,
        -6.387,
        0,
        1.633,
        4.618,
        0,
        2.1,
        -3.734,
        0,
        2.6,
        2.686,
        0,
        2.933,
        -1.989,
        0,
        3.3,
        2.849,
        0,
        3.5,
        -1.179,
        0,
        3.633,
        0
      ]
    },
    {
      "Target": "Parameter",
      "Id": "ParamRArmRibbon21",
      "Segments": [
        0,
        0,
        0,
        0.133,
        0.405,
        0,
        0.367,
        -4.691,
        0,
        0.8,
        12.853,
        0,
        1.367,
        -4.691,
        0,
        1.867,
        7.099,
        0,
        2.5,
        -4.057,
        0,
        3.1,
        4.969,
        0,
        3.633,
        0
      ]
    },
    {
      "Target": "Parameter",
      "Id": "ParamRArmRibbon22",
      "Segments": [
        0,
        0,
        0,
        0.233,
        1.927,
        0,
        0.6,
        -3.651,
        0,
        1.1,
        8.417,
        0,
        1.633,
        -4.158,
        0,
        2.167,
        5.476,
        0,
        2.833,
        -4.158,
        0,
        3.333,
        4.057,
        0,
        3.633,
        0
      ]
    },
    {
      "Target": "Parameter",
      "Id": "ParamRArmRibbonX",
      "Segments": [
        0,
        0,
        0,
        0.2,
        -13,
        1,
        0.333,
        -13,
        0.467,
        -13.466,
        0.6,
        -11.676,
        1,
        0.8,
        -8.991,
        1,
        7,
        1.2,
        7,
        0,
        1.833,
        -3.353,
        1,
        2.111,
        -3.353,
        2.389,
        -2.714,
        2.667,
        2,
        1,
        2.8,
        4.263,
        2.934,
        17,
        3.067,
        17,
        0,
        3.433,
        -5.549,
        0,
        3.633,
        0
      ]
    },
    {
      "Target": "Parameter",
      "Id": "ParamRArmRibbon23",
      "Segments": [
        0,
        0,
        0,
        0.2,
        -4,
        1,
        0.289,
        -4,
        0.378,
        -2.799,
        0.467,
        -1.919,
        1,
        0.622,
        -0.379,
        0.778,
        0,
        0.933,
        0,
        0,
        1.433,
        -6,
        0,
        1.867,
        -2.289,
        1,
        2.067,
        -2.289,
        2.267,
        -2.497,
        2.467,
        -4,
        1,
        2.622,
        -5.169,
        2.778,
        -7,
        2.933,
        -7,
        0,
        3.633,
        0
      ]
    },
    {
      "Target": "Parameter",
      "Id": "ParamRArmRibbon24",
      "Segments": [
        0,
        0,
        0,
        0.133,
        1.419,
        0,
        0.5,
        -1.808,
        0,
        1.233,
        0.999,
        0,
        1.733,
        -1.948,
        0,
        2.433,
        1.034,
        0,
        3.2,
        -1.457,
        0,
        3.633,
        0
      ]
    },
    {
      "Target": "Parameter",
      "Id": "ParamLArmRibbonFit",
      "Segments": [
        0,
        0,
        1,
        0.056,
        0,
        0.111,
        -3.706,
        0.167,
        -6,
        1,
        0.222,
        -8.294,
        0.278,
        -8.505,
        0.333,
        -8.505,
        1,
        0.466,
        -8.505,
        0.6,
        -8.367,
        0.733,
        -5.846,
        1,
        0.833,
        -3.955,
        0.933,
        2,
        1.033,
        2,
        2,
        1.667,
        2,
        0,
        2.033,
        0.56,
        2,
        2.7,
        0.56,
        0,
        2.933,
        -1,
        0,
        3.633,
        0
      ]
    },
    {
      "Target": "Parameter",
      "Id": "ParamLHandRibbon11",
      "Segments": [
        0,
        0,
        0,
        0.2,
        -10.705,
        0,
        0.633,
        8.249,
        0,
        1,
        -8.984,
        0,
        1.533,
        3.835,
        0,
        2.167,
        -8.984,
        0,
        2.767,
        5.149,
        0,
        3.3,
        -5.916,
        0,
        3.633,
        0
      ]
    },
    {
      "Target": "Parameter",
      "Id": "ParamLHandRibbon12",
      "Segments": [
        0,
        0,
        0,
        0.367,
        -10.216,
        0,
        0.833,
        7.779,
        0,
        1.3,
        -7.56,
        0,
        1.9,
        4.054,
        0,
        2.467,
        -6.574,
        0,
        3,
        4.602,
        0,
        3.433,
        -4.93,
        0,
        3.633,
        0
      ]
    },
    {
      "Target": "Model",
      "Id": "Opacity",
      "Segments": [
        0,
        1,
        0,
        3.633,
        1
      ]
    },
    {
      "Target": "Parameter",
      "Id": "ParamZChuMoOn",
      "Segments": [
        0,
        0,
        0,
        3.633,
        0
      ]
    },
    {
      "Target": "Parameter",
      "Id": "ParamXChuMoOff",
      "Segments": [
        0,
        1,
        0,
        3.633,
        1
      ]
    },
    {
      "Target": "Parameter",
      "Id": "ParamLiZiOn",
      "Segments": [
        0,
        1,
        0,
        3.633,
        1
      ]
    },
    {
      "Target": "Parameter",
      "Id": "ParamLiZiY",
      "Segments": [
        0,
        0,
        0,
        3.633,
        0
      ]
    },
    {
      "Target": "Parameter",
      "Id": "ParamLiZiS",
      "Segments": [
        0,
        0,
        0,
        3.633,
        0
      ]
    },
    {
      "Target": "Parameter",
      "Id": "ParamLightLY1",
      "Segments": [
        0,
        0,
        0,
        3.633,
        0
      ]
    },
    {
      "Target": "Parameter",
      "Id": "ParamLightLY6",
      "Segments": [
        0,
        0,
        0,
        3.633,
        0
      ]
    },
    {
      "Target": "Parameter",
      "Id": "ParamLightLY7",
      "Segments": [
        0,
        0,
        0,
        3.633,
        0
      ]
    },
    {
      "Target": "Parameter",
      "Id": "ParamLightLY8",
      "Segments": [
        0,
        0,
        0,
        3.633,
        0
      ]
    },
    {
      "Target": "Parameter",
      "Id": "ParamRingFlash",
      "Segments": [
        0,
        0,
        0,
        3.633,
        0
      ]
    },
    {
      "Target": "Parameter",
      "Id": "ParamWuQi",
      "Segments": [
        0,
        0,
        0,
        3.633,
        0
      ]
    },
    {
      "Target": "Parameter",
      "Id": "ParamWuQiS",
      "Segments": [
        0,
        0,
        0,
        3.633,
        0
      ]
    },
    {
      "Target": "Parameter",
      "Id": "ParamRingBoxX",
      "Segments": [
        0,
        0,
        0,
        3.633,
        0
      ]
    },
    {
      "Target": "Parameter",
      "Id": "ParamRingBoxY",
      "Segments": [
        0,
        0,
        0,
        3.633,
        0
      ]
    },
    {
      "Target": "Parameter",
      "Id": "ParamRingBoxS",
      "Segments": [
        0,
        0,
        0,
        3.633,
        0
      ]
    },
    {
      "Target": "Parameter",
      "Id": "ParamRingBoxOff",
      "Segments": [
        0,
        1,
        0,
        3.633,
        1
      ]
    },
    {
      "Target": "Parameter",
      "Id": "ParamRingBoxZOn",
      "Segments": [
        0,
        0,
        0,
        3.633,
        0
      ]
    },
    {
      "Target": "Parameter",
      "Id": "ParamRingBoxYYOff",
      "Segments": [
        0,
        0,
        0,
        3.633,
        0
      ]
    },
    {
      "Target": "Parameter",
      "Id": "ParamRingBoxZOff",
      "Segments": [
        0,
        0,
        0,
        3.633,
        0
      ]
    },
    {
      "Target": "Parameter",
      "Id": "ParamRingBoxZX",
      "Segments": [
        0,
        0,
        0,
        3.633,
        0
      ]
    },
    {
      "Target": "Parameter",
      "Id": "ParamRingBoxZY",
      "Segments": [
        0,
        0,
        0,
        3.633,
        0
      ]
    },
    {
      "Target": "Parameter",
      "Id": "ParamRingBoxZS",
      "Segments": [
        0,
        0,
        0,
        3.633,
        0
      ]
    },
    {
      "Target": "Parameter",
      "Id": "ParamZJieZS",
      "Segments": [
        0,
        0,
        0,
        3.633,
        0
      ]
    },
    {
      "Target": "Parameter",
      "Id": "ParamRingBoxT",
      "Segments": [
        0,
        0,
        0,
        3.633,
        0
      ]
    },
    {
      "Target": "Parameter",
      "Id": "ParamHandRing",
      "Segments": [
        0,
        0,
        0,
        3.633,
        0
      ]
    },
    {
      "Target": "Parameter",
      "Id": "ParamRingOnHand",
      "Segments": [
        0,
        0,
        0,
        3.633,
        0
      ]
    },
    {
      "Target": "Parameter",
      "Id": "ParamTianSS",
      "Segments": [
        0,
        0,
        0,
        3.633,
        0
      ]
    },
    {
      "Target": "Parameter",
      "Id": "ParamChairS",
      "Segments": [
        0,
        0,
        0,
        3.633,
        0
      ]
    },
    {
      "Target": "Parameter",
      "Id": "ParamChairX",
      "Segments": [
        0,
        0,
        0,
        3.633,
        0
      ]
    },
    {
      "Target": "Parameter",
      "Id": "ParamChairY",
      "Segments": [
        0,
        0,
        0,
        3.633,
        0
      ]
    },
    {
      "Target": "Parameter",
      "Id": "ParamCandlestickS",
      "Segments": [
        0,
        0,
        0,
        3.633,
        0
      ]
    },
    {
      "Target": "Parameter",
      "Id": "ParamCandlestickX",
      "Segments": [
        0,
        0,
        0,
        3.633,
        0
      ]
    },
    {
      "Target": "Parameter",
      "Id": "ParamCandlestickY",
      "Segments": [
        0,
        0,
        0,
        3.633,
        0
      ]
    },
    {
      "Target": "Parameter",
      "Id": "ParamCJTS",
      "Segments": [
        0,
        0,
        0,
        3.633,
        0
      ]
    },
    {
      "Target": "Parameter",
      "Id": "ParamHX",
      "Segments": [
        0,
        0,
        0,
        3.633,
        0
      ]
    },
    {
      "Target": "Parameter",
      "Id": "ParamHY",
      "Segments": [
        0,
        0,
        0,
        3.633,
        0
      ]
    },
    {
      "Target": "Parameter",
      "Id": "ParamHBO",
      "Segments": [
        0,
        0,
        0,
        3.633,
        0
      ]
    },
    {
      "Target": "Parameter",
      "Id": "ParamX",
      "Segments": [
        0,
        0,
        0,
        3.633,
        0
      ]
    },
    {
      "Target": "Parameter",
      "Id": "ParamY",
      "Segments": [
        0,
        0,
        0,
        3.633,
        0
      ]
    },
    {
      "Target": "Parameter",
      "Id": "ParamS",
      "Segments": [
        0,
        0,
        0,
        3.633,
        0
      ]
    },
    {
      "Target": "Parameter",
      "Id": "ParamBlack2On",
      "Segments": [
        0,
        0,
        0,
        3.633,
        0
      ]
    },
    {
      "Target": "Parameter",
      "Id": "ParamBlack2B",
      "Segments": [
        0,
        0,
        0,
        3.633,
        0
      ]
    },
    {
      "Target": "Parameter",
      "Id": "ParamWhite1On",
      "Segments": [
        0,
        0,
        0,
        3.633,
        0
      ]
    },
    {
      "Target": "Parameter",
      "Id": "ParamWhite2On",
      "Segments": [
        0,
        0,
        0,
        3.633,
        0
      ]
    },
    {
      "Target": "Parameter",
      "Id": "ParamWhite2S",
      "Segments": [
        0,
        0,
        0,
        3.633,
        0
      ]
    },
    {
      "Target": "Parameter",
      "Id": "ParamBlush",
      "Segments": [
        0,
        1,
        0,
        3.633,
        1
      ]
    },
    {
      "Target": "Parameter",
      "Id": "ParamEyeWater",
      "Segments": [
        0,
        0,
        0,
        3.633,
        0
      ]
    },
    {
      "Target": "Parameter",
      "Id": "ParamEyeWater1",
      "Segments": [
        0,
        0,
        0,
        3.633,
        0
      ]
    },
    {
      "Target": "Parameter",
      "Id": "ParamEyeWater2",
      "Segments": [
        0,
        0,
        0,
        3.633,
        0
      ]
    },
    {
      "Target": "Parameter",
      "Id": "ParamBrowLAngle",
      "Segments": [
        0,
        0,
        0,
        3.633,
        0
      ]
    },
    {
      "Target": "Parameter",
      "Id": "ParamBrowRAngle",
      "Segments": [
        0,
        0,
        0,
        3.633,
        0
      ]
    },
    {
      "Target": "Parameter",
      "Id": "ParamArmL",
      "Segments": [
        0,
        0,
        0,
        3.633,
        0
      ]
    },
    {
      "Target": "Parameter",
      "Id": "ParamArmLY",
      "Segments": [
        0,
        0,
        0,
        3.633,
        0
      ]
    },
    {
      "Target": "Parameter",
      "Id": "ParamArmL1",
      "Segments": [
        0,
        0,
        0,
        3.633,
        0
      ]
    },
    {
      "Target": "Parameter",
      "Id": "ParamArmL1Y",
      "Segments": [
        0,
        0,
        0,
        3.633,
        0
      ]
    },
    {
      "Target": "Parameter",
      "Id": "ParamHandL",
      "Segments": [
        0,
        0,
        0,
        3.633,
        0
      ]
    },
    {
      "Target": "Parameter",
      "Id": "ParamFingerL11",
      "Segments": [
        0,
        0,
        0,
        3.633,
        0
      ]
    },
    {
      "Target": "Parameter",
      "Id": "ParamFingerL12",
      "Segments": [
        0,
        0,
        0,
        3.633,
        0
      ]
    },
    {
      "Target": "Parameter",
      "Id": "ParamFingerL21",
      "Segments": [
        0,
        0,
        0,
        3.633,
        0
      ]
    },
    {
      "Target": "Parameter",
      "Id": "ParamFingerL22",
      "Segments": [
        0,
        0,
        0,
        3.633,
        0
      ]
    },
    {
      "Target": "Parameter",
      "Id": "ParamUpperArmLOff",
      "Segments": [
        0,
        1,
        0,
        3.633,
        1
      ]
    },
    {
      "Target": "Parameter",
      "Id": "ParamUpperArmLFOn",
      "Segments": [
        0,
        0,
        0,
        3.633,
        0
      ]
    },
    {
      "Target": "Parameter",
      "Id": "ParamUpperArmLFZ",
      "Segments": [
        0,
        0,
        0,
        3.633,
        0
      ]
    },
    {
      "Target": "Parameter",
      "Id": "ParamUpperArmLFY",
      "Segments": [
        0,
        0,
        0,
        3.633,
        0
      ]
    },
    {
      "Target": "Parameter",
      "Id": "ParamLowerArmLFZ",
      "Segments": [
        0,
        0,
        0,
        3.633,
        0
      ]
    },
    {
      "Target": "Parameter",
      "Id": "ParamLowerArmLFY",
      "Segments": [
        0,
        0,
        0,
        3.633,
        0
      ]
    },
    {
      "Target": "Parameter",
      "Id": "ParamHandFZ",
      "Segments": [
        0,
        0,
        0,
        3.633,
        0
      ]
    },
    {
      "Target": "Parameter",
      "Id": "ParamHandF11",
      "Segments": [
        0,
        0,
        0,
        3.633,
        0
      ]
    },
    {
      "Target": "Parameter",
      "Id": "ParamHandF12",
      "Segments": [
        0,
        0,
        0,
        3.633,
        0
      ]
    },
    {
      "Target": "Parameter",
      "Id": "ParamHandF21",
      "Segments": [
        0,
        0,
        0,
        3.633,
        0
      ]
    },
    {
      "Target": "Parameter",
      "Id": "ParamHandF22",
      "Segments": [
        0,
        0,
        0,
        3.633,
        0
      ]
    },
    {
      "Target": "Parameter",
      "Id": "ParamHandF31",
      "Segments": [
        0,
        0,
        0,
        3.633,
        0
      ]
    },
    {
      "Target": "Parameter",
      "Id": "ParamHandF32",
      "Segments": [
        0,
        0,
        0,
        3.633,
        0
      ]
    },
    {
      "Target": "Parameter",
      "Id": "ParamHandF41",
      "Segments": [
        0,
        0,
        0,
        3.633,
        0
      ]
    },
    {
      "Target": "Parameter",
      "Id": "ParamHandF42",
      "Segments": [
        0,
        0,
        0,
        3.633,
        0
      ]
    },
    {
      "Target": "Parameter",
      "Id": "ParamDownUpperArmLOn",
      "Segments": [
        0,
        1,
        0,
        3.633,
        1
      ]
    },
    {
      "Target": "Parameter",
      "Id": "ParamArmRY",
      "Segments": [
        0,
        0,
        0,
        3.633,
        0
      ]
    },
    {
      "Target": "Parameter",
      "Id": "ParamArmR1Y",
      "Segments": [
        0,
        0,
        0,
        3.633,
        0
      ]
    },
    {
      "Target": "Parameter",
      "Id": "ParamMicrophoneZ2",
      "Segments": [
        0,
        0,
        0,
        3.633,
        0
      ]
    },
    {
      "Target": "Parameter",
      "Id": "ParamLineZ",
      "Segments": [
        0,
        0,
        0,
        3.633,
        0
      ]
    },
    {
      "Target": "Parameter",
      "Id": "ParamLineZ2",
      "Segments": [
        0,
        0,
        0,
        3.633,
        0
      ]
    },
    {
      "Target": "Parameter",
      "Id": "ParamMicrophoneYYOff",
      "Segments": [
        0,
        0,
        0,
        3.633,
        0
      ]
    },
    {
      "Target": "Parameter",
      "Id": "ParamMicrophoneYYZ",
      "Segments": [
        0,
        0,
        0,
        3.633,
        0
      ]
    },
    {
      "Target": "Parameter",
      "Id": "ParamMicrophoneGOff",
      "Segments": [
        0,
        0,
        0,
        3.633,
        0
      ]
    },
    {
      "Target": "Parameter",
      "Id": "ParamMicrophoneSOn",
      "Segments": [
        0,
        0,
        0,
        3.633,
        0
      ]
    },
    {
      "Target": "Parameter",
      "Id": "ParamWaistDress1",
      "Segments": [
        0,
        0,
        0,
        3.633,
        0
      ]
    },
    {
      "Target": "Parameter",
      "Id": "ParamWaistDress2",
      "Segments": [
        0,
        0,
        0,
        3.633,
        0
      ]
    },
    {
      "Target": "Parameter",
      "Id": "ParamRArmRibbonFit",
      "Segments": [
        0,
        0,
        0,
        3.633,
        0
      ]
    },
    {
      "Target": "Parameter",
      "Id": "ParamLHandRibbon21",
      "Segments": [
        0,
        0,
        0,
        3.633,
        0
      ]
    },
    {
      "Target": "Parameter",
      "Id": "ParamLHandRibbon22",
      "Segments": [
        0,
        0,
        0,
        3.633,
        0
      ]
    },
    {
      "Target": "Parameter",
      "Id": "ParamLHandRibbon23",
      "Segments": [
        0,
        0,
        0,
        3.633,
        0
      ]
    },
    {
      "Target": "Parameter",
      "Id": "ParamLHandRibbon24",
      "Segments": [
        0,
        0,
        0,
        3.633,
        0
      ]
    },
    {
      "Target": "Parameter",
      "Id": "ParamLHandRibbon31",
      "Segments": [
        0,
        0,
        0,
        3.633,
        0
      ]
    },
    {
      "Target": "Parameter",
      "Id": "ParamLHandRibbon32",
      "Segments": [
        0,
        0,
        0,
        3.633,
        0
      ]
    },
    {
      "Target": "Parameter",
      "Id": "ParamLHandRibbon33",
      "Segments": [
        0,
        0,
        0,
        3.633,
        0
      ]
    },
    {
      "Target": "Parameter",
      "Id": "ParamLHandRibbon34",
      "Segments": [
        0,
        0,
        0,
        3.633,
        0
      ]
    },
    {
      "Target": "Parameter",
      "Id": "ParamLHandRibbon35",
      "Segments": [
        0,
        0,
        0,
        3.633,
        0
      ]
    },
    {
      "Target": "Parameter",
      "Id": "ParamLHandRibbon36",
      "Segments": [
        0,
        0,
        0,
        3.633,
        0
      ]
    },
    {
      "Target": "Parameter",
      "Id": "ParamLHandRibbon37",
      "Segments": [
        0,
        0,
        0,
        3.633,
        0
      ]
    },
    {
      "Target": "Parameter",
      "Id": "ParamLHandRibbon38",
      "Segments": [
        0,
        0,
        0,
        3.633,
        0
      ]
    }
  ],
  "UserData": [
    {
      "Time": 0.0,
      "Value": ""
    },
    {
      "Time": 0.17,
      "Value": "characterVoice_142_2"
    }
  ]
}