{
  "Version": 3,
  "Meta": {
    "Duration": 2.27,
    "Fps": 30.0,
    "Loop": true,
    "AreBeziersRestricted": true,
    "CurveCount": 207,
    "TotalSegmentCount": 795,
    "TotalPointCount": 949,
    "UserDataCount": 2,
    "TotalUserDataSize": 19
  },
  "Curves": [
    {
      "Target": "Parameter",
      "Id": "ParamLiZiS",
      "Segments": [
        0,
        0,
        1,
        0.056,
        -2,
        0.111,
        -4,
        0.167,
        -6,
        0,
        0.667,
        6,
        0,
        2.267,
        0
      ]
    },
    {
      "Target": "Parameter",
      "Id": "ParamLightLY6",
      "Segments": [
        0,
        0,
        0,
        0.767,
        1,
        2,
        0.8,
        0,
        2,
        2.267,
        0
      ]
    },
    {
      "Target": "Parameter",
      "Id": "ParamSilkOff",
      "Segments": [
        0,
        1,
        2,
        2.267,
        1
      ]
    },
    {
      "Target": "Parameter",
      "Id": "ParamAngleZ",
      "Segments": [
        0,
        0,
        0,
        0.267,
        6,
        0,
        0.667,
        -4.6,
        0,
        0.867,
        -4,
        1,
        1.067,
        -4,
        1.267,
        -4.002,
        1.467,
        -4.18,
        1,
        1.567,
        -4.269,
        1.667,
        -8,
        1.767,
        -8,
        0,
        2.267,
        0
      ]
    },
    {
      "Target": "Parameter",
      "Id": "ParamBodyAngleZ",
      "Segments": [
        0,
        0,
        0,
        0.2,
        0.987,
        0,
        0.567,
        -2.988,
        0,
        0.867,
        -2.9,
        2,
        1.367,
        -2.9,
        0,
        2.267,
        0
      ]
    },
    {
      "Target": "Parameter",
      "Id": "ParamBreath",
      "Segments": [
        0,
        0,
        0,
        0.167,
        1,
        1,
        0.234,
        1,
        0.3,
        0.892,
        0.367,
        0.642,
        1,
        0.478,
        0.226,
        0.589,
        0,
        0.7,
        0,
        2,
        1.1,
        0,
        0,
        1.267,
        0.3,
        0,
        2.267,
        0
      ]
    },
    {
      "Target": "Parameter",
      "Id": "ParamAngleX",
      "Segments": [
        0,
        0,
        0,
        0.267,
        3.903,
        0,
        0.667,
        -4,
        0,
        0.9,
        -3.112,
        0,
        1.633,
        -7.775,
        0,
        2.033,
        1.325,
        0,
        2.267,
        0
      ]
    },
    {
      "Target": "Parameter",
      "Id": "ParamAngleY",
      "Segments": [
        0,
        0,
        0,
        0.133,
        -7,
        0,
        0.267,
        8,
        0,
        0.5,
        -30,
        0,
        0.733,
        -25,
        0,
        1.5,
        -25.36,
        0,
        2.067,
        2.449,
        0,
        2.267,
        0
      ]
    },
    {
      "Target": "Parameter",
      "Id": "ParamBodyAngleX",
      "Segments": [
        0,
        0,
        0,
        0.267,
        2,
        0,
        0.6,
        -4.52,
        0,
        0.833,
        -4,
        2,
        1.7,
        -4,
        0,
        2.267,
        0
      ]
    },
    {
      "Target": "Parameter",
      "Id": "ParamBodyAngleY",
      "Segments": [
        0,
        0,
        0,
        0.267,
        1,
        0,
        0.667,
        -2.467,
        0,
        0.833,
        -2,
        2,
        1.6,
        -2,
        0,
        2.267,
        0
      ]
    },
    {
      "Target": "Parameter",
      "Id": "ParamHipX",
      "Segments": [
        0,
        0,
        0,
        0.133,
        1,
        0,
        0.467,
        -4,
        1,
        0.822,
        -4,
        1.178,
        -4.026,
        1.533,
        -3.497,
        1,
        1.778,
        -3.133,
        2.022,
        0,
        2.267,
        0
      ]
    },
    {
      "Target": "Parameter",
      "Id": "ParamEyeLOpen",
      "Segments": [
        0,
        1,
        0,
        0.233,
        1.2,
        1,
        0.244,
        1.2,
        0.256,
        1.058,
        0.267,
        0.9,
        1,
        0.311,
        0.269,
        0.356,
        0,
        0.4,
        0,
        2,
        0.667,
        0,
        1,
        0.711,
        0,
        0.756,
        0.12,
        0.8,
        0.5,
        1,
        0.822,
        0.69,
        0.845,
        0.9,
        0.867,
        0.9,
        2,
        1.7,
        0.9,
        0,
        1.767,
        0,
        1,
        1.789,
        0,
        1.811,
        0.301,
        1.833,
        0.5,
        1,
        1.878,
        0.899,
        1.922,
        1,
        1.967,
        1,
        2,
        2.267,
        1
      ]
    },
    {
      "Target": "Parameter",
      "Id": "ParamEyeROpen",
      "Segments": [
        0,
        1,
        0,
        0.233,
        1.5,
        1,
        0.244,
        1.5,
        0.256,
        1.184,
        0.267,
        1,
        1,
        0.311,
        0.263,
        0.356,
        0,
        0.4,
        0,
        2,
        0.667,
        0,
        1,
        0.711,
        0,
        0.756,
        0.271,
        0.8,
        0.6,
        1,
        0.833,
        0.847,
        0.867,
        0.9,
        0.9,
        0.9,
        2,
        1.7,
        0.9,
        0,
        1.767,
        0,
        1,
        1.789,
        0,
        1.811,
        0.295,
        1.833,
        0.611,
        1,
        1.855,
        0.927,
        1.878,
        1,
        1.9,
        1,
        2,
        2.267,
        1
      ]
    },
    {
      "Target": "Parameter",
      "Id": "ParamEyeSmile",
      "Segments": [
        0,
        1,
        0,
        0.467,
        0,
        2,
        1.4,
        0,
        0,
        2.267,
        1
      ]
    },
    {
      "Target": "Parameter",
      "Id": "ParamEyeBallX",
      "Segments": [
        0,
        0,
        2,
        0.867,
        0,
        0,
        1.033,
        0.1,
        2,
        1.2,
        0.1,
        0,
        1.333,
        0,
        2,
        2.267,
        0
      ]
    },
    {
      "Target": "Parameter",
      "Id": "ParamEyeBallY",
      "Segments": [
        0,
        0,
        2,
        0.867,
        0,
        2,
        1.2,
        0,
        0,
        1.333,
        -0.204,
        0,
        2.267,
        0
      ]
    },
    {
      "Target": "Parameter",
      "Id": "ParamEyeWater",
      "Segments": [
        0,
        0,
        2,
        0.367,
        0,
        0,
        0.467,
        1,
        2,
        1.767,
        1,
        0,
        1.833,
        0,
        2,
        2.267,
        0
      ]
    },
    {
      "Target": "Parameter",
      "Id": "ParamEyeWater1",
      "Segments": [
        0,
        0,
        2,
        0.367,
        0,
        0,
        0.567,
        23,
        0,
        0.767,
        -22.977,
        0,
        1.033,
        23.121,
        0,
        1.333,
        -21.583,
        0,
        1.4,
        23,
        0,
        1.567,
        0,
        2,
        2.267,
        0
      ]
    },
    {
      "Target": "Parameter",
      "Id": "ParamEyeWater2",
      "Segments": [
        0,
        0,
        2,
        0.367,
        0,
        0,
        0.467,
        -24,
        0,
        0.7,
        22.88,
        0,
        0.9,
        -22.88,
        0,
        1.167,
        22.88,
        0,
        1.467,
        -17.977,
        0,
        1.567,
        19.066,
        0,
        1.667,
        0,
        2,
        2.267,
        0
      ]
    },
    {
      "Target": "Parameter",
      "Id": "ParamMouthOpenY",
      "Segments": [
        0,
        0,
        2,
        0.2,
        0,
        0,
        0.333,
        1,
        0,
        0.467,
        0,
        2,
        2.267,
        0
      ]
    },
    {
      "Target": "Parameter",
      "Id": "ParamMouthForm",
      "Segments": [
        0,
        0,
        0,
        0.233,
        0.3,
        0,
        0.333,
        -0.3,
        0,
        0.567,
        1,
        0,
        2.267,
        0
      ]
    },
    {
      "Target": "Parameter",
      "Id": "ParamBrowLForm",
      "Segments": [
        0,
        0,
        0,
        0.467,
        0.7,
        2,
        1.067,
        0.7,
        0,
        1.467,
        0,
        2,
        2.267,
        0
      ]
    },
    {
      "Target": "Parameter",
      "Id": "ParamBrowRForm",
      "Segments": [
        0,
        0,
        0,
        0.467,
        0.6,
        2,
        1.067,
        0.6,
        0,
        1.467,
        0,
        2,
        2.267,
        0
      ]
    },
    {
      "Target": "Parameter",
      "Id": "ParamLjian",
      "Segments": [
        0,
        0,
        0,
        0.2,
        5.734,
        1,
        0.3,
        5.734,
        0.4,
        -8.635,
        0.5,
        -13.929,
        1,
        0.567,
        -17.458,
        0.633,
        -17,
        0.7,
        -17,
        2,
        1.433,
        -17,
        0,
        1.6,
        -18.56,
        0,
        2.267,
        0
      ]
    },
    {
      "Target": "Parameter",
      "Id": "ParamDownUpperArmLZ",
      "Segments": [
        0,
        0,
        0,
        0.233,
        2.16,
        0,
        0.467,
        -3.84,
        2,
        1.367,
        -3.84,
        1,
        1.478,
        -3.84,
        1.589,
        -2.952,
        1.7,
        -2.04,
        1,
        1.889,
        -0.49,
        2.078,
        0,
        2.267,
        0
      ]
    },
    {
      "Target": "Parameter",
      "Id": "ParamDownLowerArmLZ",
      "Segments": [
        0,
        0,
        0,
        0.233,
        -3.62,
        0,
        0.467,
        6.54,
        2,
        1.367,
        6.54,
        1,
        1.478,
        6.54,
        1.589,
        6.367,
        1.7,
        4.86,
        1,
        1.889,
        2.298,
        2.078,
        0,
        2.267,
        0
      ]
    },
    {
      "Target": "Parameter",
      "Id": "ParamDownHandLZ",
      "Segments": [
        0,
        0,
        0,
        0.233,
        0.44,
        0,
        0.467,
        -4.52,
        2,
        1.5,
        -4.52,
        1,
        1.6,
        -4.52,
        1.7,
        -1.812,
        1.8,
        -1.123,
        1,
        1.956,
        -0.052,
        2.111,
        0,
        2.267,
        0
      ]
    },
    {
      "Target": "Parameter",
      "Id": "ParamDownHandL2",
      "Segments": [
        0,
        0,
        0,
        0.233,
        30,
        1,
        0.311,
        30,
        0.389,
        -3.121,
        0.467,
        -12,
        1,
        0.556,
        -22.147,
        0.644,
        -22.048,
        0.733,
        -22.048,
        1,
        0.944,
        -22.048,
        1.156,
        -15.603,
        1.367,
        0,
        1,
        1.478,
        8.212,
        1.589,
        14,
        1.7,
        14,
        0,
        2.267,
        0
      ]
    },
    {
      "Target": "Parameter",
      "Id": "ParamRjian",
      "Segments": [
        0,
        0,
        0,
        0.6,
        4,
        2,
        1.333,
        4,
        0,
        2.267,
        0
      ]
    },
    {
      "Target": "Parameter",
      "Id": "ParamArmR",
      "Segments": [
        0,
        0,
        0,
        0.133,
        -1.265,
        0,
        0.6,
        4,
        2,
        1.667,
        4,
        0,
        2.033,
        -1.424,
        0,
        2.267,
        0
      ]
    },
    {
      "Target": "Parameter",
      "Id": "ParamArmR1",
      "Segments": [
        0,
        0,
        0,
        0.233,
        -2,
        0,
        0.7,
        3.363,
        0,
        0.967,
        3,
        2,
        1.667,
        3,
        0,
        2.267,
        0
      ]
    },
    {
      "Target": "Parameter",
      "Id": "ParamHandR",
      "Segments": [
        0,
        0,
        2,
        1.433,
        0,
        0,
        1.767,
        2.52,
        0,
        2.267,
        0
      ]
    },
    {
      "Target": "Parameter",
      "Id": "ParamFingerR1",
      "Segments": [
        0,
        0,
        0,
        0.6,
        5,
        0,
        2.267,
        0
      ]
    },
    {
      "Target": "Parameter",
      "Id": "ParamFingerR2",
      "Segments": [
        0,
        0,
        0,
        0.6,
        14,
        0,
        2.267,
        0
      ]
    },
    {
      "Target": "Parameter",
      "Id": "ParamMicrophoneZ1",
      "Segments": [
        0,
        0,
        0,
        0.167,
        0.028,
        1,
        0.189,
        0.028,
        0.211,
        -0.022,
        0.233,
        -0.171,
        1,
        0.266,
        -0.395,
        0.3,
        -0.649,
        0.333,
        -0.902,
        1,
        0.366,
        -1.155,
        0.4,
        -1.637,
        0.433,
        -1.689,
        1,
        0.466,
        -1.741,
        0.5,
        -1.732,
        0.533,
        -1.732,
        1,
        0.555,
        -1.732,
        0.578,
        -1.47,
        0.6,
        -1.26,
        1,
        0.633,
        -0.944,
        0.667,
        -0.871,
        0.7,
        -0.871,
        0,
        0.9,
        -1.124,
        1,
        1.078,
        -1.124,
        1.255,
        -1.113,
        1.433,
        -1.02,
        1,
        1.511,
        -0.979,
        1.589,
        -0.566,
        1.667,
        -0.48,
        1,
        1.778,
        -0.357,
        1.889,
        -0.325,
        2,
        -0.21,
        1,
        2.089,
        -0.118,
        2.178,
        0,
        2.267,
        0
      ]
    },
    {
      "Target": "Parameter",
      "Id": "ParamMicrophoneY",
      "Segments": [
        0,
        0,
        0,
        0.167,
        -1.68,
        1,
        0.256,
        -1.68,
        0.344,
        6.084,
        0.433,
        6.54,
        1,
        0.489,
        6.825,
        0.544,
        6.72,
        0.6,
        6.72,
        0,
        0.7,
        5.34,
        2,
        1.667,
        5.34,
        0,
        2,
        -1.98,
        0,
        2.267,
        0
      ]
    },
    {
      "Target": "Parameter",
      "Id": "ParamLineZ1",
      "Segments": [
        0,
        0,
        0,
        0.433,
        -0.36,
        1,
        0.555,
        -0.36,
        0.678,
        -0.033,
        0.8,
        -0.023,
        1,
        1.067,
        -0.001,
        1.333,
        0,
        1.6,
        0,
        2,
        2.267,
        0
      ]
    },
    {
      "Target": "Parameter",
      "Id": "ParamMicrophoneYY",
      "Segments": [
        0,
        0,
        0,
        0.133,
        -0.102,
        1,
        0.189,
        -0.102,
        0.244,
        -0.115,
        0.3,
        -0.011,
        1,
        0.356,
        0.093,
        0.411,
        0.53,
        0.467,
        0.53,
        1,
        0.556,
        0.53,
        0.644,
        0.397,
        0.733,
        0.39,
        1,
        1.044,
        0.364,
        1.356,
        0.355,
        1.667,
        0.328,
        1,
        1.767,
        0.319,
        1.867,
        -0.046,
        1.967,
        -0.2,
        1,
        2,
        -0.251,
        2.034,
        -0.256,
        2.067,
        -0.256,
        0,
        2.267,
        0
      ]
    },
    {
      "Target": "Parameter",
      "Id": "ParamLegL",
      "Segments": [
        0,
        0,
        0,
        0.167,
        1.118,
        0,
        0.467,
        -6.66,
        1,
        0.534,
        -6.66,
        0.6,
        -6.375,
        0.667,
        -6.24,
        1,
        0.9,
        -5.766,
        1.134,
        -5.781,
        1.367,
        -5,
        1,
        1.667,
        -3.996,
        1.967,
        0,
        2.267,
        0
      ]
    },
    {
      "Target": "Parameter",
      "Id": "ParamLegL1",
      "Segments": [
        0,
        0,
        0,
        0.167,
        -1.874,
        0,
        0.467,
        3.966,
        1,
        0.534,
        3.966,
        0.6,
        3.454,
        0.667,
        3.306,
        1,
        0.9,
        2.788,
        1.134,
        2.646,
        1.367,
        2,
        1,
        1.667,
        1.17,
        1.967,
        0,
        2.267,
        0
      ]
    },
    {
      "Target": "Parameter",
      "Id": "ParamFootL",
      "Segments": [
        0,
        0,
        0,
        0.167,
        2,
        0,
        0.467,
        -2,
        1,
        0.534,
        -2,
        0.6,
        -1.092,
        0.667,
        -1,
        1,
        1.2,
        -0.262,
        1.734,
        0,
        2.267,
        0
      ]
    },
    {
      "Target": "Parameter",
      "Id": "ParamLegR",
      "Segments": [
        0,
        0,
        0,
        0.167,
        -0.207,
        0,
        0.467,
        1.14,
        1,
        0.534,
        1.14,
        0.6,
        0.59,
        0.667,
        0.54,
        1,
        1.2,
        0.141,
        1.734,
        0,
        2.267,
        0
      ]
    },
    {
      "Target": "Parameter",
      "Id": "ParamLegR1",
      "Segments": [
        0,
        0,
        0,
        0.167,
        0.9,
        0,
        0.467,
        -2,
        1,
        0.534,
        -2,
        0.6,
        -1.092,
        0.667,
        -1,
        1,
        1.2,
        -0.262,
        1.734,
        0,
        2.267,
        0
      ]
    },
    {
      "Target": "Parameter",
      "Id": "ParamHairBow1",
      "Segments": [
        0,
        0,
        0,
        0.167,
        -10,
        0,
        0.467,
        13,
        0,
        0.7,
        -18,
        0,
        1.033,
        -5.017,
        0,
        1.4,
        -18,
        0,
        1.633,
        -13.081,
        0,
        1.867,
        -22.098,
        0,
        2.267,
        0
      ]
    },
    {
      "Target": "Parameter",
      "Id": "ParamHairBow2",
      "Segments": [
        0,
        0,
        0,
        0.3,
        -9.166,
        0,
        0.567,
        11.312,
        0,
        0.8,
        -5.461,
        0,
        1.267,
        8.776,
        0,
        1.567,
        -5.461,
        0,
        1.833,
        6.289,
        0,
        2.1,
        -9.535,
        0,
        2.267,
        0
      ]
    },
    {
      "Target": "Parameter",
      "Id": "ParamHairQ11",
      "Segments": [
        0,
        0,
        0,
        0.167,
        -5,
        0,
        0.4,
        7,
        0,
        0.733,
        -7.659,
        0,
        1.067,
        4.359,
        0,
        1.533,
        -5.916,
        0,
        2,
        3.114,
        0,
        2.267,
        0
      ]
    },
    {
      "Target": "Parameter",
      "Id": "ParamHairQ12",
      "Segments": [
        0,
        0,
        0,
        0.267,
        -5.449,
        0,
        0.533,
        12,
        0,
        0.867,
        -7.006,
        0,
        1.3,
        5.294,
        0,
        1.767,
        -5.449,
        0,
        2.133,
        3.295,
        0,
        2.267,
        0
      ]
    },
    {
      "Target": "Parameter",
      "Id": "ParamHairQ21",
      "Segments": [
        0,
        0,
        0,
        0.267,
        -9.775,
        0,
        0.5,
        10.866,
        0,
        0.833,
        -6.148,
        0,
        1.167,
        3.986,
        0,
        1.667,
        -4.771,
        0,
        2.1,
        2.028,
        0,
        2.267,
        0
      ]
    },
    {
      "Target": "Parameter",
      "Id": "ParamHairQ22",
      "Segments": [
        0,
        0,
        0,
        0.367,
        -9.08,
        0,
        0.633,
        9.771,
        0,
        1,
        -5.262,
        0,
        1.367,
        3.805,
        0,
        1.9,
        -4.307,
        0,
        2.267,
        0
      ]
    },
    {
      "Target": "Parameter",
      "Id": "ParamHairQ31",
      "Segments": [
        0,
        0,
        0,
        0.233,
        -9.976,
        0,
        0.533,
        10.601,
        0,
        0.767,
        -6.265,
        0,
        1.2,
        4.337,
        0,
        1.7,
        -4.578,
        0,
        2.1,
        3.211,
        0,
        2.267,
        0
      ]
    },
    {
      "Target": "Parameter",
      "Id": "ParamHairQ32",
      "Segments": [
        0,
        0,
        0,
        0.333,
        -9.397,
        0,
        0.667,
        9.397,
        0,
        0.967,
        -5.234,
        0,
        1.433,
        4.639,
        0,
        1.9,
        -3.687,
        0,
        2.267,
        0
      ]
    },
    {
      "Target": "Parameter",
      "Id": "ParamHairQ41",
      "Segments": [
        0,
        0,
        0,
        0.233,
        -14,
        0,
        0.5,
        18.983,
        0,
        0.8,
        -9.533,
        0,
        1.2,
        9.151,
        0,
        1.733,
        -6.482,
        0,
        2.1,
        5.338,
        0,
        2.267,
        0
      ]
    },
    {
      "Target": "Parameter",
      "Id": "ParamHairQ42",
      "Segments": [
        0,
        0,
        0,
        0.3,
        -12.202,
        0,
        0.6,
        17.349,
        0,
        0.933,
        -9.151,
        0,
        1.4,
        8.198,
        0,
        1.933,
        -6.292,
        0,
        2.267,
        0
      ]
    },
    {
      "Target": "Parameter",
      "Id": "ParamHairQ43",
      "Segments": [
        0,
        0,
        0,
        0.4,
        -11.624,
        0,
        0.733,
        16.227,
        0,
        1.1,
        -8.028,
        0,
        1.6,
        7.857,
        0,
        2.067,
        -5.466,
        0,
        2.267,
        0
      ]
    },
    {
      "Target": "Parameter",
      "Id": "ParamHairL11",
      "Segments": [
        0,
        0,
        0,
        0.233,
        -3,
        0,
        0.5,
        3.404,
        0,
        0.767,
        -11,
        0,
        1.1,
        -3.997,
        0,
        1.4,
        -11,
        1,
        1.578,
        -11,
        1.755,
        -8.5,
        1.933,
        -3.997,
        1,
        2.044,
        -1.183,
        2.156,
        0,
        2.267,
        0
      ]
    },
    {
      "Target": "Parameter",
      "Id": "ParamHairL12",
      "Segments": [
        0,
        0,
        0,
        0.333,
        -3.275,
        0,
        0.633,
        6,
        0,
        0.867,
        -6,
        0,
        1.267,
        5.791,
        0,
        1.667,
        -1.81,
        0,
        2.1,
        3.931,
        0,
        2.267,
        0
      ]
    },
    {
      "Target": "Parameter",
      "Id": "ParamHairL21",
      "Segments": [
        0,
        0,
        0,
        0.267,
        -9,
        0,
        0.533,
        0,
        0,
        0.833,
        -16.777,
        0,
        1.233,
        -9,
        0,
        1.633,
        -15.044,
        0,
        2.267,
        0
      ]
    },
    {
      "Target": "Parameter",
      "Id": "ParamHairL22",
      "Segments": [
        0,
        0,
        0,
        0.4,
        -8.475,
        0,
        0.7,
        7.126,
        0,
        0.9,
        -12,
        1,
        0.922,
        -12,
        0.945,
        -6.327,
        0.967,
        -5.076,
        1,
        1.134,
        4.308,
        1.3,
        7.919,
        1.467,
        7.919,
        0,
        1.833,
        -3.114,
        0,
        2.267,
        0
      ]
    },
    {
      "Target": "Parameter",
      "Id": "ParamHairR11",
      "Segments": [
        0,
        0,
        0,
        0.2,
        -6,
        0,
        0.533,
        9.751,
        0,
        0.933,
        -10,
        0,
        1.267,
        -5.138,
        0,
        1.6,
        -10,
        1,
        1.733,
        -10,
        1.867,
        -9.373,
        2,
        -6,
        1,
        2.089,
        -3.751,
        2.178,
        0,
        2.267,
        0
      ]
    },
    {
      "Target": "Parameter",
      "Id": "ParamHairR12",
      "Segments": [
        0,
        0,
        0,
        0.333,
        -5.48,
        0,
        0.7,
        9.248,
        0,
        1.067,
        -3.539,
        0,
        1.467,
        4.681,
        0,
        1.8,
        -3.311,
        0,
        2.133,
        3.311,
        0,
        2.267,
        0
      ]
    },
    {
      "Target": "Parameter",
      "Id": "ParamHairR21",
      "Segments": [
        0,
        0,
        0,
        0.2,
        -6,
        0,
        0.533,
        9.751,
        0,
        0.933,
        -10,
        0,
        1.267,
        -5.138,
        0,
        1.6,
        -10,
        1,
        1.733,
        -10,
        1.867,
        -9.373,
        2,
        -6,
        1,
        2.089,
        -3.751,
        2.178,
        0,
        2.267,
        0
      ]
    },
    {
      "Target": "Parameter",
      "Id": "ParamHairR22",
      "Segments": [
        0,
        0,
        0,
        0.333,
        -5.48,
        0,
        0.7,
        9.248,
        0,
        1.067,
        -3.539,
        0,
        1.467,
        4.681,
        0,
        1.8,
        -3.311,
        0,
        2.133,
        2.968,
        0,
        2.267,
        0
      ]
    },
    {
      "Target": "Parameter",
      "Id": "ParamHairR23",
      "Segments": [
        0,
        0,
        0,
        0.467,
        -5.278,
        0,
        0.867,
        7.407,
        0,
        1.267,
        -3.916,
        0,
        1.6,
        4.072,
        0,
        1.933,
        -3.12,
        0,
        2.267,
        0
      ]
    },
    {
      "Target": "Parameter",
      "Id": "ParamHairR24",
      "Segments": [
        0,
        0,
        0,
        0.2,
        3.226,
        0,
        0.667,
        -5.206,
        0,
        1,
        7.332,
        0,
        1.4,
        -3.813,
        0,
        1.767,
        3.86,
        0,
        2.067,
        -3.173,
        0,
        2.267,
        0
      ]
    },
    {
      "Target": "Parameter",
      "Id": "ParamHairHX11",
      "Segments": [
        0,
        0,
        0,
        0.233,
        -6,
        0,
        0.5,
        4.358,
        0,
        0.767,
        -2.694,
        0,
        1.167,
        1.796,
        0,
        1.7,
        -2.694,
        0,
        2.267,
        0
      ]
    },
    {
      "Target": "Parameter",
      "Id": "ParamHairHX12",
      "Segments": [
        0,
        0,
        0,
        0.333,
        -4.251,
        0,
        0.633,
        4.012,
        0,
        0.933,
        -2.215,
        0,
        1.433,
        1.617,
        0,
        1.967,
        -1.796,
        0,
        2.267,
        0
      ]
    },
    {
      "Target": "Parameter",
      "Id": "ParamHairHX21",
      "Segments": [
        0,
        0,
        0,
        0.2,
        -8,
        0,
        0.467,
        7,
        0,
        0.833,
        -5,
        0,
        1.167,
        3.295,
        0,
        1.667,
        -4.682,
        0,
        2.033,
        2.421,
        0,
        2.267,
        0
      ]
    },
    {
      "Target": "Parameter",
      "Id": "ParamHairHX22",
      "Segments": [
        0,
        0,
        0,
        0.3,
        -6.503,
        0,
        0.633,
        6.416,
        0,
        0.967,
        -4.335,
        0,
        1.4,
        3.382,
        0,
        1.9,
        -3.382,
        0,
        2.267,
        0
      ]
    },
    {
      "Target": "Parameter",
      "Id": "ParamHairH11",
      "Segments": [
        0,
        0,
        0,
        0.233,
        -8,
        0,
        0.533,
        0,
        0,
        0.833,
        -13,
        0,
        1.3,
        -4,
        0,
        1.9,
        -12,
        0,
        2.267,
        0
      ]
    },
    {
      "Target": "Parameter",
      "Id": "ParamHairH12",
      "Segments": [
        0,
        0,
        0,
        0.367,
        -7.606,
        0,
        0.667,
        8,
        0,
        0.967,
        -4.659,
        0,
        1.567,
        7.514,
        0,
        2.1,
        -2.555,
        0,
        2.267,
        0
      ]
    },
    {
      "Target": "Parameter",
      "Id": "ParamHairH13",
      "Segments": [
        0,
        0,
        0,
        0.433,
        -6.675,
        0,
        0.733,
        7.758,
        0,
        1.067,
        -4.059,
        0,
        1.667,
        7.668,
        0,
        2.1,
        -2.345,
        0,
        2.267,
        0
      ]
    },
    {
      "Target": "Parameter",
      "Id": "ParamOpaishakeLX",
      "Segments": [
        0,
        0,
        0,
        0.167,
        -14,
        0,
        0.4,
        17.757,
        0,
        0.6,
        -9.546,
        0,
        0.833,
        5,
        0,
        1.1,
        0,
        0,
        1.567,
        4.406,
        0,
        2,
        -2.019,
        0,
        2.267,
        0
      ]
    },
    {
      "Target": "Parameter",
      "Id": "ParamOpaishakeLX2",
      "Segments": [
        0,
        0,
        0,
        0.267,
        -13.337,
        0,
        0.5,
        15.97,
        0,
        0.7,
        -8.628,
        0,
        0.933,
        5.507,
        0,
        1.267,
        -3,
        0,
        1.733,
        3,
        0,
        2.067,
        -3,
        0,
        2.267,
        0
      ]
    },
    {
      "Target": "Parameter",
      "Id": "ParamOpaishakeLY",
      "Segments": [
        0,
        0,
        0,
        0.133,
        -7.647,
        0,
        0.333,
        11,
        0,
        0.567,
        -5.174,
        0,
        0.833,
        3.234,
        0,
        1.067,
        -2.802,
        0,
        1.367,
        0,
        2,
        1.633,
        0,
        0,
        1.867,
        -2.802,
        0,
        2.1,
        2.371,
        0,
        2.267,
        0
      ]
    },
    {
      "Target": "Parameter",
      "Id": "ParamOpaishakeLY2",
      "Segments": [
        0,
        0,
        0,
        0.2,
        -6.575,
        0,
        0.433,
        9.27,
        0,
        0.667,
        -3.88,
        0,
        0.933,
        3.341,
        0,
        1.167,
        -2.91,
        0,
        1.433,
        0,
        2,
        1.633,
        0,
        0,
        1.967,
        -2.91,
        0,
        2.167,
        2.156,
        0,
        2.267,
        0
      ]
    },
    {
      "Target": "Parameter",
      "Id": "ParamOpaishakeRX",
      "Segments": [
        0,
        0,
        0,
        0.2,
        -14,
        0,
        0.433,
        17.757,
        0,
        0.633,
        -9.546,
        0,
        0.867,
        5,
        0,
        1.133,
        0,
        0,
        1.567,
        4.406,
        0,
        2.033,
        -1.836,
        0,
        2.267,
        0
      ]
    },
    {
      "Target": "Parameter",
      "Id": "ParamOpaishakeRX2",
      "Segments": [
        0,
        0,
        0,
        0.3,
        -13.337,
        0,
        0.533,
        15.97,
        0,
        0.733,
        -8.628,
        0,
        0.967,
        5.507,
        0,
        1.3,
        -3,
        0,
        1.733,
        3,
        0,
        2.1,
        -3,
        0,
        2.267,
        0
      ]
    },
    {
      "Target": "Parameter",
      "Id": "ParamOpaishakeRY",
      "Segments": [
        0,
        0,
        0,
        0.167,
        -7.647,
        0,
        0.367,
        11,
        0,
        0.6,
        -5.174,
        0,
        0.867,
        3.234,
        0,
        1.1,
        -2.802,
        0,
        1.4,
        0,
        2,
        1.667,
        0,
        0,
        1.933,
        -2.802,
        0,
        2.133,
        1.94,
        0,
        2.267,
        0
      ]
    },
    {
      "Target": "Parameter",
      "Id": "ParamOpaishakeRY2",
      "Segments": [
        0,
        0,
        0,
        0.233,
        -6.575,
        0,
        0.467,
        9.27,
        0,
        0.7,
        -3.88,
        0,
        0.967,
        3.341,
        0,
        1.2,
        -2.91,
        0,
        1.467,
        0,
        2,
        1.7,
        0,
        0,
        2,
        -2.587,
        0,
        2.167,
        1.832,
        0,
        2.267,
        0
      ]
    },
    {
      "Target": "Parameter",
      "Id": "ParamTanLilL1",
      "Segments": [
        0,
        0,
        1,
        0.056,
        0,
        0.111,
        0.432,
        0.167,
        2.749,
        1,
        0.222,
        5.066,
        0.278,
        7.64,
        0.333,
        7.64,
        0,
        0.5,
        -4.436,
        0,
        0.767,
        5.292,
        0,
        0.967,
        -1.328,
        0,
        1.267,
        0,
        2,
        2.267,
        0
      ]
    },
    {
      "Target": "Parameter",
      "Id": "ParamTanLilL2",
      "Segments": [
        0,
        0,
        0,
        0.433,
        6.985,
        0,
        0.633,
        -3.356,
        0,
        0.867,
        4.793,
        0,
        1.1,
        -1.694,
        0,
        1.4,
        0,
        2,
        2.267,
        0
      ]
    },
    {
      "Target": "Parameter",
      "Id": "ParamTanLiR1",
      "Segments": [
        0,
        0,
        1,
        0.056,
        0,
        0.111,
        -0.432,
        0.167,
        -2.749,
        1,
        0.222,
        -5.066,
        0.278,
        -7.64,
        0.333,
        -7.64,
        0,
        0.5,
        4.436,
        0,
        0.767,
        -5.292,
        0,
        0.967,
        1.328,
        0,
        1.267,
        0,
        2,
        2.267,
        0
      ]
    },
    {
      "Target": "Parameter",
      "Id": "ParamTanLiR2",
      "Segments": [
        0,
        0,
        0,
        0.433,
        -6.985,
        0,
        0.633,
        3.356,
        0,
        0.867,
        -4.793,
        0,
        1.1,
        1.694,
        0,
        1.4,
        0,
        2,
        2.267,
        0
      ]
    },
    {
      "Target": "Parameter",
      "Id": "ParamUpHeaddress1",
      "Segments": [
        0,
        0,
        0,
        0.167,
        -7.977,
        0,
        0.433,
        19,
        0,
        0.8,
        -4.522,
        0,
        1.267,
        6.237,
        0,
        1.867,
        -3.898,
        0,
        2.267,
        0
      ]
    },
    {
      "Target": "Parameter",
      "Id": "ParamUpHeaddress2",
      "Segments": [
        0,
        0,
        0,
        0.3,
        -6.913,
        0,
        0.6,
        18.081,
        0,
        1,
        -6.382,
        0,
        1.567,
        6.913,
        0,
        2.1,
        -4.366,
        0,
        2.267,
        0
      ]
    },
    {
      "Target": "Parameter",
      "Id": "ParamLHeaddress1",
      "Segments": [
        0,
        0,
        0,
        0.2,
        -10,
        0,
        0.533,
        9.985,
        0,
        0.867,
        -7.856,
        0,
        1.367,
        4.274,
        0,
        1.967,
        -5.083,
        0,
        2.267,
        0
      ]
    },
    {
      "Target": "Parameter",
      "Id": "ParamLHeaddress2",
      "Segments": [
        0,
        0,
        0,
        0.333,
        -8.528,
        0,
        0.7,
        8.406,
        0,
        1.1,
        -6.578,
        0,
        1.633,
        4.142,
        0,
        2.267,
        0
      ]
    },
    {
      "Target": "Parameter",
      "Id": "ParamLHeaddress3",
      "Segments": [
        0,
        0,
        0,
        0.2,
        14.364,
        0,
        0.533,
        -12.071,
        0,
        0.9,
        5.043,
        0,
        1.3,
        -5.807,
        0,
        1.9,
        3.514,
        0,
        2.267,
        0
      ]
    },
    {
      "Target": "Parameter",
      "Id": "ParamLHeaddress4",
      "Segments": [
        0,
        0,
        0,
        0.333,
        12.836,
        0,
        0.7,
        -9.168,
        0,
        1.033,
        5.501,
        0,
        1.533,
        -4.737,
        0,
        2.067,
        3.209,
        0,
        2.267,
        0
      ]
    },
    {
      "Target": "Parameter",
      "Id": "ParamRHeaddress1",
      "Segments": [
        0,
        0,
        0,
        0.3,
        11.915,
        0,
        0.7,
        -10.13,
        0,
        1.2,
        4.842,
        0,
        1.833,
        -5.862,
        0,
        2.267,
        0
      ]
    },
    {
      "Target": "Parameter",
      "Id": "ParamRHeaddress2",
      "Segments": [
        0,
        0,
        0,
        0.5,
        10.959,
        0,
        0.867,
        -7.263,
        0,
        1.5,
        5.097,
        0,
        2.1,
        -4.46,
        0,
        2.267,
        0
      ]
    },
    {
      "Target": "Parameter",
      "Id": "ParamWaistDress1",
      "Segments": [
        0,
        0,
        0,
        0.2,
        5,
        0,
        0.533,
        -5.15,
        0,
        1.067,
        0,
        0,
        1.6,
        -3.931,
        0,
        2.267,
        0
      ]
    },
    {
      "Target": "Parameter",
      "Id": "ParamWaistDress2",
      "Segments": [
        0,
        0,
        0,
        0.367,
        4.459,
        0,
        0.733,
        -2.582,
        0,
        1.367,
        2.171,
        0,
        1.867,
        -1.995,
        0,
        2.267,
        0
      ]
    },
    {
      "Target": "Parameter",
      "Id": "ParamDownDress1",
      "Segments": [
        0,
        0,
        0,
        0.4,
        -1.503,
        0,
        0.9,
        1.103,
        0,
        1.467,
        -0.756,
        0,
        1.933,
        0.703,
        0,
        2.267,
        0
      ]
    },
    {
      "Target": "Parameter",
      "Id": "ParamDownDress2",
      "Segments": [
        0,
        0,
        0,
        0.567,
        -1.339,
        0,
        1.067,
        0.892,
        0,
        1.6,
        -1.031,
        0,
        2.1,
        0.708,
        0,
        2.267,
        0
      ]
    },
    {
      "Target": "Parameter",
      "Id": "ParamPendantZ",
      "Segments": [
        0,
        0,
        0,
        0.4,
        8,
        0,
        0.7,
        -4,
        0,
        1.033,
        2,
        0,
        1.4,
        0,
        0,
        2.033,
        1,
        0,
        2.267,
        0
      ]
    },
    {
      "Target": "Parameter",
      "Id": "ParamLArmRibbon1",
      "Segments": [
        0,
        0,
        0,
        0.2,
        -9,
        0,
        0.533,
        11.41,
        0,
        0.933,
        0,
        0,
        1.633,
        7.315,
        0,
        2.267,
        0
      ]
    },
    {
      "Target": "Parameter",
      "Id": "ParamLArmRibbon2",
      "Segments": [
        0,
        0,
        0,
        0.3,
        -7.551,
        0,
        0.7,
        10.146,
        0,
        1.133,
        -5.309,
        0,
        1.9,
        3.893,
        0,
        2.267,
        0
      ]
    },
    {
      "Target": "Parameter",
      "Id": "ParamRArmRibbon1",
      "Segments": [
        0,
        0,
        0,
        0.233,
        -16,
        0,
        0.633,
        11.561,
        0,
        1.133,
        -6.421,
        0,
        1.8,
        4.434,
        0,
        2.267,
        0
      ]
    },
    {
      "Target": "Parameter",
      "Id": "ParamRArmRibbon2",
      "Segments": [
        0,
        0,
        0,
        0.4,
        -14.179,
        0,
        0.867,
        10.196,
        0,
        1.467,
        -5.895,
        0,
        2.067,
        3.663,
        0,
        2.267,
        0
      ]
    },
    {
      "Target": "Parameter",
      "Id": "ParamRArmRibbonFit",
      "Segments": [
        0,
        0,
        0,
        0.2,
        -1.14,
        0,
        0.533,
        2.02,
        0,
        0.933,
        0.05,
        0,
        1.633,
        0.637,
        0,
        2.267,
        0
      ]
    },
    {
      "Target": "Parameter",
      "Id": "ParamRArmRibbon11",
      "Segments": [
        0,
        0,
        0,
        0.3,
        -4,
        0,
        0.7,
        5.426,
        0,
        1.233,
        -1.907,
        0,
        2,
        1.744,
        0,
        2.267,
        0
      ]
    },
    {
      "Target": "Parameter",
      "Id": "ParamRArmRibbon12",
      "Segments": [
        0,
        0,
        0,
        0.467,
        -3.887,
        0,
        0.933,
        5.122,
        0,
        1.633,
        -1.798,
        0,
        2.267,
        0
      ]
    },
    {
      "Target": "Parameter",
      "Id": "ParamRArmRibbon21",
      "Segments": [
        0,
        0,
        0,
        0.4,
        -10,
        0,
        0.9,
        9.533,
        0,
        1.333,
        -3.939,
        0,
        1.9,
        4.629,
        0,
        2.267,
        0
      ]
    },
    {
      "Target": "Parameter",
      "Id": "ParamRArmRibbon22",
      "Segments": [
        0,
        0,
        0,
        0.267,
        -9,
        0,
        0.833,
        6.924,
        0,
        1.433,
        -9,
        0,
        2.033,
        4.536,
        0,
        2.267,
        0
      ]
    },
    {
      "Target": "Parameter",
      "Id": "ParamRArmRibbonX",
      "Segments": [
        0,
        0,
        0,
        0.4,
        -30,
        0,
        1.033,
        29.249,
        0,
        2,
        -30,
        0,
        2.267,
        0
      ]
    },
    {
      "Target": "Parameter",
      "Id": "ParamRArmRibbon23",
      "Segments": [
        0,
        0,
        0,
        0.333,
        -6,
        0,
        0.933,
        0,
        0,
        1.333,
        -0.939,
        0,
        1.9,
        0.023,
        0,
        2.267,
        0
      ]
    },
    {
      "Target": "Parameter",
      "Id": "ParamRArmRibbon24",
      "Segments": [
        0,
        0,
        0,
        0.233,
        4.127,
        0,
        0.533,
        -6.087,
        0,
        1.133,
        1.644,
        0,
        1.6,
        -1,
        0,
        2.033,
        0.886,
        0,
        2.267,
        0
      ]
    },
    {
      "Target": "Parameter",
      "Id": "ParamLArmRibbonFit",
      "Segments": [
        0,
        0,
        0,
        0.2,
        1.44,
        0,
        0.433,
        -6.552,
        1,
        0.811,
        -6.552,
        1.189,
        -6.573,
        1.567,
        -6,
        1,
        1.8,
        -5.646,
        2.034,
        0,
        2.267,
        0
      ]
    },
    {
      "Target": "Parameter",
      "Id": "ParamLHandRibbon11",
      "Segments": [
        0,
        0,
        0,
        0.2,
        11.445,
        0,
        0.533,
        -14,
        0,
        0.933,
        3,
        0,
        1.367,
        -4.854,
        0,
        1.9,
        2.206,
        0,
        2.267,
        0
      ]
    },
    {
      "Target": "Parameter",
      "Id": "ParamLHandRibbon12",
      "Segments": [
        0,
        0,
        0,
        0.367,
        11.178,
        0,
        0.7,
        -11.914,
        0,
        1.1,
        6.177,
        0,
        1.6,
        -5.295,
        0,
        2.067,
        4.118,
        0,
        2.267,
        0
      ]
    },
    {
      "Target": "Parameter",
      "Id": "ParamLHandRibbon21",
      "Segments": [
        0,
        0,
        0,
        0.267,
        9.605,
        0,
        0.5,
        -10,
        0,
        1.1,
        0,
        0,
        1.967,
        -3,
        0,
        2.267,
        0
      ]
    },
    {
      "Target": "Parameter",
      "Id": "ParamLHandRibbon22",
      "Segments": [
        0,
        0,
        0,
        0.367,
        9.179,
        0,
        0.6,
        -5.1,
        0,
        1.033,
        4.646,
        0,
        2,
        -2.933,
        0,
        2.267,
        0
      ]
    },
    {
      "Target": "Parameter",
      "Id": "ParamLHandRibbon23",
      "Segments": [
        0,
        0,
        0,
        0.133,
        -18.305,
        0,
        0.467,
        8.667,
        0,
        0.767,
        -8,
        0,
        1.233,
        4.292,
        0,
        2,
        -3.156,
        0,
        2.267,
        0
      ]
    },
    {
      "Target": "Parameter",
      "Id": "ParamLHandRibbon24",
      "Segments": [
        0,
        0,
        0,
        0.233,
        -19,
        0,
        0.5,
        23,
        0,
        0.867,
        -12.139,
        0,
        1.633,
        5.864,
        0,
        2.267,
        0
      ]
    },
    {
      "Target": "Parameter",
      "Id": "ParamLHandRibbon31",
      "Segments": [
        0,
        0,
        0,
        0.233,
        -10.672,
        0,
        0.567,
        10.794,
        0,
        1,
        -3.35,
        0,
        1.767,
        1.737,
        0,
        2.267,
        0
      ]
    },
    {
      "Target": "Parameter",
      "Id": "ParamLHandRibbon32",
      "Segments": [
        0,
        0,
        0,
        0.333,
        -9.678,
        0,
        0.7,
        9.803,
        0,
        1.2,
        -4.219,
        0,
        2.067,
        1.365,
        0,
        2.267,
        0
      ]
    },
    {
      "Target": "Parameter",
      "Id": "ParamLHandRibbon33",
      "Segments": [
        0,
        0,
        0,
        0.167,
        9.684,
        0,
        0.533,
        -9.459,
        0,
        0.867,
        9.009,
        0,
        1.3,
        -6.757,
        0,
        2.267,
        0
      ]
    },
    {
      "Target": "Parameter",
      "Id": "ParamLHandRibbon34",
      "Segments": [
        0,
        0,
        0,
        0.233,
        17,
        0,
        0.533,
        -12,
        0,
        0.9,
        10.896,
        0,
        1.433,
        -12,
        0,
        2.267,
        0
      ]
    },
    {
      "Target": "Parameter",
      "Id": "ParamLHandRibbon35",
      "Segments": [
        0,
        0,
        0,
        0.367,
        14.695,
        0,
        0.667,
        -10.891,
        0,
        1.033,
        10.373,
        0,
        1.567,
        -10.027,
        0,
        2.267,
        0
      ]
    },
    {
      "Target": "Parameter",
      "Id": "ParamLHandRibbon36",
      "Segments": [
        0,
        0,
        0,
        0.533,
        -8,
        0,
        1.167,
        45,
        0,
        1.967,
        -10.458,
        0,
        2.267,
        0
      ]
    },
    {
      "Target": "Parameter",
      "Id": "ParamLHandRibbon37",
      "Segments": [
        0,
        0,
        0,
        0.133,
        -14,
        0,
        0.467,
        17,
        0,
        0.867,
        -16.509,
        0,
        1.367,
        36.265,
        0,
        2,
        -6.711,
        0,
        2.267,
        0
      ]
    },
    {
      "Target": "Model",
      "Id": "Opacity",
      "Segments": [
        0,
        1,
        0,
        2.27,
        1
      ]
    },
    {
      "Target": "Parameter",
      "Id": "ParamZChuMoOn",
      "Segments": [
        0,
        0,
        0,
        2.27,
        0
      ]
    },
    {
      "Target": "Parameter",
      "Id": "ParamXChuMoOff",
      "Segments": [
        0,
        1,
        0,
        2.27,
        1
      ]
    },
    {
      "Target": "Parameter",
      "Id": "ParamLiZiOn",
      "Segments": [
        0,
        1,
        0,
        2.27,
        1
      ]
    },
    {
      "Target": "Parameter",
      "Id": "ParamLiZiY",
      "Segments": [
        0,
        0,
        0,
        2.27,
        0
      ]
    },
    {
      "Target": "Parameter",
      "Id": "ParamLightLY1",
      "Segments": [
        0,
        0,
        0,
        2.27,
        0
      ]
    },
    {
      "Target": "Parameter",
      "Id": "ParamLightLY7",
      "Segments": [
        0,
        0,
        0,
        2.27,
        0
      ]
    },
    {
      "Target": "Parameter",
      "Id": "ParamLightLY8",
      "Segments": [
        0,
        0,
        0,
        2.27,
        0
      ]
    },
    {
      "Target": "Parameter",
      "Id": "ParamRingFlash",
      "Segments": [
        0,
        0,
        0,
        2.27,
        0
      ]
    },
    {
      "Target": "Parameter",
      "Id": "ParamWuQi",
      "Segments": [
        0,
        0,
        0,
        2.27,
        0
      ]
    },
    {
      "Target": "Parameter",
      "Id": "ParamWuQiS",
      "Segments": [
        0,
        0,
        0,
        2.27,
        0
      ]
    },
    {
      "Target": "Parameter",
      "Id": "ParamRingBoxX",
      "Segments": [
        0,
        0,
        0,
        2.27,
        0
      ]
    },
    {
      "Target": "Parameter",
      "Id": "ParamRingBoxY",
      "Segments": [
        0,
        0,
        0,
        2.27,
        0
      ]
    },
    {
      "Target": "Parameter",
      "Id": "ParamRingBoxS",
      "Segments": [
        0,
        0,
        0,
        2.27,
        0
      ]
    },
    {
      "Target": "Parameter",
      "Id": "ParamRingBoxOff",
      "Segments": [
        0,
        1,
        0,
        2.27,
        1
      ]
    },
    {
      "Target": "Parameter",
      "Id": "ParamRingBoxZOn",
      "Segments": [
        0,
        0,
        0,
        2.27,
        0
      ]
    },
    {
      "Target": "Parameter",
      "Id": "ParamRingBoxYYOff",
      "Segments": [
        0,
        0,
        0,
        2.27,
        0
      ]
    },
    {
      "Target": "Parameter",
      "Id": "ParamRingBoxZOff",
      "Segments": [
        0,
        0,
        0,
        2.27,
        0
      ]
    },
    {
      "Target": "Parameter",
      "Id": "ParamRingBoxZX",
      "Segments": [
        0,
        0,
        0,
        2.27,
        0
      ]
    },
    {
      "Target": "Parameter",
      "Id": "ParamRingBoxZY",
      "Segments": [
        0,
        0,
        0,
        2.27,
        0
      ]
    },
    {
      "Target": "Parameter",
      "Id": "ParamRingBoxZS",
      "Segments": [
        0,
        0,
        0,
        2.27,
        0
      ]
    },
    {
      "Target": "Parameter",
      "Id": "ParamZJieZS",
      "Segments": [
        0,
        0,
        0,
        2.27,
        0
      ]
    },
    {
      "Target": "Parameter",
      "Id": "ParamRingBoxT",
      "Segments": [
        0,
        0,
        0,
        2.27,
        0
      ]
    },
    {
      "Target": "Parameter",
      "Id": "ParamHandRing",
      "Segments": [
        0,
        0,
        0,
        2.27,
        0
      ]
    },
    {
      "Target": "Parameter",
      "Id": "ParamRingOnHand",
      "Segments": [
        0,
        0,
        0,
        2.27,
        0
      ]
    },
    {
      "Target": "Parameter",
      "Id": "ParamTianSS",
      "Segments": [
        0,
        0,
        0,
        2.27,
        0
      ]
    },
    {
      "Target": "Parameter",
      "Id": "ParamChairS",
      "Segments": [
        0,
        0,
        0,
        2.27,
        0
      ]
    },
    {
      "Target": "Parameter",
      "Id": "ParamChairX",
      "Segments": [
        0,
        0,
        0,
        2.27,
        0
      ]
    },
    {
      "Target": "Parameter",
      "Id": "ParamChairY",
      "Segments": [
        0,
        0,
        0,
        2.27,
        0
      ]
    },
    {
      "Target": "Parameter",
      "Id": "ParamCandlestickS",
      "Segments": [
        0,
        0,
        0,
        2.27,
        0
      ]
    },
    {
      "Target": "Parameter",
      "Id": "ParamCandlestickX",
      "Segments": [
        0,
        0,
        0,
        2.27,
        0
      ]
    },
    {
      "Target": "Parameter",
      "Id": "ParamCandlestickY",
      "Segments": [
        0,
        0,
        0,
        2.27,
        0
      ]
    },
    {
      "Target": "Parameter",
      "Id": "ParamCJTS",
      "Segments": [
        0,
        0,
        0,
        2.27,
        0
      ]
    },
    {
      "Target": "Parameter",
      "Id": "ParamHX",
      "Segments": [
        0,
        0,
        0,
        2.27,
        0
      ]
    },
    {
      "Target": "Parameter",
      "Id": "ParamHY",
      "Segments": [
        0,
        0,
        0,
        2.27,
        0
      ]
    },
    {
      "Target": "Parameter",
      "Id": "ParamHBO",
      "Segments": [
        0,
        0,
        0,
        2.27,
        0
      ]
    },
    {
      "Target": "Parameter",
      "Id": "ParamX",
      "Segments": [
        0,
        0,
        0,
        2.27,
        0
      ]
    },
    {
      "Target": "Parameter",
      "Id": "ParamY",
      "Segments": [
        0,
        0,
        0,
        2.27,
        0
      ]
    },
    {
      "Target": "Parameter",
      "Id": "ParamS",
      "Segments": [
        0,
        0,
        0,
        2.27,
        0
      ]
    },
    {
      "Target": "Parameter",
      "Id": "ParamBlack2On",
      "Segments": [
        0,
        0,
        0,
        2.27,
        0
      ]
    },
    {
      "Target": "Parameter",
      "Id": "ParamBlack2B",
      "Segments": [
        0,
        0,
        0,
        2.27,
        0
      ]
    },
    {
      "Target": "Parameter",
      "Id": "ParamWhite1On",
      "Segments": [
        0,
        0,
        0,
        2.27,
        0
      ]
    },
    {
      "Target": "Parameter",
      "Id": "ParamWhite2On",
      "Segments": [
        0,
        0,
        0,
        2.27,
        0
      ]
    },
    {
      "Target": "Parameter",
      "Id": "ParamWhite2S",
      "Segments": [
        0,
        0,
        0,
        2.27,
        0
      ]
    },
    {
      "Target": "Parameter",
      "Id": "ParamBlush",
      "Segments": [
        0,
        1,
        0,
        2.27,
        1
      ]
    },
    {
      "Target": "Parameter",
      "Id": "ParamBrowLAngle",
      "Segments": [
        0,
        0,
        0,
        2.27,
        0
      ]
    },
    {
      "Target": "Parameter",
      "Id": "ParamBrowRAngle",
      "Segments": [
        0,
        0,
        0,
        2.27,
        0
      ]
    },
    {
      "Target": "Parameter",
      "Id": "ParamArmL",
      "Segments": [
        0,
        0,
        0,
        2.27,
        0
      ]
    },
    {
      "Target": "Parameter",
      "Id": "ParamArmLY",
      "Segments": [
        0,
        0,
        0,
        2.27,
        0
      ]
    },
    {
      "Target": "Parameter",
      "Id": "ParamArmL1",
      "Segments": [
        0,
        0,
        0,
        2.27,
        0
      ]
    },
    {
      "Target": "Parameter",
      "Id": "ParamArmL1Y",
      "Segments": [
        0,
        0,
        0,
        2.27,
        0
      ]
    },
    {
      "Target": "Parameter",
      "Id": "ParamHandL",
      "Segments": [
        0,
        0,
        0,
        2.27,
        0
      ]
    },
    {
      "Target": "Parameter",
      "Id": "ParamFingerL11",
      "Segments": [
        0,
        0,
        0,
        2.27,
        0
      ]
    },
    {
      "Target": "Parameter",
      "Id": "ParamFingerL12",
      "Segments": [
        0,
        0,
        0,
        2.27,
        0
      ]
    },
    {
      "Target": "Parameter",
      "Id": "ParamFingerL21",
      "Segments": [
        0,
        0,
        0,
        2.27,
        0
      ]
    },
    {
      "Target": "Parameter",
      "Id": "ParamFingerL22",
      "Segments": [
        0,
        0,
        0,
        2.27,
        0
      ]
    },
    {
      "Target": "Parameter",
      "Id": "ParamUpperArmLOff",
      "Segments": [
        0,
        1,
        0,
        2.27,
        1
      ]
    },
    {
      "Target": "Parameter",
      "Id": "ParamUpperArmLFOn",
      "Segments": [
        0,
        0,
        0,
        2.27,
        0
      ]
    },
    {
      "Target": "Parameter",
      "Id": "ParamUpperArmLFZ",
      "Segments": [
        0,
        0,
        0,
        2.27,
        0
      ]
    },
    {
      "Target": "Parameter",
      "Id": "ParamUpperArmLFY",
      "Segments": [
        0,
        0,
        0,
        2.27,
        0
      ]
    },
    {
      "Target": "Parameter",
      "Id": "ParamLowerArmLFZ",
      "Segments": [
        0,
        0,
        0,
        2.27,
        0
      ]
    },
    {
      "Target": "Parameter",
      "Id": "ParamLowerArmLFY",
      "Segments": [
        0,
        0,
        0,
        2.27,
        0
      ]
    },
    {
      "Target": "Parameter",
      "Id": "ParamHandFZ",
      "Segments": [
        0,
        0,
        0,
        2.27,
        0
      ]
    },
    {
      "Target": "Parameter",
      "Id": "ParamHandF11",
      "Segments": [
        0,
        0,
        0,
        2.27,
        0
      ]
    },
    {
      "Target": "Parameter",
      "Id": "ParamHandF12",
      "Segments": [
        0,
        0,
        0,
        2.27,
        0
      ]
    },
    {
      "Target": "Parameter",
      "Id": "ParamHandF21",
      "Segments": [
        0,
        0,
        0,
        2.27,
        0
      ]
    },
    {
      "Target": "Parameter",
      "Id": "ParamHandF22",
      "Segments": [
        0,
        0,
        0,
        2.27,
        0
      ]
    },
    {
      "Target": "Parameter",
      "Id": "ParamHandF31",
      "Segments": [
        0,
        0,
        0,
        2.27,
        0
      ]
    },
    {
      "Target": "Parameter",
      "Id": "ParamHandF32",
      "Segments": [
        0,
        0,
        0,
        2.27,
        0
      ]
    },
    {
      "Target": "Parameter",
      "Id": "ParamHandF41",
      "Segments": [
        0,
        0,
        0,
        2.27,
        0
      ]
    },
    {
      "Target": "Parameter",
      "Id": "ParamHandF42",
      "Segments": [
        0,
        0,
        0,
        2.27,
        0
      ]
    },
    {
      "Target": "Parameter",
      "Id": "ParamDownUpperArmLOn",
      "Segments": [
        0,
        1,
        0,
        2.27,
        1
      ]
    },
    {
      "Target": "Parameter",
      "Id": "ParamDownUpperArmLY",
      "Segments": [
        0,
        0,
        0,
        2.27,
        0
      ]
    },
    {
      "Target": "Parameter",
      "Id": "ParamDownLowerArmLY",
      "Segments": [
        0,
        0,
        0,
        2.27,
        0
      ]
    },
    {
      "Target": "Parameter",
      "Id": "ParamArmRY",
      "Segments": [
        0,
        0,
        0,
        2.27,
        0
      ]
    },
    {
      "Target": "Parameter",
      "Id": "ParamArmR1Y",
      "Segments": [
        0,
        0,
        0,
        2.27,
        0
      ]
    },
    {
      "Target": "Parameter",
      "Id": "ParamMicrophoneZ2",
      "Segments": [
        0,
        0,
        0,
        2.27,
        0
      ]
    },
    {
      "Target": "Parameter",
      "Id": "ParamLineZ",
      "Segments": [
        0,
        0,
        0,
        2.27,
        0
      ]
    },
    {
      "Target": "Parameter",
      "Id": "ParamLineZ2",
      "Segments": [
        0,
        0,
        0,
        2.27,
        0
      ]
    },
    {
      "Target": "Parameter",
      "Id": "ParamMicrophoneYYOff",
      "Segments": [
        0,
        0,
        0,
        2.27,
        0
      ]
    },
    {
      "Target": "Parameter",
      "Id": "ParamMicrophoneYYZ",
      "Segments": [
        0,
        0,
        0,
        2.27,
        0
      ]
    },
    {
      "Target": "Parameter",
      "Id": "ParamMicrophoneGOff",
      "Segments": [
        0,
        0,
        0,
        2.27,
        0
      ]
    },
    {
      "Target": "Parameter",
      "Id": "ParamMicrophoneSOn",
      "Segments": [
        0,
        0,
        0,
        2.27,
        0
      ]
    },
    {
      "Target": "Parameter",
      "Id": "ParamFootR",
      "Segments": [
        0,
        0,
        0,
        2.27,
        0
      ]
    },
    {
      "Target": "Parameter",
      "Id": "ParamLHandRibbon38",
      "Segments": [
        0,
        0,
        0,
        2.27,
        0
      ]
    }
  ],
  "UserData": [
    {
      "Time": 0.0,
      "Value": ""
    },
    {
      "Time": 0.3,
      "Value": "characterVoice_10_1"
    }
  ]
}