{
  "Version": 3,
  "Meta": {
    "Duration": 3.9,
    "Fps": 30.0,
    "Loop": true,
    "AreBeziersRestricted": true,
    "CurveCount": 207,
    "TotalSegmentCount": 1165,
    "TotalPointCount": 1335,
    "UserDataCount": 2,
    "TotalUserDataSize": 20
  },
  "Curves": [
    {
      "Target": "Parameter",
      "Id": "ParamLiZiS",
      "Segments": [
        0,
        0,
        0,
        0.167,
        -6,
        0,
        0.667,
        6,
        0,
        1.6,
        -2,
        0,
        2.667,
        2,
        0,
        3.867,
        0,
        2,
        3.9,
        0
      ]
    },
    {
      "Target": "Parameter",
      "Id": "ParamLightLY1",
      "Segments": [
        0,
        0,
        1,
        0.567,
        0.333,
        1.133,
        0.667,
        1.7,
        1,
        2,
        1.733,
        0,
        1,
        2.433,
        0.167,
        3.133,
        0.333,
        3.833,
        0.5,
        1,
        3.844,
        0.333,
        3.856,
        0.167,
        3.867,
        0,
        2,
        3.9,
        0
      ]
    },
    {
      "Target": "Parameter",
      "Id": "ParamLightLY6",
      "Segments": [
        0,
        0.5,
        1,
        0.256,
        0.667,
        0.511,
        0.833,
        0.767,
        1,
        2,
        0.8,
        0,
        1,
        1.833,
        0.167,
        2.867,
        0.333,
        3.9,
        0.5
      ]
    },
    {
      "Target": "Parameter",
      "Id": "ParamLightLY7",
      "Segments": [
        0,
        0,
        1,
        1.278,
        0.303,
        2.555,
        0.607,
        3.833,
        0.91,
        1,
        3.844,
        0.607,
        3.856,
        0.303,
        3.867,
        0,
        2,
        3.9,
        0
      ]
    },
    {
      "Target": "Parameter",
      "Id": "ParamLightLY8",
      "Segments": [
        0,
        0.5,
        1,
        0.489,
        0.333,
        0.978,
        0.167,
        1.467,
        0,
        1,
        2.278,
        0.167,
        3.089,
        0.333,
        3.9,
        0.5
      ]
    },
    {
      "Target": "Parameter",
      "Id": "ParamRingFlash",
      "Segments": [
        0,
        0,
        2,
        1.5,
        0,
        0,
        2.3,
        2,
        1,
        2.311,
        1.333,
        2.322,
        0.667,
        2.333,
        0,
        2,
        3.9,
        0
      ]
    },
    {
      "Target": "Parameter",
      "Id": "ParamAngleZ",
      "Segments": [
        0,
        0,
        0,
        0.267,
        1.274,
        0,
        0.667,
        -10.6,
        0,
        0.867,
        -10,
        2,
        1.133,
        -10,
        0,
        1.3,
        -9.34,
        0,
        1.467,
        -10.18,
        1,
        1.522,
        -10.18,
        1.578,
        -10.286,
        1.633,
        -10,
        1,
        1.866,
        -8.799,
        2.1,
        -7.3,
        2.333,
        -7.3,
        1,
        2.5,
        -7.3,
        2.666,
        -7.653,
        2.833,
        -10,
        1,
        2.911,
        -11.095,
        2.989,
        -16,
        3.067,
        -16,
        0,
        3.567,
        2.064,
        0,
        3.9,
        0
      ]
    },
    {
      "Target": "Parameter",
      "Id": "ParamBodyAngleZ",
      "Segments": [
        0,
        0,
        0,
        0.2,
        0.507,
        0,
        0.567,
        -2.088,
        1,
        0.667,
        -2.088,
        0.767,
        -2.045,
        0.867,
        -2,
        1,
        0.945,
        -1.965,
        1.022,
        -1.96,
        1.1,
        -1.96,
        0,
        1.367,
        -2,
        0,
        2.067,
        -1.8,
        0,
        2.833,
        -2.34,
        0,
        3.533,
        0.346,
        0,
        3.9,
        0
      ]
    },
    {
      "Target": "Parameter",
      "Id": "ParamBreath",
      "Segments": [
        0,
        0,
        0,
        0.167,
        1,
        1,
        0.234,
        1,
        0.3,
        0.891,
        0.367,
        0.642,
        1,
        0.478,
        0.225,
        0.589,
        0,
        0.7,
        0,
        2,
        1.1,
        0,
        0,
        1.267,
        0.3,
        0,
        1.633,
        0,
        2,
        3.9,
        0
      ]
    },
    {
      "Target": "Parameter",
      "Id": "ParamAngleX",
      "Segments": [
        0,
        0,
        0,
        0.267,
        3.903,
        0,
        0.633,
        -9.76,
        0,
        0.9,
        -7,
        2,
        1.2,
        -7,
        0,
        1.4,
        -5,
        2,
        2.067,
        -5,
        0,
        2.233,
        -9.077,
        0,
        2.4,
        -3.764,
        0,
        2.6,
        -9.249,
        0,
        2.767,
        -2.127,
        0,
        3.167,
        -7,
        0,
        3.667,
        2.132,
        0,
        3.9,
        0
      ]
    },
    {
      "Target": "Parameter",
      "Id": "ParamAngleY",
      "Segments": [
        0,
        0,
        0,
        0.133,
        -7,
        0,
        0.267,
        2.88,
        1,
        0.3,
        2.88,
        0.334,
        2.86,
        0.367,
        0,
        1,
        0.4,
        -2.86,
        0.434,
        -17.306,
        0.467,
        -20,
        1,
        0.556,
        -27.184,
        0.644,
        -29,
        0.733,
        -29,
        2,
        1.167,
        -29,
        0,
        1.333,
        -24.58,
        0,
        1.5,
        -29.36,
        0,
        1.733,
        -29,
        2,
        2.833,
        -29,
        0,
        3.1,
        -30,
        0,
        3.667,
        3.9,
        0,
        3.9,
        0
      ]
    },
    {
      "Target": "Parameter",
      "Id": "ParamBodyAngleX",
      "Segments": [
        0,
        0,
        0,
        0.267,
        2,
        0,
        0.6,
        -4.52,
        0,
        0.833,
        -4,
        2,
        1.267,
        -4,
        0,
        1.867,
        -1.659,
        1,
        1.967,
        -1.659,
        2.067,
        -1.62,
        2.167,
        -2.103,
        1,
        2.256,
        -2.532,
        2.344,
        -4.452,
        2.433,
        -4.452,
        0,
        2.833,
        -4,
        0,
        3.133,
        -6,
        0,
        3.667,
        0.64,
        0,
        3.9,
        0
      ]
    },
    {
      "Target": "Parameter",
      "Id": "ParamBodyAngleY",
      "Segments": [
        0,
        0,
        0,
        0.267,
        2.809,
        0,
        0.667,
        -6.467,
        0,
        0.833,
        -6,
        2,
        2.833,
        -6,
        0,
        3.033,
        -6.917,
        0,
        3.667,
        1.068,
        0,
        3.9,
        0
      ]
    },
    {
      "Target": "Parameter",
      "Id": "ParamHipX",
      "Segments": [
        0,
        0,
        0,
        0.133,
        1,
        0,
        0.467,
        -4,
        2,
        2.833,
        -4,
        0,
        3.067,
        -4.77,
        0,
        3.7,
        0.534,
        0,
        3.9,
        0
      ]
    },
    {
      "Target": "Parameter",
      "Id": "ParamEyeLOpen",
      "Segments": [
        0,
        1,
        0,
        0.133,
        1.2,
        1,
        0.144,
        1.2,
        0.156,
        1.087,
        0.167,
        0.7,
        1,
        0.178,
        0.313,
        0.189,
        0,
        0.2,
        0,
        2,
        0.3,
        0,
        0,
        0.467,
        1.2,
        2,
        0.933,
        1.2,
        1,
        0.978,
        1.2,
        1.022,
        0.835,
        1.067,
        0.2,
        1,
        1.078,
        0.041,
        1.089,
        0,
        1.1,
        0,
        1,
        1.122,
        0,
        1.145,
        0.241,
        1.167,
        0.5,
        1,
        1.211,
        1.018,
        1.256,
        1.2,
        1.3,
        1.2,
        0,
        1.933,
        1,
        0,
        2.233,
        1.2,
        0,
        2.4,
        0,
        2,
        3,
        0,
        0,
        3.2,
        1,
        2,
        3.9,
        1
      ]
    },
    {
      "Target": "Parameter",
      "Id": "ParamEyeROpen",
      "Segments": [
        0,
        1,
        0,
        0.133,
        1.5,
        1,
        0.144,
        1.5,
        0.156,
        1.197,
        0.167,
        0.7,
        1,
        0.178,
        0.203,
        0.189,
        0,
        0.2,
        0,
        2,
        0.3,
        0,
        0,
        0.467,
        1.5,
        2,
        0.933,
        1.5,
        1,
        0.978,
        1.5,
        1.022,
        0.968,
        1.067,
        0.2,
        1,
        1.078,
        0.008,
        1.089,
        0,
        1.1,
        0,
        1,
        1.122,
        0,
        1.145,
        0.167,
        1.167,
        0.5,
        1,
        1.211,
        1.167,
        1.256,
        1.5,
        1.3,
        1.5,
        0,
        1.933,
        1.197,
        0,
        2.233,
        1.5,
        0,
        2.4,
        0,
        2,
        3,
        0,
        0,
        3.2,
        1,
        2,
        3.9,
        1
      ]
    },
    {
      "Target": "Parameter",
      "Id": "ParamEyeSmile",
      "Segments": [
        0,
        1,
        0,
        0.467,
        0,
        2,
        2.9,
        0,
        0,
        3.9,
        1
      ]
    },
    {
      "Target": "Parameter",
      "Id": "ParamEyeBallX",
      "Segments": [
        0,
        0,
        2,
        0.967,
        0,
        0,
        1.2,
        -1,
        2,
        2.833,
        -1,
        0,
        3.033,
        0,
        0,
        3.167,
        -0.2,
        0,
        3.467,
        0.032,
        0,
        3.9,
        0
      ]
    },
    {
      "Target": "Parameter",
      "Id": "ParamEyeBallY",
      "Segments": [
        0,
        0,
        0,
        0.467,
        0.5,
        2,
        0.967,
        0.5,
        1,
        1.045,
        0.5,
        1.122,
        -0.176,
        1.2,
        -0.178,
        1,
        1.744,
        -0.195,
        2.289,
        -0.2,
        2.833,
        -0.2,
        0,
        3.9,
        0
      ]
    },
    {
      "Target": "Parameter",
      "Id": "ParamEyeWater",
      "Segments": [
        0,
        0,
        2,
        0.367,
        0,
        0,
        0.467,
        1,
        2,
        2.8,
        1,
        0,
        2.833,
        0,
        2,
        3.9,
        0
      ]
    },
    {
      "Target": "Parameter",
      "Id": "ParamEyeWater1",
      "Segments": [
        0,
        0,
        2,
        0.367,
        0,
        0,
        0.567,
        23,
        0,
        0.767,
        -22.977,
        0,
        1.033,
        23.121,
        0,
        1.333,
        -21.583,
        0,
        1.6,
        22.383,
        0,
        1.9,
        -20.251,
        0,
        2.133,
        22.383,
        0,
        2.4,
        -22.977,
        0,
        2.6,
        23,
        0,
        2.8,
        0,
        2,
        3.9,
        0
      ]
    },
    {
      "Target": "Parameter",
      "Id": "ParamEyeWater2",
      "Segments": [
        0,
        0,
        2,
        0.367,
        0,
        0,
        0.467,
        -24,
        0,
        0.7,
        22.88,
        0,
        0.9,
        -22.88,
        0,
        1.167,
        22.88,
        0,
        1.467,
        -21.245,
        0,
        1.733,
        22.88,
        0,
        2,
        -20.156,
        0,
        2.267,
        22.335,
        0,
        2.467,
        -22.335,
        0,
        2.667,
        18.522,
        0,
        2.8,
        0,
        2,
        3.9,
        0
      ]
    },
    {
      "Target": "Parameter",
      "Id": "ParamMouthOpenY",
      "Segments": [
        0,
        0,
        2,
        0.2,
        0,
        0,
        0.333,
        0.7,
        0,
        0.467,
        0,
        2,
        3.9,
        0
      ]
    },
    {
      "Target": "Parameter",
      "Id": "ParamMouthForm",
      "Segments": [
        0,
        0,
        0,
        0.333,
        -1,
        0,
        0.467,
        -0.7,
        2,
        2.833,
        -0.7,
        0,
        3.3,
        -0.768,
        0,
        3.9,
        0
      ]
    },
    {
      "Target": "Parameter",
      "Id": "ParamBrowLForm",
      "Segments": [
        0,
        0,
        0,
        0.467,
        -0.9,
        2,
        0.567,
        -0.9,
        0,
        0.633,
        -0.7,
        0,
        0.7,
        -0.9,
        0,
        0.767,
        -0.7,
        0,
        0.833,
        -0.9,
        0,
        0.9,
        -0.6,
        0,
        0.967,
        -0.9,
        2,
        2.833,
        -0.9,
        0,
        3.9,
        0
      ]
    },
    {
      "Target": "Parameter",
      "Id": "ParamBrowRForm",
      "Segments": [
        0,
        0,
        0,
        0.467,
        -0.8,
        2,
        0.567,
        -0.8,
        0,
        0.633,
        -0.6,
        0,
        0.7,
        -0.8,
        0,
        0.767,
        -0.6,
        0,
        0.833,
        -0.8,
        0,
        0.9,
        -0.6,
        0,
        0.967,
        -0.8,
        2,
        2.833,
        -0.8,
        0,
        3.9,
        0
      ]
    },
    {
      "Target": "Parameter",
      "Id": "ParamLjian",
      "Segments": [
        0,
        0,
        0,
        0.133,
        -3.941,
        0,
        0.467,
        25,
        0,
        0.7,
        23,
        2,
        1.133,
        23,
        0,
        1.367,
        25,
        0,
        1.667,
        23,
        2,
        2.533,
        23,
        0,
        2.833,
        25,
        0,
        3.9,
        0
      ]
    },
    {
      "Target": "Parameter",
      "Id": "ParamArmL",
      "Segments": [
        0,
        0,
        0,
        0.133,
        2.69,
        0,
        0.467,
        -5,
        0,
        0.8,
        -4,
        2,
        2.833,
        -4,
        0,
        3.1,
        -6,
        0,
        3.9,
        0
      ]
    },
    {
      "Target": "Parameter",
      "Id": "ParamArmL1",
      "Segments": [
        0,
        0,
        0,
        0.267,
        -3.199,
        0,
        0.467,
        -1.708,
        0,
        0.8,
        -3,
        2,
        2.833,
        -3,
        0,
        3.2,
        -3.98,
        0,
        3.9,
        0
      ]
    },
    {
      "Target": "Parameter",
      "Id": "ParamHandL",
      "Segments": [
        0,
        0,
        0,
        0.233,
        -4,
        0,
        0.567,
        8.299,
        0,
        0.833,
        7.62,
        2,
        2.833,
        7.62,
        0,
        3.4,
        -1.706,
        0,
        3.9,
        0
      ]
    },
    {
      "Target": "Parameter",
      "Id": "ParamFingerL11",
      "Segments": [
        0,
        0,
        2,
        0.333,
        0,
        0,
        0.7,
        0.303,
        0,
        1.167,
        0,
        2,
        3.9,
        0
      ]
    },
    {
      "Target": "Parameter",
      "Id": "ParamFingerL12",
      "Segments": [
        0,
        0,
        2,
        0.333,
        0,
        0,
        0.533,
        -0.116,
        0,
        0.967,
        0.075,
        0,
        1.167,
        0,
        2,
        3.9,
        0
      ]
    },
    {
      "Target": "Parameter",
      "Id": "ParamFingerL21",
      "Segments": [
        0,
        0,
        0,
        0.267,
        -22,
        0,
        0.567,
        12.244,
        0,
        0.9,
        0,
        2,
        2.333,
        0,
        0,
        2.833,
        17,
        0,
        3.267,
        -15,
        0,
        3.9,
        0
      ]
    },
    {
      "Target": "Parameter",
      "Id": "ParamFingerL22",
      "Segments": [
        0,
        0,
        0,
        0.4,
        -20.19,
        0,
        0.767,
        11.481,
        0,
        1.067,
        0,
        2,
        2.333,
        0,
        0,
        3.033,
        13.977,
        0,
        3.467,
        -14.846,
        0,
        3.9,
        0
      ]
    },
    {
      "Target": "Parameter",
      "Id": "ParamRjian",
      "Segments": [
        0,
        0,
        0,
        0.6,
        13,
        2,
        2.833,
        13,
        0,
        3.9,
        0
      ]
    },
    {
      "Target": "Parameter",
      "Id": "ParamArmR",
      "Segments": [
        0,
        0,
        0,
        0.6,
        19.04,
        2,
        2.833,
        19.04,
        0,
        3.9,
        0
      ]
    },
    {
      "Target": "Parameter",
      "Id": "ParamArmR1",
      "Segments": [
        0,
        0,
        0,
        0.6,
        7.56,
        2,
        2.833,
        7.56,
        0,
        3.9,
        0
      ]
    },
    {
      "Target": "Parameter",
      "Id": "ParamFingerR1",
      "Segments": [
        0,
        0,
        0,
        0.6,
        5,
        2,
        2.833,
        5,
        0,
        3.9,
        0
      ]
    },
    {
      "Target": "Parameter",
      "Id": "ParamFingerR2",
      "Segments": [
        0,
        0,
        0,
        0.6,
        14,
        2,
        2.833,
        14,
        0,
        3.9,
        0
      ]
    },
    {
      "Target": "Parameter",
      "Id": "ParamMicrophoneZ1",
      "Segments": [
        0,
        0,
        1,
        0.089,
        0,
        0.178,
        1.843,
        0.267,
        2.334,
        1,
        0.356,
        2.825,
        0.444,
        3.064,
        0.533,
        3.218,
        1,
        0.666,
        3.448,
        0.8,
        3.48,
        0.933,
        3.48,
        2,
        1.6,
        3.48,
        0,
        2.2,
        3.6,
        1,
        2.311,
        3.6,
        2.422,
        3.571,
        2.533,
        3.48,
        1,
        2.622,
        3.407,
        2.711,
        3.256,
        2.8,
        3.218,
        1,
        2.856,
        3.194,
        2.911,
        3.192,
        2.967,
        3.18,
        1,
        3.045,
        3.163,
        3.122,
        3.158,
        3.2,
        3.132,
        1,
        3.256,
        3.113,
        3.311,
        2.83,
        3.367,
        2.594,
        1,
        3.434,
        2.311,
        3.5,
        1.926,
        3.567,
        1.441,
        1,
        3.678,
        0.633,
        3.789,
        0,
        3.9,
        0
      ]
    },
    {
      "Target": "Parameter",
      "Id": "ParamLineZ1",
      "Segments": [
        0,
        0,
        1,
        0.089,
        0.28,
        0.178,
        0.56,
        0.267,
        0.84,
        1,
        0.356,
        0.879,
        0.444,
        0.919,
        0.533,
        0.958,
        1,
        0.666,
        1,
        0.8,
        1.042,
        0.933,
        1.084,
        1,
        1.155,
        1.083,
        1.378,
        1.081,
        1.6,
        1.08,
        1,
        1.8,
        1.066,
        2,
        1.052,
        2.2,
        1.038,
        1,
        2.311,
        1.03,
        2.422,
        1.022,
        2.533,
        1.014,
        1,
        2.622,
        1.008,
        2.711,
        1.002,
        2.8,
        0.996,
        1,
        2.856,
        0.946,
        2.911,
        0.895,
        2.967,
        0.845,
        1,
        3.045,
        0.875,
        3.122,
        0.904,
        3.2,
        0.934,
        1,
        3.256,
        0.88,
        3.311,
        0.826,
        3.367,
        0.772,
        1,
        3.434,
        0.636,
        3.5,
        0.499,
        3.567,
        0.363,
        1,
        3.678,
        0.242,
        3.789,
        0.121,
        3.9,
        0
      ]
    },
    {
      "Target": "Parameter",
      "Id": "ParamMicrophoneYY",
      "Segments": [
        0,
        0,
        1,
        0.089,
        0,
        0.178,
        0.146,
        0.267,
        0.4,
        1,
        0.411,
        0.812,
        0.556,
        1,
        0.7,
        1,
        2,
        2.8,
        1,
        0,
        3.9,
        0
      ]
    },
    {
      "Target": "Parameter",
      "Id": "ParamLegL",
      "Segments": [
        0,
        0,
        0,
        0.167,
        1.118,
        0,
        0.467,
        -6.66,
        0,
        0.667,
        -6.24,
        2,
        2.833,
        -6.24,
        0,
        3.067,
        -7.095,
        0,
        3.9,
        0
      ]
    },
    {
      "Target": "Parameter",
      "Id": "ParamLegL1",
      "Segments": [
        0,
        0,
        0,
        0.167,
        -1.874,
        0,
        0.467,
        3.966,
        0,
        0.667,
        3.306,
        2,
        2.833,
        3.306,
        0,
        3.067,
        4.341,
        0,
        3.9,
        0
      ]
    },
    {
      "Target": "Parameter",
      "Id": "ParamFootL",
      "Segments": [
        0,
        0,
        0,
        0.167,
        2,
        0,
        0.467,
        -2,
        0,
        0.667,
        -1,
        2,
        2.833,
        -1,
        0,
        3.067,
        -1.86,
        0,
        3.9,
        0
      ]
    },
    {
      "Target": "Parameter",
      "Id": "ParamLegR",
      "Segments": [
        0,
        0,
        0,
        0.167,
        -0.207,
        0,
        0.467,
        1.14,
        0,
        0.667,
        0.54,
        2,
        2.833,
        0.54,
        0,
        3.067,
        1.14,
        0,
        3.9,
        0
      ]
    },
    {
      "Target": "Parameter",
      "Id": "ParamLegR1",
      "Segments": [
        0,
        0,
        0,
        0.167,
        0.9,
        0,
        0.467,
        -2,
        0,
        0.667,
        -1,
        2,
        2.833,
        -1,
        0,
        3.067,
        -2,
        0,
        3.9,
        0
      ]
    },
    {
      "Target": "Parameter",
      "Id": "ParamHairBow1",
      "Segments": [
        0,
        0,
        0,
        0.167,
        -10,
        0,
        0.467,
        13,
        0,
        0.7,
        -18,
        0,
        1.033,
        -5.017,
        0,
        1.4,
        -18,
        0,
        1.8,
        -12,
        0,
        2.233,
        -20.74,
        0,
        2.567,
        -8.645,
        0,
        2.833,
        -19.503,
        0,
        3.1,
        -9.166,
        0,
        3.433,
        -18,
        0,
        3.7,
        4.876,
        0,
        3.9,
        0
      ]
    },
    {
      "Target": "Parameter",
      "Id": "ParamHairBow2",
      "Segments": [
        0,
        0,
        0,
        0.3,
        -9.166,
        0,
        0.567,
        11.312,
        0,
        0.8,
        -5.461,
        0,
        1.267,
        8.776,
        0,
        1.567,
        -5.461,
        0,
        2.067,
        6.436,
        0,
        2.4,
        -5.461,
        0,
        2.733,
        6.436,
        0,
        2.967,
        -5.461,
        0,
        3.267,
        6.436,
        0,
        3.533,
        -5.071,
        0,
        3.767,
        3.706,
        0,
        3.9,
        0
      ]
    },
    {
      "Target": "Parameter",
      "Id": "ParamHairQ11",
      "Segments": [
        0,
        0,
        0,
        0.167,
        -5,
        0,
        0.4,
        7,
        0,
        0.733,
        -7.659,
        0,
        1.067,
        4.359,
        0,
        1.533,
        -5.916,
        0,
        2.067,
        3.114,
        0,
        2.367,
        -3.425,
        0,
        2.7,
        4.359,
        1,
        2.811,
        4.359,
        2.922,
        2.538,
        3.033,
        -3.425,
        1,
        3.1,
        -7.003,
        3.166,
        -10.743,
        3.233,
        -10.743,
        0,
        3.6,
        4.359,
        0,
        3.9,
        0
      ]
    },
    {
      "Target": "Parameter",
      "Id": "ParamHairQ12",
      "Segments": [
        0,
        0,
        0,
        0.267,
        -5.449,
        0,
        0.533,
        12,
        0,
        0.867,
        -7.006,
        0,
        1.3,
        5.294,
        0,
        1.833,
        -5.449,
        0,
        2.233,
        3.425,
        0,
        2.567,
        -3.581,
        0,
        2.967,
        3.425,
        0,
        3.4,
        -9,
        0,
        3.7,
        4.204,
        0,
        3.9,
        0
      ]
    },
    {
      "Target": "Parameter",
      "Id": "ParamHairQ21",
      "Segments": [
        0,
        0,
        0,
        0.267,
        -9.775,
        0,
        0.5,
        10.866,
        0,
        0.833,
        -6.148,
        0,
        1.167,
        3.986,
        0,
        1.667,
        -4.771,
        0,
        2.167,
        2.735,
        0,
        2.467,
        -2.77,
        0,
        2.833,
        3.986,
        0,
        3.333,
        -8.65,
        0,
        3.667,
        3.234,
        0,
        3.9,
        0
      ]
    },
    {
      "Target": "Parameter",
      "Id": "ParamHairQ22",
      "Segments": [
        0,
        0,
        0,
        0.367,
        -9.08,
        0,
        0.633,
        9.771,
        0,
        1,
        -5.262,
        0,
        1.367,
        3.805,
        0,
        1.9,
        -4.307,
        0,
        2.333,
        2.612,
        0,
        2.667,
        -2.279,
        0,
        3.067,
        3.805,
        0,
        3.467,
        -6.455,
        0,
        3.767,
        2.851,
        0,
        3.9,
        0
      ]
    },
    {
      "Target": "Parameter",
      "Id": "ParamHairQ31",
      "Segments": [
        0,
        0,
        0,
        0.233,
        -9.976,
        0,
        0.533,
        10.601,
        0,
        0.767,
        -6.265,
        0,
        1.2,
        4.337,
        0,
        1.7,
        -4.578,
        0,
        2.133,
        3.012,
        0,
        2.533,
        -2.65,
        0,
        2.867,
        4.337,
        0,
        3.3,
        -8.312,
        0,
        3.633,
        3.012,
        0,
        3.9,
        0
      ]
    },
    {
      "Target": "Parameter",
      "Id": "ParamHairQ32",
      "Segments": [
        0,
        0,
        0,
        0.333,
        -9.397,
        0,
        0.667,
        9.397,
        0,
        0.967,
        -5.234,
        0,
        1.433,
        4.639,
        0,
        1.933,
        -4.044,
        0,
        2.333,
        3.33,
        0,
        2.7,
        -2.141,
        0,
        3.1,
        3.806,
        0,
        3.433,
        -5.471,
        0,
        3.733,
        2.855,
        0,
        3.9,
        0
      ]
    },
    {
      "Target": "Parameter",
      "Id": "ParamHairQ41",
      "Segments": [
        0,
        0,
        0,
        0.233,
        -14,
        0,
        0.5,
        18.983,
        0,
        0.8,
        -9.533,
        0,
        1.2,
        9.151,
        0,
        1.733,
        -6.482,
        0,
        2.167,
        5.338,
        0,
        2.567,
        -4.004,
        0,
        2.933,
        5.338,
        0,
        3.367,
        -8.198,
        0,
        3.667,
        3.241,
        0,
        3.9,
        0
      ]
    },
    {
      "Target": "Parameter",
      "Id": "ParamHairQ42",
      "Segments": [
        0,
        0,
        0,
        0.3,
        -12.202,
        0,
        0.6,
        17.349,
        0,
        0.933,
        -9.151,
        0,
        1.4,
        8.198,
        0,
        1.933,
        -6.292,
        0,
        2.367,
        4.385,
        0,
        2.767,
        -3.813,
        0,
        3.133,
        4.385,
        0,
        3.5,
        -5.72,
        0,
        3.767,
        2.86,
        0,
        3.9,
        0
      ]
    },
    {
      "Target": "Parameter",
      "Id": "ParamHairQ43",
      "Segments": [
        0,
        0,
        0,
        0.4,
        -11.624,
        0,
        0.733,
        16.227,
        0,
        1.1,
        -8.028,
        0,
        1.6,
        7.857,
        0,
        2.133,
        -5.466,
        0,
        2.533,
        3.587,
        0,
        2.933,
        -5.466,
        0,
        3.3,
        4.1,
        0,
        3.6,
        -4.783,
        0,
        3.9,
        0
      ]
    },
    {
      "Target": "Parameter",
      "Id": "ParamHairL11",
      "Segments": [
        0,
        0,
        0,
        0.233,
        -3,
        0,
        0.5,
        3.404,
        0,
        0.767,
        -11,
        0,
        1.1,
        -3.997,
        0,
        1.4,
        -11,
        0,
        1.933,
        -3.997,
        0,
        2.467,
        -11,
        0,
        2.967,
        -3.997,
        0,
        3.267,
        -14.873,
        0,
        3.633,
        3.404,
        0,
        3.9,
        0
      ]
    },
    {
      "Target": "Parameter",
      "Id": "ParamHairL12",
      "Segments": [
        0,
        0,
        0,
        0.333,
        -3.275,
        0,
        0.633,
        6,
        0,
        0.867,
        -6,
        0,
        1.267,
        5.791,
        0,
        1.667,
        -1.81,
        0,
        2.233,
        4.223,
        0,
        2.7,
        -3.275,
        0,
        3.1,
        4.223,
        0,
        3.4,
        -6,
        0,
        3.733,
        2.896,
        0,
        3.9,
        0
      ]
    },
    {
      "Target": "Parameter",
      "Id": "ParamHairL21",
      "Segments": [
        0,
        0,
        0,
        0.267,
        -9,
        0,
        0.533,
        0,
        0,
        0.833,
        -16.777,
        0,
        1.233,
        -9,
        0,
        1.633,
        -15.044,
        0,
        2.1,
        -10.496,
        1,
        2.278,
        -10.496,
        2.455,
        -11.411,
        2.633,
        -16.777,
        1,
        2.8,
        -21.807,
        2.966,
        -28,
        3.133,
        -28,
        0,
        3.7,
        5.321,
        0,
        3.9,
        0
      ]
    },
    {
      "Target": "Parameter",
      "Id": "ParamHairL22",
      "Segments": [
        0,
        0,
        0,
        0.4,
        -8.475,
        0,
        0.7,
        7.126,
        0,
        0.967,
        -5.076,
        0,
        1.467,
        7.919,
        0,
        1.833,
        -3.114,
        0,
        2.4,
        7.126,
        0,
        2.867,
        -5.076,
        0,
        3.233,
        4.765,
        0,
        3.5,
        -8.475,
        0,
        3.733,
        2.748,
        0,
        3.9,
        0
      ]
    },
    {
      "Target": "Parameter",
      "Id": "ParamHairR11",
      "Segments": [
        0,
        0,
        0,
        0.2,
        -6,
        0,
        0.533,
        9.751,
        0,
        0.933,
        -10,
        0,
        1.267,
        -5.138,
        0,
        1.6,
        -10,
        0,
        2,
        -6,
        0,
        2.4,
        -10,
        0,
        2.767,
        -4.681,
        0,
        3.1,
        -10,
        0,
        3.667,
        3.278,
        0,
        3.9,
        0
      ]
    },
    {
      "Target": "Parameter",
      "Id": "ParamHairR12",
      "Segments": [
        0,
        0,
        0,
        0.333,
        -5.48,
        0,
        0.7,
        9.248,
        0,
        1.067,
        -3.539,
        0,
        1.467,
        4.681,
        0,
        1.8,
        -3.311,
        0,
        2.2,
        4.11,
        0,
        2.567,
        -3.197,
        0,
        2.967,
        4.11,
        0,
        3.367,
        -3.539,
        0,
        3.767,
        3.311,
        0,
        3.9,
        0
      ]
    },
    {
      "Target": "Parameter",
      "Id": "ParamHairR21",
      "Segments": [
        0,
        0,
        0,
        0.2,
        -6,
        0,
        0.533,
        9.751,
        0,
        0.933,
        -10,
        0,
        1.267,
        -5.138,
        0,
        1.6,
        -10,
        0,
        2,
        -6,
        0,
        2.4,
        -10,
        0,
        2.767,
        -4.681,
        0,
        3.1,
        -10,
        0,
        3.667,
        3.278,
        0,
        3.9,
        0
      ]
    },
    {
      "Target": "Parameter",
      "Id": "ParamHairR22",
      "Segments": [
        0,
        0,
        0,
        0.333,
        -5.48,
        0,
        0.7,
        9.248,
        0,
        1.067,
        -3.539,
        0,
        1.467,
        4.681,
        0,
        1.8,
        -3.311,
        0,
        2.2,
        4.11,
        0,
        2.567,
        -3.197,
        0,
        2.967,
        4.11,
        0,
        3.367,
        -3.539,
        0,
        3.767,
        3.311,
        0,
        3.9,
        0
      ]
    },
    {
      "Target": "Parameter",
      "Id": "ParamHairR23",
      "Segments": [
        0,
        0,
        0,
        0.467,
        -5.278,
        0,
        0.867,
        7.407,
        0,
        1.267,
        -3.916,
        0,
        1.633,
        4.172,
        0,
        2,
        -3.32,
        0,
        2.333,
        3.661,
        0,
        2.733,
        -3.32,
        0,
        3.133,
        4.086,
        0,
        3.533,
        -2.895,
        0,
        3.9,
        0
      ]
    },
    {
      "Target": "Parameter",
      "Id": "ParamHairR24",
      "Segments": [
        0,
        0,
        0,
        0.2,
        3.226,
        0,
        0.667,
        -5.206,
        0,
        1,
        7.332,
        0,
        1.4,
        -3.813,
        0,
        1.8,
        3.96,
        0,
        2.133,
        -3.373,
        0,
        2.533,
        3.666,
        0,
        2.9,
        -3.373,
        0,
        3.333,
        3.52,
        0,
        3.7,
        -2.493,
        0,
        3.9,
        0
      ]
    },
    {
      "Target": "Parameter",
      "Id": "ParamHairHX11",
      "Segments": [
        0,
        0,
        0,
        0.233,
        -6,
        0,
        0.5,
        4.358,
        0,
        0.767,
        -2.694,
        0,
        1.167,
        1.796,
        0,
        1.7,
        -2.694,
        0,
        2.267,
        1.796,
        0,
        2.9,
        -2.694,
        0,
        3.2,
        0,
        0,
        3.533,
        -3.473,
        0,
        3.767,
        1.437,
        0,
        3.9,
        0
      ]
    },
    {
      "Target": "Parameter",
      "Id": "ParamHairHX12",
      "Segments": [
        0,
        0,
        0,
        0.333,
        -4.251,
        0,
        0.633,
        4.012,
        0,
        0.933,
        -2.215,
        0,
        1.433,
        1.617,
        0,
        1.967,
        -1.796,
        0,
        2.633,
        1.976,
        0,
        3.033,
        -2.215,
        0,
        3.367,
        0.778,
        0,
        3.633,
        -2.335,
        0,
        3.9,
        0
      ]
    },
    {
      "Target": "Parameter",
      "Id": "ParamHairHX21",
      "Segments": [
        0,
        0,
        0,
        0.2,
        -8,
        0,
        0.467,
        7,
        0,
        0.833,
        -5,
        0,
        1.167,
        3.295,
        0,
        1.667,
        -4.682,
        0,
        2.167,
        3.121,
        0,
        2.733,
        -4.162,
        0,
        2.967,
        0,
        0,
        3.333,
        -6.763,
        0,
        3.633,
        3.988,
        0,
        3.9,
        0
      ]
    },
    {
      "Target": "Parameter",
      "Id": "ParamHairHX22",
      "Segments": [
        0,
        0,
        0,
        0.3,
        -6.503,
        0,
        0.633,
        6.416,
        0,
        0.967,
        -4.335,
        0,
        1.4,
        3.382,
        0,
        1.9,
        -3.382,
        0,
        2.5,
        2.861,
        0,
        2.833,
        -2.428,
        0,
        3.133,
        2.948,
        0,
        3.467,
        -4.249,
        0,
        3.733,
        3.642,
        0,
        3.9,
        0
      ]
    },
    {
      "Target": "Parameter",
      "Id": "ParamHairH11",
      "Segments": [
        0,
        0,
        0,
        0.233,
        -8,
        0,
        0.533,
        0,
        0,
        0.833,
        -13,
        0,
        1.3,
        -4,
        0,
        1.9,
        -12,
        0,
        2.5,
        -4,
        1,
        2.667,
        -4,
        2.833,
        -5.068,
        3,
        -10.001,
        1,
        3.111,
        -13.29,
        3.222,
        -18,
        3.333,
        -18,
        0,
        3.7,
        3.931,
        0,
        3.9,
        0
      ]
    },
    {
      "Target": "Parameter",
      "Id": "ParamHairH12",
      "Segments": [
        0,
        0,
        0,
        0.367,
        -7.606,
        0,
        0.667,
        8,
        0,
        0.967,
        -4.659,
        0,
        1.567,
        7.514,
        0,
        2.1,
        -2.555,
        0,
        2.767,
        5.41,
        0,
        3.333,
        -7.606,
        0,
        3.767,
        5.711,
        0,
        3.9,
        0
      ]
    },
    {
      "Target": "Parameter",
      "Id": "ParamHairH13",
      "Segments": [
        0,
        0,
        0,
        0.433,
        -6.675,
        0,
        0.733,
        7.758,
        0,
        1.067,
        -4.059,
        0,
        1.667,
        7.668,
        0,
        2.2,
        -2.345,
        0,
        2.833,
        5.232,
        0,
        3.4,
        -6.585,
        0,
        3.733,
        4.42,
        0,
        3.9,
        0
      ]
    },
    {
      "Target": "Parameter",
      "Id": "ParamOpaishakeLX",
      "Segments": [
        0,
        0,
        0,
        0.167,
        -14,
        0,
        0.4,
        17.757,
        0,
        0.6,
        -9.546,
        0,
        0.833,
        5,
        0,
        1.1,
        0,
        0,
        1.567,
        4.406,
        0,
        2,
        0,
        0,
        2.3,
        5,
        0,
        2.667,
        -4.773,
        0,
        2.967,
        2.203,
        0,
        3.3,
        -14,
        0,
        3.667,
        7.159,
        0,
        3.9,
        0
      ]
    },
    {
      "Target": "Parameter",
      "Id": "ParamOpaishakeLX2",
      "Segments": [
        0,
        0,
        0,
        0.267,
        -13.337,
        0,
        0.5,
        15.97,
        0,
        0.7,
        -8.628,
        0,
        0.933,
        5.507,
        0,
        1.267,
        -3,
        0,
        1.733,
        3,
        0,
        2.2,
        -3,
        0,
        2.533,
        3,
        0,
        2.833,
        -3,
        0,
        3.167,
        8.261,
        0,
        3.5,
        -8.628,
        0,
        3.767,
        5.507,
        0,
        3.9,
        0
      ]
    },
    {
      "Target": "Parameter",
      "Id": "ParamOpaishakeLY",
      "Segments": [
        0,
        0,
        0,
        0.133,
        -7.647,
        0,
        0.333,
        11,
        0,
        0.567,
        -5.174,
        0,
        0.833,
        3.234,
        0,
        1.067,
        -2.802,
        0,
        1.367,
        0,
        2,
        3.233,
        0,
        0,
        3.4,
        -6.36,
        0,
        3.667,
        6.036,
        0,
        3.9,
        0
      ]
    },
    {
      "Target": "Parameter",
      "Id": "ParamOpaishakeLY2",
      "Segments": [
        0,
        0,
        0,
        0.2,
        -6.575,
        0,
        0.433,
        9.27,
        0,
        0.667,
        -3.88,
        0,
        0.933,
        3.341,
        0,
        1.167,
        -2.91,
        0,
        1.433,
        0,
        2,
        2.833,
        0,
        2,
        3.233,
        0,
        0,
        3.5,
        -5.066,
        0,
        3.733,
        2.91,
        0,
        3.9,
        0
      ]
    },
    {
      "Target": "Parameter",
      "Id": "ParamOpaishakeRX",
      "Segments": [
        0,
        0,
        0,
        0.2,
        -14,
        0,
        0.433,
        17.757,
        0,
        0.633,
        -9.546,
        0,
        0.867,
        5,
        0,
        1.133,
        0,
        0,
        1.567,
        4.406,
        0,
        2,
        0,
        0,
        2.3,
        5,
        0,
        2.667,
        -4.773,
        0,
        2.967,
        2.203,
        0,
        3.3,
        -14,
        0,
        3.667,
        7.159,
        0,
        3.9,
        0
      ]
    },
    {
      "Target": "Parameter",
      "Id": "ParamOpaishakeRX2",
      "Segments": [
        0,
        0,
        0,
        0.3,
        -13.337,
        0,
        0.533,
        15.97,
        0,
        0.733,
        -8.628,
        0,
        0.967,
        5.507,
        0,
        1.3,
        -3,
        0,
        1.733,
        3,
        0,
        2.2,
        -3,
        0,
        2.533,
        3,
        0,
        2.833,
        -3,
        0,
        3.167,
        8.261,
        0,
        3.5,
        -8.628,
        0,
        3.767,
        5.507,
        0,
        3.9,
        0
      ]
    },
    {
      "Target": "Parameter",
      "Id": "ParamOpaishakeRY",
      "Segments": [
        0,
        0,
        0,
        0.167,
        -7.647,
        0,
        0.367,
        11,
        0,
        0.6,
        -5.174,
        0,
        0.867,
        3.234,
        0,
        1.1,
        -2.802,
        0,
        1.4,
        0,
        2,
        3.233,
        0,
        0,
        3.4,
        -6.36,
        0,
        3.667,
        6.036,
        0,
        3.9,
        0
      ]
    },
    {
      "Target": "Parameter",
      "Id": "ParamOpaishakeRY2",
      "Segments": [
        0,
        0,
        0,
        0.233,
        -6.575,
        0,
        0.467,
        9.27,
        0,
        0.7,
        -3.88,
        0,
        0.967,
        3.341,
        0,
        1.2,
        -2.91,
        0,
        1.467,
        0,
        2,
        2.833,
        0,
        2,
        3.233,
        0,
        0,
        3.5,
        -5.066,
        0,
        3.733,
        2.91,
        0,
        3.9,
        0
      ]
    },
    {
      "Target": "Parameter",
      "Id": "ParamTanLilL1",
      "Segments": [
        0,
        0,
        1,
        0.056,
        0,
        0.111,
        0.432,
        0.167,
        2.749,
        1,
        0.222,
        5.066,
        0.278,
        7.64,
        0.333,
        7.64,
        0,
        0.5,
        -4.436,
        0,
        0.767,
        5.292,
        0,
        0.967,
        -1.328,
        0,
        1.267,
        0,
        2,
        3.133,
        0,
        0,
        3.467,
        -6.126,
        0,
        3.733,
        2.695,
        0,
        3.9,
        0
      ]
    },
    {
      "Target": "Parameter",
      "Id": "ParamTanLilL2",
      "Segments": [
        0,
        0,
        0,
        0.433,
        6.985,
        0,
        0.633,
        -3.356,
        0,
        0.867,
        4.793,
        0,
        1.1,
        -1.694,
        0,
        1.4,
        0,
        2,
        3.133,
        0,
        0,
        3.567,
        -6.248,
        0,
        3.8,
        2.083,
        0,
        3.9,
        0
      ]
    },
    {
      "Target": "Parameter",
      "Id": "ParamTanLiR1",
      "Segments": [
        0,
        0,
        1,
        0.056,
        0,
        0.111,
        -0.432,
        0.167,
        -2.749,
        1,
        0.222,
        -5.066,
        0.278,
        -7.64,
        0.333,
        -7.64,
        0,
        0.5,
        4.436,
        0,
        0.767,
        -5.292,
        0,
        0.967,
        1.328,
        0,
        1.267,
        0,
        2,
        3.133,
        0,
        0,
        3.467,
        6.126,
        0,
        3.733,
        -2.695,
        0,
        3.9,
        0
      ]
    },
    {
      "Target": "Parameter",
      "Id": "ParamTanLiR2",
      "Segments": [
        0,
        0,
        0,
        0.433,
        -6.985,
        0,
        0.633,
        3.356,
        0,
        0.867,
        -4.793,
        0,
        1.1,
        1.694,
        0,
        1.4,
        0,
        2,
        3.133,
        0,
        0,
        3.567,
        6.248,
        0,
        3.8,
        -2.083,
        0,
        3.9,
        0
      ]
    },
    {
      "Target": "Parameter",
      "Id": "ParamUpHeaddress1",
      "Segments": [
        0,
        0,
        0,
        0.167,
        -7.977,
        0,
        0.433,
        19,
        0,
        0.8,
        -4.522,
        0,
        1.267,
        6.237,
        0,
        1.867,
        -3.898,
        0,
        2.533,
        6.237,
        1,
        2.711,
        6.237,
        2.889,
        4.559,
        3.067,
        -4.522,
        1,
        3.145,
        -8.495,
        3.222,
        -27,
        3.3,
        -27,
        0,
        3.667,
        12.746,
        0,
        3.9,
        0
      ]
    },
    {
      "Target": "Parameter",
      "Id": "ParamUpHeaddress2",
      "Segments": [
        0,
        0,
        0,
        0.3,
        -6.913,
        0,
        0.6,
        18.081,
        0,
        1,
        -6.382,
        0,
        1.567,
        6.913,
        0,
        2.2,
        -4.52,
        0,
        2.833,
        6.913,
        1,
        2.955,
        6.913,
        3.078,
        5.098,
        3.2,
        -5.052,
        1,
        3.278,
        -11.511,
        3.355,
        -23.665,
        3.433,
        -23.665,
        0,
        3.733,
        9.572,
        0,
        3.9,
        0
      ]
    },
    {
      "Target": "Parameter",
      "Id": "ParamLHeaddress1",
      "Segments": [
        0,
        0,
        0,
        0.2,
        -10,
        0,
        0.533,
        9.985,
        0,
        0.867,
        -7.856,
        0,
        1.367,
        4.274,
        0,
        1.967,
        -5.083,
        0,
        2.467,
        2.888,
        1,
        2.622,
        2.888,
        2.778,
        0.728,
        2.933,
        -5.083,
        1,
        3.022,
        -8.404,
        3.111,
        -11.09,
        3.2,
        -11.09,
        0,
        3.6,
        4.274,
        0,
        3.9,
        0
      ]
    },
    {
      "Target": "Parameter",
      "Id": "ParamLHeaddress2",
      "Segments": [
        0,
        0,
        0,
        0.333,
        -8.528,
        0,
        0.7,
        8.406,
        0,
        1.1,
        -6.578,
        0,
        1.633,
        4.142,
        0,
        2.267,
        -4.386,
        0,
        2.833,
        2.802,
        0,
        3.367,
        -9.015,
        0,
        3.733,
        2.802,
        0,
        3.9,
        0
      ]
    },
    {
      "Target": "Parameter",
      "Id": "ParamLHeaddress3",
      "Segments": [
        0,
        0,
        0,
        0.2,
        14.364,
        0,
        0.533,
        -12.071,
        0,
        0.9,
        5.043,
        0,
        1.3,
        -5.807,
        0,
        1.933,
        3.667,
        0,
        2.533,
        -4.126,
        0,
        3.1,
        3.667,
        0,
        3.533,
        -5.807,
        0,
        3.9,
        0
      ]
    },
    {
      "Target": "Parameter",
      "Id": "ParamLHeaddress4",
      "Segments": [
        0,
        0,
        0,
        0.333,
        12.836,
        0,
        0.7,
        -9.168,
        0,
        1.033,
        5.501,
        0,
        1.533,
        -4.737,
        0,
        2.2,
        4.279,
        0,
        2.767,
        -2.903,
        0,
        3.3,
        3.515,
        0,
        3.633,
        -3.82,
        0,
        3.9,
        0
      ]
    },
    {
      "Target": "Parameter",
      "Id": "ParamRHeaddress1",
      "Segments": [
        0,
        0,
        0,
        0.3,
        11.915,
        0,
        0.7,
        -10.13,
        0,
        1.2,
        4.842,
        0,
        1.833,
        -5.862,
        0,
        2.4,
        4.205,
        0,
        3.033,
        -5.862,
        0,
        3.533,
        3.313,
        0,
        3.9,
        0
      ]
    },
    {
      "Target": "Parameter",
      "Id": "ParamRHeaddress2",
      "Segments": [
        0,
        0,
        0,
        0.5,
        10.959,
        0,
        0.867,
        -7.263,
        0,
        1.5,
        5.097,
        0,
        2.1,
        -4.46,
        0,
        2.767,
        5.097,
        0,
        3.267,
        -4.333,
        0,
        3.633,
        3.058,
        0,
        3.9,
        0
      ]
    },
    {
      "Target": "Parameter",
      "Id": "ParamWaistDress1",
      "Segments": [
        0,
        0,
        0,
        0.2,
        5,
        0,
        0.533,
        -5.15,
        0,
        1.067,
        0,
        0,
        1.6,
        -3.931,
        0,
        2.2,
        -0.117,
        0,
        2.833,
        -4.166,
        0,
        3.5,
        3.403,
        0,
        3.9,
        0
      ]
    },
    {
      "Target": "Parameter",
      "Id": "ParamWaistDress2",
      "Segments": [
        0,
        0,
        0,
        0.367,
        4.459,
        0,
        0.733,
        -2.582,
        0,
        1.367,
        2.171,
        0,
        1.867,
        -1.995,
        0,
        2.6,
        2.288,
        0,
        3.1,
        -1.995,
        0,
        3.6,
        2.347,
        0,
        3.9,
        0
      ]
    },
    {
      "Target": "Parameter",
      "Id": "ParamDownDress1",
      "Segments": [
        0,
        0,
        0,
        0.4,
        -1.503,
        0,
        0.9,
        1.103,
        0,
        1.467,
        -0.756,
        0,
        1.933,
        0.703,
        0,
        2.633,
        -0.756,
        0,
        3.167,
        0.51,
        0,
        3.633,
        -0.756,
        0,
        3.9,
        0
      ]
    },
    {
      "Target": "Parameter",
      "Id": "ParamDownDress2",
      "Segments": [
        0,
        0,
        0,
        0.567,
        -1.339,
        0,
        1.067,
        0.892,
        0,
        1.6,
        -1.031,
        0,
        2.133,
        0.676,
        0,
        2.833,
        -1.031,
        0,
        3.333,
        0.566,
        0,
        3.733,
        -0.879,
        0,
        3.9,
        0
      ]
    },
    {
      "Target": "Parameter",
      "Id": "ParamPendantZ",
      "Segments": [
        0,
        0,
        0,
        0.4,
        8,
        0,
        0.7,
        -4,
        0,
        1.033,
        2,
        0,
        1.4,
        0,
        0,
        2.033,
        1,
        1,
        2.3,
        1,
        2.566,
        0.901,
        2.833,
        0,
        1,
        2.944,
        -0.375,
        3.056,
        -4.092,
        3.167,
        -4.092,
        0,
        3.533,
        1.608,
        0,
        3.9,
        0
      ]
    },
    {
      "Target": "Parameter",
      "Id": "ParamLArmRibbon1",
      "Segments": [
        0,
        0,
        0,
        0.2,
        -9,
        0,
        0.533,
        11.41,
        0,
        0.933,
        0,
        0,
        1.633,
        7.315,
        0,
        2.333,
        0,
        0,
        2.9,
        7.197,
        0,
        3.4,
        -3.539,
        0,
        3.733,
        2.714,
        0,
        3.9,
        0
      ]
    },
    {
      "Target": "Parameter",
      "Id": "ParamLArmRibbon2",
      "Segments": [
        0,
        0,
        0,
        0.3,
        -7.551,
        0,
        0.7,
        10.146,
        0,
        1.133,
        -5.309,
        0,
        1.9,
        3.893,
        0,
        2.567,
        -5.309,
        0,
        3.1,
        3.893,
        0,
        3.567,
        -3.775,
        0,
        3.9,
        0
      ]
    },
    {
      "Target": "Parameter",
      "Id": "ParamRArmRibbon1",
      "Segments": [
        0,
        0,
        0,
        0.233,
        -16,
        0,
        0.633,
        11.561,
        0,
        1.133,
        -6.421,
        0,
        1.8,
        4.434,
        0,
        2.533,
        -6.421,
        0,
        3.3,
        4.434,
        0,
        3.633,
        -5.576,
        0,
        3.9,
        0
      ]
    },
    {
      "Target": "Parameter",
      "Id": "ParamRArmRibbon2",
      "Segments": [
        0,
        0,
        0,
        0.4,
        -14.179,
        0,
        0.867,
        10.196,
        0,
        1.467,
        -5.895,
        0,
        2.2,
        5.257,
        0,
        2.9,
        -5.895,
        0,
        3.467,
        3.983,
        0,
        3.733,
        -2.708,
        0,
        3.9,
        0
      ]
    },
    {
      "Target": "Parameter",
      "Id": "ParamRArmRibbonFit",
      "Segments": [
        0,
        0,
        0,
        0.2,
        -1.14,
        0,
        0.533,
        2.02,
        0,
        0.933,
        0.05,
        0,
        1.633,
        0.637,
        0,
        2.4,
        0.188,
        1,
        2.622,
        0.188,
        2.845,
        0.189,
        3.067,
        0.237,
        1,
        3.178,
        0.261,
        3.289,
        1,
        3.4,
        1,
        0,
        3.733,
        -0.212,
        0,
        3.9,
        0
      ]
    },
    {
      "Target": "Parameter",
      "Id": "ParamRArmRibbon11",
      "Segments": [
        0,
        0,
        0,
        0.3,
        -4,
        0,
        0.7,
        5.426,
        0,
        1.233,
        -1.907,
        0,
        2.067,
        1.907,
        0,
        2.8,
        -1.907,
        0,
        3.533,
        1.471,
        0,
        3.9,
        0
      ]
    },
    {
      "Target": "Parameter",
      "Id": "ParamRArmRibbon12",
      "Segments": [
        0,
        0,
        0,
        0.467,
        -3.887,
        0,
        0.933,
        5.122,
        0,
        1.633,
        -1.798,
        0,
        2.467,
        2.125,
        0,
        3.167,
        -1.798,
        0,
        3.7,
        1.417,
        0,
        3.9,
        0
      ]
    },
    {
      "Target": "Parameter",
      "Id": "ParamRArmRibbon21",
      "Segments": [
        0,
        0,
        0,
        0.4,
        -10,
        0,
        0.9,
        9.533,
        0,
        1.333,
        -3.939,
        0,
        1.9,
        4.629,
        0,
        2.567,
        0,
        0,
        3.233,
        7.998,
        0,
        3.7,
        -3.939,
        0,
        3.9,
        0
      ]
    },
    {
      "Target": "Parameter",
      "Id": "ParamRArmRibbon22",
      "Segments": [
        0,
        0,
        0,
        0.267,
        -9,
        0,
        0.833,
        6.924,
        0,
        1.433,
        -9,
        0,
        2.033,
        4.536,
        0,
        2.8,
        -3.223,
        0,
        3.4,
        6.924,
        0,
        3.733,
        -2.029,
        0,
        3.9,
        0
      ]
    },
    {
      "Target": "Parameter",
      "Id": "ParamRArmRibbonX",
      "Segments": [
        0,
        0,
        0,
        0.4,
        -30,
        0,
        1.033,
        29.249,
        0,
        2,
        -30,
        1,
        2.133,
        -30,
        2.267,
        -20.271,
        2.4,
        -6.798,
        1,
        2.544,
        7.798,
        2.689,
        12.832,
        2.833,
        12.832,
        0,
        3.3,
        -19.075,
        0,
        3.633,
        17.466,
        0,
        3.9,
        0
      ]
    },
    {
      "Target": "Parameter",
      "Id": "ParamRArmRibbon23",
      "Segments": [
        0,
        0,
        0,
        0.333,
        -6,
        0,
        0.933,
        0,
        0,
        1.333,
        -0.939,
        0,
        1.9,
        0.023,
        0,
        2.467,
        -0.837,
        0,
        2.933,
        0.023,
        0,
        3.367,
        -2.601,
        0,
        3.9,
        0
      ]
    },
    {
      "Target": "Parameter",
      "Id": "ParamRArmRibbon24",
      "Segments": [
        0,
        0,
        0,
        0.233,
        4.127,
        0,
        0.533,
        -6.087,
        0,
        1.133,
        1.644,
        0,
        1.6,
        -1,
        0,
        2.133,
        1.361,
        0,
        2.667,
        -1,
        0,
        3.167,
        1.361,
        0,
        3.6,
        -2.509,
        0,
        3.9,
        0
      ]
    },
    {
      "Target": "Parameter",
      "Id": "ParamLArmRibbonFit",
      "Segments": [
        0,
        0,
        0,
        0.267,
        -3,
        0,
        0.533,
        0,
        0,
        1,
        -2,
        0,
        1.567,
        -0.526,
        0,
        2.267,
        -1,
        1,
        2.478,
        -1,
        2.689,
        -1.019,
        2.9,
        -0.526,
        1,
        3.033,
        -0.215,
        3.167,
        4.266,
        3.3,
        4.266,
        0,
        3.9,
        0
      ]
    },
    {
      "Target": "Parameter",
      "Id": "ParamLHandRibbon11",
      "Segments": [
        0,
        0,
        0,
        0.2,
        11.445,
        0,
        0.533,
        -14,
        0,
        0.933,
        3,
        0,
        1.367,
        -4.854,
        0,
        1.9,
        2.206,
        0,
        2.4,
        -4.56,
        0,
        3.067,
        6.03,
        0,
        3.467,
        -4.854,
        0,
        3.9,
        0
      ]
    },
    {
      "Target": "Parameter",
      "Id": "ParamLHandRibbon12",
      "Segments": [
        0,
        0,
        0,
        0.367,
        11.178,
        0,
        0.7,
        -11.914,
        0,
        1.1,
        6.177,
        0,
        1.6,
        -5.295,
        0,
        2.133,
        4.56,
        0,
        2.733,
        -5.295,
        0,
        3.233,
        6.177,
        0,
        3.633,
        -4.412,
        0,
        3.9,
        0
      ]
    },
    {
      "Target": "Parameter",
      "Id": "ParamLHandRibbon21",
      "Segments": [
        0,
        0,
        0,
        0.267,
        9.605,
        0,
        0.5,
        -10,
        0,
        1.1,
        0,
        0,
        1.967,
        -3,
        0,
        2.8,
        -1,
        0,
        3.467,
        -4.533,
        0,
        3.9,
        0
      ]
    },
    {
      "Target": "Parameter",
      "Id": "ParamLHandRibbon22",
      "Segments": [
        0,
        0,
        0,
        0.367,
        9.179,
        0,
        0.6,
        -5.1,
        0,
        1.033,
        4.646,
        0,
        2,
        -2.933,
        0,
        3,
        3.173,
        0,
        3.633,
        -2.267,
        0,
        3.9,
        0
      ]
    },
    {
      "Target": "Parameter",
      "Id": "ParamLHandRibbon23",
      "Segments": [
        0,
        0,
        0,
        0.133,
        -18.305,
        0,
        0.467,
        8.667,
        0,
        0.767,
        -8,
        0,
        1.233,
        4.292,
        0,
        2.133,
        -2.806,
        0,
        3.2,
        3.137,
        0,
        3.733,
        -1.733,
        0,
        3.9,
        0
      ]
    },
    {
      "Target": "Parameter",
      "Id": "ParamLHandRibbon24",
      "Segments": [
        0,
        0,
        0,
        0.233,
        -19,
        0,
        0.5,
        23,
        0,
        0.867,
        -12.139,
        0,
        1.633,
        5.864,
        0,
        2.3,
        -12.139,
        0,
        3.2,
        5.864,
        0,
        3.633,
        -16.994,
        0,
        3.9,
        0
      ]
    },
    {
      "Target": "Parameter",
      "Id": "ParamLHandRibbon31",
      "Segments": [
        0,
        0,
        0,
        0.233,
        -10.672,
        0,
        0.567,
        10.794,
        0,
        1,
        -3.35,
        0,
        1.933,
        0.968,
        0,
        3.9,
        0
      ]
    },
    {
      "Target": "Parameter",
      "Id": "ParamLHandRibbon32",
      "Segments": [
        0,
        0,
        0,
        0.333,
        -9.678,
        0,
        0.7,
        9.803,
        0,
        1.2,
        -4.219,
        0,
        2.233,
        0.619,
        0,
        3.2,
        -3.509,
        0,
        3.767,
        3.35,
        0,
        3.9,
        0
      ]
    },
    {
      "Target": "Parameter",
      "Id": "ParamLHandRibbon33",
      "Segments": [
        0,
        0,
        0,
        0.167,
        9.684,
        0,
        0.533,
        -9.459,
        0,
        0.867,
        9.009,
        0,
        1.3,
        -6.757,
        0,
        2.4,
        1.371,
        0,
        3.3,
        -1,
        0,
        3.9,
        0
      ]
    },
    {
      "Target": "Parameter",
      "Id": "ParamLHandRibbon34",
      "Segments": [
        0,
        0,
        0,
        0.233,
        17,
        0,
        0.533,
        -12,
        0,
        0.9,
        10.896,
        0,
        1.433,
        -12,
        0,
        2.533,
        2.191,
        0,
        3.467,
        -5,
        0,
        3.9,
        0
      ]
    },
    {
      "Target": "Parameter",
      "Id": "ParamLHandRibbon35",
      "Segments": [
        0,
        0,
        0,
        0.367,
        14.695,
        0,
        0.667,
        -10.891,
        0,
        1.033,
        10.373,
        0,
        1.567,
        -10.027,
        0,
        2.567,
        2.514,
        0,
        3.533,
        -5,
        0,
        3.9,
        0
      ]
    },
    {
      "Target": "Parameter",
      "Id": "ParamLHandRibbon36",
      "Segments": [
        0,
        0,
        0,
        0.533,
        -8,
        0,
        1.167,
        45,
        0,
        1.967,
        -10.458,
        0,
        2.767,
        12.169,
        0,
        3.4,
        -8,
        0,
        3.9,
        0
      ]
    },
    {
      "Target": "Parameter",
      "Id": "ParamLHandRibbon37",
      "Segments": [
        0,
        0,
        0,
        0.133,
        -14,
        0,
        0.467,
        17,
        0,
        0.867,
        -16.509,
        0,
        1.367,
        36.265,
        0,
        2.1,
        -8.098,
        0,
        2.9,
        8.483,
        0,
        3.533,
        -16.509,
        0,
        3.9,
        0
      ]
    },
    {
      "Target": "Parameter",
      "Id": "ParamLHandRibbon38",
      "Segments": [
        0,
        0,
        0,
        0.467,
        0.7,
        2,
        2.833,
        0.7,
        0,
        3.3,
        0,
        2,
        3.9,
        0
      ]
    },
    {
      "Target": "Model",
      "Id": "Opacity",
      "Segments": [
        0,
        1,
        0,
        3.9,
        1
      ]
    },
    {
      "Target": "Parameter",
      "Id": "ParamZChuMoOn",
      "Segments": [
        0,
        0,
        0,
        3.9,
        0
      ]
    },
    {
      "Target": "Parameter",
      "Id": "ParamXChuMoOff",
      "Segments": [
        0,
        0,
        0,
        3.9,
        0
      ]
    },
    {
      "Target": "Parameter",
      "Id": "ParamLiZiOn",
      "Segments": [
        0,
        0,
        0,
        3.9,
        0
      ]
    },
    {
      "Target": "Parameter",
      "Id": "ParamLiZiY",
      "Segments": [
        0,
        0,
        0,
        3.9,
        0
      ]
    },
    {
      "Target": "Parameter",
      "Id": "ParamSilkOff",
      "Segments": [
        0,
        0,
        0,
        3.9,
        0
      ]
    },
    {
      "Target": "Parameter",
      "Id": "ParamWuQi",
      "Segments": [
        0,
        0,
        0,
        3.9,
        0
      ]
    },
    {
      "Target": "Parameter",
      "Id": "ParamWuQiS",
      "Segments": [
        0,
        0,
        0,
        3.9,
        0
      ]
    },
    {
      "Target": "Parameter",
      "Id": "ParamRingBoxX",
      "Segments": [
        0,
        0,
        0,
        3.9,
        0
      ]
    },
    {
      "Target": "Parameter",
      "Id": "ParamRingBoxY",
      "Segments": [
        0,
        0,
        0,
        3.9,
        0
      ]
    },
    {
      "Target": "Parameter",
      "Id": "ParamRingBoxS",
      "Segments": [
        0,
        0,
        0,
        3.9,
        0
      ]
    },
    {
      "Target": "Parameter",
      "Id": "ParamRingBoxOff",
      "Segments": [
        0,
        0,
        0,
        3.9,
        0
      ]
    },
    {
      "Target": "Parameter",
      "Id": "ParamRingBoxZOn",
      "Segments": [
        0,
        0,
        0,
        3.9,
        0
      ]
    },
    {
      "Target": "Parameter",
      "Id": "ParamRingBoxYYOff",
      "Segments": [
        0,
        0,
        0,
        3.9,
        0
      ]
    },
    {
      "Target": "Parameter",
      "Id": "ParamRingBoxZOff",
      "Segments": [
        0,
        0,
        0,
        3.9,
        0
      ]
    },
    {
      "Target": "Parameter",
      "Id": "ParamRingBoxZX",
      "Segments": [
        0,
        0,
        0,
        3.9,
        0
      ]
    },
    {
      "Target": "Parameter",
      "Id": "ParamRingBoxZY",
      "Segments": [
        0,
        0,
        0,
        3.9,
        0
      ]
    },
    {
      "Target": "Parameter",
      "Id": "ParamRingBoxZS",
      "Segments": [
        0,
        0,
        0,
        3.9,
        0
      ]
    },
    {
      "Target": "Parameter",
      "Id": "ParamZJieZS",
      "Segments": [
        0,
        0,
        0,
        3.9,
        0
      ]
    },
    {
      "Target": "Parameter",
      "Id": "ParamRingBoxT",
      "Segments": [
        0,
        0,
        0,
        3.9,
        0
      ]
    },
    {
      "Target": "Parameter",
      "Id": "ParamHandRing",
      "Segments": [
        0,
        0,
        0,
        3.9,
        0
      ]
    },
    {
      "Target": "Parameter",
      "Id": "ParamRingOnHand",
      "Segments": [
        0,
        0,
        0,
        3.9,
        0
      ]
    },
    {
      "Target": "Parameter",
      "Id": "ParamTianSS",
      "Segments": [
        0,
        0,
        0,
        3.9,
        0
      ]
    },
    {
      "Target": "Parameter",
      "Id": "ParamChairS",
      "Segments": [
        0,
        0,
        0,
        3.9,
        0
      ]
    },
    {
      "Target": "Parameter",
      "Id": "ParamChairX",
      "Segments": [
        0,
        0,
        0,
        3.9,
        0
      ]
    },
    {
      "Target": "Parameter",
      "Id": "ParamChairY",
      "Segments": [
        0,
        0,
        0,
        3.9,
        0
      ]
    },
    {
      "Target": "Parameter",
      "Id": "ParamCandlestickS",
      "Segments": [
        0,
        0,
        0,
        3.9,
        0
      ]
    },
    {
      "Target": "Parameter",
      "Id": "ParamCandlestickX",
      "Segments": [
        0,
        0,
        0,
        3.9,
        0
      ]
    },
    {
      "Target": "Parameter",
      "Id": "ParamCandlestickY",
      "Segments": [
        0,
        0,
        0,
        3.9,
        0
      ]
    },
    {
      "Target": "Parameter",
      "Id": "ParamCJTS",
      "Segments": [
        0,
        0,
        0,
        3.9,
        0
      ]
    },
    {
      "Target": "Parameter",
      "Id": "ParamHX",
      "Segments": [
        0,
        0,
        0,
        3.9,
        0
      ]
    },
    {
      "Target": "Parameter",
      "Id": "ParamHY",
      "Segments": [
        0,
        0,
        0,
        3.9,
        0
      ]
    },
    {
      "Target": "Parameter",
      "Id": "ParamHBO",
      "Segments": [
        0,
        0,
        0,
        3.9,
        0
      ]
    },
    {
      "Target": "Parameter",
      "Id": "ParamX",
      "Segments": [
        0,
        0,
        0,
        3.9,
        0
      ]
    },
    {
      "Target": "Parameter",
      "Id": "ParamY",
      "Segments": [
        0,
        0,
        0,
        3.9,
        0
      ]
    },
    {
      "Target": "Parameter",
      "Id": "ParamS",
      "Segments": [
        0,
        0,
        0,
        3.9,
        0
      ]
    },
    {
      "Target": "Parameter",
      "Id": "ParamBlack2On",
      "Segments": [
        0,
        0,
        0,
        3.9,
        0
      ]
    },
    {
      "Target": "Parameter",
      "Id": "ParamBlack2B",
      "Segments": [
        0,
        0,
        0,
        3.9,
        0
      ]
    },
    {
      "Target": "Parameter",
      "Id": "ParamWhite1On",
      "Segments": [
        0,
        0,
        0,
        3.9,
        0
      ]
    },
    {
      "Target": "Parameter",
      "Id": "ParamWhite2On",
      "Segments": [
        0,
        0,
        0,
        3.9,
        0
      ]
    },
    {
      "Target": "Parameter",
      "Id": "ParamWhite2S",
      "Segments": [
        0,
        0,
        0,
        3.9,
        0
      ]
    },
    {
      "Target": "Parameter",
      "Id": "ParamBlush",
      "Segments": [
        0,
        0,
        0,
        3.9,
        0
      ]
    },
    {
      "Target": "Parameter",
      "Id": "ParamBrowLAngle",
      "Segments": [
        0,
        0,
        0,
        3.9,
        0
      ]
    },
    {
      "Target": "Parameter",
      "Id": "ParamBrowRAngle",
      "Segments": [
        0,
        0,
        0,
        3.9,
        0
      ]
    },
    {
      "Target": "Parameter",
      "Id": "ParamArmLY",
      "Segments": [
        0,
        0,
        0,
        3.9,
        0
      ]
    },
    {
      "Target": "Parameter",
      "Id": "ParamArmL1Y",
      "Segments": [
        0,
        0,
        0,
        3.9,
        0
      ]
    },
    {
      "Target": "Parameter",
      "Id": "ParamUpperArmLOff",
      "Segments": [
        0,
        0,
        0,
        3.9,
        0
      ]
    },
    {
      "Target": "Parameter",
      "Id": "ParamUpperArmLFOn",
      "Segments": [
        0,
        0,
        0,
        3.9,
        0
      ]
    },
    {
      "Target": "Parameter",
      "Id": "ParamUpperArmLFZ",
      "Segments": [
        0,
        0,
        0,
        3.9,
        0
      ]
    },
    {
      "Target": "Parameter",
      "Id": "ParamUpperArmLFY",
      "Segments": [
        0,
        0,
        0,
        3.9,
        0
      ]
    },
    {
      "Target": "Parameter",
      "Id": "ParamLowerArmLFZ",
      "Segments": [
        0,
        0,
        0,
        3.9,
        0
      ]
    },
    {
      "Target": "Parameter",
      "Id": "ParamLowerArmLFY",
      "Segments": [
        0,
        0,
        0,
        3.9,
        0
      ]
    },
    {
      "Target": "Parameter",
      "Id": "ParamHandFZ",
      "Segments": [
        0,
        0,
        0,
        3.9,
        0
      ]
    },
    {
      "Target": "Parameter",
      "Id": "ParamHandF11",
      "Segments": [
        0,
        0,
        0,
        3.9,
        0
      ]
    },
    {
      "Target": "Parameter",
      "Id": "ParamHandF12",
      "Segments": [
        0,
        0,
        0,
        3.9,
        0
      ]
    },
    {
      "Target": "Parameter",
      "Id": "ParamHandF21",
      "Segments": [
        0,
        0,
        0,
        3.9,
        0
      ]
    },
    {
      "Target": "Parameter",
      "Id": "ParamHandF22",
      "Segments": [
        0,
        0,
        0,
        3.9,
        0
      ]
    },
    {
      "Target": "Parameter",
      "Id": "ParamHandF31",
      "Segments": [
        0,
        0,
        0,
        3.9,
        0
      ]
    },
    {
      "Target": "Parameter",
      "Id": "ParamHandF32",
      "Segments": [
        0,
        0,
        0,
        3.9,
        0
      ]
    },
    {
      "Target": "Parameter",
      "Id": "ParamHandF41",
      "Segments": [
        0,
        0,
        0,
        3.9,
        0
      ]
    },
    {
      "Target": "Parameter",
      "Id": "ParamHandF42",
      "Segments": [
        0,
        0,
        0,
        3.9,
        0
      ]
    },
    {
      "Target": "Parameter",
      "Id": "ParamDownUpperArmLOn",
      "Segments": [
        0,
        0,
        0,
        3.9,
        0
      ]
    },
    {
      "Target": "Parameter",
      "Id": "ParamDownUpperArmLZ",
      "Segments": [
        0,
        0,
        0,
        3.9,
        0
      ]
    },
    {
      "Target": "Parameter",
      "Id": "ParamDownUpperArmLY",
      "Segments": [
        0,
        0,
        0,
        3.9,
        0
      ]
    },
    {
      "Target": "Parameter",
      "Id": "ParamDownLowerArmLZ",
      "Segments": [
        0,
        0,
        0,
        3.9,
        0
      ]
    },
    {
      "Target": "Parameter",
      "Id": "ParamDownLowerArmLY",
      "Segments": [
        0,
        0,
        0,
        3.9,
        0
      ]
    },
    {
      "Target": "Parameter",
      "Id": "ParamDownHandLZ",
      "Segments": [
        0,
        0,
        0,
        3.9,
        0
      ]
    },
    {
      "Target": "Parameter",
      "Id": "ParamDownHandL2",
      "Segments": [
        0,
        0,
        0,
        3.9,
        0
      ]
    },
    {
      "Target": "Parameter",
      "Id": "ParamArmRY",
      "Segments": [
        0,
        0,
        0,
        3.9,
        0
      ]
    },
    {
      "Target": "Parameter",
      "Id": "ParamArmR1Y",
      "Segments": [
        0,
        0,
        0,
        3.9,
        0
      ]
    },
    {
      "Target": "Parameter",
      "Id": "ParamHandR",
      "Segments": [
        0,
        0,
        0,
        3.9,
        0
      ]
    },
    {
      "Target": "Parameter",
      "Id": "ParamMicrophoneZ2",
      "Segments": [
        0,
        0,
        0,
        3.9,
        0
      ]
    },
    {
      "Target": "Parameter",
      "Id": "ParamMicrophoneY",
      "Segments": [
        0,
        0,
        0,
        3.9,
        0
      ]
    },
    {
      "Target": "Parameter",
      "Id": "ParamLineZ",
      "Segments": [
        0,
        0,
        0,
        3.9,
        0
      ]
    },
    {
      "Target": "Parameter",
      "Id": "ParamLineZ2",
      "Segments": [
        0,
        0,
        0,
        3.9,
        0
      ]
    },
    {
      "Target": "Parameter",
      "Id": "ParamMicrophoneYYOff",
      "Segments": [
        0,
        0,
        0,
        3.9,
        0
      ]
    },
    {
      "Target": "Parameter",
      "Id": "ParamMicrophoneYYZ",
      "Segments": [
        0,
        0,
        0,
        3.9,
        0
      ]
    },
    {
      "Target": "Parameter",
      "Id": "ParamMicrophoneGOff",
      "Segments": [
        0,
        0,
        0,
        3.9,
        0
      ]
    },
    {
      "Target": "Parameter",
      "Id": "ParamMicrophoneSOn",
      "Segments": [
        0,
        0,
        0,
        3.9,
        0
      ]
    },
    {
      "Target": "Parameter",
      "Id": "ParamFootR",
      "Segments": [
        0,
        0,
        0,
        3.9,
        0
      ]
    }
  ],
  "UserData": [
    {
      "Time": 0.0,
      "Value": ""
    },
    {
      "Time": 0.23,
      "Value": "characterVoice_144_1"
    }
  ]
}