{
  "Version": 3,
  "Meta": {
    "Duration": 2.07,
    "Fps": 30.0,
    "Loop": true,
    "AreBeziersRestricted": true,
    "CurveCount": 207,
    "TotalSegmentCount": 735,
    "TotalPointCount": 865,
    "UserDataCount": 2,
    "TotalUserDataSize": 20
  },
  "Curves": [
    {
      "Target": "Parameter",
      "Id": "ParamLiZiS",
      "Segments": [
        0,
        0,
        1,
        0.056,
        -2,
        0.111,
        -4,
        0.167,
        -6,
        0,
        0.667,
        6,
        0,
        2.067,
        0
      ]
    },
    {
      "Target": "Parameter",
      "Id": "ParamLightLY6",
      "Segments": [
        0,
        0,
        0,
        0.767,
        1,
        2,
        0.8,
        0,
        2,
        2.067,
        0
      ]
    },
    {
      "Target": "Parameter",
      "Id": "ParamSilkOff",
      "Segments": [
        0,
        1,
        2,
        2.067,
        1
      ]
    },
    {
      "Target": "Parameter",
      "Id": "ParamAngleZ",
      "Segments": [
        0,
        0,
        0,
        0.267,
        -1.274,
        0,
        0.667,
        4.6,
        0,
        0.867,
        4,
        1,
        1,
        4,
        1.134,
        3.966,
        1.267,
        4.18,
        1,
        1.378,
        4.358,
        1.489,
        10,
        1.6,
        10,
        0,
        2.067,
        0
      ]
    },
    {
      "Target": "Parameter",
      "Id": "ParamBodyAngleZ",
      "Segments": [
        0,
        0,
        0,
        0.2,
        -0.507,
        0,
        0.567,
        2.088,
        0,
        0.867,
        2,
        2,
        1.167,
        2,
        0,
        2.067,
        0
      ]
    },
    {
      "Target": "Parameter",
      "Id": "ParamBreath",
      "Segments": [
        0,
        0,
        0,
        0.167,
        1,
        1,
        0.234,
        1,
        0.3,
        0.892,
        0.367,
        0.642,
        1,
        0.478,
        0.226,
        0.589,
        0,
        0.7,
        0,
        2,
        2.067,
        0
      ]
    },
    {
      "Target": "Parameter",
      "Id": "ParamAngleX",
      "Segments": [
        0,
        0,
        0,
        0.1,
        -2.903,
        0,
        0.267,
        3.903,
        0,
        0.667,
        -4,
        0,
        0.9,
        -3.112,
        0,
        1.433,
        -7.775,
        0,
        1.833,
        1.325,
        0,
        2.067,
        0
      ]
    },
    {
      "Target": "Parameter",
      "Id": "ParamAngleY",
      "Segments": [
        0,
        0,
        0,
        0.133,
        -7,
        0,
        0.267,
        8,
        0,
        0.5,
        -30,
        0,
        0.733,
        -25,
        0,
        1.3,
        -25.36,
        0,
        1.7,
        7.468,
        0,
        2.067,
        0
      ]
    },
    {
      "Target": "Parameter",
      "Id": "ParamBodyAngleX",
      "Segments": [
        0,
        0,
        0,
        0.267,
        2,
        0,
        0.6,
        -4.52,
        0,
        0.833,
        -4,
        2,
        1.5,
        -4,
        0,
        2.067,
        0
      ]
    },
    {
      "Target": "Parameter",
      "Id": "ParamBodyAngleY",
      "Segments": [
        0,
        0,
        0,
        0.267,
        1,
        0,
        0.667,
        -2.467,
        0,
        0.833,
        -2,
        2,
        1.4,
        -2,
        0,
        2.067,
        0
      ]
    },
    {
      "Target": "Parameter",
      "Id": "ParamHipX",
      "Segments": [
        0,
        0,
        0,
        0.133,
        1,
        0,
        0.467,
        -4,
        1,
        0.756,
        -4,
        1.044,
        -4.057,
        1.333,
        -3.497,
        1,
        1.578,
        -3.023,
        1.822,
        0,
        2.067,
        0
      ]
    },
    {
      "Target": "Parameter",
      "Id": "ParamEyeLOpen",
      "Segments": [
        0,
        1,
        0,
        0.233,
        1.2,
        1,
        0.244,
        1.2,
        0.256,
        1.058,
        0.267,
        0.9,
        1,
        0.311,
        0.269,
        0.356,
        0,
        0.4,
        0,
        2,
        1.2,
        0,
        1,
        1.222,
        0,
        1.245,
        0.342,
        1.267,
        0.4,
        1,
        1.345,
        0.604,
        1.422,
        0.816,
        1.5,
        0.9,
        1,
        1.589,
        0.996,
        1.678,
        1,
        1.767,
        1,
        2,
        2.067,
        1
      ]
    },
    {
      "Target": "Parameter",
      "Id": "ParamEyeROpen",
      "Segments": [
        0,
        1,
        0,
        0.233,
        1.5,
        1,
        0.244,
        1.5,
        0.256,
        1.184,
        0.267,
        1,
        1,
        0.311,
        0.263,
        0.356,
        0,
        0.4,
        0,
        2,
        1.2,
        0,
        1,
        1.222,
        0,
        1.245,
        0.453,
        1.267,
        0.5,
        1,
        1.345,
        0.666,
        1.422,
        0.8,
        1.5,
        0.9,
        1,
        1.567,
        0.986,
        1.633,
        1,
        1.7,
        1,
        2,
        2.067,
        1
      ]
    },
    {
      "Target": "Parameter",
      "Id": "ParamEyeSmile",
      "Segments": [
        0,
        1,
        0,
        0.467,
        0,
        2,
        1.2,
        0,
        0,
        2.067,
        1
      ]
    },
    {
      "Target": "Parameter",
      "Id": "ParamEyeBallX",
      "Segments": [
        0,
        0,
        2,
        0.867,
        0,
        0,
        1.033,
        0.1,
        0,
        1.133,
        0,
        2,
        2.067,
        0
      ]
    },
    {
      "Target": "Parameter",
      "Id": "ParamEyeBallY",
      "Segments": [
        0,
        0,
        2,
        0.867,
        0,
        0,
        1.133,
        -0.204,
        0,
        2.067,
        0
      ]
    },
    {
      "Target": "Parameter",
      "Id": "ParamEyeWater1",
      "Segments": [
        0,
        0,
        2,
        0.367,
        0,
        0,
        0.567,
        23,
        0,
        0.767,
        -22.977,
        0,
        1.033,
        23.121,
        0,
        1.133,
        -21.583,
        0,
        1.2,
        23,
        0,
        1.367,
        0,
        2,
        2.067,
        0
      ]
    },
    {
      "Target": "Parameter",
      "Id": "ParamEyeWater2",
      "Segments": [
        0,
        0,
        2,
        0.367,
        0,
        0,
        0.467,
        -24,
        0,
        0.7,
        22.88,
        0,
        0.9,
        -22.88,
        1,
        1.022,
        -22.88,
        1.145,
        -21.908,
        1.267,
        -17.977,
        1,
        1.3,
        -16.905,
        1.334,
        19.066,
        1.367,
        19.066,
        0,
        1.467,
        0,
        2,
        2.067,
        0
      ]
    },
    {
      "Target": "Parameter",
      "Id": "ParamMouthOpenY",
      "Segments": [
        0,
        0,
        2,
        0.067,
        0,
        0,
        0.133,
        1,
        0,
        0.2,
        0.208,
        0,
        0.267,
        1,
        0,
        0.367,
        0,
        0,
        0.433,
        1,
        0,
        0.533,
        0.295,
        0,
        0.633,
        1,
        0,
        0.833,
        0,
        2,
        2.067,
        0
      ]
    },
    {
      "Target": "Parameter",
      "Id": "ParamMouthForm",
      "Segments": [
        0,
        0,
        2,
        0.067,
        0,
        0,
        0.133,
        -0.3,
        0,
        0.267,
        0.285,
        0,
        0.367,
        -0.3,
        0,
        0.433,
        0.3,
        1,
        0.466,
        0.3,
        0.5,
        0.2,
        0.533,
        0,
        1,
        0.566,
        -0.2,
        0.6,
        -0.3,
        0.633,
        -0.3,
        0,
        0.833,
        0,
        2,
        2.067,
        0
      ]
    },
    {
      "Target": "Parameter",
      "Id": "ParamBrowLForm",
      "Segments": [
        0,
        0,
        0,
        0.467,
        0.7,
        0,
        1.267,
        0,
        2,
        2.067,
        0
      ]
    },
    {
      "Target": "Parameter",
      "Id": "ParamBrowRForm",
      "Segments": [
        0,
        0,
        0,
        0.467,
        0.6,
        0,
        1.267,
        0,
        2,
        2.067,
        0
      ]
    },
    {
      "Target": "Parameter",
      "Id": "ParamLjian",
      "Segments": [
        0,
        0,
        0,
        0.2,
        5.734,
        1,
        0.3,
        5.734,
        0.4,
        -8.635,
        0.5,
        -13.929,
        1,
        0.567,
        -17.458,
        0.633,
        -17,
        0.7,
        -17,
        2,
        1.233,
        -17,
        0,
        1.4,
        -18.56,
        0,
        2.067,
        0
      ]
    },
    {
      "Target": "Parameter",
      "Id": "ParamDownUpperArmLZ",
      "Segments": [
        0,
        0,
        0,
        0.233,
        2.16,
        0,
        0.467,
        -3.84,
        2,
        1.167,
        -3.84,
        1,
        1.278,
        -3.84,
        1.389,
        -2.952,
        1.5,
        -2.04,
        1,
        1.689,
        -0.49,
        1.878,
        0,
        2.067,
        0
      ]
    },
    {
      "Target": "Parameter",
      "Id": "ParamDownLowerArmLZ",
      "Segments": [
        0,
        0,
        0,
        0.233,
        -3.62,
        0,
        0.6,
        7,
        2,
        1.167,
        7,
        2,
        1.5,
        7,
        0,
        2.067,
        0
      ]
    },
    {
      "Target": "Parameter",
      "Id": "ParamDownHandLZ",
      "Segments": [
        0,
        0,
        0,
        0.233,
        -9,
        0,
        0.467,
        6,
        2,
        1.3,
        6,
        0,
        1.667,
        -5.116,
        0,
        2.067,
        0
      ]
    },
    {
      "Target": "Parameter",
      "Id": "ParamDownHandL2",
      "Segments": [
        0,
        0,
        0,
        0.233,
        30,
        1,
        0.311,
        30,
        0.389,
        -3.121,
        0.467,
        -12,
        1,
        0.556,
        -22.147,
        0.644,
        -22.048,
        0.733,
        -22.048,
        2,
        1.167,
        -22.048,
        0,
        1.5,
        21.962,
        1,
        1.578,
        21.962,
        1.655,
        19.26,
        1.733,
        13.238,
        1,
        1.844,
        4.634,
        1.956,
        0,
        2.067,
        0
      ]
    },
    {
      "Target": "Parameter",
      "Id": "ParamRjian",
      "Segments": [
        0,
        0,
        0,
        0.6,
        4,
        2,
        1.133,
        4,
        0,
        2.067,
        0
      ]
    },
    {
      "Target": "Parameter",
      "Id": "ParamArmR",
      "Segments": [
        0,
        0,
        0,
        0.133,
        -1.265,
        0,
        0.6,
        4,
        2,
        1.467,
        4,
        0,
        1.833,
        -1.424,
        0,
        2.067,
        0
      ]
    },
    {
      "Target": "Parameter",
      "Id": "ParamArmR1",
      "Segments": [
        0,
        0,
        0,
        0.233,
        -2,
        0,
        0.7,
        3.363,
        0,
        0.967,
        3,
        2,
        1.467,
        3,
        0,
        2.067,
        0
      ]
    },
    {
      "Target": "Parameter",
      "Id": "ParamHandR",
      "Segments": [
        0,
        0,
        2,
        1.233,
        0,
        0,
        1.567,
        2.52,
        0,
        2.067,
        0
      ]
    },
    {
      "Target": "Parameter",
      "Id": "ParamFingerR1",
      "Segments": [
        0,
        0,
        0,
        0.6,
        5,
        0,
        2.067,
        0
      ]
    },
    {
      "Target": "Parameter",
      "Id": "ParamFingerR2",
      "Segments": [
        0,
        0,
        0,
        0.6,
        14,
        0,
        2.067,
        0
      ]
    },
    {
      "Target": "Parameter",
      "Id": "ParamMicrophoneZ1",
      "Segments": [
        0,
        0,
        1,
        0.056,
        0,
        0.111,
        -1.132,
        0.167,
        -1.472,
        1,
        0.189,
        -1.608,
        0.211,
        -1.551,
        0.233,
        -1.551,
        1,
        0.3,
        -1.551,
        0.366,
        0.268,
        0.433,
        1.671,
        1,
        0.489,
        2.84,
        0.544,
        3.684,
        0.6,
        4.2,
        1,
        0.644,
        4.612,
        0.689,
        4.62,
        0.733,
        4.62,
        1,
        0.789,
        4.62,
        0.844,
        4.385,
        0.9,
        4.35,
        1,
        1.011,
        4.28,
        1.122,
        4.276,
        1.233,
        4.2,
        1,
        1.311,
        4.146,
        1.389,
        3.886,
        1.467,
        3.54,
        1,
        1.578,
        3.046,
        1.689,
        1.899,
        1.8,
        1.05,
        1,
        1.889,
        0.37,
        1.978,
        0,
        2.067,
        0
      ]
    },
    {
      "Target": "Parameter",
      "Id": "ParamMicrophoneY",
      "Segments": [
        0,
        0,
        0,
        0.233,
        3.3,
        1,
        0.3,
        3.3,
        0.366,
        -2.39,
        0.433,
        -4.2,
        1,
        0.489,
        -5.708,
        0.544,
        -5.58,
        0.6,
        -5.58,
        2,
        1.8,
        -5.58,
        0,
        2.067,
        0
      ]
    },
    {
      "Target": "Parameter",
      "Id": "ParamLineZ1",
      "Segments": [
        0,
        0,
        0,
        0.433,
        -0.36,
        1,
        0.555,
        -0.36,
        0.678,
        -0.038,
        0.8,
        -0.023,
        1,
        1,
        0.001,
        1.2,
        0,
        1.4,
        0,
        2,
        2.067,
        0
      ]
    },
    {
      "Target": "Parameter",
      "Id": "ParamMicrophoneYY",
      "Segments": [
        0,
        0,
        0,
        0.133,
        -0.102,
        1,
        0.178,
        -0.102,
        0.222,
        0.046,
        0.267,
        0.156,
        1,
        0.334,
        0.321,
        0.4,
        0.356,
        0.467,
        0.356,
        0,
        0.733,
        0.08,
        2,
        1.1,
        0.08,
        0,
        1.467,
        0.156,
        1,
        1.567,
        0.156,
        1.667,
        -0.015,
        1.767,
        -0.2,
        1,
        1.8,
        -0.262,
        1.834,
        -0.256,
        1.867,
        -0.256,
        0,
        2.067,
        0
      ]
    },
    {
      "Target": "Parameter",
      "Id": "ParamLegL",
      "Segments": [
        0,
        0,
        0,
        0.167,
        1.118,
        0,
        0.467,
        -6.66,
        1,
        0.534,
        -6.66,
        0.6,
        -6.427,
        0.667,
        -6.24,
        1,
        0.834,
        -5.772,
        1,
        -5.821,
        1.167,
        -5,
        1,
        1.467,
        -3.522,
        1.767,
        0,
        2.067,
        0
      ]
    },
    {
      "Target": "Parameter",
      "Id": "ParamLegL1",
      "Segments": [
        0,
        0,
        0,
        0.167,
        -1.874,
        0,
        0.467,
        3.966,
        1,
        0.534,
        3.966,
        0.6,
        3.516,
        0.667,
        3.306,
        1,
        0.834,
        2.78,
        1,
        2.592,
        1.167,
        2,
        1,
        1.467,
        0.934,
        1.767,
        0,
        2.067,
        0
      ]
    },
    {
      "Target": "Parameter",
      "Id": "ParamFootL",
      "Segments": [
        0,
        0,
        0,
        0.167,
        2,
        0,
        0.467,
        -2,
        1,
        0.534,
        -2,
        0.6,
        -1.107,
        0.667,
        -1,
        1,
        1.134,
        -0.254,
        1.6,
        0,
        2.067,
        0
      ]
    },
    {
      "Target": "Parameter",
      "Id": "ParamLegR",
      "Segments": [
        0,
        0,
        0,
        0.167,
        -0.207,
        0,
        0.467,
        1.14,
        1,
        0.534,
        1.14,
        0.6,
        0.598,
        0.667,
        0.54,
        1,
        1.134,
        0.136,
        1.6,
        0,
        2.067,
        0
      ]
    },
    {
      "Target": "Parameter",
      "Id": "ParamLegR1",
      "Segments": [
        0,
        0,
        0,
        0.167,
        0.9,
        0,
        0.467,
        -2,
        1,
        0.534,
        -2,
        0.6,
        -1.107,
        0.667,
        -1,
        1,
        1.134,
        -0.254,
        1.6,
        0,
        2.067,
        0
      ]
    },
    {
      "Target": "Parameter",
      "Id": "ParamHairBow1",
      "Segments": [
        0,
        0,
        0,
        0.167,
        10,
        0,
        0.467,
        -13,
        0,
        0.7,
        18,
        0,
        1.033,
        5.017,
        0,
        1.433,
        18,
        0,
        1.833,
        -6.809,
        0,
        2.067,
        0
      ]
    },
    {
      "Target": "Parameter",
      "Id": "ParamHairBow2",
      "Segments": [
        0,
        0,
        0,
        0.3,
        9.166,
        0,
        0.567,
        -11.312,
        0,
        0.8,
        5.461,
        0,
        1.267,
        -8.776,
        0,
        1.567,
        5.461,
        0,
        1.9,
        -6.272,
        0,
        2.067,
        0
      ]
    },
    {
      "Target": "Parameter",
      "Id": "ParamHairQ11",
      "Segments": [
        0,
        0,
        0,
        0.167,
        5,
        0,
        0.4,
        -7,
        0,
        0.733,
        7.659,
        0,
        1.067,
        -4.359,
        0,
        1.533,
        5.916,
        0,
        2,
        -3.114,
        0,
        2.067,
        0
      ]
    },
    {
      "Target": "Parameter",
      "Id": "ParamHairQ12",
      "Segments": [
        0,
        0,
        0,
        0.267,
        5.449,
        0,
        0.533,
        -12,
        0,
        0.867,
        7.006,
        0,
        1.3,
        -5.294,
        0,
        1.767,
        5.449,
        0,
        2.067,
        0
      ]
    },
    {
      "Target": "Parameter",
      "Id": "ParamHairQ21",
      "Segments": [
        0,
        0,
        0,
        0.267,
        9.775,
        0,
        0.5,
        -10.866,
        0,
        0.833,
        6.148,
        0,
        1.167,
        -3.986,
        0,
        1.667,
        4.771,
        0,
        2.067,
        0
      ]
    },
    {
      "Target": "Parameter",
      "Id": "ParamHairQ22",
      "Segments": [
        0,
        0,
        0,
        0.367,
        9.08,
        0,
        0.633,
        -9.771,
        0,
        1,
        5.262,
        0,
        1.367,
        -3.805,
        0,
        1.9,
        4.307,
        0,
        2.067,
        0
      ]
    },
    {
      "Target": "Parameter",
      "Id": "ParamHairQ31",
      "Segments": [
        0,
        0,
        0,
        0.233,
        9.976,
        0,
        0.533,
        -10.601,
        0,
        0.767,
        6.265,
        0,
        1.2,
        -4.337,
        0,
        1.7,
        4.578,
        0,
        2.067,
        0
      ]
    },
    {
      "Target": "Parameter",
      "Id": "ParamHairQ32",
      "Segments": [
        0,
        0,
        0,
        0.333,
        9.397,
        0,
        0.667,
        -9.397,
        0,
        0.967,
        5.234,
        0,
        1.433,
        -4.639,
        0,
        1.9,
        3.687,
        0,
        2.067,
        0
      ]
    },
    {
      "Target": "Parameter",
      "Id": "ParamHairQ41",
      "Segments": [
        0,
        0,
        0,
        0.233,
        14,
        0,
        0.5,
        -18.983,
        0,
        0.8,
        9.533,
        0,
        1.2,
        -9.151,
        0,
        1.733,
        6.482,
        0,
        2.067,
        0
      ]
    },
    {
      "Target": "Parameter",
      "Id": "ParamHairQ42",
      "Segments": [
        0,
        0,
        0,
        0.3,
        12.202,
        0,
        0.6,
        -17.349,
        0,
        0.933,
        9.151,
        0,
        1.4,
        -8.198,
        0,
        1.867,
        6.292,
        0,
        2.067,
        0
      ]
    },
    {
      "Target": "Parameter",
      "Id": "ParamHairQ43",
      "Segments": [
        0,
        0,
        0,
        0.4,
        11.624,
        0,
        0.733,
        -16.227,
        0,
        1.1,
        8.028,
        0,
        1.6,
        -7.857,
        0,
        2.067,
        0
      ]
    },
    {
      "Target": "Parameter",
      "Id": "ParamHairL11",
      "Segments": [
        0,
        0,
        0,
        0.233,
        3,
        0,
        0.5,
        -3.404,
        0,
        0.767,
        11,
        0,
        1.1,
        3.997,
        0,
        1.4,
        11,
        0,
        1.833,
        -5.549,
        0,
        2.067,
        0
      ]
    },
    {
      "Target": "Parameter",
      "Id": "ParamHairL12",
      "Segments": [
        0,
        0,
        0,
        0.333,
        3.275,
        0,
        0.633,
        -6,
        0,
        0.867,
        6,
        0,
        1.267,
        -5.791,
        0,
        1.567,
        4.717,
        0,
        1.9,
        -3.439,
        0,
        2.067,
        0
      ]
    },
    {
      "Target": "Parameter",
      "Id": "ParamHairL21",
      "Segments": [
        0,
        0,
        0,
        0.267,
        9,
        0,
        0.533,
        0,
        0,
        0.833,
        16.777,
        0,
        1.233,
        9,
        0,
        1.633,
        15.044,
        0,
        2.067,
        0
      ]
    },
    {
      "Target": "Parameter",
      "Id": "ParamHairL22",
      "Segments": [
        0,
        0,
        0,
        0.4,
        8.475,
        0,
        0.7,
        -7.126,
        0,
        0.9,
        12,
        1,
        0.922,
        12,
        0.945,
        6.327,
        0.967,
        5.076,
        1,
        1.134,
        -4.308,
        1.3,
        -7.919,
        1.467,
        -7.919,
        0,
        1.833,
        3.114,
        0,
        2.067,
        0
      ]
    },
    {
      "Target": "Parameter",
      "Id": "ParamHairR11",
      "Segments": [
        0,
        0,
        0,
        0.2,
        6,
        0,
        0.533,
        -9.751,
        0,
        0.933,
        10,
        0,
        1.267,
        5.138,
        0,
        1.6,
        10,
        0,
        2.067,
        0
      ]
    },
    {
      "Target": "Parameter",
      "Id": "ParamHairR12",
      "Segments": [
        0,
        0,
        0,
        0.333,
        5.48,
        0,
        0.7,
        -9.248,
        0,
        1.067,
        3.539,
        0,
        1.467,
        -4.681,
        0,
        1.8,
        3.311,
        0,
        2.067,
        0
      ]
    },
    {
      "Target": "Parameter",
      "Id": "ParamHairR21",
      "Segments": [
        0,
        0,
        0,
        0.2,
        6,
        0,
        0.533,
        -9.751,
        0,
        0.933,
        10,
        0,
        1.267,
        5.138,
        0,
        1.6,
        10,
        0,
        2.067,
        0
      ]
    },
    {
      "Target": "Parameter",
      "Id": "ParamHairR22",
      "Segments": [
        0,
        0,
        0,
        0.333,
        5.48,
        0,
        0.7,
        -9.248,
        0,
        1.067,
        3.539,
        0,
        1.467,
        -4.681,
        0,
        1.8,
        3.311,
        0,
        2.067,
        0
      ]
    },
    {
      "Target": "Parameter",
      "Id": "ParamHairR23",
      "Segments": [
        0,
        0,
        0,
        0.467,
        5.278,
        0,
        0.867,
        -7.407,
        0,
        1.267,
        3.916,
        0,
        1.6,
        -4.072,
        0,
        1.9,
        2.053,
        0,
        2.067,
        0
      ]
    },
    {
      "Target": "Parameter",
      "Id": "ParamHairR24",
      "Segments": [
        0,
        0,
        0,
        0.2,
        -3.226,
        0,
        0.667,
        5.206,
        0,
        1,
        -7.332,
        0,
        1.4,
        3.813,
        0,
        1.667,
        -4.204,
        0,
        1.9,
        1.884,
        0,
        2.067,
        0
      ]
    },
    {
      "Target": "Parameter",
      "Id": "ParamHairHX11",
      "Segments": [
        0,
        0,
        0,
        0.233,
        -6,
        0,
        0.5,
        4.358,
        0,
        0.767,
        -2.694,
        0,
        1.167,
        1.796,
        0,
        1.7,
        -2.694,
        0,
        2.067,
        0
      ]
    },
    {
      "Target": "Parameter",
      "Id": "ParamHairHX12",
      "Segments": [
        0,
        0,
        0,
        0.333,
        -4.251,
        0,
        0.633,
        4.012,
        0,
        0.933,
        -2.215,
        0,
        1.433,
        1.617,
        0,
        1.9,
        -1.528,
        0,
        2.067,
        0
      ]
    },
    {
      "Target": "Parameter",
      "Id": "ParamHairHX21",
      "Segments": [
        0,
        0,
        0,
        0.2,
        -8,
        0,
        0.467,
        7,
        0,
        0.833,
        -5,
        0,
        1.167,
        3.295,
        0,
        1.667,
        -4.682,
        0,
        2.067,
        0
      ]
    },
    {
      "Target": "Parameter",
      "Id": "ParamHairHX22",
      "Segments": [
        0,
        0,
        0,
        0.3,
        -6.503,
        0,
        0.633,
        6.416,
        0,
        0.967,
        -4.335,
        0,
        1.4,
        3.382,
        0,
        1.9,
        -3.382,
        0,
        2.067,
        0
      ]
    },
    {
      "Target": "Parameter",
      "Id": "ParamHairH11",
      "Segments": [
        0,
        0,
        0,
        0.233,
        -8,
        0,
        0.533,
        0,
        0,
        0.833,
        -13,
        0,
        1.3,
        -4,
        0,
        1.8,
        -10.197,
        0,
        2.067,
        0
      ]
    },
    {
      "Target": "Parameter",
      "Id": "ParamHairH12",
      "Segments": [
        0,
        0,
        0,
        0.367,
        -7.606,
        0,
        0.667,
        8,
        0,
        0.967,
        -4.659,
        0,
        1.567,
        7.514,
        0,
        2.067,
        0
      ]
    },
    {
      "Target": "Parameter",
      "Id": "ParamHairH13",
      "Segments": [
        0,
        0,
        0,
        0.433,
        -6.675,
        0,
        0.733,
        7.758,
        0,
        1.067,
        -4.059,
        0,
        1.667,
        7.668,
        0,
        2.067,
        0
      ]
    },
    {
      "Target": "Parameter",
      "Id": "ParamOpaishakeLX",
      "Segments": [
        0,
        0,
        0,
        0.167,
        -14,
        0,
        0.4,
        17.757,
        0,
        0.6,
        -9.546,
        0,
        0.833,
        5,
        0,
        1.1,
        0,
        0,
        1.433,
        2.753,
        0,
        1.733,
        -5.507,
        0,
        2.067,
        0
      ]
    },
    {
      "Target": "Parameter",
      "Id": "ParamOpaishakeLX2",
      "Segments": [
        0,
        0,
        0,
        0.267,
        -13.337,
        0,
        0.5,
        15.97,
        0,
        0.7,
        -8.628,
        0,
        0.933,
        5.507,
        0,
        1.267,
        -3,
        0,
        1.6,
        2.937,
        0,
        1.867,
        -4.773,
        0,
        2.067,
        0
      ]
    },
    {
      "Target": "Parameter",
      "Id": "ParamOpaishakeLY",
      "Segments": [
        0,
        0,
        0,
        0.133,
        -7.647,
        0,
        0.333,
        11,
        0,
        0.567,
        -5.174,
        0,
        0.833,
        3.234,
        0,
        1.067,
        -2.802,
        0,
        1.367,
        0,
        2,
        1.633,
        0,
        0,
        1.833,
        -2.694,
        0,
        2.067,
        0
      ]
    },
    {
      "Target": "Parameter",
      "Id": "ParamOpaishakeLY2",
      "Segments": [
        0,
        0,
        0,
        0.2,
        -6.575,
        0,
        0.433,
        9.27,
        0,
        0.667,
        -3.88,
        0,
        0.933,
        3.341,
        0,
        1.167,
        -2.91,
        0,
        1.433,
        0,
        2,
        1.633,
        0,
        0,
        1.933,
        -2.802,
        0,
        2.067,
        0
      ]
    },
    {
      "Target": "Parameter",
      "Id": "ParamOpaishakeRX",
      "Segments": [
        0,
        0,
        0,
        0.2,
        -14,
        0,
        0.433,
        17.757,
        0,
        0.633,
        -9.546,
        0,
        0.867,
        5,
        0,
        1.133,
        0,
        0,
        1.5,
        2.937,
        0,
        1.767,
        -5.507,
        0,
        2.067,
        0
      ]
    },
    {
      "Target": "Parameter",
      "Id": "ParamOpaishakeRX2",
      "Segments": [
        0,
        0,
        0,
        0.3,
        -13.337,
        0,
        0.533,
        15.97,
        0,
        0.733,
        -8.628,
        0,
        0.967,
        5.507,
        0,
        1.267,
        -2.203,
        0,
        1.6,
        3.488,
        0,
        1.867,
        -3.488,
        0,
        2.067,
        0
      ]
    },
    {
      "Target": "Parameter",
      "Id": "ParamOpaishakeRY",
      "Segments": [
        0,
        0,
        0,
        0.167,
        -7.647,
        0,
        0.367,
        11,
        0,
        0.6,
        -5.174,
        0,
        0.867,
        3.234,
        0,
        1.1,
        -2.802,
        0,
        1.4,
        0,
        2,
        1.667,
        0,
        0,
        1.867,
        -2.802,
        0,
        2.067,
        0
      ]
    },
    {
      "Target": "Parameter",
      "Id": "ParamOpaishakeRY2",
      "Segments": [
        0,
        0,
        0,
        0.233,
        -6.575,
        0,
        0.467,
        9.27,
        0,
        0.7,
        -3.88,
        0,
        0.967,
        3.341,
        0,
        1.2,
        -2.91,
        0,
        1.467,
        0,
        2,
        1.7,
        0,
        0,
        1.933,
        -2.587,
        0,
        2.067,
        0
      ]
    },
    {
      "Target": "Parameter",
      "Id": "ParamTanLilL1",
      "Segments": [
        0,
        0,
        1,
        0.056,
        0,
        0.111,
        0.432,
        0.167,
        2.749,
        1,
        0.222,
        5.066,
        0.278,
        7.64,
        0.333,
        7.64,
        0,
        0.5,
        -4.436,
        0,
        0.767,
        5.292,
        0,
        0.967,
        -1.328,
        0,
        1.267,
        0,
        2,
        2.067,
        0
      ]
    },
    {
      "Target": "Parameter",
      "Id": "ParamTanLilL2",
      "Segments": [
        0,
        0,
        0,
        0.433,
        6.985,
        0,
        0.633,
        -3.356,
        0,
        0.867,
        4.793,
        0,
        1.1,
        -1.694,
        0,
        1.4,
        0,
        2,
        2.067,
        0
      ]
    },
    {
      "Target": "Parameter",
      "Id": "ParamTanLiR1",
      "Segments": [
        0,
        0,
        1,
        0.056,
        0,
        0.111,
        -0.432,
        0.167,
        -2.749,
        1,
        0.222,
        -5.066,
        0.278,
        -7.64,
        0.333,
        -7.64,
        0,
        0.5,
        4.436,
        0,
        0.767,
        -5.292,
        0,
        0.967,
        1.328,
        0,
        1.267,
        0,
        2,
        2.067,
        0
      ]
    },
    {
      "Target": "Parameter",
      "Id": "ParamTanLiR2",
      "Segments": [
        0,
        0,
        0,
        0.433,
        -6.985,
        0,
        0.633,
        3.356,
        0,
        0.867,
        -4.793,
        0,
        1.1,
        1.694,
        0,
        1.4,
        0,
        2,
        2.067,
        0
      ]
    },
    {
      "Target": "Parameter",
      "Id": "ParamUpHeaddress1",
      "Segments": [
        0,
        0,
        0,
        0.167,
        -7.977,
        0,
        0.433,
        19,
        0,
        0.8,
        -4.522,
        0,
        1.267,
        6.237,
        0,
        1.867,
        -3.898,
        0,
        2.067,
        0
      ]
    },
    {
      "Target": "Parameter",
      "Id": "ParamUpHeaddress2",
      "Segments": [
        0,
        0,
        0,
        0.3,
        -6.913,
        0,
        0.6,
        18.081,
        0,
        1,
        -6.382,
        0,
        1.567,
        6.913,
        0,
        2.067,
        0
      ]
    },
    {
      "Target": "Parameter",
      "Id": "ParamLHeaddress1",
      "Segments": [
        0,
        0,
        0,
        0.2,
        -10,
        0,
        0.533,
        9.985,
        0,
        0.867,
        -7.856,
        0,
        1.367,
        4.274,
        0,
        1.933,
        -5.029,
        0,
        2.067,
        0
      ]
    },
    {
      "Target": "Parameter",
      "Id": "ParamLHeaddress2",
      "Segments": [
        0,
        0,
        0,
        0.333,
        -8.528,
        0,
        0.7,
        8.406,
        0,
        1.1,
        -6.578,
        0,
        1.633,
        4.142,
        0,
        2.067,
        0
      ]
    },
    {
      "Target": "Parameter",
      "Id": "ParamLHeaddress3",
      "Segments": [
        0,
        0,
        0,
        0.2,
        14.364,
        0,
        0.533,
        -12.071,
        0,
        0.9,
        5.043,
        0,
        1.3,
        -5.807,
        0,
        1.9,
        3.514,
        0,
        2.067,
        0
      ]
    },
    {
      "Target": "Parameter",
      "Id": "ParamLHeaddress4",
      "Segments": [
        0,
        0,
        0,
        0.333,
        12.836,
        0,
        0.7,
        -9.168,
        0,
        1.033,
        5.501,
        0,
        1.533,
        -4.737,
        0,
        2.067,
        0
      ]
    },
    {
      "Target": "Parameter",
      "Id": "ParamRHeaddress1",
      "Segments": [
        0,
        0,
        0,
        0.3,
        11.915,
        0,
        0.7,
        -10.13,
        0,
        1.2,
        4.842,
        0,
        1.833,
        -5.862,
        0,
        2.067,
        0
      ]
    },
    {
      "Target": "Parameter",
      "Id": "ParamRHeaddress2",
      "Segments": [
        0,
        0,
        0,
        0.5,
        10.959,
        0,
        0.867,
        -7.263,
        0,
        1.5,
        5.097,
        0,
        2.067,
        0
      ]
    },
    {
      "Target": "Parameter",
      "Id": "ParamWaistDress1",
      "Segments": [
        0,
        0,
        0,
        0.167,
        -6,
        0,
        0.367,
        5.636,
        0,
        0.733,
        -3.296,
        0,
        1.133,
        1.816,
        0,
        1.667,
        -1.412,
        0,
        2.067,
        0
      ]
    },
    {
      "Target": "Parameter",
      "Id": "ParamWaistDress2",
      "Segments": [
        0,
        0,
        0,
        0.267,
        -5.448,
        0,
        0.533,
        4.372,
        0,
        0.867,
        -3.094,
        0,
        1.333,
        1.951,
        0,
        1.833,
        -1.681,
        0,
        2.067,
        0
      ]
    },
    {
      "Target": "Parameter",
      "Id": "ParamDownDress1",
      "Segments": [
        0,
        0,
        0,
        0.233,
        -6,
        0,
        0.667,
        4.374,
        0,
        1.167,
        -2.399,
        0,
        1.667,
        2.099,
        0,
        2.067,
        0
      ]
    },
    {
      "Target": "Parameter",
      "Id": "ParamDownDress2",
      "Segments": [
        0,
        0,
        0,
        0.433,
        -5.064,
        0,
        0.9,
        3.418,
        0,
        1.433,
        -2.159,
        0,
        1.8,
        1.619,
        0,
        2.067,
        0
      ]
    },
    {
      "Target": "Parameter",
      "Id": "ParamPendantZ",
      "Segments": [
        0,
        0,
        0,
        0.4,
        8,
        0,
        0.7,
        -4,
        0,
        1.033,
        2,
        0,
        1.4,
        0,
        0,
        1.767,
        2.012,
        0,
        2.067,
        0
      ]
    },
    {
      "Target": "Parameter",
      "Id": "ParamLArmRibbon1",
      "Segments": [
        0,
        0,
        0,
        0.167,
        10,
        0,
        0.633,
        -7.624,
        0,
        0.967,
        6.214,
        0,
        1.5,
        -2.343,
        0,
        2.067,
        0
      ]
    },
    {
      "Target": "Parameter",
      "Id": "ParamLArmRibbon2",
      "Segments": [
        0,
        0,
        0,
        0.367,
        8.863,
        0,
        0.8,
        -6.418,
        0,
        1.233,
        5.909,
        0,
        1.767,
        -3.566,
        0,
        2.067,
        0
      ]
    },
    {
      "Target": "Parameter",
      "Id": "ParamRArmRibbon1",
      "Segments": [
        0,
        0,
        0,
        0.2,
        -8,
        0,
        0.6,
        10,
        0,
        0.933,
        -9.827,
        0,
        1.467,
        6.069,
        0,
        1.867,
        -2.746,
        0,
        2.067,
        0
      ]
    },
    {
      "Target": "Parameter",
      "Id": "ParamRArmRibbon2",
      "Segments": [
        0,
        0,
        0,
        0.4,
        -8.252,
        0,
        0.767,
        9.512,
        0,
        1.133,
        -8.481,
        0,
        1.667,
        5.96,
        0,
        1.967,
        -2.98,
        0,
        2.067,
        0
      ]
    },
    {
      "Target": "Parameter",
      "Id": "ParamRArmRibbon11",
      "Segments": [
        0,
        0,
        0,
        0.167,
        9,
        0,
        0.5,
        -7,
        0,
        0.867,
        5,
        0,
        1.2,
        -3.792,
        0,
        1.667,
        2.867,
        0,
        2.067,
        0
      ]
    },
    {
      "Target": "Parameter",
      "Id": "ParamRArmRibbon12",
      "Segments": [
        0,
        0,
        0,
        0.3,
        8.601,
        0,
        0.633,
        -5.734,
        0,
        1.033,
        4.809,
        0,
        1.433,
        -3.607,
        0,
        1.8,
        2.682,
        0,
        2.067,
        0
      ]
    },
    {
      "Target": "Parameter",
      "Id": "ParamRArmRibbon21",
      "Segments": [
        0,
        0,
        0,
        0.2,
        16.955,
        0,
        0.433,
        -15.705,
        0,
        0.733,
        12.703,
        0,
        1.1,
        -6.607,
        0,
        1.533,
        10,
        0,
        1.867,
        -2.832,
        0,
        2.067,
        0
      ]
    },
    {
      "Target": "Parameter",
      "Id": "ParamRArmRibbon22",
      "Segments": [
        0,
        0,
        0,
        0.3,
        15.103,
        0,
        0.567,
        -11.894,
        0,
        0.9,
        11.327,
        0,
        1.3,
        -5.664,
        0,
        1.667,
        7.74,
        0,
        1.933,
        -2.643,
        0,
        2.067,
        0
      ]
    },
    {
      "Target": "Parameter",
      "Id": "ParamRArmRibbonX",
      "Segments": [
        0,
        0,
        0,
        0.2,
        -12,
        0,
        0.633,
        9,
        0,
        1.1,
        -4.734,
        0,
        1.667,
        4.006,
        0,
        2.067,
        0
      ]
    },
    {
      "Target": "Parameter",
      "Id": "ParamRArmRibbon23",
      "Segments": [
        0,
        0,
        0,
        0.2,
        -3,
        0,
        0.567,
        -1,
        0,
        0.833,
        -3.017,
        0,
        1.2,
        -1,
        0,
        1.533,
        -2.109,
        0,
        1.833,
        1.26,
        0,
        2.067,
        0
      ]
    },
    {
      "Target": "Parameter",
      "Id": "ParamRArmRibbon24",
      "Segments": [
        0,
        0,
        0,
        0.333,
        -2.085,
        0,
        0.733,
        0.791,
        0,
        1,
        -1.063,
        0,
        1.367,
        1.014,
        0,
        1.667,
        -1.063,
        0,
        1.933,
        0.964,
        0,
        2.067,
        0
      ]
    },
    {
      "Target": "Parameter",
      "Id": "ParamLArmRibbonFit",
      "Segments": [
        0,
        0,
        0,
        0.2,
        -1.02,
        0,
        0.467,
        8.576,
        0,
        0.867,
        7.045,
        2,
        1.233,
        7.045,
        0,
        1.867,
        0,
        2,
        2.067,
        0
      ]
    },
    {
      "Target": "Parameter",
      "Id": "ParamLHandRibbon11",
      "Segments": [
        0,
        0,
        0,
        0.167,
        -12.705,
        0,
        0.5,
        13.249,
        0,
        0.9,
        -8.984,
        0,
        1.333,
        5.485,
        0,
        1.767,
        -5.851,
        0,
        2.067,
        0
      ]
    },
    {
      "Target": "Parameter",
      "Id": "ParamLHandRibbon12",
      "Segments": [
        0,
        0,
        0,
        0.3,
        -12.216,
        0,
        0.667,
        12.779,
        0,
        1.1,
        -7.801,
        0,
        1.533,
        5.101,
        0,
        1.9,
        -4.801,
        0,
        2.067,
        0
      ]
    },
    {
      "Target": "Model",
      "Id": "Opacity",
      "Segments": [
        0,
        1,
        0,
        2.07,
        1
      ]
    },
    {
      "Target": "Parameter",
      "Id": "ParamZChuMoOn",
      "Segments": [
        0,
        0,
        0,
        2.07,
        0
      ]
    },
    {
      "Target": "Parameter",
      "Id": "ParamXChuMoOff",
      "Segments": [
        0,
        1,
        0,
        2.07,
        1
      ]
    },
    {
      "Target": "Parameter",
      "Id": "ParamLiZiOn",
      "Segments": [
        0,
        1,
        0,
        2.07,
        1
      ]
    },
    {
      "Target": "Parameter",
      "Id": "ParamLiZiY",
      "Segments": [
        0,
        0,
        0,
        2.07,
        0
      ]
    },
    {
      "Target": "Parameter",
      "Id": "ParamLightLY1",
      "Segments": [
        0,
        0,
        0,
        2.07,
        0
      ]
    },
    {
      "Target": "Parameter",
      "Id": "ParamLightLY7",
      "Segments": [
        0,
        0,
        0,
        2.07,
        0
      ]
    },
    {
      "Target": "Parameter",
      "Id": "ParamLightLY8",
      "Segments": [
        0,
        0,
        0,
        2.07,
        0
      ]
    },
    {
      "Target": "Parameter",
      "Id": "ParamRingFlash",
      "Segments": [
        0,
        0,
        0,
        2.07,
        0
      ]
    },
    {
      "Target": "Parameter",
      "Id": "ParamWuQi",
      "Segments": [
        0,
        0,
        0,
        2.07,
        0
      ]
    },
    {
      "Target": "Parameter",
      "Id": "ParamWuQiS",
      "Segments": [
        0,
        0,
        0,
        2.07,
        0
      ]
    },
    {
      "Target": "Parameter",
      "Id": "ParamRingBoxX",
      "Segments": [
        0,
        0,
        0,
        2.07,
        0
      ]
    },
    {
      "Target": "Parameter",
      "Id": "ParamRingBoxY",
      "Segments": [
        0,
        0,
        0,
        2.07,
        0
      ]
    },
    {
      "Target": "Parameter",
      "Id": "ParamRingBoxS",
      "Segments": [
        0,
        0,
        0,
        2.07,
        0
      ]
    },
    {
      "Target": "Parameter",
      "Id": "ParamRingBoxOff",
      "Segments": [
        0,
        1,
        0,
        2.07,
        1
      ]
    },
    {
      "Target": "Parameter",
      "Id": "ParamRingBoxZOn",
      "Segments": [
        0,
        0,
        0,
        2.07,
        0
      ]
    },
    {
      "Target": "Parameter",
      "Id": "ParamRingBoxYYOff",
      "Segments": [
        0,
        0,
        0,
        2.07,
        0
      ]
    },
    {
      "Target": "Parameter",
      "Id": "ParamRingBoxZOff",
      "Segments": [
        0,
        0,
        0,
        2.07,
        0
      ]
    },
    {
      "Target": "Parameter",
      "Id": "ParamRingBoxZX",
      "Segments": [
        0,
        0,
        0,
        2.07,
        0
      ]
    },
    {
      "Target": "Parameter",
      "Id": "ParamRingBoxZY",
      "Segments": [
        0,
        0,
        0,
        2.07,
        0
      ]
    },
    {
      "Target": "Parameter",
      "Id": "ParamRingBoxZS",
      "Segments": [
        0,
        0,
        0,
        2.07,
        0
      ]
    },
    {
      "Target": "Parameter",
      "Id": "ParamZJieZS",
      "Segments": [
        0,
        0,
        0,
        2.07,
        0
      ]
    },
    {
      "Target": "Parameter",
      "Id": "ParamRingBoxT",
      "Segments": [
        0,
        0,
        0,
        2.07,
        0
      ]
    },
    {
      "Target": "Parameter",
      "Id": "ParamHandRing",
      "Segments": [
        0,
        0,
        0,
        2.07,
        0
      ]
    },
    {
      "Target": "Parameter",
      "Id": "ParamRingOnHand",
      "Segments": [
        0,
        0,
        0,
        2.07,
        0
      ]
    },
    {
      "Target": "Parameter",
      "Id": "ParamTianSS",
      "Segments": [
        0,
        0,
        0,
        2.07,
        0
      ]
    },
    {
      "Target": "Parameter",
      "Id": "ParamChairS",
      "Segments": [
        0,
        0,
        0,
        2.07,
        0
      ]
    },
    {
      "Target": "Parameter",
      "Id": "ParamChairX",
      "Segments": [
        0,
        0,
        0,
        2.07,
        0
      ]
    },
    {
      "Target": "Parameter",
      "Id": "ParamChairY",
      "Segments": [
        0,
        0,
        0,
        2.07,
        0
      ]
    },
    {
      "Target": "Parameter",
      "Id": "ParamCandlestickS",
      "Segments": [
        0,
        0,
        0,
        2.07,
        0
      ]
    },
    {
      "Target": "Parameter",
      "Id": "ParamCandlestickX",
      "Segments": [
        0,
        0,
        0,
        2.07,
        0
      ]
    },
    {
      "Target": "Parameter",
      "Id": "ParamCandlestickY",
      "Segments": [
        0,
        0,
        0,
        2.07,
        0
      ]
    },
    {
      "Target": "Parameter",
      "Id": "ParamCJTS",
      "Segments": [
        0,
        0,
        0,
        2.07,
        0
      ]
    },
    {
      "Target": "Parameter",
      "Id": "ParamHX",
      "Segments": [
        0,
        0,
        0,
        2.07,
        0
      ]
    },
    {
      "Target": "Parameter",
      "Id": "ParamHY",
      "Segments": [
        0,
        0,
        0,
        2.07,
        0
      ]
    },
    {
      "Target": "Parameter",
      "Id": "ParamHBO",
      "Segments": [
        0,
        0,
        0,
        2.07,
        0
      ]
    },
    {
      "Target": "Parameter",
      "Id": "ParamX",
      "Segments": [
        0,
        0,
        0,
        2.07,
        0
      ]
    },
    {
      "Target": "Parameter",
      "Id": "ParamY",
      "Segments": [
        0,
        0,
        0,
        2.07,
        0
      ]
    },
    {
      "Target": "Parameter",
      "Id": "ParamS",
      "Segments": [
        0,
        0,
        0,
        2.07,
        0
      ]
    },
    {
      "Target": "Parameter",
      "Id": "ParamBlack2On",
      "Segments": [
        0,
        0,
        0,
        2.07,
        0
      ]
    },
    {
      "Target": "Parameter",
      "Id": "ParamBlack2B",
      "Segments": [
        0,
        0,
        0,
        2.07,
        0
      ]
    },
    {
      "Target": "Parameter",
      "Id": "ParamWhite1On",
      "Segments": [
        0,
        0,
        0,
        2.07,
        0
      ]
    },
    {
      "Target": "Parameter",
      "Id": "ParamWhite2On",
      "Segments": [
        0,
        0,
        0,
        2.07,
        0
      ]
    },
    {
      "Target": "Parameter",
      "Id": "ParamWhite2S",
      "Segments": [
        0,
        0,
        0,
        2.07,
        0
      ]
    },
    {
      "Target": "Parameter",
      "Id": "ParamBlush",
      "Segments": [
        0,
        1,
        0,
        2.07,
        1
      ]
    },
    {
      "Target": "Parameter",
      "Id": "ParamEyeWater",
      "Segments": [
        0,
        0,
        0,
        2.07,
        0
      ]
    },
    {
      "Target": "Parameter",
      "Id": "ParamBrowLAngle",
      "Segments": [
        0,
        0,
        0,
        2.07,
        0
      ]
    },
    {
      "Target": "Parameter",
      "Id": "ParamBrowRAngle",
      "Segments": [
        0,
        0,
        0,
        2.07,
        0
      ]
    },
    {
      "Target": "Parameter",
      "Id": "ParamArmL",
      "Segments": [
        0,
        0,
        0,
        2.07,
        0
      ]
    },
    {
      "Target": "Parameter",
      "Id": "ParamArmLY",
      "Segments": [
        0,
        0,
        0,
        2.07,
        0
      ]
    },
    {
      "Target": "Parameter",
      "Id": "ParamArmL1",
      "Segments": [
        0,
        0,
        0,
        2.07,
        0
      ]
    },
    {
      "Target": "Parameter",
      "Id": "ParamArmL1Y",
      "Segments": [
        0,
        0,
        0,
        2.07,
        0
      ]
    },
    {
      "Target": "Parameter",
      "Id": "ParamHandL",
      "Segments": [
        0,
        0,
        0,
        2.07,
        0
      ]
    },
    {
      "Target": "Parameter",
      "Id": "ParamFingerL11",
      "Segments": [
        0,
        0,
        0,
        2.07,
        0
      ]
    },
    {
      "Target": "Parameter",
      "Id": "ParamFingerL12",
      "Segments": [
        0,
        0,
        0,
        2.07,
        0
      ]
    },
    {
      "Target": "Parameter",
      "Id": "ParamFingerL21",
      "Segments": [
        0,
        0,
        0,
        2.07,
        0
      ]
    },
    {
      "Target": "Parameter",
      "Id": "ParamFingerL22",
      "Segments": [
        0,
        0,
        0,
        2.07,
        0
      ]
    },
    {
      "Target": "Parameter",
      "Id": "ParamUpperArmLOff",
      "Segments": [
        0,
        1,
        0,
        2.07,
        1
      ]
    },
    {
      "Target": "Parameter",
      "Id": "ParamUpperArmLFOn",
      "Segments": [
        0,
        0,
        0,
        2.07,
        0
      ]
    },
    {
      "Target": "Parameter",
      "Id": "ParamUpperArmLFZ",
      "Segments": [
        0,
        0,
        0,
        2.07,
        0
      ]
    },
    {
      "Target": "Parameter",
      "Id": "ParamUpperArmLFY",
      "Segments": [
        0,
        0,
        0,
        2.07,
        0
      ]
    },
    {
      "Target": "Parameter",
      "Id": "ParamLowerArmLFZ",
      "Segments": [
        0,
        0,
        0,
        2.07,
        0
      ]
    },
    {
      "Target": "Parameter",
      "Id": "ParamLowerArmLFY",
      "Segments": [
        0,
        0,
        0,
        2.07,
        0
      ]
    },
    {
      "Target": "Parameter",
      "Id": "ParamHandFZ",
      "Segments": [
        0,
        0,
        0,
        2.07,
        0
      ]
    },
    {
      "Target": "Parameter",
      "Id": "ParamHandF11",
      "Segments": [
        0,
        0,
        0,
        2.07,
        0
      ]
    },
    {
      "Target": "Parameter",
      "Id": "ParamHandF12",
      "Segments": [
        0,
        0,
        0,
        2.07,
        0
      ]
    },
    {
      "Target": "Parameter",
      "Id": "ParamHandF21",
      "Segments": [
        0,
        0,
        0,
        2.07,
        0
      ]
    },
    {
      "Target": "Parameter",
      "Id": "ParamHandF22",
      "Segments": [
        0,
        0,
        0,
        2.07,
        0
      ]
    },
    {
      "Target": "Parameter",
      "Id": "ParamHandF31",
      "Segments": [
        0,
        0,
        0,
        2.07,
        0
      ]
    },
    {
      "Target": "Parameter",
      "Id": "ParamHandF32",
      "Segments": [
        0,
        0,
        0,
        2.07,
        0
      ]
    },
    {
      "Target": "Parameter",
      "Id": "ParamHandF41",
      "Segments": [
        0,
        0,
        0,
        2.07,
        0
      ]
    },
    {
      "Target": "Parameter",
      "Id": "ParamHandF42",
      "Segments": [
        0,
        0,
        0,
        2.07,
        0
      ]
    },
    {
      "Target": "Parameter",
      "Id": "ParamDownUpperArmLOn",
      "Segments": [
        0,
        1,
        0,
        2.07,
        1
      ]
    },
    {
      "Target": "Parameter",
      "Id": "ParamDownUpperArmLY",
      "Segments": [
        0,
        0,
        0,
        2.07,
        0
      ]
    },
    {
      "Target": "Parameter",
      "Id": "ParamDownLowerArmLY",
      "Segments": [
        0,
        0,
        0,
        2.07,
        0
      ]
    },
    {
      "Target": "Parameter",
      "Id": "ParamArmRY",
      "Segments": [
        0,
        0,
        0,
        2.07,
        0
      ]
    },
    {
      "Target": "Parameter",
      "Id": "ParamArmR1Y",
      "Segments": [
        0,
        0,
        0,
        2.07,
        0
      ]
    },
    {
      "Target": "Parameter",
      "Id": "ParamMicrophoneZ2",
      "Segments": [
        0,
        0,
        0,
        2.07,
        0
      ]
    },
    {
      "Target": "Parameter",
      "Id": "ParamLineZ",
      "Segments": [
        0,
        0,
        0,
        2.07,
        0
      ]
    },
    {
      "Target": "Parameter",
      "Id": "ParamLineZ2",
      "Segments": [
        0,
        0,
        0,
        2.07,
        0
      ]
    },
    {
      "Target": "Parameter",
      "Id": "ParamMicrophoneYYOff",
      "Segments": [
        0,
        0,
        0,
        2.07,
        0
      ]
    },
    {
      "Target": "Parameter",
      "Id": "ParamMicrophoneYYZ",
      "Segments": [
        0,
        0,
        0,
        2.07,
        0
      ]
    },
    {
      "Target": "Parameter",
      "Id": "ParamMicrophoneGOff",
      "Segments": [
        0,
        0,
        0,
        2.07,
        0
      ]
    },
    {
      "Target": "Parameter",
      "Id": "ParamMicrophoneSOn",
      "Segments": [
        0,
        0,
        0,
        2.07,
        0
      ]
    },
    {
      "Target": "Parameter",
      "Id": "ParamFootR",
      "Segments": [
        0,
        0,
        0,
        2.07,
        0
      ]
    },
    {
      "Target": "Parameter",
      "Id": "ParamRArmRibbonFit",
      "Segments": [
        0,
        0,
        0,
        2.07,
        0
      ]
    },
    {
      "Target": "Parameter",
      "Id": "ParamLHandRibbon21",
      "Segments": [
        0,
        0,
        0,
        2.07,
        0
      ]
    },
    {
      "Target": "Parameter",
      "Id": "ParamLHandRibbon22",
      "Segments": [
        0,
        0,
        0,
        2.07,
        0
      ]
    },
    {
      "Target": "Parameter",
      "Id": "ParamLHandRibbon23",
      "Segments": [
        0,
        0,
        0,
        2.07,
        0
      ]
    },
    {
      "Target": "Parameter",
      "Id": "ParamLHandRibbon24",
      "Segments": [
        0,
        0,
        0,
        2.07,
        0
      ]
    },
    {
      "Target": "Parameter",
      "Id": "ParamLHandRibbon31",
      "Segments": [
        0,
        0,
        0,
        2.07,
        0
      ]
    },
    {
      "Target": "Parameter",
      "Id": "ParamLHandRibbon32",
      "Segments": [
        0,
        0,
        0,
        2.07,
        0
      ]
    },
    {
      "Target": "Parameter",
      "Id": "ParamLHandRibbon33",
      "Segments": [
        0,
        0,
        0,
        2.07,
        0
      ]
    },
    {
      "Target": "Parameter",
      "Id": "ParamLHandRibbon34",
      "Segments": [
        0,
        0,
        0,
        2.07,
        0
      ]
    },
    {
      "Target": "Parameter",
      "Id": "ParamLHandRibbon35",
      "Segments": [
        0,
        0,
        0,
        2.07,
        0
      ]
    },
    {
      "Target": "Parameter",
      "Id": "ParamLHandRibbon36",
      "Segments": [
        0,
        0,
        0,
        2.07,
        0
      ]
    },
    {
      "Target": "Parameter",
      "Id": "ParamLHandRibbon37",
      "Segments": [
        0,
        0,
        0,
        2.07,
        0
      ]
    },
    {
      "Target": "Parameter",
      "Id": "ParamLHandRibbon38",
      "Segments": [
        0,
        0,
        0,
        2.07,
        0
      ]
    }
  ],
  "UserData": [
    {
      "Time": 0.0,
      "Value": ""
    },
    {
      "Time": 0.07,
      "Value": "characterVoice_141_1"
    }
  ]
}