{
  "Version": 3,
  "Meta": {
    "Duration": 7.967,
    "Fps": 30.0,
    "Loop": true,
    "AreBeziersRestricted": true,
    "CurveCount": 158,
    "TotalSegmentCount": 986,
    "TotalPointCount": 1192,
    "UserDataCount": 1,
    "TotalUserDataSize": 0
  },
  "Curves": [
    {
      "Target": "Parameter",
      "Id": "ParamAngleX",
      "Segments": [
        0,
        30,
        0,
        1,
        21.898,
        0,
        2,
        30,
        0,
        3,
        21.898,
        0,
        4,
        30,
        0,
        5,
        21.898,
        0,
        6,
        30,
        0,
        7,
        21.898,
        0,
        7.967,
        30
      ]
    },
    {
      "Target": "Parameter",
      "Id": "ParamAngleY",
      "Segments": [
        0,
        -14.291,
        1,
        0.089,
        -12.714,
        0.178,
        -6.869,
        0.267,
        -7.949,
        0,
        0.767,
        -19.487,
        0,
        1.267,
        -7.949,
        0,
        1.767,
        -19.487,
        0,
        2.267,
        -7.949,
        0,
        2.767,
        -19.487,
        0,
        3.267,
        -7.949,
        0,
        3.767,
        -19.487,
        0,
        4.267,
        -7.949,
        0,
        4.767,
        -19.487,
        0,
        5.267,
        -7.949,
        0,
        5.767,
        -19.487,
        0,
        6.267,
        -7.949,
        0,
        6.767,
        -19.487,
        0,
        7.267,
        -7.949,
        0,
        7.767,
        -19.487,
        0,
        7.967,
        -14.291
      ]
    },
    {
      "Target": "Parameter",
      "Id": "ParamAngleZ",
      "Segments": [
        0,
        4.601,
        0,
        1,
        -18.051,
        0,
        2,
        4.601,
        0,
        3,
        -18.051,
        0,
        4,
        4.601,
        0,
        5,
        -18.051,
        0,
        6,
        4.601,
        0,
        7,
        -18.051,
        0,
        7.967,
        4.601
      ]
    },
    {
      "Target": "Parameter",
      "Id": "ParamEyeLOpen",
      "Segments": [
        0,
        1,
        2,
        1.533,
        1,
        0,
        1.667,
        0,
        0,
        1.867,
        1,
        2,
        5.2,
        1,
        0,
        5.333,
        0,
        0,
        5.533,
        1,
        2,
        7.967,
        1
      ]
    },
    {
      "Target": "Parameter",
      "Id": "ParamEyeROpen",
      "Segments": [
        0,
        1,
        2,
        1.533,
        1,
        0,
        1.667,
        0,
        0,
        1.867,
        1,
        2,
        5.2,
        1,
        0,
        5.333,
        0,
        0,
        5.533,
        1,
        2,
        7.967,
        1
      ]
    },
    {
      "Target": "Parameter",
      "Id": "ParamEyeSmile",
      "Segments": [
        0,
        1,
        2,
        1.467,
        1,
        0,
        1.633,
        0,
        0,
        1.867,
        1,
        2,
        5.133,
        1,
        0,
        5.3,
        0,
        0,
        5.533,
        1,
        2,
        7.967,
        1
      ]
    },
    {
      "Target": "Parameter",
      "Id": "ParamEyeBallX",
      "Segments": [
        0,
        -0.72,
        0,
        1,
        -0.698,
        0,
        2,
        -0.722,
        0,
        3,
        -0.698,
        0,
        4,
        -0.722,
        0,
        5,
        -0.698,
        0,
        6,
        -0.722,
        0,
        7,
        -0.698,
        0,
        7.967,
        -0.72
      ]
    },
    {
      "Target": "Parameter",
      "Id": "ParamEyeBallY",
      "Segments": [
        0,
        0.317,
        1,
        0.089,
        0.254,
        0.178,
        0.021,
        0.267,
        0.064,
        0,
        0.767,
        0.525,
        0,
        1.267,
        0.064,
        0,
        1.767,
        0.525,
        0,
        2.267,
        0.064,
        0,
        2.767,
        0.525,
        0,
        3.267,
        0.064,
        0,
        3.767,
        0.525,
        0,
        4.267,
        0.064,
        0,
        4.767,
        0.525,
        0,
        5.267,
        0.064,
        0,
        5.767,
        0.525,
        0,
        6.267,
        0.064,
        0,
        6.767,
        0.525,
        0,
        7.267,
        0.064,
        0,
        7.767,
        0.525,
        0,
        7.967,
        0.317
      ]
    },
    {
      "Target": "Parameter",
      "Id": "ParamBodyAngleX",
      "Segments": [
        0,
        -7.919,
        1,
        0.233,
        -5.002,
        0.467,
        -1.026,
        0.7,
        -0.976,
        0,
        1.7,
        -9.829,
        0,
        2.7,
        -0.976,
        0,
        3.7,
        -9.829,
        0,
        4.7,
        -0.976,
        0,
        5.7,
        -9.829,
        0,
        6.7,
        -0.976,
        0,
        7.7,
        -9.829,
        0,
        7.967,
        -7.919
      ]
    },
    {
      "Target": "Parameter",
      "Id": "ParamBodyAngleY",
      "Segments": [
        0,
        2.22,
        1,
        0.089,
        3.392,
        0.178,
        4.274,
        0.267,
        4.276,
        0,
        0.767,
        0.535,
        0,
        1.267,
        4.276,
        0,
        1.767,
        0.535,
        0,
        2.267,
        4.276,
        0,
        2.767,
        0.535,
        0,
        3.267,
        4.276,
        0,
        3.767,
        0.535,
        0,
        4.267,
        4.276,
        0,
        4.767,
        0.535,
        0,
        5.267,
        4.276,
        0,
        5.767,
        0.535,
        0,
        6.267,
        4.276,
        0,
        6.767,
        0.535,
        0,
        7.267,
        4.276,
        0,
        7.767,
        0.535,
        0,
        7.967,
        2.22
      ]
    },
    {
      "Target": "Parameter",
      "Id": "ParamBodyAngleZ",
      "Segments": [
        0,
        1.909,
        0,
        1,
        10,
        0,
        2,
        1.909,
        0,
        3,
        10,
        0,
        4,
        1.909,
        0,
        5,
        10,
        0,
        6,
        1.909,
        0,
        7,
        10,
        0,
        7.967,
        1.909
      ]
    },
    {
      "Target": "Parameter",
      "Id": "ParamYAOZ",
      "Segments": [
        0,
        1.328,
        1,
        0.089,
        0.097,
        0.178,
        -0.427,
        0.267,
        -0.516,
        0,
        1.267,
        10,
        0,
        2.267,
        -0.516,
        0,
        3.267,
        10,
        0,
        4.267,
        -0.516,
        0,
        5.267,
        10,
        0,
        6.267,
        -0.516,
        0,
        7.267,
        10,
        0,
        7.967,
        1.328
      ]
    },
    {
      "Target": "Parameter",
      "Id": "ParamZTM",
      "Segments": [
        0,
        3.309,
        1,
        0.133,
        6.994,
        0.267,
        7.816,
        0.4,
        5.82,
        1,
        0.567,
        5.82,
        0.733,
        -12.041,
        0.9,
        -18.36,
        1,
        1.067,
        -24.679,
        1.233,
        -24.66,
        1.4,
        -24.66,
        1,
        1.567,
        -24.66,
        1.733,
        -5.925,
        1.9,
        0,
        1,
        2.067,
        6.41,
        2.233,
        8.313,
        2.4,
        5.82,
        1,
        2.567,
        5.82,
        2.733,
        -12.041,
        2.9,
        -18.36,
        1,
        3.067,
        -24.679,
        3.233,
        -24.66,
        3.4,
        -24.66,
        1,
        3.567,
        -24.66,
        3.733,
        -5.925,
        3.9,
        0,
        1,
        4.067,
        6.41,
        4.233,
        8.313,
        4.4,
        5.82,
        1,
        4.567,
        5.82,
        4.733,
        -12.041,
        4.9,
        -18.36,
        1,
        5.067,
        -24.679,
        5.233,
        -24.66,
        5.4,
        -24.66,
        1,
        5.567,
        -24.66,
        5.733,
        -5.925,
        5.9,
        0,
        1,
        6.067,
        6.41,
        6.233,
        8.313,
        6.4,
        5.82,
        1,
        6.567,
        5.82,
        6.733,
        -12.041,
        6.9,
        -18.36,
        1,
        7.067,
        -24.679,
        7.233,
        -24.66,
        7.4,
        -24.66,
        0,
        7.967,
        3.309
      ]
    },
    {
      "Target": "Parameter",
      "Id": "ParamYTM",
      "Segments": [
        0,
        8.89,
        1,
        0.089,
        11.164,
        0.178,
        11.873,
        0.267,
        10,
        1,
        0.434,
        10,
        0.6,
        3.113,
        0.767,
        -6,
        1,
        0.934,
        -15.113,
        1.1,
        -18,
        1.267,
        -18,
        1,
        1.6,
        -17.385,
        1.934,
        17.026,
        2.267,
        10,
        1,
        2.434,
        10,
        2.6,
        3.113,
        2.767,
        -6,
        1,
        2.934,
        -15.113,
        3.1,
        -18,
        3.267,
        -18,
        1,
        3.6,
        -17.385,
        3.934,
        17.026,
        4.267,
        10,
        1,
        4.434,
        10,
        4.6,
        3.113,
        4.767,
        -6,
        1,
        4.934,
        -15.113,
        5.1,
        -18,
        5.267,
        -18,
        1,
        5.6,
        -17.385,
        5.934,
        17.026,
        6.267,
        10,
        1,
        6.434,
        10,
        6.6,
        3.113,
        6.767,
        -6,
        1,
        6.934,
        -15.113,
        7.1,
        -18,
        7.267,
        -18,
        0,
        7.967,
        8.89
      ]
    },
    {
      "Target": "Parameter",
      "Id": "ParamZTX",
      "Segments": [
        0,
        0,
        0,
        1,
        30,
        0,
        2,
        0,
        0,
        3,
        30,
        0,
        4,
        0,
        0,
        5,
        30,
        0,
        6,
        0,
        0,
        7,
        30,
        0,
        7.967,
        0
      ]
    },
    {
      "Target": "Parameter",
      "Id": "ParamZTX2",
      "Segments": [
        0,
        -1.259,
        1,
        0.089,
        -0.438,
        0.178,
        0.342,
        0.267,
        0,
        0,
        1.267,
        -7.179,
        0,
        2.267,
        0,
        0,
        3.267,
        -7.179,
        0,
        4.267,
        0,
        0,
        5.267,
        -7.179,
        0,
        6.267,
        0,
        0,
        7.267,
        -7.179,
        0,
        7.967,
        -1.259
      ]
    },
    {
      "Target": "Parameter",
      "Id": "ParamZTY",
      "Segments": [
        0,
        0,
        0,
        0.5,
        -8.04,
        0,
        1,
        0,
        0,
        1.5,
        -8.04,
        0,
        2,
        0,
        0,
        2.5,
        -8.04,
        0,
        3,
        0,
        0,
        3.5,
        -8.04,
        0,
        4,
        0,
        0,
        4.5,
        -8.04,
        0,
        5,
        0,
        0,
        5.5,
        -8.04,
        0,
        6,
        0,
        0,
        6.5,
        -8.04,
        0,
        7,
        0,
        0,
        7.5,
        -8.04,
        0,
        7.967,
        0
      ]
    },
    {
      "Target": "Parameter",
      "Id": "ParamZTZ",
      "Segments": [
        0,
        0,
        0,
        1,
        -4.359,
        0,
        2,
        0,
        0,
        3,
        -4.359,
        0,
        4,
        0,
        0,
        5,
        -4.359,
        1,
        5.333,
        -4.359,
        5.667,
        -0.77,
        6,
        0,
        0,
        7,
        -4.359,
        0,
        7.967,
        0
      ]
    },
    {
      "Target": "Parameter",
      "Id": "ParamBDX",
      "Segments": [
        0,
        5.728,
        0,
        1,
        -12.222,
        0,
        2,
        5.728,
        0,
        3,
        -12.222,
        0,
        4,
        5.728,
        0,
        5,
        -12.222,
        0,
        6,
        5.728,
        0,
        7,
        -12.222,
        0,
        7.967,
        5.728
      ]
    },
    {
      "Target": "Parameter",
      "Id": "ParamArmL",
      "Segments": [
        0,
        -0.909,
        0,
        0.167,
        -0.267,
        0,
        0.667,
        -4.949,
        0,
        1.167,
        -0.267,
        0,
        1.667,
        -4.949,
        0,
        2.167,
        -0.267,
        0,
        2.667,
        -4.949,
        0,
        3.167,
        -0.267,
        0,
        3.667,
        -4.949,
        0,
        4.167,
        -0.267,
        0,
        4.667,
        -4.949,
        0,
        5.167,
        -0.267,
        0,
        5.667,
        -4.949,
        0,
        6.167,
        -0.267,
        0,
        6.667,
        -4.949,
        0,
        7.167,
        -0.267,
        0,
        7.667,
        -4.949,
        0,
        7.967,
        -0.909
      ]
    },
    {
      "Target": "Parameter",
      "Id": "ParamArmL1",
      "Segments": [
        0,
        -5.402,
        0,
        0.333,
        -20.769,
        0,
        0.833,
        0,
        0,
        1.4,
        -20.769,
        0,
        1.9,
        0,
        0,
        2.4,
        -20.769,
        0,
        2.933,
        0,
        0,
        3.433,
        -20.769,
        0,
        3.933,
        0,
        0,
        4.367,
        -20.769,
        0,
        4.867,
        0,
        0,
        5.367,
        -20.769,
        0,
        5.867,
        0,
        0,
        6.367,
        -20.769,
        0,
        6.833,
        0,
        0,
        7.333,
        -20.769,
        0,
        7.833,
        0,
        0,
        7.967,
        -5.402
      ]
    },
    {
      "Target": "Parameter",
      "Id": "ParamHandL",
      "Segments": [
        0,
        -3.908,
        1,
        0.111,
        -4.182,
        0.222,
        -4.64,
        0.333,
        -4.667,
        0,
        0.767,
        -3.641,
        0,
        1.267,
        -4.667,
        0,
        1.767,
        -3.641,
        0,
        2.267,
        -4.667,
        0,
        2.767,
        -3.641,
        0,
        3.267,
        -4.667,
        0,
        3.767,
        -3.641,
        0,
        4.267,
        -4.667,
        0,
        4.767,
        -3.641,
        0,
        5.267,
        -4.667,
        0,
        5.767,
        -3.641,
        0,
        6.333,
        -4.667,
        0,
        6.833,
        -3.641,
        0,
        7.333,
        -4.667,
        0,
        7.833,
        -3.641,
        0,
        7.967,
        -3.908
      ]
    },
    {
      "Target": "Parameter",
      "Id": "ParamZXZK",
      "Segments": [
        0,
        12.448,
        1,
        0.111,
        8.28,
        0.222,
        6.667,
        0.333,
        5.728,
        0,
        1.333,
        30,
        0,
        2.333,
        5.728,
        0,
        3.333,
        30,
        0,
        4.333,
        5.728,
        0,
        5.333,
        30,
        0,
        6.333,
        5.728,
        0,
        7.333,
        30,
        0,
        7.967,
        12.448
      ]
    },
    {
      "Target": "Parameter",
      "Id": "ParamZXZX",
      "Segments": [
        0,
        -14.754,
        0,
        0.5,
        -4.556,
        0,
        1,
        -14.754,
        0,
        1.5,
        -4.556,
        0,
        2,
        -14.754,
        0,
        2.533,
        -4.556,
        0,
        3,
        -14.754,
        0,
        3.5,
        -4.556,
        0,
        3.967,
        -14.754,
        0,
        4.467,
        -4.556,
        0,
        4.967,
        -14.754,
        0,
        5.467,
        -4.556,
        0,
        5.967,
        -14.754,
        0,
        6.5,
        -4.556,
        0,
        7,
        -14.754,
        0,
        7.5,
        -4.556,
        0,
        7.967,
        -14.754
      ]
    },
    {
      "Target": "Parameter",
      "Id": "ParamZXZY",
      "Segments": [
        0,
        -3.606,
        1,
        0.056,
        -5.722,
        0.111,
        -8.519,
        0.167,
        -8.569,
        0,
        0.667,
        8.297,
        0,
        1.167,
        -8.569,
        0,
        1.667,
        8.297,
        0,
        2.167,
        -8.569,
        0,
        2.7,
        8.297,
        0,
        3.167,
        -8.569,
        0,
        3.667,
        8.297,
        0,
        4.133,
        -8.569,
        0,
        4.633,
        8.297,
        0,
        5.133,
        -8.569,
        0,
        5.633,
        8.297,
        0,
        6.133,
        -8.569,
        0,
        6.667,
        8.297,
        0,
        7.167,
        -8.569,
        0,
        7.667,
        8.297,
        0,
        7.967,
        -3.606
      ]
    },
    {
      "Target": "Parameter",
      "Id": "ParamXZD3",
      "Segments": [
        0,
        -14.754,
        0,
        0.5,
        -4.556,
        0,
        1,
        -14.754,
        0,
        1.5,
        -4.556,
        0,
        2,
        -14.754,
        0,
        2.533,
        -4.556,
        0,
        3,
        -14.754,
        0,
        3.5,
        -4.556,
        0,
        3.967,
        -14.754,
        0,
        4.467,
        -4.556,
        0,
        4.967,
        -14.754,
        0,
        5.467,
        -4.556,
        0,
        5.967,
        -14.754,
        0,
        6.5,
        -4.556,
        0,
        7,
        -14.754,
        0,
        7.5,
        -4.556,
        0,
        7.967,
        -14.754
      ]
    },
    {
      "Target": "Parameter",
      "Id": "ParamXZD4",
      "Segments": [
        0,
        9.666,
        1,
        0.089,
        -3.032,
        0.178,
        -14.444,
        0.267,
        -14.754,
        0,
        0.767,
        25.444,
        0,
        1.267,
        -14.754,
        0,
        1.767,
        25.444,
        0,
        2.267,
        -14.754,
        0,
        2.8,
        25.444,
        0,
        3.267,
        -14.754,
        0,
        3.767,
        25.444,
        0,
        4.233,
        -14.754,
        0,
        4.733,
        25.444,
        0,
        5.233,
        -14.754,
        0,
        5.733,
        25.444,
        0,
        6.233,
        -14.754,
        0,
        6.767,
        25.444,
        0,
        7.267,
        -14.754,
        0,
        7.767,
        25.444,
        0,
        7.967,
        9.666
      ]
    },
    {
      "Target": "Parameter",
      "Id": "ParamArmR",
      "Segments": [
        0,
        -2.023,
        0,
        0.167,
        -1.356,
        0,
        0.667,
        -6.231,
        0,
        1.1,
        -1.356,
        0,
        1.6,
        -6.231,
        0,
        2.1,
        -1.356,
        0,
        2.6,
        -6.231,
        0,
        3.1,
        -1.356,
        0,
        3.6,
        -6.231,
        0,
        4.1,
        -1.356,
        0,
        4.6,
        -6.231,
        0,
        5.1,
        -1.356,
        0,
        5.667,
        -6.231,
        0,
        6.167,
        -1.356,
        0,
        6.667,
        -6.231,
        0,
        7.167,
        -1.356,
        0,
        7.667,
        -6.231,
        0,
        7.967,
        -2.023
      ]
    },
    {
      "Target": "Parameter",
      "Id": "ParamArmR1",
      "Segments": [
        0,
        -17.152,
        1,
        0.111,
        -11.33,
        0.222,
        -1.585,
        0.333,
        -1.026,
        0,
        0.833,
        -22.821,
        0,
        1.333,
        -1.026,
        0,
        1.833,
        -22.821,
        0,
        2.4,
        -1.026,
        0,
        2.9,
        -22.821,
        0,
        3.4,
        -1.026,
        0,
        3.9,
        -22.821,
        0,
        4.4,
        -1.026,
        0,
        4.9,
        -22.821,
        0,
        5.4,
        -1.026,
        0,
        5.9,
        -22.821,
        0,
        6.333,
        -1.026,
        0,
        6.833,
        -22.821,
        0,
        7.333,
        -1.026,
        0,
        7.833,
        -22.821,
        0,
        7.967,
        -17.152
      ]
    },
    {
      "Target": "Parameter",
      "Id": "ParamHandR",
      "Segments": [
        0,
        -0.436,
        1,
        0.122,
        -1.189,
        0.245,
        -2.261,
        0.367,
        -2.333,
        0,
        0.867,
        0.231,
        0,
        1.367,
        -2.333,
        0,
        1.867,
        0.231,
        0,
        2.367,
        -2.333,
        0,
        2.867,
        0.231,
        0,
        3.367,
        -2.333,
        0,
        3.867,
        0.231,
        0,
        4.367,
        -2.333,
        0,
        4.867,
        0.231,
        0,
        5.367,
        -2.333,
        0,
        5.867,
        0.231,
        0,
        6.367,
        -2.333,
        0,
        6.867,
        0.231,
        0,
        7.367,
        -2.333,
        0,
        7.833,
        0.231,
        0,
        7.967,
        -0.436
      ]
    },
    {
      "Target": "Parameter",
      "Id": "ParamYXZKH",
      "Segments": [
        0,
        9.079,
        1,
        0.111,
        17.567,
        0.222,
        20.853,
        0.333,
        22.765,
        0,
        1.333,
        -26.667,
        0,
        2.333,
        22.765,
        0,
        3.333,
        -26.667,
        0,
        4.333,
        22.765,
        0,
        5.333,
        -26.667,
        0,
        6.333,
        22.765,
        0,
        7.333,
        -26.667,
        0,
        7.967,
        9.079
      ]
    },
    {
      "Target": "Parameter",
      "Id": "ParamYXZX",
      "Segments": [
        0,
        16.246,
        0,
        0.5,
        0.148,
        0,
        1,
        16.246,
        0,
        1.5,
        0.148,
        0,
        2,
        16.246,
        0,
        2.533,
        0.148,
        0,
        3,
        16.246,
        0,
        3.5,
        0.148,
        0,
        3.967,
        16.246,
        0,
        4.467,
        0.148,
        0,
        4.967,
        16.246,
        0,
        5.467,
        0.148,
        0,
        5.967,
        16.246,
        0,
        6.5,
        0.148,
        0,
        7,
        16.246,
        0,
        7.5,
        0.148,
        0,
        7.967,
        16.246
      ]
    },
    {
      "Target": "Parameter",
      "Id": "ParamYXZY",
      "Segments": [
        0,
        5.432,
        1,
        0.056,
        6.568,
        0.111,
        8.071,
        0.167,
        8.098,
        0,
        0.667,
        -0.962,
        0,
        1.167,
        8.098,
        0,
        1.667,
        -0.962,
        0,
        2.167,
        8.098,
        0,
        2.7,
        -0.962,
        0,
        3.167,
        8.098,
        0,
        3.667,
        -0.962,
        0,
        4.133,
        8.098,
        0,
        4.633,
        -0.962,
        0,
        5.133,
        8.098,
        0,
        5.633,
        -0.962,
        0,
        6.133,
        8.098,
        0,
        6.667,
        -0.962,
        0,
        7.167,
        8.098,
        0,
        7.667,
        -0.962,
        0,
        7.967,
        5.432
      ]
    },
    {
      "Target": "Parameter",
      "Id": "ParamXZD",
      "Segments": [
        0,
        24.876,
        0,
        0.5,
        0.259,
        0,
        1,
        24.876,
        0,
        1.5,
        0.259,
        0,
        2,
        24.876,
        0,
        2.533,
        0.259,
        0,
        3,
        24.876,
        0,
        3.5,
        0.259,
        0,
        3.967,
        24.876,
        0,
        4.467,
        0.259,
        0,
        4.967,
        24.876,
        0,
        5.467,
        0.259,
        0,
        5.967,
        24.876,
        0,
        6.5,
        0.259,
        0,
        7,
        24.876,
        0,
        7.5,
        0.259,
        0,
        7.967,
        24.876
      ]
    },
    {
      "Target": "Parameter",
      "Id": "ParamXZD2",
      "Segments": [
        0,
        1.624,
        1,
        0.089,
        12.559,
        0.178,
        22.387,
        0.267,
        22.653,
        0,
        0.767,
        -11.963,
        0,
        1.267,
        22.653,
        0,
        1.767,
        -11.963,
        0,
        2.267,
        22.653,
        0,
        2.8,
        -11.963,
        0,
        3.267,
        22.653,
        0,
        3.767,
        -11.963,
        0,
        4.233,
        22.653,
        0,
        4.733,
        -11.963,
        0,
        5.233,
        22.653,
        0,
        5.733,
        -11.963,
        0,
        6.233,
        22.653,
        0,
        6.767,
        -11.963,
        0,
        7.267,
        22.653,
        0,
        7.767,
        -11.963,
        0,
        7.967,
        1.624
      ]
    },
    {
      "Target": "Parameter",
      "Id": "ParamLegL",
      "Segments": [
        0,
        17,
        0,
        1,
        -5.54,
        0,
        2,
        17,
        0,
        3,
        -5.54,
        0,
        4,
        17,
        0,
        5,
        -5.54,
        0,
        6,
        17,
        0,
        7,
        -5.54,
        0,
        7.967,
        17
      ]
    },
    {
      "Target": "Parameter",
      "Id": "ParamLegLY",
      "Segments": [
        0,
        0,
        0,
        0.5,
        12.127,
        0,
        1,
        0,
        0,
        1.5,
        12.127,
        0,
        2,
        0,
        0,
        2.5,
        12.127,
        0,
        3,
        0,
        0,
        3.5,
        12.127,
        0,
        4,
        0,
        0,
        4.5,
        12.127,
        0,
        5,
        0,
        0,
        5.5,
        12.127,
        0,
        6,
        0,
        0,
        6.5,
        12.127,
        0,
        7,
        0,
        0,
        7.5,
        12.127,
        0,
        7.967,
        0
      ]
    },
    {
      "Target": "Parameter",
      "Id": "ParamLegL1",
      "Segments": [
        0,
        0,
        0,
        1,
        10.74,
        0,
        2,
        0,
        0,
        3,
        10.74,
        0,
        4,
        0,
        0,
        5,
        10.74,
        0,
        6,
        0,
        0,
        7,
        10.74,
        0,
        7.967,
        0
      ]
    },
    {
      "Target": "Parameter",
      "Id": "ParamFootL",
      "Segments": [
        0,
        -18.127,
        0,
        0.5,
        -12.718,
        0,
        1,
        -18.127,
        0,
        1.5,
        -12.718,
        0,
        2,
        -18.127,
        0,
        2.5,
        -12.718,
        0,
        3,
        -18.127,
        0,
        3.5,
        -12.718,
        0,
        4,
        -18.127,
        0,
        4.5,
        -12.718,
        0,
        5,
        -18.127,
        0,
        5.5,
        -12.718,
        0,
        6,
        -18.127,
        0,
        6.5,
        -12.718,
        0,
        7,
        -18.127,
        0,
        7.5,
        -12.718,
        0,
        7.967,
        -18.127
      ]
    },
    {
      "Target": "Parameter",
      "Id": "ParamLegR",
      "Segments": [
        0,
        30,
        0,
        1,
        11.88,
        0,
        2,
        30,
        0,
        3,
        11.88,
        0,
        4,
        30,
        0,
        5,
        11.88,
        0,
        6,
        30,
        0,
        7,
        11.88,
        0,
        7.967,
        30
      ]
    },
    {
      "Target": "Parameter",
      "Id": "ParamLegRY",
      "Segments": [
        0,
        8.04,
        0,
        0.5,
        20.718,
        0,
        1,
        8.04,
        0,
        1.5,
        20.718,
        0,
        2,
        8.04,
        0,
        2.5,
        20.718,
        0,
        3,
        8.04,
        0,
        3.5,
        20.718,
        0,
        4,
        8.04,
        0,
        4.5,
        20.718,
        0,
        5,
        8.04,
        0,
        5.5,
        20.718,
        0,
        6,
        8.04,
        0,
        6.5,
        20.718,
        0,
        7,
        8.04,
        0,
        7.5,
        20.718,
        0,
        7.967,
        8.04
      ]
    },
    {
      "Target": "Parameter",
      "Id": "ParamLegR1",
      "Segments": [
        0,
        -21.54,
        0,
        1,
        -16.36,
        0,
        2,
        -21.54,
        0,
        3,
        -16.36,
        0,
        4,
        -21.54,
        0,
        5,
        -16.36,
        0,
        6,
        -21.54,
        0,
        7,
        -16.36,
        0,
        7.967,
        -21.54
      ]
    },
    {
      "Target": "Parameter",
      "Id": "ParamFootR",
      "Segments": [
        0,
        14,
        0,
        0.5,
        18.82,
        0,
        1,
        14,
        0,
        1.5,
        18.82,
        0,
        2,
        14,
        0,
        2.5,
        18.82,
        0,
        3,
        14,
        0,
        3.5,
        18.82,
        0,
        4,
        14,
        0,
        4.5,
        18.82,
        0,
        5,
        14,
        0,
        5.5,
        18.82,
        0,
        6,
        14,
        0,
        6.5,
        18.82,
        0,
        7,
        14,
        0,
        7.5,
        18.82,
        0,
        7.967,
        14
      ]
    },
    {
      "Target": "Parameter",
      "Id": "ParamOpaishakeX",
      "Segments": [
        0,
        0.091,
        1,
        0.144,
        -0.58,
        0.289,
        -0.741,
        0.433,
        -0.758,
        0,
        1.567,
        0.839,
        0,
        2.567,
        -0.84,
        0,
        3.567,
        0.84,
        0,
        4.567,
        -0.84,
        0,
        5.567,
        0.84,
        0,
        6.567,
        -0.84,
        0,
        7.567,
        0.837,
        0,
        7.967,
        0.091
      ]
    },
    {
      "Target": "Parameter",
      "Id": "ParamOpaishakeY",
      "Segments": [
        0,
        -0.805,
        0,
        0.367,
        1,
        0,
        0.933,
        -1,
        0,
        1.433,
        1,
        0,
        1.933,
        -1,
        0,
        2.433,
        1,
        0,
        2.933,
        -1,
        0,
        3.433,
        1,
        0,
        3.933,
        -1,
        0,
        4.433,
        1,
        0,
        4.933,
        -1,
        0,
        5.433,
        1,
        0,
        5.933,
        -1,
        0,
        6.433,
        1,
        0,
        6.933,
        -1,
        0,
        7.433,
        1,
        0,
        7.9,
        -1,
        0,
        7.967,
        -0.805
      ]
    },
    {
      "Target": "Parameter",
      "Id": "ParamHairFront",
      "Segments": [
        0,
        0.686,
        1,
        0.133,
        0.686,
        0.267,
        0.538,
        0.4,
        0.338,
        1,
        0.6,
        0.037,
        0.8,
        -0.294,
        1,
        -0.303,
        0,
        2,
        0.686,
        0,
        3,
        -0.303,
        0,
        4,
        0.686,
        0,
        5,
        -0.303,
        0,
        6,
        0.686,
        0,
        7,
        -0.303,
        0,
        7.967,
        0.686
      ]
    },
    {
      "Target": "Parameter",
      "Id": "ParamHaiFrontY",
      "Segments": [
        0,
        0.237,
        0,
        0.4,
        0.82,
        1,
        0.733,
        0.821,
        1.067,
        -0.821,
        1.4,
        -0.837,
        0,
        2.4,
        0.82,
        0,
        3.4,
        -0.837,
        0,
        4.4,
        0.82,
        0,
        5.4,
        -0.837,
        0,
        6.4,
        0.82,
        0,
        7.4,
        -0.837,
        0,
        7.967,
        0.237
      ]
    },
    {
      "Target": "Parameter",
      "Id": "ParamHairFront2",
      "Segments": [
        0,
        0.98,
        0,
        0.067,
        1,
        1,
        0.4,
        1,
        0.734,
        -0.604,
        1.067,
        -0.621,
        0,
        2.067,
        1,
        0,
        3.067,
        -0.621,
        0,
        4.067,
        1,
        0,
        5.067,
        -0.621,
        0,
        6.067,
        1,
        0,
        7.067,
        -0.621,
        0,
        7.967,
        0.98
      ]
    },
    {
      "Target": "Parameter",
      "Id": "ParamHairFront2Y",
      "Segments": [
        0,
        -0.091,
        1,
        0.178,
        0.246,
        0.355,
        0.821,
        0.533,
        0.82,
        1,
        0.866,
        0.818,
        1.2,
        -0.821,
        1.533,
        -0.837,
        0,
        2.533,
        0.82,
        0,
        3.533,
        -0.837,
        0,
        4.533,
        0.82,
        0,
        5.533,
        -0.837,
        0,
        6.533,
        0.82,
        0,
        7.533,
        -0.837,
        0,
        7.967,
        -0.091
      ]
    },
    {
      "Target": "Parameter",
      "Id": "ParamHairFront3",
      "Segments": [
        0,
        0.799,
        1,
        0.078,
        0.949,
        0.155,
        1,
        0.233,
        1,
        1,
        0.566,
        1,
        0.9,
        -0.442,
        1.233,
        -0.458,
        0,
        2.233,
        1,
        0,
        3.233,
        -0.458,
        0,
        4.233,
        1,
        0,
        5.233,
        -0.458,
        0,
        6.233,
        1,
        0,
        7.233,
        -0.458,
        0,
        7.967,
        0.799
      ]
    },
    {
      "Target": "Parameter",
      "Id": "ParamHairFront3Y",
      "Segments": [
        0,
        0.074,
        1,
        0.156,
        0.276,
        0.311,
        0.812,
        0.467,
        0.82,
        1,
        0.8,
        0.821,
        1.134,
        -0.821,
        1.467,
        -0.837,
        0,
        2.467,
        0.82,
        0,
        3.467,
        -0.837,
        0,
        4.467,
        0.82,
        0,
        5.467,
        -0.837,
        0,
        6.467,
        0.82,
        0,
        7.467,
        -0.837,
        0,
        7.967,
        0.074
      ]
    },
    {
      "Target": "Parameter",
      "Id": "ParamHairSide",
      "Segments": [
        0,
        0.294,
        1,
        0.078,
        0.347,
        0.155,
        0.393,
        0.233,
        0.394,
        1,
        0.566,
        0.395,
        0.9,
        -0.326,
        1.233,
        -0.333,
        0,
        2.233,
        0.394,
        0,
        3.233,
        -0.333,
        0,
        4.233,
        0.394,
        0,
        5.233,
        -0.333,
        0,
        6.233,
        0.394,
        0,
        7.233,
        -0.333,
        0,
        7.967,
        0.294
      ]
    },
    {
      "Target": "Parameter",
      "Id": "ParamHairFrontY",
      "Segments": [
        0,
        0.237,
        1,
        0.133,
        0.486,
        0.267,
        0.812,
        0.4,
        0.82,
        1,
        0.733,
        0.821,
        1.067,
        -0.821,
        1.4,
        -0.837,
        0,
        2.4,
        0.82,
        0,
        3.4,
        -0.837,
        0,
        4.4,
        0.82,
        0,
        5.4,
        -0.837,
        0,
        6.4,
        0.82,
        0,
        7.4,
        -0.837,
        0,
        7.967,
        0.237
      ]
    },
    {
      "Target": "Parameter",
      "Id": "ParamHairSide2",
      "Segments": [
        0,
        0.391,
        1,
        0.111,
        0.593,
        0.222,
        0.821,
        0.333,
        0.82,
        1,
        0.666,
        0.821,
        1,
        -0.821,
        1.333,
        -0.837,
        0,
        2.333,
        0.82,
        0,
        3.333,
        -0.837,
        0,
        4.333,
        0.82,
        0,
        5.333,
        -0.837,
        0,
        6.333,
        0.82,
        0,
        7.333,
        -0.837,
        0,
        7.967,
        0.391
      ]
    },
    {
      "Target": "Parameter",
      "Id": "ParamHairSide2y",
      "Segments": [
        0,
        -0.254,
        1,
        0.2,
        0.305,
        0.4,
        0.803,
        0.6,
        0.82,
        1,
        0.933,
        0.821,
        1.267,
        -0.821,
        1.6,
        -0.837,
        0,
        2.6,
        0.82,
        0,
        3.6,
        -0.837,
        0,
        4.6,
        0.82,
        0,
        5.6,
        -0.837,
        0,
        6.6,
        0.82,
        0,
        7.6,
        -0.837,
        0,
        7.967,
        -0.254
      ]
    },
    {
      "Target": "Parameter",
      "Id": "ParamHGX",
      "Segments": [
        0,
        0.774,
        1,
        0.3,
        0.51,
        0.6,
        -0.822,
        0.9,
        -0.837,
        0,
        1.9,
        0.82,
        0,
        2.9,
        -0.837,
        0,
        3.9,
        0.82,
        0,
        4.9,
        -0.837,
        0,
        5.9,
        0.82,
        0,
        6.9,
        -0.837,
        0,
        7.9,
        0.82,
        0,
        7.967,
        0.774
      ]
    },
    {
      "Target": "Parameter",
      "Id": "ParamHGY",
      "Segments": [
        0,
        0.445,
        0,
        0.3,
        0.802,
        1,
        0.633,
        0.803,
        0.967,
        -0.838,
        1.3,
        -0.854,
        0,
        2.3,
        0.802,
        0,
        3.3,
        -0.854,
        0,
        4.3,
        0.802,
        0,
        5.3,
        -0.854,
        0,
        6.3,
        0.802,
        0,
        7.3,
        -0.854,
        0,
        7.967,
        0.445
      ]
    },
    {
      "Target": "Parameter",
      "Id": "ParamFAS",
      "Segments": [
        0,
        0.074,
        0,
        0.5,
        0.841,
        1,
        0.667,
        0.841,
        0.833,
        -0.3,
        1,
        -0.308,
        0,
        1.5,
        1,
        0,
        2.033,
        -0.308,
        0,
        2.5,
        0.7,
        0,
        3,
        0.074,
        0,
        3.5,
        0.6,
        0,
        4,
        0.316,
        0,
        4.5,
        1,
        1,
        4.667,
        1,
        4.833,
        -0.193,
        5,
        -0.2,
        0,
        5.5,
        0.7,
        0,
        6,
        0,
        0,
        6.5,
        0.841,
        0,
        7,
        0.074,
        0,
        7.5,
        0.841,
        0,
        7.967,
        0.074
      ]
    },
    {
      "Target": "Parameter",
      "Id": "ParamFASY",
      "Segments": [
        0,
        0.05,
        1,
        0.078,
        -0.333,
        0.155,
        -0.547,
        0.233,
        -0.541,
        0,
        0.733,
        0.773,
        1,
        0.9,
        0.774,
        1.066,
        -0.529,
        1.233,
        -0.541,
        0,
        1.733,
        0.773,
        0,
        2.233,
        -0.541,
        0,
        2.733,
        0.773,
        0,
        3.233,
        -0.541,
        0,
        3.733,
        0.773,
        0,
        4.233,
        -0.541,
        0,
        4.733,
        0.773,
        1,
        4.9,
        0.774,
        5.066,
        -0.529,
        5.233,
        -0.541,
        0,
        5.733,
        0.773,
        0,
        6.233,
        -0.541,
        0,
        6.733,
        0.773,
        0,
        7.233,
        -0.541,
        0,
        7.733,
        0.773,
        0,
        7.967,
        0.05
      ]
    },
    {
      "Target": "Parameter",
      "Id": "ParamFAS2",
      "Segments": [
        0,
        0.074,
        0,
        0.5,
        0.841,
        1,
        0.667,
        0.842,
        0.833,
        0.081,
        1,
        0.074,
        0,
        1.5,
        0.841,
        0,
        2,
        0.074,
        0,
        2.5,
        0.841,
        0,
        3,
        0.074,
        0,
        3.5,
        0.841,
        0,
        4,
        0.074,
        0,
        4.5,
        0.841,
        1,
        4.667,
        0.842,
        4.833,
        0.081,
        5,
        0.074,
        0,
        5.5,
        0.841,
        0,
        6,
        0.074,
        0,
        6.5,
        0.841,
        0,
        7,
        0.074,
        0,
        7.5,
        0.841,
        0,
        7.967,
        0.074
      ]
    },
    {
      "Target": "Parameter",
      "Id": "ParamFAS2Y",
      "Segments": [
        0,
        0.828,
        1,
        0.289,
        0.828,
        0.578,
        -0.422,
        0.867,
        -0.436,
        0,
        1.467,
        0.641,
        0,
        2,
        0.06,
        0,
        2.633,
        0.436,
        0,
        3.233,
        -0.333,
        0,
        4,
        0.828,
        0,
        5,
        -0.828,
        0,
        6,
        0.828,
        0,
        7,
        -0.828,
        0,
        7.967,
        0.828
      ]
    },
    {
      "Target": "Parameter",
      "Id": "ParamBZY",
      "Segments": [
        0,
        1,
        1,
        0.167,
        1,
        0.333,
        -0.98,
        0.5,
        -1,
        0,
        1,
        1,
        0,
        1.5,
        -1,
        0,
        2,
        1,
        0,
        2.5,
        -1,
        0,
        3,
        1,
        0,
        3.5,
        -1,
        0,
        4,
        1,
        1,
        4.167,
        1,
        4.333,
        -0.98,
        4.5,
        -1,
        0,
        5,
        1,
        0,
        5.5,
        -1,
        0,
        6,
        1,
        0,
        6.5,
        -1,
        0,
        7,
        1,
        0,
        7.5,
        -1,
        0,
        7.967,
        1
      ]
    },
    {
      "Target": "Parameter",
      "Id": "ParamYMWX",
      "Segments": [
        0,
        3.521,
        0,
        0.6,
        -9.896,
        0,
        1.5,
        15.701,
        0,
        2.533,
        -9.896,
        0,
        3.5,
        15.701,
        0,
        4.533,
        -9.896,
        0,
        5.5,
        15.701,
        0,
        6.533,
        -9.896,
        0,
        7.5,
        15.701,
        0,
        7.967,
        3.521
      ]
    },
    {
      "Target": "Parameter",
      "Id": "ParamYMWX2",
      "Segments": [
        0,
        7.989,
        0,
        1.1,
        -3.077,
        0,
        2.067,
        8.592,
        0,
        3.1,
        -3.077,
        0,
        4.067,
        8.592,
        0,
        5.1,
        -3.077,
        0,
        6.067,
        8.592,
        0,
        7.1,
        -3.077,
        0,
        7.967,
        7.989
      ]
    },
    {
      "Target": "Parameter",
      "Id": "ParamYMWY",
      "Segments": [
        0,
        12.266,
        1,
        0.122,
        21.648,
        0.245,
        29.998,
        0.367,
        30,
        0,
        1.333,
        -30,
        0,
        2.367,
        30,
        1,
        2.689,
        29.999,
        3.011,
        -30,
        3.333,
        -30,
        0,
        4.367,
        30,
        0,
        5.333,
        -30,
        0,
        6.367,
        30,
        0,
        7.333,
        -30,
        0,
        7.967,
        12.266
      ]
    },
    {
      "Target": "Parameter",
      "Id": "ParamYMWY1",
      "Segments": [
        0,
        -12.995,
        0,
        0.167,
        -15.067,
        0,
        1.133,
        15.067,
        1,
        1.422,
        15.067,
        1.711,
        1.442,
        2,
        -12.995,
        1,
        2.056,
        -15.067,
        2.111,
        -15.067,
        2.167,
        -15.067,
        0,
        3.133,
        15.067,
        1,
        3.422,
        15.067,
        3.711,
        1.442,
        4,
        -12.995,
        1,
        4.056,
        -15.067,
        4.111,
        -15.067,
        4.167,
        -15.067,
        0,
        5.133,
        15.067,
        1,
        5.422,
        15.067,
        5.711,
        1.442,
        6,
        -12.995,
        1,
        6.056,
        -15.067,
        6.111,
        -15.067,
        6.167,
        -15.067,
        0,
        7.133,
        15.067,
        0,
        7.967,
        -12.995
      ]
    },
    {
      "Target": "Parameter",
      "Id": "ParamYMWY2",
      "Segments": [
        0,
        -7.772,
        0,
        0.333,
        -15.067,
        0,
        1.3,
        15.067,
        1,
        1.533,
        15.067,
        1.767,
        5.292,
        2,
        -7.772,
        1,
        2.111,
        -13.641,
        2.222,
        -15.067,
        2.333,
        -15.067,
        0,
        3.3,
        15.067,
        1,
        3.533,
        15.067,
        3.767,
        5.292,
        4,
        -7.772,
        1,
        4.111,
        -13.641,
        4.222,
        -15.067,
        4.333,
        -15.067,
        0,
        5.3,
        15.067,
        1,
        5.533,
        15.067,
        5.767,
        5.292,
        6,
        -7.772,
        1,
        6.111,
        -13.641,
        6.222,
        -15.067,
        6.333,
        -15.067,
        0,
        7.3,
        15.067,
        0,
        7.967,
        -7.772
      ]
    },
    {
      "Target": "Parameter",
      "Id": "ParamYMWK",
      "Segments": [
        0,
        0,
        0,
        0.533,
        -15.067,
        0,
        1.5,
        15.067,
        1,
        1.667,
        15.067,
        1.833,
        9.709,
        2,
        0,
        1,
        2.178,
        -10.356,
        2.355,
        -15.067,
        2.533,
        -15.067,
        0,
        3.5,
        15.067,
        1,
        3.667,
        15.067,
        3.833,
        9.709,
        4,
        0,
        1,
        4.178,
        -10.356,
        4.355,
        -15.067,
        4.533,
        -15.067,
        0,
        5.5,
        15.067,
        1,
        5.667,
        15.067,
        5.833,
        9.709,
        6,
        0,
        1,
        6.178,
        -10.356,
        6.355,
        -15.067,
        6.533,
        -15.067,
        0,
        7.5,
        15.067,
        0,
        7.967,
        0
      ]
    },
    {
      "Target": "Parameter",
      "Id": "ParamZMWX",
      "Segments": [
        0,
        8.289,
        0,
        0.833,
        -10.377,
        1,
        1.133,
        -10.377,
        1.433,
        11.154,
        1.733,
        11.521,
        0,
        2.767,
        -10.485,
        0,
        3.733,
        11.521,
        0,
        4.767,
        -10.485,
        0,
        5.733,
        11.521,
        0,
        6.767,
        -10.485,
        0,
        7.733,
        11.521,
        0,
        7.967,
        8.289
      ]
    },
    {
      "Target": "Parameter",
      "Id": "ParamZMWX2",
      "Segments": [
        0,
        7.988,
        0,
        1.167,
        -3.077,
        0,
        2.133,
        8.591,
        0,
        3.167,
        -3.077,
        0,
        4.133,
        8.591,
        0,
        5.167,
        -3.077,
        0,
        6.133,
        8.591,
        0,
        7.167,
        -3.077,
        0,
        7.967,
        7.988
      ]
    },
    {
      "Target": "Parameter",
      "Id": "ParamZMWY",
      "Segments": [
        0,
        8.107,
        1,
        0.122,
        14.502,
        0.245,
        20.256,
        0.367,
        20.258,
        1,
        0.689,
        20.258,
        1.011,
        -21.847,
        1.333,
        -21.848,
        0,
        2.367,
        20.258,
        1,
        2.689,
        20.257,
        3.011,
        -21.847,
        3.333,
        -21.848,
        0,
        4.367,
        20.258,
        1,
        4.689,
        20.257,
        5.011,
        -21.847,
        5.333,
        -21.848,
        0,
        6.367,
        20.258,
        1,
        6.689,
        20.257,
        7.011,
        -21.847,
        7.333,
        -21.848,
        0,
        7.967,
        8.107
      ]
    },
    {
      "Target": "Parameter",
      "Id": "ParamZMWY1",
      "Segments": [
        0,
        -12.995,
        0,
        0.167,
        -15.067,
        0,
        1.133,
        15.067,
        0,
        2.167,
        -15.067,
        0,
        3.133,
        15.067,
        0,
        4.167,
        -15.067,
        0,
        5.133,
        15.067,
        0,
        6.167,
        -15.067,
        0,
        7.133,
        15.067,
        0,
        7.967,
        -12.995
      ]
    },
    {
      "Target": "Parameter",
      "Id": "ParamZMWY2",
      "Segments": [
        0,
        -3.232,
        1,
        0.178,
        -3.232,
        0.355,
        -14.615,
        0.533,
        -15.067,
        0,
        1.5,
        15.067,
        0,
        2.533,
        -15.067,
        0,
        3.5,
        15.067,
        0,
        4.533,
        -15.067,
        0,
        5.5,
        15.067,
        0,
        6.533,
        -15.067,
        0,
        7.5,
        15.067,
        0,
        7.967,
        -3.232
      ]
    },
    {
      "Target": "Parameter",
      "Id": "ParamZMWK",
      "Segments": [
        0,
        5.312,
        1,
        0.244,
        5.312,
        0.489,
        -14.872,
        0.733,
        -15.067,
        0,
        1.7,
        15.067,
        0,
        2.733,
        -15.067,
        0,
        3.7,
        15.067,
        0,
        4.733,
        -15.067,
        0,
        5.7,
        15.067,
        0,
        6.733,
        -15.067,
        0,
        7.7,
        15.067,
        0,
        7.967,
        5.312
      ]
    },
    {
      "Target": "Parameter",
      "Id": "ParamHairBack",
      "Segments": [
        0,
        -0.205,
        1,
        0.278,
        -0.269,
        0.555,
        -0.328,
        0.833,
        -0.312,
        0,
        1.833,
        -0.196,
        0,
        2.833,
        -0.313,
        0,
        3.833,
        -0.196,
        0,
        4.833,
        -0.313,
        0,
        5.833,
        -0.196,
        0,
        6.833,
        -0.313,
        0,
        7.833,
        -0.196,
        0,
        7.967,
        -0.205
      ]
    },
    {
      "Target": "Parameter",
      "Id": "ParamSkirt",
      "Segments": [
        0,
        1,
        0,
        1,
        -1,
        0,
        2,
        1,
        0,
        3,
        -1,
        0,
        4,
        1,
        0,
        5,
        -1,
        0,
        6,
        1,
        0,
        7,
        -1,
        0,
        7.967,
        1
      ]
    },
    {
      "Target": "Parameter",
      "Id": "ParamSkirtY",
      "Segments": [
        0,
        0.741,
        0,
        1,
        -0.337,
        0,
        2,
        0.741,
        0,
        3,
        -0.337,
        0,
        4,
        0.741,
        0,
        5,
        -0.337,
        0,
        6,
        0.741,
        0,
        7,
        -0.337,
        0,
        7.967,
        0.741
      ]
    },
    {
      "Target": "Parameter",
      "Id": "ParamSkirt2",
      "Segments": [
        0,
        0.741,
        0,
        1,
        -0.337,
        0,
        2,
        0.741,
        0,
        3,
        -0.337,
        0,
        4,
        0.741,
        0,
        5,
        -0.337,
        0,
        6,
        0.741,
        0,
        7,
        -0.337,
        0,
        7.967,
        0.741
      ]
    },
    {
      "Target": "Parameter",
      "Id": "ParamEYET",
      "Segments": [
        0,
        0,
        0,
        7.967,
        0
      ]
    },
    {
      "Target": "Parameter",
      "Id": "ParamParamBrowLY",
      "Segments": [
        0,
        0,
        0,
        7.967,
        0
      ]
    },
    {
      "Target": "Parameter",
      "Id": "ParamParamBrowRY",
      "Segments": [
        0,
        0,
        0,
        7.967,
        0
      ]
    },
    {
      "Target": "Parameter",
      "Id": "ParamBrowLAngle",
      "Segments": [
        0,
        0,
        0,
        7.967,
        0
      ]
    },
    {
      "Target": "Parameter",
      "Id": "ParamBrowRAngle",
      "Segments": [
        0,
        0,
        0,
        7.967,
        0
      ]
    },
    {
      "Target": "Parameter",
      "Id": "ParamBrowLForm",
      "Segments": [
        0,
        0,
        0,
        7.967,
        0
      ]
    },
    {
      "Target": "Parameter",
      "Id": "ParamBrowRForm",
      "Segments": [
        0,
        0,
        0,
        7.967,
        0
      ]
    },
    {
      "Target": "Parameter",
      "Id": "ParamCheek",
      "Segments": [
        0,
        0,
        0,
        7.967,
        0
      ]
    },
    {
      "Target": "Parameter",
      "Id": "ParamMouthOpenY",
      "Segments": [
        0,
        0,
        0,
        7.967,
        0
      ]
    },
    {
      "Target": "Parameter",
      "Id": "ParamMouthForm",
      "Segments": [
        0,
        0,
        0,
        7.967,
        0
      ]
    },
    {
      "Target": "Parameter",
      "Id": "ParamMouthX",
      "Segments": [
        0,
        0,
        0,
        7.967,
        0
      ]
    },
    {
      "Target": "Parameter",
      "Id": "ParamTDP",
      "Segments": [
        0,
        0,
        0,
        7.967,
        0
      ]
    },
    {
      "Target": "Parameter",
      "Id": "ParamDDZ",
      "Segments": [
        0,
        0,
        0,
        7.967,
        0
      ]
    },
    {
      "Target": "Parameter",
      "Id": "ParamHipY",
      "Segments": [
        0,
        0,
        0,
        7.967,
        0
      ]
    },
    {
      "Target": "Parameter",
      "Id": "ParamLjian",
      "Segments": [
        0,
        0,
        0,
        7.967,
        0
      ]
    },
    {
      "Target": "Parameter",
      "Id": "ParamRjian",
      "Segments": [
        0,
        0,
        0,
        7.967,
        0
      ]
    },
    {
      "Target": "Parameter",
      "Id": "ParamArmLY",
      "Segments": [
        0,
        0,
        0,
        7.967,
        0
      ]
    },
    {
      "Target": "Parameter",
      "Id": "ParamZBTY",
      "Segments": [
        0,
        -30,
        0,
        7.967,
        -30
      ]
    },
    {
      "Target": "Parameter",
      "Id": "ParamZBTX",
      "Segments": [
        0,
        0,
        0,
        7.967,
        0
      ]
    },
    {
      "Target": "Parameter",
      "Id": "ParamZXZ",
      "Segments": [
        0,
        -30,
        0,
        7.967,
        -30
      ]
    },
    {
      "Target": "Parameter",
      "Id": "ParamZWMZ",
      "Segments": [
        0,
        -30,
        0,
        7.967,
        -30
      ]
    },
    {
      "Target": "Parameter",
      "Id": "ParamZZZ",
      "Segments": [
        0,
        -30,
        0,
        7.967,
        -30
      ]
    },
    {
      "Target": "Parameter",
      "Id": "ParamZSZ",
      "Segments": [
        0,
        -17,
        0,
        7.967,
        -17
      ]
    },
    {
      "Target": "Parameter",
      "Id": "ParamZMZ",
      "Segments": [
        0,
        0,
        0,
        7.967,
        0
      ]
    },
    {
      "Target": "Parameter",
      "Id": "ParamZD",
      "Segments": [
        0,
        0,
        0,
        7.967,
        0
      ]
    },
    {
      "Target": "Parameter",
      "Id": "ParamZSH",
      "Segments": [
        0,
        0,
        0,
        7.967,
        0
      ]
    },
    {
      "Target": "Parameter",
      "Id": "ParamZSTC",
      "Segments": [
        0,
        0,
        0,
        7.967,
        0
      ]
    },
    {
      "Target": "Parameter",
      "Id": "ParamArmRY",
      "Segments": [
        0,
        -7,
        0,
        7.967,
        -7
      ]
    },
    {
      "Target": "Parameter",
      "Id": "ParamYBTY",
      "Segments": [
        0,
        0,
        0,
        7.967,
        0
      ]
    },
    {
      "Target": "Parameter",
      "Id": "ParamYBTX",
      "Segments": [
        0,
        0,
        0,
        7.967,
        0
      ]
    },
    {
      "Target": "Parameter",
      "Id": "ParamYSWY",
      "Segments": [
        0,
        0,
        0,
        7.967,
        0
      ]
    },
    {
      "Target": "Parameter",
      "Id": "ParamYXZ",
      "Segments": [
        0,
        -30,
        0,
        7.967,
        -30
      ]
    },
    {
      "Target": "Parameter",
      "Id": "ParamYXZ2",
      "Segments": [
        0,
        0,
        0,
        7.967,
        0
      ]
    },
    {
      "Target": "Parameter",
      "Id": "ParamYWMZ",
      "Segments": [
        0,
        -30,
        0,
        7.967,
        -30
      ]
    },
    {
      "Target": "Parameter",
      "Id": "ParamYWMZ2",
      "Segments": [
        0,
        0,
        0,
        7.967,
        0
      ]
    },
    {
      "Target": "Parameter",
      "Id": "ParamYZZ",
      "Segments": [
        0,
        -24,
        0,
        7.967,
        -24
      ]
    },
    {
      "Target": "Parameter",
      "Id": "ParamYZZ2",
      "Segments": [
        0,
        0,
        0,
        7.967,
        0
      ]
    },
    {
      "Target": "Parameter",
      "Id": "ParamYSZ",
      "Segments": [
        0,
        -30,
        0,
        7.967,
        -30
      ]
    },
    {
      "Target": "Parameter",
      "Id": "ParamYSZ2",
      "Segments": [
        0,
        0,
        0,
        7.967,
        0
      ]
    },
    {
      "Target": "Parameter",
      "Id": "ParamYMZ",
      "Segments": [
        0,
        -20,
        0,
        7.967,
        -20
      ]
    },
    {
      "Target": "Parameter",
      "Id": "ParamYD",
      "Segments": [
        0,
        0,
        0,
        7.967,
        0
      ]
    },
    {
      "Target": "Parameter",
      "Id": "ParamYSH",
      "Segments": [
        0,
        0,
        0,
        7.967,
        0
      ]
    },
    {
      "Target": "Parameter",
      "Id": "ParamYSTC",
      "Segments": [
        0,
        0,
        0,
        7.967,
        0
      ]
    },
    {
      "Target": "Parameter",
      "Id": "ParamGDXZ",
      "Segments": [
        0,
        12.2,
        0,
        7.967,
        12.2
      ]
    },
    {
      "Target": "Parameter",
      "Id": "ParamGXZ1",
      "Segments": [
        0,
        0,
        0,
        7.967,
        0
      ]
    },
    {
      "Target": "Parameter",
      "Id": "ParamGXZ2",
      "Segments": [
        0,
        0,
        0,
        7.967,
        0
      ]
    },
    {
      "Target": "Parameter",
      "Id": "ParamZTXZ",
      "Segments": [
        0,
        0,
        0,
        7.967,
        0
      ]
    },
    {
      "Target": "Parameter",
      "Id": "ParamGDTX",
      "Segments": [
        0,
        0,
        0,
        7.967,
        0
      ]
    },
    {
      "Target": "Parameter",
      "Id": "ParamGDTX2",
      "Segments": [
        0,
        0,
        0,
        7.967,
        0
      ]
    },
    {
      "Target": "Parameter",
      "Id": "ParamGDTX3",
      "Segments": [
        0,
        0,
        0,
        7.967,
        0
      ]
    },
    {
      "Target": "Parameter",
      "Id": "ParamHT",
      "Segments": [
        0,
        0,
        0,
        7.967,
        0
      ]
    },
    {
      "Target": "Parameter",
      "Id": "Paramxzb",
      "Segments": [
        0,
        0,
        0,
        7.967,
        0
      ]
    },
    {
      "Target": "Parameter",
      "Id": "ParamJYX",
      "Segments": [
        0,
        0,
        0,
        7.967,
        0
      ]
    },
    {
      "Target": "Parameter",
      "Id": "ParamGTC1",
      "Segments": [
        0,
        0,
        0,
        7.967,
        0
      ]
    },
    {
      "Target": "Parameter",
      "Id": "ParamGTC2",
      "Segments": [
        0,
        0,
        0,
        7.967,
        0
      ]
    },
    {
      "Target": "Parameter",
      "Id": "ParamGTC3",
      "Segments": [
        0,
        0,
        0,
        7.967,
        0
      ]
    },
    {
      "Target": "Parameter",
      "Id": "ParamGXS",
      "Segments": [
        0,
        0,
        0,
        7.967,
        0
      ]
    },
    {
      "Target": "Parameter",
      "Id": "ParamGZZ",
      "Segments": [
        0,
        0,
        0,
        7.967,
        0
      ]
    },
    {
      "Target": "Parameter",
      "Id": "ParamGX",
      "Segments": [
        0,
        0,
        0,
        7.967,
        0
      ]
    },
    {
      "Target": "Parameter",
      "Id": "ParamGY",
      "Segments": [
        0,
        0,
        0,
        7.967,
        0
      ]
    },
    {
      "Target": "Parameter",
      "Id": "ParamZDTTQ",
      "Segments": [
        0,
        0,
        0,
        7.967,
        0
      ]
    },
    {
      "Target": "Parameter",
      "Id": "ParamZXTB",
      "Segments": [
        0,
        -1,
        0,
        7.967,
        -1
      ]
    },
    {
      "Target": "Parameter",
      "Id": "ParamLegL1Y",
      "Segments": [
        0,
        0,
        0,
        7.967,
        0
      ]
    },
    {
      "Target": "Parameter",
      "Id": "ParamZJJR",
      "Segments": [
        0,
        0,
        0,
        7.967,
        0
      ]
    },
    {
      "Target": "Parameter",
      "Id": "ParamMDL",
      "Segments": [
        0,
        0,
        0,
        7.967,
        0
      ]
    },
    {
      "Target": "Parameter",
      "Id": "ParamLegRX",
      "Segments": [
        0,
        0,
        0,
        7.967,
        0
      ]
    },
    {
      "Target": "Parameter",
      "Id": "ParamTXTT",
      "Segments": [
        0,
        -0.071,
        0,
        7.967,
        -0.071
      ]
    },
    {
      "Target": "Parameter",
      "Id": "ParamLegR1Y",
      "Segments": [
        0,
        0,
        0,
        7.967,
        0
      ]
    },
    {
      "Target": "Parameter",
      "Id": "ParamYJJR",
      "Segments": [
        0,
        0,
        0,
        7.967,
        0
      ]
    },
    {
      "Target": "Parameter",
      "Id": "ParamMDR",
      "Segments": [
        0,
        0,
        0,
        7.967,
        0
      ]
    },
    {
      "Target": "Parameter",
      "Id": "ParamWhite1",
      "Segments": [
        0,
        0,
        0,
        7.967,
        0
      ]
    },
    {
      "Target": "Parameter",
      "Id": "ParamBlack0",
      "Segments": [
        0,
        1,
        0,
        7.967,
        1
      ]
    },
    {
      "Target": "Parameter",
      "Id": "ParamBlack01",
      "Segments": [
        0,
        1,
        0,
        7.967,
        1
      ]
    },
    {
      "Target": "Parameter",
      "Id": "ParamBlack1",
      "Segments": [
        0,
        0,
        0,
        7.967,
        0
      ]
    },
    {
      "Target": "Parameter",
      "Id": "Param97X",
      "Segments": [
        0,
        0,
        0,
        7.967,
        0
      ]
    },
    {
      "Target": "Parameter",
      "Id": "Param97Y",
      "Segments": [
        0,
        0,
        0,
        7.967,
        0
      ]
    },
    {
      "Target": "Parameter",
      "Id": "Param97O",
      "Segments": [
        0,
        0,
        0,
        7.967,
        0
      ]
    },
    {
      "Target": "Parameter",
      "Id": "ParamWY",
      "Segments": [
        0,
        0,
        0,
        7.967,
        0
      ]
    },
    {
      "Target": "Parameter",
      "Id": "ParamWZoom",
      "Segments": [
        0,
        0,
        0,
        7.967,
        0
      ]
    },
    {
      "Target": "Parameter",
      "Id": "Parammod",
      "Segments": [
        0,
        0,
        0,
        7.967,
        0
      ]
    }
  ],
  "UserData": [
    {
      "Time": 0.0,
      "Value": ""
    }
  ]
}