{
  "Version": 3,
  "Meta": {
    "Duration": 7.967,
    "Fps": 30.0,
    "Loop": true,
    "AreBeziersRestricted": true,
    "CurveCount": 158,
    "TotalSegmentCount": 919,
    "TotalPointCount": 1119,
    "UserDataCount": 1,
    "TotalUserDataSize": 0
  },
  "Curves": [
    {
      "Target": "Parameter",
      "Id": "ParamAngleX",
      "Segments": [
        0,
        30,
        0,
        1,
        21.898,
        0,
        2,
        30,
        0,
        3,
        21.898,
        0,
        4,
        30,
        0,
        5,
        21.898,
        0,
        6,
        30,
        0,
        7,
        21.898,
        0,
        7.967,
        30
      ]
    },
    {
      "Target": "Parameter",
      "Id": "ParamAngleY",
      "Segments": [
        0,
        -14.291,
        1,
        0.089,
        -9.142,
        0.178,
        -8.036,
        0.267,
        -7.949,
        0,
        0.767,
        -19.487,
        0,
        1.267,
        -7.949,
        0,
        1.767,
        -19.487,
        0,
        2.267,
        -7.949,
        0,
        2.767,
        -19.487,
        0,
        3.267,
        -7.949,
        0,
        3.767,
        -19.487,
        0,
        4.267,
        -7.949,
        0,
        4.767,
        -19.487,
        0,
        5.267,
        -7.949,
        0,
        5.767,
        -19.487,
        0,
        6.267,
        -7.949,
        0,
        6.767,
        -19.487,
        0,
        7.267,
        -7.949,
        0,
        7.767,
        -19.487,
        0,
        7.967,
        -14.291
      ]
    },
    {
      "Target": "Parameter",
      "Id": "ParamAngleZ",
      "Segments": [
        0,
        -6.774,
        0,
        1,
        -19.783,
        0,
        2,
        -6.774,
        0,
        3,
        -19.783,
        0,
        4,
        -6.774,
        0,
        5,
        -19.783,
        0,
        6,
        -6.774,
        0,
        7,
        -19.783,
        0,
        7.967,
        -6.774
      ]
    },
    {
      "Target": "Parameter",
      "Id": "ParamEyeLOpen",
      "Segments": [
        0,
        1,
        2,
        1.533,
        1,
        0,
        1.667,
        0,
        0,
        1.867,
        1,
        2,
        5.2,
        1,
        0,
        5.333,
        0,
        0,
        5.533,
        1,
        2,
        7.967,
        1
      ]
    },
    {
      "Target": "Parameter",
      "Id": "ParamEyeROpen",
      "Segments": [
        0,
        1,
        2,
        1.533,
        1,
        0,
        1.667,
        0,
        0,
        1.867,
        1,
        2,
        5.2,
        1,
        0,
        5.333,
        0,
        0,
        5.533,
        1,
        2,
        7.967,
        1
      ]
    },
    {
      "Target": "Parameter",
      "Id": "ParamEyeSmile",
      "Segments": [
        0,
        1,
        2,
        1.5,
        1,
        0,
        1.667,
        0,
        0,
        1.9,
        1,
        2,
        5.167,
        1,
        0,
        5.333,
        0,
        0,
        5.567,
        1,
        2,
        7.967,
        1
      ]
    },
    {
      "Target": "Parameter",
      "Id": "ParamEyeBallX",
      "Segments": [
        0,
        -0.722,
        0,
        1,
        -0.698,
        0,
        2,
        -0.722,
        0,
        3,
        -0.698,
        0,
        4,
        -0.722,
        0,
        5,
        -0.698,
        0,
        6,
        -0.722,
        0,
        7,
        -0.698,
        0,
        7.967,
        -0.722
      ]
    },
    {
      "Target": "Parameter",
      "Id": "ParamEyeBallY",
      "Segments": [
        0,
        0.317,
        1,
        0.089,
        0.254,
        0.178,
        0.021,
        0.267,
        0.064,
        0,
        0.767,
        0.525,
        0,
        1.267,
        0.064,
        0,
        1.767,
        0.525,
        0,
        2.267,
        0.064,
        0,
        2.767,
        0.525,
        0,
        3.267,
        0.064,
        0,
        3.767,
        0.525,
        0,
        4.267,
        0.064,
        0,
        4.767,
        0.525,
        0,
        5.267,
        0.064,
        0,
        5.767,
        0.525,
        0,
        6.267,
        0.064,
        0,
        6.767,
        0.525,
        0,
        7.267,
        0.064,
        0,
        7.767,
        0.525,
        0,
        7.967,
        0.317
      ]
    },
    {
      "Target": "Parameter",
      "Id": "ParamBodyAngleX",
      "Segments": [
        0,
        -7.919,
        1,
        0.233,
        -5.002,
        0.467,
        -1.026,
        0.7,
        -0.976,
        0,
        1.7,
        -9.829,
        0,
        2.7,
        -0.976,
        0,
        3.7,
        -9.829,
        0,
        4.7,
        -0.976,
        0,
        5.7,
        -9.829,
        0,
        6.7,
        -0.976,
        0,
        7.7,
        -9.829,
        0,
        7.967,
        -7.919
      ]
    },
    {
      "Target": "Parameter",
      "Id": "ParamBodyAngleY",
      "Segments": [
        0,
        1.711,
        0,
        1,
        9.366,
        0,
        2,
        1.711,
        0,
        3,
        9.366,
        0,
        4,
        1.711,
        0,
        5,
        9.366,
        0,
        6,
        1.711,
        0,
        7,
        9.366,
        0,
        7.967,
        1.711
      ]
    },
    {
      "Target": "Parameter",
      "Id": "ParamBodyAngleZ",
      "Segments": [
        0,
        1.909,
        0,
        1,
        10,
        0,
        2,
        1.909,
        0,
        3,
        10,
        0,
        4,
        1.909,
        0,
        5,
        10,
        0,
        6,
        1.909,
        0,
        7,
        10,
        0,
        7.967,
        1.909
      ]
    },
    {
      "Target": "Parameter",
      "Id": "ParamYAOZ",
      "Segments": [
        0,
        5.261,
        1,
        0.089,
        6.173,
        0.178,
        6.561,
        0.267,
        6.627,
        0,
        1.267,
        -1.161,
        0,
        2.267,
        6.627,
        0,
        3.267,
        -1.161,
        0,
        4.267,
        6.627,
        0,
        5.267,
        -1.161,
        0,
        6.267,
        6.627,
        0,
        7.267,
        -1.161,
        0,
        7.967,
        5.261
      ]
    },
    {
      "Target": "Parameter",
      "Id": "ParamZTM",
      "Segments": [
        0,
        -5,
        1,
        0.133,
        -4.813,
        0.267,
        -11.183,
        0.4,
        -11,
        1,
        0.6,
        -10.722,
        0.8,
        -7.37,
        1,
        -7,
        1,
        1.167,
        -6.699,
        1.333,
        -0.31,
        1.5,
        0,
        1,
        1.667,
        0.943,
        1.833,
        -5,
        2,
        -5,
        1,
        2.133,
        -4.813,
        2.267,
        -11.183,
        2.4,
        -11,
        1,
        2.6,
        -10.722,
        2.8,
        -7.37,
        3,
        -7,
        1,
        3.167,
        -6.699,
        3.333,
        -0.31,
        3.5,
        0,
        0,
        4,
        -5,
        1,
        4.133,
        -4.813,
        4.267,
        -11.183,
        4.4,
        -11,
        1,
        4.6,
        -10.722,
        4.8,
        -7.37,
        5,
        -7,
        1,
        5.167,
        -6.699,
        5.333,
        -0.31,
        5.5,
        0,
        1,
        5.667,
        0.943,
        5.833,
        -5,
        6,
        -5,
        1,
        6.133,
        -4.813,
        6.267,
        -11.183,
        6.4,
        -11,
        1,
        6.6,
        -10.722,
        6.8,
        -7.37,
        7,
        -7,
        1,
        7.167,
        -6.699,
        7.333,
        -0.31,
        7.5,
        0,
        0,
        7.967,
        -5
      ]
    },
    {
      "Target": "Parameter",
      "Id": "ParamYTM",
      "Segments": [
        0,
        -6,
        1,
        0.133,
        -5.885,
        0.267,
        -10.149,
        0.4,
        -10,
        1,
        0.6,
        -9.774,
        0.8,
        -2.364,
        1,
        -2,
        1,
        1.167,
        -1.704,
        1.333,
        4.705,
        1.5,
        5,
        1,
        1.667,
        5.899,
        1.833,
        -6,
        2,
        -6,
        1,
        2.133,
        -5.885,
        2.267,
        -10.149,
        2.4,
        -10,
        1,
        2.6,
        -9.774,
        2.8,
        -2.364,
        3,
        -2,
        1,
        3.167,
        -1.911,
        3.333,
        5,
        3.5,
        5,
        0,
        4,
        -6,
        1,
        4.133,
        -5.885,
        4.267,
        -10.149,
        4.4,
        -10,
        1,
        4.6,
        -9.774,
        4.8,
        -2.364,
        5,
        -2,
        1,
        5.167,
        -1.704,
        5.333,
        4.705,
        5.5,
        5,
        1,
        5.667,
        5.899,
        5.833,
        -6,
        6,
        -6,
        1,
        6.133,
        -5.885,
        6.267,
        -10.149,
        6.4,
        -10,
        1,
        6.6,
        -9.774,
        6.8,
        -2.364,
        7,
        -2,
        1,
        7.167,
        -1.911,
        7.333,
        5,
        7.5,
        5,
        0,
        7.967,
        -6
      ]
    },
    {
      "Target": "Parameter",
      "Id": "ParamHipY",
      "Segments": [
        0,
        -9.911,
        0,
        0.367,
        0,
        0,
        0.867,
        -10,
        0,
        1.367,
        0,
        0,
        1.867,
        -10,
        0,
        2.367,
        0,
        0,
        2.867,
        -10,
        0,
        3.367,
        0,
        0,
        3.867,
        -10,
        0,
        4.367,
        0,
        0,
        4.867,
        -10,
        0,
        5.367,
        0,
        0,
        5.867,
        -10,
        0,
        6.367,
        0,
        0,
        6.867,
        -10,
        0,
        7.367,
        0,
        0,
        7.967,
        -9.911
      ]
    },
    {
      "Target": "Parameter",
      "Id": "ParamZTX",
      "Segments": [
        0,
        0,
        0,
        1,
        30,
        0,
        2,
        0,
        0,
        3,
        30,
        0,
        4,
        0,
        0,
        5,
        30,
        0,
        6,
        0,
        0,
        7,
        30,
        0,
        7.967,
        0
      ]
    },
    {
      "Target": "Parameter",
      "Id": "ParamZTY",
      "Segments": [
        0,
        12,
        0,
        0.5,
        3.96,
        0,
        1,
        12,
        0,
        1.5,
        3.96,
        0,
        2,
        12,
        0,
        2.5,
        3.96,
        0,
        3,
        12,
        0,
        3.5,
        3.96,
        0,
        4,
        12,
        0,
        4.5,
        3.96,
        0,
        5,
        12,
        0,
        5.5,
        3.96,
        0,
        6,
        12,
        0,
        6.5,
        3.96,
        0,
        7,
        12,
        0,
        7.5,
        3.96,
        0,
        7.967,
        12
      ]
    },
    {
      "Target": "Parameter",
      "Id": "ParamZTZ",
      "Segments": [
        0,
        0,
        0,
        1,
        -4.359,
        0,
        2,
        0,
        0,
        3,
        -4.359,
        0,
        4,
        0,
        0,
        5,
        -4.359,
        1,
        5.333,
        -4.359,
        5.667,
        -0.77,
        6,
        0,
        0,
        7,
        -4.359,
        0,
        7.967,
        0
      ]
    },
    {
      "Target": "Parameter",
      "Id": "ParamArmL",
      "Segments": [
        0,
        -27.903,
        0,
        1,
        -20.717,
        0,
        2,
        -27.903,
        0,
        3,
        -20.717,
        0,
        4,
        -27.903,
        0,
        5,
        -20.717,
        0,
        6,
        -27.903,
        0,
        7,
        -20.717,
        0,
        7.967,
        -27.903
      ]
    },
    {
      "Target": "Parameter",
      "Id": "ParamArmL1",
      "Segments": [
        0,
        23.22,
        0,
        0.5,
        17.258,
        0,
        1.5,
        29.801,
        0,
        2.5,
        17.258,
        0,
        3.5,
        29.801,
        0,
        4.5,
        17.258,
        0,
        5.5,
        29.801,
        0,
        6.5,
        17.258,
        0,
        7.5,
        29.801,
        0,
        7.967,
        23.22
      ]
    },
    {
      "Target": "Parameter",
      "Id": "ParamHandL",
      "Segments": [
        0,
        -13.621,
        0,
        1,
        -11.1,
        0,
        2,
        -13.621,
        0,
        3,
        -11.1,
        0,
        4,
        -13.621,
        0,
        5,
        -11.1,
        0,
        6,
        -13.621,
        0,
        7,
        -11.1,
        0,
        7.967,
        -13.621
      ]
    },
    {
      "Target": "Parameter",
      "Id": "ParamZWMZ",
      "Segments": [
        0,
        -12.367,
        0,
        1,
        -28.485,
        0,
        2,
        -12.367,
        0,
        3,
        -28.485,
        0,
        4,
        -12.367,
        0,
        5,
        -28.485,
        0,
        6,
        -12.367,
        0,
        7,
        -28.485,
        0,
        7.967,
        -12.367
      ]
    },
    {
      "Target": "Parameter",
      "Id": "ParamZZZ",
      "Segments": [
        0,
        -12.367,
        0,
        1,
        -28.485,
        0,
        2,
        -12.367,
        0,
        3,
        -28.485,
        0,
        4,
        -12.367,
        0,
        5,
        -28.485,
        0,
        6,
        -12.367,
        0,
        7,
        -28.485,
        0,
        7.967,
        -12.367
      ]
    },
    {
      "Target": "Parameter",
      "Id": "ParamZSZ",
      "Segments": [
        0,
        -12.367,
        0,
        1,
        -28.485,
        0,
        2,
        -12.367,
        0,
        3,
        -28.485,
        0,
        4,
        -12.367,
        0,
        5,
        -28.485,
        0,
        6,
        -12.367,
        0,
        7,
        -28.485,
        0,
        7.967,
        -12.367
      ]
    },
    {
      "Target": "Parameter",
      "Id": "ParamZXZK",
      "Segments": [
        0,
        -24.781,
        1,
        0.267,
        -18.013,
        0.533,
        -2,
        0.8,
        -2,
        0,
        1.733,
        -29,
        0,
        2.8,
        -2,
        0,
        3.733,
        -29,
        0,
        4.8,
        -2,
        0,
        5.733,
        -29,
        0,
        6.8,
        -2,
        0,
        7.733,
        -29,
        0,
        7.967,
        -24.781
      ]
    },
    {
      "Target": "Parameter",
      "Id": "ParamZXZX",
      "Segments": [
        0,
        -16.055,
        1,
        0.144,
        -21.859,
        0.289,
        -24.547,
        0.433,
        -24.547,
        0,
        1.333,
        0.33,
        0,
        2.433,
        -24.547,
        0,
        3.333,
        0.33,
        0,
        4.433,
        -24.547,
        0,
        5.333,
        0.33,
        0,
        6.433,
        -24.547,
        0,
        7.333,
        0.33,
        0,
        7.967,
        -16.055
      ]
    },
    {
      "Target": "Parameter",
      "Id": "ParamZXZY",
      "Segments": [
        0,
        -18,
        0,
        1,
        0.852,
        0,
        2,
        -18,
        0,
        3,
        0.852,
        0,
        4,
        -18,
        0,
        5,
        0.852,
        0,
        6,
        -18,
        0,
        7,
        0.852,
        0,
        7.967,
        -18
      ]
    },
    {
      "Target": "Parameter",
      "Id": "ParamXZD3",
      "Segments": [
        0,
        14.989,
        1,
        0.256,
        -3.489,
        0.511,
        -30,
        0.767,
        -29.487,
        0,
        1.633,
        29.487,
        0,
        2.767,
        -29.487,
        0,
        3.633,
        29.487,
        0,
        4.767,
        -29.487,
        0,
        5.633,
        29.487,
        0,
        6.767,
        -29.487,
        0,
        7.633,
        29.487,
        0,
        7.967,
        14.989
      ]
    },
    {
      "Target": "Parameter",
      "Id": "ParamXZD4",
      "Segments": [
        0,
        8.85,
        0,
        1.133,
        -29.487,
        0,
        2,
        8.85,
        0,
        3.133,
        -29.487,
        0,
        4,
        8.85,
        0,
        5.133,
        -29.487,
        0,
        6,
        8.85,
        0,
        7.133,
        -29.487,
        0,
        7.967,
        8.85
      ]
    },
    {
      "Target": "Parameter",
      "Id": "ParamArmR",
      "Segments": [
        0,
        -35.061,
        0,
        1,
        -39.409,
        0,
        2,
        -35.061,
        0,
        3,
        -39.409,
        0,
        4,
        -35.061,
        0,
        5,
        -39.409,
        0,
        6,
        -35.061,
        0,
        7,
        -39.409,
        0,
        7.967,
        -35.061
      ]
    },
    {
      "Target": "Parameter",
      "Id": "ParamArmR1",
      "Segments": [
        0,
        -18.796,
        0,
        1,
        -30,
        0,
        2,
        -18.796,
        0,
        3,
        -30,
        0,
        4,
        -18.796,
        0,
        5,
        -30,
        0,
        6,
        -18.796,
        0,
        7,
        -30,
        0,
        7.967,
        -18.796
      ]
    },
    {
      "Target": "Parameter",
      "Id": "ParamHandR",
      "Segments": [
        0,
        17,
        1,
        0.333,
        16.716,
        0.667,
        19.929,
        1,
        20,
        1,
        1.333,
        20.071,
        1.667,
        17,
        2,
        17,
        1,
        2.333,
        16.716,
        2.667,
        19.929,
        3,
        20,
        1,
        3.333,
        20.071,
        3.667,
        17,
        4,
        17,
        1,
        4.333,
        16.716,
        4.667,
        19.929,
        5,
        20,
        1,
        5.333,
        20.071,
        5.667,
        17,
        6,
        17,
        1,
        6.333,
        16.716,
        6.667,
        19.929,
        7,
        20,
        0,
        7.967,
        17
      ]
    },
    {
      "Target": "Parameter",
      "Id": "ParamYXZKH",
      "Segments": [
        0,
        -17.074,
        1,
        0.267,
        -12.299,
        0.533,
        -1,
        0.8,
        -1,
        0,
        1.733,
        -20.051,
        0,
        2.8,
        -1,
        0,
        3.733,
        -20.051,
        0,
        4.8,
        -1,
        0,
        5.733,
        -20.051,
        0,
        6.8,
        -1,
        0,
        7.733,
        -20.051,
        0,
        7.967,
        -17.074
      ]
    },
    {
      "Target": "Parameter",
      "Id": "ParamYXZX",
      "Segments": [
        0,
        -4.935,
        1,
        0.144,
        -11.813,
        0.289,
        -15,
        0.433,
        -15,
        0,
        1.333,
        14.487,
        0,
        2.433,
        -15,
        0,
        3.333,
        14.487,
        0,
        4.433,
        -15,
        0,
        5.333,
        14.487,
        0,
        6.433,
        -15,
        0,
        7.333,
        14.487,
        0,
        7.967,
        -4.935
      ]
    },
    {
      "Target": "Parameter",
      "Id": "ParamYXZY",
      "Segments": [
        0,
        -16,
        0,
        0.567,
        -4.73,
        0,
        1,
        -16,
        0,
        1.567,
        -4.73,
        0,
        2,
        -16,
        0,
        2.567,
        -4.73,
        0,
        3,
        -16,
        0,
        3.567,
        -4.73,
        0,
        4,
        -16,
        0,
        4.567,
        -4.73,
        0,
        5,
        -16,
        0,
        5.567,
        -4.73,
        0,
        6,
        -16,
        0,
        6.567,
        -4.73,
        0,
        7,
        -16,
        0,
        7.567,
        -4.73,
        0,
        7.967,
        -16
      ]
    },
    {
      "Target": "Parameter",
      "Id": "ParamXZD",
      "Segments": [
        0,
        30,
        0,
        0.833,
        -28.872,
        0,
        1.9,
        30,
        0,
        2.733,
        -28.872,
        0,
        3.9,
        30,
        0,
        4.8,
        -28.872,
        0,
        5.533,
        30,
        0,
        6.767,
        -28.872,
        0,
        7.967,
        30
      ]
    },
    {
      "Target": "Parameter",
      "Id": "ParamXZD2",
      "Segments": [
        0,
        19.205,
        1,
        0.133,
        24.028,
        0.267,
        30,
        0.4,
        30,
        0,
        1.3,
        -5.897,
        0,
        2.4,
        30,
        0,
        3.367,
        -5.897,
        0,
        4.4,
        30,
        0,
        5.267,
        -5.897,
        0,
        6.4,
        30,
        0,
        7.3,
        -5.897,
        0,
        7.967,
        19.205
      ]
    },
    {
      "Target": "Parameter",
      "Id": "ParamGDXZ",
      "Segments": [
        0,
        30,
        0,
        0.5,
        28.203,
        0,
        1,
        30,
        0,
        1.5,
        28.203,
        0,
        2,
        30,
        0,
        2.5,
        28.203,
        0,
        3,
        30,
        0,
        3.5,
        28.203,
        0,
        4,
        30,
        0,
        4.5,
        28.203,
        0,
        5,
        30,
        0,
        5.5,
        28.203,
        0,
        6,
        30,
        0,
        6.5,
        28.203,
        0,
        7,
        30,
        0,
        7.5,
        28.203,
        0,
        7.967,
        30
      ]
    },
    {
      "Target": "Parameter",
      "Id": "ParamZTXZ",
      "Segments": [
        0,
        28,
        0,
        1,
        27.04,
        0,
        2,
        28,
        0,
        3,
        27.04,
        0,
        4,
        28,
        0,
        5,
        27.04,
        0,
        6,
        28,
        0,
        7,
        27.04,
        0,
        7.967,
        28
      ]
    },
    {
      "Target": "Parameter",
      "Id": "ParamGX",
      "Segments": [
        0,
        -8,
        0,
        1,
        -7.04,
        0,
        2,
        -8,
        0,
        3,
        -7.04,
        0,
        4,
        -8,
        0,
        5,
        -7.04,
        0,
        6,
        -8,
        0,
        7,
        -7.04,
        0,
        7.967,
        -8
      ]
    },
    {
      "Target": "Parameter",
      "Id": "ParamGY",
      "Segments": [
        0,
        -3,
        0,
        1,
        -3.42,
        0,
        2,
        -3,
        0,
        3,
        -3.42,
        0,
        4,
        -3,
        0,
        5,
        -3.42,
        0,
        6,
        -3,
        0,
        7,
        -3.42,
        0,
        7.967,
        -3
      ]
    },
    {
      "Target": "Parameter",
      "Id": "ParamLegL",
      "Segments": [
        0,
        12.143,
        0,
        1,
        -4.643,
        0,
        2,
        12.143,
        0,
        3,
        -4.643,
        0,
        4,
        12.143,
        0,
        5,
        -4.643,
        0,
        6,
        12.143,
        0,
        7,
        -4.643,
        0,
        7.967,
        12.143
      ]
    },
    {
      "Target": "Parameter",
      "Id": "ParamLegLY",
      "Segments": [
        0,
        6.857,
        0,
        0.5,
        14.431,
        0,
        1,
        6.857,
        0,
        1.5,
        14.431,
        0,
        2,
        6.857,
        0,
        2.5,
        14.431,
        0,
        3,
        6.857,
        0,
        3.5,
        14.431,
        0,
        4,
        6.857,
        0,
        4.5,
        14.431,
        0,
        5,
        6.857,
        0,
        5.5,
        14.431,
        0,
        6,
        6.857,
        0,
        6.5,
        14.431,
        0,
        7,
        6.857,
        0,
        7.5,
        14.431,
        0,
        7.967,
        6.857
      ]
    },
    {
      "Target": "Parameter",
      "Id": "ParamLegL1",
      "Segments": [
        0,
        -5,
        0,
        1,
        2.26,
        0,
        2,
        -5,
        0,
        3,
        2.26,
        0,
        4,
        -5,
        0,
        5,
        2.26,
        0,
        6,
        -5,
        0,
        7,
        2.26,
        0,
        7.967,
        -5
      ]
    },
    {
      "Target": "Parameter",
      "Id": "ParamLegL1Y",
      "Segments": [
        0,
        0,
        0,
        1,
        -13,
        0,
        2,
        0,
        0,
        3,
        -13,
        0,
        4,
        0,
        0,
        5,
        -13,
        0,
        6,
        0,
        0,
        7,
        -13,
        0,
        7.967,
        0
      ]
    },
    {
      "Target": "Parameter",
      "Id": "ParamFootL",
      "Segments": [
        0,
        0,
        0,
        0.5,
        -12.718,
        0,
        1,
        0,
        0,
        1.5,
        -12.718,
        0,
        2,
        0,
        0,
        2.5,
        -12.718,
        0,
        3,
        0,
        0,
        3.5,
        -12.718,
        0,
        4,
        0,
        0,
        4.5,
        -12.718,
        0,
        5,
        0,
        0,
        5.5,
        -12.718,
        0,
        6,
        0,
        0,
        6.5,
        -12.718,
        0,
        7,
        0,
        0,
        7.5,
        -12.718,
        0,
        7.967,
        0
      ]
    },
    {
      "Target": "Parameter",
      "Id": "ParamLegR",
      "Segments": [
        0,
        16,
        0,
        1,
        -3,
        0,
        2,
        16,
        0,
        3,
        -3,
        0,
        4,
        16,
        0,
        5,
        -3,
        0,
        6,
        16,
        0,
        7,
        -3,
        0,
        7.967,
        16
      ]
    },
    {
      "Target": "Parameter",
      "Id": "ParamLegRY",
      "Segments": [
        0,
        8.04,
        0,
        0.5,
        20.718,
        0,
        1,
        8.04,
        0,
        1.5,
        20.718,
        0,
        2,
        8.04,
        0,
        2.5,
        20.718,
        0,
        3,
        8.04,
        0,
        3.5,
        20.718,
        0,
        4,
        8.04,
        0,
        4.5,
        20.718,
        0,
        5,
        8.04,
        0,
        5.5,
        20.718,
        0,
        6,
        8.04,
        0,
        6.5,
        20.718,
        0,
        7,
        8.04,
        0,
        7.5,
        20.718,
        0,
        7.967,
        8.04
      ]
    },
    {
      "Target": "Parameter",
      "Id": "ParamLegR1",
      "Segments": [
        0,
        -9,
        0,
        1,
        -1,
        0,
        2,
        -9,
        0,
        3,
        -1,
        0,
        4,
        -9,
        0,
        5,
        -1,
        0,
        6,
        -9,
        0,
        7,
        -1,
        0,
        7.967,
        -9
      ]
    },
    {
      "Target": "Parameter",
      "Id": "ParamFootR",
      "Segments": [
        0,
        14,
        0,
        0.5,
        18.82,
        0,
        1,
        -3,
        0,
        1.5,
        18.82,
        0,
        2,
        14,
        0,
        2.5,
        18.82,
        0,
        3,
        -3,
        0,
        3.5,
        18.82,
        0,
        4,
        14,
        0,
        4.5,
        18.82,
        0,
        5,
        -3,
        0,
        5.5,
        18.82,
        0,
        6,
        14,
        0,
        6.5,
        18.82,
        0,
        7,
        -3,
        0,
        7.5,
        18.82,
        0,
        7.967,
        14
      ]
    },
    {
      "Target": "Parameter",
      "Id": "ParamOpaishakeX",
      "Segments": [
        0,
        -0.758,
        0,
        1.133,
        0.839,
        0,
        2.133,
        -0.84,
        0,
        3.133,
        0.84,
        0,
        4.133,
        -0.84,
        0,
        5.133,
        0.84,
        0,
        6.133,
        -0.84,
        0,
        7.133,
        0.837,
        0,
        7.967,
        -0.758
      ]
    },
    {
      "Target": "Parameter",
      "Id": "ParamOpaishakeY",
      "Segments": [
        0,
        -0.805,
        0,
        0.367,
        1,
        0,
        0.933,
        -1,
        0,
        1.433,
        1,
        0,
        1.933,
        -1,
        0,
        2.433,
        1,
        0,
        2.933,
        -1,
        0,
        3.433,
        1,
        0,
        3.933,
        -1,
        0,
        4.433,
        1,
        0,
        4.933,
        -1,
        0,
        5.433,
        1,
        0,
        5.933,
        -1,
        0,
        6.433,
        1,
        0,
        6.933,
        -1,
        0,
        7.433,
        1,
        0,
        7.9,
        -1,
        0,
        7.967,
        -0.805
      ]
    },
    {
      "Target": "Parameter",
      "Id": "ParamHairFront",
      "Segments": [
        0,
        -0.711,
        1,
        0.133,
        -0.711,
        0.267,
        -0.557,
        0.4,
        -0.35,
        1,
        0.6,
        -0.038,
        0.8,
        0.304,
        1,
        0.314,
        0,
        2,
        -0.711,
        0,
        3,
        0.314,
        0,
        4,
        -0.711,
        0,
        5,
        0.314,
        0,
        6,
        -0.711,
        0,
        7,
        0.314,
        0,
        7.967,
        -0.711
      ]
    },
    {
      "Target": "Parameter",
      "Id": "ParamHaiFrontY",
      "Segments": [
        0,
        -0.245,
        0,
        0.4,
        -0.849,
        1,
        0.733,
        -0.85,
        1.067,
        0.85,
        1.4,
        0.867,
        0,
        2.4,
        -0.849,
        0,
        3.4,
        0.867,
        0,
        4.4,
        -0.849,
        0,
        5.4,
        0.867,
        0,
        6.4,
        -0.849,
        0,
        7.4,
        0.867,
        0,
        7.967,
        -0.245
      ]
    },
    {
      "Target": "Parameter",
      "Id": "ParamHairFront2",
      "Segments": [
        0,
        -1,
        2,
        0.067,
        -1,
        1,
        0.4,
        -1,
        0.734,
        0.625,
        1.067,
        0.643,
        0,
        2.067,
        -1,
        0,
        3.067,
        0.643,
        0,
        4.067,
        -1,
        0,
        5.067,
        0.643,
        0,
        6.067,
        -1,
        0,
        7.067,
        0.643,
        0,
        7.967,
        -1
      ]
    },
    {
      "Target": "Parameter",
      "Id": "ParamHairFront2Y",
      "Segments": [
        0,
        0.094,
        1,
        0.178,
        -0.254,
        0.355,
        -0.85,
        0.533,
        -0.849,
        1,
        0.866,
        -0.847,
        1.2,
        0.85,
        1.533,
        0.867,
        0,
        2.533,
        -0.849,
        0,
        3.533,
        0.867,
        0,
        4.533,
        -0.849,
        0,
        5.533,
        0.867,
        0,
        6.533,
        -0.849,
        0,
        7.533,
        0.867,
        0,
        7.967,
        0.094
      ]
    },
    {
      "Target": "Parameter",
      "Id": "ParamHairFront3",
      "Segments": [
        0,
        -0.828,
        1,
        0.078,
        -0.983,
        0.155,
        -1,
        0.233,
        -1,
        1,
        0.566,
        -1,
        0.9,
        0.458,
        1.233,
        0.474,
        0,
        2.233,
        -1,
        0,
        3.233,
        0.474,
        0,
        4.233,
        -1,
        0,
        5.233,
        0.474,
        0,
        6.233,
        -1,
        0,
        7.233,
        0.474,
        0,
        7.967,
        -0.828
      ]
    },
    {
      "Target": "Parameter",
      "Id": "ParamHairFront3Y",
      "Segments": [
        0,
        -0.077,
        1,
        0.156,
        -0.286,
        0.311,
        -0.841,
        0.467,
        -0.849,
        1,
        0.8,
        -0.85,
        1.134,
        0.85,
        1.467,
        0.867,
        0,
        2.467,
        -0.849,
        0,
        3.467,
        0.867,
        0,
        4.467,
        -0.849,
        0,
        5.467,
        0.867,
        0,
        6.467,
        -0.849,
        0,
        7.467,
        0.867,
        0,
        7.967,
        -0.077
      ]
    },
    {
      "Target": "Parameter",
      "Id": "ParamHairSide",
      "Segments": [
        0,
        -0.304,
        1,
        0.078,
        -0.36,
        0.155,
        -0.407,
        0.233,
        -0.408,
        1,
        0.566,
        -0.409,
        0.9,
        0.337,
        1.233,
        0.345,
        0,
        2.233,
        -0.408,
        0,
        3.233,
        0.345,
        0,
        4.233,
        -0.408,
        0,
        5.233,
        0.345,
        0,
        6.233,
        -0.408,
        0,
        7.233,
        0.345,
        0,
        7.967,
        -0.304
      ]
    },
    {
      "Target": "Parameter",
      "Id": "ParamHairFrontY",
      "Segments": [
        0,
        -0.245,
        1,
        0.133,
        -0.503,
        0.267,
        -0.841,
        0.4,
        -0.849,
        1,
        0.733,
        -0.85,
        1.067,
        0.85,
        1.4,
        0.867,
        0,
        2.4,
        -0.849,
        0,
        3.4,
        0.867,
        0,
        4.4,
        -0.849,
        0,
        5.4,
        0.867,
        0,
        6.4,
        -0.849,
        0,
        7.4,
        0.867,
        0,
        7.967,
        -0.245
      ]
    },
    {
      "Target": "Parameter",
      "Id": "ParamHairSide2",
      "Segments": [
        0,
        -0.405,
        1,
        0.111,
        -0.614,
        0.222,
        -0.85,
        0.333,
        -0.849,
        1,
        0.666,
        -0.85,
        1,
        0.85,
        1.333,
        0.867,
        0,
        2.333,
        -0.849,
        0,
        3.333,
        0.867,
        0,
        4.333,
        -0.849,
        0,
        5.333,
        0.867,
        0,
        6.333,
        -0.849,
        0,
        7.333,
        0.867,
        0,
        7.967,
        -0.405
      ]
    },
    {
      "Target": "Parameter",
      "Id": "ParamHairSide2y",
      "Segments": [
        0,
        0.263,
        1,
        0.2,
        -0.316,
        0.4,
        -0.832,
        0.6,
        -0.849,
        1,
        0.933,
        -0.85,
        1.267,
        0.85,
        1.6,
        0.867,
        0,
        2.6,
        -0.849,
        0,
        3.6,
        0.867,
        0,
        4.6,
        -0.849,
        0,
        5.6,
        0.867,
        0,
        6.6,
        -0.849,
        0,
        7.6,
        0.867,
        0,
        7.967,
        0.263
      ]
    },
    {
      "Target": "Parameter",
      "Id": "ParamHGX",
      "Segments": [
        0,
        -0.802,
        1,
        0.3,
        -0.528,
        0.6,
        0.852,
        0.9,
        0.867,
        0,
        1.9,
        -0.849,
        0,
        2.9,
        0.867,
        0,
        3.9,
        -0.849,
        0,
        4.9,
        0.867,
        0,
        5.9,
        -0.849,
        0,
        6.9,
        0.867,
        0,
        7.9,
        -0.849,
        0,
        7.967,
        -0.802
      ]
    },
    {
      "Target": "Parameter",
      "Id": "ParamHGY",
      "Segments": [
        0,
        -0.461,
        0,
        0.3,
        -0.831,
        1,
        0.633,
        -0.832,
        0.967,
        0.868,
        1.3,
        0.885,
        0,
        2.3,
        -0.831,
        0,
        3.3,
        0.885,
        0,
        4.3,
        -0.831,
        0,
        5.3,
        0.885,
        0,
        6.3,
        -0.831,
        0,
        7.3,
        0.885,
        0,
        7.967,
        -0.461
      ]
    },
    {
      "Target": "Parameter",
      "Id": "ParamFAS",
      "Segments": [
        0,
        -0.067,
        0,
        0.5,
        0.498,
        1,
        0.667,
        0.498,
        0.833,
        -0.343,
        1,
        -0.349,
        0,
        1.5,
        0.589,
        0,
        2.033,
        -0.349,
        0,
        2.5,
        0.394,
        0,
        3,
        -0.067,
        0,
        3.5,
        0.32,
        0,
        4,
        0.111,
        0,
        4.5,
        0.589,
        1,
        4.667,
        0.589,
        4.833,
        -0.264,
        5,
        -0.269,
        0,
        5.5,
        0.394,
        0,
        6,
        -0.122,
        0,
        6.5,
        0.498,
        0,
        7,
        -0.067,
        0,
        7.5,
        0.498,
        0,
        7.967,
        -0.067
      ]
    },
    {
      "Target": "Parameter",
      "Id": "ParamFASY",
      "Segments": [
        0,
        -0.085,
        1,
        0.078,
        -0.367,
        0.155,
        -0.525,
        0.233,
        -0.52,
        0,
        0.733,
        0.448,
        1,
        0.9,
        0.448,
        1.066,
        -0.511,
        1.233,
        -0.52,
        0,
        1.733,
        0.448,
        0,
        2.233,
        -0.52,
        0,
        2.733,
        0.448,
        0,
        3.233,
        -0.52,
        0,
        3.733,
        0.448,
        0,
        4.233,
        -0.52,
        0,
        4.733,
        0.448,
        1,
        4.9,
        0.448,
        5.066,
        -0.511,
        5.233,
        -0.52,
        0,
        5.733,
        0.448,
        0,
        6.233,
        -0.52,
        0,
        6.733,
        0.448,
        0,
        7.233,
        -0.52,
        0,
        7.733,
        0.448,
        0,
        7.967,
        -0.085
      ]
    },
    {
      "Target": "Parameter",
      "Id": "ParamFAS2",
      "Segments": [
        0,
        -0.067,
        0,
        0.5,
        0.498,
        1,
        0.667,
        0.498,
        0.833,
        -0.062,
        1,
        -0.067,
        0,
        1.5,
        0.498,
        0,
        2,
        -0.067,
        0,
        2.5,
        0.498,
        0,
        3,
        -0.067,
        0,
        3.5,
        0.498,
        0,
        4,
        -0.067,
        0,
        4.5,
        0.498,
        1,
        4.667,
        0.498,
        4.833,
        -0.062,
        5,
        -0.067,
        0,
        5.5,
        0.498,
        0,
        6,
        -0.067,
        0,
        6.5,
        0.498,
        0,
        7,
        -0.067,
        0,
        7.5,
        0.498,
        0,
        7.967,
        -0.067
      ]
    },
    {
      "Target": "Parameter",
      "Id": "ParamFAS2Y",
      "Segments": [
        0,
        0.488,
        1,
        0.289,
        0.488,
        0.578,
        -0.433,
        0.867,
        -0.443,
        0,
        1.467,
        0.35,
        0,
        2,
        -0.077,
        0,
        2.633,
        0.199,
        0,
        3.233,
        -0.367,
        0,
        4,
        0.488,
        0,
        5,
        -0.732,
        0,
        6,
        0.488,
        0,
        7,
        -0.732,
        0,
        7.967,
        0.488
      ]
    },
    {
      "Target": "Parameter",
      "Id": "ParamBZY",
      "Segments": [
        0,
        -0.325,
        1,
        0.144,
        -0.792,
        0.289,
        -1,
        0.433,
        -1,
        0,
        1.333,
        0.992,
        0,
        2.433,
        -1,
        0,
        3.333,
        0.992,
        0,
        4.433,
        -1,
        0,
        5.333,
        0.992,
        0,
        6.433,
        -1,
        0,
        7.333,
        0.992,
        0,
        7.967,
        -0.325
      ]
    },
    {
      "Target": "Parameter",
      "Id": "ParamYMWX",
      "Segments": [
        0,
        2.942,
        1,
        0.2,
        -0.157,
        0.4,
        -1.875,
        0.6,
        -1.966,
        0,
        1.5,
        7.397,
        0,
        2.533,
        -1.966,
        0,
        3.5,
        7.397,
        0,
        4.533,
        -1.966,
        0,
        5.5,
        7.397,
        0,
        6.533,
        -1.966,
        0,
        7.5,
        7.397,
        0,
        7.967,
        2.942
      ]
    },
    {
      "Target": "Parameter",
      "Id": "ParamYMWX2",
      "Segments": [
        0,
        4.576,
        0,
        1.1,
        0.528,
        0,
        2.067,
        4.797,
        0,
        3.1,
        0.528,
        0,
        4.067,
        4.797,
        0,
        5.1,
        0.528,
        0,
        6.067,
        4.797,
        0,
        7.1,
        0.528,
        0,
        7.967,
        4.576
      ]
    },
    {
      "Target": "Parameter",
      "Id": "ParamYMWY",
      "Segments": [
        0,
        6.133,
        1,
        0.122,
        10.824,
        0.245,
        14.999,
        0.367,
        15,
        0,
        1.333,
        -15,
        0,
        2.367,
        15,
        0,
        3.333,
        -15,
        0,
        4.367,
        15,
        0,
        5.333,
        -15,
        0,
        6.367,
        15,
        0,
        7.333,
        -15,
        0,
        7.967,
        6.133
      ]
    },
    {
      "Target": "Parameter",
      "Id": "ParamYMWY1",
      "Segments": [
        0,
        -12.995,
        0,
        0.167,
        -15.067,
        0,
        1.133,
        15.067,
        1,
        1.422,
        15.067,
        1.711,
        1.442,
        2,
        -12.995,
        1,
        2.056,
        -15.067,
        2.111,
        -15.067,
        2.167,
        -15.067,
        0,
        3.133,
        15.067,
        1,
        3.422,
        15.067,
        3.711,
        1.442,
        4,
        -12.995,
        1,
        4.056,
        -15.067,
        4.111,
        -15.067,
        4.167,
        -15.067,
        0,
        5.133,
        15.067,
        1,
        5.422,
        15.067,
        5.711,
        1.442,
        6,
        -12.995,
        1,
        6.056,
        -15.067,
        6.111,
        -15.067,
        6.167,
        -15.067,
        0,
        7.133,
        15.067,
        0,
        7.967,
        -12.995
      ]
    },
    {
      "Target": "Parameter",
      "Id": "ParamYMWY2",
      "Segments": [
        0,
        -7.772,
        0,
        0.333,
        -15.067,
        0,
        1.3,
        15.067,
        1,
        1.533,
        15.067,
        1.767,
        5.292,
        2,
        -7.772,
        1,
        2.111,
        -13.641,
        2.222,
        -15.067,
        2.333,
        -15.067,
        0,
        3.3,
        15.067,
        1,
        3.533,
        15.067,
        3.767,
        5.292,
        4,
        -7.772,
        1,
        4.111,
        -13.641,
        4.222,
        -15.067,
        4.333,
        -15.067,
        0,
        5.3,
        15.067,
        1,
        5.533,
        15.067,
        5.767,
        5.292,
        6,
        -7.772,
        1,
        6.111,
        -13.641,
        6.222,
        -15.067,
        6.333,
        -15.067,
        0,
        7.3,
        15.067,
        0,
        7.967,
        -7.772
      ]
    },
    {
      "Target": "Parameter",
      "Id": "ParamYMWK",
      "Segments": [
        0,
        0,
        0,
        0.533,
        -15.067,
        0,
        1.5,
        15.067,
        1,
        1.667,
        15.067,
        1.833,
        9.709,
        2,
        0,
        1,
        2.178,
        -10.356,
        2.355,
        -15.067,
        2.533,
        -15.067,
        0,
        3.5,
        15.067,
        1,
        3.667,
        15.067,
        3.833,
        9.709,
        4,
        0,
        1,
        4.178,
        -10.356,
        4.355,
        -15.067,
        4.533,
        -15.067,
        0,
        5.5,
        15.067,
        1,
        5.667,
        15.067,
        5.833,
        9.709,
        6,
        0,
        1,
        6.178,
        -10.356,
        6.355,
        -15.067,
        6.533,
        -15.067,
        0,
        7.5,
        15.067,
        0,
        7.967,
        0
      ]
    },
    {
      "Target": "Parameter",
      "Id": "ParamZMWX",
      "Segments": [
        0,
        4.686,
        1,
        0.278,
        0.92,
        0.555,
        -1.607,
        0.833,
        -2.142,
        1,
        1.133,
        -2.142,
        1.433,
        5.734,
        1.733,
        5.868,
        0,
        2.767,
        -2.181,
        0,
        3.733,
        5.868,
        0,
        4.767,
        -2.181,
        0,
        5.733,
        5.868,
        0,
        6.767,
        -2.181,
        0,
        7.733,
        5.868,
        0,
        7.967,
        4.686
      ]
    },
    {
      "Target": "Parameter",
      "Id": "ParamZMWX2",
      "Segments": [
        0,
        4.576,
        0,
        1.167,
        0.528,
        0,
        2.133,
        4.797,
        0,
        3.167,
        0.528,
        0,
        4.133,
        4.797,
        0,
        5.167,
        0.528,
        0,
        6.133,
        4.797,
        0,
        7.167,
        0.528,
        0,
        7.967,
        4.576
      ]
    },
    {
      "Target": "Parameter",
      "Id": "ParamZMWY",
      "Segments": [
        0,
        4.053,
        1,
        0.122,
        7.251,
        0.245,
        10.128,
        0.367,
        10.129,
        0,
        1.333,
        -10.924,
        0,
        2.367,
        10.129,
        0,
        3.333,
        -10.924,
        0,
        4.367,
        10.129,
        0,
        5.333,
        -10.924,
        0,
        6.367,
        10.129,
        0,
        7.333,
        -10.924,
        0,
        7.967,
        4.053
      ]
    },
    {
      "Target": "Parameter",
      "Id": "ParamZMWY1",
      "Segments": [
        0,
        -12.995,
        0,
        0.167,
        -15.067,
        0,
        1.133,
        15.067,
        0,
        2.167,
        -15.067,
        0,
        3.133,
        15.067,
        0,
        4.167,
        -15.067,
        0,
        5.133,
        15.067,
        0,
        6.167,
        -15.067,
        0,
        7.133,
        15.067,
        0,
        7.967,
        -12.995
      ]
    },
    {
      "Target": "Parameter",
      "Id": "ParamZMWY2",
      "Segments": [
        0,
        -3.232,
        1,
        0.178,
        -3.232,
        0.355,
        -14.615,
        0.533,
        -15.067,
        0,
        1.5,
        15.067,
        0,
        2.533,
        -15.067,
        0,
        3.5,
        15.067,
        0,
        4.533,
        -15.067,
        0,
        5.5,
        15.067,
        0,
        6.533,
        -15.067,
        0,
        7.5,
        15.067,
        0,
        7.967,
        -3.232
      ]
    },
    {
      "Target": "Parameter",
      "Id": "ParamZMWK",
      "Segments": [
        0,
        5.312,
        1,
        0.244,
        5.312,
        0.489,
        -14.872,
        0.733,
        -15.067,
        0,
        1.7,
        15.067,
        0,
        2.733,
        -15.067,
        0,
        3.7,
        15.067,
        0,
        4.733,
        -15.067,
        0,
        5.7,
        15.067,
        0,
        6.733,
        -15.067,
        0,
        7.7,
        15.067,
        0,
        7.967,
        5.312
      ]
    },
    {
      "Target": "Parameter",
      "Id": "ParamSkirt",
      "Segments": [
        0,
        -1,
        0,
        1,
        1,
        0,
        2,
        -1,
        0,
        3,
        1,
        0,
        4,
        -1,
        0,
        5,
        1,
        0,
        6,
        -1,
        0,
        7,
        1,
        0,
        7.967,
        -1
      ]
    },
    {
      "Target": "Parameter",
      "Id": "ParamSkirtY",
      "Segments": [
        0,
        0.741,
        0,
        0.7,
        -0.337,
        0,
        1.7,
        0.741,
        0,
        2.7,
        -0.337,
        0,
        3.7,
        0.741,
        0,
        4.7,
        -0.337,
        0,
        5.7,
        0.741,
        0,
        6.7,
        -0.337,
        0,
        7.967,
        0.741
      ]
    },
    {
      "Target": "Parameter",
      "Id": "ParamSkirt2",
      "Segments": [
        0,
        -0.42,
        0,
        1.267,
        0.824,
        0,
        2.267,
        -0.42,
        0,
        3.267,
        0.824,
        0,
        4.267,
        -0.42,
        0,
        5.267,
        0.824,
        0,
        6.267,
        -0.42,
        0,
        7.267,
        0.824,
        0,
        7.967,
        -0.42
      ]
    },
    {
      "Target": "Parameter",
      "Id": "ParamEYET",
      "Segments": [
        0,
        0,
        0,
        7.967,
        0
      ]
    },
    {
      "Target": "Parameter",
      "Id": "ParamParamBrowLY",
      "Segments": [
        0,
        0,
        0,
        7.967,
        0
      ]
    },
    {
      "Target": "Parameter",
      "Id": "ParamParamBrowRY",
      "Segments": [
        0,
        0,
        0,
        7.967,
        0
      ]
    },
    {
      "Target": "Parameter",
      "Id": "ParamBrowLAngle",
      "Segments": [
        0,
        0,
        0,
        7.967,
        0
      ]
    },
    {
      "Target": "Parameter",
      "Id": "ParamBrowRAngle",
      "Segments": [
        0,
        0,
        0,
        7.967,
        0
      ]
    },
    {
      "Target": "Parameter",
      "Id": "ParamBrowLForm",
      "Segments": [
        0,
        0,
        0,
        7.967,
        0
      ]
    },
    {
      "Target": "Parameter",
      "Id": "ParamBrowRForm",
      "Segments": [
        0,
        0,
        0,
        7.967,
        0
      ]
    },
    {
      "Target": "Parameter",
      "Id": "ParamCheek",
      "Segments": [
        0,
        0,
        0,
        7.967,
        0
      ]
    },
    {
      "Target": "Parameter",
      "Id": "ParamMouthOpenY",
      "Segments": [
        0,
        0,
        0,
        7.967,
        0
      ]
    },
    {
      "Target": "Parameter",
      "Id": "ParamMouthForm",
      "Segments": [
        0,
        0,
        0,
        7.967,
        0
      ]
    },
    {
      "Target": "Parameter",
      "Id": "ParamMouthX",
      "Segments": [
        0,
        0,
        0,
        7.967,
        0
      ]
    },
    {
      "Target": "Parameter",
      "Id": "ParamTDP",
      "Segments": [
        0,
        0,
        0,
        7.967,
        0
      ]
    },
    {
      "Target": "Parameter",
      "Id": "ParamDDZ",
      "Segments": [
        0,
        0,
        0,
        7.967,
        0
      ]
    },
    {
      "Target": "Parameter",
      "Id": "ParamLjian",
      "Segments": [
        0,
        0,
        0,
        7.967,
        0
      ]
    },
    {
      "Target": "Parameter",
      "Id": "ParamRjian",
      "Segments": [
        0,
        0,
        0,
        7.967,
        0
      ]
    },
    {
      "Target": "Parameter",
      "Id": "ParamZTX2",
      "Segments": [
        0,
        0,
        0,
        7.967,
        0
      ]
    },
    {
      "Target": "Parameter",
      "Id": "ParamBDX",
      "Segments": [
        0,
        0,
        0,
        7.967,
        0
      ]
    },
    {
      "Target": "Parameter",
      "Id": "ParamArmLY",
      "Segments": [
        0,
        -7,
        0,
        7.967,
        -7
      ]
    },
    {
      "Target": "Parameter",
      "Id": "ParamZBTY",
      "Segments": [
        0,
        -60,
        0,
        7.967,
        -60
      ]
    },
    {
      "Target": "Parameter",
      "Id": "ParamZBTX",
      "Segments": [
        0,
        0,
        0,
        7.967,
        0
      ]
    },
    {
      "Target": "Parameter",
      "Id": "ParamZXZ",
      "Segments": [
        0,
        0,
        0,
        7.967,
        0
      ]
    },
    {
      "Target": "Parameter",
      "Id": "ParamZMZ",
      "Segments": [
        0,
        0,
        0,
        7.967,
        0
      ]
    },
    {
      "Target": "Parameter",
      "Id": "ParamZD",
      "Segments": [
        0,
        -30,
        0,
        7.967,
        -30
      ]
    },
    {
      "Target": "Parameter",
      "Id": "ParamZSH",
      "Segments": [
        0,
        30,
        0,
        7.967,
        30
      ]
    },
    {
      "Target": "Parameter",
      "Id": "ParamZSTC",
      "Segments": [
        0,
        0,
        0,
        7.967,
        0
      ]
    },
    {
      "Target": "Parameter",
      "Id": "ParamArmRY",
      "Segments": [
        0,
        0,
        0,
        7.967,
        0
      ]
    },
    {
      "Target": "Parameter",
      "Id": "ParamYBTY",
      "Segments": [
        0,
        -60,
        0,
        7.967,
        -60
      ]
    },
    {
      "Target": "Parameter",
      "Id": "ParamYBTX",
      "Segments": [
        0,
        -30,
        0,
        7.967,
        -30
      ]
    },
    {
      "Target": "Parameter",
      "Id": "ParamYSWY",
      "Segments": [
        0,
        -8,
        0,
        7.967,
        -8
      ]
    },
    {
      "Target": "Parameter",
      "Id": "ParamYXZ",
      "Segments": [
        0,
        -30,
        0,
        7.967,
        -30
      ]
    },
    {
      "Target": "Parameter",
      "Id": "ParamYXZ2",
      "Segments": [
        0,
        0,
        0,
        7.967,
        0
      ]
    },
    {
      "Target": "Parameter",
      "Id": "ParamYWMZ",
      "Segments": [
        0,
        -30,
        0,
        7.967,
        -30
      ]
    },
    {
      "Target": "Parameter",
      "Id": "ParamYWMZ2",
      "Segments": [
        0,
        0,
        0,
        7.967,
        0
      ]
    },
    {
      "Target": "Parameter",
      "Id": "ParamYZZ",
      "Segments": [
        0,
        -24,
        0,
        7.967,
        -24
      ]
    },
    {
      "Target": "Parameter",
      "Id": "ParamYZZ2",
      "Segments": [
        0,
        0,
        0,
        7.967,
        0
      ]
    },
    {
      "Target": "Parameter",
      "Id": "ParamYSZ",
      "Segments": [
        0,
        -30,
        0,
        7.967,
        -30
      ]
    },
    {
      "Target": "Parameter",
      "Id": "ParamYSZ2",
      "Segments": [
        0,
        0,
        0,
        7.967,
        0
      ]
    },
    {
      "Target": "Parameter",
      "Id": "ParamYMZ",
      "Segments": [
        0,
        -20,
        0,
        7.967,
        -20
      ]
    },
    {
      "Target": "Parameter",
      "Id": "ParamYD",
      "Segments": [
        0,
        -40,
        0,
        7.967,
        -40
      ]
    },
    {
      "Target": "Parameter",
      "Id": "ParamYSH",
      "Segments": [
        0,
        -30,
        0,
        7.967,
        -30
      ]
    },
    {
      "Target": "Parameter",
      "Id": "ParamYSTC",
      "Segments": [
        0,
        1,
        0,
        7.967,
        1
      ]
    },
    {
      "Target": "Parameter",
      "Id": "ParamGXZ1",
      "Segments": [
        0,
        0,
        0,
        7.967,
        0
      ]
    },
    {
      "Target": "Parameter",
      "Id": "ParamGXZ2",
      "Segments": [
        0,
        0,
        0,
        7.967,
        0
      ]
    },
    {
      "Target": "Parameter",
      "Id": "ParamGDTX",
      "Segments": [
        0,
        0,
        0,
        7.967,
        0
      ]
    },
    {
      "Target": "Parameter",
      "Id": "ParamGDTX2",
      "Segments": [
        0,
        0,
        0,
        7.967,
        0
      ]
    },
    {
      "Target": "Parameter",
      "Id": "ParamGDTX3",
      "Segments": [
        0,
        0,
        0,
        7.967,
        0
      ]
    },
    {
      "Target": "Parameter",
      "Id": "ParamHT",
      "Segments": [
        0,
        1,
        0,
        7.967,
        1
      ]
    },
    {
      "Target": "Parameter",
      "Id": "Paramxzb",
      "Segments": [
        0,
        -3,
        0,
        7.967,
        -3
      ]
    },
    {
      "Target": "Parameter",
      "Id": "ParamJYX",
      "Segments": [
        0,
        0,
        0,
        7.967,
        0
      ]
    },
    {
      "Target": "Parameter",
      "Id": "ParamGTC1",
      "Segments": [
        0,
        0,
        0,
        7.967,
        0
      ]
    },
    {
      "Target": "Parameter",
      "Id": "ParamGTC2",
      "Segments": [
        0,
        0,
        0,
        7.967,
        0
      ]
    },
    {
      "Target": "Parameter",
      "Id": "ParamGTC3",
      "Segments": [
        0,
        0,
        0,
        7.967,
        0
      ]
    },
    {
      "Target": "Parameter",
      "Id": "ParamGXS",
      "Segments": [
        0,
        1,
        0,
        7.967,
        1
      ]
    },
    {
      "Target": "Parameter",
      "Id": "ParamGZZ",
      "Segments": [
        0,
        0,
        0,
        7.967,
        0
      ]
    },
    {
      "Target": "Parameter",
      "Id": "ParamZDTTQ",
      "Segments": [
        0,
        0,
        0,
        7.967,
        0
      ]
    },
    {
      "Target": "Parameter",
      "Id": "ParamZXTB",
      "Segments": [
        0,
        -1,
        0,
        7.967,
        -1
      ]
    },
    {
      "Target": "Parameter",
      "Id": "ParamZJJR",
      "Segments": [
        0,
        0,
        0,
        7.967,
        0
      ]
    },
    {
      "Target": "Parameter",
      "Id": "ParamMDL",
      "Segments": [
        0,
        -10,
        0,
        7.967,
        -10
      ]
    },
    {
      "Target": "Parameter",
      "Id": "ParamLegRX",
      "Segments": [
        0,
        0,
        0,
        7.967,
        0
      ]
    },
    {
      "Target": "Parameter",
      "Id": "ParamTXTT",
      "Segments": [
        0,
        -0.071,
        0,
        7.967,
        -0.071
      ]
    },
    {
      "Target": "Parameter",
      "Id": "ParamLegR1Y",
      "Segments": [
        0,
        0,
        0,
        7.967,
        0
      ]
    },
    {
      "Target": "Parameter",
      "Id": "ParamYJJR",
      "Segments": [
        0,
        0,
        0,
        7.967,
        0
      ]
    },
    {
      "Target": "Parameter",
      "Id": "ParamMDR",
      "Segments": [
        0,
        0,
        0,
        7.967,
        0
      ]
    },
    {
      "Target": "Parameter",
      "Id": "ParamWhite1",
      "Segments": [
        0,
        0,
        0,
        7.967,
        0
      ]
    },
    {
      "Target": "Parameter",
      "Id": "ParamBlack0",
      "Segments": [
        0,
        1,
        0,
        7.967,
        1
      ]
    },
    {
      "Target": "Parameter",
      "Id": "ParamBlack01",
      "Segments": [
        0,
        1,
        0,
        7.967,
        1
      ]
    },
    {
      "Target": "Parameter",
      "Id": "ParamBlack1",
      "Segments": [
        0,
        0,
        0,
        7.967,
        0
      ]
    },
    {
      "Target": "Parameter",
      "Id": "Param97X",
      "Segments": [
        0,
        0,
        0,
        7.967,
        0
      ]
    },
    {
      "Target": "Parameter",
      "Id": "Param97Y",
      "Segments": [
        0,
        0,
        0,
        7.967,
        0
      ]
    },
    {
      "Target": "Parameter",
      "Id": "Param97O",
      "Segments": [
        0,
        0,
        0,
        7.967,
        0
      ]
    },
    {
      "Target": "Parameter",
      "Id": "ParamWY",
      "Segments": [
        0,
        0,
        0,
        7.967,
        0
      ]
    },
    {
      "Target": "Parameter",
      "Id": "ParamWZoom",
      "Segments": [
        0,
        0,
        0,
        7.967,
        0
      ]
    },
    {
      "Target": "Parameter",
      "Id": "Parammod",
      "Segments": [
        0,
        10,
        0,
        7.967,
        10
      ]
    },
    {
      "Target": "Parameter",
      "Id": "ParamHairBack",
      "Segments": [
        0,
        -0.1,
        0,
        7.967,
        -0.1
      ]
    }
  ],
  "UserData": [
    {
      "Time": 0.0,
      "Value": ""
    }
  ]
}