{
  "Version": 3,
  "Meta": {
    "Duration": 8.0,
    "Fps": 30.0,
    "Loop": true,
    "AreBeziersRestricted": true,
    "CurveCount": 4,
    "TotalSegmentCount": 13,
    "TotalPointCount": 17,
    "UserDataCount": 1,
    "TotalUserDataSize": 0
  },
  "Curves": [
    {
      "Target": "Parameter",
      "Id": "ParamZUZ",
      "Segments": [
        0,
        -13.704,
        0,
        4,
        13.704,
        0,
        8,
        -13.704
      ]
    },
    {
      "Target": "Parameter",
      "Id": "ParamDBX",
      "Segments": [
        0,
        -13.333,
        0,
        2,
        13.333,
        0,
        4,
        -13.333,
        0,
        6,
        13.333,
        0,
        8,
        -13.333
      ]
    },
    {
      "Target": "Parameter",
      "Id": "ParamDBY",
      "Segments": [
        0,
        0,
        1,
        0.333,
        -7.055,
        0.667,
        -13.333,
        1,
        -13.333,
        0,
        3,
        13.333,
        0,
        5,
        -13.333,
        0,
        7,
        13.333,
        1,
        7.333,
        13.333,
        7.667,
        6.238,
        8,
        0
      ]
    },
    {
      "Target": "Parameter",
      "Id": "ParamMouthOpenY",
      "Segments": [
        0,
        0,
        0,
        8,
        0
      ]
    }
  ],
  "UserData": [
    {
      "Time": 0.0,
      "Value": ""
    }
  ]
}