{
  "Version": 3,
  "Meta": {
    "Duration": 4.6,
    "Fps": 30.0,
    "Loop": true,
    "AreBeziersRestricted": true,
    "CurveCount": 158,
    "TotalSegmentCount": 990,
    "TotalPointCount": 1904,
    "UserDataCount": 2,
    "TotalUserDataSize": 21
  },
  "Curves": [
    {
      "Target": "Parameter",
      "Id": "ParamAngleX",
      "Segments": [
        0,
        30,
        0,
        0.4,
        0,
        1,
        0.9,
        0,
        1.4,
        2.667,
        1.9,
        11.288,
        1,
        2,
        13.012,
        2.1,
        30,
        2.2,
        30,
        2,
        3.467,
        30,
        2,
        4.6,
        30
      ]
    },
    {
      "Target": "Parameter",
      "Id": "ParamAngleY",
      "Segments": [
        0,
        -14.291,
        1,
        0.111,
        -14.291,
        0.222,
        13.211,
        0.333,
        11,
        1,
        0.566,
        6.349,
        0.8,
        -30,
        1.033,
        -30,
        1,
        1.844,
        -30,
        2.656,
        -19.822,
        3.467,
        -15.63,
        1,
        3.845,
        -13.678,
        4.222,
        -14.291,
        4.6,
        -14.291
      ]
    },
    {
      "Target": "Parameter",
      "Id": "ParamAngleZ",
      "Segments": [
        0,
        4.601,
        0,
        1.033,
        -13,
        1,
        1.355,
        -13,
        1.678,
        -6.661,
        2,
        9,
        1,
        2.033,
        10.62,
        2.067,
        20,
        2.1,
        20,
        0,
        2.233,
        -4,
        0,
        2.4,
        21,
        0,
        3,
        -2,
        1,
        3.156,
        -2,
        3.311,
        2.834,
        3.467,
        8.024,
        1,
        3.634,
        13.585,
        3.8,
        15,
        3.967,
        15,
        0,
        4.6,
        4.601
      ]
    },
    {
      "Target": "Parameter",
      "Id": "ParamEyeLOpen",
      "Segments": [
        0,
        1,
        0,
        0.333,
        1.5,
        0,
        0.967,
        0.8,
        0,
        1.433,
        0.848,
        0,
        1.567,
        0,
        1,
        1.622,
        0,
        1.678,
        0.873,
        1.733,
        0.877,
        1,
        2.311,
        0.92,
        2.889,
        0.981,
        3.467,
        0.994,
        1,
        3.845,
        1.002,
        4.222,
        1,
        4.6,
        1
      ]
    },
    {
      "Target": "Parameter",
      "Id": "ParamEyeROpen",
      "Segments": [
        0,
        1,
        0,
        0.333,
        1.3,
        0,
        0.967,
        0.8,
        0,
        1.433,
        0.848,
        0,
        1.567,
        0,
        1,
        1.622,
        0,
        1.678,
        0.873,
        1.733,
        0.877,
        1,
        2.311,
        0.92,
        2.889,
        0.981,
        3.467,
        0.994,
        1,
        3.845,
        1.002,
        4.222,
        1,
        4.6,
        1
      ]
    },
    {
      "Target": "Parameter",
      "Id": "ParamEYET",
      "Segments": [
        0,
        0,
        2,
        0.567,
        0,
        0,
        1.433,
        -10,
        1,
        2.111,
        -10,
        2.789,
        -3.762,
        3.467,
        -1.116,
        1,
        3.845,
        0.359,
        4.222,
        0,
        4.6,
        0
      ]
    },
    {
      "Target": "Parameter",
      "Id": "ParamEyeBallX",
      "Segments": [
        0,
        -0.722,
        1,
        0.144,
        -0.722,
        0.289,
        -0.063,
        0.433,
        0,
        1,
        0.666,
        0.102,
        0.9,
        0.1,
        1.133,
        0.1,
        1,
        1.344,
        0.1,
        1.556,
        0.067,
        1.767,
        -0.1,
        1,
        1.945,
        -0.24,
        2.122,
        -0.691,
        2.3,
        -0.7,
        1,
        2.689,
        -0.72,
        3.078,
        -0.721,
        3.467,
        -0.721,
        0,
        4.6,
        -0.72
      ]
    },
    {
      "Target": "Parameter",
      "Id": "ParamEyeBallY",
      "Segments": [
        0,
        0.317,
        0,
        0.433,
        0,
        1,
        0.666,
        0,
        0.9,
        0.38,
        1.133,
        0.4,
        1,
        1.522,
        0.433,
        1.911,
        0.613,
        2.3,
        0.6,
        1,
        2.689,
        0.6,
        3.078,
        0.446,
        3.467,
        0.379,
        1,
        3.845,
        0.314,
        4.222,
        0.317,
        4.6,
        0.317
      ]
    },
    {
      "Target": "Parameter",
      "Id": "ParamParamBrowLY",
      "Segments": [
        0,
        0,
        0,
        1.167,
        -0.7,
        1,
        1.934,
        -0.7,
        2.7,
        -0.253,
        3.467,
        -0.065,
        1,
        3.845,
        0.027,
        4.222,
        0,
        4.6,
        0
      ]
    },
    {
      "Target": "Parameter",
      "Id": "ParamParamBrowRY",
      "Segments": [
        0,
        0,
        0,
        1.167,
        -0.1,
        1,
        1.934,
        -0.1,
        2.7,
        -0.036,
        3.467,
        -0.009,
        1,
        3.845,
        0.004,
        4.222,
        0,
        4.6,
        0
      ]
    },
    {
      "Target": "Parameter",
      "Id": "ParamBrowLAngle",
      "Segments": [
        0,
        0,
        0,
        1.167,
        -0.7,
        1,
        1.934,
        -0.7,
        2.7,
        -0.253,
        3.467,
        -0.065,
        1,
        3.845,
        0.027,
        4.222,
        0,
        4.6,
        0
      ]
    },
    {
      "Target": "Parameter",
      "Id": "ParamBrowRAngle",
      "Segments": [
        0,
        0,
        0,
        1.167,
        -0.5,
        1,
        1.934,
        -0.5,
        2.7,
        -0.18,
        3.467,
        -0.046,
        1,
        3.845,
        0.02,
        4.222,
        0,
        4.6,
        0
      ]
    },
    {
      "Target": "Parameter",
      "Id": "ParamBrowLForm",
      "Segments": [
        0,
        0,
        0,
        1.167,
        0.3,
        1,
        1.934,
        0.3,
        2.7,
        0.108,
        3.467,
        0.028,
        1,
        3.845,
        -0.012,
        4.222,
        0,
        4.6,
        0
      ]
    },
    {
      "Target": "Parameter",
      "Id": "ParamCheek",
      "Segments": [
        0,
        0,
        0,
        1.167,
        1,
        2,
        3.3,
        1,
        1,
        3.356,
        1,
        3.411,
        0.942,
        3.467,
        0.857,
        1,
        3.845,
        0.277,
        4.222,
        0,
        4.6,
        0
      ]
    },
    {
      "Target": "Parameter",
      "Id": "ParamMouthOpenY",
      "Segments": [
        0,
        0,
        2,
        0.4,
        0,
        1,
        0.422,
        -0.001,
        0.445,
        0.178,
        0.467,
        0.404,
        1,
        0.478,
        0.52,
        0.489,
        0.659,
        0.5,
        0.784,
        1,
        0.511,
        0.916,
        0.522,
        1.06,
        0.533,
        1,
        2,
        0.7,
        1,
        1,
        0.711,
        0.981,
        0.722,
        1.053,
        0.733,
        0.913,
        1,
        0.744,
        0.837,
        0.756,
        0.744,
        0.767,
        0.672,
        1,
        0.8,
        0.442,
        0.834,
        0.258,
        0.867,
        0.258,
        1,
        0.934,
        0.258,
        1,
        0.748,
        1.067,
        0.994,
        3,
        1.1,
        1,
        2,
        1.133,
        1,
        1,
        1.144,
        1.104,
        1.156,
        0.865,
        1.167,
        0.569,
        1,
        1.178,
        0.304,
        1.189,
        -0.005,
        1.2,
        0.008,
        1,
        1.256,
        0.008,
        1.311,
        0.746,
        1.367,
        0.994,
        3,
        1.4,
        1,
        2,
        1.433,
        1,
        1,
        1.466,
        0.887,
        1.5,
        0.634,
        1.533,
        0.636,
        1,
        1.566,
        0.623,
        1.6,
        0.938,
        1.633,
        1,
        2,
        1.7,
        1,
        1,
        1.722,
        0.956,
        1.745,
        0.732,
        1.767,
        0.557,
        1,
        1.8,
        0.271,
        1.834,
        0.007,
        1.867,
        0,
        2,
        2.133,
        0,
        1,
        2.144,
        -0.017,
        2.156,
        0.377,
        2.167,
        0.714,
        3,
        2.2,
        1,
        2,
        2.233,
        1,
        1,
        2.266,
        0.974,
        2.3,
        -0.068,
        2.333,
        0,
        1,
        2.378,
        -0.006,
        2.422,
        0.744,
        2.467,
        0.738,
        1,
        2.489,
        0.734,
        2.511,
        0.482,
        2.533,
        0.478,
        1,
        2.566,
        0.456,
        2.6,
        0.845,
        2.633,
        1,
        2,
        2.767,
        1,
        2,
        2.8,
        0.847,
        1,
        2.822,
        0.412,
        2.845,
        0.01,
        2.867,
        0,
        1,
        2.878,
        -0.018,
        2.889,
        0.409,
        2.9,
        0.776,
        3,
        2.933,
        1,
        2,
        3.033,
        1,
        1,
        3.044,
        0.992,
        3.056,
        1.032,
        3.067,
        0.905,
        1,
        3.078,
        0.83,
        3.089,
        0.738,
        3.1,
        0.667,
        1,
        3.133,
        0.44,
        3.167,
        0.258,
        3.2,
        0.258,
        1,
        3.222,
        0.266,
        3.245,
        0.569,
        3.267,
        0.898,
        3,
        3.3,
        1,
        2,
        3.367,
        1,
        1,
        3.4,
        1.113,
        3.434,
        -0.099,
        3.467,
        0,
        2,
        4.6,
        0
      ]
    },
    {
      "Target": "Parameter",
      "Id": "ParamMouthForm",
      "Segments": [
        0,
        0,
        0,
        0.367,
        -1,
        0,
        0.733,
        0,
        2,
        1.533,
        0,
        0,
        1.733,
        1,
        2,
        2,
        1,
        1,
        2.489,
        1,
        2.978,
        0.431,
        3.467,
        0.175,
        1,
        3.845,
        -0.022,
        4.222,
        0,
        4.6,
        0
      ]
    },
    {
      "Target": "Parameter",
      "Id": "ParamMouthX",
      "Segments": [
        0,
        0,
        2,
        1.533,
        0,
        0,
        2.1,
        -1,
        1,
        2.556,
        -1,
        3.011,
        -0.445,
        3.467,
        -0.192,
        1,
        3.845,
        0.018,
        4.222,
        0,
        4.6,
        0
      ]
    },
    {
      "Target": "Parameter",
      "Id": "ParamBodyAngleX",
      "Segments": [
        0,
        -7.919,
        0,
        1.033,
        -5,
        2,
        1.967,
        -5,
        0,
        2.4,
        10,
        1,
        2.467,
        10,
        2.533,
        9.943,
        2.6,
        9.837,
        1,
        2.733,
        9.621,
        2.867,
        -9.437,
        3,
        -10,
        1,
        3.078,
        -10,
        3.155,
        9.549,
        3.233,
        9.573,
        0,
        3.467,
        1.212,
        0,
        3.533,
        -0.171,
        1,
        3.889,
        -5.427,
        4.244,
        -7.919,
        4.6,
        -7.919
      ]
    },
    {
      "Target": "Parameter",
      "Id": "ParamBodyAngleY",
      "Segments": [
        0,
        2.22,
        0,
        1.033,
        -10,
        2,
        1.967,
        -10,
        1,
        2.034,
        -10,
        2.1,
        -9.96,
        2.167,
        -9.915,
        1,
        2.5,
        -8.121,
        2.834,
        10,
        3.167,
        10,
        1,
        3.222,
        9.983,
        3.278,
        0.278,
        3.333,
        0.256,
        1,
        3.378,
        0.256,
        3.422,
        0.289,
        3.467,
        0.426,
        1,
        3.845,
        1.593,
        4.222,
        2.22,
        4.6,
        2.22
      ]
    },
    {
      "Target": "Parameter",
      "Id": "ParamBodyAngleZ",
      "Segments": [
        0,
        1.909,
        0,
        1.033,
        10,
        2,
        1.967,
        10,
        0,
        2.067,
        -3.419,
        0,
        2.2,
        10,
        0,
        2.4,
        -10,
        2,
        2.567,
        -10,
        0,
        2.967,
        6.923,
        0,
        3.167,
        4.017,
        0,
        3.467,
        10,
        0,
        4.6,
        1.909
      ]
    },
    {
      "Target": "Parameter",
      "Id": "ParamYAOZ",
      "Segments": [
        0,
        1.328,
        0,
        0.5,
        -10,
        1,
        0.678,
        -10,
        0.855,
        4.089,
        1.033,
        6,
        1,
        1.344,
        9.329,
        1.656,
        6,
        1.967,
        6,
        1,
        2.045,
        6,
        2.122,
        -0.555,
        2.2,
        0.171,
        1,
        2.278,
        1.381,
        2.355,
        6.167,
        2.433,
        6.154,
        1,
        2.511,
        6.141,
        2.589,
        -7.962,
        2.667,
        -7.607,
        1,
        2.778,
        -7.094,
        2.889,
        9.484,
        3,
        10,
        1,
        3.133,
        10,
        3.267,
        0.502,
        3.4,
        0.171,
        1,
        3.422,
        -0.129,
        3.445,
        0.077,
        3.467,
        0.077,
        0,
        4.6,
        1.328
      ]
    },
    {
      "Target": "Parameter",
      "Id": "ParamZTM",
      "Segments": [
        0,
        3.309,
        0,
        0.5,
        12,
        1,
        0.678,
        12,
        0.855,
        -28.534,
        1.033,
        -30,
        0,
        1.967,
        -29,
        1,
        2.011,
        -29,
        2.056,
        -11.254,
        2.1,
        -11,
        1,
        2.133,
        -10.802,
        2.167,
        -1.233,
        2.2,
        -1,
        1,
        2.278,
        -0.46,
        2.355,
        -16.42,
        2.433,
        -16,
        1,
        2.511,
        -15.587,
        2.589,
        29.071,
        2.667,
        30,
        1,
        2.789,
        30,
        2.911,
        -27.082,
        3.033,
        -30,
        1,
        3.155,
        -30,
        3.278,
        5.037,
        3.4,
        11,
        1,
        3.422,
        14.576,
        3.445,
        13.298,
        3.467,
        13.298,
        0,
        4.6,
        3.309
      ]
    },
    {
      "Target": "Parameter",
      "Id": "ParamYTM",
      "Segments": [
        0,
        8.89,
        0,
        0.5,
        19,
        1,
        0.678,
        19,
        0.855,
        -15.294,
        1.033,
        -17,
        1,
        1.344,
        -19.971,
        1.656,
        -14,
        1.967,
        -14,
        1,
        2.011,
        -14,
        2.056,
        3.82,
        2.1,
        4,
        1,
        2.133,
        4.14,
        2.167,
        9.862,
        2.2,
        10,
        1,
        2.278,
        10.318,
        2.355,
        -4.14,
        2.433,
        -4,
        1,
        2.511,
        -3.862,
        2.589,
        24.446,
        2.667,
        25,
        1,
        2.789,
        25.866,
        2.911,
        -11.347,
        3.033,
        -13,
        1,
        3.155,
        -14.66,
        3.278,
        4.94,
        3.4,
        9,
        1,
        3.422,
        11.181,
        3.445,
        10.741,
        3.467,
        10.741,
        0,
        4.6,
        8.89
      ]
    },
    {
      "Target": "Parameter",
      "Id": "ParamHipY",
      "Segments": [
        0,
        0,
        2,
        1.967,
        0,
        0,
        2.4,
        1.88,
        0,
        2.433,
        -3.077,
        0,
        2.8,
        4.444,
        0,
        3.133,
        -1.795,
        1,
        3.244,
        -1.795,
        3.356,
        -1.462,
        3.467,
        -1.202,
        1,
        3.845,
        -0.32,
        4.222,
        0,
        4.6,
        0
      ]
    },
    {
      "Target": "Parameter",
      "Id": "ParamZTX",
      "Segments": [
        0,
        0,
        0,
        0.5,
        10,
        1,
        0.678,
        10,
        0.855,
        5.37,
        1.033,
        1,
        1,
        1.344,
        -6.648,
        1.656,
        -9,
        1.967,
        -9,
        1,
        2.011,
        -9,
        2.056,
        5.372,
        2.1,
        9,
        1,
        2.178,
        15.35,
        2.255,
        16.111,
        2.333,
        16.111,
        0,
        2.433,
        12.927,
        2,
        2.633,
        12.927,
        1,
        2.755,
        12.927,
        2.878,
        15.679,
        3,
        22.128,
        1,
        3.033,
        23.887,
        3.067,
        25.41,
        3.1,
        25.41,
        2,
        3.3,
        25.41,
        1,
        3.356,
        25.41,
        3.411,
        23.937,
        3.467,
        21.769,
        1,
        3.845,
        7.032,
        4.222,
        0,
        4.6,
        0
      ]
    },
    {
      "Target": "Parameter",
      "Id": "ParamZTX2",
      "Segments": [
        0,
        -1.259,
        2,
        1.033,
        -1.259,
        0,
        1.533,
        1.321,
        0,
        1.967,
        -6.899,
        1,
        2.467,
        -6.899,
        2.967,
        -3.665,
        3.467,
        -2.219,
        1,
        3.845,
        -1.127,
        4.222,
        -1.259,
        4.6,
        -1.259
      ]
    },
    {
      "Target": "Parameter",
      "Id": "ParamZTY",
      "Segments": [
        0,
        0,
        0,
        0.433,
        19.969,
        0,
        0.833,
        3.415,
        2,
        1.933,
        3.415,
        0,
        2.133,
        -2,
        0,
        3.667,
        0,
        2,
        4.067,
        0,
        0,
        4.3,
        10.881,
        0,
        4.6,
        0
      ]
    },
    {
      "Target": "Parameter",
      "Id": "ParamZTZ",
      "Segments": [
        0,
        0,
        0,
        0.5,
        -20,
        2,
        1.967,
        -20,
        0,
        2.233,
        9,
        1,
        2.533,
        9,
        2.833,
        8.615,
        3.133,
        7.179,
        1,
        3.244,
        6.647,
        3.356,
        4.837,
        3.467,
        4.003,
        1,
        3.845,
        1.169,
        4.222,
        0,
        4.6,
        0
      ]
    },
    {
      "Target": "Parameter",
      "Id": "ParamArmL",
      "Segments": [
        0,
        -0.909,
        1,
        0.389,
        -0.909,
        0.778,
        -10.048,
        1.167,
        -21,
        1,
        1.434,
        -28.51,
        1.7,
        -30,
        1.967,
        -30,
        1,
        2.022,
        -30,
        2.078,
        -28.95,
        2.133,
        -20,
        1,
        2.178,
        -12.84,
        2.222,
        0,
        2.267,
        0,
        0,
        2.367,
        -19,
        0,
        2.533,
        -0.909,
        0,
        3,
        -20,
        0,
        3.133,
        0,
        2,
        3.233,
        0,
        1,
        3.311,
        0,
        3.389,
        -0.37,
        3.467,
        -0.712,
        1,
        3.511,
        -0.907,
        3.556,
        -0.909,
        3.6,
        -0.909,
        2,
        4.6,
        -0.909
      ]
    },
    {
      "Target": "Parameter",
      "Id": "ParamArmLY",
      "Segments": [
        0,
        0,
        2,
        1.967,
        0,
        0,
        2.133,
        -30,
        0,
        2.267,
        0,
        2,
        2.367,
        0,
        2,
        2.533,
        0,
        0,
        3,
        -30,
        0,
        3.133,
        0,
        2,
        3.233,
        0,
        2,
        3.467,
        0,
        2,
        3.6,
        0,
        2,
        4.6,
        0
      ]
    },
    {
      "Target": "Parameter",
      "Id": "ParamArmL1",
      "Segments": [
        0,
        -5.402,
        2,
        1.967,
        -5.402,
        0,
        2.133,
        -11,
        2,
        2.267,
        -11,
        2,
        2.367,
        -11,
        0,
        2.533,
        -5.402,
        0,
        3,
        -11,
        1,
        3.156,
        -11,
        3.311,
        -8.138,
        3.467,
        -5.865,
        1,
        3.511,
        -5.215,
        3.556,
        -5.402,
        3.6,
        -5.402,
        2,
        4.6,
        -5.402
      ]
    },
    {
      "Target": "Parameter",
      "Id": "ParamHandL",
      "Segments": [
        0,
        -3.908,
        0,
        1.167,
        -4,
        0,
        1.967,
        -3.908,
        0,
        2.133,
        -23,
        0,
        2.267,
        -15,
        2,
        2.367,
        -15,
        0,
        2.533,
        -3.908,
        0,
        3,
        -23,
        0,
        3.133,
        -27,
        2,
        3.233,
        -27,
        0,
        3.467,
        -16.602,
        0,
        3.833,
        -3.908,
        2,
        4.6,
        -3.908
      ]
    },
    {
      "Target": "Parameter",
      "Id": "ParamZBTY",
      "Segments": [
        0,
        -30,
        0,
        1.167,
        -26,
        0,
        1.967,
        -30,
        0,
        2.133,
        -22,
        0,
        2.267,
        -25,
        2,
        2.367,
        -25,
        1,
        2.422,
        -25,
        2.478,
        -24.867,
        2.533,
        -22,
        1,
        2.689,
        -13.973,
        2.844,
        -4.506,
        3,
        7,
        1,
        3.044,
        10.287,
        3.089,
        30,
        3.133,
        30,
        2,
        3.233,
        30,
        1,
        3.311,
        30,
        3.389,
        18.288,
        3.467,
        2.984,
        1,
        3.589,
        -21.066,
        3.711,
        -30,
        3.833,
        -30,
        2,
        4.6,
        -30
      ]
    },
    {
      "Target": "Parameter",
      "Id": "ParamZBTX",
      "Segments": [
        0,
        0,
        0,
        1.167,
        -30,
        1,
        1.434,
        -30,
        1.7,
        -22.759,
        1.967,
        0,
        1,
        2.022,
        4.741,
        2.078,
        30,
        2.133,
        30,
        0,
        2.267,
        -30,
        1,
        2.3,
        -30,
        2.334,
        30,
        2.367,
        30,
        0,
        2.533,
        -30,
        0,
        3,
        30,
        0,
        3.233,
        -30,
        0,
        3.433,
        30,
        1,
        3.444,
        30,
        3.456,
        30.5,
        3.467,
        28.967,
        1,
        3.589,
        12.113,
        3.711,
        0,
        3.833,
        0,
        2,
        4.6,
        0
      ]
    },
    {
      "Target": "Parameter",
      "Id": "ParamZXZ",
      "Segments": [
        0,
        -30,
        0,
        1.167,
        -14,
        0,
        1.967,
        -30,
        2,
        2.533,
        -30,
        2,
        3.467,
        -30,
        2,
        3.6,
        -30,
        2,
        4.6,
        -30
      ]
    },
    {
      "Target": "Parameter",
      "Id": "ParamZWMZ",
      "Segments": [
        0,
        -30,
        0,
        1.167,
        -15,
        0,
        1.967,
        -30,
        2,
        3.467,
        -30,
        2,
        4.6,
        -30
      ]
    },
    {
      "Target": "Parameter",
      "Id": "ParamZZZ",
      "Segments": [
        0,
        -30,
        0,
        1.167,
        -16,
        0,
        1.967,
        -30,
        2,
        3.467,
        -30,
        2,
        4.6,
        -30
      ]
    },
    {
      "Target": "Parameter",
      "Id": "ParamZSZ",
      "Segments": [
        0,
        -17,
        0,
        1.167,
        -1,
        0,
        1.967,
        -17,
        2,
        3.467,
        -17,
        2,
        4.6,
        -17
      ]
    },
    {
      "Target": "Parameter",
      "Id": "ParamZXZK",
      "Segments": [
        0,
        12.448,
        0,
        0.8,
        30,
        0,
        1.733,
        -30,
        2,
        2.033,
        -30,
        0,
        2.3,
        30,
        0,
        2.467,
        -30,
        0,
        2.667,
        25.926,
        0,
        2.9,
        -30,
        0,
        3.333,
        24.007,
        1,
        3.378,
        24.007,
        3.422,
        14.341,
        3.467,
        1.416,
        1,
        3.545,
        -21.203,
        3.622,
        -30,
        3.7,
        -30,
        0,
        4.6,
        12.448
      ]
    },
    {
      "Target": "Parameter",
      "Id": "ParamZXZX",
      "Segments": [
        0,
        -14.754,
        0,
        0.833,
        4,
        0,
        1.533,
        -10,
        0,
        2.1,
        6.667,
        0,
        2.5,
        -18.889,
        0,
        2.933,
        6.296,
        1,
        3.111,
        6.296,
        3.289,
        -0.297,
        3.467,
        -4.229,
        1,
        3.845,
        -12.584,
        4.222,
        -14.754,
        4.6,
        -14.754
      ]
    },
    {
      "Target": "Parameter",
      "Id": "ParamZXZY",
      "Segments": [
        0,
        -3.606,
        0,
        0.833,
        4,
        1,
        1.289,
        1.836,
        1.744,
        -0.001,
        2.2,
        22.882,
        0,
        2.6,
        -30,
        0,
        3.033,
        22.04,
        1,
        3.178,
        22.04,
        3.322,
        15.51,
        3.467,
        11.201,
        1,
        3.845,
        -0.067,
        4.222,
        -3.606,
        4.6,
        -3.606
      ]
    },
    {
      "Target": "Parameter",
      "Id": "ParamXZD3",
      "Segments": [
        0,
        -14.754,
        0,
        1.1,
        2.518,
        0,
        1.8,
        -11.482,
        0,
        2.367,
        5.186,
        0,
        2.767,
        -20.37,
        0,
        3.2,
        4.814,
        1,
        3.289,
        4.814,
        3.378,
        2.169,
        3.467,
        -0.25,
        1,
        3.845,
        -10.533,
        4.222,
        -14.754,
        4.6,
        -14.754
      ]
    },
    {
      "Target": "Parameter",
      "Id": "ParamXZD4",
      "Segments": [
        0,
        9.666,
        1,
        0.367,
        9.666,
        0.733,
        2.519,
        1.1,
        2.518,
        1,
        1.333,
        -1.512,
        1.567,
        -11.482,
        1.8,
        -11.482,
        0,
        2.367,
        5.186,
        0,
        2.767,
        -20.37,
        1,
        2.911,
        -20.37,
        3.056,
        1.262,
        3.2,
        4.814,
        1,
        3.289,
        7,
        3.378,
        7.773,
        3.467,
        8.066,
        1,
        3.845,
        9.314,
        4.222,
        9.666,
        4.6,
        9.666
      ]
    },
    {
      "Target": "Parameter",
      "Id": "ParamZD",
      "Segments": [
        0,
        0,
        0,
        1.167,
        4,
        0,
        1.967,
        0,
        2,
        3.467,
        0,
        2,
        4.6,
        0
      ]
    },
    {
      "Target": "Parameter",
      "Id": "ParamArmR",
      "Segments": [
        0,
        -2.023,
        0,
        1.167,
        -35,
        2,
        1.967,
        -35,
        1,
        2.178,
        -35,
        2.389,
        -25.106,
        2.6,
        -20,
        1,
        2.889,
        -13.013,
        3.178,
        -5.754,
        3.467,
        -4.128,
        1,
        3.845,
        -2.001,
        4.222,
        -2.023,
        4.6,
        -2.023
      ]
    },
    {
      "Target": "Parameter",
      "Id": "ParamArmRY",
      "Segments": [
        0,
        -7,
        0,
        1.167,
        -21,
        2,
        1.967,
        -21,
        0,
        2.133,
        -30,
        1,
        2.578,
        -30,
        3.022,
        -13.887,
        3.467,
        -2.218,
        1,
        3.589,
        0.991,
        3.711,
        0,
        3.833,
        0,
        0,
        4.6,
        -7
      ]
    },
    {
      "Target": "Parameter",
      "Id": "ParamArmR1",
      "Segments": [
        0,
        -17.152,
        0,
        2.133,
        0,
        2,
        3.167,
        0,
        1,
        3.267,
        0,
        3.367,
        -2.774,
        3.467,
        -5.077,
        1,
        3.845,
        -13.774,
        4.222,
        -17.152,
        4.6,
        -17.152
      ]
    },
    {
      "Target": "Parameter",
      "Id": "ParamHandR",
      "Segments": [
        0,
        -0.436,
        0,
        1.167,
        5,
        0,
        1.567,
        -4.103,
        0,
        1.967,
        5,
        1,
        2.467,
        5,
        2.967,
        1.883,
        3.467,
        0.489,
        1,
        3.845,
        -0.564,
        4.222,
        -0.436,
        4.6,
        -0.436
      ]
    },
    {
      "Target": "Parameter",
      "Id": "ParamYBTY",
      "Segments": [
        0,
        0,
        0,
        1.167,
        -12,
        2,
        1.967,
        -12,
        1,
        2.022,
        -12,
        2.078,
        -6.173,
        2.133,
        2,
        1,
        2.266,
        21.616,
        2.4,
        30,
        2.533,
        30,
        1,
        2.633,
        30,
        2.733,
        14.364,
        2.833,
        -1.154,
        1,
        2.911,
        -13.224,
        2.989,
        -15,
        3.067,
        -15,
        1,
        3.2,
        -15,
        3.334,
        -9.466,
        3.467,
        -3.994,
        1,
        3.589,
        1.023,
        3.711,
        2,
        3.833,
        2,
        0,
        4.6,
        0
      ]
    },
    {
      "Target": "Parameter",
      "Id": "ParamYBTX",
      "Segments": [
        0,
        0,
        0,
        2.133,
        -30,
        2,
        3.467,
        -30,
        2,
        3.833,
        -30,
        0,
        4.6,
        0
      ]
    },
    {
      "Target": "Parameter",
      "Id": "ParamYSWY",
      "Segments": [
        0,
        0,
        0,
        0.433,
        -30,
        0,
        1.467,
        30,
        0,
        2.133,
        0,
        2,
        3.467,
        0,
        2,
        4.6,
        0
      ]
    },
    {
      "Target": "Parameter",
      "Id": "ParamYSZ",
      "Segments": [
        0,
        -30,
        0,
        1.167,
        30,
        2,
        1.967,
        30,
        0,
        2.167,
        -30,
        2,
        3.467,
        -30,
        2,
        4.6,
        -30
      ]
    },
    {
      "Target": "Parameter",
      "Id": "ParamYSZ2",
      "Segments": [
        0,
        0,
        0,
        1.167,
        23,
        2,
        1.967,
        23,
        0,
        2.167,
        0,
        2,
        3.467,
        0,
        2,
        4.6,
        0
      ]
    },
    {
      "Target": "Parameter",
      "Id": "ParamYXZKH",
      "Segments": [
        0,
        9.079,
        0,
        0.8,
        -1,
        1,
        1.111,
        -10.795,
        1.422,
        -20.051,
        1.733,
        -20.051,
        0,
        2.8,
        -1,
        1,
        3.022,
        -1,
        3.245,
        -9.329,
        3.467,
        -16.276,
        1,
        3.589,
        -20.096,
        3.711,
        -20.051,
        3.833,
        -20.051,
        0,
        4.6,
        9.079
      ]
    },
    {
      "Target": "Parameter",
      "Id": "ParamYXZX",
      "Segments": [
        0,
        16.246,
        0,
        0.433,
        -15,
        0,
        1.333,
        14.487,
        1,
        1.555,
        14.487,
        1.778,
        6.81,
        2,
        -4.935,
        1,
        2.144,
        -11.813,
        2.289,
        -15,
        2.433,
        -15,
        1,
        2.733,
        -15,
        3.033,
        5.211,
        3.333,
        14.487,
        1,
        3.378,
        15.861,
        3.422,
        15.516,
        3.467,
        15.574,
        1,
        3.845,
        16.066,
        4.222,
        16.246,
        4.6,
        16.246
      ]
    },
    {
      "Target": "Parameter",
      "Id": "ParamYXZY",
      "Segments": [
        0,
        5.432,
        0,
        0.567,
        7.324,
        0,
        1,
        -16,
        0,
        1.567,
        7.324,
        0,
        2,
        -16,
        0,
        2.567,
        7.324,
        0,
        3,
        -16,
        1,
        3.156,
        -16,
        3.311,
        -3.76,
        3.467,
        5.395,
        1,
        3.511,
        8.011,
        3.556,
        7.324,
        3.6,
        7.324,
        0,
        4.6,
        5.432
      ]
    },
    {
      "Target": "Parameter",
      "Id": "ParamXZD",
      "Segments": [
        0,
        24.876,
        0,
        0.833,
        -28.872,
        0,
        1.9,
        30,
        0,
        2.733,
        -28.872,
        1,
        2.978,
        -28.872,
        3.222,
        -7.914,
        3.467,
        11.655,
        1,
        3.667,
        27.666,
        3.867,
        30,
        4.067,
        30,
        0,
        4.6,
        24.876
      ]
    },
    {
      "Target": "Parameter",
      "Id": "ParamXZD2",
      "Segments": [
        0,
        1.624,
        0,
        0.4,
        30,
        0,
        1.3,
        -5.897,
        0,
        2.4,
        30,
        0,
        3.367,
        -5.897,
        1,
        3.4,
        -5.897,
        3.434,
        -5.797,
        3.467,
        -5.392,
        1,
        3.845,
        -0.799,
        4.222,
        1.624,
        4.6,
        1.624
      ]
    },
    {
      "Target": "Parameter",
      "Id": "ParamLegL",
      "Segments": [
        0,
        17,
        0,
        0.5,
        -16,
        1,
        0.722,
        -16,
        0.945,
        -14.678,
        1.167,
        -12.866,
        1,
        1.311,
        -11.688,
        1.456,
        -10.821,
        1.6,
        -9.928,
        1,
        1.711,
        -9.241,
        1.822,
        -8.972,
        1.933,
        -8.08,
        1,
        2,
        -7.545,
        2.066,
        -3.372,
        2.133,
        0,
        1,
        2.178,
        2.248,
        2.222,
        5.863,
        2.267,
        5.863,
        0,
        2.433,
        1,
        0,
        2.6,
        10.348,
        1,
        2.678,
        10.348,
        2.755,
        9.327,
        2.833,
        5.863,
        1,
        2.889,
        3.389,
        2.944,
        1,
        3,
        1,
        1,
        3.056,
        1,
        3.111,
        9.353,
        3.167,
        10.348,
        1,
        3.267,
        12.139,
        3.367,
        13.279,
        3.467,
        14.211,
        1,
        3.556,
        15.039,
        3.644,
        15.897,
        3.733,
        16.115,
        1,
        4.022,
        16.824,
        4.311,
        17,
        4.6,
        17
      ]
    },
    {
      "Target": "Parameter",
      "Id": "ParamLegLY",
      "Segments": [
        0,
        0,
        0,
        0.5,
        7,
        0,
        1.167,
        -10,
        1,
        1.422,
        -10,
        1.678,
        -9.539,
        1.933,
        -8.059,
        1,
        1.978,
        -7.802,
        2.022,
        -2.089,
        2.067,
        -2,
        1,
        2.145,
        -1.844,
        2.222,
        -1.865,
        2.3,
        -1.695,
        1,
        2.356,
        -1.573,
        2.411,
        5.333,
        2.467,
        5.333,
        1,
        2.522,
        5.333,
        2.578,
        -1.095,
        2.633,
        -1.294,
        1,
        2.722,
        -1.613,
        2.811,
        -1.599,
        2.9,
        -1.599,
        0,
        3.067,
        5.333,
        0,
        3.233,
        -1.294,
        1,
        3.311,
        -1.294,
        3.389,
        -1.214,
        3.467,
        -1.057,
        1,
        3.556,
        -0.878,
        3.644,
        -0.639,
        3.733,
        -0.521,
        1,
        4.022,
        -0.137,
        4.311,
        0,
        4.6,
        0
      ]
    },
    {
      "Target": "Parameter",
      "Id": "ParamLegL1",
      "Segments": [
        0,
        0,
        0,
        0.5,
        5,
        1,
        0.722,
        5,
        0.945,
        5.039,
        1.167,
        4.525,
        1,
        1.422,
        3.934,
        1.678,
        2.582,
        1.933,
        2.582,
        0,
        2.067,
        12,
        0,
        2.3,
        10.956,
        0,
        2.467,
        14,
        0,
        2.633,
        7.215,
        1,
        2.722,
        7.215,
        2.811,
        8.224,
        2.9,
        10.956,
        1,
        2.956,
        12.664,
        3.011,
        14,
        3.067,
        14,
        1,
        3.122,
        14,
        3.178,
        8.479,
        3.233,
        7.215,
        1,
        3.311,
        5.445,
        3.389,
        4.377,
        3.467,
        3.512,
        1,
        3.556,
        2.523,
        3.644,
        1.432,
        3.733,
        1.15,
        1,
        4.022,
        0.233,
        4.311,
        0,
        4.6,
        0
      ]
    },
    {
      "Target": "Parameter",
      "Id": "ParamLegL1Y",
      "Segments": [
        0,
        0,
        2,
        0.5,
        0,
        2,
        1.167,
        0,
        2,
        1.933,
        0,
        2,
        2.3,
        0,
        0,
        2.467,
        -8.333,
        0,
        2.633,
        -0.741,
        2,
        2.9,
        -0.741,
        0,
        3.067,
        -8.333,
        1,
        3.122,
        -8.333,
        3.178,
        -0.899,
        3.233,
        -0.741,
        1,
        3.311,
        -0.52,
        3.389,
        -0.432,
        3.467,
        -0.343,
        1,
        3.556,
        -0.242,
        3.644,
        -0.134,
        3.733,
        -0.108,
        1,
        4.022,
        -0.021,
        4.311,
        0,
        4.6,
        0
      ]
    },
    {
      "Target": "Parameter",
      "Id": "ParamFootL",
      "Segments": [
        0,
        -18.127,
        2,
        0.5,
        -18.127,
        0,
        1.167,
        9,
        1,
        1.422,
        9,
        1.678,
        7.956,
        1.933,
        3.733,
        1,
        2,
        2.631,
        2.066,
        -30,
        2.133,
        -30,
        1,
        2.578,
        -30,
        3.022,
        -26.622,
        3.467,
        -21.352,
        1,
        3.556,
        -20.298,
        3.644,
        -19.376,
        3.733,
        -19.129,
        1,
        4.022,
        -18.325,
        4.311,
        -18.127,
        4.6,
        -18.127
      ]
    },
    {
      "Target": "Parameter",
      "Id": "ParamZJJR",
      "Segments": [
        0,
        0,
        2,
        0.033,
        0,
        0,
        0.233,
        -30,
        2,
        4.033,
        -30,
        0,
        4.6,
        0
      ]
    },
    {
      "Target": "Parameter",
      "Id": "ParamMDL",
      "Segments": [
        0,
        0,
        0,
        0.5,
        -21,
        2,
        1.933,
        -21,
        1,
        2.155,
        -21,
        2.378,
        -6.288,
        2.6,
        -2,
        1,
        2.656,
        -0.928,
        2.711,
        -1.089,
        2.767,
        -1,
        1,
        3,
        -0.625,
        3.234,
        -0.205,
        3.467,
        -0.041,
        1,
        3.556,
        0.021,
        3.644,
        0,
        3.733,
        0,
        2,
        4.6,
        0
      ]
    },
    {
      "Target": "Parameter",
      "Id": "ParamLegR",
      "Segments": [
        0,
        30,
        0,
        0.5,
        2,
        1,
        0.956,
        2,
        1.411,
        4.764,
        1.867,
        12.631,
        1,
        1.934,
        13.782,
        2,
        30,
        2.067,
        30,
        2,
        2.5,
        30,
        0,
        2.667,
        25,
        0,
        2.833,
        30,
        2,
        3.467,
        30,
        2,
        3.6,
        30,
        0,
        3.833,
        28.26,
        0,
        4.6,
        30
      ]
    },
    {
      "Target": "Parameter",
      "Id": "ParamLegRY",
      "Segments": [
        0,
        8.04,
        0,
        0.5,
        5.46,
        1,
        0.956,
        5.46,
        1.411,
        5.847,
        1.867,
        6.44,
        1,
        2.1,
        6.744,
        2.334,
        6.896,
        2.567,
        7.212,
        1,
        2.622,
        7.287,
        2.678,
        15,
        2.733,
        15,
        0,
        2.9,
        7.562,
        1,
        3.089,
        7.562,
        3.278,
        7.631,
        3.467,
        7.772,
        1,
        3.511,
        7.805,
        3.556,
        7.786,
        3.6,
        7.876,
        1,
        3.678,
        8.033,
        3.755,
        11,
        3.833,
        11,
        0,
        4.6,
        8.04
      ]
    },
    {
      "Target": "Parameter",
      "Id": "ParamLegR1",
      "Segments": [
        0,
        -21.54,
        0,
        0.5,
        -8,
        1,
        0.956,
        -8,
        1.411,
        -9.301,
        1.867,
        -13.141,
        1,
        1.934,
        -13.703,
        2,
        -22.72,
        2.067,
        -22.72,
        1,
        2.145,
        -22.72,
        2.222,
        -22.533,
        2.3,
        -21.821,
        1,
        2.389,
        -21.007,
        2.478,
        -19.324,
        2.567,
        -18.894,
        1,
        2.622,
        -18.625,
        2.678,
        -18.68,
        2.733,
        -18.68,
        0,
        2.9,
        -22.371,
        1,
        3.089,
        -22.371,
        3.278,
        -22.25,
        3.467,
        -22.004,
        1,
        3.511,
        -21.946,
        3.556,
        -21.967,
        3.6,
        -21.825,
        1,
        3.678,
        -21.578,
        3.755,
        -19.993,
        3.833,
        -19.993,
        0,
        4.6,
        -21.54
      ]
    },
    {
      "Target": "Parameter",
      "Id": "ParamLegR1Y",
      "Segments": [
        0,
        0,
        2,
        1.867,
        0,
        2,
        2.567,
        0,
        0,
        2.733,
        -6,
        0,
        2.9,
        0,
        2,
        3.467,
        0,
        2,
        3.6,
        0,
        2,
        4.6,
        0
      ]
    },
    {
      "Target": "Parameter",
      "Id": "ParamFootR",
      "Segments": [
        0,
        14,
        0,
        0.5,
        18,
        0,
        1.867,
        4.695,
        0,
        2.067,
        15,
        0,
        2.433,
        2,
        0,
        2.7,
        12,
        0,
        2.933,
        1,
        1,
        3.111,
        1,
        3.289,
        3.265,
        3.467,
        7.035,
        1,
        3.511,
        7.978,
        3.556,
        8.867,
        3.6,
        9.307,
        1,
        3.933,
        12.606,
        4.267,
        14,
        4.6,
        14
      ]
    },
    {
      "Target": "Parameter",
      "Id": "ParamYJJR",
      "Segments": [
        0,
        0,
        2,
        0.033,
        0,
        0,
        0.233,
        -30,
        2,
        4.033,
        -30,
        0,
        4.6,
        0
      ]
    },
    {
      "Target": "Parameter",
      "Id": "ParamMDR",
      "Segments": [
        0,
        0,
        2,
        0.5,
        0,
        2,
        1.867,
        0,
        2,
        2.233,
        0,
        2,
        2.567,
        0,
        0,
        2.867,
        10,
        2,
        3.2,
        10,
        1,
        3.289,
        10,
        3.378,
        9.221,
        3.467,
        7.751,
        1,
        3.511,
        7.016,
        3.556,
        6.146,
        3.6,
        5.628,
        1,
        3.933,
        1.744,
        4.267,
        0,
        4.6,
        0
      ]
    },
    {
      "Target": "Parameter",
      "Id": "Param97X",
      "Segments": [
        0,
        0,
        2,
        0.2,
        0,
        0,
        0.767,
        -2.28,
        2,
        2.067,
        -2.28,
        2,
        4.067,
        -2.28,
        0,
        4.6,
        0
      ]
    },
    {
      "Target": "Parameter",
      "Id": "Param97Y",
      "Segments": [
        0,
        0,
        0,
        0.133,
        -1.534,
        0,
        0.3,
        -0.642,
        0,
        0.567,
        -4,
        2,
        0.8,
        -4,
        2,
        3.967,
        -4,
        1,
        4.022,
        -4,
        4.078,
        -4.093,
        4.133,
        -2.584,
        1,
        4.189,
        -1.074,
        4.244,
        5.97,
        4.3,
        5.97,
        0,
        4.6,
        0
      ]
    },
    {
      "Target": "Parameter",
      "Id": "Param97O",
      "Segments": [
        0,
        0,
        0,
        0.567,
        25,
        2,
        3.967,
        25,
        0,
        4.6,
        0
      ]
    },
    {
      "Target": "Parameter",
      "Id": "ParamWY",
      "Segments": [
        0,
        0,
        0,
        0.567,
        -10.2,
        2,
        4.2,
        -10.2,
        0,
        4.6,
        0
      ]
    },
    {
      "Target": "Parameter",
      "Id": "ParamWZoom",
      "Segments": [
        0,
        0,
        0,
        0.567,
        5.829,
        2,
        4.2,
        5.829,
        0,
        4.6,
        0
      ]
    },
    {
      "Target": "Parameter",
      "Id": "ParamOpaishakeX",
      "Segments": [
        0,
        0.091,
        1,
        0.678,
        0.091,
        1.355,
        -0.251,
        2.033,
        -0.502,
        1,
        2.111,
        -0.53,
        2.189,
        0.68,
        2.267,
        0.654,
        1,
        2.3,
        0.643,
        2.334,
        -0.569,
        2.367,
        -0.605,
        1,
        2.422,
        -0.664,
        2.478,
        0.93,
        2.533,
        0.901,
        1,
        2.589,
        0.872,
        2.644,
        -0.543,
        2.7,
        -0.704,
        1,
        2.733,
        -0.763,
        2.767,
        0.529,
        2.8,
        0.506,
        1,
        2.889,
        0.446,
        2.978,
        -0.758,
        3.067,
        -0.758,
        0,
        3.2,
        0.769,
        0,
        3.233,
        -0.573,
        0,
        3.333,
        0.59,
        0,
        3.433,
        -0.504,
        1,
        3.444,
        -0.504,
        3.456,
        -0.318,
        3.467,
        0.055,
        1,
        3.478,
        0.429,
        3.489,
        0.615,
        3.5,
        0.615,
        0,
        3.7,
        -0.59,
        0,
        4.6,
        0.091
      ]
    },
    {
      "Target": "Parameter",
      "Id": "ParamOpaishakeY",
      "Segments": [
        0,
        -0.805,
        0,
        0.4,
        1,
        0,
        1,
        -0.9,
        0,
        1.2,
        0.607,
        1,
        1.256,
        0.607,
        1.311,
        -0.035,
        1.367,
        -0.06,
        1,
        1.822,
        -0.263,
        2.278,
        -0.334,
        2.733,
        -0.334,
        0,
        2.967,
        0.655,
        0,
        3,
        -0.583,
        0,
        3.267,
        0.726,
        0,
        3.4,
        -0.786,
        1,
        3.422,
        -0.786,
        3.445,
        -0.701,
        3.467,
        -0.461,
        1,
        3.522,
        0.137,
        3.578,
        0.476,
        3.633,
        0.476,
        1,
        3.7,
        0.476,
        3.766,
        -0.335,
        3.833,
        -0.417,
        1,
        4.089,
        -0.734,
        4.344,
        -0.805,
        4.6,
        -0.805
      ]
    },
    {
      "Target": "Parameter",
      "Id": "ParamHairFront",
      "Segments": [
        0,
        0.686,
        0,
        0.233,
        1,
        1,
        0.366,
        1,
        0.5,
        -0.994,
        0.633,
        -1,
        1,
        0.822,
        -1,
        1.011,
        0.92,
        1.2,
        1,
        1,
        1.411,
        1,
        1.622,
        -0.224,
        1.833,
        -0.239,
        1,
        1.966,
        -0.249,
        2.1,
        0.482,
        2.233,
        0.53,
        1,
        2.311,
        0.558,
        2.389,
        -0.472,
        2.467,
        -0.453,
        1,
        2.556,
        -0.431,
        2.644,
        0.532,
        2.733,
        0.598,
        1,
        2.833,
        0.672,
        2.933,
        -0.46,
        3.033,
        -0.436,
        1,
        3.1,
        -0.42,
        3.166,
        0.517,
        3.233,
        0.598,
        0,
        3.467,
        -0.345,
        0,
        3.7,
        -1,
        0,
        4.6,
        0.686
      ]
    },
    {
      "Target": "Parameter",
      "Id": "ParamHaiFrontY",
      "Segments": [
        0,
        0.237,
        0,
        0.333,
        1,
        1,
        0.466,
        1,
        0.6,
        -0.994,
        0.733,
        -1,
        1,
        0.922,
        -1,
        1.111,
        0.92,
        1.3,
        1,
        1,
        1.511,
        1,
        1.722,
        -0.224,
        1.933,
        -0.239,
        1,
        2.066,
        -0.248,
        2.2,
        0.482,
        2.333,
        0.53,
        1,
        2.411,
        0.558,
        2.489,
        -0.472,
        2.567,
        -0.453,
        1,
        2.656,
        -0.431,
        2.744,
        0.532,
        2.833,
        0.598,
        1,
        2.933,
        0.672,
        3.033,
        -0.46,
        3.133,
        -0.436,
        1,
        3.2,
        -0.42,
        3.266,
        0.517,
        3.333,
        0.598,
        0,
        3.467,
        0.257,
        0,
        3.833,
        -1,
        0,
        4.6,
        0.237
      ]
    },
    {
      "Target": "Parameter",
      "Id": "ParamHairFront2",
      "Segments": [
        0,
        0.98,
        0,
        0.333,
        1,
        1,
        0.466,
        1,
        0.6,
        -0.994,
        0.733,
        -1,
        1,
        0.922,
        -1,
        1.111,
        0.92,
        1.3,
        1,
        1,
        1.511,
        1,
        1.722,
        -0.224,
        1.933,
        -0.239,
        1,
        2.066,
        -0.248,
        2.2,
        0.482,
        2.333,
        0.53,
        1,
        2.411,
        0.558,
        2.489,
        -0.472,
        2.567,
        -0.453,
        1,
        2.656,
        -0.431,
        2.744,
        0.532,
        2.833,
        0.598,
        1,
        2.933,
        0.672,
        3.033,
        -0.46,
        3.133,
        -0.436,
        1,
        3.2,
        -0.42,
        3.266,
        0.517,
        3.333,
        0.598,
        0,
        3.467,
        0.257,
        0,
        3.833,
        -1,
        0,
        4.6,
        0.98
      ]
    },
    {
      "Target": "Parameter",
      "Id": "ParamHairFront2Y",
      "Segments": [
        0,
        -0.091,
        0,
        0.433,
        1,
        1,
        0.566,
        1,
        0.7,
        -0.994,
        0.833,
        -1,
        1,
        1.022,
        -1,
        1.211,
        0.92,
        1.4,
        1,
        1,
        1.611,
        1,
        1.822,
        -0.224,
        2.033,
        -0.239,
        1,
        2.166,
        -0.248,
        2.3,
        0.482,
        2.433,
        0.53,
        1,
        2.511,
        0.558,
        2.589,
        -0.472,
        2.667,
        -0.453,
        1,
        2.756,
        -0.431,
        2.844,
        0.532,
        2.933,
        0.598,
        1,
        3.033,
        0.672,
        3.133,
        -0.46,
        3.233,
        -0.436,
        1,
        3.3,
        -0.42,
        3.366,
        0.517,
        3.433,
        0.598,
        1,
        3.444,
        0.609,
        3.456,
        0.601,
        3.467,
        0.601,
        0,
        3.967,
        -1,
        0,
        4.6,
        -0.091
      ]
    },
    {
      "Target": "Parameter",
      "Id": "ParamHairFront3",
      "Segments": [
        0,
        0.799,
        0,
        0.267,
        1,
        1,
        0.4,
        1,
        0.534,
        -0.994,
        0.667,
        -1,
        1,
        0.856,
        -1,
        1.044,
        0.92,
        1.233,
        1,
        1,
        1.444,
        1,
        1.656,
        -0.224,
        1.867,
        -0.239,
        1,
        2,
        -0.248,
        2.134,
        0.482,
        2.267,
        0.53,
        1,
        2.345,
        0.558,
        2.422,
        -0.472,
        2.5,
        -0.453,
        1,
        2.589,
        -0.431,
        2.678,
        0.532,
        2.767,
        0.598,
        1,
        2.867,
        0.672,
        2.967,
        -0.46,
        3.067,
        -0.436,
        1,
        3.134,
        -0.42,
        3.2,
        0.517,
        3.267,
        0.598,
        0,
        3.467,
        -0.135,
        0,
        3.733,
        -1,
        0,
        4.6,
        0.799
      ]
    },
    {
      "Target": "Parameter",
      "Id": "ParamHairFront3Y",
      "Segments": [
        0,
        0.074,
        0,
        0.367,
        1,
        1,
        0.5,
        1,
        0.634,
        -0.994,
        0.767,
        -1,
        1,
        0.956,
        -1,
        1.144,
        0.92,
        1.333,
        1,
        1,
        1.544,
        1,
        1.756,
        -0.224,
        1.967,
        -0.239,
        1,
        2.1,
        -0.248,
        2.234,
        0.482,
        2.367,
        0.53,
        1,
        2.445,
        0.558,
        2.522,
        -0.472,
        2.6,
        -0.453,
        1,
        2.689,
        -0.431,
        2.778,
        0.532,
        2.867,
        0.598,
        1,
        2.967,
        0.672,
        3.067,
        -0.46,
        3.167,
        -0.436,
        1,
        3.234,
        -0.42,
        3.3,
        0.517,
        3.367,
        0.598,
        0,
        3.467,
        0.419,
        0,
        3.867,
        -1,
        0,
        4.6,
        0.074
      ]
    },
    {
      "Target": "Parameter",
      "Id": "ParamHairSide",
      "Segments": [
        0,
        0.294,
        0,
        0.167,
        1,
        1,
        0.3,
        1,
        0.434,
        -0.994,
        0.567,
        -1,
        1,
        0.756,
        -1,
        0.944,
        0.92,
        1.133,
        1,
        1,
        1.344,
        1,
        1.556,
        -0.224,
        1.767,
        -0.239,
        1,
        1.9,
        -0.248,
        2.034,
        0.482,
        2.167,
        0.53,
        1,
        2.245,
        0.558,
        2.322,
        -0.472,
        2.4,
        -0.453,
        1,
        2.489,
        -0.431,
        2.578,
        0.532,
        2.667,
        0.598,
        1,
        2.767,
        0.672,
        2.867,
        -0.46,
        2.967,
        -0.436,
        1,
        3.034,
        -0.42,
        3.1,
        0.517,
        3.167,
        0.598,
        0,
        3.467,
        -0.131,
        0,
        3.6,
        -0.3,
        0,
        4.6,
        0.294
      ]
    },
    {
      "Target": "Parameter",
      "Id": "ParamHairFrontY",
      "Segments": [
        0,
        0.237,
        0,
        0.3,
        1,
        1,
        0.433,
        1,
        0.567,
        -0.994,
        0.7,
        -1,
        1,
        0.889,
        -1,
        1.078,
        0.92,
        1.267,
        1,
        1,
        1.478,
        1,
        1.689,
        -0.224,
        1.9,
        -0.239,
        1,
        2.033,
        -0.248,
        2.167,
        0.482,
        2.3,
        0.53,
        1,
        2.378,
        0.558,
        2.455,
        -0.472,
        2.533,
        -0.453,
        1,
        2.622,
        -0.431,
        2.711,
        0.532,
        2.8,
        0.598,
        1,
        2.9,
        0.672,
        3,
        -0.46,
        3.1,
        -0.436,
        1,
        3.167,
        -0.42,
        3.233,
        0.517,
        3.3,
        0.598,
        0,
        3.467,
        0.072,
        0,
        3.8,
        -1,
        0,
        4.6,
        0.237
      ]
    },
    {
      "Target": "Parameter",
      "Id": "ParamHairSide2",
      "Segments": [
        0,
        0.391,
        0,
        0.267,
        1,
        1,
        0.4,
        1,
        0.534,
        -0.994,
        0.667,
        -1,
        1,
        0.856,
        -1,
        1.044,
        0.92,
        1.233,
        1,
        1,
        1.444,
        1,
        1.656,
        -0.224,
        1.867,
        -0.239,
        1,
        2,
        -0.248,
        2.134,
        0.482,
        2.267,
        0.53,
        1,
        2.345,
        0.558,
        2.422,
        -0.472,
        2.5,
        -0.453,
        1,
        2.589,
        -0.431,
        2.678,
        0.532,
        2.767,
        0.598,
        1,
        2.867,
        0.672,
        2.967,
        -0.46,
        3.067,
        -0.436,
        1,
        3.134,
        -0.42,
        3.2,
        0.517,
        3.267,
        0.598,
        0,
        3.467,
        -0.135,
        0,
        3.733,
        -1,
        0,
        4.6,
        0.391
      ]
    },
    {
      "Target": "Parameter",
      "Id": "ParamHairSide2y",
      "Segments": [
        0,
        -0.254,
        0,
        0.4,
        1,
        1,
        0.533,
        1,
        0.667,
        -0.994,
        0.8,
        -1,
        1,
        0.989,
        -1,
        1.178,
        0.92,
        1.367,
        1,
        1,
        1.578,
        1,
        1.789,
        -0.224,
        2,
        -0.239,
        1,
        2.133,
        -0.248,
        2.267,
        0.482,
        2.4,
        0.53,
        1,
        2.478,
        0.558,
        2.555,
        -0.472,
        2.633,
        -0.453,
        1,
        2.722,
        -0.431,
        2.811,
        0.532,
        2.9,
        0.598,
        1,
        3,
        0.672,
        3.1,
        -0.46,
        3.2,
        -0.436,
        1,
        3.267,
        -0.42,
        3.333,
        0.517,
        3.4,
        0.598,
        0,
        3.467,
        0.538,
        0,
        3.933,
        -1,
        0,
        4.6,
        -0.254
      ]
    },
    {
      "Target": "Parameter",
      "Id": "ParamHGX",
      "Segments": [
        0,
        0.774,
        0,
        0.233,
        1,
        1,
        0.366,
        1,
        0.5,
        -0.994,
        0.633,
        -1,
        1,
        0.822,
        -1,
        1.011,
        0.92,
        1.2,
        1,
        1,
        1.411,
        1,
        1.622,
        -0.224,
        1.833,
        -0.239,
        1,
        1.966,
        -0.248,
        2.1,
        0.482,
        2.233,
        0.53,
        1,
        2.311,
        0.558,
        2.389,
        -0.472,
        2.467,
        -0.453,
        1,
        2.556,
        -0.431,
        2.644,
        0.532,
        2.733,
        0.598,
        1,
        2.833,
        0.672,
        2.933,
        -0.46,
        3.033,
        -0.436,
        1,
        3.1,
        -0.42,
        3.166,
        0.517,
        3.233,
        0.598,
        0,
        3.467,
        -0.345,
        0,
        3.7,
        -1,
        0,
        4.6,
        0.774
      ]
    },
    {
      "Target": "Parameter",
      "Id": "ParamHGY",
      "Segments": [
        0,
        0.445,
        0,
        0.4,
        0.89,
        1,
        0.533,
        0.89,
        0.667,
        -0.286,
        0.8,
        -0.29,
        1,
        0.989,
        -0.29,
        1.178,
        0.843,
        1.367,
        0.89,
        1,
        1.578,
        0.89,
        1.789,
        0.168,
        2,
        0.159,
        1,
        2.133,
        0.154,
        2.267,
        0.584,
        2.4,
        0.613,
        1,
        2.478,
        0.629,
        2.555,
        0.022,
        2.633,
        0.033,
        1,
        2.722,
        0.046,
        2.811,
        0.614,
        2.9,
        0.653,
        1,
        3,
        0.696,
        3.1,
        0.029,
        3.2,
        0.043,
        1,
        3.267,
        0.052,
        3.333,
        0.605,
        3.4,
        0.653,
        0,
        3.467,
        0.617,
        0,
        3.933,
        -0.29,
        0,
        4.6,
        0.445
      ]
    },
    {
      "Target": "Parameter",
      "Id": "ParamFAS",
      "Segments": [
        0,
        0.074,
        0,
        0.233,
        -1,
        0,
        0.6,
        1,
        0,
        1.367,
        -1,
        0,
        2,
        0.35,
        0,
        2.5,
        -0.376,
        0,
        2.767,
        0.521,
        0,
        3.067,
        -0.214,
        0,
        3.3,
        0.521,
        1,
        3.356,
        0.521,
        3.411,
        0.235,
        3.467,
        -0.095,
        1,
        3.478,
        -0.161,
        3.489,
        -0.145,
        3.5,
        -0.145,
        0,
        4.6,
        0.074
      ]
    },
    {
      "Target": "Parameter",
      "Id": "ParamFASY",
      "Segments": [
        0,
        0.05,
        0,
        0.3,
        0.684,
        1,
        0.389,
        0.684,
        0.478,
        -0.476,
        0.567,
        -0.479,
        1,
        0.767,
        -0.486,
        0.967,
        0.352,
        1.167,
        0.376,
        1,
        1.367,
        0.4,
        1.567,
        -0.531,
        1.767,
        -0.547,
        1,
        1.922,
        -0.559,
        2.078,
        0.461,
        2.233,
        0.521,
        1,
        2.278,
        0.531,
        2.322,
        -0.483,
        2.367,
        -0.547,
        1,
        2.445,
        -0.652,
        2.522,
        0.461,
        2.6,
        0.479,
        1,
        2.711,
        0.504,
        2.822,
        -0.536,
        2.933,
        -0.547,
        1,
        2.989,
        -0.554,
        3.044,
        0.51,
        3.1,
        0.521,
        1,
        3.211,
        0.54,
        3.322,
        -0.555,
        3.433,
        -0.59,
        1,
        3.444,
        -0.632,
        3.456,
        -0.602,
        3.467,
        -0.602,
        0,
        4.6,
        0.05
      ]
    },
    {
      "Target": "Parameter",
      "Id": "ParamFAS2",
      "Segments": [
        0,
        0.074,
        0,
        0.2,
        0.521,
        1,
        0.389,
        0.521,
        0.578,
        -0.335,
        0.767,
        -0.342,
        1,
        1,
        -0.342,
        1.234,
        0.493,
        1.467,
        0.521,
        1,
        1.567,
        0.521,
        1.667,
        -0.539,
        1.767,
        -0.547,
        1,
        1.922,
        -0.559,
        2.078,
        0.461,
        2.233,
        0.521,
        1,
        2.278,
        0.531,
        2.322,
        -0.483,
        2.367,
        -0.547,
        1,
        2.445,
        -0.652,
        2.522,
        0.461,
        2.6,
        0.479,
        1,
        2.711,
        0.504,
        2.822,
        -0.536,
        2.933,
        -0.547,
        1,
        2.989,
        -0.554,
        3.044,
        0.51,
        3.1,
        0.521,
        1,
        3.211,
        0.54,
        3.322,
        -0.555,
        3.433,
        -0.59,
        1,
        3.444,
        -0.631,
        3.456,
        -0.601,
        3.467,
        -0.601,
        0,
        4.6,
        0.074
      ]
    },
    {
      "Target": "Parameter",
      "Id": "ParamFAS2Y",
      "Segments": [
        0,
        0.828,
        0,
        0.233,
        -1,
        0,
        0.6,
        1,
        0,
        1.367,
        -1,
        0,
        2,
        0.35,
        0,
        2.5,
        -0.376,
        0,
        2.767,
        0.521,
        0,
        3.067,
        -0.214,
        0,
        3.3,
        0.521,
        1,
        3.356,
        0.521,
        3.411,
        0.235,
        3.467,
        -0.095,
        1,
        3.478,
        -0.161,
        3.489,
        -0.145,
        3.5,
        -0.145,
        0,
        4.6,
        0.828
      ]
    },
    {
      "Target": "Parameter",
      "Id": "ParamBZY",
      "Segments": [
        0,
        1,
        0,
        0.433,
        0,
        1,
        0.611,
        0,
        0.789,
        0.958,
        0.967,
        1,
        0,
        1.5,
        -1,
        1,
        1.622,
        -1,
        1.745,
        0.816,
        1.867,
        1,
        0,
        2.2,
        -1,
        1,
        2.289,
        -0.918,
        2.378,
        0.805,
        2.467,
        1,
        0,
        2.733,
        -1,
        1,
        2.822,
        -0.848,
        2.911,
        0.686,
        3,
        1,
        0,
        3.367,
        -1,
        0,
        3.467,
        -0.139,
        0,
        3.6,
        1,
        2,
        4.6,
        1
      ]
    },
    {
      "Target": "Parameter",
      "Id": "ParamYMWX",
      "Segments": [
        0,
        3.521,
        0,
        0.5,
        10,
        0,
        1,
        -0.37,
        0,
        1.767,
        14,
        0,
        2.333,
        4.103,
        0,
        2.733,
        14,
        1,
        2.844,
        14,
        2.956,
        10.17,
        3.067,
        3.521,
        1,
        3.178,
        -3.128,
        3.289,
        -6,
        3.4,
        -6,
        1,
        3.422,
        -6,
        3.445,
        -5.834,
        3.467,
        -4.794,
        1,
        3.578,
        0.406,
        3.689,
        3.521,
        3.8,
        3.521,
        2,
        4.6,
        3.521
      ]
    },
    {
      "Target": "Parameter",
      "Id": "ParamYMWX2",
      "Segments": [
        0,
        7.989,
        1,
        0.167,
        7.989,
        0.333,
        8.075,
        0.5,
        6.406,
        1,
        0.678,
        4.626,
        0.855,
        0.154,
        1.033,
        0.154,
        0,
        1.867,
        25.154,
        0,
        2.233,
        4.217,
        0,
        2.5,
        25.154,
        0,
        2.933,
        -2.341,
        0,
        3.3,
        16.693,
        1,
        3.356,
        16.693,
        3.411,
        15.363,
        3.467,
        13.101,
        1,
        3.589,
        8.123,
        3.711,
        5.815,
        3.833,
        5.815,
        0,
        4.6,
        7.989
      ]
    },
    {
      "Target": "Parameter",
      "Id": "ParamYMWY",
      "Segments": [
        0,
        12.266,
        0,
        0.367,
        12.82,
        1,
        0.689,
        12.821,
        1.011,
        -12.821,
        1.333,
        -12.82,
        1,
        1.555,
        -12.82,
        1.778,
        -5.572,
        2,
        5.242,
        1,
        2.122,
        9.251,
        2.245,
        12.82,
        2.367,
        12.82,
        1,
        2.689,
        12.821,
        3.011,
        -12.821,
        3.333,
        -12.82,
        1,
        3.378,
        -12.82,
        3.422,
        -11.967,
        3.467,
        -10.207,
        1,
        3.845,
        4.757,
        4.222,
        12.266,
        4.6,
        12.266
      ]
    },
    {
      "Target": "Parameter",
      "Id": "ParamYMWY1",
      "Segments": [
        0,
        -12.995,
        0,
        0.167,
        -15.067,
        0,
        1.133,
        15.067,
        1,
        1.422,
        15.067,
        1.711,
        1.442,
        2,
        -12.995,
        0,
        2.167,
        -15.067,
        0,
        3.133,
        15.067,
        1,
        3.244,
        15.067,
        3.356,
        9.835,
        3.467,
        5.801,
        1,
        3.845,
        -7.915,
        4.222,
        -12.995,
        4.6,
        -12.995
      ]
    },
    {
      "Target": "Parameter",
      "Id": "ParamYMWY2",
      "Segments": [
        0,
        -7.772,
        0,
        0.333,
        -15.067,
        0,
        1.3,
        15.067,
        1,
        1.533,
        15.067,
        1.767,
        5.292,
        2,
        -7.772,
        0,
        2.333,
        -15.067,
        0,
        3.3,
        15.067,
        1,
        3.356,
        15.067,
        3.411,
        13.743,
        3.467,
        11.795,
        1,
        3.845,
        -1.451,
        4.222,
        -7.772,
        4.6,
        -7.772
      ]
    },
    {
      "Target": "Parameter",
      "Id": "ParamYMWK",
      "Segments": [
        0,
        0,
        0,
        0.533,
        -15.067,
        0,
        1.5,
        15.067,
        1,
        1.667,
        15.067,
        1.833,
        9.709,
        2,
        0,
        1,
        2.178,
        -10.356,
        2.355,
        -15.067,
        2.533,
        -15.067,
        1,
        2.844,
        -15.067,
        3.156,
        1.048,
        3.467,
        14.964,
        1,
        3.478,
        15.461,
        3.489,
        15.067,
        3.5,
        15.067,
        0,
        4.6,
        0
      ]
    },
    {
      "Target": "Parameter",
      "Id": "ParamZMWX",
      "Segments": [
        0,
        8.289,
        0,
        0.5,
        10,
        0,
        0.933,
        3.521,
        0,
        1.5,
        14,
        0,
        2.067,
        4.103,
        0,
        2.467,
        14,
        1,
        2.578,
        14,
        2.689,
        10.17,
        2.8,
        3.521,
        1,
        2.911,
        -3.128,
        3.022,
        -6,
        3.133,
        -6,
        1,
        3.244,
        -6,
        3.356,
        -4.519,
        3.467,
        -2.034,
        1,
        3.556,
        -0.045,
        3.644,
        2.424,
        3.733,
        3.521,
        1,
        4.022,
        7.085,
        4.311,
        8.289,
        4.6,
        8.289
      ]
    },
    {
      "Target": "Parameter",
      "Id": "ParamZMWX2",
      "Segments": [
        0,
        7.988,
        1,
        0.167,
        7.988,
        0.333,
        8.074,
        0.5,
        6.406,
        1,
        0.678,
        4.627,
        0.855,
        0.154,
        1.033,
        0.154,
        0,
        1.7,
        16.564,
        0,
        2.067,
        4.281,
        0,
        2.333,
        30,
        0,
        2.767,
        -8.464,
        0,
        3.133,
        20.368,
        1,
        3.244,
        20.368,
        3.356,
        16.263,
        3.467,
        11.881,
        1,
        3.589,
        7.061,
        3.711,
        5.815,
        3.833,
        5.815,
        0,
        4.6,
        7.988
      ]
    },
    {
      "Target": "Parameter",
      "Id": "ParamZMWY",
      "Segments": [
        0,
        8.107,
        0,
        0.367,
        8.657,
        0,
        1.333,
        -9.337,
        1,
        1.555,
        -9.337,
        1.778,
        -4.088,
        2,
        3.465,
        1,
        2.122,
        6.197,
        2.245,
        8.657,
        2.367,
        8.657,
        0,
        3.333,
        -9.337,
        1,
        3.378,
        -9.337,
        3.422,
        -8.743,
        3.467,
        -7.519,
        1,
        3.845,
        2.886,
        4.222,
        8.107,
        4.6,
        8.107
      ]
    },
    {
      "Target": "Parameter",
      "Id": "ParamZMWY1",
      "Segments": [
        0,
        -12.995,
        0,
        0.167,
        -15.067,
        0,
        1.133,
        15.067,
        1,
        1.422,
        15.067,
        1.711,
        1.442,
        2,
        -12.995,
        1,
        2.056,
        -15.771,
        2.111,
        -15.067,
        2.167,
        -15.067,
        0,
        3.133,
        15.067,
        1,
        3.244,
        15.067,
        3.356,
        9.835,
        3.467,
        5.801,
        1,
        3.845,
        -7.915,
        4.222,
        -12.995,
        4.6,
        -12.995
      ]
    },
    {
      "Target": "Parameter",
      "Id": "ParamZMWY2",
      "Segments": [
        0,
        -3.232,
        1,
        0.178,
        -3.232,
        0.355,
        -14.615,
        0.533,
        -15.067,
        0,
        1.5,
        15.067,
        1,
        1.667,
        15.067,
        1.833,
        5.818,
        2,
        -3.232,
        1,
        2.178,
        -3.232,
        2.355,
        -14.615,
        2.533,
        -15.067,
        1,
        2.844,
        -15.067,
        3.156,
        1.048,
        3.467,
        14.964,
        1,
        3.478,
        15.461,
        3.489,
        15.067,
        3.5,
        15.067,
        0,
        4.6,
        -3.232
      ]
    },
    {
      "Target": "Parameter",
      "Id": "ParamZMWK",
      "Segments": [
        0,
        5.312,
        1,
        0.244,
        5.312,
        0.489,
        -14.872,
        0.733,
        -15.067,
        0,
        1.7,
        15.067,
        1,
        1.8,
        15.067,
        1.9,
        11.11,
        2,
        5.312,
        1,
        2.244,
        5.312,
        2.489,
        -14.872,
        2.733,
        -15.067,
        1,
        2.978,
        -15.067,
        3.222,
        -0.259,
        3.467,
        10.653,
        1,
        3.578,
        15.613,
        3.689,
        15.067,
        3.8,
        15.067,
        0,
        4.6,
        5.312
      ]
    },
    {
      "Target": "Parameter",
      "Id": "ParamHairBack",
      "Segments": [
        0,
        -0.205,
        2,
        0.233,
        -0.205,
        0,
        1.133,
        -0.407,
        1,
        1.355,
        -0.407,
        1.578,
        -0.361,
        1.8,
        -0.205,
        1,
        1.922,
        -0.119,
        2.045,
        -0.026,
        2.167,
        -0.026,
        0,
        2.3,
        -0.205,
        1,
        2.356,
        -0.205,
        2.411,
        -0.103,
        2.467,
        0,
        1,
        2.534,
        0.124,
        2.6,
        0.154,
        2.667,
        0.154,
        1,
        2.722,
        0.154,
        2.778,
        -0.068,
        2.833,
        -0.116,
        1,
        2.966,
        -0.231,
        3.1,
        -0.248,
        3.233,
        -0.248,
        1,
        3.311,
        -0.248,
        3.389,
        -0.243,
        3.467,
        -0.238,
        1,
        3.845,
        -0.215,
        4.222,
        -0.205,
        4.6,
        -0.205
      ]
    },
    {
      "Target": "Parameter",
      "Id": "ParamSkirt",
      "Segments": [
        0,
        1,
        0,
        0.6,
        0.335,
        0,
        1.333,
        1,
        0,
        2.033,
        -1,
        1,
        2.2,
        -1,
        2.366,
        0.162,
        2.533,
        0.725,
        1,
        2.633,
        1.063,
        2.733,
        1,
        2.833,
        1,
        0,
        3.3,
        -1,
        0,
        3.733,
        0.725,
        1,
        3.755,
        0.725,
        3.778,
        0.72,
        3.8,
        0.643,
        1,
        3.9,
        0.298,
        4,
        0.075,
        4.1,
        0.075,
        0,
        4.6,
        1
      ]
    },
    {
      "Target": "Parameter",
      "Id": "ParamSkirtY",
      "Segments": [
        0,
        0.741,
        0,
        1.1,
        -0.337,
        0,
        1.833,
        0.741,
        1,
        1.989,
        0.741,
        2.144,
        0.709,
        2.3,
        0.385,
        1,
        2.433,
        0.108,
        2.567,
        -0.337,
        2.7,
        -0.337,
        0,
        3.133,
        0.741,
        0,
        3.6,
        -0.337,
        1,
        3.667,
        -0.337,
        3.733,
        -0.126,
        3.8,
        0.207,
        1,
        3.911,
        0.762,
        4.022,
        1,
        4.133,
        1,
        0,
        4.6,
        0.741
      ]
    },
    {
      "Target": "Parameter",
      "Id": "ParamSkirt2",
      "Segments": [
        0,
        0.741,
        0,
        0.4,
        0.27,
        0,
        1.067,
        1,
        1,
        1.211,
        1,
        1.356,
        1.048,
        1.5,
        0.824,
        1,
        1.733,
        0.462,
        1.967,
        -0.42,
        2.2,
        -0.42,
        1,
        2.311,
        -0.42,
        2.422,
        0.369,
        2.533,
        0.581,
        1,
        2.666,
        0.835,
        2.8,
        0.824,
        2.933,
        0.824,
        0,
        3.4,
        -0.42,
        1,
        3.533,
        -0.42,
        3.667,
        0.173,
        3.8,
        0.722,
        1,
        3.867,
        0.996,
        3.933,
        0.986,
        4,
        0.986,
        0,
        4.6,
        0.741
      ]
    },
    {
      "Target": "Parameter",
      "Id": "ParamEyeSmile",
      "Segments": [
        0,
        1,
        0,
        4.6,
        1
      ]
    },
    {
      "Target": "Parameter",
      "Id": "ParamBrowRForm",
      "Segments": [
        0,
        0,
        0,
        4.6,
        0
      ]
    },
    {
      "Target": "Parameter",
      "Id": "ParamTDP",
      "Segments": [
        0,
        0,
        0,
        4.6,
        0
      ]
    },
    {
      "Target": "Parameter",
      "Id": "ParamDDZ",
      "Segments": [
        0,
        0,
        0,
        4.6,
        0
      ]
    },
    {
      "Target": "Parameter",
      "Id": "ParamLjian",
      "Segments": [
        0,
        0,
        0,
        4.6,
        0
      ]
    },
    {
      "Target": "Parameter",
      "Id": "ParamRjian",
      "Segments": [
        0,
        0,
        0,
        4.6,
        0
      ]
    },
    {
      "Target": "Parameter",
      "Id": "ParamBDX",
      "Segments": [
        0,
        5.728,
        0,
        4.6,
        5.728
      ]
    },
    {
      "Target": "Parameter",
      "Id": "ParamZMZ",
      "Segments": [
        0,
        0,
        0,
        4.6,
        0
      ]
    },
    {
      "Target": "Parameter",
      "Id": "ParamZSH",
      "Segments": [
        0,
        0,
        0,
        4.6,
        0
      ]
    },
    {
      "Target": "Parameter",
      "Id": "ParamZSTC",
      "Segments": [
        0,
        0,
        0,
        4.6,
        0
      ]
    },
    {
      "Target": "Parameter",
      "Id": "ParamYXZ",
      "Segments": [
        0,
        -30,
        0,
        4.6,
        -30
      ]
    },
    {
      "Target": "Parameter",
      "Id": "ParamYXZ2",
      "Segments": [
        0,
        0,
        0,
        4.6,
        0
      ]
    },
    {
      "Target": "Parameter",
      "Id": "ParamYWMZ",
      "Segments": [
        0,
        -30,
        0,
        4.6,
        -30
      ]
    },
    {
      "Target": "Parameter",
      "Id": "ParamYWMZ2",
      "Segments": [
        0,
        0,
        0,
        4.6,
        0
      ]
    },
    {
      "Target": "Parameter",
      "Id": "ParamYZZ",
      "Segments": [
        0,
        -24,
        0,
        4.6,
        -24
      ]
    },
    {
      "Target": "Parameter",
      "Id": "ParamYZZ2",
      "Segments": [
        0,
        0,
        0,
        4.6,
        0
      ]
    },
    {
      "Target": "Parameter",
      "Id": "ParamYMZ",
      "Segments": [
        0,
        -20,
        0,
        4.6,
        -20
      ]
    },
    {
      "Target": "Parameter",
      "Id": "ParamYD",
      "Segments": [
        0,
        0,
        0,
        4.6,
        0
      ]
    },
    {
      "Target": "Parameter",
      "Id": "ParamYSH",
      "Segments": [
        0,
        0,
        0,
        4.6,
        0
      ]
    },
    {
      "Target": "Parameter",
      "Id": "ParamYSTC",
      "Segments": [
        0,
        0,
        0,
        4.6,
        0
      ]
    },
    {
      "Target": "Parameter",
      "Id": "ParamGDXZ",
      "Segments": [
        0,
        12.2,
        0,
        4.6,
        12.2
      ]
    },
    {
      "Target": "Parameter",
      "Id": "ParamGXZ1",
      "Segments": [
        0,
        0,
        0,
        4.6,
        0
      ]
    },
    {
      "Target": "Parameter",
      "Id": "ParamGXZ2",
      "Segments": [
        0,
        0,
        0,
        4.6,
        0
      ]
    },
    {
      "Target": "Parameter",
      "Id": "ParamZTXZ",
      "Segments": [
        0,
        0,
        0,
        4.6,
        0
      ]
    },
    {
      "Target": "Parameter",
      "Id": "ParamGDTX",
      "Segments": [
        0,
        0,
        0,
        4.6,
        0
      ]
    },
    {
      "Target": "Parameter",
      "Id": "ParamGDTX2",
      "Segments": [
        0,
        0,
        0,
        4.6,
        0
      ]
    },
    {
      "Target": "Parameter",
      "Id": "ParamGDTX3",
      "Segments": [
        0,
        0,
        0,
        4.6,
        0
      ]
    },
    {
      "Target": "Parameter",
      "Id": "ParamHT",
      "Segments": [
        0,
        0,
        0,
        4.6,
        0
      ]
    },
    {
      "Target": "Parameter",
      "Id": "Paramxzb",
      "Segments": [
        0,
        0,
        0,
        4.6,
        0
      ]
    },
    {
      "Target": "Parameter",
      "Id": "ParamJYX",
      "Segments": [
        0,
        0,
        0,
        4.6,
        0
      ]
    },
    {
      "Target": "Parameter",
      "Id": "ParamGTC1",
      "Segments": [
        0,
        0,
        0,
        4.6,
        0
      ]
    },
    {
      "Target": "Parameter",
      "Id": "ParamGTC2",
      "Segments": [
        0,
        0,
        0,
        4.6,
        0
      ]
    },
    {
      "Target": "Parameter",
      "Id": "ParamGTC3",
      "Segments": [
        0,
        0,
        0,
        4.6,
        0
      ]
    },
    {
      "Target": "Parameter",
      "Id": "ParamGXS",
      "Segments": [
        0,
        0,
        0,
        4.6,
        0
      ]
    },
    {
      "Target": "Parameter",
      "Id": "ParamGZZ",
      "Segments": [
        0,
        0,
        0,
        4.6,
        0
      ]
    },
    {
      "Target": "Parameter",
      "Id": "ParamGX",
      "Segments": [
        0,
        0,
        0,
        4.6,
        0
      ]
    },
    {
      "Target": "Parameter",
      "Id": "ParamGY",
      "Segments": [
        0,
        0,
        0,
        4.6,
        0
      ]
    },
    {
      "Target": "Parameter",
      "Id": "ParamZDTTQ",
      "Segments": [
        0,
        0,
        0,
        4.6,
        0
      ]
    },
    {
      "Target": "Parameter",
      "Id": "ParamZXTB",
      "Segments": [
        0,
        -1,
        0,
        4.6,
        -1
      ]
    },
    {
      "Target": "Parameter",
      "Id": "ParamLegRX",
      "Segments": [
        0,
        0,
        0,
        4.6,
        0
      ]
    },
    {
      "Target": "Parameter",
      "Id": "ParamTXTT",
      "Segments": [
        0,
        -0.071,
        0,
        4.6,
        -0.071
      ]
    },
    {
      "Target": "Parameter",
      "Id": "ParamWhite1",
      "Segments": [
        0,
        0,
        0,
        4.6,
        0
      ]
    },
    {
      "Target": "Parameter",
      "Id": "ParamBlack0",
      "Segments": [
        0,
        1,
        0,
        4.6,
        1
      ]
    },
    {
      "Target": "Parameter",
      "Id": "ParamBlack01",
      "Segments": [
        0,
        1,
        0,
        4.6,
        1
      ]
    },
    {
      "Target": "Parameter",
      "Id": "ParamBlack1",
      "Segments": [
        0,
        0,
        0,
        4.6,
        0
      ]
    },
    {
      "Target": "Parameter",
      "Id": "Parammod",
      "Segments": [
        0,
        0,
        0,
        4.6,
        0
      ]
    }
  ],
  "UserData": [
    {
      "Time": 0.0,
      "Value": ""
    },
    {
      "Time": 0.433,
      "Value": "characterVoice_11_3.5"
    }
  ]
}