{
  "Version": 3,
  "Meta": {
    "Duration": 7.0,
    "Fps": 30.0,
    "Loop": true,
    "AreBeziersRestricted": true,
    "CurveCount": 158,
    "TotalSegmentCount": 1052,
    "TotalPointCount": 1770,
    "UserDataCount": 2,
    "TotalUserDataSize": 18
  },
  "Curves": [
    {
      "Target": "Parameter",
      "Id": "ParamAngleX",
      "Segments": [
        0,
        30,
        0,
        1.1,
        -30,
        0,
        2.033,
        0,
        2,
        3.733,
        0,
        0,
        4.567,
        -4,
        0,
        5.8,
        30,
        2,
        7,
        30
      ]
    },
    {
      "Target": "Parameter",
      "Id": "ParamAngleY",
      "Segments": [
        0,
        -14.291,
        0,
        0.5,
        30,
        1,
        0.822,
        30,
        1.145,
        -16.53,
        1.467,
        -26,
        1,
        1.578,
        -31.932,
        1.689,
        -30,
        1.8,
        -30,
        0,
        2.033,
        4.483,
        0,
        2.267,
        -30,
        0,
        2.467,
        4.483,
        0,
        2.767,
        -30,
        1,
        2.845,
        -30,
        2.922,
        -26.464,
        3,
        -26,
        1,
        3.144,
        -25.139,
        3.289,
        -25.068,
        3.433,
        -24.186,
        1,
        3.511,
        -23.711,
        3.589,
        -15.385,
        3.667,
        -15.385,
        0,
        3.867,
        -22.536,
        0,
        4.167,
        -3.59,
        1,
        4.245,
        -3.59,
        4.322,
        -9.083,
        4.4,
        -14.291,
        1,
        4.467,
        -18.755,
        4.533,
        -19.487,
        4.6,
        -19.487,
        1,
        4.711,
        -19.487,
        4.822,
        3.211,
        4.933,
        16.41,
        1,
        5.033,
        28.289,
        5.133,
        28.718,
        5.233,
        28.718,
        0,
        5.767,
        -16.154,
        0,
        7,
        -14.291
      ]
    },
    {
      "Target": "Parameter",
      "Id": "ParamAngleZ",
      "Segments": [
        0,
        4.601,
        0,
        0.967,
        -30,
        0,
        1.667,
        30,
        1,
        1.878,
        30,
        2.089,
        -5.322,
        2.3,
        -10,
        1,
        3.022,
        -26.005,
        3.745,
        -30,
        4.467,
        -30,
        0,
        5.767,
        30,
        0,
        7,
        4.601
      ]
    },
    {
      "Target": "Parameter",
      "Id": "ParamEyeLOpen",
      "Segments": [
        0,
        1,
        0,
        0.533,
        0,
        1,
        0.8,
        0,
        1.066,
        -0.002,
        1.333,
        0.042,
        1,
        1.489,
        0.067,
        1.644,
        1,
        1.8,
        1,
        2,
        3.133,
        1,
        0,
        3.3,
        0,
        0,
        3.467,
        1,
        2,
        5.267,
        1,
        2,
        7,
        1
      ]
    },
    {
      "Target": "Parameter",
      "Id": "ParamEyeROpen",
      "Segments": [
        0,
        1,
        0,
        0.533,
        0,
        1,
        0.8,
        0,
        1.066,
        0,
        1.333,
        0.042,
        1,
        1.489,
        0.067,
        1.644,
        0.615,
        1.8,
        0.7,
        1,
        2.244,
        0.943,
        2.689,
        1,
        3.133,
        1,
        0,
        3.3,
        0,
        0,
        3.467,
        1,
        2,
        5.267,
        1,
        2,
        7,
        1
      ]
    },
    {
      "Target": "Parameter",
      "Id": "ParamEyeSmile",
      "Segments": [
        0,
        1,
        0,
        1.033,
        0.3,
        0,
        5.133,
        1,
        0,
        5.7,
        0.4,
        0,
        7,
        1
      ]
    },
    {
      "Target": "Parameter",
      "Id": "ParamEYET",
      "Segments": [
        0,
        0,
        0,
        0.8,
        10,
        0,
        2.067,
        0,
        2,
        7,
        0
      ]
    },
    {
      "Target": "Parameter",
      "Id": "ParamEyeBallX",
      "Segments": [
        0,
        -0.722,
        1,
        0.189,
        -0.722,
        0.378,
        -0.608,
        0.567,
        0,
        1,
        0.689,
        0.394,
        0.811,
        1,
        0.933,
        1,
        1,
        1.166,
        1,
        1.4,
        0.899,
        1.633,
        0.5,
        1,
        1.755,
        0.291,
        1.878,
        0,
        2,
        0,
        0,
        3.467,
        0.2,
        1,
        3.867,
        0.2,
        4.267,
        0.192,
        4.667,
        0.1,
        1,
        4.834,
        0.062,
        5,
        -0.5,
        5.167,
        -0.5,
        2,
        5.833,
        -0.5,
        0,
        7,
        -0.72
      ]
    },
    {
      "Target": "Parameter",
      "Id": "ParamEyeBallY",
      "Segments": [
        0,
        0.317,
        0,
        0.567,
        -0.4,
        1,
        0.922,
        -0.4,
        1.278,
        0.267,
        1.633,
        0.3,
        1,
        1.978,
        0.332,
        2.322,
        0.654,
        2.667,
        0.7,
        1,
        2.934,
        0.735,
        3.2,
        0.499,
        3.467,
        0.5,
        1,
        3.867,
        0.501,
        4.267,
        0.328,
        4.667,
        0.3,
        1,
        4.834,
        0.288,
        5,
        -0.498,
        5.167,
        -0.5,
        1,
        5.389,
        -0.503,
        5.611,
        0.162,
        5.833,
        0.3,
        1,
        6.222,
        0.317,
        6.611,
        0.317,
        7,
        0.317
      ]
    },
    {
      "Target": "Parameter",
      "Id": "ParamParamBrowLY",
      "Segments": [
        0,
        0,
        0,
        0.6,
        1,
        0,
        5.7,
        0,
        2,
        7,
        0
      ]
    },
    {
      "Target": "Parameter",
      "Id": "ParamParamBrowRY",
      "Segments": [
        0,
        0,
        0,
        0.6,
        0.9,
        0,
        5.7,
        0,
        2,
        7,
        0
      ]
    },
    {
      "Target": "Parameter",
      "Id": "ParamBrowLAngle",
      "Segments": [
        0,
        0,
        0,
        0.6,
        1,
        0,
        4,
        -0.4,
        0,
        5.7,
        1,
        0,
        7,
        0
      ]
    },
    {
      "Target": "Parameter",
      "Id": "ParamBrowRAngle",
      "Segments": [
        0,
        0,
        0,
        0.6,
        1,
        0,
        4,
        -0.4,
        0,
        5.7,
        1,
        0,
        7,
        0
      ]
    },
    {
      "Target": "Parameter",
      "Id": "ParamBrowLForm",
      "Segments": [
        0,
        0,
        0,
        0.6,
        0.6,
        1,
        2.3,
        0.6,
        4,
        0.583,
        5.7,
        0.5,
        1,
        6.133,
        0.479,
        6.567,
        0,
        7,
        0
      ]
    },
    {
      "Target": "Parameter",
      "Id": "ParamBrowRForm",
      "Segments": [
        0,
        0,
        0,
        0.6,
        0.8,
        1,
        2.3,
        0.8,
        4,
        0.742,
        5.7,
        0.5,
        1,
        6.133,
        0.438,
        6.567,
        0,
        7,
        0
      ]
    },
    {
      "Target": "Parameter",
      "Id": "ParamCheek",
      "Segments": [
        0,
        0,
        1,
        1.144,
        0,
        2.289,
        0.009,
        3.433,
        0.103,
        1,
        3.889,
        0.141,
        4.344,
        1,
        4.8,
        1,
        2,
        6.467,
        1,
        0,
        7,
        0
      ]
    },
    {
      "Target": "Parameter",
      "Id": "ParamMouthOpenY",
      "Segments": [
        0,
        0.11,
        1,
        0.2,
        0.109,
        0.4,
        0.863,
        0.6,
        0.862,
        1,
        0.644,
        0.863,
        0.689,
        0.751,
        0.733,
        0.752,
        1,
        0.778,
        0.751,
        0.822,
        0.943,
        0.867,
        0.942,
        1,
        0.889,
        0.938,
        0.911,
        0.702,
        0.933,
        0.698,
        1,
        0.955,
        0.7,
        0.978,
        0.822,
        1,
        0.824,
        1,
        1.111,
        0.821,
        1.222,
        0.003,
        1.333,
        0,
        2,
        1.733,
        0,
        1,
        1.778,
        -0.006,
        1.822,
        0.736,
        1.867,
        0.73,
        1,
        1.889,
        0.727,
        1.911,
        0.725,
        1.933,
        0.722,
        1,
        1.944,
        0.717,
        1.956,
        0.835,
        1.967,
        0.937,
        3,
        2,
        1,
        2,
        2.033,
        1,
        1,
        2.066,
        0.829,
        2.1,
        0.351,
        2.133,
        0.36,
        1,
        2.144,
        0.351,
        2.156,
        0.567,
        2.167,
        0.753,
        1,
        2.178,
        1.024,
        2.189,
        1.008,
        2.2,
        1,
        1,
        2.211,
        1.088,
        2.222,
        0.894,
        2.233,
        0.577,
        1,
        2.244,
        0.308,
        2.256,
        -0.005,
        2.267,
        0.008,
        1,
        2.289,
        0.023,
        2.311,
        0.981,
        2.333,
        0.996,
        1,
        2.355,
        0.981,
        2.378,
        0.023,
        2.4,
        0.008,
        1,
        2.411,
        -0.006,
        2.422,
        0.32,
        2.433,
        0.6,
        1,
        2.444,
        0.976,
        2.456,
        1.045,
        2.467,
        1,
        1,
        2.478,
        1.004,
        2.489,
        1.043,
        2.5,
        0.69,
        1,
        2.511,
        0.453,
        2.522,
        0.176,
        2.533,
        0.188,
        1,
        2.555,
        0.191,
        2.578,
        0.373,
        2.6,
        0.376,
        1,
        2.622,
        0.371,
        2.645,
        0.045,
        2.667,
        0.04,
        1,
        2.689,
        0.043,
        2.711,
        0.209,
        2.733,
        0.212,
        1,
        2.778,
        0.214,
        2.822,
        -0.002,
        2.867,
        0,
        1,
        2.889,
        0.011,
        2.911,
        0.671,
        2.933,
        0.682,
        1,
        2.978,
        0.686,
        3.022,
        0.2,
        3.067,
        0.204,
        1,
        3.111,
        0.198,
        3.156,
        0.916,
        3.2,
        0.91,
        1,
        3.244,
        0.917,
        3.289,
        -0.007,
        3.333,
        0,
        1,
        3.355,
        0.012,
        3.378,
        0.74,
        3.4,
        0.752,
        1,
        3.422,
        0.74,
        3.445,
        0.012,
        3.467,
        0,
        1,
        3.489,
        0.01,
        3.511,
        0.648,
        3.533,
        0.658,
        1,
        3.622,
        0.655,
        3.711,
        0.003,
        3.8,
        0,
        1,
        3.844,
        -0.003,
        3.889,
        0.256,
        3.933,
        0.506,
        1,
        3.978,
        0.752,
        4.022,
        1.025,
        4.067,
        1,
        1,
        4.089,
        1.012,
        4.111,
        0.374,
        4.133,
        0.368,
        1,
        4.155,
        0.372,
        4.178,
        0.6,
        4.2,
        0.604,
        1,
        4.267,
        0.608,
        4.333,
        0.106,
        4.4,
        0.11,
        1,
        4.422,
        0.117,
        4.445,
        0.535,
        4.467,
        0.542,
        1,
        4.489,
        0.536,
        4.511,
        0.162,
        4.533,
        0.156,
        1,
        4.555,
        0.155,
        4.578,
        0.268,
        4.6,
        0.409,
        1,
        4.633,
        0.606,
        4.667,
        0.988,
        4.7,
        1,
        2,
        4.733,
        1,
        1,
        4.744,
        1.092,
        4.756,
        0.885,
        4.767,
        0.581,
        1,
        4.778,
        0.318,
        4.789,
        0.011,
        4.8,
        0.024,
        1,
        4.822,
        0.028,
        4.845,
        0.294,
        4.867,
        0.298,
        1,
        4.889,
        0.293,
        4.911,
        0.013,
        4.933,
        0.008,
        1,
        4.978,
        0.001,
        5.022,
        0.917,
        5.067,
        0.91,
        1,
        5.111,
        0.915,
        5.156,
        0.269,
        5.2,
        0.274,
        1,
        5.222,
        0.273,
        5.245,
        0.374,
        5.267,
        0.5,
        1,
        5.3,
        0.667,
        5.334,
        1.042,
        5.367,
        1,
        2,
        5.433,
        1,
        1,
        5.444,
        1.037,
        5.456,
        0.935,
        5.467,
        0.95,
        1,
        5.478,
        0.949,
        5.489,
        0.97,
        5.5,
        0.997,
        3,
        5.533,
        1,
        2,
        5.633,
        1,
        2,
        5.667,
        0.927,
        1,
        5.711,
        0.557,
        5.756,
        0,
        5.8,
        0,
        2,
        7,
        0
      ]
    },
    {
      "Target": "Parameter",
      "Id": "ParamMouthForm",
      "Segments": [
        0,
        0,
        0,
        0.667,
        -1,
        0,
        1.533,
        -0.274,
        0,
        1.867,
        -1,
        0,
        2.233,
        -0.504,
        0,
        2.433,
        -0.957,
        0,
        2.9,
        -0.444,
        0,
        3.3,
        -1,
        0,
        3.733,
        0.735,
        0,
        4.133,
        -1,
        0,
        4.633,
        -0.068,
        0,
        5.167,
        -0.704,
        0,
        5.433,
        0.906,
        1,
        5.533,
        0.906,
        5.633,
        -0.305,
        5.733,
        -0.444,
        1,
        6.066,
        -0.706,
        6.4,
        -0.996,
        6.733,
        -1,
        0,
        7,
        0
      ]
    },
    {
      "Target": "Parameter",
      "Id": "ParamDDZ",
      "Segments": [
        0,
        0,
        2,
        1.767,
        0,
        2,
        5.133,
        0,
        0,
        5.967,
        10,
        2,
        6.767,
        10,
        0,
        7,
        0
      ]
    },
    {
      "Target": "Parameter",
      "Id": "ParamBodyAngleX",
      "Segments": [
        0,
        -7.919,
        0,
        0.4,
        -9.915,
        1,
        0.644,
        -9.915,
        0.889,
        9.776,
        1.133,
        10,
        1,
        1.355,
        10,
        1.578,
        -7.054,
        1.8,
        -7.051,
        1,
        2.422,
        -10,
        3.045,
        -8.478,
        3.667,
        -8.478,
        1,
        4,
        -8.291,
        4.334,
        7.106,
        4.667,
        8.65,
        1,
        5,
        10,
        5.334,
        -4.995,
        5.667,
        -7.051,
        1,
        6.111,
        -8.026,
        6.556,
        -7.919,
        7,
        -7.919
      ]
    },
    {
      "Target": "Parameter",
      "Id": "ParamBodyAngleY",
      "Segments": [
        0,
        2.22,
        0,
        0.7,
        10,
        1,
        1.056,
        10,
        1.411,
        -2.915,
        1.767,
        -2.914,
        0,
        2,
        10,
        0,
        2.233,
        -2.914,
        0,
        2.433,
        10,
        0,
        2.8,
        -9.915,
        0,
        3.733,
        5.897,
        1,
        4.078,
        6.113,
        4.422,
        -10,
        4.767,
        -8.889,
        1,
        5.045,
        -7.027,
        5.322,
        8.558,
        5.6,
        10,
        0,
        7,
        2.22
      ]
    },
    {
      "Target": "Parameter",
      "Id": "ParamBodyAngleZ",
      "Segments": [
        0,
        1.909,
        0,
        0.833,
        -5.889,
        0,
        1.6,
        6.581,
        0,
        1.9,
        1,
        0,
        2.233,
        10,
        0,
        2.467,
        2,
        0,
        2.8,
        5.412,
        0,
        3.367,
        -2.906,
        1,
        3.734,
        -2.996,
        4.1,
        10,
        4.467,
        10,
        1,
        4.845,
        9.825,
        5.222,
        -8.043,
        5.6,
        -9.487,
        1,
        5.878,
        -9.847,
        6.155,
        3.998,
        6.433,
        5.412,
        0,
        7,
        1.909
      ]
    },
    {
      "Target": "Parameter",
      "Id": "ParamYAOZ",
      "Segments": [
        0,
        1.328,
        0,
        0.5,
        -4.889,
        1,
        0.822,
        -4.889,
        1.145,
        3.324,
        1.467,
        3.521,
        1,
        1.767,
        3.755,
        2.067,
        -0.004,
        2.367,
        0,
        1,
        2.689,
        0.004,
        3.011,
        3.428,
        3.333,
        3.521,
        1,
        3.555,
        3.585,
        3.778,
        -8.564,
        4,
        -8.564,
        1,
        4.333,
        -8.377,
        4.667,
        7.02,
        5,
        8.564,
        1,
        5.333,
        10,
        5.667,
        -5.081,
        6,
        -7.137,
        0,
        7,
        1.328
      ]
    },
    {
      "Target": "Parameter",
      "Id": "ParamZTM",
      "Segments": [
        0,
        3.309,
        1,
        0.144,
        3.309,
        0.289,
        23.392,
        0.433,
        30,
        2,
        0.533,
        30,
        1,
        0.833,
        30,
        1.133,
        5.894,
        1.433,
        5,
        1,
        1.833,
        3.822,
        2.233,
        21.456,
        2.633,
        21,
        1,
        2.878,
        20.724,
        3.122,
        4.945,
        3.367,
        4,
        1,
        3.511,
        3.445,
        3.656,
        22.367,
        3.8,
        30,
        2,
        4.1,
        30,
        1,
        4.411,
        28.317,
        4.722,
        -26.222,
        5.033,
        -30,
        1,
        5.378,
        -30,
        5.722,
        21.272,
        6.067,
        30,
        0,
        7,
        3.309
      ]
    },
    {
      "Target": "Parameter",
      "Id": "ParamYTM",
      "Segments": [
        0,
        8.89,
        1,
        0.144,
        8.89,
        0.289,
        13.23,
        0.433,
        14,
        1,
        0.466,
        14.178,
        0.5,
        12,
        0.533,
        12,
        1,
        0.833,
        12,
        1.133,
        5.104,
        1.433,
        5,
        1,
        1.833,
        4.863,
        2.233,
        9.754,
        2.633,
        10,
        1,
        2.878,
        10.149,
        3.122,
        1.991,
        3.367,
        2,
        1,
        3.511,
        2.006,
        3.656,
        10.266,
        3.8,
        14,
        1,
        3.9,
        16.565,
        4,
        15.035,
        4.1,
        15,
        1,
        4.211,
        14.962,
        4.322,
        17.479,
        4.433,
        12,
        1,
        4.633,
        2.151,
        4.833,
        -18.448,
        5.033,
        -19,
        1,
        5.244,
        -19.586,
        5.456,
        0.108,
        5.667,
        10,
        1,
        5.8,
        16.276,
        5.934,
        13.073,
        6.067,
        16,
        0,
        7,
        8.89
      ]
    },
    {
      "Target": "Parameter",
      "Id": "ParamHipY",
      "Segments": [
        0,
        0,
        2,
        1.467,
        0,
        0,
        1.667,
        -10,
        0,
        2,
        0,
        0,
        2.3,
        -10,
        0,
        2.5,
        0,
        0,
        3.6,
        -8.718,
        0,
        4.2,
        0,
        0,
        5.1,
        -7.863,
        0,
        7,
        0
      ]
    },
    {
      "Target": "Parameter",
      "Id": "ParamZTX",
      "Segments": [
        0,
        0,
        0,
        0.767,
        22,
        0,
        1.467,
        0,
        1,
        2.089,
        0,
        2.711,
        0.027,
        3.333,
        0.271,
        1,
        3.555,
        0.358,
        3.778,
        22,
        4,
        22,
        2,
        6,
        22,
        0,
        7,
        0
      ]
    },
    {
      "Target": "Parameter",
      "Id": "ParamZTY",
      "Segments": [
        0,
        0,
        0,
        0.733,
        10.256,
        1,
        0.978,
        10.256,
        1.222,
        7.184,
        1.467,
        0,
        1,
        1.545,
        -2.286,
        1.622,
        -4.103,
        1.7,
        -4.103,
        0,
        1.933,
        15,
        0,
        2.167,
        -4.103,
        0,
        2.367,
        15,
        0,
        2.667,
        -4.103,
        0,
        3,
        0,
        2,
        7,
        0
      ]
    },
    {
      "Target": "Parameter",
      "Id": "ParamZTZ",
      "Segments": [
        0,
        0,
        0,
        0.767,
        10,
        1,
        1,
        10,
        1.234,
        0.081,
        1.467,
        0,
        1,
        2.089,
        -0.215,
        2.711,
        -0.236,
        3.333,
        -0.236,
        1,
        3.555,
        -0.331,
        3.778,
        12.77,
        4,
        12.77,
        1,
        4.333,
        12.491,
        4.667,
        -10.468,
        5,
        -12.77,
        1,
        5.333,
        -14.911,
        5.667,
        7.576,
        6,
        10.641,
        0,
        7,
        0
      ]
    },
    {
      "Target": "Parameter",
      "Id": "ParamArmL",
      "Segments": [
        0,
        -0.909,
        0,
        1.033,
        30,
        0,
        1.833,
        -19,
        2,
        2.333,
        -19,
        2,
        2.833,
        -19,
        1,
        3.055,
        -19,
        3.278,
        -19.33,
        3.5,
        -16.41,
        1,
        3.722,
        -13.49,
        3.945,
        11.286,
        4.167,
        24.103,
        1,
        4.245,
        28.589,
        4.322,
        30,
        4.4,
        30,
        1,
        4.489,
        30,
        4.578,
        31.11,
        4.667,
        24.103,
        1,
        4.878,
        7.46,
        5.089,
        -16.667,
        5.3,
        -16.667,
        0,
        7,
        -0.909
      ]
    },
    {
      "Target": "Parameter",
      "Id": "ParamArmLY",
      "Segments": [
        0,
        0,
        2,
        1.867,
        0,
        0,
        2.1,
        -5,
        0,
        2.367,
        0,
        0,
        2.6,
        -5,
        0,
        2.867,
        0,
        2,
        3.767,
        0,
        2,
        4.4,
        0,
        0,
        5.233,
        -30,
        0,
        7,
        0
      ]
    },
    {
      "Target": "Parameter",
      "Id": "ParamArmL1",
      "Segments": [
        0,
        -5.402,
        0,
        1.867,
        0,
        2,
        2.367,
        0,
        2,
        2.867,
        0,
        1,
        3.167,
        0,
        3.467,
        0.013,
        3.767,
        -0.727,
        1,
        4.845,
        -3.386,
        5.922,
        -5.402,
        7,
        -5.402
      ]
    },
    {
      "Target": "Parameter",
      "Id": "ParamHandL",
      "Segments": [
        0,
        -3.908,
        0,
        0.767,
        -18,
        1,
        0.956,
        -18,
        1.144,
        -18.587,
        1.333,
        -16,
        1,
        1.511,
        -13.545,
        1.689,
        -0.435,
        1.867,
        0,
        2,
        2.1,
        0,
        2,
        2.367,
        0,
        2,
        2.867,
        0,
        1,
        3.167,
        0,
        3.467,
        -0.23,
        3.767,
        -0.526,
        1,
        4.1,
        -0.855,
        4.434,
        -19.534,
        4.767,
        -20,
        0,
        7,
        -3.908
      ]
    },
    {
      "Target": "Parameter",
      "Id": "ParamZBTY",
      "Segments": [
        0,
        -30,
        0,
        0.767,
        30,
        1,
        0.967,
        30,
        1.167,
        30.267,
        1.367,
        25.864,
        1,
        1.534,
        22.195,
        1.7,
        -36,
        1.867,
        -36,
        0,
        2.1,
        -28,
        0,
        2.367,
        -36,
        0,
        2.6,
        -28,
        0,
        2.867,
        -36,
        1,
        3.167,
        -36,
        3.467,
        -36.28,
        3.767,
        -35.192,
        1,
        4.1,
        -33.984,
        4.434,
        30,
        4.767,
        30,
        1,
        5.056,
        30,
        5.344,
        -26.673,
        5.633,
        -28,
        1,
        6.089,
        -30.093,
        6.544,
        -30,
        7,
        -30
      ]
    },
    {
      "Target": "Parameter",
      "Id": "ParamZBTX",
      "Segments": [
        0,
        0,
        2,
        1.867,
        0,
        0,
        2.1,
        -27,
        0,
        2.367,
        0,
        0,
        2.6,
        -27,
        0,
        2.867,
        0,
        2,
        3.767,
        0,
        0,
        4.1,
        -30,
        1,
        4.311,
        -30,
        4.522,
        -29.948,
        4.733,
        -26.333,
        1,
        4.866,
        -24.05,
        5,
        30,
        5.133,
        30,
        0,
        7,
        0
      ]
    },
    {
      "Target": "Parameter",
      "Id": "ParamZXZ",
      "Segments": [
        0,
        -30,
        2,
        4.533,
        -30,
        0,
        4.9,
        15,
        0,
        5.3,
        -30,
        2,
        7,
        -30
      ]
    },
    {
      "Target": "Parameter",
      "Id": "ParamZWMZ",
      "Segments": [
        0,
        -30,
        2,
        4.533,
        -30,
        0,
        4.9,
        15,
        0,
        5.3,
        -30,
        2,
        7,
        -30
      ]
    },
    {
      "Target": "Parameter",
      "Id": "ParamZZZ",
      "Segments": [
        0,
        -30,
        2,
        4.533,
        -30,
        0,
        4.9,
        15,
        0,
        5.3,
        -30,
        2,
        7,
        -30
      ]
    },
    {
      "Target": "Parameter",
      "Id": "ParamZSZ",
      "Segments": [
        0,
        -17,
        2,
        4.533,
        -17,
        0,
        4.9,
        15,
        0,
        5.3,
        -17,
        2,
        7,
        -17
      ]
    },
    {
      "Target": "Parameter",
      "Id": "ParamZMZ",
      "Segments": [
        0,
        0,
        0,
        4.533,
        -1,
        2,
        5.3,
        -1,
        0,
        7,
        0
      ]
    },
    {
      "Target": "Parameter",
      "Id": "ParamZXZK",
      "Segments": [
        0,
        12.448,
        0,
        0.6,
        30,
        0,
        1.5,
        3,
        0,
        2.4,
        30,
        0,
        3.2,
        3,
        0,
        4.2,
        30,
        0,
        4.933,
        3,
        0,
        5.967,
        30,
        0,
        6.733,
        3,
        0,
        7,
        12.448
      ]
    },
    {
      "Target": "Parameter",
      "Id": "ParamZXZX",
      "Segments": [
        0,
        -14.754,
        0,
        0.467,
        -30,
        0,
        1.9,
        9.259,
        0,
        2.267,
        -7.037,
        0,
        2.6,
        5.926,
        0,
        3,
        -14.754,
        0,
        3.733,
        -1.111,
        0,
        4.5,
        -30,
        0,
        5.367,
        0,
        0,
        7,
        -14.754
      ]
    },
    {
      "Target": "Parameter",
      "Id": "ParamZXZY",
      "Segments": [
        0,
        -3.606,
        0,
        0.733,
        -29.63,
        0,
        2.167,
        9.629,
        0,
        2.533,
        -6.667,
        0,
        2.867,
        6.296,
        0,
        3.267,
        -14.384,
        0,
        4,
        -0.741,
        0,
        4.767,
        -29.63,
        0,
        5.633,
        0.37,
        0,
        6.4,
        -10.778,
        0,
        7,
        -3.606
      ]
    },
    {
      "Target": "Parameter",
      "Id": "ParamXZD3",
      "Segments": [
        0,
        -14.754,
        0,
        0.567,
        -30,
        0,
        2,
        9.259,
        0,
        2.367,
        -7.037,
        0,
        2.7,
        5.926,
        0,
        3.1,
        -14.754,
        0,
        3.833,
        -1.111,
        0,
        4.6,
        -30,
        0,
        5.3,
        -1.111,
        0,
        5.933,
        -29.487,
        0,
        6.6,
        9.259,
        0,
        7,
        -14.754
      ]
    },
    {
      "Target": "Parameter",
      "Id": "ParamXZD4",
      "Segments": [
        0,
        9.666,
        0,
        0.567,
        -30,
        1,
        1.045,
        -30,
        1.522,
        -27.647,
        2,
        -18.889,
        1,
        2.122,
        -16.649,
        2.245,
        3.019,
        2.367,
        3.019,
        0,
        2.7,
        -14.408,
        0,
        3.1,
        13.394,
        1,
        3.344,
        13.394,
        3.589,
        8.906,
        3.833,
        -4.948,
        1,
        4.089,
        -19.431,
        4.344,
        -30,
        4.6,
        -30,
        0,
        5.467,
        0,
        0,
        6.233,
        -29.487,
        0,
        7,
        9.666
      ]
    },
    {
      "Target": "Parameter",
      "Id": "ParamZD",
      "Segments": [
        0,
        0,
        2,
        4.567,
        0,
        0,
        4.967,
        4,
        0,
        5.3,
        0,
        2,
        7,
        0
      ]
    },
    {
      "Target": "Parameter",
      "Id": "ParamArmR",
      "Segments": [
        0,
        -2.023,
        0,
        1.033,
        7,
        0,
        1.9,
        -26,
        2,
        2.4,
        -26,
        2,
        2.9,
        -26,
        0,
        4.033,
        -9,
        0,
        5.367,
        -31,
        0,
        7,
        -2.023
      ]
    },
    {
      "Target": "Parameter",
      "Id": "ParamArmRY",
      "Segments": [
        0,
        -7,
        2,
        1.9,
        -7,
        0,
        2.133,
        -12,
        0,
        2.4,
        -7,
        0,
        2.633,
        -12,
        0,
        2.9,
        -7,
        2,
        7,
        -7
      ]
    },
    {
      "Target": "Parameter",
      "Id": "ParamArmR1",
      "Segments": [
        0,
        -17.152,
        0,
        0.6,
        30,
        1,
        1.033,
        30,
        1.467,
        -27.624,
        1.9,
        -30,
        2,
        2.4,
        -30,
        2,
        2.9,
        -30,
        0,
        7,
        -17.152
      ]
    },
    {
      "Target": "Parameter",
      "Id": "ParamHandR",
      "Segments": [
        0,
        -0.436,
        0,
        0.9,
        -15,
        1,
        1.233,
        -15,
        1.567,
        29.403,
        1.9,
        30,
        2,
        2.4,
        30,
        2,
        2.9,
        30,
        1,
        3.767,
        30,
        4.633,
        -11.339,
        5.5,
        -20,
        0,
        7,
        -0.436
      ]
    },
    {
      "Target": "Parameter",
      "Id": "ParamYBTY",
      "Segments": [
        0,
        0,
        0,
        0.9,
        30,
        0,
        1.533,
        -15,
        1,
        1.655,
        -15,
        1.778,
        -15.008,
        1.9,
        -14.896,
        1,
        1.978,
        -14.825,
        2.055,
        -8,
        2.133,
        -8,
        0,
        2.4,
        -14.896,
        0,
        2.633,
        -8,
        0,
        2.9,
        -14.896,
        1,
        3.4,
        -14.896,
        3.9,
        -8.111,
        4.4,
        9,
        1,
        4.767,
        21.548,
        5.133,
        30,
        5.5,
        30,
        0,
        7,
        0
      ]
    },
    {
      "Target": "Parameter",
      "Id": "ParamYBTX",
      "Segments": [
        0,
        0,
        2,
        1.9,
        0,
        0,
        2.133,
        10,
        0,
        2.4,
        0,
        0,
        2.633,
        10,
        0,
        2.9,
        0,
        2,
        7,
        0
      ]
    },
    {
      "Target": "Parameter",
      "Id": "ParamYSWY",
      "Segments": [
        0,
        0,
        0,
        0.6,
        30,
        0,
        1.167,
        -30,
        0,
        1.9,
        30,
        2,
        2.4,
        30,
        2,
        2.9,
        30,
        0,
        7,
        0
      ]
    },
    {
      "Target": "Parameter",
      "Id": "ParamYXZ",
      "Segments": [
        0,
        -30,
        0,
        1,
        15.5,
        0,
        1.633,
        -30,
        2,
        7,
        -30
      ]
    },
    {
      "Target": "Parameter",
      "Id": "ParamYXZ2",
      "Segments": [
        0,
        0,
        0,
        1,
        7,
        0,
        1.633,
        0,
        2,
        7,
        0
      ]
    },
    {
      "Target": "Parameter",
      "Id": "ParamYWMZ",
      "Segments": [
        0,
        -30,
        0,
        1,
        15.2,
        0,
        1.633,
        -30,
        2,
        7,
        -30
      ]
    },
    {
      "Target": "Parameter",
      "Id": "ParamYWMZ2",
      "Segments": [
        0,
        0,
        0,
        1,
        8,
        0,
        1.633,
        0,
        2,
        7,
        0
      ]
    },
    {
      "Target": "Parameter",
      "Id": "ParamYZZ",
      "Segments": [
        0,
        -24,
        0,
        1,
        15,
        0,
        1.633,
        -24,
        2,
        7,
        -24
      ]
    },
    {
      "Target": "Parameter",
      "Id": "ParamYZZ2",
      "Segments": [
        0,
        0,
        0,
        1,
        6,
        0,
        1.633,
        0,
        2,
        7,
        0
      ]
    },
    {
      "Target": "Parameter",
      "Id": "ParamYSZ",
      "Segments": [
        0,
        -30,
        0,
        1,
        15,
        0,
        1.633,
        -30,
        2,
        7,
        -30
      ]
    },
    {
      "Target": "Parameter",
      "Id": "ParamYSZ2",
      "Segments": [
        0,
        0,
        0,
        1,
        8,
        0,
        1.633,
        0,
        2,
        7,
        0
      ]
    },
    {
      "Target": "Parameter",
      "Id": "ParamYXZKH",
      "Segments": [
        0,
        9.079,
        0,
        1.5,
        -20.051,
        0,
        2.4,
        -1,
        0,
        3.2,
        -20.051,
        0,
        4.2,
        -1,
        0,
        4.733,
        -20.051,
        0,
        5.4,
        9.079,
        0,
        6.3,
        -15.556,
        0,
        7,
        9.079
      ]
    },
    {
      "Target": "Parameter",
      "Id": "ParamYXZX",
      "Segments": [
        0,
        16.246,
        1,
        0.211,
        16.246,
        0.422,
        12.386,
        0.633,
        5,
        1,
        0.922,
        -5.108,
        1.211,
        -10,
        1.5,
        -10,
        1,
        1.611,
        -10,
        1.722,
        -8.706,
        1.833,
        -2.222,
        1,
        1.933,
        3.614,
        2.033,
        10.37,
        2.133,
        10.37,
        0,
        2.433,
        -1.482,
        0,
        2.7,
        9.63,
        0,
        3,
        -7.408,
        0,
        4.367,
        20.37,
        0,
        5.567,
        0.741,
        0,
        7,
        16.246
      ]
    },
    {
      "Target": "Parameter",
      "Id": "ParamYXZY",
      "Segments": [
        0,
        5.432,
        1,
        0.233,
        5.432,
        0.467,
        15.634,
        0.7,
        12.593,
        1,
        0.989,
        8.167,
        1.278,
        -10,
        1.567,
        -10,
        1,
        1.678,
        -10,
        1.789,
        -7.773,
        1.9,
        -2.222,
        1,
        2,
        2.774,
        2.1,
        5.926,
        2.2,
        5.926,
        0,
        2.5,
        2.44,
        0,
        2.767,
        5.708,
        0,
        3.2,
        2.222,
        0,
        4.433,
        20.37,
        0,
        5.3,
        5.432,
        0,
        5.833,
        12.593,
        0,
        6.333,
        -5.556,
        0,
        6.667,
        7.324,
        0,
        7,
        5.432
      ]
    },
    {
      "Target": "Parameter",
      "Id": "ParamXZD",
      "Segments": [
        0,
        24.876,
        0,
        0.633,
        -28.872,
        0,
        1.567,
        30,
        0,
        2.333,
        -28.872,
        0,
        3.3,
        30,
        0,
        4.2,
        -28.872,
        0,
        4.8,
        30,
        0,
        5.933,
        -28.872,
        0,
        7,
        24.876
      ]
    },
    {
      "Target": "Parameter",
      "Id": "ParamXZD2",
      "Segments": [
        0,
        1.624,
        0,
        0.2,
        30,
        0,
        1.1,
        -5.897,
        0,
        2,
        30,
        0,
        2.933,
        -5.897,
        0,
        3.8,
        30,
        0,
        4.6,
        -5.897,
        0,
        5.6,
        30,
        0,
        6.367,
        -5.897,
        0,
        7,
        1.624
      ]
    },
    {
      "Target": "Parameter",
      "Id": "ParamLegL",
      "Segments": [
        0,
        17,
        0,
        0.533,
        23,
        1,
        0.844,
        23,
        1.156,
        21.338,
        1.467,
        17,
        1,
        1.545,
        15.915,
        1.622,
        13.48,
        1.7,
        12,
        1,
        1.778,
        10.52,
        1.855,
        10,
        1.933,
        10,
        0,
        2.167,
        12,
        0,
        2.4,
        10,
        0,
        2.833,
        17,
        0,
        3.333,
        14,
        0,
        4,
        20,
        0,
        5,
        -7,
        0,
        6,
        20,
        0,
        7,
        17
      ]
    },
    {
      "Target": "Parameter",
      "Id": "ParamLegLY",
      "Segments": [
        0,
        0,
        2,
        0.533,
        0,
        0,
        0.633,
        -8,
        0,
        1.167,
        5,
        0,
        1.467,
        0,
        0,
        1.7,
        5,
        0,
        1.933,
        0,
        0,
        2.167,
        5,
        0,
        2.4,
        0,
        2,
        2.833,
        0,
        0,
        3.333,
        5,
        0,
        4,
        4,
        0,
        5,
        12,
        1,
        5.333,
        12,
        5.667,
        7.54,
        6,
        4,
        1,
        6.333,
        0.46,
        6.667,
        0,
        7,
        0
      ]
    },
    {
      "Target": "Parameter",
      "Id": "ParamLegL1",
      "Segments": [
        0,
        0,
        0,
        0.533,
        -7,
        1,
        0.844,
        -7,
        1.156,
        -5.108,
        1.467,
        0,
        1,
        1.589,
        2.007,
        1.711,
        4,
        1.833,
        4,
        0,
        2.067,
        0,
        0,
        2.3,
        4,
        0,
        2.533,
        0,
        2,
        2.833,
        0,
        1,
        3,
        0,
        3.166,
        -0.025,
        3.333,
        -1,
        1,
        3.555,
        -2.3,
        3.778,
        -4,
        4,
        -4,
        0,
        5,
        8.04,
        0,
        6,
        -4,
        0,
        7,
        0
      ]
    },
    {
      "Target": "Parameter",
      "Id": "ParamZXTB",
      "Segments": [
        0,
        -1,
        2,
        1.467,
        -1,
        2,
        1.833,
        -1,
        2,
        2.067,
        -1,
        2,
        2.3,
        -1,
        2,
        2.533,
        -1,
        2,
        2.833,
        -1,
        0,
        3.333,
        0,
        0,
        4,
        -1,
        0,
        5,
        0,
        0,
        6,
        -1,
        2,
        7,
        -1
      ]
    },
    {
      "Target": "Parameter",
      "Id": "ParamLegL1Y",
      "Segments": [
        0,
        0,
        2,
        1.467,
        0,
        2,
        1.833,
        0,
        2,
        2.067,
        0,
        2,
        2.3,
        0,
        2,
        2.533,
        0,
        2,
        2.833,
        0,
        2,
        3.333,
        0,
        0,
        4,
        -6,
        0,
        5,
        0,
        0,
        6,
        -6,
        0,
        7,
        0
      ]
    },
    {
      "Target": "Parameter",
      "Id": "ParamFootL",
      "Segments": [
        0,
        -18.127,
        0,
        0.533,
        -4,
        0,
        1.467,
        -18.127,
        2,
        1.833,
        -18.127,
        0,
        2.067,
        14,
        0,
        2.3,
        -18.127,
        0,
        2.533,
        14,
        0,
        2.833,
        -18.127,
        0,
        3.333,
        9,
        1,
        3.555,
        9,
        3.778,
        6.381,
        4,
        0,
        1,
        4.333,
        -9.571,
        4.667,
        -15,
        5,
        -15,
        0,
        6,
        0,
        0,
        7,
        -18.127
      ]
    },
    {
      "Target": "Parameter",
      "Id": "ParamZJJR",
      "Segments": [
        0,
        0,
        2,
        0.367,
        0,
        0,
        0.533,
        -30,
        0,
        0.633,
        0,
        2,
        1.467,
        0,
        0,
        1.667,
        -30,
        0,
        1.9,
        -19.78,
        0,
        2.067,
        -30,
        0,
        2.167,
        -16.154,
        0,
        2.3,
        -30,
        2,
        2.533,
        -30,
        0,
        2.667,
        -16.154,
        0,
        2.833,
        -30,
        0,
        3.333,
        0,
        2,
        7,
        0
      ]
    },
    {
      "Target": "Parameter",
      "Id": "ParamMDL",
      "Segments": [
        0,
        0,
        2,
        1.467,
        0,
        0,
        2.167,
        -5,
        0,
        2.833,
        0,
        0,
        3.333,
        -7,
        1,
        3.566,
        -7,
        3.8,
        -3.559,
        4.033,
        -3,
        1,
        5.022,
        -0.63,
        6.011,
        0,
        7,
        0
      ]
    },
    {
      "Target": "Parameter",
      "Id": "ParamLegR",
      "Segments": [
        0,
        30,
        0,
        0.767,
        13.98,
        0,
        1.467,
        30,
        2,
        1.7,
        30,
        2,
        1.933,
        30,
        2,
        2.167,
        30,
        2,
        2.4,
        30,
        2,
        2.833,
        30,
        1,
        3,
        30,
        3.166,
        29.778,
        3.333,
        27,
        1,
        3.444,
        25.148,
        3.556,
        19,
        3.667,
        19,
        2,
        4,
        19,
        0,
        5,
        13,
        1,
        5.333,
        13,
        5.667,
        12.984,
        6,
        17,
        1,
        6.333,
        21.016,
        6.667,
        30,
        7,
        30
      ]
    },
    {
      "Target": "Parameter",
      "Id": "ParamLegRY",
      "Segments": [
        0,
        8.04,
        0,
        0.567,
        5,
        1,
        0.867,
        5,
        1.167,
        5.596,
        1.467,
        8.04,
        1,
        1.545,
        8.674,
        1.622,
        15,
        1.7,
        15,
        0,
        1.933,
        0,
        0,
        2.167,
        15,
        0,
        2.4,
        0,
        0,
        2.833,
        8.04,
        2,
        3.333,
        8.04,
        0,
        4,
        16,
        0,
        5,
        8.04,
        0,
        6,
        16,
        0,
        7,
        8.04
      ]
    },
    {
      "Target": "Parameter",
      "Id": "ParamLegR1",
      "Segments": [
        0,
        -21.54,
        0,
        0.767,
        -7,
        0,
        1.467,
        -21.54,
        2,
        1.833,
        -21.54,
        0,
        2.067,
        -18,
        0,
        2.3,
        -21.54,
        0,
        2.533,
        -18,
        0,
        2.833,
        -21.54,
        1,
        3,
        -21.54,
        3.166,
        -21.668,
        3.333,
        -19,
        1,
        3.555,
        -15.442,
        3.778,
        -9,
        4,
        -9,
        0,
        5,
        -19,
        0,
        6,
        -9,
        0,
        7,
        -21.54
      ]
    },
    {
      "Target": "Parameter",
      "Id": "ParamLegR1Y",
      "Segments": [
        0,
        0,
        2,
        1.467,
        0,
        2,
        1.833,
        0,
        2,
        2.067,
        0,
        2,
        2.3,
        0,
        2,
        2.533,
        0,
        2,
        2.833,
        0,
        2,
        3.333,
        0,
        0,
        4,
        -5,
        0,
        5,
        0,
        0,
        6,
        -5,
        0,
        7,
        0
      ]
    },
    {
      "Target": "Parameter",
      "Id": "ParamFootR",
      "Segments": [
        0,
        14,
        0,
        0.533,
        -9,
        0,
        1.467,
        14,
        2,
        1.833,
        14,
        0,
        2.067,
        -8,
        0,
        2.3,
        14,
        0,
        2.533,
        -8,
        0,
        2.833,
        14,
        2,
        3.333,
        14,
        0,
        4,
        -16,
        0,
        5,
        8,
        0,
        6,
        -18,
        0,
        7,
        14
      ]
    },
    {
      "Target": "Parameter",
      "Id": "ParamYJJR",
      "Segments": [
        0,
        0,
        2,
        1.467,
        0,
        0,
        1.667,
        -30,
        0,
        1.9,
        -20.11,
        0,
        2.067,
        -30,
        0,
        2.167,
        -16.154,
        0,
        2.3,
        -30,
        2,
        2.533,
        -30,
        0,
        2.667,
        -16.154,
        0,
        2.833,
        -30,
        0,
        3.333,
        0,
        2,
        7,
        0
      ]
    },
    {
      "Target": "Parameter",
      "Id": "ParamOpaishakeX",
      "Segments": [
        0,
        0.091,
        0,
        0.6,
        -0.983,
        1,
        0.844,
        -0.982,
        1.089,
        0.978,
        1.333,
        1,
        0,
        2,
        -0.697,
        1,
        2.622,
        -0.991,
        3.245,
        -0.839,
        3.867,
        -0.84,
        1,
        4.2,
        -0.821,
        4.534,
        0.719,
        4.867,
        0.874,
        1,
        5.2,
        1,
        5.534,
        -0.491,
        5.867,
        -0.697,
        0,
        7,
        0.091
      ]
    },
    {
      "Target": "Parameter",
      "Id": "ParamOpaishakeY",
      "Segments": [
        0,
        -0.805,
        0,
        2.2,
        -0.951,
        0,
        2.767,
        0.975,
        0,
        2.967,
        -1,
        0,
        3.133,
        0.616,
        0,
        3.367,
        -1,
        0,
        3.567,
        0.129,
        0,
        3.8,
        -1,
        0,
        7,
        -0.805
      ]
    },
    {
      "Target": "Parameter",
      "Id": "ParamHairFront",
      "Segments": [
        0,
        0.686,
        0,
        0.467,
        1,
        1,
        0.667,
        1,
        0.867,
        -0.995,
        1.067,
        -1,
        1,
        1.334,
        -1,
        1.6,
        0.947,
        1.867,
        1,
        1,
        1.934,
        1,
        2,
        -0.024,
        2.067,
        -0.026,
        1,
        2.167,
        -0.028,
        2.267,
        0.986,
        2.367,
        0.991,
        1,
        2.467,
        0.992,
        2.567,
        -0.065,
        2.667,
        -0.068,
        1,
        2.722,
        -0.07,
        2.778,
        0.997,
        2.833,
        1,
        1,
        3.333,
        1,
        3.833,
        -0.13,
        4.333,
        -0.145,
        1,
        4.578,
        -0.157,
        4.822,
        0.875,
        5.067,
        0.949,
        1,
        5.445,
        1,
        5.822,
        -0.536,
        6.2,
        -0.59,
        0,
        7,
        0.686
      ]
    },
    {
      "Target": "Parameter",
      "Id": "ParamHaiFrontY",
      "Segments": [
        0,
        0.237,
        0,
        0.733,
        1,
        1,
        0.933,
        1,
        1.133,
        -0.995,
        1.333,
        -1,
        1,
        1.6,
        -1,
        1.866,
        0.947,
        2.133,
        1,
        1,
        2.2,
        1,
        2.266,
        -0.024,
        2.333,
        -0.026,
        1,
        2.433,
        -0.028,
        2.533,
        0.986,
        2.633,
        0.991,
        1,
        2.733,
        0.992,
        2.833,
        -0.065,
        2.933,
        -0.068,
        1,
        2.989,
        -0.07,
        3.044,
        0.997,
        3.1,
        1,
        1,
        3.6,
        1,
        4.1,
        -0.129,
        4.6,
        -0.145,
        1,
        4.844,
        -0.157,
        5.089,
        0.875,
        5.333,
        0.949,
        1,
        5.711,
        1,
        6.089,
        -0.536,
        6.467,
        -0.59,
        0,
        7,
        0.237
      ]
    },
    {
      "Target": "Parameter",
      "Id": "ParamHairFront2",
      "Segments": [
        0,
        0.98,
        0,
        0.667,
        1,
        1,
        0.867,
        1,
        1.067,
        -0.995,
        1.267,
        -1,
        1,
        1.534,
        -1,
        1.8,
        0.947,
        2.067,
        1,
        1,
        2.134,
        1,
        2.2,
        -0.024,
        2.267,
        -0.026,
        1,
        2.367,
        -0.028,
        2.467,
        0.986,
        2.567,
        0.991,
        1,
        2.667,
        0.992,
        2.767,
        -0.065,
        2.867,
        -0.068,
        1,
        2.922,
        -0.07,
        2.978,
        0.997,
        3.033,
        1,
        1,
        3.533,
        1,
        4.033,
        -0.129,
        4.533,
        -0.145,
        1,
        4.778,
        -0.157,
        5.022,
        0.875,
        5.267,
        0.949,
        1,
        5.645,
        1,
        6.022,
        -0.536,
        6.4,
        -0.59,
        0,
        7,
        0.98
      ]
    },
    {
      "Target": "Parameter",
      "Id": "ParamHairFront2Y",
      "Segments": [
        0,
        -0.091,
        0,
        0.9,
        1,
        1,
        1.1,
        1,
        1.3,
        -0.995,
        1.5,
        -1,
        1,
        1.767,
        -1,
        2.033,
        0.947,
        2.3,
        1,
        1,
        2.367,
        1,
        2.433,
        -0.024,
        2.5,
        -0.026,
        1,
        2.6,
        -0.028,
        2.7,
        0.986,
        2.8,
        0.991,
        1,
        2.9,
        0.992,
        3,
        -0.065,
        3.1,
        -0.068,
        1,
        3.156,
        -0.07,
        3.211,
        0.997,
        3.267,
        1,
        1,
        3.767,
        1,
        4.267,
        -0.129,
        4.767,
        -0.145,
        1,
        5.011,
        -0.157,
        5.256,
        0.875,
        5.5,
        0.949,
        1,
        5.878,
        1,
        6.255,
        -0.536,
        6.633,
        -0.59,
        0,
        7,
        -0.091
      ]
    },
    {
      "Target": "Parameter",
      "Id": "ParamHairFront3",
      "Segments": [
        0,
        0.799,
        0,
        0.333,
        1,
        1,
        0.533,
        1,
        0.733,
        -0.995,
        0.933,
        -1,
        1,
        1.2,
        -1,
        1.466,
        0.947,
        1.733,
        1,
        1,
        1.8,
        1,
        1.866,
        -0.024,
        1.933,
        -0.026,
        1,
        2.033,
        -0.028,
        2.133,
        0.986,
        2.233,
        0.991,
        1,
        2.333,
        0.992,
        2.433,
        -0.065,
        2.533,
        -0.068,
        1,
        2.589,
        -0.07,
        2.644,
        0.997,
        2.7,
        1,
        1,
        3.2,
        1,
        3.7,
        -0.129,
        4.2,
        -0.145,
        1,
        4.444,
        -0.157,
        4.689,
        0.875,
        4.933,
        0.949,
        1,
        5.311,
        1,
        5.689,
        -0.536,
        6.067,
        -0.59,
        0,
        7,
        0.799
      ]
    },
    {
      "Target": "Parameter",
      "Id": "ParamHairFront3Y",
      "Segments": [
        0,
        0.074,
        0,
        0.567,
        1,
        1,
        0.767,
        1,
        0.967,
        -0.995,
        1.167,
        -1,
        1,
        1.434,
        -1,
        1.7,
        0.947,
        1.967,
        1,
        1,
        2.034,
        1,
        2.1,
        -0.024,
        2.167,
        -0.026,
        1,
        2.267,
        -0.028,
        2.367,
        0.986,
        2.467,
        0.991,
        1,
        2.567,
        0.992,
        2.667,
        -0.065,
        2.767,
        -0.068,
        1,
        2.822,
        -0.07,
        2.878,
        0.997,
        2.933,
        1,
        1,
        3.433,
        1,
        3.933,
        -0.129,
        4.433,
        -0.145,
        1,
        4.678,
        -0.157,
        4.922,
        0.875,
        5.167,
        0.949,
        1,
        5.545,
        1,
        5.922,
        -0.536,
        6.3,
        -0.59,
        0,
        7,
        0.074
      ]
    },
    {
      "Target": "Parameter",
      "Id": "ParamHairSide",
      "Segments": [
        0,
        0.294,
        0,
        0.4,
        1,
        1,
        0.6,
        1,
        0.8,
        -0.995,
        1,
        -1,
        1,
        1.256,
        -1,
        1.511,
        0.949,
        1.767,
        1,
        1,
        1.834,
        1,
        1.9,
        -0.024,
        1.967,
        -0.026,
        1,
        2.067,
        -0.028,
        2.167,
        0.986,
        2.267,
        0.991,
        1,
        2.367,
        0.992,
        2.467,
        -0.065,
        2.567,
        -0.068,
        1,
        2.622,
        -0.07,
        2.678,
        0.997,
        2.733,
        1,
        1,
        3.244,
        1,
        3.756,
        -0.129,
        4.267,
        -0.145,
        1,
        4.511,
        -0.157,
        4.756,
        0.875,
        5,
        0.949,
        1,
        5.378,
        1,
        5.755,
        -0.536,
        6.133,
        -0.59,
        0,
        7,
        0.294
      ]
    },
    {
      "Target": "Parameter",
      "Id": "ParamHairFrontY",
      "Segments": [
        0,
        0.237,
        0,
        0.633,
        1,
        1,
        0.833,
        1,
        1.033,
        -0.995,
        1.233,
        -1,
        1,
        1.544,
        -1,
        1.856,
        0.693,
        2.167,
        0.744,
        1,
        2.234,
        0.744,
        2.3,
        -0.281,
        2.367,
        -0.282,
        1,
        2.478,
        -0.284,
        2.589,
        0.73,
        2.7,
        0.735,
        1,
        2.8,
        0.735,
        2.9,
        -0.321,
        3,
        -0.324,
        1,
        3.056,
        -0.326,
        3.111,
        0.741,
        3.167,
        0.744,
        1,
        3.611,
        0.744,
        4.056,
        -0.131,
        4.5,
        -0.145,
        1,
        4.744,
        -0.157,
        4.989,
        0.875,
        5.233,
        0.949,
        1,
        5.611,
        1,
        5.989,
        -0.536,
        6.367,
        -0.59,
        0,
        7,
        0.237
      ]
    },
    {
      "Target": "Parameter",
      "Id": "ParamHairSide2",
      "Segments": [
        0,
        0.391,
        0,
        0.6,
        1,
        1,
        0.8,
        1,
        1,
        -0.995,
        1.2,
        -1,
        1,
        1.489,
        -1,
        1.778,
        0.943,
        2.067,
        1,
        1,
        2.134,
        1,
        2.2,
        -0.024,
        2.267,
        -0.026,
        1,
        2.367,
        -0.028,
        2.467,
        0.986,
        2.567,
        0.991,
        1,
        2.667,
        0.992,
        2.767,
        -0.065,
        2.867,
        -0.068,
        1,
        2.922,
        -0.07,
        2.978,
        0.997,
        3.033,
        1,
        1,
        3.511,
        1,
        3.989,
        -0.13,
        4.467,
        -0.145,
        1,
        4.711,
        -0.157,
        4.956,
        0.875,
        5.2,
        0.949,
        1,
        5.578,
        1,
        5.955,
        -0.536,
        6.333,
        -0.59,
        0,
        7,
        0.391
      ]
    },
    {
      "Target": "Parameter",
      "Id": "ParamHairSide2y",
      "Segments": [
        0,
        -0.254,
        0,
        0.833,
        1,
        1,
        1.033,
        1,
        1.233,
        -0.995,
        1.433,
        -1,
        1,
        1.722,
        -1,
        2.011,
        0.943,
        2.3,
        1,
        1,
        2.367,
        1,
        2.433,
        -0.024,
        2.5,
        -0.026,
        1,
        2.6,
        -0.028,
        2.7,
        0.986,
        2.8,
        0.991,
        1,
        2.9,
        0.992,
        3,
        -0.065,
        3.1,
        -0.068,
        1,
        3.156,
        -0.07,
        3.211,
        0.997,
        3.267,
        1,
        1,
        3.745,
        1,
        4.222,
        -0.13,
        4.7,
        -0.145,
        1,
        4.944,
        -0.157,
        5.189,
        0.875,
        5.433,
        0.949,
        1,
        5.811,
        1,
        6.189,
        -0.536,
        6.567,
        -0.59,
        0,
        7,
        -0.254
      ]
    },
    {
      "Target": "Parameter",
      "Id": "ParamHGX",
      "Segments": [
        0,
        0.774,
        0,
        0.467,
        1,
        1,
        0.667,
        1,
        0.867,
        -0.995,
        1.067,
        -1,
        1,
        1.334,
        -1,
        1.6,
        0.947,
        1.867,
        1,
        1,
        1.934,
        1,
        2,
        -0.024,
        2.067,
        -0.026,
        1,
        2.167,
        -0.028,
        2.267,
        0.986,
        2.367,
        0.991,
        1,
        2.467,
        0.992,
        2.567,
        -0.065,
        2.667,
        -0.068,
        1,
        2.722,
        -0.07,
        2.778,
        0.997,
        2.833,
        1,
        1,
        3.333,
        1,
        3.833,
        -0.129,
        4.333,
        -0.145,
        1,
        4.578,
        -0.157,
        4.822,
        0.875,
        5.067,
        0.949,
        1,
        5.445,
        1,
        5.822,
        -0.536,
        6.2,
        -0.59,
        0,
        7,
        0.774
      ]
    },
    {
      "Target": "Parameter",
      "Id": "ParamHGY",
      "Segments": [
        0,
        0.445,
        0,
        0.733,
        1,
        1,
        0.933,
        1,
        1.133,
        -0.995,
        1.333,
        -1,
        1,
        1.6,
        -1,
        1.866,
        0.947,
        2.133,
        1,
        1,
        2.2,
        1,
        2.266,
        -0.024,
        2.333,
        -0.026,
        1,
        2.433,
        -0.028,
        2.533,
        0.986,
        2.633,
        0.991,
        1,
        2.733,
        0.992,
        2.833,
        -0.065,
        2.933,
        -0.068,
        1,
        2.989,
        -0.07,
        3.044,
        0.997,
        3.1,
        1,
        1,
        3.6,
        1,
        4.1,
        -0.129,
        4.6,
        -0.145,
        1,
        4.844,
        -0.157,
        5.089,
        0.875,
        5.333,
        0.949,
        1,
        5.711,
        1,
        6.089,
        -0.536,
        6.467,
        -0.59,
        0,
        7,
        0.445
      ]
    },
    {
      "Target": "Parameter",
      "Id": "ParamFAS",
      "Segments": [
        0,
        0.074,
        0,
        0.467,
        1,
        1,
        0.667,
        1,
        0.867,
        -0.995,
        1.067,
        -1,
        1,
        1.334,
        -1,
        1.6,
        0.557,
        1.867,
        0.59,
        1,
        1.934,
        0.59,
        2,
        -0.033,
        2.067,
        -0.034,
        1,
        2.167,
        -0.035,
        2.267,
        0.581,
        2.367,
        0.584,
        1,
        2.467,
        0.585,
        2.567,
        -0.058,
        2.667,
        -0.059,
        1,
        2.722,
        -0.061,
        2.778,
        0.588,
        2.833,
        0.59,
        1,
        3.333,
        0.59,
        3.833,
        -0.129,
        4.333,
        -0.145,
        1,
        4.578,
        -0.157,
        4.822,
        0.875,
        5.067,
        0.949,
        1,
        5.445,
        1,
        5.822,
        -0.536,
        6.2,
        -0.59,
        0,
        7,
        0.074
      ]
    },
    {
      "Target": "Parameter",
      "Id": "ParamFASY",
      "Segments": [
        0,
        0.05,
        0,
        0.9,
        1,
        1,
        1.1,
        1,
        1.3,
        -0.995,
        1.5,
        -1,
        1,
        1.767,
        -1,
        2.033,
        0.947,
        2.3,
        1,
        1,
        2.367,
        1,
        2.433,
        -0.024,
        2.5,
        -0.026,
        1,
        2.6,
        -0.028,
        2.7,
        0.986,
        2.8,
        0.991,
        1,
        2.9,
        0.992,
        3,
        -0.065,
        3.1,
        -0.068,
        1,
        3.156,
        -0.07,
        3.211,
        0.997,
        3.267,
        1,
        1,
        3.767,
        1,
        4.267,
        -0.129,
        4.767,
        -0.145,
        1,
        5.011,
        -0.157,
        5.256,
        0.875,
        5.5,
        0.949,
        1,
        5.878,
        1,
        6.255,
        -0.536,
        6.633,
        -0.59,
        0,
        7,
        0.05
      ]
    },
    {
      "Target": "Parameter",
      "Id": "ParamFAS2",
      "Segments": [
        0,
        0.074,
        0,
        0.367,
        1,
        1,
        0.567,
        1,
        0.767,
        -0.995,
        0.967,
        -1,
        1,
        1.111,
        -1,
        1.256,
        0.96,
        1.4,
        1,
        1,
        1.522,
        1,
        1.645,
        0.172,
        1.767,
        0.171,
        1,
        1.934,
        0.169,
        2.1,
        0.989,
        2.267,
        0.993,
        1,
        2.445,
        0.993,
        2.622,
        0.14,
        2.8,
        0.137,
        1,
        2.9,
        0.135,
        3,
        0.998,
        3.1,
        1,
        1,
        3.478,
        1,
        3.855,
        -0.133,
        4.233,
        -0.145,
        1,
        4.478,
        -0.157,
        4.722,
        0.875,
        4.967,
        0.949,
        1,
        5.345,
        1,
        5.722,
        -0.536,
        6.1,
        -0.59,
        0,
        7,
        0.074
      ]
    },
    {
      "Target": "Parameter",
      "Id": "ParamFAS2Y",
      "Segments": [
        0,
        0.828,
        0,
        0.8,
        1,
        1,
        1,
        1,
        1.2,
        -0.995,
        1.4,
        -1,
        1,
        1.656,
        -1,
        1.911,
        0.189,
        2.167,
        0.214,
        1,
        2.234,
        0.214,
        2.3,
        -0.253,
        2.367,
        -0.254,
        1,
        2.467,
        -0.255,
        2.567,
        0.207,
        2.667,
        0.21,
        1,
        2.767,
        0.21,
        2.867,
        -0.272,
        2.967,
        -0.273,
        1,
        3.022,
        -0.274,
        3.078,
        0.212,
        3.133,
        0.214,
        1,
        3.644,
        0.214,
        4.156,
        -0.129,
        4.667,
        -0.145,
        1,
        4.911,
        -0.157,
        5.156,
        0.875,
        5.4,
        0.949,
        1,
        5.778,
        1,
        6.155,
        -0.536,
        6.533,
        -0.59,
        0,
        7,
        0.828
      ]
    },
    {
      "Target": "Parameter",
      "Id": "ParamYMWX",
      "Segments": [
        0,
        3.521,
        0,
        0.4,
        -9.896,
        0,
        1.3,
        15.701,
        0,
        2.133,
        -9.896,
        0,
        3.033,
        15.701,
        0,
        3.933,
        -9.896,
        0,
        4.767,
        15.701,
        0,
        5.733,
        -9.896,
        0,
        6.533,
        15.701,
        0,
        7,
        3.521
      ]
    },
    {
      "Target": "Parameter",
      "Id": "ParamYMWX2",
      "Segments": [
        0,
        7.989,
        0,
        0.767,
        -6.667,
        0,
        1.533,
        12.182,
        0,
        2.6,
        -6.667,
        0,
        3.4,
        12.182,
        0,
        4.4,
        -6.667,
        0,
        5.233,
        12.182,
        0,
        6.2,
        -6.667,
        0,
        7,
        7.989
      ]
    },
    {
      "Target": "Parameter",
      "Id": "ParamYMWY",
      "Segments": [
        0,
        12.266,
        0,
        0.167,
        30,
        0,
        1.133,
        -30,
        0,
        1.4,
        0,
        0,
        1.767,
        -4.359,
        0,
        2,
        14.744,
        0,
        2.267,
        -4.359,
        0,
        2.467,
        14.744,
        0,
        2.8,
        -4.359,
        1,
        2.911,
        -4.359,
        3.022,
        -5.24,
        3.133,
        -0.256,
        1,
        3.344,
        9.212,
        3.556,
        30,
        3.767,
        30,
        0,
        4.633,
        -30,
        0,
        5.567,
        30,
        0,
        6.333,
        -16.154,
        0,
        7,
        12.266
      ]
    },
    {
      "Target": "Parameter",
      "Id": "ParamYMWY1",
      "Segments": [
        0,
        -12.995,
        0,
        0.933,
        15.067,
        1,
        1.166,
        15.067,
        1.4,
        1.512,
        1.633,
        -12.995,
        0,
        1.767,
        -15.067,
        0,
        2.733,
        15.067,
        1,
        2.955,
        15.067,
        3.178,
        -0.998,
        3.4,
        -12.995,
        0,
        3.567,
        -15.067,
        0,
        4.5,
        15.067,
        1,
        4.733,
        15.067,
        4.967,
        -0.52,
        5.2,
        -12.995,
        0,
        5.367,
        -15.067,
        0,
        6.233,
        15.067,
        0,
        7,
        -12.995
      ]
    },
    {
      "Target": "Parameter",
      "Id": "ParamYMWY2",
      "Segments": [
        0,
        -7.772,
        0,
        0.133,
        -15.067,
        0,
        1.1,
        15.067,
        1,
        1.278,
        15.067,
        1.455,
        4.031,
        1.633,
        -7.772,
        0,
        1.933,
        -15.067,
        0,
        2.9,
        15.067,
        1,
        3.067,
        15.067,
        3.233,
        2.618,
        3.4,
        -7.772,
        0,
        3.733,
        -15.067,
        0,
        4.6,
        15.067,
        1,
        4.8,
        15.067,
        5,
        4.128,
        5.2,
        -7.772,
        0,
        5.533,
        -15.067,
        0,
        6.367,
        15.067,
        0,
        7,
        -7.772
      ]
    },
    {
      "Target": "Parameter",
      "Id": "ParamYMWK",
      "Segments": [
        0,
        0,
        0,
        0.333,
        -15.067,
        0,
        1.3,
        15.067,
        1,
        1.411,
        15.067,
        1.522,
        7.684,
        1.633,
        0,
        1,
        1.8,
        -11.526,
        1.966,
        -15.067,
        2.133,
        -15.067,
        0,
        3.033,
        15.067,
        1,
        3.155,
        15.067,
        3.278,
        7.874,
        3.4,
        0,
        1,
        3.578,
        -11.453,
        3.755,
        -15.067,
        3.933,
        -15.067,
        0,
        4.767,
        15.067,
        1,
        4.911,
        15.067,
        5.056,
        8.895,
        5.2,
        0,
        1,
        5.378,
        -10.948,
        5.555,
        -15.067,
        5.733,
        -15.067,
        0,
        6.533,
        15.067,
        0,
        7,
        0
      ]
    },
    {
      "Target": "Parameter",
      "Id": "ParamZMWX",
      "Segments": [
        0,
        8.289,
        0,
        0.467,
        -10.121,
        0,
        1.333,
        11.777,
        0,
        2.2,
        -10.229,
        0,
        3.033,
        11.777,
        0,
        4,
        -10.229,
        0,
        4.767,
        11.777,
        0,
        5.767,
        -10.229,
        0,
        6.567,
        11.777,
        0,
        7,
        8.289
      ]
    },
    {
      "Target": "Parameter",
      "Id": "ParamZMWX2",
      "Segments": [
        0,
        7.988,
        0,
        1,
        -6.667,
        0,
        1.767,
        12.18,
        0,
        2.833,
        -6.667,
        0,
        3.633,
        12.18,
        0,
        4.633,
        -6.667,
        0,
        5.467,
        12.18,
        0,
        6.433,
        -6.667,
        0,
        7,
        7.988
      ]
    },
    {
      "Target": "Parameter",
      "Id": "ParamZMWY",
      "Segments": [
        0,
        8.107,
        0,
        0.167,
        20.258,
        0,
        1.3,
        -21.848,
        0,
        1.7,
        -0.256,
        0,
        1.933,
        -4.359,
        0,
        2.2,
        14.744,
        0,
        2.433,
        -4.359,
        0,
        2.633,
        14.744,
        0,
        2.967,
        -4.359,
        1,
        3.011,
        -4.359,
        3.056,
        -2.237,
        3.1,
        0,
        1,
        3.378,
        13.981,
        3.655,
        20.258,
        3.933,
        20.258,
        0,
        4.8,
        -21.848,
        0,
        5.733,
        20.258,
        0,
        6.5,
        -8.002,
        0,
        7,
        8.107
      ]
    },
    {
      "Target": "Parameter",
      "Id": "ParamZMWY1",
      "Segments": [
        0,
        -12.995,
        0,
        1.1,
        15.067,
        0,
        1.933,
        -15.067,
        0,
        2.9,
        15.067,
        0,
        3.733,
        -15.067,
        0,
        4.667,
        15.067,
        0,
        5.533,
        -15.067,
        0,
        6.4,
        15.067,
        0,
        7,
        -12.995
      ]
    },
    {
      "Target": "Parameter",
      "Id": "ParamZMWY2",
      "Segments": [
        0,
        -3.232,
        0,
        0.5,
        -15.067,
        0,
        1.667,
        21.282,
        0,
        2.533,
        -6.667,
        0,
        3.3,
        12.564,
        0,
        4.1,
        -15.067,
        0,
        4.933,
        15.067,
        0,
        5.9,
        -15.067,
        0,
        6.533,
        15.067,
        0,
        7,
        -3.232
      ]
    },
    {
      "Target": "Parameter",
      "Id": "ParamZMWK",
      "Segments": [
        0,
        5.312,
        0,
        0.7,
        -15.067,
        0,
        1.633,
        15.067,
        0,
        2.5,
        -15.067,
        0,
        3.333,
        15.067,
        0,
        4.3,
        -15.067,
        0,
        5.067,
        15.067,
        0,
        6.067,
        -15.067,
        0,
        6.7,
        15.067,
        0,
        7,
        5.312
      ]
    },
    {
      "Target": "Parameter",
      "Id": "ParamHairBack",
      "Segments": [
        0,
        -0.205,
        0,
        0.967,
        0.2,
        1,
        1.556,
        0.2,
        2.144,
        -0.199,
        2.733,
        -0.248,
        1,
        3.544,
        -0.316,
        4.356,
        0.206,
        5.167,
        0.239,
        0,
        7,
        -0.205
      ]
    },
    {
      "Target": "Parameter",
      "Id": "ParamSkirt",
      "Segments": [
        0,
        1,
        0,
        0.733,
        -0.308,
        0,
        1.533,
        0.803,
        0,
        2.967,
        -0.188,
        0,
        5,
        0.897,
        0,
        6.067,
        -0.248,
        0,
        7,
        1
      ]
    },
    {
      "Target": "Parameter",
      "Id": "ParamSkirtY",
      "Segments": [
        0,
        0.741,
        0,
        1.133,
        0.88,
        0,
        1.933,
        -0.247,
        0,
        3.367,
        0.758,
        0,
        5.4,
        -0.342,
        0,
        6.467,
        0.819,
        0,
        7,
        0.741
      ]
    },
    {
      "Target": "Parameter",
      "Id": "ParamSkirt2",
      "Segments": [
        0,
        0.741,
        0,
        0.367,
        -0.308,
        0,
        1.167,
        0.803,
        0,
        2.6,
        -0.188,
        0,
        4.633,
        0.897,
        0,
        5.7,
        -0.248,
        0,
        7,
        0.741
      ]
    },
    {
      "Target": "Parameter",
      "Id": "ParamMouthX",
      "Segments": [
        0,
        0,
        0,
        7,
        0
      ]
    },
    {
      "Target": "Parameter",
      "Id": "ParamTDP",
      "Segments": [
        0,
        0,
        0,
        7,
        0
      ]
    },
    {
      "Target": "Parameter",
      "Id": "ParamLjian",
      "Segments": [
        0,
        0,
        0,
        7,
        0
      ]
    },
    {
      "Target": "Parameter",
      "Id": "ParamRjian",
      "Segments": [
        0,
        0,
        0,
        7,
        0
      ]
    },
    {
      "Target": "Parameter",
      "Id": "ParamZTX2",
      "Segments": [
        0,
        -1.259,
        0,
        7,
        -1.259
      ]
    },
    {
      "Target": "Parameter",
      "Id": "ParamBDX",
      "Segments": [
        0,
        5.728,
        0,
        7,
        5.728
      ]
    },
    {
      "Target": "Parameter",
      "Id": "ParamZSH",
      "Segments": [
        0,
        0,
        0,
        7,
        0
      ]
    },
    {
      "Target": "Parameter",
      "Id": "ParamZSTC",
      "Segments": [
        0,
        0,
        0,
        7,
        0
      ]
    },
    {
      "Target": "Parameter",
      "Id": "ParamYMZ",
      "Segments": [
        0,
        -20,
        0,
        7,
        -20
      ]
    },
    {
      "Target": "Parameter",
      "Id": "ParamYD",
      "Segments": [
        0,
        0,
        0,
        7,
        0
      ]
    },
    {
      "Target": "Parameter",
      "Id": "ParamYSH",
      "Segments": [
        0,
        0,
        0,
        7,
        0
      ]
    },
    {
      "Target": "Parameter",
      "Id": "ParamYSTC",
      "Segments": [
        0,
        0,
        0,
        7,
        0
      ]
    },
    {
      "Target": "Parameter",
      "Id": "ParamGDXZ",
      "Segments": [
        0,
        12.2,
        0,
        7,
        12.2
      ]
    },
    {
      "Target": "Parameter",
      "Id": "ParamGXZ1",
      "Segments": [
        0,
        0,
        0,
        7,
        0
      ]
    },
    {
      "Target": "Parameter",
      "Id": "ParamGXZ2",
      "Segments": [
        0,
        0,
        0,
        7,
        0
      ]
    },
    {
      "Target": "Parameter",
      "Id": "ParamZTXZ",
      "Segments": [
        0,
        0,
        0,
        7,
        0
      ]
    },
    {
      "Target": "Parameter",
      "Id": "ParamGDTX",
      "Segments": [
        0,
        0,
        0,
        7,
        0
      ]
    },
    {
      "Target": "Parameter",
      "Id": "ParamGDTX2",
      "Segments": [
        0,
        0,
        0,
        7,
        0
      ]
    },
    {
      "Target": "Parameter",
      "Id": "ParamGDTX3",
      "Segments": [
        0,
        0,
        0,
        7,
        0
      ]
    },
    {
      "Target": "Parameter",
      "Id": "ParamHT",
      "Segments": [
        0,
        0,
        0,
        7,
        0
      ]
    },
    {
      "Target": "Parameter",
      "Id": "Paramxzb",
      "Segments": [
        0,
        0,
        0,
        7,
        0
      ]
    },
    {
      "Target": "Parameter",
      "Id": "ParamJYX",
      "Segments": [
        0,
        0,
        0,
        7,
        0
      ]
    },
    {
      "Target": "Parameter",
      "Id": "ParamGTC1",
      "Segments": [
        0,
        0,
        0,
        7,
        0
      ]
    },
    {
      "Target": "Parameter",
      "Id": "ParamGTC2",
      "Segments": [
        0,
        0,
        0,
        7,
        0
      ]
    },
    {
      "Target": "Parameter",
      "Id": "ParamGTC3",
      "Segments": [
        0,
        0,
        0,
        7,
        0
      ]
    },
    {
      "Target": "Parameter",
      "Id": "ParamGXS",
      "Segments": [
        0,
        0,
        0,
        7,
        0
      ]
    },
    {
      "Target": "Parameter",
      "Id": "ParamGZZ",
      "Segments": [
        0,
        0,
        0,
        7,
        0
      ]
    },
    {
      "Target": "Parameter",
      "Id": "ParamGX",
      "Segments": [
        0,
        0,
        0,
        7,
        0
      ]
    },
    {
      "Target": "Parameter",
      "Id": "ParamGY",
      "Segments": [
        0,
        0,
        0,
        7,
        0
      ]
    },
    {
      "Target": "Parameter",
      "Id": "ParamZDTTQ",
      "Segments": [
        0,
        0,
        0,
        7,
        0
      ]
    },
    {
      "Target": "Parameter",
      "Id": "ParamLegRX",
      "Segments": [
        0,
        0,
        0,
        7,
        0
      ]
    },
    {
      "Target": "Parameter",
      "Id": "ParamTXTT",
      "Segments": [
        0,
        -0.071,
        0,
        7,
        -0.071
      ]
    },
    {
      "Target": "Parameter",
      "Id": "ParamMDR",
      "Segments": [
        0,
        0,
        0,
        7,
        0
      ]
    },
    {
      "Target": "Parameter",
      "Id": "ParamWhite1",
      "Segments": [
        0,
        0,
        0,
        7,
        0
      ]
    },
    {
      "Target": "Parameter",
      "Id": "ParamBlack0",
      "Segments": [
        0,
        1,
        0,
        7,
        1
      ]
    },
    {
      "Target": "Parameter",
      "Id": "ParamBlack01",
      "Segments": [
        0,
        1,
        0,
        7,
        1
      ]
    },
    {
      "Target": "Parameter",
      "Id": "ParamBlack1",
      "Segments": [
        0,
        0,
        0,
        7,
        0
      ]
    },
    {
      "Target": "Parameter",
      "Id": "Param97X",
      "Segments": [
        0,
        0,
        0,
        7,
        0
      ]
    },
    {
      "Target": "Parameter",
      "Id": "Param97Y",
      "Segments": [
        0,
        0,
        0,
        7,
        0
      ]
    },
    {
      "Target": "Parameter",
      "Id": "Param97O",
      "Segments": [
        0,
        0,
        0,
        7,
        0
      ]
    },
    {
      "Target": "Parameter",
      "Id": "ParamWY",
      "Segments": [
        0,
        0,
        0,
        7,
        0
      ]
    },
    {
      "Target": "Parameter",
      "Id": "ParamWZoom",
      "Segments": [
        0,
        0,
        0,
        7,
        0
      ]
    },
    {
      "Target": "Parameter",
      "Id": "Parammod",
      "Segments": [
        0,
        0,
        0,
        7,
        0
      ]
    },
    {
      "Target": "Parameter",
      "Id": "ParamBZY",
      "Segments": [
        0,
        1,
        0,
        7,
        1
      ]
    }
  ],
  "UserData": [
    {
      "Time": 0.0,
      "Value": "characterVoice_8_6"
    },
    {
      "Time": 0.0,
      "Value": ""
    }
  ]
}