{
  "Version": 3,
  "Meta": {
    "Duration": 3.6,
    "Fps": 30.0,
    "Loop": true,
    "AreBeziersRestricted": true,
    "CurveCount": 158,
    "TotalSegmentCount": 1006,
    "TotalPointCount": 1664,
    "UserDataCount": 2,
    "TotalUserDataSize": 20
  },
  "Curves": [
    {
      "Target": "Parameter",
      "Id": "ParamAngleX",
      "Segments": [
        0,
        30,
        0,
        0.767,
        14,
        2,
        1.133,
        14,
        0,
        1.633,
        -30,
        1,
        1.689,
        -30,
        1.744,
        -30.063,
        1.8,
        -17.055,
        1,
        1.889,
        3.758,
        1.978,
        30,
        2.067,
        30,
        2,
        2.6,
        30,
        2,
        3.6,
        30
      ]
    },
    {
      "Target": "Parameter",
      "Id": "ParamAngleY",
      "Segments": [
        0,
        -14.291,
        0,
        0.433,
        30,
        1,
        0.544,
        26.592,
        0.656,
        -30,
        0.767,
        -30,
        1,
        1.045,
        -25.321,
        1.322,
        -30,
        1.6,
        -30,
        0,
        1.8,
        -22.597,
        1,
        1.911,
        -11.862,
        2.022,
        9.922,
        2.133,
        17.436,
        1,
        2.233,
        24.198,
        2.333,
        24.56,
        2.433,
        24.56,
        1,
        2.589,
        24.56,
        2.744,
        24.284,
        2.9,
        18.058,
        1,
        3,
        14.055,
        3.1,
        -30,
        3.2,
        -30,
        0,
        3.6,
        -14.291
      ]
    },
    {
      "Target": "Parameter",
      "Id": "ParamAngleZ",
      "Segments": [
        0,
        4.601,
        0,
        0.9,
        -30,
        0,
        1.5,
        30,
        1,
        1.6,
        30,
        1.7,
        19.96,
        1.8,
        -7.06,
        1,
        1.844,
        -19.068,
        1.889,
        -30,
        1.933,
        -30,
        1,
        2,
        -30,
        2.066,
        -26.506,
        2.133,
        -26.154,
        1,
        2.289,
        -25.332,
        2.444,
        -25.523,
        2.6,
        -24.331,
        1,
        2.778,
        -22.969,
        2.955,
        11.026,
        3.133,
        11.026,
        0,
        3.6,
        4.601
      ]
    },
    {
      "Target": "Parameter",
      "Id": "ParamEyeLOpen",
      "Segments": [
        0,
        1,
        2,
        1.267,
        1,
        0,
        1.367,
        0,
        0,
        1.433,
        1,
        2,
        1.8,
        1,
        2,
        2.6,
        1,
        2,
        2.9,
        1,
        0,
        3.033,
        0,
        0,
        3.233,
        1,
        2,
        3.6,
        1
      ]
    },
    {
      "Target": "Parameter",
      "Id": "ParamEyeROpen",
      "Segments": [
        0,
        1,
        2,
        1.267,
        1,
        0,
        1.367,
        0,
        0,
        1.433,
        1,
        2,
        1.8,
        1,
        2,
        2.6,
        1,
        2,
        2.9,
        1,
        0,
        3.033,
        0,
        0,
        3.233,
        1,
        2,
        3.6,
        1
      ]
    },
    {
      "Target": "Parameter",
      "Id": "ParamEyeSmile",
      "Segments": [
        0,
        1,
        2,
        1.8,
        1,
        2,
        2.6,
        1,
        0,
        2.933,
        0,
        0,
        3.6,
        1
      ]
    },
    {
      "Target": "Parameter",
      "Id": "ParamEyeBallX",
      "Segments": [
        0,
        -0.722,
        0,
        0.433,
        -0.4,
        2,
        0.767,
        -0.4,
        1,
        0.889,
        -0.4,
        1.011,
        -0.435,
        1.133,
        -0.2,
        1,
        1.3,
        0.121,
        1.466,
        0.9,
        1.633,
        0.9,
        1,
        1.689,
        0.9,
        1.744,
        0.89,
        1.8,
        0.694,
        1,
        1.889,
        0.379,
        1.978,
        -0.569,
        2.067,
        -0.6,
        1,
        2.245,
        -0.663,
        2.422,
        -0.68,
        2.6,
        -0.729,
        1,
        2.744,
        -0.769,
        2.889,
        -0.8,
        3.033,
        -0.8,
        0,
        3.6,
        -0.72
      ]
    },
    {
      "Target": "Parameter",
      "Id": "ParamEyeBallY",
      "Segments": [
        0,
        0.317,
        1,
        0.144,
        0.317,
        0.289,
        -0.564,
        0.433,
        -0.4,
        1,
        0.544,
        -0.273,
        0.656,
        0.901,
        0.767,
        0.9,
        1,
        0.889,
        0.898,
        1.011,
        0.8,
        1.133,
        0.8,
        0,
        1.633,
        1,
        0,
        1.8,
        0.781,
        0,
        2.067,
        0,
        0,
        2.6,
        0.059,
        1,
        2.744,
        0.059,
        2.889,
        0.696,
        3.033,
        0.8,
        0,
        3.6,
        0.317
      ]
    },
    {
      "Target": "Parameter",
      "Id": "ParamParamBrowLY",
      "Segments": [
        0,
        0,
        0,
        0.467,
        1,
        0,
        1,
        0,
        2,
        1.8,
        0,
        2,
        2.6,
        0,
        2,
        3.6,
        0
      ]
    },
    {
      "Target": "Parameter",
      "Id": "ParamParamBrowRY",
      "Segments": [
        0,
        0,
        0,
        0.467,
        1,
        0,
        1,
        0,
        2,
        1.8,
        0,
        2,
        2.6,
        0,
        2,
        3.6,
        0
      ]
    },
    {
      "Target": "Parameter",
      "Id": "ParamCheek",
      "Segments": [
        0,
        0,
        2,
        1.8,
        0,
        2,
        2.6,
        0,
        2,
        2.633,
        0,
        0,
        3.267,
        1,
        0,
        3.6,
        0
      ]
    },
    {
      "Target": "Parameter",
      "Id": "ParamMouthOpenY",
      "Segments": [
        0,
        0,
        2,
        0.267,
        0,
        1,
        0.278,
        -0.014,
        0.289,
        0.327,
        0.3,
        0.62,
        1,
        0.311,
        1.059,
        0.322,
        1.002,
        0.333,
        1,
        2,
        0.367,
        1,
        1,
        0.378,
        0.97,
        0.389,
        0.815,
        0.4,
        0.832,
        1,
        0.411,
        0.798,
        0.422,
        1.115,
        0.433,
        1,
        2,
        0.6,
        1,
        2,
        0.633,
        0.958,
        1,
        0.689,
        0.717,
        0.744,
        0,
        0.8,
        0,
        2,
        0.933,
        0,
        1,
        0.944,
        -0.004,
        0.956,
        0.179,
        0.967,
        0.422,
        1,
        0.978,
        0.596,
        0.989,
        1.105,
        1,
        1,
        2,
        1.1,
        1,
        1,
        1.133,
        0.686,
        1.167,
        0.064,
        1.2,
        0.086,
        1,
        1.233,
        0.097,
        1.267,
        0.749,
        1.3,
        0.76,
        1,
        1.322,
        0.754,
        1.345,
        0.406,
        1.367,
        0.4,
        1,
        1.4,
        0.407,
        1.434,
        0.833,
        1.467,
        0.84,
        1,
        1.489,
        0.834,
        1.511,
        0.468,
        1.533,
        0.462,
        1,
        1.566,
        0.445,
        1.6,
        0.821,
        1.633,
        1,
        2,
        1.767,
        1,
        1,
        1.778,
        1.203,
        1.789,
        0.677,
        1.8,
        0.506,
        1,
        1.811,
        0.264,
        1.822,
        0.082,
        1.833,
        0.086,
        1,
        1.855,
        0.084,
        1.878,
        0.52,
        1.9,
        0.891,
        3,
        1.933,
        1,
        2,
        2.1,
        1,
        1,
        2.111,
        0.977,
        2.122,
        1.073,
        2.133,
        0.843,
        1,
        2.144,
        0.709,
        2.156,
        0.56,
        2.167,
        0.434,
        1,
        2.189,
        0.192,
        2.211,
        -0.001,
        2.233,
        0,
        2,
        2.5,
        0,
        1,
        2.533,
        -0.074,
        2.567,
        0.864,
        2.6,
        1,
        2,
        2.733,
        1,
        1,
        2.755,
        0.668,
        2.778,
        0.204,
        2.8,
        0.212,
        1,
        2.822,
        0.22,
        2.845,
        0.529,
        2.867,
        0.863,
        3,
        2.9,
        1,
        2,
        2.967,
        1,
        1,
        3,
        1.083,
        3.034,
        -0.092,
        3.067,
        0,
        2,
        3.6,
        0
      ]
    },
    {
      "Target": "Parameter",
      "Id": "ParamMouthForm",
      "Segments": [
        0,
        0,
        0,
        0.333,
        1,
        0,
        0.467,
        0.376,
        0,
        0.6,
        0.821,
        1,
        0.7,
        0.821,
        0.8,
        0.093,
        0.9,
        0.051,
        1,
        0.967,
        0.023,
        1.033,
        0.037,
        1.1,
        0.016,
        1,
        1.156,
        -0.002,
        1.211,
        -0.827,
        1.267,
        -0.827,
        0,
        1.4,
        0.077,
        0,
        1.6,
        -1,
        0,
        1.733,
        0.085,
        1,
        1.755,
        0.085,
        1.778,
        0.086,
        1.8,
        0.084,
        1,
        1.911,
        0.078,
        2.022,
        0.066,
        2.133,
        0.066,
        1,
        2.289,
        0.066,
        2.444,
        0.126,
        2.6,
        0.311,
        1,
        2.622,
        0.338,
        2.645,
        1,
        2.667,
        1,
        1,
        2.722,
        0.996,
        2.778,
        -0.137,
        2.833,
        -0.137,
        0,
        3.133,
        1,
        0,
        3.6,
        0
      ]
    },
    {
      "Target": "Parameter",
      "Id": "ParamMouthX",
      "Segments": [
        0,
        0,
        2,
        1,
        0,
        0,
        1.3,
        -1,
        0,
        1.667,
        1,
        1,
        1.711,
        1,
        1.756,
        1.016,
        1.8,
        0.928,
        1,
        1.889,
        0.753,
        1.978,
        0.097,
        2.067,
        0.017,
        1,
        2.245,
        -0.142,
        2.422,
        -0.146,
        2.6,
        -0.332,
        1,
        2.8,
        -0.541,
        3,
        -1,
        3.2,
        -1,
        0,
        3.6,
        0
      ]
    },
    {
      "Target": "Parameter",
      "Id": "ParamBodyAngleX",
      "Segments": [
        0,
        -7.919,
        0,
        0.3,
        10,
        1,
        0.467,
        9.362,
        0.633,
        -10,
        0.8,
        -10,
        1,
        0.989,
        -9.844,
        1.178,
        -10,
        1.367,
        -10,
        0,
        1.733,
        10,
        0,
        1.8,
        9.325,
        0,
        2.1,
        -4.663,
        2,
        2.6,
        -4.663,
        1,
        2.833,
        -9.43,
        3.067,
        -7.92,
        3.3,
        -7.92,
        0,
        3.6,
        -7.919
      ]
    },
    {
      "Target": "Parameter",
      "Id": "ParamBodyAngleY",
      "Segments": [
        0,
        2.22,
        0,
        0.133,
        -1.795,
        0,
        0.367,
        6.667,
        0,
        0.733,
        0.94,
        0,
        1.033,
        10,
        1,
        1.155,
        10,
        1.278,
        -3.008,
        1.4,
        -4.872,
        1,
        1.478,
        -6.058,
        1.555,
        -5.726,
        1.633,
        -5.726,
        1,
        1.689,
        -5.726,
        1.744,
        -5.448,
        1.8,
        -1.656,
        1,
        1.878,
        3.653,
        1.955,
        10,
        2.033,
        10,
        1,
        2.222,
        10,
        2.411,
        9.589,
        2.6,
        6.268,
        1,
        2.711,
        4.315,
        2.822,
        -1.795,
        2.933,
        -1.795,
        0,
        3.6,
        2.22
      ]
    },
    {
      "Target": "Parameter",
      "Id": "ParamBodyAngleZ",
      "Segments": [
        0,
        1.909,
        0,
        0.433,
        10,
        0,
        0.9,
        0,
        0,
        1.167,
        0.342,
        0,
        1.567,
        -3.59,
        1,
        1.645,
        -3.59,
        1.722,
        -2.947,
        1.8,
        -1.052,
        1,
        1.844,
        0.03,
        1.889,
        1.026,
        1.933,
        1.026,
        0,
        2.6,
        0,
        0,
        3.133,
        10,
        0,
        3.6,
        1.909
      ]
    },
    {
      "Target": "Parameter",
      "Id": "ParamYAOZ",
      "Segments": [
        0,
        1.328,
        0,
        0.333,
        -10,
        1,
        0.466,
        -8.434,
        0.6,
        7,
        0.733,
        7,
        1,
        0.844,
        8.958,
        0.956,
        8.633,
        1.067,
        8.633,
        0,
        1.467,
        -1.026,
        1,
        1.578,
        -1.026,
        1.689,
        1.379,
        1.8,
        6.617,
        1,
        1.844,
        8.712,
        1.889,
        10,
        1.933,
        10,
        1,
        2.155,
        10,
        2.378,
        9.315,
        2.6,
        7.8,
        1,
        2.611,
        7.724,
        2.622,
        7.563,
        2.633,
        7.094,
        1,
        2.811,
        -0.404,
        2.989,
        -5,
        3.167,
        -5,
        0,
        3.6,
        1.328
      ]
    },
    {
      "Target": "Parameter",
      "Id": "ParamZTM",
      "Segments": [
        0,
        3.309,
        0,
        0.333,
        30,
        1,
        0.466,
        23.282,
        0.6,
        -21.135,
        0.733,
        -21,
        1,
        0.844,
        -20.501,
        0.956,
        -21,
        1.067,
        -21,
        0,
        1.467,
        -30,
        2,
        1.8,
        -30,
        2,
        1.933,
        -30,
        0,
        2.6,
        -21.18,
        0,
        2.633,
        -21,
        1,
        2.811,
        -21,
        2.989,
        -0.504,
        3.167,
        4,
        0,
        3.6,
        3.309
      ]
    },
    {
      "Target": "Parameter",
      "Id": "ParamYTM",
      "Segments": [
        0,
        8.89,
        0,
        0.333,
        17,
        0,
        0.733,
        -12,
        2,
        1.067,
        -12,
        0,
        1.467,
        -5,
        1,
        1.545,
        -5,
        1.622,
        -5.393,
        1.7,
        -7,
        1,
        1.733,
        -7.689,
        1.767,
        -9.004,
        1.8,
        -11.358,
        1,
        1.844,
        -14.496,
        1.889,
        -22,
        1.933,
        -22,
        1,
        2.155,
        -22,
        2.378,
        -19.351,
        2.6,
        -13.677,
        1,
        2.611,
        -13.393,
        2.622,
        -12.625,
        2.633,
        -12,
        1,
        2.711,
        -7.624,
        2.789,
        -3.847,
        2.867,
        1.358,
        1,
        2.967,
        8.05,
        3.067,
        13,
        3.167,
        13,
        0,
        3.6,
        8.89
      ]
    },
    {
      "Target": "Parameter",
      "Id": "ParamHipY",
      "Segments": [
        0,
        0,
        2,
        0.633,
        0,
        1,
        0.755,
        -3.134,
        0.878,
        -10,
        1,
        -10,
        0,
        1.167,
        0,
        0,
        1.533,
        -10,
        1,
        1.622,
        -10,
        1.711,
        -8.4,
        1.8,
        -4.067,
        1,
        1.844,
        -1.901,
        1.889,
        0,
        1.933,
        0,
        2,
        2.6,
        0,
        2,
        3.6,
        0
      ]
    },
    {
      "Target": "Parameter",
      "Id": "ParamZTX",
      "Segments": [
        0,
        0,
        0,
        0.733,
        -10,
        2,
        1.067,
        -10,
        0,
        1.467,
        14,
        1,
        1.578,
        14,
        1.689,
        8.766,
        1.8,
        -2.636,
        1,
        1.844,
        -7.197,
        1.889,
        -10,
        1.933,
        -10,
        2,
        2.6,
        -10,
        2,
        2.633,
        -10,
        0,
        3.6,
        0
      ]
    },
    {
      "Target": "Parameter",
      "Id": "ParamZTX2",
      "Segments": [
        0,
        -1.259,
        1,
        0.244,
        -1.259,
        0.489,
        -1.013,
        0.733,
        -0.958,
        1,
        0.844,
        -0.854,
        0.956,
        -0.958,
        1.067,
        -0.958,
        2,
        1.467,
        -0.958,
        2,
        1.8,
        -0.958,
        2,
        1.933,
        -0.958,
        2,
        2.6,
        -0.958,
        2,
        2.633,
        -0.958,
        0,
        3.6,
        -1.259
      ]
    },
    {
      "Target": "Parameter",
      "Id": "ParamZTY",
      "Segments": [
        0,
        0,
        0,
        0.733,
        16,
        2,
        1.067,
        16,
        0,
        1.467,
        -7,
        1,
        1.578,
        -7,
        1.689,
        -1.984,
        1.8,
        8.943,
        1,
        1.844,
        13.314,
        1.889,
        16,
        1.933,
        16,
        2,
        2.6,
        16,
        2,
        2.633,
        16,
        0,
        3.6,
        0
      ]
    },
    {
      "Target": "Parameter",
      "Id": "ParamZTZ",
      "Segments": [
        0,
        0,
        2,
        0.733,
        0,
        2,
        1.067,
        0,
        0,
        1.467,
        -7.949,
        1,
        1.578,
        -7.949,
        1.689,
        -6.215,
        1.8,
        -2.439,
        1,
        1.844,
        -0.928,
        1.889,
        0,
        1.933,
        0,
        2,
        2.6,
        0,
        2,
        2.633,
        0,
        2,
        3.6,
        0
      ]
    },
    {
      "Target": "Parameter",
      "Id": "ParamArmL",
      "Segments": [
        0,
        -0.909,
        0,
        0.6,
        -21,
        1,
        0.733,
        -21,
        0.867,
        -21.202,
        1,
        -20.024,
        1,
        1.133,
        -18.846,
        1.267,
        0,
        1.4,
        0,
        1,
        1.533,
        0,
        1.667,
        -6.711,
        1.8,
        -21.643,
        1,
        1.844,
        -26.621,
        1.889,
        -30,
        1.933,
        -30,
        2,
        2.6,
        -30,
        0,
        3.6,
        -0.909
      ]
    },
    {
      "Target": "Parameter",
      "Id": "ParamArmLY",
      "Segments": [
        0,
        0,
        2,
        1,
        0,
        1,
        1.267,
        0,
        1.533,
        -9.593,
        1.8,
        -26.573,
        1,
        1.844,
        -29.403,
        1.889,
        -30,
        1.933,
        -30,
        2,
        2.6,
        -30,
        0,
        3.067,
        0,
        2,
        3.6,
        0
      ]
    },
    {
      "Target": "Parameter",
      "Id": "ParamArmL1",
      "Segments": [
        0,
        -5.402,
        2,
        1,
        -5.402,
        0,
        1.4,
        -30,
        1,
        1.533,
        -30,
        1.667,
        -24.497,
        1.8,
        -12.254,
        1,
        1.844,
        -8.173,
        1.889,
        -5.402,
        1.933,
        -5.402,
        2,
        2.6,
        -5.402,
        2,
        3.6,
        -5.402
      ]
    },
    {
      "Target": "Parameter",
      "Id": "ParamHandL",
      "Segments": [
        0,
        -3.908,
        1,
        0.2,
        -3.908,
        0.4,
        -10.334,
        0.6,
        -18,
        1,
        0.656,
        -20.129,
        0.711,
        -20,
        0.767,
        -20,
        1,
        0.845,
        -20,
        0.922,
        -20.276,
        1,
        -19.419,
        1,
        1.133,
        -17.95,
        1.267,
        -9,
        1.4,
        -9,
        1,
        1.533,
        -9,
        1.667,
        -11.331,
        1.8,
        -16.517,
        1,
        1.844,
        -18.245,
        1.889,
        -19.419,
        1.933,
        -19.419,
        2,
        2.6,
        -19.419,
        0,
        3.6,
        -3.908
      ]
    },
    {
      "Target": "Parameter",
      "Id": "ParamZBTY",
      "Segments": [
        0,
        -30,
        0,
        0.733,
        -19,
        0,
        1,
        -19.534,
        0,
        1.4,
        30,
        1,
        1.533,
        30,
        1.667,
        20.607,
        1.8,
        -0.301,
        1,
        1.844,
        -7.27,
        1.889,
        -12,
        1.933,
        -12,
        2,
        2.6,
        -12,
        0,
        2.933,
        -30,
        2,
        3.6,
        -30
      ]
    },
    {
      "Target": "Parameter",
      "Id": "ParamZXZK",
      "Segments": [
        0,
        12.448,
        0,
        0.533,
        -11.111,
        0,
        1.1,
        12.448,
        0,
        1.533,
        -2.593,
        1,
        1.622,
        -2.593,
        1.711,
        -1.694,
        1.8,
        2.901,
        1,
        1.889,
        7.496,
        1.978,
        12.448,
        2.067,
        12.448,
        1,
        2.245,
        12.448,
        2.422,
        11.78,
        2.6,
        5.26,
        1,
        2.711,
        1.185,
        2.822,
        -15.185,
        2.933,
        -15.185,
        0,
        3.6,
        12.448
      ]
    },
    {
      "Target": "Parameter",
      "Id": "ParamZXZX",
      "Segments": [
        0,
        -14.754,
        0,
        0.467,
        -30,
        0,
        0.967,
        -3,
        0,
        1.367,
        -30,
        0,
        1.767,
        0,
        1,
        1.778,
        0,
        1.789,
        0.638,
        1.8,
        -0.329,
        1,
        1.9,
        -9.024,
        2,
        -29.259,
        2.1,
        -29.259,
        1,
        2.267,
        -29.259,
        2.433,
        -29.548,
        2.6,
        -26.533,
        1,
        2.756,
        -23.72,
        2.911,
        3.704,
        3.067,
        3.704,
        0,
        3.6,
        -14.754
      ]
    },
    {
      "Target": "Parameter",
      "Id": "ParamZXZY",
      "Segments": [
        0,
        -3.606,
        0,
        0.6,
        -30,
        0,
        1.067,
        -3,
        0,
        1.467,
        -30,
        1,
        1.578,
        -30,
        1.689,
        -21.27,
        1.8,
        -3.126,
        1,
        1.811,
        -1.311,
        1.822,
        0,
        1.833,
        0,
        1,
        2.089,
        0,
        2.344,
        -12.142,
        2.6,
        -28.93,
        1,
        2.611,
        -29.66,
        2.622,
        -29.259,
        2.633,
        -29.259,
        0,
        3.2,
        3.704,
        0,
        3.6,
        -3.606
      ]
    },
    {
      "Target": "Parameter",
      "Id": "ParamXZD3",
      "Segments": [
        0,
        -14.754,
        0,
        0.7,
        -30,
        0,
        1.133,
        -3,
        0,
        1.533,
        -30,
        1,
        1.622,
        -30,
        1.711,
        -24.696,
        1.8,
        -10.577,
        1,
        1.833,
        -5.282,
        1.867,
        0,
        1.9,
        0,
        1,
        2.133,
        0,
        2.367,
        -8.304,
        2.6,
        -24.687,
        1,
        2.644,
        -27.808,
        2.689,
        -29.259,
        2.733,
        -29.259,
        0,
        3.3,
        3.704,
        0,
        3.6,
        -14.754
      ]
    },
    {
      "Target": "Parameter",
      "Id": "ParamXZD4",
      "Segments": [
        0,
        9.666,
        0,
        0.633,
        -30,
        0,
        1.1,
        -3,
        0,
        1.5,
        -30,
        1,
        1.6,
        -30,
        1.7,
        -21.618,
        1.8,
        -5.26,
        1,
        1.822,
        -1.625,
        1.845,
        0,
        1.867,
        0,
        1,
        2.111,
        0,
        2.356,
        -10.964,
        2.6,
        -28.002,
        1,
        2.622,
        -29.551,
        2.645,
        -29.259,
        2.667,
        -29.259,
        1,
        2.856,
        -29.259,
        3.044,
        -6.601,
        3.233,
        3.704,
        1,
        3.355,
        10.372,
        3.478,
        9.666,
        3.6,
        9.666
      ]
    },
    {
      "Target": "Parameter",
      "Id": "ParamArmR",
      "Segments": [
        0,
        -2.023,
        2,
        1,
        -2.023,
        0,
        1.2,
        9,
        1,
        1.311,
        9,
        1.422,
        7.361,
        1.533,
        0,
        1,
        1.622,
        -5.889,
        1.711,
        -16.831,
        1.8,
        -25.564,
        1,
        1.889,
        -34.297,
        1.978,
        -39,
        2.067,
        -39,
        2,
        2.6,
        -39,
        0,
        3.6,
        -2.023
      ]
    },
    {
      "Target": "Parameter",
      "Id": "ParamArmRY",
      "Segments": [
        0,
        -7,
        0,
        0.767,
        -30,
        2,
        1,
        -30,
        0,
        1.2,
        0,
        0,
        1.533,
        -30,
        1,
        1.622,
        -30,
        1.711,
        -26.188,
        1.8,
        -13.683,
        1,
        1.844,
        -7.43,
        1.889,
        0,
        1.933,
        0,
        2,
        2.6,
        0,
        0,
        3.6,
        -7
      ]
    },
    {
      "Target": "Parameter",
      "Id": "ParamArmR1",
      "Segments": [
        0,
        -17.152,
        0,
        1,
        -14.874,
        1,
        1.267,
        -14.874,
        1.533,
        -19.709,
        1.8,
        -28.272,
        1,
        1.844,
        -29.699,
        1.889,
        -30,
        1.933,
        -30,
        2,
        2.6,
        -30,
        0,
        3.6,
        -17.152
      ]
    },
    {
      "Target": "Parameter",
      "Id": "ParamHandR",
      "Segments": [
        0,
        -0.436,
        0,
        0.567,
        -10,
        0,
        1,
        -9.848,
        0,
        1.533,
        -26,
        1,
        1.622,
        -26,
        1.711,
        -21.436,
        1.8,
        -6.42,
        1,
        1.844,
        1.088,
        1.889,
        10,
        1.933,
        10,
        2,
        2.6,
        10,
        0,
        3.6,
        -0.436
      ]
    },
    {
      "Target": "Parameter",
      "Id": "ParamYBTY",
      "Segments": [
        0,
        0,
        0,
        1,
        -1.962,
        0,
        1.2,
        20,
        1,
        1.311,
        20,
        1.422,
        19.427,
        1.533,
        14,
        1,
        1.622,
        9.658,
        1.711,
        -1.966,
        1.8,
        -13.092,
        1,
        1.844,
        -18.656,
        1.889,
        -30,
        1.933,
        -30,
        2,
        2.6,
        -30,
        0,
        3.6,
        0
      ]
    },
    {
      "Target": "Parameter",
      "Id": "ParamYBTX",
      "Segments": [
        0,
        0,
        2,
        1,
        0,
        0,
        1.2,
        -30,
        0,
        1.533,
        30,
        1,
        1.622,
        30,
        1.711,
        26.188,
        1.8,
        13.683,
        1,
        1.844,
        7.43,
        1.889,
        0,
        1.933,
        0,
        2,
        2.6,
        0,
        2,
        3.6,
        0
      ]
    },
    {
      "Target": "Parameter",
      "Id": "ParamYSWY",
      "Segments": [
        0,
        0,
        1,
        0.333,
        0,
        0.667,
        0.425,
        1,
        2,
        1,
        1.067,
        2.315,
        1.133,
        30,
        1.2,
        30,
        1,
        1.267,
        30,
        1.333,
        5.906,
        1.4,
        0,
        1,
        1.533,
        -11.813,
        1.667,
        -19.403,
        1.8,
        -27.195,
        1,
        1.844,
        -29.792,
        1.889,
        -30,
        1.933,
        -30,
        2,
        2.6,
        -30,
        0,
        2.833,
        30,
        0,
        3.133,
        0,
        2,
        3.6,
        0
      ]
    },
    {
      "Target": "Parameter",
      "Id": "ParamYXZ",
      "Segments": [
        0,
        -30,
        2,
        1,
        -30,
        0,
        1.2,
        30,
        0,
        1.4,
        -30,
        2,
        1.8,
        -30,
        2,
        1.933,
        -30,
        2,
        2.6,
        -30,
        0,
        2.867,
        30,
        0,
        3.167,
        -30,
        2,
        3.6,
        -30
      ]
    },
    {
      "Target": "Parameter",
      "Id": "ParamYXZ2",
      "Segments": [
        0,
        0,
        2,
        1,
        0,
        0,
        1.2,
        30,
        0,
        1.4,
        0,
        2,
        1.8,
        0,
        2,
        1.933,
        0,
        2,
        2.6,
        0,
        0,
        2.867,
        30,
        0,
        3.167,
        0,
        2,
        3.6,
        0
      ]
    },
    {
      "Target": "Parameter",
      "Id": "ParamYWMZ",
      "Segments": [
        0,
        -30,
        2,
        1,
        -30,
        0,
        1.2,
        30,
        0,
        1.4,
        -30,
        2,
        1.8,
        -30,
        2,
        2.6,
        -30,
        2,
        2.667,
        -30,
        0,
        2.933,
        30,
        0,
        3.167,
        -30,
        2,
        3.6,
        -30
      ]
    },
    {
      "Target": "Parameter",
      "Id": "ParamYWMZ2",
      "Segments": [
        0,
        0,
        2,
        1,
        0,
        0,
        1.2,
        30,
        0,
        1.4,
        0,
        2,
        1.8,
        0,
        2,
        1.933,
        0,
        2,
        2.6,
        0,
        2,
        2.667,
        0,
        0,
        2.933,
        30,
        0,
        3.4,
        0,
        2,
        3.6,
        0
      ]
    },
    {
      "Target": "Parameter",
      "Id": "ParamYZZ",
      "Segments": [
        0,
        -24,
        0,
        1,
        -30,
        0,
        1.2,
        30,
        0,
        1.4,
        -30,
        1,
        1.533,
        -30,
        1.667,
        -29.688,
        1.8,
        -29.075,
        1,
        2.067,
        -27.849,
        2.333,
        -26.737,
        2.6,
        -25.408,
        1,
        2.644,
        -25.187,
        2.689,
        -25.121,
        2.733,
        -24,
        1,
        2.822,
        -21.757,
        2.911,
        30,
        3,
        30,
        0,
        3.4,
        -24,
        2,
        3.6,
        -24
      ]
    },
    {
      "Target": "Parameter",
      "Id": "ParamYZZ2",
      "Segments": [
        0,
        0,
        2,
        1,
        0,
        0,
        1.2,
        30,
        0,
        1.4,
        0,
        2,
        1.8,
        0,
        2,
        1.933,
        0,
        2,
        2.6,
        0,
        2,
        2.733,
        0,
        0,
        3,
        30,
        0,
        3.4,
        0,
        2,
        3.6,
        0
      ]
    },
    {
      "Target": "Parameter",
      "Id": "ParamYSZ",
      "Segments": [
        0,
        -30,
        2,
        1,
        -30,
        0,
        1.2,
        30,
        0,
        1.4,
        -30,
        2,
        1.8,
        -30,
        2,
        2.6,
        -30,
        2,
        2.8,
        -30,
        0,
        3.067,
        30,
        0,
        3.4,
        -30,
        2,
        3.6,
        -30
      ]
    },
    {
      "Target": "Parameter",
      "Id": "ParamYSZ2",
      "Segments": [
        0,
        0,
        2,
        1,
        0,
        0,
        1.2,
        30,
        0,
        1.4,
        0,
        2,
        1.8,
        0,
        2,
        1.933,
        0,
        2,
        2.6,
        0,
        2,
        2.8,
        0,
        0,
        3.067,
        30,
        0,
        3.4,
        0,
        2,
        3.6,
        0
      ]
    },
    {
      "Target": "Parameter",
      "Id": "ParamYMZ",
      "Segments": [
        0,
        -20,
        2,
        1.8,
        -20,
        2,
        1.933,
        -20,
        2,
        2.6,
        -20,
        0,
        2.867,
        30,
        0,
        3.4,
        -20,
        2,
        3.6,
        -20
      ]
    },
    {
      "Target": "Parameter",
      "Id": "ParamYXZKH",
      "Segments": [
        0,
        9.079,
        0,
        0.7,
        15.556,
        0,
        1.433,
        -25.926,
        1,
        1.555,
        -25.926,
        1.678,
        -22.629,
        1.8,
        -14.417,
        1,
        1.867,
        -9.938,
        1.933,
        -6.667,
        2,
        -6.667,
        1,
        2.2,
        -6.667,
        2.4,
        -6.706,
        2.6,
        -11.932,
        1,
        2.8,
        -17.158,
        3,
        -30,
        3.2,
        -30,
        0,
        3.6,
        9.079
      ]
    },
    {
      "Target": "Parameter",
      "Id": "ParamYXZX",
      "Segments": [
        0,
        16.246,
        0,
        0.6,
        30,
        1,
        0.8,
        30,
        1,
        26.635,
        1.2,
        8.519,
        1,
        1.289,
        0.467,
        1.378,
        -30,
        1.467,
        -30,
        1,
        1.578,
        -30,
        1.689,
        -19.336,
        1.8,
        4.276,
        1,
        1.833,
        11.36,
        1.867,
        16.246,
        1.9,
        16.246,
        0,
        2.6,
        8.519,
        0,
        2.933,
        30,
        0,
        3.6,
        16.246
      ]
    },
    {
      "Target": "Parameter",
      "Id": "ParamYXZY",
      "Segments": [
        0,
        5.432,
        0,
        0.8,
        30,
        1,
        0.989,
        30,
        1.178,
        26.766,
        1.367,
        8.519,
        1,
        1.456,
        -0.068,
        1.544,
        -30,
        1.633,
        -30,
        1,
        1.689,
        -30,
        1.744,
        -29.285,
        1.8,
        -18.03,
        1,
        1.878,
        -2.274,
        1.955,
        16.246,
        2.033,
        16.246,
        1,
        2.222,
        16.246,
        2.411,
        15.444,
        2.6,
        12.383,
        1,
        2.667,
        11.302,
        2.733,
        8.519,
        2.8,
        8.519,
        0,
        3.133,
        30,
        0,
        3.6,
        5.432
      ]
    },
    {
      "Target": "Parameter",
      "Id": "ParamXZD",
      "Segments": [
        0,
        24.876,
        0,
        0.8,
        30,
        1,
        0.989,
        30,
        1.178,
        26.766,
        1.367,
        8.519,
        1,
        1.456,
        -0.068,
        1.544,
        -30,
        1.633,
        -30,
        1,
        1.689,
        -30,
        1.744,
        -29.285,
        1.8,
        -18.03,
        1,
        1.878,
        -2.274,
        1.955,
        16.246,
        2.033,
        16.246,
        1,
        2.222,
        16.246,
        2.411,
        15.444,
        2.6,
        12.383,
        1,
        2.667,
        11.302,
        2.733,
        8.519,
        2.8,
        8.519,
        0,
        3.133,
        30,
        0,
        3.6,
        24.876
      ]
    },
    {
      "Target": "Parameter",
      "Id": "ParamXZD2",
      "Segments": [
        0,
        1.624,
        0,
        0.967,
        29.627,
        1,
        1.145,
        29.627,
        1.322,
        26.506,
        1.5,
        8.146,
        1,
        1.589,
        -1.034,
        1.678,
        -30,
        1.767,
        -30,
        1,
        1.778,
        -30,
        1.789,
        -30.922,
        1.8,
        -29.589,
        1,
        1.911,
        -16.267,
        2.022,
        15.873,
        2.133,
        15.873,
        1,
        2.289,
        15.873,
        2.444,
        15.899,
        2.6,
        15.719,
        1,
        2.722,
        15.577,
        2.845,
        8.146,
        2.967,
        8.146,
        0,
        3.3,
        29.627,
        0,
        3.6,
        1.624
      ]
    },
    {
      "Target": "Parameter",
      "Id": "ParamYD",
      "Segments": [
        0,
        0,
        2,
        1,
        0,
        0,
        1.4,
        30,
        2,
        1.8,
        30,
        2,
        1.933,
        30,
        2,
        2.6,
        30,
        0,
        3.033,
        0,
        2,
        3.6,
        0
      ]
    },
    {
      "Target": "Parameter",
      "Id": "ParamLegL",
      "Segments": [
        0,
        17,
        0,
        0.733,
        0,
        2,
        1.067,
        0,
        0,
        1.467,
        -21,
        1,
        1.578,
        -21,
        1.689,
        -16.42,
        1.8,
        -6.443,
        1,
        1.844,
        -2.453,
        1.889,
        0,
        1.933,
        0,
        2,
        2.6,
        0,
        2,
        2.633,
        0,
        0,
        3.133,
        -10,
        0,
        3.6,
        17
      ]
    },
    {
      "Target": "Parameter",
      "Id": "ParamLegLY",
      "Segments": [
        0,
        0,
        2,
        0.733,
        0,
        2,
        1.067,
        0,
        0,
        1.467,
        23,
        1,
        1.578,
        23,
        1.689,
        17.984,
        1.8,
        7.057,
        1,
        1.844,
        2.686,
        1.889,
        0,
        1.933,
        0,
        2,
        2.6,
        0,
        2,
        2.633,
        0,
        0,
        3.133,
        30,
        0,
        3.6,
        0
      ]
    },
    {
      "Target": "Parameter",
      "Id": "ParamLegL1",
      "Segments": [
        0,
        0,
        0,
        0.733,
        -7,
        2,
        1.067,
        -7,
        0,
        1.467,
        7,
        1,
        1.578,
        7,
        1.689,
        3.946,
        1.8,
        -2.704,
        1,
        1.844,
        -5.365,
        1.889,
        -7,
        1.933,
        -7,
        2,
        2.6,
        -7,
        2,
        2.633,
        -7,
        0,
        2.833,
        -9,
        0,
        3.367,
        3,
        0,
        3.6,
        0
      ]
    },
    {
      "Target": "Parameter",
      "Id": "ParamZXTB",
      "Segments": [
        0,
        -1,
        0,
        0.733,
        -6,
        2,
        1.067,
        -6,
        0,
        1.467,
        -1,
        1,
        1.578,
        -1,
        1.689,
        -2.09,
        1.8,
        -4.466,
        1,
        1.844,
        -5.416,
        1.889,
        -6,
        1.933,
        -6,
        2,
        2.6,
        -6,
        2,
        2.633,
        -6,
        2,
        2.833,
        -6,
        0,
        3.367,
        0,
        0,
        3.6,
        -1
      ]
    },
    {
      "Target": "Parameter",
      "Id": "ParamLegL1Y",
      "Segments": [
        0,
        0,
        2,
        0.733,
        0,
        2,
        1.067,
        0,
        0,
        1.467,
        -12,
        1,
        1.578,
        -12,
        1.689,
        -9.382,
        1.8,
        -3.682,
        1,
        1.844,
        -1.402,
        1.889,
        0,
        1.933,
        0,
        2,
        2.6,
        0,
        2,
        2.633,
        0,
        2,
        3.6,
        0
      ]
    },
    {
      "Target": "Parameter",
      "Id": "ParamFootL",
      "Segments": [
        0,
        -18.127,
        0,
        0.733,
        30,
        2,
        1.067,
        30,
        2,
        1.8,
        30,
        2,
        1.933,
        30,
        2,
        2.6,
        30,
        2,
        2.633,
        30,
        0,
        3.6,
        -18.127
      ]
    },
    {
      "Target": "Parameter",
      "Id": "ParamZJJR",
      "Segments": [
        0,
        0,
        0,
        0.733,
        -30,
        2,
        1.8,
        -30,
        2,
        1.933,
        -30,
        2,
        2.6,
        -30,
        2,
        3.333,
        -30,
        0,
        3.6,
        0
      ]
    },
    {
      "Target": "Parameter",
      "Id": "ParamMDL",
      "Segments": [
        0,
        0,
        0,
        0.733,
        -30,
        2,
        1.8,
        -30,
        2,
        1.933,
        -30,
        1,
        2.155,
        -30,
        2.378,
        -30.441,
        2.6,
        -24.688,
        1,
        2.933,
        -16.06,
        3.267,
        0,
        3.6,
        0
      ]
    },
    {
      "Target": "Parameter",
      "Id": "ParamLegR",
      "Segments": [
        0,
        30,
        0,
        0.733,
        7,
        2,
        1.067,
        7,
        0,
        1.467,
        5,
        1,
        1.578,
        5,
        1.689,
        5.436,
        1.8,
        6.386,
        1,
        1.844,
        6.766,
        1.889,
        7,
        1.933,
        7,
        2,
        2.6,
        7,
        2,
        2.633,
        7,
        0,
        3.6,
        30
      ]
    },
    {
      "Target": "Parameter",
      "Id": "ParamLegRY",
      "Segments": [
        0,
        8.04,
        0,
        0.733,
        5,
        2,
        1.067,
        5,
        0,
        1.467,
        22,
        1,
        1.578,
        22,
        1.689,
        18.292,
        1.8,
        10.216,
        1,
        1.844,
        6.986,
        1.889,
        5,
        1.933,
        5,
        2,
        2.6,
        5,
        2,
        2.633,
        5,
        0,
        3.167,
        15,
        0,
        3.6,
        8.04
      ]
    },
    {
      "Target": "Parameter",
      "Id": "ParamLegRX",
      "Segments": [
        0,
        0,
        2,
        0.733,
        0,
        0,
        1.067,
        2,
        1,
        1.311,
        2,
        1.556,
        1.326,
        1.8,
        0.22,
        1,
        1.844,
        0.019,
        1.889,
        0,
        1.933,
        0,
        2,
        2.6,
        0,
        2,
        2.633,
        0,
        2,
        3.6,
        0
      ]
    },
    {
      "Target": "Parameter",
      "Id": "ParamLegR1",
      "Segments": [
        0,
        -21.54,
        0,
        0.733,
        5,
        2,
        1.067,
        5,
        0,
        1.467,
        0,
        1,
        1.578,
        0,
        1.689,
        1.09,
        1.8,
        3.466,
        1,
        1.844,
        4.416,
        1.889,
        5,
        1.933,
        5,
        2,
        2.6,
        5,
        2,
        2.633,
        5,
        0,
        3.6,
        -21.54
      ]
    },
    {
      "Target": "Parameter",
      "Id": "ParamTXTT",
      "Segments": [
        0,
        -0.071,
        0,
        0.733,
        2,
        2,
        1.067,
        2,
        0,
        1.467,
        0,
        1,
        1.578,
        0,
        1.689,
        0.436,
        1.8,
        1.386,
        1,
        1.844,
        1.766,
        1.889,
        2,
        1.933,
        2,
        2,
        2.6,
        2,
        2,
        2.633,
        2,
        0,
        3.6,
        -0.071
      ]
    },
    {
      "Target": "Parameter",
      "Id": "ParamLegR1Y",
      "Segments": [
        0,
        0,
        0,
        0.733,
        -6,
        2,
        1.067,
        -6,
        0,
        1.467,
        -12,
        1,
        1.578,
        -12,
        1.689,
        -10.691,
        1.8,
        -7.841,
        1,
        1.844,
        -6.701,
        1.889,
        -6,
        1.933,
        -6,
        2,
        2.6,
        -6,
        2,
        2.633,
        -6,
        0,
        3.167,
        0,
        2,
        3.6,
        0
      ]
    },
    {
      "Target": "Parameter",
      "Id": "ParamFootR",
      "Segments": [
        0,
        14,
        0,
        0.733,
        -7,
        2,
        1.067,
        -7,
        2,
        1.8,
        -7,
        2,
        1.933,
        -7,
        2,
        2.6,
        -7,
        2,
        2.633,
        -7,
        0,
        3.6,
        14
      ]
    },
    {
      "Target": "Parameter",
      "Id": "ParamYJJR",
      "Segments": [
        0,
        0,
        0,
        0.733,
        -30,
        2,
        1.8,
        -30,
        2,
        2.6,
        -30,
        2,
        2.633,
        -30,
        2,
        3.333,
        -30,
        0,
        3.6,
        0
      ]
    },
    {
      "Target": "Parameter",
      "Id": "ParamOpaishakeX",
      "Segments": [
        0,
        0.091,
        0,
        0.333,
        0.197,
        0,
        0.633,
        -0.915,
        0,
        1.167,
        0.41,
        0,
        1.4,
        -1,
        0,
        1.8,
        0.103,
        0,
        2.067,
        -1,
        1,
        2.245,
        -1,
        2.422,
        -1.005,
        2.6,
        -0.753,
        1,
        2.722,
        -0.579,
        2.845,
        0.41,
        2.967,
        0.41,
        0,
        3.6,
        0.091
      ]
    },
    {
      "Target": "Parameter",
      "Id": "ParamOpaishakeY",
      "Segments": [
        0,
        -0.805,
        2,
        0.567,
        -0.805,
        0,
        0.733,
        -0.176,
        0,
        0.867,
        -0.704,
        0,
        1,
        -0.176,
        0,
        1.167,
        -0.704,
        0,
        1.733,
        0.094,
        0,
        1.8,
        -1,
        0,
        2.067,
        0.222,
        1,
        2.245,
        0.222,
        2.422,
        0.196,
        2.6,
        -0.096,
        1,
        2.689,
        -0.242,
        2.778,
        -1,
        2.867,
        -1,
        0,
        3.167,
        0.137,
        0,
        3.6,
        -0.805
      ]
    },
    {
      "Target": "Parameter",
      "Id": "ParamHairFront",
      "Segments": [
        0,
        0.686,
        0,
        0.2,
        1,
        1,
        0.278,
        1,
        0.355,
        -0.697,
        0.433,
        -0.7,
        1,
        0.578,
        -0.705,
        0.722,
        0.958,
        0.867,
        1,
        0,
        1.067,
        0.2,
        0,
        1.367,
        1,
        0,
        1.667,
        -1,
        0,
        1.8,
        -0.782,
        0,
        2.133,
        1,
        0,
        2.6,
        0.993,
        1,
        2.778,
        0.993,
        2.955,
        0.343,
        3.133,
        -0.026,
        0,
        3.6,
        0.686
      ]
    },
    {
      "Target": "Parameter",
      "Id": "ParamHaiFrontY",
      "Segments": [
        0,
        0.237,
        0,
        0.267,
        1,
        1,
        0.345,
        1,
        0.422,
        -0.697,
        0.5,
        -0.7,
        1,
        0.644,
        -0.705,
        0.789,
        0.958,
        0.933,
        1,
        0,
        1.133,
        0.2,
        0,
        1.4,
        1,
        0,
        1.7,
        -1,
        0,
        1.8,
        -0.9,
        0,
        2.6,
        0.94,
        1,
        2.611,
        0.94,
        2.622,
        0.617,
        2.633,
        1,
        1,
        2.822,
        1,
        3.011,
        0.343,
        3.2,
        -0.025,
        0,
        3.6,
        0.237
      ]
    },
    {
      "Target": "Parameter",
      "Id": "ParamHairFront2",
      "Segments": [
        0,
        0.98,
        0,
        0.167,
        1,
        1,
        0.245,
        1,
        0.322,
        -0.697,
        0.4,
        -0.7,
        1,
        0.544,
        -0.705,
        0.689,
        0.958,
        0.833,
        1,
        0,
        1.033,
        0.2,
        0,
        1.333,
        1,
        0,
        1.633,
        -1,
        0,
        1.8,
        -0.698,
        0,
        2.1,
        1,
        0,
        2.6,
        0.974,
        1,
        2.767,
        0.974,
        2.933,
        0.343,
        3.1,
        -0.025,
        0,
        3.6,
        0.98
      ]
    },
    {
      "Target": "Parameter",
      "Id": "ParamHairFront2Y",
      "Segments": [
        0,
        -0.091,
        0,
        0.233,
        1,
        1,
        0.311,
        1,
        0.389,
        -0.697,
        0.467,
        -0.7,
        1,
        0.611,
        -0.705,
        0.756,
        0.958,
        0.9,
        1,
        0,
        1.1,
        0.2,
        0,
        1.4,
        1,
        0,
        1.667,
        -1,
        0,
        1.8,
        -0.826,
        0,
        2.6,
        1,
        1,
        2.789,
        1,
        2.978,
        0.343,
        3.167,
        -0.025,
        1,
        3.311,
        -0.116,
        3.456,
        -0.091,
        3.6,
        -0.091
      ]
    },
    {
      "Target": "Parameter",
      "Id": "ParamHairFront3",
      "Segments": [
        0,
        0.799,
        0,
        0.233,
        1,
        1,
        0.311,
        1,
        0.389,
        -0.697,
        0.467,
        -0.7,
        1,
        0.611,
        -0.705,
        0.756,
        0.958,
        0.9,
        1,
        0,
        1.1,
        0.2,
        0,
        1.4,
        1,
        0,
        1.667,
        -1,
        0,
        1.8,
        -0.826,
        0,
        2.6,
        1,
        1,
        2.789,
        1,
        2.978,
        0.343,
        3.167,
        -0.025,
        0,
        3.6,
        0.799
      ]
    },
    {
      "Target": "Parameter",
      "Id": "ParamHairFront3Y",
      "Segments": [
        0,
        0.074,
        0,
        0.3,
        1,
        1,
        0.378,
        1,
        0.455,
        -0.697,
        0.533,
        -0.7,
        1,
        0.678,
        -0.705,
        0.822,
        0.958,
        0.967,
        1,
        0,
        1.133,
        0.2,
        0,
        1.433,
        1,
        0,
        1.733,
        -1,
        0,
        1.8,
        -0.955,
        0,
        2.6,
        0.867,
        1,
        2.622,
        0.867,
        2.645,
        0.617,
        2.667,
        1,
        1,
        2.856,
        1,
        3.044,
        0.343,
        3.233,
        -0.025,
        0,
        3.6,
        0.074
      ]
    },
    {
      "Target": "Parameter",
      "Id": "ParamHairSide",
      "Segments": [
        0,
        0.294,
        0,
        0.2,
        1,
        1,
        0.3,
        1,
        0.4,
        -0.501,
        0.5,
        -0.503,
        1,
        0.622,
        -0.509,
        0.745,
        0.964,
        0.867,
        1,
        0,
        1.067,
        0.2,
        0,
        1.367,
        1,
        0,
        1.733,
        -0.547,
        0,
        1.8,
        -0.532,
        0,
        2.1,
        0.2,
        0,
        2.6,
        0.174,
        1,
        2.756,
        0.174,
        2.911,
        -0.421,
        3.067,
        -0.256,
        0,
        3.6,
        0.294
      ]
    },
    {
      "Target": "Parameter",
      "Id": "ParamHairFrontY",
      "Segments": [
        0,
        0.237,
        0,
        0.3,
        1,
        1,
        0.4,
        1,
        0.5,
        -0.5,
        0.6,
        -0.503,
        1,
        0.722,
        -0.508,
        0.845,
        0.964,
        0.967,
        1,
        0,
        1.133,
        0.2,
        0,
        1.433,
        1,
        0,
        1.733,
        -1,
        0,
        1.8,
        -0.955,
        0,
        2.6,
        0.867,
        1,
        2.622,
        0.867,
        2.645,
        0.617,
        2.667,
        1,
        1,
        2.834,
        1,
        3,
        -0.41,
        3.167,
        -0.256,
        0,
        3.6,
        0.237
      ]
    },
    {
      "Target": "Parameter",
      "Id": "ParamHairSide2",
      "Segments": [
        0,
        0.391,
        0,
        0.2,
        1,
        1,
        0.3,
        1,
        0.4,
        -0.501,
        0.5,
        -0.503,
        1,
        0.622,
        -0.509,
        0.745,
        0.964,
        0.867,
        1,
        0,
        1.067,
        0.2,
        0,
        1.367,
        1,
        0,
        1.733,
        -0.547,
        0,
        1.8,
        -0.509,
        0,
        2.133,
        1,
        0,
        2.6,
        0.982,
        1,
        2.756,
        0.982,
        2.911,
        -0.41,
        3.067,
        -0.256,
        0,
        3.6,
        0.391
      ]
    },
    {
      "Target": "Parameter",
      "Id": "ParamHairSide2y",
      "Segments": [
        0,
        -0.254,
        0,
        0.3,
        1,
        1,
        0.4,
        1,
        0.5,
        -0.5,
        0.6,
        -0.503,
        1,
        0.722,
        -0.508,
        0.845,
        0.964,
        0.967,
        1,
        0,
        1.133,
        0.2,
        0,
        1.433,
        1,
        0,
        1.733,
        -1,
        0,
        1.8,
        -0.955,
        0,
        2.6,
        0.867,
        1,
        2.622,
        0.867,
        2.645,
        0.617,
        2.667,
        1,
        1,
        2.834,
        1,
        3,
        -0.41,
        3.167,
        -0.256,
        0,
        3.6,
        -0.254
      ]
    },
    {
      "Target": "Parameter",
      "Id": "ParamHGX",
      "Segments": [
        0,
        0.774,
        0,
        0.2,
        1,
        1,
        0.278,
        1,
        0.355,
        -0.697,
        0.433,
        -0.7,
        1,
        0.578,
        -0.705,
        0.722,
        0.958,
        0.867,
        1,
        0,
        1.067,
        0.2,
        0,
        1.367,
        1,
        0,
        1.667,
        -1,
        0,
        1.8,
        -0.782,
        0,
        2.133,
        1,
        0,
        2.6,
        0.985,
        1,
        2.667,
        0.985,
        2.733,
        0.722,
        2.8,
        0.686,
        1,
        2.878,
        0.65,
        2.955,
        0.865,
        3.033,
        1,
        1,
        3.122,
        1,
        3.211,
        0.39,
        3.3,
        0.316,
        0,
        3.6,
        0.774
      ]
    },
    {
      "Target": "Parameter",
      "Id": "ParamHGY",
      "Segments": [
        0,
        0.445,
        0,
        0.333,
        1,
        1,
        0.411,
        1,
        0.489,
        -0.697,
        0.567,
        -0.7,
        1,
        0.711,
        -0.705,
        0.856,
        1,
        1,
        1,
        0,
        1.167,
        0.2,
        0,
        1.467,
        1,
        0,
        1.767,
        -1,
        0,
        1.8,
        -0.989,
        0,
        2.6,
        0.781,
        1,
        2.633,
        0.781,
        2.667,
        0.617,
        2.7,
        1,
        1,
        2.778,
        1,
        2.855,
        0.722,
        2.933,
        0.686,
        1,
        3.011,
        0.65,
        3.089,
        0.865,
        3.167,
        1,
        1,
        3.256,
        1,
        3.344,
        0.39,
        3.433,
        0.316,
        0,
        3.6,
        0.445
      ]
    },
    {
      "Target": "Parameter",
      "Id": "ParamFAS",
      "Segments": [
        0,
        0.074,
        0,
        0.3,
        -1,
        0,
        0.733,
        1,
        0,
        1,
        -0.2,
        0,
        1.267,
        1,
        0,
        1.767,
        -1,
        1,
        1.778,
        -1,
        1.789,
        -1.052,
        1.8,
        -0.98,
        1,
        1.9,
        -0.332,
        2,
        1,
        2.1,
        1,
        1,
        2.267,
        1,
        2.433,
        1.018,
        2.6,
        0.927,
        1,
        2.756,
        0.842,
        2.911,
        -0.7,
        3.067,
        -0.7,
        0,
        3.6,
        0.074
      ]
    },
    {
      "Target": "Parameter",
      "Id": "ParamFASY",
      "Segments": [
        0,
        0.05,
        0,
        0.233,
        1,
        1,
        0.344,
        1,
        0.456,
        -0.783,
        0.567,
        -0.8,
        1,
        0.711,
        -0.822,
        0.856,
        0.487,
        1,
        0.487,
        0,
        1.133,
        -0.872,
        0,
        1.7,
        0.598,
        0,
        1.8,
        0.357,
        0,
        1.933,
        -0.632,
        0,
        2.6,
        0.119,
        1,
        2.656,
        0.119,
        2.711,
        0.298,
        2.767,
        0.427,
        1,
        2.911,
        0.532,
        3.056,
        -0.336,
        3.2,
        -0.462,
        0,
        3.6,
        0.05
      ]
    },
    {
      "Target": "Parameter",
      "Id": "ParamFAS2",
      "Segments": [
        0,
        0.074,
        0,
        0.333,
        -0.7,
        0,
        0.8,
        1,
        0,
        1.067,
        -0.427,
        0,
        1.267,
        1,
        0,
        1.6,
        -1,
        1,
        1.667,
        -1,
        1.733,
        -0.674,
        1.8,
        0.107,
        1,
        1.822,
        0.367,
        1.845,
        0.581,
        1.867,
        0.581,
        1,
        2.111,
        0.581,
        2.356,
        0.215,
        2.6,
        -0.367,
        1,
        2.622,
        -0.42,
        2.645,
        -0.41,
        2.667,
        -0.41,
        0,
        2.933,
        0.581,
        0,
        3.6,
        0.074
      ]
    },
    {
      "Target": "Parameter",
      "Id": "ParamFAS2Y",
      "Segments": [
        0,
        0.828,
        0,
        0.4,
        0.4,
        1,
        0.544,
        0.4,
        0.689,
        0.969,
        0.833,
        0.983,
        1,
        0.944,
        0.985,
        1.056,
        0.205,
        1.167,
        0.205,
        0,
        1.533,
        0.812,
        0,
        1.8,
        0.339,
        0,
        1.9,
        0.137,
        0,
        2.6,
        0.699,
        1,
        2.611,
        0.699,
        2.622,
        0.627,
        2.633,
        0.726,
        1,
        2.811,
        0.839,
        2.989,
        0.125,
        3.167,
        0.12,
        0,
        3.6,
        0.828
      ]
    },
    {
      "Target": "Parameter",
      "Id": "ParamBZY",
      "Segments": [
        0,
        1,
        0,
        0.567,
        -0.462,
        1,
        0.667,
        -0.462,
        0.767,
        0.975,
        0.867,
        1,
        0,
        1.067,
        -1,
        0,
        1.4,
        0.299,
        0,
        1.7,
        -1,
        0,
        1.8,
        -0.349,
        0,
        1.833,
        0.325,
        0,
        2.6,
        -0.942,
        0,
        2.667,
        -1,
        1,
        2.734,
        -0.939,
        2.8,
        0.888,
        2.867,
        1,
        0,
        3.033,
        -1,
        0,
        3.6,
        1
      ]
    },
    {
      "Target": "Parameter",
      "Id": "ParamYMWX",
      "Segments": [
        0,
        3.521,
        0,
        0.533,
        15.957,
        0,
        1.4,
        -9.64,
        1,
        1.533,
        -9.64,
        1.667,
        -5.89,
        1.8,
        4.618,
        1,
        1.878,
        10.748,
        1.955,
        15.957,
        2.033,
        15.957,
        1,
        2.222,
        15.957,
        2.411,
        16.451,
        2.6,
        12.728,
        1,
        2.833,
        8.13,
        3.067,
        -9.64,
        3.3,
        -9.64,
        0,
        3.6,
        3.521
      ]
    },
    {
      "Target": "Parameter",
      "Id": "ParamYMWX2",
      "Segments": [
        0,
        7.989,
        1,
        0.144,
        -8.519,
        0.289,
        -10.37,
        0.433,
        -11.111,
        0,
        1.133,
        8.848,
        0,
        1.8,
        -2.821,
        1,
        2.067,
        -2.821,
        2.333,
        -1.019,
        2.6,
        3.916,
        1,
        2.744,
        6.589,
        2.889,
        8.848,
        3.033,
        8.848,
        0,
        3.6,
        7.989
      ]
    },
    {
      "Target": "Parameter",
      "Id": "ParamYMWY",
      "Segments": [
        0,
        12.266,
        1,
        0.122,
        -3.293,
        0.245,
        -10,
        0.367,
        -13.3,
        0,
        0.8,
        -7.718,
        0,
        1.1,
        -13.3,
        0,
        1.333,
        30,
        0,
        1.8,
        -3.882,
        0,
        1.933,
        -30,
        1,
        2.155,
        -30,
        2.378,
        -27.945,
        2.6,
        -10.644,
        1,
        2.8,
        4.927,
        3,
        30,
        3.2,
        30,
        0,
        3.6,
        12.266
      ]
    },
    {
      "Target": "Parameter",
      "Id": "ParamYMWY1",
      "Segments": [
        0,
        -12.995,
        0,
        0.167,
        -15.067,
        0,
        1,
        15.067,
        0,
        1.567,
        -12.995,
        0,
        1.7,
        -15.067,
        1,
        1.733,
        -15.067,
        1.767,
        -15.286,
        1.8,
        -14.429,
        1,
        2.067,
        -7.576,
        2.333,
        0.891,
        2.6,
        9.452,
        1,
        2.689,
        12.306,
        2.778,
        15.067,
        2.867,
        15.067,
        0,
        3.6,
        -12.995
      ]
    },
    {
      "Target": "Parameter",
      "Id": "ParamYMWY2",
      "Segments": [
        0,
        -7.772,
        0,
        0.2,
        -15.067,
        0,
        1.133,
        15.067,
        0,
        1.567,
        -7.772,
        0,
        1.8,
        -15.067,
        1,
        2.067,
        -15.067,
        2.333,
        -10.394,
        2.6,
        2.331,
        1,
        2.744,
        9.224,
        2.889,
        15.067,
        3.033,
        15.067,
        0,
        3.6,
        -7.772
      ]
    },
    {
      "Target": "Parameter",
      "Id": "ParamYMWK",
      "Segments": [
        0,
        0,
        0,
        0.4,
        -15.067,
        0,
        1.267,
        15.067,
        1,
        1.367,
        15.067,
        1.467,
        6.905,
        1.567,
        0,
        1,
        1.645,
        -5.37,
        1.722,
        -7.947,
        1.8,
        -11.828,
        1,
        1.844,
        -14.046,
        1.889,
        -15.067,
        1.933,
        -15.067,
        1,
        2.155,
        -15.067,
        2.378,
        -14.177,
        2.6,
        -5.739,
        1,
        2.789,
        1.433,
        2.978,
        15.067,
        3.167,
        15.067,
        0,
        3.6,
        0
      ]
    },
    {
      "Target": "Parameter",
      "Id": "ParamZMWX",
      "Segments": [
        0,
        8.289,
        0,
        0.767,
        11.777,
        0,
        1.5,
        -18.518,
        1,
        1.6,
        -18.518,
        1.7,
        -15.775,
        1.8,
        -12.542,
        1,
        2.067,
        -3.919,
        2.333,
        4.896,
        2.6,
        11.679,
        1,
        2.611,
        11.962,
        2.622,
        11.777,
        2.633,
        11.777,
        0,
        3.333,
        -10.229,
        0,
        3.6,
        8.289
      ]
    },
    {
      "Target": "Parameter",
      "Id": "ParamZMWX2",
      "Segments": [
        0,
        7.988,
        0,
        0.3,
        -7.407,
        0,
        1.133,
        8.848,
        0,
        1.8,
        -2.821,
        1,
        2.067,
        -2.821,
        2.333,
        -1.019,
        2.6,
        3.916,
        1,
        2.744,
        6.589,
        2.889,
        8.848,
        3.033,
        8.848,
        0,
        3.6,
        7.988
      ]
    },
    {
      "Target": "Parameter",
      "Id": "ParamZMWY",
      "Segments": [
        0,
        8.107,
        0,
        0.467,
        -22.105,
        0,
        0.8,
        -12.804,
        0,
        1.1,
        -19.878,
        0,
        1.333,
        30,
        0,
        1.8,
        -5.975,
        0,
        2,
        -22.105,
        1,
        2.2,
        -22.105,
        2.4,
        -22.294,
        2.6,
        -13.761,
        1,
        2.822,
        -4.28,
        3.045,
        20,
        3.267,
        20,
        0,
        3.6,
        8.107
      ]
    },
    {
      "Target": "Parameter",
      "Id": "ParamZMWY1",
      "Segments": [
        0,
        -12.995,
        0,
        1,
        15.067,
        0,
        1.7,
        -15.067,
        1,
        1.733,
        -15.067,
        1.767,
        -15.286,
        1.8,
        -14.429,
        1,
        2.067,
        -7.576,
        2.333,
        0.891,
        2.6,
        9.452,
        1,
        2.689,
        12.306,
        2.778,
        15.067,
        2.867,
        15.067,
        0,
        3.6,
        -12.995
      ]
    },
    {
      "Target": "Parameter",
      "Id": "ParamZMWY2",
      "Segments": [
        0,
        -3.232,
        0,
        0.4,
        -15.067,
        0,
        1.267,
        15.067,
        1,
        1.445,
        15.067,
        1.622,
        7.362,
        1.8,
        -8.695,
        1,
        1.844,
        -12.709,
        1.889,
        -15.067,
        1.933,
        -15.067,
        1,
        2.155,
        -15.067,
        2.378,
        -14.177,
        2.6,
        -5.739,
        1,
        2.789,
        1.433,
        2.978,
        15.067,
        3.167,
        15.067,
        0,
        3.6,
        -3.232
      ]
    },
    {
      "Target": "Parameter",
      "Id": "ParamZMWK",
      "Segments": [
        0,
        5.312,
        0,
        0.6,
        -15.067,
        0,
        1.4,
        15.067,
        1,
        1.533,
        15.067,
        1.667,
        11.531,
        1.8,
        0,
        1,
        1.889,
        -7.688,
        1.978,
        -15.067,
        2.067,
        -15.067,
        1,
        2.245,
        -15.067,
        2.422,
        -15.637,
        2.6,
        -12.996,
        1,
        2.833,
        -9.529,
        3.067,
        15.067,
        3.3,
        15.067,
        0,
        3.6,
        5.312
      ]
    },
    {
      "Target": "Parameter",
      "Id": "ParamHairBack",
      "Segments": [
        0,
        -0.205,
        0,
        0.867,
        0.06,
        0,
        1.567,
        -0.056,
        1,
        1.645,
        -0.056,
        1.722,
        -0.052,
        1.8,
        -0.042,
        1,
        2.067,
        -0.011,
        2.333,
        0.024,
        2.6,
        0.054,
        1,
        2.644,
        0.059,
        2.689,
        0.06,
        2.733,
        0.06,
        0,
        3.6,
        -0.205
      ]
    },
    {
      "Target": "Parameter",
      "Id": "ParamSkirt",
      "Segments": [
        0,
        1,
        2,
        0.3,
        1,
        0,
        0.633,
        -1,
        0,
        1.233,
        1,
        0,
        1.533,
        -1,
        1,
        1.622,
        -1,
        1.711,
        -0.722,
        1.8,
        0.079,
        1,
        1.856,
        0.58,
        1.911,
        1,
        1.967,
        1,
        1,
        2.178,
        1,
        2.389,
        0.836,
        2.6,
        0.079,
        1,
        2.711,
        -0.32,
        2.822,
        -1,
        2.933,
        -1,
        0,
        3.6,
        1
      ]
    },
    {
      "Target": "Parameter",
      "Id": "ParamSkirtY",
      "Segments": [
        0,
        0.741,
        0,
        0.5,
        1,
        0,
        0.833,
        -1,
        0,
        1.4,
        0.6,
        0,
        1.667,
        -0.2,
        1,
        1.711,
        -0.2,
        1.756,
        -0.228,
        1.8,
        -0.11,
        1,
        1.9,
        0.153,
        2,
        0.581,
        2.1,
        0.581,
        1,
        2.267,
        0.581,
        2.433,
        0.596,
        2.6,
        0.528,
        1,
        2.778,
        0.455,
        2.955,
        -0.214,
        3.133,
        -0.214,
        0,
        3.6,
        0.741
      ]
    },
    {
      "Target": "Parameter",
      "Id": "ParamSkirt2",
      "Segments": [
        0,
        0.741,
        0,
        0.3,
        1,
        0,
        0.633,
        -1,
        0,
        1.233,
        0.6,
        0,
        1.533,
        -0.2,
        1,
        1.622,
        -0.2,
        1.711,
        -0.092,
        1.8,
        0.221,
        1,
        1.856,
        0.417,
        1.911,
        0.581,
        1.967,
        0.581,
        1,
        2.178,
        0.581,
        2.389,
        0.516,
        2.6,
        0.215,
        1,
        2.711,
        0.056,
        2.822,
        -0.214,
        2.933,
        -0.214,
        0,
        3.6,
        0.741
      ]
    },
    {
      "Target": "Parameter",
      "Id": "ParamEYET",
      "Segments": [
        0,
        0,
        0,
        3.6,
        0
      ]
    },
    {
      "Target": "Parameter",
      "Id": "ParamBrowLAngle",
      "Segments": [
        0,
        0,
        0,
        3.6,
        0
      ]
    },
    {
      "Target": "Parameter",
      "Id": "ParamBrowRAngle",
      "Segments": [
        0,
        0,
        0,
        3.6,
        0
      ]
    },
    {
      "Target": "Parameter",
      "Id": "ParamBrowLForm",
      "Segments": [
        0,
        0,
        0,
        3.6,
        0
      ]
    },
    {
      "Target": "Parameter",
      "Id": "ParamBrowRForm",
      "Segments": [
        0,
        0,
        0,
        3.6,
        0
      ]
    },
    {
      "Target": "Parameter",
      "Id": "ParamTDP",
      "Segments": [
        0,
        0,
        0,
        3.6,
        0
      ]
    },
    {
      "Target": "Parameter",
      "Id": "ParamDDZ",
      "Segments": [
        0,
        0,
        0,
        3.6,
        0
      ]
    },
    {
      "Target": "Parameter",
      "Id": "ParamLjian",
      "Segments": [
        0,
        0,
        0,
        3.6,
        0
      ]
    },
    {
      "Target": "Parameter",
      "Id": "ParamRjian",
      "Segments": [
        0,
        0,
        0,
        3.6,
        0
      ]
    },
    {
      "Target": "Parameter",
      "Id": "ParamBDX",
      "Segments": [
        0,
        5.728,
        0,
        3.6,
        5.728
      ]
    },
    {
      "Target": "Parameter",
      "Id": "ParamZBTX",
      "Segments": [
        0,
        0,
        0,
        3.6,
        0
      ]
    },
    {
      "Target": "Parameter",
      "Id": "ParamZXZ",
      "Segments": [
        0,
        -30,
        0,
        3.6,
        -30
      ]
    },
    {
      "Target": "Parameter",
      "Id": "ParamZWMZ",
      "Segments": [
        0,
        -30,
        0,
        3.6,
        -30
      ]
    },
    {
      "Target": "Parameter",
      "Id": "ParamZZZ",
      "Segments": [
        0,
        -30,
        0,
        3.6,
        -30
      ]
    },
    {
      "Target": "Parameter",
      "Id": "ParamZSZ",
      "Segments": [
        0,
        -17,
        0,
        3.6,
        -17
      ]
    },
    {
      "Target": "Parameter",
      "Id": "ParamZMZ",
      "Segments": [
        0,
        0,
        0,
        3.6,
        0
      ]
    },
    {
      "Target": "Parameter",
      "Id": "ParamZD",
      "Segments": [
        0,
        0,
        0,
        3.6,
        0
      ]
    },
    {
      "Target": "Parameter",
      "Id": "ParamZSH",
      "Segments": [
        0,
        0,
        0,
        3.6,
        0
      ]
    },
    {
      "Target": "Parameter",
      "Id": "ParamZSTC",
      "Segments": [
        0,
        0,
        0,
        3.6,
        0
      ]
    },
    {
      "Target": "Parameter",
      "Id": "ParamYSH",
      "Segments": [
        0,
        0,
        0,
        3.6,
        0
      ]
    },
    {
      "Target": "Parameter",
      "Id": "ParamYSTC",
      "Segments": [
        0,
        0,
        0,
        3.6,
        0
      ]
    },
    {
      "Target": "Parameter",
      "Id": "ParamGDXZ",
      "Segments": [
        0,
        12.2,
        0,
        3.6,
        12.2
      ]
    },
    {
      "Target": "Parameter",
      "Id": "ParamGXZ1",
      "Segments": [
        0,
        0,
        0,
        3.6,
        0
      ]
    },
    {
      "Target": "Parameter",
      "Id": "ParamGXZ2",
      "Segments": [
        0,
        0,
        0,
        3.6,
        0
      ]
    },
    {
      "Target": "Parameter",
      "Id": "ParamZTXZ",
      "Segments": [
        0,
        0,
        0,
        3.6,
        0
      ]
    },
    {
      "Target": "Parameter",
      "Id": "ParamGDTX",
      "Segments": [
        0,
        0,
        0,
        3.6,
        0
      ]
    },
    {
      "Target": "Parameter",
      "Id": "ParamGDTX2",
      "Segments": [
        0,
        0,
        0,
        3.6,
        0
      ]
    },
    {
      "Target": "Parameter",
      "Id": "ParamGDTX3",
      "Segments": [
        0,
        0,
        0,
        3.6,
        0
      ]
    },
    {
      "Target": "Parameter",
      "Id": "ParamHT",
      "Segments": [
        0,
        0,
        0,
        3.6,
        0
      ]
    },
    {
      "Target": "Parameter",
      "Id": "Paramxzb",
      "Segments": [
        0,
        0,
        0,
        3.6,
        0
      ]
    },
    {
      "Target": "Parameter",
      "Id": "ParamJYX",
      "Segments": [
        0,
        0,
        0,
        3.6,
        0
      ]
    },
    {
      "Target": "Parameter",
      "Id": "ParamGTC1",
      "Segments": [
        0,
        0,
        0,
        3.6,
        0
      ]
    },
    {
      "Target": "Parameter",
      "Id": "ParamGTC2",
      "Segments": [
        0,
        0,
        0,
        3.6,
        0
      ]
    },
    {
      "Target": "Parameter",
      "Id": "ParamGTC3",
      "Segments": [
        0,
        0,
        0,
        3.6,
        0
      ]
    },
    {
      "Target": "Parameter",
      "Id": "ParamGXS",
      "Segments": [
        0,
        0,
        0,
        3.6,
        0
      ]
    },
    {
      "Target": "Parameter",
      "Id": "ParamGZZ",
      "Segments": [
        0,
        0,
        0,
        3.6,
        0
      ]
    },
    {
      "Target": "Parameter",
      "Id": "ParamGX",
      "Segments": [
        0,
        0,
        0,
        3.6,
        0
      ]
    },
    {
      "Target": "Parameter",
      "Id": "ParamGY",
      "Segments": [
        0,
        0,
        0,
        3.6,
        0
      ]
    },
    {
      "Target": "Parameter",
      "Id": "ParamZDTTQ",
      "Segments": [
        0,
        0,
        0,
        3.6,
        0
      ]
    },
    {
      "Target": "Parameter",
      "Id": "ParamMDR",
      "Segments": [
        0,
        0,
        0,
        3.6,
        0
      ]
    },
    {
      "Target": "Parameter",
      "Id": "ParamWhite1",
      "Segments": [
        0,
        0,
        0,
        3.6,
        0
      ]
    },
    {
      "Target": "Parameter",
      "Id": "ParamBlack0",
      "Segments": [
        0,
        1,
        0,
        3.6,
        1
      ]
    },
    {
      "Target": "Parameter",
      "Id": "ParamBlack01",
      "Segments": [
        0,
        1,
        0,
        3.6,
        1
      ]
    },
    {
      "Target": "Parameter",
      "Id": "ParamBlack1",
      "Segments": [
        0,
        0,
        0,
        3.6,
        0
      ]
    },
    {
      "Target": "Parameter",
      "Id": "Param97X",
      "Segments": [
        0,
        0,
        0,
        3.6,
        0
      ]
    },
    {
      "Target": "Parameter",
      "Id": "Param97Y",
      "Segments": [
        0,
        0,
        0,
        3.6,
        0
      ]
    },
    {
      "Target": "Parameter",
      "Id": "Param97O",
      "Segments": [
        0,
        0,
        0,
        3.6,
        0
      ]
    },
    {
      "Target": "Parameter",
      "Id": "ParamWY",
      "Segments": [
        0,
        0,
        0,
        3.6,
        0
      ]
    },
    {
      "Target": "Parameter",
      "Id": "ParamWZoom",
      "Segments": [
        0,
        0,
        0,
        3.6,
        0
      ]
    },
    {
      "Target": "Parameter",
      "Id": "Parammod",
      "Segments": [
        0,
        0,
        0,
        3.6,
        0
      ]
    }
  ],
  "UserData": [
    {
      "Time": 0.0,
      "Value": ""
    },
    {
      "Time": 0.333,
      "Value": "characterVoice_104_3"
    }
  ]
}