{
  "Version": 3,
  "Meta": {
    "Duration": 2.0,
    "Fps": 30.0,
    "Loop": true,
    "AreBeziersRestricted": true,
    "CurveCount": 158,
    "TotalSegmentCount": 396,
    "TotalPointCount": 612,
    "UserDataCount": 1,
    "TotalUserDataSize": 0
  },
  "Curves": [
    {
      "Target": "Parameter",
      "Id": "ParamAngleX",
      "Segments": [
        0,
        30,
        0,
        0.4,
        0,
        2,
        1.4,
        0,
        0,
        2,
        30
      ]
    },
    {
      "Target": "Parameter",
      "Id": "ParamAngleY",
      "Segments": [
        0,
        -14.291,
        0,
        0.367,
        -30,
        1,
        0.656,
        -30,
        0.944,
        5.183,
        1.233,
        9.328,
        0,
        2,
        -14.291
      ]
    },
    {
      "Target": "Parameter",
      "Id": "ParamAngleZ",
      "Segments": [
        0,
        -6.774,
        0,
        0.4,
        -17,
        1,
        0.6,
        -17,
        0.8,
        -17.66,
        1,
        -15,
        1,
        1.333,
        -10.566,
        1.667,
        4.601,
        2,
        4.601
      ]
    },
    {
      "Target": "Parameter",
      "Id": "ParamEyeLOpen",
      "Segments": [
        0,
        1,
        2,
        0.933,
        1,
        0,
        1.4,
        0,
        2,
        1.767,
        0,
        0,
        2,
        1
      ]
    },
    {
      "Target": "Parameter",
      "Id": "ParamEyeROpen",
      "Segments": [
        0,
        1,
        2,
        0.933,
        1,
        0,
        1.4,
        0,
        2,
        1.767,
        0,
        0,
        2,
        1
      ]
    },
    {
      "Target": "Parameter",
      "Id": "ParamEyeSmile",
      "Segments": [
        0,
        1,
        2,
        0.933,
        1,
        1,
        1.089,
        1,
        1.244,
        0.457,
        1.4,
        0.3,
        1,
        1.522,
        0.177,
        1.645,
        0.2,
        1.767,
        0.2,
        0,
        2,
        1
      ]
    },
    {
      "Target": "Parameter",
      "Id": "ParamEyeBallX",
      "Segments": [
        0,
        -0.722,
        0,
        0.4,
        0,
        2,
        1.2,
        0,
        0,
        2,
        -0.72
      ]
    },
    {
      "Target": "Parameter",
      "Id": "ParamEyeBallY",
      "Segments": [
        0,
        0.317,
        0,
        0.4,
        0.5,
        1,
        0.667,
        0.5,
        0.933,
        -0.154,
        1.2,
        -0.2,
        0,
        2,
        0.317
      ]
    },
    {
      "Target": "Parameter",
      "Id": "ParamMouthForm",
      "Segments": [
        0,
        0,
        0,
        0.833,
        1,
        0,
        2,
        0
      ]
    },
    {
      "Target": "Parameter",
      "Id": "ParamBodyAngleX",
      "Segments": [
        0,
        -7.919,
        0,
        0.633,
        0,
        1,
        0.889,
        0,
        1.144,
        2.193,
        1.4,
        0,
        0,
        2,
        -7.919
      ]
    },
    {
      "Target": "Parameter",
      "Id": "ParamBodyAngleY",
      "Segments": [
        0,
        1.711,
        0,
        1.033,
        10,
        0,
        2,
        2.22
      ]
    },
    {
      "Target": "Parameter",
      "Id": "ParamBodyAngleZ",
      "Segments": [
        0,
        1.909,
        2,
        1,
        1.909,
        0,
        1.533,
        -3.277,
        0,
        2,
        1.909
      ]
    },
    {
      "Target": "Parameter",
      "Id": "ParamYAOZ",
      "Segments": [
        0,
        5.261,
        1,
        0.178,
        5.261,
        0.355,
        -4.827,
        0.533,
        -6.891,
        1,
        0.711,
        -8.955,
        0.889,
        -8.739,
        1.067,
        -8.739,
        0,
        1.567,
        8.319,
        0,
        2,
        1.328
      ]
    },
    {
      "Target": "Parameter",
      "Id": "ParamZTM",
      "Segments": [
        0,
        -5,
        0,
        0.467,
        18,
        0,
        1,
        30,
        1,
        1.189,
        30,
        1.378,
        1.426,
        1.567,
        -6,
        0,
        2,
        3.309
      ]
    },
    {
      "Target": "Parameter",
      "Id": "ParamYTM",
      "Segments": [
        0,
        -6,
        0,
        0.467,
        15,
        0,
        1,
        17,
        1,
        1.189,
        17,
        1.378,
        -9.744,
        1.567,
        -12,
        0,
        2,
        8.89
      ]
    },
    {
      "Target": "Parameter",
      "Id": "ParamHipY",
      "Segments": [
        0,
        -9.911,
        2,
        1,
        -9.911,
        0,
        2,
        0
      ]
    },
    {
      "Target": "Parameter",
      "Id": "ParamZTX",
      "Segments": [
        0,
        0,
        0,
        0.4,
        -24,
        2,
        1,
        -24,
        0,
        2,
        0
      ]
    },
    {
      "Target": "Parameter",
      "Id": "ParamZTX2",
      "Segments": [
        0,
        0,
        2,
        1,
        0,
        0,
        2,
        -1.259
      ]
    },
    {
      "Target": "Parameter",
      "Id": "ParamZTY",
      "Segments": [
        0,
        12,
        1,
        0.133,
        12,
        0.267,
        19.189,
        0.4,
        21.3,
        1,
        0.6,
        24.466,
        0.8,
        24.706,
        1,
        24.706,
        0,
        2,
        0
      ]
    },
    {
      "Target": "Parameter",
      "Id": "ParamBDX",
      "Segments": [
        0,
        0,
        0,
        0.7,
        30,
        2,
        1.633,
        30,
        0,
        2,
        5.728
      ]
    },
    {
      "Target": "Parameter",
      "Id": "ParamArmL",
      "Segments": [
        0,
        -27.903,
        1,
        0.333,
        -27.903,
        0.667,
        -13.492,
        1,
        5,
        1,
        1.144,
        13.013,
        1.289,
        14,
        1.433,
        14,
        0,
        2,
        -0.909
      ]
    },
    {
      "Target": "Parameter",
      "Id": "ParamArmLY",
      "Segments": [
        0,
        -7,
        0,
        0.133,
        0,
        0,
        1,
        -30,
        0,
        2,
        0
      ]
    },
    {
      "Target": "Parameter",
      "Id": "ParamArmL1",
      "Segments": [
        0,
        23.22,
        0,
        1,
        -30,
        0,
        2,
        -5.402
      ]
    },
    {
      "Target": "Parameter",
      "Id": "ParamHandL",
      "Segments": [
        0,
        -13.621,
        0,
        0.133,
        0,
        0,
        1,
        -13.621,
        0,
        2,
        -3.908
      ]
    },
    {
      "Target": "Parameter",
      "Id": "ParamZBTY",
      "Segments": [
        0,
        -60,
        1,
        0.044,
        -60,
        0.089,
        -25.504,
        0.133,
        -21,
        1,
        0.222,
        -11.993,
        0.311,
        -9.201,
        0.4,
        -1,
        1,
        0.6,
        17.453,
        0.8,
        30,
        1,
        30,
        0,
        2,
        -30
      ]
    },
    {
      "Target": "Parameter",
      "Id": "ParamZXZ",
      "Segments": [
        0,
        0,
        2,
        1,
        0,
        0,
        2,
        -30
      ]
    },
    {
      "Target": "Parameter",
      "Id": "ParamZWMZ",
      "Segments": [
        0,
        -12.367,
        2,
        1,
        -12.367,
        0,
        2,
        -30
      ]
    },
    {
      "Target": "Parameter",
      "Id": "ParamZZZ",
      "Segments": [
        0,
        -12.367,
        2,
        1,
        -12.367,
        0,
        2,
        -30
      ]
    },
    {
      "Target": "Parameter",
      "Id": "ParamZSZ",
      "Segments": [
        0,
        -12.367,
        2,
        1,
        -12.367,
        0,
        2,
        -17
      ]
    },
    {
      "Target": "Parameter",
      "Id": "ParamZXZK",
      "Segments": [
        0,
        -24.781,
        0,
        0.567,
        -30,
        1,
        0.756,
        -26.326,
        0.944,
        23.344,
        1.133,
        30,
        0,
        2,
        12.448
      ]
    },
    {
      "Target": "Parameter",
      "Id": "ParamZXZX",
      "Segments": [
        0,
        -9.61,
        1,
        0.2,
        -9.61,
        0.4,
        -27.439,
        0.6,
        -30,
        0,
        1.4,
        -22.963,
        1,
        1.6,
        -18.827,
        1.8,
        -14.754,
        2,
        -14.754
      ]
    },
    {
      "Target": "Parameter",
      "Id": "ParamZXZY",
      "Segments": [
        0,
        -30,
        2,
        0.6,
        -30,
        0,
        1.367,
        -19.259,
        1,
        1.578,
        -11.983,
        1.789,
        -3.606,
        2,
        -3.606
      ]
    },
    {
      "Target": "Parameter",
      "Id": "ParamXZD3",
      "Segments": [
        0,
        14.989,
        0,
        0.767,
        -29.487,
        0,
        1.633,
        29.487,
        0,
        2,
        -14.754
      ]
    },
    {
      "Target": "Parameter",
      "Id": "ParamXZD4",
      "Segments": [
        0,
        1.072,
        0,
        0.6,
        -30,
        0,
        1.4,
        30,
        0,
        2,
        9.666
      ]
    },
    {
      "Target": "Parameter",
      "Id": "ParamZD",
      "Segments": [
        0,
        -30,
        0,
        0.133,
        0,
        2,
        2,
        0
      ]
    },
    {
      "Target": "Parameter",
      "Id": "ParamZSH",
      "Segments": [
        0,
        30,
        0,
        0.133,
        0,
        2,
        2,
        0
      ]
    },
    {
      "Target": "Parameter",
      "Id": "ParamArmR",
      "Segments": [
        0,
        -35.061,
        1,
        0.133,
        -35.061,
        0.267,
        -20.257,
        0.4,
        -16,
        1,
        0.6,
        -9.615,
        0.8,
        -8.28,
        1,
        -2.023,
        1,
        1.144,
        2.496,
        1.289,
        13,
        1.433,
        13,
        0,
        2,
        -2.023
      ]
    },
    {
      "Target": "Parameter",
      "Id": "ParamArmRY",
      "Segments": [
        0,
        0,
        1,
        0.133,
        0,
        0.267,
        -1.424,
        0.4,
        -9,
        1,
        0.6,
        -20.365,
        0.8,
        -30,
        1,
        -30,
        0,
        2,
        -7
      ]
    },
    {
      "Target": "Parameter",
      "Id": "ParamArmR1",
      "Segments": [
        0,
        -18.796,
        2,
        0.4,
        -18.796,
        0,
        1,
        30,
        0,
        2,
        -17.152
      ]
    },
    {
      "Target": "Parameter",
      "Id": "ParamHandR",
      "Segments": [
        0,
        17,
        0,
        0.133,
        30,
        0,
        0.4,
        17,
        0,
        1,
        -0.436,
        2,
        2,
        -0.436
      ]
    },
    {
      "Target": "Parameter",
      "Id": "ParamYBTY",
      "Segments": [
        0,
        -60,
        1,
        0.044,
        -60,
        0.089,
        -41.379,
        0.133,
        -34,
        1,
        0.222,
        -19.242,
        0.311,
        -8.33,
        0.4,
        1,
        1,
        0.6,
        21.991,
        0.8,
        30,
        1,
        30,
        0,
        2,
        0
      ]
    },
    {
      "Target": "Parameter",
      "Id": "ParamYBTX",
      "Segments": [
        0,
        -30,
        2,
        0.4,
        -30,
        0,
        1,
        0,
        2,
        2,
        0
      ]
    },
    {
      "Target": "Parameter",
      "Id": "ParamYSWY",
      "Segments": [
        0,
        -8,
        2,
        0.4,
        -8,
        0,
        1,
        0,
        2,
        2,
        0
      ]
    },
    {
      "Target": "Parameter",
      "Id": "ParamYXZKH",
      "Segments": [
        0,
        -17.074,
        0,
        0.367,
        -30,
        1,
        0.656,
        -30,
        0.944,
        26.589,
        1.233,
        30,
        0,
        2,
        9.079
      ]
    },
    {
      "Target": "Parameter",
      "Id": "ParamYXZX",
      "Segments": [
        0,
        -4.935,
        0,
        0.433,
        15.556,
        0,
        1.3,
        -5.556,
        0,
        2,
        16.246
      ]
    },
    {
      "Target": "Parameter",
      "Id": "ParamYXZY",
      "Segments": [
        0,
        -16,
        0,
        0.6,
        25.185,
        0,
        1.433,
        -15.556,
        0,
        2,
        5.432
      ]
    },
    {
      "Target": "Parameter",
      "Id": "ParamXZD",
      "Segments": [
        0,
        30,
        1,
        0.144,
        30,
        0.289,
        26.31,
        0.433,
        15.556,
        1,
        0.733,
        -6.779,
        1.033,
        -20,
        1.333,
        -20,
        0,
        1.9,
        30,
        0,
        2,
        24.876
      ]
    },
    {
      "Target": "Parameter",
      "Id": "ParamXZD2",
      "Segments": [
        0,
        19.205,
        0,
        0.633,
        30,
        0,
        1.6,
        -20.741,
        0,
        2,
        1.624
      ]
    },
    {
      "Target": "Parameter",
      "Id": "ParamYD",
      "Segments": [
        0,
        -40,
        1,
        0.033,
        -40,
        0.067,
        -39.832,
        0.1,
        -39,
        1,
        0.111,
        -38.723,
        0.122,
        -23.278,
        0.133,
        -23,
        1,
        0.755,
        -7.458,
        1.378,
        0,
        2,
        0
      ]
    },
    {
      "Target": "Parameter",
      "Id": "ParamYSH",
      "Segments": [
        0,
        30,
        0,
        0.133,
        0,
        2,
        2,
        0
      ]
    },
    {
      "Target": "Parameter",
      "Id": "ParamYSTC",
      "Segments": [
        0,
        1,
        2,
        0.4,
        1,
        0,
        1,
        0,
        2,
        2,
        0
      ]
    },
    {
      "Target": "Parameter",
      "Id": "ParamGDXZ",
      "Segments": [
        0,
        30,
        0,
        2,
        12.2
      ]
    },
    {
      "Target": "Parameter",
      "Id": "ParamZTXZ",
      "Segments": [
        0,
        28,
        0,
        2,
        0
      ]
    },
    {
      "Target": "Parameter",
      "Id": "ParamHT",
      "Segments": [
        0,
        1,
        0,
        2,
        0
      ]
    },
    {
      "Target": "Parameter",
      "Id": "Paramxzb",
      "Segments": [
        0,
        -3,
        0,
        2,
        0
      ]
    },
    {
      "Target": "Parameter",
      "Id": "ParamGX",
      "Segments": [
        0,
        -8,
        0,
        2,
        0
      ]
    },
    {
      "Target": "Parameter",
      "Id": "ParamGY",
      "Segments": [
        0,
        -3,
        0,
        2,
        0
      ]
    },
    {
      "Target": "Parameter",
      "Id": "ParamLegL",
      "Segments": [
        0,
        12.143,
        0,
        0.4,
        0,
        2,
        1,
        0,
        0,
        1.6,
        17,
        2,
        2,
        17
      ]
    },
    {
      "Target": "Parameter",
      "Id": "ParamLegLY",
      "Segments": [
        0,
        6.857,
        0,
        0.4,
        0,
        2,
        1,
        0,
        0,
        1.4,
        13,
        0,
        1.8,
        -15,
        0,
        2,
        0
      ]
    },
    {
      "Target": "Parameter",
      "Id": "ParamLegL1",
      "Segments": [
        0,
        -5,
        1,
        0.133,
        -5,
        0.267,
        0.646,
        0.4,
        1,
        1,
        0.6,
        1.531,
        0.8,
        1.532,
        1,
        2,
        1,
        1.089,
        2.208,
        1.178,
        6.303,
        1.267,
        6.303,
        0,
        1.667,
        -1.64,
        1,
        1.722,
        -1.64,
        1.778,
        -1.165,
        1.833,
        -0.644,
        1,
        1.889,
        -0.123,
        1.944,
        0,
        2,
        0
      ]
    },
    {
      "Target": "Parameter",
      "Id": "ParamLegL1Y",
      "Segments": [
        0,
        0,
        2,
        1,
        0,
        0,
        1.4,
        -20,
        0,
        2,
        0
      ]
    },
    {
      "Target": "Parameter",
      "Id": "ParamFootL",
      "Segments": [
        0,
        0,
        2,
        1,
        0,
        0,
        2,
        -18.127
      ]
    },
    {
      "Target": "Parameter",
      "Id": "ParamZJJR",
      "Segments": [
        0,
        0,
        2,
        1,
        0,
        0,
        1.067,
        -30,
        2,
        1.733,
        -30,
        0,
        2,
        0
      ]
    },
    {
      "Target": "Parameter",
      "Id": "ParamMDL",
      "Segments": [
        0,
        -10,
        0,
        0.4,
        -30,
        2,
        1,
        -30,
        0,
        2,
        0
      ]
    },
    {
      "Target": "Parameter",
      "Id": "ParamLegR",
      "Segments": [
        0,
        16,
        2,
        1,
        16,
        0,
        2,
        30
      ]
    },
    {
      "Target": "Parameter",
      "Id": "ParamLegRY",
      "Segments": [
        0,
        8.04,
        0,
        0.4,
        -17,
        2,
        1,
        -17,
        0,
        2,
        8.04
      ]
    },
    {
      "Target": "Parameter",
      "Id": "ParamLegR1",
      "Segments": [
        0,
        -9,
        0,
        0.4,
        0,
        2,
        1,
        0,
        0,
        2,
        -21.54
      ]
    },
    {
      "Target": "Parameter",
      "Id": "ParamLegR1Y",
      "Segments": [
        0,
        0,
        0,
        0.2,
        -30,
        1,
        0.267,
        -30,
        0.333,
        -22.527,
        0.4,
        -18,
        1,
        0.6,
        -4.42,
        0.8,
        0,
        1,
        0,
        2,
        2,
        0
      ]
    },
    {
      "Target": "Parameter",
      "Id": "Parammod",
      "Segments": [
        0,
        10,
        0,
        0.333,
        0,
        2,
        2,
        0
      ]
    },
    {
      "Target": "Parameter",
      "Id": "ParamOpaishakeX",
      "Segments": [
        0,
        -0.758,
        0,
        0.233,
        1,
        0,
        0.567,
        -0.437,
        0,
        0.867,
        0.571,
        0,
        1.5,
        -1,
        0,
        1.733,
        0.294,
        0,
        2,
        0.091
      ]
    },
    {
      "Target": "Parameter",
      "Id": "ParamOpaishakeY",
      "Segments": [
        0,
        -0.805,
        0,
        0.433,
        -0.975,
        0,
        0.767,
        0,
        0,
        1,
        -0.457,
        0,
        1.167,
        0.383,
        0,
        1.467,
        -1,
        0,
        1.7,
        0.049,
        0,
        2,
        -0.805
      ]
    },
    {
      "Target": "Parameter",
      "Id": "ParamHairFront",
      "Segments": [
        0,
        -0.711,
        1,
        0.067,
        -0.711,
        0.133,
        0.975,
        0.2,
        1,
        1,
        0.311,
        1,
        0.422,
        -0.983,
        0.533,
        -1,
        1,
        0.689,
        -1,
        0.844,
        -0.123,
        1,
        0.101,
        1,
        1.144,
        0.308,
        1.289,
        -1,
        1.433,
        -1,
        0,
        2,
        0.686
      ]
    },
    {
      "Target": "Parameter",
      "Id": "ParamHaiFrontY",
      "Segments": [
        0,
        -0.245,
        0,
        0.333,
        1,
        1,
        0.444,
        1,
        0.556,
        -0.983,
        0.667,
        -1,
        1,
        0.822,
        -1,
        0.978,
        -0.123,
        1.133,
        0.101,
        1,
        1.278,
        0.308,
        1.422,
        -1,
        1.567,
        -1,
        0,
        2,
        0.237
      ]
    },
    {
      "Target": "Parameter",
      "Id": "ParamHairFront2",
      "Segments": [
        0,
        -1,
        0,
        0.2,
        1,
        1,
        0.311,
        1,
        0.422,
        -0.983,
        0.533,
        -1,
        1,
        0.689,
        -1,
        0.844,
        -0.123,
        1,
        0.101,
        1,
        1.144,
        0.308,
        1.289,
        -1,
        1.433,
        -1,
        0,
        2,
        0.98
      ]
    },
    {
      "Target": "Parameter",
      "Id": "ParamHairFront2Y",
      "Segments": [
        0,
        0.094,
        1,
        0.111,
        0.094,
        0.222,
        0.958,
        0.333,
        1,
        1,
        0.444,
        1,
        0.556,
        -0.983,
        0.667,
        -1,
        1,
        0.822,
        -1,
        0.978,
        -0.123,
        1.133,
        0.101,
        1,
        1.278,
        0.308,
        1.422,
        -1,
        1.567,
        -1,
        0,
        2,
        -0.091
      ]
    },
    {
      "Target": "Parameter",
      "Id": "ParamHairFront3",
      "Segments": [
        0,
        -0.828,
        1,
        0.067,
        -0.828,
        0.133,
        0.975,
        0.2,
        1,
        1,
        0.311,
        1,
        0.422,
        -0.983,
        0.533,
        -1,
        1,
        0.689,
        -1,
        0.844,
        -0.123,
        1,
        0.101,
        1,
        1.144,
        0.308,
        1.289,
        -1,
        1.433,
        -1,
        0,
        2,
        0.799
      ]
    },
    {
      "Target": "Parameter",
      "Id": "ParamHairFront3Y",
      "Segments": [
        0,
        -0.077,
        1,
        0.111,
        -0.077,
        0.222,
        0.958,
        0.333,
        1,
        1,
        0.444,
        1,
        0.556,
        -0.983,
        0.667,
        -1,
        1,
        0.822,
        -1,
        0.978,
        -0.123,
        1.133,
        0.101,
        1,
        1.278,
        0.308,
        1.422,
        -1,
        1.567,
        -1,
        0,
        2,
        0.074
      ]
    },
    {
      "Target": "Parameter",
      "Id": "ParamHairSide",
      "Segments": [
        0,
        -0.304,
        1,
        0.067,
        -0.304,
        0.133,
        0.975,
        0.2,
        1,
        1,
        0.311,
        1,
        0.422,
        -0.983,
        0.533,
        -1,
        1,
        0.689,
        -1,
        0.844,
        -0.123,
        1,
        0.101,
        1,
        1.144,
        0.308,
        1.289,
        -1,
        1.433,
        -1,
        0,
        2,
        0.294
      ]
    },
    {
      "Target": "Parameter",
      "Id": "ParamHairFrontY",
      "Segments": [
        0,
        -0.245,
        1,
        0.111,
        -0.245,
        0.222,
        0.958,
        0.333,
        1,
        1,
        0.444,
        1,
        0.556,
        -0.983,
        0.667,
        -1,
        1,
        0.822,
        -1,
        0.978,
        -0.123,
        1.133,
        0.101,
        1,
        1.278,
        0.308,
        1.422,
        -1,
        1.567,
        -1,
        0,
        2,
        0.237
      ]
    },
    {
      "Target": "Parameter",
      "Id": "ParamHairSide2",
      "Segments": [
        0,
        -0.405,
        1,
        0.067,
        -0.405,
        0.133,
        0.975,
        0.2,
        1,
        1,
        0.311,
        1,
        0.422,
        -0.983,
        0.533,
        -1,
        1,
        0.689,
        -1,
        0.844,
        -0.123,
        1,
        0.101,
        1,
        1.144,
        0.308,
        1.289,
        -1,
        1.433,
        -1,
        0,
        2,
        0.391
      ]
    },
    {
      "Target": "Parameter",
      "Id": "ParamHairSide2y",
      "Segments": [
        0,
        0.263,
        1,
        0.122,
        0.263,
        0.245,
        0.954,
        0.367,
        1,
        1,
        0.478,
        1,
        0.589,
        -0.983,
        0.7,
        -1,
        1,
        0.856,
        -1,
        1.011,
        -0.123,
        1.167,
        0.101,
        1,
        1.311,
        0.308,
        1.456,
        -1,
        1.6,
        -1,
        0,
        2,
        -0.254
      ]
    },
    {
      "Target": "Parameter",
      "Id": "ParamHGX",
      "Segments": [
        0,
        -0.802,
        1,
        0.067,
        -0.802,
        0.133,
        0.975,
        0.2,
        1,
        1,
        0.311,
        1,
        0.422,
        -0.983,
        0.533,
        -1,
        1,
        0.689,
        -1,
        0.844,
        -0.123,
        1,
        0.101,
        1,
        1.144,
        0.308,
        1.289,
        -1,
        1.433,
        -1,
        0,
        2,
        0.774
      ]
    },
    {
      "Target": "Parameter",
      "Id": "ParamHGY",
      "Segments": [
        0,
        -0.461,
        0,
        0.367,
        1,
        1,
        0.478,
        1,
        0.589,
        -0.983,
        0.7,
        -1,
        1,
        0.856,
        -1,
        1.011,
        -0.123,
        1.167,
        0.101,
        1,
        1.311,
        0.308,
        1.456,
        -1,
        1.6,
        -1,
        0,
        2,
        0.445
      ]
    },
    {
      "Target": "Parameter",
      "Id": "ParamFAS",
      "Segments": [
        0,
        -0.067,
        0,
        0.2,
        1,
        1,
        0.311,
        1,
        0.422,
        -0.983,
        0.533,
        -1,
        1,
        0.689,
        -1,
        0.844,
        -0.123,
        1,
        0.101,
        1,
        1.144,
        0.308,
        1.289,
        -1,
        1.433,
        -1,
        0,
        2,
        0.074
      ]
    },
    {
      "Target": "Parameter",
      "Id": "ParamFASY",
      "Segments": [
        0,
        -0.085,
        1,
        0.122,
        -0.085,
        0.245,
        0.954,
        0.367,
        1,
        1,
        0.478,
        1,
        0.589,
        -0.983,
        0.7,
        -1,
        1,
        0.856,
        -1,
        1.011,
        -0.123,
        1.167,
        0.101,
        1,
        1.311,
        0.308,
        1.456,
        -1,
        1.6,
        -1,
        0,
        2,
        0.05
      ]
    },
    {
      "Target": "Parameter",
      "Id": "ParamFAS2",
      "Segments": [
        0,
        -0.067,
        0,
        0.2,
        -0.496,
        1,
        0.311,
        -0.496,
        0.422,
        0.487,
        0.533,
        0.496,
        1,
        0.689,
        0.496,
        0.844,
        0.061,
        1,
        -0.05,
        1,
        1.144,
        -0.153,
        1.289,
        0.496,
        1.433,
        0.496,
        0,
        2,
        0.074
      ]
    },
    {
      "Target": "Parameter",
      "Id": "ParamFAS2Y",
      "Segments": [
        0,
        0.488,
        1,
        0.122,
        0.488,
        0.245,
        0.529,
        0.367,
        0.555,
        1,
        0.478,
        0.555,
        0.589,
        -0.545,
        0.7,
        -0.555,
        1,
        0.856,
        -0.555,
        1.011,
        -0.068,
        1.167,
        0.056,
        1,
        1.311,
        0.171,
        1.456,
        -0.555,
        1.6,
        -0.555,
        0,
        2,
        0.828
      ]
    },
    {
      "Target": "Parameter",
      "Id": "ParamBZY",
      "Segments": [
        0,
        -0.325,
        0,
        0.167,
        -1,
        1,
        0.256,
        -0.973,
        0.344,
        0.914,
        0.433,
        1,
        0,
        0.767,
        -1,
        1,
        0.956,
        -1,
        1.144,
        0.543,
        1.333,
        1,
        0,
        1.733,
        -1,
        0,
        2,
        1
      ]
    },
    {
      "Target": "Parameter",
      "Id": "ParamYMWX",
      "Segments": [
        0,
        2.942,
        0,
        0.6,
        -9.896,
        0,
        1.5,
        15.701,
        0,
        2,
        3.521
      ]
    },
    {
      "Target": "Parameter",
      "Id": "ParamYMWX2",
      "Segments": [
        0,
        4.576,
        0,
        1.1,
        -3.077,
        0,
        2,
        7.989
      ]
    },
    {
      "Target": "Parameter",
      "Id": "ParamYMWY",
      "Segments": [
        0,
        6.133,
        0,
        0.367,
        30,
        0,
        1.333,
        -30,
        0,
        2,
        12.266
      ]
    },
    {
      "Target": "Parameter",
      "Id": "ParamYMWY1",
      "Segments": [
        0,
        -12.995,
        0,
        0.167,
        -15.067,
        0,
        1.133,
        15.067,
        0,
        2,
        -12.995
      ]
    },
    {
      "Target": "Parameter",
      "Id": "ParamYMWY2",
      "Segments": [
        0,
        -7.772,
        0,
        0.333,
        -15.067,
        0,
        1.3,
        15.067,
        0,
        2,
        -7.772
      ]
    },
    {
      "Target": "Parameter",
      "Id": "ParamYMWK",
      "Segments": [
        0,
        0,
        0,
        0.533,
        -15.067,
        0,
        1.5,
        15.067,
        0,
        2,
        0
      ]
    },
    {
      "Target": "Parameter",
      "Id": "ParamZMWX",
      "Segments": [
        0,
        4.686,
        0,
        0.833,
        -10.377,
        1,
        1.133,
        -10.377,
        1.433,
        11.154,
        1.733,
        11.521,
        0,
        2,
        8.289
      ]
    },
    {
      "Target": "Parameter",
      "Id": "ParamZMWX2",
      "Segments": [
        0,
        4.576,
        0,
        1.167,
        -3.077,
        0,
        2,
        7.988
      ]
    },
    {
      "Target": "Parameter",
      "Id": "ParamZMWY",
      "Segments": [
        0,
        4.053,
        0,
        0.367,
        20.258,
        1,
        0.689,
        20.258,
        1.011,
        -21.847,
        1.333,
        -21.848,
        0,
        2,
        8.107
      ]
    },
    {
      "Target": "Parameter",
      "Id": "ParamZMWY1",
      "Segments": [
        0,
        -12.995,
        0,
        0.167,
        -15.067,
        0,
        1.133,
        15.067,
        0,
        2,
        -12.995
      ]
    },
    {
      "Target": "Parameter",
      "Id": "ParamZMWY2",
      "Segments": [
        0,
        -3.232,
        0,
        0.533,
        -15.067,
        0,
        1.5,
        15.067,
        0,
        2,
        -3.232
      ]
    },
    {
      "Target": "Parameter",
      "Id": "ParamZMWK",
      "Segments": [
        0,
        5.312,
        0,
        0.733,
        -15.067,
        0,
        1.7,
        15.067,
        0,
        2,
        5.312
      ]
    },
    {
      "Target": "Parameter",
      "Id": "ParamHairBack",
      "Segments": [
        0,
        -0.1,
        0,
        0.833,
        -0.312,
        0,
        1.833,
        -0.196,
        0,
        2,
        -0.205
      ]
    },
    {
      "Target": "Parameter",
      "Id": "ParamSkirt",
      "Segments": [
        0,
        -1,
        2,
        1,
        -1,
        0,
        2,
        1
      ]
    },
    {
      "Target": "Parameter",
      "Id": "ParamSkirtY",
      "Segments": [
        0,
        0.741,
        0,
        1,
        -0.337,
        0,
        2,
        0.741
      ]
    },
    {
      "Target": "Parameter",
      "Id": "ParamSkirt2",
      "Segments": [
        0,
        -0.42,
        1,
        0.333,
        -0.42,
        0.667,
        -0.44,
        1,
        -0.337,
        1,
        1.333,
        -0.234,
        1.667,
        0.741,
        2,
        0.741
      ]
    },
    {
      "Target": "Parameter",
      "Id": "ParamEYET",
      "Segments": [
        0,
        0,
        0,
        2,
        0
      ]
    },
    {
      "Target": "Parameter",
      "Id": "ParamParamBrowLY",
      "Segments": [
        0,
        0,
        0,
        2,
        0
      ]
    },
    {
      "Target": "Parameter",
      "Id": "ParamParamBrowRY",
      "Segments": [
        0,
        0,
        0,
        2,
        0
      ]
    },
    {
      "Target": "Parameter",
      "Id": "ParamBrowLAngle",
      "Segments": [
        0,
        0,
        0,
        2,
        0
      ]
    },
    {
      "Target": "Parameter",
      "Id": "ParamBrowRAngle",
      "Segments": [
        0,
        0,
        0,
        2,
        0
      ]
    },
    {
      "Target": "Parameter",
      "Id": "ParamBrowLForm",
      "Segments": [
        0,
        0,
        0,
        2,
        0
      ]
    },
    {
      "Target": "Parameter",
      "Id": "ParamBrowRForm",
      "Segments": [
        0,
        0,
        0,
        2,
        0
      ]
    },
    {
      "Target": "Parameter",
      "Id": "ParamCheek",
      "Segments": [
        0,
        0,
        0,
        2,
        0
      ]
    },
    {
      "Target": "Parameter",
      "Id": "ParamMouthOpenY",
      "Segments": [
        0,
        0,
        0,
        2,
        0
      ]
    },
    {
      "Target": "Parameter",
      "Id": "ParamMouthX",
      "Segments": [
        0,
        0,
        0,
        2,
        0
      ]
    },
    {
      "Target": "Parameter",
      "Id": "ParamTDP",
      "Segments": [
        0,
        0,
        0,
        2,
        0
      ]
    },
    {
      "Target": "Parameter",
      "Id": "ParamDDZ",
      "Segments": [
        0,
        0,
        0,
        2,
        0
      ]
    },
    {
      "Target": "Parameter",
      "Id": "ParamLjian",
      "Segments": [
        0,
        0,
        0,
        2,
        0
      ]
    },
    {
      "Target": "Parameter",
      "Id": "ParamRjian",
      "Segments": [
        0,
        0,
        0,
        2,
        0
      ]
    },
    {
      "Target": "Parameter",
      "Id": "ParamZTZ",
      "Segments": [
        0,
        0,
        0,
        2,
        0
      ]
    },
    {
      "Target": "Parameter",
      "Id": "ParamZBTX",
      "Segments": [
        0,
        0,
        0,
        2,
        0
      ]
    },
    {
      "Target": "Parameter",
      "Id": "ParamZMZ",
      "Segments": [
        0,
        0,
        0,
        2,
        0
      ]
    },
    {
      "Target": "Parameter",
      "Id": "ParamZSTC",
      "Segments": [
        0,
        0,
        0,
        2,
        0
      ]
    },
    {
      "Target": "Parameter",
      "Id": "ParamYXZ",
      "Segments": [
        0,
        -30,
        0,
        2,
        -30
      ]
    },
    {
      "Target": "Parameter",
      "Id": "ParamYXZ2",
      "Segments": [
        0,
        0,
        0,
        2,
        0
      ]
    },
    {
      "Target": "Parameter",
      "Id": "ParamYWMZ",
      "Segments": [
        0,
        -30,
        0,
        2,
        -30
      ]
    },
    {
      "Target": "Parameter",
      "Id": "ParamYWMZ2",
      "Segments": [
        0,
        0,
        0,
        2,
        0
      ]
    },
    {
      "Target": "Parameter",
      "Id": "ParamYZZ",
      "Segments": [
        0,
        -24,
        0,
        2,
        -24
      ]
    },
    {
      "Target": "Parameter",
      "Id": "ParamYZZ2",
      "Segments": [
        0,
        0,
        0,
        2,
        0
      ]
    },
    {
      "Target": "Parameter",
      "Id": "ParamYSZ",
      "Segments": [
        0,
        -30,
        0,
        2,
        -30
      ]
    },
    {
      "Target": "Parameter",
      "Id": "ParamYSZ2",
      "Segments": [
        0,
        0,
        0,
        2,
        0
      ]
    },
    {
      "Target": "Parameter",
      "Id": "ParamYMZ",
      "Segments": [
        0,
        -20,
        0,
        2,
        -20
      ]
    },
    {
      "Target": "Parameter",
      "Id": "ParamGXZ1",
      "Segments": [
        0,
        0,
        0,
        2,
        0
      ]
    },
    {
      "Target": "Parameter",
      "Id": "ParamGXZ2",
      "Segments": [
        0,
        0,
        0,
        2,
        0
      ]
    },
    {
      "Target": "Parameter",
      "Id": "ParamGDTX",
      "Segments": [
        0,
        0,
        0,
        2,
        0
      ]
    },
    {
      "Target": "Parameter",
      "Id": "ParamGDTX2",
      "Segments": [
        0,
        0,
        0,
        2,
        0
      ]
    },
    {
      "Target": "Parameter",
      "Id": "ParamGDTX3",
      "Segments": [
        0,
        0,
        0,
        2,
        0
      ]
    },
    {
      "Target": "Parameter",
      "Id": "ParamJYX",
      "Segments": [
        0,
        0,
        0,
        2,
        0
      ]
    },
    {
      "Target": "Parameter",
      "Id": "ParamGTC1",
      "Segments": [
        0,
        0,
        0,
        2,
        0
      ]
    },
    {
      "Target": "Parameter",
      "Id": "ParamGTC2",
      "Segments": [
        0,
        0,
        0,
        2,
        0
      ]
    },
    {
      "Target": "Parameter",
      "Id": "ParamGTC3",
      "Segments": [
        0,
        0,
        0,
        2,
        0
      ]
    },
    {
      "Target": "Parameter",
      "Id": "ParamGXS",
      "Segments": [
        0,
        0,
        0,
        2,
        0
      ]
    },
    {
      "Target": "Parameter",
      "Id": "ParamGZZ",
      "Segments": [
        0,
        0,
        0,
        2,
        0
      ]
    },
    {
      "Target": "Parameter",
      "Id": "ParamZDTTQ",
      "Segments": [
        0,
        0,
        0,
        2,
        0
      ]
    },
    {
      "Target": "Parameter",
      "Id": "ParamZXTB",
      "Segments": [
        0,
        -1,
        0,
        2,
        -1
      ]
    },
    {
      "Target": "Parameter",
      "Id": "ParamLegRX",
      "Segments": [
        0,
        0,
        0,
        2,
        0
      ]
    },
    {
      "Target": "Parameter",
      "Id": "ParamTXTT",
      "Segments": [
        0,
        -0.071,
        0,
        2,
        -0.071
      ]
    },
    {
      "Target": "Parameter",
      "Id": "ParamFootR",
      "Segments": [
        0,
        14,
        0,
        2,
        14
      ]
    },
    {
      "Target": "Parameter",
      "Id": "ParamYJJR",
      "Segments": [
        0,
        0,
        0,
        2,
        0
      ]
    },
    {
      "Target": "Parameter",
      "Id": "ParamMDR",
      "Segments": [
        0,
        0,
        0,
        2,
        0
      ]
    },
    {
      "Target": "Parameter",
      "Id": "ParamWhite1",
      "Segments": [
        0,
        0,
        0,
        2,
        0
      ]
    },
    {
      "Target": "Parameter",
      "Id": "ParamBlack0",
      "Segments": [
        0,
        1,
        0,
        2,
        1
      ]
    },
    {
      "Target": "Parameter",
      "Id": "ParamBlack01",
      "Segments": [
        0,
        1,
        0,
        2,
        1
      ]
    },
    {
      "Target": "Parameter",
      "Id": "ParamBlack1",
      "Segments": [
        0,
        0,
        0,
        2,
        0
      ]
    },
    {
      "Target": "Parameter",
      "Id": "Param97X",
      "Segments": [
        0,
        0,
        0,
        2,
        0
      ]
    },
    {
      "Target": "Parameter",
      "Id": "Param97Y",
      "Segments": [
        0,
        0,
        0,
        2,
        0
      ]
    },
    {
      "Target": "Parameter",
      "Id": "Param97O",
      "Segments": [
        0,
        0,
        0,
        2,
        0
      ]
    },
    {
      "Target": "Parameter",
      "Id": "ParamWY",
      "Segments": [
        0,
        0,
        0,
        2,
        0
      ]
    },
    {
      "Target": "Parameter",
      "Id": "ParamWZoom",
      "Segments": [
        0,
        0,
        0,
        2,
        0
      ]
    }
  ],
  "UserData": [
    {
      "Time": 0.0,
      "Value": ""
    }
  ]
}