{
  "Version": 3,
  "Meta": {
    "Duration": 2.5,
    "Fps": 30.0,
    "Loop": true,
    "AreBeziersRestricted": true,
    "CurveCount": 158,
    "TotalSegmentCount": 453,
    "TotalPointCount": 711,
    "UserDataCount": 2,
    "TotalUserDataSize": 20
  },
  "Curves": [
    {
      "Target": "Parameter",
      "Id": "ParamAngleX",
      "Segments": [
        0,
        30,
        0,
        0.633,
        -30,
        0,
        1.967,
        30,
        2,
        2.5,
        30
      ]
    },
    {
      "Target": "Parameter",
      "Id": "ParamAngleY",
      "Segments": [
        0,
        -14.291,
        0,
        0.267,
        30,
        1,
        0.367,
        30,
        0.467,
        7.332,
        0.567,
        0,
        1,
        0.645,
        -5.702,
        0.722,
        -5.128,
        0.8,
        -5.128,
        0,
        1.1,
        8.718,
        0,
        1.267,
        -0.513,
        0,
        1.5,
        10.769,
        1,
        1.644,
        10.769,
        1.789,
        -8.997,
        1.933,
        -11.328,
        1,
        2.122,
        -14.376,
        2.311,
        -14.291,
        2.5,
        -14.291
      ]
    },
    {
      "Target": "Parameter",
      "Id": "ParamAngleZ",
      "Segments": [
        0,
        4.601,
        0,
        0.433,
        30,
        0,
        0.667,
        20,
        0,
        0.833,
        23.59,
        0,
        1.967,
        -30,
        0,
        2.5,
        4.601
      ]
    },
    {
      "Target": "Parameter",
      "Id": "ParamEyeBallX",
      "Segments": [
        0,
        -0.722,
        0,
        0.367,
        -0.8,
        0,
        1.867,
        0.7,
        0,
        2.5,
        -0.72
      ]
    },
    {
      "Target": "Parameter",
      "Id": "ParamParamBrowLY",
      "Segments": [
        0,
        0,
        0,
        0.367,
        1,
        0,
        0.7,
        0,
        0,
        1.833,
        0.7,
        0,
        2.5,
        0
      ]
    },
    {
      "Target": "Parameter",
      "Id": "ParamParamBrowRY",
      "Segments": [
        0,
        0,
        0,
        0.367,
        1,
        0,
        0.7,
        0,
        2,
        2.5,
        0
      ]
    },
    {
      "Target": "Parameter",
      "Id": "ParamMouthOpenY",
      "Segments": [
        0,
        0,
        2,
        0.267,
        0,
        1,
        0.278,
        -0.015,
        0.289,
        0.335,
        0.3,
        0.635,
        1,
        0.311,
        1.113,
        0.322,
        0.974,
        0.333,
        1,
        1,
        0.344,
        0.972,
        0.356,
        1.116,
        0.367,
        0.639,
        1,
        0.378,
        0.341,
        0.389,
        -0.007,
        0.4,
        0.008,
        1,
        0.422,
        0.015,
        0.445,
        0.441,
        0.467,
        0.448,
        1,
        0.511,
        0.451,
        0.556,
        -0.003,
        0.6,
        0,
        1,
        0.622,
        -0.001,
        0.645,
        0.16,
        0.667,
        0.362,
        1,
        0.689,
        0.569,
        0.711,
        0.856,
        0.733,
        1,
        2,
        0.833,
        1,
        1,
        0.866,
        0.944,
        0.9,
        -0.062,
        0.933,
        0,
        2,
        1,
        0,
        1,
        1.011,
        -0.019,
        1.022,
        0.428,
        1.033,
        0.812,
        3,
        1.067,
        1,
        2,
        1.133,
        1,
        1,
        1.144,
        1.101,
        1.156,
        0.834,
        1.167,
        0.784,
        1,
        1.178,
        0.694,
        1.189,
        0.625,
        1.2,
        0.628,
        1,
        1.211,
        0.623,
        1.222,
        0.75,
        1.233,
        0.859,
        1,
        1.244,
        1.023,
        1.256,
        1,
        1.267,
        1,
        2,
        1.3,
        1,
        1,
        1.322,
        0.917,
        1.345,
        0.724,
        1.367,
        0.545,
        1,
        1.4,
        0.265,
        1.434,
        0.006,
        1.467,
        0,
        1,
        1.489,
        0.015,
        1.511,
        0.919,
        1.533,
        0.934,
        1,
        1.555,
        0.932,
        1.578,
        0.81,
        1.6,
        0.808,
        1,
        1.611,
        0.778,
        1.622,
        1.006,
        1.633,
        1,
        2,
        1.667,
        1,
        2,
        1.7,
        0.945,
        1,
        1.711,
        0.761,
        1.722,
        0.547,
        1.733,
        0.556,
        1,
        1.744,
        0.504,
        1.756,
        0.949,
        1.767,
        1,
        2,
        1.867,
        1,
        1,
        1.878,
        0.982,
        1.889,
        1.062,
        1.9,
        0.839,
        1,
        1.911,
        0.705,
        1.922,
        0.557,
        1.933,
        0.432,
        1,
        1.955,
        0.191,
        1.978,
        -0.001,
        2,
        0,
        2,
        2.5,
        0
      ]
    },
    {
      "Target": "Parameter",
      "Id": "ParamMouthForm",
      "Segments": [
        0,
        0,
        0,
        0.233,
        0.513,
        0,
        0.467,
        0,
        0,
        0.733,
        0.205,
        0,
        1,
        -0.265,
        1,
        1.1,
        -0.265,
        1.2,
        -0.286,
        1.3,
        -0.086,
        1,
        1.444,
        0.204,
        1.589,
        0.735,
        1.733,
        0.735,
        1,
        1.778,
        0.735,
        1.822,
        0.03,
        1.867,
        0.026,
        1,
        2.078,
        0.005,
        2.289,
        0,
        2.5,
        0
      ]
    },
    {
      "Target": "Parameter",
      "Id": "ParamBodyAngleX",
      "Segments": [
        0,
        -7.919,
        0,
        0.467,
        -10,
        1,
        0.978,
        -10,
        1.489,
        9.417,
        2,
        10,
        0,
        2.5,
        -7.919
      ]
    },
    {
      "Target": "Parameter",
      "Id": "ParamBodyAngleY",
      "Segments": [
        0,
        2.22,
        0,
        0.2,
        -1.538,
        1,
        0.356,
        1.146,
        0.511,
        10,
        0.667,
        10,
        2,
        2,
        10,
        1,
        2.078,
        9.609,
        2.155,
        0.186,
        2.233,
        -1.538,
        0,
        2.5,
        2.22
      ]
    },
    {
      "Target": "Parameter",
      "Id": "ParamBodyAngleZ",
      "Segments": [
        0,
        1.909,
        0,
        0.533,
        -10,
        0,
        2.5,
        1.909
      ]
    },
    {
      "Target": "Parameter",
      "Id": "ParamYAOZ",
      "Segments": [
        0,
        1.328,
        0,
        0.5,
        -10,
        0,
        2,
        5,
        0,
        2.5,
        1.328
      ]
    },
    {
      "Target": "Parameter",
      "Id": "ParamZTM",
      "Segments": [
        0,
        3.309,
        0,
        0.5,
        12,
        1,
        0.767,
        12,
        1.033,
        -7.13,
        1.3,
        -18,
        1,
        1.533,
        -27.516,
        1.767,
        -28.859,
        2,
        -30,
        1,
        2.089,
        -30,
        2.178,
        -23,
        2.267,
        -19,
        1,
        2.345,
        -10.424,
        2.422,
        3.309,
        2.5,
        3.309
      ]
    },
    {
      "Target": "Parameter",
      "Id": "ParamYTM",
      "Segments": [
        0,
        8.89,
        0,
        0.5,
        19,
        1,
        1,
        19,
        1.5,
        -17.904,
        2,
        -18,
        0,
        2.5,
        8.89
      ]
    },
    {
      "Target": "Parameter",
      "Id": "ParamZTX",
      "Segments": [
        0,
        0,
        0,
        0.5,
        10,
        1,
        1,
        10,
        1.5,
        6.921,
        2,
        2,
        1,
        2.167,
        0.36,
        2.333,
        0,
        2.5,
        0
      ]
    },
    {
      "Target": "Parameter",
      "Id": "ParamZTY",
      "Segments": [
        0,
        0,
        0,
        0.5,
        12,
        2,
        2,
        12,
        0,
        2.5,
        0
      ]
    },
    {
      "Target": "Parameter",
      "Id": "ParamZTZ",
      "Segments": [
        0,
        0,
        0,
        0.5,
        -20,
        2,
        2,
        -20,
        0,
        2.5,
        0
      ]
    },
    {
      "Target": "Parameter",
      "Id": "ParamBDX",
      "Segments": [
        0,
        5.728,
        0,
        0.5,
        -30,
        0,
        2,
        21,
        0,
        2.5,
        5.728
      ]
    },
    {
      "Target": "Parameter",
      "Id": "ParamArmL",
      "Segments": [
        0,
        -0.909,
        0,
        0.5,
        10,
        2,
        1.933,
        10,
        0,
        2.5,
        -0.909
      ]
    },
    {
      "Target": "Parameter",
      "Id": "ParamArmLY",
      "Segments": [
        0,
        0,
        0,
        0.5,
        -30,
        0,
        1.933,
        0,
        2,
        2.5,
        0
      ]
    },
    {
      "Target": "Parameter",
      "Id": "ParamArmL1",
      "Segments": [
        0,
        -5.402,
        0,
        0.5,
        -30,
        2,
        1.933,
        -30,
        0,
        2.5,
        -5.402
      ]
    },
    {
      "Target": "Parameter",
      "Id": "ParamHandL",
      "Segments": [
        0,
        -3.908,
        1,
        0.367,
        -3.908,
        0.733,
        -9.856,
        1.1,
        -11,
        1,
        1.378,
        -11.864,
        1.655,
        -8,
        1.933,
        -8,
        1,
        2.122,
        -6.299,
        2.311,
        -3.908,
        2.5,
        -3.908
      ]
    },
    {
      "Target": "Parameter",
      "Id": "ParamZBTY",
      "Segments": [
        0,
        -30,
        0,
        0.5,
        30,
        2,
        1.933,
        30,
        0,
        2.5,
        -30
      ]
    },
    {
      "Target": "Parameter",
      "Id": "ParamZSZ",
      "Segments": [
        0,
        -17,
        0,
        0.5,
        30,
        2,
        1.933,
        30,
        2,
        2,
        30,
        0,
        2.5,
        -17
      ]
    },
    {
      "Target": "Parameter",
      "Id": "ParamZXZK",
      "Segments": [
        0,
        12.448,
        0,
        0.267,
        -13.846,
        1,
        0.534,
        -13.846,
        0.8,
        2.271,
        1.067,
        7.219,
        1,
        1.256,
        10.725,
        1.444,
        -12.382,
        1.633,
        -13.846,
        0,
        2.5,
        12.448
      ]
    },
    {
      "Target": "Parameter",
      "Id": "ParamZXZX",
      "Segments": [
        0,
        -14.754,
        0,
        0.367,
        -30,
        0,
        0.867,
        -7.037,
        0,
        1.367,
        -14.754,
        1,
        1.567,
        -14.754,
        1.767,
        -13.965,
        1.967,
        -9.155,
        1,
        2.056,
        -7.017,
        2.144,
        5.556,
        2.233,
        5.556,
        0,
        2.5,
        -14.754
      ]
    },
    {
      "Target": "Parameter",
      "Id": "ParamZXZY",
      "Segments": [
        0,
        -3.606,
        0,
        0.467,
        -30,
        0,
        0.967,
        -15.648,
        0,
        1.467,
        -20.471,
        1,
        1.667,
        -20.471,
        1.867,
        -19.863,
        2.067,
        -16.972,
        1,
        2.156,
        -15.687,
        2.244,
        -11.242,
        2.333,
        -7.777,
        1,
        2.389,
        -5.612,
        2.444,
        -3.606,
        2.5,
        -3.606
      ]
    },
    {
      "Target": "Parameter",
      "Id": "ParamXZD3",
      "Segments": [
        0,
        -14.754,
        0,
        0.367,
        -30,
        0,
        0.733,
        3.704,
        0,
        1.233,
        -4.013,
        1,
        1.433,
        -4.013,
        1.633,
        -3.225,
        1.833,
        1.586,
        1,
        1.922,
        3.724,
        2.011,
        16.297,
        2.1,
        16.297,
        0,
        2.5,
        -14.754
      ]
    },
    {
      "Target": "Parameter",
      "Id": "ParamXZD4",
      "Segments": [
        0,
        9.666,
        0,
        0.367,
        -30,
        0,
        0.833,
        15.556,
        0,
        1.4,
        -23.704,
        1,
        1.589,
        -23.704,
        1.778,
        -21.39,
        1.967,
        -9.155,
        1,
        2.056,
        -3.397,
        2.144,
        15.556,
        2.233,
        15.556,
        0,
        2.5,
        9.666
      ]
    },
    {
      "Target": "Parameter",
      "Id": "ParamArmR",
      "Segments": [
        0,
        -2.023,
        0,
        0.533,
        -16,
        2,
        1.933,
        -16,
        0,
        2.5,
        -2.023
      ]
    },
    {
      "Target": "Parameter",
      "Id": "ParamHandR",
      "Segments": [
        0,
        -0.436,
        0,
        1.867,
        4,
        0,
        2.5,
        -0.436
      ]
    },
    {
      "Target": "Parameter",
      "Id": "ParamYBTY",
      "Segments": [
        0,
        0,
        1,
        0.178,
        0,
        0.355,
        -7.945,
        0.533,
        -11,
        1,
        1,
        -19.02,
        1.466,
        -21,
        1.933,
        -21,
        0,
        2.5,
        0
      ]
    },
    {
      "Target": "Parameter",
      "Id": "ParamYSWY",
      "Segments": [
        0,
        0,
        0,
        1.1,
        30,
        0,
        2.5,
        0
      ]
    },
    {
      "Target": "Parameter",
      "Id": "ParamYXZKH",
      "Segments": [
        0,
        9.079,
        0,
        0.533,
        14.359,
        1,
        0.744,
        14.359,
        0.956,
        -13.79,
        1.167,
        -18.205,
        1,
        1.367,
        -22.39,
        1.567,
        9.453,
        1.767,
        10.513,
        0,
        2.5,
        9.079
      ]
    },
    {
      "Target": "Parameter",
      "Id": "ParamYXZX",
      "Segments": [
        0,
        16.246,
        0,
        0.333,
        -30,
        0,
        0.833,
        0.963,
        0,
        1.667,
        -6.667,
        1,
        1.845,
        -6.667,
        2.022,
        7.719,
        2.2,
        13.556,
        1,
        2.3,
        16.839,
        2.4,
        16.246,
        2.5,
        16.246
      ]
    },
    {
      "Target": "Parameter",
      "Id": "ParamYXZY",
      "Segments": [
        0,
        5.432,
        0,
        0.333,
        -30,
        0,
        0.833,
        9.963,
        0,
        1.667,
        -5.222,
        0,
        2.133,
        9.963,
        0,
        2.5,
        5.432
      ]
    },
    {
      "Target": "Parameter",
      "Id": "ParamXZD",
      "Segments": [
        0,
        24.876,
        0,
        0.333,
        -30,
        0,
        0.833,
        12.963,
        0,
        1.667,
        -2.222,
        0,
        2.2,
        25.556,
        0,
        2.5,
        24.876
      ]
    },
    {
      "Target": "Parameter",
      "Id": "ParamXZD2",
      "Segments": [
        0,
        1.624,
        0,
        0.633,
        -30,
        0,
        1.067,
        12.963,
        0,
        1.833,
        -2.222,
        0,
        2.233,
        7.778,
        0,
        2.5,
        1.624
      ]
    },
    {
      "Target": "Parameter",
      "Id": "ParamLegL",
      "Segments": [
        0,
        17,
        0,
        0.5,
        -16,
        2,
        2,
        -16,
        1,
        2.056,
        -16,
        2.111,
        -16.805,
        2.167,
        -14,
        1,
        2.278,
        -8.391,
        2.389,
        17,
        2.5,
        17
      ]
    },
    {
      "Target": "Parameter",
      "Id": "ParamLegLY",
      "Segments": [
        0,
        0,
        0,
        0.233,
        12,
        1,
        0.322,
        12,
        0.411,
        6.321,
        0.5,
        5,
        1,
        1,
        -2.433,
        1.5,
        -5,
        2,
        -5,
        0,
        2.167,
        12,
        0,
        2.5,
        0
      ]
    },
    {
      "Target": "Parameter",
      "Id": "ParamLegL1",
      "Segments": [
        0,
        0,
        0,
        0.5,
        5,
        2,
        2,
        5,
        0,
        2.167,
        8,
        0,
        2.5,
        0
      ]
    },
    {
      "Target": "Parameter",
      "Id": "ParamZJJR",
      "Segments": [
        0,
        0,
        0,
        0.233,
        -30,
        0,
        0.5,
        0,
        2,
        2,
        0,
        0,
        2.133,
        -30,
        2,
        2.267,
        -30,
        0,
        2.5,
        0
      ]
    },
    {
      "Target": "Parameter",
      "Id": "ParamMDL",
      "Segments": [
        0,
        0,
        0,
        0.5,
        -22,
        2,
        2,
        -22,
        0,
        2.5,
        0
      ]
    },
    {
      "Target": "Parameter",
      "Id": "ParamLegR",
      "Segments": [
        0,
        30,
        1,
        0.167,
        30,
        0.333,
        4.382,
        0.5,
        2,
        1,
        1,
        -5.145,
        1.5,
        -6.58,
        2,
        -6.58,
        0,
        2.5,
        30
      ]
    },
    {
      "Target": "Parameter",
      "Id": "ParamLegRY",
      "Segments": [
        0,
        8.04,
        0,
        0.5,
        5.46,
        2,
        2,
        5.46,
        0,
        2.5,
        8.04
      ]
    },
    {
      "Target": "Parameter",
      "Id": "ParamLegR1",
      "Segments": [
        0,
        -21.54,
        1,
        0.167,
        -21.54,
        0.333,
        -9.664,
        0.5,
        -8,
        1,
        1,
        -3.008,
        1.5,
        -2,
        2,
        -2,
        0,
        2.5,
        -21.54
      ]
    },
    {
      "Target": "Parameter",
      "Id": "ParamFootR",
      "Segments": [
        0,
        14,
        1,
        0.167,
        14,
        0.333,
        14.048,
        0.5,
        15,
        1,
        1,
        17.855,
        1.5,
        20,
        2,
        20,
        0,
        2.5,
        14
      ]
    },
    {
      "Target": "Parameter",
      "Id": "ParamOpaishakeX",
      "Segments": [
        0,
        0.091,
        0,
        0.233,
        -0.358,
        0,
        0.4,
        0.409,
        0,
        0.667,
        -0.386,
        0,
        0.933,
        0.067,
        0,
        1.1,
        -0.131,
        0,
        2.5,
        0.091
      ]
    },
    {
      "Target": "Parameter",
      "Id": "ParamOpaishakeY",
      "Segments": [
        0,
        -0.805,
        1,
        0.067,
        -0.805,
        0.133,
        -0.75,
        0.2,
        -0.249,
        1,
        0.267,
        0.251,
        0.333,
        0.915,
        0.4,
        0.915,
        0,
        0.6,
        -0.249,
        0,
        0.833,
        0.609,
        0,
        1.033,
        -0.249,
        2,
        1.767,
        -0.249,
        0,
        2.167,
        1,
        0,
        2.5,
        -0.805
      ]
    },
    {
      "Target": "Parameter",
      "Id": "ParamHairFront",
      "Segments": [
        0,
        0.686,
        0,
        0.233,
        1,
        1,
        0.355,
        1,
        0.478,
        -0.986,
        0.6,
        -1,
        1,
        0.833,
        -1,
        1.067,
        0.509,
        1.3,
        0.8,
        1,
        1.533,
        0.917,
        1.767,
        -0.831,
        2,
        -0.9,
        0,
        2.5,
        0.686
      ]
    },
    {
      "Target": "Parameter",
      "Id": "ParamHaiFrontY",
      "Segments": [
        0,
        0.237,
        0,
        0.367,
        1,
        1,
        0.489,
        1,
        0.611,
        -0.986,
        0.733,
        -1,
        1,
        0.966,
        -1,
        1.2,
        0.509,
        1.433,
        0.8,
        1,
        1.666,
        0.917,
        1.9,
        -0.831,
        2.133,
        -0.9,
        0,
        2.5,
        0.237
      ]
    },
    {
      "Target": "Parameter",
      "Id": "ParamHairFront2",
      "Segments": [
        0,
        0.98,
        0,
        0.3,
        1,
        1,
        0.422,
        1,
        0.545,
        -0.986,
        0.667,
        -1,
        1,
        0.9,
        -1,
        1.134,
        0.509,
        1.367,
        0.8,
        1,
        1.6,
        0.917,
        1.834,
        -0.831,
        2.067,
        -0.9,
        0,
        2.5,
        0.98
      ]
    },
    {
      "Target": "Parameter",
      "Id": "ParamHairFront2Y",
      "Segments": [
        0,
        -0.091,
        0,
        0.433,
        1,
        1,
        0.555,
        1,
        0.678,
        -0.986,
        0.8,
        -1,
        1,
        1.033,
        -1,
        1.267,
        0.509,
        1.5,
        0.8,
        1,
        1.733,
        0.917,
        1.967,
        -0.831,
        2.2,
        -0.9,
        0,
        2.5,
        -0.091
      ]
    },
    {
      "Target": "Parameter",
      "Id": "ParamHairFront3",
      "Segments": [
        0,
        0.799,
        0,
        0.3,
        1,
        1,
        0.422,
        1,
        0.545,
        -0.986,
        0.667,
        -1,
        1,
        0.9,
        -1,
        1.134,
        0.509,
        1.367,
        0.8,
        1,
        1.6,
        0.917,
        1.834,
        -0.831,
        2.067,
        -0.9,
        0,
        2.5,
        0.799
      ]
    },
    {
      "Target": "Parameter",
      "Id": "ParamHairFront3Y",
      "Segments": [
        0,
        0.074,
        0,
        0.433,
        1,
        1,
        0.555,
        1,
        0.678,
        -0.986,
        0.8,
        -1,
        1,
        1.033,
        -1,
        1.267,
        0.509,
        1.5,
        0.8,
        1,
        1.733,
        0.917,
        1.967,
        -0.831,
        2.2,
        -0.9,
        0,
        2.5,
        0.074
      ]
    },
    {
      "Target": "Parameter",
      "Id": "ParamHairSide",
      "Segments": [
        0,
        0.294,
        0,
        0.2,
        1,
        1,
        0.322,
        1,
        0.445,
        -0.986,
        0.567,
        -1,
        1,
        0.8,
        -1,
        1.034,
        0.509,
        1.267,
        0.8,
        1,
        1.5,
        0.917,
        1.734,
        -0.431,
        1.967,
        -0.5,
        0,
        2.5,
        0.294
      ]
    },
    {
      "Target": "Parameter",
      "Id": "ParamHairFrontY",
      "Segments": [
        0,
        0.237,
        0,
        0.333,
        1,
        1,
        0.455,
        1,
        0.578,
        -0.986,
        0.7,
        -1,
        1,
        0.933,
        -1,
        1.167,
        0.509,
        1.4,
        0.8,
        1,
        1.633,
        0.917,
        1.867,
        -0.831,
        2.1,
        -0.9,
        0,
        2.5,
        0.237
      ]
    },
    {
      "Target": "Parameter",
      "Id": "ParamHairSide2",
      "Segments": [
        0,
        0.391,
        0,
        0.3,
        1,
        1,
        0.422,
        1,
        0.545,
        -0.986,
        0.667,
        -1,
        1,
        0.9,
        -1,
        1.134,
        0.509,
        1.367,
        0.8,
        1,
        1.6,
        0.917,
        1.834,
        -0.831,
        2.067,
        -0.9,
        0,
        2.5,
        0.391
      ]
    },
    {
      "Target": "Parameter",
      "Id": "ParamHairSide2y",
      "Segments": [
        0,
        -0.254,
        0,
        0.433,
        1,
        1,
        0.555,
        1,
        0.678,
        -0.986,
        0.8,
        -1,
        1,
        1.033,
        -1,
        1.267,
        0.509,
        1.5,
        0.8,
        1,
        1.733,
        0.917,
        1.967,
        -0.831,
        2.2,
        -0.9,
        0,
        2.5,
        -0.254
      ]
    },
    {
      "Target": "Parameter",
      "Id": "ParamHGX",
      "Segments": [
        0,
        0.774,
        0,
        0.233,
        1,
        1,
        0.355,
        1,
        0.478,
        -0.986,
        0.6,
        -1,
        1,
        0.833,
        -1,
        1.067,
        0.509,
        1.3,
        0.8,
        1,
        1.533,
        0.917,
        1.767,
        -0.831,
        2,
        -0.9,
        0,
        2.5,
        0.774
      ]
    },
    {
      "Target": "Parameter",
      "Id": "ParamHGY",
      "Segments": [
        0,
        0.445,
        0,
        0.367,
        1,
        1,
        0.489,
        1,
        0.611,
        -0.986,
        0.733,
        -1,
        1,
        0.966,
        -1,
        1.2,
        0.509,
        1.433,
        0.8,
        1,
        1.666,
        0.917,
        1.9,
        -0.831,
        2.133,
        -0.9,
        0,
        2.5,
        0.445
      ]
    },
    {
      "Target": "Parameter",
      "Id": "ParamFAS",
      "Segments": [
        0,
        0.074,
        0,
        0.333,
        -1,
        0,
        0.7,
        0.6,
        0,
        1.133,
        -0.282,
        0,
        1.7,
        0.538,
        0,
        2.033,
        -0.214,
        0,
        2.5,
        0.074
      ]
    },
    {
      "Target": "Parameter",
      "Id": "ParamFASY",
      "Segments": [
        0,
        0.05,
        0,
        0.3,
        0.7,
        1,
        0.378,
        0.7,
        0.455,
        -0.431,
        0.533,
        -0.444,
        1,
        0.755,
        -0.481,
        0.978,
        0.318,
        1.2,
        0.393,
        1,
        1.311,
        0.431,
        1.422,
        -0.417,
        1.533,
        -0.444,
        0,
        2.5,
        0.05
      ]
    },
    {
      "Target": "Parameter",
      "Id": "ParamFAS2",
      "Segments": [
        0,
        0.074,
        0,
        0.267,
        1,
        0,
        0.6,
        -0.726,
        0,
        1,
        0.145,
        0,
        1.433,
        -0.462,
        0,
        1.933,
        0.35,
        0,
        2.5,
        0.074
      ]
    },
    {
      "Target": "Parameter",
      "Id": "ParamFAS2Y",
      "Segments": [
        0,
        0.828,
        2,
        0.2,
        0.828,
        0,
        0.5,
        0,
        1,
        0.622,
        0,
        0.745,
        0.29,
        0.867,
        0.368,
        1,
        1.067,
        0.497,
        1.267,
        -0.215,
        1.467,
        -0.145,
        0,
        2.5,
        0.828
      ]
    },
    {
      "Target": "Parameter",
      "Id": "ParamBZY",
      "Segments": [
        0,
        1,
        0,
        0.267,
        -1,
        1,
        0.389,
        -1,
        0.511,
        0.691,
        0.633,
        0.761,
        1,
        0.755,
        0.822,
        0.878,
        -0.907,
        1,
        -0.872,
        1,
        1.222,
        -0.808,
        1.445,
        0.244,
        1.667,
        0.641,
        1,
        1.789,
        0.799,
        1.911,
        -0.657,
        2.033,
        -0.607,
        0,
        2.5,
        1
      ]
    },
    {
      "Target": "Parameter",
      "Id": "ParamYMWX",
      "Segments": [
        0,
        3.521,
        0,
        0.6,
        -9.896,
        0,
        1.5,
        15.701,
        0,
        2.5,
        3.521
      ]
    },
    {
      "Target": "Parameter",
      "Id": "ParamYMWX2",
      "Segments": [
        0,
        7.989,
        0,
        1.1,
        -3.077,
        0,
        2.5,
        7.989
      ]
    },
    {
      "Target": "Parameter",
      "Id": "ParamYMWY",
      "Segments": [
        0,
        12.266,
        1,
        0.122,
        12.266,
        0.245,
        29.998,
        0.367,
        30,
        0,
        1.333,
        -30,
        1,
        1.566,
        -30,
        1.8,
        -25.392,
        2.033,
        -6.923,
        1,
        2.111,
        -0.766,
        2.189,
        23.333,
        2.267,
        23.333,
        0,
        2.5,
        12.266
      ]
    },
    {
      "Target": "Parameter",
      "Id": "ParamYMWY1",
      "Segments": [
        0,
        -12.995,
        0,
        0.167,
        -15.067,
        0,
        1.133,
        15.067,
        0,
        2,
        -12.995,
        2,
        2.5,
        -12.995
      ]
    },
    {
      "Target": "Parameter",
      "Id": "ParamYMWY2",
      "Segments": [
        0,
        -7.772,
        0,
        0.333,
        -15.067,
        0,
        1.3,
        15.067,
        0,
        2,
        -7.772,
        2,
        2.5,
        -7.772
      ]
    },
    {
      "Target": "Parameter",
      "Id": "ParamYMWK",
      "Segments": [
        0,
        0,
        0,
        0.533,
        -15.067,
        0,
        1.5,
        15.067,
        0,
        2,
        0,
        2,
        2.5,
        0
      ]
    },
    {
      "Target": "Parameter",
      "Id": "ParamZMWX",
      "Segments": [
        0,
        8.289,
        0,
        0.833,
        -10.377,
        1,
        1.133,
        -10.377,
        1.433,
        11.154,
        1.733,
        11.521,
        0,
        2.5,
        8.289
      ]
    },
    {
      "Target": "Parameter",
      "Id": "ParamZMWX2",
      "Segments": [
        0,
        7.988,
        0,
        1.167,
        -3.077,
        0,
        2.5,
        7.988
      ]
    },
    {
      "Target": "Parameter",
      "Id": "ParamZMWY",
      "Segments": [
        0,
        8.107,
        1,
        0.122,
        8.107,
        0.245,
        20.256,
        0.367,
        20.258,
        1,
        0.689,
        20.258,
        1.011,
        -21.847,
        1.333,
        -21.848,
        1,
        1.566,
        -21.848,
        1.8,
        -18.116,
        2.033,
        -3.103,
        1,
        2.111,
        1.902,
        2.189,
        22.821,
        2.267,
        22.821,
        0,
        2.5,
        8.107
      ]
    },
    {
      "Target": "Parameter",
      "Id": "ParamZMWY1",
      "Segments": [
        0,
        -12.995,
        0,
        0.167,
        -15.067,
        0,
        1.133,
        15.067,
        0,
        2.5,
        -12.995
      ]
    },
    {
      "Target": "Parameter",
      "Id": "ParamZMWY2",
      "Segments": [
        0,
        -3.232,
        1,
        0.178,
        -3.232,
        0.355,
        -14.615,
        0.533,
        -15.067,
        0,
        1.5,
        15.067,
        0,
        2.5,
        -3.232
      ]
    },
    {
      "Target": "Parameter",
      "Id": "ParamZMWK",
      "Segments": [
        0,
        5.312,
        1,
        0.244,
        5.312,
        0.489,
        -14.872,
        0.733,
        -15.067,
        0,
        1.7,
        15.067,
        0,
        2.5,
        5.312
      ]
    },
    {
      "Target": "Parameter",
      "Id": "ParamHairBack",
      "Segments": [
        0,
        -0.205,
        0,
        0.233,
        -0.128,
        0,
        0.633,
        -0.351,
        0,
        0.833,
        -0.312,
        0,
        1.8,
        -0.444,
        0,
        2.5,
        -0.205
      ]
    },
    {
      "Target": "Parameter",
      "Id": "ParamSkirt",
      "Segments": [
        0,
        1,
        0,
        0.5,
        -0.658,
        0,
        1.233,
        1,
        0,
        1.833,
        -0.966,
        0,
        2.5,
        1
      ]
    },
    {
      "Target": "Parameter",
      "Id": "ParamSkirtY",
      "Segments": [
        0,
        0.741,
        0,
        0.767,
        -0.316,
        0,
        1.367,
        0.615,
        0,
        1.8,
        -0.171,
        0,
        2.5,
        0.741
      ]
    },
    {
      "Target": "Parameter",
      "Id": "ParamSkirt2",
      "Segments": [
        0,
        0.741,
        0,
        0.667,
        -0.3,
        0,
        1.167,
        0.701,
        0,
        1.6,
        -0.12,
        0,
        2.5,
        0.741
      ]
    },
    {
      "Target": "Parameter",
      "Id": "ParamEyeLOpen",
      "Segments": [
        0,
        1,
        0,
        2.5,
        1
      ]
    },
    {
      "Target": "Parameter",
      "Id": "ParamEyeROpen",
      "Segments": [
        0,
        1,
        0,
        2.5,
        1
      ]
    },
    {
      "Target": "Parameter",
      "Id": "ParamEyeSmile",
      "Segments": [
        0,
        1,
        0,
        2.5,
        1
      ]
    },
    {
      "Target": "Parameter",
      "Id": "ParamEYET",
      "Segments": [
        0,
        0,
        0,
        2.5,
        0
      ]
    },
    {
      "Target": "Parameter",
      "Id": "ParamEyeBallY",
      "Segments": [
        0,
        0.317,
        0,
        2.5,
        0.317
      ]
    },
    {
      "Target": "Parameter",
      "Id": "ParamBrowLAngle",
      "Segments": [
        0,
        0,
        0,
        2.5,
        0
      ]
    },
    {
      "Target": "Parameter",
      "Id": "ParamBrowRAngle",
      "Segments": [
        0,
        0,
        0,
        2.5,
        0
      ]
    },
    {
      "Target": "Parameter",
      "Id": "ParamBrowLForm",
      "Segments": [
        0,
        0,
        0,
        2.5,
        0
      ]
    },
    {
      "Target": "Parameter",
      "Id": "ParamBrowRForm",
      "Segments": [
        0,
        0,
        0,
        2.5,
        0
      ]
    },
    {
      "Target": "Parameter",
      "Id": "ParamCheek",
      "Segments": [
        0,
        0,
        0,
        2.5,
        0
      ]
    },
    {
      "Target": "Parameter",
      "Id": "ParamMouthX",
      "Segments": [
        0,
        0,
        0,
        2.5,
        0
      ]
    },
    {
      "Target": "Parameter",
      "Id": "ParamTDP",
      "Segments": [
        0,
        0,
        0,
        2.5,
        0
      ]
    },
    {
      "Target": "Parameter",
      "Id": "ParamDDZ",
      "Segments": [
        0,
        0,
        0,
        2.5,
        0
      ]
    },
    {
      "Target": "Parameter",
      "Id": "ParamHipY",
      "Segments": [
        0,
        0,
        0,
        2.5,
        0
      ]
    },
    {
      "Target": "Parameter",
      "Id": "ParamLjian",
      "Segments": [
        0,
        0,
        0,
        2.5,
        0
      ]
    },
    {
      "Target": "Parameter",
      "Id": "ParamRjian",
      "Segments": [
        0,
        0,
        0,
        2.5,
        0
      ]
    },
    {
      "Target": "Parameter",
      "Id": "ParamZTX2",
      "Segments": [
        0,
        -1.259,
        0,
        2.5,
        -1.259
      ]
    },
    {
      "Target": "Parameter",
      "Id": "ParamZBTX",
      "Segments": [
        0,
        0,
        0,
        2.5,
        0
      ]
    },
    {
      "Target": "Parameter",
      "Id": "ParamZXZ",
      "Segments": [
        0,
        -30,
        0,
        2.5,
        -30
      ]
    },
    {
      "Target": "Parameter",
      "Id": "ParamZWMZ",
      "Segments": [
        0,
        -30,
        0,
        2.5,
        -30
      ]
    },
    {
      "Target": "Parameter",
      "Id": "ParamZZZ",
      "Segments": [
        0,
        -30,
        0,
        2.5,
        -30
      ]
    },
    {
      "Target": "Parameter",
      "Id": "ParamZMZ",
      "Segments": [
        0,
        0,
        0,
        2.5,
        0
      ]
    },
    {
      "Target": "Parameter",
      "Id": "ParamZD",
      "Segments": [
        0,
        0,
        0,
        2.5,
        0
      ]
    },
    {
      "Target": "Parameter",
      "Id": "ParamZSH",
      "Segments": [
        0,
        0,
        0,
        2.5,
        0
      ]
    },
    {
      "Target": "Parameter",
      "Id": "ParamZSTC",
      "Segments": [
        0,
        0,
        0,
        2.5,
        0
      ]
    },
    {
      "Target": "Parameter",
      "Id": "ParamArmRY",
      "Segments": [
        0,
        -7,
        0,
        2.5,
        -7
      ]
    },
    {
      "Target": "Parameter",
      "Id": "ParamArmR1",
      "Segments": [
        0,
        -17.152,
        0,
        2.5,
        -17.152
      ]
    },
    {
      "Target": "Parameter",
      "Id": "ParamYBTX",
      "Segments": [
        0,
        0,
        0,
        2.5,
        0
      ]
    },
    {
      "Target": "Parameter",
      "Id": "ParamYXZ",
      "Segments": [
        0,
        -30,
        0,
        2.5,
        -30
      ]
    },
    {
      "Target": "Parameter",
      "Id": "ParamYXZ2",
      "Segments": [
        0,
        0,
        0,
        2.5,
        0
      ]
    },
    {
      "Target": "Parameter",
      "Id": "ParamYWMZ",
      "Segments": [
        0,
        -30,
        0,
        2.5,
        -30
      ]
    },
    {
      "Target": "Parameter",
      "Id": "ParamYWMZ2",
      "Segments": [
        0,
        0,
        0,
        2.5,
        0
      ]
    },
    {
      "Target": "Parameter",
      "Id": "ParamYZZ",
      "Segments": [
        0,
        -24,
        0,
        2.5,
        -24
      ]
    },
    {
      "Target": "Parameter",
      "Id": "ParamYZZ2",
      "Segments": [
        0,
        0,
        0,
        2.5,
        0
      ]
    },
    {
      "Target": "Parameter",
      "Id": "ParamYSZ",
      "Segments": [
        0,
        -30,
        0,
        2.5,
        -30
      ]
    },
    {
      "Target": "Parameter",
      "Id": "ParamYSZ2",
      "Segments": [
        0,
        0,
        0,
        2.5,
        0
      ]
    },
    {
      "Target": "Parameter",
      "Id": "ParamYMZ",
      "Segments": [
        0,
        -20,
        0,
        2.5,
        -20
      ]
    },
    {
      "Target": "Parameter",
      "Id": "ParamYD",
      "Segments": [
        0,
        0,
        0,
        2.5,
        0
      ]
    },
    {
      "Target": "Parameter",
      "Id": "ParamYSH",
      "Segments": [
        0,
        0,
        0,
        2.5,
        0
      ]
    },
    {
      "Target": "Parameter",
      "Id": "ParamYSTC",
      "Segments": [
        0,
        0,
        0,
        2.5,
        0
      ]
    },
    {
      "Target": "Parameter",
      "Id": "ParamGDXZ",
      "Segments": [
        0,
        12.2,
        0,
        2.5,
        12.2
      ]
    },
    {
      "Target": "Parameter",
      "Id": "ParamGXZ1",
      "Segments": [
        0,
        0,
        0,
        2.5,
        0
      ]
    },
    {
      "Target": "Parameter",
      "Id": "ParamGXZ2",
      "Segments": [
        0,
        0,
        0,
        2.5,
        0
      ]
    },
    {
      "Target": "Parameter",
      "Id": "ParamZTXZ",
      "Segments": [
        0,
        0,
        0,
        2.5,
        0
      ]
    },
    {
      "Target": "Parameter",
      "Id": "ParamGDTX",
      "Segments": [
        0,
        0,
        0,
        2.5,
        0
      ]
    },
    {
      "Target": "Parameter",
      "Id": "ParamGDTX2",
      "Segments": [
        0,
        0,
        0,
        2.5,
        0
      ]
    },
    {
      "Target": "Parameter",
      "Id": "ParamGDTX3",
      "Segments": [
        0,
        0,
        0,
        2.5,
        0
      ]
    },
    {
      "Target": "Parameter",
      "Id": "ParamHT",
      "Segments": [
        0,
        0,
        0,
        2.5,
        0
      ]
    },
    {
      "Target": "Parameter",
      "Id": "Paramxzb",
      "Segments": [
        0,
        0,
        0,
        2.5,
        0
      ]
    },
    {
      "Target": "Parameter",
      "Id": "ParamJYX",
      "Segments": [
        0,
        0,
        0,
        2.5,
        0
      ]
    },
    {
      "Target": "Parameter",
      "Id": "ParamGTC1",
      "Segments": [
        0,
        0,
        0,
        2.5,
        0
      ]
    },
    {
      "Target": "Parameter",
      "Id": "ParamGTC2",
      "Segments": [
        0,
        0,
        0,
        2.5,
        0
      ]
    },
    {
      "Target": "Parameter",
      "Id": "ParamGTC3",
      "Segments": [
        0,
        0,
        0,
        2.5,
        0
      ]
    },
    {
      "Target": "Parameter",
      "Id": "ParamGXS",
      "Segments": [
        0,
        0,
        0,
        2.5,
        0
      ]
    },
    {
      "Target": "Parameter",
      "Id": "ParamGZZ",
      "Segments": [
        0,
        0,
        0,
        2.5,
        0
      ]
    },
    {
      "Target": "Parameter",
      "Id": "ParamGX",
      "Segments": [
        0,
        0,
        0,
        2.5,
        0
      ]
    },
    {
      "Target": "Parameter",
      "Id": "ParamGY",
      "Segments": [
        0,
        0,
        0,
        2.5,
        0
      ]
    },
    {
      "Target": "Parameter",
      "Id": "ParamZDTTQ",
      "Segments": [
        0,
        0,
        0,
        2.5,
        0
      ]
    },
    {
      "Target": "Parameter",
      "Id": "ParamZXTB",
      "Segments": [
        0,
        -1,
        0,
        2.5,
        -1
      ]
    },
    {
      "Target": "Parameter",
      "Id": "ParamLegL1Y",
      "Segments": [
        0,
        0,
        0,
        2.5,
        0
      ]
    },
    {
      "Target": "Parameter",
      "Id": "ParamFootL",
      "Segments": [
        0,
        -18.127,
        0,
        2.5,
        -18.127
      ]
    },
    {
      "Target": "Parameter",
      "Id": "ParamLegRX",
      "Segments": [
        0,
        0,
        0,
        2.5,
        0
      ]
    },
    {
      "Target": "Parameter",
      "Id": "ParamTXTT",
      "Segments": [
        0,
        -0.071,
        0,
        2.5,
        -0.071
      ]
    },
    {
      "Target": "Parameter",
      "Id": "ParamLegR1Y",
      "Segments": [
        0,
        0,
        0,
        2.5,
        0
      ]
    },
    {
      "Target": "Parameter",
      "Id": "ParamYJJR",
      "Segments": [
        0,
        0,
        0,
        2.5,
        0
      ]
    },
    {
      "Target": "Parameter",
      "Id": "ParamMDR",
      "Segments": [
        0,
        0,
        0,
        2.5,
        0
      ]
    },
    {
      "Target": "Parameter",
      "Id": "ParamWhite1",
      "Segments": [
        0,
        0,
        0,
        2.5,
        0
      ]
    },
    {
      "Target": "Parameter",
      "Id": "ParamBlack0",
      "Segments": [
        0,
        1,
        0,
        2.5,
        1
      ]
    },
    {
      "Target": "Parameter",
      "Id": "ParamBlack01",
      "Segments": [
        0,
        1,
        0,
        2.5,
        1
      ]
    },
    {
      "Target": "Parameter",
      "Id": "ParamBlack1",
      "Segments": [
        0,
        0,
        0,
        2.5,
        0
      ]
    },
    {
      "Target": "Parameter",
      "Id": "Param97X",
      "Segments": [
        0,
        0,
        0,
        2.5,
        0
      ]
    },
    {
      "Target": "Parameter",
      "Id": "Param97Y",
      "Segments": [
        0,
        0,
        0,
        2.5,
        0
      ]
    },
    {
      "Target": "Parameter",
      "Id": "Param97O",
      "Segments": [
        0,
        0,
        0,
        2.5,
        0
      ]
    },
    {
      "Target": "Parameter",
      "Id": "ParamWY",
      "Segments": [
        0,
        0,
        0,
        2.5,
        0
      ]
    },
    {
      "Target": "Parameter",
      "Id": "ParamWZoom",
      "Segments": [
        0,
        0,
        0,
        2.5,
        0
      ]
    },
    {
      "Target": "Parameter",
      "Id": "Parammod",
      "Segments": [
        0,
        0,
        0,
        2.5,
        0
      ]
    }
  ],
  "UserData": [
    {
      "Time": 0.0,
      "Value": ""
    },
    {
      "Time": 0.333,
      "Value": "characterVoice_108_2"
    }
  ]
}