{
  "Version": 3,
  "Meta": {
    "Duration": 3.57,
    "Fps": 30.0,
    "Loop": true,
    "AreBeziersRestricted": true,
    "CurveCount": 159,
    "TotalSegmentCount": 983,
    "TotalPointCount": 1945,
    "UserDataCount": 3,
    "TotalUserDataSize": 40
  },
  "Curves": [
    {
      "Target": "Parameter",
      "Id": "ParamAngleX",
      "Segments": [
        0,
        30,
        0,
        0.867,
        -3,
        2,
        1.333,
        -3,
        0,
        2.133,
        30,
        2,
        2.967,
        30,
        2,
        3.233,
        30,
        2,
        3.567,
        30
      ]
    },
    {
      "Target": "Parameter",
      "Id": "ParamAngleY",
      "Segments": [
        0,
        -14.291,
        0,
        0.467,
        30,
        1,
        0.6,
        28.932,
        0.734,
        1.135,
        0.867,
        -10.714,
        1,
        1.022,
        -24.318,
        1.178,
        -25.052,
        1.333,
        -25.052,
        0,
        1.7,
        0,
        0,
        2.133,
        -30,
        1,
        2.233,
        -30,
        2.333,
        -26.091,
        2.433,
        -25.655,
        1,
        2.522,
        -25.269,
        2.611,
        -25.406,
        2.7,
        -25.052,
        1,
        2.789,
        -24.698,
        2.878,
        -20.846,
        2.967,
        -20.367,
        1,
        3.056,
        -19.887,
        3.144,
        -20.066,
        3.233,
        -19.508,
        1,
        3.344,
        -18.81,
        3.456,
        -14.291,
        3.567,
        -14.291
      ]
    },
    {
      "Target": "Parameter",
      "Id": "ParamAngleZ",
      "Segments": [
        0,
        -6.774,
        1,
        0.367,
        -6.774,
        0.733,
        -23.342,
        1.1,
        -27,
        1,
        1.444,
        -30.436,
        1.789,
        -30,
        2.133,
        -30,
        1,
        2.233,
        -30,
        2.333,
        -26.937,
        2.433,
        -23.577,
        1,
        2.611,
        -17.603,
        2.789,
        -8.411,
        2.967,
        -7.505,
        1,
        3.056,
        -7.051,
        3.144,
        -7.184,
        3.233,
        -6.98,
        1,
        3.266,
        -6.904,
        3.3,
        -6.774,
        3.333,
        -6.774,
        2,
        3.567,
        -6.774
      ]
    },
    {
      "Target": "Parameter",
      "Id": "ParamEyeLOpen",
      "Segments": [
        0,
        1,
        0,
        0.5,
        1.5,
        0,
        0.867,
        0.8,
        0,
        1.167,
        0.812,
        0,
        1.267,
        0,
        1,
        1.3,
        0,
        1.334,
        0.831,
        1.367,
        0.844,
        1,
        1.522,
        0.907,
        1.678,
        0.917,
        1.833,
        1,
        1,
        1.944,
        1.059,
        2.056,
        1.5,
        2.167,
        1.5,
        2,
        2.433,
        1.5,
        2,
        2.567,
        1.5,
        2,
        2.833,
        1.5,
        1,
        2.878,
        1.5,
        2.922,
        0.462,
        2.967,
        0.386,
        1,
        3.056,
        0.235,
        3.144,
        0.186,
        3.233,
        0.072,
        1,
        3.244,
        0.058,
        3.256,
        0,
        3.267,
        0,
        0,
        3.567,
        1
      ]
    },
    {
      "Target": "Parameter",
      "Id": "ParamEyeROpen",
      "Segments": [
        0,
        1,
        0,
        0.5,
        1.5,
        0,
        0.867,
        0.8,
        0,
        1.167,
        0.846,
        0,
        1.267,
        0,
        1,
        1.3,
        0,
        1.334,
        0.891,
        1.367,
        0.907,
        1,
        1.522,
        0.982,
        1.678,
        1,
        1.833,
        1,
        0,
        2.167,
        0.8,
        2,
        2.433,
        0.8,
        2,
        2.567,
        0.8,
        2,
        2.833,
        0.8,
        1,
        2.878,
        0.8,
        2.922,
        0.246,
        2.967,
        0.206,
        1,
        3.056,
        0.125,
        3.144,
        0.099,
        3.233,
        0.038,
        1,
        3.244,
        0.031,
        3.256,
        0,
        3.267,
        0,
        0,
        3.567,
        1
      ]
    },
    {
      "Target": "Parameter",
      "Id": "ParamEyeSmile",
      "Segments": [
        0,
        1,
        2,
        2.433,
        1,
        1,
        2.489,
        1,
        2.544,
        0.978,
        2.6,
        0.92,
        1,
        2.722,
        0.79,
        2.845,
        0.541,
        2.967,
        0.514,
        1,
        3.056,
        0.494,
        3.144,
        0.5,
        3.233,
        0.5,
        1,
        3.244,
        0.5,
        3.256,
        0.497,
        3.267,
        0.5,
        1,
        3.367,
        0.526,
        3.467,
        1,
        3.567,
        1
      ]
    },
    {
      "Target": "Parameter",
      "Id": "ParamEyeBallX",
      "Segments": [
        0,
        -0.722,
        1,
        0.178,
        -0.722,
        0.355,
        -0.645,
        0.533,
        -0.2,
        1,
        0.666,
        0.134,
        0.8,
        0.6,
        0.933,
        0.6,
        2,
        1.3,
        0.6,
        1,
        1.4,
        0.6,
        1.5,
        0.369,
        1.6,
        0,
        1,
        1.633,
        -0.123,
        1.667,
        -0.194,
        1.7,
        -0.3,
        1,
        1.844,
        -0.76,
        1.989,
        -1,
        2.133,
        -1,
        1,
        2.233,
        -1,
        2.333,
        -0.953,
        2.433,
        -0.923,
        1,
        2.478,
        -0.91,
        2.522,
        -0.914,
        2.567,
        -0.903,
        1,
        2.7,
        -0.869,
        2.834,
        -0.784,
        2.967,
        -0.774,
        1,
        3.056,
        -0.767,
        3.144,
        -0.77,
        3.233,
        -0.764,
        1,
        3.344,
        -0.756,
        3.456,
        -0.722,
        3.567,
        -0.722
      ]
    },
    {
      "Target": "Parameter",
      "Id": "ParamEyeBallY",
      "Segments": [
        0,
        0.317,
        0,
        0.533,
        -0.3,
        1,
        0.666,
        -0.3,
        0.8,
        0.473,
        0.933,
        0.5,
        1,
        1.055,
        0.525,
        1.178,
        0.5,
        1.3,
        0.5,
        1,
        1.433,
        0.5,
        1.567,
        -0.101,
        1.7,
        0,
        1,
        1.844,
        0.11,
        1.989,
        0.923,
        2.133,
        0.9,
        1,
        2.233,
        0.853,
        2.333,
        0.718,
        2.433,
        0.718,
        1,
        2.478,
        0.714,
        2.522,
        0.719,
        2.567,
        0.714,
        1,
        2.7,
        0.699,
        2.834,
        0.512,
        2.967,
        0.486,
        1,
        3.056,
        0.469,
        3.144,
        0.477,
        3.233,
        0.46,
        1,
        3.344,
        0.439,
        3.456,
        0.317,
        3.567,
        0.317
      ]
    },
    {
      "Target": "Parameter",
      "Id": "ParamParamBrowLY",
      "Segments": [
        0,
        0,
        0,
        0.467,
        0.5,
        0,
        0.7,
        0,
        2,
        1.033,
        0,
        2,
        2.433,
        0,
        2,
        2.567,
        0,
        2,
        2.967,
        0,
        2,
        3.233,
        0,
        2,
        3.567,
        0
      ]
    },
    {
      "Target": "Parameter",
      "Id": "ParamParamBrowRY",
      "Segments": [
        0,
        0,
        0,
        0.467,
        0.5,
        0,
        0.7,
        0,
        2,
        1.033,
        0,
        0,
        2.267,
        0.6,
        1,
        2.322,
        0.6,
        2.378,
        0.552,
        2.433,
        0.521,
        1,
        2.478,
        0.496,
        2.522,
        0.5,
        2.567,
        0.471,
        1,
        2.7,
        0.386,
        2.834,
        0.163,
        2.967,
        0.136,
        1,
        3.056,
        0.119,
        3.144,
        0.127,
        3.233,
        0.111,
        1,
        3.344,
        0.091,
        3.456,
        0,
        3.567,
        0
      ]
    },
    {
      "Target": "Parameter",
      "Id": "ParamBrowLAngle",
      "Segments": [
        0,
        0,
        1,
        0.156,
        0,
        0.311,
        0.4,
        0.467,
        0.8,
        1,
        0.545,
        1,
        0.622,
        1,
        0.7,
        1,
        0,
        1.033,
        -0.7,
        1,
        1.5,
        -0.7,
        1.966,
        -0.418,
        2.433,
        -0.141,
        1,
        2.478,
        -0.114,
        2.522,
        -0.128,
        2.567,
        -0.119,
        1,
        2.7,
        -0.092,
        2.834,
        -0.037,
        2.967,
        -0.031,
        1,
        3.056,
        -0.026,
        3.144,
        -0.029,
        3.233,
        -0.025,
        1,
        3.344,
        -0.02,
        3.456,
        0,
        3.567,
        0
      ]
    },
    {
      "Target": "Parameter",
      "Id": "ParamBrowRAngle",
      "Segments": [
        0,
        0,
        1,
        0.156,
        0,
        0.311,
        0.4,
        0.467,
        0.8,
        1,
        0.545,
        1,
        0.622,
        1,
        0.7,
        1,
        0,
        1.033,
        -0.7,
        0,
        2.267,
        0.3,
        1,
        2.322,
        0.3,
        2.378,
        0.276,
        2.433,
        0.26,
        1,
        2.478,
        0.248,
        2.522,
        0.25,
        2.567,
        0.236,
        1,
        2.7,
        0.193,
        2.834,
        0.082,
        2.967,
        0.068,
        1,
        3.056,
        0.059,
        3.144,
        0.064,
        3.233,
        0.056,
        1,
        3.344,
        0.046,
        3.456,
        0,
        3.567,
        0
      ]
    },
    {
      "Target": "Parameter",
      "Id": "ParamBrowLForm",
      "Segments": [
        0,
        0,
        0,
        0.7,
        -1,
        0,
        1.033,
        0.4,
        1,
        1.444,
        0.4,
        1.856,
        0.372,
        2.267,
        0.3,
        1,
        2.322,
        0.29,
        2.378,
        0.251,
        2.433,
        0.237,
        1,
        2.478,
        0.227,
        2.522,
        0.228,
        2.567,
        0.216,
        1,
        2.7,
        0.178,
        2.834,
        0.076,
        2.967,
        0.063,
        1,
        3.056,
        0.055,
        3.144,
        0.059,
        3.233,
        0.052,
        1,
        3.344,
        0.042,
        3.456,
        0,
        3.567,
        0
      ]
    },
    {
      "Target": "Parameter",
      "Id": "ParamBrowRForm",
      "Segments": [
        0,
        0,
        0,
        0.7,
        -1,
        0,
        1.033,
        0.7,
        1,
        1.5,
        0.7,
        1.966,
        0.418,
        2.433,
        0.141,
        1,
        2.478,
        0.114,
        2.522,
        0.128,
        2.567,
        0.119,
        1,
        2.7,
        0.092,
        2.834,
        0.037,
        2.967,
        0.031,
        1,
        3.056,
        0.026,
        3.144,
        0.029,
        3.233,
        0.025,
        1,
        3.344,
        0.02,
        3.456,
        0,
        3.567,
        0
      ]
    },
    {
      "Target": "Parameter",
      "Id": "ParamCheek",
      "Segments": [
        0,
        0,
        0,
        0.467,
        1,
        2,
        2.433,
        1,
        2,
        2.567,
        1,
        2,
        2.8,
        1,
        1,
        2.856,
        1,
        2.911,
        0.805,
        2.967,
        0.768,
        1,
        3.056,
        0.71,
        3.144,
        0.727,
        3.233,
        0.649,
        1,
        3.344,
        0.552,
        3.456,
        0,
        3.567,
        0
      ]
    },
    {
      "Target": "Parameter",
      "Id": "ParamMouthOpenY",
      "Segments": [
        0,
        0.322,
        1,
        0.033,
        0.275,
        0.067,
        0.987,
        0.1,
        1,
        2,
        0.167,
        1,
        1,
        0.2,
        0.804,
        0.234,
        -0.031,
        0.267,
        0,
        2,
        0.333,
        0,
        1,
        0.366,
        -0.095,
        0.4,
        1.093,
        0.433,
        1,
        2,
        0.667,
        1,
        2,
        0.7,
        0.951,
        1,
        0.778,
        0.516,
        0.855,
        0.001,
        0.933,
        0,
        2,
        1.3,
        0,
        1,
        1.311,
        -0.019,
        1.322,
        0.426,
        1.333,
        0.808,
        3,
        1.367,
        1,
        2,
        1.467,
        1,
        1,
        1.5,
        0.85,
        1.534,
        0.509,
        1.567,
        0.526,
        1,
        1.578,
        0.519,
        1.589,
        0.679,
        1.6,
        0.816,
        1,
        1.611,
        1.014,
        1.622,
        1.008,
        1.633,
        1,
        1,
        1.644,
        1.071,
        1.656,
        0.912,
        1.667,
        0.678,
        1,
        1.678,
        0.476,
        1.689,
        0.24,
        1.7,
        0.25,
        1,
        1.744,
        0.246,
        1.789,
        0.628,
        1.833,
        0.996,
        3,
        1.867,
        1,
        2,
        2.5,
        1,
        1,
        2.6,
        0.976,
        2.7,
        0.974,
        2.8,
        0.975,
        2,
        3.567,
        0.975
      ]
    },
    {
      "Target": "Parameter",
      "Id": "ParamMouthForm",
      "Segments": [
        0,
        0,
        0,
        0.167,
        1,
        0,
        0.233,
        0,
        0,
        0.3,
        0.009,
        0,
        0.367,
        -1,
        1,
        0.389,
        -1,
        0.411,
        -1.011,
        0.433,
        -0.982,
        1,
        0.466,
        -0.939,
        0.5,
        0,
        0.533,
        0,
        2,
        0.7,
        0,
        0,
        0.867,
        1,
        2,
        1.233,
        1,
        0,
        1.433,
        0,
        2,
        2.433,
        0,
        2,
        2.567,
        0,
        2,
        2.967,
        0,
        2,
        3.233,
        0,
        2,
        3.567,
        0
      ]
    },
    {
      "Target": "Parameter",
      "Id": "ParamBodyAngleX",
      "Segments": [
        0,
        -7.919,
        0,
        0.533,
        -0.089,
        2,
        1.3,
        -0.089,
        0,
        1.9,
        10,
        2,
        2.433,
        10,
        1,
        2.566,
        10,
        2.7,
        4.598,
        2.833,
        -1.207,
        1,
        2.878,
        -3.142,
        2.922,
        -4.702,
        2.967,
        -4.845,
        1,
        3.056,
        -5.132,
        3.144,
        -5.071,
        3.233,
        -5.447,
        1,
        3.344,
        -5.918,
        3.456,
        -7.919,
        3.567,
        -7.919
      ]
    },
    {
      "Target": "Parameter",
      "Id": "ParamBodyAngleY",
      "Segments": [
        0,
        1.711,
        0,
        0.333,
        9.911,
        0,
        0.867,
        -7,
        2,
        1.333,
        -7,
        0,
        1.767,
        10,
        0,
        2.467,
        -1.057,
        0,
        2.9,
        1.711,
        2,
        2.967,
        1.711,
        2,
        3.233,
        1.711,
        2,
        3.567,
        1.711
      ]
    },
    {
      "Target": "Parameter",
      "Id": "ParamBodyAngleZ",
      "Segments": [
        0,
        1.909,
        0,
        0.867,
        -9,
        1,
        1.022,
        -10,
        1.178,
        -10,
        1.333,
        -9,
        0,
        2.033,
        7.348,
        1,
        2.211,
        8.509,
        2.389,
        5.87,
        2.567,
        5.87,
        1,
        2.7,
        5.057,
        2.834,
        3.291,
        2.967,
        3.065,
        1,
        3.056,
        2.914,
        3.144,
        2.988,
        3.233,
        2.852,
        1,
        3.344,
        2.683,
        3.456,
        1.909,
        3.567,
        1.909
      ]
    },
    {
      "Target": "Parameter",
      "Id": "ParamYAOZ",
      "Segments": [
        0,
        5.261,
        0,
        0.867,
        -7,
        1,
        1.022,
        -7,
        1.178,
        -6.414,
        1.333,
        -5.497,
        1,
        1.566,
        -4.121,
        1.8,
        5.591,
        2.033,
        7.589,
        1,
        2.166,
        10,
        2.3,
        7.75,
        2.433,
        7.75,
        1,
        2.478,
        7.75,
        2.522,
        7.778,
        2.567,
        7.723,
        1,
        2.7,
        7.56,
        2.834,
        6.389,
        2.967,
        6.229,
        1,
        3.056,
        6.123,
        3.144,
        6.174,
        3.233,
        6.071,
        1,
        3.344,
        5.942,
        3.456,
        5.261,
        3.567,
        5.261
      ]
    },
    {
      "Target": "Parameter",
      "Id": "ParamZTM",
      "Segments": [
        0,
        -5,
        0,
        0.867,
        30,
        2,
        1.333,
        30,
        1,
        1.566,
        26.075,
        1.8,
        -7.431,
        2.033,
        -14,
        1,
        2.166,
        -23.074,
        2.3,
        -14.519,
        2.433,
        -14.519,
        1,
        2.478,
        -14.519,
        2.522,
        -14.621,
        2.567,
        -14.415,
        1,
        2.7,
        -13.797,
        2.834,
        -9.327,
        2.967,
        -8.721,
        1,
        3.056,
        -8.317,
        3.144,
        -8.506,
        3.233,
        -8.116,
        1,
        3.344,
        -7.628,
        3.456,
        -5,
        3.567,
        -5
      ]
    },
    {
      "Target": "Parameter",
      "Id": "ParamYTM",
      "Segments": [
        0,
        -6,
        0,
        0.867,
        19,
        1,
        1.022,
        19,
        1.178,
        17.869,
        1.333,
        16,
        1,
        1.566,
        13.197,
        1.8,
        -12.922,
        2.033,
        -17,
        1,
        2.166,
        -22.634,
        2.3,
        -15.307,
        2.433,
        -15.307,
        1,
        2.478,
        -15.201,
        2.522,
        -15.32,
        2.567,
        -15.205,
        1,
        2.7,
        -14.862,
        2.834,
        -10.509,
        2.967,
        -9.917,
        1,
        3.056,
        -9.523,
        3.144,
        -9.709,
        3.233,
        -9.32,
        1,
        3.344,
        -8.835,
        3.456,
        -6,
        3.567,
        -6
      ]
    },
    {
      "Target": "Parameter",
      "Id": "ParamHipY",
      "Segments": [
        0,
        -9.911,
        0,
        0.467,
        -0.089,
        0,
        1,
        -10,
        2,
        1.467,
        -10,
        0,
        1.9,
        0,
        0,
        2.4,
        -4.561,
        2,
        2.933,
        -4.561,
        1,
        2.944,
        -4.561,
        2.956,
        -4.635,
        2.967,
        -4.667,
        1,
        3.056,
        -4.926,
        3.144,
        -4.918,
        3.233,
        -5.393,
        1,
        3.344,
        -5.987,
        3.456,
        -9.911,
        3.567,
        -9.911
      ]
    },
    {
      "Target": "Parameter",
      "Id": "ParamZTX",
      "Segments": [
        0,
        0,
        0,
        0.867,
        -11.839,
        1,
        1.022,
        -11.839,
        1.178,
        -11.272,
        1.333,
        -10.385,
        1,
        1.555,
        -9.117,
        1.778,
        2.766,
        2,
        4.607,
        1,
        2.133,
        6.972,
        2.267,
        7.258,
        2.4,
        7.258,
        1,
        2.567,
        7.258,
        2.733,
        5.749,
        2.9,
        2.968,
        1,
        2.922,
        2.598,
        2.945,
        2.082,
        2.967,
        2.044,
        1,
        3.056,
        1.895,
        3.144,
        1.911,
        3.233,
        1.677,
        1,
        3.344,
        1.384,
        3.456,
        0,
        3.567,
        0
      ]
    },
    {
      "Target": "Parameter",
      "Id": "ParamZTY",
      "Segments": [
        0,
        12,
        0,
        0.433,
        17.411,
        0,
        0.867,
        12,
        2,
        1.333,
        12,
        1,
        1.4,
        12,
        1.466,
        11.953,
        1.533,
        13.712,
        1,
        1.589,
        15.178,
        1.644,
        25.343,
        1.7,
        25.343,
        0,
        2.1,
        12,
        2,
        2.567,
        12,
        2,
        2.967,
        12,
        2,
        3.233,
        12,
        2,
        3.567,
        12
      ]
    },
    {
      "Target": "Parameter",
      "Id": "ParamZTZ",
      "Segments": [
        0,
        0,
        0,
        0.867,
        -11,
        1,
        1.022,
        -11,
        1.178,
        -10.497,
        1.333,
        -9.712,
        1,
        1.555,
        -8.588,
        1.778,
        1.94,
        2,
        3.571,
        0,
        2.433,
        2.139,
        1,
        2.478,
        2.109,
        2.522,
        2.143,
        2.567,
        2.116,
        1,
        2.7,
        2.037,
        2.834,
        1.025,
        2.967,
        0.899,
        1,
        3.056,
        0.814,
        3.144,
        0.857,
        3.233,
        0.774,
        1,
        3.344,
        0.671,
        3.456,
        0,
        3.567,
        0
      ]
    },
    {
      "Target": "Parameter",
      "Id": "ParamArmL",
      "Segments": [
        0,
        -27.903,
        2,
        1.367,
        -27.903,
        0,
        1.9,
        -2,
        2,
        2.333,
        -2,
        1,
        2.366,
        -2,
        2.4,
        -3.343,
        2.433,
        -3.581,
        1,
        2.555,
        -4.457,
        2.678,
        -4.796,
        2.8,
        -5.769,
        1,
        2.856,
        -6.211,
        2.911,
        -11.281,
        2.967,
        -11.876,
        1,
        3.056,
        -12.828,
        3.144,
        -12.628,
        3.233,
        -13.901,
        1,
        3.344,
        -15.491,
        3.456,
        -27.903,
        3.567,
        -27.903
      ]
    },
    {
      "Target": "Parameter",
      "Id": "ParamArmLY",
      "Segments": [
        0,
        -7,
        0,
        0.733,
        -30,
        1,
        1.3,
        -30,
        1.866,
        -14.379,
        2.433,
        -10.594,
        1,
        2.555,
        -9.777,
        2.678,
        -10.256,
        2.8,
        -10.002,
        1,
        2.856,
        -9.886,
        2.911,
        -9.135,
        2.967,
        -9.048,
        1,
        3.056,
        -8.909,
        3.144,
        -8.952,
        3.233,
        -8.761,
        1,
        3.344,
        -8.523,
        3.456,
        -7,
        3.567,
        -7
      ]
    },
    {
      "Target": "Parameter",
      "Id": "ParamArmL1",
      "Segments": [
        0,
        23.22,
        2,
        1.8,
        23.22,
        0,
        1.967,
        16.38,
        0,
        2.133,
        21.964,
        0,
        2.267,
        17.111,
        1,
        2.322,
        17.111,
        2.378,
        21.649,
        2.433,
        21.696,
        1,
        2.555,
        21.799,
        2.678,
        21.816,
        2.8,
        21.91,
        1,
        2.856,
        21.952,
        2.911,
        22.272,
        2.967,
        22.309,
        1,
        3.056,
        22.37,
        3.144,
        22.351,
        3.233,
        22.434,
        1,
        3.344,
        22.538,
        3.456,
        23.22,
        3.567,
        23.22
      ]
    },
    {
      "Target": "Parameter",
      "Id": "ParamHandL",
      "Segments": [
        0,
        -13.621,
        1,
        0.244,
        -13.621,
        0.489,
        -10.688,
        0.733,
        -9,
        1,
        1.089,
        -6.545,
        1.444,
        -6.179,
        1.8,
        -6.179,
        0,
        1.967,
        -10.447,
        0,
        2.133,
        -6.557,
        0,
        2.267,
        -10.262,
        0,
        2.433,
        -6.638,
        0,
        2.6,
        -10.294,
        0,
        2.8,
        -6.694,
        1,
        2.856,
        -6.694,
        2.911,
        -8.05,
        2.967,
        -8.301,
        1,
        3.056,
        -8.701,
        3.144,
        -8.591,
        3.233,
        -9.12,
        1,
        3.344,
        -9.78,
        3.456,
        -13.621,
        3.567,
        -13.621
      ]
    },
    {
      "Target": "Parameter",
      "Id": "ParamZBTY",
      "Segments": [
        0,
        -60,
        0,
        0.733,
        0,
        2,
        1.367,
        0,
        0,
        1.833,
        30,
        2,
        2.367,
        30,
        1,
        2.511,
        30,
        2.656,
        27.914,
        2.8,
        19.47,
        1,
        2.856,
        16.222,
        2.911,
        -3.378,
        2.967,
        -5.542,
        1,
        3.056,
        -9.005,
        3.144,
        -8.609,
        3.233,
        -13.094,
        1,
        3.344,
        -18.701,
        3.456,
        -60,
        3.567,
        -60
      ]
    },
    {
      "Target": "Parameter",
      "Id": "ParamZXZ",
      "Segments": [
        0,
        0,
        0,
        0.733,
        -30,
        2,
        1.433,
        -30,
        0,
        1.833,
        30,
        2,
        1.933,
        30,
        0,
        2.067,
        25.803,
        0,
        2.267,
        30,
        0,
        2.4,
        25.803,
        0,
        2.567,
        30,
        0,
        2.733,
        23.312,
        0,
        2.9,
        25.803,
        1,
        2.922,
        25.803,
        2.945,
        24.479,
        2.967,
        24.15,
        1,
        3.056,
        22.833,
        3.144,
        22.801,
        3.233,
        20.74,
        1,
        3.344,
        18.162,
        3.456,
        0,
        3.567,
        0
      ]
    },
    {
      "Target": "Parameter",
      "Id": "ParamZWMZ",
      "Segments": [
        0,
        -12.367,
        0,
        0.733,
        -30,
        2,
        1.433,
        -30,
        2,
        1.833,
        -30,
        2,
        1.9,
        -30,
        0,
        2.033,
        -17.098,
        0,
        2.2,
        -27.958,
        0,
        2.333,
        -17.098,
        0,
        2.5,
        -30,
        0,
        2.667,
        -17.098,
        0,
        2.8,
        -27.958,
        1,
        2.856,
        -27.958,
        2.911,
        -24.895,
        2.967,
        -24.342,
        1,
        3.056,
        -23.457,
        3.144,
        -23.647,
        3.233,
        -22.502,
        1,
        3.344,
        -21.07,
        3.456,
        -12.367,
        3.567,
        -12.367
      ]
    },
    {
      "Target": "Parameter",
      "Id": "ParamZZZ",
      "Segments": [
        0,
        -12.367,
        0,
        0.733,
        -30,
        2,
        1.433,
        -30,
        2,
        1.833,
        -30,
        2,
        1.867,
        -30,
        0,
        2,
        -17.098,
        0,
        2.167,
        -27.958,
        0,
        2.3,
        -17.098,
        0,
        2.467,
        -30,
        0,
        2.633,
        -17.098,
        0,
        2.8,
        -27.958,
        1,
        2.856,
        -27.958,
        2.911,
        -24.895,
        2.967,
        -24.342,
        1,
        3.056,
        -23.457,
        3.144,
        -23.647,
        3.233,
        -22.502,
        1,
        3.344,
        -21.07,
        3.456,
        -12.367,
        3.567,
        -12.367
      ]
    },
    {
      "Target": "Parameter",
      "Id": "ParamZSZ",
      "Segments": [
        0,
        -12.367,
        0,
        0.733,
        0,
        0,
        1.433,
        -30,
        2,
        1.833,
        -30,
        0,
        1.967,
        -17.098,
        0,
        2.133,
        -27.958,
        0,
        2.267,
        -17.098,
        0,
        2.433,
        -30,
        0,
        2.6,
        -17.098,
        0,
        2.8,
        -27.958,
        1,
        2.856,
        -27.958,
        2.911,
        -24.895,
        2.967,
        -24.342,
        1,
        3.056,
        -23.457,
        3.144,
        -23.647,
        3.233,
        -22.502,
        1,
        3.344,
        -21.07,
        3.456,
        -12.367,
        3.567,
        -12.367
      ]
    },
    {
      "Target": "Parameter",
      "Id": "ParamZMZ",
      "Segments": [
        0,
        0,
        0,
        0.733,
        -4,
        2,
        1.433,
        -4,
        0,
        1.833,
        -30,
        2,
        2.367,
        -30,
        1,
        2.389,
        -30,
        2.411,
        -29.242,
        2.433,
        -29.069,
        1,
        2.555,
        -28.119,
        2.678,
        -27.661,
        2.8,
        -26.537,
        1,
        2.856,
        -26.025,
        2.911,
        -19.973,
        2.967,
        -19.264,
        1,
        3.056,
        -18.131,
        3.144,
        -18.347,
        3.233,
        -16.84,
        1,
        3.344,
        -14.956,
        3.456,
        0,
        3.567,
        0
      ]
    },
    {
      "Target": "Parameter",
      "Id": "ParamZXZK",
      "Segments": [
        0,
        -24.781,
        1,
        0.267,
        -24.781,
        0.533,
        -30,
        0.8,
        -22.963,
        1,
        1.133,
        -8.744,
        1.467,
        3.704,
        1.8,
        3.704,
        1,
        2.011,
        3.704,
        2.222,
        -9.627,
        2.433,
        -11.727,
        1,
        2.555,
        -12.942,
        2.678,
        -12.639,
        2.8,
        -13.35,
        1,
        2.856,
        -13.673,
        2.911,
        -16.392,
        2.967,
        -16.717,
        1,
        3.056,
        -17.237,
        3.144,
        -17.102,
        3.233,
        -17.806,
        1,
        3.344,
        -18.688,
        3.456,
        -24.781,
        3.567,
        -24.781
      ]
    },
    {
      "Target": "Parameter",
      "Id": "ParamZXZX",
      "Segments": [
        0,
        -16.055,
        0,
        0.4,
        -4,
        1,
        0.622,
        -4,
        0.845,
        -20.819,
        1.067,
        -22,
        1,
        1.2,
        -22.706,
        1.334,
        -22.865,
        1.467,
        -22.673,
        1,
        1.589,
        -22.498,
        1.711,
        -30,
        1.833,
        -30,
        1,
        2.033,
        -28.886,
        2.233,
        -5.591,
        2.433,
        -5.591,
        1,
        2.555,
        -4.78,
        2.678,
        -4.566,
        2.8,
        -4.566,
        0,
        2.833,
        -4,
        1,
        2.878,
        -4,
        2.922,
        -5.77,
        2.967,
        -6.114,
        1,
        3.056,
        -6.801,
        3.144,
        -6.677,
        3.233,
        -7.633,
        1,
        3.344,
        -8.828,
        3.456,
        -16.055,
        3.567,
        -16.055
      ]
    },
    {
      "Target": "Parameter",
      "Id": "ParamZXZY",
      "Segments": [
        0,
        -18,
        0,
        0.367,
        -4,
        1,
        0.589,
        -4,
        0.811,
        -20.819,
        1.033,
        -22,
        1,
        1.166,
        -22.706,
        1.3,
        -22.865,
        1.433,
        -22.673,
        1,
        1.555,
        -22.498,
        1.678,
        -30,
        1.8,
        -30,
        1,
        2.011,
        -28.886,
        2.222,
        -4.679,
        2.433,
        -4.679,
        1,
        2.555,
        -3.604,
        2.678,
        -4,
        2.8,
        -4,
        1,
        2.856,
        -4,
        2.911,
        -6.749,
        2.967,
        -7.247,
        1,
        3.056,
        -8.044,
        3.144,
        -7.865,
        3.233,
        -8.9,
        1,
        3.344,
        -10.193,
        3.456,
        -18,
        3.567,
        -18
      ]
    },
    {
      "Target": "Parameter",
      "Id": "ParamXZD3",
      "Segments": [
        0,
        14.989,
        0,
        0.667,
        -29.487,
        0,
        1.4,
        29.487,
        0,
        2.367,
        -29.487,
        1,
        2.389,
        -29.487,
        2.411,
        -28.367,
        2.433,
        -28.107,
        1,
        2.555,
        -26.675,
        2.678,
        -25.955,
        2.8,
        -24.273,
        1,
        2.856,
        -23.509,
        2.911,
        -14.584,
        2.967,
        -13.526,
        1,
        3.056,
        -11.832,
        3.144,
        -12.078,
        3.233,
        -9.85,
        1,
        3.344,
        -7.065,
        3.456,
        14.989,
        3.567,
        14.989
      ]
    },
    {
      "Target": "Parameter",
      "Id": "ParamXZD4",
      "Segments": [
        0,
        8.85,
        0,
        0.967,
        -29.487,
        0,
        1.7,
        1.072,
        0,
        2.3,
        -23.036,
        1,
        2.344,
        -23.036,
        2.389,
        -20.416,
        2.433,
        -20.007,
        1,
        2.555,
        -18.884,
        2.678,
        -18.525,
        2.8,
        -17.349,
        1,
        2.856,
        -16.814,
        2.911,
        -10.808,
        2.967,
        -10.107,
        1,
        3.056,
        -8.985,
        3.144,
        -9.2,
        3.233,
        -7.708,
        1,
        3.344,
        -5.843,
        3.456,
        8.85,
        3.567,
        8.85
      ]
    },
    {
      "Target": "Parameter",
      "Id": "ParamZSH",
      "Segments": [
        0,
        30,
        0,
        0.733,
        0,
        2,
        2.233,
        0,
        1,
        2.3,
        0,
        2.366,
        4.442,
        2.433,
        5.055,
        1,
        2.555,
        6.18,
        2.678,
        6.39,
        2.8,
        7.449,
        1,
        2.856,
        7.931,
        2.911,
        13.126,
        2.967,
        13.734,
        1,
        3.056,
        14.706,
        3.144,
        14.504,
        3.233,
        15.802,
        1,
        3.344,
        17.425,
        3.456,
        30,
        3.567,
        30
      ]
    },
    {
      "Target": "Parameter",
      "Id": "ParamHandR",
      "Segments": [
        0,
        17,
        0,
        1,
        2,
        0,
        2.433,
        14.072,
        1,
        2.478,
        14.206,
        2.522,
        14.068,
        2.567,
        14.114,
        1,
        2.7,
        14.249,
        2.834,
        15.617,
        2.967,
        15.804,
        1,
        3.056,
        15.929,
        3.144,
        15.869,
        3.233,
        15.992,
        1,
        3.344,
        16.145,
        3.456,
        17,
        3.567,
        17
      ]
    },
    {
      "Target": "Parameter",
      "Id": "ParamYXZKH",
      "Segments": [
        0,
        -17.074,
        0,
        0.7,
        -1,
        0,
        1.5,
        -20.051,
        0,
        2.433,
        -1,
        1,
        2.478,
        -1,
        2.522,
        -0.841,
        2.567,
        -1.159,
        1,
        2.7,
        -2.114,
        2.834,
        -9.655,
        2.967,
        -10.667,
        1,
        3.056,
        -11.342,
        3.144,
        -11.039,
        3.233,
        -11.691,
        1,
        3.344,
        -12.507,
        3.456,
        -17.074,
        3.567,
        -17.074
      ]
    },
    {
      "Target": "Parameter",
      "Id": "ParamYXZX",
      "Segments": [
        0,
        -4.935,
        0,
        0.367,
        -15,
        0,
        1.167,
        14.487,
        1,
        1.356,
        14.487,
        1.544,
        5.445,
        1.733,
        -4.935,
        1,
        1.955,
        -17.441,
        2.178,
        -20.741,
        2.4,
        -20.741,
        1,
        2.411,
        -20.741,
        2.422,
        -20.706,
        2.433,
        -20.599,
        1,
        2.478,
        -20.172,
        2.522,
        -20.067,
        2.567,
        -19.273,
        1,
        2.7,
        -16.892,
        2.834,
        -10.179,
        2.967,
        -9.297,
        1,
        3.056,
        -8.708,
        3.144,
        -8.971,
        3.233,
        -8.438,
        1,
        3.344,
        -7.771,
        3.456,
        -4.935,
        3.567,
        -4.935
      ]
    },
    {
      "Target": "Parameter",
      "Id": "ParamYXZY",
      "Segments": [
        0,
        -16,
        0,
        0.5,
        7.324,
        0,
        0.867,
        -16,
        0,
        1.367,
        7.324,
        0,
        1.733,
        -16,
        0,
        2.333,
        2.963,
        1,
        2.366,
        2.963,
        2.4,
        2.307,
        2.433,
        1.805,
        1,
        2.478,
        1.137,
        2.522,
        1.129,
        2.567,
        0.202,
        1,
        2.7,
        -2.578,
        2.834,
        -10.225,
        2.967,
        -11.138,
        1,
        3.056,
        -11.747,
        3.144,
        -11.463,
        3.233,
        -12.015,
        1,
        3.344,
        -12.706,
        3.456,
        -16,
        3.567,
        -16
      ]
    },
    {
      "Target": "Parameter",
      "Id": "ParamXZD",
      "Segments": [
        0,
        30,
        0,
        0.733,
        -28.872,
        0,
        1.633,
        30,
        0,
        2.367,
        -28.872,
        1,
        2.389,
        -28.872,
        2.411,
        -27.975,
        2.433,
        -27.046,
        1,
        2.478,
        -25.186,
        2.522,
        -24.919,
        2.567,
        -22.027,
        1,
        2.7,
        -13.351,
        2.834,
        11.413,
        2.967,
        14.173,
        1,
        3.056,
        16.013,
        3.144,
        15.312,
        3.233,
        17.005,
        1,
        3.344,
        19.12,
        3.456,
        30,
        3.567,
        30
      ]
    },
    {
      "Target": "Parameter",
      "Id": "ParamXZD2",
      "Segments": [
        0,
        19.205,
        0,
        0.333,
        30,
        0,
        1.133,
        -5.897,
        0,
        2.067,
        30,
        1,
        2.189,
        30,
        2.311,
        27.768,
        2.433,
        26.315,
        1,
        2.478,
        25.787,
        2.522,
        25.954,
        2.567,
        25.549,
        1,
        2.7,
        24.333,
        2.834,
        21.385,
        2.967,
        20.997,
        1,
        3.056,
        20.738,
        3.144,
        20.858,
        3.233,
        20.628,
        1,
        3.344,
        20.341,
        3.456,
        19.205,
        3.567,
        19.205
      ]
    },
    {
      "Target": "Parameter",
      "Id": "ParamGDXZ",
      "Segments": [
        0,
        30,
        0,
        0.333,
        25,
        0,
        1.033,
        30,
        2,
        1.6,
        30,
        0,
        2.233,
        18,
        1,
        2.3,
        18,
        2.366,
        19.249,
        2.433,
        20.022,
        1,
        2.478,
        20.538,
        2.522,
        20.441,
        2.567,
        20.981,
        1,
        2.7,
        22.604,
        2.834,
        26.855,
        2.967,
        27.366,
        1,
        3.056,
        27.708,
        3.144,
        27.543,
        3.233,
        27.85,
        1,
        3.344,
        28.233,
        3.456,
        30,
        3.567,
        30
      ]
    },
    {
      "Target": "Parameter",
      "Id": "ParamZTXZ",
      "Segments": [
        0,
        28,
        0,
        1,
        32.32,
        1,
        1.478,
        32.32,
        1.955,
        30.571,
        2.433,
        28.843,
        1,
        2.478,
        28.683,
        2.522,
        28.768,
        2.567,
        28.714,
        1,
        2.7,
        28.552,
        2.834,
        28.223,
        2.967,
        28.184,
        1,
        3.056,
        28.158,
        3.144,
        28.17,
        3.233,
        28.148,
        1,
        3.344,
        28.119,
        3.456,
        28,
        3.567,
        28
      ]
    },
    {
      "Target": "Parameter",
      "Id": "ParamLegL",
      "Segments": [
        0,
        12.143,
        0,
        0.867,
        14,
        2,
        1.333,
        14,
        0,
        2.167,
        8,
        1,
        2.256,
        8,
        2.344,
        8.618,
        2.433,
        9.003,
        1,
        2.478,
        9.196,
        2.522,
        9.143,
        2.567,
        9.317,
        1,
        2.7,
        9.84,
        2.834,
        11.172,
        2.967,
        11.333,
        1,
        3.056,
        11.44,
        3.144,
        11.388,
        3.233,
        11.483,
        1,
        3.344,
        11.603,
        3.456,
        12.143,
        3.567,
        12.143
      ]
    },
    {
      "Target": "Parameter",
      "Id": "ParamLegLY",
      "Segments": [
        0,
        6.857,
        0,
        0.867,
        0,
        2,
        1.333,
        0,
        0,
        1.533,
        1,
        0,
        1.7,
        -13,
        0,
        1.967,
        13,
        0,
        2.167,
        6.857,
        2,
        2.433,
        6.857,
        2,
        2.567,
        6.857,
        2,
        2.967,
        6.857,
        2,
        3.233,
        6.857,
        2,
        3.567,
        6.857
      ]
    },
    {
      "Target": "Parameter",
      "Id": "ParamLegL1",
      "Segments": [
        0,
        -5,
        0,
        0.867,
        -7,
        2,
        1.333,
        -7,
        0,
        2.167,
        -1.32,
        1,
        2.256,
        -1.32,
        2.344,
        -1.868,
        2.433,
        -2.211,
        1,
        2.478,
        -2.382,
        2.522,
        -2.335,
        2.567,
        -2.49,
        1,
        2.7,
        -2.954,
        2.834,
        -4.138,
        2.967,
        -4.281,
        1,
        3.056,
        -4.376,
        3.144,
        -4.329,
        3.233,
        -4.414,
        1,
        3.344,
        -4.52,
        3.456,
        -5,
        3.567,
        -5
      ]
    },
    {
      "Target": "Parameter",
      "Id": "ParamFootL",
      "Segments": [
        0,
        0,
        0,
        0.867,
        30,
        2,
        1.333,
        30,
        0,
        2.167,
        0,
        2,
        2.433,
        0,
        2,
        2.567,
        0,
        2,
        2.967,
        0,
        2,
        3.233,
        0,
        2,
        3.567,
        0
      ]
    },
    {
      "Target": "Parameter",
      "Id": "ParamZJJR",
      "Segments": [
        0,
        0,
        2,
        0.867,
        0,
        2,
        1.333,
        0,
        0,
        2.167,
        -30,
        2,
        2.967,
        -30,
        1,
        3.056,
        -30,
        3.144,
        -30.239,
        3.233,
        -29.288,
        1,
        3.344,
        -28.099,
        3.456,
        0,
        3.567,
        0
      ]
    },
    {
      "Target": "Parameter",
      "Id": "ParamLegR",
      "Segments": [
        0,
        16,
        0,
        0.867,
        17.62,
        2,
        1.333,
        17.62,
        0,
        2.167,
        10,
        1,
        2.256,
        10,
        2.344,
        10.896,
        2.433,
        11.452,
        1,
        2.478,
        11.731,
        2.522,
        11.655,
        2.567,
        11.907,
        1,
        2.7,
        12.663,
        2.834,
        14.592,
        2.967,
        14.825,
        1,
        3.056,
        14.98,
        3.144,
        14.904,
        3.233,
        15.043,
        1,
        3.344,
        15.216,
        3.456,
        16,
        3.567,
        16
      ]
    },
    {
      "Target": "Parameter",
      "Id": "ParamLegRY",
      "Segments": [
        0,
        8.04,
        2,
        0.867,
        8.04,
        2,
        1.333,
        8.04,
        2,
        1.533,
        8.04,
        0,
        1.7,
        -7,
        0,
        1.967,
        17,
        0,
        2.167,
        8.04,
        2,
        2.433,
        8.04,
        2,
        2.567,
        8.04,
        2,
        2.967,
        8.04,
        2,
        3.233,
        8.04,
        2,
        3.567,
        8.04
      ]
    },
    {
      "Target": "Parameter",
      "Id": "ParamLegR1",
      "Segments": [
        0,
        -9,
        2,
        0.867,
        -9,
        2,
        1.333,
        -9,
        0,
        2.167,
        -3,
        1,
        2.256,
        -3,
        2.344,
        -3.896,
        2.433,
        -4.452,
        1,
        2.478,
        -4.731,
        2.522,
        -4.655,
        2.567,
        -4.907,
        1,
        2.7,
        -5.663,
        2.834,
        -7.592,
        2.967,
        -7.825,
        1,
        3.056,
        -7.98,
        3.144,
        -7.904,
        3.233,
        -8.043,
        1,
        3.344,
        -8.216,
        3.456,
        -9,
        3.567,
        -9
      ]
    },
    {
      "Target": "Parameter",
      "Id": "ParamYJJR",
      "Segments": [
        0,
        0,
        2,
        0.867,
        0,
        2,
        1.333,
        0,
        0,
        2.167,
        -30,
        2,
        2.967,
        -30,
        1,
        3.056,
        -30,
        3.144,
        -30.239,
        3.233,
        -29.288,
        1,
        3.344,
        -28.099,
        3.456,
        0,
        3.567,
        0
      ]
    },
    {
      "Target": "Parameter",
      "Id": "ParamBlack1",
      "Segments": [
        0,
        0,
        2,
        2.267,
        0,
        1,
        2.378,
        0,
        2.489,
        -0.024,
        2.6,
        0.135,
        1,
        2.722,
        0.309,
        2.845,
        1,
        2.967,
        1,
        2,
        3.233,
        1,
        0,
        3.567,
        0
      ]
    },
    {
      "Target": "Parameter",
      "Id": "Param97X",
      "Segments": [
        0,
        0,
        2,
        1.533,
        0,
        0,
        2.133,
        -2,
        2,
        2.967,
        -2,
        1,
        3.056,
        -2,
        3.144,
        -0.691,
        3.233,
        -0.377,
        1,
        3.344,
        0.015,
        3.456,
        0,
        3.567,
        0
      ]
    },
    {
      "Target": "Parameter",
      "Id": "Param97Y",
      "Segments": [
        0,
        0,
        2,
        1.533,
        0,
        0,
        1.7,
        2.278,
        1,
        1.789,
        2.278,
        1.878,
        -6.729,
        1.967,
        -11.37,
        1,
        2.022,
        -14.271,
        2.078,
        -14,
        2.133,
        -14,
        2,
        2.967,
        -14,
        1,
        3.056,
        -14,
        3.144,
        -6.037,
        3.233,
        -3.43,
        1,
        3.344,
        -0.17,
        3.456,
        0,
        3.567,
        0
      ]
    },
    {
      "Target": "Parameter",
      "Id": "Param97O",
      "Segments": [
        0,
        0,
        2,
        1.533,
        0,
        0,
        2.133,
        30,
        2,
        2.967,
        30,
        1,
        3.045,
        30,
        3.122,
        6.001,
        3.2,
        3.731,
        1,
        3.322,
        0.163,
        3.445,
        0,
        3.567,
        0
      ]
    },
    {
      "Target": "Parameter",
      "Id": "ParamOpaishakeX",
      "Segments": [
        0,
        -0.758,
        0,
        0.3,
        0.197,
        0,
        0.6,
        -0.915,
        0,
        1.133,
        0.41,
        0,
        1.367,
        -1,
        2,
        2.033,
        -1,
        1,
        2.133,
        -1,
        2.233,
        -1.03,
        2.333,
        -0.753,
        1,
        2.455,
        -0.414,
        2.578,
        0.41,
        2.7,
        0.41,
        1,
        2.789,
        0.41,
        2.878,
        0.033,
        2.967,
        -0.037,
        1,
        3.056,
        -0.106,
        3.144,
        -0.078,
        3.233,
        -0.155,
        1,
        3.344,
        -0.252,
        3.456,
        -0.758,
        3.567,
        -0.758
      ]
    },
    {
      "Target": "Parameter",
      "Id": "ParamOpaishakeY",
      "Segments": [
        0,
        -0.805,
        2,
        0.533,
        -0.805,
        0,
        0.7,
        -0.176,
        0,
        0.833,
        -0.704,
        0,
        0.967,
        -0.176,
        0,
        1.133,
        -0.704,
        1,
        1.322,
        -0.704,
        1.511,
        -0.174,
        1.7,
        0.094,
        1,
        1.811,
        0.251,
        1.922,
        0.222,
        2.033,
        0.222,
        1,
        2.133,
        0.222,
        2.233,
        0.217,
        2.333,
        -0.096,
        1,
        2.422,
        -0.374,
        2.511,
        -1,
        2.6,
        -1,
        0,
        2.9,
        0.137,
        1,
        2.922,
        0.137,
        2.945,
        0.089,
        2.967,
        0.077,
        1,
        3.056,
        0.027,
        3.144,
        0.034,
        3.233,
        -0.051,
        1,
        3.344,
        -0.156,
        3.456,
        -0.805,
        3.567,
        -0.805
      ]
    },
    {
      "Target": "Parameter",
      "Id": "ParamHairFront",
      "Segments": [
        0,
        -0.711,
        0,
        0.167,
        1,
        1,
        0.245,
        1,
        0.322,
        -0.697,
        0.4,
        -0.7,
        1,
        0.544,
        -0.705,
        0.689,
        0.958,
        0.833,
        1,
        0,
        1.033,
        0.2,
        0,
        1.333,
        1,
        0,
        1.633,
        -1,
        0,
        2.1,
        1,
        0,
        2.333,
        0.993,
        1,
        2.511,
        0.993,
        2.689,
        0.343,
        2.867,
        -0.026,
        1,
        2.9,
        -0.091,
        2.934,
        -0.235,
        2.967,
        -0.248,
        1,
        3.056,
        -0.283,
        3.144,
        -0.277,
        3.233,
        -0.329,
        1,
        3.344,
        -0.394,
        3.456,
        -0.711,
        3.567,
        -0.711
      ]
    },
    {
      "Target": "Parameter",
      "Id": "ParamHaiFrontY",
      "Segments": [
        0,
        -0.245,
        0,
        0.233,
        1,
        1,
        0.311,
        1,
        0.389,
        -0.697,
        0.467,
        -0.7,
        1,
        0.611,
        -0.705,
        0.756,
        0.958,
        0.9,
        1,
        0,
        1.1,
        0.2,
        0,
        1.367,
        1,
        0,
        1.667,
        -1,
        0,
        2.333,
        0.94,
        1,
        2.344,
        0.94,
        2.356,
        0.617,
        2.367,
        1,
        1,
        2.556,
        1,
        2.744,
        0.343,
        2.933,
        -0.025,
        1,
        2.944,
        -0.063,
        2.956,
        -0.081,
        2.967,
        -0.082,
        1,
        3.056,
        -0.093,
        3.144,
        -0.093,
        3.233,
        -0.112,
        1,
        3.344,
        -0.135,
        3.456,
        -0.245,
        3.567,
        -0.245
      ]
    },
    {
      "Target": "Parameter",
      "Id": "ParamHairFront2",
      "Segments": [
        0,
        -1,
        0,
        0.133,
        1,
        1,
        0.211,
        1,
        0.289,
        -0.697,
        0.367,
        -0.7,
        1,
        0.511,
        -0.705,
        0.656,
        0.958,
        0.8,
        1,
        0,
        1,
        0.2,
        0,
        1.3,
        1,
        0,
        1.6,
        -1,
        0,
        2.067,
        1,
        0,
        2.333,
        0.974,
        1,
        2.5,
        0.974,
        2.666,
        0.343,
        2.833,
        -0.025,
        1,
        2.878,
        -0.119,
        2.922,
        -0.362,
        2.967,
        -0.386,
        1,
        3.056,
        -0.433,
        3.144,
        -0.421,
        3.233,
        -0.488,
        1,
        3.344,
        -0.57,
        3.456,
        -1,
        3.567,
        -1
      ]
    },
    {
      "Target": "Parameter",
      "Id": "ParamHairFront2Y",
      "Segments": [
        0,
        0.094,
        0,
        0.2,
        1,
        1,
        0.278,
        1,
        0.355,
        -0.697,
        0.433,
        -0.7,
        1,
        0.578,
        -0.705,
        0.722,
        0.958,
        0.867,
        1,
        0,
        1.067,
        0.2,
        0,
        1.367,
        1,
        0,
        1.633,
        -1,
        0,
        2.333,
        1,
        1,
        2.522,
        1,
        2.711,
        0.343,
        2.9,
        -0.025,
        1,
        2.922,
        -0.025,
        2.945,
        -0.019,
        2.967,
        -0.018,
        1,
        3.056,
        -0.011,
        3.144,
        -0.012,
        3.233,
        -0.001,
        1,
        3.344,
        0.012,
        3.456,
        0.094,
        3.567,
        0.094
      ]
    },
    {
      "Target": "Parameter",
      "Id": "ParamHairFront3",
      "Segments": [
        0,
        -0.828,
        0,
        0.2,
        1,
        1,
        0.278,
        1,
        0.355,
        -0.697,
        0.433,
        -0.7,
        1,
        0.578,
        -0.705,
        0.722,
        0.958,
        0.867,
        1,
        0,
        1.067,
        0.2,
        0,
        1.367,
        1,
        0,
        1.633,
        -1,
        0,
        2.333,
        1,
        1,
        2.522,
        1,
        2.711,
        0.343,
        2.9,
        -0.025,
        1,
        2.922,
        -0.105,
        2.945,
        -0.241,
        2.967,
        -0.251,
        1,
        3.056,
        -0.293,
        3.144,
        -0.288,
        3.233,
        -0.353,
        1,
        3.344,
        -0.435,
        3.456,
        -0.828,
        3.567,
        -0.828
      ]
    },
    {
      "Target": "Parameter",
      "Id": "ParamHairFront3Y",
      "Segments": [
        0,
        -0.077,
        0,
        0.267,
        1,
        1,
        0.345,
        1,
        0.422,
        -0.697,
        0.5,
        -0.7,
        1,
        0.644,
        -0.705,
        0.789,
        0.958,
        0.933,
        1,
        0,
        1.1,
        0.2,
        0,
        1.4,
        1,
        0,
        1.7,
        -1,
        0,
        2.333,
        0.867,
        1,
        2.355,
        0.867,
        2.378,
        0.617,
        2.4,
        1,
        0,
        2.967,
        -0.025,
        1,
        3.056,
        -0.044,
        3.144,
        -0.034,
        3.233,
        -0.044,
        1,
        3.344,
        -0.056,
        3.456,
        -0.077,
        3.567,
        -0.077
      ]
    },
    {
      "Target": "Parameter",
      "Id": "ParamHairSide",
      "Segments": [
        0,
        -0.304,
        0,
        0.167,
        1,
        1,
        0.267,
        1,
        0.367,
        -0.501,
        0.467,
        -0.503,
        1,
        0.589,
        -0.509,
        0.711,
        0.964,
        0.833,
        1,
        0,
        1.033,
        0.2,
        0,
        1.333,
        1,
        0,
        1.7,
        -0.547,
        0,
        2.067,
        0.2,
        0,
        2.333,
        0.174,
        1,
        2.489,
        0.174,
        2.644,
        -0.421,
        2.8,
        -0.256,
        1,
        2.856,
        -0.283,
        2.911,
        -0.289,
        2.967,
        -0.29,
        1,
        3.056,
        -0.292,
        3.144,
        -0.291,
        3.233,
        -0.293,
        1,
        3.344,
        -0.296,
        3.456,
        -0.304,
        3.567,
        -0.304
      ]
    },
    {
      "Target": "Parameter",
      "Id": "ParamHairFrontY",
      "Segments": [
        0,
        -0.245,
        0,
        0.267,
        1,
        1,
        0.367,
        1,
        0.467,
        -0.5,
        0.567,
        -0.503,
        1,
        0.689,
        -0.508,
        0.811,
        0.964,
        0.933,
        1,
        0,
        1.1,
        0.2,
        0,
        1.4,
        1,
        0,
        1.7,
        -1,
        0,
        2.333,
        0.867,
        1,
        2.355,
        0.867,
        2.378,
        0.617,
        2.4,
        1,
        1,
        2.567,
        1,
        2.733,
        -0.41,
        2.9,
        -0.256,
        0,
        2.967,
        -0.255,
        1,
        3.056,
        -0.255,
        3.144,
        -0.255,
        3.233,
        -0.254,
        1,
        3.344,
        -0.253,
        3.456,
        -0.245,
        3.567,
        -0.245
      ]
    },
    {
      "Target": "Parameter",
      "Id": "ParamHairSide2",
      "Segments": [
        0,
        -0.405,
        0,
        0.167,
        1,
        1,
        0.267,
        1,
        0.367,
        -0.501,
        0.467,
        -0.503,
        1,
        0.589,
        -0.509,
        0.711,
        0.964,
        0.833,
        1,
        0,
        1.033,
        0.2,
        0,
        1.333,
        1,
        0,
        1.7,
        -0.547,
        0,
        2.1,
        1,
        0,
        2.333,
        0.982,
        1,
        2.489,
        0.982,
        2.644,
        -0.41,
        2.8,
        -0.256,
        1,
        2.856,
        -0.336,
        2.911,
        -0.357,
        2.967,
        -0.36,
        1,
        3.056,
        -0.365,
        3.144,
        -0.364,
        3.233,
        -0.37,
        1,
        3.344,
        -0.377,
        3.456,
        -0.405,
        3.567,
        -0.405
      ]
    },
    {
      "Target": "Parameter",
      "Id": "ParamHairSide2y",
      "Segments": [
        0,
        0.263,
        0,
        0.267,
        1,
        1,
        0.367,
        1,
        0.467,
        -0.5,
        0.567,
        -0.503,
        1,
        0.689,
        -0.508,
        0.811,
        0.964,
        0.933,
        1,
        0,
        1.1,
        0.2,
        0,
        1.4,
        1,
        0,
        1.7,
        -1,
        0,
        2.333,
        0.867,
        1,
        2.355,
        0.867,
        2.378,
        0.617,
        2.4,
        1,
        1,
        2.567,
        1,
        2.733,
        -0.41,
        2.9,
        -0.256,
        1,
        2.922,
        -0.256,
        2.945,
        -0.23,
        2.967,
        -0.223,
        1,
        3.056,
        -0.195,
        3.144,
        -0.199,
        3.233,
        -0.153,
        1,
        3.344,
        -0.094,
        3.456,
        0.263,
        3.567,
        0.263
      ]
    },
    {
      "Target": "Parameter",
      "Id": "ParamHGX",
      "Segments": [
        0,
        -0.802,
        0,
        0.167,
        1,
        0,
        0.4,
        -0.7,
        0,
        0.833,
        1,
        0,
        1.033,
        0.2,
        0,
        1.333,
        1,
        0,
        1.633,
        -1,
        0,
        2.1,
        1,
        1,
        2.178,
        1,
        2.255,
        1.003,
        2.333,
        0.985,
        1,
        2.4,
        0.969,
        2.466,
        0.686,
        2.533,
        0.686,
        1,
        2.611,
        0.686,
        2.689,
        0.865,
        2.767,
        1,
        0,
        2.967,
        0.454,
        1,
        3.056,
        0.397,
        3.144,
        0.35,
        3.233,
        0.35,
        1,
        3.244,
        0.35,
        3.256,
        0.39,
        3.267,
        0.316,
        1,
        3.367,
        -0.142,
        3.467,
        -0.802,
        3.567,
        -0.802
      ]
    },
    {
      "Target": "Parameter",
      "Id": "ParamHGY",
      "Segments": [
        0,
        -0.461,
        0,
        0.3,
        1,
        0,
        0.533,
        -0.7,
        0,
        0.967,
        1,
        0,
        1.133,
        0.2,
        0,
        1.433,
        1,
        0,
        1.733,
        -1,
        1,
        1.933,
        -1,
        2.133,
        -0.349,
        2.333,
        0.781,
        1,
        2.366,
        0.969,
        2.4,
        1,
        2.433,
        1,
        1,
        2.511,
        1,
        2.589,
        0.722,
        2.667,
        0.686,
        1,
        2.745,
        0.65,
        2.822,
        0.865,
        2.9,
        1,
        0,
        2.967,
        0.903,
        1,
        3.056,
        0.886,
        3.144,
        0.861,
        3.233,
        0.861,
        1,
        3.289,
        0.861,
        3.344,
        0.39,
        3.4,
        0.316,
        1,
        3.456,
        0.048,
        3.511,
        -0.461,
        3.567,
        -0.461
      ]
    },
    {
      "Target": "Parameter",
      "Id": "ParamFAS",
      "Segments": [
        0,
        -0.067,
        0,
        0.267,
        -1,
        0,
        0.7,
        1,
        0,
        0.967,
        -0.2,
        0,
        1.233,
        1,
        0,
        1.733,
        -1,
        0,
        2.067,
        1,
        1,
        2.156,
        1,
        2.244,
        1.044,
        2.333,
        0.927,
        1,
        2.489,
        0.721,
        2.644,
        -0.7,
        2.8,
        -0.7,
        1,
        2.856,
        -0.7,
        2.911,
        -0.576,
        2.967,
        -0.553,
        1,
        3.056,
        -0.516,
        3.144,
        -0.527,
        3.233,
        -0.478,
        1,
        3.344,
        -0.417,
        3.456,
        -0.067,
        3.567,
        -0.067
      ]
    },
    {
      "Target": "Parameter",
      "Id": "ParamFASY",
      "Segments": [
        0,
        -0.085,
        0,
        0.2,
        1,
        0,
        0.533,
        -0.8,
        0,
        0.867,
        0.427,
        0,
        1.1,
        -0.872,
        0,
        1.667,
        0.598,
        0,
        1.9,
        -0.632,
        1,
        2.044,
        -0.632,
        2.189,
        -0.39,
        2.333,
        0.119,
        1,
        2.389,
        0.315,
        2.444,
        0.427,
        2.5,
        0.427,
        0,
        2.933,
        -0.462,
        1,
        2.944,
        -0.462,
        2.956,
        -0.457,
        2.967,
        -0.454,
        1,
        3.056,
        -0.436,
        3.144,
        -0.437,
        3.233,
        -0.402,
        1,
        3.344,
        -0.359,
        3.456,
        -0.085,
        3.567,
        -0.085
      ]
    },
    {
      "Target": "Parameter",
      "Id": "ParamFAS2",
      "Segments": [
        0,
        -0.067,
        0,
        0.3,
        -0.7,
        0,
        0.767,
        1,
        0,
        1.033,
        -0.427,
        0,
        1.233,
        1,
        0,
        1.567,
        -1,
        0,
        1.833,
        0.581,
        1,
        2,
        0.581,
        2.166,
        0.146,
        2.333,
        -0.367,
        1,
        2.355,
        -0.436,
        2.378,
        -0.41,
        2.4,
        -0.41,
        0,
        2.667,
        0.581,
        1,
        2.767,
        0.581,
        2.867,
        0.349,
        2.967,
        0.305,
        1,
        3.056,
        0.266,
        3.144,
        0.283,
        3.233,
        0.242,
        1,
        3.344,
        0.192,
        3.456,
        -0.067,
        3.567,
        -0.067
      ]
    },
    {
      "Target": "Parameter",
      "Id": "ParamFAS2Y",
      "Segments": [
        0,
        0.488,
        0,
        0.367,
        0.4,
        0,
        0.8,
        0.983,
        0,
        1.133,
        0.205,
        0,
        1.5,
        0.812,
        0,
        1.867,
        0.137,
        1,
        2.022,
        0.137,
        2.178,
        0.337,
        2.333,
        0.699,
        1,
        2.344,
        0.725,
        2.356,
        0.726,
        2.367,
        0.726,
        0,
        2.9,
        0.12,
        1,
        2.922,
        0.12,
        2.945,
        0.139,
        2.967,
        0.144,
        1,
        3.056,
        0.163,
        3.144,
        0.16,
        3.233,
        0.193,
        1,
        3.344,
        0.235,
        3.456,
        0.488,
        3.567,
        0.488
      ]
    },
    {
      "Target": "Parameter",
      "Id": "ParamBZY",
      "Segments": [
        0,
        -0.325,
        0,
        0.533,
        -0.462,
        0,
        0.767,
        0.674,
        0,
        1.033,
        -1,
        0,
        1.367,
        0.299,
        0,
        1.667,
        -1,
        0,
        1.967,
        0.041,
        1,
        2.089,
        0.041,
        2.211,
        -0.447,
        2.333,
        -0.942,
        1,
        2.355,
        -1.032,
        2.378,
        -1,
        2.4,
        -1,
        0,
        2.6,
        0.674,
        0,
        2.767,
        -1,
        1,
        2.834,
        -1,
        2.9,
        -0.838,
        2.967,
        -0.807,
        1,
        3.056,
        -0.765,
        3.144,
        -0.779,
        3.233,
        -0.727,
        1,
        3.344,
        -0.663,
        3.456,
        -0.325,
        3.567,
        -0.325
      ]
    },
    {
      "Target": "Parameter",
      "Id": "ParamYMWX",
      "Segments": [
        0,
        2.942,
        0,
        0.5,
        15.957,
        0,
        1.367,
        -9.64,
        0,
        2,
        15.957,
        1,
        2.111,
        15.957,
        2.222,
        15.728,
        2.333,
        12.728,
        1,
        2.544,
        7.029,
        2.756,
        -7.479,
        2.967,
        -9.267,
        1,
        3.056,
        -10.02,
        3.144,
        -9.69,
        3.233,
        -9.69,
        1,
        3.244,
        -9.69,
        3.256,
        -9.856,
        3.267,
        -9.64,
        1,
        3.367,
        -7.698,
        3.467,
        2.942,
        3.567,
        2.942
      ]
    },
    {
      "Target": "Parameter",
      "Id": "ParamYMWX2",
      "Segments": [
        0,
        4.576,
        0,
        0.4,
        -11.111,
        0,
        1.1,
        8.848,
        0,
        1.767,
        -2.275,
        1,
        1.956,
        -2.275,
        2.144,
        -0.284,
        2.333,
        3.916,
        1,
        2.478,
        7.128,
        2.622,
        8.848,
        2.767,
        8.848,
        1,
        2.834,
        8.848,
        2.9,
        7.813,
        2.967,
        7.624,
        1,
        3.056,
        7.372,
        3.144,
        7.455,
        3.233,
        7.142,
        1,
        3.344,
        6.751,
        3.456,
        4.576,
        3.567,
        4.576
      ]
    },
    {
      "Target": "Parameter",
      "Id": "ParamYMWY",
      "Segments": [
        0,
        6.133,
        0,
        0.667,
        -20.518,
        0,
        1.3,
        12.266,
        0,
        1.9,
        -30,
        1,
        2.044,
        -30,
        2.189,
        -26.642,
        2.333,
        -10.644,
        1,
        2.533,
        11.507,
        2.733,
        30,
        2.933,
        30,
        1,
        2.944,
        30,
        2.956,
        29.663,
        2.967,
        29.523,
        1,
        3.056,
        28.404,
        3.144,
        28.293,
        3.233,
        26.374,
        1,
        3.344,
        23.976,
        3.456,
        6.133,
        3.567,
        6.133
      ]
    },
    {
      "Target": "Parameter",
      "Id": "ParamYMWY1",
      "Segments": [
        0,
        -12.995,
        0,
        0.133,
        -15.067,
        0,
        0.967,
        15.067,
        1,
        1.156,
        15.067,
        1.344,
        -0.409,
        1.533,
        -12.995,
        1,
        1.578,
        -15.956,
        1.622,
        -15.067,
        1.667,
        -15.067,
        1,
        1.889,
        -15.067,
        2.111,
        -3.862,
        2.333,
        9.452,
        1,
        2.422,
        14.778,
        2.511,
        15.067,
        2.6,
        15.067,
        1,
        2.722,
        15.067,
        2.845,
        3.317,
        2.967,
        1.036,
        1,
        3.056,
        -0.623,
        3.144,
        -0.037,
        3.233,
        -1.62,
        1,
        3.344,
        -3.599,
        3.456,
        -12.995,
        3.567,
        -12.995
      ]
    },
    {
      "Target": "Parameter",
      "Id": "ParamYMWY2",
      "Segments": [
        0,
        -7.772,
        0,
        0.167,
        -15.067,
        0,
        1.1,
        15.067,
        0,
        1.733,
        -9.368,
        1,
        1.933,
        -9.368,
        2.133,
        -6.694,
        2.333,
        2.331,
        1,
        2.478,
        8.85,
        2.622,
        15.067,
        2.767,
        15.067,
        1,
        2.834,
        15.067,
        2.9,
        9.528,
        2.967,
        8.522,
        1,
        3.056,
        7.181,
        3.144,
        7.465,
        3.233,
        5.846,
        1,
        3.344,
        3.823,
        3.456,
        -7.772,
        3.567,
        -7.772
      ]
    },
    {
      "Target": "Parameter",
      "Id": "ParamYMWK",
      "Segments": [
        0,
        0,
        0,
        0.367,
        -15.067,
        0,
        1.233,
        15.067,
        1,
        1.333,
        15.067,
        1.433,
        8.938,
        1.533,
        0,
        1,
        1.655,
        -10.925,
        1.778,
        -15.067,
        1.9,
        -15.067,
        1,
        2.044,
        -15.067,
        2.189,
        -13.77,
        2.333,
        -5.739,
        1,
        2.522,
        4.763,
        2.711,
        15.067,
        2.9,
        15.067,
        1,
        2.922,
        15.067,
        2.945,
        14.295,
        2.967,
        14.102,
        1,
        3.056,
        13.33,
        3.144,
        13.356,
        3.233,
        12.116,
        1,
        3.344,
        10.566,
        3.456,
        0,
        3.567,
        0
      ]
    },
    {
      "Target": "Parameter",
      "Id": "ParamZMWX",
      "Segments": [
        0,
        4.686,
        0,
        0.733,
        11.777,
        0,
        1.467,
        -18.518,
        0,
        2.367,
        11.777,
        1,
        2.567,
        11.777,
        2.767,
        -6.81,
        2.967,
        -9.015,
        1,
        3.056,
        -9.995,
        3.144,
        -9.768,
        3.233,
        -10.118,
        1,
        3.255,
        -10.206,
        3.278,
        -10.229,
        3.3,
        -10.229,
        0,
        3.567,
        4.686
      ]
    },
    {
      "Target": "Parameter",
      "Id": "ParamZMWX2",
      "Segments": [
        0,
        4.576,
        0,
        0.267,
        -7.407,
        0,
        1.1,
        8.848,
        0,
        2,
        -1.853,
        0,
        2.767,
        8.848,
        1,
        2.834,
        8.848,
        2.9,
        7.813,
        2.967,
        7.624,
        1,
        3.056,
        7.372,
        3.144,
        7.455,
        3.233,
        7.142,
        1,
        3.344,
        6.751,
        3.456,
        4.576,
        3.567,
        4.576
      ]
    },
    {
      "Target": "Parameter",
      "Id": "ParamZMWY",
      "Segments": [
        0,
        4.053,
        1,
        0.133,
        4.053,
        0.267,
        -3.101,
        0.4,
        -12.804,
        1,
        0.5,
        -20.082,
        0.6,
        -22.105,
        0.7,
        -22.105,
        0,
        1.367,
        12.457,
        0,
        1.967,
        -22.105,
        1,
        2.089,
        -22.105,
        2.211,
        -19.871,
        2.333,
        -13.761,
        1,
        2.544,
        -3.208,
        2.756,
        19.194,
        2.967,
        19.865,
        1,
        3.056,
        20.148,
        3.144,
        20,
        3.233,
        20,
        0,
        3.567,
        4.053
      ]
    },
    {
      "Target": "Parameter",
      "Id": "ParamZMWY1",
      "Segments": [
        0,
        -12.995,
        0,
        0.967,
        15.067,
        0,
        1.667,
        -15.067,
        1,
        1.889,
        -15.067,
        2.111,
        -3.862,
        2.333,
        9.452,
        1,
        2.422,
        14.778,
        2.511,
        15.067,
        2.6,
        15.067,
        1,
        2.722,
        15.067,
        2.845,
        3.171,
        2.967,
        1.036,
        1,
        3.056,
        -0.517,
        3.144,
        0.063,
        3.233,
        -1.422,
        1,
        3.344,
        -3.277,
        3.456,
        -12.995,
        3.567,
        -12.995
      ]
    },
    {
      "Target": "Parameter",
      "Id": "ParamZMWY2",
      "Segments": [
        0,
        -3.232,
        0,
        0.367,
        -15.067,
        0,
        1.233,
        15.067,
        0,
        1.9,
        -15.067,
        1,
        2.044,
        -15.067,
        2.189,
        -13.77,
        2.333,
        -5.739,
        1,
        2.522,
        4.763,
        2.711,
        15.067,
        2.9,
        15.067,
        1,
        2.922,
        15.067,
        2.945,
        14.128,
        2.967,
        13.894,
        1,
        3.056,
        12.959,
        3.144,
        12.97,
        3.233,
        11.482,
        1,
        3.344,
        9.622,
        3.456,
        -3.232,
        3.567,
        -3.232
      ]
    },
    {
      "Target": "Parameter",
      "Id": "ParamZMWK",
      "Segments": [
        0,
        5.312,
        0,
        0.567,
        -15.067,
        0,
        1.367,
        15.067,
        0,
        2.033,
        -15.067,
        1,
        2.133,
        -15.067,
        2.233,
        -15.477,
        2.333,
        -12.996,
        1,
        2.544,
        -7.758,
        2.756,
        12.139,
        2.967,
        14.519,
        1,
        3.056,
        15.521,
        3.144,
        15.1,
        3.233,
        15.1,
        1,
        3.244,
        15.1,
        3.256,
        15.223,
        3.267,
        15.067,
        1,
        3.367,
        13.665,
        3.467,
        5.312,
        3.567,
        5.312
      ]
    },
    {
      "Target": "Parameter",
      "Id": "ParamHairBack",
      "Segments": [
        0,
        -0.1,
        0,
        0.833,
        0.06,
        0,
        1.5,
        -0.114,
        0,
        2.333,
        0.06,
        1,
        2.544,
        0.06,
        2.756,
        -0.03,
        2.967,
        -0.051,
        1,
        3.056,
        -0.06,
        3.144,
        -0.055,
        3.233,
        -0.061,
        1,
        3.344,
        -0.069,
        3.456,
        -0.1,
        3.567,
        -0.1
      ]
    },
    {
      "Target": "Parameter",
      "Id": "ParamSkirt",
      "Segments": [
        0,
        -1,
        0,
        0.267,
        1,
        0,
        0.6,
        -1,
        0,
        1.2,
        1,
        0,
        1.5,
        -1,
        0,
        1.933,
        1,
        1,
        2.066,
        1,
        2.2,
        0.786,
        2.333,
        0.079,
        1,
        2.444,
        -0.51,
        2.556,
        -1,
        2.667,
        -1,
        2,
        2.967,
        -1,
        2,
        3.233,
        -1,
        2,
        3.567,
        -1
      ]
    },
    {
      "Target": "Parameter",
      "Id": "ParamSkirtY",
      "Segments": [
        0,
        0.741,
        0,
        0.467,
        1,
        0,
        0.8,
        -1,
        0,
        1.367,
        0.6,
        0,
        1.633,
        -0.2,
        0,
        2.067,
        0.581,
        1,
        2.156,
        0.581,
        2.244,
        0.61,
        2.333,
        0.528,
        1,
        2.511,
        0.362,
        2.689,
        -0.214,
        2.867,
        -0.214,
        1,
        2.9,
        -0.214,
        2.934,
        -0.121,
        2.967,
        -0.101,
        1,
        3.056,
        -0.048,
        3.144,
        -0.058,
        3.233,
        0.024,
        1,
        3.344,
        0.126,
        3.456,
        0.741,
        3.567,
        0.741
      ]
    },
    {
      "Target": "Parameter",
      "Id": "ParamSkirt2",
      "Segments": [
        0,
        -0.42,
        0,
        0.267,
        1,
        0,
        0.6,
        -1,
        0,
        1.2,
        0.6,
        0,
        1.5,
        -0.2,
        0,
        1.933,
        0.581,
        1,
        2.066,
        0.581,
        2.2,
        0.42,
        2.333,
        0.215,
        1,
        2.444,
        0.044,
        2.556,
        -0.13,
        2.667,
        -0.214,
        1,
        2.767,
        -0.29,
        2.867,
        -0.361,
        2.967,
        -0.369,
        1,
        3.056,
        -0.376,
        3.144,
        -0.373,
        3.233,
        -0.38,
        1,
        3.344,
        -0.389,
        3.456,
        -0.42,
        3.567,
        -0.42
      ]
    },
    {
      "Target": "Model",
      "Id": "Opacity",
      "Segments": [
        0,
        1,
        0,
        3.57,
        1
      ]
    },
    {
      "Target": "Parameter",
      "Id": "ParamEYET",
      "Segments": [
        0,
        0,
        0,
        3.57,
        0
      ]
    },
    {
      "Target": "Parameter",
      "Id": "ParamMouthX",
      "Segments": [
        0,
        0,
        0,
        3.57,
        0
      ]
    },
    {
      "Target": "Parameter",
      "Id": "ParamTDP",
      "Segments": [
        0,
        0,
        0,
        3.57,
        0
      ]
    },
    {
      "Target": "Parameter",
      "Id": "ParamDDZ",
      "Segments": [
        0,
        0,
        0,
        3.57,
        0
      ]
    },
    {
      "Target": "Parameter",
      "Id": "ParamLjian",
      "Segments": [
        0,
        0,
        0,
        3.57,
        0
      ]
    },
    {
      "Target": "Parameter",
      "Id": "ParamRjian",
      "Segments": [
        0,
        0,
        0,
        3.57,
        0
      ]
    },
    {
      "Target": "Parameter",
      "Id": "ParamZTX2",
      "Segments": [
        0,
        0,
        0,
        3.57,
        0
      ]
    },
    {
      "Target": "Parameter",
      "Id": "ParamBDX",
      "Segments": [
        0,
        0,
        0,
        3.57,
        0
      ]
    },
    {
      "Target": "Parameter",
      "Id": "ParamZBTX",
      "Segments": [
        0,
        0,
        0,
        3.57,
        0
      ]
    },
    {
      "Target": "Parameter",
      "Id": "ParamZD",
      "Segments": [
        0,
        -30,
        0,
        3.57,
        -30
      ]
    },
    {
      "Target": "Parameter",
      "Id": "ParamZSTC",
      "Segments": [
        0,
        0,
        0,
        3.57,
        0
      ]
    },
    {
      "Target": "Parameter",
      "Id": "ParamArmR",
      "Segments": [
        0,
        -35.061,
        0,
        3.57,
        -35.061
      ]
    },
    {
      "Target": "Parameter",
      "Id": "ParamArmRY",
      "Segments": [
        0,
        0,
        0,
        3.57,
        0
      ]
    },
    {
      "Target": "Parameter",
      "Id": "ParamArmR1",
      "Segments": [
        0,
        -18.796,
        0,
        3.57,
        -18.796
      ]
    },
    {
      "Target": "Parameter",
      "Id": "ParamYBTY",
      "Segments": [
        0,
        -60,
        0,
        3.57,
        -60
      ]
    },
    {
      "Target": "Parameter",
      "Id": "ParamYBTX",
      "Segments": [
        0,
        -30,
        0,
        3.57,
        -30
      ]
    },
    {
      "Target": "Parameter",
      "Id": "ParamYSWY",
      "Segments": [
        0,
        -8,
        0,
        3.57,
        -8
      ]
    },
    {
      "Target": "Parameter",
      "Id": "ParamYXZ",
      "Segments": [
        0,
        -30,
        0,
        3.57,
        -30
      ]
    },
    {
      "Target": "Parameter",
      "Id": "ParamYXZ2",
      "Segments": [
        0,
        0,
        0,
        3.57,
        0
      ]
    },
    {
      "Target": "Parameter",
      "Id": "ParamYWMZ",
      "Segments": [
        0,
        -30,
        0,
        3.57,
        -30
      ]
    },
    {
      "Target": "Parameter",
      "Id": "ParamYWMZ2",
      "Segments": [
        0,
        0,
        0,
        3.57,
        0
      ]
    },
    {
      "Target": "Parameter",
      "Id": "ParamYZZ",
      "Segments": [
        0,
        -24,
        0,
        3.57,
        -24
      ]
    },
    {
      "Target": "Parameter",
      "Id": "ParamYZZ2",
      "Segments": [
        0,
        0,
        0,
        3.57,
        0
      ]
    },
    {
      "Target": "Parameter",
      "Id": "ParamYSZ",
      "Segments": [
        0,
        -30,
        0,
        3.57,
        -30
      ]
    },
    {
      "Target": "Parameter",
      "Id": "ParamYSZ2",
      "Segments": [
        0,
        0,
        0,
        3.57,
        0
      ]
    },
    {
      "Target": "Parameter",
      "Id": "ParamYMZ",
      "Segments": [
        0,
        -20,
        0,
        3.57,
        -20
      ]
    },
    {
      "Target": "Parameter",
      "Id": "ParamYD",
      "Segments": [
        0,
        -40,
        0,
        3.57,
        -40
      ]
    },
    {
      "Target": "Parameter",
      "Id": "ParamYSH",
      "Segments": [
        0,
        -30,
        0,
        3.57,
        -30
      ]
    },
    {
      "Target": "Parameter",
      "Id": "ParamYSTC",
      "Segments": [
        0,
        1,
        0,
        3.57,
        1
      ]
    },
    {
      "Target": "Parameter",
      "Id": "ParamGXZ1",
      "Segments": [
        0,
        0,
        0,
        3.57,
        0
      ]
    },
    {
      "Target": "Parameter",
      "Id": "ParamGXZ2",
      "Segments": [
        0,
        0,
        0,
        3.57,
        0
      ]
    },
    {
      "Target": "Parameter",
      "Id": "ParamGDTX",
      "Segments": [
        0,
        0,
        0,
        3.57,
        0
      ]
    },
    {
      "Target": "Parameter",
      "Id": "ParamGDTX2",
      "Segments": [
        0,
        0,
        0,
        3.57,
        0
      ]
    },
    {
      "Target": "Parameter",
      "Id": "ParamGDTX3",
      "Segments": [
        0,
        0,
        0,
        3.57,
        0
      ]
    },
    {
      "Target": "Parameter",
      "Id": "ParamHT",
      "Segments": [
        0,
        1,
        0,
        3.57,
        1
      ]
    },
    {
      "Target": "Parameter",
      "Id": "Paramxzb",
      "Segments": [
        0,
        -3,
        0,
        3.57,
        -3
      ]
    },
    {
      "Target": "Parameter",
      "Id": "ParamJYX",
      "Segments": [
        0,
        0,
        0,
        3.57,
        0
      ]
    },
    {
      "Target": "Parameter",
      "Id": "ParamGTC1",
      "Segments": [
        0,
        0,
        0,
        3.57,
        0
      ]
    },
    {
      "Target": "Parameter",
      "Id": "ParamGTC2",
      "Segments": [
        0,
        0,
        0,
        3.57,
        0
      ]
    },
    {
      "Target": "Parameter",
      "Id": "ParamGTC3",
      "Segments": [
        0,
        0,
        0,
        3.57,
        0
      ]
    },
    {
      "Target": "Parameter",
      "Id": "ParamGXS",
      "Segments": [
        0,
        1,
        0,
        3.57,
        1
      ]
    },
    {
      "Target": "Parameter",
      "Id": "ParamGZZ",
      "Segments": [
        0,
        0,
        0,
        3.57,
        0
      ]
    },
    {
      "Target": "Parameter",
      "Id": "ParamGX",
      "Segments": [
        0,
        -8,
        0,
        3.57,
        -8
      ]
    },
    {
      "Target": "Parameter",
      "Id": "ParamGY",
      "Segments": [
        0,
        -3,
        0,
        3.57,
        -3
      ]
    },
    {
      "Target": "Parameter",
      "Id": "ParamZDTTQ",
      "Segments": [
        0,
        0,
        0,
        3.57,
        0
      ]
    },
    {
      "Target": "Parameter",
      "Id": "ParamZXTB",
      "Segments": [
        0,
        -1,
        0,
        3.57,
        -1
      ]
    },
    {
      "Target": "Parameter",
      "Id": "ParamLegL1Y",
      "Segments": [
        0,
        0,
        0,
        3.57,
        0
      ]
    },
    {
      "Target": "Parameter",
      "Id": "ParamMDL",
      "Segments": [
        0,
        -10,
        0,
        3.57,
        -10
      ]
    },
    {
      "Target": "Parameter",
      "Id": "ParamLegRX",
      "Segments": [
        0,
        0,
        0,
        3.57,
        0
      ]
    },
    {
      "Target": "Parameter",
      "Id": "ParamTXTT",
      "Segments": [
        0,
        -0.071,
        0,
        3.57,
        -0.071
      ]
    },
    {
      "Target": "Parameter",
      "Id": "ParamLegR1Y",
      "Segments": [
        0,
        0,
        0,
        3.57,
        0
      ]
    },
    {
      "Target": "Parameter",
      "Id": "ParamFootR",
      "Segments": [
        0,
        14,
        0,
        3.57,
        14
      ]
    },
    {
      "Target": "Parameter",
      "Id": "ParamMDR",
      "Segments": [
        0,
        0,
        0,
        3.57,
        0
      ]
    },
    {
      "Target": "Parameter",
      "Id": "ParamWhite1",
      "Segments": [
        0,
        0,
        0,
        3.57,
        0
      ]
    },
    {
      "Target": "Parameter",
      "Id": "ParamBlack0",
      "Segments": [
        0,
        1,
        0,
        3.57,
        1
      ]
    },
    {
      "Target": "Parameter",
      "Id": "ParamBlack01",
      "Segments": [
        0,
        1,
        0,
        3.57,
        1
      ]
    },
    {
      "Target": "Parameter",
      "Id": "ParamWY",
      "Segments": [
        0,
        0,
        0,
        3.57,
        0
      ]
    },
    {
      "Target": "Parameter",
      "Id": "ParamWZoom",
      "Segments": [
        0,
        0,
        0,
        3.57,
        0
      ]
    },
    {
      "Target": "Parameter",
      "Id": "Parammod",
      "Segments": [
        0,
        10,
        0,
        3.57,
        10
      ]
    }
  ],
  "UserData": [
    {
      "Time": 0.0,
      "Value": "characterVoice_141_1"
    },
    {
      "Time": 0.0,
      "Value": ""
    },
    {
      "Time": 1.37,
      "Value": "characterVoice_143_1"
    }
  ]
}