{
  "Version": 3,
  "Meta": {
    "Duration": 2.033,
    "Fps": 30.0,
    "Loop": true,
    "AreBeziersRestricted": true,
    "CurveCount": 158,
    "TotalSegmentCount": 617,
    "TotalPointCount": 1075,
    "UserDataCount": 1,
    "TotalUserDataSize": 0
  },
  "Curves": [
    {
      "Target": "Parameter",
      "Id": "ParamAngleX",
      "Segments": [
        0,
        30,
        2,
        0.4,
        30,
        0,
        0.933,
        4,
        1,
        1.044,
        4,
        1.156,
        5.744,
        1.267,
        9.706,
        1,
        1.445,
        16.045,
        1.622,
        26.636,
        1.8,
        29.237,
        1,
        1.878,
        30.375,
        1.955,
        30,
        2.033,
        30
      ]
    },
    {
      "Target": "Parameter",
      "Id": "ParamAngleY",
      "Segments": [
        0,
        -14.291,
        1,
        0.067,
        -14.291,
        0.133,
        2.286,
        0.2,
        -1,
        1,
        0.289,
        -5.413,
        0.378,
        -30,
        0.467,
        -30,
        1,
        0.545,
        -30,
        0.622,
        -20.595,
        0.7,
        -20,
        1,
        0.889,
        -16.624,
        1.078,
        -16.361,
        1.267,
        -16.361,
        0,
        1.8,
        -14.36,
        1,
        1.878,
        -14.249,
        1.955,
        -14.291,
        2.033,
        -14.291
      ]
    },
    {
      "Target": "Parameter",
      "Id": "ParamAngleZ",
      "Segments": [
        0,
        4.601,
        0,
        0.467,
        -30,
        0,
        1.033,
        13,
        1,
        1.111,
        13,
        1.189,
        11.743,
        1.267,
        5.842,
        1,
        1.367,
        -1.745,
        1.467,
        -8.319,
        1.567,
        -8.319,
        1,
        1.645,
        -8.319,
        1.722,
        -7.571,
        1.8,
        -7.176,
        1,
        1.878,
        -6.781,
        1.955,
        -6.774,
        2.033,
        -6.774
      ]
    },
    {
      "Target": "Parameter",
      "Id": "ParamEyeLOpen",
      "Segments": [
        0,
        1,
        2,
        0.467,
        1,
        0,
        0.567,
        0,
        0,
        0.667,
        1,
        2,
        1.267,
        1,
        2,
        1.8,
        1,
        2,
        2.033,
        1
      ]
    },
    {
      "Target": "Parameter",
      "Id": "ParamEyeROpen",
      "Segments": [
        0,
        1,
        2,
        0.467,
        1,
        0,
        0.567,
        0,
        0,
        0.667,
        1,
        2,
        1.267,
        1,
        2,
        1.8,
        1,
        2,
        2.033,
        1
      ]
    },
    {
      "Target": "Parameter",
      "Id": "ParamEyeBallX",
      "Segments": [
        0,
        -0.722,
        0,
        0.2,
        -0.7,
        2,
        0.4,
        -0.7,
        0,
        0.8,
        -0.8,
        2,
        1.033,
        -0.8,
        1,
        1.111,
        -0.8,
        1.189,
        -0.633,
        1.267,
        -0.408,
        1,
        1.3,
        -0.312,
        1.334,
        -0.3,
        1.367,
        -0.3,
        1,
        1.456,
        -0.3,
        1.544,
        -0.646,
        1.633,
        -0.7,
        1,
        1.689,
        -0.734,
        1.744,
        -0.722,
        1.8,
        -0.722,
        2,
        2.033,
        -0.722
      ]
    },
    {
      "Target": "Parameter",
      "Id": "ParamEyeBallY",
      "Segments": [
        0,
        0.317,
        1,
        0.067,
        0.317,
        0.133,
        -0.146,
        0.2,
        -0.1,
        1,
        0.267,
        -0.054,
        0.333,
        0.5,
        0.4,
        0.5,
        1,
        0.533,
        0.5,
        0.667,
        -0.584,
        0.8,
        -0.6,
        1,
        0.878,
        -0.61,
        0.955,
        -0.751,
        1.033,
        -0.5,
        1,
        1.111,
        -0.142,
        1.189,
        0.487,
        1.267,
        0.487,
        0,
        1.367,
        0.7,
        0,
        1.633,
        0.3,
        0,
        1.8,
        0.28,
        0,
        2.033,
        0.317
      ]
    },
    {
      "Target": "Parameter",
      "Id": "ParamBodyAngleX",
      "Segments": [
        0,
        -7.919,
        0,
        0.567,
        8.992,
        1,
        0.8,
        8.992,
        1.034,
        5.683,
        1.267,
        1.118,
        1,
        1.445,
        -2.36,
        1.622,
        -7.403,
        1.8,
        -7.825,
        1,
        1.878,
        -8.009,
        1.955,
        -7.919,
        2.033,
        -7.919
      ]
    },
    {
      "Target": "Parameter",
      "Id": "ParamBodyAngleY",
      "Segments": [
        0,
        2.22,
        1,
        0.167,
        2.22,
        0.333,
        -9.954,
        0.5,
        -10,
        0,
        1.267,
        -4.144,
        0,
        1.8,
        1.56,
        1,
        1.878,
        1.817,
        1.955,
        1.711,
        2.033,
        1.711
      ]
    },
    {
      "Target": "Parameter",
      "Id": "ParamBodyAngleZ",
      "Segments": [
        0,
        1.909,
        0,
        0.367,
        10,
        1,
        0.578,
        10,
        0.789,
        -4.233,
        1,
        -5.63,
        1,
        1.089,
        -5.63,
        1.178,
        -4.594,
        1.267,
        -1.042,
        1,
        1.356,
        2.511,
        1.444,
        5.378,
        1.533,
        5.378,
        1,
        1.622,
        5.378,
        1.711,
        3.608,
        1.8,
        2.692,
        1,
        1.878,
        1.89,
        1.955,
        1.909,
        2.033,
        1.909
      ]
    },
    {
      "Target": "Parameter",
      "Id": "ParamYAOZ",
      "Segments": [
        0,
        1.328,
        0,
        0.367,
        -4,
        1,
        0.5,
        -4.706,
        0.634,
        -4.642,
        0.767,
        -4,
        1,
        0.934,
        -4,
        1.1,
        0.181,
        1.267,
        5.046,
        1,
        1.311,
        6.344,
        1.356,
        6.218,
        1.4,
        6.218,
        1,
        1.533,
        6.218,
        1.667,
        5.617,
        1.8,
        5.371,
        1,
        1.878,
        5.227,
        1.955,
        5.261,
        2.033,
        5.261
      ]
    },
    {
      "Target": "Parameter",
      "Id": "ParamZTM",
      "Segments": [
        0,
        3.309,
        0,
        0.5,
        30,
        1,
        0.633,
        29.391,
        0.767,
        30,
        0.9,
        30,
        1,
        1.022,
        25.454,
        1.145,
        8.297,
        1.267,
        8.297,
        0,
        1.4,
        1,
        0,
        1.8,
        -5.217,
        0,
        2.033,
        -5
      ]
    },
    {
      "Target": "Parameter",
      "Id": "ParamYTM",
      "Segments": [
        0,
        8.89,
        1,
        0.167,
        8.89,
        0.333,
        16.356,
        0.5,
        15,
        1,
        0.633,
        13.909,
        0.767,
        17.271,
        0.9,
        15,
        1,
        1.022,
        12.128,
        1.145,
        -0.2,
        1.267,
        -0.2,
        0,
        1.4,
        -5,
        0,
        1.8,
        -6.425,
        0,
        2.033,
        -6
      ]
    },
    {
      "Target": "Parameter",
      "Id": "ParamHipY",
      "Segments": [
        0,
        0,
        0,
        0.3,
        -10,
        0,
        0.367,
        0.252,
        1,
        0.667,
        0.252,
        0.967,
        -2.296,
        1.267,
        -5.439,
        1,
        1.445,
        -7.301,
        1.622,
        -9.305,
        1.8,
        -9.786,
        1,
        1.878,
        -9.996,
        1.955,
        -9.911,
        2.033,
        -9.911
      ]
    },
    {
      "Target": "Parameter",
      "Id": "ParamZTX2",
      "Segments": [
        0,
        -1.259,
        2,
        0.767,
        -1.259,
        0,
        1.267,
        -0.826,
        0,
        1.8,
        -0.03,
        1,
        1.878,
        0.017,
        1.955,
        0,
        2.033,
        0
      ]
    },
    {
      "Target": "Parameter",
      "Id": "ParamZTY",
      "Segments": [
        0,
        0,
        0,
        0.367,
        -9,
        2,
        0.767,
        -9,
        1,
        0.934,
        -9,
        1.1,
        -6.221,
        1.267,
        -1.773,
        1,
        1.445,
        2.972,
        1.622,
        9.827,
        1.8,
        11.523,
        1,
        1.878,
        12.264,
        1.955,
        12,
        2.033,
        12
      ]
    },
    {
      "Target": "Parameter",
      "Id": "ParamBDX",
      "Segments": [
        0,
        5.728,
        0,
        0.533,
        -5,
        1,
        0.778,
        -5,
        1.022,
        -0.875,
        1.267,
        6.198,
        1,
        1.356,
        8.771,
        1.444,
        9.58,
        1.533,
        9.58,
        1,
        1.622,
        9.58,
        1.711,
        4.631,
        1.8,
        2.162,
        1,
        1.878,
        0.002,
        1.955,
        0,
        2.033,
        0
      ]
    },
    {
      "Target": "Parameter",
      "Id": "ParamArmL",
      "Segments": [
        0,
        -30,
        1,
        0.178,
        -30,
        0.355,
        -29.863,
        0.533,
        -29.643,
        1,
        0.622,
        -29.533,
        0.711,
        -29.617,
        0.8,
        -29.358,
        1,
        0.967,
        -28.872,
        1.133,
        -11,
        1.3,
        -11,
        0,
        2.033,
        -27.903
      ]
    },
    {
      "Target": "Parameter",
      "Id": "ParamArmLY",
      "Segments": [
        0,
        -30,
        0,
        0.167,
        -26.085,
        0,
        0.333,
        -27.775,
        1,
        0.4,
        -27.775,
        0.466,
        -26.359,
        0.533,
        -26.085,
        1,
        0.622,
        -25.72,
        0.711,
        -26.28,
        0.8,
        -25.381,
        1,
        1.211,
        -21.225,
        1.622,
        -7,
        2.033,
        -7
      ]
    },
    {
      "Target": "Parameter",
      "Id": "ParamArmL1",
      "Segments": [
        0,
        -19,
        1,
        0.178,
        -19,
        0.355,
        -13.659,
        0.533,
        -11.814,
        1,
        0.622,
        -10.891,
        0.711,
        -12.093,
        0.8,
        -10.528,
        1,
        1.211,
        -3.29,
        1.622,
        23.22,
        2.033,
        23.22
      ]
    },
    {
      "Target": "Parameter",
      "Id": "ParamHandL",
      "Segments": [
        0,
        -8,
        1,
        0.178,
        -8,
        0.355,
        -8.385,
        0.533,
        -8.957,
        1,
        0.622,
        -9.238,
        0.711,
        -8.688,
        0.8,
        -9.083,
        1,
        0.911,
        -9.549,
        1.022,
        -10.543,
        1.133,
        -11,
        1,
        1.144,
        -11.045,
        1.156,
        0,
        1.167,
        0,
        0,
        2.033,
        -13.621
      ]
    },
    {
      "Target": "Parameter",
      "Id": "ParamZBTY",
      "Segments": [
        0,
        -30,
        0,
        0.367,
        -23,
        1,
        0.422,
        -23,
        0.478,
        -23.709,
        0.533,
        -24.038,
        1,
        0.622,
        -24.565,
        0.711,
        -23.74,
        0.8,
        -25.234,
        1,
        1.211,
        -32.144,
        1.622,
        -60,
        2.033,
        -60
      ]
    },
    {
      "Target": "Parameter",
      "Id": "ParamZXZ",
      "Segments": [
        0,
        -30,
        1,
        0.111,
        -30,
        0.222,
        -6.982,
        0.333,
        0,
        1,
        0.489,
        9.775,
        0.644,
        13.6,
        0.8,
        21.105,
        1,
        0.911,
        26.466,
        1.022,
        30,
        1.133,
        30,
        0,
        1.167,
        -30,
        0,
        2.033,
        0
      ]
    },
    {
      "Target": "Parameter",
      "Id": "ParamZWMZ",
      "Segments": [
        0,
        -30,
        1,
        0.111,
        -30,
        0.222,
        -6.982,
        0.333,
        0,
        1,
        0.489,
        9.775,
        0.644,
        13.6,
        0.8,
        21.105,
        1,
        0.911,
        26.466,
        1.022,
        30,
        1.133,
        30,
        0,
        1.167,
        -30,
        0,
        2.033,
        -12.367
      ]
    },
    {
      "Target": "Parameter",
      "Id": "ParamZZZ",
      "Segments": [
        0,
        -30,
        1,
        0.111,
        -30,
        0.222,
        -1.172,
        0.333,
        5,
        1,
        0.489,
        13.641,
        0.644,
        16.981,
        0.8,
        23.166,
        1,
        0.911,
        27.584,
        1.022,
        30,
        1.133,
        30,
        0,
        1.167,
        -30,
        0,
        2.033,
        -12.367
      ]
    },
    {
      "Target": "Parameter",
      "Id": "ParamZSZ",
      "Segments": [
        0,
        -17,
        1,
        0.111,
        -17,
        0.222,
        1.616,
        0.333,
        7,
        1,
        0.489,
        14.538,
        0.644,
        17.499,
        0.8,
        23.247,
        1,
        0.911,
        27.353,
        1.022,
        30,
        1.133,
        30,
        1,
        1.144,
        30,
        1.156,
        -8.911,
        1.167,
        -9,
        1,
        1.456,
        -11.32,
        1.744,
        -12.367,
        2.033,
        -12.367
      ]
    },
    {
      "Target": "Parameter",
      "Id": "ParamZMZ",
      "Segments": [
        0,
        0,
        0,
        0.333,
        -30,
        1,
        0.489,
        -30,
        0.644,
        -27.018,
        0.8,
        -7.829,
        1,
        0.911,
        5.878,
        1.022,
        30,
        1.133,
        30,
        0,
        2.033,
        0
      ]
    },
    {
      "Target": "Parameter",
      "Id": "ParamZXZK",
      "Segments": [
        0,
        -24.781,
        1,
        0.056,
        -24.226,
        0.111,
        -1.125,
        0.167,
        -0.741,
        1,
        0.256,
        -0.128,
        0.344,
        -29.46,
        0.433,
        -30,
        1,
        0.678,
        -30,
        0.922,
        4.37,
        1.167,
        5.556,
        0,
        2.033,
        -24.781
      ]
    },
    {
      "Target": "Parameter",
      "Id": "ParamZXZX",
      "Segments": [
        0,
        -9.61,
        1,
        0.056,
        -10.738,
        0.111,
        -0.219,
        0.167,
        -1,
        1,
        0.256,
        -2.246,
        0.344,
        -13.528,
        0.433,
        -14.444,
        1,
        0.544,
        -17.076,
        0.656,
        -18.397,
        0.767,
        -18.836,
        1,
        0.9,
        -19.367,
        1.034,
        -30,
        1.167,
        -30,
        1,
        1.289,
        -28.863,
        1.411,
        -0.716,
        1.533,
        3.333,
        0,
        2.033,
        -16.055
      ]
    },
    {
      "Target": "Parameter",
      "Id": "ParamZXZY",
      "Segments": [
        0,
        -30,
        0,
        0.3,
        -2.132,
        1,
        0.389,
        -3.378,
        0.478,
        -14.66,
        0.567,
        -15.576,
        1,
        0.678,
        -18.208,
        0.789,
        -19.529,
        0.9,
        -19.968,
        1,
        1.033,
        -20.499,
        1.167,
        -30,
        1.3,
        -30,
        1,
        1.422,
        -28.863,
        1.545,
        -1.848,
        1.667,
        2.201,
        0,
        2.033,
        -18
      ]
    },
    {
      "Target": "Parameter",
      "Id": "ParamXZD3",
      "Segments": [
        0,
        14.989,
        1,
        0.056,
        13.474,
        0.111,
        -0.219,
        0.167,
        -1,
        1,
        0.256,
        -2.246,
        0.344,
        -13.528,
        0.433,
        -14.444,
        1,
        0.544,
        -17.076,
        0.656,
        -18.397,
        0.767,
        -18.836,
        1,
        0.9,
        -19.367,
        1.034,
        -30,
        1.167,
        -30,
        1,
        1.289,
        -28.863,
        1.411,
        -0.716,
        1.533,
        3.333,
        1,
        1.7,
        14.178,
        1.866,
        14.989,
        2.033,
        14.989
      ]
    },
    {
      "Target": "Parameter",
      "Id": "ParamXZD4",
      "Segments": [
        0,
        1.072,
        1,
        0.122,
        1.072,
        0.245,
        1.043,
        0.367,
        -0.63,
        1,
        0.456,
        -1.875,
        0.544,
        -13.158,
        0.633,
        -14.074,
        1,
        0.744,
        -16.705,
        0.856,
        -18.026,
        0.967,
        -18.466,
        1,
        1.1,
        -18.997,
        1.234,
        -29.63,
        1.367,
        -29.63,
        1,
        1.511,
        -28.286,
        1.656,
        -10.341,
        1.8,
        -5.556,
        1,
        1.878,
        3.398,
        1.955,
        8.85,
        2.033,
        8.85
      ]
    },
    {
      "Target": "Parameter",
      "Id": "ParamZSH",
      "Segments": [
        0,
        0,
        2,
        1.133,
        0,
        0,
        1.167,
        30,
        2,
        2.033,
        30
      ]
    },
    {
      "Target": "Parameter",
      "Id": "ParamArmR",
      "Segments": [
        0,
        -20,
        1,
        0.067,
        -20,
        0.133,
        -34.968,
        0.2,
        -35,
        1,
        0.233,
        -35.016,
        0.267,
        -35.008,
        0.3,
        -35.008,
        1,
        0.367,
        -35.008,
        0.433,
        -35.529,
        0.5,
        -33.328,
        1,
        0.6,
        -30.026,
        0.7,
        1,
        0.8,
        1,
        1,
        0.956,
        1,
        1.111,
        -31.736,
        1.267,
        -33,
        1,
        1.522,
        -35.076,
        1.778,
        -35.061,
        2.033,
        -35.061
      ]
    },
    {
      "Target": "Parameter",
      "Id": "ParamArmRY",
      "Segments": [
        0,
        -7,
        0,
        0.2,
        0,
        0,
        0.3,
        -4,
        0,
        0.5,
        -1.167,
        0,
        0.867,
        -30,
        2,
        1.267,
        -30,
        0,
        2.033,
        0
      ]
    },
    {
      "Target": "Parameter",
      "Id": "ParamArmR1",
      "Segments": [
        0,
        -17.152,
        0,
        0.033,
        -21,
        0,
        0.3,
        -20.941,
        0,
        0.5,
        -20.776,
        1,
        1.011,
        -19.717,
        1.522,
        -18.796,
        2.033,
        -18.796
      ]
    },
    {
      "Target": "Parameter",
      "Id": "ParamHandR",
      "Segments": [
        0,
        -0.436,
        0,
        0.2,
        13,
        0,
        0.3,
        11,
        0,
        0.5,
        14.58,
        1,
        0.589,
        18.714,
        0.678,
        23.612,
        0.767,
        31,
        1,
        0.867,
        37.333,
        0.967,
        43.667,
        1.067,
        50,
        2,
        1.1,
        -41,
        1,
        1.167,
        -25,
        1.233,
        -9,
        1.3,
        7,
        1,
        1.422,
        13.667,
        1.545,
        20.333,
        1.667,
        27,
        1,
        1.789,
        23.667,
        1.911,
        20.333,
        2.033,
        17
      ]
    },
    {
      "Target": "Parameter",
      "Id": "ParamYBTY",
      "Segments": [
        0,
        -24,
        0,
        0.2,
        -45,
        0,
        0.3,
        -44.785,
        0,
        0.5,
        -45.107,
        0,
        0.767,
        -39,
        0,
        1.267,
        -60,
        2,
        2.033,
        -60
      ]
    },
    {
      "Target": "Parameter",
      "Id": "ParamYBTX",
      "Segments": [
        0,
        0,
        1,
        0.011,
        0,
        0.022,
        2.691,
        0.033,
        6,
        1,
        0.089,
        22.546,
        0.144,
        30,
        0.2,
        30,
        1,
        0.233,
        30,
        0.267,
        1.49,
        0.3,
        0,
        1,
        0.367,
        -2.98,
        0.433,
        -4.456,
        0.5,
        -6.584,
        1,
        0.589,
        -9.421,
        0.678,
        -10.855,
        0.767,
        -14.905,
        1,
        0.922,
        -21.993,
        1.078,
        -30,
        1.233,
        -30,
        2,
        2.033,
        -30
      ]
    },
    {
      "Target": "Parameter",
      "Id": "ParamYSWY",
      "Segments": [
        0,
        0,
        1,
        0.167,
        0,
        0.333,
        -0.105,
        0.5,
        -1.023,
        1,
        0.589,
        -1.513,
        0.678,
        -3.207,
        0.767,
        -3.207,
        0,
        1.067,
        30,
        2,
        1.333,
        30,
        0,
        2.033,
        -8
      ]
    },
    {
      "Target": "Parameter",
      "Id": "ParamYXZ",
      "Segments": [
        0,
        -30,
        2,
        0.5,
        -30,
        2,
        0.7,
        -30,
        0,
        1.067,
        30,
        2,
        1.333,
        30,
        0,
        2.033,
        -30
      ]
    },
    {
      "Target": "Parameter",
      "Id": "ParamYXZ2",
      "Segments": [
        0,
        0,
        2,
        0.5,
        0,
        2,
        0.7,
        0,
        0,
        1.067,
        30,
        2,
        1.333,
        30,
        0,
        2.033,
        0
      ]
    },
    {
      "Target": "Parameter",
      "Id": "ParamYWMZ",
      "Segments": [
        0,
        -30,
        2,
        0.5,
        -30,
        2,
        0.7,
        -30,
        0,
        1.067,
        30,
        2,
        1.333,
        30,
        0,
        2.033,
        -30
      ]
    },
    {
      "Target": "Parameter",
      "Id": "ParamYWMZ2",
      "Segments": [
        0,
        0,
        2,
        0.5,
        0,
        2,
        0.7,
        0,
        0,
        1.067,
        30,
        2,
        1.333,
        30,
        0,
        2.033,
        0
      ]
    },
    {
      "Target": "Parameter",
      "Id": "ParamYZZ",
      "Segments": [
        0,
        -24,
        2,
        0.5,
        -24,
        2,
        0.7,
        -24,
        0,
        1.067,
        30,
        2,
        1.333,
        30,
        0,
        2.033,
        -24
      ]
    },
    {
      "Target": "Parameter",
      "Id": "ParamYZZ2",
      "Segments": [
        0,
        0,
        2,
        0.5,
        0,
        2,
        0.7,
        0,
        0,
        1.067,
        30,
        2,
        1.333,
        30,
        0,
        2.033,
        0
      ]
    },
    {
      "Target": "Parameter",
      "Id": "ParamYSZ",
      "Segments": [
        0,
        -30,
        2,
        0.5,
        -30,
        2,
        0.7,
        -30,
        0,
        1.067,
        30,
        2,
        1.333,
        30,
        0,
        2.033,
        -30
      ]
    },
    {
      "Target": "Parameter",
      "Id": "ParamYSZ2",
      "Segments": [
        0,
        0,
        2,
        0.5,
        0,
        2,
        0.7,
        0,
        0,
        1.067,
        30,
        2,
        1.333,
        30,
        0,
        2.033,
        0
      ]
    },
    {
      "Target": "Parameter",
      "Id": "ParamYMZ",
      "Segments": [
        0,
        -20,
        2,
        0.5,
        -20,
        2,
        0.733,
        -20,
        0,
        1.067,
        30,
        2,
        1.333,
        30,
        0,
        2.033,
        -20
      ]
    },
    {
      "Target": "Parameter",
      "Id": "ParamYXZKH",
      "Segments": [
        0,
        -17.074,
        0,
        0.233,
        -30,
        0,
        0.5,
        3.333,
        0,
        0.9,
        -30,
        0,
        1.3,
        21.852,
        0,
        2.033,
        -17.074
      ]
    },
    {
      "Target": "Parameter",
      "Id": "ParamYXZX",
      "Segments": [
        0,
        -4.935,
        0,
        0.133,
        -11.111,
        0,
        0.3,
        1.481,
        0,
        0.5,
        -2.963,
        0,
        0.7,
        17.037,
        0,
        0.9,
        -11.111,
        0,
        1.267,
        10.37,
        0,
        2.033,
        -4.935
      ]
    },
    {
      "Target": "Parameter",
      "Id": "ParamYXZY",
      "Segments": [
        0,
        -16,
        1,
        0.089,
        -16,
        0.178,
        -16.017,
        0.267,
        -15.482,
        1,
        0.322,
        -15.147,
        0.378,
        0,
        0.433,
        0,
        0,
        0.6,
        -10.37,
        0,
        0.8,
        15.556,
        0,
        1,
        -12.592,
        0,
        1.367,
        8.889,
        0,
        2.033,
        -16
      ]
    },
    {
      "Target": "Parameter",
      "Id": "ParamXZD",
      "Segments": [
        0,
        30,
        1,
        0.044,
        22.799,
        0.089,
        -3.817,
        0.133,
        -0.667,
        0,
        0.3,
        2.382,
        0,
        0.467,
        0.34,
        0,
        0.7,
        5.445,
        0,
        0.9,
        -11.111,
        1,
        1.022,
        -11.111,
        1.145,
        1.317,
        1.267,
        10.37,
        1,
        1.478,
        26.007,
        1.689,
        30,
        1.9,
        30,
        2,
        2.033,
        30
      ]
    },
    {
      "Target": "Parameter",
      "Id": "ParamXZD2",
      "Segments": [
        0,
        5.872,
        1,
        0.156,
        6.359,
        0.311,
        -1.037,
        0.467,
        -1.037,
        0,
        0.633,
        2.011,
        0,
        0.767,
        -0.031,
        0,
        0.967,
        5.074,
        0,
        1.167,
        -11.481,
        1,
        1.356,
        -11.481,
        1.544,
        -3.22,
        1.733,
        10,
        1,
        1.833,
        16.998,
        1.933,
        19.205,
        2.033,
        19.205
      ]
    },
    {
      "Target": "Parameter",
      "Id": "ParamYSH",
      "Segments": [
        0,
        6,
        0,
        0.5,
        7.706,
        0,
        0.9,
        0,
        2,
        1.067,
        0,
        1,
        1.078,
        0,
        1.089,
        -30,
        1.1,
        -30,
        2,
        2.033,
        -30
      ]
    },
    {
      "Target": "Parameter",
      "Id": "ParamGDXZ",
      "Segments": [
        0,
        -9,
        1,
        0.022,
        -9,
        0.045,
        -2.785,
        0.067,
        -2,
        1,
        0.145,
        0.747,
        0.222,
        2.12,
        0.3,
        4.911,
        1,
        0.322,
        5.708,
        0.345,
        30,
        0.367,
        30,
        0,
        0.533,
        -10,
        1,
        0.589,
        -10,
        0.644,
        -8.66,
        0.7,
        2,
        1,
        0.744,
        10.528,
        0.789,
        25,
        0.833,
        25,
        2,
        1.267,
        25,
        0,
        1.4,
        26,
        0,
        1.7,
        -10,
        0,
        2.033,
        30
      ]
    },
    {
      "Target": "Parameter",
      "Id": "ParamGXZ1",
      "Segments": [
        0,
        -30,
        0,
        0.3,
        0.252,
        1,
        0.322,
        3.906,
        0.345,
        3.361,
        0.367,
        3.361,
        0,
        0.5,
        0,
        2,
        2.033,
        0
      ]
    },
    {
      "Target": "Parameter",
      "Id": "ParamGXZ2",
      "Segments": [
        0,
        -30,
        0,
        0.3,
        0.252,
        1,
        0.322,
        3.825,
        0.345,
        3.181,
        0.367,
        3.181,
        0,
        0.5,
        0,
        2,
        2.033,
        0
      ]
    },
    {
      "Target": "Parameter",
      "Id": "ParamZTXZ",
      "Segments": [
        0,
        77,
        2,
        0.333,
        77,
        0,
        0.667,
        77.418,
        1,
        0.889,
        77.418,
        1.111,
        35.4,
        1.333,
        28.571,
        1,
        1.444,
        25.156,
        1.556,
        26.25,
        1.667,
        26.25,
        0,
        2.033,
        28
      ]
    },
    {
      "Target": "Parameter",
      "Id": "ParamGDTX",
      "Segments": [
        0,
        0,
        0,
        0.167,
        30,
        0,
        0.3,
        0,
        2,
        0.833,
        0,
        0,
        0.933,
        -30,
        2,
        1.333,
        -30,
        0,
        1.433,
        0,
        2,
        2.033,
        0
      ]
    },
    {
      "Target": "Parameter",
      "Id": "ParamGDTX2",
      "Segments": [
        0,
        30,
        2,
        0.233,
        30,
        1,
        0.3,
        28.792,
        0.366,
        23.697,
        0.433,
        0,
        2,
        0.567,
        0,
        2,
        0.767,
        0,
        0,
        1,
        -30,
        2,
        1.3,
        -30,
        0,
        1.667,
        0,
        2,
        2.033,
        0
      ]
    },
    {
      "Target": "Parameter",
      "Id": "ParamGDTX3",
      "Segments": [
        0,
        30,
        2,
        0.233,
        30,
        1,
        0.3,
        28.638,
        0.366,
        24.958,
        0.433,
        0,
        2,
        0.567,
        0,
        2,
        0.767,
        0,
        0,
        1,
        30,
        2,
        1.3,
        30,
        0,
        1.667,
        0,
        2,
        2.033,
        0
      ]
    },
    {
      "Target": "Parameter",
      "Id": "ParamHT",
      "Segments": [
        0,
        0,
        2,
        0.3,
        0,
        0,
        0.5,
        1,
        2,
        2.033,
        1
      ]
    },
    {
      "Target": "Parameter",
      "Id": "Paramxzb",
      "Segments": [
        0,
        0,
        0,
        2.033,
        -3
      ]
    },
    {
      "Target": "Parameter",
      "Id": "ParamGTC1",
      "Segments": [
        0,
        30,
        0,
        0.767,
        0,
        2,
        2.033,
        0
      ]
    },
    {
      "Target": "Parameter",
      "Id": "ParamGTC2",
      "Segments": [
        0,
        29.34,
        2,
        0.767,
        29.34,
        0,
        0.933,
        30,
        0,
        0.967,
        0,
        2,
        2.033,
        0
      ]
    },
    {
      "Target": "Parameter",
      "Id": "ParamGTC3",
      "Segments": [
        0,
        30,
        2,
        0.767,
        30,
        0,
        2.033,
        0
      ]
    },
    {
      "Target": "Parameter",
      "Id": "ParamGX",
      "Segments": [
        0,
        0,
        2,
        0.5,
        0,
        0,
        1,
        -7,
        2,
        1.3,
        -7,
        0,
        2.033,
        -8
      ]
    },
    {
      "Target": "Parameter",
      "Id": "ParamGY",
      "Segments": [
        0,
        5,
        0,
        0.2,
        0,
        0,
        0.3,
        1,
        0,
        0.5,
        0.867,
        1,
        0.533,
        1.88,
        0.567,
        2.51,
        0.6,
        3.291,
        1,
        0.689,
        10.588,
        0.778,
        12,
        0.867,
        12,
        0,
        1.133,
        -1,
        0,
        1.3,
        2,
        0,
        2.033,
        -3
      ]
    },
    {
      "Target": "Parameter",
      "Id": "ParamLegL",
      "Segments": [
        0,
        17,
        2,
        0.367,
        17,
        2,
        0.767,
        17,
        2,
        1.4,
        17,
        0,
        2.033,
        12.143
      ]
    },
    {
      "Target": "Parameter",
      "Id": "ParamLegLY",
      "Segments": [
        0,
        0,
        0,
        0.367,
        8,
        2,
        0.767,
        8,
        0,
        1.4,
        0,
        0,
        2.033,
        6.857
      ]
    },
    {
      "Target": "Parameter",
      "Id": "ParamLegL1",
      "Segments": [
        0,
        0,
        2,
        0.367,
        0,
        2,
        0.767,
        0,
        1,
        0.978,
        0,
        1.189,
        -1.401,
        1.4,
        -3,
        1,
        1.611,
        -4.599,
        1.822,
        -5,
        2.033,
        -5
      ]
    },
    {
      "Target": "Parameter",
      "Id": "ParamFootL",
      "Segments": [
        0,
        -18.127,
        2,
        0.367,
        -18.127,
        2,
        0.767,
        -18.127,
        2,
        1.4,
        -18.127,
        0,
        2.033,
        0
      ]
    },
    {
      "Target": "Parameter",
      "Id": "ParamMDL",
      "Segments": [
        0,
        0,
        2,
        0.367,
        0,
        2,
        0.767,
        0,
        2,
        1.4,
        0,
        0,
        2.033,
        -10
      ]
    },
    {
      "Target": "Parameter",
      "Id": "ParamLegR",
      "Segments": [
        0,
        30,
        2,
        0.367,
        30,
        2,
        0.767,
        30,
        2,
        1.4,
        30,
        0,
        2.033,
        16
      ]
    },
    {
      "Target": "Parameter",
      "Id": "ParamLegRY",
      "Segments": [
        0,
        8.04,
        0,
        0.367,
        14,
        2,
        0.767,
        14,
        0,
        1.4,
        8.04,
        2,
        2.033,
        8.04
      ]
    },
    {
      "Target": "Parameter",
      "Id": "ParamLegR1",
      "Segments": [
        0,
        -21.54,
        2,
        0.367,
        -21.54,
        2,
        0.767,
        -21.54,
        2,
        1.4,
        -21.54,
        0,
        2.033,
        -9
      ]
    },
    {
      "Target": "Parameter",
      "Id": "Parammod",
      "Segments": [
        0,
        0,
        0,
        0.433,
        10,
        2,
        2.033,
        10
      ]
    },
    {
      "Target": "Parameter",
      "Id": "ParamOpaishakeX",
      "Segments": [
        0,
        0.091,
        1,
        0.156,
        0.091,
        0.311,
        -0.631,
        0.467,
        -0.7,
        1,
        0.634,
        -0.775,
        0.8,
        0.566,
        0.967,
        0.556,
        0,
        2.033,
        -0.758
      ]
    },
    {
      "Target": "Parameter",
      "Id": "ParamOpaishakeY",
      "Segments": [
        0,
        -0.805,
        0,
        0.167,
        1,
        0,
        0.433,
        -1,
        0,
        0.633,
        1,
        0,
        0.8,
        -1,
        0,
        1,
        0,
        0,
        2.033,
        -0.805
      ]
    },
    {
      "Target": "Parameter",
      "Id": "ParamHairFront",
      "Segments": [
        0,
        0.686,
        0,
        0.233,
        1,
        1,
        0.3,
        0.972,
        0.366,
        -0.246,
        0.433,
        -0.3,
        1,
        0.522,
        -0.372,
        0.611,
        0.242,
        0.7,
        0.193,
        1,
        0.867,
        0.101,
        1.033,
        -0.621,
        1.2,
        -0.773,
        1,
        1.333,
        -0.882,
        1.467,
        0.146,
        1.6,
        0.193,
        0,
        2.033,
        -0.711
      ]
    },
    {
      "Target": "Parameter",
      "Id": "ParamHaiFrontY",
      "Segments": [
        0,
        0.237,
        0,
        0.333,
        1,
        1,
        0.4,
        0.972,
        0.466,
        -0.246,
        0.533,
        -0.3,
        1,
        0.622,
        -0.372,
        0.711,
        0.242,
        0.8,
        0.193,
        1,
        0.967,
        0.101,
        1.133,
        -0.621,
        1.3,
        -0.773,
        1,
        1.433,
        -0.882,
        1.567,
        0.146,
        1.7,
        0.193,
        0,
        2.033,
        -0.245
      ]
    },
    {
      "Target": "Parameter",
      "Id": "ParamHairFront2",
      "Segments": [
        0,
        0.98,
        0,
        0.3,
        1,
        1,
        0.367,
        0.972,
        0.433,
        -0.246,
        0.5,
        -0.3,
        1,
        0.589,
        -0.372,
        0.678,
        0.242,
        0.767,
        0.193,
        1,
        0.934,
        0.101,
        1.1,
        -0.621,
        1.267,
        -0.773,
        1,
        1.4,
        -0.882,
        1.534,
        0.146,
        1.667,
        0.193,
        0,
        2.033,
        -1
      ]
    },
    {
      "Target": "Parameter",
      "Id": "ParamHairFront2Y",
      "Segments": [
        0,
        -0.091,
        0,
        0.4,
        1,
        1,
        0.467,
        0.972,
        0.533,
        -0.246,
        0.6,
        -0.3,
        1,
        0.689,
        -0.372,
        0.778,
        0.242,
        0.867,
        0.193,
        1,
        1.034,
        0.101,
        1.2,
        -0.621,
        1.367,
        -0.773,
        1,
        1.5,
        -0.882,
        1.634,
        0.146,
        1.767,
        0.193,
        0,
        2.033,
        0.094
      ]
    },
    {
      "Target": "Parameter",
      "Id": "ParamHairFront3",
      "Segments": [
        0,
        0.799,
        0,
        0.2,
        1,
        1,
        0.267,
        0.972,
        0.333,
        -0.246,
        0.4,
        -0.3,
        1,
        0.489,
        -0.372,
        0.578,
        0.242,
        0.667,
        0.193,
        1,
        0.834,
        0.101,
        1,
        -0.621,
        1.167,
        -0.773,
        1,
        1.3,
        -0.882,
        1.434,
        0.146,
        1.567,
        0.193,
        0,
        2.033,
        -0.828
      ]
    },
    {
      "Target": "Parameter",
      "Id": "ParamHairFront3Y",
      "Segments": [
        0,
        0.074,
        0,
        0.3,
        1,
        1,
        0.367,
        0.972,
        0.433,
        -0.246,
        0.5,
        -0.3,
        1,
        0.589,
        -0.372,
        0.678,
        0.242,
        0.767,
        0.193,
        1,
        0.934,
        0.101,
        1.1,
        -0.621,
        1.267,
        -0.773,
        1,
        1.4,
        -0.882,
        1.534,
        0.146,
        1.667,
        0.193,
        0,
        2.033,
        -0.077
      ]
    },
    {
      "Target": "Parameter",
      "Id": "ParamHairSide",
      "Segments": [
        0,
        0.294,
        0,
        0.3,
        1,
        1,
        0.367,
        0.972,
        0.433,
        -0.246,
        0.5,
        -0.3,
        1,
        0.589,
        -0.372,
        0.678,
        0.242,
        0.767,
        0.193,
        1,
        0.934,
        0.101,
        1.1,
        -0.621,
        1.267,
        -0.773,
        1,
        1.4,
        -0.882,
        1.534,
        0.146,
        1.667,
        0.193,
        0,
        2.033,
        -0.304
      ]
    },
    {
      "Target": "Parameter",
      "Id": "ParamHairFrontY",
      "Segments": [
        0,
        0.237,
        0,
        0.4,
        1,
        1,
        0.467,
        0.972,
        0.533,
        -0.246,
        0.6,
        -0.3,
        1,
        0.689,
        -0.372,
        0.778,
        0.242,
        0.867,
        0.193,
        1,
        1.034,
        0.101,
        1.2,
        -0.621,
        1.367,
        -0.773,
        1,
        1.5,
        -0.882,
        1.634,
        0.146,
        1.767,
        0.193,
        0,
        2.033,
        -0.245
      ]
    },
    {
      "Target": "Parameter",
      "Id": "ParamHairSide2",
      "Segments": [
        0,
        0.391,
        0,
        0.3,
        1,
        1,
        0.367,
        0.972,
        0.433,
        -0.246,
        0.5,
        -0.3,
        1,
        0.589,
        -0.372,
        0.678,
        0.242,
        0.767,
        0.193,
        1,
        0.934,
        0.101,
        1.1,
        -0.621,
        1.267,
        -0.773,
        1,
        1.4,
        -0.882,
        1.534,
        0.146,
        1.667,
        0.193,
        0,
        2.033,
        -0.405
      ]
    },
    {
      "Target": "Parameter",
      "Id": "ParamHairSide2y",
      "Segments": [
        0,
        -0.254,
        0,
        0.4,
        1,
        1,
        0.467,
        0.972,
        0.533,
        -0.246,
        0.6,
        -0.3,
        1,
        0.689,
        -0.372,
        0.778,
        0.242,
        0.867,
        0.193,
        1,
        1.034,
        0.101,
        1.2,
        -0.621,
        1.367,
        -0.773,
        1,
        1.5,
        -0.882,
        1.634,
        0.146,
        1.767,
        0.193,
        1,
        1.856,
        0.293,
        1.944,
        0.263,
        2.033,
        0.263
      ]
    },
    {
      "Target": "Parameter",
      "Id": "ParamHGX",
      "Segments": [
        0,
        0.774,
        0,
        0.233,
        1,
        1,
        0.3,
        0.972,
        0.366,
        -0.246,
        0.433,
        -0.3,
        1,
        0.522,
        -0.372,
        0.611,
        0.242,
        0.7,
        0.193,
        1,
        0.867,
        0.101,
        1.033,
        -0.621,
        1.2,
        -0.773,
        1,
        1.333,
        -0.882,
        1.467,
        0.146,
        1.6,
        0.193,
        0,
        2.033,
        -0.802
      ]
    },
    {
      "Target": "Parameter",
      "Id": "ParamHGY",
      "Segments": [
        0,
        0.445,
        0,
        0.333,
        1,
        1,
        0.4,
        0.972,
        0.466,
        -0.246,
        0.533,
        -0.3,
        1,
        0.622,
        -0.372,
        0.711,
        0.242,
        0.8,
        0.193,
        1,
        0.967,
        0.101,
        1.133,
        -0.621,
        1.3,
        -0.773,
        1,
        1.433,
        -0.882,
        1.567,
        0.146,
        1.7,
        0.193,
        0,
        2.033,
        -0.461
      ]
    },
    {
      "Target": "Parameter",
      "Id": "ParamFAS",
      "Segments": [
        0,
        0.074,
        0,
        0.2,
        1,
        1,
        0.267,
        0.972,
        0.333,
        -0.246,
        0.4,
        -0.3,
        1,
        0.489,
        -0.372,
        0.578,
        0.242,
        0.667,
        0.193,
        1,
        0.834,
        0.101,
        1,
        -0.621,
        1.167,
        -0.773,
        1,
        1.3,
        -0.882,
        1.434,
        0.146,
        1.567,
        0.193,
        0,
        2.033,
        -0.067
      ]
    },
    {
      "Target": "Parameter",
      "Id": "ParamFASY",
      "Segments": [
        0,
        0.05,
        0,
        0.333,
        1,
        1,
        0.4,
        0.972,
        0.466,
        -0.246,
        0.533,
        -0.3,
        1,
        0.622,
        -0.372,
        0.711,
        0.242,
        0.8,
        0.193,
        1,
        0.967,
        0.101,
        1.133,
        -0.621,
        1.3,
        -0.773,
        1,
        1.433,
        -0.882,
        1.567,
        0.146,
        1.7,
        0.193,
        0,
        2.033,
        -0.085
      ]
    },
    {
      "Target": "Parameter",
      "Id": "ParamFAS2",
      "Segments": [
        0,
        0.074,
        0,
        0.267,
        1,
        1,
        0.334,
        0.972,
        0.4,
        -0.246,
        0.467,
        -0.3,
        1,
        0.556,
        -0.372,
        0.644,
        0.242,
        0.733,
        0.193,
        1,
        0.9,
        0.101,
        1.066,
        -0.621,
        1.233,
        -0.773,
        1,
        1.366,
        -0.882,
        1.5,
        0.146,
        1.633,
        0.193,
        0,
        2.033,
        -0.067
      ]
    },
    {
      "Target": "Parameter",
      "Id": "ParamFAS2Y",
      "Segments": [
        0,
        0.828,
        0,
        0.333,
        1,
        1,
        0.4,
        0.972,
        0.466,
        -0.246,
        0.533,
        -0.3,
        1,
        0.622,
        -0.372,
        0.711,
        0.242,
        0.8,
        0.193,
        1,
        0.967,
        0.101,
        1.133,
        -0.621,
        1.3,
        -0.773,
        1,
        1.433,
        -0.882,
        1.567,
        0.146,
        1.7,
        0.193,
        1,
        1.811,
        0.493,
        1.922,
        0.488,
        2.033,
        0.488
      ]
    },
    {
      "Target": "Parameter",
      "Id": "ParamBZY",
      "Segments": [
        0,
        1,
        0,
        0.2,
        -1,
        0,
        0.433,
        1,
        0,
        0.7,
        -1,
        0,
        1.233,
        1,
        0,
        1.633,
        -1,
        0,
        2.033,
        -0.325
      ]
    },
    {
      "Target": "Parameter",
      "Id": "ParamYMWX",
      "Segments": [
        0,
        3.521,
        0,
        0.6,
        -1.966,
        0,
        1.5,
        7.397,
        0,
        2.033,
        2.942
      ]
    },
    {
      "Target": "Parameter",
      "Id": "ParamYMWX2",
      "Segments": [
        0,
        7.989,
        0,
        1.1,
        -13.704,
        0,
        2.033,
        4.576
      ]
    },
    {
      "Target": "Parameter",
      "Id": "ParamYMWY",
      "Segments": [
        0,
        12.266,
        1,
        0.122,
        12.266,
        0.245,
        14.999,
        0.367,
        15,
        0,
        1.333,
        -15,
        0,
        2.033,
        6.133
      ]
    },
    {
      "Target": "Parameter",
      "Id": "ParamYMWY1",
      "Segments": [
        0,
        -12.995,
        0,
        0.167,
        -15.067,
        0,
        1.133,
        15.067,
        0,
        2.033,
        -12.995
      ]
    },
    {
      "Target": "Parameter",
      "Id": "ParamYMWY2",
      "Segments": [
        0,
        -7.772,
        0,
        0.333,
        -15.067,
        0,
        1.3,
        15.067,
        0,
        2.033,
        -7.772
      ]
    },
    {
      "Target": "Parameter",
      "Id": "ParamYMWK",
      "Segments": [
        0,
        0,
        0,
        0.5,
        -28.889,
        0,
        1.533,
        30,
        0,
        2.033,
        0
      ]
    },
    {
      "Target": "Parameter",
      "Id": "ParamZMWX",
      "Segments": [
        0,
        8.289,
        0,
        0.833,
        -2.142,
        1,
        1.133,
        -2.142,
        1.433,
        5.734,
        1.733,
        5.868,
        0,
        2.033,
        4.686
      ]
    },
    {
      "Target": "Parameter",
      "Id": "ParamZMWX2",
      "Segments": [
        0,
        7.988,
        0,
        1.167,
        -7.407,
        0,
        2.033,
        4.576
      ]
    },
    {
      "Target": "Parameter",
      "Id": "ParamZMWY",
      "Segments": [
        0,
        8.107,
        1,
        0.122,
        8.107,
        0.245,
        10.128,
        0.367,
        10.129,
        0,
        1.333,
        -10.924,
        0,
        2.033,
        4.053
      ]
    },
    {
      "Target": "Parameter",
      "Id": "ParamZMWY1",
      "Segments": [
        0,
        -12.995,
        0,
        0.167,
        -15.067,
        0,
        1.133,
        15.067,
        0,
        2.033,
        -12.995
      ]
    },
    {
      "Target": "Parameter",
      "Id": "ParamZMWY2",
      "Segments": [
        0,
        -3.232,
        1,
        0.178,
        -3.232,
        0.355,
        -14.615,
        0.533,
        -15.067,
        0,
        1.5,
        15.067,
        0,
        2.033,
        -3.232
      ]
    },
    {
      "Target": "Parameter",
      "Id": "ParamZMWK",
      "Segments": [
        0,
        5.312,
        1,
        0.222,
        5.312,
        0.445,
        -29.823,
        0.667,
        -30,
        0,
        1.467,
        28.518,
        0,
        2.033,
        5.312
      ]
    },
    {
      "Target": "Parameter",
      "Id": "ParamHairBack",
      "Segments": [
        0,
        -0.205,
        1,
        0.167,
        -0.205,
        0.333,
        -0.41,
        0.5,
        -0.4,
        1,
        0.778,
        -0.384,
        1.055,
        -0.555,
        1.333,
        -0.479,
        0,
        2.033,
        -0.1
      ]
    },
    {
      "Target": "Parameter",
      "Id": "ParamSkirt",
      "Segments": [
        0,
        1,
        2,
        0.267,
        1,
        0,
        0.533,
        -1,
        0,
        0.867,
        0.728,
        0,
        1.233,
        -1,
        0,
        1.533,
        0.386,
        0,
        2.033,
        -1
      ]
    },
    {
      "Target": "Parameter",
      "Id": "ParamSkirtY",
      "Segments": [
        0,
        0.741,
        0,
        0.4,
        1,
        0,
        0.667,
        -0.403,
        0,
        1,
        0.517,
        0,
        1.367,
        -0.403,
        1,
        1.467,
        -0.403,
        1.567,
        0.067,
        1.667,
        0.353,
        1,
        1.789,
        0.703,
        1.911,
        0.741,
        2.033,
        0.741
      ]
    },
    {
      "Target": "Parameter",
      "Id": "ParamSkirt2",
      "Segments": [
        0,
        0.741,
        0,
        0.267,
        1,
        0,
        0.533,
        -0.42,
        0,
        0.867,
        0.5,
        0,
        1.233,
        -0.42,
        0,
        1.533,
        0.336,
        0,
        2.033,
        -0.42
      ]
    },
    {
      "Target": "Parameter",
      "Id": "ParamEyeSmile",
      "Segments": [
        0,
        1,
        0,
        2.033,
        1
      ]
    },
    {
      "Target": "Parameter",
      "Id": "ParamEYET",
      "Segments": [
        0,
        0,
        0,
        2.033,
        0
      ]
    },
    {
      "Target": "Parameter",
      "Id": "ParamParamBrowLY",
      "Segments": [
        0,
        0,
        0,
        2.033,
        0
      ]
    },
    {
      "Target": "Parameter",
      "Id": "ParamParamBrowRY",
      "Segments": [
        0,
        0,
        0,
        2.033,
        0
      ]
    },
    {
      "Target": "Parameter",
      "Id": "ParamBrowLAngle",
      "Segments": [
        0,
        0,
        0,
        2.033,
        0
      ]
    },
    {
      "Target": "Parameter",
      "Id": "ParamBrowRAngle",
      "Segments": [
        0,
        0,
        0,
        2.033,
        0
      ]
    },
    {
      "Target": "Parameter",
      "Id": "ParamBrowLForm",
      "Segments": [
        0,
        0,
        0,
        2.033,
        0
      ]
    },
    {
      "Target": "Parameter",
      "Id": "ParamBrowRForm",
      "Segments": [
        0,
        0,
        0,
        2.033,
        0
      ]
    },
    {
      "Target": "Parameter",
      "Id": "ParamCheek",
      "Segments": [
        0,
        0,
        0,
        2.033,
        0
      ]
    },
    {
      "Target": "Parameter",
      "Id": "ParamMouthOpenY",
      "Segments": [
        0,
        0,
        0,
        2.033,
        0
      ]
    },
    {
      "Target": "Parameter",
      "Id": "ParamMouthForm",
      "Segments": [
        0,
        0,
        0,
        2.033,
        0
      ]
    },
    {
      "Target": "Parameter",
      "Id": "ParamMouthX",
      "Segments": [
        0,
        0,
        0,
        2.033,
        0
      ]
    },
    {
      "Target": "Parameter",
      "Id": "ParamTDP",
      "Segments": [
        0,
        0,
        0,
        2.033,
        0
      ]
    },
    {
      "Target": "Parameter",
      "Id": "ParamDDZ",
      "Segments": [
        0,
        0,
        0,
        2.033,
        0
      ]
    },
    {
      "Target": "Parameter",
      "Id": "ParamLjian",
      "Segments": [
        0,
        0,
        0,
        2.033,
        0
      ]
    },
    {
      "Target": "Parameter",
      "Id": "ParamRjian",
      "Segments": [
        0,
        0,
        0,
        2.033,
        0
      ]
    },
    {
      "Target": "Parameter",
      "Id": "ParamZTX",
      "Segments": [
        0,
        0,
        0,
        2.033,
        0
      ]
    },
    {
      "Target": "Parameter",
      "Id": "ParamZTZ",
      "Segments": [
        0,
        0,
        0,
        2.033,
        0
      ]
    },
    {
      "Target": "Parameter",
      "Id": "ParamZBTX",
      "Segments": [
        0,
        0,
        0,
        2.033,
        0
      ]
    },
    {
      "Target": "Parameter",
      "Id": "ParamZD",
      "Segments": [
        0,
        -30,
        0,
        2.033,
        -30
      ]
    },
    {
      "Target": "Parameter",
      "Id": "ParamZSTC",
      "Segments": [
        0,
        0,
        0,
        2.033,
        0
      ]
    },
    {
      "Target": "Parameter",
      "Id": "ParamYD",
      "Segments": [
        0,
        -40,
        0,
        2.033,
        -40
      ]
    },
    {
      "Target": "Parameter",
      "Id": "ParamYSTC",
      "Segments": [
        0,
        1,
        0,
        2.033,
        1
      ]
    },
    {
      "Target": "Parameter",
      "Id": "ParamJYX",
      "Segments": [
        0,
        0,
        0,
        2.033,
        0
      ]
    },
    {
      "Target": "Parameter",
      "Id": "ParamGXS",
      "Segments": [
        0,
        1,
        0,
        2.033,
        1
      ]
    },
    {
      "Target": "Parameter",
      "Id": "ParamGZZ",
      "Segments": [
        0,
        0,
        0,
        2.033,
        0
      ]
    },
    {
      "Target": "Parameter",
      "Id": "ParamZDTTQ",
      "Segments": [
        0,
        0,
        0,
        2.033,
        0
      ]
    },
    {
      "Target": "Parameter",
      "Id": "ParamZXTB",
      "Segments": [
        0,
        -1,
        0,
        2.033,
        -1
      ]
    },
    {
      "Target": "Parameter",
      "Id": "ParamLegL1Y",
      "Segments": [
        0,
        0,
        0,
        2.033,
        0
      ]
    },
    {
      "Target": "Parameter",
      "Id": "ParamZJJR",
      "Segments": [
        0,
        0,
        0,
        2.033,
        0
      ]
    },
    {
      "Target": "Parameter",
      "Id": "ParamLegRX",
      "Segments": [
        0,
        0,
        0,
        2.033,
        0
      ]
    },
    {
      "Target": "Parameter",
      "Id": "ParamTXTT",
      "Segments": [
        0,
        -0.071,
        0,
        2.033,
        -0.071
      ]
    },
    {
      "Target": "Parameter",
      "Id": "ParamLegR1Y",
      "Segments": [
        0,
        0,
        0,
        2.033,
        0
      ]
    },
    {
      "Target": "Parameter",
      "Id": "ParamFootR",
      "Segments": [
        0,
        14,
        0,
        2.033,
        14
      ]
    },
    {
      "Target": "Parameter",
      "Id": "ParamYJJR",
      "Segments": [
        0,
        0,
        0,
        2.033,
        0
      ]
    },
    {
      "Target": "Parameter",
      "Id": "ParamMDR",
      "Segments": [
        0,
        0,
        0,
        2.033,
        0
      ]
    },
    {
      "Target": "Parameter",
      "Id": "ParamWhite1",
      "Segments": [
        0,
        0,
        0,
        2.033,
        0
      ]
    },
    {
      "Target": "Parameter",
      "Id": "ParamBlack0",
      "Segments": [
        0,
        1,
        0,
        2.033,
        1
      ]
    },
    {
      "Target": "Parameter",
      "Id": "ParamBlack01",
      "Segments": [
        0,
        1,
        0,
        2.033,
        1
      ]
    },
    {
      "Target": "Parameter",
      "Id": "ParamBlack1",
      "Segments": [
        0,
        0,
        0,
        2.033,
        0
      ]
    },
    {
      "Target": "Parameter",
      "Id": "Param97X",
      "Segments": [
        0,
        0,
        0,
        2.033,
        0
      ]
    },
    {
      "Target": "Parameter",
      "Id": "Param97Y",
      "Segments": [
        0,
        0,
        0,
        2.033,
        0
      ]
    },
    {
      "Target": "Parameter",
      "Id": "Param97O",
      "Segments": [
        0,
        0,
        0,
        2.033,
        0
      ]
    },
    {
      "Target": "Parameter",
      "Id": "ParamWY",
      "Segments": [
        0,
        0,
        0,
        2.033,
        0
      ]
    },
    {
      "Target": "Parameter",
      "Id": "ParamWZoom",
      "Segments": [
        0,
        0,
        0,
        2.033,
        0
      ]
    }
  ],
  "UserData": [
    {
      "Time": 0.0,
      "Value": ""
    }
  ]
}