{
  "Version": 3,
  "Meta": {
    "Duration": 2.5,
    "Fps": 30.0,
    "Loop": true,
    "AreBeziersRestricted": true,
    "CurveCount": 158,
    "TotalSegmentCount": 566,
    "TotalPointCount": 1148,
    "UserDataCount": 2,
    "TotalUserDataSize": 19
  },
  "Curves": [
    {
      "Target": "Parameter",
      "Id": "ParamAngleX",
      "Segments": [
        0,
        30,
        0,
        0.767,
        17.946,
        0,
        1.267,
        30,
        2,
        1.467,
        30,
        2,
        2.5,
        30
      ]
    },
    {
      "Target": "Parameter",
      "Id": "ParamAngleY",
      "Segments": [
        0,
        -14.291,
        0,
        0.233,
        30,
        1,
        0.266,
        29.584,
        0.3,
        24.373,
        0.333,
        23.772,
        1,
        0.355,
        23.367,
        0.378,
        27.837,
        0.4,
        27.595,
        1,
        0.422,
        27.35,
        0.445,
        20.516,
        0.467,
        20.092,
        1,
        0.489,
        19.665,
        0.511,
        24.051,
        0.533,
        23.772,
        1,
        0.766,
        22.799,
        1,
        -30,
        1.233,
        -30,
        2,
        1.833,
        -30,
        0,
        2.067,
        -9.948,
        0,
        2.5,
        -14.291
      ]
    },
    {
      "Target": "Parameter",
      "Id": "ParamAngleZ",
      "Segments": [
        0,
        -6.774,
        0,
        0.333,
        -16.875,
        1,
        0.466,
        -16.875,
        0.6,
        1.574,
        0.733,
        13.125,
        1,
        0.9,
        27.563,
        1.066,
        29.732,
        1.233,
        29.732,
        1,
        1.311,
        29.732,
        1.389,
        28.808,
        1.467,
        24.385,
        1,
        1.811,
        4.795,
        2.156,
        -6.774,
        2.5,
        -6.774
      ]
    },
    {
      "Target": "Parameter",
      "Id": "ParamEyeLOpen",
      "Segments": [
        0,
        1,
        0,
        0.233,
        0,
        2,
        0.6,
        0,
        2,
        1.067,
        0,
        1,
        1.2,
        0,
        1.334,
        0.176,
        1.467,
        0.247,
        1,
        1.578,
        0.306,
        1.689,
        0.3,
        1.8,
        0.3,
        0,
        2.033,
        0,
        0,
        2.233,
        1,
        2,
        2.5,
        1
      ]
    },
    {
      "Target": "Parameter",
      "Id": "ParamEyeROpen",
      "Segments": [
        0,
        1,
        0,
        0.233,
        0,
        2,
        0.6,
        0,
        2,
        1.067,
        0,
        1,
        1.2,
        0,
        1.334,
        0.702,
        1.467,
        0.763,
        1,
        1.578,
        0.814,
        1.689,
        0.8,
        1.8,
        0.8,
        0,
        2.033,
        0,
        0,
        2.233,
        1,
        2,
        2.5,
        1
      ]
    },
    {
      "Target": "Parameter",
      "Id": "ParamEyeSmile",
      "Segments": [
        0,
        1,
        2,
        1.8,
        1,
        0,
        2.033,
        0.4,
        0,
        2.5,
        1
      ]
    },
    {
      "Target": "Parameter",
      "Id": "ParamEyeBallX",
      "Segments": [
        0,
        -0.722,
        1,
        0.078,
        -0.722,
        0.155,
        -0.588,
        0.233,
        -0.5,
        1,
        0.378,
        -0.337,
        0.522,
        -0.3,
        0.667,
        -0.3,
        1,
        0.856,
        -0.3,
        1.044,
        -0.386,
        1.233,
        -0.5,
        1,
        1.311,
        -0.547,
        1.389,
        -0.584,
        1.467,
        -0.603,
        1,
        1.811,
        -0.69,
        2.156,
        -0.722,
        2.5,
        -0.722
      ]
    },
    {
      "Target": "Parameter",
      "Id": "ParamEyeBallY",
      "Segments": [
        0,
        0.317,
        0,
        0.667,
        0.5,
        1,
        0.8,
        0.5,
        0.934,
        -0.146,
        1.067,
        0,
        1,
        1.122,
        0.061,
        1.178,
        1,
        1.233,
        1,
        1,
        1.311,
        1,
        1.389,
        0.983,
        1.467,
        0.9,
        1,
        1.811,
        0.533,
        2.156,
        0.317,
        2.5,
        0.317
      ]
    },
    {
      "Target": "Parameter",
      "Id": "ParamParamBrowLY",
      "Segments": [
        0,
        0,
        2,
        1.067,
        0,
        0,
        1.367,
        -1,
        1,
        1.4,
        -1,
        1.434,
        -1.016,
        1.467,
        -0.96,
        1,
        1.811,
        -0.387,
        2.156,
        0,
        2.5,
        0
      ]
    },
    {
      "Target": "Parameter",
      "Id": "ParamParamBrowRY",
      "Segments": [
        0,
        0,
        2,
        1.067,
        0,
        0,
        1.367,
        -1,
        1,
        1.4,
        -1,
        1.434,
        -1.016,
        1.467,
        -0.96,
        1,
        1.811,
        -0.387,
        2.156,
        0,
        2.5,
        0
      ]
    },
    {
      "Target": "Parameter",
      "Id": "ParamCheek",
      "Segments": [
        0,
        0,
        0,
        0.633,
        1,
        2,
        1.467,
        1,
        2,
        1.867,
        1,
        0,
        2.5,
        0
      ]
    },
    {
      "Target": "Parameter",
      "Id": "ParamMouthOpenY",
      "Segments": [
        0,
        0.792,
        1,
        0.067,
        0.797,
        0.133,
        0.089,
        0.2,
        0.094,
        1,
        0.233,
        0.045,
        0.267,
        0.918,
        0.3,
        1,
        2,
        2,
        1,
        1,
        2.167,
        0.996,
        2.333,
        0.004,
        2.5,
        0
      ]
    },
    {
      "Target": "Parameter",
      "Id": "ParamMouthForm",
      "Segments": [
        0,
        0,
        1,
        0.033,
        0,
        0.067,
        -0.002,
        0.1,
        -0.1,
        1,
        0.144,
        -0.23,
        0.189,
        -0.402,
        0.233,
        -0.402,
        0,
        0.3,
        0.179,
        0,
        0.367,
        -0.295,
        0,
        0.533,
        0.161,
        0,
        0.6,
        -0.366,
        1,
        0.889,
        -0.366,
        1.178,
        -0.267,
        1.467,
        -0.16,
        1,
        1.811,
        -0.033,
        2.156,
        0,
        2.5,
        0
      ]
    },
    {
      "Target": "Parameter",
      "Id": "ParamMouthX",
      "Segments": [
        0,
        0,
        2,
        0.867,
        0,
        0,
        1.2,
        -1,
        2,
        1.467,
        -1,
        2,
        1.967,
        -1,
        0,
        2.5,
        0
      ]
    },
    {
      "Target": "Parameter",
      "Id": "ParamTDP",
      "Segments": [
        0,
        0,
        2,
        0.233,
        0,
        0,
        0.4,
        10,
        2,
        1.467,
        10,
        2,
        2.067,
        10,
        0,
        2.5,
        0
      ]
    },
    {
      "Target": "Parameter",
      "Id": "ParamBodyAngleX",
      "Segments": [
        0,
        -7.919,
        0,
        0.5,
        0.446,
        1,
        0.933,
        0.446,
        1.367,
        -1.214,
        1.8,
        -4.834,
        1,
        2.033,
        -6.783,
        2.267,
        -7.919,
        2.5,
        -7.919
      ]
    },
    {
      "Target": "Parameter",
      "Id": "ParamBodyAngleY",
      "Segments": [
        0,
        1.711,
        0,
        0.167,
        10,
        1,
        0.245,
        10,
        0.322,
        3.892,
        0.4,
        -0.268,
        1,
        0.544,
        -7.994,
        0.689,
        -10,
        0.833,
        -10,
        1,
        1.155,
        -10,
        1.478,
        -8.71,
        1.8,
        -4.359,
        1,
        2.033,
        -1.208,
        2.267,
        1.711,
        2.5,
        1.711
      ]
    },
    {
      "Target": "Parameter",
      "Id": "ParamBodyAngleZ",
      "Segments": [
        0,
        1.909,
        1,
        0.078,
        1.909,
        0.155,
        1.214,
        0.233,
        -1,
        1,
        0.411,
        -6.061,
        0.589,
        -9.107,
        0.767,
        -9.107,
        1,
        1.111,
        -9.107,
        1.456,
        -7.673,
        1.8,
        -3.405,
        1,
        2.033,
        -0.514,
        2.267,
        1.909,
        2.5,
        1.909
      ]
    },
    {
      "Target": "Parameter",
      "Id": "ParamYAOZ",
      "Segments": [
        0,
        5.261,
        0,
        0.433,
        -1,
        1,
        0.633,
        -1,
        0.833,
        8.935,
        1.033,
        10,
        1,
        1.289,
        10,
        1.544,
        9.794,
        1.8,
        8.333,
        1,
        2.033,
        6.998,
        2.267,
        5.261,
        2.5,
        5.261
      ]
    },
    {
      "Target": "Parameter",
      "Id": "ParamZTM",
      "Segments": [
        0,
        -5,
        0,
        0.367,
        1,
        1,
        0.611,
        1,
        0.856,
        -28.668,
        1.1,
        -30,
        1,
        1.333,
        -30,
        1.567,
        -29.34,
        1.8,
        -22.482,
        1,
        2.033,
        -15.625,
        2.267,
        -5,
        2.5,
        -5
      ]
    },
    {
      "Target": "Parameter",
      "Id": "ParamYTM",
      "Segments": [
        0,
        -6,
        0,
        0.367,
        6,
        1,
        0.611,
        6,
        0.856,
        -19.337,
        1.1,
        -22,
        1,
        1.333,
        -22,
        1.567,
        -21.609,
        1.8,
        -17.189,
        1,
        2.033,
        -12.769,
        2.267,
        -6,
        2.5,
        -6
      ]
    },
    {
      "Target": "Parameter",
      "Id": "ParamHipY",
      "Segments": [
        0,
        -9.911,
        1,
        0.033,
        -9.911,
        0.067,
        -0.165,
        0.1,
        -0.089,
        1,
        0.144,
        0.013,
        0.189,
        0,
        0.233,
        0,
        1,
        0.255,
        -0.175,
        0.278,
        -6.89,
        0.3,
        -7.143,
        1,
        0.333,
        -7.143,
        0.367,
        -1.287,
        0.4,
        -1.517,
        1,
        0.422,
        -1.671,
        0.445,
        -9.732,
        0.467,
        -10,
        0,
        0.6,
        -0.089,
        1,
        1,
        -0.089,
        1.4,
        -1.806,
        1.8,
        -5.916,
        1,
        2.033,
        -8.313,
        2.267,
        -9.911,
        2.5,
        -9.911
      ]
    },
    {
      "Target": "Parameter",
      "Id": "ParamZTX",
      "Segments": [
        0,
        0,
        0,
        0.467,
        -4,
        0,
        1.267,
        5,
        1,
        1.445,
        5,
        1.622,
        5.127,
        1.8,
        4.219,
        1,
        2.033,
        3.027,
        2.267,
        0,
        2.5,
        0
      ]
    },
    {
      "Target": "Parameter",
      "Id": "ParamZTY",
      "Segments": [
        0,
        12,
        0,
        0.233,
        16.339,
        0,
        0.967,
        -11.786,
        1,
        1.122,
        -11.786,
        1.278,
        -11.84,
        1.433,
        -10.714,
        1,
        1.566,
        -9.749,
        1.7,
        -5.223,
        1.833,
        -1.02,
        1,
        2.055,
        5.985,
        2.278,
        12,
        2.5,
        12
      ]
    },
    {
      "Target": "Parameter",
      "Id": "ParamArmLY",
      "Segments": [
        0,
        -7,
        0,
        0.833,
        -30,
        1,
        1.044,
        -30,
        1.256,
        -24.73,
        1.467,
        -22.833,
        1,
        1.556,
        -22.034,
        1.644,
        -22.79,
        1.733,
        -21.817,
        1,
        1.989,
        -19.02,
        2.244,
        -7,
        2.5,
        -7
      ]
    },
    {
      "Target": "Parameter",
      "Id": "ParamHandL",
      "Segments": [
        0,
        -13.621,
        0,
        0.3,
        -8,
        1,
        0.478,
        -8,
        0.655,
        -8.253,
        0.833,
        -9,
        1,
        0.966,
        -9.56,
        1.1,
        -10.761,
        1.233,
        -11,
        1,
        1.311,
        -11.139,
        1.389,
        -11.162,
        1.467,
        -11.199,
        1,
        1.556,
        -11.242,
        1.644,
        -11.189,
        1.733,
        -11.291,
        1,
        1.989,
        -11.584,
        2.244,
        -13.621,
        2.5,
        -13.621
      ]
    },
    {
      "Target": "Parameter",
      "Id": "ParamZBTY",
      "Segments": [
        0,
        -60,
        1,
        0.1,
        -60,
        0.2,
        -6.218,
        0.3,
        0,
        1,
        0.478,
        11.054,
        0.655,
        12,
        0.833,
        12,
        1,
        0.966,
        12,
        1.1,
        8.15,
        1.233,
        6,
        1,
        1.311,
        4.746,
        1.389,
        4.297,
        1.467,
        3.826,
        1,
        1.556,
        3.288,
        1.644,
        3.881,
        1.733,
        2.588,
        1,
        1.989,
        -1.128,
        2.244,
        -60,
        2.5,
        -60
      ]
    },
    {
      "Target": "Parameter",
      "Id": "ParamZBTX",
      "Segments": [
        0,
        0,
        0,
        0.467,
        30,
        0,
        0.833,
        0,
        2,
        1.467,
        0,
        2,
        1.733,
        0,
        2,
        2.5,
        0
      ]
    },
    {
      "Target": "Parameter",
      "Id": "ParamZXZ",
      "Segments": [
        0,
        0,
        0,
        0.3,
        -7,
        1,
        0.689,
        -7,
        1.078,
        -6.098,
        1.467,
        -2.784,
        1,
        1.556,
        -2.027,
        1.644,
        5,
        1.733,
        5,
        0,
        2.5,
        0
      ]
    },
    {
      "Target": "Parameter",
      "Id": "ParamZWMZ",
      "Segments": [
        0,
        -12.367,
        0,
        0.3,
        -30,
        1,
        0.689,
        -30,
        1.078,
        -27.546,
        1.467,
        -19.38,
        1,
        1.556,
        -17.514,
        1.644,
        -6,
        1.733,
        -6,
        0,
        2.5,
        -12.367
      ]
    },
    {
      "Target": "Parameter",
      "Id": "ParamZZZ",
      "Segments": [
        0,
        -12.367,
        0,
        0.3,
        -30,
        1,
        0.689,
        -30,
        1.078,
        -27.509,
        1.467,
        -19.38,
        1,
        1.556,
        -17.522,
        1.644,
        -8,
        1.733,
        -8,
        0,
        2.5,
        -12.367
      ]
    },
    {
      "Target": "Parameter",
      "Id": "ParamZSZ",
      "Segments": [
        0,
        -12.367,
        0,
        0.3,
        -30,
        0,
        0.7,
        -26,
        2,
        1.067,
        -26,
        1,
        1.2,
        -26,
        1.334,
        -25.911,
        1.467,
        -24.389,
        1,
        1.556,
        -23.375,
        1.644,
        -15.762,
        1.733,
        -15,
        1,
        1.989,
        -12.811,
        2.244,
        -12.367,
        2.5,
        -12.367
      ]
    },
    {
      "Target": "Parameter",
      "Id": "ParamZXZK",
      "Segments": [
        0,
        -24.781,
        0,
        0.8,
        -2,
        1,
        1.022,
        -2,
        1.245,
        -12.39,
        1.467,
        -15.5,
        1,
        1.556,
        -16.744,
        1.644,
        -15.941,
        1.733,
        -17.016,
        1,
        1.878,
        -18.762,
        2.022,
        -29,
        2.167,
        -29,
        0,
        2.5,
        -24.781
      ]
    },
    {
      "Target": "Parameter",
      "Id": "ParamZXZX",
      "Segments": [
        0,
        -16.055,
        0,
        0.433,
        -29.732,
        1,
        0.778,
        -29.732,
        1.122,
        18.274,
        1.467,
        28.293,
        1,
        1.556,
        30.879,
        1.644,
        29.515,
        1.733,
        29.515,
        1,
        1.778,
        29.515,
        1.822,
        30.053,
        1.867,
        29.219,
        1,
        2.078,
        25.259,
        2.289,
        -16.055,
        2.5,
        -16.055
      ]
    },
    {
      "Target": "Parameter",
      "Id": "ParamZXZY",
      "Segments": [
        0,
        -18,
        0,
        1,
        -11.148,
        1,
        1.156,
        -11.148,
        1.311,
        -12.003,
        1.467,
        -12.349,
        1,
        1.556,
        -12.547,
        1.644,
        -12.337,
        1.733,
        -12.648,
        1,
        1.989,
        -13.541,
        2.244,
        -18,
        2.5,
        -18
      ]
    },
    {
      "Target": "Parameter",
      "Id": "ParamXZD3",
      "Segments": [
        0,
        14.989,
        1,
        0.256,
        14.989,
        0.511,
        -30,
        0.767,
        -29.487,
        1,
        1,
        -29.487,
        1.234,
        -0.76,
        1.467,
        6.77,
        1,
        1.556,
        9.639,
        1.644,
        8.212,
        1.733,
        10.355,
        1,
        1.844,
        13.033,
        1.956,
        29.487,
        2.067,
        29.487,
        0,
        2.5,
        14.989
      ]
    },
    {
      "Target": "Parameter",
      "Id": "ParamXZD4",
      "Segments": [
        0,
        8.85,
        1,
        0.233,
        8.85,
        0.467,
        -6.82,
        0.7,
        -20.566,
        1,
        0.844,
        -28.793,
        0.989,
        -29.487,
        1.133,
        -29.487,
        1,
        1.244,
        -29.487,
        1.356,
        -27.85,
        1.467,
        -27.045,
        1,
        1.556,
        -26.401,
        1.644,
        -27.069,
        1.733,
        -25.851,
        1,
        1.989,
        -22.35,
        2.244,
        8.85,
        2.5,
        8.85
      ]
    },
    {
      "Target": "Parameter",
      "Id": "ParamZSH",
      "Segments": [
        0,
        30,
        0,
        0.367,
        0,
        2,
        1.467,
        0,
        2,
        1.733,
        0,
        2,
        1.9,
        0,
        0,
        2.5,
        30
      ]
    },
    {
      "Target": "Parameter",
      "Id": "ParamArmR",
      "Segments": [
        0,
        -35.061,
        0,
        0.5,
        -25,
        1,
        0.933,
        -25,
        1.367,
        -27.276,
        1.8,
        -31.634,
        1,
        2.033,
        -33.98,
        2.267,
        -35.061,
        2.5,
        -35.061
      ]
    },
    {
      "Target": "Parameter",
      "Id": "ParamArmR1",
      "Segments": [
        0,
        -18.796,
        0,
        0.5,
        0,
        1,
        0.933,
        0,
        1.367,
        -4.252,
        1.8,
        -12.393,
        1,
        2.033,
        -16.777,
        2.267,
        -18.796,
        2.5,
        -18.796
      ]
    },
    {
      "Target": "Parameter",
      "Id": "ParamHandR",
      "Segments": [
        0,
        17,
        0,
        0.5,
        7,
        1,
        0.933,
        7,
        1.367,
        9.262,
        1.8,
        13.594,
        1,
        2.033,
        15.926,
        2.267,
        17,
        2.5,
        17
      ]
    },
    {
      "Target": "Parameter",
      "Id": "ParamYXZ",
      "Segments": [
        0,
        -30,
        0,
        0.7,
        8,
        1,
        1.067,
        8,
        1.433,
        1.264,
        1.8,
        -14.16,
        1,
        2.033,
        -23.975,
        2.267,
        -30,
        2.5,
        -30
      ]
    },
    {
      "Target": "Parameter",
      "Id": "ParamYWMZ",
      "Segments": [
        0,
        -30,
        0,
        0.7,
        7,
        1,
        1.067,
        7,
        1.433,
        0.442,
        1.8,
        -14.577,
        1,
        2.033,
        -24.134,
        2.267,
        -30,
        2.5,
        -30
      ]
    },
    {
      "Target": "Parameter",
      "Id": "ParamYZZ",
      "Segments": [
        0,
        -24,
        0,
        0.7,
        5,
        1,
        1.067,
        5,
        1.433,
        -0.14,
        1.8,
        -11.911,
        1,
        2.033,
        -19.402,
        2.267,
        -24,
        2.5,
        -24
      ]
    },
    {
      "Target": "Parameter",
      "Id": "ParamYSZ",
      "Segments": [
        0,
        -30,
        0,
        0.7,
        -2,
        1,
        1.067,
        -2,
        1.433,
        -6.962,
        1.8,
        -18.328,
        1,
        2.033,
        -25.561,
        2.267,
        -30,
        2.5,
        -30
      ]
    },
    {
      "Target": "Parameter",
      "Id": "ParamYXZKH",
      "Segments": [
        0,
        -17.074,
        0,
        0.8,
        -1,
        1,
        1.133,
        -1,
        1.467,
        -7.487,
        1.8,
        -17.8,
        1,
        1.867,
        -19.863,
        1.933,
        -20.051,
        2,
        -20.051,
        0,
        2.5,
        -17.074
      ]
    },
    {
      "Target": "Parameter",
      "Id": "ParamYXZX",
      "Segments": [
        0,
        -4.935,
        0,
        0.433,
        -15,
        0,
        1.333,
        14.487,
        1,
        1.489,
        14.487,
        1.644,
        14.958,
        1.8,
        11.868,
        1,
        2.033,
        7.233,
        2.267,
        -4.935,
        2.5,
        -4.935
      ]
    },
    {
      "Target": "Parameter",
      "Id": "ParamYXZY",
      "Segments": [
        0,
        -16,
        0,
        0.567,
        -4.73,
        0,
        1,
        -16,
        1,
        1.267,
        -16,
        1.533,
        -11.353,
        1.8,
        -4.842,
        1,
        1.811,
        -4.57,
        1.822,
        -4.73,
        1.833,
        -4.73,
        0,
        2.5,
        -16
      ]
    },
    {
      "Target": "Parameter",
      "Id": "ParamXZD",
      "Segments": [
        0,
        30,
        0,
        0.833,
        -28.872,
        1,
        1.155,
        -28.872,
        1.478,
        -14.541,
        1.8,
        13.913,
        1,
        1.922,
        24.706,
        2.045,
        30,
        2.167,
        30,
        2,
        2.5,
        30
      ]
    },
    {
      "Target": "Parameter",
      "Id": "ParamXZD2",
      "Segments": [
        0,
        19.205,
        0,
        0.4,
        30,
        0,
        1.3,
        -5.897,
        1,
        1.467,
        -5.897,
        1.633,
        -6.303,
        1.8,
        -1.71,
        1,
        2.033,
        4.72,
        2.267,
        19.205,
        2.5,
        19.205
      ]
    },
    {
      "Target": "Parameter",
      "Id": "ParamGDXZ",
      "Segments": [
        0,
        30,
        0,
        0.333,
        22.679,
        0,
        0.8,
        30,
        0,
        1.333,
        26.071,
        1,
        1.478,
        26.071,
        1.622,
        25.947,
        1.767,
        26.321,
        1,
        2.011,
        26.955,
        2.256,
        30,
        2.5,
        30
      ]
    },
    {
      "Target": "Parameter",
      "Id": "ParamZTXZ",
      "Segments": [
        0,
        28,
        0,
        0.5,
        32,
        1,
        0.922,
        32,
        1.345,
        31.273,
        1.767,
        29.591,
        1,
        2.011,
        28.617,
        2.256,
        28,
        2.5,
        28
      ]
    },
    {
      "Target": "Parameter",
      "Id": "ParamGX",
      "Segments": [
        0,
        -8,
        0,
        0.5,
        -10,
        1,
        0.922,
        -10,
        1.345,
        -9.637,
        1.767,
        -8.795,
        1,
        2.011,
        -8.309,
        2.256,
        -8,
        2.5,
        -8
      ]
    },
    {
      "Target": "Parameter",
      "Id": "ParamGY",
      "Segments": [
        0,
        -3,
        0,
        0.5,
        -1.2,
        1,
        0.922,
        -1.2,
        1.345,
        -1.527,
        1.767,
        -2.284,
        1,
        2.011,
        -2.722,
        2.256,
        -3,
        2.5,
        -3
      ]
    },
    {
      "Target": "Parameter",
      "Id": "ParamLegL",
      "Segments": [
        0,
        12.143,
        1,
        0.067,
        12.143,
        0.133,
        11.085,
        0.2,
        8,
        1,
        0.422,
        -2.283,
        0.645,
        -8,
        0.867,
        -8,
        2,
        1.3,
        -8,
        1,
        1.456,
        -8,
        1.611,
        -8.558,
        1.767,
        -6.177,
        1,
        2.011,
        -2.435,
        2.256,
        12.143,
        2.5,
        12.143
      ]
    },
    {
      "Target": "Parameter",
      "Id": "ParamLegLY",
      "Segments": [
        0,
        6.857,
        0,
        0.233,
        0,
        0,
        0.867,
        15,
        2,
        1.3,
        15,
        1,
        1.456,
        15,
        1.611,
        15.263,
        1.767,
        14.263,
        1,
        2.011,
        12.692,
        2.256,
        6.857,
        2.5,
        6.857
      ]
    },
    {
      "Target": "Parameter",
      "Id": "ParamLegL1",
      "Segments": [
        0,
        -5,
        1,
        0.067,
        -5,
        0.133,
        -3.768,
        0.2,
        -1,
        1,
        0.422,
        8.226,
        0.645,
        13,
        0.867,
        13,
        2,
        1.3,
        13,
        1,
        1.456,
        13,
        1.611,
        13.512,
        1.767,
        11.371,
        1,
        2.011,
        8.006,
        2.256,
        -5,
        2.5,
        -5
      ]
    },
    {
      "Target": "Parameter",
      "Id": "ParamLegL1Y",
      "Segments": [
        0,
        0,
        0,
        0.867,
        -30,
        2,
        1.3,
        -30,
        1,
        1.456,
        -30,
        1.611,
        -30.75,
        1.767,
        -27.285,
        1,
        2.011,
        -21.839,
        2.256,
        0,
        2.5,
        0
      ]
    },
    {
      "Target": "Parameter",
      "Id": "ParamMDL",
      "Segments": [
        0,
        -10,
        0,
        0.367,
        -12.857,
        0,
        0.967,
        -10,
        2,
        1.3,
        -10,
        2,
        1.767,
        -10,
        2,
        2.5,
        -10
      ]
    },
    {
      "Target": "Parameter",
      "Id": "ParamLegR",
      "Segments": [
        0,
        16,
        1,
        0.089,
        16,
        0.178,
        13.059,
        0.267,
        11,
        1,
        0.467,
        6.367,
        0.667,
        5,
        0.867,
        5,
        2,
        1.3,
        5,
        1,
        1.456,
        5,
        1.611,
        4.657,
        1.767,
        5.996,
        1,
        2.011,
        8.099,
        2.256,
        16,
        2.5,
        16
      ]
    },
    {
      "Target": "Parameter",
      "Id": "ParamLegRY",
      "Segments": [
        0,
        8.04,
        1,
        0.089,
        8.04,
        0.178,
        9.015,
        0.267,
        10,
        1,
        0.467,
        12.216,
        0.667,
        13,
        0.867,
        13,
        2,
        1.3,
        13,
        1,
        1.456,
        13,
        1.611,
        13.165,
        1.767,
        12.551,
        1,
        2.011,
        11.586,
        2.256,
        8.04,
        2.5,
        8.04
      ]
    },
    {
      "Target": "Parameter",
      "Id": "ParamLegR1",
      "Segments": [
        0,
        -9,
        1,
        0.111,
        -9,
        0.222,
        -4.985,
        0.333,
        -1,
        1,
        0.411,
        1.789,
        0.489,
        2.143,
        0.567,
        2.143,
        0,
        0.867,
        -1,
        2,
        1.3,
        -1,
        1,
        1.456,
        -1,
        1.611,
        -0.741,
        1.767,
        -1.724,
        1,
        2.011,
        -3.268,
        2.256,
        -9,
        2.5,
        -9
      ]
    },
    {
      "Target": "Parameter",
      "Id": "ParamLegR1Y",
      "Segments": [
        0,
        0,
        2,
        0.433,
        0,
        0,
        0.833,
        -30,
        2,
        1.267,
        -30,
        1,
        1.434,
        -30,
        1.6,
        -30.688,
        1.767,
        -26.456,
        1,
        2.011,
        -20.248,
        2.256,
        0,
        2.5,
        0
      ]
    },
    {
      "Target": "Parameter",
      "Id": "ParamOpaishakeX",
      "Segments": [
        0,
        -0.758,
        0,
        0.333,
        -0.774,
        0,
        0.767,
        0.022,
        0,
        0.933,
        -0.843,
        0,
        1.133,
        0.051,
        0,
        1.367,
        -0.795,
        0,
        2.033,
        0.837,
        0,
        2.5,
        -0.758
      ]
    },
    {
      "Target": "Parameter",
      "Id": "ParamOpaishakeY",
      "Segments": [
        0,
        -0.805,
        1,
        0.144,
        -0.805,
        0.289,
        -0.808,
        0.433,
        -0.774,
        1,
        0.533,
        -0.75,
        0.633,
        0.051,
        0.733,
        0.051,
        0,
        1,
        -0.843,
        0,
        1.2,
        -0.198,
        0,
        1.433,
        -0.795,
        0,
        1.9,
        1,
        0,
        2.5,
        -0.805
      ]
    },
    {
      "Target": "Parameter",
      "Id": "ParamHairFront",
      "Segments": [
        0,
        -0.711,
        0,
        0.133,
        -1,
        1,
        0.211,
        -1,
        0.289,
        0.996,
        0.367,
        1,
        1,
        0.4,
        1,
        0.434,
        0.585,
        0.467,
        0.57,
        1,
        0.5,
        0.549,
        0.534,
        0.987,
        0.567,
        0.963,
        1,
        0.589,
        0.952,
        0.611,
        0.57,
        0.633,
        0.554,
        1,
        0.666,
        0.515,
        0.7,
        0.911,
        0.733,
        0.876,
        1,
        0.844,
        0.84,
        0.956,
        -0.494,
        1.067,
        -0.661,
        1,
        1.222,
        -0.831,
        1.378,
        0.39,
        1.533,
        0.42,
        0,
        2.5,
        -0.711
      ]
    },
    {
      "Target": "Parameter",
      "Id": "ParamHaiFrontY",
      "Segments": [
        0,
        -0.245,
        0,
        0.233,
        -1,
        1,
        0.311,
        -1,
        0.389,
        0.996,
        0.467,
        1,
        1,
        0.5,
        1,
        0.534,
        0.585,
        0.567,
        0.57,
        1,
        0.6,
        0.549,
        0.634,
        0.987,
        0.667,
        0.963,
        1,
        0.689,
        0.952,
        0.711,
        0.57,
        0.733,
        0.554,
        1,
        0.766,
        0.515,
        0.8,
        0.911,
        0.833,
        0.876,
        1,
        0.944,
        0.84,
        1.056,
        -0.494,
        1.167,
        -0.661,
        1,
        1.322,
        -0.831,
        1.478,
        0.39,
        1.633,
        0.42,
        0,
        1.867,
        -0.837,
        0,
        2.5,
        -0.245
      ]
    },
    {
      "Target": "Parameter",
      "Id": "ParamHairFront2",
      "Segments": [
        0,
        -1,
        2,
        0.2,
        -1,
        1,
        0.278,
        -1,
        0.355,
        0.996,
        0.433,
        1,
        1,
        0.466,
        1,
        0.5,
        0.585,
        0.533,
        0.57,
        1,
        0.566,
        0.549,
        0.6,
        0.987,
        0.633,
        0.963,
        1,
        0.655,
        0.952,
        0.678,
        0.57,
        0.7,
        0.554,
        1,
        0.733,
        0.515,
        0.767,
        0.911,
        0.8,
        0.876,
        1,
        0.911,
        0.84,
        1.022,
        -0.494,
        1.133,
        -0.661,
        1,
        1.289,
        -0.831,
        1.444,
        0.39,
        1.6,
        0.42,
        0,
        2.5,
        -1
      ]
    },
    {
      "Target": "Parameter",
      "Id": "ParamHairFront2Y",
      "Segments": [
        0,
        0.094,
        0,
        0.3,
        -1,
        1,
        0.378,
        -1,
        0.455,
        0.996,
        0.533,
        1,
        1,
        0.566,
        1,
        0.6,
        0.585,
        0.633,
        0.57,
        1,
        0.666,
        0.549,
        0.7,
        0.987,
        0.733,
        0.963,
        1,
        0.755,
        0.952,
        0.778,
        0.57,
        0.8,
        0.554,
        1,
        0.833,
        0.515,
        0.867,
        0.911,
        0.9,
        0.876,
        1,
        1.011,
        0.84,
        1.122,
        -0.494,
        1.233,
        -0.661,
        1,
        1.389,
        -0.831,
        1.544,
        0.39,
        1.7,
        0.42,
        0,
        2,
        -0.837,
        0,
        2.5,
        0.094
      ]
    },
    {
      "Target": "Parameter",
      "Id": "ParamHairFront3",
      "Segments": [
        0,
        -0.828,
        0,
        0.167,
        -1,
        1,
        0.245,
        -1,
        0.322,
        0.996,
        0.4,
        1,
        1,
        0.433,
        1,
        0.467,
        0.585,
        0.5,
        0.57,
        1,
        0.533,
        0.549,
        0.567,
        0.987,
        0.6,
        0.963,
        1,
        0.622,
        0.952,
        0.645,
        0.57,
        0.667,
        0.554,
        1,
        0.7,
        0.515,
        0.734,
        0.911,
        0.767,
        0.876,
        1,
        0.878,
        0.84,
        0.989,
        -0.494,
        1.1,
        -0.661,
        1,
        1.256,
        -0.831,
        1.411,
        0.39,
        1.567,
        0.42,
        0,
        2.5,
        -0.828
      ]
    },
    {
      "Target": "Parameter",
      "Id": "ParamHairFront3Y",
      "Segments": [
        0,
        -0.077,
        0,
        0.267,
        -1,
        1,
        0.345,
        -1,
        0.422,
        0.996,
        0.5,
        1,
        1,
        0.533,
        1,
        0.567,
        0.585,
        0.6,
        0.57,
        1,
        0.633,
        0.549,
        0.667,
        0.987,
        0.7,
        0.963,
        1,
        0.722,
        0.952,
        0.745,
        0.57,
        0.767,
        0.554,
        1,
        0.8,
        0.515,
        0.834,
        0.911,
        0.867,
        0.876,
        1,
        0.978,
        0.84,
        1.089,
        -0.494,
        1.2,
        -0.661,
        1,
        1.356,
        -0.831,
        1.511,
        0.39,
        1.667,
        0.42,
        0,
        1.933,
        -0.837,
        0,
        2.5,
        -0.077
      ]
    },
    {
      "Target": "Parameter",
      "Id": "ParamHairSide",
      "Segments": [
        0,
        -0.304,
        1,
        0.133,
        -0.304,
        0.267,
        0.542,
        0.4,
        0.545,
        1,
        0.433,
        0.545,
        0.467,
        0.296,
        0.5,
        0.291,
        1,
        0.533,
        0.283,
        0.567,
        0.436,
        0.6,
        0.427,
        1,
        0.622,
        0.424,
        0.645,
        0.117,
        0.667,
        0.111,
        1,
        0.7,
        0.098,
        0.734,
        0.235,
        0.767,
        0.223,
        1,
        0.878,
        0.211,
        0.989,
        -0.494,
        1.1,
        -0.661,
        1,
        1.256,
        -0.831,
        1.411,
        0.39,
        1.567,
        0.42,
        0,
        2.5,
        -0.304
      ]
    },
    {
      "Target": "Parameter",
      "Id": "ParamHairFrontY",
      "Segments": [
        0,
        -0.245,
        0,
        0.267,
        -1,
        1,
        0.345,
        -1,
        0.422,
        0.996,
        0.5,
        1,
        1,
        0.733,
        1,
        0.967,
        -0.31,
        1.2,
        -0.661,
        1,
        1.356,
        -0.831,
        1.511,
        0.39,
        1.667,
        0.42,
        0,
        1.867,
        -0.837,
        0,
        2.5,
        -0.245
      ]
    },
    {
      "Target": "Parameter",
      "Id": "ParamHairSide2",
      "Segments": [
        0,
        -0.405,
        0,
        0.2,
        -1,
        1,
        0.278,
        -1,
        0.355,
        0.998,
        0.433,
        1,
        1,
        0.466,
        1,
        0.5,
        0.703,
        0.533,
        0.696,
        1,
        0.566,
        0.687,
        0.6,
        0.892,
        0.633,
        0.881,
        1,
        0.655,
        0.876,
        0.678,
        0.462,
        0.7,
        0.454,
        1,
        0.733,
        0.436,
        0.767,
        0.622,
        0.8,
        0.605,
        1,
        0.911,
        0.589,
        1.022,
        -0.494,
        1.133,
        -0.661,
        1,
        1.289,
        -0.831,
        1.444,
        0.39,
        1.6,
        0.42,
        0,
        1.8,
        -0.837,
        0,
        2.5,
        -0.405
      ]
    },
    {
      "Target": "Parameter",
      "Id": "ParamHairSide2y",
      "Segments": [
        0,
        0.263,
        0,
        0.3,
        -1,
        1,
        0.378,
        -1,
        0.455,
        0.996,
        0.533,
        1,
        1,
        0.566,
        1,
        0.6,
        0.585,
        0.633,
        0.57,
        1,
        0.666,
        0.549,
        0.7,
        0.987,
        0.733,
        0.963,
        1,
        0.755,
        0.952,
        0.778,
        0.57,
        0.8,
        0.554,
        1,
        0.833,
        0.515,
        0.867,
        0.911,
        0.9,
        0.876,
        1,
        1.011,
        0.84,
        1.122,
        -0.494,
        1.233,
        -0.661,
        1,
        1.389,
        -0.831,
        1.544,
        0.39,
        1.7,
        0.42,
        0,
        2.067,
        -0.837,
        0,
        2.5,
        0.263
      ]
    },
    {
      "Target": "Parameter",
      "Id": "ParamHGX",
      "Segments": [
        0,
        -0.802,
        0,
        0.133,
        -1,
        1,
        0.211,
        -1,
        0.289,
        0.996,
        0.367,
        1,
        1,
        0.4,
        1,
        0.434,
        0.585,
        0.467,
        0.57,
        1,
        0.5,
        0.549,
        0.534,
        0.987,
        0.567,
        0.963,
        1,
        0.589,
        0.952,
        0.611,
        0.57,
        0.633,
        0.554,
        1,
        0.666,
        0.515,
        0.7,
        0.911,
        0.733,
        0.876,
        1,
        0.844,
        0.84,
        0.956,
        -0.494,
        1.067,
        -0.661,
        1,
        1.222,
        -0.831,
        1.378,
        0.39,
        1.533,
        0.42,
        0,
        2.5,
        -0.802
      ]
    },
    {
      "Target": "Parameter",
      "Id": "ParamHGY",
      "Segments": [
        0,
        -0.461,
        0,
        0.233,
        -1,
        1,
        0.311,
        -1,
        0.389,
        0.996,
        0.467,
        1,
        1,
        0.5,
        1,
        0.534,
        0.585,
        0.567,
        0.57,
        1,
        0.6,
        0.549,
        0.634,
        0.987,
        0.667,
        0.963,
        1,
        0.689,
        0.952,
        0.711,
        0.57,
        0.733,
        0.554,
        1,
        0.766,
        0.515,
        0.8,
        0.911,
        0.833,
        0.876,
        1,
        0.944,
        0.84,
        1.056,
        -0.494,
        1.167,
        -0.661,
        1,
        1.322,
        -0.831,
        1.478,
        0.39,
        1.633,
        0.42,
        0,
        1.767,
        -0.854,
        0,
        2.5,
        -0.461
      ]
    },
    {
      "Target": "Parameter",
      "Id": "ParamFAS",
      "Segments": [
        0,
        -0.067,
        0,
        0.133,
        -1,
        1,
        0.211,
        -1,
        0.289,
        0.061,
        0.367,
        0.062,
        1,
        0.4,
        0.063,
        0.434,
        -0.125,
        0.467,
        -0.132,
        1,
        0.5,
        -0.141,
        0.534,
        0.057,
        0.567,
        0.046,
        1,
        0.589,
        0.041,
        0.611,
        -0.132,
        0.633,
        -0.139,
        1,
        0.666,
        -0.157,
        0.7,
        0.022,
        0.733,
        0.006,
        1,
        0.844,
        -0.01,
        0.956,
        -0.613,
        1.067,
        -0.688,
        1,
        1.222,
        -0.765,
        1.378,
        -0.213,
        1.533,
        -0.2,
        1,
        1.678,
        0.215,
        1.822,
        0.841,
        1.967,
        0.841,
        0,
        2.5,
        -0.067
      ]
    },
    {
      "Target": "Parameter",
      "Id": "ParamFASY",
      "Segments": [
        0,
        -0.085,
        0,
        0.233,
        -1,
        1,
        0.311,
        -1,
        0.389,
        0.996,
        0.467,
        1,
        1,
        0.5,
        1,
        0.534,
        0.585,
        0.567,
        0.57,
        1,
        0.6,
        0.549,
        0.634,
        0.987,
        0.667,
        0.963,
        1,
        0.689,
        0.952,
        0.711,
        0.57,
        0.733,
        0.554,
        1,
        0.766,
        0.515,
        0.8,
        0.911,
        0.833,
        0.876,
        1,
        0.944,
        0.84,
        1.056,
        -0.494,
        1.167,
        -0.661,
        1,
        1.322,
        -0.831,
        1.478,
        0.39,
        1.633,
        0.42,
        0,
        2.033,
        -0.466,
        0,
        2.5,
        -0.085
      ]
    },
    {
      "Target": "Parameter",
      "Id": "ParamFAS2",
      "Segments": [
        0,
        -0.067,
        0,
        0.133,
        -1,
        1,
        0.211,
        -1,
        0.289,
        0.996,
        0.367,
        1,
        1,
        0.4,
        1,
        0.434,
        0.585,
        0.467,
        0.57,
        1,
        0.5,
        0.549,
        0.534,
        0.987,
        0.567,
        0.963,
        1,
        0.589,
        0.952,
        0.611,
        0.57,
        0.633,
        0.554,
        1,
        0.666,
        0.515,
        0.7,
        0.911,
        0.733,
        0.876,
        1,
        0.844,
        0.84,
        0.956,
        -0.494,
        1.067,
        -0.661,
        1,
        1.222,
        -0.831,
        1.378,
        0.39,
        1.533,
        0.42,
        1,
        1.678,
        0.821,
        1.822,
        0.841,
        1.967,
        0.841,
        0,
        2.5,
        -0.067
      ]
    },
    {
      "Target": "Parameter",
      "Id": "ParamFAS2Y",
      "Segments": [
        0,
        0.488,
        0,
        0.233,
        -1,
        1,
        0.311,
        -1,
        0.389,
        0.061,
        0.467,
        0.062,
        1,
        0.5,
        0.062,
        0.534,
        -0.158,
        0.567,
        -0.166,
        1,
        0.6,
        -0.177,
        0.634,
        0.056,
        0.667,
        0.043,
        1,
        0.689,
        0.037,
        0.711,
        -0.166,
        0.733,
        -0.174,
        1,
        0.766,
        -0.195,
        0.8,
        0.015,
        0.833,
        -0.003,
        1,
        0.944,
        -0.022,
        1.056,
        -0.731,
        1.167,
        -0.82,
        1,
        1.322,
        -0.91,
        1.478,
        -0.261,
        1.633,
        -0.246,
        1,
        1.922,
        0.303,
        2.211,
        0.488,
        2.5,
        0.488
      ]
    },
    {
      "Target": "Parameter",
      "Id": "ParamBZY",
      "Segments": [
        0,
        -0.325,
        0,
        1.967,
        -1,
        0,
        2.5,
        -0.325
      ]
    },
    {
      "Target": "Parameter",
      "Id": "ParamYMWX",
      "Segments": [
        0,
        2.942,
        0,
        0.6,
        -9.896,
        0,
        1.5,
        15.701,
        2,
        1.967,
        15.701,
        1,
        2.145,
        15.7,
        2.322,
        2.942,
        2.5,
        2.942
      ]
    },
    {
      "Target": "Parameter",
      "Id": "ParamYMWX2",
      "Segments": [
        0,
        4.576,
        0,
        1.1,
        -3.077,
        0,
        2.5,
        4.576
      ]
    },
    {
      "Target": "Parameter",
      "Id": "ParamYMWY",
      "Segments": [
        0,
        6.133,
        1,
        0.122,
        6.133,
        0.245,
        29.998,
        0.367,
        30,
        0,
        1.333,
        -30,
        2,
        1.8,
        -30,
        0,
        2.5,
        6.133
      ]
    },
    {
      "Target": "Parameter",
      "Id": "ParamYMWY1",
      "Segments": [
        0,
        -12.995,
        0,
        0.167,
        -15.067,
        0,
        1.133,
        15.067,
        0,
        2.5,
        -12.995
      ]
    },
    {
      "Target": "Parameter",
      "Id": "ParamYMWY2",
      "Segments": [
        0,
        -7.772,
        0,
        0.333,
        -15.067,
        0,
        1.3,
        15.067,
        2,
        1.767,
        15.067,
        0,
        2.5,
        -7.772
      ]
    },
    {
      "Target": "Parameter",
      "Id": "ParamYMWK",
      "Segments": [
        0,
        0,
        0,
        0.533,
        -15.067,
        0,
        1.5,
        15.067,
        1,
        1.644,
        15.067,
        1.789,
        15.089,
        1.933,
        11.71,
        1,
        2.122,
        7.292,
        2.311,
        0,
        2.5,
        0
      ]
    },
    {
      "Target": "Parameter",
      "Id": "ParamZMWX",
      "Segments": [
        0,
        4.686,
        0,
        0.833,
        -10.377,
        1,
        1.133,
        -10.377,
        1.433,
        11.154,
        1.733,
        11.521,
        0,
        2.1,
        4.686,
        2,
        2.5,
        4.686
      ]
    },
    {
      "Target": "Parameter",
      "Id": "ParamZMWX2",
      "Segments": [
        0,
        4.576,
        0,
        1.167,
        -3.077,
        0,
        2.5,
        4.576
      ]
    },
    {
      "Target": "Parameter",
      "Id": "ParamZMWY",
      "Segments": [
        0,
        4.053,
        1,
        0.122,
        4.053,
        0.245,
        20.256,
        0.367,
        20.258,
        1,
        0.689,
        20.258,
        1.011,
        -21.847,
        1.333,
        -21.848,
        2,
        1.8,
        -21.848,
        1,
        2.033,
        -21.846,
        2.267,
        4.053,
        2.5,
        4.053
      ]
    },
    {
      "Target": "Parameter",
      "Id": "ParamZMWY1",
      "Segments": [
        0,
        -12.995,
        0,
        0.167,
        -15.067,
        0,
        1.133,
        15.067,
        0,
        2.5,
        -12.995
      ]
    },
    {
      "Target": "Parameter",
      "Id": "ParamZMWY2",
      "Segments": [
        0,
        -3.232,
        1,
        0.178,
        -3.232,
        0.355,
        -14.615,
        0.533,
        -15.067,
        0,
        1.5,
        15.067,
        1,
        1.644,
        15.067,
        1.789,
        8.72,
        1.933,
        4.06,
        1,
        2.122,
        -2.035,
        2.311,
        -3.232,
        2.5,
        -3.232
      ]
    },
    {
      "Target": "Parameter",
      "Id": "ParamZMWK",
      "Segments": [
        0,
        5.312,
        1,
        0.244,
        5.312,
        0.489,
        -14.872,
        0.733,
        -15.067,
        0,
        1.7,
        15.067,
        0,
        2.5,
        5.312
      ]
    },
    {
      "Target": "Parameter",
      "Id": "ParamHairBack",
      "Segments": [
        0,
        -0.1,
        0,
        0.833,
        -0.312,
        1,
        1.144,
        -0.312,
        1.456,
        -0.222,
        1.767,
        -0.155,
        1,
        2.011,
        -0.102,
        2.256,
        -0.1,
        2.5,
        -0.1
      ]
    },
    {
      "Target": "Parameter",
      "Id": "ParamSkirtY",
      "Segments": [
        0,
        0.741,
        0,
        1,
        -0.337,
        0,
        2.5,
        0.741
      ]
    },
    {
      "Target": "Parameter",
      "Id": "ParamSkirt2",
      "Segments": [
        0,
        -0.42,
        0,
        1.033,
        -1,
        0,
        2.5,
        -0.42
      ]
    },
    {
      "Target": "Parameter",
      "Id": "ParamEYET",
      "Segments": [
        0,
        0,
        0,
        2.5,
        0
      ]
    },
    {
      "Target": "Parameter",
      "Id": "ParamBrowLAngle",
      "Segments": [
        0,
        0,
        0,
        2.5,
        0
      ]
    },
    {
      "Target": "Parameter",
      "Id": "ParamBrowRAngle",
      "Segments": [
        0,
        0,
        0,
        2.5,
        0
      ]
    },
    {
      "Target": "Parameter",
      "Id": "ParamBrowLForm",
      "Segments": [
        0,
        0,
        0,
        2.5,
        0
      ]
    },
    {
      "Target": "Parameter",
      "Id": "ParamBrowRForm",
      "Segments": [
        0,
        0,
        0,
        2.5,
        0
      ]
    },
    {
      "Target": "Parameter",
      "Id": "ParamDDZ",
      "Segments": [
        0,
        0,
        0,
        2.5,
        0
      ]
    },
    {
      "Target": "Parameter",
      "Id": "ParamLjian",
      "Segments": [
        0,
        0,
        0,
        2.5,
        0
      ]
    },
    {
      "Target": "Parameter",
      "Id": "ParamRjian",
      "Segments": [
        0,
        0,
        0,
        2.5,
        0
      ]
    },
    {
      "Target": "Parameter",
      "Id": "ParamZTX2",
      "Segments": [
        0,
        0,
        0,
        2.5,
        0
      ]
    },
    {
      "Target": "Parameter",
      "Id": "ParamZTZ",
      "Segments": [
        0,
        0,
        0,
        2.5,
        0
      ]
    },
    {
      "Target": "Parameter",
      "Id": "ParamBDX",
      "Segments": [
        0,
        0,
        0,
        2.5,
        0
      ]
    },
    {
      "Target": "Parameter",
      "Id": "ParamArmL",
      "Segments": [
        0,
        -27.903,
        0,
        2.5,
        -27.903
      ]
    },
    {
      "Target": "Parameter",
      "Id": "ParamArmL1",
      "Segments": [
        0,
        23.22,
        0,
        2.5,
        23.22
      ]
    },
    {
      "Target": "Parameter",
      "Id": "ParamZMZ",
      "Segments": [
        0,
        0,
        0,
        2.5,
        0
      ]
    },
    {
      "Target": "Parameter",
      "Id": "ParamZD",
      "Segments": [
        0,
        -30,
        0,
        2.5,
        -30
      ]
    },
    {
      "Target": "Parameter",
      "Id": "ParamZSTC",
      "Segments": [
        0,
        0,
        0,
        2.5,
        0
      ]
    },
    {
      "Target": "Parameter",
      "Id": "ParamArmRY",
      "Segments": [
        0,
        0,
        0,
        2.5,
        0
      ]
    },
    {
      "Target": "Parameter",
      "Id": "ParamYBTY",
      "Segments": [
        0,
        -60,
        0,
        2.5,
        -60
      ]
    },
    {
      "Target": "Parameter",
      "Id": "ParamYBTX",
      "Segments": [
        0,
        -30,
        0,
        2.5,
        -30
      ]
    },
    {
      "Target": "Parameter",
      "Id": "ParamYSWY",
      "Segments": [
        0,
        -8,
        0,
        2.5,
        -8
      ]
    },
    {
      "Target": "Parameter",
      "Id": "ParamYXZ2",
      "Segments": [
        0,
        0,
        0,
        2.5,
        0
      ]
    },
    {
      "Target": "Parameter",
      "Id": "ParamYWMZ2",
      "Segments": [
        0,
        0,
        0,
        2.5,
        0
      ]
    },
    {
      "Target": "Parameter",
      "Id": "ParamYZZ2",
      "Segments": [
        0,
        0,
        0,
        2.5,
        0
      ]
    },
    {
      "Target": "Parameter",
      "Id": "ParamYSZ2",
      "Segments": [
        0,
        0,
        0,
        2.5,
        0
      ]
    },
    {
      "Target": "Parameter",
      "Id": "ParamYMZ",
      "Segments": [
        0,
        -20,
        0,
        2.5,
        -20
      ]
    },
    {
      "Target": "Parameter",
      "Id": "ParamYD",
      "Segments": [
        0,
        -40,
        0,
        2.5,
        -40
      ]
    },
    {
      "Target": "Parameter",
      "Id": "ParamYSH",
      "Segments": [
        0,
        -30,
        0,
        2.5,
        -30
      ]
    },
    {
      "Target": "Parameter",
      "Id": "ParamYSTC",
      "Segments": [
        0,
        1,
        0,
        2.5,
        1
      ]
    },
    {
      "Target": "Parameter",
      "Id": "ParamGXZ1",
      "Segments": [
        0,
        0,
        0,
        2.5,
        0
      ]
    },
    {
      "Target": "Parameter",
      "Id": "ParamGXZ2",
      "Segments": [
        0,
        0,
        0,
        2.5,
        0
      ]
    },
    {
      "Target": "Parameter",
      "Id": "ParamGDTX",
      "Segments": [
        0,
        0,
        0,
        2.5,
        0
      ]
    },
    {
      "Target": "Parameter",
      "Id": "ParamGDTX2",
      "Segments": [
        0,
        0,
        0,
        2.5,
        0
      ]
    },
    {
      "Target": "Parameter",
      "Id": "ParamGDTX3",
      "Segments": [
        0,
        0,
        0,
        2.5,
        0
      ]
    },
    {
      "Target": "Parameter",
      "Id": "ParamHT",
      "Segments": [
        0,
        1,
        0,
        2.5,
        1
      ]
    },
    {
      "Target": "Parameter",
      "Id": "Paramxzb",
      "Segments": [
        0,
        -3,
        0,
        2.5,
        -3
      ]
    },
    {
      "Target": "Parameter",
      "Id": "ParamJYX",
      "Segments": [
        0,
        0,
        0,
        2.5,
        0
      ]
    },
    {
      "Target": "Parameter",
      "Id": "ParamGTC1",
      "Segments": [
        0,
        0,
        0,
        2.5,
        0
      ]
    },
    {
      "Target": "Parameter",
      "Id": "ParamGTC2",
      "Segments": [
        0,
        0,
        0,
        2.5,
        0
      ]
    },
    {
      "Target": "Parameter",
      "Id": "ParamGTC3",
      "Segments": [
        0,
        0,
        0,
        2.5,
        0
      ]
    },
    {
      "Target": "Parameter",
      "Id": "ParamGXS",
      "Segments": [
        0,
        1,
        0,
        2.5,
        1
      ]
    },
    {
      "Target": "Parameter",
      "Id": "ParamGZZ",
      "Segments": [
        0,
        0,
        0,
        2.5,
        0
      ]
    },
    {
      "Target": "Parameter",
      "Id": "ParamZDTTQ",
      "Segments": [
        0,
        0,
        0,
        2.5,
        0
      ]
    },
    {
      "Target": "Parameter",
      "Id": "ParamZXTB",
      "Segments": [
        0,
        -1,
        0,
        2.5,
        -1
      ]
    },
    {
      "Target": "Parameter",
      "Id": "ParamFootL",
      "Segments": [
        0,
        0,
        0,
        2.5,
        0
      ]
    },
    {
      "Target": "Parameter",
      "Id": "ParamZJJR",
      "Segments": [
        0,
        0,
        0,
        2.5,
        0
      ]
    },
    {
      "Target": "Parameter",
      "Id": "ParamLegRX",
      "Segments": [
        0,
        0,
        0,
        2.5,
        0
      ]
    },
    {
      "Target": "Parameter",
      "Id": "ParamTXTT",
      "Segments": [
        0,
        -0.071,
        0,
        2.5,
        -0.071
      ]
    },
    {
      "Target": "Parameter",
      "Id": "ParamFootR",
      "Segments": [
        0,
        14,
        0,
        2.5,
        14
      ]
    },
    {
      "Target": "Parameter",
      "Id": "ParamYJJR",
      "Segments": [
        0,
        0,
        0,
        2.5,
        0
      ]
    },
    {
      "Target": "Parameter",
      "Id": "ParamMDR",
      "Segments": [
        0,
        0,
        0,
        2.5,
        0
      ]
    },
    {
      "Target": "Parameter",
      "Id": "ParamWhite1",
      "Segments": [
        0,
        0,
        0,
        2.5,
        0
      ]
    },
    {
      "Target": "Parameter",
      "Id": "ParamBlack0",
      "Segments": [
        0,
        1,
        0,
        2.5,
        1
      ]
    },
    {
      "Target": "Parameter",
      "Id": "ParamBlack01",
      "Segments": [
        0,
        1,
        0,
        2.5,
        1
      ]
    },
    {
      "Target": "Parameter",
      "Id": "ParamBlack1",
      "Segments": [
        0,
        0,
        0,
        2.5,
        0
      ]
    },
    {
      "Target": "Parameter",
      "Id": "Param97X",
      "Segments": [
        0,
        0,
        0,
        2.5,
        0
      ]
    },
    {
      "Target": "Parameter",
      "Id": "Param97Y",
      "Segments": [
        0,
        0,
        0,
        2.5,
        0
      ]
    },
    {
      "Target": "Parameter",
      "Id": "Param97O",
      "Segments": [
        0,
        0,
        0,
        2.5,
        0
      ]
    },
    {
      "Target": "Parameter",
      "Id": "ParamWY",
      "Segments": [
        0,
        0,
        0,
        2.5,
        0
      ]
    },
    {
      "Target": "Parameter",
      "Id": "ParamWZoom",
      "Segments": [
        0,
        0,
        0,
        2.5,
        0
      ]
    },
    {
      "Target": "Parameter",
      "Id": "Parammod",
      "Segments": [
        0,
        10,
        0,
        2.5,
        10
      ]
    },
    {
      "Target": "Parameter",
      "Id": "ParamSkirt",
      "Segments": [
        0,
        -1,
        0,
        2.5,
        -1
      ]
    }
  ],
  "UserData": [
    {
      "Time": 0.0,
      "Value": "characterVoice_12_1"
    },
    {
      "Time": 0.0,
      "Value": ""
    }
  ]
}