{"Version": 3, "Meta": {"Duration": 3.033, "Fps": 60.0, "Loop": true, "AreBeziersRestricted": true, "CurveCount": 61, "UserDataCount": 2, "TotalSegmentCount": 152, "TotalPointCount": 162, "TotalUserDataSize": 39}, "Curves": [{"Target": "Parameter", "Id": "ParamPositionY", "Segments": [0, 0, 0, 0.233, 1, 1, 0.4, 1, 0.566, -0.086, 0.733, -1, 1, 0.894, -1.883, 1.056, -2.0, 1.217, -2, 2, 3.033, -2]}, {"Target": "Parameter", "Id": "ParamAngleX", "Segments": [0, 0, 0, 0.783, -4, 0, 1.483, 0, 2, 3.033, 0]}, {"Target": "Parameter", "Id": "ParamAngleY", "Segments": [0, 0, 0, 0.9, 17, 0, 1.317, -30, 0, 1.75, -23, 2, 3.033, -23]}, {"Target": "Parameter", "Id": "ParamAngleZ", "Segments": [0, 6, 0, 0.767, 0, 2, 1.467, 0, 2, 3.033, 0]}, {"Target": "Parameter", "Id": "ParamEyeROpen", "Segments": [0, 0.9, 0, 0.55, 0.7, 1, 0.633, 0.617, 0.717, 0.0, 0.8, 0, 2, 2.133, 0, 2, 3.033, 0]}, {"Target": "Parameter", "Id": "ParamEyeLOpen", "Segments": [0, 0.9, 0, 0.55, 0.7, 1, 0.633, 0.617, 0.717, 0.0, 0.8, 0, 2, 2.133, 0, 2, 3.033, 0]}, {"Target": "Parameter", "Id": "ParamBodyAngleY", "Segments": [0, 0, 0, 0.767, 3, 0, 1.283, -5, 2, 3.033, -5]}, {"Target": "Parameter", "Id": "ParamUpperBodyZ", "Segments": [0, -6, 0, 0.833, -4, 2, 3.033, -4]}, {"Target": "Parameter", "Id": "ParamUpperBody", "Segments": [0, 0, 0, 0.767, 3, 0, 1.35, -10, 0, 1.883, -8, 2, 3.033, -8]}, {"Target": "Parameter", "Id": "ParamShoulderR", "Segments": [0, 4, 0, 0.8, 2, 1, 0.956, 0.898, 1.111, -4.0, 1.267, -4, 2, 3.033, -4]}, {"Target": "Parameter", "Id": "ParamArmR1", "Segments": [0, -35, 0, 0.817, -45, 2, 3.033, -45]}, {"Target": "Parameter", "Id": "ParamArmR2", "Segments": [0, 5, 0, 0.817, 4, 2, 3.033, 4]}, {"Target": "Parameter", "Id": "ParamShoulderL", "Segments": [0, 0, 0, 0.8, 0, 0, 1.267, -4, 2, 3.033, -4]}, {"Target": "Parameter", "Id": "ParamArmL1", "Segments": [0, -37, 0, 0.817, -45, 2, 3.033, -45]}, {"Target": "Parameter", "Id": "ParamArmL2", "Segments": [0, 6, 0, 0.817, 4, 2, 3.033, 4]}, {"Target": "Parameter", "Id": "ParamPositionX", "Segments": [0, 0, 0, 3.033, 0]}, {"Target": "Parameter", "Id": "ParamRotationZ", "Segments": [0, 0, 0, 3.033, 0]}, {"Target": "Parameter", "Id": "ParamEyeballX", "Segments": [0, 0, 0, 3.033, 0]}, {"Target": "Parameter", "Id": "ParamBodyAngleX", "Segments": [0, 0, 0, 3.033, 0]}, {"Target": "Parameter", "Id": "ParamBodyAngleZ", "Segments": [0, 3, 0, 3.033, 3]}, {"Target": "Parameter", "Id": "ParamBreath", "Segments": [0, 0, 0, 3.033, 0]}, {"Target": "Parameter", "Id": "ParamLegLZ", "Segments": [0, 4, 0, 3.033, 4]}, {"Target": "Parameter", "Id": "ParamLegRZ", "Segments": [0, -2, 0, 3.033, -2]}, {"Target": "Parameter", "Id": "ParamArmR3", "Segments": [0, 5, 0, 3.033, 5]}, {"Target": "Parameter", "Id": "ParamArmR4", "Segments": [0, 0, 0, 3.033, 0]}, {"Target": "Parameter", "Id": "ParamArmR5", "Segments": [0, 9, 0, 3.033, 9]}, {"Target": "Parameter", "Id": "ParamArmR6", "Segments": [0, 1.1, 0, 3.033, 1.1]}, {"Target": "Parameter", "Id": "ParamArmR7", "Segments": [0, 0, 0, 3.033, 0]}, {"Target": "Parameter", "Id": "ParamArmR8", "Segments": [0, -26, 0, 3.033, -26]}, {"Target": "Parameter", "Id": "ParamArmR9", "Segments": [0, 0.8, 0, 3.033, 0.8]}, {"Target": "Parameter", "Id": "ParamHandRA", "Segments": [0, 0, 0, 3.033, 0]}, {"Target": "Parameter", "Id": "ParamHandRB", "Segments": [0, 0, 0, 3.033, 0]}, {"Target": "Parameter", "Id": "ParamHandRC", "Segments": [0, 0, 0, 3.033, 0]}, {"Target": "Parameter", "Id": "ParamHandRD", "Segments": [0, 0, 0, 3.033, 0]}, {"Target": "Parameter", "Id": "ParamHandRE", "Segments": [0, 0, 0, 3.033, 0]}, {"Target": "Parameter", "Id": "ParamHandRF", "Segments": [0, 0, 0, 3.033, 0]}, {"Target": "Parameter", "Id": "ParamHandRG", "Segments": [0, 1, 0, 3.033, 1]}, {"Target": "Parameter", "Id": "ParamHandRH", "Segments": [0, 0, 0, 3.033, 0]}, {"Target": "Parameter", "Id": "ParamHandRI", "Segments": [0, 0, 0, 3.033, 0]}, {"Target": "Parameter", "Id": "ParamHandRJ", "Segments": [0, 0, 0, 3.033, 0]}, {"Target": "Parameter", "Id": "ParamHandRK", "Segments": [0, 0, 0, 3.033, 0]}, {"Target": "Parameter", "Id": "ParamFingerR", "Segments": [0, 10, 0, 3.033, 10]}, {"Target": "Parameter", "Id": "ParamArmL3", "Segments": [0, 4, 0, 3.033, 4]}, {"Target": "Parameter", "Id": "ParamArmL4", "Segments": [0, 0, 0, 3.033, 0]}, {"Target": "Parameter", "Id": "ParamArmL5", "Segments": [0, 9, 0, 3.033, 9]}, {"Target": "Parameter", "Id": "ParamArmL6", "Segments": [0, 1, 0, 3.033, 1]}, {"Target": "Parameter", "Id": "ParamArmL7", "Segments": [0, 0, 0, 3.033, 0]}, {"Target": "Parameter", "Id": "ParamArmL8", "Segments": [0, 40, 0, 3.033, 40]}, {"Target": "Parameter", "Id": "ParamArmL9", "Segments": [0, 1, 0, 3.033, 1]}, {"Target": "Parameter", "Id": "ParamHandLA", "Segments": [0, 0, 0, 3.033, 0]}, {"Target": "Parameter", "Id": "ParamHandLB", "Segments": [0, 0, 0, 3.033, 0]}, {"Target": "Parameter", "Id": "ParamHandLC", "Segments": [0, 0, 0, 3.033, 0]}, {"Target": "Parameter", "Id": "ParamHandLD", "Segments": [0, 0, 0, 3.033, 0]}, {"Target": "Parameter", "Id": "ParamHandLE", "Segments": [0, 0, 0, 3.033, 0]}, {"Target": "Parameter", "Id": "ParamHandLF", "Segments": [0, 0, 0, 3.033, 0]}, {"Target": "Parameter", "Id": "ParamHandLG", "Segments": [0, 1, 0, 3.033, 1]}, {"Target": "Parameter", "Id": "ParamHandLH", "Segments": [0, 0, 0, 3.033, 0]}, {"Target": "Parameter", "Id": "ParamHandLI", "Segments": [0, 0, 0, 3.033, 0]}, {"Target": "Parameter", "Id": "ParamHandLJ", "Segments": [0, 0, 0, 3.033, 0]}, {"Target": "Parameter", "Id": "ParamHandLK", "Segments": [0, 0, 0, 3.033, 0]}, {"Target": "Parameter", "Id": "ParamFingerL", "Segments": [0, 10, 0, 3.033, 10]}], "UserData": [{"Time": 0.55, "Value": "eyeblink,0.24,0,1.34"}, {"Time": 0.75, "Value": "eyeblink,0.2,0,0.24"}]}