{"Version": 3, "Meta": {"Duration": 2.417, "Fps": 60.0, "Loop": true, "AreBeziersRestricted": true, "CurveCount": 61, "UserDataCount": 1, "TotalSegmentCount": 184, "TotalPointCount": 192, "TotalUserDataSize": 23}, "Curves": [{"Target": "Parameter", "Id": "ParamAngleX", "Segments": [0, 0, 0, 0.283, -4, 0, 0.817, 1, 0, 1.3, -1, 2, 2.417, -1]}, {"Target": "Parameter", "Id": "ParamAngleY", "Segments": [0, 0, 0, 0.283, 11, 0, 0.817, -14, 0, 1.233, -6, 2, 2.417, -6]}, {"Target": "Parameter", "Id": "ParamAngleZ", "Segments": [0, 0, 0, 0.45, -6, 0, 0.95, 4, 0, 1.4, 2, 2, 2.417, 2]}, {"Target": "Parameter", "Id": "ParamEyeROpen", "Segments": [0, 1, 0, 0.2, 1, 0, 0.4, 0, 2, 0.633, 0, 0, 0.883, 1, 2, 2.417, 1]}, {"Target": "Parameter", "Id": "ParamEyeLOpen", "Segments": [0, 1, 0, 0.2, 1, 0, 0.4, 0, 2, 0.633, 0, 0, 0.883, 1, 2, 2.417, 1]}, {"Target": "Parameter", "Id": "ParamBodyAngleX", "Segments": [0, -4, 0, 0.433, 2, 0, 1.033, -3, 2, 2.417, -3]}, {"Target": "Parameter", "Id": "ParamBodyAngleY", "Segments": [0, 0, 0, 0.417, 3, 0, 1, -4, 0, 1.65, -3, 2, 2.417, -3]}, {"Target": "Parameter", "Id": "ParamBodyAngleZ", "Segments": [0, -5, 0, 0.55, -4, 1, 0.761, -3.29, 0.972, -3.0, 1.183, -3, 2, 2.417, -3]}, {"Target": "Parameter", "Id": "ParamUpperBodyZ", "Segments": [0, 7, 0, 0.55, 4, 0, 1.183, 5, 2, 2.417, 5]}, {"Target": "Parameter", "Id": "ParamUpperBody", "Segments": [0, 0, 0, 0.467, 0, 0, 1.033, -10, 0, 1.467, -9, 2, 2.417, -9]}, {"Target": "Parameter", "Id": "ParamBreath", "Segments": [0, 0, 0, 0.5, 0.4, 0, 1.05, 0, 2, 2.417, 0]}, {"Target": "Parameter", "Id": "ParamLegRZ", "Segments": [0, 4, 0, 1.1, 3, 2, 2.417, 3]}, {"Target": "Parameter", "Id": "ParamShoulderR", "Segments": [0, 0, 0, 0.317, -5, 0, 0.8, 8, 0, 1.35, 4, 2, 2.417, 4]}, {"Target": "Parameter", "Id": "ParamArmR1", "Segments": [0, -46, 0, 0.333, -37, 0, 0.833, -42, 0, 1.417, -41, 2, 2.417, -41]}, {"Target": "Parameter", "Id": "ParamArmR2", "Segments": [0, -2, 0, 0.383, -4, 0, 0.883, -1, 2, 2.417, -1]}, {"Target": "Parameter", "Id": "ParamArmR3", "Segments": [0, -17, 0, 0.4, -40, 0, 0.95, -5, 2, 2.417, -5]}, {"Target": "Parameter", "Id": "ParamArmR5", "Segments": [0, 0, 0, 0.433, 4, 0, 0.983, 0, 2, 2.417, 0]}, {"Target": "Parameter", "Id": "ParamArmR8", "Segments": [0, -20, 0, 0.417, -37, 0, 0.95, -7, 2, 2.417, -7]}, {"Target": "Parameter", "Id": "ParamFingerR", "Segments": [0, 0, 0, 0.45, 9, 0, 1.017, -5, 0, 1.45, 0, 2, 2.417, 0]}, {"Target": "Parameter", "Id": "ParamShoulderL", "Segments": [0, 5, 0, 0.317, -3, 0, 0.85, 9, 2, 2.417, 9]}, {"Target": "Parameter", "Id": "ParamArmL1", "Segments": [0, 7, 0, 0.333, 10, 0, 0.883, 0, 2, 2.417, 0]}, {"Target": "Parameter", "Id": "ParamArmL2", "Segments": [0, 19, 0, 0.383, 18, 1, 0.555, 16.895, 0.728, 16.0, 0.9, 16, 2, 2.417, 16]}, {"Target": "Parameter", "Id": "ParamArmL3", "Segments": [0, 18, 0, 0.433, 30, 1, 0.616, 37.822, 0.8, 40.0, 0.983, 40, 2, 2.417, 40]}, {"Target": "Parameter", "Id": "ParamArmL4", "Segments": [0, -20, 0, 0.817, -7, 2, 2.417, -7]}, {"Target": "Parameter", "Id": "ParamArmL8", "Segments": [0, 23, 0, 0.433, 35, 1, 0.628, 39.656, 0.822, 40.0, 1.017, 40, 2, 2.417, 40]}, {"Target": "Parameter", "Id": "ParamFingerL", "Segments": [0, 0, 0, 0.683, 5, 0, 1.283, 0, 2, 2.417, 0]}, {"Target": "Parameter", "Id": "ParamPositionX", "Segments": [0, 1, 0, 2.417, 1]}, {"Target": "Parameter", "Id": "ParamPositionY", "Segments": [0, 0, 0, 2.417, 0]}, {"Target": "Parameter", "Id": "ParamRotationZ", "Segments": [0, 0, 0, 2.417, 0]}, {"Target": "Parameter", "Id": "ParamEyeballX", "Segments": [0, 0, 0, 2.417, 0]}, {"Target": "Parameter", "Id": "ParamLegLZ", "Segments": [0, -1, 0, 2.417, -1]}, {"Target": "Parameter", "Id": "ParamArmR4", "Segments": [0, 0, 0, 2.417, 0]}, {"Target": "Parameter", "Id": "ParamArmR6", "Segments": [0, 0, 0, 2.417, 0]}, {"Target": "Parameter", "Id": "ParamArmR7", "Segments": [0, 0, 0, 2.417, 0]}, {"Target": "Parameter", "Id": "ParamArmR9", "Segments": [0, -0.8, 0, 2.417, -0.8]}, {"Target": "Parameter", "Id": "ParamHandRA", "Segments": [0, 1, 0, 2.417, 1]}, {"Target": "Parameter", "Id": "ParamHandRB", "Segments": [0, 0, 0, 2.417, 0]}, {"Target": "Parameter", "Id": "ParamHandRC", "Segments": [0, 0, 0, 2.417, 0]}, {"Target": "Parameter", "Id": "ParamHandRD", "Segments": [0, 0, 0, 2.417, 0]}, {"Target": "Parameter", "Id": "ParamHandRE", "Segments": [0, 0, 0, 2.417, 0]}, {"Target": "Parameter", "Id": "ParamHandRF", "Segments": [0, 0, 0, 2.417, 0]}, {"Target": "Parameter", "Id": "ParamHandRG", "Segments": [0, 0, 0, 2.417, 0]}, {"Target": "Parameter", "Id": "ParamHandRH", "Segments": [0, 0, 0, 2.417, 0]}, {"Target": "Parameter", "Id": "ParamHandRI", "Segments": [0, 0, 0, 2.417, 0]}, {"Target": "Parameter", "Id": "ParamHandRJ", "Segments": [0, 0, 0, 2.417, 0]}, {"Target": "Parameter", "Id": "ParamHandRK", "Segments": [0, 0, 0, 2.417, 0]}, {"Target": "Parameter", "Id": "ParamArmL5", "Segments": [0, 9, 0, 2.417, 9]}, {"Target": "Parameter", "Id": "ParamArmL6", "Segments": [0, 1, 0, 2.417, 1]}, {"Target": "Parameter", "Id": "ParamArmL7", "Segments": [0, 0, 0, 2.417, 0]}, {"Target": "Parameter", "Id": "ParamArmL9", "Segments": [0, 0.7, 0, 2.417, 0.7]}, {"Target": "Parameter", "Id": "ParamHandLA", "Segments": [0, 0, 0, 2.417, 0]}, {"Target": "Parameter", "Id": "ParamHandLB", "Segments": [0, 0, 0, 2.417, 0]}, {"Target": "Parameter", "Id": "ParamHandLC", "Segments": [0, 0, 0, 2.417, 0]}, {"Target": "Parameter", "Id": "ParamHandLD", "Segments": [0, 0, 0, 2.417, 0]}, {"Target": "Parameter", "Id": "ParamHandLE", "Segments": [0, 0, 0, 2.417, 0]}, {"Target": "Parameter", "Id": "ParamHandLF", "Segments": [0, 0, 0, 2.417, 0]}, {"Target": "Parameter", "Id": "ParamHandLG", "Segments": [0, 0, 0, 2.417, 0]}, {"Target": "Parameter", "Id": "ParamHandLH", "Segments": [0, 0, 0, 2.417, 0]}, {"Target": "Parameter", "Id": "ParamHandLI", "Segments": [0, 0, 0, 2.417, 0]}, {"Target": "Parameter", "Id": "ParamHandLJ", "Segments": [0, 1, 0, 2.417, 1]}, {"Target": "Parameter", "Id": "ParamHandLK", "Segments": [0, 0, 0, 2.417, 0]}], "UserData": [{"Time": 0.2, "Value": "eyeblink,0.20,0.23,0.20"}]}