{"Version": 3, "Meta": {"Duration": 2.167, "Fps": 60.0, "Loop": true, "AreBeziersRestricted": true, "CurveCount": 61, "UserDataCount": 1, "TotalSegmentCount": 185, "TotalPointCount": 191, "TotalUserDataSize": 23}, "Curves": [{"Target": "Parameter", "Id": "ParamPositionX", "Segments": [0, 2, 0, 1.05, 1, 2, 2.167, 1]}, {"Target": "Parameter", "Id": "ParamAngleX", "Segments": [0, 0, 0, 0.367, -5, 0, 0.9, -1, 2, 2.167, -1]}, {"Target": "Parameter", "Id": "ParamAngleY", "Segments": [0, 0, 0, 0.367, -9, 0, 0.9, 6, 2, 2.167, 6]}, {"Target": "Parameter", "Id": "ParamAngleZ", "Segments": [0, 4, 0, 0.517, -17, 0, 1.05, 11, 2, 2.167, 11]}, {"Target": "Parameter", "Id": "ParamEyeROpen", "Segments": [0, 1, 0, 0.133, 1, 0, 0.333, 0, 2, 0.6, 0, 0, 0.8, 1, 2, 2.167, 1]}, {"Target": "Parameter", "Id": "ParamEyeLOpen", "Segments": [0, 1, 0, 0.133, 1, 0, 0.333, 0, 2, 0.6, 0, 0, 0.8, 1, 2, 2.167, 1]}, {"Target": "Parameter", "Id": "ParamEyeballX", "Segments": [0, 0, 0, 0.317, 0.1, 0, 0.967, -0.1, 0, 1.55, 0, 2, 2.167, 0]}, {"Target": "Parameter", "Id": "ParamBodyAngleX", "Segments": [0, 0, 0, 0.417, 5, 0, 1.133, -1, 2, 2.167, -1]}, {"Target": "Parameter", "Id": "ParamBodyAngleY", "Segments": [0, 0, 0, 0.417, -3, 0, 1.133, 0, 2, 2.167, 0]}, {"Target": "Parameter", "Id": "ParamBodyAngleZ", "Segments": [0, -6, 0, 0.55, -3, 1, 0.783, 0.194, 1.017, 3.0, 1.25, 3, 2, 2.167, 3]}, {"Target": "Parameter", "Id": "ParamUpperBodyZ", "Segments": [0, 9, 0, 0.55, 5, 1, 0.783, 0.744, 1.017, -3.0, 1.25, -3, 2, 2.167, -3]}, {"Target": "Parameter", "Id": "ParamLegLZ", "Segments": [0, -1, 0, 1.1, 4, 2, 2.167, 4]}, {"Target": "Parameter", "Id": "ParamLegRZ", "Segments": [0, 5, 0, 1.1, 0, 2, 2.167, 0]}, {"Target": "Parameter", "Id": "ParamShoulderR", "Segments": [0, 2, 0, 0.633, 9, 2, 2.167, 9]}, {"Target": "Parameter", "Id": "ParamArmR1", "Segments": [0, -39, 0, 0.8, 5, 2, 2.167, 5]}, {"Target": "Parameter", "Id": "ParamArmR2", "Segments": [0, 30, 0, 0.35, 36, 0, 0.933, 19, 2, 2.167, 19]}, {"Target": "Parameter", "Id": "ParamArmR3", "Segments": [0, -12, 0, 1.033, 37, 2, 2.167, 37]}, {"Target": "Parameter", "Id": "ParamArmR4", "Segments": [0, 19, 0, 1.033, 0, 2, 2.167, 0]}, {"Target": "Parameter", "Id": "ParamArmR5", "Segments": [0, 9, 0, 1.033, 7, 2, 2.167, 7]}, {"Target": "Parameter", "Id": "ParamArmR6", "Segments": [0, 1.1, 0, 1.033, 1, 2, 2.167, 1]}, {"Target": "Parameter", "Id": "ParamHandRF", "Segments": [0, 1, 0, 0.283, 1, 0, 0.467, 0, 2, 2.167, 0]}, {"Target": "Parameter", "Id": "ParamHandRJ", "Segments": [0, 0, 0, 0.283, 0, 0, 0.467, 1, 2, 2.167, 1]}, {"Target": "Parameter", "Id": "ParamFingerR", "Segments": [0, 0, 0, 0.717, 5, 0, 1.25, -4, 0, 1.633, 0, 2, 2.167, 0]}, {"Target": "Parameter", "Id": "ParamShoulderL", "Segments": [0, 4, 0, 0.567, 9, 0, 1.217, 1, 2, 2.167, 1]}, {"Target": "Parameter", "Id": "ParamArmL1", "Segments": [0, -34, 0, 0.617, -15, 0, 1.283, -46, 2, 2.167, -46]}, {"Target": "Parameter", "Id": "ParamArmL2", "Segments": [0, 31, 0, 0.167, 32, 0, 0.683, -3, 2, 1.35, -3, 2, 2.167, -3]}, {"Target": "Parameter", "Id": "ParamArmL3", "Segments": [0, -18, 0, 1.517, -15, 2, 2.167, -15]}, {"Target": "Parameter", "Id": "ParamArmL4", "Segments": [0, 17, 0, 1.517, 0, 2, 2.167, 0]}, {"Target": "Parameter", "Id": "ParamArmL5", "Segments": [0, 6, 0, 0.367, 20, 0, 0.867, 2, 2, 2.167, 2]}, {"Target": "Parameter", "Id": "ParamArmL6", "Segments": [0, 1, 0, 0.533, 0.904, 1, 0.539, 0.902, 0.544, 0.0, 0.55, 0, 2, 2.167, 0]}, {"Target": "Parameter", "Id": "ParamHandLA", "Segments": [0, 0, 0, 0.283, 0, 0, 0.45, 1, 2, 2.167, 1]}, {"Target": "Parameter", "Id": "ParamHandLF", "Segments": [0, 1, 0, 0.283, 1, 0, 0.45, 0, 2, 2.167, 0]}, {"Target": "Parameter", "Id": "ParamFingerL", "Segments": [0, 0, 0, 0.467, 5, 0, 1, 0, 2, 1.583, 0, 2, 2.167, 0]}, {"Target": "Parameter", "Id": "ParamPositionY", "Segments": [0, 0, 0, 2.167, 0]}, {"Target": "Parameter", "Id": "ParamRotationZ", "Segments": [0, 0, 0, 2.167, 0]}, {"Target": "Parameter", "Id": "ParamUpperBody", "Segments": [0, 0, 0, 2.167, 0]}, {"Target": "Parameter", "Id": "ParamBreath", "Segments": [0, 0, 0, 2.167, 0]}, {"Target": "Parameter", "Id": "ParamArmR7", "Segments": [0, 0, 0, 2.167, 0]}, {"Target": "Parameter", "Id": "ParamArmR8", "Segments": [0, -17, 0, 2.167, -17]}, {"Target": "Parameter", "Id": "ParamArmR9", "Segments": [0, 0.8, 0, 2.167, 0.8]}, {"Target": "Parameter", "Id": "ParamHandRA", "Segments": [0, 0, 0, 2.167, 0]}, {"Target": "Parameter", "Id": "ParamHandRB", "Segments": [0, 0, 0, 2.167, 0]}, {"Target": "Parameter", "Id": "ParamHandRC", "Segments": [0, 0, 0, 2.167, 0]}, {"Target": "Parameter", "Id": "ParamHandRD", "Segments": [0, 0, 0, 2.167, 0]}, {"Target": "Parameter", "Id": "ParamHandRE", "Segments": [0, 0, 0, 2.167, 0]}, {"Target": "Parameter", "Id": "ParamHandRG", "Segments": [0, 0, 0, 2.167, 0]}, {"Target": "Parameter", "Id": "ParamHandRH", "Segments": [0, 0, 0, 2.167, 0]}, {"Target": "Parameter", "Id": "ParamHandRI", "Segments": [0, 0, 0, 2.167, 0]}, {"Target": "Parameter", "Id": "ParamHandRK", "Segments": [0, 0, 0, 2.167, 0]}, {"Target": "Parameter", "Id": "ParamArmL7", "Segments": [0, 0, 0, 2.167, 0]}, {"Target": "Parameter", "Id": "ParamArmL8", "Segments": [0, -31, 0, 2.167, -31]}, {"Target": "Parameter", "Id": "ParamArmL9", "Segments": [0, 0.7, 0, 2.167, 0.7]}, {"Target": "Parameter", "Id": "ParamHandLB", "Segments": [0, 0, 0, 2.167, 0]}, {"Target": "Parameter", "Id": "ParamHandLC", "Segments": [0, 0, 0, 2.167, 0]}, {"Target": "Parameter", "Id": "ParamHandLD", "Segments": [0, 0, 0, 2.167, 0]}, {"Target": "Parameter", "Id": "ParamHandLE", "Segments": [0, 0, 0, 2.167, 0]}, {"Target": "Parameter", "Id": "ParamHandLG", "Segments": [0, 0, 0, 2.167, 0]}, {"Target": "Parameter", "Id": "ParamHandLH", "Segments": [0, 0, 0, 2.167, 0]}, {"Target": "Parameter", "Id": "ParamHandLI", "Segments": [0, 0, 0, 2.167, 0]}, {"Target": "Parameter", "Id": "ParamHandLJ", "Segments": [0, 0, 0, 2.167, 0]}, {"Target": "Parameter", "Id": "ParamHandLK", "Segments": [0, 0, 0, 2.167, 0]}], "UserData": [{"Time": 0.133, "Value": "eyeblink,0.20,0.27,0.20"}]}