{"Version": 3, "Meta": {"Duration": 2.133, "Fps": 60.0, "Loop": true, "AreBeziersRestricted": true, "CurveCount": 61, "UserDataCount": 1, "TotalSegmentCount": 206, "TotalPointCount": 210, "TotalUserDataSize": 22}, "Curves": [{"Target": "Parameter", "Id": "ParamPositionY", "Segments": [0, 0, 0, 0.333, -1, 0, 0.667, 1, 0, 1.05, -1, 0, 1.433, 0, 2, 2.133, 0]}, {"Target": "Parameter", "Id": "ParamAngleX", "Segments": [0, 2, 0, 0.083, 2, 0, 0.417, -1, 0, 0.75, 4, 0, 1.133, 0, 2, 1.583, 0, 2, 2.133, 0]}, {"Target": "Parameter", "Id": "ParamAngleY", "Segments": [0, -4, 0, 0.1, -4, 0, 0.433, 15, 0, 0.767, -11, 0, 1.15, 4, 2, 1.217, 4, 0, 1.6, -3, 2, 2.133, -3]}, {"Target": "Parameter", "Id": "ParamAngleZ", "Segments": [0, 11, 0, 0.117, 11, 0, 0.45, 7, 0, 0.783, 14, 0, 1.167, 7, 0, 1.617, 11, 2, 2.133, 11]}, {"Target": "Parameter", "Id": "ParamEyeROpen", "Segments": [0, 1, 0, 0.15, 1, 0, 0.35, 0, 0, 0.583, 1, 2, 2.133, 1]}, {"Target": "Parameter", "Id": "ParamEyeLOpen", "Segments": [0, 1, 0, 0.15, 1, 0, 0.35, 0, 0, 0.583, 1, 2, 2.133, 1]}, {"Target": "Parameter", "Id": "ParamBodyAngleX", "Segments": [0, 2, 0, 0.333, -4, 0, 0.667, 1, 1, 0.795, 1, 0.922, 0.998, 1.05, 0, 1, 1.178, -0.998, 1.305, -3.0, 1.433, -3, 2, 2.133, -3]}, {"Target": "Parameter", "Id": "ParamBodyAngleY", "Segments": [0, 0, 0, 0.333, -4, 0, 0.667, 3, 0, 1.05, -3, 0, 1.433, 0, 2, 2.133, 0]}, {"Target": "Parameter", "Id": "ParamBodyAngleZ", "Segments": [0, 3, 0, 0.333, 4, 0, 0.667, 3, 0, 1.05, 4, 0, 1.433, 3, 2, 2.133, 3]}, {"Target": "Parameter", "Id": "ParamUpperBodyZ", "Segments": [0, -7, 0, 0.333, -9, 0, 0.667, -7, 0, 1.05, -9, 0, 1.433, -7, 2, 2.133, -7]}, {"Target": "Parameter", "Id": "ParamShoulderR", "Segments": [0, 1, 0, 0.033, 1, 0, 0.367, -2, 0, 0.7, 3, 0, 1.083, -1, 0, 1.467, 1, 2, 2.133, 1]}, {"Target": "Parameter", "Id": "ParamArmR1", "Segments": [0, -34, 0, 0.067, -34, 0, 0.4, -36, 0, 0.733, -29, 0, 1.117, -36, 0, 1.5, -34, 2, 2.133, -34]}, {"Target": "Parameter", "Id": "ParamArmR2", "Segments": [0, -2, 0, 0.1, -2, 2, 0.433, -2, 0, 0.767, -3, 0, 1.15, -1, 0, 1.533, -2, 2, 2.133, -2]}, {"Target": "Parameter", "Id": "ParamArmR3", "Segments": [0, -38, 0, 0.133, -38, 0, 0.467, -24, 0, 0.8, -40, 0, 1.183, -30, 0, 1.567, -38, 2, 2.133, -38]}, {"Target": "Parameter", "Id": "ParamArmR8", "Segments": [0, -40, 0, 0.517, -24, 0, 0.867, -40, 0, 1.217, -32, 0, 1.517, -40, 2, 2.133, -40]}, {"Target": "Parameter", "Id": "ParamShoulderL", "Segments": [0, 1, 0, 0.033, 1, 0, 0.367, 0, 0, 0.7, 4, 0, 1.083, -1, 0, 1.467, 1, 2, 2.133, 1]}, {"Target": "Parameter", "Id": "ParamArmL2", "Segments": [0, 43, 0, 0.083, 43, 0, 0.417, 41, 0, 0.75, 45, 0, 1.133, 42, 0, 1.517, 43, 2, 2.133, 43]}, {"Target": "Parameter", "Id": "ParamArmL3", "Segments": [0, 20, 0, 0.133, 20, 0, 0.467, 6, 0, 0.8, 16, 0, 1.183, 13, 0, 1.567, 20, 2, 2.133, 20]}, {"Target": "Parameter", "Id": "ParamArmL8", "Segments": [0, 0, 0, 0.45, -8, 0, 0.833, 11, 0, 1.283, 0, 2, 2.133, 0]}, {"Target": "Parameter", "Id": "ParamPositionX", "Segments": [0, 0, 0, 2.133, 0]}, {"Target": "Parameter", "Id": "ParamRotationZ", "Segments": [0, 0, 0, 2.133, 0]}, {"Target": "Parameter", "Id": "ParamEyeballX", "Segments": [0, 0, 0, 2.133, 0]}, {"Target": "Parameter", "Id": "ParamUpperBody", "Segments": [0, 0, 0, 2.133, 0]}, {"Target": "Parameter", "Id": "ParamBreath", "Segments": [0, 0, 0, 2.133, 0]}, {"Target": "Parameter", "Id": "ParamLegLZ", "Segments": [0, 1, 0, 2.133, 1]}, {"Target": "Parameter", "Id": "ParamLegRZ", "Segments": [0, 0, 0, 2.133, 0]}, {"Target": "Parameter", "Id": "ParamArmR4", "Segments": [0, 0, 0, 2.133, 0]}, {"Target": "Parameter", "Id": "ParamArmR5", "Segments": [0, 0, 0, 2.133, 0]}, {"Target": "Parameter", "Id": "ParamArmR6", "Segments": [0, 0, 0, 2.133, 0]}, {"Target": "Parameter", "Id": "ParamArmR7", "Segments": [0, 0, 0, 2.133, 0]}, {"Target": "Parameter", "Id": "ParamArmR9", "Segments": [0, -0.8, 0, 2.133, -0.8]}, {"Target": "Parameter", "Id": "ParamHandRA", "Segments": [0, 1, 0, 2.133, 1]}, {"Target": "Parameter", "Id": "ParamHandRB", "Segments": [0, 0, 0, 2.133, 0]}, {"Target": "Parameter", "Id": "ParamHandRC", "Segments": [0, 0, 0, 2.133, 0]}, {"Target": "Parameter", "Id": "ParamHandRD", "Segments": [0, 0, 0, 2.133, 0]}, {"Target": "Parameter", "Id": "ParamHandRE", "Segments": [0, 0, 0, 2.133, 0]}, {"Target": "Parameter", "Id": "ParamHandRF", "Segments": [0, 0, 0, 2.133, 0]}, {"Target": "Parameter", "Id": "ParamHandRG", "Segments": [0, 0, 0, 2.133, 0]}, {"Target": "Parameter", "Id": "ParamHandRH", "Segments": [0, 0, 0, 2.133, 0]}, {"Target": "Parameter", "Id": "ParamHandRI", "Segments": [0, 0, 0, 2.133, 0]}, {"Target": "Parameter", "Id": "ParamHandRJ", "Segments": [0, 0, 0, 2.133, 0]}, {"Target": "Parameter", "Id": "ParamHandRK", "Segments": [0, 0, 0, 2.133, 0]}, {"Target": "Parameter", "Id": "ParamFingerR", "Segments": [0, 0, 0, 2.133, 0]}, {"Target": "Parameter", "Id": "ParamArmL1", "Segments": [0, -40, 0, 2.133, -40]}, {"Target": "Parameter", "Id": "ParamArmL4", "Segments": [0, 18, 0, 2.133, 18]}, {"Target": "Parameter", "Id": "ParamArmL5", "Segments": [0, 8, 0, 2.133, 8]}, {"Target": "Parameter", "Id": "ParamArmL6", "Segments": [0, 1, 0, 2.133, 1]}, {"Target": "Parameter", "Id": "ParamArmL7", "Segments": [0, -4, 0, 2.133, -4]}, {"Target": "Parameter", "Id": "ParamArmL9", "Segments": [0, 0.7, 0, 2.133, 0.7]}, {"Target": "Parameter", "Id": "ParamHandLA", "Segments": [0, 0, 0, 2.133, 0]}, {"Target": "Parameter", "Id": "ParamHandLB", "Segments": [0, 0, 0, 2.133, 0]}, {"Target": "Parameter", "Id": "ParamHandLC", "Segments": [0, 0, 0, 2.133, 0]}, {"Target": "Parameter", "Id": "ParamHandLD", "Segments": [0, 1, 0, 2.133, 1]}, {"Target": "Parameter", "Id": "ParamHandLE", "Segments": [0, 0, 0, 2.133, 0]}, {"Target": "Parameter", "Id": "ParamHandLF", "Segments": [0, 0, 0, 2.133, 0]}, {"Target": "Parameter", "Id": "ParamHandLG", "Segments": [0, 0, 0, 2.133, 0]}, {"Target": "Parameter", "Id": "ParamHandLH", "Segments": [0, 0, 0, 2.133, 0]}, {"Target": "Parameter", "Id": "ParamHandLI", "Segments": [0, 0, 0, 2.133, 0]}, {"Target": "Parameter", "Id": "ParamHandLJ", "Segments": [0, 0, 0, 2.133, 0]}, {"Target": "Parameter", "Id": "ParamHandLK", "Segments": [0, 0, 0, 2.133, 0]}, {"Target": "Parameter", "Id": "ParamFingerL", "Segments": [0, 0, 0, 2.133, 0]}], "UserData": [{"Time": 0.183, "Value": "eyeblink,0.2,0.79,0.24"}]}