{"Version": 3, "Meta": {"Duration": 2.417, "Fps": 60.0, "Loop": true, "AreBeziersRestricted": true, "CurveCount": 60, "UserDataCount": 1, "TotalSegmentCount": 168, "TotalPointCount": 172, "TotalUserDataSize": 23}, "Curves": [{"Target": "Parameter", "Id": "ParamAngleX", "Segments": [0, 0, 0, 0.367, -6, 0, 0.733, 21, 0, 1.233, -19, 0, 1.733, 0, 2, 2.417, 0]}, {"Target": "Parameter", "Id": "ParamAngleY", "Segments": [0, 0, 0, 0.367, 6, 0, 0.733, -8, 0, 1.733, 0, 2, 2.417, 0]}, {"Target": "Parameter", "Id": "ParamAngleZ", "Segments": [0, -15, 0, 0.367, -10, 0, 0.733, -15, 2, 2.417, -15]}, {"Target": "Parameter", "Id": "ParamEyeROpen", "Segments": [0, 1, 0, 0.25, 1, 0, 0.617, 0, 2, 1.333, 0, 0, 1.617, 1, 2, 2.417, 1]}, {"Target": "Parameter", "Id": "ParamEyeLOpen", "Segments": [0, 1, 0, 0.25, 1, 0, 0.617, 0, 2, 1.333, 0, 0, 1.617, 1, 2, 2.417, 1]}, {"Target": "Parameter", "Id": "ParamBodyAngleX", "Segments": [0, 2, 0, 0.25, -1, 0, 0.617, 6, 0, 1.167, 0, 0, 1.667, 6, 2, 2.417, 6]}, {"Target": "Parameter", "Id": "ParamBodyAngleY", "Segments": [0, 0, 0, 0.25, 1, 0, 0.617, -2, 0, 1.167, 0, 2, 2.417, 0]}, {"Target": "Parameter", "Id": "ParamShoulderR", "Segments": [0, 2, 0, 0.333, 8, 0, 0.733, -2, 0, 1.3, 0, 2, 2.417, 0]}, {"Target": "Parameter", "Id": "ParamArmR2", "Segments": [0, 21, 0, 0.333, 23, 0, 0.733, 21, 2, 1.3, 21, 2, 2.417, 21]}, {"Target": "Parameter", "Id": "ParamArmR3", "Segments": [0, -23, 0, 0.333, -19, 1, 0.466, -19, 0.6, -19.929, 0.733, -21, 1, 0.922, -22.518, 1.111, -23.0, 1.3, -23, 2, 2.417, -23]}, {"Target": "Parameter", "Id": "ParamArmR4", "Segments": [0, 5, 0, 0.333, 7, 0, 0.733, 5, 2, 2.417, 5]}, {"Target": "Parameter", "Id": "ParamFingerR", "Segments": [0, 0, 0, 0.467, 6, 0, 0.95, 0, 2, 2.417, 0]}, {"Target": "Parameter", "Id": "ParamShoulderL", "Segments": [0, 0, 0, 0.333, 5, 0, 0.7, -2, 0, 1.283, 0, 2, 2.417, 0]}, {"Target": "Parameter", "Id": "ParamArmL1", "Segments": [0, -41, 0, 0.333, -37, 0, 0.7, -41, 2, 2.417, -41]}, {"Target": "Parameter", "Id": "ParamArmL2", "Segments": [0, 1, 0, 0.417, 3, 0, 0.783, 1, 2, 2.417, 1]}, {"Target": "Parameter", "Id": "ParamArmL4", "Segments": [0, 0, 0, 0.333, 5, 0, 0.7, 0, 2, 2.417, 0]}, {"Target": "Parameter", "Id": "ParamFingerL", "Segments": [0, 0, 0, 0.433, -6, 0, 0.917, 0, 2, 2.417, 0]}, {"Target": "Parameter", "Id": "ParamPositionX", "Segments": [0, 0, 0, 2.417, 0]}, {"Target": "Parameter", "Id": "ParamPositionY", "Segments": [0, 0, 0, 2.417, 0]}, {"Target": "Parameter", "Id": "ParamRotationZ", "Segments": [0, 0, 0, 2.417, 0]}, {"Target": "Parameter", "Id": "ParamBodyAngleZ", "Segments": [0, -2, 0, 2.417, -2]}, {"Target": "Parameter", "Id": "ParamUpperBodyZ", "Segments": [0, 5, 0, 2.417, 5]}, {"Target": "Parameter", "Id": "ParamUpperBody", "Segments": [0, 0, 0, 2.417, 0]}, {"Target": "Parameter", "Id": "ParamBreath", "Segments": [0, 0, 0, 2.417, 0]}, {"Target": "Parameter", "Id": "ParamLegLZ", "Segments": [0, 0, 0, 2.417, 0]}, {"Target": "Parameter", "Id": "ParamLegRZ", "Segments": [0, 1, 0, 2.417, 1]}, {"Target": "Parameter", "Id": "ParamArmR1", "Segments": [0, -44, 0, 2.417, -44]}, {"Target": "Parameter", "Id": "ParamArmR5", "Segments": [0, 3, 0, 2.417, 3]}, {"Target": "Parameter", "Id": "ParamArmR6", "Segments": [0, 1.1, 0, 2.417, 1.1]}, {"Target": "Parameter", "Id": "ParamArmR7", "Segments": [0, 0, 0, 2.417, 0]}, {"Target": "Parameter", "Id": "ParamArmR8", "Segments": [0, -22, 0, 2.417, -22]}, {"Target": "Parameter", "Id": "ParamArmR9", "Segments": [0, 0.7, 0, 2.417, 0.7]}, {"Target": "Parameter", "Id": "ParamHandRA", "Segments": [0, 0, 0, 2.417, 0]}, {"Target": "Parameter", "Id": "ParamHandRB", "Segments": [0, 0, 0, 2.417, 0]}, {"Target": "Parameter", "Id": "ParamHandRC", "Segments": [0, 0, 0, 2.417, 0]}, {"Target": "Parameter", "Id": "ParamHandRD", "Segments": [0, 1, 0, 2.417, 1]}, {"Target": "Parameter", "Id": "ParamHandRE", "Segments": [0, 0, 0, 2.417, 0]}, {"Target": "Parameter", "Id": "ParamHandRF", "Segments": [0, 0, 0, 2.417, 0]}, {"Target": "Parameter", "Id": "ParamHandRG", "Segments": [0, 0, 0, 2.417, 0]}, {"Target": "Parameter", "Id": "ParamHandRH", "Segments": [0, 0, 0, 2.417, 0]}, {"Target": "Parameter", "Id": "ParamHandRI", "Segments": [0, 0, 0, 2.417, 0]}, {"Target": "Parameter", "Id": "ParamHandRJ", "Segments": [0, 0, 0, 2.417, 0]}, {"Target": "Parameter", "Id": "ParamHandRK", "Segments": [0, 0, 0, 2.417, 0]}, {"Target": "Parameter", "Id": "ParamArmL3", "Segments": [0, 4, 0, 2.417, 4]}, {"Target": "Parameter", "Id": "ParamArmL5", "Segments": [0, 0, 0, 2.417, 0]}, {"Target": "Parameter", "Id": "ParamArmL6", "Segments": [0, 1, 0, 2.417, 1]}, {"Target": "Parameter", "Id": "ParamArmL7", "Segments": [0, 5, 0, 2.417, 5]}, {"Target": "Parameter", "Id": "ParamArmL8", "Segments": [0, -8, 0, 2.417, -8]}, {"Target": "Parameter", "Id": "ParamArmL9", "Segments": [0, -0.3, 0, 2.417, -0.3]}, {"Target": "Parameter", "Id": "ParamHandLA", "Segments": [0, 0, 0, 2.417, 0]}, {"Target": "Parameter", "Id": "ParamHandLB", "Segments": [0, 0, 0, 2.417, 0]}, {"Target": "Parameter", "Id": "ParamHandLC", "Segments": [0, 0, 0, 2.417, 0]}, {"Target": "Parameter", "Id": "ParamHandLD", "Segments": [0, 0, 0, 2.417, 0]}, {"Target": "Parameter", "Id": "ParamHandLE", "Segments": [0, 0, 0, 2.417, 0]}, {"Target": "Parameter", "Id": "ParamHandLF", "Segments": [0, 0, 0, 2.417, 0]}, {"Target": "Parameter", "Id": "ParamHandLG", "Segments": [0, 1, 0, 2.417, 1]}, {"Target": "Parameter", "Id": "ParamHandLH", "Segments": [0, 0, 0, 2.417, 0]}, {"Target": "Parameter", "Id": "ParamHandLI", "Segments": [0, 0, 0, 2.417, 0]}, {"Target": "Parameter", "Id": "ParamHandLJ", "Segments": [0, 0, 0, 2.417, 0]}, {"Target": "Parameter", "Id": "ParamHandLK", "Segments": [0, 0, 0, 2.417, 0]}], "UserData": [{"Time": 0.25, "Value": "eyeblink,0.37,0.71,0.28"}]}