{"Version": 3, "Meta": {"Duration": 2.767, "Fps": 60.0, "Loop": true, "AreBeziersRestricted": true, "CurveCount": 61, "UserDataCount": 1, "TotalSegmentCount": 195, "TotalPointCount": 197, "TotalUserDataSize": 23}, "Curves": [{"Target": "Parameter", "Id": "ParamAngleX", "Segments": [0, -3, 0, 0.333, 4, 0, 0.867, -4, 0, 1.567, 0, 2, 1.967, 0, 2, 2.767, 0]}, {"Target": "Parameter", "Id": "ParamAngleY", "Segments": [0, 0, 0, 0.333, 7, 0, 0.867, -5, 0, 1.6, -1, 2, 1.967, -1, 2, 2.767, -1]}, {"Target": "Parameter", "Id": "ParamAngleZ", "Segments": [0, 0, 0, 0.433, 3, 0, 1.033, -17, 2, 1.967, -17, 2, 2.767, -17]}, {"Target": "Parameter", "Id": "ParamEyeROpen", "Segments": [0, 1, 0, 0.367, 1, 0, 0.567, 0, 0, 0.767, 1, 2, 2.767, 1]}, {"Target": "Parameter", "Id": "ParamEyeLOpen", "Segments": [0, 1, 0, 0.367, 1, 0, 0.567, 0, 0, 0.767, 1, 2, 2.767, 1]}, {"Target": "Parameter", "Id": "ParamEyeballX", "Segments": [0, 0, 0, 0.533, -0.1, 0, 1.033, 0.1, 0, 1.7, 0, 2, 2.767, 0]}, {"Target": "Parameter", "Id": "ParamBodyAngleX", "Segments": [0, -2, 0, 0.333, 3, 0, 0.767, -3, 0, 1.267, -1, 2, 1.967, -1, 2, 2.767, -1]}, {"Target": "Parameter", "Id": "ParamBodyAngleY", "Segments": [0, 0, 0, 0.333, 3, 0, 0.933, -1, 2, 1.967, -1, 2, 2.767, -1]}, {"Target": "Parameter", "Id": "ParamBodyAngleZ", "Segments": [0, 2, 0, 0.467, 2, 0, 1.033, 1, 2, 1.967, 1, 2, 2.767, 1]}, {"Target": "Parameter", "Id": "ParamUpperBodyZ", "Segments": [0, 0, 0, 0.467, 1, 1, 0.656, 2.032, 0.844, 3.0, 1.033, 3, 2, 1.967, 3, 2, 2.767, 3]}, {"Target": "Parameter", "Id": "ParamLegLZ", "Segments": [0, 2, 0, 0.867, 0, 2, 1.967, 0, 2, 2.767, 0]}, {"Target": "Parameter", "Id": "ParamLegRZ", "Segments": [0, -3, 0, 0.867, -1, 2, 1.967, -1, 2, 2.767, -1]}, {"Target": "Parameter", "Id": "ParamShoulderR", "Segments": [0, 0, 0, 0.433, 4, 0, 1.1, 0, 2, 1.967, 0, 2, 2.767, 0]}, {"Target": "Parameter", "Id": "ParamArmR1", "Segments": [0, -44, 0, 0.433, -39, 0, 1.1, -44, 2, 1.967, -44, 2, 2.767, -44]}, {"Target": "Parameter", "Id": "ParamArmR2", "Segments": [0, 6, 0, 0.467, 8, 0, 1.133, 6, 2, 1.967, 6, 2, 2.767, 6]}, {"Target": "Parameter", "Id": "ParamArmR3", "Segments": [0, 16, 0, 0.567, 26, 0, 1.233, 18, 2, 1.967, 18, 2, 2.767, 18]}, {"Target": "Parameter", "Id": "ParamArmR5", "Segments": [0, 5, 0, 0.467, 7, 0, 1.133, 5, 2, 1.967, 5, 2, 2.767, 5]}, {"Target": "Parameter", "Id": "ParamFingerR", "Segments": [0, 0, 0, 0.5, 8, 0, 1.3, -3, 0, 2.133, 0, 2, 2.767, 0]}, {"Target": "Parameter", "Id": "ParamShoulderL", "Segments": [0, 0, 0, 0.5, 4, 0, 1.1, 0, 2, 1.967, 0, 2, 2.767, 0]}, {"Target": "Parameter", "Id": "ParamArmL1", "Segments": [0, -43, 0, 0.433, -39, 0, 1.1, -43, 2, 1.967, -43, 2, 2.767, -43]}, {"Target": "Parameter", "Id": "ParamArmL2", "Segments": [0, 7, 0, 0.467, 8, 0, 1.133, 7, 2, 1.967, 7, 2, 2.767, 7]}, {"Target": "Parameter", "Id": "ParamArmL3", "Segments": [0, 23, 0, 0.567, 38, 0, 1.233, 23, 2, 1.967, 23, 2, 2.767, 23]}, {"Target": "Parameter", "Id": "ParamArmL5", "Segments": [0, 0, 0, 0.467, 3, 0, 1.133, 0, 2, 1.967, 0, 2, 2.767, 0]}, {"Target": "Parameter", "Id": "ParamFingerL", "Segments": [0, 0, 0, 0.5, 10, 0, 1.3, -4, 0, 2.133, 0, 2, 2.767, 0]}, {"Target": "Parameter", "Id": "ParamPositionX", "Segments": [0, 0, 0, 2.767, 0]}, {"Target": "Parameter", "Id": "ParamPositionY", "Segments": [0, 0, 0, 2.767, 0]}, {"Target": "Parameter", "Id": "ParamRotationZ", "Segments": [0, 0, 0, 2.767, 0]}, {"Target": "Parameter", "Id": "ParamUpperBody", "Segments": [0, 0, 0, 2.767, 0]}, {"Target": "Parameter", "Id": "ParamBreath", "Segments": [0, 0, 0, 2.767, 0]}, {"Target": "Parameter", "Id": "ParamArmR4", "Segments": [0, 8, 0, 2.767, 8]}, {"Target": "Parameter", "Id": "ParamArmR6", "Segments": [0, 1, 0, 2.767, 1]}, {"Target": "Parameter", "Id": "ParamArmR7", "Segments": [0, 8, 0, 2.767, 8]}, {"Target": "Parameter", "Id": "ParamArmR8", "Segments": [0, 17, 0, 2.767, 17]}, {"Target": "Parameter", "Id": "ParamArmR9", "Segments": [0, -0.2, 0, 2.767, -0.2]}, {"Target": "Parameter", "Id": "ParamHandRA", "Segments": [0, 0, 0, 2.767, 0]}, {"Target": "Parameter", "Id": "ParamHandRB", "Segments": [0, 0, 0, 2.767, 0]}, {"Target": "Parameter", "Id": "ParamHandRC", "Segments": [0, 0, 0, 2.767, 0]}, {"Target": "Parameter", "Id": "ParamHandRD", "Segments": [0, 1, 0, 2.767, 1]}, {"Target": "Parameter", "Id": "ParamHandRE", "Segments": [0, 0, 0, 2.767, 0]}, {"Target": "Parameter", "Id": "ParamHandRF", "Segments": [0, 0, 0, 2.767, 0]}, {"Target": "Parameter", "Id": "ParamHandRG", "Segments": [0, 0, 0, 2.767, 0]}, {"Target": "Parameter", "Id": "ParamHandRH", "Segments": [0, 0, 0, 2.767, 0]}, {"Target": "Parameter", "Id": "ParamHandRI", "Segments": [0, 0, 0, 2.767, 0]}, {"Target": "Parameter", "Id": "ParamHandRJ", "Segments": [0, 0, 0, 2.767, 0]}, {"Target": "Parameter", "Id": "ParamHandRK", "Segments": [0, 0, 0, 2.767, 0]}, {"Target": "Parameter", "Id": "ParamArmL4", "Segments": [0, 10, 0, 2.767, 10]}, {"Target": "Parameter", "Id": "ParamArmL6", "Segments": [0, 1, 0, 2.767, 1]}, {"Target": "Parameter", "Id": "ParamArmL7", "Segments": [0, 5, 0, 2.767, 5]}, {"Target": "Parameter", "Id": "ParamArmL8", "Segments": [0, 14, 0, 2.767, 14]}, {"Target": "Parameter", "Id": "ParamArmL9", "Segments": [0, -0.2, 0, 2.767, -0.2]}, {"Target": "Parameter", "Id": "ParamHandLA", "Segments": [0, 0, 0, 2.767, 0]}, {"Target": "Parameter", "Id": "ParamHandLB", "Segments": [0, 0, 0, 2.767, 0]}, {"Target": "Parameter", "Id": "ParamHandLC", "Segments": [0, 0, 0, 2.767, 0]}, {"Target": "Parameter", "Id": "ParamHandLD", "Segments": [0, 0, 0, 2.767, 0]}, {"Target": "Parameter", "Id": "ParamHandLE", "Segments": [0, 0, 0, 2.767, 0]}, {"Target": "Parameter", "Id": "ParamHandLF", "Segments": [0, 0, 0, 2.767, 0]}, {"Target": "Parameter", "Id": "ParamHandLG", "Segments": [0, 1, 0, 2.767, 1]}, {"Target": "Parameter", "Id": "ParamHandLH", "Segments": [0, 0, 0, 2.767, 0]}, {"Target": "Parameter", "Id": "ParamHandLI", "Segments": [0, 0, 0, 2.767, 0]}, {"Target": "Parameter", "Id": "ParamHandLJ", "Segments": [0, 0, 0, 2.767, 0]}, {"Target": "Parameter", "Id": "ParamHandLK", "Segments": [0, 0, 0, 2.767, 0]}], "UserData": [{"Time": 0.367, "Value": "eyeblink,0.20,0.00,0.20"}]}