{"Version": 3, "Meta": {"Duration": 1.5, "Fps": 60.0, "Loop": true, "AreBeziersRestricted": true, "CurveCount": 9, "UserDataCount": 0, "TotalSegmentCount": 41, "TotalPointCount": 53, "TotalUserDataSize": 0}, "Curves": [{"Target": "Parameter", "Id": "ParamBodyAngleY", "Segments": [0, 0, 0, 0.333, 3, 0, 0.7, -2, 0, 1.117, 0, 2, 1.5, 0]}, {"Target": "Parameter", "Id": "ParamBodyAngleZ", "Segments": [0, 0, 0, 0.333, 0, 0, 0.867, -1, 2, 1.5, -1]}, {"Target": "Parameter", "Id": "ParamUpperBodyZ", "Segments": [0, 0, 0, 0.333, 0, 0, 0.867, -1, 2, 1.5, -1]}, {"Target": "Parameter", "Id": "ParamShoulderL", "Segments": [0, 0, 0, 0.333, 3, 0, 0.7, -1, 0, 1.117, 0, 2, 1.5, 0]}, {"Target": "Parameter", "Id": "ParamArmL1", "Segments": [0, -39, 0, 0.333, -35, 0, 0.7, -38, 1, 0.722, -38, 0.745, -38.07, 0.767, -37.9, 1, 0.884, -37.009, 1.0, -36.0, 1.117, -36, 2, 1.5, -36]}, {"Target": "Parameter", "Id": "ParamArmL2", "Segments": [0, 0, 0, 0.367, -2, 0, 0.733, 0, 0, 1.15, -1, 2, 1.5, -1]}, {"Target": "Parameter", "Id": "ParamArmL3", "Segments": [0, 0, 0, 0.4, -18, 1, 0.522, -18, 0.645, -16.458, 0.767, -11, 1, 0.906, -4.798, 1.044, -0.0, 1.183, 0, 2, 1.5, 0]}, {"Target": "Parameter", "Id": "ParamArmL8", "Segments": [0, 0, 0, 0.383, -25, 1, 0.511, -25, 0.639, -22.648, 0.767, -15, 1, 0.911, -6.354, 1.056, 0.0, 1.2, 0, 2, 1.5, 0]}, {"Target": "Parameter", "Id": "ParamFingerL", "Segments": [0, 0, 0, 1.5, 0]}], "UserData": []}