{"Version": 3, "Meta": {"Duration": 2.933, "Fps": 60.0, "Loop": true, "AreBeziersRestricted": true, "CurveCount": 61, "UserDataCount": 1, "TotalSegmentCount": 169, "TotalPointCount": 171, "TotalUserDataSize": 23}, "Curves": [{"Target": "Parameter", "Id": "ParamAngleX", "Segments": [0, 0, 0, 0.4, -17, 0, 0.833, 15, 0, 1.333, -3, 0, 1.9, 0, 2, 2.933, 0]}, {"Target": "Parameter", "Id": "ParamAngleY", "Segments": [0, 0, 0, 0.4, -15, 1, 0.544, -16.193, 0.689, -16.0, 0.833, -16, 0, 1.333, -15, 2, 2.933, -15]}, {"Target": "Parameter", "Id": "ParamAngleZ", "Segments": [0, 3, 0, 0.567, -4, 0, 1.6, 5, 2, 2.933, 5]}, {"Target": "Parameter", "Id": "ParamEyeROpen", "Segments": [0, 1, 0, 0.867, 1, 0, 1.067, 0, 0, 1.267, 1, 2, 2.933, 1]}, {"Target": "Parameter", "Id": "ParamEyeLOpen", "Segments": [0, 1, 0, 0.867, 1, 0, 1.067, 0, 0, 1.267, 1, 2, 2.933, 1]}, {"Target": "Parameter", "Id": "ParamEyeballX", "Segments": [0, 0, 0, 0.467, 0.2, 0, 0.933, -0.1, 0, 1.4, 0, 2, 2.933, 0]}, {"Target": "Parameter", "Id": "ParamBodyAngleX", "Segments": [0, 0, 0, 0.467, -3, 0, 1.2, 2, 2, 2.933, 2]}, {"Target": "Parameter", "Id": "ParamBodyAngleY", "Segments": [0, 0, 0, 0.567, -4, 2, 2.933, -4]}, {"Target": "Parameter", "Id": "ParamBodyAngleZ", "Segments": [0, 2, 0, 0.667, 3, 2, 2.933, 3]}, {"Target": "Parameter", "Id": "ParamUpperBodyZ", "Segments": [0, -3, 0, 0.667, -2, 0, 1.233, -3, 2, 2.933, -3]}, {"Target": "Parameter", "Id": "ParamLegLZ", "Segments": [0, 0, 0, 0.667, 2, 2, 2.933, 2]}, {"Target": "Parameter", "Id": "ParamShoulderR", "Segments": [0, 1, 0, 0.4, 3, 2, 2.933, 3]}, {"Target": "Parameter", "Id": "ParamArmR1", "Segments": [0, -42, 0, 0.4, -40, 0, 0.9, -44, 2, 2.933, -44]}, {"Target": "Parameter", "Id": "ParamArmR2", "Segments": [0, -2, 0, 0.533, -3, 0, 1.033, -2, 2, 2.933, -2]}, {"Target": "Parameter", "Id": "ParamArmR3", "Segments": [0, -13, 0, 0.6, -22, 0, 1.3, -7, 2, 2.933, -7]}, {"Target": "Parameter", "Id": "ParamArmR8", "Segments": [0, -9, 0, 0.567, -22, 0, 1.283, -6, 2, 2.933, -6]}, {"Target": "Parameter", "Id": "ParamFingerR", "Segments": [0, 0, 0, 0.6, 6, 0, 1.433, 0, 2, 2.933, 0]}, {"Target": "Parameter", "Id": "ParamShoulderL", "Segments": [0, 0, 0, 0.467, 4, 2, 2.933, 4]}, {"Target": "Parameter", "Id": "ParamArmL1", "Segments": [0, -48, 0, 0.467, -45, 0, 0.967, -48, 2, 2.933, -48]}, {"Target": "Parameter", "Id": "ParamArmL2", "Segments": [0, -3, 0, 0.6, -4, 0, 1.1, -2, 2, 2.933, -2]}, {"Target": "Parameter", "Id": "ParamArmL3", "Segments": [0, -11, 0, 0.767, -27, 0, 1.267, -13, 2, 2.933, -13]}, {"Target": "Parameter", "Id": "ParamArmL8", "Segments": [0, -13, 0, 0.683, -29, 0, 1.283, -15, 2, 2.933, -15]}, {"Target": "Parameter", "Id": "ParamFingerL", "Segments": [0, 0, 0, 0.6, 6, 0, 1.433, 0, 2, 2.933, 0]}, {"Target": "Parameter", "Id": "ParamPositionX", "Segments": [0, 0, 0, 2.933, 0]}, {"Target": "Parameter", "Id": "ParamPositionY", "Segments": [0, 0, 0, 2.933, 0]}, {"Target": "Parameter", "Id": "ParamRotationZ", "Segments": [0, 0, 0, 2.933, 0]}, {"Target": "Parameter", "Id": "ParamUpperBody", "Segments": [0, 0, 0, 2.933, 0]}, {"Target": "Parameter", "Id": "ParamBreath", "Segments": [0, 0, 0, 2.933, 0]}, {"Target": "Parameter", "Id": "ParamLegRZ", "Segments": [0, 0, 0, 2.933, 0]}, {"Target": "Parameter", "Id": "ParamArmR4", "Segments": [0, 0, 0, 2.933, 0]}, {"Target": "Parameter", "Id": "ParamArmR5", "Segments": [0, 3, 0, 2.933, 3]}, {"Target": "Parameter", "Id": "ParamArmR6", "Segments": [0, 0, 0, 2.933, 0]}, {"Target": "Parameter", "Id": "ParamArmR7", "Segments": [0, 8, 0, 2.933, 8]}, {"Target": "Parameter", "Id": "ParamArmR9", "Segments": [0, -0.8, 0, 2.933, -0.8]}, {"Target": "Parameter", "Id": "ParamHandRA", "Segments": [0, 1, 0, 2.933, 1]}, {"Target": "Parameter", "Id": "ParamHandRB", "Segments": [0, 0, 0, 2.933, 0]}, {"Target": "Parameter", "Id": "ParamHandRC", "Segments": [0, 0, 0, 2.933, 0]}, {"Target": "Parameter", "Id": "ParamHandRD", "Segments": [0, 0, 0, 2.933, 0]}, {"Target": "Parameter", "Id": "ParamHandRE", "Segments": [0, 0, 0, 2.933, 0]}, {"Target": "Parameter", "Id": "ParamHandRF", "Segments": [0, 0, 0, 2.933, 0]}, {"Target": "Parameter", "Id": "ParamHandRG", "Segments": [0, 0, 0, 2.933, 0]}, {"Target": "Parameter", "Id": "ParamHandRH", "Segments": [0, 0, 0, 2.933, 0]}, {"Target": "Parameter", "Id": "ParamHandRI", "Segments": [0, 0, 0, 2.933, 0]}, {"Target": "Parameter", "Id": "ParamHandRJ", "Segments": [0, 0, 0, 2.933, 0]}, {"Target": "Parameter", "Id": "ParamHandRK", "Segments": [0, 0, 0, 2.933, 0]}, {"Target": "Parameter", "Id": "ParamArmL4", "Segments": [0, 0, 0, 2.933, 0]}, {"Target": "Parameter", "Id": "ParamArmL5", "Segments": [0, 3, 0, 2.933, 3]}, {"Target": "Parameter", "Id": "ParamArmL6", "Segments": [0, 0, 0, 2.933, 0]}, {"Target": "Parameter", "Id": "ParamArmL7", "Segments": [0, 0, 0, 2.933, 0]}, {"Target": "Parameter", "Id": "ParamArmL9", "Segments": [0, -0.8, 0, 2.933, -0.8]}, {"Target": "Parameter", "Id": "ParamHandLA", "Segments": [0, 1, 0, 2.933, 1]}, {"Target": "Parameter", "Id": "ParamHandLB", "Segments": [0, 0, 0, 2.933, 0]}, {"Target": "Parameter", "Id": "ParamHandLC", "Segments": [0, 0, 0, 2.933, 0]}, {"Target": "Parameter", "Id": "ParamHandLD", "Segments": [0, 0, 0, 2.933, 0]}, {"Target": "Parameter", "Id": "ParamHandLE", "Segments": [0, 0, 0, 2.933, 0]}, {"Target": "Parameter", "Id": "ParamHandLF", "Segments": [0, 0, 0, 2.933, 0]}, {"Target": "Parameter", "Id": "ParamHandLG", "Segments": [0, 0, 0, 2.933, 0]}, {"Target": "Parameter", "Id": "ParamHandLH", "Segments": [0, 0, 0, 2.933, 0]}, {"Target": "Parameter", "Id": "ParamHandLI", "Segments": [0, 0, 0, 2.933, 0]}, {"Target": "Parameter", "Id": "ParamHandLJ", "Segments": [0, 0, 0, 2.933, 0]}, {"Target": "Parameter", "Id": "ParamHandLK", "Segments": [0, 0, 0, 2.933, 0]}], "UserData": [{"Time": 0.867, "Value": "eyeblink,0.20,0.00,0.20"}]}