{"Version": 3, "Meta": {"Duration": 1.8, "Fps": 60.0, "Loop": true, "AreBeziersRestricted": true, "CurveCount": 61, "UserDataCount": 1, "TotalSegmentCount": 193, "TotalPointCount": 195, "TotalUserDataSize": 19}, "Curves": [{"Target": "Parameter", "Id": "ParamAngleX", "Segments": [0, 0, 0, 0.083, 0, 0, 0.4, -5, 0, 0.8, 7, 0, 1.217, 6, 2, 1.8, 6]}, {"Target": "Parameter", "Id": "ParamAngleY", "Segments": [0, 0, 0, 0.083, 0, 0, 0.4, 14, 0, 0.8, -8, 0, 1.217, -6, 2, 1.8, -6]}, {"Target": "Parameter", "Id": "ParamAngleZ", "Segments": [0, 0, 0, 0.083, 0, 0, 0.4, -17, 0, 0.8, 9, 0, 1.217, 5, 2, 1.8, 5]}, {"Target": "Parameter", "Id": "ParamEyeROpen", "Segments": [0, 1, 0, 0.3, 1, 0, 0.5, 0, 0, 0.733, 1, 2, 1.8, 1]}, {"Target": "Parameter", "Id": "ParamEyeLOpen", "Segments": [0, 1, 0, 0.3, 1, 0, 0.5, 0, 0, 0.733, 1, 2, 1.8, 1]}, {"Target": "Parameter", "Id": "ParamEyeballX", "Segments": [0, 0, 0, 0.4, 0.1, 0, 0.8, -0.1, 2, 1.8, -0.1]}, {"Target": "Parameter", "Id": "ParamBodyAngleX", "Segments": [0, -4, 0, 0.317, 10, 0, 0.717, -8, 0, 1.133, -6, 2, 1.8, -6]}, {"Target": "Parameter", "Id": "ParamBodyAngleY", "Segments": [0, 0, 0, 0.317, 7, 0, 0.717, -5, 0, 1.133, -2, 2, 1.8, -2]}, {"Target": "Parameter", "Id": "ParamUpperBody", "Segments": [0, 0, 0, 0.317, 3, 0, 0.717, -2, 2, 1.8, -2]}, {"Target": "Parameter", "Id": "ParamBreath", "Segments": [0, 0, 0, 0.317, 1, 0, 1.133, 0, 2, 1.8, 0]}, {"Target": "Parameter", "Id": "ParamShoulderR", "Segments": [0, 0, 0, 0.05, 0, 0, 0.283, 6, 2, 0.367, 6, 0, 0.617, -3, 2, 0.767, -3, 0, 0.967, 0, 2, 1.8, 0]}, {"Target": "Parameter", "Id": "ParamArmR1", "Segments": [0, -46, 0, 0.1, -46, 0, 0.417, -33, 0, 0.817, -47, 0, 1.2, -45, 2, 1.8, -45]}, {"Target": "Parameter", "Id": "ParamArmR2", "Segments": [0, -2, 0, 0.1, -2, 0, 0.417, -4, 0, 0.867, -2, 0, 1.25, -3, 2, 1.8, -3]}, {"Target": "Parameter", "Id": "ParamArmR3", "Segments": [0, -17, 0, 0.1, -17, 2, 0.417, -17, 0, 0.867, 13, 0, 1.25, 4, 2, 1.8, 4]}, {"Target": "Parameter", "Id": "ParamArmR4", "Segments": [0, 0, 0, 0.417, 7, 0, 0.817, 0, 2, 1.8, 0]}, {"Target": "Parameter", "Id": "ParamArmR5", "Segments": [0, 0, 0, 0.467, 4, 0, 0.867, 0, 2, 1.8, 0]}, {"Target": "Parameter", "Id": "ParamArmR8", "Segments": [0, -21, 0, 0.417, -19, 1, 0.561, -16.488, 0.706, 8.0, 0.85, 8, 0, 1.283, 4, 2, 1.8, 4]}, {"Target": "Parameter", "Id": "ParamFingerR", "Segments": [0, 0, 0, 0.35, 10, 0, 0.8, -10, 0, 1.283, 0, 2, 1.8, 0]}, {"Target": "Parameter", "Id": "ParamShoulderL", "Segments": [0, 5, 0, 0.267, 10, 0, 0.667, 2, 0, 1.05, 7, 2, 1.8, 7]}, {"Target": "Parameter", "Id": "ParamArmL1", "Segments": [0, 7, 0, 0.267, 10, 0, 0.667, 7, 2, 1.8, 7]}, {"Target": "Parameter", "Id": "ParamArmL4", "Segments": [0, 27, 0, 0.267, 25, 0, 0.667, 28, 0, 1.05, 27, 2, 1.8, 27]}, {"Target": "Parameter", "Id": "ParamArmL5", "Segments": [0, 9, 0, 0.267, 7, 0, 0.667, 9, 2, 1.8, 9]}, {"Target": "Parameter", "Id": "ParamFingerL", "Segments": [0, 0, 0, 0.35, 6, 0, 0.75, -2, 0, 1.183, 0, 2, 1.8, 0]}, {"Target": "Parameter", "Id": "ParamPositionX", "Segments": [0, 1, 0, 1.8, 1]}, {"Target": "Parameter", "Id": "ParamPositionY", "Segments": [0, 0, 0, 1.8, 0]}, {"Target": "Parameter", "Id": "ParamRotationZ", "Segments": [0, 0, 0, 1.8, 0]}, {"Target": "Parameter", "Id": "ParamBodyAngleZ", "Segments": [0, -5, 0, 1.8, -5]}, {"Target": "Parameter", "Id": "ParamUpperBodyZ", "Segments": [0, 7, 0, 1.8, 7]}, {"Target": "Parameter", "Id": "ParamLegLZ", "Segments": [0, -1, 0, 1.8, -1]}, {"Target": "Parameter", "Id": "ParamLegRZ", "Segments": [0, 4, 0, 1.8, 4]}, {"Target": "Parameter", "Id": "ParamArmR6", "Segments": [0, 0, 0, 1.8, 0]}, {"Target": "Parameter", "Id": "ParamArmR7", "Segments": [0, 0, 0, 1.8, 0]}, {"Target": "Parameter", "Id": "ParamArmR9", "Segments": [0, 0, 0, 1.8, 0]}, {"Target": "Parameter", "Id": "ParamHandRA", "Segments": [0, 1, 0, 1.8, 1]}, {"Target": "Parameter", "Id": "ParamHandRB", "Segments": [0, 0, 0, 1.8, 0]}, {"Target": "Parameter", "Id": "ParamHandRC", "Segments": [0, 0, 0, 1.8, 0]}, {"Target": "Parameter", "Id": "ParamHandRD", "Segments": [0, 0, 0, 1.8, 0]}, {"Target": "Parameter", "Id": "ParamHandRE", "Segments": [0, 0, 0, 1.8, 0]}, {"Target": "Parameter", "Id": "ParamHandRF", "Segments": [0, 0, 0, 1.8, 0]}, {"Target": "Parameter", "Id": "ParamHandRG", "Segments": [0, 0, 0, 1.8, 0]}, {"Target": "Parameter", "Id": "ParamHandRH", "Segments": [0, 0, 0, 1.8, 0]}, {"Target": "Parameter", "Id": "ParamHandRI", "Segments": [0, 0, 0, 1.8, 0]}, {"Target": "Parameter", "Id": "ParamHandRJ", "Segments": [0, 0, 0, 1.8, 0]}, {"Target": "Parameter", "Id": "ParamHandRK", "Segments": [0, 0, 0, 1.8, 0]}, {"Target": "Parameter", "Id": "ParamArmL2", "Segments": [0, 18, 0, 1.8, 18]}, {"Target": "Parameter", "Id": "ParamArmL3", "Segments": [0, 40, 0, 1.8, 40]}, {"Target": "Parameter", "Id": "ParamArmL6", "Segments": [0, 1, 0, 1.8, 1]}, {"Target": "Parameter", "Id": "ParamArmL7", "Segments": [0, 0, 0, 1.8, 0]}, {"Target": "Parameter", "Id": "ParamArmL8", "Segments": [0, 40, 0, 1.8, 40]}, {"Target": "Parameter", "Id": "ParamArmL9", "Segments": [0, 0, 0, 1.8, 0]}, {"Target": "Parameter", "Id": "ParamHandLA", "Segments": [0, 0, 0, 1.8, 0]}, {"Target": "Parameter", "Id": "ParamHandLB", "Segments": [0, 0, 0, 1.8, 0]}, {"Target": "Parameter", "Id": "ParamHandLC", "Segments": [0, 0, 0, 1.8, 0]}, {"Target": "Parameter", "Id": "ParamHandLD", "Segments": [0, 0, 0, 1.8, 0]}, {"Target": "Parameter", "Id": "ParamHandLE", "Segments": [0, 0, 0, 1.8, 0]}, {"Target": "Parameter", "Id": "ParamHandLF", "Segments": [0, 0, 0, 1.8, 0]}, {"Target": "Parameter", "Id": "ParamHandLG", "Segments": [0, 0, 0, 1.8, 0]}, {"Target": "Parameter", "Id": "ParamHandLH", "Segments": [0, 0, 0, 1.8, 0]}, {"Target": "Parameter", "Id": "ParamHandLI", "Segments": [0, 0, 0, 1.8, 0]}, {"Target": "Parameter", "Id": "ParamHandLJ", "Segments": [0, 1, 0, 1.8, 1]}, {"Target": "Parameter", "Id": "ParamHandLK", "Segments": [0, 0, 0, 1.8, 0]}], "UserData": [{"Time": 0.3, "Value": "eyeblink,0.2,0,0.24"}]}