{"Version": 3, "Meta": {"Duration": 2.6, "Fps": 60.0, "Loop": true, "AreBeziersRestricted": true, "CurveCount": 61, "UserDataCount": 1, "TotalSegmentCount": 191, "TotalPointCount": 191, "TotalUserDataSize": 22}, "Curves": [{"Target": "Parameter", "Id": "ParamPositionX", "Segments": [0, 0, 0, 1.083, -1, 2, 2.6, -1]}, {"Target": "Parameter", "Id": "ParamPositionY", "Segments": [0, 0, 0, 0.383, 2, 0, 0.817, 0, 2, 2.6, 0]}, {"Target": "Parameter", "Id": "ParamAngleX", "Segments": [0, -1, 0, 0.5, 3, 0, 1.133, -3, 0, 1.583, 0, 2, 2.6, 0]}, {"Target": "Parameter", "Id": "ParamAngleY", "Segments": [0, -4, 0, 0.45, 15, 0, 0.967, -23, 0, 1.433, 3, 2, 2.6, 3]}, {"Target": "Parameter", "Id": "ParamAngleZ", "Segments": [0, -15, 0, 0.333, -20, 0, 0.883, 4, 0, 1.383, 0, 2, 2.6, 0]}, {"Target": "Parameter", "Id": "ParamEyeROpen", "Segments": [0, 1, 0, 0.6, 1, 0, 0.8, 0, 2, 1.033, 0, 0, 1.267, 1, 2, 2.6, 1]}, {"Target": "Parameter", "Id": "ParamEyeLOpen", "Segments": [0, 1, 0, 0.6, 1, 0, 0.8, 0, 2, 1.033, 0, 0, 1.267, 1, 2, 2.6, 1]}, {"Target": "Parameter", "Id": "ParamBodyAngleX", "Segments": [0, -2, 0, 0.383, -5, 0, 0.917, 0, 2, 2.6, 0]}, {"Target": "Parameter", "Id": "ParamBodyAngleY", "Segments": [0, 0, 0, 0.383, 4, 0, 0.917, -5, 0, 1.517, 0, 2, 2.6, 0]}, {"Target": "Parameter", "Id": "ParamBodyAngleZ", "Segments": [0, -2, 0, 0.567, -3, 0, 1.1, -1, 2, 2.6, -1]}, {"Target": "Parameter", "Id": "ParamUpperBodyZ", "Segments": [0, 5, 0, 0.867, 4, 2, 2.6, 4]}, {"Target": "Parameter", "Id": "ParamLegLZ", "Segments": [0, -2, 0, 0.7, 0, 2, 2.6, 0]}, {"Target": "Parameter", "Id": "ParamLegRZ", "Segments": [0, 3, 0, 0.7, 2, 2, 2.6, 2]}, {"Target": "Parameter", "Id": "ParamShoulderR", "Segments": [0, 8, 0, 0.3, 10, 0, 0.717, 4, 0, 1.317, 8, 2, 2.6, 8]}, {"Target": "Parameter", "Id": "ParamArmR1", "Segments": [0, -40, 0, 0.35, -2, 0, 0.8, -36, 0, 1.433, -33, 2, 2.6, -33]}, {"Target": "Parameter", "Id": "ParamArmR2", "Segments": [0, 42, 0, 0.383, 53, 0, 0.833, 45, 0, 1.5, 47, 2, 2.6, 47]}, {"Target": "Parameter", "Id": "ParamArmR3", "Segments": [0, 21, 0, 0.417, 31, 0, 0.883, 0, 2, 2.6, 0]}, {"Target": "Parameter", "Id": "ParamArmR4", "Segments": [0, 12, 0, 0.367, 30, 0, 0.8, 19, 0, 1.5, 30, 2, 2.6, 30]}, {"Target": "Parameter", "Id": "ParamArmR5", "Segments": [0, 6, 0, 0.767, 9, 2, 2.6, 9]}, {"Target": "Parameter", "Id": "ParamArmR8", "Segments": [0, 10, 0, 1.25, -6, 2, 2.6, -6]}, {"Target": "Parameter", "Id": "ParamFingerR", "Segments": [0, 0, 0, 0.483, 6, 0, 1.05, -4, 0, 1.55, 0, 2, 2.6, 0]}, {"Target": "Parameter", "Id": "ParamShoulderL", "Segments": [0, 7, 0, 0.3, 10, 0, 0.717, 4, 0, 1.333, 10, 2, 2.6, 10]}, {"Target": "Parameter", "Id": "ParamArmL1", "Segments": [0, -40, 0, 0.333, -18, 0, 0.767, -39, 0, 1.35, -31, 2, 2.6, -31]}, {"Target": "Parameter", "Id": "ParamArmL2", "Segments": [0, 42, 0, 0.383, 52, 0, 0.8, 45, 0, 1.383, 47, 2, 2.6, 47]}, {"Target": "Parameter", "Id": "ParamArmL3", "Segments": [0, 20, 0, 0.417, 35, 0, 0.867, 7, 0, 1.5, 15, 2, 2.6, 15]}, {"Target": "Parameter", "Id": "ParamArmL4", "Segments": [0, 20, 0, 0.333, 30, 0, 0.733, 16, 0, 1.35, 29, 2, 2.6, 29]}, {"Target": "Parameter", "Id": "ParamArmL5", "Segments": [0, 7, 0, 0.75, 9, 2, 2.6, 9]}, {"Target": "Parameter", "Id": "ParamArmL8", "Segments": [0, 13, 0, 1.267, 2, 2, 2.6, 2]}, {"Target": "Parameter", "Id": "ParamFingerL", "Segments": [0, 0, 0, 0.483, 7, 0, 1.05, -4, 0, 1.55, 0, 2, 2.6, 0]}, {"Target": "Parameter", "Id": "ParamRotationZ", "Segments": [0, 0, 0, 2.6, 0]}, {"Target": "Parameter", "Id": "ParamEyeballX", "Segments": [0, 0, 0, 2.6, 0]}, {"Target": "Parameter", "Id": "ParamUpperBody", "Segments": [0, 0, 0, 2.6, 0]}, {"Target": "Parameter", "Id": "ParamBreath", "Segments": [0, 0, 0, 2.6, 0]}, {"Target": "Parameter", "Id": "ParamArmR6", "Segments": [0, 1, 0, 2.6, 1]}, {"Target": "Parameter", "Id": "ParamArmR7", "Segments": [0, -4, 0, 2.6, -4]}, {"Target": "Parameter", "Id": "ParamArmR9", "Segments": [0, 0.7, 0, 2.6, 0.7]}, {"Target": "Parameter", "Id": "ParamHandRA", "Segments": [0, 0, 0, 2.6, 0]}, {"Target": "Parameter", "Id": "ParamHandRB", "Segments": [0, 0, 0, 2.6, 0]}, {"Target": "Parameter", "Id": "ParamHandRC", "Segments": [0, 1, 0, 2.6, 1]}, {"Target": "Parameter", "Id": "ParamHandRD", "Segments": [0, 0, 0, 2.6, 0]}, {"Target": "Parameter", "Id": "ParamHandRE", "Segments": [0, 0, 0, 2.6, 0]}, {"Target": "Parameter", "Id": "ParamHandRF", "Segments": [0, 0, 0, 2.6, 0]}, {"Target": "Parameter", "Id": "ParamHandRG", "Segments": [0, 0, 0, 2.6, 0]}, {"Target": "Parameter", "Id": "ParamHandRH", "Segments": [0, 0, 0, 2.6, 0]}, {"Target": "Parameter", "Id": "ParamHandRI", "Segments": [0, 0, 0, 2.6, 0]}, {"Target": "Parameter", "Id": "ParamHandRJ", "Segments": [0, 0, 0, 2.6, 0]}, {"Target": "Parameter", "Id": "ParamHandRK", "Segments": [0, 0, 0, 2.6, 0]}, {"Target": "Parameter", "Id": "ParamArmL6", "Segments": [0, 1, 0, 2.6, 1]}, {"Target": "Parameter", "Id": "ParamArmL7", "Segments": [0, -4, 0, 2.6, -4]}, {"Target": "Parameter", "Id": "ParamArmL9", "Segments": [0, 0.7, 0, 2.6, 0.7]}, {"Target": "Parameter", "Id": "ParamHandLA", "Segments": [0, 0, 0, 2.6, 0]}, {"Target": "Parameter", "Id": "ParamHandLB", "Segments": [0, 0, 0, 2.6, 0]}, {"Target": "Parameter", "Id": "ParamHandLC", "Segments": [0, 1, 0, 2.6, 1]}, {"Target": "Parameter", "Id": "ParamHandLD", "Segments": [0, 0, 0, 2.6, 0]}, {"Target": "Parameter", "Id": "ParamHandLE", "Segments": [0, 0, 0, 2.6, 0]}, {"Target": "Parameter", "Id": "ParamHandLF", "Segments": [0, 0, 0, 2.6, 0]}, {"Target": "Parameter", "Id": "ParamHandLG", "Segments": [0, 0, 0, 2.6, 0]}, {"Target": "Parameter", "Id": "ParamHandLH", "Segments": [0, 0, 0, 2.6, 0]}, {"Target": "Parameter", "Id": "ParamHandLI", "Segments": [0, 0, 0, 2.6, 0]}, {"Target": "Parameter", "Id": "ParamHandLJ", "Segments": [0, 0, 0, 2.6, 0]}, {"Target": "Parameter", "Id": "ParamHandLK", "Segments": [0, 0, 0, 2.6, 0]}], "UserData": [{"Time": 0.6, "Value": "eyeblink,0.2,0.24,0.24"}]}