{"Version": 3, "Meta": {"Duration": 2.967, "Fps": 60.0, "Loop": true, "AreBeziersRestricted": true, "CurveCount": 61, "UserDataCount": 1, "TotalSegmentCount": 178, "TotalPointCount": 178, "TotalUserDataSize": 20}, "Curves": [{"Target": "Parameter", "Id": "ParamPositionX", "Segments": [0, 0, 0, 0.7, -1, 0, 1.533, 0, 2, 2.967, 0]}, {"Target": "Parameter", "Id": "ParamAngleX", "Segments": [0, 0, 0, 0.4, 6, 0, 1.033, -3, 0, 1.8, 1, 2, 2.967, 1]}, {"Target": "Parameter", "Id": "ParamAngleY", "Segments": [0, 0, 0, 0.4, 15, 0, 1.033, -9, 2, 1.85, -9, 2, 2.967, -9]}, {"Target": "Parameter", "Id": "ParamAngleZ", "Segments": [0, 0, 0, 0.533, -10, 0, 1.167, 15, 0, 1.9, 13, 2, 2.967, 13]}, {"Target": "Parameter", "Id": "ParamEyeROpen", "Segments": [0, 1, 0, 0.633, 1, 0, 0.833, 0, 0, 1.033, 1, 2, 2.967, 1]}, {"Target": "Parameter", "Id": "ParamEyeLOpen", "Segments": [0, 1, 0, 0.633, 1, 0, 0.833, 0, 0, 1.033, 1, 2, 2.967, 1]}, {"Target": "Parameter", "Id": "ParamEyeballX", "Segments": [0, 0, 0, 0.433, -0.1, 0, 0.967, 0.2, 0, 1.567, 0, 2, 2.967, 0]}, {"Target": "Parameter", "Id": "ParamBodyAngleX", "Segments": [0, 0, 0, 0.433, 2, 0, 1.067, -3, 2, 1.85, -3, 2, 2.967, -3]}, {"Target": "Parameter", "Id": "ParamBodyAngleY", "Segments": [0, 0, 0, 0.467, 1, 0, 1.1, -2, 2, 1.85, -2, 2, 2.967, -2]}, {"Target": "Parameter", "Id": "ParamBodyAngleZ", "Segments": [0, 2, 0, 1.067, 1, 2, 1.85, 1, 2, 2.967, 1]}, {"Target": "Parameter", "Id": "ParamUpperBodyZ", "Segments": [0, -1, 0, 1.067, -2, 2, 1.85, -2, 2, 2.967, -2]}, {"Target": "Parameter", "Id": "ParamShoulderR", "Segments": [0, 0, 0, 1.1, 5, 2, 2.967, 5]}, {"Target": "Parameter", "Id": "ParamArmR1", "Segments": [0, -38, 0, 0.4, -32, 0, 0.967, -46, 0, 1.5, -44, 2, 2.967, -44]}, {"Target": "Parameter", "Id": "ParamArmR2", "Segments": [0, 39, 0, 0.533, 41, 0, 1.1, 38, 2, 2.967, 38]}, {"Target": "Parameter", "Id": "ParamArmR3", "Segments": [0, 11, 0, 0.6, 17, 0, 1.267, 7, 2, 2.967, 7]}, {"Target": "Parameter", "Id": "ParamArmR8", "Segments": [0, 17, 0, 0.567, 25, 0, 1.217, 15, 2, 2.967, 15]}, {"Target": "Parameter", "Id": "ParamFingerR", "Segments": [0, 0, 0, 0.633, 7, 0, 1.35, 0, 2, 2.967, 0]}, {"Target": "Parameter", "Id": "ParamShoulderL", "Segments": [0, 1, 0, 0.4, 3, 0, 1.033, 0, 2, 2.967, 0]}, {"Target": "Parameter", "Id": "ParamArmL1", "Segments": [0, -44, 0, 0.4, -49, 0, 1.033, -44, 2, 2.967, -44]}, {"Target": "Parameter", "Id": "ParamArmL2", "Segments": [0, 5, 0, 0.5, 6, 0, 1.133, 4, 2, 2.967, 4]}, {"Target": "Parameter", "Id": "ParamArmL3", "Segments": [0, 16, 0, 0.633, 26, 0, 1.267, 11, 2, 2.967, 11]}, {"Target": "Parameter", "Id": "ParamArmL5", "Segments": [0, 0, 0, 0.633, 2, 0, 1.567, 1, 2, 2.967, 1]}, {"Target": "Parameter", "Id": "ParamArmL8", "Segments": [0, 0, 0, 0.633, 15, 0, 1.333, 0, 2, 2.967, 0]}, {"Target": "Parameter", "Id": "ParamFingerL", "Segments": [0, 0, 0, 0.667, -6, 0, 1.5, 0, 2, 2.967, 0]}, {"Target": "Parameter", "Id": "ParamPositionY", "Segments": [0, 0, 0, 2.967, 0]}, {"Target": "Parameter", "Id": "ParamRotationZ", "Segments": [0, 0, 0, 2.967, 0]}, {"Target": "Parameter", "Id": "ParamUpperBody", "Segments": [0, 0, 0, 2.967, 0]}, {"Target": "Parameter", "Id": "ParamBreath", "Segments": [0, 0, 0, 2.967, 0]}, {"Target": "Parameter", "Id": "ParamLegLZ", "Segments": [0, 0, 0, 2.967, 0]}, {"Target": "Parameter", "Id": "ParamLegRZ", "Segments": [0, 0, 0, 2.967, 0]}, {"Target": "Parameter", "Id": "ParamArmR4", "Segments": [0, 0, 0, 2.967, 0]}, {"Target": "Parameter", "Id": "ParamArmR5", "Segments": [0, 7, 0, 2.967, 7]}, {"Target": "Parameter", "Id": "ParamArmR6", "Segments": [0, 1, 0, 2.967, 1]}, {"Target": "Parameter", "Id": "ParamArmR7", "Segments": [0, -5, 0, 2.967, -5]}, {"Target": "Parameter", "Id": "ParamArmR9", "Segments": [0, 0, 0, 2.967, 0]}, {"Target": "Parameter", "Id": "ParamHandRA", "Segments": [0, 0, 0, 2.967, 0]}, {"Target": "Parameter", "Id": "ParamHandRB", "Segments": [0, 0, 0, 2.967, 0]}, {"Target": "Parameter", "Id": "ParamHandRC", "Segments": [0, 0, 0, 2.967, 0]}, {"Target": "Parameter", "Id": "ParamHandRD", "Segments": [0, 0, 0, 2.967, 0]}, {"Target": "Parameter", "Id": "ParamHandRE", "Segments": [0, 0, 0, 2.967, 0]}, {"Target": "Parameter", "Id": "ParamHandRF", "Segments": [0, 0, 0, 2.967, 0]}, {"Target": "Parameter", "Id": "ParamHandRG", "Segments": [0, 1, 0, 2.967, 1]}, {"Target": "Parameter", "Id": "ParamHandRH", "Segments": [0, 0, 0, 2.967, 0]}, {"Target": "Parameter", "Id": "ParamHandRI", "Segments": [0, 0, 0, 2.967, 0]}, {"Target": "Parameter", "Id": "ParamHandRJ", "Segments": [0, 0, 0, 2.967, 0]}, {"Target": "Parameter", "Id": "ParamHandRK", "Segments": [0, 0, 0, 2.967, 0]}, {"Target": "Parameter", "Id": "ParamArmL4", "Segments": [0, 0, 0, 2.967, 0]}, {"Target": "Parameter", "Id": "ParamArmL6", "Segments": [0, 1, 0, 2.967, 1]}, {"Target": "Parameter", "Id": "ParamArmL7", "Segments": [0, 5, 0, 2.967, 5]}, {"Target": "Parameter", "Id": "ParamArmL9", "Segments": [0, -0.2, 0, 2.967, -0.2]}, {"Target": "Parameter", "Id": "ParamHandLA", "Segments": [0, 0, 0, 2.967, 0]}, {"Target": "Parameter", "Id": "ParamHandLB", "Segments": [0, 0, 0, 2.967, 0]}, {"Target": "Parameter", "Id": "ParamHandLC", "Segments": [0, 0, 0, 2.967, 0]}, {"Target": "Parameter", "Id": "ParamHandLD", "Segments": [0, 0, 0, 2.967, 0]}, {"Target": "Parameter", "Id": "ParamHandLE", "Segments": [0, 0, 0, 2.967, 0]}, {"Target": "Parameter", "Id": "ParamHandLF", "Segments": [0, 0, 0, 2.967, 0]}, {"Target": "Parameter", "Id": "ParamHandLG", "Segments": [0, 1, 0, 2.967, 1]}, {"Target": "Parameter", "Id": "ParamHandLH", "Segments": [0, 0, 0, 2.967, 0]}, {"Target": "Parameter", "Id": "ParamHandLI", "Segments": [0, 0, 0, 2.967, 0]}, {"Target": "Parameter", "Id": "ParamHandLJ", "Segments": [0, 0, 0, 2.967, 0]}, {"Target": "Parameter", "Id": "ParamHandLK", "Segments": [0, 0, 0, 2.967, 0]}], "UserData": [{"Time": 0.633, "Value": "eyeblink,0.2,0.0,0.2"}]}