{"Version": 3, "Meta": {"Duration": 2, "Fps": 60.0, "Loop": true, "AreBeziersRestricted": true, "CurveCount": 60, "UserDataCount": 1, "TotalSegmentCount": 167, "TotalPointCount": 171, "TotalUserDataSize": 21}, "Curves": [{"Target": "Parameter", "Id": "ParamAngleX", "Segments": [0, 0, 0, 0.133, 0, 0, 0.383, -2, 0, 0.867, 3, 0, 1.367, 0, 2, 2, 0]}, {"Target": "Parameter", "Id": "ParamAngleY", "Segments": [0, 0, 0, 0.133, 0, 0, 0.383, 24, 0, 0.867, -26, 0, 1.367, 0, 2, 2, 0]}, {"Target": "Parameter", "Id": "ParamAngleZ", "Segments": [0, 11, 0, 0.133, 11, 0, 0.383, 14, 0, 1.367, 11, 2, 2, 11]}, {"Target": "Parameter", "Id": "ParamEyeROpen", "Segments": [0, 1, 0, 0.383, 1, 0, 0.85, 0, 2, 0.917, 0, 0, 1.117, 1, 2, 2, 1]}, {"Target": "Parameter", "Id": "ParamEyeLOpen", "Segments": [0, 1, 0, 0.383, 1, 0, 0.85, 0, 2, 0.917, 0, 0, 1.117, 1, 2, 2, 1]}, {"Target": "Parameter", "Id": "ParamBodyAngleX", "Segments": [0, 0, 0, 0.3, 2, 1, 0.461, 2, 0.622, 1.583, 0.783, 0, 1, 0.95, -1.637, 1.116, -3, 1.283, -3, 2, 2, -3]}, {"Target": "Parameter", "Id": "ParamBodyAngleY", "Segments": [0, 0, 0, 0.3, 1, 0, 0.783, -2, 0, 1.283, 0, 2, 2, 0]}, {"Target": "Parameter", "Id": "ParamUpperBody", "Segments": [0, 0, 0, 0.1, 0, 0, 0.35, 1, 0, 0.833, -2, 0, 1.333, 0, 2, 2, 0]}, {"Target": "Parameter", "Id": "ParamShoulderR", "Segments": [0, 6, 0, 0.3, 10, 0, 0.783, 4, 0, 1.283, 6, 2, 2, 6]}, {"Target": "Parameter", "Id": "ParamArmR1", "Segments": [0, -36, 0, 0.3, -34, 0, 0.783, -36, 2, 2, -36]}, {"Target": "Parameter", "Id": "ParamArmR2", "Segments": [0, 7, 0, 0.3, 8, 0, 0.783, 7, 2, 2, 7]}, {"Target": "Parameter", "Id": "ParamArmR4", "Segments": [0, 0, 0, 0.3, 4, 0, 0.783, 0, 2, 2, 0]}, {"Target": "Parameter", "Id": "ParamShoulderL", "Segments": [0, 2, 0, 0.3, 10, 0, 0.783, 0, 0, 1.283, 2, 2, 2, 2]}, {"Target": "Parameter", "Id": "ParamArmL1", "Segments": [0, -42, 0, 0.3, -41, 0, 0.783, -42, 2, 2, -42]}, {"Target": "Parameter", "Id": "ParamArmL2", "Segments": [0, 9, 0, 0.3, 10, 0, 0.783, 9, 2, 2, 9]}, {"Target": "Parameter", "Id": "ParamArmL4", "Segments": [0, 0, 0, 0.3, 3, 0, 0.783, 0, 2, 2, 0]}, {"Target": "Parameter", "Id": "ParamPositionX", "Segments": [0, -1, 0, 2, -1]}, {"Target": "Parameter", "Id": "ParamPositionY", "Segments": [0, 0, 0, 2, 0]}, {"Target": "Parameter", "Id": "ParamRotationZ", "Segments": [0, 0, 0, 2, 0]}, {"Target": "Parameter", "Id": "ParamBodyAngleZ", "Segments": [0, 4, 0, 2, 4]}, {"Target": "Parameter", "Id": "ParamUpperBodyZ", "Segments": [0, -6, 0, 2, -6]}, {"Target": "Parameter", "Id": "ParamBreath", "Segments": [0, 0, 0, 2, 0]}, {"Target": "Parameter", "Id": "ParamLegLZ", "Segments": [0, 4, 0, 2, 4]}, {"Target": "Parameter", "Id": "ParamLegRZ", "Segments": [0, -1, 0, 2, -1]}, {"Target": "Parameter", "Id": "ParamArmR3", "Segments": [0, 40, 0, 2, 40]}, {"Target": "Parameter", "Id": "ParamArmR5", "Segments": [0, 0, 0, 2, 0]}, {"Target": "Parameter", "Id": "ParamArmR6", "Segments": [0, 0, 0, 2, 0]}, {"Target": "Parameter", "Id": "ParamArmR7", "Segments": [0, -10, 0, 2, -10]}, {"Target": "Parameter", "Id": "ParamArmR8", "Segments": [0, 32, 0, 2, 32]}, {"Target": "Parameter", "Id": "ParamArmR9", "Segments": [0, 0, 0, 2, 0]}, {"Target": "Parameter", "Id": "ParamHandRA", "Segments": [0, 0, 0, 2, 0]}, {"Target": "Parameter", "Id": "ParamHandRB", "Segments": [0, 0, 0, 2, 0]}, {"Target": "Parameter", "Id": "ParamHandRC", "Segments": [0, 0, 0, 2, 0]}, {"Target": "Parameter", "Id": "ParamHandRD", "Segments": [0, 0, 0, 2, 0]}, {"Target": "Parameter", "Id": "ParamHandRE", "Segments": [0, 0, 0, 2, 0]}, {"Target": "Parameter", "Id": "ParamHandRF", "Segments": [0, 0, 0, 2, 0]}, {"Target": "Parameter", "Id": "ParamHandRG", "Segments": [0, 1, 0, 2, 1]}, {"Target": "Parameter", "Id": "ParamHandRH", "Segments": [0, 0, 0, 2, 0]}, {"Target": "Parameter", "Id": "ParamHandRI", "Segments": [0, 0, 0, 2, 0]}, {"Target": "Parameter", "Id": "ParamHandRJ", "Segments": [0, 0, 0, 2, 0]}, {"Target": "Parameter", "Id": "ParamHandRK", "Segments": [0, 0, 0, 2, 0]}, {"Target": "Parameter", "Id": "ParamFingerR", "Segments": [0, 0, 0, 2, 0]}, {"Target": "Parameter", "Id": "ParamArmL3", "Segments": [0, 40, 0, 2, 40]}, {"Target": "Parameter", "Id": "ParamArmL5", "Segments": [0, 0, 0, 2, 0]}, {"Target": "Parameter", "Id": "ParamArmL6", "Segments": [0, 0, 0, 2, 0]}, {"Target": "Parameter", "Id": "ParamArmL7", "Segments": [0, -10, 0, 2, -10]}, {"Target": "Parameter", "Id": "ParamArmL8", "Segments": [0, 30, 0, 2, 30]}, {"Target": "Parameter", "Id": "ParamArmL9", "Segments": [0, 0, 0, 2, 0]}, {"Target": "Parameter", "Id": "ParamHandLA", "Segments": [0, 0, 0, 2, 0]}, {"Target": "Parameter", "Id": "ParamHandLB", "Segments": [0, 0, 0, 2, 0]}, {"Target": "Parameter", "Id": "ParamHandLC", "Segments": [0, 0, 0, 2, 0]}, {"Target": "Parameter", "Id": "ParamHandLD", "Segments": [0, 0, 0, 2, 0]}, {"Target": "Parameter", "Id": "ParamHandLE", "Segments": [0, 0, 0, 2, 0]}, {"Target": "Parameter", "Id": "ParamHandLF", "Segments": [0, 0, 0, 2, 0]}, {"Target": "Parameter", "Id": "ParamHandLG", "Segments": [0, 1, 0, 2, 1]}, {"Target": "Parameter", "Id": "ParamHandLH", "Segments": [0, 0, 0, 2, 0]}, {"Target": "Parameter", "Id": "ParamHandLI", "Segments": [0, 0, 0, 2, 0]}, {"Target": "Parameter", "Id": "ParamHandLJ", "Segments": [0, 0, 0, 2, 0]}, {"Target": "Parameter", "Id": "ParamHandLK", "Segments": [0, 0, 0, 2, 0]}, {"Target": "Parameter", "Id": "ParamFingerL", "Segments": [0, 0, 0, 2, 0]}], "UserData": [{"Time": 0.383, "Value": "eyeblink,0.3,0.07,0.2"}]}