{"Version": 3, "Meta": {"Duration": 2.833, "Fps": 60.0, "Loop": true, "AreBeziersRestricted": true, "CurveCount": 61, "UserDataCount": 1, "TotalSegmentCount": 184, "TotalPointCount": 188, "TotalUserDataSize": 23}, "Curves": [{"Target": "Parameter", "Id": "ParamAngleX", "Segments": [0, 0, 0, 0.1, 0, 0, 0.483, -4, 0, 1.083, 2, 0, 1.617, 0, 2, 2.833, 0]}, {"Target": "Parameter", "Id": "ParamAngleY", "Segments": [0, 0, 0, 0.1, 0, 0, 0.483, 8, 0, 1.083, -5, 0, 1.617, 0, 2, 2.833, 0]}, {"Target": "Parameter", "Id": "ParamAngleZ", "Segments": [0, 4, 0, 0.1, 4, 0, 0.483, -11, 0, 1.083, 8, 0, 1.617, 7, 2, 2.833, 7]}, {"Target": "Parameter", "Id": "ParamEyeROpen", "Segments": [0, 1, 0, 0.7, 1, 0, 0.933, 0, 2, 1.05, 0, 0, 1.3, 1, 2, 2.833, 1]}, {"Target": "Parameter", "Id": "ParamEyeLOpen", "Segments": [0, 1, 0, 0.7, 1, 0, 0.933, 0, 2, 1.05, 0, 0, 1.3, 1, 2, 2.833, 1]}, {"Target": "Parameter", "Id": "ParamBodyAngleX", "Segments": [0, 0, 0, 0.317, -5, 0, 0.917, 5, 0, 1.45, 3, 2, 2.833, 3]}, {"Target": "Parameter", "Id": "ParamBodyAngleY", "Segments": [0, 0, 0, 0.317, 3, 0, 0.917, -8, 0, 1.45, -6, 2, 2.833, -6]}, {"Target": "Parameter", "Id": "ParamBodyAngleZ", "Segments": [0, -6, 0, 0.317, -6, 0, 0.917, -4, 2, 2.833, -4]}, {"Target": "Parameter", "Id": "ParamUpperBodyZ", "Segments": [0, 9, 0, 0.083, 9, 1, 0.189, 9, 0.294, 8.137, 0.4, 7, 1, 0.6, 4.845, 0.8, 4.0, 1, 4, 2, 2.833, 4]}, {"Target": "Parameter", "Id": "ParamUpperBody", "Segments": [0, 0, 0, 0.317, 2, 0, 0.917, -10, 0, 1.45, -9, 2, 2.833, -9]}, {"Target": "Parameter", "Id": "ParamShoulderR", "Segments": [0, 2, 0, 0.067, 2, 0, 0.383, 7, 0, 0.983, 1, 0, 1.517, 2, 2, 2.833, 2]}, {"Target": "Parameter", "Id": "ParamArmR3", "Segments": [0, -17, 0, 0.383, -23, 0, 0.983, -21, 2, 2.833, -21]}, {"Target": "Parameter", "Id": "ParamArmR4", "Segments": [0, 19, 0, 0.067, 19, 2, 0.383, 19, 0, 0.983, 16, 0, 1.517, 19, 2, 2.833, 19]}, {"Target": "Parameter", "Id": "ParamFingerR", "Segments": [0, 0, 0, 0.45, 3, 0, 1.05, -3, 0, 1.583, 0, 2, 2.833, 0]}, {"Target": "Parameter", "Id": "ParamShoulderL", "Segments": [0, 4, 0, 0.067, 4, 0, 0.383, 10, 0, 0.983, 2, 0, 1.517, 4, 2, 2.833, 4]}, {"Target": "Parameter", "Id": "ParamArmL3", "Segments": [0, -18, 0, 0.383, -32, 0, 0.917, -18, 2, 2.833, -18]}, {"Target": "Parameter", "Id": "ParamArmL4", "Segments": [0, 17, 0, 0.067, 17, 2, 0.383, 17, 0, 0.983, 14, 0, 1.517, 17, 2, 2.833, 17]}, {"Target": "Parameter", "Id": "ParamArmL5", "Segments": [0, 6, 0, 0.317, 4, 0, 0.917, 6, 2, 2.833, 6]}, {"Target": "Parameter", "Id": "ParamFingerL", "Segments": [0, 0, 0, 0.433, 3, 0, 1.15, -3, 0, 1.817, 0, 2, 2.833, 0]}, {"Target": "Parameter", "Id": "ParamPositionX", "Segments": [0, 2, 0, 2.833, 2]}, {"Target": "Parameter", "Id": "ParamPositionY", "Segments": [0, 0, 0, 2.833, 0]}, {"Target": "Parameter", "Id": "ParamRotationZ", "Segments": [0, 0, 0, 2.833, 0]}, {"Target": "Parameter", "Id": "ParamEyeballX", "Segments": [0, 0, 0, 2.833, 0]}, {"Target": "Parameter", "Id": "ParamBreath", "Segments": [0, 0, 0, 2.833, 0]}, {"Target": "Parameter", "Id": "ParamLegLZ", "Segments": [0, -1, 0, 2.833, -1]}, {"Target": "Parameter", "Id": "ParamLegRZ", "Segments": [0, 5, 0, 2.833, 5]}, {"Target": "Parameter", "Id": "ParamArmR1", "Segments": [0, -39, 0, 2.833, -39]}, {"Target": "Parameter", "Id": "ParamArmR2", "Segments": [0, 30, 0, 2.833, 30]}, {"Target": "Parameter", "Id": "ParamArmR5", "Segments": [0, 9, 0, 2.833, 9]}, {"Target": "Parameter", "Id": "ParamArmR6", "Segments": [0, 1.1, 0, 2.833, 1.1]}, {"Target": "Parameter", "Id": "ParamArmR7", "Segments": [0, 0, 0, 2.833, 0]}, {"Target": "Parameter", "Id": "ParamArmR8", "Segments": [0, -22, 0, 2.833, -22]}, {"Target": "Parameter", "Id": "ParamArmR9", "Segments": [0, 0.8, 0, 2.833, 0.8]}, {"Target": "Parameter", "Id": "ParamHandRA", "Segments": [0, 0, 0, 2.833, 0]}, {"Target": "Parameter", "Id": "ParamHandRB", "Segments": [0, 0, 0, 2.833, 0]}, {"Target": "Parameter", "Id": "ParamHandRC", "Segments": [0, 0, 0, 2.833, 0]}, {"Target": "Parameter", "Id": "ParamHandRD", "Segments": [0, 0, 0, 2.833, 0]}, {"Target": "Parameter", "Id": "ParamHandRE", "Segments": [0, 0, 0, 2.833, 0]}, {"Target": "Parameter", "Id": "ParamHandRF", "Segments": [0, 1, 0, 2.833, 1]}, {"Target": "Parameter", "Id": "ParamHandRG", "Segments": [0, 0, 0, 2.833, 0]}, {"Target": "Parameter", "Id": "ParamHandRH", "Segments": [0, 0, 0, 2.833, 0]}, {"Target": "Parameter", "Id": "ParamHandRI", "Segments": [0, 0, 0, 2.833, 0]}, {"Target": "Parameter", "Id": "ParamHandRJ", "Segments": [0, 0, 0, 2.833, 0]}, {"Target": "Parameter", "Id": "ParamHandRK", "Segments": [0, 0, 0, 2.833, 0]}, {"Target": "Parameter", "Id": "ParamArmL1", "Segments": [0, -34, 0, 2.833, -34]}, {"Target": "Parameter", "Id": "ParamArmL2", "Segments": [0, 31, 0, 2.833, 31]}, {"Target": "Parameter", "Id": "ParamArmL6", "Segments": [0, 1, 0, 2.833, 1]}, {"Target": "Parameter", "Id": "ParamArmL7", "Segments": [0, 0, 0, 2.833, 0]}, {"Target": "Parameter", "Id": "ParamArmL8", "Segments": [0, -32, 0, 2.833, -32]}, {"Target": "Parameter", "Id": "ParamArmL9", "Segments": [0, 0.7, 0, 2.833, 0.7]}, {"Target": "Parameter", "Id": "ParamHandLA", "Segments": [0, 0, 0, 2.833, 0]}, {"Target": "Parameter", "Id": "ParamHandLB", "Segments": [0, 0, 0, 2.833, 0]}, {"Target": "Parameter", "Id": "ParamHandLC", "Segments": [0, 0, 0, 2.833, 0]}, {"Target": "Parameter", "Id": "ParamHandLD", "Segments": [0, 0, 0, 2.833, 0]}, {"Target": "Parameter", "Id": "ParamHandLE", "Segments": [0, 0, 0, 2.833, 0]}, {"Target": "Parameter", "Id": "ParamHandLF", "Segments": [0, 1, 0, 2.833, 1]}, {"Target": "Parameter", "Id": "ParamHandLG", "Segments": [0, 0, 0, 2.833, 0]}, {"Target": "Parameter", "Id": "ParamHandLH", "Segments": [0, 0, 0, 2.833, 0]}, {"Target": "Parameter", "Id": "ParamHandLI", "Segments": [0, 0, 0, 2.833, 0]}, {"Target": "Parameter", "Id": "ParamHandLJ", "Segments": [0, 0, 0, 2.833, 0]}, {"Target": "Parameter", "Id": "ParamHandLK", "Segments": [0, 0, 0, 2.833, 0]}], "UserData": [{"Time": 0.7, "Value": "eyeblink,0.24,0.12,0.27"}]}