{"Version": 3, "Meta": {"Duration": 2.667, "Fps": 60.0, "Loop": true, "AreBeziersRestricted": true, "CurveCount": 30, "UserDataCount": 0, "TotalSegmentCount": 91, "TotalPointCount": 91, "TotalUserDataSize": 0}, "Curves": [{"Target": "Parameter", "Id": "ParamEyeTeary", "Segments": [0, 1, 0, 0.083, 0, 0, 0.167, 1, 0, 0.25, 0, 0, 0.333, 1, 0, 0.417, 0, 0, 0.5, 1, 0, 0.583, 0, 0, 0.667, 1, 0, 0.75, 0, 0, 0.833, 1, 0, 0.917, 0, 0, 1, 1, 0, 1.083, 0, 0, 1.167, 1, 0, 1.25, 0, 0, 1.333, 1, 0, 1.417, 0, 0, 1.5, 1, 0, 1.583, 0, 0, 1.667, 1, 0, 1.75, 0, 0, 1.833, 1, 0, 1.917, 0, 0, 2, 1, 0, 2.083, 0, 0, 2.167, 1, 0, 2.25, 0, 0, 2.333, 1, 0, 2.417, 0, 0, 2.5, 1, 0, 2.583, 0, 0, 2.667, 1]}, {"Target": "Parameter", "Id": "ParamBrowRX", "Segments": [0, 0, 0, 2.667, 0]}, {"Target": "Parameter", "Id": "ParamBrowRY", "Segments": [0, 1, 0, 2.667, 1]}, {"Target": "Parameter", "Id": "ParamBrowRAngle", "Segments": [0, 0.1, 0, 2.667, 0.1]}, {"Target": "Parameter", "Id": "ParamBrowRForm", "Segments": [0, 0.6, 0, 2.667, 0.6]}, {"Target": "Parameter", "Id": "ParamBrowLX", "Segments": [0, 0, 0, 2.667, 0]}, {"Target": "Parameter", "Id": "ParamBrowLY", "Segments": [0, 1, 0, 2.667, 1]}, {"Target": "Parameter", "Id": "ParamBrowLAngle", "Segments": [0, 0, 0, 2.667, 0]}, {"Target": "Parameter", "Id": "ParamBrowLForm", "Segments": [0, 0.6, 0, 2.667, 0.6]}, {"Target": "Parameter", "Id": "ParamEyeROpen", "Segments": [0, 1.2, 0, 2.667, 1.2]}, {"Target": "Parameter", "Id": "ParamEyeRSmile", "Segments": [0, 1, 0, 2.667, 1]}, {"Target": "Parameter", "Id": "ParamEyeRForm", "Segments": [0, 0, 0, 2.667, 0]}, {"Target": "Parameter", "Id": "ParamEyeLOpen", "Segments": [0, 1.2, 0, 2.667, 1.2]}, {"Target": "Parameter", "Id": "ParamEyeLSmile", "Segments": [0, 1, 0, 2.667, 1]}, {"Target": "Parameter", "Id": "ParamEyeLForm", "Segments": [0, 0, 0, 2.667, 0]}, {"Target": "Parameter", "Id": "ParamEyeballX", "Segments": [0, 0, 0, 2.667, 0]}, {"Target": "Parameter", "Id": "ParamEyeballY", "Segments": [0, 0, 0, 2.667, 0]}, {"Target": "Parameter", "Id": "ParamEyeSize", "Segments": [0, 0, 0, 2.667, 0]}, {"Target": "Parameter", "Id": "ParamTear", "Segments": [0, 0, 0, 2.667, 0]}, {"Target": "Parameter", "Id": "ParamMouthForm", "Segments": [0, 1, 0, 2.667, 1]}, {"Target": "Parameter", "Id": "ParamMouthForm2", "Segments": [0, 0, 0, 2.667, 0]}, {"Target": "Parameter", "Id": "ParamTeeth", "Segments": [0, 0, 0, 2.667, 0]}, {"Target": "Parameter", "Id": "ParamMouthScaleX", "Segments": [0, 0.5, 0, 2.667, 0.5]}, {"Target": "Parameter", "Id": "ParamMouthScaleY", "Segments": [0, 0, 0, 2.667, 0]}, {"Target": "Parameter", "Id": "ParamMouthPositionY", "Segments": [0, 0, 0, 2.667, 0]}, {"Target": "Parameter", "Id": "ParamCheek", "Segments": [0, 0.6, 0, 2.667, 0.6]}, {"Target": "Parameter", "Id": "ParamFaceShadow", "Segments": [0, 0, 0, 2.667, 0]}, {"Target": "Parameter", "Id": "ParamSweatView", "Segments": [0, 0, 0, 2.667, 0]}, {"Target": "Parameter", "Id": "ParamSweatMove", "Segments": [0, 0, 0, 2.667, 0]}, {"Target": "Parameter", "Id": "ParamCheekAngry", "Segments": [0, 0, 0, 2.667, 0]}], "UserData": []}