{"Version": 3, "Meta": {"Duration": 2.6, "Fps": 60.0, "Loop": true, "AreBeziersRestricted": true, "CurveCount": 61, "UserDataCount": 1, "TotalSegmentCount": 183, "TotalPointCount": 183, "TotalUserDataSize": 22}, "Curves": [{"Target": "Parameter", "Id": "ParamPositionX", "Segments": [0, 0, 0, 0.433, 0, 0, 1.183, -1, 2, 2.6, -1]}, {"Target": "Parameter", "Id": "ParamAngleX", "Segments": [0, 0, 0, 0.317, 3, 0, 0.85, -3, 0, 1.5, -1, 2, 2.6, -1]}, {"Target": "Parameter", "Id": "ParamAngleY", "Segments": [0, -10, 0, 0.317, 10, 0, 0.85, -5, 2, 2.6, -5]}, {"Target": "Parameter", "Id": "ParamAngleZ", "Segments": [0, -15, 0, 0.467, 0, 0, 1.05, -23, 0, 1.633, -20, 2, 2.6, -20]}, {"Target": "Parameter", "Id": "ParamEyeROpen", "Segments": [0, 1, 0, 0.267, 1, 0, 0.467, 0, 2, 0.7, 0, 0, 0.933, 1, 2, 2.6, 1]}, {"Target": "Parameter", "Id": "ParamEyeLOpen", "Segments": [0, 1, 0, 0.267, 1, 0, 0.467, 0, 2, 0.7, 0, 0, 0.933, 1, 2, 2.6, 1]}, {"Target": "Parameter", "Id": "ParamEyeballX", "Segments": [0, 0, 0, 0.35, 0.1, 0, 1, 0, 2, 2.6, 0]}, {"Target": "Parameter", "Id": "ParamBodyAngleX", "Segments": [0, 3, 0, 0.367, 7, 0, 1.05, -2, 2, 2.6, -2]}, {"Target": "Parameter", "Id": "ParamBodyAngleY", "Segments": [0, 0, 0, 0.367, 4, 0, 0.817, -4, 0, 1.283, 0, 2, 2.6, 0]}, {"Target": "Parameter", "Id": "ParamBodyAngleZ", "Segments": [0, -4, 0, 0.733, -3, 2, 2.6, -3]}, {"Target": "Parameter", "Id": "ParamUpperBodyZ", "Segments": [0, 9, 0, 0.733, 10, 2, 2.6, 10]}, {"Target": "Parameter", "Id": "ParamBreath", "Segments": [0, 0, 0, 0.467, 0.6, 0, 0.983, 0, 2, 2.6, 0]}, {"Target": "Parameter", "Id": "ParamShoulderR", "Segments": [0, 0, 0, 0.267, -4, 0, 0.833, 2, 0, 1.45, 0, 2, 2.6, 0]}, {"Target": "Parameter", "Id": "ParamArmR1", "Segments": [0, -40, 0, 0.267, -48, 0, 0.85, -39, 0, 1.483, -40, 2, 2.6, -40]}, {"Target": "Parameter", "Id": "ParamArmR2", "Segments": [0, 43, 0, 0.383, 41, 0, 1.033, 44, 0, 1.617, 43.5, 2, 2.6, 43.5]}, {"Target": "Parameter", "Id": "ParamArmR3", "Segments": [0, -2, 0, 0.483, -21, 0, 1.183, 5, 0, 1.817, 3, 2, 2.6, 3]}, {"Target": "Parameter", "Id": "ParamArmR4", "Segments": [0, 9, 0, 0.983, 19, 2, 2.6, 19]}, {"Target": "Parameter", "Id": "ParamArmR8", "Segments": [0, 14, 0, 0.5, -10, 0, 1.15, 15, 2, 2.6, 15]}, {"Target": "Parameter", "Id": "ParamFingerR", "Segments": [0, 0, 0, 0.5, -5, 0, 1.217, 4, 0, 1.9, 0, 2, 2.6, 0]}, {"Target": "Parameter", "Id": "ParamShoulderL", "Segments": [0, 7, 0, 0.4, 3, 0, 1.283, 7, 2, 2.6, 7]}, {"Target": "Parameter", "Id": "ParamArmL1", "Segments": [0, -36, 0, 0.517, -29, 0, 1.133, -41, 0, 1.617, -39, 2, 2.6, -39]}, {"Target": "Parameter", "Id": "ParamArmL2", "Segments": [0, -2, 0, 0.6, -4, 0, 1.283, -2, 0, 1.7, -2.5, 2, 2.6, -2.5]}, {"Target": "Parameter", "Id": "ParamArmL3", "Segments": [0, -5, 0, 0.65, -30, 0, 1.35, -11, 0, 1.783, -15, 2, 2.6, -15]}, {"Target": "Parameter", "Id": "ParamArmL8", "Segments": [0, -11, 0, 0.617, -35, 0, 1.35, -15, 0, 1.883, -22, 2, 2.6, -22]}, {"Target": "Parameter", "Id": "ParamPositionY", "Segments": [0, 0, 0, 2.6, 0]}, {"Target": "Parameter", "Id": "ParamRotationZ", "Segments": [0, 0, 0, 2.6, 0]}, {"Target": "Parameter", "Id": "ParamUpperBody", "Segments": [0, 0, 0, 2.6, 0]}, {"Target": "Parameter", "Id": "ParamLegLZ", "Segments": [0, -2, 0, 2.6, -2]}, {"Target": "Parameter", "Id": "ParamLegRZ", "Segments": [0, 1, 0, 2.6, 1]}, {"Target": "Parameter", "Id": "ParamArmR5", "Segments": [0, 3, 0, 2.6, 3]}, {"Target": "Parameter", "Id": "ParamArmR6", "Segments": [0, 1.1, 0, 2.6, 1.1]}, {"Target": "Parameter", "Id": "ParamArmR7", "Segments": [0, -4, 0, 2.6, -4]}, {"Target": "Parameter", "Id": "ParamArmR9", "Segments": [0, 0.8, 0, 2.6, 0.8]}, {"Target": "Parameter", "Id": "ParamHandRA", "Segments": [0, 0, 0, 2.6, 0]}, {"Target": "Parameter", "Id": "ParamHandRB", "Segments": [0, 0, 0, 2.6, 0]}, {"Target": "Parameter", "Id": "ParamHandRC", "Segments": [0, 0, 0, 2.6, 0]}, {"Target": "Parameter", "Id": "ParamHandRD", "Segments": [0, 0, 0, 2.6, 0]}, {"Target": "Parameter", "Id": "ParamHandRE", "Segments": [0, 0, 0, 2.6, 0]}, {"Target": "Parameter", "Id": "ParamHandRF", "Segments": [0, 0, 0, 2.6, 0]}, {"Target": "Parameter", "Id": "ParamHandRG", "Segments": [0, 0, 0, 2.6, 0]}, {"Target": "Parameter", "Id": "ParamHandRH", "Segments": [0, 0, 0, 2.6, 0]}, {"Target": "Parameter", "Id": "ParamHandRI", "Segments": [0, 0, 0, 2.6, 0]}, {"Target": "Parameter", "Id": "ParamHandRJ", "Segments": [0, 1, 0, 2.6, 1]}, {"Target": "Parameter", "Id": "ParamHandRK", "Segments": [0, 0, 0, 2.6, 0]}, {"Target": "Parameter", "Id": "ParamArmL4", "Segments": [0, 0, 0, 2.6, 0]}, {"Target": "Parameter", "Id": "ParamArmL5", "Segments": [0, 0, 0, 2.6, 0]}, {"Target": "Parameter", "Id": "ParamArmL6", "Segments": [0, 0, 0, 2.6, 0]}, {"Target": "Parameter", "Id": "ParamArmL7", "Segments": [0, 0, 0, 2.6, 0]}, {"Target": "Parameter", "Id": "ParamArmL9", "Segments": [0, -0.8, 0, 2.6, -0.8]}, {"Target": "Parameter", "Id": "ParamHandLA", "Segments": [0, 1, 0, 2.6, 1]}, {"Target": "Parameter", "Id": "ParamHandLB", "Segments": [0, 0, 0, 2.6, 0]}, {"Target": "Parameter", "Id": "ParamHandLC", "Segments": [0, 0, 0, 2.6, 0]}, {"Target": "Parameter", "Id": "ParamHandLD", "Segments": [0, 0, 0, 2.6, 0]}, {"Target": "Parameter", "Id": "ParamHandLE", "Segments": [0, 0, 0, 2.6, 0]}, {"Target": "Parameter", "Id": "ParamHandLF", "Segments": [0, 0, 0, 2.6, 0]}, {"Target": "Parameter", "Id": "ParamHandLG", "Segments": [0, 0, 0, 2.6, 0]}, {"Target": "Parameter", "Id": "ParamHandLH", "Segments": [0, 0, 0, 2.6, 0]}, {"Target": "Parameter", "Id": "ParamHandLI", "Segments": [0, 0, 0, 2.6, 0]}, {"Target": "Parameter", "Id": "ParamHandLJ", "Segments": [0, 0, 0, 2.6, 0]}, {"Target": "Parameter", "Id": "ParamHandLK", "Segments": [0, 0, 0, 2.6, 0]}, {"Target": "Parameter", "Id": "ParamFingerL", "Segments": [0, 0, 0, 2.6, 0]}], "UserData": [{"Time": 0.267, "Value": "eyeblink,0.2,0.24,0.24"}]}