{"Version": 3, "Meta": {"Duration": 2.133, "Fps": 60.0, "Loop": true, "AreBeziersRestricted": true, "CurveCount": 61, "UserDataCount": 1, "TotalSegmentCount": 192, "TotalPointCount": 196, "TotalUserDataSize": 19}, "Curves": [{"Target": "Parameter", "Id": "ParamPositionY", "Segments": [0, 0, 0, 0.333, -1, 0, 0.667, 1, 0, 1.05, -1, 0, 1.433, 0, 2, 2.133, 0]}, {"Target": "Parameter", "Id": "ParamAngleX", "Segments": [0, -2, 0, 0.083, -2, 0, 0.417, 1, 0, 0.75, -4, 0, 1.133, 0, 2, 1.583, 0, 2, 2.133, 0]}, {"Target": "Parameter", "Id": "ParamAngleY", "Segments": [0, -4, 0, 0.1, -4, 0, 0.433, 15, 0, 0.767, -11, 0, 1.15, 4, 2, 1.217, 4, 0, 1.6, -3, 2, 2.133, -3]}, {"Target": "Parameter", "Id": "ParamAngleZ", "Segments": [0, -11, 0, 0.117, -11, 0, 0.45, -7, 0, 0.783, -14, 0, 1.167, -7, 0, 1.617, -11, 2, 2.133, -11]}, {"Target": "Parameter", "Id": "ParamEyeROpen", "Segments": [0, 1, 0, 0.15, 1, 0, 0.35, 0, 0, 0.617, 1, 2, 2.133, 1]}, {"Target": "Parameter", "Id": "ParamEyeLOpen", "Segments": [0, 1, 0, 0.15, 1, 0, 0.35, 0, 0, 0.617, 1, 2, 2.133, 1]}, {"Target": "Parameter", "Id": "ParamBodyAngleX", "Segments": [0, -2, 0, 0.333, 4, 0, 0.667, -1, 1, 0.795, -1, 0.922, -0.998, 1.05, 0, 1, 1.178, 0.998, 1.305, 3.0, 1.433, 3, 2, 2.133, 3]}, {"Target": "Parameter", "Id": "ParamBodyAngleY", "Segments": [0, 0, 0, 0.333, -4, 0, 0.667, 3, 0, 1.05, -3, 0, 1.433, 0, 2, 2.133, 0]}, {"Target": "Parameter", "Id": "ParamBodyAngleZ", "Segments": [0, -3, 0, 0.333, -4, 0, 0.667, -3, 0, 1.05, -4, 0, 1.433, -3, 2, 2.133, -3]}, {"Target": "Parameter", "Id": "ParamUpperBodyZ", "Segments": [0, 7, 0, 0.333, 9, 0, 0.667, 7, 0, 1.05, 9, 0, 1.433, 7, 2, 2.133, 7]}, {"Target": "Parameter", "Id": "ParamShoulderR", "Segments": [0, 1, 0, 0.3, 4, 0, 0.8, 2, 0, 1.283, 3, 2, 2.133, 3]}, {"Target": "Parameter", "Id": "ParamArmR1", "Segments": [0, -40, 0, 0.367, -34, 0, 0.867, -41, 2, 2.133, -41]}, {"Target": "Parameter", "Id": "ParamArmR2", "Segments": [0, 43, 0, 0.433, 46, 0, 0.933, 40, 0, 1.35, 41, 2, 2.133, 41]}, {"Target": "Parameter", "Id": "ParamArmR3", "Segments": [0, 20, 0, 0.5, 26, 0, 1, 7, 0, 1.4, 17, 2, 2.133, 17]}, {"Target": "Parameter", "Id": "ParamArmR8", "Segments": [0, 4, 0, 0.333, 12, 0, 0.8, -5, 0, 1.4, 11, 2, 2.133, 11]}, {"Target": "Parameter", "Id": "ParamFingerR", "Segments": [0, 0, 0, 0.533, 10, 0, 1.017, -5, 0, 1.5, 0, 2, 2.133, 0]}, {"Target": "Parameter", "Id": "ParamArmL1", "Segments": [0, -34, 0, 0.283, -30, 0, 0.833, -38, 2, 2.133, -38]}, {"Target": "Parameter", "Id": "ParamArmL2", "Segments": [0, -2, 0, 0.283, -3, 0, 0.833, -2, 2, 2.133, -2]}, {"Target": "Parameter", "Id": "ParamArmL3", "Segments": [0, -16, 0, 0.283, -28, 0, 0.833, -10, 2, 2.133, -10]}, {"Target": "Parameter", "Id": "ParamArmL8", "Segments": [0, -15, 0, 0.283, -28, 0, 0.833, -10, 2, 2.133, -10]}, {"Target": "Parameter", "Id": "ParamFingerL", "Segments": [0, 0, 0, 0.467, 8, 0, 1, -5, 0, 1.483, 0, 2, 2.133, 0]}, {"Target": "Parameter", "Id": "ParamPositionX", "Segments": [0, 0, 0, 2.133, 0]}, {"Target": "Parameter", "Id": "ParamRotationZ", "Segments": [0, 0, 0, 2.133, 0]}, {"Target": "Parameter", "Id": "ParamEyeballX", "Segments": [0, 0, 0, 2.133, 0]}, {"Target": "Parameter", "Id": "ParamUpperBody", "Segments": [0, 0, 0, 2.133, 0]}, {"Target": "Parameter", "Id": "ParamBreath", "Segments": [0, 0, 0, 2.133, 0]}, {"Target": "Parameter", "Id": "ParamLegLZ", "Segments": [0, 1, 0, 2.133, 1]}, {"Target": "Parameter", "Id": "ParamLegRZ", "Segments": [0, 0, 0, 2.133, 0]}, {"Target": "Parameter", "Id": "ParamArmR4", "Segments": [0, 18, 0, 2.133, 18]}, {"Target": "Parameter", "Id": "ParamArmR5", "Segments": [0, 8, 0, 2.133, 8]}, {"Target": "Parameter", "Id": "ParamArmR6", "Segments": [0, 1.1, 0, 2.133, 1.1]}, {"Target": "Parameter", "Id": "ParamArmR7", "Segments": [0, -4, 0, 2.133, -4]}, {"Target": "Parameter", "Id": "ParamArmR9", "Segments": [0, -0.8, 0, 2.133, -0.8]}, {"Target": "Parameter", "Id": "ParamHandRA", "Segments": [0, 0, 0, 2.133, 0]}, {"Target": "Parameter", "Id": "ParamHandRB", "Segments": [0, 0, 0, 2.133, 0]}, {"Target": "Parameter", "Id": "ParamHandRC", "Segments": [0, 0, 0, 2.133, 0]}, {"Target": "Parameter", "Id": "ParamHandRD", "Segments": [0, 1, 0, 2.133, 1]}, {"Target": "Parameter", "Id": "ParamHandRE", "Segments": [0, 0, 0, 2.133, 0]}, {"Target": "Parameter", "Id": "ParamHandRF", "Segments": [0, 0, 0, 2.133, 0]}, {"Target": "Parameter", "Id": "ParamHandRG", "Segments": [0, 0, 0, 2.133, 0]}, {"Target": "Parameter", "Id": "ParamHandRH", "Segments": [0, 0, 0, 2.133, 0]}, {"Target": "Parameter", "Id": "ParamHandRI", "Segments": [0, 0, 0, 2.133, 0]}, {"Target": "Parameter", "Id": "ParamHandRJ", "Segments": [0, 0, 0, 2.133, 0]}, {"Target": "Parameter", "Id": "ParamHandRK", "Segments": [0, 0, 0, 2.133, 0]}, {"Target": "Parameter", "Id": "ParamShoulderL", "Segments": [0, 1, 0, 2.133, 1]}, {"Target": "Parameter", "Id": "ParamArmL4", "Segments": [0, 0, 0, 2.133, 0]}, {"Target": "Parameter", "Id": "ParamArmL5", "Segments": [0, 3, 0, 2.133, 3]}, {"Target": "Parameter", "Id": "ParamArmL6", "Segments": [0, 0, 0, 2.133, 0]}, {"Target": "Parameter", "Id": "ParamArmL7", "Segments": [0, -4, 0, 2.133, -4]}, {"Target": "Parameter", "Id": "ParamArmL9", "Segments": [0, 0.7, 0, 2.133, 0.7]}, {"Target": "Parameter", "Id": "ParamHandLA", "Segments": [0, 1, 0, 2.133, 1]}, {"Target": "Parameter", "Id": "ParamHandLB", "Segments": [0, 0, 0, 2.133, 0]}, {"Target": "Parameter", "Id": "ParamHandLC", "Segments": [0, 0, 0, 2.133, 0]}, {"Target": "Parameter", "Id": "ParamHandLD", "Segments": [0, 0, 0, 2.133, 0]}, {"Target": "Parameter", "Id": "ParamHandLE", "Segments": [0, 0, 0, 2.133, 0]}, {"Target": "Parameter", "Id": "ParamHandLF", "Segments": [0, 0, 0, 2.133, 0]}, {"Target": "Parameter", "Id": "ParamHandLG", "Segments": [0, 0, 0, 2.133, 0]}, {"Target": "Parameter", "Id": "ParamHandLH", "Segments": [0, 0, 0, 2.133, 0]}, {"Target": "Parameter", "Id": "ParamHandLI", "Segments": [0, 0, 0, 2.133, 0]}, {"Target": "Parameter", "Id": "ParamHandLJ", "Segments": [0, 0, 0, 2.133, 0]}, {"Target": "Parameter", "Id": "ParamHandLK", "Segments": [0, 0, 0, 2.133, 0]}], "UserData": [{"Time": 0.15, "Value": "eyeblink,0.2,0,0.27"}]}