{"Version": 3, "Meta": {"Duration": 3.35, "Fps": 60.0, "Loop": true, "AreBeziersRestricted": true, "CurveCount": 61, "UserDataCount": 1, "TotalSegmentCount": 212, "TotalPointCount": 234, "TotalUserDataSize": 22}, "Curves": [{"Target": "Parameter", "Id": "ParamRotationZ", "Segments": [0, 0, 0, 0.517, 0, 0, 1.167, -1, 0, 2.117, 0, 2, 3.35, 0]}, {"Target": "Parameter", "Id": "ParamAngleX", "Segments": [0, -5, 0, 0.033, -5, 0, 0.517, -19, 0, 1.017, -5, 1, 1.067, -5, 1.117, -4.861, 1.167, -7, 1, 1.295, -12.467, 1.422, -18.0, 1.55, -18, 0, 2.117, -2, 0, 2.633, -9, 2, 3.35, -9]}, {"Target": "Parameter", "Id": "ParamAngleZ", "Segments": [0, -25, 0, 0.083, -25, 0, 0.55, -9, 2, 0.667, -9, 1, 0.889, -9, 1.111, -21.841, 1.333, -23, 1, 1.716, -24.999, 2.1, -25.0, 2.483, -25, 2, 3.35, -25]}, {"Target": "Parameter", "Id": "ParamEyeROpen", "Segments": [0, 0.7, 0, 0.417, 0.7, 0, 0.833, 0, 2, 2.25, 0, 0, 2.75, 0.7, 2, 3.35, 0.7]}, {"Target": "Parameter", "Id": "ParamEyeballX", "Segments": [0, 0, 0, 2.117, 0, 0, 2.633, 0.1, 2, 3.35, 0.1]}, {"Target": "Parameter", "Id": "ParamBodyAngleX", "Segments": [0, 5, 0, 0.4, 9, 1, 0.522, 10.071, 0.645, 10.0, 0.767, 10, 1, 0.878, 10, 0.989, 9.283, 1.1, 7, 1, 1.244, 4.032, 1.389, 2.0, 1.533, 2, 0, 2.1, 10, 0, 2.5, 5, 2, 3.35, 5]}, {"Target": "Parameter", "Id": "ParamBodyAngleY", "Segments": [0, 0, 0, 0.483, 2, 0, 1.1, -1, 0, 1.7, 0, 2, 3.35, 0]}, {"Target": "Parameter", "Id": "ParamBodyAngleZ", "Segments": [0, -1, 0, 0.483, 0, 0, 1.533, -1, 2, 3.35, -1]}, {"Target": "Parameter", "Id": "ParamUpperBodyZ", "Segments": [0, 7, 0, 0.083, 7, 0, 0.567, 9, 0, 1.167, 7, 0, 1.683, 8, 0, 2.583, 7, 2, 3.35, 7]}, {"Target": "Parameter", "Id": "ParamShoulderR", "Segments": [0, 8, 0, 0.4, 10, 0, 0.767, 8, 0, 1.15, 9, 0, 1.533, 8, 0, 2.1, 9, 0, 2.65, 8, 2, 3.35, 8]}, {"Target": "Parameter", "Id": "ParamArmR1", "Segments": [0, 19, 0, 0.483, 38, 1, 0.605, 45.06, 0.728, 46.0, 0.85, 46, 0, 1.233, 44, 0, 1.617, 46, 1, 1.806, 46, 1.994, 44.059, 2.183, 40, 1, 2.366, 36.061, 2.55, 34.0, 2.733, 34, 2, 3.35, 34]}, {"Target": "Parameter", "Id": "ParamArmR2", "Segments": [0, 54, 0, 0.4, 57, 2, 0.767, 57, 0, 1.15, 56, 0, 1.533, 57, 0, 2.1, 56, 2, 2.65, 56, 2, 3.35, 56]}, {"Target": "Parameter", "Id": "ParamArmR3", "Segments": [0, -37, 0, 0.467, -27, 1, 0.545, -23.044, 0.622, -17.0, 0.7, -17, 0, 1.217, -40, 0, 1.6, -25, 0, 2.167, -40, 0, 2.717, -25, 2, 3.35, -25]}, {"Target": "Parameter", "Id": "ParamArmR4", "Segments": [0, 29, 0, 2.1, 21, 0, 2.65, 24, 2, 3.35, 24]}, {"Target": "Parameter", "Id": "ParamArmR5", "Segments": [0, 9, 0, 0.467, 8, 0, 1.217, 9, 0, 1.683, 8, 0, 2.233, 9, 2, 2.717, 9, 2, 3.35, 9]}, {"Target": "Parameter", "Id": "ParamFingerR", "Segments": [0, 0, 0, 0.717, 7, 0, 1.267, -6, 0, 1.833, 7, 0, 2.383, -4, 0, 2.85, 0, 2, 3.35, 0]}, {"Target": "Parameter", "Id": "ParamShoulderL", "Segments": [0, 2, 0, 0.05, 2, 0, 0.5, 8, 0, 1.133, 6, 0, 1.767, 8, 2, 3.35, 8]}, {"Target": "Parameter", "Id": "ParamArmL1", "Segments": [0, -34, 0, 0.1, -34, 0, 0.55, -27, 0, 1.183, -39, 0, 1.817, -33, 0, 2.6, -34, 2, 3.35, -34]}, {"Target": "Parameter", "Id": "ParamArmL2", "Segments": [0, -1, 0, 0.15, -1, 0, 0.6, -2, 0, 1.233, -1, 2, 3.35, -1]}, {"Target": "Parameter", "Id": "ParamArmL3", "Segments": [0, 2, 0, 0.2, 2, 0, 0.65, -12, 0, 1.283, 2, 0, 1.883, -4, 0, 2.667, 2, 2, 3.35, 2]}, {"Target": "Parameter", "Id": "ParamPositionX", "Segments": [0, 0, 0, 3.35, 0]}, {"Target": "Parameter", "Id": "ParamPositionY", "Segments": [0, 0, 0, 3.35, 0]}, {"Target": "Parameter", "Id": "ParamAngleY", "Segments": [0, 0, 0, 3.35, 0]}, {"Target": "Parameter", "Id": "ParamEyeLOpen", "Segments": [0, 0.7, 0, 3.35, 0.7]}, {"Target": "Parameter", "Id": "ParamUpperBody", "Segments": [0, 0, 0, 3.35, 0]}, {"Target": "Parameter", "Id": "ParamBreath", "Segments": [0, 0, 0, 3.35, 0]}, {"Target": "Parameter", "Id": "ParamLegLZ", "Segments": [0, 2, 0, 3.35, 2]}, {"Target": "Parameter", "Id": "ParamLegRZ", "Segments": [0, -2, 0, 3.35, -2]}, {"Target": "Parameter", "Id": "ParamArmR6", "Segments": [0, 1, 0, 3.35, 1]}, {"Target": "Parameter", "Id": "ParamArmR7", "Segments": [0, -2, 0, 3.35, -2]}, {"Target": "Parameter", "Id": "ParamArmR8", "Segments": [0, -25, 0, 3.35, -25]}, {"Target": "Parameter", "Id": "ParamArmR9", "Segments": [0, 0.8, 0, 3.35, 0.8]}, {"Target": "Parameter", "Id": "ParamHandRA", "Segments": [0, 0, 0, 3.35, 0]}, {"Target": "Parameter", "Id": "ParamHandRB", "Segments": [0, 0, 0, 3.35, 0]}, {"Target": "Parameter", "Id": "ParamHandRC", "Segments": [0, 1, 0, 3.35, 1]}, {"Target": "Parameter", "Id": "ParamHandRD", "Segments": [0, 0, 0, 3.35, 0]}, {"Target": "Parameter", "Id": "ParamHandRE", "Segments": [0, 0, 0, 3.35, 0]}, {"Target": "Parameter", "Id": "ParamHandRF", "Segments": [0, 0, 0, 3.35, 0]}, {"Target": "Parameter", "Id": "ParamHandRG", "Segments": [0, 0, 0, 3.35, 0]}, {"Target": "Parameter", "Id": "ParamHandRH", "Segments": [0, 0, 0, 3.35, 0]}, {"Target": "Parameter", "Id": "ParamHandRI", "Segments": [0, 0, 0, 3.35, 0]}, {"Target": "Parameter", "Id": "ParamHandRJ", "Segments": [0, 0, 0, 3.35, 0]}, {"Target": "Parameter", "Id": "ParamHandRK", "Segments": [0, 0, 0, 3.35, 0]}, {"Target": "Parameter", "Id": "ParamArmL4", "Segments": [0, 0, 0, 3.35, 0]}, {"Target": "Parameter", "Id": "ParamArmL5", "Segments": [0, 0, 0, 3.35, 0]}, {"Target": "Parameter", "Id": "ParamArmL6", "Segments": [0, 0, 0, 3.35, 0]}, {"Target": "Parameter", "Id": "ParamArmL7", "Segments": [0, 0, 0, 3.35, 0]}, {"Target": "Parameter", "Id": "ParamArmL8", "Segments": [0, 0, 0, 3.35, 0]}, {"Target": "Parameter", "Id": "ParamArmL9", "Segments": [0, -0.8, 0, 3.35, -0.8]}, {"Target": "Parameter", "Id": "ParamHandLA", "Segments": [0, 1, 0, 3.35, 1]}, {"Target": "Parameter", "Id": "ParamHandLB", "Segments": [0, 0, 0, 3.35, 0]}, {"Target": "Parameter", "Id": "ParamHandLC", "Segments": [0, 0, 0, 3.35, 0]}, {"Target": "Parameter", "Id": "ParamHandLD", "Segments": [0, 0, 0, 3.35, 0]}, {"Target": "Parameter", "Id": "ParamHandLE", "Segments": [0, 0, 0, 3.35, 0]}, {"Target": "Parameter", "Id": "ParamHandLF", "Segments": [0, 0, 0, 3.35, 0]}, {"Target": "Parameter", "Id": "ParamHandLG", "Segments": [0, 0, 0, 3.35, 0]}, {"Target": "Parameter", "Id": "ParamHandLH", "Segments": [0, 0, 0, 3.35, 0]}, {"Target": "Parameter", "Id": "ParamHandLI", "Segments": [0, 0, 0, 3.35, 0]}, {"Target": "Parameter", "Id": "ParamHandLJ", "Segments": [0, 0, 0, 3.35, 0]}, {"Target": "Parameter", "Id": "ParamHandLK", "Segments": [0, 0, 0, 3.35, 0]}, {"Target": "Parameter", "Id": "ParamFingerL", "Segments": [0, 0, 0, 3.35, 0]}], "UserData": [{"Time": 0.183, "Value": "eyeblink,0.2,0.79,0.24"}]}