{"Version": 3, "Meta": {"Duration": 3.233, "Fps": 60.0, "Loop": true, "AreBeziersRestricted": true, "CurveCount": 61, "UserDataCount": 1, "TotalSegmentCount": 214, "TotalPointCount": 226, "TotalUserDataSize": 23}, "Curves": [{"Target": "Parameter", "Id": "ParamAngleX", "Segments": [0, 0, 0, 0.417, -9, 0, 0.917, 24, 0, 1.417, -22, 0, 1.95, 28, 0, 2.567, 0, 2, 3.233, 0]}, {"Target": "Parameter", "Id": "ParamAngleY", "Segments": [0, 0, 0, 0.417, -12, 1, 0.584, -19.715, 0.75, -22, 0.917, -22, 2, 1.95, -22, 0, 2.6, -7, 2, 3.233, -7]}, {"Target": "Parameter", "Id": "ParamAngleZ", "Segments": [0, 2, 0, 0.417, -15, 0, 0.917, 2, 1, 1.084, 2, 1.25, -3.075, 1.417, -5, 1, 1.595, -7.053, 1.772, -8.198, 1.95, -9, 1, 2.15, -9.902, 2.35, -10.0, 2.55, -10, 2, 3.233, -10]}, {"Target": "Parameter", "Id": "ParamEyeROpen", "Segments": [0, 1, 0, 0.333, 0, 2, 0.7, 0, 2, 1.9, 0, 0, 2.333, 1, 2, 3.233, 1]}, {"Target": "Parameter", "Id": "ParamEyeLOpen", "Segments": [0, 1, 0, 0.333, 0, 2, 0.7, 0, 2, 1.9, 0, 0, 2.333, 1, 2, 3.233, 1]}, {"Target": "Parameter", "Id": "ParamEyeballX", "Segments": [0, 0, 0, 1.083, 0, 0, 1.517, -0.1, 2, 3.233, -0.1]}, {"Target": "Parameter", "Id": "ParamBodyAngleX", "Segments": [0, 0, 0, 0.333, -9, 0, 0.983, 5, 0, 1.433, -8, 0, 1.9, 7, 0, 2.417, -7, 2, 3.233, -7]}, {"Target": "Parameter", "Id": "ParamBodyAngleY", "Segments": [0, 0, 0, 0.333, 3, 0, 0.983, -1, 0, 2.483, 0, 2, 3.233, 0]}, {"Target": "Parameter", "Id": "ParamUpperBodyZ", "Segments": [0, -5, 0, 0.333, -2, 0, 0.983, -7, 0, 2.483, -5, 2, 3.233, -5]}, {"Target": "Parameter", "Id": "ParamUpperBody", "Segments": [0, 0, 0, 0.333, 1, 0, 0.983, -1, 0, 2.4, 0, 2, 3.233, 0]}, {"Target": "Parameter", "Id": "ParamShoulderR", "Segments": [0, 4, 0, 0.333, 10, 0, 0.7, 2, 0, 0.983, 4, 2, 3.233, 4]}, {"Target": "Parameter", "Id": "ParamArmR1", "Segments": [0, 3, 0, 0.333, 1, 0, 0.983, 4, 0, 1.9, 2, 0, 2.417, 3, 2, 3.233, 3]}, {"Target": "Parameter", "Id": "ParamArmR2", "Segments": [0, 18, 0, 0.333, 17, 0, 0.7, 18, 2, 0.983, 18, 0, 1.433, 17, 2, 1.9, 17, 2, 3.233, 17]}, {"Target": "Parameter", "Id": "ParamArmR4", "Segments": [0, 9, 0, 0.333, 17, 0, 0.7, 9, 2, 0.983, 9, 0, 1.433, 11, 2, 3.233, 11]}, {"Target": "Parameter", "Id": "ParamArmR5", "Segments": [0, 9, 0, 0.333, 9, 2, 0.7, 9, 2, 0.983, 9, 0, 1.433, 10, 0, 1.9, 9, 2, 2.417, 9, 2, 3.233, 9]}, {"Target": "Parameter", "Id": "ParamFingerR", "Segments": [0, 0, 0, 0.483, 7, 0, 0.95, 0, 2, 3.233, 0]}, {"Target": "Parameter", "Id": "ParamShoulderL", "Segments": [0, 0, 0, 0.333, 8, 0, 0.7, -2, 0, 0.983, 0, 2, 3.233, 0]}, {"Target": "Parameter", "Id": "ParamArmL1", "Segments": [0, -6, 0, 0.333, -4, 0, 0.7, -6, 0, 0.983, -5, 0, 1.433, -7, 0, 1.9, -4, 0, 2.417, -6, 2, 3.233, -6]}, {"Target": "Parameter", "Id": "ParamArmL2", "Segments": [0, 16, 0, 0.333, 15, 2, 0.35, 15, 0, 0.7, 16, 2, 0.983, 16, 2, 1.433, 16, 2, 1.9, 16, 2, 2.417, 16, 2, 3.233, 16]}, {"Target": "Parameter", "Id": "ParamArmL4", "Segments": [0, 6, 0, 0.333, 13, 0, 0.7, 6, 0, 0.983, 8, 0, 1.433, 6, 1, 1.589, 6, 1.744, 6.369, 1.9, 7, 1, 2.072, 7.699, 2.245, 8.0, 2.417, 8, 2, 3.233, 8]}, {"Target": "Parameter", "Id": "ParamArmL5", "Segments": [0, 11, 0, 0.333, 10, 0, 0.7, 11, 2, 0.983, 11, 2, 1.433, 11, 2, 1.9, 11, 2, 2.417, 11, 2, 3.233, 11]}, {"Target": "Parameter", "Id": "ParamFingerL", "Segments": [0, 0, 0, 0.483, 7, 0, 0.917, 0, 2, 3.233, 0]}, {"Target": "Parameter", "Id": "ParamPositionX", "Segments": [0, -1, 0, 3.233, -1]}, {"Target": "Parameter", "Id": "ParamPositionY", "Segments": [0, 0, 0, 3.233, 0]}, {"Target": "Parameter", "Id": "ParamRotationZ", "Segments": [0, 0, 0, 3.233, 0]}, {"Target": "Parameter", "Id": "ParamBodyAngleZ", "Segments": [0, 4, 0, 3.233, 4]}, {"Target": "Parameter", "Id": "ParamBreath", "Segments": [0, 0, 0, 3.233, 0]}, {"Target": "Parameter", "Id": "ParamLegLZ", "Segments": [0, 7, 0, 3.233, 7]}, {"Target": "Parameter", "Id": "ParamLegRZ", "Segments": [0, -1, 0, 3.233, -1]}, {"Target": "Parameter", "Id": "ParamArmR3", "Segments": [0, 40, 0, 3.233, 40]}, {"Target": "Parameter", "Id": "ParamArmR6", "Segments": [0, 1, 0, 3.233, 1]}, {"Target": "Parameter", "Id": "ParamArmR7", "Segments": [0, 0, 0, 3.233, 0]}, {"Target": "Parameter", "Id": "ParamArmR8", "Segments": [0, 40, 0, 3.233, 40]}, {"Target": "Parameter", "Id": "ParamArmR9", "Segments": [0, 0.6, 0, 3.233, 0.6]}, {"Target": "Parameter", "Id": "ParamHandRA", "Segments": [0, 0, 0, 3.233, 0]}, {"Target": "Parameter", "Id": "ParamHandRB", "Segments": [0, 0, 0, 3.233, 0]}, {"Target": "Parameter", "Id": "ParamHandRC", "Segments": [0, 0, 0, 3.233, 0]}, {"Target": "Parameter", "Id": "ParamHandRD", "Segments": [0, 0, 0, 3.233, 0]}, {"Target": "Parameter", "Id": "ParamHandRE", "Segments": [0, 0, 0, 3.233, 0]}, {"Target": "Parameter", "Id": "ParamHandRF", "Segments": [0, 0, 0, 3.233, 0]}, {"Target": "Parameter", "Id": "ParamHandRG", "Segments": [0, 0, 0, 3.233, 0]}, {"Target": "Parameter", "Id": "ParamHandRH", "Segments": [0, 0, 0, 3.233, 0]}, {"Target": "Parameter", "Id": "ParamHandRI", "Segments": [0, 0, 0, 3.233, 0]}, {"Target": "Parameter", "Id": "ParamHandRJ", "Segments": [0, 1, 0, 3.233, 1]}, {"Target": "Parameter", "Id": "ParamHandRK", "Segments": [0, 0, 0, 3.233, 0]}, {"Target": "Parameter", "Id": "ParamArmL3", "Segments": [0, 40, 0, 3.233, 40]}, {"Target": "Parameter", "Id": "ParamArmL6", "Segments": [0, 1, 0, 3.233, 1]}, {"Target": "Parameter", "Id": "ParamArmL7", "Segments": [0, 0, 0, 3.233, 0]}, {"Target": "Parameter", "Id": "ParamArmL8", "Segments": [0, 40, 0, 3.233, 40]}, {"Target": "Parameter", "Id": "ParamArmL9", "Segments": [0, 0.6, 0, 3.233, 0.6]}, {"Target": "Parameter", "Id": "ParamHandLA", "Segments": [0, 0, 0, 3.233, 0]}, {"Target": "Parameter", "Id": "ParamHandLB", "Segments": [0, 0, 0, 3.233, 0]}, {"Target": "Parameter", "Id": "ParamHandLC", "Segments": [0, 0, 0, 3.233, 0]}, {"Target": "Parameter", "Id": "ParamHandLD", "Segments": [0, 0, 0, 3.233, 0]}, {"Target": "Parameter", "Id": "ParamHandLE", "Segments": [0, 0, 0, 3.233, 0]}, {"Target": "Parameter", "Id": "ParamHandLF", "Segments": [0, 0, 0, 3.233, 0]}, {"Target": "Parameter", "Id": "ParamHandLG", "Segments": [0, 0, 0, 3.233, 0]}, {"Target": "Parameter", "Id": "ParamHandLH", "Segments": [0, 0, 0, 3.233, 0]}, {"Target": "Parameter", "Id": "ParamHandLI", "Segments": [0, 0, 0, 3.233, 0]}, {"Target": "Parameter", "Id": "ParamHandLJ", "Segments": [0, 1, 0, 3.233, 1]}, {"Target": "Parameter", "Id": "ParamHandLK", "Segments": [0, 0, 0, 3.233, 0]}], "UserData": [{"Time": 0.483, "Value": "eyeblink,0.20,0.48,0.20"}]}