{"Version": 3, "Meta": {"Duration": 1.9, "Fps": 60.0, "Loop": true, "AreBeziersRestricted": true, "CurveCount": 61, "UserDataCount": 1, "TotalSegmentCount": 197, "TotalPointCount": 197, "TotalUserDataSize": 23}, "Curves": [{"Target": "Parameter", "Id": "ParamPositionY", "Segments": [0, 0, 0, 0.35, 1, 0, 0.783, -1, 0, 1.25, 0, 2, 1.9, 0]}, {"Target": "Parameter", "Id": "ParamAngleY", "Segments": [0, 0, 0, 0.083, 0, 0, 0.35, 21, 0, 0.867, -15, 0, 1.333, 0, 2, 1.9, 0]}, {"Target": "Parameter", "Id": "ParamAngleZ", "Segments": [0, -8, 0, 0.083, -8, 0, 0.267, 0, 0, 0.867, -8, 2, 1.333, -8, 2, 1.9, -8]}, {"Target": "Parameter", "Id": "ParamEyeROpen", "Segments": [0, 1, 0, 0.483, 1, 0, 0.867, 0, 0, 1.25, 1, 2, 1.9, 1]}, {"Target": "Parameter", "Id": "ParamEyeLOpen", "Segments": [0, 1, 0, 0.483, 1, 0, 0.867, 0, 0, 1.25, 1, 2, 1.9, 1]}, {"Target": "Parameter", "Id": "ParamBodyAngleX", "Segments": [0, 0, 0, 0.267, 7, 0, 0.783, -3, 0, 1.25, 0, 2, 1.9, 0]}, {"Target": "Parameter", "Id": "ParamBodyAngleY", "Segments": [0, 0, 0, 0.267, 8, 0, 0.783, -4, 0, 1.25, -3, 2, 1.9, -3]}, {"Target": "Parameter", "Id": "ParamBodyAngleZ", "Segments": [0, 4, 0, 0.267, 1, 0, 0.783, 4, 2, 1.25, 4, 2, 1.9, 4]}, {"Target": "Parameter", "Id": "ParamUpperBodyZ", "Segments": [0, -5, 0, 0.267, -2, 0, 0.783, -5, 2, 1.25, -5, 2, 1.9, -5]}, {"Target": "Parameter", "Id": "ParamUpperBody", "Segments": [0, 0, 0, 0.267, 5, 0, 0.783, -10, 0, 1.25, -9, 2, 1.9, -9]}, {"Target": "Parameter", "Id": "ParamShoulderR", "Segments": [0, 4, 0, 0.267, 10, 0, 0.783, 4, 2, 1.25, 4, 2, 1.9, 4]}, {"Target": "Parameter", "Id": "ParamArmR1", "Segments": [0, 3, 0, 0.267, 20, 0, 0.783, 3, 2, 1.25, 3, 2, 1.9, 3]}, {"Target": "Parameter", "Id": "ParamArmR2", "Segments": [0, 18, 0, 0.033, 18, 0, 0.3, 22, 0, 0.817, 18, 2, 1.283, 18, 2, 1.9, 18]}, {"Target": "Parameter", "Id": "ParamArmR3", "Segments": [0, 40, 0, 0.067, 40, 0, 0.333, 16, 0, 0.85, 40, 2, 1.317, 40, 2, 1.9, 40]}, {"Target": "Parameter", "Id": "ParamArmR4", "Segments": [0, 0, 0, 0.533, -7, 2, 1.9, -7]}, {"Target": "Parameter", "Id": "ParamArmR5", "Segments": [0, 10, 0, 0.267, 9, 2, 0.783, 9, 2, 1.25, 9, 2, 1.9, 9]}, {"Target": "Parameter", "Id": "ParamArmR8", "Segments": [0, 40, 0, 0.283, 23, 0, 0.833, 40, 2, 1.9, 40]}, {"Target": "Parameter", "Id": "ParamFingerR", "Segments": [0, 0, 0, 0.333, 10, 0, 0.9, 0, 2, 1.9, 0]}, {"Target": "Parameter", "Id": "ParamShoulderL", "Segments": [0, 0, 0, 0.267, 10, 0, 0.783, 0, 2, 1.25, 0, 2, 1.9, 0]}, {"Target": "Parameter", "Id": "ParamArmL1", "Segments": [0, -6, 0, 0.267, 11, 0, 0.783, -6, 2, 1.25, -6, 2, 1.9, -6]}, {"Target": "Parameter", "Id": "ParamArmL2", "Segments": [0, 16, 0, 0.033, 16, 0, 0.3, 19, 0, 0.817, 16, 2, 1.283, 16, 2, 1.9, 16]}, {"Target": "Parameter", "Id": "ParamArmL3", "Segments": [0, 40, 0, 0.067, 40, 0, 0.333, 8, 0, 0.85, 40, 2, 1.317, 40, 2, 1.9, 40]}, {"Target": "Parameter", "Id": "ParamArmL5", "Segments": [0, 11, 0, 0.267, 15, 0, 0.783, 11, 2, 1.25, 11, 2, 1.9, 11]}, {"Target": "Parameter", "Id": "ParamArmL8", "Segments": [0, 40, 0, 0.35, 4, 0, 0.883, 40, 2, 1.9, 40]}, {"Target": "Parameter", "Id": "ParamFingerL", "Segments": [0, 0, 0, 0.333, 10, 0, 0.917, 0, 2, 1.9, 0]}, {"Target": "Parameter", "Id": "ParamPositionX", "Segments": [0, -1, 0, 1.9, -1]}, {"Target": "Parameter", "Id": "ParamRotationZ", "Segments": [0, 0, 0, 1.9, 0]}, {"Target": "Parameter", "Id": "ParamAngleX", "Segments": [0, 0, 0, 1.9, 0]}, {"Target": "Parameter", "Id": "ParamEyeballX", "Segments": [0, 0, 0, 1.9, 0]}, {"Target": "Parameter", "Id": "ParamBreath", "Segments": [0, 0, 0, 1.9, 0]}, {"Target": "Parameter", "Id": "ParamLegLZ", "Segments": [0, 7, 0, 1.9, 7]}, {"Target": "Parameter", "Id": "ParamLegRZ", "Segments": [0, -1, 0, 1.9, -1]}, {"Target": "Parameter", "Id": "ParamArmR6", "Segments": [0, 1, 0, 1.9, 1]}, {"Target": "Parameter", "Id": "ParamArmR7", "Segments": [0, 0, 0, 1.9, 0]}, {"Target": "Parameter", "Id": "ParamArmR9", "Segments": [0, 0.6, 0, 1.9, 0.6]}, {"Target": "Parameter", "Id": "ParamHandRA", "Segments": [0, 0, 0, 1.9, 0]}, {"Target": "Parameter", "Id": "ParamHandRB", "Segments": [0, 0, 0, 1.9, 0]}, {"Target": "Parameter", "Id": "ParamHandRC", "Segments": [0, 0, 0, 1.9, 0]}, {"Target": "Parameter", "Id": "ParamHandRD", "Segments": [0, 0, 0, 1.9, 0]}, {"Target": "Parameter", "Id": "ParamHandRE", "Segments": [0, 0, 0, 1.9, 0]}, {"Target": "Parameter", "Id": "ParamHandRF", "Segments": [0, 0, 0, 1.9, 0]}, {"Target": "Parameter", "Id": "ParamHandRG", "Segments": [0, 0, 0, 1.9, 0]}, {"Target": "Parameter", "Id": "ParamHandRH", "Segments": [0, 0, 0, 1.9, 0]}, {"Target": "Parameter", "Id": "ParamHandRI", "Segments": [0, 0, 0, 1.9, 0]}, {"Target": "Parameter", "Id": "ParamHandRJ", "Segments": [0, 1, 0, 1.9, 1]}, {"Target": "Parameter", "Id": "ParamHandRK", "Segments": [0, 0, 0, 1.9, 0]}, {"Target": "Parameter", "Id": "ParamArmL4", "Segments": [0, 0, 0, 1.9, 0]}, {"Target": "Parameter", "Id": "ParamArmL6", "Segments": [0, 1, 0, 1.9, 1]}, {"Target": "Parameter", "Id": "ParamArmL7", "Segments": [0, 0, 0, 1.9, 0]}, {"Target": "Parameter", "Id": "ParamArmL9", "Segments": [0, 0.6, 0, 1.9, 0.6]}, {"Target": "Parameter", "Id": "ParamHandLA", "Segments": [0, 0, 0, 1.9, 0]}, {"Target": "Parameter", "Id": "ParamHandLB", "Segments": [0, 0, 0, 1.9, 0]}, {"Target": "Parameter", "Id": "ParamHandLC", "Segments": [0, 0, 0, 1.9, 0]}, {"Target": "Parameter", "Id": "ParamHandLD", "Segments": [0, 0, 0, 1.9, 0]}, {"Target": "Parameter", "Id": "ParamHandLE", "Segments": [0, 0, 0, 1.9, 0]}, {"Target": "Parameter", "Id": "ParamHandLF", "Segments": [0, 0, 0, 1.9, 0]}, {"Target": "Parameter", "Id": "ParamHandLG", "Segments": [0, 0, 0, 1.9, 0]}, {"Target": "Parameter", "Id": "ParamHandLH", "Segments": [0, 0, 0, 1.9, 0]}, {"Target": "Parameter", "Id": "ParamHandLI", "Segments": [0, 0, 0, 1.9, 0]}, {"Target": "Parameter", "Id": "ParamHandLJ", "Segments": [0, 1, 0, 1.9, 1]}, {"Target": "Parameter", "Id": "ParamHandLK", "Segments": [0, 0, 0, 1.9, 0]}], "UserData": [{"Time": 0.483, "Value": "eyeblink,0.20,0.48,0.20"}]}