{"Version": 3, "Meta": {"Duration": 1.933, "Fps": 60.0, "Loop": true, "AreBeziersRestricted": true, "CurveCount": 61, "UserDataCount": 1, "TotalSegmentCount": 184, "TotalPointCount": 184, "TotalUserDataSize": 23}, "Curves": [{"Target": "Parameter", "Id": "ParamAngleX", "Segments": [0, 0, 0, 0.083, 0, 0, 0.417, 6, 0, 0.867, -6, 0, 1.383, 0, 2, 1.933, 0]}, {"Target": "Parameter", "Id": "ParamAngleY", "Segments": [0, 0, 0, 0.083, 0, 0, 0.417, 7, 0, 0.867, -2, 0, 1.383, 0, 2, 1.933, 0]}, {"Target": "Parameter", "Id": "ParamAngleZ", "Segments": [0, -8, 0, 0.083, -8, 0, 0.417, 8, 0, 0.867, -18, 0, 1.383, -8, 2, 1.933, -8]}, {"Target": "Parameter", "Id": "ParamEyeROpen", "Segments": [0, 1, 0, 0.333, 0, 2, 0.533, 0, 0, 0.783, 1, 2, 1.3, 1, 2, 1.933, 1]}, {"Target": "Parameter", "Id": "ParamEyeLOpen", "Segments": [0, 1, 0, 0.333, 0, 2, 0.533, 0, 0, 0.783, 1, 2, 1.3, 1, 2, 1.933, 1]}, {"Target": "Parameter", "Id": "ParamBodyAngleY", "Segments": [0, 0, 0, 0.333, 6, 0, 0.783, -2, 0, 1.3, 0, 2, 1.933, 0]}, {"Target": "Parameter", "Id": "ParamBodyAngleZ", "Segments": [0, 4, 0, 0.333, 4, 0, 0.783, 5, 0, 1.3, 4, 2, 1.933, 4]}, {"Target": "Parameter", "Id": "ParamUpperBodyZ", "Segments": [0, -5, 0, 0.333, -1, 0, 0.783, -8, 0, 1.3, -5, 2, 1.933, -5]}, {"Target": "Parameter", "Id": "ParamUpperBody", "Segments": [0, 0, 0, 0.333, 2, 0, 0.783, -2, 0, 1.3, 0, 2, 1.933, 0]}, {"Target": "Parameter", "Id": "ParamShoulderR", "Segments": [0, 4, 0, 0.333, 7, 0, 0.783, 3, 0, 1.3, 4, 2, 1.933, 4]}, {"Target": "Parameter", "Id": "ParamArmR1", "Segments": [0, 4, 0, 0.333, 1, 0, 0.783, 6, 0, 1.3, 5, 2, 1.933, 5]}, {"Target": "Parameter", "Id": "ParamArmR2", "Segments": [0, 18, 0, 0.333, 17, 0, 0.783, 18, 2, 1.3, 18, 2, 1.933, 18]}, {"Target": "Parameter", "Id": "ParamArmR3", "Segments": [0, 40, 0, 0.333, 32, 0, 0.783, 40, 2, 1.933, 40]}, {"Target": "Parameter", "Id": "ParamArmR4", "Segments": [0, 0, 0, 0.333, 13, 0, 0.783, 9, 2, 1.933, 9]}, {"Target": "Parameter", "Id": "ParamFingerR", "Segments": [0, 0, 0, 0.367, 6, 0, 0.817, -2, 0, 1.283, 0, 2, 1.933, 0]}, {"Target": "Parameter", "Id": "ParamShoulderL", "Segments": [0, 0, 0, 0.333, 7, 0, 0.783, 0, 2, 1.3, 0, 2, 1.933, 0]}, {"Target": "Parameter", "Id": "ParamArmL1", "Segments": [0, -3, 0, 0.333, -2, 0, 0.783, -5, 0, 1.3, -3, 2, 1.933, -3]}, {"Target": "Parameter", "Id": "ParamArmL3", "Segments": [0, 40, 0, 0.333, 32, 0, 0.783, 40, 2, 1.933, 40]}, {"Target": "Parameter", "Id": "ParamArmL4", "Segments": [0, 6, 0, 0.333, 14, 0, 0.783, 6, 2, 1.3, 6, 2, 1.933, 6]}, {"Target": "Parameter", "Id": "ParamFingerL", "Segments": [0, 0, 0, 0.367, 5, 0, 0.817, -2, 0, 1.283, 0, 2, 1.933, 0]}, {"Target": "Parameter", "Id": "ParamPositionX", "Segments": [0, -1, 0, 1.933, -1]}, {"Target": "Parameter", "Id": "ParamPositionY", "Segments": [0, 0, 0, 1.933, 0]}, {"Target": "Parameter", "Id": "ParamRotationZ", "Segments": [0, 0, 0, 1.933, 0]}, {"Target": "Parameter", "Id": "ParamEyeballX", "Segments": [0, 0, 0, 1.933, 0]}, {"Target": "Parameter", "Id": "ParamBodyAngleX", "Segments": [0, 0, 0, 1.933, 0]}, {"Target": "Parameter", "Id": "ParamBreath", "Segments": [0, 0, 0, 1.933, 0]}, {"Target": "Parameter", "Id": "ParamLegLZ", "Segments": [0, 7, 0, 1.933, 7]}, {"Target": "Parameter", "Id": "ParamLegRZ", "Segments": [0, -1, 0, 1.933, -1]}, {"Target": "Parameter", "Id": "ParamArmR5", "Segments": [0, 9, 0, 1.933, 9]}, {"Target": "Parameter", "Id": "ParamArmR6", "Segments": [0, 1, 0, 1.933, 1]}, {"Target": "Parameter", "Id": "ParamArmR7", "Segments": [0, 0, 0, 1.933, 0]}, {"Target": "Parameter", "Id": "ParamArmR8", "Segments": [0, 40, 0, 1.933, 40]}, {"Target": "Parameter", "Id": "ParamArmR9", "Segments": [0, 0.6, 0, 1.933, 0.6]}, {"Target": "Parameter", "Id": "ParamHandRA", "Segments": [0, 0, 0, 1.933, 0]}, {"Target": "Parameter", "Id": "ParamHandRB", "Segments": [0, 0, 0, 1.933, 0]}, {"Target": "Parameter", "Id": "ParamHandRC", "Segments": [0, 0, 0, 1.933, 0]}, {"Target": "Parameter", "Id": "ParamHandRD", "Segments": [0, 0, 0, 1.933, 0]}, {"Target": "Parameter", "Id": "ParamHandRE", "Segments": [0, 0, 0, 1.933, 0]}, {"Target": "Parameter", "Id": "ParamHandRF", "Segments": [0, 0, 0, 1.933, 0]}, {"Target": "Parameter", "Id": "ParamHandRG", "Segments": [0, 0, 0, 1.933, 0]}, {"Target": "Parameter", "Id": "ParamHandRH", "Segments": [0, 0, 0, 1.933, 0]}, {"Target": "Parameter", "Id": "ParamHandRI", "Segments": [0, 0, 0, 1.933, 0]}, {"Target": "Parameter", "Id": "ParamHandRJ", "Segments": [0, 1, 0, 1.933, 1]}, {"Target": "Parameter", "Id": "ParamHandRK", "Segments": [0, 0, 0, 1.933, 0]}, {"Target": "Parameter", "Id": "ParamArmL2", "Segments": [0, 16, 0, 1.933, 16]}, {"Target": "Parameter", "Id": "ParamArmL5", "Segments": [0, 9, 0, 1.933, 9]}, {"Target": "Parameter", "Id": "ParamArmL6", "Segments": [0, 1, 0, 1.933, 1]}, {"Target": "Parameter", "Id": "ParamArmL7", "Segments": [0, 0, 0, 1.933, 0]}, {"Target": "Parameter", "Id": "ParamArmL8", "Segments": [0, 40, 0, 1.933, 40]}, {"Target": "Parameter", "Id": "ParamArmL9", "Segments": [0, 0.6, 0, 1.933, 0.6]}, {"Target": "Parameter", "Id": "ParamHandLA", "Segments": [0, 0, 0, 1.933, 0]}, {"Target": "Parameter", "Id": "ParamHandLB", "Segments": [0, 0, 0, 1.933, 0]}, {"Target": "Parameter", "Id": "ParamHandLC", "Segments": [0, 0, 0, 1.933, 0]}, {"Target": "Parameter", "Id": "ParamHandLD", "Segments": [0, 0, 0, 1.933, 0]}, {"Target": "Parameter", "Id": "ParamHandLE", "Segments": [0, 0, 0, 1.933, 0]}, {"Target": "Parameter", "Id": "ParamHandLF", "Segments": [0, 0, 0, 1.933, 0]}, {"Target": "Parameter", "Id": "ParamHandLG", "Segments": [0, 0, 0, 1.933, 0]}, {"Target": "Parameter", "Id": "ParamHandLH", "Segments": [0, 0, 0, 1.933, 0]}, {"Target": "Parameter", "Id": "ParamHandLI", "Segments": [0, 0, 0, 1.933, 0]}, {"Target": "Parameter", "Id": "ParamHandLJ", "Segments": [0, 1, 0, 1.933, 1]}, {"Target": "Parameter", "Id": "ParamHandLK", "Segments": [0, 0, 0, 1.933, 0]}], "UserData": [{"Time": 0.5, "Value": "eyeblink,0.20,0.27,0.20"}]}