{"Version": 3, "Meta": {"Duration": 2.433, "Fps": 60.0, "Loop": true, "AreBeziersRestricted": true, "CurveCount": 61, "UserDataCount": 1, "TotalSegmentCount": 177, "TotalPointCount": 177, "TotalUserDataSize": 23}, "Curves": [{"Target": "Parameter", "Id": "ParamPositionX", "Segments": [0, 0, 0, 0.5, -1, 0, 1, 0, 2, 2.433, 0]}, {"Target": "Parameter", "Id": "ParamAngleX", "Segments": [0, 0, 0, 0.4, -3, 0, 0.867, 3, 0, 1.367, 0, 2, 2.433, 0]}, {"Target": "Parameter", "Id": "ParamAngleY", "Segments": [0, 0, 0, 0.467, 9, 0, 1.033, -14, 0, 1.5, -1, 2, 2.433, -1]}, {"Target": "Parameter", "Id": "ParamAngleZ", "Segments": [0, 0, 0, 0.6, 10, 0, 1.233, -6, 2, 2.433, -6]}, {"Target": "Parameter", "Id": "ParamEyeROpen", "Segments": [0, 1, 0, 0.4, 1, 0, 0.6, 0, 0, 0.8, 1, 2, 2.433, 1]}, {"Target": "Parameter", "Id": "ParamEyeLOpen", "Segments": [0, 1, 0, 0.4, 1, 0, 0.6, 0, 0, 0.8, 1, 2, 2.433, 1]}, {"Target": "Parameter", "Id": "ParamBodyAngleZ", "Segments": [0, 2, 0, 0.967, 3, 2, 2.433, 3]}, {"Target": "Parameter", "Id": "ParamUpperBodyZ", "Segments": [0, -1, 0, 0.967, -2, 2, 2.433, -2]}, {"Target": "Parameter", "Id": "ParamLegLZ", "Segments": [0, 0, 0, 0.7, 2, 2, 2.433, 2]}, {"Target": "Parameter", "Id": "ParamLegRZ", "Segments": [0, 0, 0, 0.7, -1, 2, 2.433, -1]}, {"Target": "Parameter", "Id": "ParamShoulderR", "Segments": [0, 0, 0, 0.4, -1, 2, 2.433, -1]}, {"Target": "Parameter", "Id": "ParamArmR1", "Segments": [0, -38, 0, 0.333, -32, 0, 0.9, -42, 0, 1.4, -37, 2, 2.433, -37]}, {"Target": "Parameter", "Id": "ParamArmR2", "Segments": [0, 39, 0, 0.433, 42, 0, 1, 39, 0, 1.5, 40, 2, 2.433, 40]}, {"Target": "Parameter", "Id": "ParamArmR3", "Segments": [0, 11, 0, 0.6, 18, 0, 1.167, 3, 2, 2.433, 3]}, {"Target": "Parameter", "Id": "ParamArmR5", "Segments": [0, 7, 0, 0.433, 4, 2, 2.433, 4]}, {"Target": "Parameter", "Id": "ParamArmR8", "Segments": [0, 5, 0, 0.983, 8, 2, 2.433, 8]}, {"Target": "Parameter", "Id": "ParamFingerR", "Segments": [0, 0, 0, 0.583, 10, 0, 1.15, -3, 0, 1.65, 0, 2, 2.433, 0]}, {"Target": "Parameter", "Id": "ParamShoulderL", "Segments": [0, 1, 0, 0.4, -1, 0, 0.933, 2, 2, 2.433, 2]}, {"Target": "Parameter", "Id": "ParamArmL1", "Segments": [0, -44, 0, 0.367, -47, 0, 0.833, -44, 0, 1.333, -46, 2, 2.433, -46]}, {"Target": "Parameter", "Id": "ParamArmL2", "Segments": [0, 5, 0, 0.467, 5, 0, 0.933, 3, 2, 1.4, 3, 2, 2.433, 3]}, {"Target": "Parameter", "Id": "ParamArmL3", "Segments": [0, 16, 0, 0.567, 32, 0, 1.067, 8, 0, 1.567, 17, 2, 2.433, 17]}, {"Target": "Parameter", "Id": "ParamArmL4", "Segments": [0, 0, 0, 0.567, 3, 0, 1.067, 0, 2, 2.433, 0]}, {"Target": "Parameter", "Id": "ParamArmL5", "Segments": [0, 0, 0, 0.567, 2, 0, 1.067, 0, 2, 2.433, 0]}, {"Target": "Parameter", "Id": "ParamArmL8", "Segments": [0, 0, 0, 0.5, 21, 0, 1.117, -6, 0, 1.633, 3, 2, 2.433, 3]}, {"Target": "Parameter", "Id": "ParamFingerL", "Segments": [0, 0, 0, 0.617, -5, 0, 1.217, 7, 0, 1.75, 0, 2, 2.433, 0]}, {"Target": "Parameter", "Id": "ParamPositionY", "Segments": [0, 0, 0, 2.433, 0]}, {"Target": "Parameter", "Id": "ParamRotationZ", "Segments": [0, 0, 0, 2.433, 0]}, {"Target": "Parameter", "Id": "ParamEyeballX", "Segments": [0, 0, 0, 2.433, 0]}, {"Target": "Parameter", "Id": "ParamBodyAngleX", "Segments": [0, 0, 0, 2.433, 0]}, {"Target": "Parameter", "Id": "ParamBodyAngleY", "Segments": [0, 0, 0, 2.433, 0]}, {"Target": "Parameter", "Id": "ParamUpperBody", "Segments": [0, 0, 0, 2.433, 0]}, {"Target": "Parameter", "Id": "ParamBreath", "Segments": [0, 0, 0, 2.433, 0]}, {"Target": "Parameter", "Id": "ParamArmR4", "Segments": [0, 0, 0, 2.433, 0]}, {"Target": "Parameter", "Id": "ParamArmR6", "Segments": [0, 1, 0, 2.433, 1]}, {"Target": "Parameter", "Id": "ParamArmR7", "Segments": [0, 5, 0, 2.433, 5]}, {"Target": "Parameter", "Id": "ParamArmR9", "Segments": [0, 0, 0, 2.433, 0]}, {"Target": "Parameter", "Id": "ParamHandRA", "Segments": [0, 0, 0, 2.433, 0]}, {"Target": "Parameter", "Id": "ParamHandRB", "Segments": [0, 0, 0, 2.433, 0]}, {"Target": "Parameter", "Id": "ParamHandRC", "Segments": [0, 0, 0, 2.433, 0]}, {"Target": "Parameter", "Id": "ParamHandRD", "Segments": [0, 0, 0, 2.433, 0]}, {"Target": "Parameter", "Id": "ParamHandRE", "Segments": [0, 0, 0, 2.433, 0]}, {"Target": "Parameter", "Id": "ParamHandRF", "Segments": [0, 0, 0, 2.433, 0]}, {"Target": "Parameter", "Id": "ParamHandRG", "Segments": [0, 1, 0, 2.433, 1]}, {"Target": "Parameter", "Id": "ParamHandRH", "Segments": [0, 0, 0, 2.433, 0]}, {"Target": "Parameter", "Id": "ParamHandRI", "Segments": [0, 0, 0, 2.433, 0]}, {"Target": "Parameter", "Id": "ParamHandRJ", "Segments": [0, 0, 0, 2.433, 0]}, {"Target": "Parameter", "Id": "ParamHandRK", "Segments": [0, 0, 0, 2.433, 0]}, {"Target": "Parameter", "Id": "ParamArmL6", "Segments": [0, 1, 0, 2.433, 1]}, {"Target": "Parameter", "Id": "ParamArmL7", "Segments": [0, 5, 0, 2.433, 5]}, {"Target": "Parameter", "Id": "ParamArmL9", "Segments": [0, -0.2, 0, 2.433, -0.2]}, {"Target": "Parameter", "Id": "ParamHandLA", "Segments": [0, 0, 0, 2.433, 0]}, {"Target": "Parameter", "Id": "ParamHandLB", "Segments": [0, 0, 0, 2.433, 0]}, {"Target": "Parameter", "Id": "ParamHandLC", "Segments": [0, 0, 0, 2.433, 0]}, {"Target": "Parameter", "Id": "ParamHandLD", "Segments": [0, 0, 0, 2.433, 0]}, {"Target": "Parameter", "Id": "ParamHandLE", "Segments": [0, 0, 0, 2.433, 0]}, {"Target": "Parameter", "Id": "ParamHandLF", "Segments": [0, 0, 0, 2.433, 0]}, {"Target": "Parameter", "Id": "ParamHandLG", "Segments": [0, 1, 0, 2.433, 1]}, {"Target": "Parameter", "Id": "ParamHandLH", "Segments": [0, 0, 0, 2.433, 0]}, {"Target": "Parameter", "Id": "ParamHandLI", "Segments": [0, 0, 0, 2.433, 0]}, {"Target": "Parameter", "Id": "ParamHandLJ", "Segments": [0, 0, 0, 2.433, 0]}, {"Target": "Parameter", "Id": "ParamHandLK", "Segments": [0, 0, 0, 2.433, 0]}], "UserData": [{"Time": 0.4, "Value": "eyeblink,0.20,0.00,0.20"}]}