{"Version": 3, "Meta": {"Duration": 2.167, "Fps": 60.0, "Loop": true, "AreBeziersRestricted": true, "CurveCount": 61, "UserDataCount": 1, "TotalSegmentCount": 181, "TotalPointCount": 183, "TotalUserDataSize": 23}, "Curves": [{"Target": "Parameter", "Id": "ParamPositionY", "Segments": [0, 0, 0, 0.333, 1, 0, 0.867, 0, 2, 2.167, 0]}, {"Target": "Parameter", "Id": "ParamAngleX", "Segments": [0, 0, 0, 0.433, -4, 2, 2.167, -4]}, {"Target": "Parameter", "Id": "ParamAngleY", "Segments": [0, 0, 0, 0.3, 8, 0, 0.633, -15, 2, 2.167, -15]}, {"Target": "Parameter", "Id": "ParamAngleZ", "Segments": [0, 7, 0, 0.433, 1, 0, 0.9, 3, 2, 2.167, 3]}, {"Target": "Parameter", "Id": "ParamEyeROpen", "Segments": [0, 1, 0, 0.1, 1, 0, 0.3, 0, 2, 0.433, 0, 0, 0.633, 1, 2, 2.167, 1]}, {"Target": "Parameter", "Id": "ParamEyeLOpen", "Segments": [0, 1, 0, 0.1, 1, 0, 0.3, 0, 2, 0.433, 0, 0, 0.633, 1, 2, 2.167, 1]}, {"Target": "Parameter", "Id": "ParamEyeballX", "Segments": [0, 0, 0, 0.267, -0.3, 0, 0.7, 0, 2, 2.167, 0]}, {"Target": "Parameter", "Id": "ParamBodyAngleX", "Segments": [0, 0, 0, 0.333, 4, 0, 0.667, -3, 0, 1.067, -2, 2, 2.167, -2]}, {"Target": "Parameter", "Id": "ParamBodyAngleY", "Segments": [0, 0, 0, 0.433, 4, 0, 0.7, 0, 0, 1.133, 2, 2, 2.167, 2]}, {"Target": "Parameter", "Id": "ParamBodyAngleZ", "Segments": [0, 2, 0, 0.533, 1, 0, 1.033, 2, 2, 2.167, 2]}, {"Target": "Parameter", "Id": "ParamUpperBodyZ", "Segments": [0, -3, 0, 0.533, -2, 0, 1.033, -3, 2, 2.167, -3]}, {"Target": "Parameter", "Id": "ParamUpperBody", "Segments": [0, 0, 0, 0.3, 0, 0, 0.7, -4, 2, 2.167, -4]}, {"Target": "Parameter", "Id": "ParamBreath", "Segments": [0, 0, 0, 0.467, 1, 0, 0.8, 0, 2, 2.167, 0]}, {"Target": "Parameter", "Id": "ParamLegLZ", "Segments": [0, 0, 0, 0.633, 1, 2, 2.167, 1]}, {"Target": "Parameter", "Id": "ParamLegRZ", "Segments": [0, 0, 0, 0.633, 1, 2, 2.167, 1]}, {"Target": "Parameter", "Id": "ParamShoulderR", "Segments": [0, 1, 0, 0.333, 7, 0, 0.7, 0, 2, 2.167, 0]}, {"Target": "Parameter", "Id": "ParamArmR1", "Segments": [0, -42, 0, 0.333, -33, 0, 0.7, -38, 2, 2.167, -38]}, {"Target": "Parameter", "Id": "ParamArmR2", "Segments": [0, -2, 0, 0.433, -4, 0, 0.8, -2, 2, 2.167, -2]}, {"Target": "Parameter", "Id": "ParamArmR3", "Segments": [0, -13, 0, 0.433, -33, 0, 0.733, -19, 2, 2.167, -19]}, {"Target": "Parameter", "Id": "ParamArmR5", "Segments": [0, 0, 0, 0.667, 4, 2, 2.167, 4]}, {"Target": "Parameter", "Id": "ParamArmR8", "Segments": [0, -10, 0, 0.417, -32, 0, 1.167, -17, 2, 2.167, -17]}, {"Target": "Parameter", "Id": "ParamFingerR", "Segments": [0, 0, 0, 0.433, 6, 0, 0.983, -2, 0, 1.483, 0, 2, 2.167, 0]}, {"Target": "Parameter", "Id": "ParamShoulderL", "Segments": [0, 0, 0, 0.367, 7, 0, 0.7, 0, 2, 2.167, 0]}, {"Target": "Parameter", "Id": "ParamArmL1", "Segments": [0, -48, 0, 0.367, -38, 0, 0.7, -43, 2, 2.167, -43]}, {"Target": "Parameter", "Id": "ParamArmL2", "Segments": [0, -3, 0, 0.467, -5, 0, 0.8, -2, 2, 2.167, -2]}, {"Target": "Parameter", "Id": "ParamArmL3", "Segments": [0, -11, 0, 0.667, -31, 2, 2.167, -31]}, {"Target": "Parameter", "Id": "ParamArmL8", "Segments": [0, -11, 0, 0.417, -27, 1, 0.667, -30.783, 0.917, -31.0, 1.167, -31, 2, 2.167, -31]}, {"Target": "Parameter", "Id": "ParamFingerL", "Segments": [0, 0, 0, 0.433, 7, 0, 0.983, -2, 0, 1.483, 0, 2, 2.167, 0]}, {"Target": "Parameter", "Id": "ParamPositionX", "Segments": [0, 0, 0, 2.167, 0]}, {"Target": "Parameter", "Id": "ParamRotationZ", "Segments": [0, 0, 0, 2.167, 0]}, {"Target": "Parameter", "Id": "ParamArmR4", "Segments": [0, 0, 0, 2.167, 0]}, {"Target": "Parameter", "Id": "ParamArmR6", "Segments": [0, 0, 0, 2.167, 0]}, {"Target": "Parameter", "Id": "ParamArmR7", "Segments": [0, 8, 0, 2.167, 8]}, {"Target": "Parameter", "Id": "ParamArmR9", "Segments": [0, -0.8, 0, 2.167, -0.8]}, {"Target": "Parameter", "Id": "ParamHandRA", "Segments": [0, 1, 0, 2.167, 1]}, {"Target": "Parameter", "Id": "ParamHandRB", "Segments": [0, 0, 0, 2.167, 0]}, {"Target": "Parameter", "Id": "ParamHandRC", "Segments": [0, 0, 0, 2.167, 0]}, {"Target": "Parameter", "Id": "ParamHandRD", "Segments": [0, 0, 0, 2.167, 0]}, {"Target": "Parameter", "Id": "ParamHandRE", "Segments": [0, 0, 0, 2.167, 0]}, {"Target": "Parameter", "Id": "ParamHandRF", "Segments": [0, 0, 0, 2.167, 0]}, {"Target": "Parameter", "Id": "ParamHandRG", "Segments": [0, 0, 0, 2.167, 0]}, {"Target": "Parameter", "Id": "ParamHandRH", "Segments": [0, 0, 0, 2.167, 0]}, {"Target": "Parameter", "Id": "ParamHandRI", "Segments": [0, 0, 0, 2.167, 0]}, {"Target": "Parameter", "Id": "ParamHandRJ", "Segments": [0, 0, 0, 2.167, 0]}, {"Target": "Parameter", "Id": "ParamHandRK", "Segments": [0, 0, 0, 2.167, 0]}, {"Target": "Parameter", "Id": "ParamArmL4", "Segments": [0, 0, 0, 2.167, 0]}, {"Target": "Parameter", "Id": "ParamArmL5", "Segments": [0, 3, 0, 2.167, 3]}, {"Target": "Parameter", "Id": "ParamArmL6", "Segments": [0, 0, 0, 2.167, 0]}, {"Target": "Parameter", "Id": "ParamArmL7", "Segments": [0, 0, 0, 2.167, 0]}, {"Target": "Parameter", "Id": "ParamArmL9", "Segments": [0, -0.8, 0, 2.167, -0.8]}, {"Target": "Parameter", "Id": "ParamHandLA", "Segments": [0, 1, 0, 2.167, 1]}, {"Target": "Parameter", "Id": "ParamHandLB", "Segments": [0, 0, 0, 2.167, 0]}, {"Target": "Parameter", "Id": "ParamHandLC", "Segments": [0, 0, 0, 2.167, 0]}, {"Target": "Parameter", "Id": "ParamHandLD", "Segments": [0, 0, 0, 2.167, 0]}, {"Target": "Parameter", "Id": "ParamHandLE", "Segments": [0, 0, 0, 2.167, 0]}, {"Target": "Parameter", "Id": "ParamHandLF", "Segments": [0, 0, 0, 2.167, 0]}, {"Target": "Parameter", "Id": "ParamHandLG", "Segments": [0, 0, 0, 2.167, 0]}, {"Target": "Parameter", "Id": "ParamHandLH", "Segments": [0, 0, 0, 2.167, 0]}, {"Target": "Parameter", "Id": "ParamHandLI", "Segments": [0, 0, 0, 2.167, 0]}, {"Target": "Parameter", "Id": "ParamHandLJ", "Segments": [0, 0, 0, 2.167, 0]}, {"Target": "Parameter", "Id": "ParamHandLK", "Segments": [0, 0, 0, 2.167, 0]}], "UserData": [{"Time": 0.1, "Value": "eyeblink,0.20,0.13,0.20"}]}