{
  "Version": 3,
  "Meta": {
    "Duration": 6.1,
    "Fps": 30.0,
    "Loop": true,
    "AreBeziersRestricted": true,
    "CurveCount": 99,
    "TotalSegmentCount": 696,
    "TotalPointCount": 1502,
    "UserDataCount": 1,
    "TotalUserDataSize": 0
  },
  "Curves": [
    {
      "Target": "Parameter",
      "Id": "ParamAngleX",
      "Segments": [
        0,
        0,
        0,
        2.467,
        6,
        0,
        2.8,
        -30,
        1,
        3.011,
        -30,
        3.222,
        -26.412,
        3.433,
        -15,
        1,
        3.578,
        -7.192,
        3.722,
        0,
        3.867,
        0,
        0,
        4.233,
        -16,
        0,
        4.633,
        -8,
        0,
        5.167,
        -30,
        0,
        6.1,
        0
      ]
    },
    {
      "Target": "Parameter",
      "Id": "ParamAngleY",
      "Segments": [
        0,
        0,
        0,
        2.467,
        5,
        1,
        2.578,
        5,
        2.689,
        5.485,
        2.8,
        0,
        1,
        3.011,
        -10.422,
        3.222,
        -26,
        3.433,
        -26,
        0,
        3.867,
        0,
        1,
        3.989,
        0,
        4.111,
        0.127,
        4.233,
        -4,
        1,
        4.366,
        -8.502,
        4.5,
        -21,
        4.633,
        -21,
        0,
        5.167,
        5,
        0,
        6.1,
        0
      ]
    },
    {
      "Target": "Parameter",
      "Id": "ParamAngleZ",
      "Segments": [
        0,
        0,
        0,
        3,
        -16,
        0,
        3.5,
        21,
        1,
        3.878,
        21,
        4.255,
        20.949,
        4.633,
        16,
        1,
        4.878,
        12.798,
        5.122,
        -21,
        5.367,
        -21,
        0,
        6.1,
        0
      ]
    },
    {
      "Target": "Parameter",
      "Id": "ParamEyeLOpen",
      "Segments": [
        0,
        1,
        2,
        3.867,
        1,
        1,
        3.989,
        1.001,
        4.111,
        1.199,
        4.233,
        1.2,
        1,
        4.322,
        1.2,
        4.411,
        1.193,
        4.5,
        1.117,
        1,
        4.522,
        1.098,
        4.545,
        1.075,
        4.567,
        1.047,
        1,
        4.589,
        1.006,
        4.611,
        1.022,
        4.633,
        0.864,
        1,
        4.678,
        0.595,
        4.722,
        -0.007,
        4.767,
        0,
        1,
        4.8,
        0.016,
        4.834,
        0.984,
        4.867,
        1,
        2,
        5.233,
        1,
        1,
        5.366,
        0.999,
        5.5,
        0.701,
        5.633,
        0.7,
        1,
        5.789,
        0.701,
        5.944,
        0.999,
        6.1,
        1
      ]
    },
    {
      "Target": "Parameter",
      "Id": "ParamEyeROpen",
      "Segments": [
        0,
        1,
        2,
        3.867,
        1,
        1,
        3.989,
        1.001,
        4.111,
        1.199,
        4.233,
        1.2,
        1,
        4.322,
        1.2,
        4.411,
        1.193,
        4.5,
        1.117,
        1,
        4.522,
        1.098,
        4.545,
        1.075,
        4.567,
        1.047,
        1,
        4.589,
        1.006,
        4.611,
        1.022,
        4.633,
        0.864,
        1,
        4.678,
        0.595,
        4.722,
        -0.007,
        4.767,
        0,
        1,
        4.8,
        0.016,
        4.834,
        0.984,
        4.867,
        1,
        2,
        5.233,
        1,
        1,
        5.366,
        0.999,
        5.5,
        0.801,
        5.633,
        0.8,
        1,
        5.789,
        0.801,
        5.944,
        0.999,
        6.1,
        1
      ]
    },
    {
      "Target": "Parameter",
      "Id": "ParamEyeBallX",
      "Segments": [
        0,
        0,
        1,
        0.933,
        0,
        1.867,
        -0.161,
        2.8,
        -0.5,
        1,
        2.967,
        -0.561,
        3.133,
        -0.6,
        3.3,
        -0.6,
        1,
        4.011,
        -0.6,
        4.722,
        -0.586,
        5.433,
        -0.5,
        1,
        5.655,
        -0.473,
        5.878,
        0,
        6.1,
        0
      ]
    },
    {
      "Target": "Parameter",
      "Id": "ParamEyeBallY",
      "Segments": [
        0,
        0,
        0,
        2.8,
        -0.1,
        0,
        3.3,
        0.1,
        0,
        5.433,
        -0.2,
        0,
        6.1,
        0
      ]
    },
    {
      "Target": "Parameter",
      "Id": "ParamHighlightsize",
      "Segments": [
        0,
        0,
        2,
        3.333,
        0,
        0,
        3.533,
        1,
        0,
        3.633,
        0,
        0,
        3.767,
        1,
        0,
        3.9,
        0,
        0,
        4.033,
        1,
        0,
        4.2,
        0,
        2,
        6.1,
        0
      ]
    },
    {
      "Target": "Parameter",
      "Id": "ParamMouthOpenY",
      "Segments": [
        0,
        1,
        2,
        0.1,
        1,
        1,
        0.133,
        0.861,
        0.167,
        0.453,
        0.2,
        0.478,
        1,
        0.211,
        0.473,
        0.222,
        0.579,
        0.233,
        0.714,
        1,
        0.244,
        0.837,
        0.256,
        1.105,
        0.267,
        1,
        2,
        0.4,
        1,
        1,
        0.411,
        1.014,
        0.422,
        1.005,
        0.433,
        0.806,
        1,
        0.444,
        0.681,
        0.456,
        0.583,
        0.467,
        0.588,
        1,
        0.478,
        0.56,
        0.489,
        0.875,
        0.5,
        1,
        2,
        0.7,
        1,
        2,
        0.733,
        0.961,
        1,
        0.755,
        0.645,
        0.778,
        0.352,
        0.8,
        0.345,
        1,
        0.844,
        0.341,
        0.889,
        0.659,
        0.933,
        0.965,
        3,
        0.967,
        1,
        2,
        1.367,
        1,
        1,
        1.378,
        1.038,
        1.389,
        0.951,
        1.4,
        0.835,
        1,
        1.411,
        0.738,
        1.422,
        0.619,
        1.433,
        0.529,
        1,
        1.466,
        0.235,
        1.5,
        0,
        1.533,
        0,
        2,
        1.733,
        0,
        1,
        1.766,
        -0.048,
        1.8,
        0.884,
        1.833,
        1,
        2,
        2,
        1,
        1,
        2.022,
        1.029,
        2.045,
        0.925,
        2.067,
        0.941,
        1,
        2.078,
        0.94,
        2.089,
        0.957,
        2.1,
        0.979,
        3,
        2.133,
        1,
        2,
        2.2,
        1,
        1,
        2.211,
        1.008,
        2.222,
        1.035,
        2.233,
        0.694,
        1,
        2.244,
        0.462,
        2.256,
        0.192,
        2.267,
        0.204,
        1,
        2.311,
        0.183,
        2.356,
        1.086,
        2.4,
        1,
        1,
        2.422,
        1.073,
        2.445,
        0.643,
        2.467,
        0.651,
        1,
        2.5,
        0.639,
        2.534,
        0.936,
        2.567,
        1,
        2,
        2.767,
        1,
        2,
        2.8,
        0.961,
        1,
        2.844,
        0.577,
        2.889,
        0,
        2.933,
        0,
        1,
        2.978,
        -0.008,
        3.022,
        1.004,
        3.067,
        0.996,
        1,
        3.111,
        1,
        3.156,
        0.553,
        3.2,
        0.557,
        1,
        3.222,
        0.558,
        3.245,
        0.619,
        3.267,
        0.62,
        1,
        3.334,
        0.622,
        3.4,
        0.264,
        3.467,
        0.267,
        1,
        3.478,
        0.252,
        3.489,
        0.606,
        3.5,
        0.91,
        3,
        3.533,
        1,
        2,
        3.567,
        1,
        2,
        3.6,
        0.902,
        1,
        3.622,
        0.568,
        3.645,
        0.259,
        3.667,
        0.251,
        1,
        3.689,
        0.258,
        3.711,
        0.699,
        3.733,
        0.706,
        1,
        3.755,
        0.698,
        3.778,
        0.212,
        3.8,
        0.204,
        1,
        3.822,
        0.203,
        3.845,
        0.306,
        3.867,
        0.434,
        1,
        3.9,
        0.623,
        3.934,
        0.938,
        3.967,
        1,
        2,
        4,
        1,
        2,
        4.033,
        0.926,
        1,
        4.066,
        0.618,
        4.1,
        0,
        4.133,
        0,
        1,
        4.144,
        -0.023,
        4.156,
        0.509,
        4.167,
        0.965,
        3,
        4.2,
        1,
        2,
        4.3,
        1,
        1,
        4.333,
        0.569,
        4.367,
        0.114,
        4.4,
        0.11,
        1,
        4.422,
        0.109,
        4.445,
        0.273,
        4.467,
        0.479,
        1,
        4.478,
        0.586,
        4.489,
        0.713,
        4.5,
        0.827,
        1,
        4.511,
        0.978,
        4.522,
        1.025,
        4.533,
        1,
        2,
        4.6,
        1,
        2,
        4.633,
        0.871,
        1,
        4.644,
        0.552,
        4.656,
        0.18,
        4.667,
        0.196,
        1,
        4.711,
        0.192,
        4.756,
        0.584,
        4.8,
        0.961,
        3,
        4.833,
        1,
        2,
        5,
        1,
        2,
        5.033,
        0.863,
        1,
        5.066,
        0.42,
        5.1,
        0.01,
        5.133,
        0,
        2,
        6.1,
        0
      ]
    },
    {
      "Target": "Parameter",
      "Id": "ParamBodyAngleZ",
      "Segments": [
        0,
        0,
        2,
        4.367,
        0,
        0,
        4.867,
        -2,
        0,
        5.433,
        1,
        0,
        6.1,
        0
      ]
    },
    {
      "Target": "Parameter",
      "Id": "ParamIDW",
      "Segments": [
        0,
        1,
        2,
        1.467,
        1,
        0,
        1.633,
        0,
        2,
        2.4,
        0,
        0,
        2.533,
        1,
        2,
        6.1,
        1
      ]
    },
    {
      "Target": "Parameter",
      "Id": "ParamWindowlayer",
      "Segments": [
        0,
        1,
        2,
        1.167,
        1,
        2,
        2.533,
        1,
        2,
        2.767,
        1,
        0,
        2.8,
        0,
        2,
        6.1,
        0
      ]
    },
    {
      "Target": "Parameter",
      "Id": "ParamPx",
      "Segments": [
        0,
        -25,
        0,
        0.867,
        -26,
        1,
        0.911,
        -26,
        0.956,
        -14.981,
        1,
        -12,
        1,
        1.1,
        -5.294,
        1.2,
        -3.657,
        1.3,
        4,
        1,
        1.456,
        15.911,
        1.611,
        30,
        1.767,
        30,
        0,
        2.4,
        -26,
        1,
        2.522,
        -26,
        2.645,
        -23.09,
        2.767,
        -18,
        1,
        2.9,
        -12.447,
        3.034,
        -10,
        3.167,
        -10,
        2,
        6.1,
        -10
      ]
    },
    {
      "Target": "Parameter",
      "Id": "ParamPy",
      "Segments": [
        0,
        -21,
        2,
        0.767,
        -21,
        1,
        0.845,
        -21,
        0.922,
        -14.652,
        1,
        -9,
        1,
        1.1,
        -1.734,
        1.2,
        0,
        1.3,
        0,
        0,
        1.767,
        -30,
        1,
        1.978,
        -30,
        2.189,
        -28.519,
        2.4,
        -21,
        1,
        2.522,
        -16.647,
        2.645,
        -8,
        2.767,
        -8,
        0,
        3.167,
        -15,
        2,
        6.1,
        -15
      ]
    },
    {
      "Target": "Parameter",
      "Id": "ParamPz",
      "Segments": [
        0,
        -16,
        1,
        0.433,
        -16,
        0.867,
        -13.967,
        1.3,
        -4,
        1,
        1.456,
        -0.422,
        1.611,
        28,
        1.767,
        28,
        1,
        1.978,
        28,
        2.189,
        -6.948,
        2.4,
        -8,
        1,
        3.633,
        -14.145,
        4.867,
        -16,
        6.1,
        -16
      ]
    },
    {
      "Target": "Parameter",
      "Id": "ParamTail1",
      "Segments": [
        0,
        0,
        1,
        0.333,
        0,
        0.667,
        -0.324,
        1,
        -2,
        1,
        1.1,
        -2.503,
        1.2,
        -10,
        1.3,
        -10,
        2,
        1.5,
        -10,
        1,
        1.622,
        -10,
        1.745,
        -10.265,
        1.867,
        -9,
        1,
        2.034,
        -7.275,
        2.2,
        0,
        2.367,
        0,
        2,
        2.733,
        0,
        0,
        2.933,
        -7,
        1,
        3.011,
        -7,
        3.089,
        -1.766,
        3.167,
        2,
        1,
        3.256,
        6.304,
        3.344,
        7,
        3.433,
        7,
        1,
        3.533,
        7,
        3.633,
        4.586,
        3.733,
        0,
        1,
        3.822,
        -4.077,
        3.911,
        -6,
        4,
        -6,
        1,
        4.122,
        -6,
        4.245,
        -4.976,
        4.367,
        -1,
        1,
        4.478,
        2.614,
        4.589,
        6,
        4.7,
        6,
        1,
        4.811,
        6,
        4.922,
        3.304,
        5.033,
        -1,
        1,
        5.144,
        -5.304,
        5.256,
        -7,
        5.367,
        -7,
        0,
        5.767,
        0,
        2,
        6.1,
        0
      ]
    },
    {
      "Target": "Parameter",
      "Id": "ParamTail2",
      "Segments": [
        0,
        0,
        0,
        1,
        1,
        0,
        1.3,
        -10,
        0,
        1.5,
        -2,
        0,
        1.867,
        -10,
        1,
        2.034,
        -10,
        2.2,
        -6.534,
        2.367,
        0,
        1,
        2.489,
        4.792,
        2.611,
        7,
        2.733,
        7,
        1,
        2.8,
        7,
        2.866,
        3.508,
        2.933,
        -1,
        1,
        3.011,
        -6.259,
        3.089,
        -8,
        3.167,
        -8,
        1,
        3.256,
        -8,
        3.344,
        -6.801,
        3.433,
        -2,
        1,
        3.533,
        3.402,
        3.633,
        8,
        3.733,
        8,
        1,
        3.822,
        8,
        3.911,
        2.651,
        4,
        -1,
        1,
        4.122,
        -6.021,
        4.245,
        -7,
        4.367,
        -7,
        1,
        4.478,
        -7,
        4.589,
        -5,
        4.7,
        -1,
        1,
        4.811,
        3,
        4.922,
        5,
        5.033,
        5,
        1,
        5.144,
        5,
        5.256,
        2.212,
        5.367,
        -1,
        1,
        5.5,
        -4.855,
        5.634,
        -6,
        5.767,
        -6,
        0,
        6.1,
        0
      ]
    },
    {
      "Target": "Parameter",
      "Id": "ParamLight0",
      "Segments": [
        0,
        0,
        2,
        3.867,
        0,
        0,
        4.1,
        1,
        2,
        4.4,
        1,
        0,
        4.7,
        0,
        2,
        6.1,
        0
      ]
    },
    {
      "Target": "Parameter",
      "Id": "ParamLarm",
      "Segments": [
        0,
        -15,
        2,
        0.7,
        -15,
        0,
        1.1,
        24,
        0,
        1.233,
        -6,
        0,
        1.367,
        26,
        0,
        1.567,
        0,
        0,
        1.867,
        15,
        0,
        2.2,
        14,
        2,
        2.5,
        14,
        0,
        3,
        -15,
        0,
        3.8,
        -12,
        0,
        4.933,
        -18,
        0,
        6.1,
        -15
      ]
    },
    {
      "Target": "Parameter",
      "Id": "ParamLforearm",
      "Segments": [
        0,
        15,
        0,
        2.967,
        30,
        0,
        3.667,
        14,
        1,
        3.889,
        14,
        4.111,
        13.872,
        4.333,
        16,
        1,
        4.511,
        17.702,
        4.689,
        30,
        4.867,
        30,
        0,
        5.4,
        11,
        0,
        6.1,
        15
      ]
    },
    {
      "Target": "Parameter",
      "Id": "ParamLforearmchange",
      "Segments": [
        0,
        0,
        2,
        2.167,
        0,
        2,
        2.733,
        0,
        0,
        3.167,
        10,
        2,
        6.1,
        10
      ]
    },
    {
      "Target": "Parameter",
      "Id": "ParamLhand",
      "Segments": [
        0,
        0,
        0,
        3.767,
        2,
        0,
        4.433,
        -7,
        0,
        4.933,
        6,
        0,
        5.533,
        -8,
        0,
        6.1,
        0
      ]
    },
    {
      "Target": "Parameter",
      "Id": "ParamRarm",
      "Segments": [
        0,
        0,
        1,
        0.344,
        0,
        0.689,
        2.396,
        1.033,
        10,
        1,
        1.1,
        11.472,
        1.166,
        30,
        1.233,
        30,
        0,
        1.367,
        1,
        0,
        1.533,
        19,
        0,
        1.867,
        0,
        0,
        2.1,
        30,
        1,
        2.411,
        30,
        2.722,
        22.116,
        3.033,
        -2,
        1,
        3.178,
        -13.197,
        3.322,
        -26,
        3.467,
        -26,
        0,
        3.9,
        -12,
        0,
        4.467,
        -30,
        0,
        6.1,
        0
      ]
    },
    {
      "Target": "Parameter",
      "Id": "ParamRforearm",
      "Segments": [
        0,
        -15,
        0,
        2.1,
        -30,
        0,
        3.033,
        -19,
        0,
        3.233,
        -30,
        2,
        4.467,
        -30,
        0,
        5.267,
        4,
        0,
        6.1,
        -15
      ]
    },
    {
      "Target": "Parameter",
      "Id": "ParamRforearmx",
      "Segments": [
        0,
        0,
        0,
        1.133,
        30,
        0,
        6.1,
        0
      ]
    },
    {
      "Target": "Parameter",
      "Id": "ParamRhand",
      "Segments": [
        0,
        0,
        1,
        0.8,
        0,
        1.6,
        -3.242,
        2.4,
        -13,
        1,
        2.533,
        -14.626,
        2.667,
        -30,
        2.8,
        -30,
        1,
        2.944,
        -30,
        3.089,
        -30.228,
        3.233,
        -28,
        1,
        3.378,
        -25.772,
        3.522,
        -13,
        3.667,
        -13,
        0,
        4.1,
        -29,
        0,
        4.567,
        -14,
        0,
        5.267,
        -30,
        0,
        6.1,
        0
      ]
    },
    {
      "Target": "Parameter",
      "Id": "ParamRhandchange",
      "Segments": [
        0,
        0,
        2,
        2.1,
        0,
        2,
        2.333,
        0,
        0,
        2.433,
        10,
        2,
        6.1,
        10
      ]
    },
    {
      "Target": "Parameter",
      "Id": "ParamLleg",
      "Segments": [
        0,
        0,
        2,
        0.967,
        0,
        0,
        1.267,
        -3,
        0,
        1.5,
        9,
        0,
        1.767,
        -6,
        0,
        6.1,
        0
      ]
    },
    {
      "Target": "Parameter",
      "Id": "ParamLforeleg",
      "Segments": [
        0,
        0,
        2,
        0.967,
        0,
        0,
        1.267,
        -30,
        1,
        1.345,
        -30,
        1.422,
        -12.301,
        1.5,
        -2,
        1,
        1.589,
        9.772,
        1.678,
        11,
        1.767,
        11,
        0,
        6.1,
        0
      ]
    },
    {
      "Target": "Parameter",
      "Id": "ParamRleg",
      "Segments": [
        0,
        0,
        2,
        0.967,
        0,
        1,
        1.022,
        0,
        1.078,
        -10.035,
        1.133,
        -14,
        1,
        1.189,
        -17.965,
        1.244,
        -18,
        1.3,
        -18,
        1,
        1.356,
        -18,
        1.411,
        -7.718,
        1.467,
        10,
        1,
        1.511,
        24.175,
        1.556,
        30,
        1.6,
        30,
        0,
        6.1,
        0
      ]
    },
    {
      "Target": "Parameter",
      "Id": "ParamRforeleg",
      "Segments": [
        0,
        0,
        2,
        0.967,
        0,
        0,
        1.133,
        -30,
        1,
        1.189,
        -30,
        1.244,
        -26.228,
        1.3,
        -16,
        1,
        1.356,
        -5.772,
        1.411,
        1,
        1.467,
        1,
        0,
        1.6,
        -10,
        0,
        6.1,
        0
      ]
    },
    {
      "Target": "Parameter",
      "Id": "ParamHairFront",
      "Segments": [
        0,
        0,
        2,
        0.167,
        0,
        0,
        0.333,
        -18,
        1,
        0.4,
        -18,
        0.466,
        -10.16,
        0.533,
        4,
        1,
        0.589,
        15.8,
        0.644,
        21,
        0.7,
        21,
        1,
        0.767,
        21,
        0.833,
        18.274,
        0.9,
        3,
        1,
        0.967,
        -12.274,
        1.033,
        -29,
        1.1,
        -29,
        1,
        1.144,
        -29,
        1.189,
        -22.634,
        1.233,
        -1,
        1,
        1.266,
        15.225,
        1.3,
        30,
        1.333,
        30,
        1,
        1.366,
        30,
        1.4,
        16.863,
        1.433,
        1,
        1,
        1.478,
        -20.15,
        1.522,
        -27,
        1.567,
        -27,
        1,
        1.611,
        -27,
        1.656,
        -1.15,
        1.7,
        -1,
        1,
        1.933,
        -0.215,
        2.167,
        0,
        2.4,
        0,
        2,
        2.6,
        0,
        0,
        2.733,
        -27,
        1,
        2.8,
        -27,
        2.866,
        -21.76,
        2.933,
        -2,
        1,
        2.989,
        14.467,
        3.044,
        30,
        3.1,
        30,
        1,
        3.156,
        30,
        3.211,
        15.35,
        3.267,
        -2,
        1,
        3.322,
        -19.35,
        3.378,
        -24,
        3.433,
        -24,
        1,
        3.5,
        -24,
        3.566,
        -17.013,
        3.633,
        4,
        1,
        3.678,
        18.008,
        3.722,
        30,
        3.767,
        30,
        1,
        3.822,
        30,
        3.878,
        13.811,
        3.933,
        -1,
        1,
        4.011,
        -21.736,
        4.089,
        -27,
        4.167,
        -27,
        1,
        4.256,
        -27,
        4.344,
        -19.356,
        4.433,
        2,
        1,
        4.5,
        18.017,
        4.566,
        30,
        4.633,
        30,
        1,
        4.689,
        30,
        4.744,
        20.647,
        4.8,
        4,
        1,
        4.878,
        -19.305,
        4.955,
        -30,
        5.033,
        -30,
        1,
        5.1,
        -30,
        5.166,
        -15.208,
        5.233,
        1,
        1,
        5.322,
        22.61,
        5.411,
        29,
        5.5,
        29,
        1,
        5.578,
        29,
        5.655,
        18.63,
        5.733,
        0,
        1,
        5.789,
        -13.307,
        5.844,
        -19,
        5.9,
        -19,
        0,
        6.1,
        0
      ]
    },
    {
      "Target": "Parameter",
      "Id": "ParamFore2",
      "Segments": [
        0,
        0,
        0,
        0.167,
        20,
        1,
        0.222,
        20,
        0.278,
        13.63,
        0.333,
        0,
        1,
        0.4,
        -16.356,
        0.466,
        -25,
        0.533,
        -25,
        1,
        0.589,
        -25,
        0.644,
        -10.461,
        0.7,
        2,
        1,
        0.767,
        16.954,
        0.833,
        20,
        0.9,
        20,
        1,
        0.967,
        20,
        1.033,
        16.024,
        1.1,
        -2,
        1,
        1.144,
        -14.016,
        1.189,
        -30,
        1.233,
        -30,
        1,
        1.266,
        -30,
        1.3,
        -23.634,
        1.333,
        -4,
        1,
        1.366,
        15.634,
        1.4,
        30,
        1.433,
        30,
        1,
        1.478,
        30,
        1.522,
        15.63,
        1.567,
        -4,
        1,
        1.611,
        -23.63,
        1.656,
        -30,
        1.7,
        -30,
        1,
        1.933,
        -30,
        2.167,
        -23.336,
        2.4,
        0,
        1,
        2.467,
        6.667,
        2.533,
        29,
        2.6,
        29,
        1,
        2.644,
        29,
        2.689,
        12.372,
        2.733,
        -2,
        1,
        2.8,
        -23.558,
        2.866,
        -29,
        2.933,
        -29,
        1,
        2.989,
        -29,
        3.044,
        -21.237,
        3.1,
        -2,
        1,
        3.156,
        17.237,
        3.211,
        29,
        3.267,
        29,
        1,
        3.322,
        29,
        3.378,
        15.507,
        3.433,
        -2,
        1,
        3.5,
        -23.009,
        3.566,
        -30,
        3.633,
        -30,
        1,
        3.678,
        -30,
        3.722,
        -17.966,
        3.767,
        -1,
        1,
        3.822,
        20.208,
        3.878,
        28,
        3.933,
        28,
        1,
        4.011,
        28,
        4.089,
        15.849,
        4.167,
        -2,
        1,
        4.256,
        -22.398,
        4.344,
        -30,
        4.433,
        -30,
        1,
        4.5,
        -30,
        4.566,
        -24.966,
        4.633,
        -5,
        1,
        4.689,
        11.639,
        4.744,
        28,
        4.8,
        28,
        1,
        4.878,
        28,
        4.955,
        16.805,
        5.033,
        -4,
        1,
        5.1,
        -21.833,
        5.166,
        -30,
        5.233,
        -30,
        1,
        5.322,
        -30,
        5.411,
        -25.396,
        5.5,
        -6,
        1,
        5.578,
        10.972,
        5.655,
        28,
        5.733,
        28,
        0,
        5.9,
        -8,
        0,
        6.1,
        0
      ]
    },
    {
      "Target": "Parameter",
      "Id": "ParamHairSide",
      "Segments": [
        0,
        0,
        0,
        0.2,
        1,
        0,
        0.4,
        -16,
        1,
        0.444,
        -16,
        0.489,
        -11.215,
        0.533,
        1,
        1,
        0.6,
        19.323,
        0.666,
        30,
        0.733,
        30,
        1,
        0.8,
        30,
        0.866,
        24.004,
        0.933,
        3,
        1,
        0.989,
        -14.503,
        1.044,
        -30,
        1.1,
        -30,
        1,
        1.156,
        -30,
        1.211,
        -23.478,
        1.267,
        0,
        1,
        1.3,
        14.087,
        1.334,
        30,
        1.367,
        30,
        1,
        1.411,
        30,
        1.456,
        21.577,
        1.5,
        -1,
        1,
        1.533,
        -17.933,
        1.567,
        -30,
        1.6,
        -30,
        1,
        1.656,
        -30,
        1.711,
        -1.205,
        1.767,
        -1,
        1,
        1.989,
        -0.179,
        2.211,
        0,
        2.433,
        0,
        1,
        2.5,
        0,
        2.566,
        0.01,
        2.633,
        -1,
        1,
        2.678,
        -1.674,
        2.722,
        -20,
        2.767,
        -20,
        1,
        2.822,
        -20,
        2.878,
        -11.967,
        2.933,
        1,
        1,
        3,
        16.56,
        3.066,
        23,
        3.133,
        23,
        1,
        3.2,
        23,
        3.266,
        13.805,
        3.333,
        -1,
        1,
        3.389,
        -13.337,
        3.444,
        -18,
        3.5,
        -18,
        1,
        3.556,
        -18,
        3.611,
        -13.416,
        3.667,
        1,
        1,
        3.711,
        12.533,
        3.756,
        22,
        3.8,
        22,
        1,
        3.867,
        22,
        3.933,
        14.845,
        4,
        1,
        1,
        4.078,
        -15.152,
        4.155,
        -23,
        4.233,
        -23,
        1,
        4.311,
        -23,
        4.389,
        -16.974,
        4.467,
        0,
        1,
        4.534,
        14.549,
        4.6,
        25,
        4.667,
        25,
        1,
        4.734,
        25,
        4.8,
        18.268,
        4.867,
        2,
        1,
        4.934,
        -14.268,
        5,
        -24,
        5.067,
        -24,
        1,
        5.145,
        -24,
        5.222,
        -19.949,
        5.3,
        -4,
        1,
        5.378,
        11.949,
        5.455,
        26,
        5.533,
        26,
        1,
        5.611,
        26,
        5.689,
        16.667,
        5.767,
        -2,
        1,
        5.822,
        -15.333,
        5.878,
        -22,
        5.933,
        -22,
        0,
        6.1,
        0
      ]
    },
    {
      "Target": "Parameter",
      "Id": "ParamSide2",
      "Segments": [
        0,
        0,
        0,
        0.2,
        18,
        1,
        0.267,
        18,
        0.333,
        15.625,
        0.4,
        0,
        1,
        0.444,
        -10.417,
        0.489,
        -30,
        0.533,
        -30,
        1,
        0.6,
        -30,
        0.666,
        -18.172,
        0.733,
        0,
        1,
        0.8,
        18.172,
        0.866,
        25,
        0.933,
        25,
        1,
        0.989,
        25,
        1.044,
        13.174,
        1.1,
        -5,
        1,
        1.156,
        -23.174,
        1.211,
        -30,
        1.267,
        -30,
        1,
        1.3,
        -30,
        1.334,
        -12.283,
        1.367,
        2,
        1,
        1.411,
        21.044,
        1.456,
        25,
        1.5,
        25,
        1,
        1.533,
        25,
        1.567,
        11.022,
        1.6,
        -2,
        1,
        1.656,
        -23.703,
        1.711,
        -30,
        1.767,
        -30,
        1,
        1.989,
        -30,
        2.211,
        -23.164,
        2.433,
        0,
        1,
        2.5,
        6.949,
        2.566,
        25,
        2.633,
        25,
        1,
        2.678,
        25,
        2.722,
        14.908,
        2.767,
        -1,
        1,
        2.822,
        -20.885,
        2.878,
        -29,
        2.933,
        -29,
        1,
        3,
        -29,
        3.066,
        -22.172,
        3.133,
        -4,
        1,
        3.2,
        14.172,
        3.266,
        26,
        3.333,
        26,
        1,
        3.389,
        26,
        3.444,
        14.566,
        3.5,
        -4,
        1,
        3.556,
        -22.566,
        3.611,
        -30,
        3.667,
        -30,
        1,
        3.711,
        -30,
        3.756,
        -16.568,
        3.8,
        -4,
        1,
        3.867,
        14.853,
        3.933,
        20,
        4,
        20,
        1,
        4.078,
        20,
        4.155,
        15.208,
        4.233,
        -1,
        1,
        4.311,
        -17.208,
        4.389,
        -30,
        4.467,
        -30,
        1,
        4.534,
        -30,
        4.6,
        -21.993,
        4.667,
        -5,
        1,
        4.734,
        11.993,
        4.8,
        21,
        4.867,
        21,
        1,
        4.934,
        21,
        5,
        4.029,
        5.067,
        -6,
        1,
        5.145,
        -17.701,
        5.222,
        -19,
        5.3,
        -19,
        1,
        5.378,
        -19,
        5.455,
        -17.027,
        5.533,
        -5,
        1,
        5.611,
        7.027,
        5.689,
        21,
        5.767,
        21,
        0,
        5.933,
        -5,
        0,
        6.1,
        0
      ]
    },
    {
      "Target": "Parameter",
      "Id": "ParamHairBack",
      "Segments": [
        0,
        0,
        0,
        0.2,
        1,
        0,
        0.433,
        -22,
        1,
        0.478,
        -22,
        0.522,
        -18.744,
        0.567,
        -4,
        1,
        0.622,
        14.429,
        0.678,
        30,
        0.733,
        30,
        1,
        0.811,
        30,
        0.889,
        24.385,
        0.967,
        2,
        1,
        1.011,
        -10.791,
        1.056,
        -28,
        1.1,
        -28,
        1,
        1.156,
        -28,
        1.211,
        -22.848,
        1.267,
        -1,
        1,
        1.3,
        12.109,
        1.334,
        30,
        1.367,
        30,
        1,
        1.4,
        30,
        1.434,
        16.927,
        1.467,
        2,
        1,
        1.511,
        -17.902,
        1.556,
        -24,
        1.6,
        -24,
        0,
        1.733,
        2,
        1,
        1.966,
        2,
        2.2,
        1.292,
        2.433,
        0,
        1,
        2.5,
        -0.369,
        2.566,
        -0.389,
        2.633,
        -1,
        1,
        2.7,
        -1.611,
        2.766,
        -26,
        2.833,
        -26,
        1,
        2.889,
        -26,
        2.944,
        -15.276,
        3,
        3,
        1,
        3.056,
        21.276,
        3.111,
        29,
        3.167,
        29,
        1,
        3.234,
        29,
        3.3,
        20.332,
        3.367,
        -1,
        1,
        3.422,
        -18.776,
        3.478,
        -30,
        3.533,
        -30,
        1,
        3.6,
        -30,
        3.666,
        -18.977,
        3.733,
        1,
        1,
        3.8,
        20.977,
        3.866,
        30,
        3.933,
        30,
        1,
        4,
        30,
        4.066,
        19.974,
        4.133,
        2,
        1,
        4.2,
        -15.974,
        4.266,
        -24,
        4.333,
        -24,
        1,
        4.4,
        -24,
        4.466,
        -20.157,
        4.533,
        -4,
        1,
        4.6,
        12.157,
        4.666,
        27,
        4.733,
        27,
        1,
        4.8,
        27,
        4.866,
        19.937,
        4.933,
        3,
        1,
        5,
        -13.937,
        5.066,
        -24,
        5.133,
        -24,
        1,
        5.2,
        -24,
        5.266,
        -14.97,
        5.333,
        1,
        1,
        5.4,
        16.97,
        5.466,
        24,
        5.533,
        24,
        1,
        5.6,
        24,
        5.666,
        12.757,
        5.733,
        0,
        1,
        5.8,
        -12.757,
        5.866,
        -16,
        5.933,
        -16,
        0,
        6.1,
        0
      ]
    },
    {
      "Target": "Parameter",
      "Id": "ParamBack2",
      "Segments": [
        0,
        0,
        0,
        0.2,
        26,
        1,
        0.278,
        26,
        0.355,
        18.084,
        0.433,
        -5,
        1,
        0.478,
        -18.191,
        0.522,
        -30,
        0.567,
        -30,
        1,
        0.622,
        -30,
        0.678,
        -18.03,
        0.733,
        -4,
        1,
        0.811,
        15.642,
        0.889,
        22,
        0.967,
        22,
        1,
        1.011,
        22,
        1.056,
        16.297,
        1.1,
        1,
        1,
        1.156,
        -18.122,
        1.211,
        -30,
        1.267,
        -30,
        1,
        1.3,
        -30,
        1.334,
        -23.77,
        1.367,
        -6,
        1,
        1.4,
        11.77,
        1.434,
        24,
        1.467,
        24,
        1,
        1.511,
        24,
        1.556,
        13.608,
        1.6,
        -4,
        1,
        1.644,
        -21.608,
        1.689,
        -29,
        1.733,
        -29,
        1,
        1.966,
        -29,
        2.2,
        -22.44,
        2.433,
        0,
        1,
        2.5,
        6.412,
        2.566,
        26,
        2.633,
        26,
        1,
        2.7,
        26,
        2.766,
        19.809,
        2.833,
        0,
        1,
        2.889,
        -16.508,
        2.944,
        -30,
        3,
        -30,
        1,
        3.056,
        -30,
        3.111,
        -19.517,
        3.167,
        -2,
        1,
        3.234,
        19.02,
        3.3,
        28,
        3.367,
        28,
        1,
        3.422,
        28,
        3.478,
        12.895,
        3.533,
        -4,
        1,
        3.6,
        -24.274,
        3.666,
        -30,
        3.733,
        -30,
        1,
        3.8,
        -30,
        3.866,
        -22.275,
        3.933,
        -4,
        1,
        4,
        14.275,
        4.066,
        25,
        4.133,
        25,
        1,
        4.2,
        25,
        4.266,
        18.172,
        4.333,
        0,
        1,
        4.4,
        -18.172,
        4.466,
        -30,
        4.533,
        -30,
        1,
        4.6,
        -30,
        4.666,
        -17.659,
        4.733,
        -1,
        1,
        4.8,
        15.659,
        4.866,
        21,
        4.933,
        21,
        1,
        5,
        21,
        5.066,
        10.547,
        5.133,
        -2,
        1,
        5.2,
        -14.547,
        5.266,
        -18,
        5.333,
        -18,
        1,
        5.4,
        -18,
        5.466,
        -18.281,
        5.533,
        -10,
        1,
        5.6,
        -1.719,
        5.666,
        24,
        5.733,
        24,
        0,
        5.933,
        -1,
        0,
        6.1,
        0
      ]
    },
    {
      "Target": "Parameter",
      "Id": "ParamBack3",
      "Segments": [
        0,
        0,
        2,
        0.2,
        0,
        0,
        0.4,
        -24,
        1,
        0.456,
        -24,
        0.511,
        -16.971,
        0.567,
        -1,
        1,
        0.622,
        14.971,
        0.678,
        24,
        0.733,
        24,
        1,
        0.8,
        24,
        0.866,
        17.152,
        0.933,
        -1,
        1,
        0.978,
        -13.102,
        1.022,
        -22,
        1.067,
        -22,
        1,
        1.134,
        -22,
        1.2,
        -14.304,
        1.267,
        4,
        1,
        1.311,
        16.203,
        1.356,
        24,
        1.4,
        24,
        1,
        1.433,
        24,
        1.467,
        13.869,
        1.5,
        1,
        1,
        1.544,
        -16.158,
        1.589,
        -22,
        1.633,
        -22,
        0,
        1.767,
        2,
        0,
        2.433,
        0,
        0,
        2.567,
        2,
        0,
        2.767,
        -17,
        1,
        2.834,
        -17,
        2.9,
        -14.03,
        2.967,
        -1,
        1,
        3.011,
        7.687,
        3.056,
        19,
        3.1,
        19,
        1,
        3.167,
        19,
        3.233,
        12.656,
        3.3,
        1,
        1,
        3.367,
        -10.656,
        3.433,
        -16,
        3.5,
        -16,
        1,
        3.578,
        -16,
        3.655,
        -13.772,
        3.733,
        -1,
        1,
        3.8,
        9.948,
        3.866,
        24,
        3.933,
        24,
        1,
        4,
        24,
        4.066,
        11.145,
        4.133,
        -2,
        1,
        4.2,
        -15.145,
        4.266,
        -18,
        4.333,
        -18,
        1,
        4.411,
        -18,
        4.489,
        -13.834,
        4.567,
        -1,
        1,
        4.622,
        8.167,
        4.678,
        16,
        4.733,
        16,
        1,
        4.811,
        16,
        4.889,
        10.818,
        4.967,
        -1,
        1,
        5.034,
        -11.13,
        5.1,
        -17,
        5.167,
        -17,
        1,
        5.222,
        -17,
        5.278,
        -7.088,
        5.333,
        2,
        1,
        5.411,
        14.723,
        5.489,
        18,
        5.567,
        18,
        1,
        5.634,
        18,
        5.7,
        9.524,
        5.767,
        -1,
        1,
        5.822,
        -9.77,
        5.878,
        -12,
        5.933,
        -12,
        0,
        6.1,
        0
      ]
    },
    {
      "Target": "Parameter",
      "Id": "ParamBack4",
      "Segments": [
        0,
        0,
        0,
        0.2,
        25,
        1,
        0.267,
        25,
        0.333,
        18.561,
        0.4,
        -1,
        1,
        0.456,
        -17.301,
        0.511,
        -30,
        0.567,
        -30,
        1,
        0.622,
        -30,
        0.678,
        -14.855,
        0.733,
        1,
        1,
        0.8,
        20.026,
        0.866,
        25,
        0.933,
        25,
        1,
        0.978,
        25,
        1.022,
        8.46,
        1.067,
        -5,
        1,
        1.134,
        -25.19,
        1.2,
        -30,
        1.267,
        -30,
        1,
        1.311,
        -30,
        1.356,
        -25.021,
        1.4,
        -5,
        1,
        1.433,
        10.016,
        1.467,
        26,
        1.5,
        26,
        1,
        1.544,
        26,
        1.589,
        11.173,
        1.633,
        -5,
        1,
        1.678,
        -21.173,
        1.722,
        -25,
        1.767,
        -25,
        1,
        1.989,
        -25,
        2.211,
        -18.921,
        2.433,
        0,
        1,
        2.478,
        3.784,
        2.522,
        26,
        2.567,
        26,
        1,
        2.634,
        26,
        2.7,
        16.993,
        2.767,
        0,
        1,
        2.834,
        -16.993,
        2.9,
        -25,
        2.967,
        -25,
        1,
        3.011,
        -25,
        3.056,
        -13.403,
        3.1,
        -2,
        1,
        3.167,
        15.104,
        3.233,
        20,
        3.3,
        20,
        1,
        3.367,
        20,
        3.433,
        10.709,
        3.5,
        -2,
        1,
        3.578,
        -16.827,
        3.655,
        -22,
        3.733,
        -22,
        1,
        3.8,
        -22,
        3.866,
        -16.209,
        3.933,
        -1,
        1,
        4,
        14.209,
        4.066,
        24,
        4.133,
        24,
        1,
        4.2,
        24,
        4.266,
        13.136,
        4.333,
        0,
        1,
        4.411,
        -15.325,
        4.489,
        -20,
        4.567,
        -20,
        1,
        4.622,
        -20,
        4.678,
        -14.555,
        4.733,
        -4,
        1,
        4.811,
        10.777,
        4.889,
        18,
        4.967,
        18,
        1,
        5.034,
        18,
        5.1,
        5.233,
        5.167,
        -8,
        1,
        5.222,
        -19.027,
        5.278,
        -21,
        5.333,
        -21,
        1,
        5.411,
        -21,
        5.489,
        -14.96,
        5.567,
        -1,
        1,
        5.634,
        10.966,
        5.7,
        18,
        5.767,
        18,
        0,
        5.933,
        -1,
        0,
        6.1,
        0
      ]
    },
    {
      "Target": "Parameter",
      "Id": "ParamBird0",
      "Segments": [
        0,
        0,
        2,
        0.267,
        0,
        0,
        0.333,
        1,
        2,
        1.367,
        1,
        0,
        1.533,
        0,
        2,
        6.1,
        0
      ]
    },
    {
      "Target": "Parameter",
      "Id": "ParamBirdx",
      "Segments": [
        0,
        0,
        0,
        0.267,
        -30,
        1,
        0.411,
        -30,
        0.556,
        -25.492,
        0.7,
        -18,
        1,
        0.811,
        -12.237,
        0.922,
        -10.245,
        1.033,
        -2,
        1,
        1.2,
        10.367,
        1.366,
        30,
        1.533,
        30,
        0,
        6.1,
        0
      ]
    },
    {
      "Target": "Parameter",
      "Id": "ParamBirdy",
      "Segments": [
        0,
        0,
        0,
        0.267,
        -24,
        1,
        0.411,
        -24,
        0.556,
        -21.838,
        0.7,
        -9,
        1,
        0.811,
        0.876,
        0.922,
        16,
        1.033,
        16,
        0,
        1.533,
        -30,
        0,
        6.1,
        0
      ]
    },
    {
      "Target": "Parameter",
      "Id": "ParamBirdhead",
      "Segments": [
        0,
        0,
        0,
        0.733,
        -10,
        0,
        1.6,
        10,
        0,
        6.1,
        0
      ]
    },
    {
      "Target": "Parameter",
      "Id": "ParamBirdmouth",
      "Segments": [
        0,
        0,
        0,
        0.767,
        -30,
        0,
        1.433,
        0,
        2,
        6.1,
        0
      ]
    },
    {
      "Target": "Parameter",
      "Id": "ParamFishlocation",
      "Segments": [
        0,
        0,
        0,
        0.767,
        -9,
        0,
        1.433,
        0,
        2,
        6.1,
        0
      ]
    },
    {
      "Target": "Parameter",
      "Id": "ParamLwing",
      "Segments": [
        0,
        0,
        1,
        0.256,
        0,
        0.511,
        1.27,
        0.767,
        4,
        1,
        0.822,
        4.593,
        0.878,
        5,
        0.933,
        5,
        0,
        1.133,
        0,
        2,
        6.1,
        0
      ]
    },
    {
      "Target": "Parameter",
      "Id": "ParamLwing1",
      "Segments": [
        0,
        0,
        0,
        0.7,
        -1,
        0,
        0.967,
        29,
        1,
        1.1,
        29,
        1.234,
        12.726,
        1.367,
        12,
        1,
        2.945,
        3.41,
        4.522,
        0,
        6.1,
        0
      ]
    },
    {
      "Target": "Parameter",
      "Id": "ParamLwing2",
      "Segments": [
        0,
        0,
        0,
        1.1,
        30,
        0,
        1.433,
        -30,
        0,
        6.1,
        0
      ]
    },
    {
      "Target": "Parameter",
      "Id": "ParamRwing",
      "Segments": [
        0,
        0,
        1,
        0.256,
        0,
        0.511,
        -2.74,
        0.767,
        -7,
        1,
        0.822,
        -7.926,
        0.878,
        -8,
        0.933,
        -8,
        0,
        1.133,
        0,
        2,
        6.1,
        0
      ]
    },
    {
      "Target": "Parameter",
      "Id": "ParamRwing1",
      "Segments": [
        0,
        0,
        1,
        0.233,
        0,
        0.467,
        -0.1,
        0.7,
        -1,
        1,
        0.789,
        -1.343,
        0.878,
        -30,
        0.967,
        -30,
        1,
        1.1,
        -30,
        1.234,
        -16.964,
        1.367,
        -16,
        1,
        2.945,
        -4.588,
        4.522,
        0,
        6.1,
        0
      ]
    },
    {
      "Target": "Parameter",
      "Id": "ParamRwing2",
      "Segments": [
        0,
        0,
        0,
        1.1,
        30,
        0,
        1.433,
        -30,
        0,
        6.1,
        0
      ]
    },
    {
      "Target": "Parameter",
      "Id": "ParamBlleg",
      "Segments": [
        0,
        0,
        0,
        0.467,
        7,
        0,
        0.833,
        -10,
        1,
        0.978,
        -10,
        1.122,
        -4.259,
        1.267,
        -4,
        1,
        2.878,
        -1.113,
        4.489,
        0,
        6.1,
        0
      ]
    },
    {
      "Target": "Parameter",
      "Id": "ParamBlfoot",
      "Segments": [
        0,
        0,
        0,
        0.467,
        5,
        0,
        0.833,
        -10,
        0,
        1.267,
        1,
        0,
        6.1,
        0
      ]
    },
    {
      "Target": "Parameter",
      "Id": "ParamBrleg",
      "Segments": [
        0,
        0,
        0,
        0.567,
        10,
        0,
        1.267,
        -2,
        0,
        6.1,
        0
      ]
    },
    {
      "Target": "Parameter",
      "Id": "ParamBrfoot",
      "Segments": [
        0,
        0,
        0,
        0.567,
        -10,
        0,
        1.267,
        3,
        0,
        6.1,
        0
      ]
    },
    {
      "Target": "Parameter",
      "Id": "ParamBow",
      "Segments": [
        0,
        0,
        0,
        1.1,
        -10,
        1,
        1.211,
        -10,
        1.322,
        -3.911,
        1.433,
        6,
        1,
        1.5,
        11.947,
        1.566,
        15.669,
        1.633,
        22,
        1,
        1.666,
        25.165,
        1.7,
        30,
        1.733,
        30,
        0,
        1.9,
        0,
        2,
        6.1,
        0
      ]
    },
    {
      "Target": "Parameter",
      "Id": "ParamBow0",
      "Segments": [
        0,
        0,
        2,
        1.1,
        0,
        0,
        1.433,
        1,
        2,
        1.633,
        1,
        0,
        1.733,
        0,
        2,
        1.9,
        0,
        2,
        6.1,
        0
      ]
    },
    {
      "Target": "Parameter",
      "Id": "ParamWater",
      "Segments": [
        0,
        0,
        0,
        1.3,
        -10,
        0,
        1.567,
        10,
        2,
        1.767,
        10,
        0,
        6.1,
        0
      ]
    },
    {
      "Target": "Parameter",
      "Id": "ParamWater0",
      "Segments": [
        0,
        0,
        2,
        1.3,
        0,
        0,
        1.567,
        0.9,
        0,
        1.767,
        0,
        2,
        6.1,
        0
      ]
    },
    {
      "Target": "Parameter",
      "Id": "ParamWindow",
      "Segments": [
        0,
        0,
        0,
        0.867,
        -2,
        0,
        1.3,
        2,
        0,
        1.833,
        -4,
        0,
        2.3,
        2,
        0,
        3.067,
        -1,
        0,
        3.7,
        4,
        0,
        4.933,
        -3,
        0,
        6.1,
        0
      ]
    },
    {
      "Target": "Parameter",
      "Id": "ParamCurtain1",
      "Segments": [
        0,
        0,
        1,
        0.089,
        0,
        0.178,
        8.886,
        0.267,
        16,
        1,
        0.389,
        25.782,
        0.511,
        28,
        0.633,
        28,
        1,
        0.722,
        28,
        0.811,
        25.652,
        0.9,
        15,
        1,
        0.944,
        9.674,
        0.989,
        -1,
        1.033,
        -1,
        1,
        1.089,
        -1,
        1.144,
        9.164,
        1.2,
        19,
        1,
        1.244,
        26.869,
        1.289,
        28,
        1.333,
        28,
        1,
        1.389,
        28,
        1.444,
        23.786,
        1.5,
        15,
        1,
        1.567,
        4.456,
        1.633,
        -1,
        1.7,
        -1,
        1,
        1.756,
        -1,
        1.811,
        3.98,
        1.867,
        12,
        1,
        1.945,
        23.228,
        2.022,
        28,
        2.1,
        28,
        1,
        2.178,
        28,
        2.255,
        23.454,
        2.333,
        15,
        1,
        2.433,
        4.131,
        2.533,
        -1,
        2.633,
        -1,
        1,
        2.7,
        -1,
        2.766,
        4.347,
        2.833,
        12,
        1,
        2.933,
        23.479,
        3.033,
        28,
        3.133,
        28,
        1,
        3.244,
        28,
        3.356,
        24.898,
        3.467,
        15,
        1,
        3.567,
        6.092,
        3.667,
        -1,
        3.767,
        -1,
        1,
        3.867,
        -1,
        3.967,
        2.869,
        4.067,
        12,
        1,
        4.178,
        22.145,
        4.289,
        28,
        4.4,
        28,
        1,
        4.522,
        28,
        4.645,
        24.691,
        4.767,
        15,
        1,
        4.867,
        7.071,
        4.967,
        1,
        5.067,
        1,
        1,
        5.178,
        1,
        5.289,
        4.827,
        5.4,
        14,
        1,
        5.522,
        24.091,
        5.645,
        30,
        5.767,
        30,
        0,
        6.1,
        0
      ]
    },
    {
      "Target": "Parameter",
      "Id": "ParamCurtain2",
      "Segments": [
        0,
        0,
        0,
        0.267,
        -30,
        1,
        0.389,
        -30,
        0.511,
        -24.878,
        0.633,
        -5,
        1,
        0.722,
        9.457,
        0.811,
        25,
        0.9,
        25,
        1,
        0.944,
        25,
        0.989,
        9.262,
        1.033,
        -4,
        1,
        1.089,
        -20.577,
        1.144,
        -24,
        1.2,
        -24,
        1,
        1.244,
        -24,
        1.289,
        -19.314,
        1.333,
        -5,
        1,
        1.389,
        12.893,
        1.444,
        25,
        1.5,
        25,
        1,
        1.567,
        25,
        1.633,
        15.972,
        1.7,
        -4,
        1,
        1.756,
        -20.643,
        1.811,
        -30,
        1.867,
        -30,
        1,
        1.945,
        -30,
        2.022,
        -23.171,
        2.1,
        -5,
        1,
        2.178,
        13.171,
        2.255,
        25,
        2.333,
        25,
        1,
        2.433,
        25,
        2.533,
        17.511,
        2.633,
        -4,
        1,
        2.7,
        -18.34,
        2.766,
        -30,
        2.833,
        -30,
        1,
        2.933,
        -30,
        3.033,
        -22.34,
        3.133,
        -5,
        1,
        3.244,
        14.267,
        3.356,
        25,
        3.467,
        25,
        1,
        3.567,
        25,
        3.667,
        14.274,
        3.767,
        -4,
        1,
        3.867,
        -22.274,
        3.967,
        -30,
        4.067,
        -30,
        1,
        4.178,
        -30,
        4.289,
        -22.424,
        4.4,
        -5,
        1,
        4.522,
        14.167,
        4.645,
        25,
        4.767,
        25,
        1,
        4.867,
        25,
        4.967,
        18.262,
        5.067,
        1,
        1,
        5.178,
        -18.18,
        5.289,
        -30,
        5.4,
        -30,
        1,
        5.522,
        -30,
        5.645,
        -8.788,
        5.767,
        -4,
        1,
        5.878,
        0.353,
        5.989,
        0,
        6.1,
        0
      ]
    },
    {
      "Target": "Parameter",
      "Id": "ParamBlackfront",
      "Segments": [
        0,
        1,
        2,
        0.1,
        1,
        0,
        0.2,
        0,
        2,
        6.1,
        0
      ]
    },
    {
      "Target": "Parameter",
      "Id": "ParamBodyAngleY",
      "Segments": [
        0,
        0,
        0,
        6.1,
        0
      ]
    },
    {
      "Target": "Parameter",
      "Id": "ParamEyeRSmile",
      "Segments": [
        0,
        0,
        0,
        6.1,
        0
      ]
    },
    {
      "Target": "Parameter",
      "Id": "ParamBrowLX",
      "Segments": [
        0,
        0,
        0,
        6.1,
        0
      ]
    },
    {
      "Target": "Parameter",
      "Id": "ParamBrowRX",
      "Segments": [
        0,
        0,
        0,
        6.1,
        0
      ]
    },
    {
      "Target": "Parameter",
      "Id": "ParamBreath",
      "Segments": [
        0,
        0,
        0,
        6.1,
        0
      ]
    },
    {
      "Target": "Parameter",
      "Id": "ParamEyeSmile",
      "Segments": [
        0,
        1,
        0,
        6.1,
        1
      ]
    },
    {
      "Target": "Parameter",
      "Id": "ParamLstar",
      "Segments": [
        0,
        0,
        0,
        6.1,
        0
      ]
    },
    {
      "Target": "Parameter",
      "Id": "ParamRline",
      "Segments": [
        0,
        0,
        0,
        6.1,
        0
      ]
    },
    {
      "Target": "Parameter",
      "Id": "ParamBrowLY",
      "Segments": [
        0,
        0,
        0,
        6.1,
        0
      ]
    },
    {
      "Target": "Parameter",
      "Id": "ParamBrowLAngle",
      "Segments": [
        0,
        0,
        0,
        6.1,
        0
      ]
    },
    {
      "Target": "Parameter",
      "Id": "ParamBrowLForm",
      "Segments": [
        0,
        0,
        0,
        6.1,
        0
      ]
    },
    {
      "Target": "Parameter",
      "Id": "ParamBrowRY",
      "Segments": [
        0,
        0,
        0,
        6.1,
        0
      ]
    },
    {
      "Target": "Parameter",
      "Id": "ParamBrowRAngle",
      "Segments": [
        0,
        0,
        0,
        6.1,
        0
      ]
    },
    {
      "Target": "Parameter",
      "Id": "ParamBrowRForm",
      "Segments": [
        0,
        0,
        0,
        6.1,
        0
      ]
    },
    {
      "Target": "Parameter",
      "Id": "ParamMouthForm",
      "Segments": [
        0,
        0,
        0,
        6.1,
        0
      ]
    },
    {
      "Target": "Parameter",
      "Id": "ParamNose",
      "Segments": [
        0,
        0,
        0,
        6.1,
        0
      ]
    },
    {
      "Target": "Parameter",
      "Id": "ParamCheek",
      "Segments": [
        0,
        0,
        0,
        6.1,
        0
      ]
    },
    {
      "Target": "Parameter",
      "Id": "ParamAngry",
      "Segments": [
        0,
        0,
        0,
        6.1,
        0
      ]
    },
    {
      "Target": "Parameter",
      "Id": "ParamNotice",
      "Segments": [
        0,
        0,
        0,
        6.1,
        0
      ]
    },
    {
      "Target": "Parameter",
      "Id": "ParamQuestion",
      "Segments": [
        0,
        0,
        0,
        6.1,
        0
      ]
    },
    {
      "Target": "Parameter",
      "Id": "ParamHoshi0",
      "Segments": [
        0,
        0,
        0,
        6.1,
        0
      ]
    },
    {
      "Target": "Parameter",
      "Id": "ParamHoshi",
      "Segments": [
        0,
        0,
        0,
        6.1,
        0
      ]
    },
    {
      "Target": "Parameter",
      "Id": "ParamZ0",
      "Segments": [
        0,
        0,
        0,
        6.1,
        0
      ]
    },
    {
      "Target": "Parameter",
      "Id": "ParamZ",
      "Segments": [
        0,
        0,
        0,
        6.1,
        0
      ]
    },
    {
      "Target": "Parameter",
      "Id": "ParamBodyAngleX",
      "Segments": [
        0,
        0,
        0,
        6.1,
        0
      ]
    },
    {
      "Target": "Parameter",
      "Id": "ParamZoom",
      "Segments": [
        0,
        0,
        0,
        6.1,
        0
      ]
    },
    {
      "Target": "Parameter",
      "Id": "ParamTailangry",
      "Segments": [
        0,
        0,
        0,
        6.1,
        0
      ]
    },
    {
      "Target": "Parameter",
      "Id": "ParamLfinger",
      "Segments": [
        0,
        0,
        0,
        6.1,
        0
      ]
    },
    {
      "Target": "Parameter",
      "Id": "ParamRfinger",
      "Segments": [
        0,
        0,
        0,
        6.1,
        0
      ]
    },
    {
      "Target": "Parameter",
      "Id": "ParamLfoot",
      "Segments": [
        0,
        0,
        0,
        6.1,
        0
      ]
    },
    {
      "Target": "Parameter",
      "Id": "ParamRfoot",
      "Segments": [
        0,
        0,
        0,
        6.1,
        0
      ]
    },
    {
      "Target": "Parameter",
      "Id": "ParamBirdz",
      "Segments": [
        0,
        0,
        0,
        6.1,
        0
      ]
    },
    {
      "Target": "Parameter",
      "Id": "ParamBirdtear",
      "Segments": [
        0,
        0,
        0,
        6.1,
        0
      ]
    },
    {
      "Target": "Parameter",
      "Id": "ParamBirdeye",
      "Segments": [
        0,
        0,
        0,
        6.1,
        0
      ]
    },
    {
      "Target": "Parameter",
      "Id": "ParamBirdshiba",
      "Segments": [
        0,
        0,
        0,
        6.1,
        0
      ]
    },
    {
      "Target": "Parameter",
      "Id": "ParamBlackback",
      "Segments": [
        0,
        0,
        0,
        6.1,
        0
      ]
    }
  ],
  "UserData": [
    {
      "Time": 0.0,
      "Value": ""
    }
  ]
}