{
  "Version": 3,
  "Meta": {
    "Duration": 7.633,
    "Fps": 30.0,
    "Loop": true,
    "AreBeziersRestricted": true,
    "CurveCount": 99,
    "TotalSegmentCount": 714,
    "TotalPointCount": 1460,
    "UserDataCount": 1,
    "TotalUserDataSize": 0
  },
  "Curves": [
    {
      "Target": "Parameter",
      "Id": "ParamAngleX",
      "Segments": [
        0,
        0,
        1,
        0.156,
        0,
        0.311,
        -2.552,
        0.467,
        -3,
        1,
        0.656,
        -3.544,
        0.844,
        -3.455,
        1.033,
        -4,
        1,
        1.178,
        -4.417,
        1.322,
        -8,
        1.467,
        -8,
        0,
        1.767,
        -1,
        1,
        1.867,
        -1,
        1.967,
        -4.487,
        2.067,
        -7,
        1,
        2.2,
        -10.351,
        2.334,
        -11,
        2.467,
        -11,
        1,
        2.611,
        -11,
        2.756,
        7.744,
        2.9,
        9,
        1,
        3.378,
        13.154,
        3.855,
        14,
        4.333,
        14,
        0,
        6.3,
        -4,
        0,
        7.633,
        0
      ]
    },
    {
      "Target": "Parameter",
      "Id": "ParamAngleY",
      "Segments": [
        0,
        0,
        0,
        0.467,
        -21,
        0,
        1.033,
        10,
        0,
        1.467,
        -30,
        0,
        1.767,
        12,
        0,
        2.067,
        -30,
        1,
        2.2,
        -30,
        2.334,
        -30.254,
        2.467,
        -29,
        1,
        2.611,
        -27.641,
        2.756,
        0,
        2.9,
        0,
        2,
        4.333,
        0,
        0,
        6.3,
        10,
        0,
        7.633,
        0
      ]
    },
    {
      "Target": "Parameter",
      "Id": "ParamAngleZ",
      "Segments": [
        0,
        0,
        1,
        0.156,
        0,
        0.311,
        6.026,
        0.467,
        7,
        1,
        0.989,
        10.268,
        1.511,
        11,
        2.033,
        11,
        0,
        2.633,
        -15,
        0,
        3,
        -1,
        0,
        3.6,
        -19,
        0,
        3.967,
        25,
        0,
        4.333,
        -22,
        1,
        4.989,
        -22,
        5.644,
        -17.642,
        6.3,
        -3,
        1,
        6.544,
        2.46,
        6.789,
        12,
        7.033,
        12,
        0,
        7.633,
        0
      ]
    },
    {
      "Target": "Parameter",
      "Id": "ParamEyeLOpen",
      "Segments": [
        0,
        1,
        2,
        0.2,
        1,
        1,
        0.289,
        0.996,
        0.378,
        0.004,
        0.467,
        0,
        2,
        2.067,
        0,
        1,
        2.156,
        0.003,
        2.244,
        0.553,
        2.333,
        1,
        1,
        2.422,
        1.445,
        2.511,
        1.499,
        2.6,
        1.5,
        1,
        2.644,
        1.499,
        2.689,
        1.341,
        2.733,
        1.203,
        1,
        2.778,
        1.052,
        2.822,
        0.971,
        2.867,
        0.995,
        1,
        2.956,
        0.981,
        3.044,
        0.968,
        3.133,
        0.955,
        1,
        3.311,
        0.93,
        3.489,
        0.907,
        3.667,
        0.885,
        1,
        4.022,
        0.843,
        4.378,
        0.808,
        4.733,
        0.781,
        1,
        5.455,
        0.725,
        6.178,
        0.7,
        6.9,
        0.7,
        1,
        6.978,
        0.695,
        7.055,
        1.305,
        7.133,
        1.3,
        1,
        7.3,
        1.299,
        7.466,
        1.001,
        7.633,
        1
      ]
    },
    {
      "Target": "Parameter",
      "Id": "ParamEyeROpen",
      "Segments": [
        0,
        1,
        2,
        0.2,
        1,
        1,
        0.289,
        0.996,
        0.378,
        0.004,
        0.467,
        0,
        2,
        2.067,
        0,
        1,
        2.156,
        0.003,
        2.244,
        0.553,
        2.333,
        1,
        1,
        2.422,
        1.445,
        2.511,
        1.499,
        2.6,
        1.5,
        1,
        2.644,
        1.499,
        2.689,
        1.341,
        2.733,
        1.203,
        1,
        2.778,
        1.052,
        2.822,
        0.971,
        2.867,
        0.995,
        1,
        2.956,
        0.981,
        3.044,
        0.968,
        3.133,
        0.955,
        1,
        3.311,
        0.93,
        3.489,
        0.907,
        3.667,
        0.885,
        1,
        4.022,
        0.843,
        4.378,
        0.808,
        4.733,
        0.781,
        1,
        5.455,
        0.725,
        6.178,
        0.7,
        6.9,
        0.7,
        1,
        6.978,
        0.695,
        7.055,
        1.305,
        7.133,
        1.3,
        1,
        7.3,
        1.299,
        7.466,
        1.001,
        7.633,
        1
      ]
    },
    {
      "Target": "Parameter",
      "Id": "ParamEyeSmile",
      "Segments": [
        0,
        1,
        0,
        0.467,
        0,
        2,
        1.067,
        0,
        2,
        1.633,
        0,
        0,
        2.067,
        1,
        2,
        7.633,
        1
      ]
    },
    {
      "Target": "Parameter",
      "Id": "ParamBrowLY",
      "Segments": [
        0,
        0,
        0,
        0.767,
        -0.2,
        0,
        1.4,
        0.1,
        0,
        2.033,
        0,
        2,
        7.633,
        0
      ]
    },
    {
      "Target": "Parameter",
      "Id": "ParamBrowLAngle",
      "Segments": [
        0,
        0,
        0,
        0.767,
        0.3,
        0,
        1.4,
        -0.3,
        0,
        2.033,
        0,
        2,
        7.633,
        0
      ]
    },
    {
      "Target": "Parameter",
      "Id": "ParamBrowRY",
      "Segments": [
        0,
        0,
        2,
        0.767,
        0,
        0,
        1.4,
        0.1,
        0,
        2.033,
        0,
        2,
        7.633,
        0
      ]
    },
    {
      "Target": "Parameter",
      "Id": "ParamBrowRAngle",
      "Segments": [
        0,
        0,
        0,
        0.767,
        0.4,
        1,
        0.978,
        0.4,
        1.189,
        0.333,
        1.4,
        0.2,
        1,
        1.611,
        0.067,
        1.822,
        0,
        2.033,
        0,
        2,
        7.633,
        0
      ]
    },
    {
      "Target": "Parameter",
      "Id": "ParamMouthOpenY",
      "Segments": [
        0,
        1,
        2,
        0.133,
        1,
        2,
        0.167,
        0.985,
        1,
        0.178,
        0.962,
        0.189,
        0.949,
        0.2,
        0.949,
        1,
        0.211,
        1.015,
        0.222,
        0.997,
        0.233,
        1,
        2,
        0.3,
        1,
        1,
        0.311,
        0.94,
        0.322,
        0.597,
        0.333,
        0.635,
        1,
        0.344,
        0.611,
        0.356,
        0.886,
        0.367,
        1,
        2,
        0.467,
        1,
        1,
        0.478,
        0.983,
        0.489,
        1.045,
        0.5,
        0.935,
        1,
        0.511,
        0.88,
        0.522,
        0.837,
        0.533,
        0.839,
        1,
        0.544,
        0.837,
        0.556,
        0.878,
        0.567,
        0.93,
        1,
        0.578,
        1.024,
        0.589,
        0.994,
        0.6,
        1,
        2,
        0.667,
        1,
        2,
        0.7,
        0.914,
        1,
        0.711,
        0.675,
        0.722,
        0.396,
        0.733,
        0.408,
        1,
        0.755,
        0.414,
        0.778,
        0.642,
        0.8,
        0.89,
        3,
        0.833,
        1,
        2,
        0.867,
        1,
        2,
        0.9,
        0.69,
        1,
        0.911,
        0.368,
        0.922,
        -0.008,
        0.933,
        0.008,
        1,
        0.944,
        -0.011,
        0.956,
        0.438,
        0.967,
        0.824,
        3,
        1,
        1,
        2,
        1.033,
        0.996,
        1,
        1.044,
        0.692,
        1.056,
        0.338,
        1.067,
        0.353,
        1,
        1.078,
        0.339,
        1.089,
        0.665,
        1.1,
        0.945,
        3,
        1.133,
        1,
        2,
        1.167,
        0.875,
        1,
        1.178,
        0.561,
        1.189,
        0.196,
        1.2,
        0.212,
        1,
        1.211,
        0.198,
        1.222,
        0.516,
        1.233,
        0.788,
        3,
        1.267,
        1,
        2,
        1.3,
        0.992,
        1,
        1.311,
        0.816,
        1.322,
        0.611,
        1.333,
        0.62,
        1,
        1.4,
        0.618,
        1.466,
        0.849,
        1.533,
        0.847,
        1,
        1.555,
        0.837,
        1.578,
        0.199,
        1.6,
        0.188,
        1,
        1.633,
        0.198,
        1.667,
        0.575,
        1.7,
        0.984,
        3,
        1.733,
        1,
        2,
        1.867,
        1,
        1,
        1.889,
        0.608,
        1.911,
        0.235,
        1.933,
        0.227,
        1,
        1.955,
        0.233,
        1.978,
        0.567,
        2,
        0.573,
        1,
        2.022,
        0.566,
        2.045,
        0.171,
        2.067,
        0.165,
        1,
        2.078,
        0.151,
        2.089,
        0.475,
        2.1,
        0.753,
        3,
        2.133,
        1,
        2,
        2.467,
        1,
        1,
        2.478,
        1.024,
        2.489,
        0.982,
        2.5,
        0.812,
        1,
        2.511,
        0.685,
        2.522,
        0.544,
        2.533,
        0.426,
        1,
        2.555,
        0.197,
        2.578,
        0.014,
        2.6,
        0.016,
        1,
        2.622,
        0.024,
        2.645,
        0.031,
        2.667,
        0.039,
        1,
        2.711,
        0.026,
        2.756,
        0.013,
        2.8,
        0,
        2,
        2.867,
        0,
        1,
        2.889,
        -0.001,
        2.911,
        0.161,
        2.933,
        0.366,
        1,
        2.955,
        0.571,
        2.978,
        0.875,
        3,
        1,
        2,
        3.167,
        1,
        1,
        3.2,
        1.026,
        3.234,
        0.667,
        3.267,
        0.501,
        1,
        3.311,
        0.232,
        3.356,
        -0.004,
        3.4,
        0,
        1,
        3.433,
        -0.048,
        3.467,
        0.884,
        3.5,
        1,
        2,
        3.533,
        1,
        2,
        3.567,
        0.745,
        1,
        3.578,
        0.456,
        3.589,
        0.119,
        3.6,
        0.133,
        1,
        3.622,
        0.142,
        3.645,
        0.484,
        3.667,
        0.855,
        3,
        3.7,
        1,
        2,
        4.633,
        1,
        1,
        4.655,
        0.898,
        4.678,
        0.655,
        4.7,
        0.484,
        1,
        4.733,
        0.215,
        4.767,
        0,
        4.8,
        0,
        2,
        7.633,
        0
      ]
    },
    {
      "Target": "Parameter",
      "Id": "ParamNose",
      "Segments": [
        0,
        0,
        2,
        0.2,
        0,
        0,
        0.4,
        1,
        0,
        0.533,
        0,
        0,
        0.733,
        1,
        0,
        0.867,
        0,
        2,
        7.633,
        0
      ]
    },
    {
      "Target": "Parameter",
      "Id": "ParamNotice",
      "Segments": [
        0,
        0,
        2,
        0.267,
        0,
        0,
        0.5,
        1,
        0,
        0.7,
        0,
        0,
        0.867,
        1,
        0,
        1.033,
        0,
        2,
        7.633,
        0
      ]
    },
    {
      "Target": "Parameter",
      "Id": "ParamHoshi0",
      "Segments": [
        0,
        0,
        2,
        2.167,
        0,
        0,
        2.367,
        1,
        2,
        3.867,
        1,
        0,
        4,
        0,
        2,
        7.633,
        0
      ]
    },
    {
      "Target": "Parameter",
      "Id": "ParamHoshi",
      "Segments": [
        0,
        0,
        2,
        2.333,
        0,
        0,
        2.6,
        0.4,
        0,
        3.867,
        0,
        2,
        7.633,
        0
      ]
    },
    {
      "Target": "Parameter",
      "Id": "ParamBodyAngleX",
      "Segments": [
        0,
        0,
        0,
        0.9,
        -10,
        2,
        2.2,
        -10,
        0,
        3.167,
        10,
        0,
        7.633,
        0
      ]
    },
    {
      "Target": "Parameter",
      "Id": "ParamBodyAngleZ",
      "Segments": [
        0,
        0,
        0,
        1.333,
        -5,
        0,
        2.233,
        3,
        0,
        2.8,
        -10,
        0,
        3.6,
        -1,
        0,
        4.5,
        -10,
        0,
        7.633,
        0
      ]
    },
    {
      "Target": "Parameter",
      "Id": "ParamIDW",
      "Segments": [
        0,
        1,
        2,
        4.2,
        1,
        0,
        4.4,
        0,
        2,
        5.833,
        0,
        0,
        5.9,
        1,
        2,
        7.633,
        1
      ]
    },
    {
      "Target": "Parameter",
      "Id": "ParamWindowlayer",
      "Segments": [
        0,
        0,
        2,
        5.1,
        0,
        0,
        5.133,
        1,
        2,
        7.133,
        1,
        0,
        7.167,
        0,
        2,
        7.633,
        0
      ]
    },
    {
      "Target": "Parameter",
      "Id": "ParamPx",
      "Segments": [
        0,
        -10,
        2,
        3.633,
        -10,
        0,
        4.433,
        30,
        0,
        5.867,
        -21,
        0,
        6.267,
        -19,
        0,
        6.667,
        -21,
        1,
        6.822,
        -21,
        6.978,
        -19.498,
        7.133,
        -15,
        1,
        7.222,
        -12.43,
        7.311,
        -10,
        7.4,
        -10,
        2,
        7.633,
        -10
      ]
    },
    {
      "Target": "Parameter",
      "Id": "ParamPy",
      "Segments": [
        0,
        -15,
        2,
        0.3,
        -15,
        0,
        0.767,
        -14,
        0,
        1.333,
        -15,
        0,
        1.767,
        -14,
        2,
        2.267,
        -14,
        0,
        3.633,
        -16,
        0,
        4.067,
        15,
        0,
        4.433,
        -30,
        2,
        5.867,
        -30,
        0,
        6.267,
        -26,
        0,
        6.667,
        -28,
        0,
        7.133,
        -15,
        2,
        7.633,
        -15
      ]
    },
    {
      "Target": "Parameter",
      "Id": "ParamPz",
      "Segments": [
        0,
        -16,
        1,
        0.256,
        -16,
        0.511,
        -13.541,
        0.767,
        -9,
        1,
        1.111,
        -2.88,
        1.456,
        0,
        1.8,
        0,
        0,
        2.233,
        -9,
        0,
        2.833,
        13,
        0,
        3.333,
        8,
        0,
        3.6,
        20,
        0,
        3.933,
        -11,
        1,
        4.044,
        -11,
        4.156,
        12.128,
        4.267,
        18,
        1,
        4.467,
        28.569,
        4.667,
        30,
        4.867,
        30,
        0,
        5.867,
        14,
        2,
        6.267,
        14,
        2,
        6.667,
        14,
        0,
        7.133,
        -17,
        0,
        7.633,
        -16
      ]
    },
    {
      "Target": "Parameter",
      "Id": "ParamTail1",
      "Segments": [
        0,
        0,
        2,
        0.3,
        0,
        0,
        0.633,
        -6,
        1,
        0.755,
        -6,
        0.878,
        -2.89,
        1,
        1,
        1,
        1.1,
        4.182,
        1.2,
        5,
        1.3,
        5,
        1,
        1.411,
        5,
        1.522,
        3.873,
        1.633,
        0,
        1,
        1.744,
        -3.873,
        1.856,
        -7,
        1.967,
        -7,
        1,
        2.089,
        -7,
        2.211,
        -3.638,
        2.333,
        0,
        1,
        2.466,
        3.969,
        2.6,
        5,
        2.733,
        5,
        0,
        3.433,
        -10,
        2,
        4.033,
        -10,
        2,
        4.6,
        -10,
        1,
        5.156,
        -10,
        5.711,
        -9.064,
        6.267,
        -6,
        1,
        6.4,
        -5.265,
        6.534,
        -2.638,
        6.667,
        0,
        1,
        6.8,
        2.638,
        6.934,
        6,
        7.067,
        6,
        0,
        7.633,
        0
      ]
    },
    {
      "Target": "Parameter",
      "Id": "ParamTail2",
      "Segments": [
        0,
        0,
        0,
        0.3,
        6,
        1,
        0.411,
        6,
        0.522,
        -0.149,
        0.633,
        -2,
        1,
        0.755,
        -4.037,
        0.878,
        -4,
        1,
        -4,
        1,
        1.1,
        -4,
        1.2,
        -2.831,
        1.3,
        0,
        1,
        1.411,
        3.146,
        1.522,
        5,
        1.633,
        5,
        1,
        1.744,
        5,
        1.856,
        2.054,
        1.967,
        -2,
        1,
        2.089,
        -6.46,
        2.211,
        -8,
        2.333,
        -8,
        0,
        2.733,
        0,
        0,
        3.433,
        -10,
        0,
        4.033,
        -3,
        0,
        4.6,
        -9,
        0,
        6.267,
        -1,
        0,
        6.667,
        -7,
        1,
        6.8,
        -7,
        6.934,
        -1.731,
        7.067,
        -1,
        1,
        7.256,
        0.036,
        7.444,
        0,
        7.633,
        0
      ]
    },
    {
      "Target": "Parameter",
      "Id": "ParamLight0",
      "Segments": [
        0,
        0,
        2,
        2.267,
        0,
        0,
        2.5,
        1,
        2,
        4.233,
        1,
        0,
        6.067,
        0,
        2,
        7.633,
        0
      ]
    },
    {
      "Target": "Parameter",
      "Id": "ParamLarm",
      "Segments": [
        0,
        -15,
        2,
        0.767,
        -15,
        1,
        0.989,
        -15,
        1.211,
        -12.527,
        1.433,
        -9,
        1,
        1.666,
        -5.297,
        1.9,
        -4,
        2.133,
        -4,
        0,
        2.567,
        -11,
        1,
        2.756,
        -11,
        2.944,
        -11.039,
        3.133,
        -10,
        1,
        3.255,
        -9.327,
        3.378,
        4,
        3.5,
        4,
        2,
        3.633,
        4,
        0,
        4.6,
        29,
        1,
        5.033,
        29,
        5.467,
        22.816,
        5.9,
        12,
        1,
        6.078,
        7.563,
        6.255,
        6,
        6.433,
        6,
        0,
        6.7,
        15,
        0,
        7.633,
        -15
      ]
    },
    {
      "Target": "Parameter",
      "Id": "ParamLforearm",
      "Segments": [
        0,
        15,
        0,
        0.967,
        -8,
        0,
        1.433,
        -7,
        0,
        2.133,
        -11,
        0,
        3.133,
        -4,
        0,
        3.5,
        -9,
        2,
        3.633,
        -9,
        0,
        4.033,
        30,
        0,
        5.867,
        -15,
        0,
        5.9,
        -13,
        2,
        6.433,
        -13,
        0,
        6.7,
        -16,
        1,
        6.867,
        -16,
        7.033,
        -16.206,
        7.2,
        -13,
        1,
        7.344,
        -10.221,
        7.489,
        15,
        7.633,
        15
      ]
    },
    {
      "Target": "Parameter",
      "Id": "ParamLforearmchange",
      "Segments": [
        0,
        10,
        2,
        3.133,
        10,
        2,
        3.5,
        10,
        2,
        3.633,
        10,
        0,
        4.033,
        0,
        2,
        4.667,
        0,
        0,
        5.9,
        10,
        2,
        6.433,
        10,
        2,
        7.633,
        10
      ]
    },
    {
      "Target": "Parameter",
      "Id": "ParamLhand",
      "Segments": [
        0,
        0,
        0,
        0.967,
        18,
        0,
        1.433,
        7,
        0,
        2.4,
        15,
        0,
        3.133,
        -11,
        0,
        3.5,
        4,
        2,
        3.633,
        4,
        0,
        7.633,
        0
      ]
    },
    {
      "Target": "Parameter",
      "Id": "ParamLfinger",
      "Segments": [
        0,
        0,
        1,
        0.444,
        0,
        0.889,
        -8.203,
        1.333,
        -19,
        1,
        1.689,
        -27.637,
        2.044,
        -30,
        2.4,
        -30,
        0,
        3.067,
        7,
        0,
        7.633,
        0
      ]
    },
    {
      "Target": "Parameter",
      "Id": "ParamRarm",
      "Segments": [
        0,
        0,
        0,
        0.733,
        -30,
        2,
        1.233,
        -30,
        0,
        1.633,
        -26,
        0,
        2.233,
        -30,
        2,
        3.1,
        -30,
        2,
        3.5,
        -30,
        1,
        3.544,
        -30,
        3.589,
        -28.186,
        3.633,
        -24,
        1,
        3.744,
        -13.534,
        3.856,
        -5,
        3.967,
        8,
        1,
        4.056,
        18.4,
        4.144,
        30,
        4.233,
        30,
        0,
        4.6,
        19,
        2,
        6.433,
        19,
        2,
        6.7,
        19,
        0,
        7.633,
        0
      ]
    },
    {
      "Target": "Parameter",
      "Id": "ParamRforearm",
      "Segments": [
        0,
        -15,
        0,
        0.733,
        24,
        2,
        2.233,
        24,
        2,
        3.1,
        24,
        0,
        3.5,
        30,
        1,
        3.544,
        30,
        3.589,
        31.956,
        3.633,
        24,
        1,
        3.744,
        4.11,
        3.856,
        -30,
        3.967,
        -30,
        1,
        4.056,
        -30,
        4.144,
        -17.426,
        4.233,
        -17,
        1,
        4.789,
        -14.335,
        5.344,
        -13.032,
        5.9,
        -10,
        1,
        6.167,
        -8.545,
        6.433,
        -4,
        6.7,
        -4,
        1,
        6.867,
        -4,
        7.033,
        -8.736,
        7.2,
        -12,
        1,
        7.344,
        -14.829,
        7.489,
        -15,
        7.633,
        -15
      ]
    },
    {
      "Target": "Parameter",
      "Id": "ParamRforearmx",
      "Segments": [
        0,
        0,
        0,
        3.5,
        30,
        2,
        3.633,
        30,
        2,
        4.233,
        30,
        0,
        5.033,
        0,
        2,
        7.633,
        0
      ]
    },
    {
      "Target": "Parameter",
      "Id": "ParamRhand",
      "Segments": [
        0,
        0,
        0,
        0.733,
        -23,
        0,
        1.367,
        -11,
        0,
        1.833,
        -30,
        0,
        2.267,
        -14,
        0,
        2.9,
        -24,
        0,
        3.267,
        -23,
        2,
        3.433,
        -23,
        0,
        3.5,
        -30,
        2,
        3.7,
        -30,
        0,
        4.2,
        30,
        0,
        7.633,
        0
      ]
    },
    {
      "Target": "Parameter",
      "Id": "ParamRhandchange",
      "Segments": [
        0,
        10,
        2,
        2.9,
        10,
        2,
        3.267,
        10,
        2,
        3.433,
        10,
        2,
        3.7,
        10,
        0,
        3.967,
        0,
        0,
        7.633,
        10
      ]
    },
    {
      "Target": "Parameter",
      "Id": "ParamRfinger",
      "Segments": [
        0,
        0,
        0,
        0.8,
        30,
        0,
        1.467,
        -30,
        0,
        1.967,
        30,
        0,
        2.467,
        -28,
        0,
        7.633,
        0
      ]
    },
    {
      "Target": "Parameter",
      "Id": "ParamLleg",
      "Segments": [
        0,
        0,
        2,
        3.1,
        0,
        0,
        3.767,
        18,
        0,
        4.167,
        -2,
        0,
        7.633,
        0
      ]
    },
    {
      "Target": "Parameter",
      "Id": "ParamLforeleg",
      "Segments": [
        0,
        0,
        2,
        3.1,
        0,
        0,
        3.767,
        -30,
        0,
        4.167,
        20,
        0,
        7.633,
        0
      ]
    },
    {
      "Target": "Parameter",
      "Id": "ParamLfoot",
      "Segments": [
        0,
        0,
        0,
        3.467,
        30,
        2,
        3.9,
        30,
        0,
        4.133,
        -30,
        0,
        7.633,
        0
      ]
    },
    {
      "Target": "Parameter",
      "Id": "ParamRleg",
      "Segments": [
        0,
        0,
        2,
        0.833,
        0,
        0,
        1.667,
        -11,
        0,
        2.4,
        0,
        2,
        3.2,
        0,
        0,
        3.867,
        21,
        1,
        3.967,
        21,
        4.067,
        2.125,
        4.167,
        2,
        1,
        5.322,
        0.555,
        6.478,
        0,
        7.633,
        0
      ]
    },
    {
      "Target": "Parameter",
      "Id": "ParamRforeleg",
      "Segments": [
        0,
        0,
        2,
        0.833,
        0,
        0,
        1.667,
        20,
        0,
        2.4,
        0,
        2,
        3.2,
        0,
        0,
        3.867,
        2,
        0,
        4.167,
        -30,
        0,
        7.633,
        0
      ]
    },
    {
      "Target": "Parameter",
      "Id": "ParamRfoot",
      "Segments": [
        0,
        0,
        1,
        1.189,
        0,
        2.378,
        -2.505,
        3.567,
        -9,
        1,
        3.678,
        -9.607,
        3.789,
        -30,
        3.9,
        -30,
        0,
        4.133,
        30,
        0,
        7.633,
        0
      ]
    },
    {
      "Target": "Parameter",
      "Id": "ParamHairFront",
      "Segments": [
        0,
        0,
        0,
        0.267,
        1,
        0,
        0.5,
        -28.189,
        1,
        0.589,
        -28.189,
        0.678,
        -20.609,
        0.767,
        -3,
        1,
        0.867,
        16.81,
        0.967,
        28.068,
        1.067,
        28.068,
        1,
        1.178,
        28.068,
        1.289,
        18.368,
        1.4,
        -2,
        1,
        1.5,
        -20.331,
        1.6,
        -30,
        1.7,
        -30,
        1,
        1.811,
        -30,
        1.922,
        -20.463,
        2.033,
        1,
        1,
        2.122,
        18.17,
        2.211,
        28.068,
        2.3,
        28.068,
        1,
        2.378,
        28.068,
        2.455,
        16.977,
        2.533,
        -1,
        1,
        2.622,
        -21.545,
        2.711,
        -30,
        2.8,
        -30,
        1,
        2.867,
        -30,
        2.933,
        -19.818,
        3,
        -3,
        1,
        3.089,
        19.424,
        3.178,
        29.068,
        3.267,
        29.068,
        1,
        3.345,
        29.068,
        3.422,
        20.637,
        3.5,
        1,
        1,
        3.578,
        -18.637,
        3.655,
        -30,
        3.733,
        -30,
        1,
        3.822,
        -30,
        3.911,
        -1.232,
        4,
        14.068,
        1,
        4.089,
        29.368,
        4.178,
        30,
        4.267,
        30,
        1,
        4.356,
        30,
        4.444,
        23.125,
        4.533,
        1,
        1,
        4.6,
        -15.594,
        4.666,
        -30,
        4.733,
        -30,
        1,
        4.789,
        -30,
        4.844,
        -12.617,
        4.9,
        2,
        1,
        4.967,
        19.541,
        5.033,
        23,
        5.1,
        23,
        1,
        5.556,
        23,
        6.011,
        16.596,
        6.467,
        -1,
        1,
        6.534,
        -3.575,
        6.6,
        -24,
        6.667,
        -24,
        1,
        6.734,
        -24,
        6.8,
        -8.181,
        6.867,
        0,
        1,
        7.022,
        19.088,
        7.178,
        24,
        7.333,
        24,
        1,
        7.389,
        24,
        7.444,
        2.544,
        7.5,
        1,
        1,
        7.544,
        -0.235,
        7.589,
        0,
        7.633,
        0
      ]
    },
    {
      "Target": "Parameter",
      "Id": "ParamFore2",
      "Segments": [
        0,
        0,
        0,
        0.267,
        23.068,
        1,
        0.345,
        23.068,
        0.422,
        12.377,
        0.5,
        -4,
        1,
        0.589,
        -22.717,
        0.678,
        -30,
        0.767,
        -30,
        1,
        0.867,
        -30,
        0.967,
        -20.739,
        1.067,
        -4,
        1,
        1.178,
        14.599,
        1.289,
        23.068,
        1.4,
        23.068,
        1,
        1.5,
        23.068,
        1.6,
        14.758,
        1.7,
        -2,
        1,
        1.811,
        -20.62,
        1.922,
        -30,
        2.033,
        -30,
        1,
        2.122,
        -30,
        2.211,
        -19.282,
        2.3,
        1,
        1,
        2.378,
        18.747,
        2.455,
        27.068,
        2.533,
        27.068,
        1,
        2.622,
        27.068,
        2.711,
        20.897,
        2.8,
        0,
        1,
        2.867,
        -15.672,
        2.933,
        -30,
        3,
        -30,
        1,
        3.089,
        -30,
        3.178,
        -24.011,
        3.267,
        -4,
        1,
        3.345,
        13.51,
        3.422,
        28.068,
        3.5,
        28.068,
        1,
        3.578,
        28.068,
        3.655,
        15.865,
        3.733,
        -2,
        1,
        3.822,
        -22.417,
        3.911,
        -30,
        4,
        -30,
        1,
        4.089,
        -30,
        4.178,
        -21.905,
        4.267,
        -2,
        1,
        4.356,
        17.905,
        4.444,
        30,
        4.533,
        30,
        1,
        4.6,
        30,
        4.666,
        19.805,
        4.733,
        -2,
        1,
        4.789,
        -20.171,
        4.844,
        -30,
        4.9,
        -30,
        1,
        4.967,
        -30,
        5.033,
        -2.049,
        5.1,
        0,
        1,
        5.556,
        14.002,
        6.011,
        19,
        6.467,
        19,
        1,
        6.534,
        19,
        6.6,
        14.295,
        6.667,
        -1,
        1,
        6.734,
        -16.295,
        6.8,
        -28,
        6.867,
        -28,
        1,
        7.022,
        -28,
        7.178,
        -24.583,
        7.333,
        -10,
        1,
        7.389,
        -4.792,
        7.444,
        15,
        7.5,
        15,
        0,
        7.633,
        0
      ]
    },
    {
      "Target": "Parameter",
      "Id": "ParamHairSide",
      "Segments": [
        0,
        0,
        0,
        0.333,
        1,
        0,
        0.567,
        -23,
        1,
        0.667,
        -23,
        0.767,
        -16.438,
        0.867,
        2,
        1,
        0.956,
        18.39,
        1.044,
        30,
        1.133,
        30,
        1,
        1.244,
        30,
        1.356,
        19.973,
        1.467,
        2,
        1,
        1.578,
        -15.973,
        1.689,
        -24,
        1.8,
        -24,
        1,
        1.9,
        -24,
        2,
        -17.822,
        2.1,
        -1,
        1,
        2.2,
        15.822,
        2.3,
        27,
        2.4,
        27,
        1,
        2.478,
        27,
        2.555,
        12.173,
        2.633,
        0,
        1,
        2.711,
        -12.173,
        2.789,
        -14,
        2.867,
        -14,
        1,
        2.945,
        -14,
        3.022,
        -9.818,
        3.1,
        1,
        1,
        3.189,
        13.363,
        3.278,
        21,
        3.367,
        21,
        1,
        3.434,
        21,
        3.5,
        11.709,
        3.567,
        -1,
        1,
        3.645,
        -15.827,
        3.722,
        -21,
        3.8,
        -21,
        1,
        3.889,
        -21,
        3.978,
        -10.316,
        4.067,
        1,
        1,
        4.167,
        13.731,
        4.267,
        17,
        4.367,
        17,
        1,
        4.434,
        17,
        4.5,
        9.901,
        4.567,
        -1,
        1,
        4.634,
        -11.901,
        4.7,
        -16,
        4.767,
        -16,
        1,
        4.834,
        -16,
        4.9,
        -10.324,
        4.967,
        2,
        1,
        5.034,
        14.324,
        5.1,
        21,
        5.167,
        21,
        1,
        5.622,
        21,
        6.078,
        20.01,
        6.533,
        17,
        1,
        6.6,
        16.559,
        6.666,
        -20,
        6.733,
        -20,
        1,
        6.844,
        -20,
        6.956,
        -16.968,
        7.067,
        0,
        1,
        7.134,
        10.181,
        7.2,
        30,
        7.267,
        30,
        1,
        7.334,
        30,
        7.4,
        2.484,
        7.467,
        1,
        1,
        7.522,
        -0.237,
        7.578,
        0,
        7.633,
        0
      ]
    },
    {
      "Target": "Parameter",
      "Id": "ParamSide2",
      "Segments": [
        0,
        0,
        0,
        0.333,
        26,
        1,
        0.411,
        26,
        0.489,
        15.698,
        0.567,
        1,
        1,
        0.667,
        -17.898,
        0.767,
        -25,
        0.867,
        -25,
        1,
        0.956,
        -25,
        1.044,
        -15.733,
        1.133,
        -1,
        1,
        1.244,
        17.417,
        1.356,
        25,
        1.467,
        25,
        1,
        1.578,
        25,
        1.689,
        14.561,
        1.8,
        -4,
        1,
        1.9,
        -20.705,
        2,
        -28,
        2.1,
        -28,
        1,
        2.2,
        -28,
        2.3,
        -14.778,
        2.4,
        1,
        1,
        2.478,
        13.272,
        2.555,
        16,
        2.633,
        16,
        1,
        2.711,
        16,
        2.789,
        5.35,
        2.867,
        -6,
        1,
        2.945,
        -17.35,
        3.022,
        -20,
        3.1,
        -20,
        1,
        3.189,
        -20,
        3.278,
        -17.143,
        3.367,
        -4,
        1,
        3.434,
        5.857,
        3.5,
        18,
        3.567,
        18,
        1,
        3.645,
        18,
        3.722,
        9.239,
        3.8,
        -2,
        1,
        3.889,
        -14.844,
        3.978,
        -19,
        4.067,
        -19,
        1,
        4.167,
        -19,
        4.267,
        -16.843,
        4.367,
        -4,
        1,
        4.434,
        4.562,
        4.5,
        20,
        4.567,
        20,
        1,
        4.634,
        20,
        4.7,
        9.692,
        4.767,
        -4,
        1,
        4.834,
        -17.692,
        4.9,
        -22,
        4.967,
        -22,
        1,
        5.034,
        -22,
        5.1,
        -4.359,
        5.167,
        -2,
        1,
        5.622,
        14.118,
        6.078,
        20,
        6.533,
        20,
        1,
        6.6,
        20,
        6.666,
        10.272,
        6.733,
        -2,
        1,
        6.844,
        -22.454,
        6.956,
        -30,
        7.067,
        -30,
        1,
        7.134,
        -30,
        7.2,
        -23.224,
        7.267,
        -6,
        1,
        7.334,
        11.224,
        7.4,
        22,
        7.467,
        22,
        0,
        7.633,
        0
      ]
    },
    {
      "Target": "Parameter",
      "Id": "ParamHairBack",
      "Segments": [
        0,
        0,
        0,
        0.267,
        18,
        1,
        0.334,
        18,
        0.4,
        11.29,
        0.467,
        0,
        1,
        0.534,
        -11.29,
        0.6,
        -16,
        0.667,
        -16,
        1,
        0.734,
        -16,
        0.8,
        -11.717,
        0.867,
        -1,
        1,
        0.945,
        11.503,
        1.022,
        19,
        1.1,
        19,
        1,
        1.167,
        19,
        1.233,
        10.514,
        1.3,
        -2,
        1,
        1.367,
        -14.514,
        1.433,
        -19,
        1.5,
        -19,
        1,
        1.567,
        -19,
        1.633,
        -7.641,
        1.7,
        4,
        1,
        1.778,
        17.581,
        1.855,
        21,
        1.933,
        21,
        1,
        2,
        21,
        2.066,
        17.786,
        2.133,
        1,
        1,
        2.189,
        -12.989,
        2.244,
        -30,
        2.3,
        -30,
        1,
        2.356,
        -30,
        2.411,
        -12.806,
        2.467,
        -1,
        1,
        2.556,
        17.889,
        2.644,
        22,
        2.733,
        22,
        1,
        2.8,
        22,
        2.866,
        11.936,
        2.933,
        -2,
        1,
        3.011,
        -18.259,
        3.089,
        -24,
        3.167,
        -24,
        1,
        3.245,
        -24,
        3.322,
        -16.894,
        3.4,
        1,
        1,
        3.478,
        18.894,
        3.555,
        30,
        3.633,
        30,
        1,
        3.678,
        30,
        3.722,
        20.977,
        3.767,
        1,
        1,
        3.811,
        -18.977,
        3.856,
        -30,
        3.9,
        -30,
        1,
        3.956,
        -30,
        4.011,
        -18.025,
        4.067,
        0,
        1,
        4.134,
        21.63,
        4.2,
        30,
        4.267,
        30,
        1,
        4.345,
        30,
        4.422,
        19.536,
        4.5,
        -2,
        1,
        4.567,
        -20.459,
        4.633,
        -30,
        4.7,
        -30,
        1,
        4.767,
        -30,
        4.833,
        -12.337,
        4.9,
        5,
        1,
        4.978,
        25.227,
        5.055,
        30,
        5.133,
        30,
        0,
        5.933,
        0,
        1,
        6.122,
        0,
        6.311,
        0.641,
        6.5,
        4,
        1,
        6.567,
        5.186,
        6.633,
        20,
        6.7,
        20,
        1,
        6.822,
        20,
        6.945,
        16.739,
        7.067,
        0,
        1,
        7.122,
        -7.609,
        7.178,
        -30,
        7.233,
        -30,
        1,
        7.289,
        -30,
        7.344,
        -1.746,
        7.4,
        -1,
        1,
        7.478,
        0.044,
        7.555,
        0,
        7.633,
        0
      ]
    },
    {
      "Target": "Parameter",
      "Id": "ParamBack2",
      "Segments": [
        0,
        0,
        0,
        0.267,
        -2,
        0,
        0.467,
        15,
        1,
        0.534,
        15,
        0.6,
        1.553,
        0.667,
        -9,
        1,
        0.734,
        -19.553,
        0.8,
        -21,
        0.867,
        -21,
        1,
        0.945,
        -21,
        1.022,
        -18.678,
        1.1,
        -5,
        1,
        1.167,
        6.724,
        1.233,
        22,
        1.3,
        22,
        1,
        1.367,
        22,
        1.433,
        16.897,
        1.5,
        0,
        1,
        1.567,
        -16.897,
        1.633,
        -30,
        1.7,
        -30,
        1,
        1.778,
        -30,
        1.855,
        -21.352,
        1.933,
        -2,
        1,
        2,
        14.587,
        2.066,
        24,
        2.133,
        24,
        1,
        2.189,
        24,
        2.244,
        17.225,
        2.3,
        0,
        1,
        2.356,
        -17.225,
        2.411,
        -28,
        2.467,
        -28,
        1,
        2.556,
        -28,
        2.644,
        -21.385,
        2.733,
        -2,
        1,
        2.8,
        12.539,
        2.866,
        24,
        2.933,
        24,
        1,
        3.011,
        24,
        3.089,
        15.326,
        3.167,
        -1,
        1,
        3.245,
        -17.326,
        3.322,
        -25,
        3.4,
        -25,
        1,
        3.478,
        -25,
        3.555,
        -23.242,
        3.633,
        -8,
        1,
        3.678,
        0.709,
        3.722,
        30,
        3.767,
        30,
        1,
        3.811,
        30,
        3.856,
        17.187,
        3.9,
        0,
        1,
        3.956,
        -21.484,
        4.011,
        -29,
        4.067,
        -29,
        1,
        4.134,
        -29,
        4.2,
        -20.153,
        4.267,
        -2,
        1,
        4.345,
        19.178,
        4.422,
        30,
        4.5,
        30,
        1,
        4.567,
        30,
        4.633,
        17.906,
        4.7,
        -2,
        1,
        4.767,
        -21.906,
        4.833,
        -30,
        4.9,
        -30,
        1,
        4.978,
        -30,
        5.055,
        -8.021,
        5.133,
        -1,
        1,
        5.4,
        23.073,
        5.666,
        30,
        5.933,
        30,
        0,
        6.5,
        -22,
        1,
        6.567,
        -22,
        6.633,
        -18.108,
        6.7,
        -6,
        1,
        6.822,
        16.198,
        6.945,
        30,
        7.067,
        30,
        1,
        7.122,
        30,
        7.178,
        20.333,
        7.233,
        1,
        1,
        7.289,
        -18.333,
        7.344,
        -28,
        7.4,
        -28,
        0,
        7.633,
        0
      ]
    },
    {
      "Target": "Parameter",
      "Id": "ParamBack3",
      "Segments": [
        0,
        0,
        0,
        0.267,
        24,
        1,
        0.345,
        24,
        0.422,
        14.535,
        0.5,
        0,
        1,
        0.578,
        -14.535,
        0.655,
        -20,
        0.733,
        -20,
        1,
        0.789,
        -20,
        0.844,
        -9.366,
        0.9,
        2,
        1,
        0.989,
        20.186,
        1.078,
        26,
        1.167,
        26,
        1,
        1.234,
        26,
        1.3,
        16.165,
        1.367,
        -2,
        1,
        1.422,
        -17.138,
        1.478,
        -24,
        1.533,
        -24,
        1,
        1.6,
        -24,
        1.666,
        -9.284,
        1.733,
        4,
        1,
        1.822,
        21.712,
        1.911,
        26,
        2,
        26,
        1,
        2.067,
        26,
        2.133,
        18.132,
        2.2,
        0,
        1,
        2.256,
        -15.11,
        2.311,
        -24,
        2.367,
        -24,
        1,
        2.434,
        -24,
        2.5,
        -13.925,
        2.567,
        1,
        1,
        2.645,
        18.413,
        2.722,
        25,
        2.8,
        25,
        1,
        2.889,
        25,
        2.978,
        19.407,
        3.067,
        3,
        1,
        3.145,
        -11.356,
        3.222,
        -22,
        3.3,
        -22,
        1,
        3.378,
        -22,
        3.455,
        -17.625,
        3.533,
        1,
        1,
        3.589,
        14.304,
        3.644,
        30,
        3.7,
        30,
        1,
        3.767,
        30,
        3.833,
        18.411,
        3.9,
        2,
        1,
        3.967,
        -14.411,
        4.033,
        -20,
        4.1,
        -20,
        1,
        4.156,
        -20,
        4.211,
        -15.78,
        4.267,
        -1,
        1,
        4.334,
        16.736,
        4.4,
        30,
        4.467,
        30,
        1,
        4.534,
        30,
        4.6,
        2.14,
        4.667,
        2,
        1,
        5.2,
        0.881,
        5.734,
        0.1,
        6.267,
        -1,
        1,
        6.322,
        -1.115,
        6.378,
        -22,
        6.433,
        -22,
        1,
        6.5,
        -22,
        6.566,
        -15.224,
        6.633,
        2,
        1,
        6.7,
        19.224,
        6.766,
        30,
        6.833,
        30,
        1,
        6.911,
        30,
        6.989,
        15.895,
        7.067,
        -1,
        1,
        7.134,
        -15.481,
        7.2,
        -19,
        7.267,
        -19,
        0,
        7.433,
        2,
        0,
        7.633,
        0
      ]
    },
    {
      "Target": "Parameter",
      "Id": "ParamBack4",
      "Segments": [
        0,
        0,
        0,
        0.267,
        -5,
        0,
        0.5,
        30,
        1,
        0.578,
        30,
        0.655,
        23.387,
        0.733,
        1,
        1,
        0.789,
        -14.991,
        0.844,
        -30,
        0.9,
        -30,
        1,
        0.989,
        -30,
        1.078,
        -21.569,
        1.167,
        1,
        1,
        1.234,
        17.927,
        1.3,
        30,
        1.367,
        30,
        1,
        1.422,
        30,
        1.478,
        13.101,
        1.533,
        -2,
        1,
        1.6,
        -20.121,
        1.666,
        -24,
        1.733,
        -24,
        1,
        1.822,
        -24,
        1.911,
        -21.225,
        2,
        -4,
        1,
        2.067,
        8.919,
        2.133,
        29,
        2.2,
        29,
        1,
        2.256,
        29,
        2.311,
        6.203,
        2.367,
        -6,
        1,
        2.434,
        -20.644,
        2.5,
        -22,
        2.567,
        -22,
        1,
        2.645,
        -22,
        2.722,
        -15.305,
        2.8,
        -1,
        1,
        2.889,
        15.348,
        2.978,
        24,
        3.067,
        24,
        1,
        3.145,
        24,
        3.222,
        12.607,
        3.3,
        -2,
        1,
        3.378,
        -16.607,
        3.455,
        -21,
        3.533,
        -21,
        1,
        3.589,
        -21,
        3.644,
        -15.834,
        3.7,
        -2,
        1,
        3.767,
        14.601,
        3.833,
        25,
        3.9,
        25,
        1,
        3.967,
        25,
        4.033,
        15.272,
        4.1,
        -4,
        1,
        4.156,
        -20.06,
        4.211,
        -28,
        4.267,
        -28,
        1,
        4.334,
        -28,
        4.4,
        -24.351,
        4.467,
        -8,
        1,
        4.534,
        8.351,
        4.6,
        24,
        4.667,
        24,
        1,
        5.2,
        24,
        5.734,
        23.464,
        6.267,
        22,
        1,
        6.322,
        21.848,
        6.378,
        8.75,
        6.433,
        -1,
        1,
        6.5,
        -12.699,
        6.566,
        -24,
        6.633,
        -24,
        1,
        6.7,
        -24,
        6.766,
        -20.893,
        6.833,
        -9,
        1,
        6.911,
        4.875,
        6.989,
        16,
        7.067,
        16,
        1,
        7.134,
        16,
        7.2,
        9.86,
        7.267,
        -6,
        1,
        7.322,
        -19.217,
        7.378,
        -28,
        7.433,
        -28,
        0,
        7.633,
        0
      ]
    },
    {
      "Target": "Parameter",
      "Id": "ParamBow",
      "Segments": [
        0,
        0,
        0,
        3.967,
        -10,
        1,
        4.045,
        -10,
        4.122,
        0.424,
        4.2,
        6,
        1,
        4.289,
        12.373,
        4.378,
        14.186,
        4.467,
        20,
        1,
        4.511,
        22.907,
        4.556,
        30,
        4.6,
        30,
        0,
        7.633,
        0
      ]
    },
    {
      "Target": "Parameter",
      "Id": "ParamBow0",
      "Segments": [
        0,
        0,
        2,
        3.967,
        0,
        0,
        4.2,
        1,
        2,
        4.467,
        1,
        0,
        4.6,
        0,
        2,
        7.633,
        0
      ]
    },
    {
      "Target": "Parameter",
      "Id": "ParamWater",
      "Segments": [
        0,
        0,
        0,
        4.133,
        -10,
        1,
        4.178,
        -10,
        4.222,
        -9.008,
        4.267,
        -3,
        1,
        4.311,
        3.008,
        4.356,
        10,
        4.4,
        10,
        1,
        4.467,
        10,
        4.533,
        10.073,
        4.6,
        8,
        1,
        4.656,
        6.273,
        4.711,
        -10,
        4.767,
        -10,
        0,
        7.633,
        0
      ]
    },
    {
      "Target": "Parameter",
      "Id": "ParamWater0",
      "Segments": [
        0,
        0,
        2,
        4.133,
        0,
        0,
        4.267,
        1,
        2,
        4.4,
        1,
        2,
        4.6,
        1,
        0,
        4.767,
        0,
        2,
        7.633,
        0
      ]
    },
    {
      "Target": "Parameter",
      "Id": "ParamWindow",
      "Segments": [
        0,
        0,
        0,
        0.967,
        -2,
        0,
        2.1,
        2,
        0,
        3.233,
        -2,
        0,
        4.367,
        2,
        0,
        6.1,
        -2,
        0,
        7.633,
        0
      ]
    },
    {
      "Target": "Parameter",
      "Id": "ParamCurtain1",
      "Segments": [
        0,
        0,
        1,
        0.167,
        0,
        0.333,
        2.299,
        0.5,
        12,
        1,
        0.656,
        21.054,
        0.811,
        30,
        0.967,
        30,
        1,
        1.111,
        30,
        1.256,
        26.87,
        1.4,
        18,
        1,
        1.556,
        8.448,
        1.711,
        2,
        1.867,
        2,
        1,
        2.045,
        2,
        2.222,
        3.391,
        2.4,
        12,
        1,
        2.556,
        19.533,
        2.711,
        30,
        2.867,
        30,
        1,
        3.011,
        30,
        3.156,
        26.87,
        3.3,
        18,
        1,
        3.456,
        8.448,
        3.611,
        2,
        3.767,
        2,
        1,
        3.889,
        2,
        4.011,
        3.307,
        4.133,
        12,
        1,
        4.222,
        18.322,
        4.311,
        30,
        4.4,
        30,
        1,
        4.489,
        30,
        4.578,
        27.478,
        4.667,
        18,
        1,
        4.745,
        9.707,
        4.822,
        2,
        4.9,
        2,
        1,
        4.989,
        2,
        5.078,
        8.382,
        5.167,
        17,
        1,
        5.267,
        26.695,
        5.367,
        30,
        5.467,
        30,
        1,
        5.634,
        30,
        5.8,
        26.482,
        5.967,
        16,
        1,
        6.111,
        6.916,
        6.256,
        0,
        6.4,
        0,
        1,
        6.544,
        0,
        6.689,
        4.347,
        6.833,
        14,
        1,
        6.978,
        23.653,
        7.122,
        29,
        7.267,
        29,
        0,
        7.633,
        0
      ]
    },
    {
      "Target": "Parameter",
      "Id": "ParamCurtain2",
      "Segments": [
        0,
        0,
        0,
        0.5,
        -30,
        1,
        0.656,
        -30,
        0.811,
        -23.106,
        0.967,
        -4,
        1,
        1.111,
        13.741,
        1.256,
        26,
        1.4,
        26,
        1,
        1.556,
        26,
        1.711,
        10.587,
        1.867,
        -6,
        1,
        2.045,
        -24.956,
        2.222,
        -30,
        2.4,
        -30,
        1,
        2.556,
        -30,
        2.711,
        -23.106,
        2.867,
        -4,
        1,
        3.011,
        13.741,
        3.156,
        26,
        3.3,
        26,
        1,
        3.456,
        26,
        3.611,
        14.894,
        3.767,
        -6,
        1,
        3.889,
        -22.417,
        4.011,
        -30,
        4.133,
        -30,
        1,
        4.222,
        -30,
        4.311,
        -22.564,
        4.4,
        -4,
        1,
        4.489,
        14.564,
        4.578,
        26,
        4.667,
        26,
        1,
        4.745,
        26,
        4.822,
        10.163,
        4.9,
        -6,
        1,
        4.989,
        -24.472,
        5.078,
        -29,
        5.167,
        -29,
        1,
        5.267,
        -29,
        5.367,
        -23.436,
        5.467,
        -9,
        1,
        5.634,
        15.059,
        5.8,
        29,
        5.967,
        29,
        1,
        6.111,
        29,
        6.256,
        20.61,
        6.4,
        1,
        1,
        6.544,
        -18.61,
        6.689,
        -30,
        6.833,
        -30,
        1,
        6.978,
        -30,
        7.122,
        -9.233,
        7.267,
        -4,
        1,
        7.389,
        0.428,
        7.511,
        0,
        7.633,
        0
      ]
    },
    {
      "Target": "Parameter",
      "Id": "ParamBodyAngleY",
      "Segments": [
        0,
        0,
        0,
        7.633,
        0
      ]
    },
    {
      "Target": "Parameter",
      "Id": "ParamEyeRSmile",
      "Segments": [
        0,
        0,
        0,
        7.633,
        0
      ]
    },
    {
      "Target": "Parameter",
      "Id": "ParamBrowLX",
      "Segments": [
        0,
        0,
        0,
        7.633,
        0
      ]
    },
    {
      "Target": "Parameter",
      "Id": "ParamBrowRX",
      "Segments": [
        0,
        0,
        0,
        7.633,
        0
      ]
    },
    {
      "Target": "Parameter",
      "Id": "ParamBreath",
      "Segments": [
        0,
        0,
        0,
        7.633,
        0
      ]
    },
    {
      "Target": "Parameter",
      "Id": "ParamLstar",
      "Segments": [
        0,
        0,
        0,
        7.633,
        0
      ]
    },
    {
      "Target": "Parameter",
      "Id": "ParamRline",
      "Segments": [
        0,
        0,
        0,
        7.633,
        0
      ]
    },
    {
      "Target": "Parameter",
      "Id": "ParamEyeBallX",
      "Segments": [
        0,
        0,
        0,
        7.633,
        0
      ]
    },
    {
      "Target": "Parameter",
      "Id": "ParamEyeBallY",
      "Segments": [
        0,
        0,
        0,
        7.633,
        0
      ]
    },
    {
      "Target": "Parameter",
      "Id": "ParamHighlightsize",
      "Segments": [
        0,
        0,
        0,
        7.633,
        0
      ]
    },
    {
      "Target": "Parameter",
      "Id": "ParamBrowLForm",
      "Segments": [
        0,
        0,
        0,
        7.633,
        0
      ]
    },
    {
      "Target": "Parameter",
      "Id": "ParamBrowRForm",
      "Segments": [
        0,
        0,
        0,
        7.633,
        0
      ]
    },
    {
      "Target": "Parameter",
      "Id": "ParamMouthForm",
      "Segments": [
        0,
        0,
        0,
        7.633,
        0
      ]
    },
    {
      "Target": "Parameter",
      "Id": "ParamCheek",
      "Segments": [
        0,
        0,
        0,
        7.633,
        0
      ]
    },
    {
      "Target": "Parameter",
      "Id": "ParamAngry",
      "Segments": [
        0,
        0,
        0,
        7.633,
        0
      ]
    },
    {
      "Target": "Parameter",
      "Id": "ParamQuestion",
      "Segments": [
        0,
        0,
        0,
        7.633,
        0
      ]
    },
    {
      "Target": "Parameter",
      "Id": "ParamZ0",
      "Segments": [
        0,
        0,
        0,
        7.633,
        0
      ]
    },
    {
      "Target": "Parameter",
      "Id": "ParamZ",
      "Segments": [
        0,
        0,
        0,
        7.633,
        0
      ]
    },
    {
      "Target": "Parameter",
      "Id": "ParamZoom",
      "Segments": [
        0,
        0,
        0,
        7.633,
        0
      ]
    },
    {
      "Target": "Parameter",
      "Id": "ParamTailangry",
      "Segments": [
        0,
        0,
        0,
        7.633,
        0
      ]
    },
    {
      "Target": "Parameter",
      "Id": "ParamBird0",
      "Segments": [
        0,
        0,
        0,
        7.633,
        0
      ]
    },
    {
      "Target": "Parameter",
      "Id": "ParamBirdx",
      "Segments": [
        0,
        0,
        0,
        7.633,
        0
      ]
    },
    {
      "Target": "Parameter",
      "Id": "ParamBirdy",
      "Segments": [
        0,
        0,
        0,
        7.633,
        0
      ]
    },
    {
      "Target": "Parameter",
      "Id": "ParamBirdz",
      "Segments": [
        0,
        0,
        0,
        7.633,
        0
      ]
    },
    {
      "Target": "Parameter",
      "Id": "ParamBirdhead",
      "Segments": [
        0,
        0,
        0,
        7.633,
        0
      ]
    },
    {
      "Target": "Parameter",
      "Id": "ParamBirdtear",
      "Segments": [
        0,
        0,
        0,
        7.633,
        0
      ]
    },
    {
      "Target": "Parameter",
      "Id": "ParamBirdeye",
      "Segments": [
        0,
        0,
        0,
        7.633,
        0
      ]
    },
    {
      "Target": "Parameter",
      "Id": "ParamBirdmouth",
      "Segments": [
        0,
        0,
        0,
        7.633,
        0
      ]
    },
    {
      "Target": "Parameter",
      "Id": "ParamFishlocation",
      "Segments": [
        0,
        0,
        0,
        7.633,
        0
      ]
    },
    {
      "Target": "Parameter",
      "Id": "ParamBirdshiba",
      "Segments": [
        0,
        0,
        0,
        7.633,
        0
      ]
    },
    {
      "Target": "Parameter",
      "Id": "ParamLwing",
      "Segments": [
        0,
        0,
        0,
        7.633,
        0
      ]
    },
    {
      "Target": "Parameter",
      "Id": "ParamLwing1",
      "Segments": [
        0,
        0,
        0,
        7.633,
        0
      ]
    },
    {
      "Target": "Parameter",
      "Id": "ParamLwing2",
      "Segments": [
        0,
        0,
        0,
        7.633,
        0
      ]
    },
    {
      "Target": "Parameter",
      "Id": "ParamRwing",
      "Segments": [
        0,
        0,
        0,
        7.633,
        0
      ]
    },
    {
      "Target": "Parameter",
      "Id": "ParamRwing1",
      "Segments": [
        0,
        0,
        0,
        7.633,
        0
      ]
    },
    {
      "Target": "Parameter",
      "Id": "ParamRwing2",
      "Segments": [
        0,
        0,
        0,
        7.633,
        0
      ]
    },
    {
      "Target": "Parameter",
      "Id": "ParamBlleg",
      "Segments": [
        0,
        0,
        0,
        7.633,
        0
      ]
    },
    {
      "Target": "Parameter",
      "Id": "ParamBlfoot",
      "Segments": [
        0,
        0,
        0,
        7.633,
        0
      ]
    },
    {
      "Target": "Parameter",
      "Id": "ParamBrleg",
      "Segments": [
        0,
        0,
        0,
        7.633,
        0
      ]
    },
    {
      "Target": "Parameter",
      "Id": "ParamBrfoot",
      "Segments": [
        0,
        0,
        0,
        7.633,
        0
      ]
    },
    {
      "Target": "Parameter",
      "Id": "ParamBlackback",
      "Segments": [
        0,
        0,
        0,
        7.633,
        0
      ]
    },
    {
      "Target": "Parameter",
      "Id": "ParamBlackfront",
      "Segments": [
        0,
        0,
        0,
        7.633,
        0
      ]
    }
  ],
  "UserData": [
    {
      "Time": 0.0,
      "Value": ""
    }
  ]
}