{
  "Version": 3,
  "Meta": {
    "Duration": 8.0,
    "Fps": 30.0,
    "Loop": true,
    "AreBeziersRestricted": true,
    "CurveCount": 99,
    "TotalSegmentCount": 339,
    "TotalPointCount": 715,
    "UserDataCount": 1,
    "TotalUserDataSize": 0
  },
  "Curves": [
    {
      "Target": "Parameter",
      "Id": "ParamAngleX",
      "Segments": [
        0,
        0,
        0,
        1.433,
        3,
        0,
        3.967,
        2,
        0,
        6.233,
        6,
        0,
        8,
        0
      ]
    },
    {
      "Target": "Parameter",
      "Id": "ParamAngleY",
      "Segments": [
        0,
        0,
        0,
        1.433,
        -15,
        0,
        3.967,
        4,
        0,
        6.233,
        -20,
        0,
        8,
        0
      ]
    },
    {
      "Target": "Parameter",
      "Id": "ParamAngleZ",
      "Segments": [
        0,
        0,
        0,
        1.633,
        4,
        0,
        4.1,
        -2,
        0,
        6.4,
        6,
        0,
        8,
        0
      ]
    },
    {
      "Target": "Parameter",
      "Id": "ParamEyeLOpen",
      "Segments": [
        0,
        1,
        2,
        0.733,
        1,
        0,
        1.333,
        0.8,
        0,
        2.667,
        1,
        2,
        5.833,
        1,
        1,
        5.9,
        1.008,
        5.966,
        -0.008,
        6.033,
        0,
        1,
        6.1,
        -0.008,
        6.166,
        1.008,
        6.233,
        1,
        2,
        6.9,
        1,
        1,
        6.978,
        1.001,
        7.055,
        0.899,
        7.133,
        0.9,
        0,
        7.467,
        1,
        2,
        8,
        1
      ]
    },
    {
      "Target": "Parameter",
      "Id": "ParamEyeROpen",
      "Segments": [
        0,
        1,
        2,
        0.733,
        1,
        0,
        1.333,
        0.8,
        0,
        2.667,
        1,
        2,
        5.833,
        1,
        1,
        5.9,
        1.008,
        5.966,
        -0.008,
        6.033,
        0,
        1,
        6.1,
        -0.008,
        6.166,
        1.008,
        6.233,
        1,
        2,
        6.9,
        1,
        1,
        6.978,
        1.001,
        7.055,
        0.899,
        7.133,
        0.9,
        0,
        7.467,
        1,
        2,
        8,
        1
      ]
    },
    {
      "Target": "Parameter",
      "Id": "ParamEyeBallX",
      "Segments": [
        0,
        0,
        0,
        0.733,
        0.1,
        0,
        2.567,
        0,
        0,
        5.967,
        0.1,
        0,
        8,
        0
      ]
    },
    {
      "Target": "Parameter",
      "Id": "ParamEyeBallY",
      "Segments": [
        0,
        0,
        0,
        0.733,
        -0.3,
        0,
        2.567,
        0,
        0,
        5.967,
        -0.4,
        0,
        8,
        0
      ]
    },
    {
      "Target": "Parameter",
      "Id": "ParamBodyAngleX",
      "Segments": [
        0,
        0,
        0,
        1.5,
        1,
        0,
        3.767,
        0,
        0,
        6.033,
        1,
        0,
        8,
        0
      ]
    },
    {
      "Target": "Parameter",
      "Id": "ParamBodyAngleZ",
      "Segments": [
        0,
        0,
        0,
        1.567,
        -1,
        0,
        3.9,
        1,
        0,
        6.1,
        -1,
        0,
        8,
        0
      ]
    },
    {
      "Target": "Parameter",
      "Id": "ParamTail1",
      "Segments": [
        0,
        0,
        0,
        0.6,
        -5.657,
        1,
        0.778,
        -5.657,
        0.955,
        -2.024,
        1.133,
        1,
        1,
        1.344,
        4.591,
        1.556,
        5.288,
        1.767,
        5.288,
        1,
        1.967,
        5.288,
        2.167,
        3.803,
        2.367,
        1,
        1,
        2.545,
        -1.492,
        2.722,
        -2.657,
        2.9,
        -2.657,
        1,
        3.078,
        -2.657,
        3.255,
        -1.654,
        3.433,
        1,
        1,
        3.6,
        3.488,
        3.766,
        5.126,
        3.933,
        5.126,
        1,
        4.089,
        5.126,
        4.244,
        3.38,
        4.4,
        1,
        1,
        4.578,
        -1.721,
        4.755,
        -2.657,
        4.933,
        -2.657,
        1,
        5.1,
        -2.657,
        5.266,
        -1.208,
        5.433,
        1,
        1,
        5.655,
        3.944,
        5.878,
        5.126,
        6.1,
        5.126,
        1,
        6.3,
        5.126,
        6.5,
        3.666,
        6.7,
        1,
        1,
        6.889,
        -1.518,
        7.078,
        -2.657,
        7.267,
        -2.657,
        0,
        8,
        0
      ]
    },
    {
      "Target": "Parameter",
      "Id": "ParamTail2",
      "Segments": [
        0,
        0,
        2,
        0.6,
        0,
        0,
        1.133,
        -5.657,
        1,
        1.344,
        -5.657,
        1.556,
        -5.224,
        1.767,
        -2,
        1,
        1.967,
        1.054,
        2.167,
        5.126,
        2.367,
        5.126,
        1,
        2.545,
        5.126,
        2.722,
        0.545,
        2.9,
        -2,
        1,
        3.078,
        -4.545,
        3.255,
        -4.657,
        3.433,
        -4.657,
        1,
        3.6,
        -4.657,
        3.766,
        -4.079,
        3.933,
        -1,
        1,
        4.089,
        1.874,
        4.244,
        5.126,
        4.4,
        5.126,
        1,
        4.578,
        5.126,
        4.755,
        0.705,
        4.933,
        -2,
        1,
        5.1,
        -4.536,
        5.266,
        -4.657,
        5.433,
        -4.657,
        1,
        5.655,
        -4.657,
        5.878,
        -4.106,
        6.1,
        -1,
        1,
        6.3,
        1.795,
        6.5,
        5.126,
        6.7,
        5.126,
        0,
        7.267,
        -2,
        0,
        8,
        0
      ]
    },
    {
      "Target": "Parameter",
      "Id": "ParamLight0",
      "Segments": [
        0,
        0,
        2,
        3.5,
        0,
        0,
        3.667,
        1,
        0,
        3.9,
        0,
        2,
        8,
        0
      ]
    },
    {
      "Target": "Parameter",
      "Id": "ParamLforearm",
      "Segments": [
        0,
        15,
        0,
        1.933,
        12,
        0,
        4.1,
        22,
        0,
        6.167,
        13,
        0,
        8,
        15
      ]
    },
    {
      "Target": "Parameter",
      "Id": "ParamLhand",
      "Segments": [
        0,
        0,
        0,
        2,
        -6,
        0,
        4.133,
        3,
        0,
        6.233,
        -4,
        0,
        8,
        0
      ]
    },
    {
      "Target": "Parameter",
      "Id": "ParamLfinger",
      "Segments": [
        0,
        0,
        0,
        2.067,
        -18,
        0,
        4.2,
        4,
        0,
        6.167,
        -13,
        0,
        8,
        0
      ]
    },
    {
      "Target": "Parameter",
      "Id": "ParamRforearm",
      "Segments": [
        0,
        -15,
        0,
        1.867,
        -12,
        0,
        4.167,
        -19,
        0,
        6.233,
        -12,
        0,
        8,
        -15
      ]
    },
    {
      "Target": "Parameter",
      "Id": "ParamRhand",
      "Segments": [
        0,
        0,
        0,
        1.933,
        -12,
        0,
        4.2,
        1,
        0,
        6.233,
        -11,
        0,
        8,
        0
      ]
    },
    {
      "Target": "Parameter",
      "Id": "ParamRfinger",
      "Segments": [
        0,
        0,
        0,
        2.067,
        30,
        0,
        4.233,
        -18,
        0,
        6.333,
        15,
        0,
        8,
        0
      ]
    },
    {
      "Target": "Parameter",
      "Id": "ParamHairFront",
      "Segments": [
        0,
        0,
        1,
        0.167,
        -11.035,
        0.333,
        -19,
        0.5,
        -19,
        1,
        0.644,
        -19,
        0.789,
        -8.909,
        0.933,
        2,
        1,
        1.1,
        14.587,
        1.266,
        18,
        1.433,
        18,
        1,
        1.6,
        18,
        1.766,
        12.323,
        1.933,
        0,
        1,
        2.1,
        -12.323,
        2.266,
        -19,
        2.433,
        -19,
        1,
        2.578,
        -19,
        2.722,
        -8.909,
        2.867,
        2,
        1,
        3.034,
        14.587,
        3.2,
        18,
        3.367,
        18,
        1,
        3.522,
        18,
        3.678,
        11.907,
        3.833,
        0,
        1,
        4,
        -12.758,
        4.166,
        -19,
        4.333,
        -19,
        1,
        4.511,
        -19,
        4.689,
        -10.575,
        4.867,
        2,
        1,
        5.034,
        13.789,
        5.2,
        18,
        5.367,
        18,
        1,
        5.522,
        18,
        5.678,
        11.907,
        5.833,
        0,
        1,
        6,
        -12.758,
        6.166,
        -19,
        6.333,
        -19,
        1,
        6.5,
        -19,
        6.666,
        -9.055,
        6.833,
        2,
        1,
        7.022,
        14.529,
        7.211,
        18,
        7.4,
        18,
        1,
        7.6,
        18,
        7.8,
        13.242,
        8,
        0
      ]
    },
    {
      "Target": "Parameter",
      "Id": "ParamFore2",
      "Segments": [
        0,
        30,
        1,
        0.167,
        30,
        0.333,
        14.536,
        0.5,
        -6,
        1,
        0.644,
        -23.798,
        0.789,
        -29,
        0.933,
        -29,
        1,
        1.1,
        -29,
        1.266,
        -23.155,
        1.433,
        -4,
        1,
        1.6,
        15.155,
        1.766,
        30,
        1.933,
        30,
        1,
        2.1,
        30,
        2.266,
        14.536,
        2.433,
        -6,
        1,
        2.578,
        -23.798,
        2.722,
        -29,
        2.867,
        -29,
        1,
        3.034,
        -29,
        3.2,
        -23.561,
        3.367,
        -4,
        1,
        3.522,
        14.257,
        3.678,
        30,
        3.833,
        30,
        1,
        4,
        30,
        4.166,
        11.697,
        4.333,
        -6,
        1,
        4.511,
        -24.877,
        4.689,
        -29,
        4.867,
        -29,
        1,
        5.034,
        -29,
        5.2,
        -23.561,
        5.367,
        -4,
        1,
        5.522,
        14.257,
        5.678,
        30,
        5.833,
        30,
        1,
        6,
        30,
        6.166,
        12.6,
        6.333,
        -6,
        1,
        6.5,
        -24.6,
        6.666,
        -29,
        6.833,
        -29,
        1,
        7.022,
        -29,
        7.211,
        -22.77,
        7.4,
        -4,
        1,
        7.6,
        15.874,
        7.8,
        30,
        8,
        30
      ]
    },
    {
      "Target": "Parameter",
      "Id": "ParamHairSide",
      "Segments": [
        0,
        0,
        1,
        0.178,
        -15.532,
        0.355,
        -21,
        0.533,
        -21,
        1,
        0.7,
        -21,
        0.866,
        -14.324,
        1.033,
        0,
        1,
        1.2,
        14.324,
        1.366,
        22,
        1.533,
        22,
        1,
        1.7,
        22,
        1.866,
        14.324,
        2.033,
        0,
        1,
        2.2,
        -14.324,
        2.366,
        -21,
        2.533,
        -21,
        1,
        2.678,
        -21,
        2.822,
        -11.939,
        2.967,
        2,
        1,
        3.145,
        19.156,
        3.322,
        26,
        3.5,
        26,
        1,
        3.656,
        26,
        3.811,
        15.207,
        3.967,
        0,
        1,
        4.134,
        -16.294,
        4.3,
        -22,
        4.467,
        -22,
        1,
        4.634,
        -22,
        4.8,
        -15.753,
        4.967,
        0,
        1,
        5.122,
        14.703,
        5.278,
        24,
        5.433,
        24,
        1,
        5.611,
        24,
        5.789,
        16.257,
        5.967,
        -1,
        1,
        6.111,
        -15.021,
        6.256,
        -23,
        6.4,
        -23,
        1,
        6.567,
        -23,
        6.733,
        -11.239,
        6.9,
        1,
        1,
        7.122,
        17.319,
        7.345,
        22,
        7.567,
        22,
        1,
        7.711,
        22,
        7.856,
        12.62,
        8,
        0
      ]
    },
    {
      "Target": "Parameter",
      "Id": "ParamSide2",
      "Segments": [
        0,
        30,
        1,
        0.178,
        30,
        0.355,
        21.546,
        0.533,
        1,
        1,
        0.7,
        -18.262,
        0.866,
        -30,
        1.033,
        -30,
        1,
        1.2,
        -30,
        1.366,
        -17.638,
        1.533,
        -1,
        1,
        1.7,
        15.638,
        1.866,
        21,
        2.033,
        21,
        1,
        2.2,
        21,
        2.366,
        8.973,
        2.533,
        -5,
        1,
        2.678,
        -17.11,
        2.822,
        -20,
        2.967,
        -20,
        1,
        3.145,
        -20,
        3.322,
        -17.697,
        3.5,
        -4,
        1,
        3.656,
        7.985,
        3.811,
        24,
        3.967,
        24,
        1,
        4.134,
        24,
        4.3,
        14.968,
        4.467,
        -1,
        1,
        4.634,
        -16.968,
        4.8,
        -24,
        4.967,
        -24,
        1,
        5.122,
        -24,
        5.278,
        -19.12,
        5.433,
        -5,
        1,
        5.611,
        11.137,
        5.789,
        22,
        5.967,
        22,
        1,
        6.111,
        22,
        6.256,
        10.04,
        6.4,
        -4,
        1,
        6.567,
        -20.2,
        6.733,
        -25,
        6.9,
        -25,
        1,
        7.122,
        -25,
        7.345,
        -21.933,
        7.567,
        -4,
        1,
        7.711,
        7.656,
        7.856,
        30,
        8,
        30
      ]
    },
    {
      "Target": "Parameter",
      "Id": "ParamHairBack",
      "Segments": [
        0,
        30,
        1,
        0.2,
        30,
        0.4,
        14.048,
        0.6,
        -2,
        1,
        0.778,
        -16.265,
        0.955,
        -19,
        1.133,
        -19,
        1,
        1.3,
        -19,
        1.466,
        -15.135,
        1.633,
        0,
        1,
        1.811,
        16.144,
        1.989,
        30,
        2.167,
        30,
        1,
        2.322,
        30,
        2.478,
        18.889,
        2.633,
        1,
        1,
        2.789,
        -16.889,
        2.944,
        -24,
        3.1,
        -24,
        1,
        3.256,
        -24,
        3.411,
        -15.07,
        3.567,
        1,
        1,
        3.734,
        18.218,
        3.9,
        26,
        4.067,
        26,
        1,
        4.234,
        26,
        4.4,
        16.742,
        4.567,
        2,
        1,
        4.745,
        -13.725,
        4.922,
        -20,
        5.1,
        -20,
        1,
        5.244,
        -20,
        5.389,
        -9.632,
        5.533,
        4,
        1,
        5.7,
        19.73,
        5.866,
        25,
        6.033,
        25,
        1,
        6.2,
        25,
        6.366,
        15.112,
        6.533,
        1,
        1,
        6.7,
        -13.112,
        6.866,
        -18,
        7.033,
        -18,
        1,
        7.211,
        -18,
        7.389,
        -15.34,
        7.567,
        0,
        1,
        7.711,
        12.464,
        7.856,
        30,
        8,
        30
      ]
    },
    {
      "Target": "Parameter",
      "Id": "ParamBack2",
      "Segments": [
        0,
        0,
        1,
        0.2,
        16.021,
        0.4,
        22,
        0.6,
        22,
        1,
        0.778,
        22,
        0.955,
        12.247,
        1.133,
        -2,
        1,
        1.3,
        -15.357,
        1.466,
        -20,
        1.633,
        -20,
        1,
        1.811,
        -20,
        1.989,
        -18.27,
        2.167,
        -5,
        1,
        2.322,
        6.611,
        2.478,
        25,
        2.633,
        25,
        1,
        2.789,
        25,
        2.944,
        18.164,
        3.1,
        0,
        1,
        3.256,
        -18.164,
        3.411,
        -30,
        3.567,
        -30,
        1,
        3.734,
        -30,
        3.9,
        -19.218,
        4.067,
        -2,
        1,
        4.234,
        15.218,
        4.4,
        22,
        4.567,
        22,
        1,
        4.745,
        22,
        4.922,
        11.573,
        5.1,
        -6,
        1,
        5.244,
        -20.278,
        5.389,
        -26,
        5.533,
        -26,
        1,
        5.7,
        -26,
        5.866,
        -23.195,
        6.033,
        -8,
        1,
        6.2,
        7.195,
        6.366,
        24,
        6.533,
        24,
        1,
        6.7,
        24,
        6.866,
        15.096,
        7.033,
        1,
        1,
        7.211,
        -14.036,
        7.389,
        -20,
        7.567,
        -20,
        1,
        7.711,
        -20,
        7.856,
        -11.571,
        8,
        0
      ]
    },
    {
      "Target": "Parameter",
      "Id": "ParamBack3",
      "Segments": [
        0,
        30,
        1,
        0.233,
        30,
        0.467,
        22.33,
        0.7,
        2,
        1,
        0.867,
        -12.521,
        1.033,
        -23,
        1.2,
        -23,
        1,
        1.378,
        -23,
        1.555,
        -15.17,
        1.733,
        1,
        1,
        1.9,
        16.159,
        2.066,
        24,
        2.233,
        24,
        1,
        2.389,
        24,
        2.544,
        16.326,
        2.7,
        0,
        1,
        2.856,
        -16.326,
        3.011,
        -25,
        3.167,
        -25,
        1,
        3.322,
        -25,
        3.478,
        -19.528,
        3.633,
        -3,
        1,
        3.811,
        15.89,
        3.989,
        29,
        4.167,
        29,
        1,
        4.345,
        29,
        4.522,
        19.224,
        4.7,
        1,
        1,
        4.867,
        -16.085,
        5.033,
        -24,
        5.2,
        -24,
        1,
        5.356,
        -24,
        5.511,
        -13.254,
        5.667,
        3,
        1,
        5.834,
        20.415,
        6,
        27,
        6.167,
        27,
        1,
        6.322,
        27,
        6.478,
        13.752,
        6.633,
        -1,
        1,
        6.8,
        -16.806,
        6.966,
        -21,
        7.133,
        -21,
        1,
        7.289,
        -21,
        7.444,
        -17.633,
        7.6,
        -1,
        1,
        7.733,
        13.257,
        7.867,
        30,
        8,
        30
      ]
    },
    {
      "Target": "Parameter",
      "Id": "ParamBack4",
      "Segments": [
        0,
        0,
        1,
        0.233,
        18.775,
        0.467,
        25,
        0.7,
        25,
        1,
        0.867,
        25,
        1.033,
        15.742,
        1.2,
        1,
        1,
        1.378,
        -14.725,
        1.555,
        -21,
        1.733,
        -21,
        1,
        1.9,
        -21,
        2.066,
        -18.729,
        2.233,
        -5,
        1,
        2.389,
        7.814,
        2.544,
        24,
        2.7,
        24,
        1,
        2.856,
        24,
        3.011,
        14.264,
        3.167,
        -2,
        1,
        3.322,
        -18.264,
        3.478,
        -25,
        3.633,
        -25,
        1,
        3.811,
        -25,
        3.989,
        -18.632,
        4.167,
        -4,
        1,
        4.345,
        10.632,
        4.522,
        19,
        4.7,
        19,
        1,
        4.867,
        19,
        5.033,
        7.028,
        5.2,
        -8,
        1,
        5.356,
        -22.026,
        5.511,
        -26,
        5.667,
        -26,
        1,
        5.834,
        -26,
        6,
        -18.824,
        6.167,
        -1,
        1,
        6.322,
        15.636,
        6.478,
        26,
        6.633,
        26,
        1,
        6.8,
        26,
        6.966,
        14.964,
        7.133,
        -1,
        1,
        7.289,
        -15.9,
        7.444,
        -21,
        7.6,
        -21,
        1,
        7.733,
        -21,
        7.867,
        -10.729,
        8,
        0
      ]
    },
    {
      "Target": "Parameter",
      "Id": "ParamWindow",
      "Segments": [
        0,
        0,
        0,
        1.667,
        -3.481,
        0,
        3.833,
        2,
        0,
        6.067,
        -3,
        0,
        8,
        0
      ]
    },
    {
      "Target": "Parameter",
      "Id": "ParamCurtain1",
      "Segments": [
        0,
        0,
        1,
        0.178,
        0,
        0.355,
        3.206,
        0.533,
        13,
        1,
        0.711,
        22.794,
        0.889,
        30,
        1.067,
        30,
        1,
        1.211,
        30,
        1.356,
        23.511,
        1.5,
        14,
        1,
        1.656,
        3.758,
        1.811,
        0,
        1.967,
        0,
        1,
        2.145,
        0,
        2.322,
        3.206,
        2.5,
        13,
        1,
        2.678,
        22.794,
        2.855,
        30,
        3.033,
        30,
        1,
        3.178,
        30,
        3.322,
        23.511,
        3.467,
        14,
        1,
        3.622,
        3.758,
        3.778,
        0,
        3.933,
        0,
        1,
        4.089,
        0,
        4.244,
        2.972,
        4.4,
        13,
        1,
        4.544,
        22.311,
        4.689,
        30,
        4.833,
        30,
        1,
        5.022,
        30,
        5.211,
        24.287,
        5.4,
        14,
        1,
        5.578,
        4.318,
        5.755,
        0,
        5.933,
        0,
        1,
        6.122,
        0,
        6.311,
        2.835,
        6.5,
        13,
        1,
        6.667,
        21.969,
        6.833,
        30,
        7,
        30,
        1,
        7.156,
        30,
        7.311,
        23.144,
        7.467,
        14,
        1,
        7.645,
        3.55,
        7.822,
        0,
        8,
        0
      ]
    },
    {
      "Target": "Parameter",
      "Id": "ParamCurtain2",
      "Segments": [
        0,
        0,
        1,
        0.178,
        -20,
        0.355,
        -30,
        0.533,
        -30,
        1,
        0.711,
        -30,
        0.889,
        -21.809,
        1.067,
        0,
        1,
        1.211,
        17.72,
        1.356,
        30,
        1.5,
        30,
        1,
        1.656,
        30,
        1.811,
        18.574,
        1.967,
        0,
        1,
        2.145,
        -21.228,
        2.322,
        -30,
        2.5,
        -30,
        1,
        2.678,
        -30,
        2.855,
        -21.809,
        3.033,
        0,
        1,
        3.178,
        17.72,
        3.322,
        30,
        3.467,
        30,
        1,
        3.622,
        30,
        3.778,
        20,
        3.933,
        0,
        1,
        4.089,
        -20,
        4.244,
        -30,
        4.4,
        -30,
        1,
        4.544,
        -30,
        4.689,
        -16.996,
        4.833,
        0,
        1,
        5.022,
        22.226,
        5.211,
        30,
        5.4,
        30,
        1,
        5.578,
        30,
        5.755,
        19.374,
        5.933,
        0,
        1,
        6.122,
        -20.585,
        6.311,
        -30,
        6.5,
        -30,
        1,
        6.667,
        -30,
        6.833,
        -20.662,
        7,
        0,
        1,
        7.156,
        19.285,
        7.311,
        30,
        7.467,
        30,
        1,
        7.645,
        30,
        7.822,
        20,
        8,
        0
      ]
    },
    {
      "Target": "Parameter",
      "Id": "ParamBodyAngleY",
      "Segments": [
        0,
        0,
        0,
        8,
        0
      ]
    },
    {
      "Target": "Parameter",
      "Id": "ParamEyeRSmile",
      "Segments": [
        0,
        0,
        0,
        8,
        0
      ]
    },
    {
      "Target": "Parameter",
      "Id": "ParamBrowLX",
      "Segments": [
        0,
        0,
        0,
        8,
        0
      ]
    },
    {
      "Target": "Parameter",
      "Id": "ParamBrowRX",
      "Segments": [
        0,
        0,
        0,
        8,
        0
      ]
    },
    {
      "Target": "Parameter",
      "Id": "ParamBreath",
      "Segments": [
        0,
        0,
        0,
        8,
        0
      ]
    },
    {
      "Target": "Parameter",
      "Id": "ParamEyeSmile",
      "Segments": [
        0,
        1,
        0,
        8,
        1
      ]
    },
    {
      "Target": "Parameter",
      "Id": "ParamLstar",
      "Segments": [
        0,
        0,
        0,
        8,
        0
      ]
    },
    {
      "Target": "Parameter",
      "Id": "ParamRline",
      "Segments": [
        0,
        0,
        0,
        8,
        0
      ]
    },
    {
      "Target": "Parameter",
      "Id": "ParamHighlightsize",
      "Segments": [
        0,
        0,
        0,
        8,
        0
      ]
    },
    {
      "Target": "Parameter",
      "Id": "ParamBrowLY",
      "Segments": [
        0,
        0,
        0,
        8,
        0
      ]
    },
    {
      "Target": "Parameter",
      "Id": "ParamBrowLAngle",
      "Segments": [
        0,
        0,
        0,
        8,
        0
      ]
    },
    {
      "Target": "Parameter",
      "Id": "ParamBrowLForm",
      "Segments": [
        0,
        0,
        0,
        8,
        0
      ]
    },
    {
      "Target": "Parameter",
      "Id": "ParamBrowRY",
      "Segments": [
        0,
        0,
        0,
        8,
        0
      ]
    },
    {
      "Target": "Parameter",
      "Id": "ParamBrowRAngle",
      "Segments": [
        0,
        0,
        0,
        8,
        0
      ]
    },
    {
      "Target": "Parameter",
      "Id": "ParamBrowRForm",
      "Segments": [
        0,
        0,
        0,
        8,
        0
      ]
    },
    {
      "Target": "Parameter",
      "Id": "ParamMouthForm",
      "Segments": [
        0,
        0,
        0,
        8,
        0
      ]
    },
    {
      "Target": "Parameter",
      "Id": "ParamMouthOpenY",
      "Segments": [
        0,
        0,
        0,
        8,
        0
      ]
    },
    {
      "Target": "Parameter",
      "Id": "ParamNose",
      "Segments": [
        0,
        0,
        0,
        8,
        0
      ]
    },
    {
      "Target": "Parameter",
      "Id": "ParamCheek",
      "Segments": [
        0,
        0,
        0,
        8,
        0
      ]
    },
    {
      "Target": "Parameter",
      "Id": "ParamAngry",
      "Segments": [
        0,
        0,
        0,
        8,
        0
      ]
    },
    {
      "Target": "Parameter",
      "Id": "ParamNotice",
      "Segments": [
        0,
        0,
        0,
        8,
        0
      ]
    },
    {
      "Target": "Parameter",
      "Id": "ParamQuestion",
      "Segments": [
        0,
        0,
        0,
        8,
        0
      ]
    },
    {
      "Target": "Parameter",
      "Id": "ParamHoshi0",
      "Segments": [
        0,
        0,
        0,
        8,
        0
      ]
    },
    {
      "Target": "Parameter",
      "Id": "ParamHoshi",
      "Segments": [
        0,
        0,
        0,
        8,
        0
      ]
    },
    {
      "Target": "Parameter",
      "Id": "ParamZ0",
      "Segments": [
        0,
        0,
        0,
        8,
        0
      ]
    },
    {
      "Target": "Parameter",
      "Id": "ParamZ",
      "Segments": [
        0,
        0,
        0,
        8,
        0
      ]
    },
    {
      "Target": "Parameter",
      "Id": "ParamIDW",
      "Segments": [
        0,
        1,
        0,
        8,
        1
      ]
    },
    {
      "Target": "Parameter",
      "Id": "ParamWindowlayer",
      "Segments": [
        0,
        0,
        0,
        8,
        0
      ]
    },
    {
      "Target": "Parameter",
      "Id": "ParamPx",
      "Segments": [
        0,
        -10,
        0,
        8,
        -10
      ]
    },
    {
      "Target": "Parameter",
      "Id": "ParamPy",
      "Segments": [
        0,
        -15,
        0,
        8,
        -15
      ]
    },
    {
      "Target": "Parameter",
      "Id": "ParamPz",
      "Segments": [
        0,
        -16,
        0,
        8,
        -16
      ]
    },
    {
      "Target": "Parameter",
      "Id": "ParamZoom",
      "Segments": [
        0,
        0,
        0,
        8,
        0
      ]
    },
    {
      "Target": "Parameter",
      "Id": "ParamTailangry",
      "Segments": [
        0,
        0,
        0,
        8,
        0
      ]
    },
    {
      "Target": "Parameter",
      "Id": "ParamLarm",
      "Segments": [
        0,
        -15,
        0,
        8,
        -15
      ]
    },
    {
      "Target": "Parameter",
      "Id": "ParamLforearmchange",
      "Segments": [
        0,
        10,
        0,
        8,
        10
      ]
    },
    {
      "Target": "Parameter",
      "Id": "ParamRarm",
      "Segments": [
        0,
        0,
        0,
        8,
        0
      ]
    },
    {
      "Target": "Parameter",
      "Id": "ParamRforearmx",
      "Segments": [
        0,
        0,
        0,
        8,
        0
      ]
    },
    {
      "Target": "Parameter",
      "Id": "ParamRhandchange",
      "Segments": [
        0,
        10,
        0,
        8,
        10
      ]
    },
    {
      "Target": "Parameter",
      "Id": "ParamLleg",
      "Segments": [
        0,
        0,
        0,
        8,
        0
      ]
    },
    {
      "Target": "Parameter",
      "Id": "ParamLforeleg",
      "Segments": [
        0,
        0,
        0,
        8,
        0
      ]
    },
    {
      "Target": "Parameter",
      "Id": "ParamLfoot",
      "Segments": [
        0,
        0,
        0,
        8,
        0
      ]
    },
    {
      "Target": "Parameter",
      "Id": "ParamRleg",
      "Segments": [
        0,
        0,
        0,
        8,
        0
      ]
    },
    {
      "Target": "Parameter",
      "Id": "ParamRforeleg",
      "Segments": [
        0,
        0,
        0,
        8,
        0
      ]
    },
    {
      "Target": "Parameter",
      "Id": "ParamRfoot",
      "Segments": [
        0,
        0,
        0,
        8,
        0
      ]
    },
    {
      "Target": "Parameter",
      "Id": "ParamBird0",
      "Segments": [
        0,
        0,
        0,
        8,
        0
      ]
    },
    {
      "Target": "Parameter",
      "Id": "ParamBirdx",
      "Segments": [
        0,
        -30,
        0,
        8,
        -30
      ]
    },
    {
      "Target": "Parameter",
      "Id": "ParamBirdy",
      "Segments": [
        0,
        -30,
        0,
        8,
        -30
      ]
    },
    {
      "Target": "Parameter",
      "Id": "ParamBirdz",
      "Segments": [
        0,
        0,
        0,
        8,
        0
      ]
    },
    {
      "Target": "Parameter",
      "Id": "ParamBirdhead",
      "Segments": [
        0,
        0,
        0,
        8,
        0
      ]
    },
    {
      "Target": "Parameter",
      "Id": "ParamBirdtear",
      "Segments": [
        0,
        0,
        0,
        8,
        0
      ]
    },
    {
      "Target": "Parameter",
      "Id": "ParamBirdeye",
      "Segments": [
        0,
        0,
        0,
        8,
        0
      ]
    },
    {
      "Target": "Parameter",
      "Id": "ParamBirdmouth",
      "Segments": [
        0,
        0,
        0,
        8,
        0
      ]
    },
    {
      "Target": "Parameter",
      "Id": "ParamFishlocation",
      "Segments": [
        0,
        0,
        0,
        8,
        0
      ]
    },
    {
      "Target": "Parameter",
      "Id": "ParamBirdshiba",
      "Segments": [
        0,
        0,
        0,
        8,
        0
      ]
    },
    {
      "Target": "Parameter",
      "Id": "ParamLwing",
      "Segments": [
        0,
        0,
        0,
        8,
        0
      ]
    },
    {
      "Target": "Parameter",
      "Id": "ParamLwing1",
      "Segments": [
        0,
        0,
        0,
        8,
        0
      ]
    },
    {
      "Target": "Parameter",
      "Id": "ParamLwing2",
      "Segments": [
        0,
        0,
        0,
        8,
        0
      ]
    },
    {
      "Target": "Parameter",
      "Id": "ParamRwing",
      "Segments": [
        0,
        0,
        0,
        8,
        0
      ]
    },
    {
      "Target": "Parameter",
      "Id": "ParamRwing1",
      "Segments": [
        0,
        0,
        0,
        8,
        0
      ]
    },
    {
      "Target": "Parameter",
      "Id": "ParamRwing2",
      "Segments": [
        0,
        0,
        0,
        8,
        0
      ]
    },
    {
      "Target": "Parameter",
      "Id": "ParamBlleg",
      "Segments": [
        0,
        0,
        0,
        8,
        0
      ]
    },
    {
      "Target": "Parameter",
      "Id": "ParamBlfoot",
      "Segments": [
        0,
        0,
        0,
        8,
        0
      ]
    },
    {
      "Target": "Parameter",
      "Id": "ParamBrleg",
      "Segments": [
        0,
        0,
        0,
        8,
        0
      ]
    },
    {
      "Target": "Parameter",
      "Id": "ParamBrfoot",
      "Segments": [
        0,
        0,
        0,
        8,
        0
      ]
    },
    {
      "Target": "Parameter",
      "Id": "ParamBow",
      "Segments": [
        0,
        0,
        0,
        8,
        0
      ]
    },
    {
      "Target": "Parameter",
      "Id": "ParamBow0",
      "Segments": [
        0,
        0,
        0,
        8,
        0
      ]
    },
    {
      "Target": "Parameter",
      "Id": "ParamWater",
      "Segments": [
        0,
        0,
        0,
        8,
        0
      ]
    },
    {
      "Target": "Parameter",
      "Id": "ParamWater0",
      "Segments": [
        0,
        0,
        0,
        8,
        0
      ]
    },
    {
      "Target": "Parameter",
      "Id": "ParamBlackback",
      "Segments": [
        0,
        0,
        0,
        8,
        0
      ]
    },
    {
      "Target": "Parameter",
      "Id": "ParamBlackfront",
      "Segments": [
        0,
        0,
        0,
        8,
        0
      ]
    }
  ],
  "UserData": [
    {
      "Time": 0.0,
      "Value": ""
    }
  ]
}