{
  "Version": 3,
  "Meta": {
    "Duration": 3.333,
    "Fps": 30.0,
    "Loop": true,
    "AreBeziersRestricted": true,
    "CurveCount": 99,
    "TotalSegmentCount": 335,
    "TotalPointCount": 635,
    "UserDataCount": 1,
    "TotalUserDataSize": 0
  },
  "Curves": [
    {
      "Target": "Parameter",
      "Id": "ParamAngleX",
      "Segments": [
        0,
        0,
        0,
        0.467,
        5,
        0,
        1.2,
        -30,
        0,
        1.867,
        18,
        0,
        2.633,
        -30,
        0,
        3.333,
        0
      ]
    },
    {
      "Target": "Parameter",
      "Id": "ParamAngleY",
      "Segments": [
        0,
        0,
        1,
        0.156,
        0,
        0.311,
        -17.371,
        0.467,
        -22,
        1,
        0.711,
        -29.274,
        0.956,
        -30,
        1.2,
        -30,
        0,
        1.867,
        -12,
        0,
        2.633,
        -26,
        0,
        3.333,
        0
      ]
    },
    {
      "Target": "Parameter",
      "Id": "ParamAngleZ",
      "Segments": [
        0,
        0,
        1,
        0.256,
        0,
        0.511,
        10.766,
        0.767,
        16,
        1,
        1.045,
        21.689,
        1.322,
        22,
        1.6,
        22,
        1,
        1.889,
        22,
        2.178,
        22.015,
        2.467,
        17,
        1,
        2.756,
        11.985,
        3.044,
        0,
        3.333,
        0
      ]
    },
    {
      "Target": "Parameter",
      "Id": "ParamEyeLOpen",
      "Segments": [
        0,
        1,
        1,
        0.133,
        0.996,
        0.267,
        0.004,
        0.4,
        0,
        2,
        2.767,
        0,
        1,
        2.956,
        -0.002,
        3.144,
        1.002,
        3.333,
        1
      ]
    },
    {
      "Target": "Parameter",
      "Id": "ParamEyeROpen",
      "Segments": [
        0,
        1,
        1,
        0.133,
        0.996,
        0.267,
        0.004,
        0.4,
        0,
        2,
        2.767,
        0,
        1,
        2.956,
        -0.002,
        3.144,
        1.002,
        3.333,
        1
      ]
    },
    {
      "Target": "Parameter",
      "Id": "ParamEyeBallX",
      "Segments": [
        0,
        0,
        0,
        0.2,
        -0.8,
        2,
        3,
        -0.8,
        0,
        3.333,
        0
      ]
    },
    {
      "Target": "Parameter",
      "Id": "ParamEyeBallY",
      "Segments": [
        0,
        0,
        1,
        0.067,
        0,
        0.133,
        -0.09,
        0.2,
        -0.1,
        1,
        1.133,
        -0.241,
        2.067,
        -0.3,
        3,
        -0.3,
        0,
        3.333,
        0
      ]
    },
    {
      "Target": "Parameter",
      "Id": "ParamBrowLY",
      "Segments": [
        0,
        0,
        1,
        0.222,
        0,
        0.445,
        -0.043,
        0.667,
        -0.1,
        1,
        1.211,
        -0.241,
        1.756,
        -0.3,
        2.3,
        -0.3,
        0,
        2.833,
        0,
        2,
        3.333,
        0
      ]
    },
    {
      "Target": "Parameter",
      "Id": "ParamBrowLAngle",
      "Segments": [
        0,
        0,
        0,
        0.667,
        0.9,
        1,
        1.211,
        0.9,
        1.756,
        0.852,
        2.3,
        0.6,
        1,
        2.478,
        0.518,
        2.655,
        0,
        2.833,
        0,
        2,
        3.333,
        0
      ]
    },
    {
      "Target": "Parameter",
      "Id": "ParamBrowRY",
      "Segments": [
        0,
        0,
        0,
        0.667,
        0.1,
        0,
        2.3,
        -0.4,
        0,
        2.833,
        0,
        2,
        3.333,
        0
      ]
    },
    {
      "Target": "Parameter",
      "Id": "ParamBrowRAngle",
      "Segments": [
        0,
        0,
        0,
        0.667,
        0.9,
        2,
        2.3,
        0.9,
        0,
        2.833,
        0,
        2,
        3.333,
        0
      ]
    },
    {
      "Target": "Parameter",
      "Id": "ParamMouthForm",
      "Segments": [
        0,
        0,
        2,
        0.367,
        0,
        0,
        0.7,
        0.9,
        0,
        1.233,
        0,
        2,
        3.333,
        0
      ]
    },
    {
      "Target": "Parameter",
      "Id": "ParamMouthOpenY",
      "Segments": [
        0,
        0.18,
        1,
        0.056,
        0.184,
        0.111,
        0.629,
        0.167,
        0.974,
        3,
        0.2,
        1,
        2,
        0.3,
        1,
        2,
        0.333,
        0.922,
        1,
        0.355,
        0.706,
        0.378,
        0.507,
        0.4,
        0.502,
        1,
        0.456,
        0.499,
        0.511,
        0.89,
        0.567,
        1,
        2,
        0.6,
        1,
        1,
        0.622,
        1.082,
        0.645,
        0.339,
        0.667,
        0.345,
        1,
        0.734,
        0.34,
        0.8,
        0.962,
        0.867,
        0.957,
        1,
        0.889,
        0.951,
        0.911,
        0.609,
        0.933,
        0.604,
        1,
        0.955,
        0.605,
        0.978,
        0.697,
        1,
        0.698,
        1,
        1.067,
        0.701,
        1.133,
        0.342,
        1.2,
        0.345,
        1,
        1.244,
        0.343,
        1.289,
        0.598,
        1.333,
        0.596,
        1,
        1.422,
        0.595,
        1.511,
        0.198,
        1.6,
        0.196,
        1,
        1.622,
        0.203,
        1.645,
        0.613,
        1.667,
        0.62,
        1,
        1.689,
        0.607,
        1.711,
        0.593,
        1.733,
        0.58,
        1,
        1.755,
        0.583,
        1.778,
        0.719,
        1.8,
        0.722,
        1,
        1.822,
        0.717,
        1.845,
        0.451,
        1.867,
        0.447,
        1,
        1.889,
        0.449,
        1.911,
        0.578,
        1.933,
        0.58,
        1,
        2,
        0.584,
        2.066,
        0.13,
        2.133,
        0.133,
        1,
        2.155,
        0.137,
        2.178,
        0.334,
        2.2,
        0.337,
        1,
        2.267,
        0.34,
        2.333,
        -0.003,
        2.4,
        0,
        2,
        3.333,
        0
      ]
    },
    {
      "Target": "Parameter",
      "Id": "ParamCheek",
      "Segments": [
        0,
        0,
        0,
        0.267,
        1,
        2,
        2.933,
        1,
        0,
        3.333,
        0
      ]
    },
    {
      "Target": "Parameter",
      "Id": "ParamBodyAngleX",
      "Segments": [
        0,
        0,
        0,
        0.833,
        7,
        0,
        1.6,
        -4,
        0,
        2.367,
        4,
        0,
        3.333,
        0
      ]
    },
    {
      "Target": "Parameter",
      "Id": "ParamBodyAngleZ",
      "Segments": [
        0,
        0,
        0,
        0.8,
        1,
        0,
        3.333,
        0
      ]
    },
    {
      "Target": "Parameter",
      "Id": "ParamPx",
      "Segments": [
        0,
        -10,
        0,
        0.8,
        -12,
        2,
        2.467,
        -12,
        0,
        3.067,
        -10,
        2,
        3.333,
        -10
      ]
    },
    {
      "Target": "Parameter",
      "Id": "ParamPy",
      "Segments": [
        0,
        -15,
        0,
        0.8,
        -16,
        2,
        2.533,
        -16,
        0,
        3.1,
        -15,
        2,
        3.333,
        -15
      ]
    },
    {
      "Target": "Parameter",
      "Id": "ParamTail1",
      "Segments": [
        0,
        0,
        0,
        0.333,
        -6,
        1,
        0.433,
        -6,
        0.533,
        -4.819,
        0.633,
        0,
        1,
        0.744,
        5.355,
        0.856,
        10,
        0.967,
        10,
        1,
        1.067,
        10,
        1.167,
        6.292,
        1.267,
        1,
        1,
        1.378,
        -4.88,
        1.489,
        -7,
        1.6,
        -7,
        1,
        1.7,
        -7,
        1.8,
        -5.191,
        1.9,
        -1,
        1,
        2.022,
        4.122,
        2.145,
        7,
        2.267,
        7,
        1,
        2.378,
        7,
        2.489,
        5.632,
        2.6,
        1,
        1,
        2.722,
        -4.095,
        2.845,
        -8,
        2.967,
        -8,
        0,
        3.333,
        0
      ]
    },
    {
      "Target": "Parameter",
      "Id": "ParamTail2",
      "Segments": [
        0,
        0,
        2,
        0.333,
        0,
        0,
        0.633,
        -10,
        1,
        0.744,
        -10,
        0.856,
        -7.582,
        0.967,
        -1,
        1,
        1.067,
        4.924,
        1.167,
        9,
        1.267,
        9,
        1,
        1.378,
        9,
        1.489,
        5.667,
        1.6,
        -1,
        1,
        1.7,
        -7,
        1.8,
        -10,
        1.9,
        -10,
        1,
        2.022,
        -10,
        2.145,
        -7.81,
        2.267,
        -1,
        1,
        2.378,
        5.191,
        2.489,
        10,
        2.6,
        10,
        0,
        2.967,
        -1,
        0,
        3.333,
        0
      ]
    },
    {
      "Target": "Parameter",
      "Id": "ParamLarm",
      "Segments": [
        0,
        -15,
        0,
        0.8,
        6,
        0,
        1.5,
        -5,
        0,
        2.2,
        2,
        0,
        3.333,
        -15
      ]
    },
    {
      "Target": "Parameter",
      "Id": "ParamLforearm",
      "Segments": [
        0,
        15,
        0,
        1.133,
        30,
        2,
        2.067,
        30,
        2,
        2.5,
        30,
        0,
        3.333,
        15
      ]
    },
    {
      "Target": "Parameter",
      "Id": "ParamLforearmchange",
      "Segments": [
        0,
        10,
        2,
        0.233,
        10,
        0,
        0.8,
        0,
        2,
        2.267,
        0,
        0,
        2.967,
        10,
        2,
        3.333,
        10
      ]
    },
    {
      "Target": "Parameter",
      "Id": "ParamLhand",
      "Segments": [
        0,
        0,
        2,
        0.633,
        0,
        0,
        0.933,
        -21,
        0,
        1.633,
        -1,
        0,
        2.167,
        -18,
        0,
        2.667,
        0,
        2,
        3.333,
        0
      ]
    },
    {
      "Target": "Parameter",
      "Id": "ParamLfinger",
      "Segments": [
        0,
        0,
        0,
        1.067,
        -30,
        0,
        1.6,
        6,
        0,
        2.133,
        -30,
        0,
        2.633,
        0,
        2,
        3.333,
        0
      ]
    },
    {
      "Target": "Parameter",
      "Id": "ParamRarm",
      "Segments": [
        0,
        0,
        0,
        0.867,
        21,
        0,
        1.7,
        8,
        0,
        2.533,
        17,
        0,
        3.333,
        0
      ]
    },
    {
      "Target": "Parameter",
      "Id": "ParamRforearm",
      "Segments": [
        0,
        -15,
        0,
        0.867,
        -30,
        0,
        1.7,
        -21,
        0,
        2.6,
        -30,
        0,
        3.333,
        -15
      ]
    },
    {
      "Target": "Parameter",
      "Id": "ParamRhand",
      "Segments": [
        0,
        0,
        0,
        0.433,
        8,
        0,
        1.133,
        -30,
        0,
        1.967,
        -2,
        0,
        2.7,
        -21,
        0,
        3.333,
        0
      ]
    },
    {
      "Target": "Parameter",
      "Id": "ParamRfinger",
      "Segments": [
        0,
        0,
        0,
        0.5,
        30,
        0,
        1.333,
        -30,
        0,
        2.033,
        30,
        0,
        2.733,
        -30,
        0,
        3.333,
        0
      ]
    },
    {
      "Target": "Parameter",
      "Id": "ParamHairFront",
      "Segments": [
        0,
        0,
        2,
        0.267,
        0,
        0,
        0.467,
        -30,
        1,
        0.545,
        -30,
        0.622,
        -20.164,
        0.7,
        1,
        1,
        0.767,
        19.141,
        0.833,
        29,
        0.9,
        29,
        1,
        0.978,
        29,
        1.055,
        18.223,
        1.133,
        1,
        1,
        1.211,
        -16.223,
        1.289,
        -23,
        1.367,
        -23,
        1,
        1.456,
        -23,
        1.544,
        -18.116,
        1.633,
        -1,
        1,
        1.722,
        16.116,
        1.811,
        30,
        1.9,
        30,
        1,
        1.978,
        30,
        2.055,
        16.577,
        2.133,
        -1,
        1,
        2.211,
        -18.577,
        2.289,
        -24,
        2.367,
        -24,
        1,
        2.445,
        -24,
        2.522,
        -16.894,
        2.6,
        1,
        1,
        2.678,
        18.894,
        2.755,
        30,
        2.833,
        30,
        0,
        3.067,
        -1,
        0,
        3.333,
        0
      ]
    },
    {
      "Target": "Parameter",
      "Id": "ParamFore2",
      "Segments": [
        0,
        0,
        0,
        0.267,
        30,
        1,
        0.334,
        30,
        0.4,
        18.346,
        0.467,
        0,
        1,
        0.545,
        -21.404,
        0.622,
        -30,
        0.7,
        -30,
        1,
        0.767,
        -30,
        0.833,
        -19.123,
        0.9,
        -2,
        1,
        0.978,
        17.977,
        1.055,
        26,
        1.133,
        26,
        1,
        1.211,
        26,
        1.289,
        11.869,
        1.367,
        -5,
        1,
        1.456,
        -24.278,
        1.544,
        -30,
        1.633,
        -30,
        1,
        1.722,
        -30,
        1.811,
        -25.396,
        1.9,
        -6,
        1,
        1.978,
        10.972,
        2.055,
        28,
        2.133,
        28,
        1,
        2.211,
        28,
        2.289,
        18.333,
        2.367,
        -1,
        1,
        2.445,
        -20.333,
        2.522,
        -30,
        2.6,
        -30,
        1,
        2.678,
        -30,
        2.755,
        -23.171,
        2.833,
        -5,
        1,
        2.911,
        13.171,
        2.989,
        25,
        3.067,
        25,
        0,
        3.333,
        0
      ]
    },
    {
      "Target": "Parameter",
      "Id": "ParamHairSide",
      "Segments": [
        0,
        0,
        0,
        0.333,
        1,
        0,
        0.533,
        -21,
        1,
        0.611,
        -21,
        0.689,
        -16.291,
        0.767,
        -1,
        1,
        0.845,
        14.291,
        0.922,
        26,
        1,
        26,
        1,
        1.078,
        26,
        1.155,
        15.475,
        1.233,
        0,
        1,
        1.311,
        -15.475,
        1.389,
        -21,
        1.467,
        -21,
        1,
        1.556,
        -21,
        1.644,
        -11.627,
        1.733,
        4,
        1,
        1.833,
        21.581,
        1.933,
        29,
        2.033,
        29,
        1,
        2.1,
        29,
        2.166,
        17.761,
        2.233,
        1,
        1,
        2.311,
        -18.555,
        2.389,
        -26,
        2.467,
        -26,
        1,
        2.545,
        -26,
        2.622,
        -17.659,
        2.7,
        -2,
        1,
        2.778,
        13.659,
        2.855,
        21,
        2.933,
        21,
        0,
        3.133,
        -1,
        0,
        3.333,
        0
      ]
    },
    {
      "Target": "Parameter",
      "Id": "ParamSide2",
      "Segments": [
        0,
        0,
        0,
        0.333,
        22,
        1,
        0.4,
        22,
        0.466,
        7.117,
        0.533,
        -8,
        1,
        0.611,
        -25.637,
        0.689,
        -30,
        0.767,
        -30,
        1,
        0.845,
        -30,
        0.922,
        -20.638,
        1,
        -4,
        1,
        1.078,
        12.638,
        1.155,
        20,
        1.233,
        20,
        1,
        1.311,
        20,
        1.389,
        10.862,
        1.467,
        -4,
        1,
        1.556,
        -20.985,
        1.644,
        -28,
        1.733,
        -28,
        1,
        1.833,
        -28,
        1.933,
        -25.746,
        2.033,
        -10,
        1,
        2.1,
        0.497,
        2.166,
        22,
        2.233,
        22,
        1,
        2.311,
        22,
        2.389,
        16.893,
        2.467,
        0,
        1,
        2.545,
        -16.893,
        2.622,
        -30,
        2.7,
        -30,
        1,
        2.778,
        -30,
        2.855,
        -20.461,
        2.933,
        -4,
        1,
        3,
        10.11,
        3.066,
        16,
        3.133,
        16,
        0,
        3.333,
        0
      ]
    },
    {
      "Target": "Parameter",
      "Id": "ParamHairBack",
      "Segments": [
        0,
        0,
        0,
        0.2,
        30,
        1,
        0.289,
        30,
        0.378,
        19.882,
        0.467,
        1,
        1,
        0.556,
        -17.882,
        0.644,
        -26.68,
        0.733,
        -26.68,
        1,
        0.833,
        -26.68,
        0.933,
        -19.764,
        1.033,
        1,
        1,
        1.111,
        17.149,
        1.189,
        30,
        1.267,
        30,
        1,
        1.356,
        30,
        1.444,
        21.728,
        1.533,
        1,
        1,
        1.611,
        -17.137,
        1.689,
        -28.68,
        1.767,
        -28.68,
        1,
        1.856,
        -28.68,
        1.944,
        -18.557,
        2.033,
        1,
        1,
        2.122,
        20.557,
        2.211,
        30,
        2.3,
        30,
        1,
        2.378,
        30,
        2.455,
        20.495,
        2.533,
        -1,
        1,
        2.6,
        -19.424,
        2.666,
        -30,
        2.733,
        -30,
        1,
        2.822,
        -30,
        2.911,
        -21.381,
        3,
        1,
        1,
        3.056,
        14.988,
        3.111,
        25.246,
        3.167,
        25.246,
        0,
        3.333,
        0
      ]
    },
    {
      "Target": "Parameter",
      "Id": "ParamBack2",
      "Segments": [
        0,
        0,
        0,
        0.2,
        -2,
        0,
        0.467,
        30,
        1,
        0.556,
        30,
        0.644,
        17.148,
        0.733,
        -1,
        1,
        0.833,
        -21.416,
        0.933,
        -28.68,
        1.033,
        -28.68,
        1,
        1.111,
        -28.68,
        1.189,
        -25.197,
        1.267,
        -8,
        1,
        1.356,
        11.654,
        1.444,
        30,
        1.533,
        30,
        1,
        1.611,
        30,
        1.689,
        18.102,
        1.767,
        0,
        1,
        1.856,
        -20.688,
        1.944,
        -28.68,
        2.033,
        -28.68,
        1,
        2.122,
        -28.68,
        2.211,
        -25.696,
        2.3,
        -8,
        1,
        2.378,
        7.484,
        2.455,
        27.246,
        2.533,
        27.246,
        1,
        2.6,
        27.246,
        2.666,
        10.452,
        2.733,
        -4,
        1,
        2.822,
        -23.27,
        2.911,
        -27.68,
        3,
        -27.68,
        1,
        3.056,
        -27.68,
        3.111,
        -2.153,
        3.167,
        -1,
        1,
        3.222,
        0.153,
        3.278,
        0,
        3.333,
        0
      ]
    },
    {
      "Target": "Parameter",
      "Id": "ParamBack3",
      "Segments": [
        0,
        0,
        0,
        0.267,
        27,
        1,
        0.356,
        27,
        0.444,
        15.137,
        0.533,
        1,
        1,
        0.622,
        -13.137,
        0.711,
        -17,
        0.8,
        -17,
        1,
        0.9,
        -17,
        1,
        -11.8,
        1.1,
        2,
        1,
        1.167,
        11.2,
        1.233,
        18,
        1.3,
        18,
        1,
        1.389,
        18,
        1.478,
        10.504,
        1.567,
        0,
        1,
        1.667,
        -11.817,
        1.767,
        -16,
        1.867,
        -16,
        1,
        1.945,
        -16,
        2.022,
        -14.402,
        2.1,
        -4,
        1,
        2.178,
        6.402,
        2.255,
        19,
        2.333,
        19,
        1,
        2.422,
        19,
        2.511,
        11.473,
        2.6,
        -3,
        1,
        2.667,
        -13.854,
        2.733,
        -19,
        2.8,
        -19,
        1,
        2.889,
        -19,
        2.978,
        -2.174,
        3.067,
        -1,
        1,
        3.156,
        0.174,
        3.244,
        0,
        3.333,
        0
      ]
    },
    {
      "Target": "Parameter",
      "Id": "ParamBack4",
      "Segments": [
        0,
        0,
        0,
        0.267,
        -5,
        0,
        0.533,
        14,
        1,
        0.622,
        14,
        0.711,
        5.666,
        0.8,
        -4,
        1,
        0.9,
        -14.875,
        1,
        -18,
        1.1,
        -18,
        1,
        1.167,
        -18,
        1.233,
        -16.021,
        1.3,
        -6,
        1,
        1.389,
        7.362,
        1.478,
        19,
        1.567,
        19,
        1,
        1.667,
        19,
        1.767,
        8.389,
        1.867,
        -5,
        1,
        1.945,
        -15.414,
        2.022,
        -18,
        2.1,
        -18,
        1,
        2.178,
        -18,
        2.255,
        -11.526,
        2.333,
        -1,
        1,
        2.422,
        11.03,
        2.511,
        16,
        2.6,
        16,
        1,
        2.667,
        16,
        2.733,
        9.2,
        2.8,
        -1,
        1,
        2.889,
        -14.6,
        2.978,
        -20,
        3.067,
        -20,
        0,
        3.333,
        0
      ]
    },
    {
      "Target": "Parameter",
      "Id": "ParamWindow",
      "Segments": [
        0,
        0,
        0,
        0.867,
        -2,
        0,
        2.167,
        2,
        0,
        3.333,
        0
      ]
    },
    {
      "Target": "Parameter",
      "Id": "ParamCurtain1",
      "Segments": [
        0,
        0,
        1,
        0.111,
        0,
        0.222,
        4.316,
        0.333,
        12,
        1,
        0.511,
        24.294,
        0.689,
        30,
        0.867,
        30,
        1,
        1.045,
        30,
        1.222,
        27.296,
        1.4,
        18,
        1,
        1.567,
        9.285,
        1.733,
        2,
        1.9,
        2,
        1,
        2.044,
        2,
        2.189,
        7.027,
        2.333,
        16,
        1,
        2.489,
        25.664,
        2.644,
        30,
        2.8,
        30,
        0,
        3.333,
        0
      ]
    },
    {
      "Target": "Parameter",
      "Id": "ParamCurtain2",
      "Segments": [
        0,
        0,
        0,
        0.333,
        -30,
        1,
        0.511,
        -30,
        0.689,
        -22.559,
        0.867,
        -4,
        1,
        1.045,
        14.559,
        1.222,
        26,
        1.4,
        26,
        1,
        1.567,
        26,
        1.733,
        13.884,
        1.9,
        -6,
        1,
        2.044,
        -23.233,
        2.189,
        -30,
        2.333,
        -30,
        1,
        2.489,
        -30,
        2.644,
        -7.648,
        2.8,
        -4,
        1,
        2.978,
        0.169,
        3.155,
        0,
        3.333,
        0
      ]
    },
    {
      "Target": "Parameter",
      "Id": "ParamBodyAngleY",
      "Segments": [
        0,
        0,
        0,
        3.333,
        0
      ]
    },
    {
      "Target": "Parameter",
      "Id": "ParamEyeRSmile",
      "Segments": [
        0,
        0,
        0,
        3.333,
        0
      ]
    },
    {
      "Target": "Parameter",
      "Id": "ParamBrowLX",
      "Segments": [
        0,
        0,
        0,
        3.333,
        0
      ]
    },
    {
      "Target": "Parameter",
      "Id": "ParamBrowRX",
      "Segments": [
        0,
        0,
        0,
        3.333,
        0
      ]
    },
    {
      "Target": "Parameter",
      "Id": "ParamBreath",
      "Segments": [
        0,
        0,
        0,
        3.333,
        0
      ]
    },
    {
      "Target": "Parameter",
      "Id": "ParamEyeSmile",
      "Segments": [
        0,
        1,
        0,
        3.333,
        1
      ]
    },
    {
      "Target": "Parameter",
      "Id": "ParamLstar",
      "Segments": [
        0,
        0,
        0,
        3.333,
        0
      ]
    },
    {
      "Target": "Parameter",
      "Id": "ParamRline",
      "Segments": [
        0,
        0,
        0,
        3.333,
        0
      ]
    },
    {
      "Target": "Parameter",
      "Id": "ParamHighlightsize",
      "Segments": [
        0,
        0,
        0,
        3.333,
        0
      ]
    },
    {
      "Target": "Parameter",
      "Id": "ParamBrowLForm",
      "Segments": [
        0,
        0,
        0,
        3.333,
        0
      ]
    },
    {
      "Target": "Parameter",
      "Id": "ParamBrowRForm",
      "Segments": [
        0,
        0,
        0,
        3.333,
        0
      ]
    },
    {
      "Target": "Parameter",
      "Id": "ParamNose",
      "Segments": [
        0,
        0,
        0,
        3.333,
        0
      ]
    },
    {
      "Target": "Parameter",
      "Id": "ParamAngry",
      "Segments": [
        0,
        0,
        0,
        3.333,
        0
      ]
    },
    {
      "Target": "Parameter",
      "Id": "ParamNotice",
      "Segments": [
        0,
        0,
        0,
        3.333,
        0
      ]
    },
    {
      "Target": "Parameter",
      "Id": "ParamQuestion",
      "Segments": [
        0,
        0,
        0,
        3.333,
        0
      ]
    },
    {
      "Target": "Parameter",
      "Id": "ParamHoshi0",
      "Segments": [
        0,
        0,
        0,
        3.333,
        0
      ]
    },
    {
      "Target": "Parameter",
      "Id": "ParamHoshi",
      "Segments": [
        0,
        0,
        0,
        3.333,
        0
      ]
    },
    {
      "Target": "Parameter",
      "Id": "ParamZ0",
      "Segments": [
        0,
        0,
        0,
        3.333,
        0
      ]
    },
    {
      "Target": "Parameter",
      "Id": "ParamZ",
      "Segments": [
        0,
        0,
        0,
        3.333,
        0
      ]
    },
    {
      "Target": "Parameter",
      "Id": "ParamIDW",
      "Segments": [
        0,
        1,
        0,
        3.333,
        1
      ]
    },
    {
      "Target": "Parameter",
      "Id": "ParamWindowlayer",
      "Segments": [
        0,
        0,
        0,
        3.333,
        0
      ]
    },
    {
      "Target": "Parameter",
      "Id": "ParamPz",
      "Segments": [
        0,
        -16,
        0,
        3.333,
        -16
      ]
    },
    {
      "Target": "Parameter",
      "Id": "ParamZoom",
      "Segments": [
        0,
        0,
        0,
        3.333,
        0
      ]
    },
    {
      "Target": "Parameter",
      "Id": "ParamTailangry",
      "Segments": [
        0,
        0,
        0,
        3.333,
        0
      ]
    },
    {
      "Target": "Parameter",
      "Id": "ParamLight0",
      "Segments": [
        0,
        0,
        0,
        3.333,
        0
      ]
    },
    {
      "Target": "Parameter",
      "Id": "ParamRforearmx",
      "Segments": [
        0,
        0,
        0,
        3.333,
        0
      ]
    },
    {
      "Target": "Parameter",
      "Id": "ParamRhandchange",
      "Segments": [
        0,
        10,
        0,
        3.333,
        10
      ]
    },
    {
      "Target": "Parameter",
      "Id": "ParamLleg",
      "Segments": [
        0,
        0,
        0,
        3.333,
        0
      ]
    },
    {
      "Target": "Parameter",
      "Id": "ParamLforeleg",
      "Segments": [
        0,
        0,
        0,
        3.333,
        0
      ]
    },
    {
      "Target": "Parameter",
      "Id": "ParamLfoot",
      "Segments": [
        0,
        0,
        0,
        3.333,
        0
      ]
    },
    {
      "Target": "Parameter",
      "Id": "ParamRleg",
      "Segments": [
        0,
        0,
        0,
        3.333,
        0
      ]
    },
    {
      "Target": "Parameter",
      "Id": "ParamRforeleg",
      "Segments": [
        0,
        0,
        0,
        3.333,
        0
      ]
    },
    {
      "Target": "Parameter",
      "Id": "ParamRfoot",
      "Segments": [
        0,
        0,
        0,
        3.333,
        0
      ]
    },
    {
      "Target": "Parameter",
      "Id": "ParamBird0",
      "Segments": [
        0,
        0,
        0,
        3.333,
        0
      ]
    },
    {
      "Target": "Parameter",
      "Id": "ParamBirdx",
      "Segments": [
        0,
        0,
        0,
        3.333,
        0
      ]
    },
    {
      "Target": "Parameter",
      "Id": "ParamBirdy",
      "Segments": [
        0,
        0,
        0,
        3.333,
        0
      ]
    },
    {
      "Target": "Parameter",
      "Id": "ParamBirdz",
      "Segments": [
        0,
        0,
        0,
        3.333,
        0
      ]
    },
    {
      "Target": "Parameter",
      "Id": "ParamBirdhead",
      "Segments": [
        0,
        0,
        0,
        3.333,
        0
      ]
    },
    {
      "Target": "Parameter",
      "Id": "ParamBirdtear",
      "Segments": [
        0,
        0,
        0,
        3.333,
        0
      ]
    },
    {
      "Target": "Parameter",
      "Id": "ParamBirdeye",
      "Segments": [
        0,
        0,
        0,
        3.333,
        0
      ]
    },
    {
      "Target": "Parameter",
      "Id": "ParamBirdmouth",
      "Segments": [
        0,
        0,
        0,
        3.333,
        0
      ]
    },
    {
      "Target": "Parameter",
      "Id": "ParamFishlocation",
      "Segments": [
        0,
        0,
        0,
        3.333,
        0
      ]
    },
    {
      "Target": "Parameter",
      "Id": "ParamBirdshiba",
      "Segments": [
        0,
        0,
        0,
        3.333,
        0
      ]
    },
    {
      "Target": "Parameter",
      "Id": "ParamLwing",
      "Segments": [
        0,
        0,
        0,
        3.333,
        0
      ]
    },
    {
      "Target": "Parameter",
      "Id": "ParamLwing1",
      "Segments": [
        0,
        0,
        0,
        3.333,
        0
      ]
    },
    {
      "Target": "Parameter",
      "Id": "ParamLwing2",
      "Segments": [
        0,
        0,
        0,
        3.333,
        0
      ]
    },
    {
      "Target": "Parameter",
      "Id": "ParamRwing",
      "Segments": [
        0,
        0,
        0,
        3.333,
        0
      ]
    },
    {
      "Target": "Parameter",
      "Id": "ParamRwing1",
      "Segments": [
        0,
        0,
        0,
        3.333,
        0
      ]
    },
    {
      "Target": "Parameter",
      "Id": "ParamRwing2",
      "Segments": [
        0,
        0,
        0,
        3.333,
        0
      ]
    },
    {
      "Target": "Parameter",
      "Id": "ParamBlleg",
      "Segments": [
        0,
        0,
        0,
        3.333,
        0
      ]
    },
    {
      "Target": "Parameter",
      "Id": "ParamBlfoot",
      "Segments": [
        0,
        0,
        0,
        3.333,
        0
      ]
    },
    {
      "Target": "Parameter",
      "Id": "ParamBrleg",
      "Segments": [
        0,
        0,
        0,
        3.333,
        0
      ]
    },
    {
      "Target": "Parameter",
      "Id": "ParamBrfoot",
      "Segments": [
        0,
        0,
        0,
        3.333,
        0
      ]
    },
    {
      "Target": "Parameter",
      "Id": "ParamBow",
      "Segments": [
        0,
        0,
        0,
        3.333,
        0
      ]
    },
    {
      "Target": "Parameter",
      "Id": "ParamBow0",
      "Segments": [
        0,
        0,
        0,
        3.333,
        0
      ]
    },
    {
      "Target": "Parameter",
      "Id": "ParamWater",
      "Segments": [
        0,
        0,
        0,
        3.333,
        0
      ]
    },
    {
      "Target": "Parameter",
      "Id": "ParamWater0",
      "Segments": [
        0,
        0,
        0,
        3.333,
        0
      ]
    },
    {
      "Target": "Parameter",
      "Id": "ParamBlackback",
      "Segments": [
        0,
        0,
        0,
        3.333,
        0
      ]
    },
    {
      "Target": "Parameter",
      "Id": "ParamBlackfront",
      "Segments": [
        0,
        0,
        0,
        3.333,
        0
      ]
    }
  ],
  "UserData": [
    {
      "Time": 0.0,
      "Value": ""
    }
  ]
}