{
  "Version": 3,
  "Meta": {
    "Duration": 6.233,
    "Fps": 30.0,
    "Loop": true,
    "AreBeziersRestricted": true,
    "CurveCount": 99,
    "TotalSegmentCount": 574,
    "TotalPointCount": 1186,
    "UserDataCount": 1,
    "TotalUserDataSize": 0
  },
  "Curves": [
    {
      "Target": "Parameter",
      "Id": "ParamAngleX",
      "Segments": [
        0,
        0,
        0,
        0.767,
        -5,
        0,
        1.667,
        12,
        1,
        1.967,
        12,
        2.267,
        11.075,
        2.567,
        1,
        1,
        2.767,
        -5.717,
        2.967,
        -30,
        3.167,
        -30,
        2,
        3.6,
        -30,
        1,
        4.033,
        -30,
        4.467,
        -5.259,
        4.9,
        0,
        1,
        5.056,
        1.888,
        5.211,
        1.005,
        5.367,
        2,
        1,
        5.522,
        2.995,
        5.678,
        5,
        5.833,
        5,
        0,
        6.233,
        0
      ]
    },
    {
      "Target": "Parameter",
      "Id": "ParamAngleY",
      "Segments": [
        0,
        0,
        0,
        0.767,
        8,
        0,
        1.667,
        -25,
        1,
        1.967,
        -25,
        2.267,
        -19.005,
        2.567,
        -12,
        1,
        2.767,
        -7.33,
        2.967,
        -2.614,
        3.167,
        -1,
        1,
        3.311,
        0.166,
        3.456,
        0,
        3.6,
        0,
        2,
        4.9,
        0,
        0,
        5.367,
        -24,
        0,
        5.833,
        5,
        0,
        6.233,
        0
      ]
    },
    {
      "Target": "Parameter",
      "Id": "ParamAngleZ",
      "Segments": [
        0,
        0,
        0,
        0.967,
        -30,
        0,
        1.767,
        -12,
        1,
        2.211,
        -12,
        2.656,
        -12.176,
        3.1,
        -14,
        1,
        3.289,
        -14.775,
        3.478,
        -26,
        3.667,
        -26,
        0,
        4.3,
        18,
        1,
        4.656,
        18,
        5.011,
        2.65,
        5.367,
        1,
        1,
        5.656,
        -0.341,
        5.944,
        0,
        6.233,
        0
      ]
    },
    {
      "Target": "Parameter",
      "Id": "ParamEyeLOpen",
      "Segments": [
        0,
        1,
        2,
        0.367,
        1,
        1,
        0.511,
        0.999,
        0.656,
        0.801,
        0.8,
        0.8,
        1,
        0.956,
        0.802,
        1.111,
        1.198,
        1.267,
        1.2,
        1,
        1.4,
        1.198,
        1.534,
        0.702,
        1.667,
        0.7,
        1,
        1.845,
        0.7,
        2.022,
        0.737,
        2.2,
        0.859,
        1,
        2.389,
        0.971,
        2.578,
        1.299,
        2.767,
        1.3,
        1,
        2.945,
        1.301,
        3.122,
        0.999,
        3.3,
        1,
        2,
        4.833,
        1,
        1,
        4.889,
        1.008,
        4.944,
        -0.008,
        5,
        0,
        2,
        5.8,
        0,
        1,
        5.878,
        -0.008,
        5.955,
        1.008,
        6.033,
        1,
        2,
        6.233,
        1
      ]
    },
    {
      "Target": "Parameter",
      "Id": "ParamEyeROpen",
      "Segments": [
        0,
        1,
        2,
        0.367,
        1,
        1,
        0.511,
        0.999,
        0.656,
        0.801,
        0.8,
        0.8,
        1,
        0.956,
        0.802,
        1.111,
        1.198,
        1.267,
        1.2,
        1,
        1.4,
        1.198,
        1.534,
        0.702,
        1.667,
        0.7,
        1,
        1.845,
        0.7,
        2.022,
        0.737,
        2.2,
        0.859,
        1,
        2.389,
        0.971,
        2.578,
        1.299,
        2.767,
        1.3,
        1,
        2.945,
        1.301,
        3.122,
        0.999,
        3.3,
        1,
        2,
        4.833,
        1,
        1,
        4.889,
        1.008,
        4.944,
        -0.008,
        5,
        0,
        2,
        5.8,
        0,
        1,
        5.878,
        -0.008,
        5.955,
        1.008,
        6.033,
        1,
        2,
        6.233,
        1
      ]
    },
    {
      "Target": "Parameter",
      "Id": "ParamEyeBallX",
      "Segments": [
        0,
        0,
        0,
        0.5,
        -0.5,
        0,
        1,
        -0.4,
        1,
        1.133,
        -0.4,
        1.267,
        -0.423,
        1.4,
        -0.5,
        1,
        1.489,
        -0.551,
        1.578,
        -0.6,
        1.667,
        -0.6,
        0,
        3.333,
        -0.3,
        2,
        3.867,
        -0.3,
        0,
        4.233,
        -0.7,
        0,
        5.367,
        -0.5,
        0,
        6.033,
        -0.8,
        0,
        6.233,
        0
      ]
    },
    {
      "Target": "Parameter",
      "Id": "ParamEyeBallY",
      "Segments": [
        0,
        0,
        0,
        0.5,
        0.6,
        0,
        1,
        0,
        0,
        1.4,
        0.2,
        0,
        1.667,
        -0.1,
        0,
        3.333,
        0.3,
        1,
        3.511,
        0.3,
        3.689,
        0.197,
        3.867,
        0,
        1,
        3.989,
        -0.136,
        4.111,
        -0.2,
        4.233,
        -0.2,
        0,
        5.367,
        0.2,
        2,
        6.033,
        0.2,
        0,
        6.233,
        0
      ]
    },
    {
      "Target": "Parameter",
      "Id": "ParamBrowLY",
      "Segments": [
        0,
        0,
        0,
        0.8,
        -0.1,
        0,
        1.5,
        0,
        2,
        3.067,
        0,
        0,
        3.733,
        -0.2,
        0,
        4.167,
        0,
        2,
        6.233,
        0
      ]
    },
    {
      "Target": "Parameter",
      "Id": "ParamBrowLAngle",
      "Segments": [
        0,
        0,
        0,
        0.8,
        0.6,
        0,
        1.5,
        0,
        2,
        3.067,
        0,
        0,
        3.733,
        -0.7,
        0,
        4.167,
        0,
        2,
        6.233,
        0
      ]
    },
    {
      "Target": "Parameter",
      "Id": "ParamBrowRAngle",
      "Segments": [
        0,
        0,
        0,
        0.8,
        0.4,
        0,
        1.5,
        0,
        2,
        3.067,
        0,
        0,
        3.733,
        -0.2,
        0,
        4.167,
        0,
        2,
        6.233,
        0
      ]
    },
    {
      "Target": "Parameter",
      "Id": "ParamMouthOpenY",
      "Segments": [
        0,
        1,
        2,
        0.133,
        1,
        2,
        0.167,
        0.8,
        1,
        0.178,
        0.507,
        0.189,
        0.166,
        0.2,
        0.18,
        1,
        0.211,
        0.165,
        0.222,
        0.52,
        0.233,
        0.824,
        3,
        0.267,
        1,
        2,
        0.433,
        1,
        1,
        0.466,
        1.102,
        0.5,
        0.072,
        0.533,
        0.157,
        1,
        0.555,
        0.151,
        0.578,
        1.094,
        0.6,
        1,
        1,
        0.622,
        1.092,
        0.645,
        0.036,
        0.667,
        0.039,
        1,
        0.689,
        0.052,
        0.711,
        0.065,
        0.733,
        0.078,
        1,
        0.755,
        0.077,
        0.778,
        0.001,
        0.8,
        0,
        1,
        0.811,
        -0.023,
        0.822,
        0.521,
        0.833,
        0.988,
        3,
        0.867,
        1,
        2,
        1.067,
        1,
        1,
        1.089,
        0.968,
        1.111,
        0.78,
        1.133,
        0.703,
        1,
        1.155,
        0.613,
        1.178,
        0.557,
        1.2,
        0.557,
        1,
        1.222,
        0.556,
        1.245,
        0.64,
        1.267,
        0.745,
        1,
        1.278,
        0.799,
        1.289,
        0.864,
        1.3,
        0.922,
        1,
        1.311,
        1.009,
        1.322,
        1.002,
        1.333,
        1,
        2,
        1.467,
        1,
        1,
        1.511,
        0.765,
        1.556,
        0.287,
        1.6,
        0.298,
        1,
        1.633,
        0.289,
        1.667,
        0.805,
        1.7,
        1,
        2,
        1.767,
        1,
        1,
        1.8,
        0.752,
        1.834,
        0.2,
        1.867,
        0.204,
        1,
        1.889,
        0.215,
        1.911,
        0.922,
        1.933,
        0.933,
        1,
        1.955,
        0.924,
        1.978,
        0.37,
        2,
        0.361,
        1,
        2.022,
        0.363,
        2.045,
        0.492,
        2.067,
        0.494,
        1,
        2.089,
        0.493,
        2.111,
        0.44,
        2.133,
        0.439,
        1,
        2.178,
        0.437,
        2.222,
        0.7,
        2.267,
        0.698,
        1,
        2.289,
        0.687,
        2.311,
        0.011,
        2.333,
        0,
        1,
        2.366,
        -0.106,
        2.4,
        1.142,
        2.433,
        1,
        2,
        2.533,
        1,
        1,
        2.555,
        0.712,
        2.578,
        0.446,
        2.6,
        0.439,
        1,
        2.644,
        0.436,
        2.689,
        0.723,
        2.733,
        1,
        2,
        2.9,
        1,
        1,
        2.933,
        1.173,
        2.967,
        -0.054,
        3,
        0.055,
        1,
        3.022,
        0.058,
        3.045,
        0.06,
        3.067,
        0.063,
        0,
        3.2,
        0,
        2,
        3.4,
        0,
        1,
        3.444,
        -0.004,
        3.489,
        0.577,
        3.533,
        0.573,
        1,
        3.555,
        0.572,
        3.578,
        0.519,
        3.6,
        0.518,
        1,
        3.622,
        0.521,
        3.645,
        0.734,
        3.667,
        0.737,
        1,
        3.689,
        0.736,
        3.711,
        0.66,
        3.733,
        0.659,
        1,
        3.755,
        0.663,
        3.778,
        1.002,
        3.8,
        1,
        1,
        3.822,
        1.002,
        3.845,
        0.686,
        3.867,
        0.682,
        1,
        3.911,
        0.681,
        3.956,
        0.848,
        4,
        0.847,
        1,
        4.022,
        0.835,
        4.045,
        0.106,
        4.067,
        0.094,
        1,
        4.089,
        0.108,
        4.111,
        0.974,
        4.133,
        0.988,
        1,
        4.2,
        0.995,
        4.266,
        0.174,
        4.333,
        0.18,
        1,
        4.344,
        0.169,
        4.356,
        0.447,
        4.367,
        0.686,
        1,
        4.378,
        1.04,
        4.389,
        1.006,
        4.4,
        1,
        2,
        4.433,
        1,
        1,
        4.466,
        0.8,
        4.5,
        0.206,
        4.533,
        0.22,
        1,
        4.566,
        0.167,
        4.6,
        0.979,
        4.633,
        1,
        2,
        4.7,
        1,
        1,
        4.711,
        0.987,
        4.722,
        0.765,
        4.733,
        0.792,
        1,
        4.755,
        0.794,
        4.778,
        0.916,
        4.8,
        0.918,
        1,
        4.911,
        0.914,
        5.022,
        0.004,
        5.133,
        0,
        2,
        6.233,
        0
      ]
    },
    {
      "Target": "Parameter",
      "Id": "ParamBodyAngleX",
      "Segments": [
        0,
        0,
        2,
        1.933,
        0,
        1,
        2.189,
        0,
        2.444,
        1.579,
        2.7,
        4,
        1,
        3.144,
        8.211,
        3.589,
        10,
        4.033,
        10,
        0,
        6.233,
        0
      ]
    },
    {
      "Target": "Parameter",
      "Id": "ParamBodyAngleZ",
      "Segments": [
        0,
        0,
        0,
        1.067,
        1,
        0,
        2,
        0,
        2,
        2.967,
        0,
        0,
        3.7,
        6,
        1,
        3.867,
        6,
        4.033,
        5.506,
        4.2,
        1,
        1,
        4.322,
        -2.305,
        4.445,
        -10,
        4.567,
        -10,
        0,
        4.667,
        0,
        2,
        6.233,
        0
      ]
    },
    {
      "Target": "Parameter",
      "Id": "ParamIDW",
      "Segments": [
        0,
        1,
        2,
        4.333,
        1,
        0,
        4.433,
        0,
        2,
        4.6,
        0,
        0,
        4.667,
        1,
        2,
        6.233,
        1
      ]
    },
    {
      "Target": "Parameter",
      "Id": "ParamWindowlayer",
      "Segments": [
        0,
        0,
        2,
        3.9,
        0,
        0,
        3.933,
        -1,
        2,
        4.567,
        -1,
        0,
        4.667,
        0,
        2,
        6.233,
        0
      ]
    },
    {
      "Target": "Parameter",
      "Id": "ParamPx",
      "Segments": [
        0,
        -10,
        2,
        2.9,
        -10,
        0,
        3.333,
        -11,
        2,
        3.8,
        -11,
        1,
        3.867,
        -11,
        3.933,
        -0.407,
        4,
        1,
        1,
        4.111,
        3.346,
        4.222,
        3.717,
        4.333,
        6,
        1,
        4.389,
        7.142,
        4.444,
        30,
        4.5,
        30,
        0,
        4.6,
        -10,
        2,
        6.233,
        -10
      ]
    },
    {
      "Target": "Parameter",
      "Id": "ParamPy",
      "Segments": [
        0,
        -15,
        2,
        3.8,
        -15,
        0,
        4,
        6,
        0,
        4.333,
        -30,
        2,
        4.5,
        -30,
        0,
        4.6,
        -15,
        2,
        6.233,
        -15
      ]
    },
    {
      "Target": "Parameter",
      "Id": "ParamPz",
      "Segments": [
        0,
        -16,
        2,
        3.467,
        -16,
        2,
        3.8,
        -16,
        1,
        3.911,
        -16,
        4.022,
        -8.938,
        4.133,
        12,
        1,
        4.155,
        16.188,
        4.178,
        30,
        4.2,
        30,
        2,
        4.567,
        30,
        0,
        4.833,
        -16,
        2,
        6.233,
        -16
      ]
    },
    {
      "Target": "Parameter",
      "Id": "ParamZoom",
      "Segments": [
        0,
        0,
        2,
        3.9,
        0,
        0,
        4.2,
        30,
        2,
        4.467,
        30,
        0,
        4.6,
        0,
        2,
        6.233,
        0
      ]
    },
    {
      "Target": "Parameter",
      "Id": "ParamTail1",
      "Segments": [
        0,
        0,
        1,
        0.111,
        0,
        0.222,
        0.007,
        0.333,
        -1,
        1,
        0.411,
        -1.705,
        0.489,
        -6,
        0.567,
        -6,
        1,
        0.645,
        -6,
        0.722,
        -2.506,
        0.8,
        1,
        1,
        0.889,
        5.007,
        0.978,
        6,
        1.067,
        6,
        1,
        1.167,
        6,
        1.267,
        4.218,
        1.367,
        0,
        1,
        1.456,
        -3.75,
        1.544,
        -6,
        1.633,
        -6,
        1,
        1.733,
        -6,
        1.833,
        -3.393,
        1.933,
        0,
        1,
        2.044,
        3.77,
        2.156,
        5,
        2.267,
        5,
        1,
        2.378,
        5,
        2.489,
        3.498,
        2.6,
        0,
        1,
        2.7,
        -3.148,
        2.8,
        -5,
        2.9,
        -5,
        1,
        3.011,
        -5,
        3.122,
        -3.891,
        3.233,
        0,
        1,
        3.322,
        3.112,
        3.411,
        6,
        3.5,
        6,
        1,
        3.622,
        6,
        3.745,
        3.833,
        3.867,
        0,
        1,
        3.978,
        -3.485,
        4.089,
        -5,
        4.2,
        -5,
        1,
        4.3,
        -5,
        4.4,
        -3.994,
        4.5,
        0,
        1,
        4.589,
        3.55,
        4.678,
        7,
        4.767,
        7,
        1,
        4.889,
        7,
        5.011,
        5.717,
        5.133,
        1,
        1,
        5.222,
        -2.431,
        5.311,
        -6,
        5.4,
        -6,
        1,
        5.489,
        -6,
        5.578,
        -5.067,
        5.667,
        -1,
        1,
        5.756,
        3.067,
        5.844,
        7,
        5.933,
        7,
        0,
        6.233,
        0
      ]
    },
    {
      "Target": "Parameter",
      "Id": "ParamTail2",
      "Segments": [
        0,
        0,
        0,
        0.333,
        7,
        1,
        0.411,
        7,
        0.489,
        3.067,
        0.567,
        -1,
        1,
        0.645,
        -5.067,
        0.722,
        -6,
        0.8,
        -6,
        1,
        0.889,
        -6,
        0.978,
        -3.75,
        1.067,
        0,
        1,
        1.167,
        4.218,
        1.267,
        6,
        1.367,
        6,
        1,
        1.456,
        6,
        1.544,
        4.356,
        1.633,
        0,
        1,
        1.733,
        -4.9,
        1.833,
        -8,
        1.933,
        -8,
        1,
        2.044,
        -8,
        2.156,
        -5.304,
        2.267,
        -1,
        1,
        2.378,
        3.304,
        2.489,
        5,
        2.6,
        5,
        1,
        2.7,
        5,
        2.8,
        2.777,
        2.9,
        -1,
        1,
        3.011,
        -5.197,
        3.122,
        -7,
        3.233,
        -7,
        1,
        3.322,
        -7,
        3.411,
        -3.441,
        3.5,
        -1,
        1,
        3.622,
        2.356,
        3.745,
        3,
        3.867,
        3,
        1,
        3.978,
        3,
        4.089,
        2.66,
        4.2,
        0,
        1,
        4.3,
        -2.394,
        4.4,
        -6,
        4.5,
        -6,
        1,
        4.589,
        -6,
        4.678,
        -4.368,
        4.767,
        -1,
        1,
        4.889,
        3.631,
        5.011,
        6,
        5.133,
        6,
        1,
        5.222,
        6,
        5.311,
        5.892,
        5.4,
        3,
        1,
        5.489,
        0.108,
        5.578,
        -6,
        5.667,
        -6,
        0,
        5.933,
        1,
        0,
        6.233,
        0
      ]
    },
    {
      "Target": "Parameter",
      "Id": "ParamLight0",
      "Segments": [
        0,
        0,
        2,
        3,
        0,
        0,
        3.367,
        1,
        2,
        3.767,
        1,
        2,
        4,
        1,
        0,
        4.633,
        0,
        2,
        6.233,
        0
      ]
    },
    {
      "Target": "Parameter",
      "Id": "ParamLarm",
      "Segments": [
        0,
        -15,
        2,
        2.733,
        -15,
        1,
        2.933,
        -15,
        3.133,
        -11.318,
        3.333,
        -6,
        1,
        3.478,
        -2.159,
        3.622,
        -1,
        3.767,
        -1,
        0,
        5.6,
        -20,
        0,
        6.233,
        -15
      ]
    },
    {
      "Target": "Parameter",
      "Id": "ParamLforearm",
      "Segments": [
        0,
        15,
        2,
        0.533,
        15,
        0,
        1.7,
        -6,
        2,
        2.967,
        -6,
        0,
        3.633,
        30,
        2,
        4.033,
        30,
        0,
        4.3,
        -14,
        1,
        4.456,
        -14,
        4.611,
        1.176,
        4.767,
        4,
        1,
        5.256,
        12.877,
        5.744,
        15,
        6.233,
        15
      ]
    },
    {
      "Target": "Parameter",
      "Id": "ParamLforearmchange",
      "Segments": [
        0,
        10,
        2,
        3.7,
        10,
        0,
        3.967,
        0,
        2,
        4.467,
        0,
        2,
        4.667,
        0,
        0,
        5,
        10,
        2,
        6.233,
        10
      ]
    },
    {
      "Target": "Parameter",
      "Id": "ParamLhand",
      "Segments": [
        0,
        0,
        2,
        2.5,
        0,
        2,
        3.7,
        0,
        0,
        4.3,
        -30,
        0,
        6.233,
        0
      ]
    },
    {
      "Target": "Parameter",
      "Id": "ParamLfinger",
      "Segments": [
        0,
        0,
        0,
        4.3,
        -14,
        0,
        6.233,
        0
      ]
    },
    {
      "Target": "Parameter",
      "Id": "ParamRarm",
      "Segments": [
        0,
        0,
        0,
        0.867,
        -30,
        0,
        1.9,
        -20,
        0,
        2.833,
        -30,
        1,
        3.033,
        -30,
        3.233,
        -19.89,
        3.433,
        -14,
        1,
        3.6,
        -9.091,
        3.766,
        -7.681,
        3.933,
        -4,
        1,
        4.155,
        0.908,
        4.378,
        4,
        4.6,
        4,
        0,
        6.233,
        0
      ]
    },
    {
      "Target": "Parameter",
      "Id": "ParamRforearm",
      "Segments": [
        0,
        -15,
        0,
        0.9,
        -30,
        0,
        1.9,
        -21,
        0,
        2.867,
        -30,
        0,
        3.433,
        -18,
        0,
        3.967,
        -30,
        2,
        4.767,
        -30,
        2,
        5.667,
        -30,
        0,
        6.233,
        -15
      ]
    },
    {
      "Target": "Parameter",
      "Id": "ParamRforearmx",
      "Segments": [
        0,
        0,
        0,
        0.9,
        22,
        2,
        2.867,
        22,
        0,
        6.233,
        0
      ]
    },
    {
      "Target": "Parameter",
      "Id": "ParamRhand",
      "Segments": [
        0,
        0,
        1,
        0.144,
        0,
        0.289,
        -15.127,
        0.433,
        -21,
        1,
        0.633,
        -29.132,
        0.833,
        -30,
        1.033,
        -30,
        2,
        1.9,
        -30,
        0,
        2.933,
        -15,
        0,
        3.833,
        -24,
        0,
        6.233,
        0
      ]
    },
    {
      "Target": "Parameter",
      "Id": "ParamRhandchange",
      "Segments": [
        0,
        10,
        2,
        3.733,
        10,
        0,
        4,
        0,
        0,
        4.8,
        10,
        2,
        6.233,
        10
      ]
    },
    {
      "Target": "Parameter",
      "Id": "ParamRfinger",
      "Segments": [
        0,
        0,
        0,
        3.833,
        -30,
        0,
        4,
        30,
        0,
        6.233,
        0
      ]
    },
    {
      "Target": "Parameter",
      "Id": "ParamLleg",
      "Segments": [
        0,
        0,
        2,
        3.533,
        0,
        1,
        3.6,
        0,
        3.666,
        0.659,
        3.733,
        1,
        1,
        3.822,
        1.454,
        3.911,
        1.346,
        4,
        2,
        1,
        4.1,
        2.735,
        4.2,
        30,
        4.3,
        30,
        1,
        4.344,
        30,
        4.389,
        26,
        4.433,
        18,
        1,
        4.5,
        6,
        4.566,
        0,
        4.633,
        0,
        2,
        6.233,
        0
      ]
    },
    {
      "Target": "Parameter",
      "Id": "ParamLforeleg",
      "Segments": [
        0,
        0,
        2,
        3.533,
        0,
        0,
        3.733,
        20,
        1,
        3.822,
        20,
        3.911,
        0.714,
        4,
        -5,
        1,
        4.1,
        -11.428,
        4.2,
        -12.542,
        4.3,
        -18,
        1,
        4.344,
        -20.426,
        4.389,
        -30,
        4.433,
        -30,
        0,
        4.633,
        0,
        2,
        6.233,
        0
      ]
    },
    {
      "Target": "Parameter",
      "Id": "ParamRleg",
      "Segments": [
        0,
        0,
        2,
        3.533,
        0,
        1,
        3.6,
        0,
        3.666,
        1,
        3.733,
        3,
        1,
        3.778,
        4.333,
        3.822,
        5.415,
        3.867,
        7,
        1,
        3.878,
        7.396,
        3.889,
        30,
        3.9,
        30,
        0,
        4,
        -3,
        1,
        4.089,
        -3,
        4.178,
        -1.164,
        4.267,
        8,
        1,
        4.3,
        11.436,
        4.334,
        30,
        4.367,
        30,
        0,
        4.633,
        0,
        2,
        6.233,
        0
      ]
    },
    {
      "Target": "Parameter",
      "Id": "ParamRforeleg",
      "Segments": [
        0,
        0,
        2,
        3.533,
        0,
        0,
        3.733,
        14,
        0,
        3.867,
        8,
        0,
        3.9,
        30,
        0,
        4,
        -30,
        2,
        4.267,
        -30,
        1,
        4.3,
        -30,
        4.334,
        -14.409,
        4.367,
        -11,
        1,
        4.456,
        -1.909,
        4.544,
        0,
        4.633,
        0,
        2,
        6.233,
        0
      ]
    },
    {
      "Target": "Parameter",
      "Id": "ParamHairFront",
      "Segments": [
        0,
        0,
        2,
        0.233,
        0,
        0,
        0.5,
        -17,
        1,
        0.589,
        -17,
        0.678,
        -14.902,
        0.767,
        -2,
        1,
        0.856,
        10.902,
        0.944,
        26,
        1.033,
        26,
        1,
        1.122,
        26,
        1.211,
        17.061,
        1.3,
        0,
        1,
        1.378,
        -14.929,
        1.455,
        -22,
        1.533,
        -22,
        1,
        1.633,
        -22,
        1.733,
        -12.379,
        1.833,
        2,
        1,
        1.944,
        17.977,
        2.056,
        24,
        2.167,
        24,
        1,
        2.278,
        24,
        2.389,
        14.104,
        2.5,
        -1,
        1,
        2.622,
        -17.615,
        2.745,
        -24,
        2.867,
        -24,
        1,
        2.989,
        -24,
        3.111,
        -16.417,
        3.233,
        1,
        1,
        3.344,
        16.833,
        3.456,
        26,
        3.567,
        26,
        1,
        3.678,
        26,
        3.789,
        19.007,
        3.9,
        -1,
        1,
        3.989,
        -17.006,
        4.078,
        -29,
        4.167,
        -29,
        1,
        4.256,
        -29,
        4.344,
        -17.396,
        4.433,
        1,
        1,
        4.533,
        21.695,
        4.633,
        30,
        4.733,
        30,
        1,
        4.833,
        30,
        4.933,
        20.309,
        5.033,
        2,
        1,
        5.144,
        -18.344,
        5.256,
        -28,
        5.367,
        -28,
        1,
        5.467,
        -28,
        5.567,
        -17.147,
        5.667,
        -1,
        1,
        5.767,
        15.147,
        5.867,
        21,
        5.967,
        21,
        0,
        6.233,
        0
      ]
    },
    {
      "Target": "Parameter",
      "Id": "ParamFore2",
      "Segments": [
        0,
        0,
        0,
        0.233,
        15,
        1,
        0.322,
        15,
        0.411,
        9.586,
        0.5,
        -4,
        1,
        0.589,
        -17.586,
        0.678,
        -26,
        0.767,
        -26,
        1,
        0.856,
        -26,
        0.944,
        -16.97,
        1.033,
        -1,
        1,
        1.122,
        14.97,
        1.211,
        22,
        1.3,
        22,
        1,
        1.378,
        22,
        1.455,
        10.165,
        1.533,
        -4,
        1,
        1.633,
        -22.212,
        1.733,
        -28,
        1.833,
        -28,
        1,
        1.944,
        -28,
        2.056,
        -21.266,
        2.167,
        -5,
        1,
        2.278,
        11.266,
        2.389,
        21,
        2.5,
        21,
        1,
        2.622,
        21,
        2.745,
        16.415,
        2.867,
        0,
        1,
        2.989,
        -16.415,
        3.111,
        -30,
        3.233,
        -30,
        1,
        3.344,
        -30,
        3.456,
        -21.333,
        3.567,
        -4,
        1,
        3.678,
        13.333,
        3.789,
        22,
        3.9,
        22,
        1,
        3.989,
        22,
        4.078,
        15.222,
        4.167,
        -2,
        1,
        4.256,
        -19.222,
        4.344,
        -30,
        4.433,
        -30,
        1,
        4.533,
        -30,
        4.633,
        -22.893,
        4.733,
        -5,
        1,
        4.833,
        12.893,
        4.933,
        24,
        5.033,
        24,
        1,
        5.144,
        24,
        5.256,
        13.938,
        5.367,
        -5,
        1,
        5.467,
        -22.044,
        5.567,
        -30,
        5.667,
        -30,
        0,
        5.967,
        0,
        2,
        6.233,
        0
      ]
    },
    {
      "Target": "Parameter",
      "Id": "ParamHairSide",
      "Segments": [
        0,
        0,
        0,
        0.333,
        6,
        0,
        0.633,
        -18,
        1,
        0.711,
        -18,
        0.789,
        -7.229,
        0.867,
        1,
        1,
        0.956,
        10.405,
        1.044,
        12,
        1.133,
        12,
        1,
        1.222,
        12,
        1.311,
        10.768,
        1.4,
        1,
        1,
        1.478,
        -7.547,
        1.555,
        -21,
        1.633,
        -21,
        1,
        1.744,
        -21,
        1.856,
        -12.941,
        1.967,
        0,
        1,
        2.089,
        14.235,
        2.211,
        20,
        2.333,
        20,
        1,
        2.433,
        20,
        2.533,
        1.51,
        2.633,
        -4,
        1,
        2.755,
        -10.734,
        2.878,
        -11,
        3,
        -11,
        1,
        3.156,
        -11,
        3.311,
        -9.932,
        3.467,
        -1,
        1,
        3.589,
        6.018,
        3.711,
        20,
        3.833,
        20,
        1,
        3.966,
        20,
        4.1,
        13.795,
        4.233,
        0,
        1,
        4.344,
        -11.496,
        4.456,
        -18,
        4.567,
        -18,
        1,
        4.7,
        -18,
        4.834,
        -11.52,
        4.967,
        1,
        1,
        5.089,
        12.476,
        5.211,
        18,
        5.333,
        18,
        1,
        5.444,
        18,
        5.556,
        9.72,
        5.667,
        -2,
        1,
        5.767,
        -12.548,
        5.867,
        -16,
        5.967,
        -16,
        0,
        6.233,
        0
      ]
    },
    {
      "Target": "Parameter",
      "Id": "ParamSide2",
      "Segments": [
        0,
        0,
        0,
        0.333,
        26,
        1,
        0.433,
        26,
        0.533,
        16.749,
        0.633,
        -2,
        1,
        0.711,
        -16.583,
        0.789,
        -24,
        0.867,
        -24,
        1,
        0.956,
        -24,
        1.044,
        -24.376,
        1.133,
        -20,
        1,
        1.222,
        -15.624,
        1.311,
        19,
        1.4,
        19,
        1,
        1.478,
        19,
        1.555,
        -8.646,
        1.633,
        -14,
        1,
        1.744,
        -21.649,
        1.856,
        -22,
        1.967,
        -22,
        1,
        2.089,
        -22,
        2.211,
        -15.898,
        2.333,
        -2,
        1,
        2.433,
        9.371,
        2.533,
        16,
        2.633,
        16,
        1,
        2.755,
        16,
        2.878,
        0.158,
        3,
        -10,
        1,
        3.156,
        -22.929,
        3.311,
        -25,
        3.467,
        -25,
        1,
        3.589,
        -25,
        3.711,
        -15.377,
        3.833,
        -4,
        1,
        3.966,
        8.412,
        4.1,
        12,
        4.233,
        12,
        1,
        4.344,
        12,
        4.456,
        9.458,
        4.567,
        -1,
        1,
        4.7,
        -13.549,
        4.834,
        -24,
        4.967,
        -24,
        1,
        5.089,
        -24,
        5.211,
        -13.601,
        5.333,
        -2,
        1,
        5.444,
        8.547,
        5.556,
        11,
        5.667,
        11,
        0,
        5.967,
        -4,
        0,
        6.233,
        0
      ]
    },
    {
      "Target": "Parameter",
      "Id": "ParamHairBack",
      "Segments": [
        0,
        0,
        0,
        0.3,
        30,
        1,
        0.4,
        30,
        0.5,
        20,
        0.6,
        0,
        1,
        0.7,
        -20,
        0.8,
        -30,
        0.9,
        -30,
        1,
        0.989,
        -30,
        1.078,
        -20,
        1.167,
        0,
        1,
        1.256,
        20,
        1.344,
        30,
        1.433,
        30,
        1,
        1.522,
        30,
        1.611,
        18.754,
        1.7,
        0,
        1,
        1.8,
        -21.098,
        1.9,
        -30,
        2,
        -30,
        1,
        2.111,
        -30,
        2.222,
        -15.613,
        2.333,
        4,
        1,
        2.444,
        23.613,
        2.556,
        30,
        2.667,
        30,
        1,
        2.8,
        30,
        2.934,
        19.273,
        3.067,
        1,
        1,
        3.2,
        -17.273,
        3.334,
        -25,
        3.467,
        -25,
        1,
        3.6,
        -25,
        3.734,
        -16.453,
        3.867,
        1,
        1,
        3.978,
        15.545,
        4.089,
        23,
        4.2,
        23,
        1,
        4.322,
        23,
        4.445,
        16.633,
        4.567,
        2,
        1,
        4.689,
        -12.633,
        4.811,
        -21,
        4.933,
        -21,
        1,
        5.044,
        -21,
        5.156,
        -11.858,
        5.267,
        2,
        1,
        5.378,
        15.858,
        5.489,
        21,
        5.6,
        21,
        0,
        5.9,
        -1,
        0,
        6.233,
        0
      ]
    },
    {
      "Target": "Parameter",
      "Id": "ParamBack2",
      "Segments": [
        0,
        0,
        2,
        0.3,
        0,
        0,
        0.6,
        30,
        1,
        0.7,
        30,
        0.8,
        21.098,
        0.9,
        0,
        1,
        0.989,
        -18.754,
        1.078,
        -30,
        1.167,
        -30,
        1,
        1.256,
        -30,
        1.344,
        -20,
        1.433,
        0,
        1,
        1.522,
        20,
        1.611,
        30,
        1.7,
        30,
        1,
        1.8,
        30,
        1.9,
        18.891,
        2,
        0,
        1,
        2.111,
        -20.99,
        2.222,
        -30,
        2.333,
        -30,
        1,
        2.444,
        -30,
        2.556,
        -19.847,
        2.667,
        -2,
        1,
        2.8,
        19.417,
        2.934,
        29,
        3.067,
        29,
        1,
        3.2,
        29,
        3.334,
        7.922,
        3.467,
        -8,
        1,
        3.6,
        -23.922,
        3.734,
        -26,
        3.867,
        -26,
        1,
        3.978,
        -26,
        4.089,
        -16.469,
        4.2,
        -2,
        1,
        4.322,
        13.916,
        4.445,
        20,
        4.567,
        20,
        1,
        4.689,
        20,
        4.811,
        12.72,
        4.933,
        -4,
        1,
        5.044,
        -19.2,
        5.156,
        -28,
        5.267,
        -28,
        1,
        5.378,
        -28,
        5.489,
        -20.791,
        5.6,
        -4,
        1,
        5.7,
        11.112,
        5.8,
        20,
        5.9,
        20,
        0,
        6.233,
        0
      ]
    },
    {
      "Target": "Parameter",
      "Id": "ParamBack3",
      "Segments": [
        0,
        0,
        0,
        0.4,
        25,
        1,
        0.5,
        25,
        0.6,
        16.512,
        0.7,
        1,
        1,
        0.789,
        -12.788,
        0.878,
        -19,
        0.967,
        -19,
        1,
        1.056,
        -19,
        1.144,
        -10.084,
        1.233,
        2,
        1,
        1.322,
        14.084,
        1.411,
        18,
        1.5,
        18,
        1,
        1.6,
        18,
        1.7,
        14.525,
        1.8,
        2,
        1,
        1.889,
        -9.133,
        1.978,
        -19,
        2.067,
        -19,
        1,
        2.2,
        -19,
        2.334,
        -13.95,
        2.467,
        1,
        1,
        2.578,
        13.459,
        2.689,
        23,
        2.8,
        23,
        1,
        2.933,
        23,
        3.067,
        14.226,
        3.2,
        -1,
        1,
        3.311,
        -13.688,
        3.422,
        -19,
        3.533,
        -19,
        1,
        3.666,
        -19,
        3.8,
        -13.411,
        3.933,
        2,
        1,
        4.044,
        14.843,
        4.156,
        24,
        4.267,
        24,
        1,
        4.4,
        24,
        4.534,
        19.125,
        4.667,
        3,
        1,
        4.767,
        -9.094,
        4.867,
        -20,
        4.967,
        -20,
        1,
        5.089,
        -20,
        5.211,
        -13.333,
        5.333,
        0,
        1,
        5.455,
        13.333,
        5.578,
        20,
        5.7,
        20,
        1,
        5.789,
        20,
        5.878,
        2.176,
        5.967,
        1,
        1,
        6.056,
        -0.176,
        6.144,
        0,
        6.233,
        0
      ]
    },
    {
      "Target": "Parameter",
      "Id": "ParamBack4",
      "Segments": [
        0,
        0,
        1,
        0.133,
        0,
        0.267,
        0.24,
        0.4,
        4,
        1,
        0.5,
        6.82,
        0.6,
        16,
        0.7,
        16,
        1,
        0.789,
        16,
        0.878,
        9.965,
        0.967,
        -4,
        1,
        1.056,
        -17.965,
        1.144,
        -26,
        1.233,
        -26,
        1,
        1.322,
        -26,
        1.411,
        -18.801,
        1.5,
        -5,
        1,
        1.6,
        10.526,
        1.7,
        18,
        1.8,
        18,
        1,
        1.889,
        18,
        1.978,
        6.867,
        2.067,
        -4,
        1,
        2.2,
        -20.3,
        2.334,
        -25,
        2.467,
        -25,
        1,
        2.578,
        -25,
        2.689,
        -16.241,
        2.8,
        -4,
        1,
        2.933,
        10.69,
        3.067,
        16,
        3.2,
        16,
        1,
        3.311,
        16,
        3.422,
        11.333,
        3.533,
        -1,
        1,
        3.666,
        -15.8,
        3.8,
        -25,
        3.933,
        -25,
        1,
        4.044,
        -25,
        4.156,
        -14.267,
        4.267,
        -1,
        1,
        4.4,
        14.921,
        4.534,
        20,
        4.667,
        20,
        1,
        4.767,
        20,
        4.867,
        10.301,
        4.967,
        -2,
        1,
        5.089,
        -17.034,
        5.211,
        -22,
        5.333,
        -22,
        1,
        5.455,
        -22,
        5.578,
        -20.486,
        5.7,
        -10,
        1,
        5.789,
        -2.374,
        5.878,
        12,
        5.967,
        12,
        0,
        6.233,
        0
      ]
    },
    {
      "Target": "Parameter",
      "Id": "ParamWindow",
      "Segments": [
        0,
        0,
        0,
        0.9,
        -2,
        0,
        2.033,
        2,
        0,
        3.167,
        -2,
        0,
        4.333,
        2,
        0,
        5.3,
        -3,
        0,
        6.233,
        0
      ]
    },
    {
      "Target": "Parameter",
      "Id": "ParamCurtain1",
      "Segments": [
        0,
        0,
        1,
        0.144,
        0,
        0.289,
        2.67,
        0.433,
        12,
        1,
        0.589,
        22.048,
        0.744,
        30,
        0.9,
        30,
        1,
        1.044,
        30,
        1.189,
        26.87,
        1.333,
        18,
        1,
        1.489,
        8.448,
        1.644,
        2,
        1.8,
        2,
        1,
        1.967,
        2,
        2.133,
        3.452,
        2.3,
        12,
        1,
        2.456,
        19.978,
        2.611,
        30,
        2.767,
        30,
        1,
        2.911,
        30,
        3.056,
        26.87,
        3.2,
        18,
        1,
        3.356,
        8.448,
        3.511,
        2,
        3.667,
        2,
        1,
        3.856,
        2,
        4.044,
        3.856,
        4.233,
        12,
        1,
        4.455,
        21.581,
        4.678,
        30,
        4.9,
        30,
        1,
        5.044,
        30,
        5.189,
        24.012,
        5.333,
        18,
        1,
        5.489,
        11.525,
        5.644,
        4.255,
        5.8,
        2,
        1,
        5.944,
        -0.094,
        6.089,
        0,
        6.233,
        0
      ]
    },
    {
      "Target": "Parameter",
      "Id": "ParamCurtain2",
      "Segments": [
        0,
        0,
        0,
        0.433,
        -30,
        1,
        0.589,
        -30,
        0.744,
        -23.106,
        0.9,
        -4,
        1,
        1.044,
        13.741,
        1.189,
        26,
        1.333,
        26,
        1,
        1.489,
        26,
        1.644,
        11.396,
        1.8,
        -6,
        1,
        1.967,
        -24.639,
        2.133,
        -30,
        2.3,
        -30,
        1,
        2.456,
        -30,
        2.611,
        -23.106,
        2.767,
        -4,
        1,
        2.911,
        13.741,
        3.056,
        26,
        3.2,
        26,
        1,
        3.356,
        26,
        3.511,
        9.817,
        3.667,
        -6,
        1,
        3.856,
        -25.206,
        4.044,
        -30,
        4.233,
        -30,
        1,
        4.455,
        -30,
        4.678,
        -24.745,
        4.9,
        -4,
        1,
        5.044,
        9.484,
        5.189,
        26,
        5.333,
        26,
        0,
        5.8,
        -6,
        0,
        6.233,
        0
      ]
    },
    {
      "Target": "Parameter",
      "Id": "ParamBlackfront",
      "Segments": [
        0,
        0,
        2,
        4.167,
        0,
        0,
        4.3,
        1,
        2,
        5.033,
        1,
        0,
        5.2,
        0,
        2,
        6.233,
        0
      ]
    },
    {
      "Target": "Parameter",
      "Id": "ParamBodyAngleY",
      "Segments": [
        0,
        0,
        0,
        6.233,
        0
      ]
    },
    {
      "Target": "Parameter",
      "Id": "ParamEyeRSmile",
      "Segments": [
        0,
        0,
        0,
        6.233,
        0
      ]
    },
    {
      "Target": "Parameter",
      "Id": "ParamBrowLX",
      "Segments": [
        0,
        0,
        0,
        6.233,
        0
      ]
    },
    {
      "Target": "Parameter",
      "Id": "ParamBrowRX",
      "Segments": [
        0,
        0,
        0,
        6.233,
        0
      ]
    },
    {
      "Target": "Parameter",
      "Id": "ParamBreath",
      "Segments": [
        0,
        0,
        0,
        6.233,
        0
      ]
    },
    {
      "Target": "Parameter",
      "Id": "ParamEyeSmile",
      "Segments": [
        0,
        1,
        0,
        6.233,
        1
      ]
    },
    {
      "Target": "Parameter",
      "Id": "ParamLstar",
      "Segments": [
        0,
        0,
        0,
        6.233,
        0
      ]
    },
    {
      "Target": "Parameter",
      "Id": "ParamRline",
      "Segments": [
        0,
        0,
        0,
        6.233,
        0
      ]
    },
    {
      "Target": "Parameter",
      "Id": "ParamHighlightsize",
      "Segments": [
        0,
        0,
        0,
        6.233,
        0
      ]
    },
    {
      "Target": "Parameter",
      "Id": "ParamBrowLForm",
      "Segments": [
        0,
        0,
        0,
        6.233,
        0
      ]
    },
    {
      "Target": "Parameter",
      "Id": "ParamBrowRY",
      "Segments": [
        0,
        0,
        0,
        6.233,
        0
      ]
    },
    {
      "Target": "Parameter",
      "Id": "ParamBrowRForm",
      "Segments": [
        0,
        0,
        0,
        6.233,
        0
      ]
    },
    {
      "Target": "Parameter",
      "Id": "ParamMouthForm",
      "Segments": [
        0,
        0,
        0,
        6.233,
        0
      ]
    },
    {
      "Target": "Parameter",
      "Id": "ParamNose",
      "Segments": [
        0,
        0,
        0,
        6.233,
        0
      ]
    },
    {
      "Target": "Parameter",
      "Id": "ParamCheek",
      "Segments": [
        0,
        0,
        0,
        6.233,
        0
      ]
    },
    {
      "Target": "Parameter",
      "Id": "ParamAngry",
      "Segments": [
        0,
        0,
        0,
        6.233,
        0
      ]
    },
    {
      "Target": "Parameter",
      "Id": "ParamNotice",
      "Segments": [
        0,
        0,
        0,
        6.233,
        0
      ]
    },
    {
      "Target": "Parameter",
      "Id": "ParamQuestion",
      "Segments": [
        0,
        0,
        0,
        6.233,
        0
      ]
    },
    {
      "Target": "Parameter",
      "Id": "ParamHoshi0",
      "Segments": [
        0,
        0,
        0,
        6.233,
        0
      ]
    },
    {
      "Target": "Parameter",
      "Id": "ParamHoshi",
      "Segments": [
        0,
        0,
        0,
        6.233,
        0
      ]
    },
    {
      "Target": "Parameter",
      "Id": "ParamZ0",
      "Segments": [
        0,
        0,
        0,
        6.233,
        0
      ]
    },
    {
      "Target": "Parameter",
      "Id": "ParamZ",
      "Segments": [
        0,
        0,
        0,
        6.233,
        0
      ]
    },
    {
      "Target": "Parameter",
      "Id": "ParamTailangry",
      "Segments": [
        0,
        0,
        0,
        6.233,
        0
      ]
    },
    {
      "Target": "Parameter",
      "Id": "ParamLfoot",
      "Segments": [
        0,
        0,
        0,
        6.233,
        0
      ]
    },
    {
      "Target": "Parameter",
      "Id": "ParamRfoot",
      "Segments": [
        0,
        0,
        0,
        6.233,
        0
      ]
    },
    {
      "Target": "Parameter",
      "Id": "ParamBird0",
      "Segments": [
        0,
        0,
        0,
        6.233,
        0
      ]
    },
    {
      "Target": "Parameter",
      "Id": "ParamBirdx",
      "Segments": [
        0,
        0,
        0,
        6.233,
        0
      ]
    },
    {
      "Target": "Parameter",
      "Id": "ParamBirdy",
      "Segments": [
        0,
        0,
        0,
        6.233,
        0
      ]
    },
    {
      "Target": "Parameter",
      "Id": "ParamBirdz",
      "Segments": [
        0,
        0,
        0,
        6.233,
        0
      ]
    },
    {
      "Target": "Parameter",
      "Id": "ParamBirdhead",
      "Segments": [
        0,
        0,
        0,
        6.233,
        0
      ]
    },
    {
      "Target": "Parameter",
      "Id": "ParamBirdtear",
      "Segments": [
        0,
        0,
        0,
        6.233,
        0
      ]
    },
    {
      "Target": "Parameter",
      "Id": "ParamBirdeye",
      "Segments": [
        0,
        0,
        0,
        6.233,
        0
      ]
    },
    {
      "Target": "Parameter",
      "Id": "ParamBirdmouth",
      "Segments": [
        0,
        0,
        0,
        6.233,
        0
      ]
    },
    {
      "Target": "Parameter",
      "Id": "ParamFishlocation",
      "Segments": [
        0,
        0,
        0,
        6.233,
        0
      ]
    },
    {
      "Target": "Parameter",
      "Id": "ParamBirdshiba",
      "Segments": [
        0,
        0,
        0,
        6.233,
        0
      ]
    },
    {
      "Target": "Parameter",
      "Id": "ParamLwing",
      "Segments": [
        0,
        0,
        0,
        6.233,
        0
      ]
    },
    {
      "Target": "Parameter",
      "Id": "ParamLwing1",
      "Segments": [
        0,
        0,
        0,
        6.233,
        0
      ]
    },
    {
      "Target": "Parameter",
      "Id": "ParamLwing2",
      "Segments": [
        0,
        0,
        0,
        6.233,
        0
      ]
    },
    {
      "Target": "Parameter",
      "Id": "ParamRwing",
      "Segments": [
        0,
        0,
        0,
        6.233,
        0
      ]
    },
    {
      "Target": "Parameter",
      "Id": "ParamRwing1",
      "Segments": [
        0,
        0,
        0,
        6.233,
        0
      ]
    },
    {
      "Target": "Parameter",
      "Id": "ParamRwing2",
      "Segments": [
        0,
        0,
        0,
        6.233,
        0
      ]
    },
    {
      "Target": "Parameter",
      "Id": "ParamBlleg",
      "Segments": [
        0,
        0,
        0,
        6.233,
        0
      ]
    },
    {
      "Target": "Parameter",
      "Id": "ParamBlfoot",
      "Segments": [
        0,
        0,
        0,
        6.233,
        0
      ]
    },
    {
      "Target": "Parameter",
      "Id": "ParamBrleg",
      "Segments": [
        0,
        0,
        0,
        6.233,
        0
      ]
    },
    {
      "Target": "Parameter",
      "Id": "ParamBrfoot",
      "Segments": [
        0,
        0,
        0,
        6.233,
        0
      ]
    },
    {
      "Target": "Parameter",
      "Id": "ParamBow",
      "Segments": [
        0,
        0,
        0,
        6.233,
        0
      ]
    },
    {
      "Target": "Parameter",
      "Id": "ParamBow0",
      "Segments": [
        0,
        0,
        0,
        6.233,
        0
      ]
    },
    {
      "Target": "Parameter",
      "Id": "ParamWater",
      "Segments": [
        0,
        0,
        0,
        6.233,
        0
      ]
    },
    {
      "Target": "Parameter",
      "Id": "ParamWater0",
      "Segments": [
        0,
        0,
        0,
        6.233,
        0
      ]
    },
    {
      "Target": "Parameter",
      "Id": "ParamBlackback",
      "Segments": [
        0,
        0,
        0,
        6.233,
        0
      ]
    }
  ],
  "UserData": [
    {
      "Time": 0.0,
      "Value": ""
    }
  ]
}