{
  "Version": 3,
  "FileReferences": {
    "Moc": "elizabeth.moc3",
    "Textures": [
      "1024/texture_00.png"
    ],
    "DisplayInfo": "elizabeth.cdi3.json",
    "Motions": {
      "waiting": [
        {
          "File": "motions/waiting.motion3.json",
          "FadeInTime": 0.5,
          "FadeOutTime": 0.5
        }
      ],
      "PUC": [
        {
          "File": "motions/pb.motion3.json",
          "FadeInTime": 0.5,
          "FadeOutTime": 0.5
        }
      ],
      "trackCrash": [
        {
          "File": "motions/fail.motion3.json",
          "FadeInTime": 0.5,
          "FadeOutTime": 0.5
        }
      ],
      "UC": [
        {
          "File": "motions/clearFc.motion3.json",
          "FadeInTime": 0.5,
          "FadeOutTime": 0.5
        }
      ]
    }
  },
  "Groups": [
    {
      "Target": "Parameter",
      "Name": "EyeBlink",
      "Ids": []
    },
    {
      "Target": "Parameter",
      "Name": "LipSync",
      "Ids": []
    }
  ]
}