{
	"Version": 3,
	"Parameters": [
		{
			"Id": "ON_1",
			"GroupId": "",
			"Name": "ON_1"
		},
		{
			"Id": "FACE_1",
			"GroupId": "",
			"Name": "FACE_1"
		},
		{
			"Id": "ON_2",
			"GroupId": "",
			"Name": "ON_2"
		},
		{
			"Id": "FACE_2",
			"GroupId": "",
			"Name": "FACE_2"
		},
		{
			"Id": "ON_3",
			"GroupId": "",
			"Name": "ON_3"
		},
		{
			"Id": "FACE_3",
			"GroupId": "",
			"Name": "FACE_3"
		},
		{
			"Id": "MOUTH_1",
			"GroupId": "",
			"Name": "MOUTH_1"
		},
		{
			"Id": "MOUTH_2",
			"GroupId": "",
			"Name": "MOUTH_2"
		},
		{
			"Id": "MOUTH_3",
			"GroupId": "",
			"Name": "MOUTH_3"
		},
		{
			"Id": "MOUTH_4",
			"GroupId": "",
			"Name": "MOUTH_4"
		},
		{
			"Id": "MOUTH_5",
			"GroupId": "",
			"Name": "MOUTH_5"
		},
		{
			"Id": "HEAD_Y",
			"GroupId": "",
			"Name": "HEAD_Y"
		},
		{
			"Id": "UPPER_Y",
			"GroupId": "",
			"Name": "UPPER_Y"
		},
		{
			"Id": "UPPER2_Y",
			"GroupId": "",
			"Name": "UPPER2_Y"
		},
		{
			"Id": "HAIR_F1_X",
			"GroupId": "",
			"Name": "HAIR_F1_X"
		},
		{
			"Id": "HAIR_F1_Y",
			"GroupId": "",
			"Name": "HAIR_F1_Y"
		},
		{
			"Id": "HAIR_F2_X",
			"GroupId": "",
			"Name": "HAIR_F2_X"
		},
		{
			"Id": "HAIR_F2_Y",
			"GroupId": "",
			"Name": "HAIR_F2_Y"
		},
		{
			"Id": "HAIR_F3_X",
			"GroupId": "",
			"Name": "HAIR_F3_X"
		},
		{
			"Id": "HAIR_F3_Y",
			"GroupId": "",
			"Name": "HAIR_F3_Y"
		},
		{
			"Id": "HAIR_SL1_X",
			"GroupId": "",
			"Name": "HAIR_SL1_X"
		},
		{
			"Id": "HAIR_SL1_Y",
			"GroupId": "",
			"Name": "HAIR_SL1_Y"
		},
		{
			"Id": "HAIR_SL1_X2",
			"GroupId": "",
			"Name": "HAIR_SL1_X2"
		},
		{
			"Id": "HAIR_SL1_Y2",
			"GroupId": "",
			"Name": "HAIR_SL1_Y2"
		},
		{
			"Id": "HAIR_SL2_X",
			"GroupId": "",
			"Name": "HAIR_SL2_X"
		},
		{
			"Id": "HAIR_SL2_Y",
			"GroupId": "",
			"Name": "HAIR_SL2_Y"
		},
		{
			"Id": "HAIR_SR1_X",
			"GroupId": "",
			"Name": "HAIR_SR1_X"
		},
		{
			"Id": "HAIR_SR1_Y",
			"GroupId": "",
			"Name": "HAIR_SR1_Y"
		},
		{
			"Id": "HAIR_SR2_X",
			"GroupId": "",
			"Name": "HAIR_SR2_X"
		},
		{
			"Id": "HAIR_SR2_Y",
			"GroupId": "",
			"Name": "HAIR_SR2_Y"
		},
		{
			"Id": "HAIR_SR3_X",
			"GroupId": "",
			"Name": "HAIR_SR3_X"
		},
		{
			"Id": "HAIR_SR3_Y",
			"GroupId": "",
			"Name": "HAIR_SR3_Y"
		},
		{
			"Id": "HAIR_B1_X",
			"GroupId": "",
			"Name": "HAIR_B1_X"
		},
		{
			"Id": "HAIR_B1_Y",
			"GroupId": "",
			"Name": "HAIR_B1_Y"
		},
		{
			"Id": "HAIR_B2_X",
			"GroupId": "",
			"Name": "HAIR_B2_X"
		},
		{
			"Id": "HAIR_B2_Y",
			"GroupId": "",
			"Name": "HAIR_B2_Y"
		},
		{
			"Id": "NECKTIE1_X",
			"GroupId": "",
			"Name": "NECKTIE1_X"
		},
		{
			"Id": "NECKTIE1_Y",
			"GroupId": "",
			"Name": "NECKTIE1_Y"
		},
		{
			"Id": "NECKTIE2_X",
			"GroupId": "",
			"Name": "NECKTIE2_X"
		},
		{
			"Id": "TAIL_X",
			"GroupId": "",
			"Name": "TAIL_X"
		},
		{
			"Id": "TAIL_Y",
			"GroupId": "",
			"Name": "TAIL_Y"
		},
		{
			"Id": "SKIRT_X",
			"GroupId": "",
			"Name": "SKIRT_X"
		},
		{
			"Id": "SKIRT_Y",
			"GroupId": "",
			"Name": "SKIRT_Y"
		},
		{
			"Id": "OUTER_X",
			"GroupId": "",
			"Name": "OUTER_X"
		},
		{
			"Id": "OUTER_Y",
			"GroupId": "",
			"Name": "OUTER_Y"
		},
		{
			"Id": "SHIRT_X",
			"GroupId": "",
			"Name": "SHIRT_X"
		},
		{
			"Id": "SHIRT_Y",
			"GroupId": "",
			"Name": "SHIRT_Y"
		},
		{
			"Id": "EARRING",
			"GroupId": "",
			"Name": "EARRING"
		},
		{
			"Id": "D_HEAD_Y",
			"GroupId": "",
			"Name": "D_HEAD_Y"
		}
	],
	"ParameterGroups": [],
	"Parts": [
		{
			"Id": "Part8",
			"Name": "그룹 1"
		}
	],
	"CombinedParameters": [
		[
			"HAIR_F1_X",
			"HAIR_F1_Y"
		],
		[
			"HAIR_F2_X",
			"HAIR_F2_Y"
		],
		[
			"HAIR_F3_X",
			"HAIR_F3_Y"
		],
		[
			"HAIR_SL1_X",
			"HAIR_SL1_Y"
		],
		[
			"HAIR_SL1_X2",
			"HAIR_SL1_Y2"
		],
		[
			"HAIR_SL2_X",
			"HAIR_SL2_Y"
		],
		[
			"HAIR_SR1_X",
			"HAIR_SR1_Y"
		],
		[
			"HAIR_SR2_X",
			"HAIR_SR2_Y"
		],
		[
			"HAIR_SR3_X",
			"HAIR_SR3_Y"
		],
		[
			"HAIR_B1_X",
			"HAIR_B1_Y"
		],
		[
			"HAIR_B2_X",
			"HAIR_B2_Y"
		],
		[
			"NECKTIE1_X",
			"NECKTIE1_Y"
		],
		[
			"TAIL_X",
			"TAIL_Y"
		],
		[
			"SKIRT_X",
			"SKIRT_Y"
		],
		[
			"OUTER_X",
			"OUTER_Y"
		]
	]
}