{"Version": 3, "Meta": {"Duration": 2.6, "Fps": 60.0, "Loop": true, "AreBeziersRestricted": true, "CurveCount": 61, "UserDataCount": 1, "TotalSegmentCount": 194, "TotalPointCount": 206, "TotalUserDataSize": 22}, "Curves": [{"Target": "Parameter", "Id": "ParamPositionX", "Segments": [0, 0, 0, 0.417, -2, 0, 1.083, 0, 2, 2.6, 0]}, {"Target": "Parameter", "Id": "ParamAngleX", "Segments": [0, 0, 0, 0.083, 0, 0, 0.5, -3, 0, 1.167, 3, 0, 1.85, 0, 2, 2.6, 0]}, {"Target": "Parameter", "Id": "ParamAngleY", "Segments": [0, 0, 0, 0.117, 0, 0, 0.533, 14, 0, 1.2, -24, 0, 1.883, 1, 2, 2.6, 1]}, {"Target": "Parameter", "Id": "ParamAngleZ", "Segments": [0, -14, 0, 0.15, -14, 1, 0.289, -14, 0.428, -13.487, 0.567, -13, 1, 0.789, -12.221, 1.011, -12.0, 1.233, -12, 0, 1.917, -14, 2, 2.6, -14]}, {"Target": "Parameter", "Id": "ParamEyeROpen", "Segments": [0, 1, 0, 0.167, 1, 0, 0.35, 0, 0, 0.583, 1, 2, 2.6, 1]}, {"Target": "Parameter", "Id": "ParamEyeLOpen", "Segments": [0, 1, 0, 0.167, 1, 0, 0.35, 0, 0, 0.583, 1, 2, 2.6, 1]}, {"Target": "Parameter", "Id": "ParamBodyAngleX", "Segments": [0, 3, 0, 0.417, -2, 1, 0.639, -2, 0.861, -0.572, 1.083, 1, 1, 1.311, 2.611, 1.539, 3.0, 1.767, 3, 2, 2.6, 3]}, {"Target": "Parameter", "Id": "ParamBodyAngleY", "Segments": [0, 0, 0, 0.417, 3, 0, 1.083, -4, 0, 1.767, 0, 2, 2.6, 0]}, {"Target": "Parameter", "Id": "ParamBodyAngleZ", "Segments": [0, -4, 0, 0.417, 3, 0, 1.083, -4, 2, 2.6, -4]}, {"Target": "Parameter", "Id": "ParamUpperBodyZ", "Segments": [0, 9, 0, 0.417, -2, 0, 1.083, 10, 2, 2.6, 10]}, {"Target": "Parameter", "Id": "ParamLegLZ", "Segments": [0, -1, 0, 0.417, 1, 0, 1.083, -1, 2, 2.6, -1]}, {"Target": "Parameter", "Id": "ParamLegRZ", "Segments": [0, 4, 0, 0.417, 2, 0, 1.083, 4, 2, 2.6, 4]}, {"Target": "Parameter", "Id": "ParamShoulderR", "Segments": [0, 1, 0, 0.417, 3, 0, 1.083, 1, 0, 1.767, 3, 2, 2.6, 3]}, {"Target": "Parameter", "Id": "ParamArmR1", "Segments": [0, -39, 0, 0.417, -40, 2, 1.083, -40, 2, 2.6, -40]}, {"Target": "Parameter", "Id": "ParamArmR2", "Segments": [0, 41, 0, 0.05, 41, 0, 0.467, 43, 0, 1.133, 41, 2, 1.817, 41, 2, 2.6, 41]}, {"Target": "Parameter", "Id": "ParamArmR3", "Segments": [0, 7, 0, 0.1, 7, 0, 0.517, 23, 0, 1.183, -3, 0, 1.867, 7, 2, 2.6, 7]}, {"Target": "Parameter", "Id": "ParamArmR4", "Segments": [0, 5, 0, 0.417, 12, 0, 1.083, 5, 2, 2.6, 5]}, {"Target": "Parameter", "Id": "ParamArmR8", "Segments": [0, 11, 0, 0.533, 29, 0, 1.167, 3, 0, 1.867, 12, 2, 2.6, 12]}, {"Target": "Parameter", "Id": "ParamFingerR", "Segments": [0, 0, 0, 0.65, 7, 0, 1.2, -1, 0, 1.9, 3, 2, 2.6, 3]}, {"Target": "Parameter", "Id": "ParamShoulderL", "Segments": [0, 4, 0, 0.417, 6, 0, 1.083, 5, 0, 1.767, 8, 2, 2.6, 8]}, {"Target": "Parameter", "Id": "ParamArmL1", "Segments": [0, -39, 0, 0.417, -36, 0, 1.083, -39, 2, 2.6, -39]}, {"Target": "Parameter", "Id": "ParamArmL2", "Segments": [0, 24, 0, 0.417, 25, 0, 1.083, 23, 2, 1.767, 23, 2, 2.6, 23]}, {"Target": "Parameter", "Id": "ParamArmL3", "Segments": [0, -30, 0, 0.417, -24, 1, 0.639, -18.304, 0.861, -16.0, 1.083, -16, 2, 2.6, -16]}, {"Target": "Parameter", "Id": "ParamArmL4", "Segments": [0, 13, 0, 0.417, 12, 0, 1.083, 13, 2, 2.6, 13]}, {"Target": "Parameter", "Id": "ParamArmL8", "Segments": [0, -36, 0, 0.517, -24, 1, 0.85, -22.075, 1.184, -22.0, 1.517, -22, 2, 2.6, -22]}, {"Target": "Parameter", "Id": "ParamFingerL", "Segments": [0, 0, 0, 0.45, 7, 0, 1.117, -6, 0, 1.817, 0, 2, 2.6, 0]}, {"Target": "Parameter", "Id": "ParamPositionY", "Segments": [0, 0, 0, 2.6, 0]}, {"Target": "Parameter", "Id": "ParamRotationZ", "Segments": [0, 0, 0, 2.6, 0]}, {"Target": "Parameter", "Id": "ParamEyeballX", "Segments": [0, 0, 0, 2.6, 0]}, {"Target": "Parameter", "Id": "ParamUpperBody", "Segments": [0, 0, 0, 2.6, 0]}, {"Target": "Parameter", "Id": "ParamBreath", "Segments": [0, 0, 0, 2.6, 0]}, {"Target": "Parameter", "Id": "ParamArmR5", "Segments": [0, 1, 0, 2.6, 1]}, {"Target": "Parameter", "Id": "ParamArmR6", "Segments": [0, 1, 0, 2.6, 1]}, {"Target": "Parameter", "Id": "ParamArmR7", "Segments": [0, -4, 0, 2.6, -4]}, {"Target": "Parameter", "Id": "ParamArmR9", "Segments": [0, 0.8, 0, 2.6, 0.8]}, {"Target": "Parameter", "Id": "ParamHandRA", "Segments": [0, 0, 0, 2.6, 0]}, {"Target": "Parameter", "Id": "ParamHandRB", "Segments": [0, 0, 0, 2.6, 0]}, {"Target": "Parameter", "Id": "ParamHandRC", "Segments": [0, 0, 0, 2.6, 0]}, {"Target": "Parameter", "Id": "ParamHandRD", "Segments": [0, 0, 0, 2.6, 0]}, {"Target": "Parameter", "Id": "ParamHandRE", "Segments": [0, 0, 0, 2.6, 0]}, {"Target": "Parameter", "Id": "ParamHandRF", "Segments": [0, 0, 0, 2.6, 0]}, {"Target": "Parameter", "Id": "ParamHandRG", "Segments": [0, 0, 0, 2.6, 0]}, {"Target": "Parameter", "Id": "ParamHandRH", "Segments": [0, 0, 0, 2.6, 0]}, {"Target": "Parameter", "Id": "ParamHandRI", "Segments": [0, 0, 0, 2.6, 0]}, {"Target": "Parameter", "Id": "ParamHandRJ", "Segments": [0, 1, 0, 2.6, 1]}, {"Target": "Parameter", "Id": "ParamHandRK", "Segments": [0, 0, 0, 2.6, 0]}, {"Target": "Parameter", "Id": "ParamArmL5", "Segments": [0, 2, 0, 2.6, 2]}, {"Target": "Parameter", "Id": "ParamArmL6", "Segments": [0, 1, 0, 2.6, 1]}, {"Target": "Parameter", "Id": "ParamArmL7", "Segments": [0, 0, 0, 2.6, 0]}, {"Target": "Parameter", "Id": "ParamArmL9", "Segments": [0, 0.6, 0, 2.6, 0.6]}, {"Target": "Parameter", "Id": "ParamHandLA", "Segments": [0, 0, 0, 2.6, 0]}, {"Target": "Parameter", "Id": "ParamHandLB", "Segments": [0, 0, 0, 2.6, 0]}, {"Target": "Parameter", "Id": "ParamHandLC", "Segments": [0, 0, 0, 2.6, 0]}, {"Target": "Parameter", "Id": "ParamHandLD", "Segments": [0, 1, 0, 2.6, 1]}, {"Target": "Parameter", "Id": "ParamHandLE", "Segments": [0, 0, 0, 2.6, 0]}, {"Target": "Parameter", "Id": "ParamHandLF", "Segments": [0, 0, 0, 2.6, 0]}, {"Target": "Parameter", "Id": "ParamHandLG", "Segments": [0, 0, 0, 2.6, 0]}, {"Target": "Parameter", "Id": "ParamHandLH", "Segments": [0, 0, 0, 2.6, 0]}, {"Target": "Parameter", "Id": "ParamHandLI", "Segments": [0, 0, 0, 2.6, 0]}, {"Target": "Parameter", "Id": "ParamHandLJ", "Segments": [0, 0, 0, 2.6, 0]}, {"Target": "Parameter", "Id": "ParamHandLK", "Segments": [0, 0, 0, 2.6, 0]}], "UserData": [{"Time": 0.55, "Value": "eyeblink,0.2,0.24,0.24"}]}