{"Version": 3, "Meta": {"Duration": 2.6, "Fps": 60.0, "Loop": true, "AreBeziersRestricted": true, "CurveCount": 61, "UserDataCount": 1, "TotalSegmentCount": 173, "TotalPointCount": 177, "TotalUserDataSize": 22}, "Curves": [{"Target": "Parameter", "Id": "ParamPositionX", "Segments": [0, 0, 0, 0.833, 1, 2, 2.6, 1]}, {"Target": "Parameter", "Id": "ParamAngleX", "Segments": [0, -1, 0, 0.333, -5, 0, 0.833, 3, 2, 2.6, 3]}, {"Target": "Parameter", "Id": "ParamAngleY", "Segments": [0, -15, 0, 0.333, 12, 0, 0.833, -18, 0, 1.467, -1, 2, 2.6, -1]}, {"Target": "Parameter", "Id": "ParamAngleZ", "Segments": [0, -21, 0, 0.45, -1, 0, 0.95, -18, 2, 2.6, -18]}, {"Target": "Parameter", "Id": "ParamEyeROpen", "Segments": [0, 1, 0, 0.2, 1, 0, 0.4, 0, 2, 0.633, 0, 0, 0.867, 1, 2, 2.6, 1]}, {"Target": "Parameter", "Id": "ParamEyeLOpen", "Segments": [0, 1, 0, 0.2, 1, 0, 0.4, 0, 2, 0.633, 0, 0, 0.867, 1, 2, 2.6, 1]}, {"Target": "Parameter", "Id": "ParamEyeballX", "Segments": [0, 0, 0, 0.333, 0.1, 0, 1.133, 0, 2, 2.6, 0]}, {"Target": "Parameter", "Id": "ParamBodyAngleX", "Segments": [0, -5, 0, 0.817, 0, 0, 1.833, -5, 2, 2.6, -5]}, {"Target": "Parameter", "Id": "ParamBodyAngleY", "Segments": [0, 0, 0, 0.55, 3, 0, 1.017, -5, 0, 1.633, -1, 2, 2.6, -1]}, {"Target": "Parameter", "Id": "ParamBodyAngleZ", "Segments": [0, -4, 0, 0.683, -3, 0, 1.217, -4, 2, 2.6, -4]}, {"Target": "Parameter", "Id": "ParamUpperBodyZ", "Segments": [0, 7, 0, 1.4, 8, 2, 2.6, 8]}, {"Target": "Parameter", "Id": "ParamArmR1", "Segments": [0, -41, 0, 0.417, -33, 0, 1, -48, 2, 2.6, -48]}, {"Target": "Parameter", "Id": "ParamArmR2", "Segments": [0, 41, 0, 0.517, 45, 0, 1.1, 42, 2, 2.6, 42]}, {"Target": "Parameter", "Id": "ParamArmR3", "Segments": [0, 40, 0, 1.2, 22, 2, 2.6, 22]}, {"Target": "Parameter", "Id": "ParamArmR4", "Segments": [0, 7, 0, 1.267, 8, 2, 2.6, 8]}, {"Target": "Parameter", "Id": "ParamArmR5", "Segments": [0, 4, 0, 0.617, 1, 0, 1.267, 2, 2, 2.6, 2]}, {"Target": "Parameter", "Id": "ParamArmR8", "Segments": [0, 31, 0, 1, 18, 2, 2.6, 18]}, {"Target": "Parameter", "Id": "ParamFingerR", "Segments": [0, 7, 0, 0.55, 0, 0, 1.117, 8, 0, 1.817, 6, 2, 2.6, 6]}, {"Target": "Parameter", "Id": "ParamShoulderL", "Segments": [0, 8, 0, 0.417, 10, 2, 2.6, 10]}, {"Target": "Parameter", "Id": "ParamArmL1", "Segments": [0, -40, 0, 0.417, -31, 0, 0.9, -45, 2, 2.6, -45]}, {"Target": "Parameter", "Id": "ParamArmL2", "Segments": [0, 39, 0, 0.583, 45, 0, 1.067, 41, 2, 2.6, 41]}, {"Target": "Parameter", "Id": "ParamArmL3", "Segments": [0, -18, 0, 0.733, 18, 1, 0.994, 21.507, 1.256, 21.0, 1.517, 21, 2, 2.6, 21]}, {"Target": "Parameter", "Id": "ParamArmL5", "Segments": [0, 0, 0, 0.767, 2, 2, 2.6, 2]}, {"Target": "Parameter", "Id": "ParamArmL8", "Segments": [0, -22, 0, 0.667, 18, 1, 0.928, 22.442, 1.189, 22.0, 1.45, 22, 2, 2.6, 22]}, {"Target": "Parameter", "Id": "ParamFingerL", "Segments": [0, 8, 0, 0.55, 0, 0, 1.067, 9, 0, 1.817, 7, 2, 2.6, 7]}, {"Target": "Parameter", "Id": "ParamPositionY", "Segments": [0, 0, 0, 2.6, 0]}, {"Target": "Parameter", "Id": "ParamRotationZ", "Segments": [0, 0, 0, 2.6, 0]}, {"Target": "Parameter", "Id": "ParamUpperBody", "Segments": [0, 0, 0, 2.6, 0]}, {"Target": "Parameter", "Id": "ParamBreath", "Segments": [0, 0, 0, 2.6, 0]}, {"Target": "Parameter", "Id": "ParamLegLZ", "Segments": [0, -1, 0, 2.6, -1]}, {"Target": "Parameter", "Id": "ParamLegRZ", "Segments": [0, 2, 0, 2.6, 2]}, {"Target": "Parameter", "Id": "ParamShoulderR", "Segments": [0, 7, 0, 2.6, 7]}, {"Target": "Parameter", "Id": "ParamArmR6", "Segments": [0, 1.1, 0, 2.6, 1.1]}, {"Target": "Parameter", "Id": "ParamArmR7", "Segments": [0, -4, 0, 2.6, -4]}, {"Target": "Parameter", "Id": "ParamArmR9", "Segments": [0, 0.8, 0, 2.6, 0.8]}, {"Target": "Parameter", "Id": "ParamHandRA", "Segments": [0, 0, 0, 2.6, 0]}, {"Target": "Parameter", "Id": "ParamHandRB", "Segments": [0, 0, 0, 2.6, 0]}, {"Target": "Parameter", "Id": "ParamHandRC", "Segments": [0, 0, 0, 2.6, 0]}, {"Target": "Parameter", "Id": "ParamHandRD", "Segments": [0, 0, 0, 2.6, 0]}, {"Target": "Parameter", "Id": "ParamHandRE", "Segments": [0, 0, 0, 2.6, 0]}, {"Target": "Parameter", "Id": "ParamHandRF", "Segments": [0, 1, 0, 2.6, 1]}, {"Target": "Parameter", "Id": "ParamHandRG", "Segments": [0, 0, 0, 2.6, 0]}, {"Target": "Parameter", "Id": "ParamHandRH", "Segments": [0, 0, 0, 2.6, 0]}, {"Target": "Parameter", "Id": "ParamHandRI", "Segments": [0, 0, 0, 2.6, 0]}, {"Target": "Parameter", "Id": "ParamHandRJ", "Segments": [0, 0, 0, 2.6, 0]}, {"Target": "Parameter", "Id": "ParamHandRK", "Segments": [0, 0, 0, 2.6, 0]}, {"Target": "Parameter", "Id": "ParamArmL4", "Segments": [0, 15, 0, 2.6, 15]}, {"Target": "Parameter", "Id": "ParamArmL6", "Segments": [0, 1, 0, 2.6, 1]}, {"Target": "Parameter", "Id": "ParamArmL7", "Segments": [0, -4, 0, 2.6, -4]}, {"Target": "Parameter", "Id": "ParamArmL9", "Segments": [0, 0.8, 0, 2.6, 0.8]}, {"Target": "Parameter", "Id": "ParamHandLA", "Segments": [0, 0, 0, 2.6, 0]}, {"Target": "Parameter", "Id": "ParamHandLB", "Segments": [0, 0, 0, 2.6, 0]}, {"Target": "Parameter", "Id": "ParamHandLC", "Segments": [0, 0, 0, 2.6, 0]}, {"Target": "Parameter", "Id": "ParamHandLD", "Segments": [0, 0, 0, 2.6, 0]}, {"Target": "Parameter", "Id": "ParamHandLE", "Segments": [0, 0, 0, 2.6, 0]}, {"Target": "Parameter", "Id": "ParamHandLF", "Segments": [0, 1, 0, 2.6, 1]}, {"Target": "Parameter", "Id": "ParamHandLG", "Segments": [0, 0, 0, 2.6, 0]}, {"Target": "Parameter", "Id": "ParamHandLH", "Segments": [0, 0, 0, 2.6, 0]}, {"Target": "Parameter", "Id": "ParamHandLI", "Segments": [0, 0, 0, 2.6, 0]}, {"Target": "Parameter", "Id": "ParamHandLJ", "Segments": [0, 0, 0, 2.6, 0]}, {"Target": "Parameter", "Id": "ParamHandLK", "Segments": [0, 0, 0, 2.6, 0]}], "UserData": [{"Time": 0.217, "Value": "eyeblink,0.2,0.24,0.24"}]}