{"Version": 3, "Meta": {"Duration": 2.6, "Fps": 60.0, "Loop": true, "AreBeziersRestricted": true, "CurveCount": 61, "UserDataCount": 1, "TotalSegmentCount": 181, "TotalPointCount": 183, "TotalUserDataSize": 23}, "Curves": [{"Target": "Parameter", "Id": "ParamPositionY", "Segments": [0, 0, 0, 0.65, -1, 0, 1.283, 0, 2, 2.6, 0]}, {"Target": "Parameter", "Id": "ParamAngleX", "Segments": [0, 0, 0, 0.5, -20, 0, 1, 13, 0, 1.467, -5, 0, 1.85, 0, 2, 2.6, 0]}, {"Target": "Parameter", "Id": "ParamAngleY", "Segments": [0, 0, 0, 0.483, -16, 2, 2.6, -16]}, {"Target": "Parameter", "Id": "ParamAngleZ", "Segments": [0, 0, 0, 0.967, 4, 2, 2.6, 4]}, {"Target": "Parameter", "Id": "ParamEyeROpen", "Segments": [0, 1, 0, 0.55, 1, 0, 0.75, 0, 2, 1.517, 0, 0, 1.75, 1, 2, 2.6, 1]}, {"Target": "Parameter", "Id": "ParamEyeLOpen", "Segments": [0, 1, 0, 0.55, 1, 0, 0.75, 0, 2, 1.517, 0, 0, 1.75, 1, 2, 2.6, 1]}, {"Target": "Parameter", "Id": "ParamEyeballX", "Segments": [0, 0, 0, 0.333, -0.1, 2, 1.4, -0.1, 0, 1.783, 0.1, 2, 2.6, 0.1]}, {"Target": "Parameter", "Id": "ParamBodyAngleX", "Segments": [0, 0, 0, 0.317, 6, 0, 0.767, -5, 0, 1.2, 5, 0, 1.667, 1, 2, 2.6, 1]}, {"Target": "Parameter", "Id": "ParamBodyAngleY", "Segments": [0, 0, 0, 0.333, 1, 0, 1, -5, 2, 2.6, -5]}, {"Target": "Parameter", "Id": "ParamBodyAngleZ", "Segments": [0, 4, 0, 0.533, 2, 0, 1.3, 4, 2, 2.6, 4]}, {"Target": "Parameter", "Id": "ParamUpperBodyZ", "Segments": [0, -6, 0, 0.533, -4, 0, 1.3, -5, 2, 2.6, -5]}, {"Target": "Parameter", "Id": "ParamUpperBody", "Segments": [0, 1, 0, 0.533, 0, 1, 0.789, -1.539, 1.044, -4.0, 1.3, -4, 2, 2.6, -4]}, {"Target": "Parameter", "Id": "ParamLegLZ", "Segments": [0, 1, 0, 1.1, -1, 2, 2.6, -1]}, {"Target": "Parameter", "Id": "ParamShoulderR", "Segments": [0, 4, 0, 0.333, 0, 0, 0.883, 7, 2, 2.6, 7]}, {"Target": "Parameter", "Id": "ParamArmR1", "Segments": [0, -33, 0, 0.333, -25, 0, 0.883, -39, 2, 2.6, -39]}, {"Target": "Parameter", "Id": "ParamArmR2", "Segments": [0, 43, 0, 0.367, 52, 0, 1, 39, 2, 2.6, 39]}, {"Target": "Parameter", "Id": "ParamArmR3", "Segments": [0, -40, 0, 0.45, 8, 2, 1.067, 8, 2, 2.6, 8]}, {"Target": "Parameter", "Id": "ParamArmR4", "Segments": [0, 22, 0, 1.017, 14, 2, 2.6, 14]}, {"Target": "Parameter", "Id": "ParamArmR5", "Segments": [0, 8, 0, 1, 9, 2, 2.6, 9]}, {"Target": "Parameter", "Id": "ParamArmR8", "Segments": [0, -30, 0, 0.5, 7, 2, 2.6, 7]}, {"Target": "Parameter", "Id": "ParamFingerR", "Segments": [0, 0, 0, 0.433, 10, 0, 1.25, -10, 0, 1.933, 0, 2, 2.6, 0]}, {"Target": "Parameter", "Id": "ParamShoulderL", "Segments": [0, 2, 0, 0.333, -1, 0, 0.883, 6, 2, 2.6, 6]}, {"Target": "Parameter", "Id": "ParamArmL1", "Segments": [0, -39, 0, 0.333, -32, 0, 0.883, -47, 2, 2.6, -47]}, {"Target": "Parameter", "Id": "ParamArmL2", "Segments": [0, 44, 0, 0.367, 50, 0, 1, 38, 2, 2.6, 38]}, {"Target": "Parameter", "Id": "ParamArmL3", "Segments": [0, -40, 0, 0.467, 11, 0, 1.1, 6, 2, 2.6, 6]}, {"Target": "Parameter", "Id": "ParamArmL4", "Segments": [0, 17, 0, 1.017, 12, 2, 2.6, 12]}, {"Target": "Parameter", "Id": "ParamArmL8", "Segments": [0, -30, 0, 0.5, 9, 2, 2.6, 9]}, {"Target": "Parameter", "Id": "ParamFingerL", "Segments": [0, 0, 0, 0.45, 10, 0, 1.267, -10, 0, 1.95, 0, 2, 2.6, 0]}, {"Target": "Parameter", "Id": "ParamPositionX", "Segments": [0, -1, 0, 2.6, -1]}, {"Target": "Parameter", "Id": "ParamRotationZ", "Segments": [0, 0, 0, 2.6, 0]}, {"Target": "Parameter", "Id": "ParamBreath", "Segments": [0, 1, 0, 2.6, 1]}, {"Target": "Parameter", "Id": "ParamLegRZ", "Segments": [0, -4, 0, 2.6, -4]}, {"Target": "Parameter", "Id": "ParamArmR6", "Segments": [0, 1.1, 0, 2.6, 1.1]}, {"Target": "Parameter", "Id": "ParamArmR7", "Segments": [0, 0, 0, 2.6, 0]}, {"Target": "Parameter", "Id": "ParamArmR9", "Segments": [0, 0.7, 0, 2.6, 0.7]}, {"Target": "Parameter", "Id": "ParamHandRA", "Segments": [0, 0, 0, 2.6, 0]}, {"Target": "Parameter", "Id": "ParamHandRB", "Segments": [0, 0, 0, 2.6, 0]}, {"Target": "Parameter", "Id": "ParamHandRC", "Segments": [0, 0, 0, 2.6, 0]}, {"Target": "Parameter", "Id": "ParamHandRD", "Segments": [0, 1, 0, 2.6, 1]}, {"Target": "Parameter", "Id": "ParamHandRE", "Segments": [0, 0, 0, 2.6, 0]}, {"Target": "Parameter", "Id": "ParamHandRF", "Segments": [0, 0, 0, 2.6, 0]}, {"Target": "Parameter", "Id": "ParamHandRG", "Segments": [0, 0, 0, 2.6, 0]}, {"Target": "Parameter", "Id": "ParamHandRH", "Segments": [0, 0, 0, 2.6, 0]}, {"Target": "Parameter", "Id": "ParamHandRI", "Segments": [0, 0, 0, 2.6, 0]}, {"Target": "Parameter", "Id": "ParamHandRJ", "Segments": [0, 0, 0, 2.6, 0]}, {"Target": "Parameter", "Id": "ParamHandRK", "Segments": [0, 0, 0, 2.6, 0]}, {"Target": "Parameter", "Id": "ParamArmL5", "Segments": [0, 9, 0, 2.6, 9]}, {"Target": "Parameter", "Id": "ParamArmL6", "Segments": [0, 1, 0, 2.6, 1]}, {"Target": "Parameter", "Id": "ParamArmL7", "Segments": [0, 0, 0, 2.6, 0]}, {"Target": "Parameter", "Id": "ParamArmL9", "Segments": [0, 0.7, 0, 2.6, 0.7]}, {"Target": "Parameter", "Id": "ParamHandLA", "Segments": [0, 0, 0, 2.6, 0]}, {"Target": "Parameter", "Id": "ParamHandLB", "Segments": [0, 0, 0, 2.6, 0]}, {"Target": "Parameter", "Id": "ParamHandLC", "Segments": [0, 0, 0, 2.6, 0]}, {"Target": "Parameter", "Id": "ParamHandLD", "Segments": [0, 1, 0, 2.6, 1]}, {"Target": "Parameter", "Id": "ParamHandLE", "Segments": [0, 0, 0, 2.6, 0]}, {"Target": "Parameter", "Id": "ParamHandLF", "Segments": [0, 0, 0, 2.6, 0]}, {"Target": "Parameter", "Id": "ParamHandLG", "Segments": [0, 0, 0, 2.6, 0]}, {"Target": "Parameter", "Id": "ParamHandLH", "Segments": [0, 0, 0, 2.6, 0]}, {"Target": "Parameter", "Id": "ParamHandLI", "Segments": [0, 0, 0, 2.6, 0]}, {"Target": "Parameter", "Id": "ParamHandLJ", "Segments": [0, 0, 0, 2.6, 0]}, {"Target": "Parameter", "Id": "ParamHandLK", "Segments": [0, 0, 0, 2.6, 0]}], "UserData": [{"Time": 0.55, "Value": "eyeblink,0.20,0.77,0.20"}]}