{"Version": 3, "Meta": {"Duration": 2.5, "Fps": 60.0, "Loop": true, "AreBeziersRestricted": true, "CurveCount": 61, "UserDataCount": 1, "TotalSegmentCount": 193, "TotalPointCount": 193, "TotalUserDataSize": 23}, "Curves": [{"Target": "Parameter", "Id": "ParamAngleX", "Segments": [0, 0, 0, 0.167, 0, 0, 0.583, -7, 0, 1.2, 6, 0, 1.8, 4, 2, 2.5, 4]}, {"Target": "Parameter", "Id": "ParamAngleY", "Segments": [0, 0, 0, 0.167, 0, 0, 0.583, 16, 0, 1.2, -3, 0, 1.8, 0, 2, 2.5, 0]}, {"Target": "Parameter", "Id": "ParamAngleZ", "Segments": [0, 0, 0, 0.167, 0, 0, 0.583, -22, 0, 1.2, 15, 0, 1.8, 10, 2, 2.5, 10]}, {"Target": "Parameter", "Id": "ParamEyeROpen", "Segments": [0, 1, 0, 0.167, 1, 0, 0.583, 0, 2, 0.7, 0, 0, 1.117, 1, 2, 2.5, 1]}, {"Target": "Parameter", "Id": "ParamEyeLOpen", "Segments": [0, 1, 0, 0.167, 1, 0, 0.583, 0, 2, 0.7, 0, 0, 1.117, 1, 2, 2.5, 1]}, {"Target": "Parameter", "Id": "ParamEyeballX", "Segments": [0, 0, 0, 0.417, 0, 0, 1, -0.1, 2, 2.5, -0.1]}, {"Target": "Parameter", "Id": "ParamBodyAngleX", "Segments": [0, -4, 0, 0.417, 6, 0, 1, -8, 0, 1.6, -1, 2, 2.5, -1]}, {"Target": "Parameter", "Id": "ParamBodyAngleY", "Segments": [0, 0, 0, 0.417, 2, 0, 1, -3, 2, 2.5, -3]}, {"Target": "Parameter", "Id": "ParamUpperBodyZ", "Segments": [0, 7, 0, 0.083, 7, 0, 0.5, 3, 0, 1.083, 8, 0, 1.683, 7, 2, 2.5, 7]}, {"Target": "Parameter", "Id": "ParamUpperBody", "Segments": [0, 0, 0, 0.417, 1, 0, 1, -1, 0, 1.6, 0, 2, 2.5, 0]}, {"Target": "Parameter", "Id": "ParamShoulderR", "Segments": [0, 0, 0, 0.083, 0, 0, 0.5, 3, 0, 1.083, -4, 0, 1.683, 0, 2, 2.5, 0]}, {"Target": "Parameter", "Id": "ParamArmR1", "Segments": [0, -46, 0, 0.083, -46, 0, 0.5, -35, 0, 1.083, -49, 0, 1.683, -46, 2, 2.5, -46]}, {"Target": "Parameter", "Id": "ParamArmR2", "Segments": [0, -2, 0, 0.133, -2, 0, 0.55, -3, 0, 1.133, -1, 0, 1.733, -2, 2, 2.5, -2]}, {"Target": "Parameter", "Id": "ParamArmR3", "Segments": [0, -17, 0, 0.183, -17, 0, 0.6, -32, 0, 1.183, -4, 0, 1.783, -17, 2, 2.5, -17]}, {"Target": "Parameter", "Id": "ParamArmR4", "Segments": [0, 0, 0, 0.083, 0, 0, 0.5, 5, 0, 1.083, 0, 2, 2.5, 0]}, {"Target": "Parameter", "Id": "ParamArmR8", "Segments": [0, -20, 0, 0.55, -37, 0, 1.15, -5, 0, 1.733, -19, 2, 2.5, -19]}, {"Target": "Parameter", "Id": "ParamFingerR", "Segments": [0, 0, 0, 0.483, 10, 0, 1.067, -8, 0, 1.583, 0, 2, 2.5, 0]}, {"Target": "Parameter", "Id": "ParamShoulderL", "Segments": [0, 5, 0, 0.317, 5, 0, 0.9, 4, 2, 2.5, 4]}, {"Target": "Parameter", "Id": "ParamArmL1", "Segments": [0, 5, 0, 0.333, -1, 0, 0.9, 4, 2, 1.483, 4, 2, 2.5, 4]}, {"Target": "Parameter", "Id": "ParamArmL3", "Segments": [0, 18, 0, 0.433, 30, 0, 1.017, 26, 2, 2.5, 26]}, {"Target": "Parameter", "Id": "ParamArmL5", "Segments": [0, 10, 0, 0.433, 12, 0, 1.017, 10.1, 2, 2.5, 10.1]}, {"Target": "Parameter", "Id": "ParamFingerL", "Segments": [0, 0, 0, 0.467, 7, 0, 1.05, -2, 0, 1.567, 0, 2, 2.5, 0]}, {"Target": "Parameter", "Id": "ParamPositionX", "Segments": [0, 1, 0, 2.5, 1]}, {"Target": "Parameter", "Id": "ParamPositionY", "Segments": [0, 0, 0, 2.5, 0]}, {"Target": "Parameter", "Id": "ParamRotationZ", "Segments": [0, 0, 0, 2.5, 0]}, {"Target": "Parameter", "Id": "ParamBodyAngleZ", "Segments": [0, -5, 0, 2.5, -5]}, {"Target": "Parameter", "Id": "ParamBreath", "Segments": [0, 0, 0, 2.5, 0]}, {"Target": "Parameter", "Id": "ParamLegLZ", "Segments": [0, -1, 0, 2.5, -1]}, {"Target": "Parameter", "Id": "ParamLegRZ", "Segments": [0, 4, 0, 2.5, 4]}, {"Target": "Parameter", "Id": "ParamArmR5", "Segments": [0, 0, 0, 2.5, 0]}, {"Target": "Parameter", "Id": "ParamArmR6", "Segments": [0, 0, 0, 2.5, 0]}, {"Target": "Parameter", "Id": "ParamArmR7", "Segments": [0, 0, 0, 2.5, 0]}, {"Target": "Parameter", "Id": "ParamArmR9", "Segments": [0, -0.8, 0, 2.5, -0.8]}, {"Target": "Parameter", "Id": "ParamHandRA", "Segments": [0, 1, 0, 2.5, 1]}, {"Target": "Parameter", "Id": "ParamHandRB", "Segments": [0, 0, 0, 2.5, 0]}, {"Target": "Parameter", "Id": "ParamHandRC", "Segments": [0, 0, 0, 2.5, 0]}, {"Target": "Parameter", "Id": "ParamHandRD", "Segments": [0, 0, 0, 2.5, 0]}, {"Target": "Parameter", "Id": "ParamHandRE", "Segments": [0, 0, 0, 2.5, 0]}, {"Target": "Parameter", "Id": "ParamHandRF", "Segments": [0, 0, 0, 2.5, 0]}, {"Target": "Parameter", "Id": "ParamHandRG", "Segments": [0, 0, 0, 2.5, 0]}, {"Target": "Parameter", "Id": "ParamHandRH", "Segments": [0, 0, 0, 2.5, 0]}, {"Target": "Parameter", "Id": "ParamHandRI", "Segments": [0, 0, 0, 2.5, 0]}, {"Target": "Parameter", "Id": "ParamHandRJ", "Segments": [0, 0, 0, 2.5, 0]}, {"Target": "Parameter", "Id": "ParamHandRK", "Segments": [0, 0, 0, 2.5, 0]}, {"Target": "Parameter", "Id": "ParamArmL2", "Segments": [0, 18, 0, 2.5, 18]}, {"Target": "Parameter", "Id": "ParamArmL4", "Segments": [0, -20, 0, 2.5, -20]}, {"Target": "Parameter", "Id": "ParamArmL6", "Segments": [0, 1, 0, 2.5, 1]}, {"Target": "Parameter", "Id": "ParamArmL7", "Segments": [0, 0, 0, 2.5, 0]}, {"Target": "Parameter", "Id": "ParamArmL8", "Segments": [0, 23, 0, 2.5, 23]}, {"Target": "Parameter", "Id": "ParamArmL9", "Segments": [0, 0.6, 0, 2.5, 0.6]}, {"Target": "Parameter", "Id": "ParamHandLA", "Segments": [0, 0, 0, 2.5, 0]}, {"Target": "Parameter", "Id": "ParamHandLB", "Segments": [0, 0, 0, 2.5, 0]}, {"Target": "Parameter", "Id": "ParamHandLC", "Segments": [0, 0, 0, 2.5, 0]}, {"Target": "Parameter", "Id": "ParamHandLD", "Segments": [0, 0, 0, 2.5, 0]}, {"Target": "Parameter", "Id": "ParamHandLE", "Segments": [0, 0, 0, 2.5, 0]}, {"Target": "Parameter", "Id": "ParamHandLF", "Segments": [0, 0, 0, 2.5, 0]}, {"Target": "Parameter", "Id": "ParamHandLG", "Segments": [0, 0, 0, 2.5, 0]}, {"Target": "Parameter", "Id": "ParamHandLH", "Segments": [0, 0, 0, 2.5, 0]}, {"Target": "Parameter", "Id": "ParamHandLI", "Segments": [0, 0, 0, 2.5, 0]}, {"Target": "Parameter", "Id": "ParamHandLJ", "Segments": [0, 1, 0, 2.5, 1]}, {"Target": "Parameter", "Id": "ParamHandLK", "Segments": [0, 0, 0, 2.5, 0]}], "UserData": [{"Time": 0.567, "Value": "eyeblink,0.20,0.23,0.20"}]}