{"Version": 3, "Meta": {"Duration": 2.333, "Fps": 60.0, "Loop": true, "AreBeziersRestricted": true, "CurveCount": 60, "UserDataCount": 1, "TotalSegmentCount": 187, "TotalPointCount": 201, "TotalUserDataSize": 23}, "Curves": [{"Target": "Parameter", "Id": "ParamAngleY", "Segments": [0, -7, 0, 0.167, -7, 0, 0.533, 8, 0, 0.783, -26, 0, 1.5, -7, 2, 2.333, -7]}, {"Target": "Parameter", "Id": "ParamAngleZ", "Segments": [0, -19, 0, 0.167, -19, 0, 0.533, -29, 1, 0.616, -29, 0.7, -24.153, 0.783, -23, 1, 1.022, -19.696, 1.261, -19.0, 1.5, -19, 2, 2.333, -19]}, {"Target": "Parameter", "Id": "ParamEyeROpen", "Segments": [0, 1, 0, 0.533, 1, 0, 0.7, 0, 2, 0.783, 0, 0, 1.217, 1, 2, 2.333, 1]}, {"Target": "Parameter", "Id": "ParamEyeLOpen", "Segments": [0, 1, 0, 0.533, 1, 0, 0.7, 0, 2, 0.783, 0, 0, 1.217, 1, 2, 2.333, 1]}, {"Target": "Parameter", "Id": "ParamBodyAngleX", "Segments": [0, 4, 0, 0.367, -3, 0, 0.667, 6, 0, 1.367, 4, 2, 2.333, 4]}, {"Target": "Parameter", "Id": "ParamBodyAngleY", "Segments": [0, 0, 0, 0.367, 8, 0, 0.667, -4, 0, 1.117, 0, 2, 2.333, 0]}, {"Target": "Parameter", "Id": "ParamUpperBodyZ", "Segments": [0, 8, 0, 0.367, 10, 1, 0.467, 10, 0.567, 9.345, 0.667, 9, 1, 0.9, 8.196, 1.134, 8.0, 1.367, 8, 2, 2.333, 8]}, {"Target": "Parameter", "Id": "ParamUpperBody", "Segments": [0, 0, 0, 0.367, 1, 0, 0.667, -1, 0, 1.367, 0, 2, 2.333, 0]}, {"Target": "Parameter", "Id": "ParamShoulderR", "Segments": [0, 1, 0, 0.367, 4, 0, 0.667, -1, 0, 1.367, 1, 2, 2.333, 1]}, {"Target": "Parameter", "Id": "ParamArmR1", "Segments": [0, -39, 0, 0.367, -31, 0, 0.667, -45, 0, 1.367, -39, 2, 2.333, -39]}, {"Target": "Parameter", "Id": "ParamArmR2", "Segments": [0, 41, 0, 0.367, 54, 0, 0.667, 44, 2, 1.367, 44, 2, 2.333, 44]}, {"Target": "Parameter", "Id": "ParamArmR3", "Segments": [0, 21, 0, 0.367, 19, 1, 0.467, 17.197, 0.567, -6.0, 0.667, -6, 0, 1.4, 12, 2, 2.333, 12]}, {"Target": "Parameter", "Id": "ParamArmR4", "Segments": [0, 16, 0, 0.367, 24, 0, 0.667, 16, 2, 2.333, 16]}, {"Target": "Parameter", "Id": "ParamArmR5", "Segments": [0, 8, 0, 0.367, 3, 0, 0.667, 10, 0, 1.367, 8, 2, 2.333, 8]}, {"Target": "Parameter", "Id": "ParamArmR8", "Segments": [0, 17, 0, 0.35, 22, 0, 0.667, -5, 0, 1.283, 14, 2, 2.333, 14]}, {"Target": "Parameter", "Id": "ParamFingerR", "Segments": [0, 0, 0, 0.417, 10, 0, 1.333, 0, 2, 2.333, 0]}, {"Target": "Parameter", "Id": "ParamShoulderL", "Segments": [0, 0, 0, 0.367, 3, 0, 0.667, -1, 2, 2.333, -1]}, {"Target": "Parameter", "Id": "ParamArmL1", "Segments": [0, -37, 0, 0.367, -32, 0, 0.667, -41, 0, 1.367, -37, 2, 2.333, -37]}, {"Target": "Parameter", "Id": "ParamArmL2", "Segments": [0, -1, 0, 0.067, -1, 0, 0.433, -2, 2, 0.733, -2, 0, 1.433, -1, 2, 2.333, -1]}, {"Target": "Parameter", "Id": "ParamArmL3", "Segments": [0, 9, 0, 0.1, 9, 0, 0.467, -5, 1, 0.567, -5, 0.667, 6.216, 0.767, 7, 1, 1.0, 8.83, 1.234, 9.0, 1.467, 9, 2, 2.333, 9]}, {"Target": "Parameter", "Id": "ParamArmL8", "Segments": [0, 0, 0, 0.483, -15, 0, 1.05, -6, 2, 2.333, -6]}, {"Target": "Parameter", "Id": "ParamFingerL", "Segments": [0, 0, 0, 0.5, 6, 0, 1.15, -1, 2, 2.333, -1]}, {"Target": "Parameter", "Id": "ParamPositionX", "Segments": [0, 0, 0, 2.333, 0]}, {"Target": "Parameter", "Id": "ParamPositionY", "Segments": [0, 0, 0, 2.333, 0]}, {"Target": "Parameter", "Id": "ParamRotationZ", "Segments": [0, 0, 0, 2.333, 0]}, {"Target": "Parameter", "Id": "ParamAngleX", "Segments": [0, 0, 0, 2.333, 0]}, {"Target": "Parameter", "Id": "ParamBodyAngleZ", "Segments": [0, -3, 0, 2.333, -3]}, {"Target": "Parameter", "Id": "ParamBreath", "Segments": [0, 0, 0, 2.333, 0]}, {"Target": "Parameter", "Id": "ParamLegLZ", "Segments": [0, 0, 0, 2.333, 0]}, {"Target": "Parameter", "Id": "ParamLegRZ", "Segments": [0, 2, 0, 2.333, 2]}, {"Target": "Parameter", "Id": "ParamArmR6", "Segments": [0, 1, 0, 2.333, 1]}, {"Target": "Parameter", "Id": "ParamArmR7", "Segments": [0, 0, 0, 2.333, 0]}, {"Target": "Parameter", "Id": "ParamArmR9", "Segments": [0, 0.7, 0, 2.333, 0.7]}, {"Target": "Parameter", "Id": "ParamHandRA", "Segments": [0, 0, 0, 2.333, 0]}, {"Target": "Parameter", "Id": "ParamHandRB", "Segments": [0, 0, 0, 2.333, 0]}, {"Target": "Parameter", "Id": "ParamHandRC", "Segments": [0, 0, 0, 2.333, 0]}, {"Target": "Parameter", "Id": "ParamHandRD", "Segments": [0, 1, 0, 2.333, 1]}, {"Target": "Parameter", "Id": "ParamHandRE", "Segments": [0, 0, 0, 2.333, 0]}, {"Target": "Parameter", "Id": "ParamHandRF", "Segments": [0, 0, 0, 2.333, 0]}, {"Target": "Parameter", "Id": "ParamHandRG", "Segments": [0, 0, 0, 2.333, 0]}, {"Target": "Parameter", "Id": "ParamHandRH", "Segments": [0, 0, 0, 2.333, 0]}, {"Target": "Parameter", "Id": "ParamHandRI", "Segments": [0, 0, 0, 2.333, 0]}, {"Target": "Parameter", "Id": "ParamHandRJ", "Segments": [0, 0, 0, 2.333, 0]}, {"Target": "Parameter", "Id": "ParamHandRK", "Segments": [0, 0, 0, 2.333, 0]}, {"Target": "Parameter", "Id": "ParamArmL4", "Segments": [0, 0, 0, 2.333, 0]}, {"Target": "Parameter", "Id": "ParamArmL5", "Segments": [0, 0, 0, 2.333, 0]}, {"Target": "Parameter", "Id": "ParamArmL6", "Segments": [0, 0, 0, 2.333, 0]}, {"Target": "Parameter", "Id": "ParamArmL7", "Segments": [0, 5, 0, 2.333, 5]}, {"Target": "Parameter", "Id": "ParamArmL9", "Segments": [0, -0.8, 0, 2.333, -0.8]}, {"Target": "Parameter", "Id": "ParamHandLA", "Segments": [0, 0, 0, 2.333, 0]}, {"Target": "Parameter", "Id": "ParamHandLB", "Segments": [0, 0, 0, 2.333, 0]}, {"Target": "Parameter", "Id": "ParamHandLC", "Segments": [0, 0, 0, 2.333, 0]}, {"Target": "Parameter", "Id": "ParamHandLD", "Segments": [0, 0, 0, 2.333, 0]}, {"Target": "Parameter", "Id": "ParamHandLE", "Segments": [0, 0, 0, 2.333, 0]}, {"Target": "Parameter", "Id": "ParamHandLF", "Segments": [0, 0, 0, 2.333, 0]}, {"Target": "Parameter", "Id": "ParamHandLG", "Segments": [0, 1, 0, 2.333, 1]}, {"Target": "Parameter", "Id": "ParamHandLH", "Segments": [0, 0, 0, 2.333, 0]}, {"Target": "Parameter", "Id": "ParamHandLI", "Segments": [0, 0, 0, 2.333, 0]}, {"Target": "Parameter", "Id": "ParamHandLJ", "Segments": [0, 0, 0, 2.333, 0]}, {"Target": "Parameter", "Id": "ParamHandLK", "Segments": [0, 0, 0, 2.333, 0]}], "UserData": [{"Time": 0.533, "Value": "eyeblink,0.17,0.08,0.43"}]}