{
  "Version": 3,
  "FileReferences": {
    "Moc": "p2.moc3",
    "Textures": [
      "textures/texture_00.png"
    ],
    "Physics": "",
    "Motions": {
      "": [
        {
          "File": "motions/touch_1.motion3.json"
        },
        {
          "File": "motions/touch_3.motion3.json"
        },
        {
          "File": "motions/login_afternoon.motion3.json"
        },
        {
          "File": "motions/touch_5.motion3.json"
        },
        {
          "File": "motions/login_midnight.motion3.json"
        },
        {
          "File": "motions/touch_6.motion3.json"
        },
        {
          "File": "motions/touch_2.motion3.json"
        },
        {
          "File": "motions/login_morning.motion3.json"
        },
        {
          "File": "motions/login_evening.motion3.json"
        },
        {
          "File": "motions/normal.motion3.json"
        },
        {
          "File": "motions/touch_4.motion3.json"
        }
      ]
    }
  },
  "Groups": [
    {
      "Target": "Parameter",
      "Name": "LipSync",
      "Ids": [
        "ParamMouthOpenY"
      ]
    }
  ]
}