{"Version": 3, "Meta": {"Duration": 2.6, "Fps": 60.0, "Loop": true, "AreBeziersRestricted": true, "CurveCount": 61, "UserDataCount": 1, "TotalSegmentCount": 184, "TotalPointCount": 188, "TotalUserDataSize": 22}, "Curves": [{"Target": "Parameter", "Id": "ParamPositionX", "Segments": [0, 0, 0, 1.05, -1, 2, 2.6, -1]}, {"Target": "Parameter", "Id": "ParamPositionY", "Segments": [0, 0, 0, 0.5, 2, 0, 0.867, 0, 2, 2.6, 0]}, {"Target": "Parameter", "Id": "ParamRotationZ", "Segments": [0, 0, 0, 0.5, 1, 0, 1.1, 0, 2, 2.6, 0]}, {"Target": "Parameter", "Id": "ParamAngleX", "Segments": [0, 0, 0, 0.467, 3, 0, 0.8, -3, 2, 2.6, -3]}, {"Target": "Parameter", "Id": "ParamAngleY", "Segments": [0, 5, 0, 0.467, 21, 0, 0.8, -9, 0, 1.367, -4, 2, 2.6, -4]}, {"Target": "Parameter", "Id": "ParamAngleZ", "Segments": [0, -10, 0, 0.583, 0, 0, 1.05, -12, 0, 1.667, -8, 2, 2.6, -8]}, {"Target": "Parameter", "Id": "ParamEyeROpen", "Segments": [0, 1, 0, 0.167, 1, 0, 0.367, 0, 2, 0.6, 0, 0, 0.833, 1, 2, 2.6, 1]}, {"Target": "Parameter", "Id": "ParamEyeLOpen", "Segments": [0, 1, 0, 0.167, 1, 0, 0.367, 0, 2, 0.6, 0, 0, 0.833, 1, 2, 2.6, 1]}, {"Target": "Parameter", "Id": "ParamEyeballX", "Segments": [0, 0, 0, 1.1, 0.1, 2, 2.6, 0.1]}, {"Target": "Parameter", "Id": "ParamBodyAngleX", "Segments": [0, -6, 0, 0.633, -1, 0, 0.933, -3, 2, 2.6, -3]}, {"Target": "Parameter", "Id": "ParamBodyAngleY", "Segments": [0, 0, 0, 0.5, 6, 0, 0.85, -2, 0, 1.517, 4, 2, 2.6, 4]}, {"Target": "Parameter", "Id": "ParamBodyAngleZ", "Segments": [0, -3, 0, 0.483, -2, 0, 0.983, -3, 2, 2.6, -3]}, {"Target": "Parameter", "Id": "ParamUpperBodyZ", "Segments": [0, 7, 0, 0.983, 8, 2, 2.6, 8]}, {"Target": "Parameter", "Id": "ParamUpperBody", "Segments": [0, 0, 0, 0.6, 5, 2, 2.6, 5]}, {"Target": "Parameter", "Id": "ParamLegLZ", "Segments": [0, 0, 0, 0.65, 2, 2, 2.6, 2]}, {"Target": "Parameter", "Id": "ParamLegRZ", "Segments": [0, 2, 0, 0.483, -2, 0, 0.967, 2, 2, 2.6, 2]}, {"Target": "Parameter", "Id": "ParamShoulderR", "Segments": [0, 4, 0, 0.433, 9, 0, 0.883, 4, 0, 1.367, 6, 2, 2.6, 6]}, {"Target": "Parameter", "Id": "ParamArmR1", "Segments": [0, -40, 0, 0.467, -35, 0, 0.867, -41, 2, 2.6, -41]}, {"Target": "Parameter", "Id": "ParamArmR2", "Segments": [0, 28, 0, 0.5, 31, 0, 0.933, 27, 0, 1.383, 27.5, 2, 2.6, 27.5]}, {"Target": "Parameter", "Id": "ParamArmR3", "Segments": [0, -12, 0, 0.567, 11, 0, 1, -11, 0, 1.517, -4, 2, 2.6, -4]}, {"Target": "Parameter", "Id": "ParamArmR4", "Segments": [0, 2, 0, 0.45, 30, 0, 0.917, 18, 2, 2.6, 18]}, {"Target": "Parameter", "Id": "ParamArmR5", "Segments": [0, 4, 0, 0.667, 6, 2, 2.6, 6]}, {"Target": "Parameter", "Id": "ParamShoulderL", "Segments": [0, 4, 0, 0.433, 9, 0, 0.867, 4, 0, 1.367, 6, 2, 2.6, 6]}, {"Target": "Parameter", "Id": "ParamArmL1", "Segments": [0, -40, 0, 0.483, -35, 0, 0.917, -38, 2, 2.6, -38]}, {"Target": "Parameter", "Id": "ParamArmL2", "Segments": [0, 27, 0, 0.533, 29, 0, 1.017, 27, 0, 1.483, 27.5, 2, 2.6, 27.5]}, {"Target": "Parameter", "Id": "ParamArmL3", "Segments": [0, 23, 0, 0.583, 32, 1, 0.755, 32, 0.928, 18.421, 1.1, 16, 1, 1.267, 13.657, 1.433, 14, 1.6, 14, 2, 2.6, 14]}, {"Target": "Parameter", "Id": "ParamArmL4", "Segments": [0, 5, 0, 0.45, 30, 0, 1.1, 26, 2, 2.6, 26]}, {"Target": "Parameter", "Id": "ParamArmL5", "Segments": [0, 3, 0, 0.467, 6, 2, 2.6, 6]}, {"Target": "Parameter", "Id": "ParamBreath", "Segments": [0, 0, 0, 2.6, 0]}, {"Target": "Parameter", "Id": "ParamArmR6", "Segments": [0, 1.1, 0, 2.6, 1.1]}, {"Target": "Parameter", "Id": "ParamArmR7", "Segments": [0, -4, 0, 2.6, -4]}, {"Target": "Parameter", "Id": "ParamArmR8", "Segments": [0, -18, 0, 2.6, -18]}, {"Target": "Parameter", "Id": "ParamArmR9", "Segments": [0, 0.7, 0, 2.6, 0.7]}, {"Target": "Parameter", "Id": "ParamHandRA", "Segments": [0, 0, 0, 2.6, 0]}, {"Target": "Parameter", "Id": "ParamHandRB", "Segments": [0, 0, 0, 2.6, 0]}, {"Target": "Parameter", "Id": "ParamHandRC", "Segments": [0, 0, 0, 2.6, 0]}, {"Target": "Parameter", "Id": "ParamHandRD", "Segments": [0, 1, 0, 2.6, 1]}, {"Target": "Parameter", "Id": "ParamHandRE", "Segments": [0, 0, 0, 2.6, 0]}, {"Target": "Parameter", "Id": "ParamHandRF", "Segments": [0, 0, 0, 2.6, 0]}, {"Target": "Parameter", "Id": "ParamHandRG", "Segments": [0, 0, 0, 2.6, 0]}, {"Target": "Parameter", "Id": "ParamHandRH", "Segments": [0, 0, 0, 2.6, 0]}, {"Target": "Parameter", "Id": "ParamHandRI", "Segments": [0, 0, 0, 2.6, 0]}, {"Target": "Parameter", "Id": "ParamHandRJ", "Segments": [0, 0, 0, 2.6, 0]}, {"Target": "Parameter", "Id": "ParamHandRK", "Segments": [0, 0, 0, 2.6, 0]}, {"Target": "Parameter", "Id": "ParamFingerR", "Segments": [0, 0, 0, 2.6, 0]}, {"Target": "Parameter", "Id": "ParamArmL6", "Segments": [0, 1, 0, 2.6, 1]}, {"Target": "Parameter", "Id": "ParamArmL7", "Segments": [0, -4, 0, 2.6, -4]}, {"Target": "Parameter", "Id": "ParamArmL8", "Segments": [0, 25, 0, 2.6, 25]}, {"Target": "Parameter", "Id": "ParamArmL9", "Segments": [0, 0.9, 0, 2.6, 0.9]}, {"Target": "Parameter", "Id": "ParamHandLA", "Segments": [0, 0, 0, 2.6, 0]}, {"Target": "Parameter", "Id": "ParamHandLB", "Segments": [0, 0, 0, 2.6, 0]}, {"Target": "Parameter", "Id": "ParamHandLC", "Segments": [0, 0, 0, 2.6, 0]}, {"Target": "Parameter", "Id": "ParamHandLD", "Segments": [0, 1, 0, 2.6, 1]}, {"Target": "Parameter", "Id": "ParamHandLE", "Segments": [0, 0, 0, 2.6, 0]}, {"Target": "Parameter", "Id": "ParamHandLF", "Segments": [0, 0, 0, 2.6, 0]}, {"Target": "Parameter", "Id": "ParamHandLG", "Segments": [0, 0, 0, 2.6, 0]}, {"Target": "Parameter", "Id": "ParamHandLH", "Segments": [0, 0, 0, 2.6, 0]}, {"Target": "Parameter", "Id": "ParamHandLI", "Segments": [0, 0, 0, 2.6, 0]}, {"Target": "Parameter", "Id": "ParamHandLJ", "Segments": [0, 0, 0, 2.6, 0]}, {"Target": "Parameter", "Id": "ParamHandLK", "Segments": [0, 0, 0, 2.6, 0]}, {"Target": "Parameter", "Id": "ParamFingerL", "Segments": [0, 0, 0, 2.6, 0]}], "UserData": [{"Time": 0.167, "Value": "eyeblink,0.2,0.24,0.24"}]}