{"Version": 3, "Meta": {"Duration": 1.5, "Fps": 60.0, "Loop": true, "AreBeziersRestricted": true, "CurveCount": 8, "UserDataCount": 0, "TotalSegmentCount": 39, "TotalPointCount": 47, "TotalUserDataSize": 0}, "Curves": [{"Target": "Parameter", "Id": "ParamBodyAngleY", "Segments": [0, 0, 0, 0.333, 5, 0, 0.7, -3, 0, 1.117, 0, 2, 1.5, 0]}, {"Target": "Parameter", "Id": "ParamBodyAngleZ", "Segments": [0, 0, 0, 0.333, 0, 0, 0.867, -2, 2, 1.5, -2]}, {"Target": "Parameter", "Id": "ParamShoulderL", "Segments": [0, 0, 0, 0.333, 4, 0, 0.7, -1, 0, 1.117, 0, 2, 1.5, 0]}, {"Target": "Parameter", "Id": "ParamArmL1", "Segments": [0, -28, 0, 0.333, -15, 0, 0.7, -25, 0, 1.117, -18, 2, 1.5, -18]}, {"Target": "Parameter", "Id": "ParamArmL2", "Segments": [0, 0, 0, 0.367, -4, 0, 0.733, 0, 0, 1.15, -1, 2, 1.5, -1]}, {"Target": "Parameter", "Id": "ParamArmL3", "Segments": [0, 0, 0, 0.4, -18, 1, 0.522, -18, 0.645, -16.458, 0.767, -11, 1, 0.906, -4.798, 1.044, -0.0, 1.183, 0, 2, 1.5, 0]}, {"Target": "Parameter", "Id": "ParamArmL8", "Segments": [0, 0, 0, 0.383, -22, 1, 0.511, -22, 0.639, -21.885, 0.767, -17, 1, 0.906, -11.691, 1.044, -2.0, 1.183, -2, 2, 1.5, -2]}, {"Target": "Parameter", "Id": "ParamFingerL", "Segments": [0, 0, 0, 0.4, 6, 0, 0.767, -4, 0, 1.2, 0, 2, 1.5, 0]}], "UserData": []}