{"Version": 3, "Meta": {"Duration": 2.767, "Fps": 60.0, "Loop": true, "AreBeziersRestricted": true, "CurveCount": 61, "UserDataCount": 1, "TotalSegmentCount": 206, "TotalPointCount": 244, "TotalUserDataSize": 19}, "Curves": [{"Target": "Parameter", "Id": "ParamPositionY", "Segments": [0, 0, 0, 0.5, 1, 0, 1.133, -1, 0, 1.833, 0, 2, 2.767, 0]}, {"Target": "Parameter", "Id": "ParamAngleX", "Segments": [0, 0, 0, 0.083, 0, 2, 0.583, 0, 1, 0.794, 0, 1.006, 1.667, 1.217, 3, 1, 1.484, 4.684, 1.75, 5.0, 2.017, 5, 2, 2.767, 5]}, {"Target": "Parameter", "Id": "ParamAngleY", "Segments": [0, 0, 0, 0.117, 0, 0, 0.617, 13, 0, 1.25, -13, 0, 2.05, -9, 2, 2.767, -9]}, {"Target": "Parameter", "Id": "ParamAngleZ", "Segments": [0, 12, 0, 0.15, 12, 0, 0.65, -13, 0, 1.283, 18, 0, 2.083, 17, 2, 2.767, 17]}, {"Target": "Parameter", "Id": "ParamEyeROpen", "Segments": [0, 1, 0, 0.333, 1, 0, 0.533, 0, 0, 0.767, 1, 2, 2.767, 1]}, {"Target": "Parameter", "Id": "ParamEyeLOpen", "Segments": [0, 1, 0, 0.333, 1, 0, 0.533, 0, 0, 0.767, 1, 2, 2.767, 1]}, {"Target": "Parameter", "Id": "ParamBodyAngleX", "Segments": [0, 2, 0, 0.5, -4, 1, 0.711, -5.077, 0.922, -5.0, 1.133, -5, 0, 1.933, -4, 2, 2.767, -4]}, {"Target": "Parameter", "Id": "ParamBodyAngleY", "Segments": [0, 0, 0, 0.5, 1, 1, 0.711, 1, 0.922, 0.992, 1.133, 0.5, 1, 1.4, -0.122, 1.666, -1.0, 1.933, -1, 2, 2.767, -1]}, {"Target": "Parameter", "Id": "ParamBodyAngleZ", "Segments": [0, 3, 0, 0.033, 3, 1, 0.2, 3, 0.366, 0.779, 0.533, 0, 1, 0.744, -0.987, 0.956, -1.0, 1.167, -1, 0, 1.933, 1, 2, 2.767, 1]}, {"Target": "Parameter", "Id": "ParamUpperBodyZ", "Segments": [0, -6, 0, 0.067, -6, 1, 0.234, -6, 0.4, -5.348, 0.567, -2, 1, 0.778, 2.241, 0.989, 6.0, 1.2, 6, 0, 1.933, 0, 2, 2.767, 0]}, {"Target": "Parameter", "Id": "ParamShoulderR", "Segments": [0, 4, 0, 0.05, 4, 0, 0.55, 5, 0, 1.183, -1, 0, 1.85, 3, 2, 2.767, 3]}, {"Target": "Parameter", "Id": "ParamArmR1", "Segments": [0, -41, 0, 0.1, -41, 0, 0.6, -35, 0, 1.233, -45, 0, 1.917, -40, 2, 2.767, -40]}, {"Target": "Parameter", "Id": "ParamArmR2", "Segments": [0, -2, 0, 0.133, -2, 0, 0.633, -3, 0, 1.267, -2, 2, 1.967, -2, 2, 2.767, -2]}, {"Target": "Parameter", "Id": "ParamArmR3", "Segments": [0, -9, 0, 0.167, -9, 0, 0.667, -18, 0, 1.3, -6, 0, 2.017, -21, 2, 2.767, -21]}, {"Target": "Parameter", "Id": "ParamArmR8", "Segments": [0, -16, 0, 0.683, -24, 0, 1.333, -6, 0, 2.017, -23, 2, 2.767, -23]}, {"Target": "Parameter", "Id": "ParamFingerR", "Segments": [0, 0, 0, 0.683, 7, 0, 1.383, -5, 0, 2.083, 0, 2, 2.767, 0]}, {"Target": "Parameter", "Id": "ParamShoulderL", "Segments": [0, 6, 0, 0.033, 6, 0, 0.533, 10, 1, 0.744, 10, 0.956, 5.801, 1.167, 4, 1, 1.4, 2.01, 1.634, 2.0, 1.867, 2, 2, 2.767, 2]}, {"Target": "Parameter", "Id": "ParamArmL1", "Segments": [0, -41, 0, 0.033, -41, 0, 0.533, -17, 1, 0.744, -17, 0.956, -39.846, 1.167, -40.955, 1, 1.4, -42.181, 1.634, -41.965, 1.867, -41.965, 2, 2.767, -41.965]}, {"Target": "Parameter", "Id": "ParamArmL2", "Segments": [0, 41, 0, 0.067, 41, 0, 0.567, 51, 1, 0.778, 51, 0.989, 41.526, 1.2, 41.3, 1, 1.433, 41.051, 1.667, 41.1, 1.9, 41.1, 2, 2.767, 41.1]}, {"Target": "Parameter", "Id": "ParamArmL3", "Segments": [0, 40, 0, 0.1, 40, 0, 0.6, 2, 1, 0.811, 2, 1.022, 35.417, 1.233, 37.64, 1, 1.466, 40.097, 1.7, 39.72, 1.933, 39.72, 2, 2.767, 39.72]}, {"Target": "Parameter", "Id": "ParamArmL4", "Segments": [0, 22, 0, 0.033, 22, 0, 0.533, 36, 1, 0.744, 36, 0.956, 24.033, 1.167, 23, 1, 1.4, 21.858, 1.634, 22.04, 1.867, 22.04, 2, 2.767, 22.04]}, {"Target": "Parameter", "Id": "ParamArmL5", "Segments": [0, 0, 0, 0.033, 0, 0, 0.533, 1, 2, 2.767, 1]}, {"Target": "Parameter", "Id": "ParamArmL8", "Segments": [0, 26, 0, 0.567, -5, 0, 1.283, 26, 2, 2.767, 26]}, {"Target": "Parameter", "Id": "ParamFingerL", "Segments": [0, 9, 0, 0.7, 0, 0, 1.333, 10, 0, 1.967, 8, 2, 2.767, 8]}, {"Target": "Parameter", "Id": "ParamPositionX", "Segments": [0, 0, 0, 2.767, 0]}, {"Target": "Parameter", "Id": "ParamRotationZ", "Segments": [0, 0, 0, 2.767, 0]}, {"Target": "Parameter", "Id": "ParamEyeballX", "Segments": [0, 0, 0, 2.767, 0]}, {"Target": "Parameter", "Id": "ParamUpperBody", "Segments": [0, 0, 0, 2.767, 0]}, {"Target": "Parameter", "Id": "ParamBreath", "Segments": [0, 0, 0, 2.767, 0]}, {"Target": "Parameter", "Id": "ParamLegLZ", "Segments": [0, 4, 0, 2.767, 4]}, {"Target": "Parameter", "Id": "ParamLegRZ", "Segments": [0, -3, 0, 2.767, -3]}, {"Target": "Parameter", "Id": "ParamArmR4", "Segments": [0, 0, 0, 2.767, 0]}, {"Target": "Parameter", "Id": "ParamArmR5", "Segments": [0, 0, 0, 2.767, 0]}, {"Target": "Parameter", "Id": "ParamArmR6", "Segments": [0, 0, 0, 2.767, 0]}, {"Target": "Parameter", "Id": "ParamArmR7", "Segments": [0, 0, 0, 2.767, 0]}, {"Target": "Parameter", "Id": "ParamArmR9", "Segments": [0, -0.8, 0, 2.767, -0.8]}, {"Target": "Parameter", "Id": "ParamHandRA", "Segments": [0, 1, 0, 2.767, 1]}, {"Target": "Parameter", "Id": "ParamHandRB", "Segments": [0, 0, 0, 2.767, 0]}, {"Target": "Parameter", "Id": "ParamHandRC", "Segments": [0, 0, 0, 2.767, 0]}, {"Target": "Parameter", "Id": "ParamHandRD", "Segments": [0, 0, 0, 2.767, 0]}, {"Target": "Parameter", "Id": "ParamHandRE", "Segments": [0, 0, 0, 2.767, 0]}, {"Target": "Parameter", "Id": "ParamHandRF", "Segments": [0, 0, 0, 2.767, 0]}, {"Target": "Parameter", "Id": "ParamHandRG", "Segments": [0, 0, 0, 2.767, 0]}, {"Target": "Parameter", "Id": "ParamHandRH", "Segments": [0, 0, 0, 2.767, 0]}, {"Target": "Parameter", "Id": "ParamHandRI", "Segments": [0, 0, 0, 2.767, 0]}, {"Target": "Parameter", "Id": "ParamHandRJ", "Segments": [0, 0, 0, 2.767, 0]}, {"Target": "Parameter", "Id": "ParamHandRK", "Segments": [0, 0, 0, 2.767, 0]}, {"Target": "Parameter", "Id": "ParamArmL6", "Segments": [0, 1, 0, 2.767, 1]}, {"Target": "Parameter", "Id": "ParamArmL7", "Segments": [0, -5, 0, 2.767, -5]}, {"Target": "Parameter", "Id": "ParamArmL9", "Segments": [0, 0.8, 0, 2.767, 0.8]}, {"Target": "Parameter", "Id": "ParamHandLA", "Segments": [0, 0, 0, 2.767, 0]}, {"Target": "Parameter", "Id": "ParamHandLB", "Segments": [0, 0, 0, 2.767, 0]}, {"Target": "Parameter", "Id": "ParamHandLC", "Segments": [0, 0, 0, 2.767, 0]}, {"Target": "Parameter", "Id": "ParamHandLD", "Segments": [0, 0, 0, 2.767, 0]}, {"Target": "Parameter", "Id": "ParamHandLE", "Segments": [0, 0, 0, 2.767, 0]}, {"Target": "Parameter", "Id": "ParamHandLF", "Segments": [0, 1, 0, 2.767, 1]}, {"Target": "Parameter", "Id": "ParamHandLG", "Segments": [0, 0, 0, 2.767, 0]}, {"Target": "Parameter", "Id": "ParamHandLH", "Segments": [0, 0, 0, 2.767, 0]}, {"Target": "Parameter", "Id": "ParamHandLI", "Segments": [0, 0, 0, 2.767, 0]}, {"Target": "Parameter", "Id": "ParamHandLJ", "Segments": [0, 0, 0, 2.767, 0]}, {"Target": "Parameter", "Id": "ParamHandLK", "Segments": [0, 0, 0, 2.767, 0]}], "UserData": [{"Time": 0.333, "Value": "eyeblink,0.2,0,0.24"}]}