{"Version": 3, "Meta": {"Duration": 2.283, "Fps": 60.0, "Loop": true, "AreBeziersRestricted": true, "CurveCount": 61, "UserDataCount": 1, "TotalSegmentCount": 197, "TotalPointCount": 197, "TotalUserDataSize": 23}, "Curves": [{"Target": "Parameter", "Id": "ParamPositionX", "Segments": [0, 0, 0, 0.417, -1, 0, 0.967, 0, 2, 2.283, 0]}, {"Target": "Parameter", "Id": "ParamRotationZ", "Segments": [0, 0, 0, 0.667, -0.5, 0, 1.267, 0, 2, 2.283, 0]}, {"Target": "Parameter", "Id": "ParamAngleX", "Segments": [0, 0, 0, 0.417, 4, 0, 1.033, -3, 2, 2.283, -3]}, {"Target": "Parameter", "Id": "ParamAngleY", "Segments": [0, 0, 0, 0.417, -13, 0, 1.033, -3, 2, 2.283, -3]}, {"Target": "Parameter", "Id": "ParamAngleZ", "Segments": [0, 0, 0, 0.617, -7, 0, 1.183, 11, 2, 2.283, 11]}, {"Target": "Parameter", "Id": "ParamEyeROpen", "Segments": [0, 1, 0, 0.2, 1, 0, 0.4, 0, 2, 0.533, 0, 0, 0.733, 1, 2, 2.283, 1]}, {"Target": "Parameter", "Id": "ParamEyeLOpen", "Segments": [0, 1, 0, 0.2, 1, 0, 0.4, 0, 2, 0.533, 0, 0, 0.733, 1, 2, 2.283, 1]}, {"Target": "Parameter", "Id": "ParamEyeballX", "Segments": [0, 0, 0, 0.4, 0.1, 0, 0.833, 0, 2, 2.283, 0]}, {"Target": "Parameter", "Id": "ParamBodyAngleX", "Segments": [0, 0, 0, 0.483, 6, 0, 1.333, -5, 2, 2.283, -5]}, {"Target": "Parameter", "Id": "ParamBodyAngleY", "Segments": [0, 0, 0, 0.483, 3, 0, 1.333, -1, 2, 2.283, -1]}, {"Target": "Parameter", "Id": "ParamBodyAngleZ", "Segments": [0, 1, 0, 0.783, 0, 0, 1.583, 1, 2, 2.283, 1]}, {"Target": "Parameter", "Id": "ParamUpperBodyZ", "Segments": [0, -1, 0, 0.783, 0, 0, 1.583, -1, 2, 2.283, -1]}, {"Target": "Parameter", "Id": "ParamBreath", "Segments": [0, 0, 0, 0.683, 0.5, 0, 1.333, 0, 2, 2.283, 0]}, {"Target": "Parameter", "Id": "ParamLegLZ", "Segments": [0, 2, 0, 0.5, 1, 0, 1.2, 3, 2, 2.283, 3]}, {"Target": "Parameter", "Id": "ParamLegRZ", "Segments": [0, -2, 0, 0.5, -1, 2, 2.283, -1]}, {"Target": "Parameter", "Id": "ParamShoulderR", "Segments": [0, 2, 0, 0.45, 7, 0, 0.883, 4, 2, 2.283, 4]}, {"Target": "Parameter", "Id": "ParamArmR1", "Segments": [0, -36, 0, 0.483, -26, 0, 0.95, -30, 0, 1.267, -24, 2, 2.283, -24]}, {"Target": "Parameter", "Id": "ParamArmR2", "Segments": [0, 41, 0, 0.15, 39, 0, 0.55, 55, 0, 1.017, 51, 0, 1.35, 55, 0, 1.683, 54, 2, 2.283, 54]}, {"Target": "Parameter", "Id": "ParamArmR3", "Segments": [0, -17, 0, 0.217, -24, 0, 0.6, 11, 0, 1.1, -23, 0, 1.467, 6, 0, 1.8, -7, 2, 2.283, -7]}, {"Target": "Parameter", "Id": "ParamArmR4", "Segments": [0, 0, 0, 0.45, 5, 0, 1.25, 0, 2, 2.283, 0]}, {"Target": "Parameter", "Id": "ParamArmR5", "Segments": [0, 9, 0, 0.517, 3, 0, 1.25, 6, 2, 2.283, 6]}, {"Target": "Parameter", "Id": "ParamArmR7", "Segments": [0, -5, 0, 0.333, -10, 2, 2.283, -10]}, {"Target": "Parameter", "Id": "ParamArmR8", "Segments": [0, -16, 0, 0.333, -38, 0, 0.617, 3, 0, 1.117, -28, 2, 2.283, -28]}, {"Target": "Parameter", "Id": "ParamHandRD", "Segments": [0, 1, 0, 0.217, 1, 0, 0.233, 0, 2, 2.283, 0]}, {"Target": "Parameter", "Id": "ParamHandRI", "Segments": [0, 0, 0, 0.217, 0, 0, 0.233, 1, 2, 2.283, 1]}, {"Target": "Parameter", "Id": "ParamFingerR", "Segments": [0, 0, 0, 0.35, -6, 0, 0.75, 5, 0, 1.167, 0, 0, 1.55, 5, 0, 1.883, 0, 2, 2.283, 0]}, {"Target": "Parameter", "Id": "ParamShoulderL", "Segments": [0, 1, 0, 0.383, 4, 0, 0.95, 0, 2, 2.283, 0]}, {"Target": "Parameter", "Id": "ParamArmL1", "Segments": [0, -43, 0, 0.517, -39, 0, 1.05, -40, 2, 2.283, -40]}, {"Target": "Parameter", "Id": "ParamArmL3", "Segments": [0, -8, 0, 0.667, -26, 0, 1.2, -16, 2, 2.283, -16]}, {"Target": "Parameter", "Id": "ParamArmL5", "Segments": [0, 0, 0, 0.55, 1, 0, 1.1, 0, 2, 2.283, 0]}, {"Target": "Parameter", "Id": "ParamFingerL", "Segments": [0, 0, 0, 0.683, 6, 0, 1.317, 0, 2, 2.283, 0]}, {"Target": "Parameter", "Id": "ParamPositionY", "Segments": [0, 0, 0, 2.283, 0]}, {"Target": "Parameter", "Id": "ParamUpperBody", "Segments": [0, 1, 0, 2.283, 1]}, {"Target": "Parameter", "Id": "ParamArmR6", "Segments": [0, 1, 0, 2.283, 1]}, {"Target": "Parameter", "Id": "ParamArmR9", "Segments": [0, 0.6, 0, 2.283, 0.6]}, {"Target": "Parameter", "Id": "ParamHandRA", "Segments": [0, 0, 0, 2.283, 0]}, {"Target": "Parameter", "Id": "ParamHandRB", "Segments": [0, 0, 0, 2.283, 0]}, {"Target": "Parameter", "Id": "ParamHandRC", "Segments": [0, 0, 0, 2.283, 0]}, {"Target": "Parameter", "Id": "ParamHandRE", "Segments": [0, 0, 0, 2.283, 0]}, {"Target": "Parameter", "Id": "ParamHandRF", "Segments": [0, 0, 0, 2.283, 0]}, {"Target": "Parameter", "Id": "ParamHandRG", "Segments": [0, 0, 0, 2.283, 0]}, {"Target": "Parameter", "Id": "ParamHandRH", "Segments": [0, 0, 0, 2.283, 0]}, {"Target": "Parameter", "Id": "ParamHandRJ", "Segments": [0, 0, 0, 2.283, 0]}, {"Target": "Parameter", "Id": "ParamHandRK", "Segments": [0, 0, 0, 2.283, 0]}, {"Target": "Parameter", "Id": "ParamArmL2", "Segments": [0, -2, 0, 2.283, -2]}, {"Target": "Parameter", "Id": "ParamArmL4", "Segments": [0, 0, 0, 2.283, 0]}, {"Target": "Parameter", "Id": "ParamArmL6", "Segments": [0, 0, 0, 2.283, 0]}, {"Target": "Parameter", "Id": "ParamArmL7", "Segments": [0, 8, 0, 2.283, 8]}, {"Target": "Parameter", "Id": "ParamArmL8", "Segments": [0, -12, 0, 2.283, -12]}, {"Target": "Parameter", "Id": "ParamArmL9", "Segments": [0, -0.8, 0, 2.283, -0.8]}, {"Target": "Parameter", "Id": "ParamHandLA", "Segments": [0, 1, 0, 2.283, 1]}, {"Target": "Parameter", "Id": "ParamHandLB", "Segments": [0, 0, 0, 2.283, 0]}, {"Target": "Parameter", "Id": "ParamHandLC", "Segments": [0, 0, 0, 2.283, 0]}, {"Target": "Parameter", "Id": "ParamHandLD", "Segments": [0, 0, 0, 2.283, 0]}, {"Target": "Parameter", "Id": "ParamHandLE", "Segments": [0, 0, 0, 2.283, 0]}, {"Target": "Parameter", "Id": "ParamHandLF", "Segments": [0, 0, 0, 2.283, 0]}, {"Target": "Parameter", "Id": "ParamHandLG", "Segments": [0, 0, 0, 2.283, 0]}, {"Target": "Parameter", "Id": "ParamHandLH", "Segments": [0, 0, 0, 2.283, 0]}, {"Target": "Parameter", "Id": "ParamHandLI", "Segments": [0, 0, 0, 2.283, 0]}, {"Target": "Parameter", "Id": "ParamHandLJ", "Segments": [0, 0, 0, 2.283, 0]}, {"Target": "Parameter", "Id": "ParamHandLK", "Segments": [0, 0, 0, 2.283, 0]}], "UserData": [{"Time": 0.2, "Value": "eyeblink,0.20,0.13,0.20"}]}