{"Version": 3, "Meta": {"Duration": 1.967, "Fps": 60.0, "Loop": true, "AreBeziersRestricted": true, "CurveCount": 61, "UserDataCount": 1, "TotalSegmentCount": 184, "TotalPointCount": 196, "TotalUserDataSize": 23}, "Curves": [{"Target": "Parameter", "Id": "ParamAngleX", "Segments": [0, 0, 0, 0.083, 0, 0, 0.417, -5, 0, 0.833, 5, 0, 1.3, 1, 2, 1.967, 1]}, {"Target": "Parameter", "Id": "ParamAngleY", "Segments": [0, 0, 0, 0.083, 0, 0, 0.417, 25, 0, 0.833, -25, 0, 1.3, 0, 2, 1.967, 0]}, {"Target": "Parameter", "Id": "ParamAngleZ", "Segments": [0, 4, 0, 0.083, 4, 1, 0.194, 4, 0.306, -1.394, 0.417, -3, 1, 0.556, -5.008, 0.694, -5.0, 0.833, -5, 0, 1.3, -3, 2, 1.967, -3]}, {"Target": "Parameter", "Id": "ParamEyeROpen", "Segments": [0, 1, 0, 0.133, 1, 0, 0.367, 0, 2, 0.6, 0, 0, 0.867, 1, 2, 1.967, 1]}, {"Target": "Parameter", "Id": "ParamEyeLOpen", "Segments": [0, 1, 0, 0.133, 1, 0, 0.367, 0, 2, 0.6, 0, 0, 0.867, 1, 2, 1.967, 1]}, {"Target": "Parameter", "Id": "ParamEyeballX", "Segments": [0, 0, 0, 0.333, 0.2, 0, 0.75, 0, 2, 1.217, 0, 2, 1.967, 0]}, {"Target": "Parameter", "Id": "ParamBodyAngleX", "Segments": [0, 0, 0, 0.083, 0, 0, 0.417, -4, 1, 0.556, -4, 0.694, -0.083, 0.833, 3, 1, 0.989, 6.453, 1.144, 7.0, 1.3, 7, 2, 1.967, 7]}, {"Target": "Parameter", "Id": "ParamBodyAngleY", "Segments": [0, 0, 0, 0.333, 2, 0, 0.75, -2, 0, 1.217, 0, 2, 1.967, 0]}, {"Target": "Parameter", "Id": "ParamBodyAngleZ", "Segments": [0, -6, 0, 0.333, -7, 0, 0.75, -6, 2, 1.967, -6]}, {"Target": "Parameter", "Id": "ParamUpperBodyZ", "Segments": [0, 9, 0, 0.333, 6, 1, 0.472, 6, 0.611, 7.195, 0.75, 8, 1, 0.906, 8.902, 1.061, 9.0, 1.217, 9, 2, 1.967, 9]}, {"Target": "Parameter", "Id": "ParamUpperBody", "Segments": [0, 0, 0, 0.333, 2, 0, 0.75, -2, 0, 1.217, 0, 2, 1.967, 0]}, {"Target": "Parameter", "Id": "ParamShoulderR", "Segments": [0, 2, 0, 0.083, 2, 0, 0.417, 7, 0, 0.833, -2, 0, 1.3, 2, 2, 1.967, 2]}, {"Target": "Parameter", "Id": "ParamArmR3", "Segments": [0, -20, 0, 0.433, -28, 0, 0.917, -18, 2, 1.967, -18]}, {"Target": "Parameter", "Id": "ParamArmR4", "Segments": [0, 19, 0, 0.083, 19, 0, 0.417, 24, 0, 0.833, 17, 0, 1.3, 19, 2, 1.967, 19]}, {"Target": "Parameter", "Id": "ParamFingerR", "Segments": [0, 0, 0, 0.467, 5, 0, 0.917, -2, 0, 1.367, 0, 2, 1.967, 0]}, {"Target": "Parameter", "Id": "ParamShoulderL", "Segments": [0, 4, 0, 0.083, 4, 0, 0.417, 10, 0, 0.833, 0, 0, 1.3, 4, 2, 1.967, 4]}, {"Target": "Parameter", "Id": "ParamArmL4", "Segments": [0, 17, 0, 0.083, 17, 0, 0.417, 21, 0, 0.833, 15, 0, 1.3, 17, 2, 1.967, 17]}, {"Target": "Parameter", "Id": "ParamFingerL", "Segments": [0, 0, 0, 0.467, 4, 0, 0.933, -3, 0, 1.367, 0, 2, 1.967, 0]}, {"Target": "Parameter", "Id": "ParamPositionX", "Segments": [0, 2, 0, 1.967, 2]}, {"Target": "Parameter", "Id": "ParamPositionY", "Segments": [0, 0, 0, 1.967, 0]}, {"Target": "Parameter", "Id": "ParamRotationZ", "Segments": [0, 0, 0, 1.967, 0]}, {"Target": "Parameter", "Id": "ParamBreath", "Segments": [0, 0, 0, 1.967, 0]}, {"Target": "Parameter", "Id": "ParamLegLZ", "Segments": [0, -1, 0, 1.967, -1]}, {"Target": "Parameter", "Id": "ParamLegRZ", "Segments": [0, 5, 0, 1.967, 5]}, {"Target": "Parameter", "Id": "ParamArmR1", "Segments": [0, -39, 0, 1.967, -39]}, {"Target": "Parameter", "Id": "ParamArmR2", "Segments": [0, 30, 0, 1.967, 30]}, {"Target": "Parameter", "Id": "ParamArmR5", "Segments": [0, 9, 0, 1.967, 9]}, {"Target": "Parameter", "Id": "ParamArmR6", "Segments": [0, 1.1, 0, 1.967, 1.1]}, {"Target": "Parameter", "Id": "ParamArmR7", "Segments": [0, 0, 0, 1.967, 0]}, {"Target": "Parameter", "Id": "ParamArmR8", "Segments": [0, -30, 0, 1.967, -30]}, {"Target": "Parameter", "Id": "ParamArmR9", "Segments": [0, 0.8, 0, 1.967, 0.8]}, {"Target": "Parameter", "Id": "ParamHandRA", "Segments": [0, 0, 0, 1.967, 0]}, {"Target": "Parameter", "Id": "ParamHandRB", "Segments": [0, 0, 0, 1.967, 0]}, {"Target": "Parameter", "Id": "ParamHandRC", "Segments": [0, 0, 0, 1.967, 0]}, {"Target": "Parameter", "Id": "ParamHandRD", "Segments": [0, 0, 0, 1.967, 0]}, {"Target": "Parameter", "Id": "ParamHandRE", "Segments": [0, 0, 0, 1.967, 0]}, {"Target": "Parameter", "Id": "ParamHandRF", "Segments": [0, 1, 0, 1.967, 1]}, {"Target": "Parameter", "Id": "ParamHandRG", "Segments": [0, 0, 0, 1.967, 0]}, {"Target": "Parameter", "Id": "ParamHandRH", "Segments": [0, 0, 0, 1.967, 0]}, {"Target": "Parameter", "Id": "ParamHandRI", "Segments": [0, 0, 0, 1.967, 0]}, {"Target": "Parameter", "Id": "ParamHandRJ", "Segments": [0, 0, 0, 1.967, 0]}, {"Target": "Parameter", "Id": "ParamHandRK", "Segments": [0, 0, 0, 1.967, 0]}, {"Target": "Parameter", "Id": "ParamArmL1", "Segments": [0, -34, 0, 1.967, -34]}, {"Target": "Parameter", "Id": "ParamArmL2", "Segments": [0, 31, 0, 1.967, 31]}, {"Target": "Parameter", "Id": "ParamArmL3", "Segments": [0, -19, 0, 1.967, -19]}, {"Target": "Parameter", "Id": "ParamArmL5", "Segments": [0, 6, 0, 1.967, 6]}, {"Target": "Parameter", "Id": "ParamArmL6", "Segments": [0, 1, 0, 1.967, 1]}, {"Target": "Parameter", "Id": "ParamArmL7", "Segments": [0, 0, 0, 1.967, 0]}, {"Target": "Parameter", "Id": "ParamArmL8", "Segments": [0, -40, 0, 1.967, -40]}, {"Target": "Parameter", "Id": "ParamArmL9", "Segments": [0, 0.7, 0, 1.967, 0.7]}, {"Target": "Parameter", "Id": "ParamHandLA", "Segments": [0, 0, 0, 1.967, 0]}, {"Target": "Parameter", "Id": "ParamHandLB", "Segments": [0, 0, 0, 1.967, 0]}, {"Target": "Parameter", "Id": "ParamHandLC", "Segments": [0, 0, 0, 1.967, 0]}, {"Target": "Parameter", "Id": "ParamHandLD", "Segments": [0, 0, 0, 1.967, 0]}, {"Target": "Parameter", "Id": "ParamHandLE", "Segments": [0, 0, 0, 1.967, 0]}, {"Target": "Parameter", "Id": "ParamHandLF", "Segments": [0, 1, 0, 1.967, 1]}, {"Target": "Parameter", "Id": "ParamHandLG", "Segments": [0, 0, 0, 1.967, 0]}, {"Target": "Parameter", "Id": "ParamHandLH", "Segments": [0, 0, 0, 1.967, 0]}, {"Target": "Parameter", "Id": "ParamHandLI", "Segments": [0, 0, 0, 1.967, 0]}, {"Target": "Parameter", "Id": "ParamHandLJ", "Segments": [0, 0, 0, 1.967, 0]}, {"Target": "Parameter", "Id": "ParamHandLK", "Segments": [0, 0, 0, 1.967, 0]}], "UserData": [{"Time": 0.133, "Value": "eyeblink,0.24,0.27,0.27"}]}