{"Version": 3, "Meta": {"Duration": 2.317, "Fps": 60.0, "Loop": true, "AreBeziersRestricted": true, "CurveCount": 61, "UserDataCount": 1, "TotalSegmentCount": 193, "TotalPointCount": 207, "TotalUserDataSize": 22}, "Curves": [{"Target": "Parameter", "Id": "ParamAngleX", "Segments": [0, -1, 0, 0.183, 4, 0, 0.717, -4, 0, 1.417, 0, 2, 2.317, 0]}, {"Target": "Parameter", "Id": "ParamAngleY", "Segments": [0, -4, 0, 0.183, 7, 0, 0.717, -5, 0, 1.45, -1, 2, 2.317, -1]}, {"Target": "Parameter", "Id": "ParamAngleZ", "Segments": [0, -15, 0, 0.283, 3, 0, 0.883, -17, 2, 1.483, -17, 2, 2.317, -17]}, {"Target": "Parameter", "Id": "ParamEyeROpen", "Segments": [0, 1, 0, 0.217, 1, 0, 0.417, 0, 0, 0.617, 1, 2, 2.317, 1]}, {"Target": "Parameter", "Id": "ParamEyeLOpen", "Segments": [0, 1, 0, 0.217, 1, 0, 0.417, 0, 0, 0.617, 1, 2, 2.317, 1]}, {"Target": "Parameter", "Id": "ParamEyeballX", "Segments": [0, 0, 0, 0.383, -0.1, 0, 0.883, 0.1, 0, 1.55, 0, 2, 2.317, 0]}, {"Target": "Parameter", "Id": "ParamBodyAngleX", "Segments": [0, -2, 0, 0.367, 3, 0, 0.8, -3, 0, 1.3, -1, 2, 2.317, -1]}, {"Target": "Parameter", "Id": "ParamBodyAngleY", "Segments": [0, 0, 0, 0.367, 3, 0, 0.967, -1, 0, 1.483, 0, 2, 2.317, 0]}, {"Target": "Parameter", "Id": "ParamBodyAngleZ", "Segments": [0, -2, 0, 0.5, 2, 0, 1.067, 1, 2, 2.317, 1]}, {"Target": "Parameter", "Id": "ParamUpperBodyZ", "Segments": [0, 5, 0, 0.5, 1, 0, 1.067, 3, 2, 2.317, 3]}, {"Target": "Parameter", "Id": "ParamLegLZ", "Segments": [0, -2, 0, 0.9, 0, 2, 2.317, 0]}, {"Target": "Parameter", "Id": "ParamLegRZ", "Segments": [0, 3, 0, 0.9, -1, 2, 2.317, -1]}, {"Target": "Parameter", "Id": "ParamShoulderR", "Segments": [0, 5, 0, 1.367, 0, 2, 2.317, 0]}, {"Target": "Parameter", "Id": "ParamArmR1", "Segments": [0, -40, 0, 0.3, -6, 1, 0.461, -6, 0.622, -27.544, 0.783, -39, 1, 0.866, -44.926, 0.95, -44, 1.033, -44, 2, 2.317, -44]}, {"Target": "Parameter", "Id": "ParamArmR2", "Segments": [0, 42, 0, 0.383, 14, 1, 0.544, 5.428, 0.706, 5.0, 0.867, 5, 0, 1.083, 6, 2, 2.317, 6]}, {"Target": "Parameter", "Id": "ParamArmR3", "Segments": [0, 21, 0, 0.45, -4, 0, 1.117, 18, 2, 2.317, 18]}, {"Target": "Parameter", "Id": "ParamArmR4", "Segments": [0, 12, 0, 1.117, 8, 2, 2.317, 8]}, {"Target": "Parameter", "Id": "ParamArmR5", "Segments": [0, 6, 0, 0.267, 20, 0, 0.55, 0, 0, 0.933, 5, 2, 2.317, 5]}, {"Target": "Parameter", "Id": "ParamArmR6", "Segments": [0, 1.1, 0, 0.633, 1, 2, 1.117, 1, 2, 2.283, 1, 2, 2.317, 1]}, {"Target": "Parameter", "Id": "ParamArmR7", "Segments": [0, -6, 0, 0.583, 1, 1, 0.761, 5.448, 0.939, 8.0, 1.117, 8, 2, 2.317, 8]}, {"Target": "Parameter", "Id": "ParamArmR8", "Segments": [0, 0, 0, 1.117, 21, 2, 2.317, 21]}, {"Target": "Parameter", "Id": "ParamFingerR", "Segments": [0, 0, 0, 0.65, 7, 0, 1.183, 0, 2, 2.317, 0]}, {"Target": "Parameter", "Id": "ParamShoulderL", "Segments": [0, 5, 0, 1.067, 0, 2, 2.317, 0]}, {"Target": "Parameter", "Id": "ParamArmL1", "Segments": [0, -40, 0, 0.283, -3, 1, 0.444, -3, 0.606, -23.065, 0.767, -37, 1, 0.845, -43.727, 0.922, -43.0, 1, -43, 2, 2.317, -43]}, {"Target": "Parameter", "Id": "ParamArmL2", "Segments": [0, 42, 0, 0.417, 13, 1, 0.556, 5.006, 0.694, 5.0, 0.833, 5, 0, 1.083, 7, 2, 2.317, 7]}, {"Target": "Parameter", "Id": "ParamArmL3", "Segments": [0, 20, 0, 1.067, 23, 2, 2.317, 23]}, {"Target": "Parameter", "Id": "ParamArmL4", "Segments": [0, 20, 0, 1.067, 10, 2, 2.317, 10]}, {"Target": "Parameter", "Id": "ParamArmL5", "Segments": [0, 7, 0, 0.267, 20, 0, 0.55, 0, 2, 2.317, 0]}, {"Target": "Parameter", "Id": "ParamArmL7", "Segments": [0, -6, 0, 0.483, -10, 2, 1.067, -10, 2, 2.317, -10]}, {"Target": "Parameter", "Id": "ParamArmL8", "Segments": [0, 0, 0, 0.483, 8, 2, 2.317, 8]}, {"Target": "Parameter", "Id": "ParamHandLD", "Segments": [0, 1, 0, 0.25, 1, 0, 0.267, 0, 2, 2.317, 0]}, {"Target": "Parameter", "Id": "ParamHandLG", "Segments": [0, 0, 0, 0.25, 0, 0, 0.267, 1, 2, 2.317, 1]}, {"Target": "Parameter", "Id": "ParamFingerL", "Segments": [0, 0, 0, 0.65, 10, 0, 1.183, 0, 2, 2.317, 0]}, {"Target": "Parameter", "Id": "ParamPositionX", "Segments": [0, 0, 0, 2.317, 0]}, {"Target": "Parameter", "Id": "ParamPositionY", "Segments": [0, 0, 0, 2.317, 0]}, {"Target": "Parameter", "Id": "ParamRotationZ", "Segments": [0, 0, 0, 2.317, 0]}, {"Target": "Parameter", "Id": "ParamUpperBody", "Segments": [0, 0, 0, 2.317, 0]}, {"Target": "Parameter", "Id": "ParamBreath", "Segments": [0, 0, 0, 2.317, 0]}, {"Target": "Parameter", "Id": "ParamArmR9", "Segments": [0, 0.7, 0, 2.317, 0.7]}, {"Target": "Parameter", "Id": "ParamHandRA", "Segments": [0, 0, 0, 2.317, 0]}, {"Target": "Parameter", "Id": "ParamHandRB", "Segments": [0, 0, 0, 2.317, 0]}, {"Target": "Parameter", "Id": "ParamHandRC", "Segments": [0, 0, 0, 2.317, 0]}, {"Target": "Parameter", "Id": "ParamHandRD", "Segments": [0, 1, 0, 2.317, 1]}, {"Target": "Parameter", "Id": "ParamHandRE", "Segments": [0, 0, 0, 2.317, 0]}, {"Target": "Parameter", "Id": "ParamHandRF", "Segments": [0, 0, 0, 2.317, 0]}, {"Target": "Parameter", "Id": "ParamHandRG", "Segments": [0, 0, 0, 2.317, 0]}, {"Target": "Parameter", "Id": "ParamHandRH", "Segments": [0, 0, 0, 2.317, 0]}, {"Target": "Parameter", "Id": "ParamHandRI", "Segments": [0, 0, 0, 2.317, 0]}, {"Target": "Parameter", "Id": "ParamHandRJ", "Segments": [0, 0, 0, 2.317, 0]}, {"Target": "Parameter", "Id": "ParamHandRK", "Segments": [0, 0, 0, 2.317, 0]}, {"Target": "Parameter", "Id": "ParamArmL6", "Segments": [0, 1, 0, 2.317, 1]}, {"Target": "Parameter", "Id": "ParamArmL9", "Segments": [0, 0.7, 0, 2.317, 0.7]}, {"Target": "Parameter", "Id": "ParamHandLA", "Segments": [0, 0, 0, 2.317, 0]}, {"Target": "Parameter", "Id": "ParamHandLB", "Segments": [0, 0, 0, 2.317, 0]}, {"Target": "Parameter", "Id": "ParamHandLC", "Segments": [0, 0, 0, 2.317, 0]}, {"Target": "Parameter", "Id": "ParamHandLE", "Segments": [0, 0, 0, 2.317, 0]}, {"Target": "Parameter", "Id": "ParamHandLF", "Segments": [0, 0, 0, 2.317, 0]}, {"Target": "Parameter", "Id": "ParamHandLH", "Segments": [0, 0, 0, 2.317, 0]}, {"Target": "Parameter", "Id": "ParamHandLI", "Segments": [0, 0, 0, 2.317, 0]}, {"Target": "Parameter", "Id": "ParamHandLJ", "Segments": [0, 0, 0, 2.317, 0]}, {"Target": "Parameter", "Id": "ParamHandLK", "Segments": [0, 0, 0, 2.317, 0]}], "UserData": [{"Time": 0.183, "Value": "eyeblink,0.2,0.79,0.24"}]}