{"Version": 3, "Meta": {"Duration": 2.6, "Fps": 60.0, "Loop": true, "AreBeziersRestricted": true, "CurveCount": 61, "UserDataCount": 1, "TotalSegmentCount": 186, "TotalPointCount": 200, "TotalUserDataSize": 22}, "Curves": [{"Target": "Parameter", "Id": "ParamPositionX", "Segments": [0, 0, 0, 0.917, -1, 2, 2.6, -1]}, {"Target": "Parameter", "Id": "ParamRotationZ", "Segments": [0, 0, 0, 0.383, -1, 0, 0.967, 1, 2, 2.6, 1]}, {"Target": "Parameter", "Id": "ParamAngleX", "Segments": [0, -2, 0, 0.367, -6, 0, 1.017, 8, 0, 1.65, -3, 2, 2.6, -3]}, {"Target": "Parameter", "Id": "ParamAngleY", "Segments": [0, 0, 0, 0.4, -17, 2, 2.6, -17]}, {"Target": "Parameter", "Id": "ParamAngleZ", "Segments": [0, -2, 0, 0.5, -17, 0, 1.15, 10, 0, 1.65, -2, 2, 2.6, -2]}, {"Target": "Parameter", "Id": "ParamEyeROpen", "Segments": [0, 1, 0, 0.183, 1, 0, 0.383, 0, 2, 1.167, 0, 0, 1.4, 1, 2, 2.6, 1]}, {"Target": "Parameter", "Id": "ParamEyeLOpen", "Segments": [0, 1, 0, 0.183, 1, 0, 0.383, 0, 2, 1.167, 0, 0, 1.4, 1, 2, 2.6, 1]}, {"Target": "Parameter", "Id": "ParamBodyAngleX", "Segments": [0, -3, 0, 0.65, -6, 0, 1.283, 1, 0, 1.917, -4, 2, 2.6, -4]}, {"Target": "Parameter", "Id": "ParamBodyAngleY", "Segments": [0, 0, 0, 0.867, -5, 2, 2.6, -5]}, {"Target": "Parameter", "Id": "ParamBodyAngleZ", "Segments": [0, -3, 0, 0.483, -4, 2, 2.6, -4]}, {"Target": "Parameter", "Id": "ParamUpperBodyZ", "Segments": [0, 8, 0, 0.483, 10, 0, 1.333, 6, 2, 2.6, 6]}, {"Target": "Parameter", "Id": "ParamShoulderR", "Segments": [0, 8, 0, 0.5, 0, 0, 1.1, 5, 2, 2.6, 5]}, {"Target": "Parameter", "Id": "ParamArmR1", "Segments": [0, -41, 0, 0.5, -48, 1, 0.7, -48, 0.9, -41.031, 1.1, -40, 1, 1.322, -38.854, 1.545, -39.0, 1.767, -39, 2, 2.6, -39]}, {"Target": "Parameter", "Id": "ParamArmR2", "Segments": [0, 42, 0, 0.533, 41, 1, 0.744, 39.984, 0.956, 39.0, 1.167, 39, 0, 1.767, 40, 2, 2.6, 40]}, {"Target": "Parameter", "Id": "ParamArmR3", "Segments": [0, 28, 0, 0.55, 25, 1, 0.778, 23.047, 1.005, 21.968, 1.233, 20, 1, 1.411, 18.464, 1.589, 17.0, 1.767, 17, 2, 2.6, 17]}, {"Target": "Parameter", "Id": "ParamArmR4", "Segments": [0, 28, 0, 0.55, 6, 2, 2.6, 6]}, {"Target": "Parameter", "Id": "ParamArmR5", "Segments": [0, 6, 0, 0.55, 9, 0, 1.233, 6, 0, 1.767, 8, 2, 2.6, 8]}, {"Target": "Parameter", "Id": "ParamFingerR", "Segments": [0, 0, 0, 0.55, 3, 0, 1.2, -3, 0, 1.817, 0, 2, 2.6, 0]}, {"Target": "Parameter", "Id": "ParamShoulderL", "Segments": [0, 8, 0, 1.083, -1, 0, 1.767, 4, 2, 2.6, 4]}, {"Target": "Parameter", "Id": "ParamArmL1", "Segments": [0, -43, 0, 0.483, -38, 0, 1.083, -50, 0, 1.767, -41, 2, 2.6, -41]}, {"Target": "Parameter", "Id": "ParamArmL2", "Segments": [0, 41, 0, 0.5, 38, 0, 1.1, 40, 0, 1.767, 39, 2, 2.6, 39]}, {"Target": "Parameter", "Id": "ParamArmL3", "Segments": [0, 33, 0, 0.55, 14, 1, 0.756, 14, 0.961, 17.95, 1.167, 20, 1, 1.367, 21.994, 1.567, 22.0, 1.767, 22, 2, 2.6, 22]}, {"Target": "Parameter", "Id": "ParamArmL4", "Segments": [0, 27, 0, 0.617, 15, 2, 1.233, 15, 0, 1.767, 14, 2, 2.6, 14]}, {"Target": "Parameter", "Id": "ParamArmL5", "Segments": [0, 7, 0, 0.617, 7, 0, 1.233, 9, 2, 1.767, 9, 2, 2.6, 9]}, {"Target": "Parameter", "Id": "ParamArmL8", "Segments": [0, 20, 0, 0.583, 0, 2, 2.6, 0]}, {"Target": "Parameter", "Id": "ParamFingerL", "Segments": [0, 0, 0, 0.55, 6, 0, 1.2, -6, 0, 1.817, 0, 2, 2.6, 0]}, {"Target": "Parameter", "Id": "ParamPositionY", "Segments": [0, 0, 0, 2.6, 0]}, {"Target": "Parameter", "Id": "ParamEyeballX", "Segments": [0, 0, 0, 2.6, 0]}, {"Target": "Parameter", "Id": "ParamUpperBody", "Segments": [0, 0, 0, 2.6, 0]}, {"Target": "Parameter", "Id": "ParamBreath", "Segments": [0, 0, 0, 2.6, 0]}, {"Target": "Parameter", "Id": "ParamLegLZ", "Segments": [0, -1, 0, 2.6, -1]}, {"Target": "Parameter", "Id": "ParamLegRZ", "Segments": [0, -3, 0, 2.6, -3]}, {"Target": "Parameter", "Id": "ParamArmR6", "Segments": [0, 1.1, 0, 2.6, 1.1]}, {"Target": "Parameter", "Id": "ParamArmR7", "Segments": [0, -4, 0, 2.6, -4]}, {"Target": "Parameter", "Id": "ParamArmR8", "Segments": [0, 17, 0, 2.6, 17]}, {"Target": "Parameter", "Id": "ParamArmR9", "Segments": [0, 0.7, 0, 2.6, 0.7]}, {"Target": "Parameter", "Id": "ParamHandRA", "Segments": [0, 0, 0, 2.6, 0]}, {"Target": "Parameter", "Id": "ParamHandRB", "Segments": [0, 0, 0, 2.6, 0]}, {"Target": "Parameter", "Id": "ParamHandRC", "Segments": [0, 0, 0, 2.6, 0]}, {"Target": "Parameter", "Id": "ParamHandRD", "Segments": [0, 0, 0, 2.6, 0]}, {"Target": "Parameter", "Id": "ParamHandRE", "Segments": [0, 0, 0, 2.6, 0]}, {"Target": "Parameter", "Id": "ParamHandRF", "Segments": [0, 1, 0, 2.6, 1]}, {"Target": "Parameter", "Id": "ParamHandRG", "Segments": [0, 0, 0, 2.6, 0]}, {"Target": "Parameter", "Id": "ParamHandRH", "Segments": [0, 0, 0, 2.6, 0]}, {"Target": "Parameter", "Id": "ParamHandRI", "Segments": [0, 0, 0, 2.6, 0]}, {"Target": "Parameter", "Id": "ParamHandRJ", "Segments": [0, 0, 0, 2.6, 0]}, {"Target": "Parameter", "Id": "ParamHandRK", "Segments": [0, 0, 0, 2.6, 0]}, {"Target": "Parameter", "Id": "ParamArmL6", "Segments": [0, 1, 0, 2.6, 1]}, {"Target": "Parameter", "Id": "ParamArmL7", "Segments": [0, -4, 0, 2.6, -4]}, {"Target": "Parameter", "Id": "ParamArmL9", "Segments": [0, 0.8, 0, 2.6, 0.8]}, {"Target": "Parameter", "Id": "ParamHandLA", "Segments": [0, 0, 0, 2.6, 0]}, {"Target": "Parameter", "Id": "ParamHandLB", "Segments": [0, 0, 0, 2.6, 0]}, {"Target": "Parameter", "Id": "ParamHandLC", "Segments": [0, 0, 0, 2.6, 0]}, {"Target": "Parameter", "Id": "ParamHandLD", "Segments": [0, 0, 0, 2.6, 0]}, {"Target": "Parameter", "Id": "ParamHandLE", "Segments": [0, 0, 0, 2.6, 0]}, {"Target": "Parameter", "Id": "ParamHandLF", "Segments": [0, 1, 0, 2.6, 1]}, {"Target": "Parameter", "Id": "ParamHandLG", "Segments": [0, 0, 0, 2.6, 0]}, {"Target": "Parameter", "Id": "ParamHandLH", "Segments": [0, 0, 0, 2.6, 0]}, {"Target": "Parameter", "Id": "ParamHandLI", "Segments": [0, 0, 0, 2.6, 0]}, {"Target": "Parameter", "Id": "ParamHandLJ", "Segments": [0, 0, 0, 2.6, 0]}, {"Target": "Parameter", "Id": "ParamHandLK", "Segments": [0, 0, 0, 2.6, 0]}], "UserData": [{"Time": 0.183, "Value": "eyeblink,0.2,0.79,0.24"}]}