{"Version": 3, "Meta": {"Duration": 2.283, "Fps": 60.0, "Loop": true, "AreBeziersRestricted": true, "CurveCount": 61, "UserDataCount": 1, "TotalSegmentCount": 184, "TotalPointCount": 188, "TotalUserDataSize": 23}, "Curves": [{"Target": "Parameter", "Id": "ParamPositionY", "Segments": [0, 0, 0, 0.4, 1, 0, 0.75, 0, 2, 2.283, 0]}, {"Target": "Parameter", "Id": "ParamAngleX", "Segments": [0, 0, 0, 0.283, 0, 2, 0.75, 0, 0, 1.2, -1, 2, 2.283, -1]}, {"Target": "Parameter", "Id": "ParamAngleY", "Segments": [0, 0, 0, 0.283, 10, 0, 0.75, -12, 2, 2.283, -12]}, {"Target": "Parameter", "Id": "ParamAngleZ", "Segments": [0, -2, 0, 0.417, 1, 1, 0.584, 4.254, 0.75, 8, 0.917, 8, 0, 1.467, 1, 2, 2.283, 1]}, {"Target": "Parameter", "Id": "ParamEyeROpen", "Segments": [0, 1, 0, 0.167, 1, 0, 0.367, 0, 2, 0.6, 0, 0, 0.85, 1, 2, 2.283, 1]}, {"Target": "Parameter", "Id": "ParamEyeLOpen", "Segments": [0, 1, 0, 0.167, 1, 0, 0.367, 0, 2, 0.6, 0, 0, 0.85, 1, 2, 2.283, 1]}, {"Target": "Parameter", "Id": "ParamEyeballX", "Segments": [0, 0, 0, 0.383, 0.1, 0, 0.933, 0, 2, 2.283, 0]}, {"Target": "Parameter", "Id": "ParamBodyAngleX", "Segments": [0, -4, 0, 0.35, 1, 0, 0.9, -3, 0, 1.333, 0, 2, 2.283, 0]}, {"Target": "Parameter", "Id": "ParamBodyAngleY", "Segments": [0, 0, 0, 0.383, 3, 0, 0.95, -5, 0, 1.367, -1, 2, 2.283, -1]}, {"Target": "Parameter", "Id": "ParamBodyAngleZ", "Segments": [0, 3, 0, 0.267, 0, 0, 0.817, 3, 2, 2.283, 3]}, {"Target": "Parameter", "Id": "ParamUpperBodyZ", "Segments": [0, -4, 0, 0.267, -2, 0, 0.817, -3, 2, 2.283, -3]}, {"Target": "Parameter", "Id": "ParamUpperBody", "Segments": [0, 0, 0, 0.267, 1, 1, 0.306, 1.352, 0.344, 2.0, 0.383, 2, 0, 0.95, -10, 0, 1.4, -9, 2, 2.283, -9]}, {"Target": "Parameter", "Id": "ParamShoulderR", "Segments": [0, 5, 0, 0.3, 6, 0, 0.783, 4, 2, 2.283, 4]}, {"Target": "Parameter", "Id": "ParamArmR1", "Segments": [0, 2, 0, 0.3, 15, 0, 0.783, 4, 2, 2.283, 4]}, {"Target": "Parameter", "Id": "ParamArmR2", "Segments": [0, 17, 0, 0.35, 23, 0, 0.833, 19, 2, 2.283, 19]}, {"Target": "Parameter", "Id": "ParamArmR3", "Segments": [0, 33, 0, 0.4, 40, 0, 0.883, 19, 0, 1.5, 25, 2, 2.283, 25]}, {"Target": "Parameter", "Id": "ParamArmR4", "Segments": [0, 0, 0, 0.583, -5, 2, 2.283, -5]}, {"Target": "Parameter", "Id": "ParamArmR8", "Segments": [0, 31, 0, 0.383, 40, 0, 0.917, 17, 2, 2.283, 17]}, {"Target": "Parameter", "Id": "ParamFingerR", "Segments": [0, 0, 0, 0.4, 9, 0, 0.883, 0, 2, 2.283, 0]}, {"Target": "Parameter", "Id": "ParamShoulderL", "Segments": [0, 1, 0, 0.267, -4, 0, 0.833, 8, 0, 1.467, 7, 2, 2.283, 7]}, {"Target": "Parameter", "Id": "ParamArmL1", "Segments": [0, -43, 0, 0.35, -40, 0, 0.917, -43, 2, 2.283, -43]}, {"Target": "Parameter", "Id": "ParamArmL2", "Segments": [0, -2, 0, 0.4, -5, 0, 0.967, -1, 2, 2.283, -1]}, {"Target": "Parameter", "Id": "ParamArmL3", "Segments": [0, -20, 0, 0.467, -33, 0, 1.033, -7, 2, 2.283, -7]}, {"Target": "Parameter", "Id": "ParamArmL8", "Segments": [0, -25, 0, 0.433, -40, 0, 1, -14, 2, 2.283, -14]}, {"Target": "Parameter", "Id": "ParamFingerL", "Segments": [0, 0, 0, 0.417, 8, 0, 1.067, -3, 0, 1.6, 0, 2, 2.283, 0]}, {"Target": "Parameter", "Id": "ParamPositionX", "Segments": [0, -1, 0, 2.283, -1]}, {"Target": "Parameter", "Id": "ParamRotationZ", "Segments": [0, 0, 0, 2.283, 0]}, {"Target": "Parameter", "Id": "ParamBreath", "Segments": [0, 0, 0, 2.283, 0]}, {"Target": "Parameter", "Id": "ParamLegLZ", "Segments": [0, 5, 0, 2.283, 5]}, {"Target": "Parameter", "Id": "ParamLegRZ", "Segments": [0, -1, 0, 2.283, -1]}, {"Target": "Parameter", "Id": "ParamArmR5", "Segments": [0, 9, 0, 2.283, 9]}, {"Target": "Parameter", "Id": "ParamArmR6", "Segments": [0, 1, 0, 2.283, 1]}, {"Target": "Parameter", "Id": "ParamArmR7", "Segments": [0, 0, 0, 2.283, 0]}, {"Target": "Parameter", "Id": "ParamArmR9", "Segments": [0, 0.6, 0, 2.283, 0.6]}, {"Target": "Parameter", "Id": "ParamHandRA", "Segments": [0, 0, 0, 2.283, 0]}, {"Target": "Parameter", "Id": "ParamHandRB", "Segments": [0, 0, 0, 2.283, 0]}, {"Target": "Parameter", "Id": "ParamHandRC", "Segments": [0, 0, 0, 2.283, 0]}, {"Target": "Parameter", "Id": "ParamHandRD", "Segments": [0, 0, 0, 2.283, 0]}, {"Target": "Parameter", "Id": "ParamHandRE", "Segments": [0, 0, 0, 2.283, 0]}, {"Target": "Parameter", "Id": "ParamHandRF", "Segments": [0, 0, 0, 2.283, 0]}, {"Target": "Parameter", "Id": "ParamHandRG", "Segments": [0, 0, 0, 2.283, 0]}, {"Target": "Parameter", "Id": "ParamHandRH", "Segments": [0, 0, 0, 2.283, 0]}, {"Target": "Parameter", "Id": "ParamHandRI", "Segments": [0, 0, 0, 2.283, 0]}, {"Target": "Parameter", "Id": "ParamHandRJ", "Segments": [0, 1, 0, 2.283, 1]}, {"Target": "Parameter", "Id": "ParamHandRK", "Segments": [0, 0, 0, 2.283, 0]}, {"Target": "Parameter", "Id": "ParamArmL4", "Segments": [0, 0, 0, 2.283, 0]}, {"Target": "Parameter", "Id": "ParamArmL5", "Segments": [0, 0, 0, 2.283, 0]}, {"Target": "Parameter", "Id": "ParamArmL6", "Segments": [0, 0, 0, 2.283, 0]}, {"Target": "Parameter", "Id": "ParamArmL7", "Segments": [0, 0, 0, 2.283, 0]}, {"Target": "Parameter", "Id": "ParamArmL9", "Segments": [0, -0.8, 0, 2.283, -0.8]}, {"Target": "Parameter", "Id": "ParamHandLA", "Segments": [0, 1, 0, 2.283, 1]}, {"Target": "Parameter", "Id": "ParamHandLB", "Segments": [0, 0, 0, 2.283, 0]}, {"Target": "Parameter", "Id": "ParamHandLC", "Segments": [0, 0, 0, 2.283, 0]}, {"Target": "Parameter", "Id": "ParamHandLD", "Segments": [0, 0, 0, 2.283, 0]}, {"Target": "Parameter", "Id": "ParamHandLE", "Segments": [0, 0, 0, 2.283, 0]}, {"Target": "Parameter", "Id": "ParamHandLF", "Segments": [0, 0, 0, 2.283, 0]}, {"Target": "Parameter", "Id": "ParamHandLG", "Segments": [0, 0, 0, 2.283, 0]}, {"Target": "Parameter", "Id": "ParamHandLH", "Segments": [0, 0, 0, 2.283, 0]}, {"Target": "Parameter", "Id": "ParamHandLI", "Segments": [0, 0, 0, 2.283, 0]}, {"Target": "Parameter", "Id": "ParamHandLJ", "Segments": [0, 0, 0, 2.283, 0]}, {"Target": "Parameter", "Id": "ParamHandLK", "Segments": [0, 0, 0, 2.283, 0]}], "UserData": [{"Time": 0.167, "Value": "eyeblink,0.20,0.23,0.20"}]}