{"Version": 3, "Meta": {"Duration": 2.533, "Fps": 60.0, "Loop": true, "AreBeziersRestricted": true, "CurveCount": 61, "UserDataCount": 1, "TotalSegmentCount": 166, "TotalPointCount": 174, "TotalUserDataSize": 20}, "Curves": [{"Target": "Parameter", "Id": "ParamAngleX", "Segments": [0, 0, 0, 0.15, 0, 0, 0.517, 5, 0, 1.083, -2, 0, 1.717, 0, 2, 2.533, 0]}, {"Target": "Parameter", "Id": "ParamAngleY", "Segments": [0, 0, 0, 0.15, 0, 1, 0.272, 0, 0.395, 4.347, 0.517, 5, 1, 0.706, 6.01, 0.894, 6.0, 1.083, 6, 0, 1.717, 4, 2, 2.533, 4]}, {"Target": "Parameter", "Id": "ParamAngleZ", "Segments": [0, -9, 0, 0.15, -9, 0, 0.517, -3, 0, 1.083, -24, 0, 1.717, -23, 2, 2.533, -23]}, {"Target": "Parameter", "Id": "ParamEyeROpen", "Segments": [0, 1, 0, 0.367, 0, 0, 0.817, 1, 2, 2.533, 1]}, {"Target": "Parameter", "Id": "ParamEyeLOpen", "Segments": [0, 1, 0, 0.367, 0, 0, 0.817, 1, 2, 2.533, 1]}, {"Target": "Parameter", "Id": "ParamEyeballX", "Segments": [0, 0, 0, 0.367, 0, 0, 1.05, 0.1, 0, 1.683, 0, 2, 2.533, 0]}, {"Target": "Parameter", "Id": "ParamBodyAngleX", "Segments": [0, 6, 0, 0.4, 10, 1, 0.561, 10, 0.722, 7.318, 0.883, 6, 1, 1.105, 4.182, 1.328, 4.0, 1.55, 4, 2, 2.533, 4]}, {"Target": "Parameter", "Id": "ParamBodyAngleY", "Segments": [0, 0, 0, 0.4, 3, 0, 0.883, -1, 0, 1.55, 0, 2, 2.533, 0]}, {"Target": "Parameter", "Id": "ParamUpperBodyZ", "Segments": [0, 6, 0, 0.35, 8, 0, 0.883, 5, 0, 1.55, 6, 2, 2.533, 6]}, {"Target": "Parameter", "Id": "ParamShoulderR", "Segments": [0, 3, 0, 0.333, 9, 0, 0.767, 4, 0, 1.233, 5, 2, 2.533, 5]}, {"Target": "Parameter", "Id": "ParamArmR4", "Segments": [0, 5, 0, 0.35, 8, 0, 0.833, 0, 2, 2.533, 0]}, {"Target": "Parameter", "Id": "ParamFingerR", "Segments": [0, 0, 0, 0.45, 8, 0, 0.983, -4, 2, 2.533, -4]}, {"Target": "Parameter", "Id": "ParamShoulderL", "Segments": [0, 0, 0, 0.35, 8, 0, 0.833, 4, 2, 1.233, 4, 2, 2.533, 4]}, {"Target": "Parameter", "Id": "ParamArmL1", "Segments": [0, -41, 0, 0.35, -41, 0, 0.833, -43, 2, 2.533, -43]}, {"Target": "Parameter", "Id": "ParamArmL4", "Segments": [0, 0, 0, 0.35, 5, 0, 0.833, 0, 2, 2.533, 0]}, {"Target": "Parameter", "Id": "ParamFingerL", "Segments": [0, 0, 0, 0.583, -5, 0, 1.367, 7, 2, 2.533, 7]}, {"Target": "Parameter", "Id": "ParamPositionX", "Segments": [0, 0, 0, 2.533, 0]}, {"Target": "Parameter", "Id": "ParamPositionY", "Segments": [0, 0, 0, 2.533, 0]}, {"Target": "Parameter", "Id": "ParamRotationZ", "Segments": [0, 0, 0, 2.533, 0]}, {"Target": "Parameter", "Id": "ParamBodyAngleZ", "Segments": [0, -2, 0, 2.533, -2]}, {"Target": "Parameter", "Id": "ParamUpperBody", "Segments": [0, 0, 0, 2.533, 0]}, {"Target": "Parameter", "Id": "ParamBreath", "Segments": [0, 0, 0, 2.533, 0]}, {"Target": "Parameter", "Id": "ParamLegLZ", "Segments": [0, 0, 0, 2.533, 0]}, {"Target": "Parameter", "Id": "ParamLegRZ", "Segments": [0, 1, 0, 2.533, 1]}, {"Target": "Parameter", "Id": "ParamArmR1", "Segments": [0, -44, 0, 2.533, -44]}, {"Target": "Parameter", "Id": "ParamArmR2", "Segments": [0, 21, 0, 2.533, 21]}, {"Target": "Parameter", "Id": "ParamArmR3", "Segments": [0, -23, 0, 2.533, -23]}, {"Target": "Parameter", "Id": "ParamArmR5", "Segments": [0, 3, 0, 2.533, 3]}, {"Target": "Parameter", "Id": "ParamArmR6", "Segments": [0, 1.1, 0, 2.533, 1.1]}, {"Target": "Parameter", "Id": "ParamArmR7", "Segments": [0, 0, 0, 2.533, 0]}, {"Target": "Parameter", "Id": "ParamArmR8", "Segments": [0, -25, 0, 2.533, -25]}, {"Target": "Parameter", "Id": "ParamArmR9", "Segments": [0, 0.7, 0, 2.533, 0.7]}, {"Target": "Parameter", "Id": "ParamHandRA", "Segments": [0, 0, 0, 2.533, 0]}, {"Target": "Parameter", "Id": "ParamHandRB", "Segments": [0, 0, 0, 2.533, 0]}, {"Target": "Parameter", "Id": "ParamHandRC", "Segments": [0, 0, 0, 2.533, 0]}, {"Target": "Parameter", "Id": "ParamHandRD", "Segments": [0, 1, 0, 2.533, 1]}, {"Target": "Parameter", "Id": "ParamHandRE", "Segments": [0, 0, 0, 2.533, 0]}, {"Target": "Parameter", "Id": "ParamHandRF", "Segments": [0, 0, 0, 2.533, 0]}, {"Target": "Parameter", "Id": "ParamHandRG", "Segments": [0, 0, 0, 2.533, 0]}, {"Target": "Parameter", "Id": "ParamHandRH", "Segments": [0, 0, 0, 2.533, 0]}, {"Target": "Parameter", "Id": "ParamHandRI", "Segments": [0, 0, 0, 2.533, 0]}, {"Target": "Parameter", "Id": "ParamHandRJ", "Segments": [0, 0, 0, 2.533, 0]}, {"Target": "Parameter", "Id": "ParamHandRK", "Segments": [0, 0, 0, 2.533, 0]}, {"Target": "Parameter", "Id": "ParamArmL2", "Segments": [0, 1, 0, 2.533, 1]}, {"Target": "Parameter", "Id": "ParamArmL3", "Segments": [0, 4, 0, 2.533, 4]}, {"Target": "Parameter", "Id": "ParamArmL5", "Segments": [0, 0, 0, 2.533, 0]}, {"Target": "Parameter", "Id": "ParamArmL6", "Segments": [0, 1, 0, 2.533, 1]}, {"Target": "Parameter", "Id": "ParamArmL7", "Segments": [0, -10, 0, 2.533, -10]}, {"Target": "Parameter", "Id": "ParamArmL8", "Segments": [0, -9, 0, 2.533, -9]}, {"Target": "Parameter", "Id": "ParamArmL9", "Segments": [0, -0.2, 0, 2.533, -0.2]}, {"Target": "Parameter", "Id": "ParamHandLA", "Segments": [0, 0, 0, 2.533, 0]}, {"Target": "Parameter", "Id": "ParamHandLB", "Segments": [0, 0, 0, 2.533, 0]}, {"Target": "Parameter", "Id": "ParamHandLC", "Segments": [0, 0, 0, 2.533, 0]}, {"Target": "Parameter", "Id": "ParamHandLD", "Segments": [0, 0, 0, 2.533, 0]}, {"Target": "Parameter", "Id": "ParamHandLE", "Segments": [0, 0, 0, 2.533, 0]}, {"Target": "Parameter", "Id": "ParamHandLF", "Segments": [0, 0, 0, 2.533, 0]}, {"Target": "Parameter", "Id": "ParamHandLG", "Segments": [0, 1, 0, 2.533, 1]}, {"Target": "Parameter", "Id": "ParamHandLH", "Segments": [0, 0, 0, 2.533, 0]}, {"Target": "Parameter", "Id": "ParamHandLI", "Segments": [0, 0, 0, 2.533, 0]}, {"Target": "Parameter", "Id": "ParamHandLJ", "Segments": [0, 0, 0, 2.533, 0]}, {"Target": "Parameter", "Id": "ParamHandLK", "Segments": [0, 0, 0, 2.533, 0]}], "UserData": [{"Time": 0, "Value": "eyeblink,0.3,0.0,0.6"}]}