{"Version": 3, "Meta": {"Duration": 2.6, "Fps": 60.0, "Loop": true, "AreBeziersRestricted": true, "CurveCount": 61, "UserDataCount": 1, "TotalSegmentCount": 170, "TotalPointCount": 170, "TotalUserDataSize": 23}, "Curves": [{"Target": "Parameter", "Id": "ParamAngleX", "Segments": [0, 0, 0, 0.367, -9, 0, 0.833, 8, 0, 1.267, -1, 2, 2.6, -1]}, {"Target": "Parameter", "Id": "ParamAngleY", "Segments": [0, 0, 0, 0.367, 11, 0, 0.933, -11, 2, 2.6, -11]}, {"Target": "Parameter", "Id": "ParamAngleZ", "Segments": [0, 0, 0, 0.467, -6, 0, 1.133, 5, 2, 2.6, 5]}, {"Target": "Parameter", "Id": "ParamEyeROpen", "Segments": [0, 1, 0, 0.233, 1, 0, 0.433, 0, 2, 1, 0, 0, 1.2, 1, 2, 2.6, 1]}, {"Target": "Parameter", "Id": "ParamEyeLOpen", "Segments": [0, 1, 0, 0.233, 1, 0, 0.433, 0, 2, 1, 0, 0, 1.2, 1, 2, 2.6, 1]}, {"Target": "Parameter", "Id": "ParamEyeballX", "Segments": [0, 0, 0, 0.3, 0.2, 0, 0.967, -0.2, 0, 1.2, 0.1, 2, 2.6, 0.1]}, {"Target": "Parameter", "Id": "ParamBodyAngleX", "Segments": [0, 0, 0, 0.467, -5, 0, 1.033, 6, 0, 1.5, 0, 2, 2.6, 0]}, {"Target": "Parameter", "Id": "ParamBodyAngleY", "Segments": [0, 0, 0, 0.333, 3, 0, 0.867, -3, 2, 2.6, -3]}, {"Target": "Parameter", "Id": "ParamUpperBodyZ", "Segments": [0, -1, 0, 1.2, -2, 2, 2.6, -2]}, {"Target": "Parameter", "Id": "ParamLegLZ", "Segments": [0, 0, 0, 1.467, -1, 2, 2.6, -1]}, {"Target": "Parameter", "Id": "ParamLegRZ", "Segments": [0, 0, 0, 1.467, -1, 2, 2.6, -1]}, {"Target": "Parameter", "Id": "ParamShoulderR", "Segments": [0, 0, 0, 0.533, 5, 2, 2.6, 5]}, {"Target": "Parameter", "Id": "ParamArmR1", "Segments": [0, -38, 0, 0.367, -33, 0, 0.9, -43, 2, 2.6, -43]}, {"Target": "Parameter", "Id": "ParamArmR2", "Segments": [0, 39, 0, 0.5, 41, 0, 1.033, 39, 2, 2.6, 39]}, {"Target": "Parameter", "Id": "ParamArmR3", "Segments": [0, 11, 0, 0.533, 22, 0, 1.167, 13, 2, 2.6, 13]}, {"Target": "Parameter", "Id": "ParamArmR8", "Segments": [0, 0, 0, 0.567, 18, 0, 1.2, 0, 2, 2.6, 0]}, {"Target": "Parameter", "Id": "ParamFingerR", "Segments": [0, 0, 0, 0.55, 7, 0, 1.233, 0, 2, 2.6, 0]}, {"Target": "Parameter", "Id": "ParamShoulderL", "Segments": [0, 1, 0, 0.8, 4, 2, 2.6, 4]}, {"Target": "Parameter", "Id": "ParamArmL1", "Segments": [0, -44, 0, 0.367, -41, 0, 0.933, -43, 2, 2.6, -43]}, {"Target": "Parameter", "Id": "ParamArmL2", "Segments": [0, 5, 0, 0.467, 1, 0, 1.067, 3, 2, 2.6, 3]}, {"Target": "Parameter", "Id": "ParamArmL3", "Segments": [0, 16, 0, 0.533, 10, 0, 1.2, 22, 2, 2.6, 22]}, {"Target": "Parameter", "Id": "ParamArmL8", "Segments": [0, 0, 0, 0.5, -4, 0, 1.217, 12, 2, 2.6, 12]}, {"Target": "Parameter", "Id": "ParamFingerL", "Segments": [0, 0, 0, 0.55, 6, 0, 1.217, 0, 2, 2.6, 0]}, {"Target": "Parameter", "Id": "ParamPositionX", "Segments": [0, 0, 0, 2.6, 0]}, {"Target": "Parameter", "Id": "ParamPositionY", "Segments": [0, 0, 0, 2.6, 0]}, {"Target": "Parameter", "Id": "ParamRotationZ", "Segments": [0, 0, 0, 2.6, 0]}, {"Target": "Parameter", "Id": "ParamBodyAngleZ", "Segments": [0, 2, 0, 2.6, 2]}, {"Target": "Parameter", "Id": "ParamUpperBody", "Segments": [0, 0, 0, 2.6, 0]}, {"Target": "Parameter", "Id": "ParamBreath", "Segments": [0, 0, 0, 2.6, 0]}, {"Target": "Parameter", "Id": "ParamArmR4", "Segments": [0, 0, 0, 2.6, 0]}, {"Target": "Parameter", "Id": "ParamArmR5", "Segments": [0, 7, 0, 2.6, 7]}, {"Target": "Parameter", "Id": "ParamArmR6", "Segments": [0, 1, 0, 2.6, 1]}, {"Target": "Parameter", "Id": "ParamArmR7", "Segments": [0, -10, 0, 2.6, -10]}, {"Target": "Parameter", "Id": "ParamArmR9", "Segments": [0, 0, 0, 2.6, 0]}, {"Target": "Parameter", "Id": "ParamHandRA", "Segments": [0, 0, 0, 2.6, 0]}, {"Target": "Parameter", "Id": "ParamHandRB", "Segments": [0, 0, 0, 2.6, 0]}, {"Target": "Parameter", "Id": "ParamHandRC", "Segments": [0, 0, 0, 2.6, 0]}, {"Target": "Parameter", "Id": "ParamHandRD", "Segments": [0, 0, 0, 2.6, 0]}, {"Target": "Parameter", "Id": "ParamHandRE", "Segments": [0, 0, 0, 2.6, 0]}, {"Target": "Parameter", "Id": "ParamHandRF", "Segments": [0, 0, 0, 2.6, 0]}, {"Target": "Parameter", "Id": "ParamHandRG", "Segments": [0, 1, 0, 2.6, 1]}, {"Target": "Parameter", "Id": "ParamHandRH", "Segments": [0, 0, 0, 2.6, 0]}, {"Target": "Parameter", "Id": "ParamHandRI", "Segments": [0, 0, 0, 2.6, 0]}, {"Target": "Parameter", "Id": "ParamHandRJ", "Segments": [0, 0, 0, 2.6, 0]}, {"Target": "Parameter", "Id": "ParamHandRK", "Segments": [0, 0, 0, 2.6, 0]}, {"Target": "Parameter", "Id": "ParamArmL4", "Segments": [0, 0, 0, 2.6, 0]}, {"Target": "Parameter", "Id": "ParamArmL5", "Segments": [0, 0, 0, 2.6, 0]}, {"Target": "Parameter", "Id": "ParamArmL6", "Segments": [0, 1, 0, 2.6, 1]}, {"Target": "Parameter", "Id": "ParamArmL7", "Segments": [0, -10, 0, 2.6, -10]}, {"Target": "Parameter", "Id": "ParamArmL9", "Segments": [0, -0.2, 0, 2.6, -0.2]}, {"Target": "Parameter", "Id": "ParamHandLA", "Segments": [0, 0, 0, 2.6, 0]}, {"Target": "Parameter", "Id": "ParamHandLB", "Segments": [0, 0, 0, 2.6, 0]}, {"Target": "Parameter", "Id": "ParamHandLC", "Segments": [0, 0, 0, 2.6, 0]}, {"Target": "Parameter", "Id": "ParamHandLD", "Segments": [0, 0, 0, 2.6, 0]}, {"Target": "Parameter", "Id": "ParamHandLE", "Segments": [0, 0, 0, 2.6, 0]}, {"Target": "Parameter", "Id": "ParamHandLF", "Segments": [0, 0, 0, 2.6, 0]}, {"Target": "Parameter", "Id": "ParamHandLG", "Segments": [0, 1, 0, 2.6, 1]}, {"Target": "Parameter", "Id": "ParamHandLH", "Segments": [0, 0, 0, 2.6, 0]}, {"Target": "Parameter", "Id": "ParamHandLI", "Segments": [0, 0, 0, 2.6, 0]}, {"Target": "Parameter", "Id": "ParamHandLJ", "Segments": [0, 0, 0, 2.6, 0]}, {"Target": "Parameter", "Id": "ParamHandLK", "Segments": [0, 0, 0, 2.6, 0]}], "UserData": [{"Time": 0.233, "Value": "eyeblink,0.20,0.57,0.20"}]}