{"Version": 3, "Meta": {"Duration": 3, "Fps": 60.0, "Loop": true, "AreBeziersRestricted": true, "CurveCount": 61, "UserDataCount": 1, "TotalSegmentCount": 174, "TotalPointCount": 176, "TotalUserDataSize": 23}, "Curves": [{"Target": "Parameter", "Id": "ParamAngleX", "Segments": [0, -3, 0, 0.5, -17, 0, 0.933, 15, 0, 1.433, -12, 0, 1.9, -2, 2, 3, -2]}, {"Target": "Parameter", "Id": "ParamAngleY", "Segments": [0, 0, 0, 0.5, -15, 1, 0.644, -16.297, 0.789, -16.0, 0.933, -16, 0, 1.433, -15, 2, 3, -15]}, {"Target": "Parameter", "Id": "ParamAngleZ", "Segments": [0, 0, 0, 0.667, -4, 0, 1.367, 2, 2, 3, 2]}, {"Target": "Parameter", "Id": "ParamEyeROpen", "Segments": [0, 1, 0, 0.867, 1, 0, 1.067, 0, 0, 1.267, 1, 2, 3, 1]}, {"Target": "Parameter", "Id": "ParamEyeLOpen", "Segments": [0, 1, 0, 0.867, 1, 0, 1.067, 0, 0, 1.267, 1, 2, 3, 1]}, {"Target": "Parameter", "Id": "ParamEyeballX", "Segments": [0, 0, 0, 0.467, 0.3, 0, 0.9, -0.2, 0, 1.4, 0.2, 0, 1.933, 0, 2, 3, 0]}, {"Target": "Parameter", "Id": "ParamBodyAngleX", "Segments": [0, -2, 0, 0.5, 3, 0, 1.1, -3, 0, 1.767, 2, 2, 3, 2]}, {"Target": "Parameter", "Id": "ParamBodyAngleY", "Segments": [0, 0, 0, 0.6, 2, 0, 1.267, -1, 2, 3, -1]}, {"Target": "Parameter", "Id": "ParamBodyAngleZ", "Segments": [0, 2, 0, 0.467, 3, 0, 1.467, 0, 2, 3, 0]}, {"Target": "Parameter", "Id": "ParamUpperBodyZ", "Segments": [0, 0, 0, 0.467, -3, 0, 1.467, 2, 2, 3, 2]}, {"Target": "Parameter", "Id": "ParamLegRZ", "Segments": [0, -3, 0, 0.767, -2, 2, 3, -2]}, {"Target": "Parameter", "Id": "ParamArmR1", "Segments": [0, -44, 0, 0.4, -39, 0, 1.067, -44, 2, 3, -44]}, {"Target": "Parameter", "Id": "ParamArmR2", "Segments": [0, 6, 0, 0.433, 8, 0, 1.1, 6, 2, 3, 6]}, {"Target": "Parameter", "Id": "ParamArmR3", "Segments": [0, 16, 0, 0.533, 26, 0, 1.2, 18, 2, 3, 18]}, {"Target": "Parameter", "Id": "ParamArmR5", "Segments": [0, 5, 0, 0.433, 7, 0, 1.1, 5, 2, 3, 5]}, {"Target": "Parameter", "Id": "ParamArmR8", "Segments": [0, 15, 0, 0.55, 22, 2, 3, 22]}, {"Target": "Parameter", "Id": "ParamFingerR", "Segments": [0, 0, 0, 0.567, 6, 0, 1.3, 0, 2, 3, 0]}, {"Target": "Parameter", "Id": "ParamArmL1", "Segments": [0, -43, 0, 0.4, -39, 0, 1.067, -43, 2, 3, -43]}, {"Target": "Parameter", "Id": "ParamArmL2", "Segments": [0, 7, 0, 0.433, 8, 0, 1.1, 7, 2, 3, 7]}, {"Target": "Parameter", "Id": "ParamArmL3", "Segments": [0, 23, 0, 0.533, 38, 0, 1.2, 23, 2, 3, 23]}, {"Target": "Parameter", "Id": "ParamArmL5", "Segments": [0, 0, 0, 0.433, 3, 0, 1.1, 0, 2, 3, 0]}, {"Target": "Parameter", "Id": "ParamArmL8", "Segments": [0, 7, 0, 0.5, 29, 0, 1.333, 11, 2, 3, 11]}, {"Target": "Parameter", "Id": "ParamFingerL", "Segments": [0, 0, 0, 0.567, 7, 0, 1.3, 0, 2, 3, 0]}, {"Target": "Parameter", "Id": "ParamPositionX", "Segments": [0, -1, 0, 3, -1]}, {"Target": "Parameter", "Id": "ParamPositionY", "Segments": [0, 0, 0, 3, 0]}, {"Target": "Parameter", "Id": "ParamRotationZ", "Segments": [0, 0, 0, 3, 0]}, {"Target": "Parameter", "Id": "ParamUpperBody", "Segments": [0, 0, 0, 3, 0]}, {"Target": "Parameter", "Id": "ParamBreath", "Segments": [0, 0, 0, 3, 0]}, {"Target": "Parameter", "Id": "ParamLegLZ", "Segments": [0, 2, 0, 3, 2]}, {"Target": "Parameter", "Id": "ParamShoulderR", "Segments": [0, 0, 0, 3, 0]}, {"Target": "Parameter", "Id": "ParamArmR4", "Segments": [0, 8, 0, 3, 8]}, {"Target": "Parameter", "Id": "ParamArmR6", "Segments": [0, 1, 0, 3, 1]}, {"Target": "Parameter", "Id": "ParamArmR7", "Segments": [0, 0, 0, 3, 0]}, {"Target": "Parameter", "Id": "ParamArmR9", "Segments": [0, -0.2, 0, 3, -0.2]}, {"Target": "Parameter", "Id": "ParamHandRA", "Segments": [0, 0, 0, 3, 0]}, {"Target": "Parameter", "Id": "ParamHandRB", "Segments": [0, 0, 0, 3, 0]}, {"Target": "Parameter", "Id": "ParamHandRC", "Segments": [0, 0, 0, 3, 0]}, {"Target": "Parameter", "Id": "ParamHandRD", "Segments": [0, 1, 0, 3, 1]}, {"Target": "Parameter", "Id": "ParamHandRE", "Segments": [0, 0, 0, 3, 0]}, {"Target": "Parameter", "Id": "ParamHandRF", "Segments": [0, 0, 0, 3, 0]}, {"Target": "Parameter", "Id": "ParamHandRG", "Segments": [0, 0, 0, 3, 0]}, {"Target": "Parameter", "Id": "ParamHandRH", "Segments": [0, 0, 0, 3, 0]}, {"Target": "Parameter", "Id": "ParamHandRI", "Segments": [0, 0, 0, 3, 0]}, {"Target": "Parameter", "Id": "ParamHandRJ", "Segments": [0, 0, 0, 3, 0]}, {"Target": "Parameter", "Id": "ParamHandRK", "Segments": [0, 0, 0, 3, 0]}, {"Target": "Parameter", "Id": "ParamShoulderL", "Segments": [0, 0, 0, 3, 0]}, {"Target": "Parameter", "Id": "ParamArmL4", "Segments": [0, 10, 0, 3, 10]}, {"Target": "Parameter", "Id": "ParamArmL6", "Segments": [0, 1, 0, 3, 1]}, {"Target": "Parameter", "Id": "ParamArmL7", "Segments": [0, -10, 0, 3, -10]}, {"Target": "Parameter", "Id": "ParamArmL9", "Segments": [0, -0.2, 0, 3, -0.2]}, {"Target": "Parameter", "Id": "ParamHandLA", "Segments": [0, 0, 0, 3, 0]}, {"Target": "Parameter", "Id": "ParamHandLB", "Segments": [0, 0, 0, 3, 0]}, {"Target": "Parameter", "Id": "ParamHandLC", "Segments": [0, 0, 0, 3, 0]}, {"Target": "Parameter", "Id": "ParamHandLD", "Segments": [0, 0, 0, 3, 0]}, {"Target": "Parameter", "Id": "ParamHandLE", "Segments": [0, 0, 0, 3, 0]}, {"Target": "Parameter", "Id": "ParamHandLF", "Segments": [0, 0, 0, 3, 0]}, {"Target": "Parameter", "Id": "ParamHandLG", "Segments": [0, 1, 0, 3, 1]}, {"Target": "Parameter", "Id": "ParamHandLH", "Segments": [0, 0, 0, 3, 0]}, {"Target": "Parameter", "Id": "ParamHandLI", "Segments": [0, 0, 0, 3, 0]}, {"Target": "Parameter", "Id": "ParamHandLJ", "Segments": [0, 0, 0, 3, 0]}, {"Target": "Parameter", "Id": "ParamHandLK", "Segments": [0, 0, 0, 3, 0]}], "UserData": [{"Time": 0.867, "Value": "eyeblink,0.20,0.00,0.20"}]}