{"Version": 3, "Meta": {"Duration": 2.6, "Fps": 60.0, "Loop": true, "AreBeziersRestricted": true, "CurveCount": 61, "UserDataCount": 1, "TotalSegmentCount": 180, "TotalPointCount": 184, "TotalUserDataSize": 23}, "Curves": [{"Target": "Parameter", "Id": "ParamPositionY", "Segments": [0, 0, 0, 0.3, 0, 0, 0.75, -1, 0, 1.283, 0, 2, 2.6, 0]}, {"Target": "Parameter", "Id": "ParamAngleX", "Segments": [0, 0, 0, 0.35, -2, 1, 0.494, -2, 0.639, 2.102, 0.783, 3, 1, 0.955, 4.071, 1.128, 4.0, 1.3, 4, 2, 2.6, 4]}, {"Target": "Parameter", "Id": "ParamAngleY", "Segments": [0, 0, 0, 0.35, 16, 0, 0.783, -22, 0, 1.3, -6, 2, 2.6, -6]}, {"Target": "Parameter", "Id": "ParamAngleZ", "Segments": [0, 11, 0, 0.983, -2, 0, 1.45, -1, 2, 2.6, -1]}, {"Target": "Parameter", "Id": "ParamEyeROpen", "Segments": [0, 1, 0, 0.133, 1, 0, 0.333, 0, 2, 0.467, 0, 0, 0.667, 1, 2, 2.6, 1]}, {"Target": "Parameter", "Id": "ParamEyeLOpen", "Segments": [0, 1, 0, 0.133, 1, 0, 0.333, 0, 2, 0.467, 0, 0, 0.667, 1, 2, 2.6, 1]}, {"Target": "Parameter", "Id": "ParamEyeballX", "Segments": [0, 0, 0, 0.267, 0.1, 0, 0.883, -0.1, 2, 2.6, -0.1]}, {"Target": "Parameter", "Id": "ParamBodyAngleX", "Segments": [0, 0, 0, 0.383, 5, 0, 0.783, -2, 2, 2.6, -2]}, {"Target": "Parameter", "Id": "ParamBodyAngleY", "Segments": [0, 0, 0, 0.383, 4, 0, 0.783, -1, 0, 1.367, 2, 2, 2.6, 2]}, {"Target": "Parameter", "Id": "ParamBodyAngleZ", "Segments": [0, 4, 0, 0.65, 6, 2, 2.6, 6]}, {"Target": "Parameter", "Id": "ParamUpperBodyZ", "Segments": [0, -6, 0, 0.65, -8, 2, 2.6, -8]}, {"Target": "Parameter", "Id": "ParamUpperBody", "Segments": [0, 0, 0, 0.533, 2, 0, 0.983, -2, 2, 2.6, -2]}, {"Target": "Parameter", "Id": "ParamShoulderR", "Segments": [0, 4, 0, 0.45, 8, 0, 0.85, 4, 2, 2.6, 4]}, {"Target": "Parameter", "Id": "ParamArmR1", "Segments": [0, -34, 0, 0.4, -26, 0, 0.8, -33, 2, 2.6, -33]}, {"Target": "Parameter", "Id": "ParamArmR2", "Segments": [0, 26, 0, 0.467, 27, 0, 0.967, 26, 2, 2.6, 26]}, {"Target": "Parameter", "Id": "ParamArmR3", "Segments": [0, -16, 0, 0.55, -2, 0, 1.1, -17, 2, 2.6, -17]}, {"Target": "Parameter", "Id": "ParamArmR5", "Segments": [0, 3, 0, 0.55, 7, 0, 0.95, 5, 2, 2.6, 5]}, {"Target": "Parameter", "Id": "ParamFingerR", "Segments": [0, 0, 0, 0.583, 4, 0, 0.983, -3, 0, 1.517, 0, 2, 2.6, 0]}, {"Target": "Parameter", "Id": "ParamShoulderL", "Segments": [0, 1, 0, 0.45, 7, 0, 0.85, 3, 2, 2.6, 3]}, {"Target": "Parameter", "Id": "ParamArmL1", "Segments": [0, -40, 0, 0.417, -51, 0, 0.85, -45, 2, 2.6, -45]}, {"Target": "Parameter", "Id": "ParamArmL2", "Segments": [0, 39, 0, 0.483, 42, 0, 0.917, 40, 2, 2.6, 40]}, {"Target": "Parameter", "Id": "ParamArmL3", "Segments": [0, 18, 0, 0.55, 30, 0, 0.983, 3, 2, 2.6, 3]}, {"Target": "Parameter", "Id": "ParamArmL4", "Segments": [0, 15, 0, 0.55, 24, 2, 2.6, 24]}, {"Target": "Parameter", "Id": "ParamArmL5", "Segments": [0, 1, 0, 0.55, 8, 2, 2.6, 8]}, {"Target": "Parameter", "Id": "ParamArmL8", "Segments": [0, 18, 0, 0.55, 26, 0, 1, 2, 2, 2.6, 2]}, {"Target": "Parameter", "Id": "ParamFingerL", "Segments": [0, 0, 0, 0.567, 10, 0, 1.067, -4, 0, 1.467, 0, 2, 2.6, 0]}, {"Target": "Parameter", "Id": "ParamPositionX", "Segments": [0, -1, 0, 2.6, -1]}, {"Target": "Parameter", "Id": "ParamRotationZ", "Segments": [0, 0, 0, 2.6, 0]}, {"Target": "Parameter", "Id": "ParamBreath", "Segments": [0, 0, 0, 2.6, 0]}, {"Target": "Parameter", "Id": "ParamLegLZ", "Segments": [0, 5, 0, 2.6, 5]}, {"Target": "Parameter", "Id": "ParamLegRZ", "Segments": [0, 0, 0, 2.6, 0]}, {"Target": "Parameter", "Id": "ParamArmR4", "Segments": [0, 17, 0, 2.6, 17]}, {"Target": "Parameter", "Id": "ParamArmR6", "Segments": [0, 1.1, 0, 2.6, 1.1]}, {"Target": "Parameter", "Id": "ParamArmR7", "Segments": [0, 0, 0, 2.6, 0]}, {"Target": "Parameter", "Id": "ParamArmR8", "Segments": [0, 0, 0, 2.6, 0]}, {"Target": "Parameter", "Id": "ParamArmR9", "Segments": [0, 0.8, 0, 2.6, 0.8]}, {"Target": "Parameter", "Id": "ParamHandRA", "Segments": [0, 0, 0, 2.6, 0]}, {"Target": "Parameter", "Id": "ParamHandRB", "Segments": [0, 0, 0, 2.6, 0]}, {"Target": "Parameter", "Id": "ParamHandRC", "Segments": [0, 0, 0, 2.6, 0]}, {"Target": "Parameter", "Id": "ParamHandRD", "Segments": [0, 0, 0, 2.6, 0]}, {"Target": "Parameter", "Id": "ParamHandRE", "Segments": [0, 0, 0, 2.6, 0]}, {"Target": "Parameter", "Id": "ParamHandRF", "Segments": [0, 0, 0, 2.6, 0]}, {"Target": "Parameter", "Id": "ParamHandRG", "Segments": [0, 0, 0, 2.6, 0]}, {"Target": "Parameter", "Id": "ParamHandRH", "Segments": [0, 0, 0, 2.6, 0]}, {"Target": "Parameter", "Id": "ParamHandRI", "Segments": [0, 0, 0, 2.6, 0]}, {"Target": "Parameter", "Id": "ParamHandRJ", "Segments": [0, 1, 0, 2.6, 1]}, {"Target": "Parameter", "Id": "ParamHandRK", "Segments": [0, 0, 0, 2.6, 0]}, {"Target": "Parameter", "Id": "ParamArmL6", "Segments": [0, 1, 0, 2.6, 1]}, {"Target": "Parameter", "Id": "ParamArmL7", "Segments": [0, 0, 0, 2.6, 0]}, {"Target": "Parameter", "Id": "ParamArmL9", "Segments": [0, 0.7, 0, 2.6, 0.7]}, {"Target": "Parameter", "Id": "ParamHandLA", "Segments": [0, 0, 0, 2.6, 0]}, {"Target": "Parameter", "Id": "ParamHandLB", "Segments": [0, 0, 0, 2.6, 0]}, {"Target": "Parameter", "Id": "ParamHandLC", "Segments": [0, 0, 0, 2.6, 0]}, {"Target": "Parameter", "Id": "ParamHandLD", "Segments": [0, 1, 0, 2.6, 1]}, {"Target": "Parameter", "Id": "ParamHandLE", "Segments": [0, 0, 0, 2.6, 0]}, {"Target": "Parameter", "Id": "ParamHandLF", "Segments": [0, 0, 0, 2.6, 0]}, {"Target": "Parameter", "Id": "ParamHandLG", "Segments": [0, 0, 0, 2.6, 0]}, {"Target": "Parameter", "Id": "ParamHandLH", "Segments": [0, 0, 0, 2.6, 0]}, {"Target": "Parameter", "Id": "ParamHandLI", "Segments": [0, 0, 0, 2.6, 0]}, {"Target": "Parameter", "Id": "ParamHandLJ", "Segments": [0, 0, 0, 2.6, 0]}, {"Target": "Parameter", "Id": "ParamHandLK", "Segments": [0, 0, 0, 2.6, 0]}], "UserData": [{"Time": 0.133, "Value": "eyeblink,0.20,0.13,0.20"}]}