{"Version": 3, "Meta": {"Duration": 2, "Fps": 60.0, "Loop": true, "AreBeziersRestricted": true, "CurveCount": 61, "UserDataCount": 1, "TotalSegmentCount": 195, "TotalPointCount": 201, "TotalUserDataSize": 22}, "Curves": [{"Target": "Parameter", "Id": "ParamPositionY", "Segments": [0, 0, 0, 0.433, 1, 0, 0.867, 0, 2, 2, 0]}, {"Target": "Parameter", "Id": "ParamRotationZ", "Segments": [0, 0, 0, 0.433, 1, 0, 0.867, 0, 2, 2, 0]}, {"Target": "Parameter", "Id": "ParamAngleX", "Segments": [0, -1, 0, 0.083, -1, 0, 0.517, 3, 0, 0.95, -1, 2, 2, -1]}, {"Target": "Parameter", "Id": "ParamAngleY", "Segments": [0, -4, 0, 0.117, -4, 0, 0.55, 2, 0, 0.983, -2, 2, 2, -2]}, {"Target": "Parameter", "Id": "ParamAngleZ", "Segments": [0, -15, 0, 0.15, -15, 0, 0.583, 5, 0, 1.017, -20, 0, 1.4, -16, 2, 2, -16]}, {"Target": "Parameter", "Id": "ParamEyeROpen", "Segments": [0, 1, 0, 0.217, 1, 0, 0.417, 0, 0, 0.65, 1, 2, 2, 1]}, {"Target": "Parameter", "Id": "ParamEyeLOpen", "Segments": [0, 1, 0, 0.217, 1, 0, 0.417, 0, 0, 0.65, 1, 2, 2, 1]}, {"Target": "Parameter", "Id": "ParamBodyAngleX", "Segments": [0, -2, 0, 0.433, 1, 1, 0.578, 1, 0.722, -0.541, 0.867, -3, 1, 0.995, -5.175, 1.122, -6.0, 1.25, -6, 2, 2, -6]}, {"Target": "Parameter", "Id": "ParamBodyAngleY", "Segments": [0, 0, 0, 0.433, 4, 0, 0.867, -3, 0, 1.25, 0, 2, 2, 0]}, {"Target": "Parameter", "Id": "ParamBodyAngleZ", "Segments": [0, -2, 0, 0.433, -3, 2, 2, -3]}, {"Target": "Parameter", "Id": "ParamUpperBodyZ", "Segments": [0, 5, 0, 0.433, 4, 1, 0.578, 3.333, 0.722, 3.0, 0.867, 3, 0, 1.25, 4, 2, 2, 4]}, {"Target": "Parameter", "Id": "ParamShoulderR", "Segments": [0, 5, 0, 0.033, 5, 0, 0.467, 8, 0, 0.9, -3, 0, 1.283, 0, 2, 2, 0]}, {"Target": "Parameter", "Id": "ParamArmR1", "Segments": [0, -40, 0, 0.033, -40, 0, 0.467, -43, 0, 0.9, -39, 2, 2, -39]}, {"Target": "Parameter", "Id": "ParamArmR2", "Segments": [0, 42, 0, 0.083, 42, 0, 0.517, 43, 0, 0.95, 41, 0, 1.333, 42, 2, 2, 42]}, {"Target": "Parameter", "Id": "ParamArmR3", "Segments": [0, 21, 0, 0.133, 21, 0, 0.567, 31, 0, 1, 14, 0, 1.383, 21, 2, 2, 21]}, {"Target": "Parameter", "Id": "ParamArmR4", "Segments": [0, 12, 0, 0.033, 12, 0, 0.467, 15, 0, 0.9, 12, 2, 2, 12]}, {"Target": "Parameter", "Id": "ParamArmR8", "Segments": [0, 0, 0, 0.55, 18, 0, 1.017, 1, 2, 2, 1]}, {"Target": "Parameter", "Id": "ParamFingerR", "Segments": [0, 0, 0, 0.483, 6, 0, 1.033, -4, 0, 1.5, 0, 2, 2, 0]}, {"Target": "Parameter", "Id": "ParamShoulderL", "Segments": [0, 5, 0, 0.433, 8, 0, 0.867, 1, 0, 1.25, 5, 2, 2, 5]}, {"Target": "Parameter", "Id": "ParamArmL1", "Segments": [0, -40, 0, 0.433, -43, 0, 0.867, -39, 2, 2, -39]}, {"Target": "Parameter", "Id": "ParamArmL2", "Segments": [0, 42, 0, 0.05, 42, 0, 0.483, 43, 0, 0.917, 41, 0, 1.3, 42, 2, 2, 42]}, {"Target": "Parameter", "Id": "ParamArmL3", "Segments": [0, 20, 0, 0.1, 20, 0, 0.533, 30, 0, 0.967, 15, 0, 1.35, 20, 2, 2, 20]}, {"Target": "Parameter", "Id": "ParamArmL4", "Segments": [0, 20, 0, 0.433, 24, 0, 0.867, 20, 2, 2, 20]}, {"Target": "Parameter", "Id": "ParamArmL8", "Segments": [0, 0, 0, 0.55, 13, 0, 1.017, 1, 2, 2, 1]}, {"Target": "Parameter", "Id": "ParamFingerL", "Segments": [0, 0, 0, 0.483, 7, 0, 1.033, -4, 0, 1.5, 0, 2, 2, 0]}, {"Target": "Parameter", "Id": "ParamPositionX", "Segments": [0, 0, 0, 2, 0]}, {"Target": "Parameter", "Id": "ParamEyeballX", "Segments": [0, 0, 0, 2, 0]}, {"Target": "Parameter", "Id": "ParamUpperBody", "Segments": [0, 0, 0, 2, 0]}, {"Target": "Parameter", "Id": "ParamBreath", "Segments": [0, 0, 0, 2, 0]}, {"Target": "Parameter", "Id": "ParamLegLZ", "Segments": [0, -2, 0, 2, -2]}, {"Target": "Parameter", "Id": "ParamLegRZ", "Segments": [0, 3, 0, 2, 3]}, {"Target": "Parameter", "Id": "ParamArmR5", "Segments": [0, 6, 0, 2, 6]}, {"Target": "Parameter", "Id": "ParamArmR6", "Segments": [0, 1.1, 0, 2, 1.1]}, {"Target": "Parameter", "Id": "ParamArmR7", "Segments": [0, -6, 0, 2, -6]}, {"Target": "Parameter", "Id": "ParamArmR9", "Segments": [0, 0.7, 0, 2, 0.7]}, {"Target": "Parameter", "Id": "ParamHandRA", "Segments": [0, 0, 0, 2, 0]}, {"Target": "Parameter", "Id": "ParamHandRB", "Segments": [0, 0, 0, 2, 0]}, {"Target": "Parameter", "Id": "ParamHandRC", "Segments": [0, 0, 0, 2, 0]}, {"Target": "Parameter", "Id": "ParamHandRD", "Segments": [0, 1, 0, 2, 1]}, {"Target": "Parameter", "Id": "ParamHandRE", "Segments": [0, 0, 0, 2, 0]}, {"Target": "Parameter", "Id": "ParamHandRF", "Segments": [0, 0, 0, 2, 0]}, {"Target": "Parameter", "Id": "ParamHandRG", "Segments": [0, 0, 0, 2, 0]}, {"Target": "Parameter", "Id": "ParamHandRH", "Segments": [0, 0, 0, 2, 0]}, {"Target": "Parameter", "Id": "ParamHandRI", "Segments": [0, 0, 0, 2, 0]}, {"Target": "Parameter", "Id": "ParamHandRJ", "Segments": [0, 0, 0, 2, 0]}, {"Target": "Parameter", "Id": "ParamHandRK", "Segments": [0, 0, 0, 2, 0]}, {"Target": "Parameter", "Id": "ParamArmL5", "Segments": [0, 7, 0, 2, 7]}, {"Target": "Parameter", "Id": "ParamArmL6", "Segments": [0, 1, 0, 2, 1]}, {"Target": "Parameter", "Id": "ParamArmL7", "Segments": [0, -6, 0, 2, -6]}, {"Target": "Parameter", "Id": "ParamArmL9", "Segments": [0, 0.7, 0, 2, 0.7]}, {"Target": "Parameter", "Id": "ParamHandLA", "Segments": [0, 0, 0, 2, 0]}, {"Target": "Parameter", "Id": "ParamHandLB", "Segments": [0, 0, 0, 2, 0]}, {"Target": "Parameter", "Id": "ParamHandLC", "Segments": [0, 0, 0, 2, 0]}, {"Target": "Parameter", "Id": "ParamHandLD", "Segments": [0, 1, 0, 2, 1]}, {"Target": "Parameter", "Id": "ParamHandLE", "Segments": [0, 0, 0, 2, 0]}, {"Target": "Parameter", "Id": "ParamHandLF", "Segments": [0, 0, 0, 2, 0]}, {"Target": "Parameter", "Id": "ParamHandLG", "Segments": [0, 0, 0, 2, 0]}, {"Target": "Parameter", "Id": "ParamHandLH", "Segments": [0, 0, 0, 2, 0]}, {"Target": "Parameter", "Id": "ParamHandLI", "Segments": [0, 0, 0, 2, 0]}, {"Target": "Parameter", "Id": "ParamHandLJ", "Segments": [0, 0, 0, 2, 0]}, {"Target": "Parameter", "Id": "ParamHandLK", "Segments": [0, 0, 0, 2, 0]}], "UserData": [{"Time": 0.183, "Value": "eyeblink,0.2,0.79,0.24"}]}