{"Version": 3, "Meta": {"Duration": 2.317, "Fps": 60.0, "Loop": true, "AreBeziersRestricted": true, "CurveCount": 61, "UserDataCount": 1, "TotalSegmentCount": 193, "TotalPointCount": 197, "TotalUserDataSize": 22}, "Curves": [{"Target": "Parameter", "Id": "ParamAngleX", "Segments": [0, -2, 0, 0.133, -2, 0, 0.633, 2, 0, 1.133, -2, 0, 1.633, 0, 2, 2.317, 0]}, {"Target": "Parameter", "Id": "ParamAngleZ", "Segments": [0, -18, 0, 0.133, -18, 0, 0.633, 2, 0, 1.133, -22, 0, 1.633, -17, 2, 2.317, -17]}, {"Target": "Parameter", "Id": "ParamEyeROpen", "Segments": [0, 1, 0, 0.2, 1, 0, 0.4, 0, 0, 0.633, 1, 2, 2.317, 1]}, {"Target": "Parameter", "Id": "ParamEyeLOpen", "Segments": [0, 1, 0, 0.2, 1, 0, 0.4, 0, 0, 0.633, 1, 2, 2.317, 1]}, {"Target": "Parameter", "Id": "ParamBodyAngleX", "Segments": [0, 2, 0, 0.5, 10, 0, 1, -2, 0, 1.5, 2, 2, 2.317, 2]}, {"Target": "Parameter", "Id": "ParamBodyAngleY", "Segments": [0, 0, 0, 0.517, 2, 0, 1.017, -1, 0, 1.517, 0, 2, 2.317, 0]}, {"Target": "Parameter", "Id": "ParamBodyAngleZ", "Segments": [0, -3, 0, 0.033, -3, 0, 0.533, -2, 0, 1.033, -3, 2, 1.533, -3, 2, 2.317, -3]}, {"Target": "Parameter", "Id": "ParamUpperBodyZ", "Segments": [0, 8, 0, 0.067, 8, 1, 0.234, 8, 0.4, 7.999, 0.567, 7, 1, 0.734, 6.001, 0.9, 4.0, 1.067, 4, 0, 1.567, 5, 2, 2.317, 5]}, {"Target": "Parameter", "Id": "ParamShoulderR", "Segments": [0, 4, 0, 0.5, 8, 0, 1, 2, 0, 1.5, 4, 2, 2.317, 4]}, {"Target": "Parameter", "Id": "ParamArmR1", "Segments": [0, -34, 0, 0.033, -34, 0, 0.533, -38, 0, 1.033, -34, 2, 2.317, -34]}, {"Target": "Parameter", "Id": "ParamArmR2", "Segments": [0, 42, 0, 0.067, 42, 0, 0.567, 44, 0, 1.067, 42, 2, 2.317, 42]}, {"Target": "Parameter", "Id": "ParamArmR3", "Segments": [0, -3, 0, 0.1, -3, 0, 0.6, 19, 0, 1.1, -10, 2, 1.817, -10, 2, 2.317, -10]}, {"Target": "Parameter", "Id": "ParamArmR4", "Segments": [0, 10, 0, 0.033, 10, 0, 0.533, 16, 0, 1.033, 9, 0, 1.5, 10, 2, 2.317, 10]}, {"Target": "Parameter", "Id": "ParamArmR8", "Segments": [0, 0, 0, 0.55, 10, 0, 1.15, -10, 2, 2.317, -10]}, {"Target": "Parameter", "Id": "ParamFingerR", "Segments": [0, 0, 0, 0.6, 5, 0, 1.167, -1, 0, 1.917, 0, 2, 2.317, 0]}, {"Target": "Parameter", "Id": "ParamShoulderL", "Segments": [0, 5, 0, 0.033, 5, 0, 0.5, 6, 0, 0.967, 4, 0, 1.467, 5, 2, 2.317, 5]}, {"Target": "Parameter", "Id": "ParamArmL1", "Segments": [0, -34, 0, 0.083, -34, 0, 0.55, -29, 0, 1.017, -37, 0, 1.517, -33, 2, 2.317, -33]}, {"Target": "Parameter", "Id": "ParamArmL2", "Segments": [0, -3, 0, 0.133, -3, 0, 0.6, -4, 0, 1.067, -2, 0, 1.567, -3, 2, 2.317, -3]}, {"Target": "Parameter", "Id": "ParamArmL3", "Segments": [0, -26, 0, 0.667, -40, 0, 1.167, -19, 0, 1.617, -34, 2, 2.317, -34]}, {"Target": "Parameter", "Id": "ParamArmL8", "Segments": [0, -31, 0, 0.667, -40, 0, 1.167, -21, 0, 1.617, -39, 2, 2.317, -39]}, {"Target": "Parameter", "Id": "ParamFingerL", "Segments": [0, 0, 0, 0.667, 6, 0, 1.167, -5, 0, 1.767, 0, 2, 2.317, 0]}, {"Target": "Parameter", "Id": "ParamPositionX", "Segments": [0, 0, 0, 2.317, 0]}, {"Target": "Parameter", "Id": "ParamPositionY", "Segments": [0, 0, 0, 2.317, 0]}, {"Target": "Parameter", "Id": "ParamRotationZ", "Segments": [0, 0, 0, 2.317, 0]}, {"Target": "Parameter", "Id": "ParamAngleY", "Segments": [0, 5, 0, 2.317, 5]}, {"Target": "Parameter", "Id": "ParamEyeballX", "Segments": [0, 0, 0, 2.317, 0]}, {"Target": "Parameter", "Id": "ParamUpperBody", "Segments": [0, 3, 0, 2.317, 3]}, {"Target": "Parameter", "Id": "ParamBreath", "Segments": [0, 0, 0, 2.317, 0]}, {"Target": "Parameter", "Id": "ParamLegLZ", "Segments": [0, 0, 0, 2.317, 0]}, {"Target": "Parameter", "Id": "ParamLegRZ", "Segments": [0, 2, 0, 2.317, 2]}, {"Target": "Parameter", "Id": "ParamArmR5", "Segments": [0, 7, 0, 2.317, 7]}, {"Target": "Parameter", "Id": "ParamArmR6", "Segments": [0, 1, 0, 2.317, 1]}, {"Target": "Parameter", "Id": "ParamArmR7", "Segments": [0, -4, 0, 2.317, -4]}, {"Target": "Parameter", "Id": "ParamArmR9", "Segments": [0, 0.7, 0, 2.317, 0.7]}, {"Target": "Parameter", "Id": "ParamHandRA", "Segments": [0, 0, 0, 2.317, 0]}, {"Target": "Parameter", "Id": "ParamHandRB", "Segments": [0, 0, 0, 2.317, 0]}, {"Target": "Parameter", "Id": "ParamHandRC", "Segments": [0, 0, 0, 2.317, 0]}, {"Target": "Parameter", "Id": "ParamHandRD", "Segments": [0, 0, 0, 2.317, 0]}, {"Target": "Parameter", "Id": "ParamHandRE", "Segments": [0, 1, 0, 2.317, 1]}, {"Target": "Parameter", "Id": "ParamHandRF", "Segments": [0, 0, 0, 2.317, 0]}, {"Target": "Parameter", "Id": "ParamHandRG", "Segments": [0, 0, 0, 2.317, 0]}, {"Target": "Parameter", "Id": "ParamHandRH", "Segments": [0, 0, 0, 2.317, 0]}, {"Target": "Parameter", "Id": "ParamHandRI", "Segments": [0, 0, 0, 2.317, 0]}, {"Target": "Parameter", "Id": "ParamHandRJ", "Segments": [0, 0, 0, 2.317, 0]}, {"Target": "Parameter", "Id": "ParamHandRK", "Segments": [0, 0, 0, 2.317, 0]}, {"Target": "Parameter", "Id": "ParamArmL4", "Segments": [0, 0, 0, 2.317, 0]}, {"Target": "Parameter", "Id": "ParamArmL5", "Segments": [0, 0, 0, 2.317, 0]}, {"Target": "Parameter", "Id": "ParamArmL6", "Segments": [0, 0, 0, 2.317, 0]}, {"Target": "Parameter", "Id": "ParamArmL7", "Segments": [0, 0, 0, 2.317, 0]}, {"Target": "Parameter", "Id": "ParamArmL9", "Segments": [0, -0.8, 0, 2.317, -0.8]}, {"Target": "Parameter", "Id": "ParamHandLA", "Segments": [0, 1, 0, 2.317, 1]}, {"Target": "Parameter", "Id": "ParamHandLB", "Segments": [0, 0, 0, 2.317, 0]}, {"Target": "Parameter", "Id": "ParamHandLC", "Segments": [0, 0, 0, 2.317, 0]}, {"Target": "Parameter", "Id": "ParamHandLD", "Segments": [0, 0, 0, 2.317, 0]}, {"Target": "Parameter", "Id": "ParamHandLE", "Segments": [0, 0, 0, 2.317, 0]}, {"Target": "Parameter", "Id": "ParamHandLF", "Segments": [0, 0, 0, 2.317, 0]}, {"Target": "Parameter", "Id": "ParamHandLG", "Segments": [0, 0, 0, 2.317, 0]}, {"Target": "Parameter", "Id": "ParamHandLH", "Segments": [0, 0, 0, 2.317, 0]}, {"Target": "Parameter", "Id": "ParamHandLI", "Segments": [0, 0, 0, 2.317, 0]}, {"Target": "Parameter", "Id": "ParamHandLJ", "Segments": [0, 0, 0, 2.317, 0]}, {"Target": "Parameter", "Id": "ParamHandLK", "Segments": [0, 0, 0, 2.317, 0]}], "UserData": [{"Time": 0.183, "Value": "eyeblink,0.2,0.79,0.24"}]}