{"Version": 3, "Meta": {"Duration": 2.75, "Fps": 60.0, "Loop": true, "AreBeziersRestricted": true, "CurveCount": 61, "UserDataCount": 1, "TotalSegmentCount": 182, "TotalPointCount": 182, "TotalUserDataSize": 23}, "Curves": [{"Target": "Parameter", "Id": "ParamPositionY", "Segments": [0, 0, 0, 0.4, 1, 0, 0.9, -1, 0, 1.367, 0, 2, 2.75, 0]}, {"Target": "Parameter", "Id": "ParamAngleX", "Segments": [0, 0, 0, 0.633, -5, 0, 1.3, 0, 2, 2.75, 0]}, {"Target": "Parameter", "Id": "ParamAngleY", "Segments": [0, 0, 0, 0.4, 14, 0, 1.067, -21, 0, 1.633, -9, 2, 2.75, -9]}, {"Target": "Parameter", "Id": "ParamAngleZ", "Segments": [0, 0, 0, 0.533, -3, 0, 1.267, 3, 2, 2.75, 3]}, {"Target": "Parameter", "Id": "ParamEyeROpen", "Segments": [0, 1, 0, 0.567, 1, 0, 0.767, 0, 2, 1.133, 0, 0, 1.333, 1, 2, 2.75, 1]}, {"Target": "Parameter", "Id": "ParamEyeLOpen", "Segments": [0, 1, 0, 0.567, 1, 0, 0.767, 0, 2, 1.133, 0, 0, 1.333, 1, 2, 2.75, 1]}, {"Target": "Parameter", "Id": "ParamEyeballX", "Segments": [0, 0, 0, 0.367, 0.2, 0, 0.867, -0.2, 0, 1.4, 0, 2, 2.75, 0]}, {"Target": "Parameter", "Id": "ParamBodyAngleX", "Segments": [0, 0, 0, 0.5, -2, 0, 1.067, 3, 2, 2.75, 3]}, {"Target": "Parameter", "Id": "ParamBodyAngleY", "Segments": [0, 0, 0, 0.6, 2, 0, 1.267, -5, 2, 2.75, -5]}, {"Target": "Parameter", "Id": "ParamBodyAngleZ", "Segments": [0, 2, 0, 0.367, 3, 0, 1, 1, 2, 2.75, 1]}, {"Target": "Parameter", "Id": "ParamUpperBodyZ", "Segments": [0, -1, 0, 0.367, -3, 0, 1, 0, 2, 2.75, 0]}, {"Target": "Parameter", "Id": "ParamUpperBody", "Segments": [0, 0, 0, 0.8, -5, 2, 2.75, -5]}, {"Target": "Parameter", "Id": "ParamBreath", "Segments": [0, 0, 0, 0.567, 0.8, 0, 1.167, 0, 2, 2.75, 0]}, {"Target": "Parameter", "Id": "ParamShoulderR", "Segments": [0, 0, 0, 0.333, 4, 0, 0.833, -1, 2, 2.75, -1]}, {"Target": "Parameter", "Id": "ParamArmR1", "Segments": [0, -38, 0, 0.333, -32, 0, 0.933, -50, 0, 1.433, -46, 2, 2.75, -46]}, {"Target": "Parameter", "Id": "ParamArmR2", "Segments": [0, 39, 0, 0.433, 38, 0, 1, 39, 2, 2.75, 39]}, {"Target": "Parameter", "Id": "ParamArmR3", "Segments": [0, 11, 0, 0.5, 2, 0, 1.033, 18, 2, 2.75, 18]}, {"Target": "Parameter", "Id": "ParamArmR5", "Segments": [0, 7, 0, 0.5, 7, 0, 1.167, 4, 2, 2.75, 4]}, {"Target": "Parameter", "Id": "ParamArmR8", "Segments": [0, 0, 0, 0.483, -1, 0, 1.05, 13, 2, 2.75, 13]}, {"Target": "Parameter", "Id": "ParamFingerR", "Segments": [0, 0, 0, 0.567, 8, 0, 1.25, 0, 2, 2.75, 0]}, {"Target": "Parameter", "Id": "ParamShoulderL", "Segments": [0, 1, 0, 0.367, 4, 0, 0.9, -1, 2, 2.75, -1]}, {"Target": "Parameter", "Id": "ParamArmL1", "Segments": [0, -44, 0, 0.367, -41, 0, 0.867, -44, 2, 2.75, -44]}, {"Target": "Parameter", "Id": "ParamArmL2", "Segments": [0, 5, 0, 0.467, 2, 0, 1, 5, 2, 2.75, 5]}, {"Target": "Parameter", "Id": "ParamArmL3", "Segments": [0, 16, 0, 0.533, -1, 0, 1.167, 17, 2, 2.75, 17]}, {"Target": "Parameter", "Id": "ParamArmL5", "Segments": [0, 0, 0, 0.967, 2, 2, 2.75, 2]}, {"Target": "Parameter", "Id": "ParamArmL8", "Segments": [0, 0, 0, 0.5, -11, 0, 1.117, 10, 2, 2.75, 10]}, {"Target": "Parameter", "Id": "ParamFingerL", "Segments": [0, 0, 0, 0.567, -6, 0, 1.267, 0, 2, 2.75, 0]}, {"Target": "Parameter", "Id": "ParamPositionX", "Segments": [0, 0, 0, 2.75, 0]}, {"Target": "Parameter", "Id": "ParamRotationZ", "Segments": [0, 0, 0, 2.75, 0]}, {"Target": "Parameter", "Id": "ParamLegLZ", "Segments": [0, 0, 0, 2.75, 0]}, {"Target": "Parameter", "Id": "ParamLegRZ", "Segments": [0, 0, 0, 2.75, 0]}, {"Target": "Parameter", "Id": "ParamArmR4", "Segments": [0, 0, 0, 2.75, 0]}, {"Target": "Parameter", "Id": "ParamArmR6", "Segments": [0, 1, 0, 2.75, 1]}, {"Target": "Parameter", "Id": "ParamArmR7", "Segments": [0, 5, 0, 2.75, 5]}, {"Target": "Parameter", "Id": "ParamArmR9", "Segments": [0, 0.7, 0, 2.75, 0.7]}, {"Target": "Parameter", "Id": "ParamHandRA", "Segments": [0, 0, 0, 2.75, 0]}, {"Target": "Parameter", "Id": "ParamHandRB", "Segments": [0, 0, 0, 2.75, 0]}, {"Target": "Parameter", "Id": "ParamHandRC", "Segments": [0, 0, 0, 2.75, 0]}, {"Target": "Parameter", "Id": "ParamHandRD", "Segments": [0, 0, 0, 2.75, 0]}, {"Target": "Parameter", "Id": "ParamHandRE", "Segments": [0, 0, 0, 2.75, 0]}, {"Target": "Parameter", "Id": "ParamHandRF", "Segments": [0, 0, 0, 2.75, 0]}, {"Target": "Parameter", "Id": "ParamHandRG", "Segments": [0, 1, 0, 2.75, 1]}, {"Target": "Parameter", "Id": "ParamHandRH", "Segments": [0, 0, 0, 2.75, 0]}, {"Target": "Parameter", "Id": "ParamHandRI", "Segments": [0, 0, 0, 2.75, 0]}, {"Target": "Parameter", "Id": "ParamHandRJ", "Segments": [0, 0, 0, 2.75, 0]}, {"Target": "Parameter", "Id": "ParamHandRK", "Segments": [0, 0, 0, 2.75, 0]}, {"Target": "Parameter", "Id": "ParamArmL4", "Segments": [0, 0, 0, 2.75, 0]}, {"Target": "Parameter", "Id": "ParamArmL6", "Segments": [0, 1, 0, 2.75, 1]}, {"Target": "Parameter", "Id": "ParamArmL7", "Segments": [0, 5, 0, 2.75, 5]}, {"Target": "Parameter", "Id": "ParamArmL9", "Segments": [0, -0.2, 0, 2.75, -0.2]}, {"Target": "Parameter", "Id": "ParamHandLA", "Segments": [0, 0, 0, 2.75, 0]}, {"Target": "Parameter", "Id": "ParamHandLB", "Segments": [0, 0, 0, 2.75, 0]}, {"Target": "Parameter", "Id": "ParamHandLC", "Segments": [0, 0, 0, 2.75, 0]}, {"Target": "Parameter", "Id": "ParamHandLD", "Segments": [0, 0, 0, 2.75, 0]}, {"Target": "Parameter", "Id": "ParamHandLE", "Segments": [0, 0, 0, 2.75, 0]}, {"Target": "Parameter", "Id": "ParamHandLF", "Segments": [0, 0, 0, 2.75, 0]}, {"Target": "Parameter", "Id": "ParamHandLG", "Segments": [0, 1, 0, 2.75, 1]}, {"Target": "Parameter", "Id": "ParamHandLH", "Segments": [0, 0, 0, 2.75, 0]}, {"Target": "Parameter", "Id": "ParamHandLI", "Segments": [0, 0, 0, 2.75, 0]}, {"Target": "Parameter", "Id": "ParamHandLJ", "Segments": [0, 0, 0, 2.75, 0]}, {"Target": "Parameter", "Id": "ParamHandLK", "Segments": [0, 0, 0, 2.75, 0]}], "UserData": [{"Time": 0.567, "Value": "eyeblink,0.20,0.23,0.20"}]}