{
  "Version": 3,
  "Meta": {
    "Duration": 8.7,
    "Fps": 30.0,
    "Loop": true,
    "AreBeziersRestricted": true,
    "CurveCount": 140,
    "TotalSegmentCount": 921,
    "TotalPointCount": 1549,
    "UserDataCount": 2,
    "TotalUserDataSize": 21
  },
  "Curves": [
    {
      "Target": "Parameter",
      "Id": "ParamAngleX",
      "Segments": [
        0,
        -5.83,
        0,
        0.3,
        0,
        1,
        0.433,
        0,
        0.567,
        -18.135,
        0.7,
        -20.668,
        1,
        0.833,
        -23.201,
        0.967,
        -22.937,
        1.1,
        -22.937,
        0,
        1.467,
        -20,
        2,
        2.767,
        -20,
        0,
        3.4,
        -4.092,
        0,
        3.933,
        -14.625,
        0,
        4.267,
        -11.962,
        2,
        5.067,
        -11.962,
        0,
        5.5,
        -14.625,
        0,
        5.833,
        0,
        0,
        6.367,
        -21,
        2,
        7.8,
        -21,
        1,
        7.967,
        -21,
        8.133,
        -6.647,
        8.3,
        -6.047,
        1,
        8.4,
        -5.686,
        8.5,
        -5.83,
        8.6,
        -5.83,
        2,
        8.7,
        -5.83
      ]
    },
    {
      "Target": "Parameter",
      "Id": "ParamAngleY",
      "Segments": [
        0,
        2.512,
        0,
        0.6,
        -14.012,
        0,
        1.067,
        18.14,
        0,
        1.533,
        7.633,
        0,
        1.867,
        15.046,
        2,
        2.6,
        15.046,
        1,
        2.667,
        15.046,
        2.733,
        19.239,
        2.8,
        20,
        1,
        2.889,
        21.015,
        2.978,
        21,
        3.067,
        21,
        1,
        3.2,
        21,
        3.334,
        14.721,
        3.467,
        9.727,
        1,
        3.656,
        2.651,
        3.844,
        1,
        4.033,
        1,
        2,
        5.367,
        1,
        1,
        5.445,
        1,
        5.522,
        -0.236,
        5.6,
        -2,
        1,
        5.667,
        -3.512,
        5.733,
        -4,
        5.8,
        -4,
        1,
        5.867,
        -4,
        5.933,
        -0.89,
        6,
        5,
        1,
        6.122,
        15.799,
        6.245,
        21.038,
        6.367,
        21.038,
        1,
        6.556,
        21.038,
        6.744,
        16.215,
        6.933,
        7.633,
        1,
        7.111,
        -0.445,
        7.289,
        -4,
        7.467,
        -4,
        2,
        7.767,
        -4,
        0,
        8.2,
        5,
        0,
        8.567,
        2.512,
        2,
        8.7,
        2.512
      ]
    },
    {
      "Target": "Parameter",
      "Id": "ParamAngleZ",
      "Segments": [
        0,
        0,
        0,
        0.733,
        3,
        0,
        1.267,
        -3.958,
        1,
        1.345,
        -3.958,
        1.422,
        -3.867,
        1.5,
        -1.649,
        1,
        1.6,
        1.202,
        1.7,
        5.277,
        1.8,
        5.277,
        1,
        1.922,
        5.277,
        2.045,
        3.588,
        2.167,
        1.539,
        1,
        2.245,
        0.235,
        2.322,
        0,
        2.4,
        0,
        0,
        2.867,
        3,
        0,
        3.4,
        0,
        0,
        3.967,
        8,
        2,
        5.833,
        8,
        0,
        6.467,
        -1.649,
        0,
        7.167,
        14.842,
        2,
        7.467,
        14.842,
        1,
        7.6,
        14.842,
        7.734,
        12.442,
        7.867,
        9.18,
        1,
        8.134,
        2.655,
        8.4,
        0,
        8.667,
        0,
        2,
        8.7,
        0
      ]
    },
    {
      "Target": "Parameter",
      "Id": "ParamBrowRY",
      "Segments": [
        0,
        0,
        2,
        0.5,
        0,
        0,
        1.1,
        0.258,
        0,
        1.667,
        0,
        2,
        8.7,
        0
      ]
    },
    {
      "Target": "Parameter",
      "Id": "ParamBrowRForm",
      "Segments": [
        0,
        0,
        2,
        0.5,
        0,
        0,
        1.1,
        0.498,
        0,
        1.667,
        0,
        2,
        8.7,
        0
      ]
    },
    {
      "Target": "Parameter",
      "Id": "ParamBrowLY",
      "Segments": [
        0,
        0,
        2,
        0.5,
        0,
        0,
        1.1,
        0.46,
        0,
        1.667,
        0,
        2,
        8.7,
        0
      ]
    },
    {
      "Target": "Parameter",
      "Id": "ParamBrowLForm",
      "Segments": [
        0,
        0,
        2,
        0.5,
        0,
        0,
        1.1,
        0.33,
        0,
        1.667,
        0,
        2,
        8.7,
        0
      ]
    },
    {
      "Target": "Parameter",
      "Id": "ParamEyeROpen",
      "Segments": [
        0,
        1,
        2,
        0.467,
        1,
        2,
        3.033,
        1,
        0,
        3.567,
        0.9,
        2,
        5.967,
        0.9,
        0,
        6.6,
        1,
        0,
        6.8,
        0,
        2,
        7.533,
        0,
        0,
        7.8,
        1,
        2,
        8.333,
        1,
        2,
        8.7,
        1
      ]
    },
    {
      "Target": "Parameter",
      "Id": "ParamEyeRSmile",
      "Segments": [
        0,
        0,
        2,
        6.5,
        0,
        0,
        6.8,
        1,
        2,
        7.767,
        1,
        0,
        7.967,
        0,
        2,
        8.7,
        0
      ]
    },
    {
      "Target": "Parameter",
      "Id": "ParamEyeLOpen",
      "Segments": [
        0,
        1,
        2,
        0.467,
        1,
        2,
        3.033,
        1,
        0,
        3.567,
        0.9,
        2,
        5.967,
        0.9,
        0,
        6.6,
        1,
        0,
        6.8,
        0,
        2,
        7.533,
        0,
        0,
        7.8,
        1,
        2,
        8.7,
        1
      ]
    },
    {
      "Target": "Parameter",
      "Id": "ParamEyeLSmile",
      "Segments": [
        0,
        0,
        2,
        6.5,
        0,
        0,
        6.8,
        1,
        2,
        7.767,
        1,
        0,
        7.967,
        0,
        2,
        8.7,
        0
      ]
    },
    {
      "Target": "Parameter",
      "Id": "ParamEyeBallX",
      "Segments": [
        0,
        0,
        2,
        2.567,
        0,
        0,
        3.667,
        -0.162,
        2,
        5.633,
        -0.162,
        0,
        6.067,
        0,
        2,
        8.333,
        0,
        2,
        8.7,
        0
      ]
    },
    {
      "Target": "Parameter",
      "Id": "ParamMouthOpenY",
      "Segments": [
        0,
        0.5,
        2,
        0.333,
        0.5,
        1,
        0.378,
        0.5,
        0.422,
        0.564,
        0.467,
        0.624,
        1,
        0.534,
        0.713,
        0.6,
        0.737,
        0.667,
        0.737,
        0,
        0.733,
        0.624,
        0,
        0.8,
        0.643,
        0,
        0.867,
        0.129,
        0,
        0.933,
        0.749,
        0,
        1.067,
        0.322,
        0,
        1.133,
        0.78,
        0,
        1.333,
        0.082,
        0,
        1.4,
        0.635,
        0,
        1.533,
        0.11,
        0,
        1.6,
        0.69,
        0,
        1.867,
        0,
        2,
        2.933,
        0,
        0,
        3,
        0.475,
        0,
        3.067,
        0.078,
        0,
        3.267,
        0.686,
        0,
        3.333,
        0.012,
        0,
        3.4,
        0.729,
        0,
        3.6,
        0.345,
        0,
        3.667,
        0.533,
        0,
        3.733,
        0.125,
        0,
        3.867,
        0.537,
        0,
        3.933,
        0.498,
        0,
        4,
        0.514,
        0,
        4.067,
        0.431,
        0,
        4.133,
        0.631,
        0,
        4.333,
        0,
        2,
        4.533,
        0,
        0,
        4.733,
        0.639,
        0,
        4.8,
        0.196,
        0,
        4.867,
        0.341,
        0,
        4.933,
        0.251,
        0,
        5.267,
        0.58,
        0,
        5.333,
        0.455,
        0,
        5.467,
        0.588,
        0,
        5.533,
        0.09,
        0,
        5.667,
        0.749,
        0,
        5.8,
        0,
        2,
        6.067,
        0,
        0,
        6.2,
        0.612,
        0,
        6.333,
        0,
        0,
        6.4,
        0.71,
        0,
        6.467,
        0.404,
        0,
        6.667,
        0.675,
        0,
        6.733,
        0.525,
        0,
        6.867,
        0.722,
        0,
        7,
        0.549,
        0,
        7.067,
        0.576,
        0,
        7.333,
        0,
        2,
        7.6,
        0,
        0,
        7.9,
        0.5,
        2,
        8.7,
        0.5
      ]
    },
    {
      "Target": "Parameter",
      "Id": "Param126",
      "Segments": [
        0,
        0,
        0,
        0.467,
        1,
        2,
        0.6,
        1,
        0,
        0.8,
        0,
        2,
        2.367,
        0,
        0,
        2.967,
        1,
        2,
        6.767,
        1,
        0,
        6.967,
        0,
        2,
        7.9,
        0,
        2,
        8.7,
        0
      ]
    },
    {
      "Target": "Parameter",
      "Id": "ParamBodyAngleX",
      "Segments": [
        0,
        -0.839,
        0,
        0.7,
        -4.57,
        0,
        1.9,
        3.52,
        0,
        2.567,
        1.066,
        2,
        2.833,
        1.066,
        0,
        3.167,
        3.824,
        0,
        3.833,
        -0.839,
        0,
        4.433,
        0,
        0,
        4.933,
        -0.839,
        0,
        5.6,
        0,
        0,
        5.967,
        -1,
        0,
        6.4,
        0.583,
        0,
        7.067,
        -4.964,
        1,
        7.267,
        -4.964,
        7.467,
        -4.303,
        7.667,
        -3,
        1,
        7.889,
        -1.553,
        8.111,
        -0.839,
        8.333,
        -0.839,
        2,
        8.7,
        -0.839
      ]
    },
    {
      "Target": "Parameter",
      "Id": "ParamBodyAngleY",
      "Segments": [
        0,
        -0.015,
        0,
        0.4,
        -3.694,
        0,
        1,
        5.167,
        0,
        1.667,
        1.95,
        1,
        1.778,
        1.95,
        1.889,
        2.328,
        2,
        2.476,
        1,
        2.211,
        2.758,
        2.422,
        2.796,
        2.633,
        3.123,
        1,
        2.766,
        3.33,
        2.9,
        4.888,
        3.033,
        4.888,
        1,
        3.166,
        4.888,
        3.3,
        4.592,
        3.433,
        2.735,
        1,
        3.566,
        0.879,
        3.7,
        -1.266,
        3.833,
        -1.266,
        0,
        4.533,
        -0.015,
        2,
        5.533,
        -0.015,
        0,
        6.367,
        5.137,
        1,
        6.578,
        5.137,
        6.789,
        4.624,
        7,
        3.323,
        1,
        7.089,
        2.776,
        7.178,
        1.664,
        7.267,
        1.32,
        1,
        7.534,
        0.287,
        7.8,
        -0.015,
        8.067,
        -0.015,
        2,
        8.7,
        -0.015
      ]
    },
    {
      "Target": "Parameter",
      "Id": "ParamBodyAngleY2",
      "Segments": [
        0,
        0,
        0,
        0.4,
        -2.19,
        0,
        1,
        5.167,
        0,
        1.667,
        1.95,
        1,
        1.778,
        1.95,
        1.889,
        2.328,
        2,
        2.476,
        1,
        2.211,
        2.758,
        2.422,
        2.796,
        2.633,
        3.123,
        1,
        2.766,
        3.33,
        2.9,
        4.888,
        3.033,
        4.888,
        1,
        3.166,
        4.888,
        3.3,
        4.592,
        3.433,
        2.735,
        1,
        3.566,
        0.879,
        3.7,
        -1.266,
        3.833,
        -1.266,
        0,
        4.533,
        -0.015,
        2,
        5.533,
        -0.015,
        0,
        6.367,
        5.137,
        1,
        6.578,
        5.137,
        6.789,
        4.624,
        7,
        3.323,
        1,
        7.089,
        2.776,
        7.178,
        1.664,
        7.267,
        1.32,
        1,
        7.534,
        0.287,
        7.8,
        -0.015,
        8.067,
        -0.015,
        1,
        8.278,
        -0.015,
        8.489,
        -0.035,
        8.7,
        0
      ]
    },
    {
      "Target": "Parameter",
      "Id": "Param54",
      "Segments": [
        0,
        1,
        2,
        0.2,
        1,
        0,
        0.4,
        0,
        2,
        7.7,
        0,
        0,
        8.033,
        1,
        2,
        8.667,
        1,
        2,
        8.7,
        1
      ]
    },
    {
      "Target": "Parameter",
      "Id": "Param55",
      "Segments": [
        0,
        0,
        2,
        0.2,
        0,
        0,
        0.4,
        1,
        2,
        2.7,
        1,
        0,
        3.067,
        0,
        2,
        8.7,
        0
      ]
    },
    {
      "Target": "Parameter",
      "Id": "Param112",
      "Segments": [
        0,
        1.659,
        0,
        0.233,
        -2.061,
        0,
        1,
        8.604,
        0,
        1.8,
        -5.443,
        0,
        2.4,
        -2.061,
        2,
        2.6,
        -2.061,
        0,
        2.833,
        0.983,
        1,
        3.033,
        0.983,
        3.233,
        -4.923,
        3.433,
        -9.218,
        1,
        3.8,
        -17.094,
        4.166,
        -19.161,
        4.533,
        -19.161,
        2,
        5,
        -19.161,
        2,
        7.6,
        -19.161,
        0,
        8.467,
        1.659,
        2,
        8.7,
        1.659
      ]
    },
    {
      "Target": "Parameter",
      "Id": "Param113",
      "Segments": [
        0,
        -0.326,
        1,
        0.111,
        -0.326,
        0.222,
        -0.314,
        0.333,
        2.09,
        1,
        0.478,
        5.215,
        0.622,
        10.127,
        0.767,
        10.127,
        1,
        0.945,
        10.127,
        1.122,
        7.92,
        1.3,
        5.443,
        1,
        1.467,
        3.121,
        1.633,
        2.578,
        1.8,
        2.578,
        1,
        2.011,
        2.578,
        2.222,
        3.671,
        2.433,
        5.846,
        1,
        2.511,
        6.647,
        2.589,
        7.115,
        2.667,
        8.24,
        1,
        2.789,
        10.007,
        2.911,
        11.876,
        3.033,
        11.876,
        0,
        3.5,
        10.817,
        0,
        3.933,
        11.876,
        0,
        4.233,
        11.7,
        2,
        5,
        11.7,
        2,
        6.733,
        11.7,
        2,
        7.8,
        11.7,
        0,
        8.433,
        -1.707,
        1,
        8.522,
        -1.707,
        8.611,
        -0.589,
        8.7,
        -0.326
      ]
    },
    {
      "Target": "Parameter",
      "Id": "Param114",
      "Segments": [
        0,
        -1.927,
        1,
        0.156,
        -1.927,
        0.311,
        -2.456,
        0.467,
        -0.385,
        1,
        0.722,
        3.017,
        0.978,
        15.957,
        1.233,
        15.957,
        0,
        2.033,
        6.905,
        0,
        2.433,
        11.77,
        0,
        3.933,
        6.43,
        2,
        7.833,
        6.43,
        0,
        8.3,
        12.981,
        0,
        8.7,
        -1.927
      ]
    },
    {
      "Target": "Parameter",
      "Id": "Param155",
      "Segments": [
        0,
        -15,
        0,
        1.333,
        -0.25,
        0,
        2.367,
        -22.722,
        1,
        2.667,
        -22.722,
        2.967,
        -17.418,
        3.267,
        -5.188,
        1,
        3.5,
        4.325,
        3.734,
        10,
        3.967,
        10,
        0,
        5,
        9,
        2,
        7.667,
        9,
        0,
        8.7,
        -15
      ]
    },
    {
      "Target": "Parameter",
      "Id": "Param77",
      "Segments": [
        0,
        0,
        0,
        0.567,
        6,
        0,
        2.667,
        0,
        1,
        2.745,
        0,
        2.822,
        15.557,
        2.9,
        16.961,
        1,
        3.433,
        26.585,
        3.967,
        30,
        4.5,
        30,
        2,
        6.533,
        30,
        1,
        6.822,
        30,
        7.111,
        25.538,
        7.4,
        25.275,
        1,
        7.5,
        25.184,
        7.6,
        25.246,
        7.7,
        25.2,
        1,
        7.789,
        25.159,
        7.878,
        24.352,
        7.967,
        22,
        1,
        8.178,
        16.415,
        8.389,
        0,
        8.6,
        0,
        2,
        8.7,
        0
      ]
    },
    {
      "Target": "Parameter",
      "Id": "Param3",
      "Segments": [
        0,
        -1.042,
        0,
        0.2,
        14.886,
        0,
        0.433,
        -1.042,
        2,
        0.7,
        -1.042,
        2,
        8.7,
        -1.042
      ]
    },
    {
      "Target": "Parameter",
      "Id": "Param30",
      "Segments": [
        0,
        30,
        0,
        0.1,
        0,
        0,
        0.233,
        30,
        2,
        0.8,
        30,
        2,
        1.633,
        30,
        2,
        8.7,
        30
      ]
    },
    {
      "Target": "Parameter",
      "Id": "Param29",
      "Segments": [
        0,
        0,
        2,
        0.233,
        0,
        0,
        0.8,
        -30,
        2,
        1.633,
        -30,
        1,
        1.778,
        -30,
        1.922,
        -12.219,
        2.067,
        0,
        1,
        2.189,
        10.339,
        2.311,
        11,
        2.433,
        11,
        0,
        8.7,
        0
      ]
    },
    {
      "Target": "Parameter",
      "Id": "Param28",
      "Segments": [
        0,
        0,
        0,
        0.233,
        60,
        0,
        0.8,
        8.1,
        2,
        2.067,
        8.1,
        0,
        2.433,
        30,
        0,
        8.7,
        0
      ]
    },
    {
      "Target": "Parameter",
      "Id": "Param27",
      "Segments": [
        0,
        0,
        0,
        0.233,
        60,
        0,
        0.8,
        -30,
        2,
        1.633,
        -30,
        1,
        1.778,
        -30,
        1.922,
        -21.502,
        2.067,
        0,
        1,
        2.189,
        18.194,
        2.311,
        30,
        2.433,
        30,
        0,
        8.7,
        0
      ]
    },
    {
      "Target": "Parameter",
      "Id": "Param25",
      "Segments": [
        0,
        0,
        0,
        0.233,
        30,
        0,
        0.8,
        -119,
        2,
        1.633,
        -119,
        1,
        1.778,
        -119,
        1.922,
        -97.424,
        2.067,
        -75,
        1,
        2.189,
        -56.026,
        2.311,
        -31.226,
        2.433,
        -30,
        1,
        4.522,
        -9.05,
        6.611,
        0,
        8.7,
        0
      ]
    },
    {
      "Target": "Parameter",
      "Id": "Param26",
      "Segments": [
        0,
        0,
        0,
        0.233,
        30,
        0,
        0.8,
        -120,
        2,
        1.633,
        -120,
        1,
        1.778,
        -120,
        1.922,
        -97.622,
        2.067,
        -75,
        1,
        2.189,
        -55.858,
        2.311,
        -31.226,
        2.433,
        -30,
        1,
        4.522,
        -9.05,
        6.611,
        0,
        8.7,
        0
      ]
    },
    {
      "Target": "Parameter",
      "Id": "Param4",
      "Segments": [
        0,
        0,
        0,
        0.233,
        30,
        2,
        0.8,
        30,
        2,
        1.633,
        30,
        0,
        8.7,
        0
      ]
    },
    {
      "Target": "Parameter",
      "Id": "Param5",
      "Segments": [
        0,
        0,
        0,
        0.233,
        30,
        2,
        0.8,
        30,
        0,
        8.7,
        0
      ]
    },
    {
      "Target": "Parameter",
      "Id": "Param118",
      "Segments": [
        0,
        0,
        2,
        0.367,
        0,
        0,
        0.667,
        1.08,
        0,
        1.4,
        -1.74,
        0,
        2.367,
        5.34,
        2,
        3.167,
        5.34,
        0,
        4.1,
        11.22,
        2,
        4.4,
        11.22,
        0,
        4.7,
        10.44,
        0,
        5.3,
        12.66,
        1,
        5.444,
        12.66,
        5.589,
        12.869,
        5.733,
        12.06,
        1,
        6.011,
        10.505,
        6.289,
        6.976,
        6.567,
        6.976,
        0,
        7.533,
        9.6,
        1,
        7.844,
        9.6,
        8.156,
        8.194,
        8.467,
        4.456,
        1,
        8.545,
        3.521,
        8.622,
        0.437,
        8.7,
        0
      ]
    },
    {
      "Target": "Parameter",
      "Id": "Param123",
      "Segments": [
        0,
        0,
        0,
        0.6,
        -5.625,
        0,
        1.567,
        12.455,
        2,
        1.733,
        12.455,
        2,
        2.867,
        12.455,
        1,
        3.022,
        12.455,
        3.178,
        11.411,
        3.333,
        6.455,
        1,
        3.611,
        -2.396,
        3.889,
        -9,
        4.167,
        -9,
        0,
        5,
        -3,
        2,
        5.233,
        -3,
        0,
        5.433,
        0,
        2,
        6.133,
        0,
        0,
        6.633,
        6,
        0,
        7.233,
        -8,
        2,
        7.733,
        -8,
        1,
        8.055,
        -8,
        8.378,
        -4.381,
        8.7,
        0
      ]
    },
    {
      "Target": "Parameter",
      "Id": "Param109",
      "Segments": [
        0,
        -5.394,
        0,
        1.133,
        -5.549,
        0,
        2.633,
        4.309,
        0,
        3.1,
        2.762,
        0,
        3.667,
        5.914,
        0,
        4.933,
        -4.508,
        0,
        7.033,
        2.014,
        1,
        7.3,
        2.014,
        7.566,
        -4.575,
        7.833,
        -4.873,
        1,
        8.122,
        -5.196,
        8.411,
        -5.208,
        8.7,
        -5.394
      ]
    },
    {
      "Target": "Parameter",
      "Id": "Param110",
      "Segments": [
        0,
        0.752,
        0,
        0.8,
        -22.971,
        0,
        1.367,
        19.32,
        0,
        2.333,
        -14.802,
        0,
        3.367,
        10.229,
        0,
        4.367,
        -18.925,
        0,
        5.133,
        -0.846,
        0,
        5.733,
        -8.67,
        0,
        7,
        14.485,
        0,
        8,
        -6.555,
        0,
        8.7,
        0.752
      ]
    },
    {
      "Target": "Parameter",
      "Id": "Param127",
      "Segments": [
        0,
        -2.864,
        0,
        1.367,
        -5.549,
        0,
        2.867,
        4.309,
        0,
        3.333,
        2.762,
        0,
        3.9,
        5.914,
        0,
        5.167,
        -4.508,
        0,
        7.267,
        2.014,
        0,
        8.067,
        -4.873,
        0,
        8.7,
        -2.864
      ]
    },
    {
      "Target": "Parameter",
      "Id": "Param128",
      "Segments": [
        0,
        9.49,
        0,
        1,
        -22.971,
        0,
        1.567,
        19.32,
        0,
        2.533,
        -14.802,
        0,
        3.567,
        10.229,
        0,
        4.567,
        -18.925,
        0,
        5.333,
        -0.846,
        0,
        5.933,
        -8.67,
        0,
        7.2,
        14.485,
        0,
        8.2,
        -6.555,
        0,
        8.7,
        9.49
      ]
    },
    {
      "Target": "Parameter",
      "Id": "Param9",
      "Segments": [
        0,
        -8.997,
        0,
        0.1,
        -10.236,
        0,
        0.7,
        9.209,
        0,
        1.6,
        -15.031,
        0,
        3.167,
        9.913,
        0,
        6.167,
        -9.164,
        0,
        6.9,
        12.279,
        1,
        7.5,
        12.279,
        8.1,
        1.503,
        8.7,
        -8.997
      ]
    },
    {
      "Target": "Parameter",
      "Id": "Param10",
      "Segments": [
        0,
        0.68,
        1,
        0.033,
        0.68,
        0.067,
        0.527,
        0.1,
        -1.022,
        1,
        0.133,
        -2.571,
        0.167,
        -5,
        0.2,
        -5,
        0,
        0.767,
        17.443,
        0,
        1.933,
        -16.931,
        1,
        2.233,
        -16.931,
        2.533,
        -8.579,
        2.833,
        -1.743,
        1,
        3.322,
        9.399,
        3.811,
        12.333,
        4.3,
        12.333,
        0,
        6.567,
        -16.047,
        0,
        7.5,
        17.929,
        1,
        7.9,
        17.929,
        8.3,
        10.412,
        8.7,
        0.68
      ]
    },
    {
      "Target": "Parameter",
      "Id": "Param19",
      "Segments": [
        0,
        -8.71,
        0,
        0.1,
        -10.236,
        0,
        0.7,
        9.209,
        0,
        1.6,
        -15.031,
        0,
        3.167,
        9.913,
        0,
        5.133,
        -15.031,
        1,
        5.478,
        -15.031,
        5.822,
        -13.685,
        6.167,
        -9.164,
        1,
        6.245,
        -8.143,
        6.322,
        2.378,
        6.4,
        4,
        1,
        6.567,
        7.476,
        6.733,
        7.979,
        6.9,
        12.279,
        1,
        7.089,
        17.153,
        7.278,
        29.423,
        7.467,
        29.423,
        1,
        7.878,
        29.423,
        8.289,
        1.457,
        8.7,
        -8.71
      ]
    },
    {
      "Target": "Parameter",
      "Id": "Param20",
      "Segments": [
        0,
        1.675,
        1,
        0.033,
        1.675,
        0.067,
        1.108,
        0.1,
        -1.022,
        1,
        0.133,
        -3.153,
        0.167,
        -5,
        0.2,
        -5,
        0,
        0.767,
        17.443,
        0,
        1.933,
        -16.931,
        1,
        2.233,
        -16.931,
        2.533,
        -8.579,
        2.833,
        -1.743,
        1,
        3.322,
        9.399,
        3.811,
        12.333,
        4.3,
        12.333,
        1,
        4.589,
        12.333,
        4.878,
        -1.216,
        5.167,
        -4,
        1,
        5.578,
        -7.962,
        5.989,
        -8,
        6.4,
        -8,
        1,
        6.511,
        -8,
        6.622,
        -1.549,
        6.733,
        4.516,
        1,
        6.989,
        18.464,
        7.244,
        23.344,
        7.5,
        23.344,
        2,
        7.9,
        23.344,
        1,
        8.167,
        23.344,
        8.433,
        9.227,
        8.7,
        1.675
      ]
    },
    {
      "Target": "Parameter",
      "Id": "Param21",
      "Segments": [
        0,
        -7.474,
        0,
        0.1,
        -10.236,
        0,
        0.7,
        9.209,
        0,
        1.6,
        -5.504,
        0,
        3.167,
        9.913,
        0,
        6.167,
        -9.164,
        0,
        6.9,
        12.279,
        1,
        7.5,
        12.279,
        8.1,
        3.584,
        8.7,
        -7.474
      ]
    },
    {
      "Target": "Parameter",
      "Id": "Param22",
      "Segments": [
        0,
        4.052,
        1,
        0.033,
        4.052,
        0.067,
        1.945,
        0.1,
        -1.022,
        1,
        0.133,
        -3.989,
        0.167,
        -5,
        0.2,
        -5,
        0,
        0.767,
        17.443,
        0,
        1.933,
        -7.404,
        1,
        2.233,
        -7.404,
        2.533,
        -6.527,
        2.833,
        -1.743,
        1,
        3.322,
        6.055,
        3.811,
        12.333,
        4.3,
        12.333,
        0,
        6.567,
        -16.047,
        0,
        7.5,
        17.929,
        1,
        7.9,
        17.929,
        8.3,
        13.097,
        8.7,
        4.052
      ]
    },
    {
      "Target": "Parameter",
      "Id": "Param40",
      "Segments": [
        0,
        -6.436,
        0,
        0.1,
        -10.236,
        0,
        0.7,
        9.209,
        0,
        1.6,
        -15.031,
        0,
        3.167,
        9.913,
        0,
        6.167,
        -9.164,
        0,
        6.9,
        12.279,
        1,
        7.5,
        12.279,
        8.1,
        4.601,
        8.7,
        -6.436
      ]
    },
    {
      "Target": "Parameter",
      "Id": "Param41",
      "Segments": [
        0,
        5.347,
        1,
        0.033,
        5.347,
        0.067,
        2.219,
        0.1,
        -1.022,
        1,
        0.133,
        -4.264,
        0.167,
        -5,
        0.2,
        -5,
        0,
        0.767,
        17.443,
        0,
        1.933,
        -16.931,
        1,
        2.233,
        -16.931,
        2.533,
        -8.579,
        2.833,
        -1.743,
        1,
        3.322,
        9.399,
        3.811,
        12.333,
        4.3,
        12.333,
        0,
        6.567,
        -16.047,
        0,
        7.5,
        17.929,
        1,
        7.9,
        17.929,
        8.3,
        14.014,
        8.7,
        5.347
      ]
    },
    {
      "Target": "Parameter",
      "Id": "Param42",
      "Segments": [
        0,
        -14.087,
        1,
        0.033,
        -14.087,
        0.067,
        -12.445,
        0.1,
        -10.236,
        1,
        0.3,
        3.021,
        0.5,
        9.209,
        0.7,
        9.209,
        0,
        1.6,
        -15.031,
        0,
        3.167,
        9.913,
        0,
        6.167,
        -9.164,
        0,
        6.9,
        12.279,
        1,
        7.5,
        12.279,
        8.1,
        -0.265,
        8.7,
        -14.087
      ]
    },
    {
      "Target": "Parameter",
      "Id": "Param43",
      "Segments": [
        0,
        1.185,
        1,
        0.033,
        1.185,
        0.067,
        0.846,
        0.1,
        -1.022,
        1,
        0.133,
        -2.89,
        0.167,
        -5,
        0.2,
        -5,
        0,
        0.767,
        17.443,
        0,
        1.933,
        -16.931,
        1,
        2.233,
        -16.931,
        2.533,
        -8.579,
        2.833,
        -1.743,
        1,
        3.322,
        9.399,
        3.811,
        12.333,
        4.3,
        12.333,
        0,
        6.567,
        -16.047,
        0,
        7.5,
        17.929,
        1,
        7.9,
        17.929,
        8.3,
        12.998,
        8.7,
        1.185
      ]
    },
    {
      "Target": "Parameter",
      "Id": "Param44",
      "Segments": [
        0,
        -8.997,
        0,
        0.1,
        -10.236,
        0,
        0.7,
        9.209,
        0,
        1.6,
        -15.031,
        0,
        3.167,
        9.913,
        0,
        6.167,
        -9.164,
        0,
        6.9,
        12.279,
        1,
        7.5,
        12.279,
        8.1,
        1.503,
        8.7,
        -8.997
      ]
    },
    {
      "Target": "Parameter",
      "Id": "Param45",
      "Segments": [
        0,
        0.68,
        1,
        0.033,
        0.68,
        0.067,
        0.161,
        0.1,
        -1.022,
        1,
        0.167,
        -3.388,
        0.233,
        -4.648,
        0.3,
        -4.648,
        0,
        0.767,
        17.443,
        0,
        1.933,
        -16.931,
        1,
        2.233,
        -16.931,
        2.533,
        -8.579,
        2.833,
        -1.743,
        1,
        3.322,
        9.399,
        3.811,
        12.333,
        4.3,
        12.333,
        0,
        6.567,
        -16.047,
        0,
        7.5,
        17.929,
        1,
        7.9,
        17.929,
        8.3,
        10.412,
        8.7,
        0.68
      ]
    },
    {
      "Target": "Parameter",
      "Id": "Param23",
      "Segments": [
        0,
        -6.436,
        0,
        0.1,
        -10.236,
        0,
        0.7,
        9.209,
        0,
        1.6,
        -15.031,
        0,
        3.167,
        9.913,
        0,
        6.167,
        -9.164,
        0,
        6.9,
        12.279,
        1,
        7.5,
        12.279,
        8.1,
        4.601,
        8.7,
        -6.436
      ]
    },
    {
      "Target": "Parameter",
      "Id": "Param24",
      "Segments": [
        0,
        5.347,
        1,
        0.033,
        5.347,
        0.067,
        2.219,
        0.1,
        -1.022,
        1,
        0.133,
        -4.264,
        0.167,
        -5,
        0.2,
        -5,
        0,
        0.767,
        17.443,
        0,
        1.933,
        -16.931,
        1,
        2.233,
        -16.931,
        2.533,
        -8.579,
        2.833,
        -1.743,
        1,
        3.322,
        9.399,
        3.811,
        12.333,
        4.3,
        12.333,
        0,
        6.567,
        -16.047,
        0,
        7.5,
        17.929,
        1,
        7.9,
        17.929,
        8.3,
        14.014,
        8.7,
        5.347
      ]
    },
    {
      "Target": "Parameter",
      "Id": "Param35",
      "Segments": [
        0,
        -10.489,
        0,
        0.1,
        -10.683,
        0,
        1.3,
        9.598,
        1,
        1.778,
        9.598,
        2.255,
        -5.634,
        2.733,
        -10.489,
        1,
        2.8,
        -11.167,
        2.866,
        -10.683,
        2.933,
        -10.683,
        0,
        4.433,
        9.598,
        1,
        5.033,
        9.598,
        5.633,
        -5.127,
        6.233,
        -10.489,
        1,
        6.311,
        -11.184,
        6.389,
        -10.683,
        6.467,
        -10.683,
        0,
        7.9,
        9.686,
        1,
        8.167,
        9.686,
        8.433,
        -5.241,
        8.7,
        -10.489
      ]
    },
    {
      "Target": "Parameter",
      "Id": "Param36",
      "Segments": [
        0,
        0.752,
        0,
        0.667,
        -9.873,
        0,
        1.867,
        10.229,
        1,
        2.156,
        10.229,
        2.444,
        6.522,
        2.733,
        0.752,
        1,
        3.111,
        -6.794,
        3.489,
        -9.873,
        3.867,
        -9.873,
        0,
        5.167,
        10.229,
        1,
        5.522,
        10.229,
        5.878,
        8.068,
        6.233,
        0.752,
        1,
        6.5,
        -4.735,
        6.766,
        -9.785,
        7.033,
        -9.785,
        0,
        8.7,
        0.752
      ]
    },
    {
      "Target": "Parameter",
      "Id": "Param105",
      "Segments": [
        0,
        -17.149,
        0,
        0.1,
        -17.469,
        0,
        1.3,
        15.948,
        1,
        1.778,
        15.948,
        2.255,
        -9.475,
        2.733,
        -17.149,
        1,
        2.8,
        -18.22,
        2.866,
        -17.469,
        2.933,
        -17.469,
        0,
        4.433,
        15.948,
        1,
        5.033,
        15.948,
        5.633,
        -8.608,
        6.233,
        -17.149,
        1,
        6.311,
        -18.256,
        6.389,
        -17.469,
        6.467,
        -17.469,
        0,
        7.9,
        16.037,
        1,
        8.167,
        16.037,
        8.433,
        -8.963,
        8.7,
        -17.149
      ]
    },
    {
      "Target": "Parameter",
      "Id": "Param106",
      "Segments": [
        0,
        1.373,
        0,
        0.667,
        -16.134,
        0,
        1.867,
        16.988,
        1,
        2.156,
        16.988,
        2.444,
        10.878,
        2.733,
        1.373,
        1,
        3.111,
        -11.057,
        3.489,
        -16.134,
        3.867,
        -16.134,
        0,
        5.167,
        16.988,
        1,
        5.522,
        16.988,
        5.878,
        13.419,
        6.233,
        1.373,
        1,
        6.5,
        -7.662,
        6.766,
        -16.046,
        7.033,
        -16.046,
        0,
        8.7,
        1.373
      ]
    },
    {
      "Target": "Parameter",
      "Id": "Param129",
      "Segments": [
        0,
        -10.473,
        0,
        0.8,
        9.598,
        0,
        1.633,
        -10.683,
        1,
        1.644,
        -10.683,
        1.656,
        -10.637,
        1.667,
        -10.473,
        1,
        2.567,
        2.879,
        3.467,
        9.598,
        4.367,
        9.598,
        0,
        6,
        -14.041,
        1,
        6.078,
        -14.041,
        6.155,
        -14.551,
        6.233,
        -13.83,
        1,
        6.722,
        -9.298,
        7.211,
        9.686,
        7.7,
        9.686,
        0,
        8.7,
        -10.473
      ]
    },
    {
      "Target": "Parameter",
      "Id": "Param130",
      "Segments": [
        0,
        -2.687,
        0,
        0.367,
        -9.873,
        0,
        1.2,
        10.229,
        0,
        2.267,
        -9.873,
        0,
        5.067,
        10.229,
        0,
        6.833,
        -13.142,
        0,
        8.7,
        -2.687
      ]
    },
    {
      "Target": "Parameter",
      "Id": "Param107",
      "Segments": [
        0,
        -10.156,
        0,
        0.067,
        -10.683,
        0,
        0.933,
        9.598,
        1,
        1.178,
        9.598,
        1.422,
        -6.082,
        1.667,
        -10.156,
        1,
        1.734,
        -11.268,
        1.8,
        -10.683,
        1.867,
        -10.683,
        0,
        4.467,
        9.598,
        1,
        5.056,
        9.598,
        5.644,
        -7.89,
        6.233,
        -13.514,
        1,
        6.366,
        -14.787,
        6.5,
        -14.041,
        6.633,
        -14.041,
        0,
        7.967,
        9.686,
        1,
        8.211,
        9.686,
        8.456,
        -5.101,
        8.7,
        -10.156
      ]
    },
    {
      "Target": "Parameter",
      "Id": "Param108",
      "Segments": [
        0,
        1.908,
        0,
        0.467,
        -9.873,
        0,
        1.333,
        10.229,
        0,
        2.4,
        -9.873,
        0,
        5.2,
        10.229,
        0,
        7.1,
        -13.142,
        0,
        8.7,
        1.908
      ]
    },
    {
      "Target": "Parameter",
      "Id": "Param131",
      "Segments": [
        0,
        -10.489,
        0,
        0.067,
        -10.683,
        0,
        0.9,
        9.598,
        1,
        1.156,
        9.598,
        1.411,
        -6.999,
        1.667,
        -10.489,
        1,
        1.711,
        -11.096,
        1.756,
        -10.683,
        1.8,
        -10.683,
        0,
        4.433,
        9.598,
        1,
        5.033,
        9.598,
        5.633,
        -8.233,
        6.233,
        -13.847,
        1,
        6.311,
        -14.574,
        6.389,
        -14.041,
        6.467,
        -14.041,
        0,
        7.9,
        9.686,
        1,
        8.167,
        9.686,
        8.433,
        -5.241,
        8.7,
        -10.489
      ]
    },
    {
      "Target": "Parameter",
      "Id": "Param132",
      "Segments": [
        0,
        0.752,
        0,
        0.467,
        -9.873,
        0,
        1.3,
        10.229,
        0,
        2.367,
        -9.873,
        0,
        5.167,
        10.229,
        0,
        7.033,
        -13.142,
        0,
        8.7,
        0.752
      ]
    },
    {
      "Target": "Parameter",
      "Id": "Param87",
      "Segments": [
        0,
        -10.489,
        0,
        0.067,
        -10.683,
        0,
        0.9,
        9.598,
        1,
        1.156,
        9.598,
        1.411,
        -6.999,
        1.667,
        -10.489,
        1,
        1.711,
        -11.096,
        1.756,
        -10.683,
        1.8,
        -10.683,
        0,
        4.433,
        9.598,
        1,
        5.033,
        9.598,
        5.633,
        -8.233,
        6.233,
        -13.847,
        1,
        6.311,
        -14.574,
        6.389,
        -14.041,
        6.467,
        -14.041,
        0,
        7.9,
        9.686,
        1,
        8.167,
        9.686,
        8.433,
        -5.241,
        8.7,
        -10.489
      ]
    },
    {
      "Target": "Parameter",
      "Id": "Param88",
      "Segments": [
        0,
        0.752,
        0,
        0.467,
        -9.873,
        0,
        1.3,
        10.229,
        0,
        2.367,
        -9.873,
        0,
        5.167,
        10.229,
        0,
        7.033,
        -13.142,
        0,
        8.7,
        0.752
      ]
    },
    {
      "Target": "Parameter",
      "Id": "Param89",
      "Segments": [
        0,
        -10.489,
        0,
        0.067,
        -10.683,
        0,
        0.9,
        9.598,
        1,
        1.156,
        9.598,
        1.411,
        -6.999,
        1.667,
        -10.489,
        1,
        1.711,
        -11.096,
        1.756,
        -10.683,
        1.8,
        -10.683,
        0,
        4.433,
        9.598,
        1,
        5.033,
        9.598,
        5.633,
        -8.233,
        6.233,
        -13.847,
        1,
        6.311,
        -14.574,
        6.389,
        -14.041,
        6.467,
        -14.041,
        0,
        7.9,
        9.686,
        1,
        8.167,
        9.686,
        8.433,
        -5.241,
        8.7,
        -10.489
      ]
    },
    {
      "Target": "Parameter",
      "Id": "Param90",
      "Segments": [
        0,
        0.752,
        0,
        0.467,
        -9.873,
        0,
        1.3,
        10.229,
        0,
        2.367,
        -9.873,
        0,
        5.167,
        10.229,
        0,
        7.033,
        -13.142,
        0,
        8.7,
        0.752
      ]
    },
    {
      "Target": "Parameter",
      "Id": "Param137",
      "Segments": [
        0,
        -10.489,
        0,
        0.067,
        -10.683,
        0,
        0.9,
        9.598,
        1,
        1.156,
        9.598,
        1.411,
        -6.999,
        1.667,
        -10.489,
        1,
        1.711,
        -11.096,
        1.756,
        -10.683,
        1.8,
        -10.683,
        0,
        4.433,
        9.598,
        1,
        5.033,
        9.598,
        5.633,
        -8.233,
        6.233,
        -13.847,
        1,
        6.311,
        -14.574,
        6.389,
        -14.041,
        6.467,
        -14.041,
        0,
        7.9,
        9.686,
        1,
        8.167,
        9.686,
        8.433,
        -5.241,
        8.7,
        -10.489
      ]
    },
    {
      "Target": "Parameter",
      "Id": "Param138",
      "Segments": [
        0,
        0.752,
        0,
        0.467,
        -9.873,
        0,
        1.3,
        10.229,
        0,
        2.367,
        -9.873,
        0,
        5.167,
        10.229,
        0,
        7.033,
        -13.142,
        0,
        8.7,
        0.752
      ]
    },
    {
      "Target": "Parameter",
      "Id": "Param133",
      "Segments": [
        0,
        -10.489,
        0,
        0.067,
        -10.683,
        0,
        0.9,
        9.598,
        1,
        1.156,
        9.598,
        1.411,
        -6.999,
        1.667,
        -10.489,
        1,
        1.711,
        -11.096,
        1.756,
        -10.683,
        1.8,
        -10.683,
        0,
        4.433,
        9.598,
        1,
        5.033,
        9.598,
        5.633,
        -8.233,
        6.233,
        -13.847,
        1,
        6.311,
        -14.574,
        6.389,
        -14.041,
        6.467,
        -14.041,
        0,
        7.9,
        9.686,
        1,
        8.167,
        9.686,
        8.433,
        -5.241,
        8.7,
        -10.489
      ]
    },
    {
      "Target": "Parameter",
      "Id": "Param134",
      "Segments": [
        0,
        0.752,
        0,
        0.467,
        -9.873,
        0,
        1.3,
        10.229,
        0,
        2.367,
        -9.873,
        0,
        5.167,
        10.229,
        0,
        7.033,
        -13.142,
        0,
        8.7,
        0.752
      ]
    },
    {
      "Target": "Parameter",
      "Id": "Param143",
      "Segments": [
        0,
        -10.489,
        0,
        0.067,
        -10.683,
        0,
        0.9,
        9.598,
        1,
        1.156,
        9.598,
        1.411,
        -6.999,
        1.667,
        -10.489,
        1,
        1.711,
        -11.096,
        1.756,
        -10.683,
        1.8,
        -10.683,
        0,
        4.433,
        9.598,
        1,
        5.033,
        9.598,
        5.633,
        -8.233,
        6.233,
        -13.847,
        1,
        6.311,
        -14.574,
        6.389,
        -14.041,
        6.467,
        -14.041,
        0,
        7.9,
        9.686,
        1,
        8.167,
        9.686,
        8.433,
        -5.241,
        8.7,
        -10.489
      ]
    },
    {
      "Target": "Parameter",
      "Id": "Param144",
      "Segments": [
        0,
        0.752,
        0,
        0.467,
        -9.873,
        0,
        1.3,
        10.229,
        0,
        2.367,
        -9.873,
        0,
        5.167,
        10.229,
        0,
        7.033,
        -13.142,
        0,
        8.7,
        0.752
      ]
    },
    {
      "Target": "Parameter",
      "Id": "Param139",
      "Segments": [
        0,
        -10.489,
        0,
        0.067,
        -10.683,
        0,
        0.9,
        9.598,
        1,
        1.156,
        9.598,
        1.411,
        -6.999,
        1.667,
        -10.489,
        1,
        1.711,
        -11.096,
        1.756,
        -10.683,
        1.8,
        -10.683,
        0,
        4.433,
        9.598,
        1,
        5.033,
        9.598,
        5.633,
        -8.233,
        6.233,
        -13.847,
        1,
        6.311,
        -14.574,
        6.389,
        -14.041,
        6.467,
        -14.041,
        0,
        7.9,
        9.686,
        1,
        8.167,
        9.686,
        8.433,
        -5.241,
        8.7,
        -10.489
      ]
    },
    {
      "Target": "Parameter",
      "Id": "Param140",
      "Segments": [
        0,
        0.752,
        0,
        0.467,
        -9.873,
        0,
        1.3,
        10.229,
        0,
        2.367,
        -9.873,
        0,
        5.167,
        10.229,
        0,
        7.033,
        -13.142,
        0,
        8.7,
        0.752
      ]
    },
    {
      "Target": "Parameter",
      "Id": "Param135",
      "Segments": [
        0,
        -10.489,
        0,
        0.067,
        -10.683,
        0,
        0.9,
        9.598,
        1,
        1.156,
        9.598,
        1.411,
        -6.999,
        1.667,
        -10.489,
        1,
        1.711,
        -11.096,
        1.756,
        -10.683,
        1.8,
        -10.683,
        0,
        4.433,
        9.598,
        1,
        5.033,
        9.598,
        5.633,
        -8.233,
        6.233,
        -13.847,
        1,
        6.311,
        -14.574,
        6.389,
        -14.041,
        6.467,
        -14.041,
        0,
        7.9,
        9.686,
        1,
        8.167,
        9.686,
        8.433,
        -5.241,
        8.7,
        -10.489
      ]
    },
    {
      "Target": "Parameter",
      "Id": "Param136",
      "Segments": [
        0,
        0.752,
        0,
        0.467,
        -9.873,
        0,
        1.3,
        10.229,
        0,
        2.367,
        -9.873,
        0,
        5.167,
        10.229,
        0,
        7.033,
        -13.142,
        0,
        8.7,
        0.752
      ]
    },
    {
      "Target": "Parameter",
      "Id": "Param145",
      "Segments": [
        0,
        -10.489,
        0,
        0.067,
        -10.683,
        0,
        0.9,
        9.598,
        1,
        1.156,
        9.598,
        1.411,
        -6.999,
        1.667,
        -10.489,
        1,
        1.711,
        -11.096,
        1.756,
        -10.683,
        1.8,
        -10.683,
        0,
        4.433,
        9.598,
        1,
        5.033,
        9.598,
        5.633,
        -8.233,
        6.233,
        -13.847,
        1,
        6.311,
        -14.574,
        6.389,
        -14.041,
        6.467,
        -14.041,
        0,
        7.9,
        9.686,
        1,
        8.167,
        9.686,
        8.433,
        -5.241,
        8.7,
        -10.489
      ]
    },
    {
      "Target": "Parameter",
      "Id": "Param146",
      "Segments": [
        0,
        0.752,
        0,
        0.467,
        -9.873,
        0,
        1.3,
        10.229,
        0,
        2.367,
        -9.873,
        0,
        5.167,
        10.229,
        0,
        7.033,
        -13.142,
        0,
        8.7,
        0.752
      ]
    },
    {
      "Target": "Parameter",
      "Id": "Param141",
      "Segments": [
        0,
        -10.489,
        0,
        0.067,
        -10.683,
        0,
        0.9,
        9.598,
        1,
        1.156,
        9.598,
        1.411,
        -6.999,
        1.667,
        -10.489,
        1,
        1.711,
        -11.096,
        1.756,
        -10.683,
        1.8,
        -10.683,
        0,
        4.433,
        9.598,
        1,
        5.033,
        9.598,
        5.633,
        -8.233,
        6.233,
        -13.847,
        1,
        6.311,
        -14.574,
        6.389,
        -14.041,
        6.467,
        -14.041,
        0,
        7.9,
        9.686,
        1,
        8.167,
        9.686,
        8.433,
        -5.241,
        8.7,
        -10.489
      ]
    },
    {
      "Target": "Parameter",
      "Id": "Param142",
      "Segments": [
        0,
        0.752,
        0,
        0.467,
        -9.873,
        0,
        1.3,
        10.229,
        0,
        2.367,
        -9.873,
        0,
        5.167,
        10.229,
        0,
        7.033,
        -13.142,
        0,
        8.7,
        0.752
      ]
    },
    {
      "Target": "Parameter",
      "Id": "Param64x",
      "Segments": [
        0,
        -10.489,
        0,
        0.167,
        -12.635,
        1,
        0.256,
        -12.635,
        0.344,
        -10.442,
        0.433,
        -7.488,
        1,
        0.489,
        -5.641,
        0.544,
        -4.763,
        0.6,
        -2.915,
        1,
        0.733,
        1.52,
        0.867,
        4.414,
        1,
        4.414,
        1,
        1.156,
        4.414,
        1.311,
        1.44,
        1.467,
        -1.715,
        1,
        1.522,
        -2.841,
        1.578,
        -2.986,
        1.633,
        -3.83,
        1,
        1.689,
        -4.674,
        1.744,
        -6.159,
        1.8,
        -7.003,
        1,
        1.967,
        -9.538,
        2.133,
        -10.57,
        2.3,
        -10.57,
        1,
        2.489,
        -10.57,
        2.678,
        -7.129,
        2.867,
        -2.344,
        1,
        2.934,
        -0.654,
        3,
        0.47,
        3.067,
        1.429,
        1,
        3.256,
        4.147,
        3.444,
        5.197,
        3.633,
        5.197,
        1,
        3.989,
        5.197,
        4.344,
        2.559,
        4.7,
        -1.829,
        1,
        4.8,
        -3.063,
        4.9,
        -4.204,
        5,
        -4.859,
        1,
        5.189,
        -6.094,
        5.378,
        -6.892,
        5.567,
        -7.987,
        1,
        5.867,
        -9.728,
        6.167,
        -10.683,
        6.467,
        -10.683,
        1,
        6.656,
        -10.683,
        6.844,
        -9.075,
        7.033,
        -4.973,
        1,
        7.266,
        0.094,
        7.5,
        3.144,
        7.733,
        3.144,
        1,
        7.866,
        3.144,
        8,
        1.417,
        8.133,
        -0.915,
        1,
        8.211,
        -2.275,
        8.289,
        -2.942,
        8.367,
        -4.23,
        1,
        8.478,
        -6.07,
        8.589,
        -9.4,
        8.7,
        -10.489
      ]
    },
    {
      "Target": "Parameter",
      "Id": "Param65y",
      "Segments": [
        0,
        0.752,
        1,
        0.067,
        0.752,
        0.133,
        -1.08,
        0.2,
        -2.629,
        1,
        0.3,
        -4.953,
        0.4,
        -5.544,
        0.5,
        -5.544,
        1,
        0.589,
        -5.544,
        0.678,
        -5.154,
        0.767,
        -3.487,
        1,
        0.834,
        -2.236,
        0.9,
        0.951,
        0.967,
        1.886,
        1,
        1,
        2.354,
        1.034,
        2.141,
        1.067,
        2.629,
        1,
        1.189,
        4.419,
        1.311,
        6.355,
        1.433,
        6.355,
        1,
        1.611,
        6.355,
        1.789,
        5.047,
        1.967,
        2.286,
        1,
        2.022,
        1.424,
        2.078,
        -0.112,
        2.133,
        -0.457,
        1,
        2.222,
        -1.009,
        2.311,
        -1.089,
        2.4,
        -1.658,
        1,
        2.5,
        -2.297,
        2.6,
        -4.281,
        2.7,
        -4.744,
        1,
        2.856,
        -5.464,
        3.011,
        -5.544,
        3.167,
        -5.544,
        2,
        3.567,
        -5.544,
        1,
        3.689,
        -5.544,
        3.811,
        -4.526,
        3.933,
        -2.058,
        1,
        3.978,
        -1.16,
        4.022,
        0.168,
        4.067,
        1.2,
        1,
        4.178,
        3.781,
        4.289,
        4.996,
        4.4,
        4.996,
        1,
        4.644,
        4.996,
        4.889,
        4.085,
        5.133,
        1.943,
        1,
        5.211,
        1.262,
        5.289,
        0.149,
        5.367,
        -0.506,
        1,
        5.478,
        -1.441,
        5.589,
        -1.974,
        5.7,
        -2.972,
        1,
        5.867,
        -4.469,
        6.033,
        -7.158,
        6.2,
        -8.219,
        1,
        6.278,
        -8.714,
        6.355,
        -8.679,
        6.433,
        -9.031,
        1,
        6.555,
        -9.585,
        6.678,
        -10.06,
        6.8,
        -10.06,
        1,
        6.878,
        -10.06,
        6.955,
        -10.103,
        7.033,
        -9.785,
        1,
        7.222,
        -9.013,
        7.411,
        -7.324,
        7.6,
        -6.459,
        1,
        7.7,
        -6.001,
        7.8,
        -6.243,
        7.9,
        -5.487,
        1,
        8.167,
        -3.472,
        8.433,
        0.752,
        8.7,
        0.752
      ]
    },
    {
      "Target": "Parameter",
      "Id": "Param153",
      "Segments": [
        0,
        5.356,
        0,
        0.9,
        -5.181,
        0,
        1.9,
        5.637,
        1,
        2,
        5.637,
        2.1,
        6.016,
        2.2,
        5.356,
        1,
        2.822,
        1.245,
        3.445,
        -5.181,
        4.067,
        -5.181,
        0,
        5.867,
        1.661,
        1,
        5.989,
        1.661,
        6.111,
        1.931,
        6.233,
        1.38,
        1,
        6.722,
        -0.821,
        7.211,
        -5.093,
        7.7,
        -5.093,
        0,
        8.7,
        5.356
      ]
    },
    {
      "Target": "Parameter",
      "Id": "Param154",
      "Segments": [
        0,
        3.458,
        0,
        0.633,
        -10.683,
        0,
        1.933,
        9.598,
        1,
        2.022,
        9.598,
        2.111,
        5.417,
        2.2,
        3.458,
        1,
        2.667,
        -6.826,
        3.133,
        -10.683,
        3.6,
        -10.683,
        0,
        5.267,
        5.623,
        1,
        5.589,
        5.623,
        5.911,
        5.796,
        6.233,
        3.458,
        1,
        6.5,
        1.523,
        6.766,
        -10.683,
        7.033,
        -10.683,
        0,
        7.967,
        8.669,
        1,
        8.211,
        8.669,
        8.456,
        8.17,
        8.7,
        3.458
      ]
    },
    {
      "Target": "Parameter",
      "Id": "Param50",
      "Segments": [
        0,
        9.665,
        0,
        0.1,
        10.229,
        0,
        1.133,
        -9.873,
        1,
        1.489,
        -9.873,
        1.844,
        5.425,
        2.2,
        9.665,
        1,
        2.3,
        10.858,
        2.4,
        10.229,
        2.5,
        10.229,
        0,
        4.4,
        -9.873,
        0,
        6.233,
        5.69,
        0,
        7.333,
        2.429,
        1,
        7.789,
        2.429,
        8.244,
        5.123,
        8.7,
        9.665
      ]
    },
    {
      "Target": "Parameter",
      "Id": "Param51",
      "Segments": [
        0,
        -10.489,
        0,
        0.167,
        -17.356,
        0,
        1,
        9.598,
        0,
        2.3,
        -10.683,
        0,
        3.633,
        9.598,
        0,
        6.467,
        -10.683,
        0,
        7.633,
        4.414,
        1,
        7.989,
        4.414,
        8.344,
        -4.231,
        8.7,
        -10.489
      ]
    },
    {
      "Target": "Parameter",
      "Id": "Param52",
      "Segments": [
        0,
        0.752,
        0,
        0.5,
        -16.671,
        0,
        1.433,
        10.229,
        1,
        1.666,
        10.229,
        1.9,
        6.585,
        2.133,
        0.752,
        1,
        2.433,
        -6.748,
        2.733,
        -9.873,
        3.033,
        -9.873,
        0,
        4.4,
        6.253,
        1,
        4.789,
        6.253,
        5.178,
        5.279,
        5.567,
        0.752,
        1,
        6.056,
        -4.94,
        6.544,
        -9.785,
        7.033,
        -9.785,
        0,
        8.7,
        0.752
      ]
    },
    {
      "Target": "Parameter",
      "Id": "Param47",
      "Segments": [
        0,
        0,
        0,
        1.5,
        -13.297,
        0,
        2.567,
        -1.976,
        0,
        3.5,
        -11.999,
        0,
        4.467,
        -1.976,
        0,
        5.733,
        -11.293,
        0,
        6.8,
        0,
        0,
        7.667,
        -7.259,
        0,
        8.7,
        0
      ]
    },
    {
      "Target": "Parameter",
      "Id": "Param46",
      "Segments": [
        0,
        0,
        2,
        0.233,
        0,
        1,
        0.466,
        0,
        0.7,
        -12.376,
        0.933,
        -16.114,
        1,
        1.2,
        -20.386,
        1.466,
        -20.357,
        1.733,
        -20.357,
        0,
        3.167,
        0,
        2,
        4.3,
        0,
        1,
        4.478,
        0,
        4.655,
        -9.327,
        4.833,
        -14.556,
        1,
        5.044,
        -20.766,
        5.256,
        -21.485,
        5.467,
        -21.485,
        0,
        6.6,
        0,
        2,
        7.033,
        0,
        0,
        7.833,
        -16.705,
        0,
        8.7,
        0
      ]
    },
    {
      "Target": "Parameter",
      "Id": "Param65",
      "Segments": [
        0,
        30,
        1,
        0.222,
        30,
        0.445,
        29.864,
        0.667,
        26.316,
        1,
        1.222,
        17.447,
        1.778,
        10,
        2.333,
        10,
        0,
        4,
        30,
        0,
        5.567,
        0.644,
        0,
        8.2,
        30,
        2,
        8.7,
        30
      ]
    },
    {
      "Target": "Parameter",
      "Id": "Param64",
      "Segments": [
        0,
        0,
        0,
        1.767,
        -18.666,
        1,
        2.245,
        -18.666,
        2.722,
        -9.774,
        3.2,
        0,
        1,
        3.689,
        10.001,
        4.178,
        12.487,
        4.667,
        12.487,
        0,
        6.8,
        0,
        2,
        8.7,
        0
      ]
    },
    {
      "Target": "Parameter",
      "Id": "Param",
      "Segments": [
        0,
        -10.552,
        1,
        0.2,
        -10.552,
        0.4,
        -7.161,
        0.6,
        0.232,
        1,
        0.789,
        7.215,
        0.978,
        11.032,
        1.167,
        11.032,
        1,
        1.367,
        11.032,
        1.567,
        8.185,
        1.767,
        0.232,
        1,
        1.922,
        -5.953,
        2.078,
        -10.552,
        2.233,
        -10.552,
        1,
        2.455,
        -10.552,
        2.678,
        -7.649,
        2.9,
        0.232,
        1,
        3.078,
        6.537,
        3.255,
        11.032,
        3.433,
        11.032,
        1,
        3.644,
        11.032,
        3.856,
        8.306,
        4.067,
        0.232,
        1,
        4.222,
        -5.717,
        4.378,
        -10.552,
        4.533,
        -10.552,
        1,
        4.744,
        -10.552,
        4.956,
        -7.335,
        5.167,
        0.232,
        1,
        5.356,
        7.003,
        5.544,
        11.032,
        5.733,
        11.032,
        1,
        5.933,
        11.032,
        6.133,
        8.185,
        6.333,
        0.232,
        1,
        6.489,
        -5.953,
        6.644,
        -10.552,
        6.8,
        -10.552,
        1,
        7,
        -10.552,
        7.2,
        -7.161,
        7.4,
        0.232,
        1,
        7.589,
        7.215,
        7.778,
        11.032,
        7.967,
        11.032,
        1,
        8.167,
        11.032,
        8.367,
        8.43,
        8.567,
        0.232,
        1,
        8.611,
        -1.589,
        8.656,
        -10.552,
        8.7,
        -10.552
      ]
    },
    {
      "Target": "Parameter",
      "Id": "Param2",
      "Segments": [
        0,
        2.339,
        0,
        0.6,
        -17.893,
        1,
        0.789,
        -17.893,
        0.978,
        -10.893,
        1.167,
        2.339,
        1,
        1.367,
        16.351,
        1.567,
        22.989,
        1.767,
        22.989,
        1,
        1.922,
        22.989,
        2.078,
        13.131,
        2.233,
        2.339,
        1,
        2.455,
        -13.077,
        2.678,
        -17.893,
        2.9,
        -17.893,
        1,
        3.078,
        -17.893,
        3.255,
        -10.038,
        3.433,
        2.339,
        1,
        3.644,
        17.038,
        3.856,
        22.989,
        4.067,
        22.989,
        1,
        4.222,
        22.989,
        4.378,
        13.565,
        4.533,
        2.339,
        1,
        4.744,
        -12.896,
        4.956,
        -17.893,
        5.167,
        -17.893,
        1,
        5.356,
        -17.893,
        5.544,
        -10.893,
        5.733,
        2.339,
        1,
        5.933,
        16.351,
        6.133,
        22.989,
        6.333,
        22.989,
        1,
        6.489,
        22.989,
        6.644,
        14.018,
        6.8,
        2.339,
        1,
        7,
        -12.676,
        7.2,
        -17.893,
        7.4,
        -17.893,
        1,
        7.589,
        -17.893,
        7.778,
        -10.893,
        7.967,
        2.339,
        1,
        8.167,
        16.351,
        8.367,
        22.989,
        8.567,
        22.989,
        1,
        8.611,
        22.989,
        8.656,
        5.768,
        8.7,
        2.339
      ]
    },
    {
      "Target": "Parameter",
      "Id": "Param48",
      "Segments": [
        0,
        -4.847,
        0,
        0.1,
        -5.042,
        0,
        1.933,
        5.871,
        0,
        3.5,
        -9.898,
        0,
        5.167,
        6.414,
        1,
        5.711,
        6.414,
        6.256,
        1.667,
        6.8,
        -4.847,
        1,
        6.833,
        -5.246,
        6.867,
        -5.042,
        6.9,
        -5.042,
        0,
        8.7,
        -4.847
      ]
    },
    {
      "Target": "Parameter",
      "Id": "Param49",
      "Segments": [
        0,
        1.143,
        0,
        0.9,
        -4.231,
        0,
        2.733,
        3.553,
        1,
        2.955,
        3.553,
        3.178,
        3.599,
        3.4,
        1.143,
        1,
        3.7,
        -2.173,
        4,
        -7.244,
        4.3,
        -7.244,
        0,
        5.967,
        8.653,
        1,
        6.245,
        8.653,
        6.522,
        5.093,
        6.8,
        1.143,
        1,
        7.1,
        -3.123,
        7.4,
        -4.231,
        7.7,
        -4.231,
        0,
        8.7,
        1.143
      ]
    },
    {
      "Target": "Model",
      "Id": "Opacity",
      "Segments": [
        0,
        1,
        0,
        8.7,
        1
      ]
    },
    {
      "Target": "Model",
      "Id": "LipSync",
      "Segments": [
        0,
        0,
        0,
        8.7,
        0
      ]
    },
    {
      "Target": "Parameter",
      "Id": "Param58",
      "Segments": [
        0,
        0,
        0,
        8.7,
        0
      ]
    },
    {
      "Target": "Parameter",
      "Id": "Param7",
      "Segments": [
        0,
        0,
        0,
        8.7,
        0
      ]
    },
    {
      "Target": "Parameter",
      "Id": "Param34",
      "Segments": [
        0,
        0,
        0,
        8.7,
        0
      ]
    },
    {
      "Target": "Parameter",
      "Id": "Param8",
      "Segments": [
        0,
        0,
        0,
        8.7,
        0
      ]
    },
    {
      "Target": "Parameter",
      "Id": "Param33",
      "Segments": [
        0,
        0,
        0,
        8.7,
        0
      ]
    },
    {
      "Target": "Parameter",
      "Id": "Param62",
      "Segments": [
        0,
        0,
        0,
        8.7,
        0
      ]
    },
    {
      "Target": "Parameter",
      "Id": "Param63",
      "Segments": [
        0,
        0,
        0,
        8.7,
        0
      ]
    },
    {
      "Target": "Parameter",
      "Id": "ParamCheek",
      "Segments": [
        0,
        0,
        0,
        8.7,
        0
      ]
    },
    {
      "Target": "Parameter",
      "Id": "ParamBrowRX",
      "Segments": [
        0,
        0,
        0,
        8.7,
        0
      ]
    },
    {
      "Target": "Parameter",
      "Id": "ParamBrowRAngle",
      "Segments": [
        0,
        0,
        0,
        8.7,
        0
      ]
    },
    {
      "Target": "Parameter",
      "Id": "ParamBrowLX",
      "Segments": [
        0,
        0,
        0,
        8.7,
        0
      ]
    },
    {
      "Target": "Parameter",
      "Id": "ParamBrowLAngle",
      "Segments": [
        0,
        0,
        0,
        8.7,
        0
      ]
    },
    {
      "Target": "Parameter",
      "Id": "Param6",
      "Segments": [
        0,
        0,
        0,
        8.7,
        0
      ]
    },
    {
      "Target": "Parameter",
      "Id": "ParamEyeBallY",
      "Segments": [
        0,
        0,
        0,
        8.7,
        0
      ]
    },
    {
      "Target": "Parameter",
      "Id": "Param120",
      "Segments": [
        0,
        0,
        0,
        8.7,
        0
      ]
    },
    {
      "Target": "Parameter",
      "Id": "Param124",
      "Segments": [
        0,
        0,
        0,
        8.7,
        0
      ]
    },
    {
      "Target": "Parameter",
      "Id": "Param125",
      "Segments": [
        0,
        0,
        0,
        8.7,
        0
      ]
    },
    {
      "Target": "Parameter",
      "Id": "ParamMouthForm",
      "Segments": [
        0,
        0,
        0,
        8.7,
        0
      ]
    },
    {
      "Target": "Parameter",
      "Id": "Param76",
      "Segments": [
        0,
        0,
        0,
        8.7,
        0
      ]
    },
    {
      "Target": "Parameter",
      "Id": "Param53",
      "Segments": [
        0,
        0,
        0,
        8.7,
        0
      ]
    },
    {
      "Target": "Parameter",
      "Id": "ParamBodyAngleZ",
      "Segments": [
        0,
        0,
        0,
        8.7,
        0
      ]
    },
    {
      "Target": "Parameter",
      "Id": "ParamBreath",
      "Segments": [
        0,
        0,
        0,
        8.7,
        0
      ]
    },
    {
      "Target": "Parameter",
      "Id": "Param11",
      "Segments": [
        0,
        0,
        0,
        8.7,
        0
      ]
    },
    {
      "Target": "Parameter",
      "Id": "Param12",
      "Segments": [
        0,
        0,
        0,
        8.7,
        0
      ]
    },
    {
      "Target": "Parameter",
      "Id": "Param56",
      "Segments": [
        0,
        1,
        0,
        8.7,
        1
      ]
    },
    {
      "Target": "Parameter",
      "Id": "Param57",
      "Segments": [
        0,
        0,
        0,
        8.7,
        0
      ]
    },
    {
      "Target": "Parameter",
      "Id": "Param121",
      "Segments": [
        0,
        0,
        0,
        8.7,
        0
      ]
    },
    {
      "Target": "Parameter",
      "Id": "Param115",
      "Segments": [
        0,
        0,
        0,
        8.7,
        0
      ]
    },
    {
      "Target": "Parameter",
      "Id": "Param60",
      "Segments": [
        0,
        0,
        0,
        8.7,
        0
      ]
    },
    {
      "Target": "Parameter",
      "Id": "Param61",
      "Segments": [
        0,
        0,
        0,
        8.7,
        0
      ]
    },
    {
      "Target": "Parameter",
      "Id": "Param59",
      "Segments": [
        0,
        0,
        0,
        8.7,
        0
      ]
    },
    {
      "Target": "Parameter",
      "Id": "Param31",
      "Segments": [
        0,
        0,
        0,
        8.7,
        0
      ]
    },
    {
      "Target": "Parameter",
      "Id": "Param32",
      "Segments": [
        0,
        0,
        0,
        8.7,
        0
      ]
    },
    {
      "Target": "Parameter",
      "Id": "Param122",
      "Segments": [
        0,
        0,
        0,
        8.7,
        0
      ]
    },
    {
      "Target": "Parameter",
      "Id": "Param116",
      "Segments": [
        0,
        0,
        0,
        8.7,
        0
      ]
    },
    {
      "Target": "Parameter",
      "Id": "Param117",
      "Segments": [
        0,
        0,
        0,
        8.7,
        0
      ]
    },
    {
      "Target": "Parameter",
      "Id": "Param78",
      "Segments": [
        0,
        0,
        0,
        8.7,
        0
      ]
    },
    {
      "Target": "Parameter",
      "Id": "Param119",
      "Segments": [
        0,
        0,
        0,
        8.7,
        0
      ]
    },
    {
      "Target": "Parameter",
      "Id": "Param37",
      "Segments": [
        0,
        0,
        0,
        8.7,
        0
      ]
    },
    {
      "Target": "Parameter",
      "Id": "Param38",
      "Segments": [
        0,
        0,
        0,
        8.7,
        0
      ]
    },
    {
      "Target": "Parameter",
      "Id": "Param39",
      "Segments": [
        0,
        0,
        0,
        8.7,
        0
      ]
    },
    {
      "Target": "Parameter",
      "Id": "Param111",
      "Segments": [
        0,
        0,
        0,
        8.7,
        0
      ]
    }
  ],
  "UserData": [
    {
      "Time": 0.0,
      "Value": ""
    },
    {
      "Time": 0.466666669,
      "Value": "characterVoice_1_8.23"
    }
  ]
}