{
  "Version": 3,
  "Meta": {
    "Duration": 6.8,
    "Fps": 30.0,
    "Loop": true,
    "AreBeziersRestricted": true,
    "CurveCount": 140,
    "TotalSegmentCount": 544,
    "TotalPointCount": 1130,
    "UserDataCount": 1,
    "TotalUserDataSize": 0
  },
  "Curves": [
    {
      "Target": "Parameter",
      "Id": "ParamAngleX",
      "Segments": [
        0,
        -5.83,
        1,
        0.089,
        -7.063,
        0.178,
        -6.707,
        0.267,
        -6.707,
        0,
        1.933,
        7.06,
        1,
        2.422,
        7.06,
        2.911,
        0.95,
        3.4,
        -5.83,
        1,
        3.489,
        -7.063,
        3.578,
        -6.707,
        3.667,
        -6.707,
        0,
        5.333,
        7.06,
        1,
        5.822,
        7.06,
        6.311,
        0.95,
        6.8,
        -5.83
      ]
    },
    {
      "Target": "Parameter",
      "Id": "ParamAngleY",
      "Segments": [
        0,
        2.512,
        1,
        0.356,
        -2.075,
        0.711,
        -5.082,
        1.067,
        -5.082,
        0,
        2.733,
        6.256,
        1,
        2.955,
        6.256,
        3.178,
        5.379,
        3.4,
        2.512,
        1,
        3.756,
        -2.075,
        4.111,
        -5.082,
        4.467,
        -5.082,
        0,
        6.133,
        6.256,
        1,
        6.355,
        6.256,
        6.578,
        5.379,
        6.8,
        2.512
      ]
    },
    {
      "Target": "Parameter",
      "Id": "ParamBrowRY",
      "Segments": [
        0,
        0,
        2,
        3.4,
        0,
        2,
        4.167,
        0,
        0,
        4.3,
        -0.334,
        2,
        4.367,
        -0.334,
        0,
        4.633,
        0,
        2,
        6.8,
        0
      ]
    },
    {
      "Target": "Parameter",
      "Id": "ParamBrowLY",
      "Segments": [
        0,
        0,
        2,
        3.4,
        0,
        2,
        4.167,
        0,
        0,
        4.3,
        -0.334,
        2,
        4.367,
        -0.334,
        0,
        4.633,
        0,
        2,
        6.8,
        0
      ]
    },
    {
      "Target": "Parameter",
      "Id": "ParamEyeROpen",
      "Segments": [
        0,
        1,
        2,
        3.4,
        1,
        2,
        4.167,
        1,
        0,
        4.3,
        0,
        2,
        4.367,
        0,
        0,
        4.633,
        1,
        2,
        6.8,
        1
      ]
    },
    {
      "Target": "Parameter",
      "Id": "ParamEyeLOpen",
      "Segments": [
        0,
        1,
        2,
        3.4,
        1,
        2,
        4.167,
        1,
        0,
        4.3,
        0,
        2,
        4.367,
        0,
        0,
        4.633,
        1,
        2,
        6.8,
        1
      ]
    },
    {
      "Target": "Parameter",
      "Id": "ParamBodyAngleX",
      "Segments": [
        0,
        -0.839,
        0,
        1.667,
        1.566,
        0,
        3.4,
        -0.839,
        0,
        5.067,
        1.566,
        0,
        6.8,
        -0.839
      ]
    },
    {
      "Target": "Parameter",
      "Id": "ParamBodyAngleY",
      "Segments": [
        0,
        -0.015,
        1,
        0.267,
        -0.578,
        0.533,
        -0.825,
        0.8,
        -0.825,
        1,
        1.089,
        -0.825,
        1.378,
        -0.486,
        1.667,
        0.149,
        1,
        1.934,
        0.735,
        2.2,
        1.007,
        2.467,
        1.007,
        1,
        2.778,
        1.007,
        3.089,
        0.642,
        3.4,
        -0.015,
        1,
        3.667,
        -0.578,
        3.933,
        -0.825,
        4.2,
        -0.825,
        1,
        4.489,
        -0.825,
        4.778,
        -0.486,
        5.067,
        0.149,
        1,
        5.334,
        0.735,
        5.6,
        1.007,
        5.867,
        1.007,
        1,
        6.178,
        1.007,
        6.489,
        0.642,
        6.8,
        -0.015
      ]
    },
    {
      "Target": "Parameter",
      "Id": "ParamBodyAngleY2",
      "Segments": [
        0,
        0,
        0,
        1.667,
        2.159,
        0,
        3.4,
        0,
        0,
        5.067,
        2.159,
        0,
        6.8,
        0
      ]
    },
    {
      "Target": "Parameter",
      "Id": "ParamBreath",
      "Segments": [
        0,
        0,
        0,
        1.667,
        1,
        0,
        3.4,
        0,
        0,
        5.067,
        1,
        0,
        6.8,
        0
      ]
    },
    {
      "Target": "Parameter",
      "Id": "Param112",
      "Segments": [
        0,
        1.659,
        1,
        0.2,
        2.73,
        0.4,
        2.971,
        0.6,
        2.971,
        0,
        2.267,
        -1.787,
        1,
        2.645,
        -1.787,
        3.022,
        -0.364,
        3.4,
        1.659,
        1,
        3.6,
        2.73,
        3.8,
        2.971,
        4,
        2.971,
        0,
        5.667,
        -1.787,
        1,
        6.045,
        -1.787,
        6.422,
        -0.364,
        6.8,
        1.659
      ]
    },
    {
      "Target": "Parameter",
      "Id": "Param113",
      "Segments": [
        0,
        -0.326,
        1,
        0.344,
        0.467,
        0.689,
        0.967,
        1.033,
        0.967,
        0,
        2.7,
        -1.045,
        1,
        2.933,
        -1.045,
        3.167,
        -0.862,
        3.4,
        -0.326,
        1,
        3.744,
        0.467,
        4.089,
        0.967,
        4.433,
        0.967,
        0,
        6.1,
        -1.045,
        1,
        6.333,
        -1.045,
        6.567,
        -0.862,
        6.8,
        -0.326
      ]
    },
    {
      "Target": "Parameter",
      "Id": "Param114",
      "Segments": [
        0,
        -1.927,
        1,
        0.511,
        0.119,
        1.022,
        2.001,
        1.533,
        2.001,
        0,
        3.2,
        -2.077,
        1,
        3.267,
        -2.077,
        3.333,
        -2.194,
        3.4,
        -1.927,
        1,
        3.911,
        0.119,
        4.422,
        2.001,
        4.933,
        2.001,
        0,
        6.6,
        -2.077,
        1,
        6.667,
        -2.077,
        6.733,
        -2.194,
        6.8,
        -1.927
      ]
    },
    {
      "Target": "Parameter",
      "Id": "Param3",
      "Segments": [
        0,
        -1.042,
        1,
        0.144,
        -2.916,
        0.289,
        -2.972,
        0.433,
        -2.972,
        0,
        2.167,
        8.537,
        1,
        2.578,
        8.537,
        2.989,
        4.292,
        3.4,
        -1.042,
        1,
        3.544,
        -2.916,
        3.689,
        -2.972,
        3.833,
        -2.972,
        0,
        5.567,
        8.537,
        1,
        5.978,
        8.537,
        6.389,
        4.292,
        6.8,
        -1.042
      ]
    },
    {
      "Target": "Parameter",
      "Id": "Param116",
      "Segments": [
        0,
        0,
        0,
        1.533,
        6.18,
        0,
        3.4,
        0,
        0,
        4.933,
        6.18,
        0,
        6.8,
        0
      ]
    },
    {
      "Target": "Parameter",
      "Id": "Param117",
      "Segments": [
        0,
        0,
        0,
        1.533,
        -7.32,
        0,
        3.4,
        0,
        0,
        4.933,
        -7.32,
        0,
        6.8,
        0
      ]
    },
    {
      "Target": "Parameter",
      "Id": "Param118",
      "Segments": [
        0,
        0,
        0,
        1.533,
        -3.9,
        0,
        3.4,
        0,
        0,
        4.933,
        -3.9,
        0,
        6.8,
        0
      ]
    },
    {
      "Target": "Parameter",
      "Id": "Param123",
      "Segments": [
        0,
        0,
        0,
        1.533,
        9.384,
        0,
        3.4,
        0,
        0,
        4.933,
        9.384,
        0,
        6.8,
        0
      ]
    },
    {
      "Target": "Parameter",
      "Id": "Param109",
      "Segments": [
        0,
        -5.394,
        1,
        0.033,
        -5.695,
        0.067,
        -5.488,
        0.1,
        -5.488,
        0,
        1.767,
        4.309,
        1,
        2.311,
        4.309,
        2.856,
        -0.481,
        3.4,
        -5.394,
        1,
        3.433,
        -5.695,
        3.467,
        -5.488,
        3.5,
        -5.488,
        0,
        5.167,
        4.309,
        1,
        5.711,
        4.309,
        6.256,
        -0.481,
        6.8,
        -5.394
      ]
    },
    {
      "Target": "Parameter",
      "Id": "Param110",
      "Segments": [
        0,
        0.752,
        1,
        0.3,
        -6.204,
        0.6,
        -9.873,
        0.9,
        -9.873,
        0,
        2.567,
        10.229,
        1,
        2.845,
        10.229,
        3.122,
        7.192,
        3.4,
        0.752,
        1,
        3.7,
        -6.204,
        4,
        -9.873,
        4.3,
        -9.873,
        0,
        5.967,
        10.229,
        1,
        6.245,
        10.229,
        6.522,
        7.192,
        6.8,
        0.752
      ]
    },
    {
      "Target": "Parameter",
      "Id": "Param127",
      "Segments": [
        0,
        -2.864,
        1,
        0.244,
        -8.547,
        0.489,
        -10.683,
        0.733,
        -10.683,
        0,
        2.4,
        9.598,
        1,
        2.733,
        9.598,
        3.067,
        4.886,
        3.4,
        -2.864,
        1,
        3.644,
        -8.547,
        3.889,
        -10.683,
        4.133,
        -10.683,
        0,
        5.8,
        9.598,
        1,
        6.133,
        9.598,
        6.467,
        4.886,
        6.8,
        -2.864
      ]
    },
    {
      "Target": "Parameter",
      "Id": "Param128",
      "Segments": [
        0,
        9.49,
        1,
        0.511,
        -0.428,
        1.022,
        -9.873,
        1.533,
        -9.873,
        0,
        3.2,
        10.229,
        1,
        3.267,
        10.229,
        3.333,
        10.783,
        3.4,
        9.49,
        1,
        3.911,
        -0.428,
        4.422,
        -9.873,
        4.933,
        -9.873,
        0,
        6.6,
        10.229,
        1,
        6.667,
        10.229,
        6.733,
        10.783,
        6.8,
        9.49
      ]
    },
    {
      "Target": "Parameter",
      "Id": "Param9",
      "Segments": [
        0,
        -8.997,
        1,
        0.033,
        -9.526,
        0.067,
        -9.164,
        0.1,
        -9.164,
        0,
        1.767,
        8.295,
        1,
        2.311,
        8.295,
        2.856,
        -0.345,
        3.4,
        -8.997,
        1,
        3.433,
        -9.526,
        3.467,
        -9.164,
        3.5,
        -9.164,
        0,
        5.167,
        8.295,
        1,
        5.711,
        8.295,
        6.256,
        -0.345,
        6.8,
        -8.997
      ]
    },
    {
      "Target": "Parameter",
      "Id": "Param10",
      "Segments": [
        0,
        0.68,
        1,
        0.3,
        -5.308,
        0.6,
        -8.466,
        0.9,
        -8.466,
        0,
        2.567,
        8.838,
        1,
        2.845,
        8.838,
        3.122,
        6.224,
        3.4,
        0.68,
        1,
        3.7,
        -5.308,
        4,
        -8.466,
        4.3,
        -8.466,
        0,
        5.967,
        8.838,
        1,
        6.245,
        8.838,
        6.522,
        6.224,
        6.8,
        0.68
      ]
    },
    {
      "Target": "Parameter",
      "Id": "Param19",
      "Segments": [
        0,
        -8.71,
        1,
        0.056,
        -9.632,
        0.111,
        -9.164,
        0.167,
        -9.164,
        0,
        1.833,
        8.295,
        1,
        2.355,
        8.295,
        2.878,
        -0.041,
        3.4,
        -8.71,
        1,
        3.456,
        -9.632,
        3.511,
        -9.164,
        3.567,
        -9.164,
        0,
        5.233,
        8.295,
        1,
        5.755,
        8.295,
        6.278,
        -0.041,
        6.8,
        -8.71
      ]
    },
    {
      "Target": "Parameter",
      "Id": "Param20",
      "Segments": [
        0,
        1.675,
        1,
        0.322,
        -4.736,
        0.645,
        -8.466,
        0.967,
        -8.466,
        0,
        2.633,
        8.838,
        1,
        2.889,
        8.838,
        3.144,
        6.759,
        3.4,
        1.675,
        1,
        3.722,
        -4.736,
        4.045,
        -8.466,
        4.367,
        -8.466,
        0,
        6.033,
        8.838,
        1,
        6.289,
        8.838,
        6.544,
        6.759,
        6.8,
        1.675
      ]
    },
    {
      "Target": "Parameter",
      "Id": "Param21",
      "Segments": [
        0,
        -7.474,
        1,
        0.111,
        -9.482,
        0.222,
        -9.164,
        0.333,
        -9.164,
        0,
        2,
        8.295,
        1,
        2.467,
        8.295,
        2.933,
        0.962,
        3.4,
        -7.474,
        1,
        3.511,
        -9.482,
        3.622,
        -9.164,
        3.733,
        -9.164,
        0,
        5.4,
        8.295,
        1,
        5.867,
        8.295,
        6.333,
        0.962,
        6.8,
        -7.474
      ]
    },
    {
      "Target": "Parameter",
      "Id": "Param22",
      "Segments": [
        0,
        4.052,
        1,
        0.378,
        -3.296,
        0.755,
        -8.466,
        1.133,
        -8.466,
        0,
        2.8,
        8.838,
        1,
        3,
        8.838,
        3.2,
        7.943,
        3.4,
        4.052,
        1,
        3.778,
        -3.296,
        4.155,
        -8.466,
        4.533,
        -8.466,
        0,
        6.2,
        8.838,
        1,
        6.4,
        8.838,
        6.6,
        7.943,
        6.8,
        4.052
      ]
    },
    {
      "Target": "Parameter",
      "Id": "Param40",
      "Segments": [
        0,
        -6.436,
        1,
        0.144,
        -9.148,
        0.289,
        -9.164,
        0.433,
        -9.164,
        0,
        2.1,
        8.295,
        1,
        2.533,
        8.295,
        2.967,
        1.699,
        3.4,
        -6.436,
        1,
        3.544,
        -9.148,
        3.689,
        -9.164,
        3.833,
        -9.164,
        0,
        5.5,
        8.295,
        1,
        5.933,
        8.295,
        6.367,
        1.699,
        6.8,
        -6.436
      ]
    },
    {
      "Target": "Parameter",
      "Id": "Param41",
      "Segments": [
        0,
        5.347,
        1,
        0.411,
        -2.463,
        0.822,
        -8.466,
        1.233,
        -8.466,
        0,
        2.9,
        8.838,
        1,
        3.067,
        8.838,
        3.233,
        8.513,
        3.4,
        5.347,
        1,
        3.811,
        -2.463,
        4.222,
        -8.466,
        4.633,
        -8.466,
        0,
        6.3,
        8.838,
        1,
        6.467,
        8.838,
        6.633,
        8.513,
        6.8,
        5.347
      ]
    },
    {
      "Target": "Parameter",
      "Id": "Param42",
      "Segments": [
        0,
        -14.087,
        1,
        0.033,
        -14.908,
        0.067,
        -14.35,
        0.1,
        -14.35,
        0,
        1.767,
        13.198,
        1,
        2.311,
        13.198,
        2.856,
        -0.672,
        3.4,
        -14.087,
        1,
        3.433,
        -14.908,
        3.467,
        -14.35,
        3.5,
        -14.35,
        0,
        5.167,
        13.198,
        1,
        5.711,
        13.198,
        6.256,
        -0.672,
        6.8,
        -14.087
      ]
    },
    {
      "Target": "Parameter",
      "Id": "Param43",
      "Segments": [
        0,
        1.185,
        1,
        0.3,
        -8.263,
        0.6,
        -13.247,
        0.9,
        -13.247,
        0,
        2.567,
        14.058,
        1,
        2.845,
        14.058,
        3.122,
        9.933,
        3.4,
        1.185,
        1,
        3.7,
        -8.263,
        4,
        -13.247,
        4.3,
        -13.247,
        0,
        5.967,
        14.058,
        1,
        6.245,
        14.058,
        6.522,
        9.933,
        6.8,
        1.185
      ]
    },
    {
      "Target": "Parameter",
      "Id": "Param44",
      "Segments": [
        0,
        -8.997,
        1,
        0.033,
        -9.526,
        0.067,
        -9.164,
        0.1,
        -9.164,
        0,
        1.767,
        8.295,
        1,
        2.311,
        8.295,
        2.856,
        -0.345,
        3.4,
        -8.997,
        1,
        3.433,
        -9.526,
        3.467,
        -9.164,
        3.5,
        -9.164,
        0,
        5.167,
        8.295,
        1,
        5.711,
        8.295,
        6.256,
        -0.345,
        6.8,
        -8.997
      ]
    },
    {
      "Target": "Parameter",
      "Id": "Param45",
      "Segments": [
        0,
        0.68,
        1,
        0.3,
        -5.308,
        0.6,
        -8.466,
        0.9,
        -8.466,
        0,
        2.567,
        8.838,
        1,
        2.845,
        8.838,
        3.122,
        6.224,
        3.4,
        0.68,
        1,
        3.7,
        -5.308,
        4,
        -8.466,
        4.3,
        -8.466,
        0,
        5.967,
        8.838,
        1,
        6.245,
        8.838,
        6.522,
        6.224,
        6.8,
        0.68
      ]
    },
    {
      "Target": "Parameter",
      "Id": "Param23",
      "Segments": [
        0,
        -6.436,
        1,
        0.144,
        -9.148,
        0.289,
        -9.164,
        0.433,
        -9.164,
        0,
        2.1,
        8.295,
        1,
        2.533,
        8.295,
        2.967,
        1.699,
        3.4,
        -6.436,
        1,
        3.544,
        -9.148,
        3.689,
        -9.164,
        3.833,
        -9.164,
        0,
        5.5,
        8.295,
        1,
        5.933,
        8.295,
        6.367,
        1.699,
        6.8,
        -6.436
      ]
    },
    {
      "Target": "Parameter",
      "Id": "Param24",
      "Segments": [
        0,
        5.347,
        1,
        0.411,
        -2.463,
        0.822,
        -8.466,
        1.233,
        -8.466,
        0,
        2.9,
        8.838,
        1,
        3.067,
        8.838,
        3.233,
        8.513,
        3.4,
        5.347,
        1,
        3.811,
        -2.463,
        4.222,
        -8.466,
        4.633,
        -8.466,
        0,
        6.3,
        8.838,
        1,
        6.467,
        8.838,
        6.633,
        8.513,
        6.8,
        5.347
      ]
    },
    {
      "Target": "Parameter",
      "Id": "Param35",
      "Segments": [
        0,
        -10.489,
        1,
        0.033,
        -11.101,
        0.067,
        -10.683,
        0.1,
        -10.683,
        0,
        1.767,
        9.598,
        1,
        2.311,
        9.598,
        2.856,
        -0.488,
        3.4,
        -10.489,
        1,
        3.433,
        -11.101,
        3.467,
        -10.683,
        3.5,
        -10.683,
        0,
        5.167,
        9.598,
        1,
        5.711,
        9.598,
        6.256,
        -0.488,
        6.8,
        -10.489
      ]
    },
    {
      "Target": "Parameter",
      "Id": "Param36",
      "Segments": [
        0,
        0.752,
        1,
        0.3,
        -6.204,
        0.6,
        -9.873,
        0.9,
        -9.873,
        0,
        2.567,
        10.229,
        1,
        2.845,
        10.229,
        3.122,
        7.192,
        3.4,
        0.752,
        1,
        3.7,
        -6.204,
        4,
        -9.873,
        4.3,
        -9.873,
        0,
        5.967,
        10.229,
        1,
        6.245,
        10.229,
        6.522,
        7.192,
        6.8,
        0.752
      ]
    },
    {
      "Target": "Parameter",
      "Id": "Param105",
      "Segments": [
        0,
        -17.149,
        1,
        0.033,
        -18.136,
        0.067,
        -17.469,
        0.1,
        -17.469,
        0,
        1.767,
        15.948,
        1,
        2.311,
        15.948,
        2.856,
        -1.026,
        3.4,
        -17.149,
        1,
        3.433,
        -18.136,
        3.467,
        -17.469,
        3.5,
        -17.469,
        0,
        5.167,
        15.948,
        1,
        5.711,
        15.948,
        6.256,
        -1.026,
        6.8,
        -17.149
      ]
    },
    {
      "Target": "Parameter",
      "Id": "Param106",
      "Segments": [
        0,
        1.373,
        1,
        0.3,
        -10.088,
        0.6,
        -16.134,
        0.9,
        -16.134,
        0,
        2.567,
        16.988,
        1,
        2.845,
        16.988,
        3.122,
        11.984,
        3.4,
        1.373,
        1,
        3.7,
        -10.088,
        4,
        -16.134,
        4.3,
        -16.134,
        0,
        5.967,
        16.988,
        1,
        6.245,
        16.988,
        6.522,
        11.984,
        6.8,
        1.373
      ]
    },
    {
      "Target": "Parameter",
      "Id": "Param129",
      "Segments": [
        0,
        -10.473,
        1,
        0.522,
        -0.47,
        1.045,
        9.598,
        1.567,
        9.598,
        0,
        3.3,
        -10.683,
        1,
        3.333,
        -10.683,
        3.367,
        -11.111,
        3.4,
        -10.473,
        1,
        3.922,
        -0.47,
        4.445,
        9.598,
        4.967,
        9.598,
        0,
        6.7,
        -10.683,
        1,
        6.733,
        -10.683,
        6.767,
        -11.111,
        6.8,
        -10.473
      ]
    },
    {
      "Target": "Parameter",
      "Id": "Param130",
      "Segments": [
        0,
        -2.687,
        1,
        0.233,
        -8.043,
        0.467,
        -9.873,
        0.7,
        -9.873,
        0,
        2.367,
        10.229,
        1,
        2.711,
        10.229,
        3.056,
        5.22,
        3.4,
        -2.687,
        1,
        3.633,
        -8.043,
        3.867,
        -9.873,
        4.1,
        -9.873,
        0,
        5.767,
        10.229,
        1,
        6.111,
        10.229,
        6.456,
        5.22,
        6.8,
        -2.687
      ]
    },
    {
      "Target": "Parameter",
      "Id": "Param107",
      "Segments": [
        0,
        -10.156,
        1,
        0.056,
        -11.224,
        0.111,
        -10.683,
        0.167,
        -10.683,
        0,
        1.833,
        9.598,
        1,
        2.355,
        9.598,
        2.878,
        -0.126,
        3.4,
        -10.156,
        1,
        3.456,
        -11.224,
        3.511,
        -10.683,
        3.567,
        -10.683,
        0,
        5.233,
        9.598,
        1,
        5.755,
        9.598,
        6.278,
        -0.126,
        6.8,
        -10.156
      ]
    },
    {
      "Target": "Parameter",
      "Id": "Param108",
      "Segments": [
        0,
        1.908,
        1,
        0.322,
        -5.539,
        0.645,
        -9.873,
        0.967,
        -9.873,
        0,
        2.633,
        10.229,
        1,
        2.889,
        10.229,
        3.144,
        7.813,
        3.4,
        1.908,
        1,
        3.722,
        -5.539,
        4.045,
        -9.873,
        4.367,
        -9.873,
        0,
        6.033,
        10.229,
        1,
        6.289,
        10.229,
        6.544,
        7.813,
        6.8,
        1.908
      ]
    },
    {
      "Target": "Parameter",
      "Id": "Param131",
      "Segments": [
        0,
        -10.489,
        1,
        0.033,
        -11.101,
        0.067,
        -10.683,
        0.1,
        -10.683,
        0,
        1.767,
        9.598,
        1,
        2.311,
        9.598,
        2.856,
        -0.488,
        3.4,
        -10.489,
        1,
        3.433,
        -11.101,
        3.467,
        -10.683,
        3.5,
        -10.683,
        0,
        5.167,
        9.598,
        1,
        5.711,
        9.598,
        6.256,
        -0.488,
        6.8,
        -10.489
      ]
    },
    {
      "Target": "Parameter",
      "Id": "Param132",
      "Segments": [
        0,
        0.752,
        1,
        0.3,
        -6.204,
        0.6,
        -9.873,
        0.9,
        -9.873,
        0,
        2.567,
        10.229,
        1,
        2.845,
        10.229,
        3.122,
        7.192,
        3.4,
        0.752,
        1,
        3.7,
        -6.204,
        4,
        -9.873,
        4.3,
        -9.873,
        0,
        5.967,
        10.229,
        1,
        6.245,
        10.229,
        6.522,
        7.192,
        6.8,
        0.752
      ]
    },
    {
      "Target": "Parameter",
      "Id": "Param87",
      "Segments": [
        0,
        -10.489,
        1,
        0.033,
        -11.101,
        0.067,
        -10.683,
        0.1,
        -10.683,
        0,
        1.767,
        9.598,
        1,
        2.311,
        9.598,
        2.856,
        -0.488,
        3.4,
        -10.489,
        1,
        3.433,
        -11.101,
        3.467,
        -10.683,
        3.5,
        -10.683,
        0,
        5.167,
        9.598,
        1,
        5.711,
        9.598,
        6.256,
        -0.488,
        6.8,
        -10.489
      ]
    },
    {
      "Target": "Parameter",
      "Id": "Param88",
      "Segments": [
        0,
        0.752,
        1,
        0.3,
        -6.204,
        0.6,
        -9.873,
        0.9,
        -9.873,
        0,
        2.567,
        10.229,
        1,
        2.845,
        10.229,
        3.122,
        7.192,
        3.4,
        0.752,
        1,
        3.7,
        -6.204,
        4,
        -9.873,
        4.3,
        -9.873,
        0,
        5.967,
        10.229,
        1,
        6.245,
        10.229,
        6.522,
        7.192,
        6.8,
        0.752
      ]
    },
    {
      "Target": "Parameter",
      "Id": "Param89",
      "Segments": [
        0,
        -10.489,
        1,
        0.033,
        -11.101,
        0.067,
        -10.683,
        0.1,
        -10.683,
        0,
        1.767,
        9.598,
        1,
        2.311,
        9.598,
        2.856,
        -0.488,
        3.4,
        -10.489,
        1,
        3.433,
        -11.101,
        3.467,
        -10.683,
        3.5,
        -10.683,
        0,
        5.167,
        9.598,
        1,
        5.711,
        9.598,
        6.256,
        -0.488,
        6.8,
        -10.489
      ]
    },
    {
      "Target": "Parameter",
      "Id": "Param90",
      "Segments": [
        0,
        0.752,
        1,
        0.3,
        -6.204,
        0.6,
        -9.873,
        0.9,
        -9.873,
        0,
        2.567,
        10.229,
        1,
        2.845,
        10.229,
        3.122,
        7.192,
        3.4,
        0.752,
        1,
        3.7,
        -6.204,
        4,
        -9.873,
        4.3,
        -9.873,
        0,
        5.967,
        10.229,
        1,
        6.245,
        10.229,
        6.522,
        7.192,
        6.8,
        0.752
      ]
    },
    {
      "Target": "Parameter",
      "Id": "Param137",
      "Segments": [
        0,
        -10.489,
        1,
        0.033,
        -11.101,
        0.067,
        -10.683,
        0.1,
        -10.683,
        0,
        1.767,
        9.598,
        1,
        2.311,
        9.598,
        2.856,
        -0.488,
        3.4,
        -10.489,
        1,
        3.433,
        -11.101,
        3.467,
        -10.683,
        3.5,
        -10.683,
        0,
        5.167,
        9.598,
        1,
        5.711,
        9.598,
        6.256,
        -0.488,
        6.8,
        -10.489
      ]
    },
    {
      "Target": "Parameter",
      "Id": "Param138",
      "Segments": [
        0,
        0.752,
        1,
        0.3,
        -6.204,
        0.6,
        -9.873,
        0.9,
        -9.873,
        0,
        2.567,
        10.229,
        1,
        2.845,
        10.229,
        3.122,
        7.192,
        3.4,
        0.752,
        1,
        3.7,
        -6.204,
        4,
        -9.873,
        4.3,
        -9.873,
        0,
        5.967,
        10.229,
        1,
        6.245,
        10.229,
        6.522,
        7.192,
        6.8,
        0.752
      ]
    },
    {
      "Target": "Parameter",
      "Id": "Param133",
      "Segments": [
        0,
        -10.489,
        1,
        0.033,
        -11.101,
        0.067,
        -10.683,
        0.1,
        -10.683,
        0,
        1.767,
        9.598,
        1,
        2.311,
        9.598,
        2.856,
        -0.488,
        3.4,
        -10.489,
        1,
        3.433,
        -11.101,
        3.467,
        -10.683,
        3.5,
        -10.683,
        0,
        5.167,
        9.598,
        1,
        5.711,
        9.598,
        6.256,
        -0.488,
        6.8,
        -10.489
      ]
    },
    {
      "Target": "Parameter",
      "Id": "Param134",
      "Segments": [
        0,
        0.752,
        1,
        0.3,
        -6.204,
        0.6,
        -9.873,
        0.9,
        -9.873,
        0,
        2.567,
        10.229,
        1,
        2.845,
        10.229,
        3.122,
        7.192,
        3.4,
        0.752,
        1,
        3.7,
        -6.204,
        4,
        -9.873,
        4.3,
        -9.873,
        0,
        5.967,
        10.229,
        1,
        6.245,
        10.229,
        6.522,
        7.192,
        6.8,
        0.752
      ]
    },
    {
      "Target": "Parameter",
      "Id": "Param143",
      "Segments": [
        0,
        -10.489,
        1,
        0.033,
        -11.101,
        0.067,
        -10.683,
        0.1,
        -10.683,
        0,
        1.767,
        9.598,
        1,
        2.311,
        9.598,
        2.856,
        -0.488,
        3.4,
        -10.489,
        1,
        3.433,
        -11.101,
        3.467,
        -10.683,
        3.5,
        -10.683,
        0,
        5.167,
        9.598,
        1,
        5.711,
        9.598,
        6.256,
        -0.488,
        6.8,
        -10.489
      ]
    },
    {
      "Target": "Parameter",
      "Id": "Param144",
      "Segments": [
        0,
        0.752,
        1,
        0.3,
        -6.204,
        0.6,
        -9.873,
        0.9,
        -9.873,
        0,
        2.567,
        10.229,
        1,
        2.845,
        10.229,
        3.122,
        7.192,
        3.4,
        0.752,
        1,
        3.7,
        -6.204,
        4,
        -9.873,
        4.3,
        -9.873,
        0,
        5.967,
        10.229,
        1,
        6.245,
        10.229,
        6.522,
        7.192,
        6.8,
        0.752
      ]
    },
    {
      "Target": "Parameter",
      "Id": "Param139",
      "Segments": [
        0,
        -10.489,
        1,
        0.033,
        -11.101,
        0.067,
        -10.683,
        0.1,
        -10.683,
        0,
        1.767,
        9.598,
        1,
        2.311,
        9.598,
        2.856,
        -0.488,
        3.4,
        -10.489,
        1,
        3.433,
        -11.101,
        3.467,
        -10.683,
        3.5,
        -10.683,
        0,
        5.167,
        9.598,
        1,
        5.711,
        9.598,
        6.256,
        -0.488,
        6.8,
        -10.489
      ]
    },
    {
      "Target": "Parameter",
      "Id": "Param140",
      "Segments": [
        0,
        0.752,
        1,
        0.3,
        -6.204,
        0.6,
        -9.873,
        0.9,
        -9.873,
        0,
        2.567,
        10.229,
        1,
        2.845,
        10.229,
        3.122,
        7.192,
        3.4,
        0.752,
        1,
        3.7,
        -6.204,
        4,
        -9.873,
        4.3,
        -9.873,
        0,
        5.967,
        10.229,
        1,
        6.245,
        10.229,
        6.522,
        7.192,
        6.8,
        0.752
      ]
    },
    {
      "Target": "Parameter",
      "Id": "Param135",
      "Segments": [
        0,
        -10.489,
        1,
        0.033,
        -11.101,
        0.067,
        -10.683,
        0.1,
        -10.683,
        0,
        1.767,
        9.598,
        1,
        2.311,
        9.598,
        2.856,
        -0.488,
        3.4,
        -10.489,
        1,
        3.433,
        -11.101,
        3.467,
        -10.683,
        3.5,
        -10.683,
        0,
        5.167,
        9.598,
        1,
        5.711,
        9.598,
        6.256,
        -0.488,
        6.8,
        -10.489
      ]
    },
    {
      "Target": "Parameter",
      "Id": "Param136",
      "Segments": [
        0,
        0.752,
        1,
        0.3,
        -6.204,
        0.6,
        -9.873,
        0.9,
        -9.873,
        0,
        2.567,
        10.229,
        1,
        2.845,
        10.229,
        3.122,
        7.192,
        3.4,
        0.752,
        1,
        3.7,
        -6.204,
        4,
        -9.873,
        4.3,
        -9.873,
        0,
        5.967,
        10.229,
        1,
        6.245,
        10.229,
        6.522,
        7.192,
        6.8,
        0.752
      ]
    },
    {
      "Target": "Parameter",
      "Id": "Param145",
      "Segments": [
        0,
        -10.489,
        1,
        0.033,
        -11.101,
        0.067,
        -10.683,
        0.1,
        -10.683,
        0,
        1.767,
        9.598,
        1,
        2.311,
        9.598,
        2.856,
        -0.488,
        3.4,
        -10.489,
        1,
        3.433,
        -11.101,
        3.467,
        -10.683,
        3.5,
        -10.683,
        0,
        5.167,
        9.598,
        1,
        5.711,
        9.598,
        6.256,
        -0.488,
        6.8,
        -10.489
      ]
    },
    {
      "Target": "Parameter",
      "Id": "Param146",
      "Segments": [
        0,
        0.752,
        1,
        0.3,
        -6.204,
        0.6,
        -9.873,
        0.9,
        -9.873,
        0,
        2.567,
        10.229,
        1,
        2.845,
        10.229,
        3.122,
        7.192,
        3.4,
        0.752,
        1,
        3.7,
        -6.204,
        4,
        -9.873,
        4.3,
        -9.873,
        0,
        5.967,
        10.229,
        1,
        6.245,
        10.229,
        6.522,
        7.192,
        6.8,
        0.752
      ]
    },
    {
      "Target": "Parameter",
      "Id": "Param141",
      "Segments": [
        0,
        -10.489,
        1,
        0.033,
        -11.101,
        0.067,
        -10.683,
        0.1,
        -10.683,
        0,
        1.767,
        9.598,
        1,
        2.311,
        9.598,
        2.856,
        -0.488,
        3.4,
        -10.489,
        1,
        3.433,
        -11.101,
        3.467,
        -10.683,
        3.5,
        -10.683,
        0,
        5.167,
        9.598,
        1,
        5.711,
        9.598,
        6.256,
        -0.488,
        6.8,
        -10.489
      ]
    },
    {
      "Target": "Parameter",
      "Id": "Param142",
      "Segments": [
        0,
        0.752,
        1,
        0.3,
        -6.204,
        0.6,
        -9.873,
        0.9,
        -9.873,
        0,
        2.567,
        10.229,
        1,
        2.845,
        10.229,
        3.122,
        7.192,
        3.4,
        0.752,
        1,
        3.7,
        -6.204,
        4,
        -9.873,
        4.3,
        -9.873,
        0,
        5.967,
        10.229,
        1,
        6.245,
        10.229,
        6.522,
        7.192,
        6.8,
        0.752
      ]
    },
    {
      "Target": "Parameter",
      "Id": "Param64x",
      "Segments": [
        0,
        -10.489,
        1,
        0.478,
        -7.951,
        0.955,
        -5.413,
        1.433,
        -2.875,
        2,
        1.767,
        -2.875,
        1,
        2.034,
        -2.875,
        2.3,
        -3.702,
        2.567,
        -5.246,
        1,
        2.656,
        -5.761,
        2.744,
        -6.191,
        2.833,
        -6.691,
        1,
        3.055,
        -7.325,
        3.278,
        -7.958,
        3.5,
        -8.592,
        1,
        3.7,
        -8.592,
        3.9,
        -6.08,
        4.1,
        -5.786,
        1,
        4.167,
        -5.688,
        4.233,
        -5.818,
        4.3,
        -5.702,
        1,
        4.589,
        -5.199,
        4.878,
        -2.875,
        5.167,
        -2.875,
        1,
        5.545,
        -4.781,
        5.922,
        -6.686,
        6.3,
        -8.592,
        1,
        6.467,
        -9.224,
        6.633,
        -9.857,
        6.8,
        -10.489
      ]
    },
    {
      "Target": "Parameter",
      "Id": "Param65y",
      "Segments": [
        0,
        0.752,
        1,
        0.3,
        -0.06,
        0.6,
        -0.871,
        0.9,
        -1.683,
        1,
        1.1,
        -1.413,
        1.3,
        -1.144,
        1.5,
        -0.874,
        2,
        1.8,
        -0.874,
        0,
        2.567,
        3.535,
        1,
        3.078,
        1.356,
        3.589,
        -0.824,
        4.1,
        -3.003,
        2,
        4.3,
        -3.003,
        1,
        4.478,
        -2.293,
        4.655,
        -1.584,
        4.833,
        -0.874,
        1,
        4.966,
        0.106,
        5.1,
        0.833,
        5.233,
        1.787,
        1,
        5.478,
        3.536,
        5.722,
        4.523,
        5.967,
        4.523,
        1,
        6.156,
        4.523,
        6.344,
        4.371,
        6.533,
        3.535,
        1,
        6.622,
        3.143,
        6.711,
        1.505,
        6.8,
        0.752
      ]
    },
    {
      "Target": "Parameter",
      "Id": "Param153",
      "Segments": [
        0,
        5.356,
        1,
        0.522,
        -0.062,
        1.045,
        -5.181,
        1.567,
        -5.181,
        0,
        3.233,
        5.637,
        1,
        3.289,
        5.637,
        3.344,
        5.932,
        3.4,
        5.356,
        1,
        3.922,
        -0.062,
        4.445,
        -5.181,
        4.967,
        -5.181,
        0,
        6.633,
        5.637,
        1,
        6.689,
        5.637,
        6.744,
        5.932,
        6.8,
        5.356
      ]
    },
    {
      "Target": "Parameter",
      "Id": "Param154",
      "Segments": [
        0,
        3.458,
        1,
        0.367,
        -4.949,
        0.733,
        -10.683,
        1.1,
        -10.683,
        0,
        2.767,
        9.598,
        1,
        2.978,
        9.598,
        3.189,
        8.298,
        3.4,
        3.458,
        1,
        3.767,
        -4.949,
        4.133,
        -10.683,
        4.5,
        -10.683,
        0,
        6.167,
        9.598,
        1,
        6.378,
        9.598,
        6.589,
        8.298,
        6.8,
        3.458
      ]
    },
    {
      "Target": "Parameter",
      "Id": "Param50",
      "Segments": [
        0,
        9.665,
        1,
        0.056,
        10.769,
        0.111,
        10.229,
        0.167,
        10.229,
        0,
        1.9,
        -9.873,
        1,
        2.4,
        -9.873,
        2.9,
        -0.27,
        3.4,
        9.665,
        1,
        3.456,
        10.769,
        3.511,
        10.229,
        3.567,
        10.229,
        0,
        5.3,
        -9.873,
        1,
        5.8,
        -9.873,
        6.3,
        -0.27,
        6.8,
        9.665
      ]
    },
    {
      "Target": "Parameter",
      "Id": "Param51",
      "Segments": [
        0,
        -10.489,
        1,
        0.033,
        -11.101,
        0.067,
        -10.683,
        0.1,
        -10.683,
        0,
        1.767,
        9.598,
        1,
        2.311,
        9.598,
        2.856,
        -0.488,
        3.4,
        -10.489,
        1,
        3.433,
        -11.101,
        3.467,
        -10.683,
        3.5,
        -10.683,
        0,
        5.167,
        9.598,
        1,
        5.711,
        9.598,
        6.256,
        -0.488,
        6.8,
        -10.489
      ]
    },
    {
      "Target": "Parameter",
      "Id": "Param52",
      "Segments": [
        0,
        0.752,
        1,
        0.3,
        -6.204,
        0.6,
        -9.873,
        0.9,
        -9.873,
        0,
        2.567,
        10.229,
        1,
        2.845,
        10.229,
        3.122,
        7.192,
        3.4,
        0.752,
        1,
        3.7,
        -6.204,
        4,
        -9.873,
        4.3,
        -9.873,
        0,
        5.967,
        10.229,
        1,
        6.245,
        10.229,
        6.522,
        7.192,
        6.8,
        0.752
      ]
    },
    {
      "Target": "Parameter",
      "Id": "Param47",
      "Segments": [
        0,
        0,
        0,
        1.5,
        -13.297,
        0,
        2.567,
        -1.976,
        0,
        3.5,
        -11.999,
        0,
        4.467,
        -1.976,
        0,
        5.733,
        -11.293,
        0,
        6.8,
        0
      ]
    },
    {
      "Target": "Parameter",
      "Id": "Param46",
      "Segments": [
        0,
        0,
        2,
        0.233,
        0,
        1,
        0.444,
        0,
        0.656,
        -14.039,
        0.867,
        -16.705,
        1,
        1.156,
        -20.352,
        1.444,
        -20.357,
        1.733,
        -20.357,
        0,
        3.167,
        0,
        2,
        4.3,
        0,
        1,
        4.478,
        0,
        4.655,
        -9.327,
        4.833,
        -14.556,
        1,
        5.044,
        -20.766,
        5.256,
        -21.485,
        5.467,
        -21.485,
        0,
        6.6,
        0,
        2,
        6.8,
        0
      ]
    },
    {
      "Target": "Parameter",
      "Id": "Param65",
      "Segments": [
        0,
        30,
        1,
        0.222,
        30,
        0.445,
        29.864,
        0.667,
        26.316,
        1,
        1.222,
        17.447,
        1.778,
        10,
        2.333,
        10,
        0,
        4,
        30,
        0,
        5.567,
        0.644,
        0,
        6.8,
        30
      ]
    },
    {
      "Target": "Parameter",
      "Id": "Param64",
      "Segments": [
        0,
        0,
        1,
        0.589,
        -7.386,
        1.178,
        -18.666,
        1.767,
        -18.666,
        1,
        2.245,
        -18.666,
        2.722,
        -9.774,
        3.2,
        0,
        1,
        3.689,
        10.001,
        4.178,
        12.487,
        4.667,
        12.487,
        1,
        5.378,
        12.487,
        6.089,
        10.379,
        6.8,
        0
      ]
    },
    {
      "Target": "Parameter",
      "Id": "Param",
      "Segments": [
        0,
        -10.552,
        1,
        0.2,
        -10.552,
        0.4,
        -7.161,
        0.6,
        0.232,
        1,
        0.789,
        7.215,
        0.978,
        11.032,
        1.167,
        11.032,
        1,
        1.367,
        11.032,
        1.567,
        8.185,
        1.767,
        0.232,
        1,
        1.922,
        -5.953,
        2.078,
        -10.552,
        2.233,
        -10.552,
        1,
        2.455,
        -10.552,
        2.678,
        -7.649,
        2.9,
        0.232,
        1,
        3.078,
        6.537,
        3.255,
        11.032,
        3.433,
        11.032,
        1,
        3.644,
        11.032,
        3.856,
        8.306,
        4.067,
        0.232,
        1,
        4.222,
        -5.717,
        4.378,
        -10.552,
        4.533,
        -10.552,
        1,
        4.744,
        -10.552,
        4.956,
        -7.335,
        5.167,
        0.232,
        1,
        5.356,
        7.003,
        5.544,
        11.032,
        5.733,
        11.032,
        1,
        5.933,
        11.032,
        6.133,
        8.185,
        6.333,
        0.232,
        1,
        6.489,
        -5.953,
        6.644,
        -10.552,
        6.8,
        -10.552
      ]
    },
    {
      "Target": "Parameter",
      "Id": "Param2",
      "Segments": [
        0,
        2.339,
        1,
        0.2,
        -12.676,
        0.4,
        -17.893,
        0.6,
        -17.893,
        1,
        0.789,
        -17.893,
        0.978,
        -10.893,
        1.167,
        2.339,
        1,
        1.367,
        16.351,
        1.567,
        22.989,
        1.767,
        22.989,
        1,
        1.922,
        22.989,
        2.078,
        13.131,
        2.233,
        2.339,
        1,
        2.455,
        -13.077,
        2.678,
        -17.893,
        2.9,
        -17.893,
        1,
        3.078,
        -17.893,
        3.255,
        -10.038,
        3.433,
        2.339,
        1,
        3.644,
        17.038,
        3.856,
        22.989,
        4.067,
        22.989,
        1,
        4.222,
        22.989,
        4.378,
        13.565,
        4.533,
        2.339,
        1,
        4.744,
        -12.896,
        4.956,
        -17.893,
        5.167,
        -17.893,
        1,
        5.356,
        -17.893,
        5.544,
        -10.893,
        5.733,
        2.339,
        1,
        5.933,
        16.351,
        6.133,
        22.989,
        6.333,
        22.989,
        1,
        6.489,
        22.989,
        6.644,
        14.018,
        6.8,
        2.339
      ]
    },
    {
      "Target": "Parameter",
      "Id": "Param48",
      "Segments": [
        0,
        -4.847,
        1,
        0.033,
        -5.289,
        0.067,
        -5.042,
        0.1,
        -5.042,
        0,
        1.933,
        5.871,
        0,
        3.5,
        -9.898,
        0,
        5.167,
        6.414,
        1,
        5.711,
        6.414,
        6.256,
        1.667,
        6.8,
        -4.847
      ]
    },
    {
      "Target": "Parameter",
      "Id": "Param49",
      "Segments": [
        0,
        1.143,
        1,
        0.3,
        -3.094,
        0.6,
        -4.231,
        0.9,
        -4.231,
        0,
        2.733,
        3.553,
        1,
        2.955,
        3.553,
        3.178,
        3.599,
        3.4,
        1.143,
        1,
        3.7,
        -2.173,
        4,
        -7.244,
        4.3,
        -7.244,
        0,
        5.967,
        8.653,
        1,
        6.245,
        8.653,
        6.522,
        5.093,
        6.8,
        1.143
      ]
    },
    {
      "Target": "Model",
      "Id": "Opacity",
      "Segments": [
        0,
        1,
        0,
        6.8,
        1
      ]
    },
    {
      "Target": "Model",
      "Id": "LipSync",
      "Segments": [
        0,
        0,
        0,
        6.8,
        0
      ]
    },
    {
      "Target": "Parameter",
      "Id": "Param58",
      "Segments": [
        0,
        0,
        0,
        6.8,
        0
      ]
    },
    {
      "Target": "Parameter",
      "Id": "Param7",
      "Segments": [
        0,
        0,
        0,
        6.8,
        0
      ]
    },
    {
      "Target": "Parameter",
      "Id": "Param34",
      "Segments": [
        0,
        0,
        0,
        6.8,
        0
      ]
    },
    {
      "Target": "Parameter",
      "Id": "Param8",
      "Segments": [
        0,
        0,
        0,
        6.8,
        0
      ]
    },
    {
      "Target": "Parameter",
      "Id": "Param33",
      "Segments": [
        0,
        0,
        0,
        6.8,
        0
      ]
    },
    {
      "Target": "Parameter",
      "Id": "ParamAngleZ",
      "Segments": [
        0,
        0,
        0,
        6.8,
        0
      ]
    },
    {
      "Target": "Parameter",
      "Id": "Param62",
      "Segments": [
        0,
        0,
        0,
        6.8,
        0
      ]
    },
    {
      "Target": "Parameter",
      "Id": "Param63",
      "Segments": [
        0,
        0,
        0,
        6.8,
        0
      ]
    },
    {
      "Target": "Parameter",
      "Id": "ParamCheek",
      "Segments": [
        0,
        0,
        0,
        6.8,
        0
      ]
    },
    {
      "Target": "Parameter",
      "Id": "ParamBrowRX",
      "Segments": [
        0,
        0,
        0,
        6.8,
        0
      ]
    },
    {
      "Target": "Parameter",
      "Id": "ParamBrowRAngle",
      "Segments": [
        0,
        0,
        0,
        6.8,
        0
      ]
    },
    {
      "Target": "Parameter",
      "Id": "ParamBrowRForm",
      "Segments": [
        0,
        0,
        0,
        6.8,
        0
      ]
    },
    {
      "Target": "Parameter",
      "Id": "ParamBrowLX",
      "Segments": [
        0,
        0,
        0,
        6.8,
        0
      ]
    },
    {
      "Target": "Parameter",
      "Id": "ParamBrowLAngle",
      "Segments": [
        0,
        0,
        0,
        6.8,
        0
      ]
    },
    {
      "Target": "Parameter",
      "Id": "ParamBrowLForm",
      "Segments": [
        0,
        0,
        0,
        6.8,
        0
      ]
    },
    {
      "Target": "Parameter",
      "Id": "ParamEyeRSmile",
      "Segments": [
        0,
        0,
        0,
        6.8,
        0
      ]
    },
    {
      "Target": "Parameter",
      "Id": "ParamEyeLSmile",
      "Segments": [
        0,
        0,
        0,
        6.8,
        0
      ]
    },
    {
      "Target": "Parameter",
      "Id": "Param6",
      "Segments": [
        0,
        0,
        0,
        6.8,
        0
      ]
    },
    {
      "Target": "Parameter",
      "Id": "ParamEyeBallX",
      "Segments": [
        0,
        0,
        0,
        6.8,
        0
      ]
    },
    {
      "Target": "Parameter",
      "Id": "ParamEyeBallY",
      "Segments": [
        0,
        0,
        0,
        6.8,
        0
      ]
    },
    {
      "Target": "Parameter",
      "Id": "Param120",
      "Segments": [
        0,
        0,
        0,
        6.8,
        0
      ]
    },
    {
      "Target": "Parameter",
      "Id": "Param124",
      "Segments": [
        0,
        0,
        0,
        6.8,
        0
      ]
    },
    {
      "Target": "Parameter",
      "Id": "Param125",
      "Segments": [
        0,
        0,
        0,
        6.8,
        0
      ]
    },
    {
      "Target": "Parameter",
      "Id": "ParamMouthOpenY",
      "Segments": [
        0,
        0.5,
        0,
        6.8,
        0.5
      ]
    },
    {
      "Target": "Parameter",
      "Id": "ParamMouthForm",
      "Segments": [
        0,
        0,
        0,
        6.8,
        0
      ]
    },
    {
      "Target": "Parameter",
      "Id": "Param76",
      "Segments": [
        0,
        0,
        0,
        6.8,
        0
      ]
    },
    {
      "Target": "Parameter",
      "Id": "Param126",
      "Segments": [
        0,
        0,
        0,
        6.8,
        0
      ]
    },
    {
      "Target": "Parameter",
      "Id": "Param53",
      "Segments": [
        0,
        0,
        0,
        6.8,
        0
      ]
    },
    {
      "Target": "Parameter",
      "Id": "ParamBodyAngleZ",
      "Segments": [
        0,
        0,
        0,
        6.8,
        0
      ]
    },
    {
      "Target": "Parameter",
      "Id": "Param11",
      "Segments": [
        0,
        0,
        0,
        6.8,
        0
      ]
    },
    {
      "Target": "Parameter",
      "Id": "Param12",
      "Segments": [
        0,
        0,
        0,
        6.8,
        0
      ]
    },
    {
      "Target": "Parameter",
      "Id": "Param54",
      "Segments": [
        0,
        1,
        0,
        6.8,
        1
      ]
    },
    {
      "Target": "Parameter",
      "Id": "Param55",
      "Segments": [
        0,
        0,
        0,
        6.8,
        0
      ]
    },
    {
      "Target": "Parameter",
      "Id": "Param56",
      "Segments": [
        0,
        1,
        0,
        6.8,
        1
      ]
    },
    {
      "Target": "Parameter",
      "Id": "Param57",
      "Segments": [
        0,
        0,
        0,
        6.8,
        0
      ]
    },
    {
      "Target": "Parameter",
      "Id": "Param121",
      "Segments": [
        0,
        0,
        0,
        6.8,
        0
      ]
    },
    {
      "Target": "Parameter",
      "Id": "Param155",
      "Segments": [
        0,
        -15,
        0,
        6.8,
        -15
      ]
    },
    {
      "Target": "Parameter",
      "Id": "Param115",
      "Segments": [
        0,
        0,
        0,
        6.8,
        0
      ]
    },
    {
      "Target": "Parameter",
      "Id": "Param77",
      "Segments": [
        0,
        0,
        0,
        6.8,
        0
      ]
    },
    {
      "Target": "Parameter",
      "Id": "Param60",
      "Segments": [
        0,
        0,
        0,
        6.8,
        0
      ]
    },
    {
      "Target": "Parameter",
      "Id": "Param61",
      "Segments": [
        0,
        0,
        0,
        6.8,
        0
      ]
    },
    {
      "Target": "Parameter",
      "Id": "Param30",
      "Segments": [
        0,
        30,
        0,
        6.8,
        30
      ]
    },
    {
      "Target": "Parameter",
      "Id": "Param29",
      "Segments": [
        0,
        0,
        0,
        6.8,
        0
      ]
    },
    {
      "Target": "Parameter",
      "Id": "Param28",
      "Segments": [
        0,
        0,
        0,
        6.8,
        0
      ]
    },
    {
      "Target": "Parameter",
      "Id": "Param27",
      "Segments": [
        0,
        0,
        0,
        6.8,
        0
      ]
    },
    {
      "Target": "Parameter",
      "Id": "Param25",
      "Segments": [
        0,
        0,
        0,
        6.8,
        0
      ]
    },
    {
      "Target": "Parameter",
      "Id": "Param26",
      "Segments": [
        0,
        0,
        0,
        6.8,
        0
      ]
    },
    {
      "Target": "Parameter",
      "Id": "Param4",
      "Segments": [
        0,
        0,
        0,
        6.8,
        0
      ]
    },
    {
      "Target": "Parameter",
      "Id": "Param5",
      "Segments": [
        0,
        0,
        0,
        6.8,
        0
      ]
    },
    {
      "Target": "Parameter",
      "Id": "Param59",
      "Segments": [
        0,
        0,
        0,
        6.8,
        0
      ]
    },
    {
      "Target": "Parameter",
      "Id": "Param31",
      "Segments": [
        0,
        0,
        0,
        6.8,
        0
      ]
    },
    {
      "Target": "Parameter",
      "Id": "Param32",
      "Segments": [
        0,
        0,
        0,
        6.8,
        0
      ]
    },
    {
      "Target": "Parameter",
      "Id": "Param122",
      "Segments": [
        0,
        0,
        0,
        6.8,
        0
      ]
    },
    {
      "Target": "Parameter",
      "Id": "Param78",
      "Segments": [
        0,
        0,
        0,
        6.8,
        0
      ]
    },
    {
      "Target": "Parameter",
      "Id": "Param119",
      "Segments": [
        0,
        0,
        0,
        6.8,
        0
      ]
    },
    {
      "Target": "Parameter",
      "Id": "Param37",
      "Segments": [
        0,
        0,
        0,
        6.8,
        0
      ]
    },
    {
      "Target": "Parameter",
      "Id": "Param38",
      "Segments": [
        0,
        0,
        0,
        6.8,
        0
      ]
    },
    {
      "Target": "Parameter",
      "Id": "Param39",
      "Segments": [
        0,
        0,
        0,
        6.8,
        0
      ]
    },
    {
      "Target": "Parameter",
      "Id": "Param111",
      "Segments": [
        0,
        0,
        0,
        6.8,
        0
      ]
    }
  ],
  "UserData": [
    {
      "Time": 0.0,
      "Value": ""
    }
  ]
}