{
  "Version": 3,
  "Meta": {
    "Duration": 4.57,
    "Fps": 30.0,
    "Loop": true,
    "AreBeziersRestricted": true,
    "CurveCount": 140,
    "TotalSegmentCount": 538,
    "TotalPointCount": 816,
    "UserDataCount": 2,
    "TotalUserDataSize": 23
  },
  "Curves": [
    {
      "Target": "Parameter",
      "Id": "ParamAngleX",
      "Segments": [
        0,
        -5.83,
        1,
        0.167,
        -5.83,
        0.333,
        -5.807,
        0.5,
        -5.94,
        1,
        0.644,
        -6.055,
        0.789,
        -8.675,
        0.933,
        -8.675,
        0,
        1.567,
        -3.42,
        0,
        2.3,
        -14.885,
        1,
        2.411,
        -14.885,
        2.522,
        -13.698,
        2.633,
        -13.439,
        1,
        2.822,
        -12.999,
        3.011,
        -13.267,
        3.2,
        -12.515,
        1,
        3.533,
        -11.187,
        3.867,
        0,
        4.2,
        0,
        1,
        4.322,
        0,
        4.445,
        -4.384,
        4.567,
        -5.83
      ]
    },
    {
      "Target": "Parameter",
      "Id": "ParamAngleY",
      "Segments": [
        0,
        2.512,
        0,
        0.267,
        -18.528,
        1,
        0.356,
        -18.528,
        0.444,
        -18.296,
        0.533,
        -15.843,
        1,
        0.6,
        -14.003,
        0.666,
        -6.082,
        0.733,
        -3.034,
        1,
        0.844,
        2.046,
        0.956,
        7.126,
        1.067,
        10.112,
        1,
        1.189,
        13.398,
        1.311,
        14,
        1.433,
        14,
        2,
        1.533,
        14,
        0,
        2.567,
        -5.333,
        2,
        3,
        -5.333,
        0,
        3.6,
        4,
        0,
        4.2,
        0,
        0,
        4.567,
        2.512
      ]
    },
    {
      "Target": "Parameter",
      "Id": "ParamAngleZ",
      "Segments": [
        0,
        0,
        2,
        0.5,
        0,
        0,
        0.833,
        1,
        1,
        0.911,
        1,
        0.989,
        0.862,
        1.067,
        0,
        1,
        1.156,
        -0.985,
        1.244,
        -2,
        1.333,
        -2,
        1,
        1.411,
        -2,
        1.489,
        -1.927,
        1.567,
        -1,
        1,
        1.856,
        2.442,
        2.144,
        4.78,
        2.433,
        4.78,
        2,
        3.067,
        4.78,
        0,
        3.833,
        -2,
        0,
        4.2,
        0,
        2,
        4.567,
        0
      ]
    },
    {
      "Target": "Parameter",
      "Id": "Param62",
      "Segments": [
        0,
        0,
        0,
        1.267,
        -20.222,
        1,
        1.389,
        -20.222,
        1.511,
        -15.524,
        1.633,
        -11,
        1,
        1.822,
        -4.008,
        2.011,
        2.457,
        2.2,
        7.089,
        1,
        2.367,
        11.176,
        2.533,
        12,
        2.7,
        12,
        2,
        4.4,
        12,
        0,
        4.567,
        0
      ]
    },
    {
      "Target": "Parameter",
      "Id": "Param63",
      "Segments": [
        0,
        0,
        2,
        0.5,
        0,
        2,
        1.3,
        0,
        0,
        2.333,
        1,
        0,
        3.033,
        0,
        2,
        4.567,
        0
      ]
    },
    {
      "Target": "Parameter",
      "Id": "ParamCheek",
      "Segments": [
        0,
        0,
        1,
        0.156,
        0,
        0.311,
        0.706,
        0.467,
        0.723,
        1,
        1.256,
        0.808,
        2.044,
        0.83,
        2.833,
        0.83,
        0,
        4.567,
        0
      ]
    },
    {
      "Target": "Parameter",
      "Id": "ParamBrowRY",
      "Segments": [
        0,
        0,
        2,
        0.3,
        0,
        0,
        0.767,
        0.312,
        0,
        1.367,
        0,
        2,
        4.567,
        0
      ]
    },
    {
      "Target": "Parameter",
      "Id": "ParamBrowLY",
      "Segments": [
        0,
        0,
        2,
        0.3,
        0,
        0,
        0.767,
        0.312,
        0,
        1.367,
        0,
        2,
        4.567,
        0
      ]
    },
    {
      "Target": "Parameter",
      "Id": "ParamEyeROpen",
      "Segments": [
        0,
        1,
        2,
        0.1,
        1,
        0,
        0.3,
        0,
        1,
        0.367,
        0,
        0.433,
        0.914,
        0.5,
        1,
        1,
        0.644,
        1.187,
        0.789,
        1.2,
        0.933,
        1.2,
        2,
        1.7,
        1.2,
        0,
        2.033,
        0,
        0,
        2.3,
        1,
        2,
        4.567,
        1
      ]
    },
    {
      "Target": "Parameter",
      "Id": "ParamEyeLOpen",
      "Segments": [
        0,
        1,
        2,
        0.1,
        1,
        0,
        0.3,
        0,
        1,
        0.367,
        0,
        0.433,
        0.914,
        0.5,
        1,
        1,
        0.644,
        1.187,
        0.789,
        1.2,
        0.933,
        1.2,
        2,
        1.7,
        1.2,
        0,
        2.033,
        0,
        0,
        2.3,
        1,
        2,
        4.567,
        1
      ]
    },
    {
      "Target": "Parameter",
      "Id": "Param124",
      "Segments": [
        0,
        0,
        2,
        0.467,
        0,
        0,
        0.767,
        0.6,
        0,
        1.033,
        0.311,
        0,
        1.4,
        0.6,
        0,
        1.667,
        0.311,
        0,
        1.967,
        0.6,
        0,
        2.333,
        0,
        2,
        4.033,
        0,
        2,
        4.567,
        0
      ]
    },
    {
      "Target": "Parameter",
      "Id": "Param125",
      "Segments": [
        0,
        0,
        0,
        0.267,
        0.523,
        0,
        0.6,
        0,
        0,
        0.767,
        0.43,
        0,
        1.067,
        0,
        0,
        1.4,
        0.373,
        0,
        1.667,
        0,
        0,
        2,
        0.468,
        0,
        2.367,
        0,
        0,
        3.033,
        0.523,
        0,
        3.533,
        0,
        2,
        4.567,
        0
      ]
    },
    {
      "Target": "Parameter",
      "Id": "ParamMouthOpenY",
      "Segments": [
        0,
        0.5,
        2,
        0.3,
        0.5,
        0,
        0.433,
        0.682,
        0,
        0.567,
        0.38,
        0,
        0.633,
        0.588,
        0,
        0.833,
        0.02,
        0,
        0.9,
        0.698,
        0,
        0.967,
        0.024,
        0,
        1.033,
        0.737,
        0,
        1.1,
        0.447,
        0,
        1.167,
        0.522,
        0,
        1.233,
        0.071,
        0,
        1.367,
        0.467,
        0,
        1.433,
        0.322,
        0,
        1.5,
        0.353,
        0,
        1.633,
        0,
        0,
        1.767,
        0.722,
        0,
        1.967,
        0,
        2,
        2.1,
        0,
        0,
        2.3,
        0.608,
        0,
        2.367,
        0.439,
        0,
        2.5,
        0.71,
        0,
        2.7,
        0,
        2,
        3.367,
        0,
        0,
        4.433,
        0.5,
        2,
        4.567,
        0.5
      ]
    },
    {
      "Target": "Parameter",
      "Id": "Param126",
      "Segments": [
        0,
        0,
        2,
        0.333,
        0,
        0,
        0.433,
        1,
        2,
        1.5,
        1,
        0,
        1.7,
        0,
        0,
        1.9,
        1,
        2,
        2.2,
        1,
        0,
        2.4,
        0,
        0,
        2.467,
        1,
        2,
        3.667,
        1,
        0,
        4.067,
        0,
        2,
        4.567,
        0
      ]
    },
    {
      "Target": "Parameter",
      "Id": "ParamBodyAngleX",
      "Segments": [
        0,
        -0.839,
        1,
        0.122,
        -0.839,
        0.245,
        -1.22,
        0.367,
        -1.493,
        1,
        0.534,
        -1.864,
        0.7,
        -1.93,
        0.867,
        -1.93,
        0,
        1.967,
        4.988,
        0,
        2.6,
        3.275,
        2,
        3.067,
        3.275,
        1,
        3.256,
        3.275,
        3.444,
        3.017,
        3.633,
        2.318,
        1,
        3.822,
        1.618,
        4.011,
        0.806,
        4.2,
        0,
        1,
        4.322,
        -0.522,
        4.445,
        -0.839,
        4.567,
        -0.839
      ]
    },
    {
      "Target": "Parameter",
      "Id": "ParamBodyAngleY",
      "Segments": [
        0,
        -0.015,
        0,
        0.233,
        -3.544,
        1,
        0.333,
        -3.544,
        0.433,
        -1.239,
        0.533,
        -0.015,
        1,
        0.678,
        1.753,
        0.822,
        2,
        0.967,
        2,
        2,
        1.233,
        2,
        0,
        1.9,
        -7,
        2,
        3.067,
        -7,
        1,
        3.256,
        -7,
        3.444,
        -4.375,
        3.633,
        -2.318,
        1,
        3.822,
        -0.26,
        4.011,
        0,
        4.2,
        0,
        1,
        4.322,
        0,
        4.445,
        0.014,
        4.567,
        -0.015
      ]
    },
    {
      "Target": "Parameter",
      "Id": "ParamBodyAngleY2",
      "Segments": [
        0,
        0,
        0,
        0.467,
        -1.574,
        0,
        0.967,
        2,
        2,
        1.233,
        2,
        0,
        1.9,
        -4.391,
        0,
        2.467,
        -2.419,
        2,
        3.067,
        -2.419,
        1,
        3.256,
        -2.419,
        3.444,
        -1.064,
        3.633,
        -0.52,
        1,
        3.822,
        0.023,
        4.011,
        0,
        4.2,
        0,
        2,
        4.567,
        0
      ]
    },
    {
      "Target": "Parameter",
      "Id": "ParamBodyAngleZ",
      "Segments": [
        0,
        0,
        1,
        0.1,
        0,
        0.2,
        0.653,
        0.3,
        1,
        1,
        0.4,
        1.347,
        0.5,
        1.352,
        0.6,
        1.352,
        0,
        1.5,
        0,
        2,
        4.567,
        0
      ]
    },
    {
      "Target": "Parameter",
      "Id": "Param121",
      "Segments": [
        0,
        0,
        0,
        1.133,
        -22.554,
        2,
        3.067,
        -22.554,
        0,
        4.033,
        0,
        2,
        4.567,
        0
      ]
    },
    {
      "Target": "Parameter",
      "Id": "Param112",
      "Segments": [
        0,
        1.659,
        1,
        0.111,
        1.659,
        0.222,
        -3.172,
        0.333,
        -6.501,
        1,
        0.622,
        -15.157,
        0.911,
        -17.917,
        1.2,
        -17.917,
        0,
        1.7,
        -14.467,
        0,
        2.267,
        -15.993,
        1,
        2.622,
        -15.993,
        2.978,
        -16.13,
        3.333,
        -15.071,
        1,
        3.655,
        -14.111,
        3.978,
        -3.845,
        4.3,
        -0.045,
        1,
        4.389,
        1.003,
        4.478,
        1.229,
        4.567,
        1.659
      ]
    },
    {
      "Target": "Parameter",
      "Id": "Param113",
      "Segments": [
        0,
        -0.326,
        1,
        0.033,
        -0.326,
        0.067,
        5.607,
        0.1,
        7.036,
        1,
        0.411,
        20.375,
        0.722,
        25.827,
        1.033,
        25.827,
        0,
        1.767,
        24.993,
        0,
        3.133,
        25.827,
        1,
        3.333,
        25.827,
        3.533,
        13.715,
        3.733,
        7.147,
        1,
        3.944,
        0.215,
        4.156,
        -0.326,
        4.367,
        -0.326,
        2,
        4.567,
        -0.326
      ]
    },
    {
      "Target": "Parameter",
      "Id": "Param114",
      "Segments": [
        0,
        -1.927,
        1,
        0.167,
        -1.927,
        0.333,
        -1.756,
        0.5,
        0.119,
        1,
        0.778,
        3.243,
        1.055,
        6.205,
        1.333,
        6.205,
        0,
        1.833,
        -3.975,
        0,
        3.333,
        4.882,
        1,
        3.566,
        4.882,
        3.8,
        4.804,
        4.033,
        3.03,
        1,
        4.211,
        1.679,
        4.389,
        -1.927,
        4.567,
        -1.927
      ]
    },
    {
      "Target": "Parameter",
      "Id": "Param155",
      "Segments": [
        0,
        -15,
        0,
        0.7,
        -25.653,
        0,
        1.2,
        -21.734,
        1,
        1.378,
        -21.734,
        1.555,
        -22.897,
        1.733,
        -24.361,
        1,
        1.889,
        -25.642,
        2.044,
        -25.981,
        2.2,
        -25.981,
        0,
        2.5,
        -24.361,
        2,
        3.133,
        -24.361,
        0,
        3.667,
        0.411,
        0,
        4.2,
        -15,
        2,
        4.567,
        -15
      ]
    },
    {
      "Target": "Parameter",
      "Id": "Param115",
      "Segments": [
        0,
        0,
        0,
        0.4,
        -6.559,
        1,
        0.611,
        -6.559,
        0.822,
        -1.408,
        1.033,
        0,
        1,
        1.689,
        4.373,
        2.344,
        5.414,
        3,
        5.414,
        0,
        4.567,
        0
      ]
    },
    {
      "Target": "Parameter",
      "Id": "Param77",
      "Segments": [
        0,
        0,
        1,
        0.089,
        0,
        0.178,
        21.098,
        0.267,
        23.175,
        1,
        0.511,
        28.888,
        0.756,
        30,
        1,
        30,
        2,
        3.2,
        30,
        0,
        3.933,
        0,
        2,
        4.567,
        0
      ]
    },
    {
      "Target": "Parameter",
      "Id": "Param60",
      "Segments": [
        0,
        0,
        2,
        0.133,
        0,
        0,
        0.8,
        -16.19,
        2,
        3.133,
        -16.19,
        0,
        3.933,
        0,
        2,
        4.567,
        0
      ]
    },
    {
      "Target": "Parameter",
      "Id": "Param109",
      "Segments": [
        0,
        -5.394,
        0,
        1.033,
        -6.667,
        0,
        2.267,
        2.681,
        0,
        2.933,
        -1.02,
        0,
        3.8,
        0.35,
        1,
        3.956,
        0.35,
        4.111,
        -1.048,
        4.267,
        -2.768,
        1,
        4.367,
        -3.874,
        4.467,
        -4.939,
        4.567,
        -5.394
      ]
    },
    {
      "Target": "Parameter",
      "Id": "Param110",
      "Segments": [
        0,
        0.752,
        1,
        0.133,
        0.752,
        0.267,
        -2.881,
        0.4,
        -8.535,
        1,
        0.511,
        -13.246,
        0.622,
        -14.954,
        0.733,
        -14.954,
        0,
        1.6,
        9.47,
        1,
        1.867,
        9.47,
        2.133,
        -12.603,
        2.4,
        -15.776,
        1,
        2.667,
        -18.949,
        2.933,
        -18.545,
        3.2,
        -18.545,
        0,
        4.567,
        0.752
      ]
    },
    {
      "Target": "Parameter",
      "Id": "Param127",
      "Segments": [
        0,
        -2.864,
        1,
        0.056,
        -2.864,
        0.111,
        -5.238,
        0.167,
        -5.394,
        1,
        0.511,
        -6.364,
        0.856,
        -6.667,
        1.2,
        -6.667,
        0,
        2.433,
        2.681,
        0,
        3.1,
        -1.02,
        0,
        3.967,
        0.35,
        1,
        4.122,
        0.35,
        4.278,
        -2.349,
        4.433,
        -2.768,
        1,
        4.478,
        -2.888,
        4.522,
        -2.692,
        4.567,
        -2.864
      ]
    },
    {
      "Target": "Parameter",
      "Id": "Param128",
      "Segments": [
        0,
        9.49,
        1,
        0.056,
        9.49,
        0.111,
        2.367,
        0.167,
        0.752,
        1,
        0.3,
        -3.124,
        0.434,
        -4.787,
        0.567,
        -8.535,
        1,
        0.678,
        -11.658,
        0.789,
        -14.954,
        0.9,
        -14.954,
        0,
        1.767,
        9.47,
        1,
        2.034,
        9.47,
        2.3,
        -12.603,
        2.567,
        -15.776,
        1,
        2.834,
        -18.949,
        3.1,
        -18.545,
        3.367,
        -18.545,
        0,
        4.567,
        9.49
      ]
    },
    {
      "Target": "Parameter",
      "Id": "Param9",
      "Segments": [
        0,
        -8.997,
        0,
        0.1,
        -9.164,
        0,
        1.767,
        10.685,
        0,
        3.5,
        -12.391,
        0,
        4.567,
        -8.997
      ]
    },
    {
      "Target": "Parameter",
      "Id": "Param10",
      "Segments": [
        0,
        0.68,
        0,
        0.9,
        -8.466,
        0,
        2.567,
        11.229,
        0,
        3.867,
        -3.859,
        0,
        4.567,
        0.68
      ]
    },
    {
      "Target": "Parameter",
      "Id": "Param19",
      "Segments": [
        0,
        -8.71,
        0,
        0.167,
        -9.164,
        0,
        1.833,
        10.685,
        0,
        3.567,
        -12.391,
        0,
        4.567,
        -8.71
      ]
    },
    {
      "Target": "Parameter",
      "Id": "Param20",
      "Segments": [
        0,
        1.675,
        0,
        0.967,
        -8.466,
        0,
        2.633,
        11.229,
        0,
        3.933,
        -3.859,
        0,
        4.567,
        1.675
      ]
    },
    {
      "Target": "Parameter",
      "Id": "Param21",
      "Segments": [
        0,
        -7.474,
        0,
        0.333,
        -9.164,
        0,
        2,
        10.685,
        0,
        3.733,
        -9.164,
        0,
        4.567,
        -7.474
      ]
    },
    {
      "Target": "Parameter",
      "Id": "Param22",
      "Segments": [
        0,
        4.052,
        0,
        1.133,
        -8.466,
        0,
        2.8,
        11.229,
        1,
        3.389,
        11.229,
        3.978,
        10.352,
        4.567,
        4.052
      ]
    },
    {
      "Target": "Parameter",
      "Id": "Param40",
      "Segments": [
        0,
        -6.436,
        0,
        0.433,
        -9.164,
        0,
        2.1,
        1.886,
        0,
        3.833,
        -9.164,
        0,
        4.567,
        -6.436
      ]
    },
    {
      "Target": "Parameter",
      "Id": "Param41",
      "Segments": [
        0,
        5.347,
        0,
        1.233,
        -8.466,
        0,
        2.9,
        6.256,
        1,
        3.456,
        6.256,
        4.011,
        6.36,
        4.567,
        5.347
      ]
    },
    {
      "Target": "Parameter",
      "Id": "Param42",
      "Segments": [
        0,
        -14.087,
        0,
        0.1,
        -14.35,
        0,
        1.767,
        15.588,
        0,
        3.5,
        -17.577,
        0,
        4.567,
        -14.087
      ]
    },
    {
      "Target": "Parameter",
      "Id": "Param43",
      "Segments": [
        0,
        1.185,
        0,
        0.9,
        -13.247,
        0,
        2.567,
        16.448,
        0,
        3.867,
        -8.64,
        0,
        4.567,
        1.185
      ]
    },
    {
      "Target": "Parameter",
      "Id": "Param44",
      "Segments": [
        0,
        -8.997,
        0,
        0.1,
        -9.164,
        0,
        1.767,
        10.685,
        0,
        3.5,
        -12.391,
        0,
        4.567,
        -8.997
      ]
    },
    {
      "Target": "Parameter",
      "Id": "Param45",
      "Segments": [
        0,
        0.68,
        0,
        0.9,
        -8.466,
        0,
        2.567,
        11.229,
        0,
        3.867,
        -3.859,
        0,
        4.567,
        0.68
      ]
    },
    {
      "Target": "Parameter",
      "Id": "Param23",
      "Segments": [
        0,
        -6.436,
        0,
        0.433,
        -9.164,
        0,
        2.1,
        10.685,
        0,
        3.833,
        -9.164,
        0,
        4.567,
        -6.436
      ]
    },
    {
      "Target": "Parameter",
      "Id": "Param24",
      "Segments": [
        0,
        5.347,
        0,
        1.233,
        -8.466,
        0,
        2.9,
        11.229,
        1,
        3.456,
        11.229,
        4.011,
        10.822,
        4.567,
        5.347
      ]
    },
    {
      "Target": "Parameter",
      "Id": "Param35",
      "Segments": [
        0,
        -10.489,
        0,
        0.1,
        -10.683,
        0,
        1.767,
        11.988,
        0,
        3.5,
        -13.91,
        0,
        4.567,
        -10.489
      ]
    },
    {
      "Target": "Parameter",
      "Id": "Param36",
      "Segments": [
        0,
        0.752,
        0,
        0.9,
        -9.873,
        0,
        2.567,
        12.619,
        0,
        3.867,
        -5.266,
        0,
        4.567,
        0.752
      ]
    },
    {
      "Target": "Parameter",
      "Id": "Param105",
      "Segments": [
        0,
        -17.149,
        0,
        0.1,
        -17.469,
        0,
        1.767,
        18.339,
        0,
        3.5,
        -20.696,
        0,
        4.567,
        -17.149
      ]
    },
    {
      "Target": "Parameter",
      "Id": "Param106",
      "Segments": [
        0,
        1.373,
        0,
        0.9,
        -16.134,
        0,
        2.567,
        19.378,
        0,
        3.867,
        -11.527,
        0,
        4.567,
        1.373
      ]
    },
    {
      "Target": "Parameter",
      "Id": "Param129",
      "Segments": [
        0,
        -10.473,
        0,
        1.4,
        9.598,
        0,
        3.633,
        -15.624,
        1,
        3.944,
        -15.624,
        4.256,
        -15.743,
        4.567,
        -10.473
      ]
    },
    {
      "Target": "Parameter",
      "Id": "Param130",
      "Segments": [
        0,
        -2.687,
        0,
        0.7,
        -14.975,
        0,
        2.033,
        10.229,
        1,
        2.355,
        10.229,
        2.678,
        5.342,
        3,
        -2.751,
        1,
        3.211,
        -8.053,
        3.422,
        -10.001,
        3.633,
        -10.001,
        0,
        4.567,
        -2.687
      ]
    },
    {
      "Target": "Parameter",
      "Id": "Param107",
      "Segments": [
        0,
        -10.156,
        0,
        0.467,
        -15.526,
        0,
        1.6,
        9.598,
        0,
        3.6,
        -15.308,
        0,
        4.567,
        -10.156
      ]
    },
    {
      "Target": "Parameter",
      "Id": "Param108",
      "Segments": [
        0,
        1.908,
        0,
        0.967,
        -14.975,
        0,
        2.267,
        10.229,
        1,
        2.511,
        10.229,
        2.756,
        7.865,
        3,
        1.843,
        1,
        3.3,
        -5.548,
        3.6,
        -10.001,
        3.9,
        -10.001,
        0,
        4.567,
        1.908
      ]
    },
    {
      "Target": "Parameter",
      "Id": "Param131",
      "Segments": [
        0,
        -10.489,
        0,
        0.4,
        -15.526,
        0,
        1.533,
        9.598,
        0,
        3.6,
        -15.64,
        0,
        4.567,
        -10.489
      ]
    },
    {
      "Target": "Parameter",
      "Id": "Param132",
      "Segments": [
        0,
        0.752,
        0,
        0.9,
        -14.975,
        0,
        2.2,
        10.229,
        1,
        2.467,
        10.229,
        2.733,
        7.283,
        3,
        0.687,
        1,
        3.278,
        -6.183,
        3.555,
        -10.001,
        3.833,
        -10.001,
        0,
        4.567,
        0.752
      ]
    },
    {
      "Target": "Parameter",
      "Id": "Param87",
      "Segments": [
        0,
        -10.489,
        0,
        0.4,
        -15.526,
        0,
        1.533,
        9.598,
        0,
        3.6,
        -15.64,
        0,
        4.567,
        -10.489
      ]
    },
    {
      "Target": "Parameter",
      "Id": "Param88",
      "Segments": [
        0,
        0.752,
        0,
        0.9,
        -14.975,
        0,
        2.2,
        10.229,
        1,
        2.467,
        10.229,
        2.733,
        7.283,
        3,
        0.687,
        1,
        3.278,
        -6.183,
        3.555,
        -10.001,
        3.833,
        -10.001,
        0,
        4.567,
        0.752
      ]
    },
    {
      "Target": "Parameter",
      "Id": "Param89",
      "Segments": [
        0,
        -10.489,
        0,
        0.4,
        -15.526,
        0,
        1.533,
        9.598,
        0,
        3.6,
        -15.64,
        0,
        4.567,
        -10.489
      ]
    },
    {
      "Target": "Parameter",
      "Id": "Param90",
      "Segments": [
        0,
        0.752,
        0,
        0.9,
        -14.975,
        0,
        2.2,
        10.229,
        1,
        2.467,
        10.229,
        2.733,
        7.283,
        3,
        0.687,
        1,
        3.278,
        -6.183,
        3.555,
        -10.001,
        3.833,
        -10.001,
        0,
        4.567,
        0.752
      ]
    },
    {
      "Target": "Parameter",
      "Id": "Param137",
      "Segments": [
        0,
        -10.489,
        0,
        0.4,
        -15.526,
        0,
        1.533,
        9.598,
        0,
        3.6,
        -15.64,
        0,
        4.567,
        -10.489
      ]
    },
    {
      "Target": "Parameter",
      "Id": "Param138",
      "Segments": [
        0,
        0.752,
        0,
        0.9,
        -14.975,
        0,
        2.2,
        10.229,
        1,
        2.467,
        10.229,
        2.733,
        7.283,
        3,
        0.687,
        1,
        3.278,
        -6.183,
        3.555,
        -10.001,
        3.833,
        -10.001,
        0,
        4.567,
        0.752
      ]
    },
    {
      "Target": "Parameter",
      "Id": "Param133",
      "Segments": [
        0,
        -10.489,
        0,
        0.4,
        -15.526,
        0,
        1.533,
        9.598,
        0,
        3.6,
        -15.64,
        0,
        4.567,
        -10.489
      ]
    },
    {
      "Target": "Parameter",
      "Id": "Param134",
      "Segments": [
        0,
        0.752,
        0,
        0.9,
        -14.975,
        0,
        2.2,
        10.229,
        1,
        2.467,
        10.229,
        2.733,
        7.283,
        3,
        0.687,
        1,
        3.278,
        -6.183,
        3.555,
        -10.001,
        3.833,
        -10.001,
        0,
        4.567,
        0.752
      ]
    },
    {
      "Target": "Parameter",
      "Id": "Param143",
      "Segments": [
        0,
        -10.489,
        0,
        0.4,
        -15.526,
        0,
        1.533,
        9.598,
        0,
        3.6,
        -15.64,
        0,
        4.567,
        -10.489
      ]
    },
    {
      "Target": "Parameter",
      "Id": "Param144",
      "Segments": [
        0,
        0.752,
        0,
        0.9,
        -14.975,
        0,
        2.2,
        10.229,
        1,
        2.467,
        10.229,
        2.733,
        7.283,
        3,
        0.687,
        1,
        3.278,
        -6.183,
        3.555,
        -10.001,
        3.833,
        -10.001,
        0,
        4.567,
        0.752
      ]
    },
    {
      "Target": "Parameter",
      "Id": "Param139",
      "Segments": [
        0,
        -10.489,
        0,
        0.4,
        -15.526,
        0,
        1.533,
        9.598,
        0,
        3.6,
        -15.64,
        0,
        4.567,
        -10.489
      ]
    },
    {
      "Target": "Parameter",
      "Id": "Param140",
      "Segments": [
        0,
        0.752,
        0,
        0.9,
        -14.975,
        0,
        2.2,
        10.229,
        1,
        2.467,
        10.229,
        2.733,
        7.283,
        3,
        0.687,
        1,
        3.278,
        -6.183,
        3.555,
        -10.001,
        3.833,
        -10.001,
        0,
        4.567,
        0.752
      ]
    },
    {
      "Target": "Parameter",
      "Id": "Param135",
      "Segments": [
        0,
        -10.489,
        0,
        0.4,
        -15.526,
        0,
        1.533,
        9.598,
        0,
        3.6,
        -15.64,
        0,
        4.567,
        -10.489
      ]
    },
    {
      "Target": "Parameter",
      "Id": "Param136",
      "Segments": [
        0,
        0.752,
        0,
        0.9,
        -14.975,
        0,
        2.2,
        10.229,
        1,
        2.467,
        10.229,
        2.733,
        7.283,
        3,
        0.687,
        1,
        3.278,
        -6.183,
        3.555,
        -10.001,
        3.833,
        -10.001,
        0,
        4.567,
        0.752
      ]
    },
    {
      "Target": "Parameter",
      "Id": "Param145",
      "Segments": [
        0,
        -10.489,
        0,
        0.4,
        -15.526,
        0,
        1.533,
        9.598,
        0,
        3.6,
        -15.64,
        0,
        4.567,
        -10.489
      ]
    },
    {
      "Target": "Parameter",
      "Id": "Param146",
      "Segments": [
        0,
        0.752,
        0,
        0.9,
        -14.975,
        0,
        2.2,
        10.229,
        1,
        2.467,
        10.229,
        2.733,
        7.283,
        3,
        0.687,
        1,
        3.278,
        -6.183,
        3.555,
        -10.001,
        3.833,
        -10.001,
        0,
        4.567,
        0.752
      ]
    },
    {
      "Target": "Parameter",
      "Id": "Param141",
      "Segments": [
        0,
        -10.489,
        0,
        0.4,
        -15.526,
        0,
        1.533,
        9.598,
        0,
        3.6,
        -15.64,
        0,
        4.567,
        -10.489
      ]
    },
    {
      "Target": "Parameter",
      "Id": "Param142",
      "Segments": [
        0,
        0.752,
        0,
        0.9,
        -14.975,
        0,
        2.2,
        10.229,
        1,
        2.467,
        10.229,
        2.733,
        7.283,
        3,
        0.687,
        1,
        3.278,
        -6.183,
        3.555,
        -10.001,
        3.833,
        -10.001,
        0,
        4.567,
        0.752
      ]
    },
    {
      "Target": "Parameter",
      "Id": "Param64x",
      "Segments": [
        0,
        -10.489,
        1,
        0.011,
        -10.554,
        0.022,
        -10.618,
        0.033,
        -10.683,
        1,
        0.111,
        -10.111,
        0.189,
        -9.538,
        0.267,
        -8.966,
        1,
        0.322,
        -7.379,
        0.378,
        -5.792,
        0.433,
        -4.205,
        1,
        0.5,
        -2.02,
        0.566,
        0.165,
        0.633,
        2.35,
        1,
        0.744,
        6.642,
        0.856,
        9.598,
        0.967,
        9.598,
        1,
        1.334,
        9.598,
        1.7,
        1.975,
        2.067,
        -4.328,
        1,
        2.256,
        -6.377,
        2.444,
        -8.425,
        2.633,
        -10.474,
        1,
        2.944,
        -11.608,
        3.256,
        -12.743,
        3.567,
        -13.877,
        0,
        4.567,
        -10.489
      ]
    },
    {
      "Target": "Parameter",
      "Id": "Param65y",
      "Segments": [
        0,
        0.752,
        1,
        0.167,
        -2.79,
        0.333,
        -6.331,
        0.5,
        -9.873,
        1,
        0.567,
        -8.231,
        0.633,
        -6.589,
        0.7,
        -4.947,
        1,
        0.811,
        -1.288,
        0.922,
        2.371,
        1.033,
        6.03,
        1,
        1.133,
        9.689,
        1.233,
        12.325,
        1.333,
        12.325,
        1,
        1.566,
        12.325,
        1.8,
        7.67,
        2.033,
        3.567,
        1,
        2.189,
        1.643,
        2.344,
        -0.28,
        2.5,
        -2.204,
        1,
        2.811,
        -4.691,
        3.122,
        -7.177,
        3.433,
        -9.664,
        0,
        4.567,
        0.752
      ]
    },
    {
      "Target": "Parameter",
      "Id": "Param153",
      "Segments": [
        0,
        5.356,
        0,
        1,
        -5.181,
        0,
        2.133,
        5.637,
        0,
        4,
        -0.314,
        0,
        4.567,
        5.356
      ]
    },
    {
      "Target": "Parameter",
      "Id": "Param154",
      "Segments": [
        0,
        3.458,
        0,
        0.7,
        -10.683,
        0,
        1.867,
        9.598,
        0,
        3.5,
        -10.736,
        0,
        4.567,
        3.458
      ]
    },
    {
      "Target": "Parameter",
      "Id": "Param50",
      "Segments": [
        0,
        9.665,
        0,
        0.1,
        10.229,
        0,
        1.2,
        -9.873,
        0,
        2.333,
        10.229,
        0,
        4.3,
        6.709,
        1,
        4.389,
        6.709,
        4.478,
        8.63,
        4.567,
        9.665
      ]
    },
    {
      "Target": "Parameter",
      "Id": "Param51",
      "Segments": [
        0,
        -10.489,
        0,
        0.033,
        -10.683,
        0,
        0.967,
        9.598,
        1,
        1.522,
        9.598,
        2.078,
        -10.466,
        2.633,
        -10.474,
        1,
        3.278,
        -10.483,
        3.922,
        -10.484,
        4.567,
        -10.489
      ]
    },
    {
      "Target": "Parameter",
      "Id": "Param52",
      "Segments": [
        0,
        0.752,
        0,
        0.5,
        -9.873,
        0,
        1.333,
        10.229,
        0,
        3.433,
        -9.664,
        0,
        4.567,
        0.752
      ]
    },
    {
      "Target": "Parameter",
      "Id": "Param47",
      "Segments": [
        0,
        0,
        0,
        1.5,
        -13.297,
        0,
        2.567,
        -1.976,
        0,
        3.5,
        -11.999,
        1,
        3.822,
        -11.999,
        4.145,
        -8.95,
        4.467,
        -1.976,
        1,
        4.5,
        -1.255,
        4.534,
        0,
        4.567,
        0
      ]
    },
    {
      "Target": "Parameter",
      "Id": "Param46",
      "Segments": [
        0,
        0,
        2,
        0.233,
        0,
        1,
        0.444,
        0,
        0.656,
        -14.039,
        0.867,
        -16.705,
        1,
        1.156,
        -20.352,
        1.444,
        -20.357,
        1.733,
        -20.357,
        0,
        3.167,
        0,
        2,
        4.3,
        0,
        2,
        4.567,
        0
      ]
    },
    {
      "Target": "Parameter",
      "Id": "Param65",
      "Segments": [
        0,
        30,
        1,
        0.256,
        30,
        0.511,
        28.775,
        0.767,
        24.455,
        1,
        1.289,
        15.627,
        1.811,
        10,
        2.333,
        10,
        0,
        4.567,
        30
      ]
    },
    {
      "Target": "Parameter",
      "Id": "Param64",
      "Segments": [
        0,
        0,
        0,
        1.767,
        -18.666,
        0,
        4.067,
        0,
        2,
        4.567,
        0
      ]
    },
    {
      "Target": "Parameter",
      "Id": "Param",
      "Segments": [
        0,
        -10.552,
        1,
        0.2,
        -10.552,
        0.4,
        -7.161,
        0.6,
        0.232,
        1,
        0.789,
        7.215,
        0.978,
        11.032,
        1.167,
        11.032,
        1,
        1.367,
        11.032,
        1.567,
        8.185,
        1.767,
        0.232,
        1,
        1.922,
        -5.953,
        2.078,
        -10.552,
        2.233,
        -10.552,
        1,
        2.455,
        -10.552,
        2.678,
        -7.649,
        2.9,
        0.232,
        1,
        3.078,
        6.537,
        3.255,
        11.032,
        3.433,
        11.032,
        1,
        3.644,
        11.032,
        3.856,
        8.306,
        4.067,
        0.232,
        1,
        4.222,
        -5.717,
        4.378,
        -10.552,
        4.533,
        -10.552,
        2,
        4.567,
        -10.552
      ]
    },
    {
      "Target": "Parameter",
      "Id": "Param2",
      "Segments": [
        0,
        2.339,
        0,
        0.6,
        -17.893,
        1,
        0.789,
        -17.893,
        0.978,
        -10.893,
        1.167,
        2.339,
        1,
        1.367,
        16.351,
        1.567,
        22.989,
        1.767,
        22.989,
        1,
        1.922,
        22.989,
        2.078,
        13.131,
        2.233,
        2.339,
        1,
        2.455,
        -13.077,
        2.678,
        -17.893,
        2.9,
        -17.893,
        1,
        3.078,
        -17.893,
        3.255,
        -10.038,
        3.433,
        2.339,
        1,
        3.644,
        17.038,
        3.856,
        22.989,
        4.067,
        22.989,
        0,
        4.533,
        2.339,
        2,
        4.567,
        2.339
      ]
    },
    {
      "Target": "Parameter",
      "Id": "Param48",
      "Segments": [
        0,
        -4.847,
        0,
        0.1,
        -5.042,
        0,
        1.933,
        5.871,
        0,
        3.5,
        -9.898,
        0,
        4.567,
        -4.847
      ]
    },
    {
      "Target": "Parameter",
      "Id": "Param49",
      "Segments": [
        0,
        1.143,
        0,
        0.9,
        -4.231,
        0,
        2.733,
        3.553,
        1,
        2.955,
        3.553,
        3.178,
        3.599,
        3.4,
        1.143,
        1,
        3.7,
        -2.173,
        4,
        -7.244,
        4.3,
        -7.244,
        0,
        4.567,
        1.143
      ]
    },
    {
      "Target": "Model",
      "Id": "Opacity",
      "Segments": [
        0,
        1,
        0,
        4.57,
        1
      ]
    },
    {
      "Target": "Model",
      "Id": "LipSync",
      "Segments": [
        0,
        0,
        0,
        4.57,
        0
      ]
    },
    {
      "Target": "Parameter",
      "Id": "Param58",
      "Segments": [
        0,
        0,
        0,
        4.57,
        0
      ]
    },
    {
      "Target": "Parameter",
      "Id": "Param7",
      "Segments": [
        0,
        0,
        0,
        4.57,
        0
      ]
    },
    {
      "Target": "Parameter",
      "Id": "Param34",
      "Segments": [
        0,
        0,
        0,
        4.57,
        0
      ]
    },
    {
      "Target": "Parameter",
      "Id": "Param8",
      "Segments": [
        0,
        0,
        0,
        4.57,
        0
      ]
    },
    {
      "Target": "Parameter",
      "Id": "Param33",
      "Segments": [
        0,
        0,
        0,
        4.57,
        0
      ]
    },
    {
      "Target": "Parameter",
      "Id": "ParamBrowRX",
      "Segments": [
        0,
        0,
        0,
        4.57,
        0
      ]
    },
    {
      "Target": "Parameter",
      "Id": "ParamBrowRAngle",
      "Segments": [
        0,
        0,
        0,
        4.57,
        0
      ]
    },
    {
      "Target": "Parameter",
      "Id": "ParamBrowRForm",
      "Segments": [
        0,
        0,
        0,
        4.57,
        0
      ]
    },
    {
      "Target": "Parameter",
      "Id": "ParamBrowLX",
      "Segments": [
        0,
        0,
        0,
        4.57,
        0
      ]
    },
    {
      "Target": "Parameter",
      "Id": "ParamBrowLAngle",
      "Segments": [
        0,
        0,
        0,
        4.57,
        0
      ]
    },
    {
      "Target": "Parameter",
      "Id": "ParamBrowLForm",
      "Segments": [
        0,
        0,
        0,
        4.57,
        0
      ]
    },
    {
      "Target": "Parameter",
      "Id": "ParamEyeRSmile",
      "Segments": [
        0,
        0,
        0,
        4.57,
        0
      ]
    },
    {
      "Target": "Parameter",
      "Id": "ParamEyeLSmile",
      "Segments": [
        0,
        0,
        0,
        4.57,
        0
      ]
    },
    {
      "Target": "Parameter",
      "Id": "Param6",
      "Segments": [
        0,
        0,
        0,
        4.57,
        0
      ]
    },
    {
      "Target": "Parameter",
      "Id": "ParamEyeBallX",
      "Segments": [
        0,
        0,
        0,
        4.57,
        0
      ]
    },
    {
      "Target": "Parameter",
      "Id": "ParamEyeBallY",
      "Segments": [
        0,
        0,
        0,
        4.57,
        0
      ]
    },
    {
      "Target": "Parameter",
      "Id": "Param120",
      "Segments": [
        0,
        0,
        0,
        4.57,
        0
      ]
    },
    {
      "Target": "Parameter",
      "Id": "ParamMouthForm",
      "Segments": [
        0,
        0,
        0,
        4.57,
        0
      ]
    },
    {
      "Target": "Parameter",
      "Id": "Param76",
      "Segments": [
        0,
        0,
        0,
        4.57,
        0
      ]
    },
    {
      "Target": "Parameter",
      "Id": "Param53",
      "Segments": [
        0,
        0,
        0,
        4.57,
        0
      ]
    },
    {
      "Target": "Parameter",
      "Id": "ParamBreath",
      "Segments": [
        0,
        0,
        0,
        4.57,
        0
      ]
    },
    {
      "Target": "Parameter",
      "Id": "Param11",
      "Segments": [
        0,
        0,
        0,
        4.57,
        0
      ]
    },
    {
      "Target": "Parameter",
      "Id": "Param12",
      "Segments": [
        0,
        0,
        0,
        4.57,
        0
      ]
    },
    {
      "Target": "Parameter",
      "Id": "Param54",
      "Segments": [
        0,
        1,
        0,
        4.57,
        1
      ]
    },
    {
      "Target": "Parameter",
      "Id": "Param55",
      "Segments": [
        0,
        0,
        0,
        4.57,
        0
      ]
    },
    {
      "Target": "Parameter",
      "Id": "Param56",
      "Segments": [
        0,
        1,
        0,
        4.57,
        1
      ]
    },
    {
      "Target": "Parameter",
      "Id": "Param57",
      "Segments": [
        0,
        0,
        0,
        4.57,
        0
      ]
    },
    {
      "Target": "Parameter",
      "Id": "Param3",
      "Segments": [
        0,
        -1.042,
        0,
        4.57,
        -1.042
      ]
    },
    {
      "Target": "Parameter",
      "Id": "Param61",
      "Segments": [
        0,
        0,
        0,
        4.57,
        0
      ]
    },
    {
      "Target": "Parameter",
      "Id": "Param30",
      "Segments": [
        0,
        30,
        0,
        4.57,
        30
      ]
    },
    {
      "Target": "Parameter",
      "Id": "Param29",
      "Segments": [
        0,
        0,
        0,
        4.57,
        0
      ]
    },
    {
      "Target": "Parameter",
      "Id": "Param28",
      "Segments": [
        0,
        0,
        0,
        4.57,
        0
      ]
    },
    {
      "Target": "Parameter",
      "Id": "Param27",
      "Segments": [
        0,
        0,
        0,
        4.57,
        0
      ]
    },
    {
      "Target": "Parameter",
      "Id": "Param25",
      "Segments": [
        0,
        0,
        0,
        4.57,
        0
      ]
    },
    {
      "Target": "Parameter",
      "Id": "Param26",
      "Segments": [
        0,
        0,
        0,
        4.57,
        0
      ]
    },
    {
      "Target": "Parameter",
      "Id": "Param4",
      "Segments": [
        0,
        0,
        0,
        4.57,
        0
      ]
    },
    {
      "Target": "Parameter",
      "Id": "Param5",
      "Segments": [
        0,
        0,
        0,
        4.57,
        0
      ]
    },
    {
      "Target": "Parameter",
      "Id": "Param59",
      "Segments": [
        0,
        0,
        0,
        4.57,
        0
      ]
    },
    {
      "Target": "Parameter",
      "Id": "Param31",
      "Segments": [
        0,
        0,
        0,
        4.57,
        0
      ]
    },
    {
      "Target": "Parameter",
      "Id": "Param32",
      "Segments": [
        0,
        0,
        0,
        4.57,
        0
      ]
    },
    {
      "Target": "Parameter",
      "Id": "Param122",
      "Segments": [
        0,
        0,
        0,
        4.57,
        0
      ]
    },
    {
      "Target": "Parameter",
      "Id": "Param116",
      "Segments": [
        0,
        0,
        0,
        4.57,
        0
      ]
    },
    {
      "Target": "Parameter",
      "Id": "Param117",
      "Segments": [
        0,
        0,
        0,
        4.57,
        0
      ]
    },
    {
      "Target": "Parameter",
      "Id": "Param78",
      "Segments": [
        0,
        0,
        0,
        4.57,
        0
      ]
    },
    {
      "Target": "Parameter",
      "Id": "Param118",
      "Segments": [
        0,
        0,
        0,
        4.57,
        0
      ]
    },
    {
      "Target": "Parameter",
      "Id": "Param119",
      "Segments": [
        0,
        0,
        0,
        4.57,
        0
      ]
    },
    {
      "Target": "Parameter",
      "Id": "Param123",
      "Segments": [
        0,
        0,
        0,
        4.57,
        0
      ]
    },
    {
      "Target": "Parameter",
      "Id": "Param37",
      "Segments": [
        0,
        0,
        0,
        4.57,
        0
      ]
    },
    {
      "Target": "Parameter",
      "Id": "Param38",
      "Segments": [
        0,
        0,
        0,
        4.57,
        0
      ]
    },
    {
      "Target": "Parameter",
      "Id": "Param39",
      "Segments": [
        0,
        0,
        0,
        4.57,
        0
      ]
    },
    {
      "Target": "Parameter",
      "Id": "Param111",
      "Segments": [
        0,
        0,
        0,
        4.57,
        0
      ]
    }
  ],
  "UserData": [
    {
      "Time": 0.0,
      "Value": ""
    },
    {
      "Time": 0.433333337,
      "Value": "characterVoice_105_4.13"
    }
  ]
}