{
  "Version": 3,
  "Meta": {
    "Duration": 2.9,
    "Fps": 30.0,
    "Loop": true,
    "AreBeziersRestricted": true,
    "CurveCount": 140,
    "TotalSegmentCount": 475,
    "TotalPointCount": 745,
    "UserDataCount": 1,
    "TotalUserDataSize": 0
  },
  "Curves": [
    {
      "Target": "Parameter",
      "Id": "ParamAngleX",
      "Segments": [
        0,
        -5.83,
        0,
        0.233,
        -7.926,
        0,
        0.6,
        7.027,
        0,
        0.867,
        4,
        2,
        1.767,
        4,
        0,
        2.5,
        -5.83,
        2,
        2.9,
        -5.83
      ]
    },
    {
      "Target": "Parameter",
      "Id": "ParamAngleY",
      "Segments": [
        0,
        2.512,
        0,
        0.1,
        1.377,
        0,
        0.333,
        13.094,
        2,
        0.4,
        13.094,
        0,
        0.833,
        -19.591,
        1,
        0.933,
        -19.591,
        1.033,
        -14.957,
        1.133,
        -14.661,
        1,
        1.344,
        -14.035,
        1.556,
        -14,
        1.767,
        -14,
        1,
        1.834,
        -14,
        1.9,
        -16.058,
        1.967,
        -18.549,
        1,
        2.045,
        -21.455,
        2.122,
        -22.355,
        2.2,
        -22.355,
        0,
        2.7,
        4.053,
        1,
        2.767,
        4.053,
        2.833,
        3.473,
        2.9,
        2.512
      ]
    },
    {
      "Target": "Parameter",
      "Id": "ParamAngleZ",
      "Segments": [
        0,
        0,
        2,
        1.933,
        0,
        0,
        2.233,
        2.02,
        0,
        2.667,
        0,
        2,
        2.9,
        0
      ]
    },
    {
      "Target": "Parameter",
      "Id": "ParamBrowRY",
      "Segments": [
        0,
        0,
        0,
        0.467,
        0.19,
        0,
        0.767,
        0,
        2,
        2.167,
        0,
        2,
        2.633,
        0,
        2,
        2.9,
        0
      ]
    },
    {
      "Target": "Parameter",
      "Id": "ParamBrowRAngle",
      "Segments": [
        0,
        0,
        2,
        0.467,
        0,
        0,
        0.767,
        0.4,
        2,
        2.167,
        0.4,
        0,
        2.633,
        0,
        2,
        2.9,
        0
      ]
    },
    {
      "Target": "Parameter",
      "Id": "ParamBrowRForm",
      "Segments": [
        0,
        0,
        2,
        0.467,
        0,
        0,
        0.767,
        -0.4,
        2,
        2.167,
        -0.4,
        0,
        2.633,
        0,
        2,
        2.9,
        0
      ]
    },
    {
      "Target": "Parameter",
      "Id": "ParamBrowLY",
      "Segments": [
        0,
        0,
        0,
        0.467,
        0.258,
        0,
        0.767,
        0,
        2,
        2.167,
        0,
        2,
        2.633,
        0,
        2,
        2.9,
        0
      ]
    },
    {
      "Target": "Parameter",
      "Id": "ParamBrowLAngle",
      "Segments": [
        0,
        0,
        2,
        0.467,
        0,
        0,
        0.767,
        -0.2,
        2,
        2.167,
        -0.2,
        0,
        2.633,
        0,
        2,
        2.9,
        0
      ]
    },
    {
      "Target": "Parameter",
      "Id": "ParamBrowLForm",
      "Segments": [
        0,
        0,
        2,
        0.467,
        0,
        0,
        0.767,
        -0.4,
        2,
        2.167,
        -0.4,
        0,
        2.633,
        0,
        2,
        2.9,
        0
      ]
    },
    {
      "Target": "Parameter",
      "Id": "ParamEyeROpen",
      "Segments": [
        0,
        1,
        2,
        0.333,
        1,
        0,
        0.633,
        0.9,
        2,
        1.7,
        0.9,
        0,
        2.067,
        1,
        0,
        2.267,
        0,
        0,
        2.433,
        1,
        2,
        2.9,
        1
      ]
    },
    {
      "Target": "Parameter",
      "Id": "ParamEyeLOpen",
      "Segments": [
        0,
        1,
        2,
        0.333,
        1,
        0,
        0.633,
        0.9,
        2,
        1.7,
        0.9,
        0,
        2.067,
        1,
        0,
        2.267,
        0,
        0,
        2.433,
        1,
        2,
        2.9,
        1
      ]
    },
    {
      "Target": "Parameter",
      "Id": "Param6",
      "Segments": [
        0,
        0,
        2,
        0.333,
        0,
        0,
        0.7,
        1,
        2,
        2.2,
        1,
        0,
        2.667,
        0,
        2,
        2.9,
        0
      ]
    },
    {
      "Target": "Parameter",
      "Id": "ParamEyeBallX",
      "Segments": [
        0,
        0,
        2,
        0.2,
        0,
        0,
        0.667,
        -0.5,
        2,
        1.733,
        -0.5,
        0,
        2.467,
        0,
        2,
        2.9,
        0
      ]
    },
    {
      "Target": "Parameter",
      "Id": "ParamMouthOpenY",
      "Segments": [
        0,
        0.5,
        1,
        0.056,
        0.5,
        0.111,
        0.49,
        0.167,
        0.555,
        1,
        0.222,
        0.62,
        0.278,
        1,
        0.333,
        1,
        0,
        0.533,
        0,
        2,
        1.867,
        0,
        2,
        2,
        0,
        0,
        2.9,
        0.5
      ]
    },
    {
      "Target": "Parameter",
      "Id": "ParamMouthForm",
      "Segments": [
        0,
        0,
        0,
        0.1,
        -2,
        2,
        1.867,
        -2,
        0,
        2.2,
        0,
        2,
        2.9,
        0
      ]
    },
    {
      "Target": "Parameter",
      "Id": "Param126",
      "Segments": [
        0,
        0,
        0,
        0.1,
        1,
        2,
        0.533,
        1,
        2,
        1.867,
        1,
        0,
        2.433,
        0,
        2,
        2.9,
        0
      ]
    },
    {
      "Target": "Parameter",
      "Id": "Param53",
      "Segments": [
        0,
        0,
        2,
        0.3,
        0,
        0,
        0.467,
        1,
        2,
        0.7,
        1,
        2,
        1.867,
        1,
        0,
        2,
        0,
        2,
        2.9,
        0
      ]
    },
    {
      "Target": "Parameter",
      "Id": "ParamBodyAngleX",
      "Segments": [
        0,
        -0.839,
        0,
        0.133,
        1,
        0,
        0.667,
        -5.918,
        0,
        1.1,
        -5,
        2,
        1.733,
        -5,
        0,
        2.4,
        -0.015,
        0,
        2.9,
        -0.839
      ]
    },
    {
      "Target": "Parameter",
      "Id": "ParamBodyAngleY",
      "Segments": [
        0,
        -0.015,
        0,
        0.2,
        1,
        0,
        0.733,
        -5.918,
        1,
        0.878,
        -5.918,
        1.022,
        -5.134,
        1.167,
        -5,
        1,
        1.378,
        -4.804,
        1.589,
        -4.867,
        1.8,
        -4.617,
        1,
        2.022,
        -4.355,
        2.245,
        -0.015,
        2.467,
        -0.015,
        2,
        2.9,
        -0.015
      ]
    },
    {
      "Target": "Parameter",
      "Id": "ParamBodyAngleY2",
      "Segments": [
        0,
        0,
        0,
        0.167,
        1,
        0,
        0.7,
        -4.228,
        0,
        1.133,
        -3.31,
        0,
        1.767,
        -3.568,
        1,
        1.989,
        -3.568,
        2.211,
        -0.032,
        2.433,
        -0.015,
        1,
        2.589,
        -0.003,
        2.744,
        -0.022,
        2.9,
        0
      ]
    },
    {
      "Target": "Parameter",
      "Id": "Param121",
      "Segments": [
        0,
        0,
        0,
        0.433,
        15.179,
        0,
        0.8,
        0,
        2,
        0.9,
        0,
        2,
        2,
        0,
        2,
        2.9,
        0
      ]
    },
    {
      "Target": "Parameter",
      "Id": "Param112",
      "Segments": [
        0,
        1.659,
        1,
        0.1,
        1.659,
        0.2,
        -1.111,
        0.3,
        -5.632,
        1,
        0.5,
        -14.674,
        0.7,
        -18.744,
        0.9,
        -18.744,
        2,
        2,
        -18.744,
        1,
        2.111,
        -18.744,
        2.222,
        -10.693,
        2.333,
        -8.144,
        1,
        2.522,
        -3.809,
        2.711,
        0.373,
        2.9,
        1.659
      ]
    },
    {
      "Target": "Parameter",
      "Id": "Param113",
      "Segments": [
        0,
        -0.326,
        1,
        0.078,
        -0.326,
        0.155,
        -0.777,
        0.233,
        0.457,
        1,
        0.455,
        3.98,
        0.678,
        11.7,
        0.9,
        11.7,
        2,
        2,
        11.7,
        0,
        2.9,
        -0.326
      ]
    },
    {
      "Target": "Parameter",
      "Id": "Param114",
      "Segments": [
        0,
        -1.927,
        0,
        0.9,
        6.43,
        2,
        2,
        6.43,
        0,
        2.9,
        -1.927
      ]
    },
    {
      "Target": "Parameter",
      "Id": "Param155",
      "Segments": [
        0,
        -15,
        1,
        0.144,
        -15,
        0.289,
        -14.503,
        0.433,
        -7,
        1,
        0.589,
        1.08,
        0.744,
        14.429,
        0.9,
        14.429,
        0,
        1.433,
        9.796,
        2,
        2,
        9.796,
        0,
        2.9,
        -15
      ]
    },
    {
      "Target": "Parameter",
      "Id": "Param115",
      "Segments": [
        0,
        0,
        0,
        0.5,
        -11,
        1,
        0.633,
        -11,
        0.767,
        -3.77,
        0.9,
        0,
        1,
        0.978,
        2.199,
        1.055,
        2.939,
        1.133,
        3.843,
        1,
        1.222,
        4.877,
        1.311,
        5.083,
        1.4,
        5.083,
        1,
        1.544,
        5.083,
        1.689,
        5.264,
        1.833,
        3.843,
        1,
        1.978,
        2.423,
        2.122,
        -6.137,
        2.267,
        -6.137,
        0,
        2.567,
        0,
        2,
        2.9,
        0
      ]
    },
    {
      "Target": "Parameter",
      "Id": "Param77",
      "Segments": [
        0,
        0,
        1,
        0.122,
        0,
        0.245,
        2.355,
        0.367,
        7.5,
        1,
        0.422,
        9.838,
        0.478,
        13.018,
        0.533,
        15,
        1,
        0.655,
        19.36,
        0.778,
        21,
        0.9,
        21,
        2,
        2,
        21,
        1,
        2.122,
        21,
        2.245,
        20.257,
        2.367,
        15,
        1,
        2.545,
        7.354,
        2.722,
        0,
        2.9,
        0
      ]
    },
    {
      "Target": "Parameter",
      "Id": "Param122",
      "Segments": [
        0,
        0,
        0,
        0.433,
        15.179,
        0,
        0.8,
        0,
        2,
        2.9,
        0
      ]
    },
    {
      "Target": "Parameter",
      "Id": "Param117",
      "Segments": [
        0,
        0,
        0,
        0.267,
        5,
        1,
        0.434,
        5,
        0.6,
        -3.622,
        0.767,
        -3.627,
        1,
        1.211,
        -3.641,
        1.656,
        -3.642,
        2.1,
        -3.642,
        0,
        2.667,
        0,
        2,
        2.9,
        0
      ]
    },
    {
      "Target": "Parameter",
      "Id": "Param118",
      "Segments": [
        0,
        0,
        0,
        0.267,
        -6,
        0,
        0.767,
        10,
        2,
        2.1,
        10,
        0,
        2.667,
        0,
        2,
        2.9,
        0
      ]
    },
    {
      "Target": "Parameter",
      "Id": "Param123",
      "Segments": [
        0,
        0,
        0,
        0.3,
        -11,
        0,
        0.767,
        13,
        2,
        2.133,
        13,
        0,
        2.633,
        0,
        2,
        2.9,
        0
      ]
    },
    {
      "Target": "Parameter",
      "Id": "Param109",
      "Segments": [
        0,
        -5.394,
        0,
        0.733,
        20.28,
        0,
        1.467,
        -2.97,
        0,
        1.933,
        2.97,
        1,
        2.089,
        2.97,
        2.244,
        0.141,
        2.4,
        -1.536,
        1,
        2.567,
        -3.333,
        2.733,
        -4.55,
        2.9,
        -5.394
      ]
    },
    {
      "Target": "Parameter",
      "Id": "Param110",
      "Segments": [
        0,
        0.752,
        0,
        0.433,
        24.171,
        0,
        1.033,
        -16.798,
        0,
        1.767,
        7.374,
        0,
        2.233,
        -5.838,
        0,
        2.633,
        4.404,
        1,
        2.722,
        4.404,
        2.811,
        2.918,
        2.9,
        0.752
      ]
    },
    {
      "Target": "Parameter",
      "Id": "Param127",
      "Segments": [
        0,
        -2.864,
        0,
        0.4,
        -10.683,
        0,
        1.367,
        9.598,
        1,
        1.567,
        9.598,
        1.767,
        5.783,
        1.967,
        -1.561,
        1,
        2.111,
        -6.866,
        2.256,
        -9.381,
        2.4,
        -9.381,
        0,
        2.9,
        -2.864
      ]
    },
    {
      "Target": "Parameter",
      "Id": "Param128",
      "Segments": [
        0,
        9.49,
        0,
        0.867,
        -9.873,
        0,
        1.833,
        10.229,
        0,
        1.967,
        9.49,
        2,
        2.9,
        9.49
      ]
    },
    {
      "Target": "Parameter",
      "Id": "Param9",
      "Segments": [
        0,
        -8.997,
        0,
        0.033,
        -9.164,
        0,
        1,
        8.295,
        1,
        1.633,
        8.295,
        2.267,
        0.325,
        2.9,
        -8.997
      ]
    },
    {
      "Target": "Parameter",
      "Id": "Param10",
      "Segments": [
        0,
        0.68,
        0,
        0.5,
        -8.466,
        0,
        1.467,
        8.838,
        0,
        2.233,
        -1.127,
        0,
        2.9,
        0.68
      ]
    },
    {
      "Target": "Parameter",
      "Id": "Param19",
      "Segments": [
        0,
        -8.71,
        0,
        0.067,
        -9.164,
        0,
        1.067,
        8.295,
        1,
        1.678,
        8.295,
        2.289,
        0.644,
        2.9,
        -8.71
      ]
    },
    {
      "Target": "Parameter",
      "Id": "Param20",
      "Segments": [
        0,
        1.675,
        0,
        0.533,
        -8.466,
        0,
        1.5,
        8.838,
        0,
        2.267,
        -1.127,
        0,
        2.9,
        1.675
      ]
    },
    {
      "Target": "Parameter",
      "Id": "Param21",
      "Segments": [
        0,
        -7.474,
        0,
        0.167,
        -9.164,
        0,
        1.133,
        8.295,
        1,
        1.722,
        8.295,
        2.311,
        1.877,
        2.9,
        -7.474
      ]
    },
    {
      "Target": "Parameter",
      "Id": "Param22",
      "Segments": [
        0,
        4.052,
        0,
        0.633,
        -8.466,
        0,
        1.6,
        8.838,
        0,
        2.367,
        -1.127,
        0,
        2.9,
        4.052
      ]
    },
    {
      "Target": "Parameter",
      "Id": "Param40",
      "Segments": [
        0,
        -6.436,
        0,
        0.233,
        -9.164,
        0,
        1.2,
        8.295,
        0,
        2.533,
        -9.566,
        0,
        2.9,
        -6.436
      ]
    },
    {
      "Target": "Parameter",
      "Id": "Param41",
      "Segments": [
        0,
        5.347,
        0,
        0.7,
        -8.466,
        0,
        1.667,
        8.838,
        0,
        2.4,
        -1.127,
        0,
        2.9,
        5.347
      ]
    },
    {
      "Target": "Parameter",
      "Id": "Param42",
      "Segments": [
        0,
        -14.087,
        0,
        0.033,
        -14.35,
        0,
        1,
        13.198,
        1,
        1.633,
        13.198,
        2.267,
        0.449,
        2.9,
        -14.087
      ]
    },
    {
      "Target": "Parameter",
      "Id": "Param43",
      "Segments": [
        0,
        1.185,
        0,
        0.5,
        -13.247,
        0,
        1.467,
        14.058,
        0,
        2.5,
        -4.048,
        0,
        2.9,
        1.185
      ]
    },
    {
      "Target": "Parameter",
      "Id": "Param44",
      "Segments": [
        0,
        -8.997,
        0,
        0.033,
        -9.164,
        0,
        1,
        8.295,
        1,
        1.633,
        8.295,
        2.267,
        0.325,
        2.9,
        -8.997
      ]
    },
    {
      "Target": "Parameter",
      "Id": "Param45",
      "Segments": [
        0,
        0.68,
        0,
        0.5,
        -8.466,
        0,
        1.467,
        8.838,
        0,
        2.233,
        -1.127,
        0,
        2.9,
        0.68
      ]
    },
    {
      "Target": "Parameter",
      "Id": "Param23",
      "Segments": [
        0,
        -6.436,
        0,
        0.233,
        -9.164,
        0,
        1.2,
        8.295,
        0,
        2.533,
        -9.566,
        0,
        2.9,
        -6.436
      ]
    },
    {
      "Target": "Parameter",
      "Id": "Param24",
      "Segments": [
        0,
        5.347,
        0,
        0.7,
        -8.466,
        0,
        1.667,
        8.838,
        0,
        2.4,
        -1.127,
        0,
        2.9,
        5.347
      ]
    },
    {
      "Target": "Parameter",
      "Id": "Param35",
      "Segments": [
        0,
        -10.489,
        0,
        0.033,
        -10.683,
        0,
        1,
        9.598,
        1,
        1.322,
        9.598,
        1.645,
        -2.693,
        1.967,
        -9.187,
        1,
        1.989,
        -9.635,
        2.011,
        -9.351,
        2.033,
        -9.381,
        1,
        2.322,
        -9.766,
        2.611,
        -10.092,
        2.9,
        -10.489
      ]
    },
    {
      "Target": "Parameter",
      "Id": "Param36",
      "Segments": [
        0,
        0.752,
        0,
        0.5,
        -9.873,
        0,
        1.467,
        10.229,
        1,
        1.634,
        10.229,
        1.8,
        6.805,
        1.967,
        0.752,
        1,
        2.145,
        -5.705,
        2.322,
        -8.571,
        2.5,
        -8.571,
        0,
        2.9,
        0.752
      ]
    },
    {
      "Target": "Parameter",
      "Id": "Param105",
      "Segments": [
        0,
        -17.149,
        0,
        0.033,
        -17.469,
        0,
        1,
        15.948,
        1,
        1.322,
        15.948,
        1.645,
        -5.564,
        1.967,
        -15.846,
        1,
        1.989,
        -16.556,
        2.011,
        -16.14,
        2.033,
        -16.167,
        1,
        2.322,
        -16.513,
        2.611,
        -16.791,
        2.9,
        -17.149
      ]
    },
    {
      "Target": "Parameter",
      "Id": "Param106",
      "Segments": [
        0,
        1.373,
        0,
        0.5,
        -16.134,
        0,
        1.467,
        16.988,
        1,
        1.634,
        16.988,
        1.8,
        11.635,
        1.967,
        1.373,
        1,
        2.145,
        -9.573,
        2.322,
        -14.832,
        2.5,
        -14.832,
        0,
        2.9,
        1.373
      ]
    },
    {
      "Target": "Parameter",
      "Id": "Param129",
      "Segments": [
        0,
        -10.473,
        0,
        0.5,
        9.598,
        1,
        0.789,
        9.598,
        1.078,
        -8.263,
        1.367,
        -9.066,
        1,
        1.878,
        -10.485,
        2.389,
        -10.473,
        2.9,
        -10.473
      ]
    },
    {
      "Target": "Parameter",
      "Id": "Param130",
      "Segments": [
        0,
        -2.687,
        0,
        0.2,
        -9.873,
        0,
        0.767,
        10.229,
        1,
        0.945,
        10.229,
        1.122,
        3.336,
        1.3,
        -2.582,
        1,
        1.456,
        -7.76,
        1.611,
        -8.466,
        1.767,
        -8.466,
        0,
        2.9,
        -2.687
      ]
    },
    {
      "Target": "Parameter",
      "Id": "Param107",
      "Segments": [
        0,
        -10.156,
        0,
        0.033,
        -10.683,
        0,
        0.6,
        9.598,
        1,
        0.856,
        9.598,
        1.111,
        -0.546,
        1.367,
        -8.75,
        1,
        1.389,
        -9.463,
        1.411,
        -9.263,
        1.433,
        -9.276,
        1,
        1.922,
        -9.582,
        2.411,
        -9.833,
        2.9,
        -10.156
      ]
    },
    {
      "Target": "Parameter",
      "Id": "Param108",
      "Segments": [
        0,
        1.908,
        0,
        0.3,
        -9.873,
        0,
        0.867,
        10.229,
        1,
        1.011,
        10.229,
        1.156,
        7.229,
        1.3,
        2.012,
        1,
        1.5,
        -5.211,
        1.7,
        -8.466,
        1.9,
        -8.466,
        0,
        2.9,
        1.908
      ]
    },
    {
      "Target": "Parameter",
      "Id": "Param131",
      "Segments": [
        0,
        -10.489,
        0,
        0.567,
        9.598,
        1,
        0.834,
        9.598,
        1.1,
        0.129,
        1.367,
        -9.082,
        1,
        1.378,
        -9.466,
        1.389,
        -9.267,
        1.4,
        -9.276,
        1,
        1.9,
        -9.688,
        2.4,
        -10.064,
        2.9,
        -10.489
      ]
    },
    {
      "Target": "Parameter",
      "Id": "Param132",
      "Segments": [
        0,
        0.752,
        0,
        0.267,
        -9.873,
        0,
        0.833,
        10.229,
        1,
        0.989,
        10.229,
        1.144,
        6.209,
        1.3,
        0.856,
        1,
        1.5,
        -6.026,
        1.7,
        -8.466,
        1.9,
        -8.466,
        0,
        2.9,
        0.752
      ]
    },
    {
      "Target": "Parameter",
      "Id": "Param87",
      "Segments": [
        0,
        -10.489,
        0,
        0.567,
        9.598,
        1,
        0.834,
        9.598,
        1.1,
        0.129,
        1.367,
        -9.082,
        1,
        1.378,
        -9.466,
        1.389,
        -9.267,
        1.4,
        -9.276,
        1,
        1.9,
        -9.688,
        2.4,
        -10.064,
        2.9,
        -10.489
      ]
    },
    {
      "Target": "Parameter",
      "Id": "Param88",
      "Segments": [
        0,
        0.752,
        0,
        0.267,
        -9.873,
        0,
        0.833,
        10.229,
        1,
        0.989,
        10.229,
        1.144,
        6.209,
        1.3,
        0.856,
        1,
        1.5,
        -6.026,
        1.7,
        -8.466,
        1.9,
        -8.466,
        0,
        2.9,
        0.752
      ]
    },
    {
      "Target": "Parameter",
      "Id": "Param89",
      "Segments": [
        0,
        -10.489,
        0,
        0.567,
        9.598,
        1,
        0.834,
        9.598,
        1.1,
        0.129,
        1.367,
        -9.082,
        1,
        1.378,
        -9.466,
        1.389,
        -9.267,
        1.4,
        -9.276,
        1,
        1.9,
        -9.688,
        2.4,
        -10.064,
        2.9,
        -10.489
      ]
    },
    {
      "Target": "Parameter",
      "Id": "Param90",
      "Segments": [
        0,
        0.752,
        0,
        0.267,
        -9.873,
        0,
        0.833,
        10.229,
        1,
        0.989,
        10.229,
        1.144,
        6.209,
        1.3,
        0.856,
        1,
        1.5,
        -6.026,
        1.7,
        -8.466,
        1.9,
        -8.466,
        0,
        2.9,
        0.752
      ]
    },
    {
      "Target": "Parameter",
      "Id": "Param137",
      "Segments": [
        0,
        -10.489,
        0,
        0.567,
        9.598,
        1,
        0.834,
        9.598,
        1.1,
        0.129,
        1.367,
        -9.082,
        1,
        1.378,
        -9.466,
        1.389,
        -9.267,
        1.4,
        -9.276,
        1,
        1.9,
        -9.688,
        2.4,
        -10.064,
        2.9,
        -10.489
      ]
    },
    {
      "Target": "Parameter",
      "Id": "Param138",
      "Segments": [
        0,
        0.752,
        0,
        0.267,
        -9.873,
        0,
        0.833,
        10.229,
        1,
        0.989,
        10.229,
        1.144,
        6.209,
        1.3,
        0.856,
        1,
        1.5,
        -6.026,
        1.7,
        -8.466,
        1.9,
        -8.466,
        0,
        2.9,
        0.752
      ]
    },
    {
      "Target": "Parameter",
      "Id": "Param133",
      "Segments": [
        0,
        -10.489,
        0,
        0.567,
        9.598,
        1,
        0.834,
        9.598,
        1.1,
        0.129,
        1.367,
        -9.082,
        1,
        1.378,
        -9.466,
        1.389,
        -9.267,
        1.4,
        -9.276,
        1,
        1.9,
        -9.688,
        2.4,
        -10.064,
        2.9,
        -10.489
      ]
    },
    {
      "Target": "Parameter",
      "Id": "Param134",
      "Segments": [
        0,
        0.752,
        0,
        0.267,
        -9.873,
        0,
        0.833,
        10.229,
        1,
        0.989,
        10.229,
        1.144,
        6.209,
        1.3,
        0.856,
        1,
        1.5,
        -6.026,
        1.7,
        -8.466,
        1.9,
        -8.466,
        0,
        2.9,
        0.752
      ]
    },
    {
      "Target": "Parameter",
      "Id": "Param143",
      "Segments": [
        0,
        -10.489,
        0,
        0.567,
        9.598,
        1,
        0.834,
        9.598,
        1.1,
        0.129,
        1.367,
        -9.082,
        1,
        1.378,
        -9.466,
        1.389,
        -9.267,
        1.4,
        -9.276,
        1,
        1.9,
        -9.688,
        2.4,
        -10.064,
        2.9,
        -10.489
      ]
    },
    {
      "Target": "Parameter",
      "Id": "Param144",
      "Segments": [
        0,
        0.752,
        0,
        0.267,
        -9.873,
        0,
        0.833,
        10.229,
        1,
        0.989,
        10.229,
        1.144,
        6.209,
        1.3,
        0.856,
        1,
        1.5,
        -6.026,
        1.7,
        -8.466,
        1.9,
        -8.466,
        0,
        2.9,
        0.752
      ]
    },
    {
      "Target": "Parameter",
      "Id": "Param139",
      "Segments": [
        0,
        -10.489,
        0,
        0.567,
        9.598,
        1,
        0.834,
        9.598,
        1.1,
        0.129,
        1.367,
        -9.082,
        1,
        1.378,
        -9.466,
        1.389,
        -9.267,
        1.4,
        -9.276,
        1,
        1.9,
        -9.688,
        2.4,
        -10.064,
        2.9,
        -10.489
      ]
    },
    {
      "Target": "Parameter",
      "Id": "Param140",
      "Segments": [
        0,
        0.752,
        0,
        0.267,
        -9.873,
        0,
        0.833,
        10.229,
        1,
        0.989,
        10.229,
        1.144,
        6.209,
        1.3,
        0.856,
        1,
        1.5,
        -6.026,
        1.7,
        -8.466,
        1.9,
        -8.466,
        0,
        2.9,
        0.752
      ]
    },
    {
      "Target": "Parameter",
      "Id": "Param135",
      "Segments": [
        0,
        -10.489,
        0,
        0.567,
        9.598,
        1,
        0.834,
        9.598,
        1.1,
        0.129,
        1.367,
        -9.082,
        1,
        1.378,
        -9.466,
        1.389,
        -9.267,
        1.4,
        -9.276,
        1,
        1.9,
        -9.688,
        2.4,
        -10.064,
        2.9,
        -10.489
      ]
    },
    {
      "Target": "Parameter",
      "Id": "Param136",
      "Segments": [
        0,
        0.752,
        0,
        0.267,
        -9.873,
        0,
        0.833,
        10.229,
        1,
        0.989,
        10.229,
        1.144,
        6.209,
        1.3,
        0.856,
        1,
        1.5,
        -6.026,
        1.7,
        -8.466,
        1.9,
        -8.466,
        0,
        2.9,
        0.752
      ]
    },
    {
      "Target": "Parameter",
      "Id": "Param145",
      "Segments": [
        0,
        -10.489,
        0,
        0.567,
        9.598,
        1,
        0.834,
        9.598,
        1.1,
        0.129,
        1.367,
        -9.082,
        1,
        1.378,
        -9.466,
        1.389,
        -9.267,
        1.4,
        -9.276,
        1,
        1.9,
        -9.688,
        2.4,
        -10.064,
        2.9,
        -10.489
      ]
    },
    {
      "Target": "Parameter",
      "Id": "Param146",
      "Segments": [
        0,
        0.752,
        0,
        0.267,
        -9.873,
        0,
        0.833,
        10.229,
        1,
        0.989,
        10.229,
        1.144,
        6.209,
        1.3,
        0.856,
        1,
        1.5,
        -6.026,
        1.7,
        -8.466,
        1.9,
        -8.466,
        0,
        2.9,
        0.752
      ]
    },
    {
      "Target": "Parameter",
      "Id": "Param141",
      "Segments": [
        0,
        -10.489,
        0,
        0.567,
        9.598,
        1,
        0.834,
        9.598,
        1.1,
        0.129,
        1.367,
        -9.082,
        1,
        1.378,
        -9.466,
        1.389,
        -9.267,
        1.4,
        -9.276,
        1,
        1.9,
        -9.688,
        2.4,
        -10.064,
        2.9,
        -10.489
      ]
    },
    {
      "Target": "Parameter",
      "Id": "Param142",
      "Segments": [
        0,
        0.752,
        0,
        0.267,
        -9.873,
        0,
        0.833,
        10.229,
        1,
        0.989,
        10.229,
        1.144,
        6.209,
        1.3,
        0.856,
        1,
        1.5,
        -6.026,
        1.7,
        -8.466,
        1.9,
        -8.466,
        0,
        2.9,
        0.752
      ]
    },
    {
      "Target": "Parameter",
      "Id": "Param64x",
      "Segments": [
        0,
        -10.489,
        1,
        0.044,
        -10.623,
        0.089,
        -10.756,
        0.133,
        -10.89,
        1,
        0.222,
        -9.803,
        0.311,
        -8.715,
        0.4,
        -7.628,
        1,
        0.567,
        -6.402,
        0.733,
        -5.175,
        0.9,
        -3.949,
        2,
        1.233,
        -3.949,
        1,
        1.411,
        -4.688,
        1.589,
        -5.428,
        1.767,
        -6.167,
        1,
        1.878,
        -7.214,
        1.989,
        -8.26,
        2.1,
        -9.307,
        1,
        2.222,
        -10.009,
        2.345,
        -10.71,
        2.467,
        -11.412,
        0,
        2.9,
        -10.489
      ]
    },
    {
      "Target": "Parameter",
      "Id": "Param65y",
      "Segments": [
        0,
        0.752,
        1,
        0.2,
        -1.294,
        0.4,
        -3.34,
        0.6,
        -5.386,
        2,
        1.4,
        -5.386,
        1,
        1.556,
        -4.15,
        1.711,
        -2.913,
        1.867,
        -1.677,
        2,
        2.1,
        -1.677,
        1,
        2.211,
        -2.015,
        2.322,
        -2.353,
        2.433,
        -2.691,
        0,
        2.9,
        0.752
      ]
    },
    {
      "Target": "Parameter",
      "Id": "Param153",
      "Segments": [
        0,
        5.356,
        0,
        0.567,
        -9.684,
        0,
        1.533,
        6.193,
        0,
        2.233,
        -4.076,
        0,
        2.9,
        5.356
      ]
    },
    {
      "Target": "Parameter",
      "Id": "Param154",
      "Segments": [
        0,
        3.458,
        0,
        0.5,
        -15.186,
        0,
        1.733,
        7.187,
        0,
        2.533,
        -2.076,
        0,
        2.9,
        3.458
      ]
    },
    {
      "Target": "Parameter",
      "Id": "Param50",
      "Segments": [
        0,
        9.665,
        0,
        0.167,
        10.229,
        0,
        1.2,
        -11.024,
        1,
        1.767,
        -11.024,
        2.333,
        -1.356,
        2.9,
        9.665
      ]
    },
    {
      "Target": "Parameter",
      "Id": "Param51",
      "Segments": [
        0,
        -10.489,
        0,
        0.767,
        9.44,
        0,
        1.8,
        -10.89,
        0,
        2.9,
        -10.489
      ]
    },
    {
      "Target": "Parameter",
      "Id": "Param52",
      "Segments": [
        0,
        0.752,
        0,
        0.5,
        -9.873,
        0,
        1.233,
        10.071,
        0,
        2.5,
        -9.873,
        0,
        2.9,
        0.752
      ]
    },
    {
      "Target": "Parameter",
      "Id": "Param47",
      "Segments": [
        0,
        0,
        0,
        1.5,
        -13.297,
        1,
        1.856,
        -13.297,
        2.211,
        -8.295,
        2.567,
        -1.976,
        1,
        2.678,
        -0.002,
        2.789,
        0,
        2.9,
        0
      ]
    },
    {
      "Target": "Parameter",
      "Id": "Param46",
      "Segments": [
        0,
        0,
        2,
        0.233,
        0,
        1,
        0.444,
        0,
        0.656,
        -14.039,
        0.867,
        -16.705,
        1,
        1.156,
        -20.352,
        1.444,
        -20.357,
        1.733,
        -20.357,
        0,
        2.9,
        0
      ]
    },
    {
      "Target": "Parameter",
      "Id": "Param65",
      "Segments": [
        0,
        30,
        1,
        0.233,
        30,
        0.467,
        26.701,
        0.7,
        23.117,
        1,
        1.044,
        17.825,
        1.389,
        16.182,
        1.733,
        16.182,
        0,
        2.9,
        30
      ]
    },
    {
      "Target": "Parameter",
      "Id": "Param64",
      "Segments": [
        0,
        0,
        0,
        1.767,
        -5.475,
        0,
        2.9,
        0
      ]
    },
    {
      "Target": "Parameter",
      "Id": "Param",
      "Segments": [
        0,
        -10.552,
        1,
        0.2,
        -10.552,
        0.4,
        -7.161,
        0.6,
        0.232,
        1,
        0.789,
        7.215,
        0.978,
        11.032,
        1.167,
        11.032,
        1,
        1.367,
        11.032,
        1.567,
        8.185,
        1.767,
        0.232,
        1,
        1.922,
        -5.953,
        2.078,
        -10.552,
        2.233,
        -10.552,
        2,
        2.9,
        -10.552
      ]
    },
    {
      "Target": "Parameter",
      "Id": "Param2",
      "Segments": [
        0,
        2.339,
        0,
        0.6,
        -17.893,
        1,
        0.789,
        -17.893,
        0.978,
        -10.893,
        1.167,
        2.339,
        1,
        1.367,
        16.351,
        1.567,
        22.989,
        1.767,
        22.989,
        0,
        2.233,
        2.339,
        2,
        2.9,
        2.339
      ]
    },
    {
      "Target": "Parameter",
      "Id": "Param48",
      "Segments": [
        0,
        -4.847,
        0,
        0.1,
        -5.042,
        0,
        1.933,
        5.871,
        1,
        2.255,
        5.871,
        2.578,
        -0.001,
        2.9,
        -4.847
      ]
    },
    {
      "Target": "Parameter",
      "Id": "Param49",
      "Segments": [
        0,
        1.143,
        0,
        0.9,
        -4.231,
        0,
        2.733,
        3.553,
        1,
        2.789,
        3.553,
        2.844,
        1.87,
        2.9,
        1.143
      ]
    },
    {
      "Target": "Model",
      "Id": "Opacity",
      "Segments": [
        0,
        1,
        0,
        2.9,
        1
      ]
    },
    {
      "Target": "Model",
      "Id": "LipSync",
      "Segments": [
        0,
        0,
        0,
        2.9,
        0
      ]
    },
    {
      "Target": "Parameter",
      "Id": "Param58",
      "Segments": [
        0,
        0,
        0,
        2.9,
        0
      ]
    },
    {
      "Target": "Parameter",
      "Id": "Param7",
      "Segments": [
        0,
        0,
        0,
        2.9,
        0
      ]
    },
    {
      "Target": "Parameter",
      "Id": "Param34",
      "Segments": [
        0,
        0,
        0,
        2.9,
        0
      ]
    },
    {
      "Target": "Parameter",
      "Id": "Param8",
      "Segments": [
        0,
        0,
        0,
        2.9,
        0
      ]
    },
    {
      "Target": "Parameter",
      "Id": "Param33",
      "Segments": [
        0,
        0,
        0,
        2.9,
        0
      ]
    },
    {
      "Target": "Parameter",
      "Id": "Param62",
      "Segments": [
        0,
        0,
        0,
        2.9,
        0
      ]
    },
    {
      "Target": "Parameter",
      "Id": "Param63",
      "Segments": [
        0,
        0,
        0,
        2.9,
        0
      ]
    },
    {
      "Target": "Parameter",
      "Id": "ParamCheek",
      "Segments": [
        0,
        0,
        0,
        2.9,
        0
      ]
    },
    {
      "Target": "Parameter",
      "Id": "ParamBrowRX",
      "Segments": [
        0,
        0,
        0,
        2.9,
        0
      ]
    },
    {
      "Target": "Parameter",
      "Id": "ParamBrowLX",
      "Segments": [
        0,
        0,
        0,
        2.9,
        0
      ]
    },
    {
      "Target": "Parameter",
      "Id": "ParamEyeRSmile",
      "Segments": [
        0,
        0,
        0,
        2.9,
        0
      ]
    },
    {
      "Target": "Parameter",
      "Id": "ParamEyeLSmile",
      "Segments": [
        0,
        0,
        0,
        2.9,
        0
      ]
    },
    {
      "Target": "Parameter",
      "Id": "ParamEyeBallY",
      "Segments": [
        0,
        0,
        0,
        2.9,
        0
      ]
    },
    {
      "Target": "Parameter",
      "Id": "Param120",
      "Segments": [
        0,
        0,
        0,
        2.9,
        0
      ]
    },
    {
      "Target": "Parameter",
      "Id": "Param124",
      "Segments": [
        0,
        0,
        0,
        2.9,
        0
      ]
    },
    {
      "Target": "Parameter",
      "Id": "Param125",
      "Segments": [
        0,
        0,
        0,
        2.9,
        0
      ]
    },
    {
      "Target": "Parameter",
      "Id": "Param76",
      "Segments": [
        0,
        0,
        0,
        2.9,
        0
      ]
    },
    {
      "Target": "Parameter",
      "Id": "ParamBodyAngleZ",
      "Segments": [
        0,
        0,
        0,
        2.9,
        0
      ]
    },
    {
      "Target": "Parameter",
      "Id": "ParamBreath",
      "Segments": [
        0,
        0,
        0,
        2.9,
        0
      ]
    },
    {
      "Target": "Parameter",
      "Id": "Param11",
      "Segments": [
        0,
        0,
        0,
        2.9,
        0
      ]
    },
    {
      "Target": "Parameter",
      "Id": "Param12",
      "Segments": [
        0,
        0,
        0,
        2.9,
        0
      ]
    },
    {
      "Target": "Parameter",
      "Id": "Param54",
      "Segments": [
        0,
        1,
        0,
        2.9,
        1
      ]
    },
    {
      "Target": "Parameter",
      "Id": "Param55",
      "Segments": [
        0,
        0,
        0,
        2.9,
        0
      ]
    },
    {
      "Target": "Parameter",
      "Id": "Param56",
      "Segments": [
        0,
        1,
        0,
        2.9,
        1
      ]
    },
    {
      "Target": "Parameter",
      "Id": "Param57",
      "Segments": [
        0,
        0,
        0,
        2.9,
        0
      ]
    },
    {
      "Target": "Parameter",
      "Id": "Param60",
      "Segments": [
        0,
        0,
        0,
        2.9,
        0
      ]
    },
    {
      "Target": "Parameter",
      "Id": "Param3",
      "Segments": [
        0,
        -1.042,
        0,
        2.9,
        -1.042
      ]
    },
    {
      "Target": "Parameter",
      "Id": "Param61",
      "Segments": [
        0,
        0,
        0,
        2.9,
        0
      ]
    },
    {
      "Target": "Parameter",
      "Id": "Param30",
      "Segments": [
        0,
        30,
        0,
        2.9,
        30
      ]
    },
    {
      "Target": "Parameter",
      "Id": "Param29",
      "Segments": [
        0,
        0,
        0,
        2.9,
        0
      ]
    },
    {
      "Target": "Parameter",
      "Id": "Param28",
      "Segments": [
        0,
        0,
        0,
        2.9,
        0
      ]
    },
    {
      "Target": "Parameter",
      "Id": "Param27",
      "Segments": [
        0,
        0,
        0,
        2.9,
        0
      ]
    },
    {
      "Target": "Parameter",
      "Id": "Param25",
      "Segments": [
        0,
        0,
        0,
        2.9,
        0
      ]
    },
    {
      "Target": "Parameter",
      "Id": "Param26",
      "Segments": [
        0,
        0,
        0,
        2.9,
        0
      ]
    },
    {
      "Target": "Parameter",
      "Id": "Param4",
      "Segments": [
        0,
        0,
        0,
        2.9,
        0
      ]
    },
    {
      "Target": "Parameter",
      "Id": "Param5",
      "Segments": [
        0,
        0,
        0,
        2.9,
        0
      ]
    },
    {
      "Target": "Parameter",
      "Id": "Param59",
      "Segments": [
        0,
        0,
        0,
        2.9,
        0
      ]
    },
    {
      "Target": "Parameter",
      "Id": "Param31",
      "Segments": [
        0,
        0,
        0,
        2.9,
        0
      ]
    },
    {
      "Target": "Parameter",
      "Id": "Param32",
      "Segments": [
        0,
        0,
        0,
        2.9,
        0
      ]
    },
    {
      "Target": "Parameter",
      "Id": "Param116",
      "Segments": [
        0,
        0,
        0,
        2.9,
        0
      ]
    },
    {
      "Target": "Parameter",
      "Id": "Param78",
      "Segments": [
        0,
        0,
        0,
        2.9,
        0
      ]
    },
    {
      "Target": "Parameter",
      "Id": "Param119",
      "Segments": [
        0,
        0,
        0,
        2.9,
        0
      ]
    },
    {
      "Target": "Parameter",
      "Id": "Param37",
      "Segments": [
        0,
        0,
        0,
        2.9,
        0
      ]
    },
    {
      "Target": "Parameter",
      "Id": "Param38",
      "Segments": [
        0,
        0,
        0,
        2.9,
        0
      ]
    },
    {
      "Target": "Parameter",
      "Id": "Param39",
      "Segments": [
        0,
        0,
        0,
        2.9,
        0
      ]
    },
    {
      "Target": "Parameter",
      "Id": "Param111",
      "Segments": [
        0,
        0,
        0,
        2.9,
        0
      ]
    }
  ],
  "UserData": [
    {
      "Time": 0.0,
      "Value": ""
    }
  ]
}