{
  "Version": 3,
  "Meta": {
    "Duration": 4.4,
    "Fps": 30.0,
    "Loop": true,
    "AreBeziersRestricted": true,
    "CurveCount": 140,
    "TotalSegmentCount": 651,
    "TotalPointCount": 1113,
    "UserDataCount": 2,
    "TotalUserDataSize": 23
  },
  "Curves": [
    {
      "Target": "Parameter",
      "Id": "ParamAngleX",
      "Segments": [
        0,
        -5.83,
        0,
        0.3,
        -0.338,
        1,
        0.422,
        -0.338,
        0.545,
        -16.149,
        0.667,
        -19.42,
        1,
        0.745,
        -21.501,
        0.822,
        -21.036,
        0.9,
        -21.036,
        0,
        1.2,
        -18.658,
        0,
        1.5,
        -18.772,
        1,
        1.622,
        -18.772,
        1.745,
        -18.859,
        1.867,
        -16.672,
        1,
        2.078,
        -12.893,
        2.289,
        -7.97,
        2.5,
        -7.97,
        2,
        2.8,
        -7.97,
        2,
        3.267,
        -7.97,
        2,
        3.733,
        -7.97,
        0,
        4.233,
        -5.83,
        2,
        4.4,
        -5.83
      ]
    },
    {
      "Target": "Parameter",
      "Id": "ParamAngleY",
      "Segments": [
        0,
        2.512,
        0,
        0.4,
        -17.13,
        1,
        0.511,
        -17.13,
        0.622,
        -4.853,
        0.733,
        2.512,
        1,
        0.833,
        9.141,
        0.933,
        9.494,
        1.033,
        9.494,
        0,
        1.233,
        1.286,
        1,
        1.333,
        1.286,
        1.433,
        1.546,
        1.533,
        4.672,
        1,
        1.611,
        7.103,
        1.689,
        13.335,
        1.767,
        13.335,
        0,
        2.233,
        -13.741,
        0,
        2.567,
        -10.425,
        2,
        2.633,
        -10.425,
        1,
        2.733,
        -10.425,
        2.833,
        -7.631,
        2.933,
        -0.958,
        1,
        3,
        3.49,
        3.066,
        6.358,
        3.133,
        6.358,
        1,
        3.211,
        6.358,
        3.289,
        2.708,
        3.367,
        0.874,
        1,
        3.456,
        -1.221,
        3.544,
        -1.389,
        3.633,
        -1.389,
        2,
        3.967,
        -1.389,
        0,
        4.4,
        2.512
      ]
    },
    {
      "Target": "Parameter",
      "Id": "ParamAngleZ",
      "Segments": [
        0,
        0,
        1,
        0.056,
        0,
        0.111,
        0.309,
        0.167,
        2.098,
        1,
        0.222,
        3.888,
        0.278,
        5.957,
        0.333,
        5.957,
        2,
        0.467,
        5.957,
        0,
        0.967,
        -4.051,
        2,
        1.433,
        -4.051,
        1,
        1.578,
        -4.051,
        1.722,
        -3.805,
        1.867,
        -2.765,
        1,
        1.922,
        -2.365,
        1.978,
        -1.239,
        2.033,
        0,
        1,
        2.1,
        1.487,
        2.166,
        3.222,
        2.233,
        3.222,
        1,
        2.311,
        3.222,
        2.389,
        2.13,
        2.467,
        2.098,
        1,
        2.789,
        1.969,
        3.111,
        1.947,
        3.433,
        1.782,
        1,
        3.633,
        1.68,
        3.833,
        0,
        4.033,
        0,
        2,
        4.4,
        0
      ]
    },
    {
      "Target": "Parameter",
      "Id": "ParamEyeROpen",
      "Segments": [
        0,
        1,
        2,
        1.833,
        1,
        0,
        2.1,
        0,
        2,
        2.7,
        0,
        0,
        3,
        1,
        2,
        3.9,
        1,
        2,
        4.4,
        1
      ]
    },
    {
      "Target": "Parameter",
      "Id": "ParamEyeRSmile",
      "Segments": [
        0,
        0,
        2,
        1.7,
        0,
        0,
        2.133,
        1,
        2,
        2.9,
        1,
        0,
        3.9,
        0,
        2,
        4.4,
        0
      ]
    },
    {
      "Target": "Parameter",
      "Id": "ParamEyeLOpen",
      "Segments": [
        0,
        1,
        2,
        1.833,
        1,
        0,
        2.1,
        0,
        2,
        2.7,
        0,
        0,
        3,
        1,
        2,
        3.9,
        1,
        2,
        4.4,
        1
      ]
    },
    {
      "Target": "Parameter",
      "Id": "ParamEyeLSmile",
      "Segments": [
        0,
        0,
        2,
        1.7,
        0,
        0,
        2.133,
        1,
        2,
        2.9,
        1,
        0,
        3.9,
        0,
        2,
        4.4,
        0
      ]
    },
    {
      "Target": "Parameter",
      "Id": "ParamMouthOpenY",
      "Segments": [
        0,
        0.5,
        0,
        0.267,
        0.851,
        0,
        0.4,
        0.196,
        0,
        0.467,
        0.765,
        0,
        0.6,
        0,
        0,
        0.667,
        0.553,
        0,
        0.733,
        0.42,
        0,
        0.933,
        0.631,
        0,
        1.133,
        0,
        2,
        1.333,
        0,
        0,
        1.4,
        0.749,
        0,
        1.467,
        0.384,
        0,
        1.533,
        0.612,
        0,
        1.667,
        0.047,
        0,
        1.733,
        0.459,
        0,
        1.8,
        0.447,
        0,
        1.933,
        0.584,
        0,
        2,
        0.176,
        0,
        2.067,
        0.596,
        0,
        2.2,
        0.039,
        0,
        2.333,
        0.765,
        0,
        2.467,
        0,
        2,
        2.667,
        0,
        0,
        2.8,
        0.604,
        0,
        2.933,
        0.078,
        0,
        3.067,
        0.655,
        0,
        3.2,
        0,
        2,
        3.267,
        0,
        2,
        3.9,
        0,
        0,
        4.4,
        0.5
      ]
    },
    {
      "Target": "Parameter",
      "Id": "Param126",
      "Segments": [
        0,
        0,
        1,
        0.111,
        0,
        0.222,
        0.677,
        0.333,
        0.7,
        1,
        1.378,
        0.92,
        2.422,
        1,
        3.467,
        1,
        0,
        3.867,
        0,
        2,
        3.9,
        0,
        2,
        4.4,
        0
      ]
    },
    {
      "Target": "Parameter",
      "Id": "ParamBodyAngleX",
      "Segments": [
        0,
        -0.839,
        0,
        0.233,
        1.717,
        0,
        0.567,
        -5.66,
        0,
        1,
        -2.775,
        2,
        1.567,
        -2.775,
        0,
        1.933,
        -0.059,
        0,
        2.4,
        -2.221,
        0,
        2.567,
        -1.856,
        2,
        2.967,
        -1.856,
        0,
        3.267,
        -0.852,
        0,
        3.667,
        -1.767,
        1,
        3.756,
        -1.767,
        3.844,
        -1.729,
        3.933,
        -1.598,
        1,
        4.089,
        -1.368,
        4.244,
        -1.223,
        4.4,
        -0.839
      ]
    },
    {
      "Target": "Parameter",
      "Id": "ParamBodyAngleY",
      "Segments": [
        0,
        -0.015,
        0,
        0.3,
        -2.098,
        0,
        0.933,
        4.671,
        0,
        1.367,
        2.594,
        2,
        1.7,
        2.594,
        0,
        2.4,
        -2.631,
        2,
        2.633,
        -2.631,
        0,
        3.033,
        1.524,
        0,
        3.3,
        0.826,
        2,
        3.6,
        0.826,
        1,
        3.867,
        0.826,
        4.133,
        0.535,
        4.4,
        -0.015
      ]
    },
    {
      "Target": "Parameter",
      "Id": "ParamBodyAngleY2",
      "Segments": [
        0,
        0,
        0,
        0.3,
        -1.138,
        0,
        0.933,
        1.715,
        0,
        1.367,
        0.303,
        0,
        1.7,
        0.799,
        0,
        2.4,
        -1.671,
        2,
        2.633,
        -1.671,
        0,
        3.033,
        0.97,
        0,
        3.3,
        0.66,
        2,
        3.6,
        0.66,
        0,
        4.4,
        0
      ]
    },
    {
      "Target": "Parameter",
      "Id": "Param121",
      "Segments": [
        0,
        0,
        2,
        2.667,
        0,
        0,
        3.133,
        17.775,
        0,
        3.9,
        0,
        2,
        4.4,
        0
      ]
    },
    {
      "Target": "Parameter",
      "Id": "Param112",
      "Segments": [
        0,
        1.659,
        0,
        0.433,
        -4.849,
        0,
        1.067,
        4.939,
        0,
        1.5,
        3.67,
        2,
        1.833,
        3.67,
        0,
        2.533,
        -6.627,
        1,
        2.6,
        -6.627,
        2.666,
        -5.223,
        2.733,
        -4.272,
        1,
        2.789,
        -3.478,
        2.844,
        -3.631,
        2.9,
        -2.629,
        1,
        2.989,
        -1.025,
        3.078,
        3.181,
        3.167,
        3.181,
        0,
        3.567,
        0.453,
        2,
        3.867,
        0.453,
        1,
        4.045,
        0.453,
        4.222,
        0.869,
        4.4,
        1.659
      ]
    },
    {
      "Target": "Parameter",
      "Id": "Param113",
      "Segments": [
        0,
        -0.326,
        0,
        0.233,
        -0.73,
        0,
        1.1,
        10.111,
        0,
        1.4,
        8.958,
        2,
        2,
        8.958,
        0,
        2.4,
        7.281,
        2,
        2.667,
        7.281,
        0,
        3.1,
        9.69,
        1,
        3.2,
        9.69,
        3.3,
        8.467,
        3.4,
        8.16,
        1,
        3.5,
        7.853,
        3.6,
        7.894,
        3.7,
        7.616,
        1,
        3.767,
        7.43,
        3.833,
        6.021,
        3.9,
        4.572,
        1,
        4.022,
        1.917,
        4.145,
        -0.73,
        4.267,
        -0.73,
        1,
        4.311,
        -0.73,
        4.356,
        -0.445,
        4.4,
        -0.326
      ]
    },
    {
      "Target": "Parameter",
      "Id": "Param114",
      "Segments": [
        0,
        -1.927,
        1,
        0.067,
        -1.927,
        0.133,
        -5.942,
        0.2,
        -6.261,
        1,
        0.278,
        -6.632,
        0.355,
        -6.584,
        0.433,
        -6.584,
        0,
        1.3,
        3.725,
        0,
        1.6,
        1.166,
        2,
        2.2,
        1.166,
        0,
        2.6,
        -2.63,
        1,
        2.689,
        -2.63,
        2.778,
        -2.227,
        2.867,
        -0.175,
        1,
        2.945,
        1.62,
        3.022,
        3.725,
        3.1,
        3.725,
        1,
        3.167,
        3.725,
        3.233,
        3.355,
        3.3,
        2.52,
        1,
        3.411,
        1.129,
        3.522,
        0.384,
        3.633,
        0.384,
        0,
        3.9,
        5.525,
        0,
        4.267,
        -2.63,
        1,
        4.311,
        -2.63,
        4.356,
        -2.164,
        4.4,
        -1.927
      ]
    },
    {
      "Target": "Parameter",
      "Id": "Param3",
      "Segments": [
        0,
        -1.042,
        0,
        0.367,
        24.084,
        0,
        0.767,
        18.371,
        0,
        1.1,
        21,
        2,
        1.467,
        21,
        0,
        1.833,
        14.438,
        0,
        2.3,
        21,
        2,
        2.567,
        21,
        0,
        3,
        13.264,
        0,
        3.4,
        21,
        2,
        3.467,
        21,
        1,
        3.622,
        21,
        3.778,
        19.823,
        3.933,
        15.405,
        1,
        4.089,
        10.987,
        4.244,
        1.161,
        4.4,
        -1.042
      ]
    },
    {
      "Target": "Parameter",
      "Id": "Param122",
      "Segments": [
        0,
        0,
        2,
        2.667,
        0,
        0,
        3.133,
        17.691,
        0,
        3.9,
        0,
        2,
        4.4,
        0
      ]
    },
    {
      "Target": "Parameter",
      "Id": "Param109",
      "Segments": [
        0,
        -5.394,
        0,
        0.133,
        -12.366,
        0,
        0.433,
        18.282,
        0,
        0.9,
        -10.587,
        0,
        1.4,
        6.362,
        0,
        1.667,
        -9.793,
        0,
        2.133,
        9.574,
        0,
        2.6,
        -13.256,
        0,
        2.867,
        -6.706,
        2,
        2.933,
        -6.706,
        0,
        3.367,
        9.574,
        1,
        3.489,
        9.574,
        3.611,
        -0.603,
        3.733,
        -5.394,
        1,
        3.844,
        -9.75,
        3.956,
        -9.793,
        4.067,
        -9.793,
        0,
        4.4,
        -5.394
      ]
    },
    {
      "Target": "Parameter",
      "Id": "Param110",
      "Segments": [
        0,
        0.752,
        0,
        0.233,
        -1.013,
        0,
        0.533,
        2.818,
        0,
        1,
        -0.305,
        0,
        1.5,
        6.362,
        0,
        1.767,
        -9.793,
        0,
        2.267,
        -1.886,
        0,
        2.7,
        -13.256,
        0,
        3.1,
        4.607,
        1,
        3.311,
        4.607,
        3.522,
        0.041,
        3.733,
        -5.453,
        1,
        3.833,
        -8.056,
        3.933,
        -8.325,
        4.033,
        -8.325,
        0,
        4.4,
        0.752
      ]
    },
    {
      "Target": "Parameter",
      "Id": "Param127",
      "Segments": [
        0,
        -2.864,
        1,
        0.033,
        -2.864,
        0.067,
        -3.048,
        0.1,
        -5.394,
        1,
        0.144,
        -8.522,
        0.189,
        -12.366,
        0.233,
        -12.366,
        0,
        0.533,
        24.456,
        0,
        1,
        -10.587,
        0,
        1.5,
        6.362,
        0,
        1.767,
        -9.793,
        0,
        2.233,
        9.574,
        0,
        2.7,
        -13.256,
        0,
        2.967,
        -6.706,
        2,
        3.033,
        -6.706,
        0,
        3.467,
        9.574,
        1,
        3.589,
        9.574,
        3.711,
        -0.603,
        3.833,
        -5.394,
        1,
        3.944,
        -9.75,
        4.056,
        -9.793,
        4.167,
        -9.793,
        0,
        4.4,
        -2.864
      ]
    },
    {
      "Target": "Parameter",
      "Id": "Param128",
      "Segments": [
        0,
        9.49,
        0,
        0.3,
        -1.013,
        0,
        0.6,
        2.508,
        0,
        1.067,
        -0.305,
        0,
        1.567,
        6.362,
        0,
        1.833,
        -9.793,
        0,
        2.333,
        -1.886,
        0,
        2.767,
        -13.256,
        0,
        3.167,
        4.607,
        1,
        3.378,
        4.607,
        3.589,
        0.041,
        3.8,
        -5.453,
        1,
        3.9,
        -8.056,
        4,
        -8.325,
        4.1,
        -8.325,
        0,
        4.4,
        9.49
      ]
    },
    {
      "Target": "Parameter",
      "Id": "Param9",
      "Segments": [
        0,
        -8.997,
        0,
        0.667,
        17.072,
        0,
        1.8,
        -11.7,
        0,
        2.633,
        7,
        1,
        2.7,
        7,
        2.766,
        6.408,
        2.833,
        1.833,
        1,
        2.966,
        -7.317,
        3.1,
        -14.848,
        3.233,
        -14.848,
        0,
        3.8,
        1.833,
        1,
        4,
        1.833,
        4.2,
        -6.159,
        4.4,
        -8.997
      ]
    },
    {
      "Target": "Parameter",
      "Id": "Param10",
      "Segments": [
        0,
        0.68,
        0,
        0.333,
        -8.466,
        0,
        1.033,
        17.378,
        1,
        1.266,
        17.378,
        1.5,
        5.743,
        1.733,
        -2.074,
        1,
        1.933,
        -8.775,
        2.133,
        -9.199,
        2.333,
        -9.199,
        0,
        2.633,
        -8,
        0,
        2.967,
        -18,
        1,
        3.167,
        -18,
        3.367,
        -5.598,
        3.567,
        0.68,
        1,
        3.734,
        5.911,
        3.9,
        5.866,
        4.067,
        5.866,
        1,
        4.178,
        5.866,
        4.289,
        3.163,
        4.4,
        0.68
      ]
    },
    {
      "Target": "Parameter",
      "Id": "Param19",
      "Segments": [
        0,
        -8.71,
        0,
        0.667,
        17.072,
        0,
        1.933,
        -11.7,
        0,
        2.633,
        7,
        1,
        2.7,
        7,
        2.766,
        6.408,
        2.833,
        1.833,
        1,
        2.966,
        -7.317,
        3.1,
        -14.848,
        3.233,
        -14.848,
        0,
        3.8,
        1.833,
        1,
        4,
        1.833,
        4.2,
        -5.644,
        4.4,
        -8.71
      ]
    },
    {
      "Target": "Parameter",
      "Id": "Param20",
      "Segments": [
        0,
        1.675,
        0,
        0.333,
        -8.466,
        0,
        1.1,
        17.378,
        1,
        1.311,
        17.378,
        1.522,
        5.925,
        1.733,
        -1.079,
        1,
        1.955,
        -8.452,
        2.178,
        -9.199,
        2.4,
        -9.199,
        0,
        2.633,
        -8,
        0,
        2.967,
        -18,
        1,
        3.167,
        -18,
        3.367,
        -8.48,
        3.567,
        0.68,
        1,
        3.722,
        7.805,
        3.878,
        8.838,
        4.033,
        8.838,
        1,
        4.155,
        8.838,
        4.278,
        4.592,
        4.4,
        1.675
      ]
    },
    {
      "Target": "Parameter",
      "Id": "Param21",
      "Segments": [
        0,
        -7.474,
        0,
        0.1,
        -9.164,
        0,
        0.767,
        17.072,
        0,
        2.033,
        -11.7,
        0,
        2.8,
        7,
        1,
        2.867,
        7,
        2.933,
        6.408,
        3,
        1.833,
        1,
        3.133,
        -7.317,
        3.267,
        -14.848,
        3.4,
        -14.848,
        0,
        3.967,
        -2.75,
        1,
        4.111,
        -2.75,
        4.256,
        -5.393,
        4.4,
        -7.474
      ]
    },
    {
      "Target": "Parameter",
      "Id": "Param22",
      "Segments": [
        0,
        4.052,
        0,
        0.4,
        -8.466,
        0,
        1.233,
        17.378,
        1,
        1.4,
        17.378,
        1.566,
        6.838,
        1.733,
        1.298,
        1,
        2,
        -7.566,
        2.266,
        -9.199,
        2.533,
        -9.199,
        0,
        2.8,
        -8,
        0,
        3.133,
        -18,
        1,
        3.333,
        -18,
        3.533,
        -7.855,
        3.733,
        0.68,
        1,
        3.855,
        5.896,
        3.978,
        6.049,
        4.1,
        6.049,
        1,
        4.2,
        6.049,
        4.3,
        5.986,
        4.4,
        4.052
      ]
    },
    {
      "Target": "Parameter",
      "Id": "Param40",
      "Segments": [
        0,
        -6.436,
        0,
        0.1,
        -9.164,
        0,
        0.9,
        8.094,
        1,
        1.2,
        8.094,
        1.5,
        -5.744,
        1.8,
        -8.973,
        1,
        2.078,
        -11.962,
        2.355,
        -11.592,
        2.633,
        -11.592,
        0,
        3,
        1.833,
        0,
        3.4,
        -14.848,
        0,
        3.967,
        -1.1,
        1,
        4.111,
        -1.1,
        4.256,
        -4.048,
        4.4,
        -6.436
      ]
    },
    {
      "Target": "Parameter",
      "Id": "Param41",
      "Segments": [
        0,
        5.347,
        0,
        0.433,
        -8.466,
        0,
        1.3,
        17.378,
        1,
        1.456,
        17.378,
        1.611,
        6.552,
        1.767,
        1.521,
        1,
        2.045,
        -7.464,
        2.322,
        -9.199,
        2.6,
        -9.199,
        0,
        2.8,
        -8,
        0,
        3.133,
        -18,
        1,
        3.333,
        -18,
        3.533,
        -9.533,
        3.733,
        0.68,
        1,
        3.866,
        7.489,
        4,
        8.838,
        4.133,
        8.838,
        1,
        4.222,
        8.838,
        4.311,
        7.39,
        4.4,
        5.347
      ]
    },
    {
      "Target": "Parameter",
      "Id": "Param42",
      "Segments": [
        0,
        -14.087,
        0,
        0.667,
        21.975,
        0,
        1.8,
        -16.887,
        0,
        2.933,
        14.82,
        1,
        3.422,
        14.82,
        3.911,
        -1.156,
        4.4,
        -14.087
      ]
    },
    {
      "Target": "Parameter",
      "Id": "Param43",
      "Segments": [
        0,
        1.185,
        0,
        0.333,
        -13.247,
        0,
        1.033,
        22.597,
        1,
        1.266,
        22.597,
        1.5,
        10.612,
        1.733,
        -1.569,
        1,
        1.933,
        -12.01,
        2.133,
        -13.979,
        2.333,
        -13.979,
        0,
        3.467,
        15.679,
        1,
        3.778,
        15.679,
        4.089,
        11,
        4.4,
        1.185
      ]
    },
    {
      "Target": "Parameter",
      "Id": "Param44",
      "Segments": [
        0,
        -8.997,
        0,
        0.667,
        17.072,
        0,
        1.8,
        -11.7,
        0,
        2.933,
        9.917,
        1,
        3.422,
        9.917,
        3.911,
        -0.439,
        4.4,
        -8.997
      ]
    },
    {
      "Target": "Parameter",
      "Id": "Param45",
      "Segments": [
        0,
        0.68,
        0,
        0.333,
        -8.466,
        0,
        1.033,
        17.378,
        1,
        1.266,
        17.378,
        1.5,
        5.743,
        1.733,
        -2.074,
        1,
        1.933,
        -8.775,
        2.133,
        -9.199,
        2.333,
        -9.199,
        0,
        3.467,
        10.46,
        1,
        3.778,
        10.46,
        4.089,
        7.102,
        4.4,
        0.68
      ]
    },
    {
      "Target": "Parameter",
      "Id": "Param23",
      "Segments": [
        0,
        -6.436,
        0,
        0.1,
        -9.164,
        0,
        0.767,
        17.072,
        1,
        1.111,
        17.072,
        1.456,
        -4.955,
        1.8,
        -8.973,
        1,
        2.078,
        -12.213,
        2.355,
        -11.592,
        2.633,
        -11.592,
        0,
        3.267,
        9.917,
        1,
        3.645,
        9.917,
        4.022,
        1.478,
        4.4,
        -6.436
      ]
    },
    {
      "Target": "Parameter",
      "Id": "Param24",
      "Segments": [
        0,
        5.347,
        0,
        0.433,
        -8.466,
        0,
        1.3,
        17.378,
        0,
        2.6,
        -9.199,
        0,
        3.667,
        10.242,
        1,
        3.911,
        10.242,
        4.156,
        9.695,
        4.4,
        5.347
      ]
    },
    {
      "Target": "Parameter",
      "Id": "Param35",
      "Segments": [
        0,
        -10.489,
        0,
        0.667,
        18.375,
        0,
        1.933,
        -13.22,
        0,
        3.167,
        11.22,
        1,
        3.578,
        11.22,
        3.989,
        -1.953,
        4.4,
        -10.489
      ]
    },
    {
      "Target": "Parameter",
      "Id": "Param36",
      "Segments": [
        0,
        0.752,
        0,
        0.333,
        -9.873,
        0,
        1.167,
        18.769,
        1,
        1.4,
        18.769,
        1.634,
        7.089,
        1.867,
        -2.002,
        1,
        2.067,
        -9.795,
        2.267,
        -10.606,
        2.467,
        -10.606,
        0,
        3.967,
        11.851,
        1,
        4.111,
        11.851,
        4.256,
        4.829,
        4.4,
        0.752
      ]
    },
    {
      "Target": "Parameter",
      "Id": "Param105",
      "Segments": [
        0,
        -17.149,
        0,
        0.667,
        23.508,
        0,
        1.933,
        -20.005,
        0,
        3.167,
        17.57,
        1,
        3.578,
        17.57,
        3.989,
        -3.801,
        4.4,
        -17.149
      ]
    },
    {
      "Target": "Parameter",
      "Id": "Param106",
      "Segments": [
        0,
        1.373,
        0,
        0.333,
        -16.134,
        0,
        1.167,
        23.271,
        1,
        1.4,
        23.271,
        1.634,
        12.632,
        1.867,
        -1.382,
        1,
        2.067,
        -13.393,
        2.267,
        -16.866,
        2.467,
        -16.866,
        0,
        3.967,
        18.61,
        1,
        4.111,
        18.61,
        4.256,
        8.017,
        4.4,
        1.373
      ]
    },
    {
      "Target": "Parameter",
      "Id": "Param129",
      "Segments": [
        0,
        -10.473,
        0,
        0.567,
        23.998,
        0,
        2,
        -15.343,
        1,
        2.022,
        -15.343,
        2.045,
        -15.87,
        2.067,
        -15.132,
        1,
        2.389,
        -4.436,
        2.711,
        10.521,
        3.033,
        10.521,
        0,
        4.4,
        -10.473
      ]
    },
    {
      "Target": "Parameter",
      "Id": "Param130",
      "Segments": [
        0,
        -2.687,
        0,
        0.233,
        -5.746,
        0,
        1,
        24.629,
        1,
        1.356,
        24.629,
        1.711,
        7.425,
        2.067,
        -7.346,
        1,
        2.245,
        -14.732,
        2.422,
        -14.533,
        2.6,
        -14.533,
        0,
        3.633,
        11.151,
        1,
        3.889,
        11.151,
        4.144,
        4.023,
        4.4,
        -2.687
      ]
    },
    {
      "Target": "Parameter",
      "Id": "Param107",
      "Segments": [
        0,
        -10.156,
        0,
        0.067,
        -10.683,
        0,
        0.667,
        23.998,
        1,
        1.134,
        23.998,
        1.6,
        0.879,
        2.067,
        -14.816,
        1,
        2.111,
        -16.311,
        2.156,
        -15.343,
        2.2,
        -15.343,
        0,
        3.233,
        10.521,
        1,
        3.622,
        10.521,
        4.011,
        -1.804,
        4.4,
        -10.156
      ]
    },
    {
      "Target": "Parameter",
      "Id": "Param108",
      "Segments": [
        0,
        1.908,
        0,
        0.267,
        -5.746,
        0,
        1.167,
        24.629,
        1,
        1.467,
        24.629,
        1.767,
        10.07,
        2.067,
        -2.752,
        1,
        2.311,
        -13.2,
        2.556,
        -14.533,
        2.8,
        -14.533,
        0,
        3.833,
        11.151,
        1,
        4.022,
        11.151,
        4.211,
        6.974,
        4.4,
        1.908
      ]
    },
    {
      "Target": "Parameter",
      "Id": "Param131",
      "Segments": [
        0,
        -10.489,
        0,
        0.033,
        -10.683,
        0,
        0.6,
        23.998,
        1,
        1.089,
        23.998,
        1.578,
        -2.163,
        2.067,
        -15.149,
        1,
        2.1,
        -16.034,
        2.134,
        -15.343,
        2.167,
        -15.343,
        0,
        3.2,
        10.521,
        1,
        3.6,
        10.521,
        4,
        -2.286,
        4.4,
        -10.489
      ]
    },
    {
      "Target": "Parameter",
      "Id": "Param132",
      "Segments": [
        0,
        0.752,
        0,
        0.267,
        -5.746,
        0,
        1.167,
        24.629,
        1,
        1.467,
        24.629,
        1.767,
        9.235,
        2.067,
        -3.908,
        1,
        2.289,
        -13.643,
        2.511,
        -14.533,
        2.733,
        -14.533,
        0,
        3.8,
        11.151,
        1,
        4,
        11.151,
        4.2,
        6.142,
        4.4,
        0.752
      ]
    },
    {
      "Target": "Parameter",
      "Id": "Param87",
      "Segments": [
        0,
        -10.489,
        0,
        0.033,
        -10.683,
        0,
        0.6,
        23.998,
        1,
        1.089,
        23.998,
        1.578,
        -2.163,
        2.067,
        -15.149,
        1,
        2.1,
        -16.034,
        2.134,
        -15.343,
        2.167,
        -15.343,
        0,
        3.2,
        10.521,
        1,
        3.6,
        10.521,
        4,
        -2.286,
        4.4,
        -10.489
      ]
    },
    {
      "Target": "Parameter",
      "Id": "Param88",
      "Segments": [
        0,
        0.752,
        0,
        0.267,
        -5.746,
        0,
        1.167,
        24.629,
        1,
        1.467,
        24.629,
        1.767,
        9.235,
        2.067,
        -3.908,
        1,
        2.289,
        -13.643,
        2.511,
        -14.533,
        2.733,
        -14.533,
        0,
        3.8,
        11.151,
        1,
        4,
        11.151,
        4.2,
        6.142,
        4.4,
        0.752
      ]
    },
    {
      "Target": "Parameter",
      "Id": "Param89",
      "Segments": [
        0,
        -10.489,
        0,
        0.033,
        -10.683,
        0,
        0.6,
        23.998,
        1,
        1.089,
        23.998,
        1.578,
        -2.163,
        2.067,
        -15.149,
        1,
        2.1,
        -16.034,
        2.134,
        -15.343,
        2.167,
        -15.343,
        0,
        3.2,
        10.521,
        1,
        3.6,
        10.521,
        4,
        -2.286,
        4.4,
        -10.489
      ]
    },
    {
      "Target": "Parameter",
      "Id": "Param90",
      "Segments": [
        0,
        0.752,
        0,
        0.267,
        -5.746,
        0,
        1.167,
        24.629,
        1,
        1.467,
        24.629,
        1.767,
        9.235,
        2.067,
        -3.908,
        1,
        2.289,
        -13.643,
        2.511,
        -14.533,
        2.733,
        -14.533,
        0,
        3.8,
        11.151,
        1,
        4,
        11.151,
        4.2,
        6.142,
        4.4,
        0.752
      ]
    },
    {
      "Target": "Parameter",
      "Id": "Param137",
      "Segments": [
        0,
        -10.489,
        0,
        0.033,
        -10.683,
        0,
        0.6,
        23.998,
        1,
        1.089,
        23.998,
        1.578,
        -2.163,
        2.067,
        -15.149,
        1,
        2.1,
        -16.034,
        2.134,
        -15.343,
        2.167,
        -15.343,
        0,
        3.2,
        10.521,
        1,
        3.6,
        10.521,
        4,
        -2.286,
        4.4,
        -10.489
      ]
    },
    {
      "Target": "Parameter",
      "Id": "Param138",
      "Segments": [
        0,
        0.752,
        0,
        0.267,
        -5.746,
        0,
        1.167,
        24.629,
        1,
        1.467,
        24.629,
        1.767,
        9.235,
        2.067,
        -3.908,
        1,
        2.289,
        -13.643,
        2.511,
        -14.533,
        2.733,
        -14.533,
        0,
        3.8,
        11.151,
        1,
        4,
        11.151,
        4.2,
        6.142,
        4.4,
        0.752
      ]
    },
    {
      "Target": "Parameter",
      "Id": "Param133",
      "Segments": [
        0,
        -10.489,
        0,
        0.033,
        -10.683,
        0,
        0.6,
        23.998,
        1,
        1.089,
        23.998,
        1.578,
        -2.163,
        2.067,
        -15.149,
        1,
        2.1,
        -16.034,
        2.134,
        -15.343,
        2.167,
        -15.343,
        0,
        3.2,
        10.521,
        1,
        3.6,
        10.521,
        4,
        -2.286,
        4.4,
        -10.489
      ]
    },
    {
      "Target": "Parameter",
      "Id": "Param134",
      "Segments": [
        0,
        0.752,
        0,
        0.267,
        -5.746,
        0,
        1.167,
        24.629,
        1,
        1.467,
        24.629,
        1.767,
        9.235,
        2.067,
        -3.908,
        1,
        2.289,
        -13.643,
        2.511,
        -14.533,
        2.733,
        -14.533,
        0,
        3.8,
        11.151,
        1,
        4,
        11.151,
        4.2,
        6.142,
        4.4,
        0.752
      ]
    },
    {
      "Target": "Parameter",
      "Id": "Param143",
      "Segments": [
        0,
        -10.489,
        0,
        0.033,
        -10.683,
        0,
        0.6,
        23.998,
        1,
        1.089,
        23.998,
        1.578,
        -2.163,
        2.067,
        -15.149,
        1,
        2.1,
        -16.034,
        2.134,
        -15.343,
        2.167,
        -15.343,
        0,
        3.2,
        10.521,
        1,
        3.6,
        10.521,
        4,
        -2.286,
        4.4,
        -10.489
      ]
    },
    {
      "Target": "Parameter",
      "Id": "Param144",
      "Segments": [
        0,
        0.752,
        0,
        0.267,
        -5.746,
        0,
        1.167,
        24.629,
        1,
        1.467,
        24.629,
        1.767,
        9.235,
        2.067,
        -3.908,
        1,
        2.289,
        -13.643,
        2.511,
        -14.533,
        2.733,
        -14.533,
        0,
        3.8,
        11.151,
        1,
        4,
        11.151,
        4.2,
        6.142,
        4.4,
        0.752
      ]
    },
    {
      "Target": "Parameter",
      "Id": "Param139",
      "Segments": [
        0,
        -10.489,
        0,
        0.033,
        -10.683,
        0,
        0.6,
        23.998,
        1,
        1.089,
        23.998,
        1.578,
        -2.163,
        2.067,
        -15.149,
        1,
        2.1,
        -16.034,
        2.134,
        -15.343,
        2.167,
        -15.343,
        0,
        3.2,
        10.521,
        1,
        3.6,
        10.521,
        4,
        -2.286,
        4.4,
        -10.489
      ]
    },
    {
      "Target": "Parameter",
      "Id": "Param140",
      "Segments": [
        0,
        0.752,
        0,
        0.267,
        -5.746,
        0,
        1.167,
        24.629,
        1,
        1.467,
        24.629,
        1.767,
        9.235,
        2.067,
        -3.908,
        1,
        2.289,
        -13.643,
        2.511,
        -14.533,
        2.733,
        -14.533,
        0,
        3.8,
        11.151,
        1,
        4,
        11.151,
        4.2,
        6.142,
        4.4,
        0.752
      ]
    },
    {
      "Target": "Parameter",
      "Id": "Param135",
      "Segments": [
        0,
        -10.489,
        0,
        0.033,
        -10.683,
        0,
        0.6,
        23.998,
        1,
        1.089,
        23.998,
        1.578,
        -2.163,
        2.067,
        -15.149,
        1,
        2.1,
        -16.034,
        2.134,
        -15.343,
        2.167,
        -15.343,
        0,
        3.2,
        10.521,
        1,
        3.6,
        10.521,
        4,
        -2.286,
        4.4,
        -10.489
      ]
    },
    {
      "Target": "Parameter",
      "Id": "Param136",
      "Segments": [
        0,
        0.752,
        0,
        0.267,
        -5.746,
        0,
        1.167,
        24.629,
        1,
        1.467,
        24.629,
        1.767,
        9.235,
        2.067,
        -3.908,
        1,
        2.289,
        -13.643,
        2.511,
        -14.533,
        2.733,
        -14.533,
        0,
        3.8,
        11.151,
        1,
        4,
        11.151,
        4.2,
        6.142,
        4.4,
        0.752
      ]
    },
    {
      "Target": "Parameter",
      "Id": "Param145",
      "Segments": [
        0,
        -10.489,
        0,
        0.033,
        -10.683,
        0,
        0.6,
        23.998,
        1,
        1.089,
        23.998,
        1.578,
        -2.163,
        2.067,
        -15.149,
        1,
        2.1,
        -16.034,
        2.134,
        -15.343,
        2.167,
        -15.343,
        0,
        3.2,
        10.521,
        1,
        3.6,
        10.521,
        4,
        -2.286,
        4.4,
        -10.489
      ]
    },
    {
      "Target": "Parameter",
      "Id": "Param146",
      "Segments": [
        0,
        0.752,
        0,
        0.267,
        -5.746,
        0,
        1.167,
        24.629,
        1,
        1.467,
        24.629,
        1.767,
        9.235,
        2.067,
        -3.908,
        1,
        2.289,
        -13.643,
        2.511,
        -14.533,
        2.733,
        -14.533,
        0,
        3.8,
        11.151,
        1,
        4,
        11.151,
        4.2,
        6.142,
        4.4,
        0.752
      ]
    },
    {
      "Target": "Parameter",
      "Id": "Param141",
      "Segments": [
        0,
        -10.489,
        0,
        0.033,
        -10.683,
        0,
        0.6,
        23.998,
        1,
        1.089,
        23.998,
        1.578,
        -2.163,
        2.067,
        -15.149,
        1,
        2.1,
        -16.034,
        2.134,
        -15.343,
        2.167,
        -15.343,
        0,
        3.2,
        10.521,
        1,
        3.6,
        10.521,
        4,
        -2.286,
        4.4,
        -10.489
      ]
    },
    {
      "Target": "Parameter",
      "Id": "Param142",
      "Segments": [
        0,
        0.752,
        0,
        0.267,
        -5.746,
        0,
        1.167,
        24.629,
        1,
        1.467,
        24.629,
        1.767,
        9.235,
        2.067,
        -3.908,
        1,
        2.289,
        -13.643,
        2.511,
        -14.533,
        2.733,
        -14.533,
        0,
        3.8,
        11.151,
        1,
        4,
        11.151,
        4.2,
        6.142,
        4.4,
        0.752
      ]
    },
    {
      "Target": "Parameter",
      "Id": "Param64x",
      "Segments": [
        0,
        -10.489,
        0,
        0.033,
        -10.683,
        1,
        0.166,
        -10.683,
        0.3,
        -8.529,
        0.433,
        -5.988,
        1,
        0.489,
        -4.929,
        0.544,
        -4.663,
        0.6,
        -3.768,
        1,
        0.722,
        -1.797,
        0.845,
        -0.492,
        0.967,
        -0.492,
        1,
        1.089,
        -0.492,
        1.211,
        -1.745,
        1.333,
        -3.498,
        1,
        1.389,
        -4.296,
        1.444,
        -4.657,
        1.5,
        -5.382,
        1,
        1.578,
        -6.398,
        1.655,
        -7.854,
        1.733,
        -8.813,
        1,
        1.855,
        -10.32,
        1.978,
        -11.66,
        2.1,
        -12.917,
        1,
        2.167,
        -13.603,
        2.233,
        -13.814,
        2.3,
        -13.814,
        1,
        2.4,
        -13.814,
        2.5,
        -13.545,
        2.6,
        -12.514,
        1,
        2.733,
        -11.139,
        2.867,
        -9.11,
        3,
        -7.698,
        1,
        3.056,
        -7.109,
        3.111,
        -6.895,
        3.167,
        -6.324,
        1,
        3.311,
        -4.84,
        3.456,
        -3.863,
        3.6,
        -3.863,
        1,
        3.722,
        -3.863,
        3.845,
        -4.377,
        3.967,
        -5.517,
        1,
        4.022,
        -6.035,
        4.078,
        -6.567,
        4.133,
        -7.199,
        1,
        4.222,
        -8.209,
        4.311,
        -9.805,
        4.4,
        -10.489
      ]
    },
    {
      "Target": "Parameter",
      "Id": "Param65y",
      "Segments": [
        0,
        0.752,
        0,
        0.4,
        -4.876,
        1,
        0.544,
        -4.876,
        0.689,
        -3.621,
        0.833,
        -0.988,
        1,
        0.878,
        -0.178,
        0.922,
        0.742,
        0.967,
        1.574,
        1,
        1.122,
        4.488,
        1.278,
        5.914,
        1.433,
        5.914,
        1,
        1.611,
        5.914,
        1.789,
        4.284,
        1.967,
        0.911,
        1,
        2.045,
        -0.604,
        2.122,
        -2.118,
        2.2,
        -3.633,
        1,
        2.278,
        -5.187,
        2.355,
        -6.741,
        2.433,
        -8.295,
        1,
        2.544,
        -9.63,
        2.656,
        -9.873,
        2.767,
        -9.873,
        1,
        2.856,
        -9.873,
        2.944,
        -6.998,
        3.033,
        -3.633,
        1,
        3.089,
        -1.53,
        3.144,
        -0.514,
        3.2,
        1.278,
        1,
        3.3,
        4.504,
        3.4,
        6.392,
        3.5,
        6.392,
        1,
        3.611,
        6.392,
        3.722,
        6.219,
        3.833,
        5.449,
        1,
        3.933,
        4.757,
        4.033,
        3.485,
        4.133,
        2.669,
        1,
        4.222,
        1.944,
        4.311,
        2.106,
        4.4,
        0.752
      ]
    },
    {
      "Target": "Parameter",
      "Id": "Param153",
      "Segments": [
        0,
        5.356,
        0,
        0.8,
        -13.623,
        1,
        1.089,
        -13.623,
        1.378,
        2.017,
        1.667,
        5.408,
        1,
        2.011,
        9.452,
        2.356,
        9.299,
        2.7,
        9.299,
        0,
        3.667,
        -3.537,
        0,
        4.4,
        5.356
      ]
    },
    {
      "Target": "Parameter",
      "Id": "Param154",
      "Segments": [
        0,
        3.458,
        0,
        0.433,
        -13.881,
        1,
        0.722,
        -13.881,
        1.011,
        8.633,
        1.3,
        10.816,
        1,
        1.656,
        13.503,
        2.011,
        13.26,
        2.367,
        13.26,
        1,
        2.534,
        13.26,
        2.7,
        11.401,
        2.867,
        7.12,
        1,
        3.178,
        -0.871,
        3.489,
        -5.171,
        3.8,
        -5.171,
        0,
        4.4,
        3.458
      ]
    },
    {
      "Target": "Parameter",
      "Id": "Param50",
      "Segments": [
        0,
        9.665,
        0,
        0.1,
        10.229,
        0,
        1.067,
        -18.832,
        0,
        2.1,
        27.991,
        0,
        2.7,
        4.611,
        0,
        3.167,
        13.891,
        0,
        4.4,
        9.665
      ]
    },
    {
      "Target": "Parameter",
      "Id": "Param51",
      "Segments": [
        0,
        -10.489,
        0,
        0.033,
        -10.683,
        0,
        1.1,
        9.598,
        0,
        2.733,
        -11.105,
        0,
        4.4,
        -10.489
      ]
    },
    {
      "Target": "Parameter",
      "Id": "Param52",
      "Segments": [
        0,
        0.752,
        0,
        0.533,
        -9.873,
        0,
        1.6,
        10.229,
        0,
        3.533,
        -10.294,
        0,
        4.4,
        0.752
      ]
    },
    {
      "Target": "Parameter",
      "Id": "Param47",
      "Segments": [
        0,
        0,
        0,
        1.5,
        -13.297,
        0,
        2.567,
        -1.976,
        0,
        3.5,
        -11.999,
        0,
        4.4,
        0
      ]
    },
    {
      "Target": "Parameter",
      "Id": "Param46",
      "Segments": [
        0,
        0,
        2,
        0.233,
        0,
        1,
        0.444,
        0,
        0.656,
        -14.039,
        0.867,
        -16.705,
        1,
        1.156,
        -20.352,
        1.444,
        -20.357,
        1.733,
        -20.357,
        0,
        3.167,
        0,
        2,
        4.3,
        0,
        2,
        4.4,
        0
      ]
    },
    {
      "Target": "Parameter",
      "Id": "Param65",
      "Segments": [
        0,
        30,
        1,
        0.222,
        30,
        0.445,
        29.864,
        0.667,
        26.316,
        1,
        1.222,
        17.447,
        1.778,
        10,
        2.333,
        10,
        0,
        4,
        30,
        2,
        4.4,
        30
      ]
    },
    {
      "Target": "Parameter",
      "Id": "Param64",
      "Segments": [
        0,
        0,
        0,
        1.767,
        -18.666,
        0,
        3.2,
        0,
        2,
        4.4,
        0
      ]
    },
    {
      "Target": "Parameter",
      "Id": "Param",
      "Segments": [
        0,
        -10.552,
        1,
        0.2,
        -10.552,
        0.4,
        -7.161,
        0.6,
        0.232,
        1,
        0.789,
        7.215,
        0.978,
        11.032,
        1.167,
        11.032,
        1,
        1.367,
        11.032,
        1.567,
        8.185,
        1.767,
        0.232,
        1,
        1.922,
        -5.953,
        2.078,
        -10.552,
        2.233,
        -10.552,
        1,
        2.455,
        -10.552,
        2.678,
        -7.649,
        2.9,
        0.232,
        1,
        3.078,
        6.537,
        3.255,
        11.032,
        3.433,
        11.032,
        1,
        3.644,
        11.032,
        3.856,
        8.732,
        4.067,
        0.232,
        1,
        4.178,
        -4.241,
        4.289,
        -10.552,
        4.4,
        -10.552
      ]
    },
    {
      "Target": "Parameter",
      "Id": "Param2",
      "Segments": [
        0,
        2.339,
        0,
        0.6,
        -17.893,
        1,
        0.789,
        -17.893,
        0.978,
        -10.893,
        1.167,
        2.339,
        1,
        1.367,
        16.351,
        1.567,
        22.989,
        1.767,
        22.989,
        1,
        1.922,
        22.989,
        2.078,
        13.131,
        2.233,
        2.339,
        1,
        2.455,
        -13.077,
        2.678,
        -17.893,
        2.9,
        -17.893,
        1,
        3.078,
        -17.893,
        3.255,
        -10.038,
        3.433,
        2.339,
        1,
        3.644,
        17.038,
        3.856,
        22.989,
        4.067,
        22.989,
        1,
        4.178,
        22.989,
        4.289,
        11.2,
        4.4,
        2.339
      ]
    },
    {
      "Target": "Parameter",
      "Id": "Param48",
      "Segments": [
        0,
        -4.847,
        0,
        0.1,
        -5.042,
        0,
        1.933,
        5.871,
        0,
        3.5,
        -9.898,
        0,
        4.4,
        -4.847
      ]
    },
    {
      "Target": "Parameter",
      "Id": "Param49",
      "Segments": [
        0,
        1.143,
        0,
        0.9,
        -4.231,
        0,
        2.733,
        3.553,
        1,
        2.955,
        3.553,
        3.178,
        3.599,
        3.4,
        1.143,
        1,
        3.7,
        -2.173,
        4,
        -7.244,
        4.3,
        -7.244,
        0,
        4.4,
        1.143
      ]
    },
    {
      "Target": "Model",
      "Id": "Opacity",
      "Segments": [
        0,
        1,
        0,
        4.4,
        1
      ]
    },
    {
      "Target": "Model",
      "Id": "LipSync",
      "Segments": [
        0,
        0,
        0,
        4.4,
        0
      ]
    },
    {
      "Target": "Parameter",
      "Id": "Param58",
      "Segments": [
        0,
        0,
        0,
        4.4,
        0
      ]
    },
    {
      "Target": "Parameter",
      "Id": "Param7",
      "Segments": [
        0,
        0,
        0,
        4.4,
        0
      ]
    },
    {
      "Target": "Parameter",
      "Id": "Param34",
      "Segments": [
        0,
        0,
        0,
        4.4,
        0
      ]
    },
    {
      "Target": "Parameter",
      "Id": "Param8",
      "Segments": [
        0,
        0,
        0,
        4.4,
        0
      ]
    },
    {
      "Target": "Parameter",
      "Id": "Param33",
      "Segments": [
        0,
        0,
        0,
        4.4,
        0
      ]
    },
    {
      "Target": "Parameter",
      "Id": "Param62",
      "Segments": [
        0,
        0,
        0,
        4.4,
        0
      ]
    },
    {
      "Target": "Parameter",
      "Id": "Param63",
      "Segments": [
        0,
        0,
        0,
        4.4,
        0
      ]
    },
    {
      "Target": "Parameter",
      "Id": "ParamCheek",
      "Segments": [
        0,
        0,
        0,
        4.4,
        0
      ]
    },
    {
      "Target": "Parameter",
      "Id": "ParamBrowRX",
      "Segments": [
        0,
        0,
        0,
        4.4,
        0
      ]
    },
    {
      "Target": "Parameter",
      "Id": "ParamBrowRY",
      "Segments": [
        0,
        0,
        0,
        4.4,
        0
      ]
    },
    {
      "Target": "Parameter",
      "Id": "ParamBrowRAngle",
      "Segments": [
        0,
        0,
        0,
        4.4,
        0
      ]
    },
    {
      "Target": "Parameter",
      "Id": "ParamBrowRForm",
      "Segments": [
        0,
        0,
        0,
        4.4,
        0
      ]
    },
    {
      "Target": "Parameter",
      "Id": "ParamBrowLX",
      "Segments": [
        0,
        0,
        0,
        4.4,
        0
      ]
    },
    {
      "Target": "Parameter",
      "Id": "ParamBrowLY",
      "Segments": [
        0,
        0,
        0,
        4.4,
        0
      ]
    },
    {
      "Target": "Parameter",
      "Id": "ParamBrowLAngle",
      "Segments": [
        0,
        0,
        0,
        4.4,
        0
      ]
    },
    {
      "Target": "Parameter",
      "Id": "ParamBrowLForm",
      "Segments": [
        0,
        0,
        0,
        4.4,
        0
      ]
    },
    {
      "Target": "Parameter",
      "Id": "Param6",
      "Segments": [
        0,
        0,
        0,
        4.4,
        0
      ]
    },
    {
      "Target": "Parameter",
      "Id": "ParamEyeBallX",
      "Segments": [
        0,
        0,
        0,
        4.4,
        0
      ]
    },
    {
      "Target": "Parameter",
      "Id": "ParamEyeBallY",
      "Segments": [
        0,
        0,
        0,
        4.4,
        0
      ]
    },
    {
      "Target": "Parameter",
      "Id": "Param120",
      "Segments": [
        0,
        0,
        0,
        4.4,
        0
      ]
    },
    {
      "Target": "Parameter",
      "Id": "Param124",
      "Segments": [
        0,
        0,
        0,
        4.4,
        0
      ]
    },
    {
      "Target": "Parameter",
      "Id": "Param125",
      "Segments": [
        0,
        0,
        0,
        4.4,
        0
      ]
    },
    {
      "Target": "Parameter",
      "Id": "ParamMouthForm",
      "Segments": [
        0,
        0,
        0,
        4.4,
        0
      ]
    },
    {
      "Target": "Parameter",
      "Id": "Param76",
      "Segments": [
        0,
        0,
        0,
        4.4,
        0
      ]
    },
    {
      "Target": "Parameter",
      "Id": "Param53",
      "Segments": [
        0,
        0,
        0,
        4.4,
        0
      ]
    },
    {
      "Target": "Parameter",
      "Id": "ParamBodyAngleZ",
      "Segments": [
        0,
        0,
        0,
        4.4,
        0
      ]
    },
    {
      "Target": "Parameter",
      "Id": "ParamBreath",
      "Segments": [
        0,
        0,
        0,
        4.4,
        0
      ]
    },
    {
      "Target": "Parameter",
      "Id": "Param11",
      "Segments": [
        0,
        0,
        0,
        4.4,
        0
      ]
    },
    {
      "Target": "Parameter",
      "Id": "Param12",
      "Segments": [
        0,
        0,
        0,
        4.4,
        0
      ]
    },
    {
      "Target": "Parameter",
      "Id": "Param54",
      "Segments": [
        0,
        1,
        0,
        4.4,
        1
      ]
    },
    {
      "Target": "Parameter",
      "Id": "Param55",
      "Segments": [
        0,
        0,
        0,
        4.4,
        0
      ]
    },
    {
      "Target": "Parameter",
      "Id": "Param56",
      "Segments": [
        0,
        1,
        0,
        4.4,
        1
      ]
    },
    {
      "Target": "Parameter",
      "Id": "Param57",
      "Segments": [
        0,
        0,
        0,
        4.4,
        0
      ]
    },
    {
      "Target": "Parameter",
      "Id": "Param155",
      "Segments": [
        0,
        -15,
        0,
        4.4,
        -15
      ]
    },
    {
      "Target": "Parameter",
      "Id": "Param115",
      "Segments": [
        0,
        0,
        0,
        4.4,
        0
      ]
    },
    {
      "Target": "Parameter",
      "Id": "Param77",
      "Segments": [
        0,
        0,
        0,
        4.4,
        0
      ]
    },
    {
      "Target": "Parameter",
      "Id": "Param60",
      "Segments": [
        0,
        0,
        0,
        4.4,
        0
      ]
    },
    {
      "Target": "Parameter",
      "Id": "Param61",
      "Segments": [
        0,
        0,
        0,
        4.4,
        0
      ]
    },
    {
      "Target": "Parameter",
      "Id": "Param30",
      "Segments": [
        0,
        30,
        0,
        4.4,
        30
      ]
    },
    {
      "Target": "Parameter",
      "Id": "Param29",
      "Segments": [
        0,
        0,
        0,
        4.4,
        0
      ]
    },
    {
      "Target": "Parameter",
      "Id": "Param28",
      "Segments": [
        0,
        0,
        0,
        4.4,
        0
      ]
    },
    {
      "Target": "Parameter",
      "Id": "Param27",
      "Segments": [
        0,
        0,
        0,
        4.4,
        0
      ]
    },
    {
      "Target": "Parameter",
      "Id": "Param25",
      "Segments": [
        0,
        0,
        0,
        4.4,
        0
      ]
    },
    {
      "Target": "Parameter",
      "Id": "Param26",
      "Segments": [
        0,
        0,
        0,
        4.4,
        0
      ]
    },
    {
      "Target": "Parameter",
      "Id": "Param4",
      "Segments": [
        0,
        0,
        0,
        4.4,
        0
      ]
    },
    {
      "Target": "Parameter",
      "Id": "Param5",
      "Segments": [
        0,
        0,
        0,
        4.4,
        0
      ]
    },
    {
      "Target": "Parameter",
      "Id": "Param59",
      "Segments": [
        0,
        0,
        0,
        4.4,
        0
      ]
    },
    {
      "Target": "Parameter",
      "Id": "Param31",
      "Segments": [
        0,
        0,
        0,
        4.4,
        0
      ]
    },
    {
      "Target": "Parameter",
      "Id": "Param32",
      "Segments": [
        0,
        0,
        0,
        4.4,
        0
      ]
    },
    {
      "Target": "Parameter",
      "Id": "Param116",
      "Segments": [
        0,
        0,
        0,
        4.4,
        0
      ]
    },
    {
      "Target": "Parameter",
      "Id": "Param117",
      "Segments": [
        0,
        0,
        0,
        4.4,
        0
      ]
    },
    {
      "Target": "Parameter",
      "Id": "Param78",
      "Segments": [
        0,
        0,
        0,
        4.4,
        0
      ]
    },
    {
      "Target": "Parameter",
      "Id": "Param118",
      "Segments": [
        0,
        0,
        0,
        4.4,
        0
      ]
    },
    {
      "Target": "Parameter",
      "Id": "Param119",
      "Segments": [
        0,
        0,
        0,
        4.4,
        0
      ]
    },
    {
      "Target": "Parameter",
      "Id": "Param123",
      "Segments": [
        0,
        0,
        0,
        4.4,
        0
      ]
    },
    {
      "Target": "Parameter",
      "Id": "Param37",
      "Segments": [
        0,
        0,
        0,
        4.4,
        0
      ]
    },
    {
      "Target": "Parameter",
      "Id": "Param38",
      "Segments": [
        0,
        0,
        0,
        4.4,
        0
      ]
    },
    {
      "Target": "Parameter",
      "Id": "Param39",
      "Segments": [
        0,
        0,
        0,
        4.4,
        0
      ]
    },
    {
      "Target": "Parameter",
      "Id": "Param111",
      "Segments": [
        0,
        0,
        0,
        4.4,
        0
      ]
    }
  ],
  "UserData": [
    {
      "Time": 0.0,
      "Value": ""
    },
    {
      "Time": 0.266666681,
      "Value": "characterVoice_109_4.13"
    }
  ]
}