{
  "Version": 3,
  "Meta": {
    "Duration": 3.57,
    "Fps": 30.0,
    "Loop": true,
    "AreBeziersRestricted": true,
    "CurveCount": 140,
    "TotalSegmentCount": 622,
    "TotalPointCount": 1034,
    "UserDataCount": 1,
    "TotalUserDataSize": 0
  },
  "Curves": [
    {
      "Target": "Parameter",
      "Id": "ParamAngleX",
      "Segments": [
        0,
        -5.83,
        1,
        0.044,
        -5.83,
        0.089,
        -5.546,
        0.133,
        -8,
        1,
        0.222,
        -12.908,
        0.311,
        -20.526,
        0.4,
        -20.526,
        0,
        0.733,
        -11,
        2,
        1.033,
        -11,
        1,
        1.078,
        -11,
        1.122,
        -7.324,
        1.167,
        -6,
        1,
        1.189,
        -5.338,
        1.211,
        -5.652,
        1.233,
        -5,
        1,
        1.289,
        -3.37,
        1.344,
        -0.561,
        1.4,
        -0.561,
        0,
        1.8,
        -21.408,
        1,
        1.867,
        -21.408,
        1.933,
        -21.015,
        2,
        -18.736,
        1,
        2.056,
        -16.836,
        2.111,
        -14.201,
        2.167,
        -14.201,
        2,
        3.033,
        -14.201,
        0,
        3.567,
        -5.83
      ]
    },
    {
      "Target": "Parameter",
      "Id": "ParamAngleY",
      "Segments": [
        0,
        2.512,
        1,
        0.056,
        2.512,
        0.111,
        0.158,
        0.167,
        -3.613,
        1,
        0.234,
        -8.137,
        0.3,
        -10,
        0.367,
        -10,
        0,
        0.633,
        15.504,
        0,
        0.967,
        -8.059,
        1,
        1.034,
        -8.059,
        1.1,
        -8.485,
        1.167,
        -3.876,
        1,
        1.256,
        2.27,
        1.344,
        18.826,
        1.433,
        18.826,
        1,
        1.533,
        18.826,
        1.633,
        0.988,
        1.733,
        -16.845,
        1,
        1.8,
        -28.733,
        1.866,
        -30,
        1.933,
        -30,
        1,
        1.989,
        -30,
        2.044,
        -29.758,
        2.1,
        -26.444,
        1,
        2.278,
        -15.84,
        2.455,
        -8.059,
        2.633,
        -8.059,
        0,
        3.033,
        -12.18,
        0,
        3.567,
        2.512
      ]
    },
    {
      "Target": "Parameter",
      "Id": "ParamCheek",
      "Segments": [
        0,
        0,
        0,
        0.3,
        1,
        2,
        2.633,
        1,
        1,
        2.822,
        1,
        3.011,
        0.807,
        3.2,
        0.403,
        1,
        3.322,
        0.141,
        3.445,
        0,
        3.567,
        0
      ]
    },
    {
      "Target": "Parameter",
      "Id": "ParamBrowRY",
      "Segments": [
        0,
        0,
        2,
        0.1,
        0,
        0,
        0.233,
        0.162,
        0,
        0.5,
        0,
        2,
        3,
        0,
        2,
        3.567,
        0
      ]
    },
    {
      "Target": "Parameter",
      "Id": "ParamBrowRAngle",
      "Segments": [
        0,
        0,
        2,
        0.1,
        0,
        2,
        0.233,
        0,
        0,
        0.5,
        -0.202,
        2,
        3,
        -0.202,
        0,
        3.567,
        0
      ]
    },
    {
      "Target": "Parameter",
      "Id": "ParamBrowRForm",
      "Segments": [
        0,
        0,
        2,
        0.1,
        0,
        2,
        0.233,
        0,
        0,
        0.5,
        -0.4,
        2,
        3,
        -0.4,
        0,
        3.567,
        0
      ]
    },
    {
      "Target": "Parameter",
      "Id": "ParamBrowLY",
      "Segments": [
        0,
        0,
        2,
        0.1,
        0,
        0,
        0.233,
        0.244,
        0,
        0.5,
        0,
        2,
        3,
        0,
        2,
        3.567,
        0
      ]
    },
    {
      "Target": "Parameter",
      "Id": "ParamBrowLAngle",
      "Segments": [
        0,
        0,
        2,
        0.1,
        0,
        2,
        0.233,
        0,
        0,
        0.5,
        0.2,
        2,
        3,
        0.2,
        0,
        3.567,
        0
      ]
    },
    {
      "Target": "Parameter",
      "Id": "ParamBrowLForm",
      "Segments": [
        0,
        0,
        2,
        0.1,
        0,
        2,
        0.233,
        0,
        0,
        0.5,
        -0.3,
        2,
        3,
        -0.3,
        0,
        3.567,
        0
      ]
    },
    {
      "Target": "Parameter",
      "Id": "ParamEyeROpen",
      "Segments": [
        0,
        1,
        0,
        0.233,
        1.2,
        0,
        0.433,
        1.1,
        2,
        0.767,
        1.1,
        0,
        1.167,
        0.9,
        1,
        1.511,
        0.9,
        1.856,
        0.9,
        2.2,
        0.901,
        1,
        2.411,
        0.902,
        2.622,
        1,
        2.833,
        1,
        0,
        3.067,
        0,
        0,
        3.367,
        1,
        2,
        3.567,
        1
      ]
    },
    {
      "Target": "Parameter",
      "Id": "ParamEyeLOpen",
      "Segments": [
        0,
        1,
        0,
        0.233,
        1.2,
        0,
        0.433,
        1.1,
        2,
        0.767,
        1.1,
        0,
        1.167,
        0.9,
        1,
        1.511,
        0.9,
        1.856,
        0.9,
        2.2,
        0.901,
        1,
        2.411,
        0.902,
        2.622,
        1,
        2.833,
        1,
        0,
        3.067,
        0,
        0,
        3.367,
        1,
        2,
        3.567,
        1
      ]
    },
    {
      "Target": "Parameter",
      "Id": "Param6",
      "Segments": [
        0,
        0,
        0,
        0.267,
        0.811,
        2,
        0.7,
        0.811,
        0,
        1.433,
        0,
        2,
        3.567,
        0
      ]
    },
    {
      "Target": "Parameter",
      "Id": "Param120",
      "Segments": [
        0,
        0,
        0,
        0.3,
        -0.4,
        2,
        2.567,
        -0.4,
        0,
        3.2,
        0,
        2,
        3.567,
        0
      ]
    },
    {
      "Target": "Parameter",
      "Id": "ParamMouthOpenY",
      "Segments": [
        0,
        0.5,
        0,
        0.2,
        0.8,
        2,
        0.333,
        0.8,
        0,
        0.433,
        0,
        2,
        0.633,
        0,
        0,
        0.733,
        0.35,
        0,
        0.867,
        0,
        2,
        1.033,
        0,
        0,
        1.333,
        0.848,
        0,
        1.533,
        0.75,
        0,
        1.733,
        1,
        2,
        1.833,
        1,
        0,
        2.133,
        0,
        2,
        2.567,
        0,
        2,
        2.967,
        0,
        0,
        3.567,
        0.5
      ]
    },
    {
      "Target": "Parameter",
      "Id": "ParamMouthForm",
      "Segments": [
        0,
        0,
        0,
        0.267,
        -0.8,
        2,
        3.067,
        -0.8,
        0,
        3.567,
        0
      ]
    },
    {
      "Target": "Parameter",
      "Id": "Param126",
      "Segments": [
        0,
        0,
        0,
        0.3,
        1,
        2,
        1.7,
        1,
        0,
        1.833,
        0,
        0,
        1.967,
        1,
        2,
        3.433,
        1,
        0,
        3.567,
        0
      ]
    },
    {
      "Target": "Parameter",
      "Id": "ParamBodyAngleX",
      "Segments": [
        0,
        -0.839,
        1,
        0.033,
        -0.839,
        0.067,
        -0.802,
        0.1,
        -1.149,
        1,
        0.133,
        -1.496,
        0.167,
        -3.16,
        0.2,
        -3.16,
        0,
        0.533,
        10,
        2,
        0.667,
        10,
        0,
        0.867,
        6.931,
        0,
        1.067,
        8,
        2,
        1.233,
        8,
        0,
        1.467,
        10,
        0,
        1.9,
        -4.74,
        0,
        2.533,
        -2,
        2,
        2.733,
        -2,
        1,
        3.011,
        -2,
        3.289,
        -1.631,
        3.567,
        -0.839
      ]
    },
    {
      "Target": "Parameter",
      "Id": "ParamBodyAngleY",
      "Segments": [
        0,
        -0.015,
        0,
        0.233,
        -3.427,
        1,
        0.278,
        -3.427,
        0.322,
        -0.924,
        0.367,
        0.438,
        1,
        0.422,
        2.141,
        0.478,
        2.355,
        0.533,
        2.355,
        0,
        0.867,
        -1.209,
        1,
        0.967,
        -1.209,
        1.067,
        -1.083,
        1.167,
        0,
        1,
        1.234,
        0.722,
        1.3,
        2.355,
        1.367,
        2.355,
        0,
        1.8,
        -9.152,
        0,
        2.533,
        -5.9,
        2,
        2.933,
        -5.9,
        0,
        3.567,
        -0.015
      ]
    },
    {
      "Target": "Parameter",
      "Id": "ParamBodyAngleY2",
      "Segments": [
        0,
        0,
        0,
        0.233,
        -2.265,
        1,
        0.278,
        -2.265,
        0.322,
        -0.824,
        0.367,
        -0.036,
        1,
        0.422,
        0.95,
        0.478,
        1.062,
        0.533,
        1.062,
        0,
        0.867,
        -1.007,
        1,
        0.967,
        -1.007,
        1.067,
        -0.934,
        1.167,
        -0.295,
        1,
        1.234,
        0.132,
        1.3,
        1.062,
        1.367,
        1.062,
        0,
        1.8,
        -5.642,
        0,
        2.533,
        -2.39,
        2,
        2.933,
        -2.39,
        1,
        3.144,
        -2.39,
        3.356,
        -0.667,
        3.567,
        0
      ]
    },
    {
      "Target": "Parameter",
      "Id": "Param11",
      "Segments": [
        0,
        0,
        1,
        0.044,
        0,
        0.089,
        0.522,
        0.133,
        3,
        1,
        0.166,
        4.859,
        0.2,
        7.304,
        0.233,
        7.304,
        1,
        0.289,
        7.304,
        0.344,
        -1.518,
        0.4,
        -3.613,
        1,
        0.456,
        -5.708,
        0.511,
        -5.613,
        0.567,
        -5.613,
        0,
        0.733,
        -3.613,
        2,
        1.2,
        -3.613,
        0,
        1.433,
        -5.613,
        0,
        1.867,
        3,
        0,
        2.567,
        -1.149,
        2,
        2.933,
        -1.149,
        1,
        3.022,
        -1.149,
        3.111,
        -1.135,
        3.2,
        -0.851,
        1,
        3.322,
        -0.462,
        3.445,
        0,
        3.567,
        0
      ]
    },
    {
      "Target": "Parameter",
      "Id": "Param12",
      "Segments": [
        0,
        0,
        0,
        0.167,
        -6,
        1,
        0.189,
        -6,
        0.211,
        -3.767,
        0.233,
        0.397,
        1,
        0.3,
        12.89,
        0.366,
        18.992,
        0.433,
        18.992,
        2,
        0.667,
        18.992,
        0,
        0.833,
        17.437,
        0,
        1.1,
        18.992,
        2,
        1.367,
        18.992,
        0,
        1.567,
        20.154,
        0,
        1.9,
        15.992,
        0,
        2.267,
        18.992,
        2,
        2.667,
        18.992,
        1,
        2.845,
        18.992,
        3.022,
        14.621,
        3.2,
        7.153,
        1,
        3.322,
        2.019,
        3.445,
        0,
        3.567,
        0
      ]
    },
    {
      "Target": "Parameter",
      "Id": "Param121",
      "Segments": [
        0,
        0,
        0,
        0.7,
        -22.554,
        2,
        2.167,
        -22.554,
        0,
        3.3,
        0,
        2,
        3.567,
        0
      ]
    },
    {
      "Target": "Parameter",
      "Id": "Param112",
      "Segments": [
        0,
        1.659,
        1,
        0.067,
        1.659,
        0.133,
        -3.255,
        0.2,
        -6.501,
        1,
        0.378,
        -15.157,
        0.555,
        -17.917,
        0.733,
        -17.917,
        1,
        1,
        -17.917,
        1.266,
        -17.599,
        1.533,
        -15.993,
        1,
        1.622,
        -15.458,
        1.711,
        -12.222,
        1.8,
        -12.222,
        2,
        2.467,
        -12.222,
        0,
        2.633,
        -13.81,
        1,
        2.944,
        -13.81,
        3.256,
        -1.14,
        3.567,
        1.659
      ]
    },
    {
      "Target": "Parameter",
      "Id": "Param113",
      "Segments": [
        0,
        -0.326,
        1,
        0.056,
        -0.326,
        0.111,
        0.659,
        0.167,
        7.147,
        1,
        0.322,
        25.313,
        0.478,
        37.882,
        0.633,
        37.882,
        2,
        1.133,
        37.882,
        1,
        1.266,
        37.882,
        1.4,
        37.743,
        1.533,
        36.532,
        1,
        1.622,
        35.724,
        1.711,
        33.907,
        1.8,
        33.907,
        2,
        2.467,
        33.907,
        0,
        3.567,
        -0.326
      ]
    },
    {
      "Target": "Parameter",
      "Id": "Param114",
      "Segments": [
        0,
        -1.927,
        1,
        0.1,
        -1.927,
        0.2,
        -1.709,
        0.3,
        0.119,
        1,
        0.478,
        3.367,
        0.655,
        6.205,
        0.833,
        6.205,
        0,
        1.2,
        -3.975,
        0,
        2.6,
        4.882,
        1,
        2.833,
        4.882,
        3.067,
        4.628,
        3.3,
        3.03,
        1,
        3.389,
        2.421,
        3.478,
        -1.927,
        3.567,
        -1.927
      ]
    },
    {
      "Target": "Parameter",
      "Id": "Param155",
      "Segments": [
        0,
        -15,
        0,
        0.4,
        -25.653,
        0,
        0.733,
        -15.46,
        1,
        0.855,
        -15.46,
        0.978,
        -16.754,
        1.1,
        -18.087,
        1,
        1.222,
        -19.42,
        1.345,
        -19.707,
        1.467,
        -19.707,
        0,
        1.733,
        -18.087,
        2,
        2.233,
        -18.087,
        0,
        2.933,
        0.411,
        0,
        3.567,
        -15
      ]
    },
    {
      "Target": "Parameter",
      "Id": "Param115",
      "Segments": [
        0,
        0,
        0,
        0.3,
        -8.543,
        1,
        0.411,
        -8.543,
        0.522,
        -3.567,
        0.633,
        0,
        1,
        0.755,
        3.924,
        0.878,
        4.505,
        1,
        4.505,
        0,
        1.333,
        0,
        2,
        1.4,
        0,
        0,
        1.8,
        5.414,
        0,
        2.4,
        -1.243,
        0,
        2.733,
        0,
        2,
        3.567,
        0
      ]
    },
    {
      "Target": "Parameter",
      "Id": "Param77",
      "Segments": [
        0,
        0,
        1,
        0.044,
        0,
        0.089,
        21.73,
        0.133,
        23.175,
        1,
        0.3,
        28.595,
        0.466,
        30,
        0.633,
        30,
        2,
        2.467,
        30,
        0,
        3.2,
        0,
        2,
        3.567,
        0
      ]
    },
    {
      "Target": "Parameter",
      "Id": "Param60",
      "Segments": [
        0,
        0,
        2,
        0.067,
        0,
        0,
        0.5,
        -16.19,
        2,
        2.4,
        -16.19,
        0,
        3.2,
        0,
        2,
        3.567,
        0
      ]
    },
    {
      "Target": "Parameter",
      "Id": "Param117",
      "Segments": [
        0,
        0,
        0,
        0.433,
        -10,
        2,
        3.033,
        -10,
        0,
        3.567,
        0
      ]
    },
    {
      "Target": "Parameter",
      "Id": "Param78",
      "Segments": [
        0,
        0,
        0,
        0.467,
        -6.4,
        2,
        1.4,
        -6.4,
        0,
        1.833,
        -20.72,
        2,
        3.033,
        -20.72,
        0,
        3.5,
        0,
        2,
        3.567,
        0
      ]
    },
    {
      "Target": "Parameter",
      "Id": "Param118",
      "Segments": [
        0,
        0,
        0,
        0.433,
        -15,
        0,
        0.7,
        -10,
        2,
        1.167,
        -10,
        0,
        1.467,
        -17.353,
        1,
        1.534,
        -17.353,
        1.6,
        -17.077,
        1.667,
        -14.4,
        1,
        1.745,
        -11.278,
        1.822,
        -7.252,
        1.9,
        -7.252,
        2,
        2.133,
        -7.252,
        0,
        2.433,
        -10,
        2,
        2.533,
        -10,
        2,
        3.033,
        -10,
        0,
        3.567,
        0
      ]
    },
    {
      "Target": "Parameter",
      "Id": "Param109",
      "Segments": [
        0,
        -5.394,
        0,
        0.267,
        -7.469,
        0,
        0.8,
        0.524,
        0,
        1.267,
        -1.354,
        0,
        1.767,
        3.319,
        0,
        2.333,
        -6.027,
        0,
        2.733,
        -4.236,
        0,
        3.3,
        -5.394,
        2,
        3.567,
        -5.394
      ]
    },
    {
      "Target": "Parameter",
      "Id": "Param110",
      "Segments": [
        0,
        0.752,
        1,
        0.067,
        0.752,
        0.133,
        -2.916,
        0.2,
        -11.605,
        1,
        0.267,
        -20.293,
        0.333,
        -25.402,
        0.4,
        -25.402,
        0,
        0.8,
        16.044,
        0,
        1.267,
        -3.518,
        0,
        1.633,
        13.448,
        0,
        2.233,
        -13.981,
        0,
        2.667,
        0.752,
        0,
        3.2,
        -6.853,
        0,
        3.567,
        0.752
      ]
    },
    {
      "Target": "Parameter",
      "Id": "Param127",
      "Segments": [
        0,
        -2.864,
        1,
        0.044,
        -2.864,
        0.089,
        -4.545,
        0.133,
        -5.394,
        1,
        0.222,
        -7.093,
        0.311,
        -7.469,
        0.4,
        -7.469,
        0,
        0.933,
        0.524,
        0,
        1.4,
        -1.354,
        0,
        1.9,
        3.319,
        0,
        2.467,
        -6.027,
        0,
        2.867,
        -4.236,
        0,
        3.467,
        -5.394,
        0,
        3.567,
        -2.864
      ]
    },
    {
      "Target": "Parameter",
      "Id": "Param128",
      "Segments": [
        0,
        9.49,
        1,
        0.044,
        9.49,
        0.089,
        4.178,
        0.133,
        0.752,
        1,
        0.2,
        -4.388,
        0.266,
        -6.031,
        0.333,
        -11.605,
        1,
        0.4,
        -17.178,
        0.466,
        -25.402,
        0.533,
        -25.402,
        0,
        0.933,
        16.044,
        0,
        1.4,
        -3.518,
        0,
        1.767,
        13.448,
        0,
        2.367,
        -13.981,
        0,
        2.8,
        0.752,
        0,
        3.367,
        -6.853,
        0,
        3.567,
        9.49
      ]
    },
    {
      "Target": "Parameter",
      "Id": "Param9",
      "Segments": [
        0,
        -8.997,
        0,
        0.067,
        -9.164,
        0,
        1.267,
        2.949,
        1,
        1.378,
        2.949,
        1.489,
        -11.39,
        1.6,
        -12.69,
        1,
        1.633,
        -13.08,
        1.667,
        -12.857,
        1.7,
        -12.857,
        0,
        2.6,
        6.798,
        1,
        2.922,
        6.798,
        3.245,
        -3.516,
        3.567,
        -8.997
      ]
    },
    {
      "Target": "Parameter",
      "Id": "Param10",
      "Segments": [
        0,
        0.68,
        0,
        0.6,
        -16.878,
        0,
        1.667,
        4.017,
        0,
        2.067,
        -13.271,
        0,
        3.033,
        7.341,
        1,
        3.211,
        7.341,
        3.389,
        4.559,
        3.567,
        0.68
      ]
    },
    {
      "Target": "Parameter",
      "Id": "Param19",
      "Segments": [
        0,
        -8.71,
        0,
        0.1,
        -9.164,
        0,
        1.3,
        2.949,
        1,
        1.4,
        2.949,
        1.5,
        -11.13,
        1.6,
        -12.404,
        1,
        1.656,
        -13.111,
        1.711,
        -12.857,
        1.767,
        -12.857,
        0,
        2.6,
        6.798,
        1,
        2.922,
        6.798,
        3.245,
        -2.95,
        3.567,
        -8.71
      ]
    },
    {
      "Target": "Parameter",
      "Id": "Param20",
      "Segments": [
        0,
        1.675,
        0,
        0.633,
        -16.878,
        0,
        1.7,
        4.017,
        0,
        2.133,
        -13.271,
        0,
        3.133,
        7.341,
        1,
        3.278,
        7.341,
        3.422,
        4.9,
        3.567,
        1.675
      ]
    },
    {
      "Target": "Parameter",
      "Id": "Param21",
      "Segments": [
        0,
        -7.474,
        0,
        0.2,
        -9.164,
        0,
        1.433,
        2.949,
        0,
        1.833,
        -13.657,
        0,
        2.7,
        6.798,
        1,
        2.989,
        6.798,
        3.278,
        -1.78,
        3.567,
        -7.474
      ]
    },
    {
      "Target": "Parameter",
      "Id": "Param22",
      "Segments": [
        0,
        4.052,
        0,
        0.733,
        -16.878,
        0,
        1.767,
        4.017,
        0,
        2.3,
        -13.271,
        0,
        3.2,
        7.341,
        1,
        3.322,
        7.341,
        3.445,
        6.606,
        3.567,
        4.052
      ]
    },
    {
      "Target": "Parameter",
      "Id": "Param40",
      "Segments": [
        0,
        -6.436,
        0,
        0.267,
        -9.164,
        0,
        1.5,
        2.949,
        0,
        1.933,
        -13.657,
        0,
        2.767,
        6.798,
        1,
        3.034,
        6.798,
        3.3,
        -0.942,
        3.567,
        -6.436
      ]
    },
    {
      "Target": "Parameter",
      "Id": "Param41",
      "Segments": [
        0,
        5.347,
        0,
        0.8,
        -16.878,
        0,
        1.767,
        4.017,
        0,
        2.4,
        -13.271,
        0,
        3.2,
        7.341,
        1,
        3.322,
        7.341,
        3.445,
        7.532,
        3.567,
        5.347
      ]
    },
    {
      "Target": "Parameter",
      "Id": "Param42",
      "Segments": [
        0,
        -14.087,
        0,
        0.067,
        -14.35,
        0,
        1.267,
        7.852,
        1,
        1.378,
        7.852,
        1.489,
        -15.823,
        1.6,
        -17.78,
        1,
        1.633,
        -18.367,
        1.667,
        -18.044,
        1.7,
        -18.044,
        0,
        2.6,
        11.701,
        1,
        2.922,
        11.701,
        3.245,
        -5.658,
        3.567,
        -14.087
      ]
    },
    {
      "Target": "Parameter",
      "Id": "Param43",
      "Segments": [
        0,
        1.185,
        0,
        0.6,
        -21.658,
        0,
        1.667,
        9.237,
        0,
        2.067,
        -18.052,
        0,
        3.033,
        12.56,
        1,
        3.211,
        12.56,
        3.389,
        7.45,
        3.567,
        1.185
      ]
    },
    {
      "Target": "Parameter",
      "Id": "Param44",
      "Segments": [
        0,
        -8.997,
        0,
        0.067,
        -9.164,
        0,
        1.267,
        2.949,
        1,
        1.378,
        2.949,
        1.489,
        -11.39,
        1.6,
        -12.69,
        1,
        1.633,
        -13.08,
        1.667,
        -12.857,
        1.7,
        -12.857,
        0,
        2.6,
        6.798,
        1,
        2.922,
        6.798,
        3.245,
        -3.516,
        3.567,
        -8.997
      ]
    },
    {
      "Target": "Parameter",
      "Id": "Param45",
      "Segments": [
        0,
        0.68,
        0,
        0.6,
        -16.878,
        0,
        1.667,
        4.017,
        0,
        2.067,
        -13.271,
        0,
        3.033,
        7.341,
        1,
        3.211,
        7.341,
        3.389,
        4.559,
        3.567,
        0.68
      ]
    },
    {
      "Target": "Parameter",
      "Id": "Param23",
      "Segments": [
        0,
        -6.436,
        0,
        0.267,
        -9.164,
        0,
        1.5,
        2.949,
        0,
        1.933,
        -13.657,
        0,
        2.767,
        6.798,
        1,
        3.034,
        6.798,
        3.3,
        -0.942,
        3.567,
        -6.436
      ]
    },
    {
      "Target": "Parameter",
      "Id": "Param24",
      "Segments": [
        0,
        5.347,
        0,
        0.8,
        -16.878,
        0,
        1.767,
        4.017,
        0,
        2.4,
        -13.271,
        0,
        3.2,
        7.341,
        1,
        3.322,
        7.341,
        3.445,
        7.532,
        3.567,
        5.347
      ]
    },
    {
      "Target": "Parameter",
      "Id": "Param35",
      "Segments": [
        0,
        -10.489,
        0,
        0.067,
        -10.683,
        0,
        1.267,
        4.252,
        1,
        1.378,
        4.252,
        1.489,
        -12.694,
        1.6,
        -14.182,
        1,
        1.633,
        -14.629,
        1.667,
        -14.377,
        1.7,
        -14.377,
        0,
        2.6,
        8.101,
        1,
        2.922,
        8.101,
        3.245,
        -4.163,
        3.567,
        -10.489
      ]
    },
    {
      "Target": "Parameter",
      "Id": "Param36",
      "Segments": [
        0,
        0.752,
        0,
        0.6,
        -18.285,
        0,
        1.667,
        5.408,
        0,
        2.067,
        -14.678,
        0,
        3.033,
        8.732,
        1,
        3.211,
        8.732,
        3.389,
        5.3,
        3.567,
        0.752
      ]
    },
    {
      "Target": "Parameter",
      "Id": "Param105",
      "Segments": [
        0,
        -17.149,
        0,
        0.067,
        -17.469,
        0,
        1.267,
        10.603,
        1,
        1.378,
        10.603,
        1.489,
        -18.518,
        1.6,
        -20.842,
        1,
        1.633,
        -21.539,
        1.667,
        -21.162,
        1.7,
        -21.162,
        0,
        2.6,
        14.451,
        1,
        2.922,
        14.451,
        3.245,
        -7.073,
        3.567,
        -17.149
      ]
    },
    {
      "Target": "Parameter",
      "Id": "Param106",
      "Segments": [
        0,
        1.373,
        0,
        0.6,
        -24.501,
        0,
        1.667,
        12.167,
        0,
        2.067,
        -20.939,
        0,
        3.033,
        15.491,
        1,
        3.211,
        15.491,
        3.389,
        9.021,
        3.567,
        1.373
      ]
    },
    {
      "Target": "Parameter",
      "Id": "Param129",
      "Segments": [
        0,
        -10.473,
        0,
        0.8,
        9.598,
        0,
        2.067,
        -10.473,
        2,
        3.567,
        -10.473
      ]
    },
    {
      "Target": "Parameter",
      "Id": "Param130",
      "Segments": [
        0,
        -2.687,
        0,
        0.367,
        -9.873,
        0,
        1.233,
        10.229,
        1,
        1.511,
        10.229,
        1.789,
        4.264,
        2.067,
        -2.687,
        1,
        2.3,
        -8.525,
        2.534,
        -9.873,
        2.767,
        -9.873,
        0,
        3.567,
        -2.687
      ]
    },
    {
      "Target": "Parameter",
      "Id": "Param107",
      "Segments": [
        0,
        -10.156,
        0,
        0.067,
        -10.683,
        0,
        0.967,
        9.598,
        1,
        1.334,
        9.598,
        1.7,
        -2.386,
        2.067,
        -10.156,
        1,
        2.122,
        -11.334,
        2.178,
        -10.683,
        2.233,
        -10.683,
        0,
        3.567,
        -10.156
      ]
    },
    {
      "Target": "Parameter",
      "Id": "Param108",
      "Segments": [
        0,
        1.908,
        0,
        0.5,
        -9.873,
        0,
        1.3,
        10.229,
        1,
        1.556,
        10.229,
        1.811,
        7.813,
        2.067,
        1.908,
        1,
        2.389,
        -5.539,
        2.711,
        -9.873,
        3.033,
        -9.873,
        0,
        3.567,
        1.908
      ]
    },
    {
      "Target": "Parameter",
      "Id": "Param131",
      "Segments": [
        0,
        -10.489,
        0,
        0.033,
        -10.683,
        0,
        0.933,
        9.598,
        1,
        1.311,
        9.598,
        1.689,
        -4.7,
        2.067,
        -10.489,
        1,
        2.111,
        -11.17,
        2.156,
        -10.683,
        2.2,
        -10.683,
        0,
        3.567,
        -10.489
      ]
    },
    {
      "Target": "Parameter",
      "Id": "Param132",
      "Segments": [
        0,
        0.752,
        0,
        0.467,
        -9.873,
        0,
        1.3,
        10.229,
        1,
        1.556,
        10.229,
        1.811,
        6.784,
        2.067,
        0.752,
        1,
        2.378,
        -6.592,
        2.689,
        -9.873,
        3,
        -9.873,
        0,
        3.567,
        0.752
      ]
    },
    {
      "Target": "Parameter",
      "Id": "Param87",
      "Segments": [
        0,
        -10.489,
        0,
        0.033,
        -10.683,
        0,
        0.933,
        9.598,
        1,
        1.311,
        9.598,
        1.689,
        -4.7,
        2.067,
        -10.489,
        1,
        2.111,
        -11.17,
        2.156,
        -10.683,
        2.2,
        -10.683,
        0,
        3.567,
        -10.489
      ]
    },
    {
      "Target": "Parameter",
      "Id": "Param88",
      "Segments": [
        0,
        0.752,
        0,
        0.467,
        -9.873,
        0,
        1.3,
        10.229,
        1,
        1.556,
        10.229,
        1.811,
        6.784,
        2.067,
        0.752,
        1,
        2.378,
        -6.592,
        2.689,
        -9.873,
        3,
        -9.873,
        0,
        3.567,
        0.752
      ]
    },
    {
      "Target": "Parameter",
      "Id": "Param89",
      "Segments": [
        0,
        -10.489,
        0,
        0.033,
        -10.683,
        0,
        0.933,
        9.598,
        1,
        1.311,
        9.598,
        1.689,
        -4.7,
        2.067,
        -10.489,
        1,
        2.111,
        -11.17,
        2.156,
        -10.683,
        2.2,
        -10.683,
        0,
        3.567,
        -10.489
      ]
    },
    {
      "Target": "Parameter",
      "Id": "Param90",
      "Segments": [
        0,
        0.752,
        0,
        0.467,
        -9.873,
        0,
        1.3,
        10.229,
        1,
        1.556,
        10.229,
        1.811,
        6.784,
        2.067,
        0.752,
        1,
        2.378,
        -6.592,
        2.689,
        -9.873,
        3,
        -9.873,
        0,
        3.567,
        0.752
      ]
    },
    {
      "Target": "Parameter",
      "Id": "Param137",
      "Segments": [
        0,
        -10.489,
        0,
        0.033,
        -10.683,
        0,
        0.933,
        9.598,
        1,
        1.311,
        9.598,
        1.689,
        -4.7,
        2.067,
        -10.489,
        1,
        2.111,
        -11.17,
        2.156,
        -10.683,
        2.2,
        -10.683,
        0,
        3.567,
        -10.489
      ]
    },
    {
      "Target": "Parameter",
      "Id": "Param138",
      "Segments": [
        0,
        0.752,
        0,
        0.467,
        -9.873,
        0,
        1.3,
        10.229,
        1,
        1.556,
        10.229,
        1.811,
        6.784,
        2.067,
        0.752,
        1,
        2.378,
        -6.592,
        2.689,
        -9.873,
        3,
        -9.873,
        0,
        3.567,
        0.752
      ]
    },
    {
      "Target": "Parameter",
      "Id": "Param133",
      "Segments": [
        0,
        -10.489,
        0,
        0.033,
        -10.683,
        0,
        0.933,
        9.598,
        1,
        1.311,
        9.598,
        1.689,
        -4.7,
        2.067,
        -10.489,
        1,
        2.111,
        -11.17,
        2.156,
        -10.683,
        2.2,
        -10.683,
        0,
        3.567,
        -10.489
      ]
    },
    {
      "Target": "Parameter",
      "Id": "Param134",
      "Segments": [
        0,
        0.752,
        0,
        0.467,
        -9.873,
        0,
        1.3,
        10.229,
        1,
        1.556,
        10.229,
        1.811,
        6.784,
        2.067,
        0.752,
        1,
        2.378,
        -6.592,
        2.689,
        -9.873,
        3,
        -9.873,
        0,
        3.567,
        0.752
      ]
    },
    {
      "Target": "Parameter",
      "Id": "Param143",
      "Segments": [
        0,
        -10.489,
        0,
        0.033,
        -10.683,
        0,
        0.933,
        9.598,
        1,
        1.311,
        9.598,
        1.689,
        -4.7,
        2.067,
        -10.489,
        1,
        2.111,
        -11.17,
        2.156,
        -10.683,
        2.2,
        -10.683,
        0,
        3.567,
        -10.489
      ]
    },
    {
      "Target": "Parameter",
      "Id": "Param144",
      "Segments": [
        0,
        0.752,
        0,
        0.467,
        -9.873,
        0,
        1.3,
        10.229,
        1,
        1.556,
        10.229,
        1.811,
        6.784,
        2.067,
        0.752,
        1,
        2.378,
        -6.592,
        2.689,
        -9.873,
        3,
        -9.873,
        0,
        3.567,
        0.752
      ]
    },
    {
      "Target": "Parameter",
      "Id": "Param139",
      "Segments": [
        0,
        -10.489,
        0,
        0.033,
        -10.683,
        0,
        0.933,
        9.598,
        1,
        1.311,
        9.598,
        1.689,
        -4.7,
        2.067,
        -10.489,
        1,
        2.111,
        -11.17,
        2.156,
        -10.683,
        2.2,
        -10.683,
        0,
        3.567,
        -10.489
      ]
    },
    {
      "Target": "Parameter",
      "Id": "Param140",
      "Segments": [
        0,
        0.752,
        0,
        0.467,
        -9.873,
        0,
        1.3,
        10.229,
        1,
        1.556,
        10.229,
        1.811,
        6.784,
        2.067,
        0.752,
        1,
        2.378,
        -6.592,
        2.689,
        -9.873,
        3,
        -9.873,
        0,
        3.567,
        0.752
      ]
    },
    {
      "Target": "Parameter",
      "Id": "Param135",
      "Segments": [
        0,
        -10.489,
        0,
        0.033,
        -10.683,
        0,
        0.933,
        9.598,
        1,
        1.311,
        9.598,
        1.689,
        -4.7,
        2.067,
        -10.489,
        1,
        2.111,
        -11.17,
        2.156,
        -10.683,
        2.2,
        -10.683,
        0,
        3.567,
        -10.489
      ]
    },
    {
      "Target": "Parameter",
      "Id": "Param136",
      "Segments": [
        0,
        0.752,
        0,
        0.467,
        -9.873,
        0,
        1.3,
        10.229,
        1,
        1.556,
        10.229,
        1.811,
        6.784,
        2.067,
        0.752,
        1,
        2.378,
        -6.592,
        2.689,
        -9.873,
        3,
        -9.873,
        0,
        3.567,
        0.752
      ]
    },
    {
      "Target": "Parameter",
      "Id": "Param145",
      "Segments": [
        0,
        -10.489,
        0,
        0.033,
        -10.683,
        0,
        0.933,
        9.598,
        1,
        1.311,
        9.598,
        1.689,
        -4.7,
        2.067,
        -10.489,
        1,
        2.111,
        -11.17,
        2.156,
        -10.683,
        2.2,
        -10.683,
        0,
        3.567,
        -10.489
      ]
    },
    {
      "Target": "Parameter",
      "Id": "Param146",
      "Segments": [
        0,
        0.752,
        0,
        0.467,
        -9.873,
        0,
        1.3,
        10.229,
        1,
        1.556,
        10.229,
        1.811,
        6.784,
        2.067,
        0.752,
        1,
        2.378,
        -6.592,
        2.689,
        -9.873,
        3,
        -9.873,
        0,
        3.567,
        0.752
      ]
    },
    {
      "Target": "Parameter",
      "Id": "Param141",
      "Segments": [
        0,
        -10.489,
        0,
        0.033,
        -10.683,
        0,
        0.933,
        9.598,
        1,
        1.311,
        9.598,
        1.689,
        -4.7,
        2.067,
        -10.489,
        1,
        2.111,
        -11.17,
        2.156,
        -10.683,
        2.2,
        -10.683,
        0,
        3.567,
        -10.489
      ]
    },
    {
      "Target": "Parameter",
      "Id": "Param142",
      "Segments": [
        0,
        0.752,
        0,
        0.467,
        -9.873,
        0,
        1.3,
        10.229,
        1,
        1.556,
        10.229,
        1.811,
        6.784,
        2.067,
        0.752,
        1,
        2.378,
        -6.592,
        2.689,
        -9.873,
        3,
        -9.873,
        0,
        3.567,
        0.752
      ]
    },
    {
      "Target": "Parameter",
      "Id": "Param64x",
      "Segments": [
        0,
        -10.489,
        0,
        0.033,
        -10.683,
        1,
        0.122,
        -10.683,
        0.211,
        -9.493,
        0.3,
        -7.279,
        1,
        0.378,
        -5.342,
        0.455,
        -4.518,
        0.533,
        -1.625,
        1,
        0.678,
        3.748,
        0.822,
        10.333,
        0.967,
        10.333,
        1,
        1.178,
        6.845,
        1.389,
        3.358,
        1.6,
        -0.13,
        1,
        1.644,
        -1.343,
        1.689,
        -2.556,
        1.733,
        -3.769,
        1,
        1.889,
        -5.805,
        2.044,
        -7.842,
        2.2,
        -9.878,
        1,
        2.367,
        -9.402,
        2.533,
        -8.925,
        2.7,
        -8.449,
        1,
        2.844,
        -7.568,
        2.989,
        -7.019,
        3.133,
        -7.019,
        1,
        3.278,
        -7.019,
        3.422,
        -9.047,
        3.567,
        -10.489
      ]
    },
    {
      "Target": "Parameter",
      "Id": "Param65y",
      "Segments": [
        0,
        0.752,
        0,
        0.5,
        -9.873,
        1,
        0.611,
        -9.873,
        0.722,
        -7.298,
        0.833,
        -2.21,
        1,
        0.878,
        -0.195,
        0.922,
        1.819,
        0.967,
        3.834,
        1,
        1.1,
        6.623,
        1.234,
        9.413,
        1.367,
        12.202,
        1,
        1.411,
        12.135,
        1.456,
        12.068,
        1.5,
        12.001,
        1,
        1.567,
        11.034,
        1.633,
        10.066,
        1.7,
        9.099,
        1,
        1.756,
        7.474,
        1.811,
        5.849,
        1.867,
        4.224,
        1,
        2,
        -0.688,
        2.134,
        -4.094,
        2.267,
        -4.094,
        1,
        2.411,
        -4.094,
        2.556,
        -2.36,
        2.7,
        -1.04,
        1,
        2.833,
        0.179,
        2.967,
        0.89,
        3.1,
        1.625,
        1,
        3.156,
        1.931,
        3.211,
        1.95,
        3.267,
        1.95,
        1,
        3.367,
        1.95,
        3.467,
        2.312,
        3.567,
        0.752
      ]
    },
    {
      "Target": "Parameter",
      "Id": "Param153",
      "Segments": [
        0,
        5.356,
        0,
        0.6,
        -6.169,
        0,
        1.4,
        18.476,
        0,
        2.4,
        -2.914,
        0,
        3.233,
        5.356,
        2,
        3.567,
        5.356
      ]
    },
    {
      "Target": "Parameter",
      "Id": "Param154",
      "Segments": [
        0,
        3.458,
        0,
        0.4,
        -11.671,
        0,
        1.133,
        22.597,
        0,
        2.167,
        -5.253,
        1,
        2.445,
        -5.253,
        2.722,
        -2.763,
        3,
        0.6,
        1,
        3.189,
        2.887,
        3.378,
        3.458,
        3.567,
        3.458
      ]
    },
    {
      "Target": "Parameter",
      "Id": "Param50",
      "Segments": [
        0,
        9.665,
        0,
        0.067,
        10.229,
        0,
        0.833,
        -14.198,
        1,
        1.433,
        -14.198,
        2.033,
        2.726,
        2.633,
        6.867,
        1,
        2.944,
        9.014,
        3.256,
        8.647,
        3.567,
        9.665
      ]
    },
    {
      "Target": "Parameter",
      "Id": "Param51",
      "Segments": [
        0,
        -10.489,
        0,
        0.067,
        -10.683,
        1,
        0.111,
        -10.683,
        0.156,
        -9.42,
        0.2,
        -6.624,
        1,
        0.222,
        -5.226,
        0.245,
        -3.966,
        0.267,
        -2.127,
        1,
        0.311,
        1.55,
        0.356,
        4.133,
        0.4,
        4.133,
        1,
        0.478,
        4.133,
        0.555,
        0.993,
        0.633,
        -3.768,
        1,
        0.666,
        -5.808,
        0.7,
        -7.435,
        0.733,
        -8.812,
        1,
        0.8,
        -11.566,
        0.866,
        -12.613,
        0.933,
        -12.613,
        1,
        1.122,
        -12.613,
        1.311,
        -12.371,
        1.5,
        -11.547,
        1,
        1.711,
        -10.626,
        1.922,
        -9.286,
        2.133,
        -8.326,
        1,
        2.422,
        -7.013,
        2.711,
        -6.497,
        3,
        -6.497,
        1,
        3.189,
        -6.497,
        3.378,
        -8.596,
        3.567,
        -10.489
      ]
    },
    {
      "Target": "Parameter",
      "Id": "Param52",
      "Segments": [
        0,
        0.752,
        1,
        0.078,
        0.752,
        0.155,
        1.82,
        0.233,
        3.95,
        1,
        0.322,
        6.385,
        0.411,
        7.601,
        0.5,
        7.601,
        1,
        0.6,
        7.601,
        0.7,
        4.774,
        0.8,
        -1.033,
        1,
        0.844,
        -3.614,
        0.889,
        -7.004,
        0.933,
        -8.934,
        1,
        1.022,
        -12.794,
        1.111,
        -14.081,
        1.2,
        -14.081,
        1,
        1.411,
        -14.081,
        1.622,
        -12.586,
        1.833,
        -10.514,
        1,
        1.978,
        -9.096,
        2.122,
        -8.033,
        2.267,
        -6.928,
        1,
        2.489,
        -5.228,
        2.711,
        -3.843,
        2.933,
        -2.066,
        1,
        3.144,
        -0.379,
        3.356,
        0.752,
        3.567,
        0.752
      ]
    },
    {
      "Target": "Parameter",
      "Id": "Param47",
      "Segments": [
        0,
        0,
        0,
        1.5,
        -13.297,
        1,
        1.856,
        -13.297,
        2.211,
        -4.369,
        2.567,
        -1.976,
        1,
        2.9,
        0.267,
        3.234,
        0,
        3.567,
        0
      ]
    },
    {
      "Target": "Parameter",
      "Id": "Param46",
      "Segments": [
        0,
        0,
        2,
        0.233,
        0,
        1,
        0.444,
        0,
        0.656,
        -14.039,
        0.867,
        -16.705,
        1,
        1.156,
        -20.352,
        1.444,
        -20.357,
        1.733,
        -20.357,
        0,
        3.267,
        0,
        2,
        3.567,
        0
      ]
    },
    {
      "Target": "Parameter",
      "Id": "Param65",
      "Segments": [
        0,
        30,
        1,
        0.222,
        30,
        0.445,
        29.864,
        0.667,
        26.316,
        1,
        1.222,
        17.447,
        1.778,
        10,
        2.333,
        10,
        0,
        3.567,
        30
      ]
    },
    {
      "Target": "Parameter",
      "Id": "Param64",
      "Segments": [
        0,
        0,
        0,
        1.767,
        -18.666,
        0,
        3.2,
        0,
        2,
        3.567,
        0
      ]
    },
    {
      "Target": "Parameter",
      "Id": "Param",
      "Segments": [
        0,
        -10.552,
        1,
        0.2,
        -10.552,
        0.4,
        -7.161,
        0.6,
        0.232,
        1,
        0.789,
        7.215,
        0.978,
        11.032,
        1.167,
        11.032,
        1,
        1.367,
        11.032,
        1.567,
        8.185,
        1.767,
        0.232,
        1,
        1.922,
        -5.953,
        2.078,
        -10.552,
        2.233,
        -10.552,
        0,
        2.9,
        0.232,
        0,
        3.567,
        -10.552
      ]
    },
    {
      "Target": "Parameter",
      "Id": "Param2",
      "Segments": [
        0,
        2.339,
        0,
        0.6,
        -17.893,
        1,
        0.789,
        -17.893,
        0.978,
        -10.893,
        1.167,
        2.339,
        1,
        1.367,
        16.351,
        1.567,
        22.989,
        1.767,
        22.989,
        1,
        1.922,
        22.989,
        2.078,
        13.131,
        2.233,
        2.339,
        1,
        2.455,
        -13.077,
        2.678,
        -17.893,
        2.9,
        -17.893,
        0,
        3.567,
        2.339
      ]
    },
    {
      "Target": "Parameter",
      "Id": "Param48",
      "Segments": [
        0,
        -4.847,
        0,
        0.1,
        -5.042,
        0,
        1.933,
        5.871,
        1,
        2.478,
        5.871,
        3.022,
        1.411,
        3.567,
        -4.847
      ]
    },
    {
      "Target": "Parameter",
      "Id": "Param49",
      "Segments": [
        0,
        1.143,
        0,
        0.9,
        -4.231,
        0,
        2.733,
        3.553,
        1,
        3.011,
        3.553,
        3.289,
        3.331,
        3.567,
        1.143
      ]
    },
    {
      "Target": "Model",
      "Id": "Opacity",
      "Segments": [
        0,
        1,
        0,
        3.57,
        1
      ]
    },
    {
      "Target": "Model",
      "Id": "LipSync",
      "Segments": [
        0,
        0,
        0,
        3.57,
        0
      ]
    },
    {
      "Target": "Parameter",
      "Id": "Param58",
      "Segments": [
        0,
        0,
        0,
        3.57,
        0
      ]
    },
    {
      "Target": "Parameter",
      "Id": "Param7",
      "Segments": [
        0,
        0,
        0,
        3.57,
        0
      ]
    },
    {
      "Target": "Parameter",
      "Id": "Param34",
      "Segments": [
        0,
        0,
        0,
        3.57,
        0
      ]
    },
    {
      "Target": "Parameter",
      "Id": "Param8",
      "Segments": [
        0,
        0,
        0,
        3.57,
        0
      ]
    },
    {
      "Target": "Parameter",
      "Id": "Param33",
      "Segments": [
        0,
        0,
        0,
        3.57,
        0
      ]
    },
    {
      "Target": "Parameter",
      "Id": "ParamAngleZ",
      "Segments": [
        0,
        0,
        0,
        3.57,
        0
      ]
    },
    {
      "Target": "Parameter",
      "Id": "Param62",
      "Segments": [
        0,
        0,
        0,
        3.57,
        0
      ]
    },
    {
      "Target": "Parameter",
      "Id": "Param63",
      "Segments": [
        0,
        0,
        0,
        3.57,
        0
      ]
    },
    {
      "Target": "Parameter",
      "Id": "ParamBrowRX",
      "Segments": [
        0,
        0,
        0,
        3.57,
        0
      ]
    },
    {
      "Target": "Parameter",
      "Id": "ParamBrowLX",
      "Segments": [
        0,
        0,
        0,
        3.57,
        0
      ]
    },
    {
      "Target": "Parameter",
      "Id": "ParamEyeRSmile",
      "Segments": [
        0,
        0,
        0,
        3.57,
        0
      ]
    },
    {
      "Target": "Parameter",
      "Id": "ParamEyeLSmile",
      "Segments": [
        0,
        0,
        0,
        3.57,
        0
      ]
    },
    {
      "Target": "Parameter",
      "Id": "ParamEyeBallX",
      "Segments": [
        0,
        0,
        0,
        3.57,
        0
      ]
    },
    {
      "Target": "Parameter",
      "Id": "ParamEyeBallY",
      "Segments": [
        0,
        0,
        0,
        3.57,
        0
      ]
    },
    {
      "Target": "Parameter",
      "Id": "Param124",
      "Segments": [
        0,
        0,
        0,
        3.57,
        0
      ]
    },
    {
      "Target": "Parameter",
      "Id": "Param125",
      "Segments": [
        0,
        0,
        0,
        3.57,
        0
      ]
    },
    {
      "Target": "Parameter",
      "Id": "Param76",
      "Segments": [
        0,
        0,
        0,
        3.57,
        0
      ]
    },
    {
      "Target": "Parameter",
      "Id": "Param53",
      "Segments": [
        0,
        0,
        0,
        3.57,
        0
      ]
    },
    {
      "Target": "Parameter",
      "Id": "ParamBodyAngleZ",
      "Segments": [
        0,
        0,
        0,
        3.57,
        0
      ]
    },
    {
      "Target": "Parameter",
      "Id": "ParamBreath",
      "Segments": [
        0,
        0,
        0,
        3.57,
        0
      ]
    },
    {
      "Target": "Parameter",
      "Id": "Param54",
      "Segments": [
        0,
        1,
        0,
        3.57,
        1
      ]
    },
    {
      "Target": "Parameter",
      "Id": "Param55",
      "Segments": [
        0,
        0,
        0,
        3.57,
        0
      ]
    },
    {
      "Target": "Parameter",
      "Id": "Param56",
      "Segments": [
        0,
        1,
        0,
        3.57,
        1
      ]
    },
    {
      "Target": "Parameter",
      "Id": "Param57",
      "Segments": [
        0,
        0,
        0,
        3.57,
        0
      ]
    },
    {
      "Target": "Parameter",
      "Id": "Param3",
      "Segments": [
        0,
        -1.042,
        0,
        3.57,
        -1.042
      ]
    },
    {
      "Target": "Parameter",
      "Id": "Param61",
      "Segments": [
        0,
        0,
        0,
        3.57,
        0
      ]
    },
    {
      "Target": "Parameter",
      "Id": "Param30",
      "Segments": [
        0,
        30,
        0,
        3.57,
        30
      ]
    },
    {
      "Target": "Parameter",
      "Id": "Param29",
      "Segments": [
        0,
        0,
        0,
        3.57,
        0
      ]
    },
    {
      "Target": "Parameter",
      "Id": "Param28",
      "Segments": [
        0,
        0,
        0,
        3.57,
        0
      ]
    },
    {
      "Target": "Parameter",
      "Id": "Param27",
      "Segments": [
        0,
        0,
        0,
        3.57,
        0
      ]
    },
    {
      "Target": "Parameter",
      "Id": "Param25",
      "Segments": [
        0,
        0,
        0,
        3.57,
        0
      ]
    },
    {
      "Target": "Parameter",
      "Id": "Param26",
      "Segments": [
        0,
        0,
        0,
        3.57,
        0
      ]
    },
    {
      "Target": "Parameter",
      "Id": "Param4",
      "Segments": [
        0,
        0,
        0,
        3.57,
        0
      ]
    },
    {
      "Target": "Parameter",
      "Id": "Param5",
      "Segments": [
        0,
        0,
        0,
        3.57,
        0
      ]
    },
    {
      "Target": "Parameter",
      "Id": "Param59",
      "Segments": [
        0,
        0,
        0,
        3.57,
        0
      ]
    },
    {
      "Target": "Parameter",
      "Id": "Param31",
      "Segments": [
        0,
        0,
        0,
        3.57,
        0
      ]
    },
    {
      "Target": "Parameter",
      "Id": "Param32",
      "Segments": [
        0,
        0,
        0,
        3.57,
        0
      ]
    },
    {
      "Target": "Parameter",
      "Id": "Param122",
      "Segments": [
        0,
        0,
        0,
        3.57,
        0
      ]
    },
    {
      "Target": "Parameter",
      "Id": "Param116",
      "Segments": [
        0,
        0,
        0,
        3.57,
        0
      ]
    },
    {
      "Target": "Parameter",
      "Id": "Param119",
      "Segments": [
        0,
        0,
        0,
        3.57,
        0
      ]
    },
    {
      "Target": "Parameter",
      "Id": "Param123",
      "Segments": [
        0,
        0,
        0,
        3.57,
        0
      ]
    },
    {
      "Target": "Parameter",
      "Id": "Param37",
      "Segments": [
        0,
        0,
        0,
        3.57,
        0
      ]
    },
    {
      "Target": "Parameter",
      "Id": "Param38",
      "Segments": [
        0,
        0,
        0,
        3.57,
        0
      ]
    },
    {
      "Target": "Parameter",
      "Id": "Param39",
      "Segments": [
        0,
        0,
        0,
        3.57,
        0
      ]
    },
    {
      "Target": "Parameter",
      "Id": "Param111",
      "Segments": [
        0,
        0,
        0,
        3.57,
        0
      ]
    }
  ],
  "UserData": [
    {
      "Time": 0.0,
      "Value": ""
    }
  ]
}