{
  "Version": 3,
  "Meta": {
    "Duration": 9.8,
    "Fps": 30.0,
    "Loop": true,
    "AreBeziersRestricted": true,
    "CurveCount": 140,
    "TotalSegmentCount": 1027,
    "TotalPointCount": 1657,
    "UserDataCount": 2,
    "TotalUserDataSize": 21
  },
  "Curves": [
    {
      "Target": "Parameter",
      "Id": "Param58",
      "Segments": [
        0,
        0,
        0,
        0.267,
        1,
        2,
        3.633,
        1,
        0,
        4,
        0,
        2,
        9.167,
        0,
        2,
        9.8,
        0
      ]
    },
    {
      "Target": "Parameter",
      "Id": "Param7",
      "Segments": [
        0,
        30,
        1,
        0.089,
        30,
        0.178,
        10.149,
        0.267,
        0,
        1,
        0.367,
        -11.418,
        0.467,
        -12.3,
        0.567,
        -12.3,
        0,
        1.133,
        0,
        1,
        1.155,
        0,
        1.178,
        0.155,
        1.2,
        -0.075,
        1,
        1.3,
        -1.112,
        1.4,
        -30,
        1.5,
        -30,
        2,
        1.933,
        -30,
        0,
        2.467,
        -12.3,
        0,
        2.767,
        -30,
        1,
        2.889,
        -30,
        3.011,
        -19.338,
        3.133,
        -12.3,
        1,
        3.311,
        -2.063,
        3.489,
        0,
        3.667,
        0,
        2,
        4.4,
        0,
        0,
        9.167,
        30,
        0,
        9.8,
        0
      ]
    },
    {
      "Target": "Parameter",
      "Id": "Param34",
      "Segments": [
        0,
        0,
        1,
        0.011,
        0,
        0.022,
        -30,
        0.033,
        -30,
        2,
        0.933,
        -30,
        2,
        3.4,
        -30,
        0,
        3.9,
        30,
        0,
        9.167,
        -30,
        0,
        9.8,
        0
      ]
    },
    {
      "Target": "Parameter",
      "Id": "Param8",
      "Segments": [
        0,
        0,
        0,
        0.033,
        21,
        2,
        0.933,
        21,
        2,
        9.167,
        21,
        0,
        9.8,
        0
      ]
    },
    {
      "Target": "Parameter",
      "Id": "Param33",
      "Segments": [
        0,
        0,
        1,
        0.011,
        0,
        0.022,
        30,
        0.033,
        30,
        2,
        0.933,
        30,
        2,
        9.167,
        30,
        0,
        9.8,
        0
      ]
    },
    {
      "Target": "Parameter",
      "Id": "ParamAngleX",
      "Segments": [
        0,
        -5.83,
        0,
        0.267,
        -6.707,
        0,
        1.567,
        7.06,
        0,
        1.9,
        -14.376,
        2,
        3.567,
        -14.376,
        0,
        4.2,
        -13.494,
        0,
        4.967,
        -13.646,
        0,
        5.5,
        -10.499,
        2,
        6.5,
        -10.499,
        0,
        6.767,
        -14.376,
        1,
        6.845,
        -14.376,
        6.922,
        -11.59,
        7,
        -6.019,
        1,
        7.089,
        0.348,
        7.178,
        3.531,
        7.267,
        3.531,
        0,
        7.6,
        -0.104,
        0,
        7.833,
        -0.071,
        1,
        8.044,
        -0.071,
        8.256,
        -0.039,
        8.467,
        -0.104,
        1,
        8.911,
        -0.242,
        9.356,
        -3.805,
        9.8,
        -5.83
      ]
    },
    {
      "Target": "Parameter",
      "Id": "ParamAngleY",
      "Segments": [
        0,
        2.512,
        0,
        1.067,
        -5.082,
        0,
        1.667,
        -0.326,
        2,
        2.1,
        -0.326,
        0,
        2.967,
        -3.847,
        1,
        3.122,
        -3.847,
        3.278,
        3.097,
        3.433,
        8.226,
        1,
        3.489,
        10.058,
        3.544,
        9.692,
        3.6,
        9.692,
        0,
        4.067,
        -13.794,
        1,
        4.189,
        -13.794,
        4.311,
        -11.467,
        4.433,
        -10.594,
        1,
        4.522,
        -9.96,
        4.611,
        -10.214,
        4.7,
        -9.529,
        1,
        4.8,
        -8.759,
        4.9,
        4,
        5,
        4,
        0,
        5.133,
        -4.769,
        1,
        5.2,
        -4.769,
        5.266,
        -1.917,
        5.333,
        -0.326,
        1,
        5.478,
        3.12,
        5.622,
        4,
        5.767,
        4,
        0,
        6.2,
        -1,
        1,
        6.289,
        -1,
        6.378,
        6.39,
        6.467,
        11,
        1,
        6.489,
        12.153,
        6.511,
        11.736,
        6.533,
        11.736,
        1,
        6.589,
        11.736,
        6.644,
        11.806,
        6.7,
        11,
        1,
        6.767,
        10.033,
        6.833,
        6.851,
        6.9,
        4,
        1,
        7.056,
        -2.652,
        7.211,
        -7.086,
        7.367,
        -7.086,
        0,
        7.633,
        -2.769,
        1,
        7.7,
        -2.769,
        7.766,
        -2.747,
        7.833,
        -2.828,
        1,
        7.911,
        -2.923,
        7.989,
        -4.769,
        8.067,
        -4.769,
        2,
        8.333,
        -4.769,
        1,
        8.633,
        -4.769,
        8.933,
        -3.304,
        9.233,
        -0.326,
        1,
        9.422,
        1.55,
        9.611,
        2.512,
        9.8,
        2.512
      ]
    },
    {
      "Target": "Parameter",
      "Id": "ParamAngleZ",
      "Segments": [
        0,
        0,
        2,
        1.667,
        0,
        0,
        2.833,
        5.012,
        1,
        3.178,
        5.012,
        3.522,
        4.873,
        3.867,
        3.662,
        1,
        4.056,
        2.999,
        4.244,
        0.93,
        4.433,
        0.93,
        2,
        4.633,
        0.93,
        0,
        5.1,
        -2.467,
        0,
        5.8,
        0.93,
        2,
        6.167,
        0.93,
        0,
        6.733,
        -3,
        0,
        7.8,
        4.043,
        1,
        8.078,
        4.043,
        8.355,
        4.021,
        8.633,
        2.998,
        1,
        8.855,
        2.18,
        9.078,
        0,
        9.3,
        0,
        2,
        9.8,
        0
      ]
    },
    {
      "Target": "Parameter",
      "Id": "ParamEyeROpen",
      "Segments": [
        0,
        1,
        2,
        3.633,
        1,
        0,
        4,
        0.962,
        2,
        4.833,
        0.962,
        0,
        5.167,
        0.774,
        2,
        6.4,
        0.774,
        0,
        6.8,
        0.962,
        1,
        7.067,
        0.962,
        7.333,
        0.944,
        7.6,
        0.943,
        1,
        7.967,
        0.941,
        8.333,
        0.941,
        8.7,
        0.94,
        0,
        9.033,
        0,
        1,
        9.122,
        0,
        9.211,
        0.906,
        9.3,
        0.943,
        1,
        9.444,
        1.003,
        9.589,
        1,
        9.733,
        1,
        2,
        9.8,
        1
      ]
    },
    {
      "Target": "Parameter",
      "Id": "ParamEyeLOpen",
      "Segments": [
        0,
        1,
        2,
        3.633,
        1,
        0,
        4,
        0.962,
        2,
        4.833,
        0.962,
        0,
        5.167,
        0.774,
        2,
        6.4,
        0.774,
        0,
        6.8,
        0.962,
        1,
        7.067,
        0.962,
        7.333,
        0.944,
        7.6,
        0.943,
        1,
        7.967,
        0.941,
        8.333,
        0.941,
        8.7,
        0.94,
        0,
        9.033,
        0,
        1,
        9.122,
        0,
        9.211,
        0.906,
        9.3,
        0.943,
        1,
        9.444,
        1.003,
        9.589,
        1,
        9.733,
        1,
        2,
        9.8,
        1
      ]
    },
    {
      "Target": "Parameter",
      "Id": "ParamEyeBallX",
      "Segments": [
        0,
        0,
        2,
        2.267,
        0,
        2,
        2.633,
        0,
        2,
        3,
        0,
        0,
        3.433,
        -0.082,
        0,
        4.067,
        0.384,
        2,
        4.433,
        0.384,
        0,
        5.033,
        0.166,
        2,
        6.7,
        0.166,
        0,
        7.3,
        -0.203,
        0,
        7.567,
        -0.17,
        2,
        8.4,
        -0.17,
        0,
        9.733,
        0,
        2,
        9.8,
        0
      ]
    },
    {
      "Target": "Parameter",
      "Id": "ParamMouthOpenY",
      "Segments": [
        0,
        0.5,
        2,
        2.267,
        0.5,
        2,
        2.533,
        0.5,
        0,
        2.667,
        0.596,
        0,
        2.733,
        0.573,
        0,
        2.833,
        0.69,
        0,
        2.933,
        0.523,
        0,
        3,
        0.658,
        0,
        3.2,
        0.368,
        0,
        3.267,
        0.658,
        0,
        3.467,
        0.523,
        0,
        3.6,
        0.658,
        0,
        3.633,
        0.48,
        0,
        3.7,
        0.65,
        0,
        3.8,
        0.573,
        0,
        3.9,
        0.658,
        0,
        4.367,
        0,
        2,
        4.8,
        0,
        0,
        4.867,
        0.594,
        0,
        5.067,
        0.149,
        0,
        5.133,
        0.455,
        0,
        5.267,
        0,
        2,
        5.667,
        0,
        2,
        6.133,
        0,
        0,
        6.267,
        0.616,
        0,
        6.333,
        0.523,
        0,
        6.4,
        0.729,
        0,
        6.467,
        0.298,
        0,
        6.6,
        0.722,
        0,
        6.667,
        0.455,
        0,
        6.8,
        0.631,
        0,
        6.867,
        0.035,
        0,
        7,
        0.5,
        0,
        7.067,
        0.275,
        0,
        7.2,
        0.69,
        0,
        7.333,
        0.311,
        0,
        7.433,
        0.616,
        0,
        7.567,
        0.247,
        0,
        7.667,
        0.5,
        0,
        7.733,
        0.231,
        0,
        7.867,
        0.678,
        0,
        7.933,
        0.2,
        0,
        8.067,
        0.573,
        0,
        8.267,
        0.247,
        0,
        8.467,
        0.596,
        0,
        8.6,
        0.298,
        0,
        8.767,
        0.594,
        0,
        9.133,
        0.432,
        0,
        9.733,
        0.5,
        2,
        9.8,
        0.5
      ]
    },
    {
      "Target": "Parameter",
      "Id": "Param76",
      "Segments": [
        0,
        0,
        2,
        2.267,
        0,
        2,
        2.533,
        0,
        0,
        2.733,
        -0.7,
        1,
        2.766,
        -0.7,
        2.8,
        -0.712,
        2.833,
        -0.5,
        1,
        2.866,
        -0.288,
        2.9,
        0.3,
        2.933,
        0.3,
        0,
        3.067,
        -0.2,
        0,
        3.167,
        -0.1,
        0,
        3.267,
        -0.4,
        2,
        3.333,
        -0.4,
        0,
        3.433,
        -0.1,
        2,
        3.633,
        -0.1,
        0,
        3.7,
        -0.252,
        0,
        3.767,
        0.265,
        2,
        3.9,
        0.265,
        0,
        4.1,
        0,
        2,
        6.233,
        0,
        0,
        6.333,
        -0.948,
        0,
        6.433,
        0,
        0,
        6.533,
        -0.604,
        0,
        6.633,
        0.2,
        0,
        6.767,
        0,
        0,
        6.867,
        0.5,
        0,
        7.067,
        0,
        2,
        7.167,
        0,
        0,
        7.267,
        0.264,
        0,
        7.4,
        0,
        2,
        7.933,
        0,
        0,
        8.033,
        -0.279,
        0,
        8.133,
        0,
        2,
        9.133,
        0,
        2,
        9.467,
        0,
        2,
        9.733,
        0,
        2,
        9.8,
        0
      ]
    },
    {
      "Target": "Parameter",
      "Id": "Param126",
      "Segments": [
        0,
        0,
        2,
        2.267,
        0,
        2,
        2.567,
        0,
        0,
        2.8,
        1,
        2,
        3.7,
        1,
        0,
        3.833,
        0,
        0,
        3.9,
        1,
        2,
        8.733,
        1,
        0,
        9.667,
        0,
        2,
        9.8,
        0
      ]
    },
    {
      "Target": "Parameter",
      "Id": "ParamBodyAngleX",
      "Segments": [
        0,
        -0.839,
        0,
        1.667,
        1.566,
        0,
        2.567,
        -0.585,
        0,
        2.833,
        -0.351,
        0,
        3.333,
        -1.303,
        1,
        3.566,
        -1.303,
        3.8,
        -0.289,
        4.033,
        0.72,
        1,
        4.222,
        1.537,
        4.411,
        1.656,
        4.6,
        1.656,
        2,
        4.767,
        1.656,
        0,
        5.2,
        -0.878,
        0,
        5.467,
        -0.465,
        2,
        5.867,
        -0.465,
        0,
        6.3,
        1.32,
        0,
        6.833,
        0.279,
        2,
        7.267,
        0.279,
        0,
        8.033,
        2.252,
        1,
        8.2,
        2.252,
        8.366,
        2.184,
        8.533,
        2.006,
        1,
        8.733,
        1.793,
        8.933,
        1.723,
        9.133,
        1.32,
        1,
        9.355,
        0.872,
        9.578,
        -0.839,
        9.8,
        -0.839
      ]
    },
    {
      "Target": "Parameter",
      "Id": "ParamBodyAngleY",
      "Segments": [
        0,
        -0.015,
        0,
        0.8,
        -0.825,
        0,
        1.667,
        0.149,
        0,
        2.267,
        0,
        2,
        3.033,
        0,
        0,
        3.367,
        0.638,
        2,
        3.667,
        0.638,
        0,
        4.333,
        -1.478,
        0,
        4.5,
        -1.267,
        2,
        4.933,
        -1.267,
        0,
        5.267,
        -1,
        2,
        6.1,
        -1,
        0,
        6.467,
        1,
        2,
        6.933,
        1,
        0,
        7.967,
        -2,
        2,
        8.733,
        -2,
        1,
        8.955,
        -2,
        9.178,
        -1.781,
        9.4,
        -1,
        1,
        9.533,
        -0.531,
        9.667,
        -0.015,
        9.8,
        -0.015
      ]
    },
    {
      "Target": "Parameter",
      "Id": "ParamBodyAngleY2",
      "Segments": [
        0,
        0,
        0,
        1.667,
        2.159,
        0,
        2.633,
        -0.445,
        0,
        3.7,
        0.567,
        0,
        4.333,
        0,
        1,
        4.444,
        0,
        4.556,
        0.017,
        4.667,
        0.1,
        1,
        4.7,
        0.125,
        4.734,
        0.28,
        4.767,
        0.28,
        0,
        4.867,
        -0.36,
        0,
        4.967,
        -0.12,
        0,
        5.033,
        -0.22,
        0,
        5.133,
        0,
        0,
        5.2,
        -0.2,
        0,
        5.3,
        0.1,
        0,
        5.367,
        -0.12,
        0,
        5.433,
        0,
        2,
        6.167,
        0,
        0,
        6.633,
        0.567,
        2,
        6.933,
        0.567,
        0,
        7.467,
        -0.54,
        2,
        7.9,
        -0.54,
        0,
        8.667,
        0,
        2,
        9.8,
        0
      ]
    },
    {
      "Target": "Parameter",
      "Id": "ParamBodyAngleZ",
      "Segments": [
        0,
        0,
        2,
        2.267,
        0,
        2,
        2.933,
        0,
        0,
        4.133,
        1.1,
        0,
        4.9,
        0.532,
        0,
        5.167,
        0.67,
        2,
        5.9,
        0.67,
        0,
        6.567,
        -0.287,
        0,
        7.2,
        0,
        2,
        9.8,
        0
      ]
    },
    {
      "Target": "Parameter",
      "Id": "ParamBreath",
      "Segments": [
        0,
        0,
        0,
        1.667,
        1,
        0,
        2.267,
        0,
        2,
        9.8,
        0
      ]
    },
    {
      "Target": "Parameter",
      "Id": "Param56",
      "Segments": [
        0,
        1,
        2,
        2.267,
        1,
        2,
        4.633,
        1,
        0,
        4.767,
        0,
        2,
        9.533,
        0,
        0,
        9.8,
        1
      ]
    },
    {
      "Target": "Parameter",
      "Id": "Param57",
      "Segments": [
        0,
        0,
        2,
        2.267,
        0,
        2,
        4.567,
        0,
        0,
        4.7,
        1,
        2,
        9.6,
        1,
        0,
        9.8,
        0
      ]
    },
    {
      "Target": "Parameter",
      "Id": "Param121",
      "Segments": [
        0,
        0,
        0,
        2.267,
        0.18,
        2,
        4.7,
        0.18,
        0,
        4.833,
        2.64,
        2,
        4.933,
        2.64,
        1,
        4.966,
        2.64,
        5,
        0.608,
        5.033,
        0.24,
        1,
        5.044,
        0.117,
        5.056,
        0.18,
        5.067,
        0.18,
        0,
        5.133,
        1.8,
        0,
        5.233,
        -1.2,
        0,
        5.367,
        4.32,
        0,
        5.467,
        1.38,
        1,
        5.478,
        1.38,
        5.489,
        2.003,
        5.5,
        2.58,
        1,
        5.511,
        3.157,
        5.522,
        3.804,
        5.533,
        3.96,
        1,
        5.555,
        4.272,
        5.578,
        4.32,
        5.6,
        4.32,
        1,
        5.633,
        4.32,
        5.667,
        4.088,
        5.7,
        4.08,
        1,
        5.811,
        4.054,
        5.922,
        4.069,
        6.033,
        4.02,
        1,
        6.2,
        3.946,
        6.366,
        0,
        6.533,
        0,
        2,
        9.733,
        0,
        2,
        9.8,
        0
      ]
    },
    {
      "Target": "Parameter",
      "Id": "Param112",
      "Segments": [
        0,
        1.659,
        0,
        0.6,
        2.971,
        0,
        1.8,
        -4.283,
        0,
        2.467,
        6.983,
        0,
        3.567,
        -24.447,
        0,
        3.8,
        -22.44,
        2,
        4.8,
        -22.44,
        2,
        5.1,
        -22.44,
        0,
        5.3,
        -21.701,
        0,
        5.567,
        -22.44,
        2,
        5.867,
        -22.44,
        2,
        8.533,
        -22.44,
        1,
        8.955,
        -22.44,
        9.378,
        -2.772,
        9.8,
        1.659
      ]
    },
    {
      "Target": "Parameter",
      "Id": "Param113",
      "Segments": [
        0,
        -0.326,
        0,
        1.033,
        0.967,
        1,
        1.444,
        0.967,
        1.856,
        0.649,
        2.267,
        -0.326,
        1,
        2.456,
        -0.774,
        2.644,
        -1.267,
        2.833,
        -1.267,
        0,
        3.567,
        12.523,
        2,
        4.267,
        12.523,
        0,
        4.8,
        14.701,
        2,
        6.133,
        14.701,
        0,
        6.7,
        15.001,
        0,
        7.633,
        14.701,
        2,
        8.833,
        14.701,
        1,
        9.133,
        14.701,
        9.433,
        8.289,
        9.733,
        0,
        1,
        9.755,
        -0.614,
        9.778,
        -0.326,
        9.8,
        -0.326
      ]
    },
    {
      "Target": "Parameter",
      "Id": "Param114",
      "Segments": [
        0,
        -1.927,
        0,
        1.533,
        2.001,
        1,
        1.778,
        2.001,
        2.022,
        0.136,
        2.267,
        0,
        1,
        4.778,
        -1.397,
        7.289,
        -1.927,
        9.8,
        -1.927
      ]
    },
    {
      "Target": "Parameter",
      "Id": "Param155",
      "Segments": [
        0,
        -15,
        2,
        2.267,
        -15,
        2,
        3.033,
        -15,
        0,
        3.8,
        7.076,
        0,
        4.133,
        6,
        2,
        4.367,
        6,
        0,
        4.8,
        -15,
        2,
        6.233,
        -15,
        0,
        6.667,
        -16.56,
        0,
        7.367,
        -13.874,
        2,
        7.733,
        -13.874,
        0,
        8.4,
        -15,
        2,
        8.733,
        -15,
        0,
        9.233,
        -3.57,
        0,
        9.733,
        -15,
        2,
        9.8,
        -15
      ]
    },
    {
      "Target": "Parameter",
      "Id": "Param115",
      "Segments": [
        0,
        0,
        2,
        3.367,
        0,
        1,
        3.467,
        0,
        3.567,
        2.162,
        3.667,
        5.976,
        1,
        3.778,
        10.215,
        3.889,
        12.101,
        4,
        12.101,
        1,
        4.167,
        12.101,
        4.333,
        9.805,
        4.5,
        0,
        1,
        4.556,
        -3.268,
        4.611,
        -22,
        4.667,
        -22,
        0,
        4.933,
        6.727,
        0,
        5.133,
        0,
        2,
        6.167,
        0,
        0,
        6.567,
        6.727,
        0,
        7.4,
        -2.17,
        1,
        7.467,
        -2.17,
        7.533,
        -2.236,
        7.6,
        -2.124,
        1,
        7.811,
        -1.772,
        8.022,
        1.578,
        8.233,
        1.578,
        0,
        8.833,
        0,
        2,
        9.8,
        0
      ]
    },
    {
      "Target": "Parameter",
      "Id": "Param77",
      "Segments": [
        0,
        0,
        2,
        2.267,
        0,
        1,
        2.367,
        0,
        2.467,
        13.308,
        2.567,
        14.943,
        1,
        2.8,
        18.758,
        3.034,
        19.329,
        3.267,
        19.329,
        2,
        4.2,
        19.329,
        0,
        4.8,
        30,
        2,
        7.233,
        30,
        0,
        7.8,
        28.44,
        2,
        8.833,
        28.44,
        1,
        9,
        28.44,
        9.166,
        7.876,
        9.333,
        3.225,
        1,
        9.466,
        -0.496,
        9.6,
        0,
        9.733,
        0,
        2,
        9.8,
        0
      ]
    },
    {
      "Target": "Parameter",
      "Id": "Param60",
      "Segments": [
        0,
        0,
        2,
        2.967,
        0,
        0,
        3.4,
        4.556,
        2,
        4.367,
        4.556,
        0,
        4.767,
        20,
        0,
        9.8,
        0
      ]
    },
    {
      "Target": "Parameter",
      "Id": "Param3",
      "Segments": [
        0,
        -1.042,
        0,
        0.433,
        -2.972,
        0,
        2.167,
        8.537,
        1,
        2.2,
        8.537,
        2.234,
        0.005,
        2.267,
        0,
        1,
        4.778,
        -0.352,
        7.289,
        -0.675,
        9.8,
        -1.042
      ]
    },
    {
      "Target": "Parameter",
      "Id": "Param122",
      "Segments": [
        0,
        0,
        0,
        2.267,
        0.18,
        2,
        4.733,
        0.18,
        1,
        4.744,
        0.18,
        4.756,
        0.107,
        4.767,
        0.42,
        1,
        4.8,
        1.359,
        4.834,
        2.64,
        4.867,
        2.64,
        2,
        4.967,
        2.64,
        1,
        5,
        2.64,
        5.034,
        0.608,
        5.067,
        0.24,
        1,
        5.078,
        0.117,
        5.089,
        0.18,
        5.1,
        0.18,
        0,
        5.167,
        1.8,
        0,
        5.267,
        -1.2,
        0,
        5.4,
        4.32,
        0,
        5.5,
        1.38,
        1,
        5.522,
        1.38,
        5.545,
        3.719,
        5.567,
        3.96,
        1,
        5.6,
        4.322,
        5.634,
        4.32,
        5.667,
        4.32,
        0,
        5.767,
        3.96,
        0,
        6.067,
        4.02,
        0,
        6.533,
        0,
        2,
        9.733,
        0,
        2,
        9.8,
        0
      ]
    },
    {
      "Target": "Parameter",
      "Id": "Param116",
      "Segments": [
        0,
        0,
        0,
        1.533,
        6.18,
        0,
        2.267,
        0,
        2,
        9.8,
        0
      ]
    },
    {
      "Target": "Parameter",
      "Id": "Param117",
      "Segments": [
        0,
        0,
        0,
        1.533,
        -7.32,
        0,
        2.267,
        0,
        2,
        9.8,
        0
      ]
    },
    {
      "Target": "Parameter",
      "Id": "Param118",
      "Segments": [
        0,
        0,
        0,
        1.533,
        -3.9,
        0,
        2.267,
        0,
        2,
        9.8,
        0
      ]
    },
    {
      "Target": "Parameter",
      "Id": "Param123",
      "Segments": [
        0,
        0,
        0,
        1.533,
        9.384,
        0,
        2.267,
        0,
        2,
        9.8,
        0
      ]
    },
    {
      "Target": "Parameter",
      "Id": "Param109",
      "Segments": [
        0,
        -5.394,
        0,
        0.1,
        -5.488,
        0,
        1.767,
        4.309,
        0,
        3.5,
        -5.488,
        0,
        5.133,
        4.309,
        0,
        6.233,
        -3.701,
        0,
        7.233,
        1.651,
        0,
        7.8,
        -0.925,
        0,
        8.567,
        4.309,
        1,
        8.978,
        4.309,
        9.389,
        -1.294,
        9.8,
        -5.394
      ]
    },
    {
      "Target": "Parameter",
      "Id": "Param110",
      "Segments": [
        0,
        0.752,
        0,
        1.167,
        -3.669,
        0,
        2.233,
        1.558,
        0,
        2.7,
        -1.508,
        2,
        3.4,
        -1.508,
        1,
        3.489,
        -1.508,
        3.578,
        0.492,
        3.667,
        2.412,
        1,
        3.745,
        4.093,
        3.822,
        5.71,
        3.9,
        6.332,
        1,
        3.967,
        6.866,
        4.033,
        6.835,
        4.1,
        6.835,
        1,
        4.267,
        6.835,
        4.433,
        -1.204,
        4.6,
        -6.031,
        1,
        4.711,
        -9.248,
        4.822,
        -9.096,
        4.933,
        -9.096,
        0,
        5.133,
        -1.508,
        0,
        5.4,
        -9.096,
        0,
        5.967,
        -1.608,
        0,
        6.233,
        -9.096,
        1,
        6.266,
        -9.096,
        6.3,
        -8.056,
        6.333,
        -6.985,
        1,
        6.555,
        0.153,
        6.778,
        3.367,
        7,
        3.367,
        0,
        8.3,
        -8.342,
        0,
        9.3,
        3.367,
        1,
        9.467,
        3.367,
        9.633,
        3.438,
        9.8,
        0.752
      ]
    },
    {
      "Target": "Parameter",
      "Id": "Param127",
      "Segments": [
        0,
        -2.864,
        1,
        0.067,
        -2.864,
        0.133,
        -5.074,
        0.2,
        -5.394,
        1,
        0.233,
        -5.555,
        0.267,
        -5.488,
        0.3,
        -5.488,
        0,
        1.967,
        4.309,
        0,
        3.7,
        -5.488,
        0,
        5.333,
        4.309,
        0,
        6.433,
        -3.701,
        0,
        7.433,
        1.651,
        0,
        8,
        -0.925,
        0,
        8.767,
        4.309,
        1,
        9.111,
        4.309,
        9.456,
        2.711,
        9.8,
        -2.864
      ]
    },
    {
      "Target": "Parameter",
      "Id": "Param128",
      "Segments": [
        0,
        9.49,
        1,
        0.067,
        9.49,
        0.133,
        1.327,
        0.2,
        0.752,
        1,
        0.589,
        -2.606,
        0.978,
        -3.669,
        1.367,
        -3.669,
        0,
        2.433,
        1.558,
        0,
        2.9,
        -1.508,
        2,
        3.6,
        -1.508,
        1,
        3.689,
        -1.508,
        3.778,
        0.492,
        3.867,
        2.412,
        1,
        3.945,
        4.093,
        4.022,
        5.71,
        4.1,
        6.332,
        1,
        4.167,
        6.866,
        4.233,
        6.835,
        4.3,
        6.835,
        1,
        4.467,
        6.835,
        4.633,
        -1.204,
        4.8,
        -6.031,
        1,
        4.911,
        -9.248,
        5.022,
        -9.096,
        5.133,
        -9.096,
        0,
        5.333,
        -1.508,
        0,
        5.6,
        -9.096,
        0,
        6.167,
        -1.608,
        0,
        6.433,
        -9.096,
        1,
        6.466,
        -9.096,
        6.5,
        -8.056,
        6.533,
        -6.985,
        1,
        6.755,
        0.153,
        6.978,
        3.367,
        7.2,
        3.367,
        0,
        8.5,
        -8.342,
        1,
        8.833,
        -8.342,
        9.167,
        -5.242,
        9.5,
        3.367,
        1,
        9.6,
        5.95,
        9.7,
        9.49,
        9.8,
        9.49
      ]
    },
    {
      "Target": "Parameter",
      "Id": "Param9",
      "Segments": [
        0,
        -8.997,
        0,
        0.1,
        -9.164,
        0,
        1.767,
        8.295,
        1,
        2.311,
        8.295,
        2.856,
        -0.345,
        3.4,
        -8.997,
        1,
        3.433,
        -9.526,
        3.467,
        -9.164,
        3.5,
        -9.164,
        0,
        4.933,
        8.295,
        1,
        5.455,
        8.295,
        5.978,
        1.062,
        6.5,
        -8.91,
        1,
        6.522,
        -9.334,
        6.545,
        -9.077,
        6.567,
        -9.077,
        0,
        7.767,
        8.471,
        1,
        8.411,
        8.471,
        9.056,
        -1.012,
        9.7,
        -8.82,
        1,
        9.733,
        -9.224,
        9.767,
        -8.92,
        9.8,
        -8.997
      ]
    },
    {
      "Target": "Parameter",
      "Id": "Param10",
      "Segments": [
        0,
        0.68,
        0,
        0.9,
        -8.466,
        0,
        2.567,
        8.838,
        1,
        2.845,
        8.838,
        3.122,
        6.224,
        3.4,
        0.68,
        1,
        3.7,
        -5.308,
        4,
        -8.466,
        4.3,
        -8.466,
        0,
        5.733,
        8.838,
        0,
        7.133,
        -8.38,
        0,
        8.567,
        9.014,
        1,
        8.978,
        9.014,
        9.389,
        7.133,
        9.8,
        0.68
      ]
    },
    {
      "Target": "Parameter",
      "Id": "Param19",
      "Segments": [
        0,
        -8.71,
        0,
        0.167,
        -9.164,
        0,
        1.833,
        8.295,
        1,
        2.355,
        8.295,
        2.878,
        -0.041,
        3.4,
        -8.71,
        1,
        3.456,
        -9.632,
        3.511,
        -9.164,
        3.567,
        -9.164,
        0,
        5,
        8.295,
        0,
        6.6,
        -9.077,
        0,
        7.833,
        8.471,
        1,
        8.455,
        8.471,
        9.078,
        -0.992,
        9.7,
        -8.534,
        1,
        9.733,
        -8.938,
        9.767,
        -8.608,
        9.8,
        -8.71
      ]
    },
    {
      "Target": "Parameter",
      "Id": "Param20",
      "Segments": [
        0,
        1.675,
        0,
        0.967,
        -8.466,
        0,
        2.633,
        8.838,
        1,
        2.889,
        8.838,
        3.144,
        6.759,
        3.4,
        1.675,
        1,
        3.722,
        -4.736,
        4.045,
        -8.466,
        4.367,
        -8.466,
        0,
        5.8,
        8.838,
        0,
        7.2,
        -8.38,
        0,
        8.633,
        9.014,
        1,
        9.022,
        9.014,
        9.411,
        7.627,
        9.8,
        1.675
      ]
    },
    {
      "Target": "Parameter",
      "Id": "Param21",
      "Segments": [
        0,
        -7.474,
        0,
        0.333,
        -9.164,
        0,
        2,
        8.295,
        1,
        2.467,
        8.295,
        2.933,
        0.962,
        3.4,
        -7.474,
        1,
        3.511,
        -9.482,
        3.622,
        -9.164,
        3.733,
        -9.164,
        0,
        5.167,
        8.295,
        0,
        6.733,
        -9.077,
        0,
        8,
        8.471,
        1,
        8.567,
        8.471,
        9.133,
        -0.561,
        9.7,
        -7.297,
        1,
        9.733,
        -7.694,
        9.767,
        -7.313,
        9.8,
        -7.474
      ]
    },
    {
      "Target": "Parameter",
      "Id": "Param22",
      "Segments": [
        0,
        4.052,
        0,
        1.133,
        -8.466,
        0,
        2.8,
        8.838,
        1,
        3,
        8.838,
        3.2,
        7.943,
        3.4,
        4.052,
        1,
        3.778,
        -3.296,
        4.155,
        -8.466,
        4.533,
        -8.466,
        0,
        5.967,
        8.838,
        0,
        7.3,
        -8.38,
        0,
        8.8,
        9.014,
        1,
        9.133,
        9.014,
        9.467,
        8.687,
        9.8,
        4.052
      ]
    },
    {
      "Target": "Parameter",
      "Id": "Param40",
      "Segments": [
        0,
        -6.436,
        0,
        0.433,
        -9.164,
        0,
        2.1,
        8.295,
        1,
        2.533,
        8.295,
        2.967,
        1.699,
        3.4,
        -6.436,
        1,
        3.544,
        -9.148,
        3.689,
        -9.164,
        3.833,
        -9.164,
        0,
        5.267,
        8.295,
        1,
        5.678,
        8.295,
        6.089,
        2.851,
        6.5,
        -6.349,
        1,
        6.6,
        -8.587,
        6.7,
        -9.077,
        6.8,
        -9.077,
        0,
        8.1,
        8.471,
        1,
        8.633,
        8.471,
        9.167,
        -0.074,
        9.7,
        -6.259,
        1,
        9.733,
        -6.646,
        9.767,
        -6.242,
        9.8,
        -6.436
      ]
    },
    {
      "Target": "Parameter",
      "Id": "Param41",
      "Segments": [
        0,
        5.347,
        0,
        1.233,
        -8.466,
        0,
        2.9,
        8.838,
        1,
        3.067,
        8.838,
        3.233,
        8.513,
        3.4,
        5.347,
        1,
        3.811,
        -2.463,
        4.222,
        -8.466,
        4.633,
        -8.466,
        0,
        6.067,
        8.838,
        0,
        7.4,
        -8.38,
        0,
        8.9,
        9.014,
        1,
        9.2,
        9.014,
        9.5,
        9.166,
        9.8,
        5.347
      ]
    },
    {
      "Target": "Parameter",
      "Id": "Param42",
      "Segments": [
        0,
        -14.087,
        0,
        0.1,
        -14.35,
        0,
        1.767,
        13.198,
        1,
        2.311,
        13.198,
        2.856,
        -0.672,
        3.4,
        -14.087,
        1,
        3.433,
        -14.908,
        3.467,
        -14.35,
        3.5,
        -14.35,
        0,
        4.933,
        13.198,
        0,
        6.567,
        -14.264,
        0,
        7.767,
        13.374,
        1,
        8.411,
        13.374,
        9.056,
        -3.918,
        9.7,
        -13.91,
        1,
        9.733,
        -14.427,
        9.767,
        -13.999,
        9.8,
        -14.087
      ]
    },
    {
      "Target": "Parameter",
      "Id": "Param43",
      "Segments": [
        0,
        1.185,
        0,
        0.9,
        -13.247,
        0,
        2.567,
        14.058,
        1,
        2.845,
        14.058,
        3.122,
        9.933,
        3.4,
        1.185,
        1,
        3.7,
        -8.263,
        4,
        -13.247,
        4.3,
        -13.247,
        0,
        5.733,
        14.058,
        0,
        7.133,
        -13.16,
        0,
        8.567,
        14.233,
        1,
        8.978,
        14.233,
        9.389,
        11.294,
        9.8,
        1.185
      ]
    },
    {
      "Target": "Parameter",
      "Id": "Param44",
      "Segments": [
        0,
        -8.997,
        0,
        0.1,
        -9.164,
        0,
        1.767,
        8.295,
        1,
        2.311,
        8.295,
        2.856,
        -0.345,
        3.4,
        -8.997,
        1,
        3.433,
        -9.526,
        3.467,
        -9.164,
        3.5,
        -9.164,
        0,
        4.933,
        8.295,
        1,
        5.455,
        8.295,
        5.978,
        1.062,
        6.5,
        -8.91,
        1,
        6.522,
        -9.334,
        6.545,
        -9.077,
        6.567,
        -9.077,
        0,
        7.767,
        8.471,
        1,
        8.411,
        8.471,
        9.056,
        -1.012,
        9.7,
        -8.82,
        1,
        9.733,
        -9.224,
        9.767,
        -8.92,
        9.8,
        -8.997
      ]
    },
    {
      "Target": "Parameter",
      "Id": "Param45",
      "Segments": [
        0,
        0.68,
        0,
        0.9,
        -8.466,
        0,
        2.567,
        8.838,
        1,
        2.845,
        8.838,
        3.122,
        6.224,
        3.4,
        0.68,
        1,
        3.7,
        -5.308,
        4,
        -8.466,
        4.3,
        -8.466,
        0,
        5.733,
        8.838,
        0,
        7.133,
        -8.38,
        0,
        8.567,
        9.014,
        1,
        8.978,
        9.014,
        9.389,
        7.133,
        9.8,
        0.68
      ]
    },
    {
      "Target": "Parameter",
      "Id": "Param23",
      "Segments": [
        0,
        -6.436,
        0,
        0.433,
        -9.164,
        0,
        2.1,
        8.295,
        1,
        2.533,
        8.295,
        2.967,
        1.699,
        3.4,
        -6.436,
        1,
        3.544,
        -9.148,
        3.689,
        -9.164,
        3.833,
        -9.164,
        0,
        5.267,
        8.295,
        0,
        6.8,
        -9.077,
        0,
        8.1,
        8.471,
        1,
        8.633,
        8.471,
        9.167,
        -0.074,
        9.7,
        -6.259,
        1,
        9.733,
        -6.646,
        9.767,
        -6.242,
        9.8,
        -6.436
      ]
    },
    {
      "Target": "Parameter",
      "Id": "Param24",
      "Segments": [
        0,
        5.347,
        0,
        1.233,
        -8.466,
        0,
        2.9,
        8.838,
        1,
        3.067,
        8.838,
        3.233,
        8.513,
        3.4,
        5.347,
        1,
        3.811,
        -2.463,
        4.222,
        -8.466,
        4.633,
        -8.466,
        0,
        6.067,
        8.838,
        0,
        7.4,
        -8.38,
        0,
        8.9,
        9.014,
        1,
        9.2,
        9.014,
        9.5,
        9.166,
        9.8,
        5.347
      ]
    },
    {
      "Target": "Parameter",
      "Id": "Param35",
      "Segments": [
        0,
        -10.489,
        0,
        0.1,
        -10.683,
        0,
        1.767,
        9.598,
        1,
        2.311,
        9.598,
        2.856,
        -0.488,
        3.4,
        -10.489,
        1,
        3.433,
        -11.101,
        3.467,
        -10.683,
        3.5,
        -10.683,
        0,
        4.933,
        9.598,
        0,
        6.567,
        -10.597,
        0,
        7.767,
        9.774,
        1,
        8.411,
        9.774,
        9.056,
        -1.782,
        9.7,
        -10.313,
        1,
        9.733,
        -10.754,
        9.767,
        -10.408,
        9.8,
        -10.489
      ]
    },
    {
      "Target": "Parameter",
      "Id": "Param36",
      "Segments": [
        0,
        0.752,
        0,
        0.9,
        -9.873,
        0,
        2.567,
        10.229,
        1,
        2.845,
        10.229,
        3.122,
        7.192,
        3.4,
        0.752,
        1,
        3.7,
        -6.204,
        4,
        -9.873,
        4.3,
        -9.873,
        0,
        5.733,
        10.229,
        0,
        7.133,
        -9.787,
        0,
        8.567,
        10.405,
        1,
        8.978,
        10.405,
        9.389,
        8.229,
        9.8,
        0.752
      ]
    },
    {
      "Target": "Parameter",
      "Id": "Param105",
      "Segments": [
        0,
        -17.149,
        0,
        0.1,
        -17.469,
        0,
        1.767,
        15.948,
        1,
        2.311,
        15.948,
        2.856,
        -1.026,
        3.4,
        -17.149,
        1,
        3.433,
        -18.136,
        3.467,
        -17.469,
        3.5,
        -17.469,
        0,
        4.933,
        15.948,
        0,
        6.567,
        -17.382,
        0,
        7.767,
        16.124,
        1,
        8.411,
        16.124,
        9.056,
        -6.112,
        9.7,
        -16.972,
        1,
        9.733,
        -17.534,
        9.767,
        -17.057,
        9.8,
        -17.149
      ]
    },
    {
      "Target": "Parameter",
      "Id": "Param106",
      "Segments": [
        0,
        1.373,
        0,
        0.9,
        -16.134,
        0,
        2.567,
        16.988,
        1,
        2.845,
        16.988,
        3.122,
        11.984,
        3.4,
        1.373,
        1,
        3.7,
        -10.088,
        4,
        -16.134,
        4.3,
        -16.134,
        0,
        5.733,
        16.988,
        0,
        7.133,
        -16.047,
        0,
        8.567,
        17.164,
        1,
        8.978,
        17.164,
        9.389,
        13.606,
        9.8,
        1.373
      ]
    },
    {
      "Target": "Parameter",
      "Id": "Param129",
      "Segments": [
        0,
        -10.473,
        0,
        1.567,
        9.598,
        0,
        3.433,
        -10.683,
        0,
        4.967,
        12.644,
        0,
        6.4,
        -10.473,
        0,
        7.933,
        9.843,
        0,
        9.7,
        -10.5,
        1,
        9.733,
        -10.5,
        9.767,
        -10.695,
        9.8,
        -10.473
      ]
    },
    {
      "Target": "Parameter",
      "Id": "Param130",
      "Segments": [
        0,
        -2.687,
        0,
        0.7,
        -9.873,
        0,
        2.367,
        10.229,
        0,
        4.1,
        -9.873,
        0,
        5.767,
        13.275,
        0,
        7.067,
        -10.118,
        0,
        8.667,
        10.474,
        1,
        9.045,
        10.474,
        9.422,
        5.666,
        9.8,
        -2.687
      ]
    },
    {
      "Target": "Parameter",
      "Id": "Param107",
      "Segments": [
        0,
        -10.156,
        0,
        0.167,
        -10.683,
        0,
        1.833,
        9.598,
        0,
        3.533,
        -10.156,
        0,
        5.233,
        12.644,
        0,
        6.633,
        -10.156,
        0,
        8.2,
        9.843,
        1,
        8.733,
        9.843,
        9.267,
        0.074,
        9.8,
        -10.156
      ]
    },
    {
      "Target": "Parameter",
      "Id": "Param108",
      "Segments": [
        0,
        1.908,
        0,
        0.967,
        -9.873,
        0,
        2.633,
        10.229,
        0,
        4.367,
        -9.873,
        0,
        6.033,
        13.275,
        0,
        7.333,
        -10.118,
        0,
        8.933,
        10.474,
        1,
        9.222,
        10.474,
        9.511,
        8.243,
        9.8,
        1.908
      ]
    },
    {
      "Target": "Parameter",
      "Id": "Param131",
      "Segments": [
        0,
        -10.489,
        0,
        0.1,
        -10.683,
        0,
        1.767,
        9.598,
        0,
        3.533,
        -10.489,
        0,
        5.167,
        12.644,
        0,
        6.567,
        -10.489,
        0,
        8.133,
        9.843,
        1,
        8.689,
        9.843,
        9.244,
        -0.292,
        9.8,
        -10.489
      ]
    },
    {
      "Target": "Parameter",
      "Id": "Param132",
      "Segments": [
        0,
        0.752,
        0,
        0.9,
        -9.873,
        0,
        2.567,
        10.229,
        0,
        4.3,
        -9.873,
        0,
        5.967,
        13.275,
        0,
        7.267,
        -10.118,
        0,
        8.867,
        10.474,
        1,
        9.178,
        10.474,
        9.489,
        7.628,
        9.8,
        0.752
      ]
    },
    {
      "Target": "Parameter",
      "Id": "Param87",
      "Segments": [
        0,
        -10.489,
        0,
        0.1,
        -10.683,
        0,
        1.767,
        9.598,
        0,
        3.533,
        -10.489,
        0,
        5.167,
        12.644,
        0,
        6.567,
        -10.489,
        0,
        8.133,
        9.843,
        1,
        8.689,
        9.843,
        9.244,
        -0.292,
        9.8,
        -10.489
      ]
    },
    {
      "Target": "Parameter",
      "Id": "Param88",
      "Segments": [
        0,
        0.752,
        0,
        0.9,
        -9.873,
        0,
        2.567,
        10.229,
        0,
        4.3,
        -9.873,
        0,
        5.967,
        13.275,
        0,
        7.267,
        -10.118,
        0,
        8.867,
        10.474,
        1,
        9.178,
        10.474,
        9.489,
        7.628,
        9.8,
        0.752
      ]
    },
    {
      "Target": "Parameter",
      "Id": "Param89",
      "Segments": [
        0,
        -10.489,
        0,
        0.1,
        -10.683,
        0,
        1.767,
        9.598,
        0,
        3.533,
        -10.489,
        0,
        5.167,
        12.644,
        0,
        6.567,
        -10.489,
        0,
        8.133,
        9.843,
        1,
        8.689,
        9.843,
        9.244,
        -0.292,
        9.8,
        -10.489
      ]
    },
    {
      "Target": "Parameter",
      "Id": "Param90",
      "Segments": [
        0,
        0.752,
        0,
        0.9,
        -9.873,
        0,
        2.567,
        10.229,
        0,
        4.3,
        -9.873,
        0,
        5.967,
        13.275,
        0,
        7.267,
        -10.118,
        0,
        8.867,
        10.474,
        1,
        9.178,
        10.474,
        9.489,
        7.628,
        9.8,
        0.752
      ]
    },
    {
      "Target": "Parameter",
      "Id": "Param137",
      "Segments": [
        0,
        -10.489,
        0,
        0.1,
        -10.683,
        0,
        1.767,
        9.598,
        0,
        3.533,
        -10.489,
        0,
        5.167,
        12.644,
        0,
        6.567,
        -10.489,
        0,
        8.133,
        9.843,
        1,
        8.689,
        9.843,
        9.244,
        -0.292,
        9.8,
        -10.489
      ]
    },
    {
      "Target": "Parameter",
      "Id": "Param138",
      "Segments": [
        0,
        0.752,
        0,
        0.9,
        -9.873,
        0,
        2.567,
        10.229,
        0,
        4.3,
        -9.873,
        0,
        5.967,
        13.275,
        0,
        7.267,
        -10.118,
        0,
        8.867,
        10.474,
        1,
        9.178,
        10.474,
        9.489,
        7.628,
        9.8,
        0.752
      ]
    },
    {
      "Target": "Parameter",
      "Id": "Param133",
      "Segments": [
        0,
        -10.489,
        0,
        0.1,
        -10.683,
        0,
        1.767,
        9.598,
        0,
        3.533,
        -10.489,
        0,
        5.167,
        12.644,
        0,
        6.567,
        -10.489,
        0,
        8.133,
        9.843,
        1,
        8.689,
        9.843,
        9.244,
        -0.292,
        9.8,
        -10.489
      ]
    },
    {
      "Target": "Parameter",
      "Id": "Param134",
      "Segments": [
        0,
        0.752,
        0,
        0.9,
        -9.873,
        0,
        2.567,
        10.229,
        0,
        4.3,
        -9.873,
        0,
        5.967,
        13.275,
        0,
        7.267,
        -10.118,
        0,
        8.867,
        10.474,
        1,
        9.178,
        10.474,
        9.489,
        7.628,
        9.8,
        0.752
      ]
    },
    {
      "Target": "Parameter",
      "Id": "Param143",
      "Segments": [
        0,
        -10.489,
        0,
        0.1,
        -10.683,
        0,
        1.767,
        9.598,
        0,
        3.533,
        -10.489,
        0,
        5.167,
        12.644,
        0,
        6.567,
        -10.489,
        0,
        8.133,
        9.843,
        1,
        8.689,
        9.843,
        9.244,
        -0.292,
        9.8,
        -10.489
      ]
    },
    {
      "Target": "Parameter",
      "Id": "Param144",
      "Segments": [
        0,
        0.752,
        0,
        0.9,
        -9.873,
        0,
        2.567,
        10.229,
        0,
        4.3,
        -9.873,
        0,
        5.967,
        13.275,
        0,
        7.267,
        -10.118,
        0,
        8.867,
        10.474,
        1,
        9.178,
        10.474,
        9.489,
        7.628,
        9.8,
        0.752
      ]
    },
    {
      "Target": "Parameter",
      "Id": "Param139",
      "Segments": [
        0,
        -10.489,
        0,
        0.1,
        -10.683,
        0,
        1.767,
        9.598,
        0,
        3.533,
        -10.489,
        0,
        5.167,
        12.644,
        0,
        6.567,
        -10.489,
        0,
        8.133,
        9.843,
        1,
        8.689,
        9.843,
        9.244,
        -0.292,
        9.8,
        -10.489
      ]
    },
    {
      "Target": "Parameter",
      "Id": "Param140",
      "Segments": [
        0,
        0.752,
        0,
        0.9,
        -9.873,
        0,
        2.567,
        10.229,
        0,
        4.3,
        -9.873,
        0,
        5.967,
        13.275,
        0,
        7.267,
        -10.118,
        0,
        8.867,
        10.474,
        1,
        9.178,
        10.474,
        9.489,
        7.628,
        9.8,
        0.752
      ]
    },
    {
      "Target": "Parameter",
      "Id": "Param135",
      "Segments": [
        0,
        -10.489,
        0,
        0.1,
        -10.683,
        0,
        1.767,
        9.598,
        0,
        3.533,
        -10.489,
        0,
        5.167,
        12.644,
        0,
        6.567,
        -10.489,
        0,
        8.133,
        9.843,
        1,
        8.689,
        9.843,
        9.244,
        -0.292,
        9.8,
        -10.489
      ]
    },
    {
      "Target": "Parameter",
      "Id": "Param136",
      "Segments": [
        0,
        0.752,
        0,
        0.9,
        -9.873,
        0,
        2.567,
        10.229,
        0,
        4.3,
        -9.873,
        0,
        5.967,
        13.275,
        0,
        7.267,
        -10.118,
        0,
        8.867,
        10.474,
        1,
        9.178,
        10.474,
        9.489,
        7.628,
        9.8,
        0.752
      ]
    },
    {
      "Target": "Parameter",
      "Id": "Param145",
      "Segments": [
        0,
        -10.489,
        0,
        0.1,
        -10.683,
        0,
        1.767,
        9.598,
        0,
        3.533,
        -10.489,
        0,
        5.167,
        12.644,
        0,
        6.567,
        -10.489,
        0,
        8.133,
        9.843,
        1,
        8.689,
        9.843,
        9.244,
        -0.292,
        9.8,
        -10.489
      ]
    },
    {
      "Target": "Parameter",
      "Id": "Param146",
      "Segments": [
        0,
        0.752,
        0,
        0.9,
        -9.873,
        0,
        2.567,
        10.229,
        0,
        4.3,
        -9.873,
        0,
        5.967,
        13.275,
        0,
        7.267,
        -10.118,
        0,
        8.867,
        10.474,
        1,
        9.178,
        10.474,
        9.489,
        7.628,
        9.8,
        0.752
      ]
    },
    {
      "Target": "Parameter",
      "Id": "Param141",
      "Segments": [
        0,
        -10.489,
        0,
        0.1,
        -10.683,
        0,
        1.767,
        9.598,
        0,
        3.533,
        -10.489,
        0,
        5.167,
        12.644,
        0,
        6.567,
        -10.489,
        0,
        8.133,
        9.843,
        1,
        8.689,
        9.843,
        9.244,
        -0.292,
        9.8,
        -10.489
      ]
    },
    {
      "Target": "Parameter",
      "Id": "Param142",
      "Segments": [
        0,
        0.752,
        0,
        0.9,
        -9.873,
        0,
        2.567,
        10.229,
        0,
        4.3,
        -9.873,
        0,
        5.967,
        13.275,
        0,
        7.267,
        -10.118,
        0,
        8.867,
        10.474,
        1,
        9.178,
        10.474,
        9.489,
        7.628,
        9.8,
        0.752
      ]
    },
    {
      "Target": "Parameter",
      "Id": "Param64x",
      "Segments": [
        0,
        -10.489,
        0,
        0.1,
        -10.683,
        0,
        1.767,
        -0.267,
        1,
        2,
        -0.267,
        2.234,
        -1.961,
        2.467,
        -5.338,
        1,
        2.5,
        -5.82,
        2.534,
        -6.407,
        2.567,
        -6.772,
        1,
        2.8,
        -9.332,
        3.034,
        -10.489,
        3.267,
        -10.489,
        1,
        3.489,
        -10.489,
        3.711,
        -9.599,
        3.933,
        -6.779,
        1,
        4.189,
        -3.535,
        4.444,
        -1.228,
        4.7,
        -1.228,
        1,
        5.022,
        -1.228,
        5.345,
        -2.479,
        5.667,
        -4.911,
        1,
        5.734,
        -5.414,
        5.8,
        -5.808,
        5.867,
        -6.352,
        1,
        6.211,
        -9.165,
        6.556,
        -10.683,
        6.9,
        -10.683,
        1,
        7.089,
        -10.683,
        7.278,
        -7.527,
        7.467,
        -2.882,
        1,
        7.545,
        -0.97,
        7.622,
        -0.157,
        7.7,
        1.708,
        1,
        7.9,
        6.505,
        8.1,
        9.598,
        8.3,
        9.598,
        1,
        8.578,
        9.598,
        8.855,
        6.71,
        9.133,
        1.334,
        1,
        9.233,
        -0.601,
        9.333,
        -2.333,
        9.433,
        -4.106,
        1,
        9.555,
        -6.273,
        9.678,
        -9.288,
        9.8,
        -10.489
      ]
    },
    {
      "Target": "Parameter",
      "Id": "Param65y",
      "Segments": [
        0,
        0.752,
        0,
        0.9,
        -5.124,
        1,
        1.3,
        -5.124,
        1.7,
        1.838,
        2.1,
        4.697,
        1,
        2.256,
        5.809,
        2.411,
        5.391,
        2.567,
        5.391,
        1,
        2.745,
        5.391,
        2.922,
        3.457,
        3.1,
        0.752,
        1,
        3.378,
        -3.475,
        3.655,
        -5.124,
        3.933,
        -5.124,
        1,
        4.133,
        -5.124,
        4.333,
        -2.94,
        4.533,
        -1.548,
        1,
        4.644,
        -0.775,
        4.756,
        -1.021,
        4.867,
        -0.212,
        1,
        5.122,
        1.65,
        5.378,
        4.165,
        5.633,
        4.165,
        1,
        5.933,
        4.165,
        6.233,
        3.404,
        6.533,
        1.123,
        1,
        6.7,
        -0.144,
        6.866,
        -1.573,
        7.033,
        -3.786,
        1,
        7.255,
        -6.737,
        7.478,
        -9.873,
        7.7,
        -9.873,
        1,
        7.922,
        -9.873,
        8.145,
        -7.849,
        8.367,
        -3.786,
        1,
        8.489,
        -1.551,
        8.611,
        0.432,
        8.733,
        2.933,
        1,
        8.955,
        7.48,
        9.178,
        10.229,
        9.4,
        10.229,
        1,
        9.533,
        10.229,
        9.667,
        4.434,
        9.8,
        0.752
      ]
    },
    {
      "Target": "Parameter",
      "Id": "Param153",
      "Segments": [
        0,
        5.356,
        0,
        1.567,
        -5.181,
        0,
        3.233,
        5.637,
        1,
        3.289,
        5.637,
        3.344,
        5.972,
        3.4,
        5.356,
        1,
        3.844,
        0.43,
        4.289,
        -5.181,
        4.733,
        -5.181,
        0,
        6.067,
        5.637,
        1,
        6.122,
        5.637,
        6.178,
        5.926,
        6.233,
        5.356,
        1,
        6.766,
        -0.121,
        7.3,
        -5.181,
        7.833,
        -5.181,
        0,
        9.8,
        5.356
      ]
    },
    {
      "Target": "Parameter",
      "Id": "Param154",
      "Segments": [
        0,
        3.458,
        0,
        1.1,
        -10.683,
        0,
        2.767,
        9.598,
        1,
        2.978,
        9.598,
        3.189,
        8.64,
        3.4,
        3.458,
        1,
        3.711,
        -4.179,
        4.022,
        -10.683,
        4.333,
        -10.683,
        0,
        5.7,
        9.598,
        1,
        5.878,
        9.598,
        6.055,
        7.54,
        6.233,
        3.458,
        1,
        6.644,
        -5.981,
        7.056,
        -10.683,
        7.467,
        -10.683,
        0,
        9.1,
        9.598,
        1,
        9.333,
        9.598,
        9.567,
        8.519,
        9.8,
        3.458
      ]
    },
    {
      "Target": "Parameter",
      "Id": "Param50",
      "Segments": [
        0,
        9.665,
        0,
        0.167,
        10.229,
        0,
        1.9,
        -9.873,
        1,
        2.4,
        -9.873,
        2.9,
        -0.27,
        3.4,
        9.665,
        1,
        3.456,
        10.769,
        3.511,
        10.229,
        3.567,
        10.229,
        0,
        5,
        -9.873,
        1,
        5.411,
        -9.873,
        5.822,
        -0.357,
        6.233,
        9.665,
        1,
        6.278,
        10.749,
        6.322,
        10.229,
        6.367,
        10.229,
        0,
        8.233,
        -9.873,
        1,
        8.755,
        -9.873,
        9.278,
        -0.507,
        9.8,
        9.665
      ]
    },
    {
      "Target": "Parameter",
      "Id": "Param51",
      "Segments": [
        0,
        -10.489,
        0,
        0.1,
        -10.683,
        0,
        1.767,
        9.598,
        0,
        3.267,
        -10.489,
        0,
        4.7,
        9.598,
        0,
        6.9,
        -10.683,
        0,
        8.3,
        9.598,
        1,
        8.8,
        9.598,
        9.3,
        -0.992,
        9.8,
        -10.489
      ]
    },
    {
      "Target": "Parameter",
      "Id": "Param52",
      "Segments": [
        0,
        0.752,
        0,
        0.9,
        -9.873,
        0,
        2.567,
        10.229,
        1,
        2.745,
        10.229,
        2.922,
        5.83,
        3.1,
        0.752,
        1,
        3.378,
        -7.183,
        3.655,
        -9.873,
        3.933,
        -9.873,
        0,
        5.4,
        10.229,
        1,
        5.867,
        10.229,
        6.333,
        8.298,
        6.8,
        0.752,
        1,
        7.1,
        -4.099,
        7.4,
        -9.873,
        7.7,
        -9.873,
        0,
        9.4,
        10.229,
        1,
        9.533,
        10.229,
        9.667,
        4.434,
        9.8,
        0.752
      ]
    },
    {
      "Target": "Parameter",
      "Id": "Param47",
      "Segments": [
        0,
        0,
        0,
        1.5,
        -13.297,
        0,
        2.567,
        -1.976,
        0,
        3.5,
        -11.999,
        0,
        4.467,
        -1.976,
        0,
        5.733,
        -11.293,
        0,
        6.8,
        0,
        0,
        8.3,
        -13.297,
        1,
        8.656,
        -13.297,
        9.011,
        -7.377,
        9.367,
        -1.976,
        1,
        9.511,
        0.218,
        9.656,
        0,
        9.8,
        0
      ]
    },
    {
      "Target": "Parameter",
      "Id": "Param46",
      "Segments": [
        0,
        0,
        2,
        0.233,
        0,
        1,
        0.444,
        0,
        0.656,
        -14.039,
        0.867,
        -16.705,
        1,
        1.156,
        -20.352,
        1.444,
        -20.357,
        1.733,
        -20.357,
        0,
        3.167,
        0,
        2,
        4.3,
        0,
        1,
        4.478,
        0,
        4.655,
        -9.327,
        4.833,
        -14.556,
        1,
        5.044,
        -20.766,
        5.256,
        -21.485,
        5.467,
        -21.485,
        0,
        6.6,
        0,
        2,
        6.8,
        0,
        2,
        7.033,
        0,
        1,
        7.244,
        0,
        7.456,
        -14.039,
        7.667,
        -16.705,
        1,
        7.956,
        -20.352,
        8.244,
        -20.357,
        8.533,
        -20.357,
        0,
        9.8,
        0
      ]
    },
    {
      "Target": "Parameter",
      "Id": "Param65",
      "Segments": [
        0,
        30,
        1,
        0.222,
        30,
        0.445,
        29.864,
        0.667,
        26.316,
        1,
        1.222,
        17.447,
        1.778,
        10,
        2.333,
        10,
        0,
        3.767,
        30,
        0,
        5.4,
        0,
        0,
        6.8,
        30,
        0,
        8.533,
        7.665,
        0,
        9.8,
        30
      ]
    },
    {
      "Target": "Parameter",
      "Id": "Param64",
      "Segments": [
        0,
        0,
        0,
        1.767,
        -18.666,
        1,
        2.289,
        -18.666,
        2.811,
        -14.766,
        3.333,
        -2.798,
        1,
        3.689,
        5.35,
        4.044,
        12.487,
        4.4,
        12.487,
        1,
        4.844,
        12.487,
        5.289,
        7.329,
        5.733,
        -2.798,
        1,
        6.122,
        -11.66,
        6.511,
        -15.999,
        6.9,
        -15.999,
        1,
        7.2,
        -15.999,
        7.5,
        -16.052,
        7.8,
        -12.333,
        1,
        8.156,
        -7.925,
        8.511,
        0,
        8.867,
        0,
        2,
        9.8,
        0
      ]
    },
    {
      "Target": "Parameter",
      "Id": "Param",
      "Segments": [
        0,
        -10.552,
        1,
        0.2,
        -10.552,
        0.4,
        -7.161,
        0.6,
        0.232,
        1,
        0.789,
        7.215,
        0.978,
        11.032,
        1.167,
        11.032,
        1,
        1.367,
        11.032,
        1.567,
        8.185,
        1.767,
        0.232,
        1,
        1.922,
        -5.953,
        2.078,
        -10.552,
        2.233,
        -10.552,
        1,
        2.455,
        -10.552,
        2.678,
        -7.649,
        2.9,
        0.232,
        1,
        3.078,
        6.537,
        3.255,
        11.032,
        3.433,
        11.032,
        1,
        3.644,
        11.032,
        3.856,
        8.306,
        4.067,
        0.232,
        1,
        4.222,
        -5.717,
        4.378,
        -10.552,
        4.533,
        -10.552,
        1,
        4.744,
        -10.552,
        4.956,
        -7.335,
        5.167,
        0.232,
        1,
        5.356,
        7.003,
        5.544,
        11.032,
        5.733,
        11.032,
        1,
        5.933,
        11.032,
        6.133,
        8.185,
        6.333,
        0.232,
        1,
        6.489,
        -5.953,
        6.644,
        -10.552,
        6.8,
        -10.552,
        1,
        7,
        -10.552,
        7.2,
        -7.161,
        7.4,
        0.232,
        1,
        7.589,
        7.215,
        7.778,
        11.032,
        7.967,
        11.032,
        1,
        8.167,
        11.032,
        8.367,
        8.185,
        8.567,
        0.232,
        1,
        8.722,
        -5.953,
        8.878,
        -10.552,
        9.033,
        -10.552,
        0,
        9.7,
        0.232,
        0,
        9.8,
        -10.552
      ]
    },
    {
      "Target": "Parameter",
      "Id": "Param2",
      "Segments": [
        0,
        2.339,
        0,
        0.6,
        -17.893,
        1,
        0.789,
        -17.893,
        0.978,
        -10.893,
        1.167,
        2.339,
        1,
        1.367,
        16.351,
        1.567,
        22.989,
        1.767,
        22.989,
        1,
        1.922,
        22.989,
        2.078,
        13.131,
        2.233,
        2.339,
        1,
        2.455,
        -13.077,
        2.678,
        -17.893,
        2.9,
        -17.893,
        1,
        3.078,
        -17.893,
        3.255,
        -10.038,
        3.433,
        2.339,
        1,
        3.644,
        17.038,
        3.856,
        22.989,
        4.067,
        22.989,
        1,
        4.222,
        22.989,
        4.378,
        13.565,
        4.533,
        2.339,
        1,
        4.744,
        -12.896,
        4.956,
        -17.893,
        5.167,
        -17.893,
        1,
        5.356,
        -17.893,
        5.544,
        -10.893,
        5.733,
        2.339,
        1,
        5.933,
        16.351,
        6.133,
        22.989,
        6.333,
        22.989,
        1,
        6.489,
        22.989,
        6.644,
        14.018,
        6.8,
        2.339,
        1,
        7,
        -12.676,
        7.2,
        -17.893,
        7.4,
        -17.893,
        1,
        7.589,
        -17.893,
        7.778,
        -10.893,
        7.967,
        2.339,
        1,
        8.167,
        16.351,
        8.367,
        22.989,
        8.567,
        22.989,
        1,
        8.722,
        22.989,
        8.878,
        13.131,
        9.033,
        2.339,
        1,
        9.255,
        -13.077,
        9.478,
        -17.893,
        9.7,
        -17.893,
        0,
        9.8,
        2.339
      ]
    },
    {
      "Target": "Parameter",
      "Id": "Param48",
      "Segments": [
        0,
        -4.847,
        0,
        0.1,
        -5.042,
        0,
        1.933,
        5.871,
        0,
        3.5,
        -9.898,
        0,
        5.167,
        6.414,
        1,
        5.711,
        6.414,
        6.256,
        1.667,
        6.8,
        -4.847,
        1,
        6.833,
        -5.246,
        6.867,
        -5.042,
        6.9,
        -5.042,
        0,
        8.733,
        5.871,
        1,
        9.089,
        5.871,
        9.444,
        0.325,
        9.8,
        -4.847
      ]
    },
    {
      "Target": "Parameter",
      "Id": "Param49",
      "Segments": [
        0,
        1.143,
        0,
        0.9,
        -4.231,
        0,
        2.733,
        3.553,
        1,
        2.955,
        3.553,
        3.178,
        3.599,
        3.4,
        1.143,
        1,
        3.7,
        -2.173,
        4,
        -7.244,
        4.3,
        -7.244,
        0,
        5.967,
        8.653,
        1,
        6.245,
        8.653,
        6.522,
        5.093,
        6.8,
        1.143,
        1,
        7.1,
        -3.123,
        7.4,
        -4.231,
        7.7,
        -4.231,
        0,
        9.533,
        3.553,
        1,
        9.622,
        3.553,
        9.711,
        2.292,
        9.8,
        1.143
      ]
    },
    {
      "Target": "Parameter",
      "Id": "Param37",
      "Segments": [
        0,
        0,
        2,
        1.667,
        0,
        2,
        1.833,
        0,
        0,
        1.867,
        -4.08,
        2,
        3.367,
        -4.08,
        2,
        8.467,
        -4.08,
        1,
        8.678,
        -4.08,
        8.889,
        -3.969,
        9.1,
        -2.833,
        1,
        9.333,
        -1.576,
        9.567,
        0,
        9.8,
        0
      ]
    },
    {
      "Target": "Parameter",
      "Id": "Param38",
      "Segments": [
        0,
        0,
        2,
        1.667,
        0,
        2,
        1.833,
        0,
        0,
        1.967,
        10.594,
        1,
        2.145,
        10.594,
        2.322,
        10.304,
        2.5,
        9.713,
        1,
        2.711,
        9.011,
        2.922,
        9.044,
        3.133,
        7.597,
        1,
        3.4,
        5.77,
        3.666,
        -22.26,
        3.933,
        -22.26,
        2,
        8.467,
        -22.26,
        0,
        9.8,
        0
      ]
    },
    {
      "Target": "Parameter",
      "Id": "Param39",
      "Segments": [
        0,
        0,
        2,
        1.633,
        0,
        2,
        1.933,
        0,
        0,
        2,
        30,
        1,
        2.044,
        30,
        2.089,
        23.695,
        2.133,
        23.683,
        1,
        4.244,
        23.111,
        6.356,
        22.679,
        8.467,
        22.003,
        1,
        8.911,
        21.861,
        9.356,
        0,
        9.8,
        0
      ]
    },
    {
      "Target": "Parameter",
      "Id": "Param111",
      "Segments": [
        0,
        0,
        2,
        1.633,
        0,
        2,
        1.833,
        0,
        0,
        1.967,
        -10.435,
        0,
        2.767,
        -9.138,
        2,
        3.167,
        -9.138,
        1,
        3.367,
        -9.138,
        3.567,
        -2.898,
        3.767,
        -2.866,
        1,
        5.389,
        -2.603,
        7.011,
        -2.451,
        8.633,
        -2.163,
        1,
        9.022,
        -2.094,
        9.411,
        0,
        9.8,
        0
      ]
    },
    {
      "Target": "Model",
      "Id": "Opacity",
      "Segments": [
        0,
        1,
        0,
        9.8,
        1
      ]
    },
    {
      "Target": "Model",
      "Id": "LipSync",
      "Segments": [
        0,
        0,
        0,
        9.8,
        0
      ]
    },
    {
      "Target": "Parameter",
      "Id": "Param62",
      "Segments": [
        0,
        0,
        0,
        9.8,
        0
      ]
    },
    {
      "Target": "Parameter",
      "Id": "Param63",
      "Segments": [
        0,
        0,
        0,
        9.8,
        0
      ]
    },
    {
      "Target": "Parameter",
      "Id": "ParamCheek",
      "Segments": [
        0,
        0,
        0,
        9.8,
        0
      ]
    },
    {
      "Target": "Parameter",
      "Id": "ParamBrowRX",
      "Segments": [
        0,
        0,
        0,
        9.8,
        0
      ]
    },
    {
      "Target": "Parameter",
      "Id": "ParamBrowRY",
      "Segments": [
        0,
        0,
        0,
        9.8,
        0
      ]
    },
    {
      "Target": "Parameter",
      "Id": "ParamBrowRAngle",
      "Segments": [
        0,
        0,
        0,
        9.8,
        0
      ]
    },
    {
      "Target": "Parameter",
      "Id": "ParamBrowRForm",
      "Segments": [
        0,
        0,
        0,
        9.8,
        0
      ]
    },
    {
      "Target": "Parameter",
      "Id": "ParamBrowLX",
      "Segments": [
        0,
        0,
        0,
        9.8,
        0
      ]
    },
    {
      "Target": "Parameter",
      "Id": "ParamBrowLY",
      "Segments": [
        0,
        0,
        0,
        9.8,
        0
      ]
    },
    {
      "Target": "Parameter",
      "Id": "ParamBrowLAngle",
      "Segments": [
        0,
        0,
        0,
        9.8,
        0
      ]
    },
    {
      "Target": "Parameter",
      "Id": "ParamBrowLForm",
      "Segments": [
        0,
        0,
        0,
        9.8,
        0
      ]
    },
    {
      "Target": "Parameter",
      "Id": "ParamEyeRSmile",
      "Segments": [
        0,
        0,
        0,
        9.8,
        0
      ]
    },
    {
      "Target": "Parameter",
      "Id": "ParamEyeLSmile",
      "Segments": [
        0,
        0,
        0,
        9.8,
        0
      ]
    },
    {
      "Target": "Parameter",
      "Id": "Param6",
      "Segments": [
        0,
        0,
        0,
        9.8,
        0
      ]
    },
    {
      "Target": "Parameter",
      "Id": "ParamEyeBallY",
      "Segments": [
        0,
        0,
        0,
        9.8,
        0
      ]
    },
    {
      "Target": "Parameter",
      "Id": "Param120",
      "Segments": [
        0,
        0,
        0,
        9.8,
        0
      ]
    },
    {
      "Target": "Parameter",
      "Id": "Param124",
      "Segments": [
        0,
        0,
        0,
        9.8,
        0
      ]
    },
    {
      "Target": "Parameter",
      "Id": "Param125",
      "Segments": [
        0,
        0,
        0,
        9.8,
        0
      ]
    },
    {
      "Target": "Parameter",
      "Id": "ParamMouthForm",
      "Segments": [
        0,
        0,
        0,
        9.8,
        0
      ]
    },
    {
      "Target": "Parameter",
      "Id": "Param53",
      "Segments": [
        0,
        0,
        0,
        9.8,
        0
      ]
    },
    {
      "Target": "Parameter",
      "Id": "Param11",
      "Segments": [
        0,
        0,
        0,
        9.8,
        0
      ]
    },
    {
      "Target": "Parameter",
      "Id": "Param12",
      "Segments": [
        0,
        0,
        0,
        9.8,
        0
      ]
    },
    {
      "Target": "Parameter",
      "Id": "Param54",
      "Segments": [
        0,
        1,
        0,
        9.8,
        1
      ]
    },
    {
      "Target": "Parameter",
      "Id": "Param55",
      "Segments": [
        0,
        0,
        0,
        9.8,
        0
      ]
    },
    {
      "Target": "Parameter",
      "Id": "Param61",
      "Segments": [
        0,
        0,
        0,
        9.8,
        0
      ]
    },
    {
      "Target": "Parameter",
      "Id": "Param30",
      "Segments": [
        0,
        30,
        0,
        9.8,
        30
      ]
    },
    {
      "Target": "Parameter",
      "Id": "Param29",
      "Segments": [
        0,
        0,
        0,
        9.8,
        0
      ]
    },
    {
      "Target": "Parameter",
      "Id": "Param28",
      "Segments": [
        0,
        0,
        0,
        9.8,
        0
      ]
    },
    {
      "Target": "Parameter",
      "Id": "Param27",
      "Segments": [
        0,
        0,
        0,
        9.8,
        0
      ]
    },
    {
      "Target": "Parameter",
      "Id": "Param25",
      "Segments": [
        0,
        0,
        0,
        9.8,
        0
      ]
    },
    {
      "Target": "Parameter",
      "Id": "Param26",
      "Segments": [
        0,
        0,
        0,
        9.8,
        0
      ]
    },
    {
      "Target": "Parameter",
      "Id": "Param4",
      "Segments": [
        0,
        0,
        0,
        9.8,
        0
      ]
    },
    {
      "Target": "Parameter",
      "Id": "Param5",
      "Segments": [
        0,
        0,
        0,
        9.8,
        0
      ]
    },
    {
      "Target": "Parameter",
      "Id": "Param59",
      "Segments": [
        0,
        0,
        0,
        9.8,
        0
      ]
    },
    {
      "Target": "Parameter",
      "Id": "Param31",
      "Segments": [
        0,
        0,
        0,
        9.8,
        0
      ]
    },
    {
      "Target": "Parameter",
      "Id": "Param32",
      "Segments": [
        0,
        0,
        0,
        9.8,
        0
      ]
    },
    {
      "Target": "Parameter",
      "Id": "Param78",
      "Segments": [
        0,
        0,
        0,
        9.8,
        0
      ]
    },
    {
      "Target": "Parameter",
      "Id": "Param119",
      "Segments": [
        0,
        0,
        0,
        9.8,
        0
      ]
    }
  ],
  "UserData": [
    {
      "Time": 0.0,
      "Value": ""
    },
    {
      "Time": 2.66666675,
      "Value": "characterVoice_8_7.13"
    }
  ]
}