{
	"Version": 3,
	"Parameters": [
		{
			"Id": "ParamAngleX",
			"GroupId": "",
			"Name": "角度 X"
		},
		{
			"Id": "ParamAngleY",
			"GroupId": "",
			"Name": "角度 Y"
		},
		{
			"Id": "ParamAngleZ",
			"GroupId": "",
			"Name": "角度 Z"
		},
		{
			"Id": "ParamEyeLOpen",
			"GroupId": "",
			"Name": "左眼　开闭"
		},
		{
			"Id": "ParamEyeLSmile",
			"GroupId": "",
			"Name": "左眼　微笑"
		},
		{
			"Id": "ParamEyeROpen",
			"GroupId": "",
			"Name": "右眼"
		},
		{
			"Id": "ParamEyeRSmile",
			"GroupId": "",
			"Name": "右眼　微笑"
		},
		{
			"Id": "ParamEyeBallX",
			"GroupId": "",
			"Name": "眼珠 X"
		},
		{
			"Id": "ParamEyeBallY",
			"GroupId": "",
			"Name": "眼珠 Y"
		},
		{
			"Id": "ParamBrowLY",
			"GroupId": "",
			"Name": "左眉上下"
		},
		{
			"Id": "ParamBrowLForm",
			"GroupId": "",
			"Name": "左眉　変形"
		},
		{
			"Id": "ParamBrowRY",
			"GroupId": "",
			"Name": "右眉　上下"
		},
		{
			"Id": "ParamBrowRForm",
			"GroupId": "",
			"Name": "右眉　変形"
		},
		{
			"Id": "ParamMouthForm",
			"GroupId": "",
			"Name": "嘴　变形"
		},
		{
			"Id": "ParamMouthOpenY",
			"GroupId": "",
			"Name": "嘴　张开和闭合"
		},
		{
			"Id": "ParamCheek",
			"GroupId": "",
			"Name": "脸颊泛红"
		},
		{
			"Id": "ParamBodyAngleX",
			"GroupId": "",
			"Name": "身体旋转　X"
		},
		{
			"Id": "ParamBodyAngleY",
			"GroupId": "",
			"Name": "身体旋转　Y"
		},
		{
			"Id": "ParamBodyAngleZ",
			"GroupId": "",
			"Name": "身体旋转　Z"
		},
		{
			"Id": "ParamBreath",
			"GroupId": "",
			"Name": "呼吸"
		},
		{
			"Id": "ParamHairFront",
			"GroupId": "",
			"Name": "摇动 前发"
		},
		{
			"Id": "ParamHairSide",
			"GroupId": "",
			"Name": "摇动 侧发"
		},
		{
			"Id": "ParamHairBack",
			"GroupId": "",
			"Name": "摇动 后发"
		},
		{
			"Id": "Peace",
			"GroupId": "",
			"Name": "摆动 马尾"
		},
		{
			"Id": "Param",
			"GroupId": "",
			"Name": "摆动 配饰"
		}
	],
	"ParameterGroups": [],
	"Parts": [
		{
			"Id": "Part49",
			"Name": "白miku.psd(未找到对应图层)"
		},
		{
			"Id": "Part",
			"Name": "右eye(2)"
		},
		{
			"Id": "Part2",
			"Name": "左eye"
		},
		{
			"Id": "Part3",
			"Name": "前发"
		},
		{
			"Id": "Part6",
			"Name": "头部"
		},
		{
			"Id": "Part7",
			"Name": "上身"
		},
		{
			"Id": "Part13",
			"Name": "腿"
		},
		{
			"Id": "Part16",
			"Name": "左马尾(2)"
		},
		{
			"Id": "Part20",
			"Name": "左马尾"
		},
		{
			"Id": "Part24",
			"Name": "后发"
		},
		{
			"Id": "Part26",
			"Name": "左eye"
		},
		{
			"Id": "eye",
			"Name": "eye"
		},
		{
			"Id": "eye3",
			"Name": "eye"
		},
		{
			"Id": "Part4",
			"Name": "刘海"
		},
		{
			"Id": "Part5",
			"Name": "侧发"
		},
		{
			"Id": "Part8",
			"Name": "领带"
		},
		{
			"Id": "Part9",
			"Name": "领带2"
		},
		{
			"Id": "Part10",
			"Name": "上身"
		},
		{
			"Id": "Part11",
			"Name": "左臂"
		},
		{
			"Id": "Part12",
			"Name": "右臂"
		},
		{
			"Id": "Part14",
			"Name": "右腿"
		},
		{
			"Id": "Part15",
			"Name": "左腿"
		},
		{
			"Id": "Part17",
			"Name": "头饰"
		},
		{
			"Id": "Part18",
			"Name": "左前马尾"
		},
		{
			"Id": "Part19",
			"Name": "左后马尾"
		},
		{
			"Id": "Part21",
			"Name": "头饰"
		},
		{
			"Id": "Part22",
			"Name": "左前马尾"
		},
		{
			"Id": "Part23",
			"Name": "左后马尾"
		}
	],
	"CombinedParameters": [
		[
			"ParamAngleX",
			"ParamAngleY"
		],
		[
			"ParamEyeBallX",
			"ParamEyeBallY"
		],
		[
			"ParamMouthForm",
			"ParamMouthOpenY"
		],
		[
			"ParamBodyAngleX",
			"ParamBodyAngleY"
		]
	]
}