{
	"type":"Live2D Physics",
	"physics_hair":[
		{
			"label":"hair_front",
			"setup":{
				"length":0.2,
				"regist":0.45,
				"mass":0.1
			},
			"src":[
				{
					"id":"PARAM_ANGLE_X",
					"ptype":"x",
					"scale":0.005,
					"weight":1
				},
				{
					"id":"PARAM_ANGLE_Z",
					"ptype":"angle",
					"scale":0.8,
					"weight":0.5
				},
				{
					"id":"PARAM_BODY_ANGLE_Z",
					"ptype":"angle",
					"scale":2.4,
					"weight":1
				}
			],
			"targets":[
				{
					"id":"PARAM_HAIR_FRONT",
					"ptype":"angle",
					"scale":0.022,
					"weight":1
				}
			]
		},
		{
			"label":"hair_side",
			"setup":{
				"length":0.25,
				"regist":0.45,
				"mass":0.12
			},
			"src":[
				{
					"id":"PARAM_ANGLE_X",
					"ptype":"x",
					"scale":0.005,
					"weight":1
				},
				{
					"id":"PARAM_ANGLE_Z",
					"ptype":"angle",
					"scale":0.8,
					"weight":0.5
				},
				{
					"id":"PARAM_BODY_ANGLE_Z",
					"ptype":"angle",
					"scale":2.4,
					"weight":1
				}
			],
			"targets":[
				{
					"id":"PARAM_HAIR_SIDE",
					"ptype":"angle",
					"scale":0.022,
					"weight":1
				}
			]
		},
		{
			"label":"hair_back",
			"setup":{
				"length":0.3,
				"regist":0.45,
				"mass":0.1
			},
			"src":[
				{
					"id":"PARAM_ANGLE_X",
					"ptype":"x",
					"scale":0.005,
					"weight":1
				},
				{
					"id":"PARAM_ANGLE_Z",
					"ptype":"angle",
					"scale":0.8,
					"weight":0.5
				},
				{
					"id":"PARAM_BODY_ANGLE_Z",
					"ptype":"angle",
					"scale":2.4,
					"weight":1
				}
			],
			"targets":[
				{
					"id":"PARAM_HAIR_BACK",
					"ptype":"angle",
					"scale":0.022,
					"weight":1
				}
			]
		},
		{
			"label":"bust_y",
			"setup":{
				"length":0.13,
				"regist":2,
				"mass":0.32
			},
			"src":[
				{
					"id":"PARAM_SHOULDER",
					"ptype":"x",
					"scale":0.05,
					"weight":0.5
				},
				{
					"id":"PARAM_BODY_ANGLE_Z",
					"ptype":"x",
					"scale":0.004,
					"weight":1
				}
			],
			"targets":[
				{
					"id":"PARAM_BUST_Y",
					"ptype":"angle",
					"scale":0.044,
					"weight":1
				}
			]
		},
		{
			"label":"ribbon01",
			"setup":{
				"length":0.2,
				"regist":1.5,
				"mass":0.3
			},
			"src":[
				{
					"id":"PARAM_SHOULDER",
					"ptype":"x",
					"scale":0.05,
					"weight":0.5
				},
				{
					"id":"PARAM_BODY_ANGLE_Z",
					"ptype":"x",
					"scale":0.004,
					"weight":1
				}
			],
			"targets":[
				{
					"id":"PARAM_RIBBON_01",
					"ptype":"angle",
					"scale":0.044,
					"weight":1
				}
			]
		},
		{
			"label":"ribbon02",
			"setup":{
				"length":0.3,
				"regist":1.5,
				"mass":0.35
			},
			"src":[
				{
					"id":"PARAM_SHOULDER",
					"ptype":"x",
					"scale":0.04,
					"weight":0.5
				},
				{
					"id":"PARAM_BODY_ANGLE_Z",
					"ptype":"x",
					"scale":0.004,
					"weight":1
				}
			],
			"targets":[
				{
					"id":"PARAM_RIBBON_02",
					"ptype":"angle",
					"scale":0.044,
					"weight":1
				}
			]
		}
	]
}