{
  "Version": 3,
  "FileReferences": {
    "Moc": "bp.moc3",
    "Textures": [
      "textures/texture_00.png",
      "textures/texture_01.png"
    ],
    "Physics": "",
    "Motions": {
      "": [
        {
          "File": "motions/touch_9.motion3.json"
        },
        {
          "File": "motions/touch_7.motion3.json"
        },
        {
          "File": "motions/touch_4.motion3.json"
        },
        {
          "File": "motions/touch_6.motion3.json"
        },
        {
          "File": "motions/touch_A2.motion3.json"
        },
        {
          "File": "motions/normalA.motion3.json"
        },
        {
          "File": "motions/touch_B2.motion3.json"
        },
        {
          "File": "motions/touch_8.motion3.json"
        },
        {
          "File": "motions/touch_2.motion3.json"
        },
        {
          "File": "motions/touch_B3.motion3.json"
        },
        {
          "File": "motions/touch_5.motion3.json"
        },
        {
          "File": "motions/login_1.motion3.json"
        },
        {
          "File": "motions/touch_B1.motion3.json"
        },
        {
          "File": "motions/touch_3.motion3.json"
        },
        {
          "File": "motions/touch_1.motion3.json"
        },
        {
          "File": "motions/normalB.motion3.json"
        },
        {
          "File": "motions/touch_A1.motion3.json"
        }
      ]
    }
  },
  "Groups": [
    {
      "Target": "Parameter",
      "Name": "LipSync",
      "Ids": [
        "ParamMouthOpenY"
      ]
    }
  ]
}