{"Version": 3, "Meta": {"Duration": 1.983, "Fps": 60.0, "Loop": true, "AreBeziersRestricted": true, "CurveCount": 61, "UserDataCount": 1, "TotalSegmentCount": 180, "TotalPointCount": 182, "TotalUserDataSize": 23}, "Curves": [{"Target": "Parameter", "Id": "ParamPositionY", "Segments": [0, 0, 0, 0.433, 2, 0, 0.967, 0, 2, 1.733, 0, 2, 1.983, 0]}, {"Target": "Parameter", "Id": "ParamAngleX", "Segments": [0, 0, 0, 0.45, 3, 0, 0.95, -1, 0, 1.367, 1, 2, 1.983, 1]}, {"Target": "Parameter", "Id": "ParamAngleY", "Segments": [0, 0, 0, 0.383, 18, 0, 0.8, -22, 0, 1.333, 0, 2, 1.983, 0]}, {"Target": "Parameter", "Id": "ParamAngleZ", "Segments": [0, 0, 0, 0.617, 4, 1, 0.884, 8.538, 1.15, 13.0, 1.417, 13, 2, 1.983, 13]}, {"Target": "Parameter", "Id": "ParamEyeROpen", "Segments": [0, 1, 0, 0.55, 1, 0, 0.75, 0, 2, 1.05, 0, 0, 1.25, 1, 2, 1.983, 1]}, {"Target": "Parameter", "Id": "ParamEyeLOpen", "Segments": [0, 1, 0, 0.55, 1, 0, 0.75, 0, 2, 1.05, 0, 0, 1.25, 1, 2, 1.983, 1]}, {"Target": "Parameter", "Id": "ParamBodyAngleX", "Segments": [0, 0, 0, 0.383, 5, 0, 0.833, -4, 0, 1.35, -3, 2, 1.983, -3]}, {"Target": "Parameter", "Id": "ParamBodyAngleY", "Segments": [0, 0, 0, 0.383, 5, 0, 0.833, -4, 0, 1.35, -2, 2, 1.983, -2]}, {"Target": "Parameter", "Id": "ParamBodyAngleZ", "Segments": [0, 0, 0, 0.433, -1, 0, 1.45, 1, 2, 1.983, 1]}, {"Target": "Parameter", "Id": "ParamUpperBodyZ", "Segments": [0, 0, 0, 0.433, 1, 0, 1.45, -2, 2, 1.983, -2]}, {"Target": "Parameter", "Id": "ParamLegLZ", "Segments": [0, 0, 0, 0.883, -3, 2, 1.983, -3]}, {"Target": "Parameter", "Id": "ParamLegRZ", "Segments": [0, 0, 0, 0.883, -3, 2, 1.983, -3]}, {"Target": "Parameter", "Id": "ParamShoulderR", "Segments": [0, 0, 0, 0.4, 8, 0, 0.85, 5, 2, 1.983, 5]}, {"Target": "Parameter", "Id": "ParamArmR1", "Segments": [0, -38, 0, 0.417, -31, 0, 0.967, -44, 2, 1.983, -44]}, {"Target": "Parameter", "Id": "ParamArmR2", "Segments": [0, 39, 0, 0.483, 41, 0, 1.05, 38, 2, 1.983, 38]}, {"Target": "Parameter", "Id": "ParamArmR3", "Segments": [0, 11, 0, 0.55, 19, 0, 1.117, 7, 2, 1.983, 7]}, {"Target": "Parameter", "Id": "ParamArmR8", "Segments": [0, 13, 0, 0.5, 21, 0, 1.117, 15, 2, 1.983, 15]}, {"Target": "Parameter", "Id": "ParamFingerR", "Segments": [0, 0, 0, 0.383, 10, 0, 0.883, -5, 0, 1.383, 0, 2, 1.983, 0]}, {"Target": "Parameter", "Id": "ParamShoulderL", "Segments": [0, 1, 0, 0.517, 5, 0, 1, 0, 2, 1.983, 0]}, {"Target": "Parameter", "Id": "ParamArmL1", "Segments": [0, -44, 0, 0.567, -32, 0, 1.033, -44, 2, 1.983, -44]}, {"Target": "Parameter", "Id": "ParamArmL2", "Segments": [0, 38, 0, 0.617, 2, 0, 1.133, 4, 2, 1.983, 4]}, {"Target": "Parameter", "Id": "ParamArmL3", "Segments": [0, 16, 0, 0.733, -9, 0, 1.217, 24, 2, 1.983, 24]}, {"Target": "Parameter", "Id": "ParamArmL5", "Segments": [0, 6, 0, 0.283, 20, 0, 0.583, 1, 2, 1.983, 1]}, {"Target": "Parameter", "Id": "ParamArmL7", "Segments": [0, -9, 0, 0.883, -10, 2, 1.983, -10]}, {"Target": "Parameter", "Id": "ParamFingerL", "Segments": [0, 0, 0, 0.383, 10, 0, 0.867, -5, 0, 1.383, 0, 2, 1.983, 0]}, {"Target": "Parameter", "Id": "ParamPositionX", "Segments": [0, 0, 0, 1.983, 0]}, {"Target": "Parameter", "Id": "ParamRotationZ", "Segments": [0, 0, 0, 1.983, 0]}, {"Target": "Parameter", "Id": "ParamEyeballX", "Segments": [0, 0, 0, 1.983, 0]}, {"Target": "Parameter", "Id": "ParamUpperBody", "Segments": [0, 0, 0, 1.983, 0]}, {"Target": "Parameter", "Id": "ParamBreath", "Segments": [0, 0, 0, 1.983, 0]}, {"Target": "Parameter", "Id": "ParamArmR4", "Segments": [0, 3, 0, 1.983, 3]}, {"Target": "Parameter", "Id": "ParamArmR5", "Segments": [0, 6, 0, 1.983, 6]}, {"Target": "Parameter", "Id": "ParamArmR6", "Segments": [0, 1.1, 0, 1.983, 1.1]}, {"Target": "Parameter", "Id": "ParamArmR7", "Segments": [0, -8, 0, 1.983, -8]}, {"Target": "Parameter", "Id": "ParamArmR9", "Segments": [0, 0.5, 0, 1.983, 0.5]}, {"Target": "Parameter", "Id": "ParamHandRA", "Segments": [0, 0, 0, 1.983, 0]}, {"Target": "Parameter", "Id": "ParamHandRB", "Segments": [0, 0, 0, 1.983, 0]}, {"Target": "Parameter", "Id": "ParamHandRC", "Segments": [0, 0, 0, 1.983, 0]}, {"Target": "Parameter", "Id": "ParamHandRD", "Segments": [0, 0, 0, 1.983, 0]}, {"Target": "Parameter", "Id": "ParamHandRE", "Segments": [0, 0, 0, 1.983, 0]}, {"Target": "Parameter", "Id": "ParamHandRF", "Segments": [0, 0, 0, 1.983, 0]}, {"Target": "Parameter", "Id": "ParamHandRG", "Segments": [0, 1, 0, 1.983, 1]}, {"Target": "Parameter", "Id": "ParamHandRH", "Segments": [0, 0, 0, 1.983, 0]}, {"Target": "Parameter", "Id": "ParamHandRI", "Segments": [0, 0, 0, 1.983, 0]}, {"Target": "Parameter", "Id": "ParamHandRJ", "Segments": [0, 0, 0, 1.983, 0]}, {"Target": "Parameter", "Id": "ParamHandRK", "Segments": [0, 0, 0, 1.983, 0]}, {"Target": "Parameter", "Id": "ParamArmL4", "Segments": [0, 0, 0, 1.983, 0]}, {"Target": "Parameter", "Id": "ParamArmL6", "Segments": [0, 1, 0, 1.983, 1]}, {"Target": "Parameter", "Id": "ParamArmL8", "Segments": [0, 9, 0, 1.983, 9]}, {"Target": "Parameter", "Id": "ParamArmL9", "Segments": [0, 0.5, 0, 1.983, 0.5]}, {"Target": "Parameter", "Id": "ParamHandLA", "Segments": [0, 0, 0, 1.983, 0]}, {"Target": "Parameter", "Id": "ParamHandLB", "Segments": [0, 0, 0, 1.983, 0]}, {"Target": "Parameter", "Id": "ParamHandLC", "Segments": [0, 0, 0, 1.983, 0]}, {"Target": "Parameter", "Id": "ParamHandLD", "Segments": [0, 0, 0, 1.983, 0]}, {"Target": "Parameter", "Id": "ParamHandLE", "Segments": [0, 0, 0, 1.983, 0]}, {"Target": "Parameter", "Id": "ParamHandLF", "Segments": [0, 0, 0, 1.983, 0]}, {"Target": "Parameter", "Id": "ParamHandLG", "Segments": [0, 1, 0, 1.983, 1]}, {"Target": "Parameter", "Id": "ParamHandLH", "Segments": [0, 0, 0, 1.983, 0]}, {"Target": "Parameter", "Id": "ParamHandLI", "Segments": [0, 0, 0, 1.983, 0]}, {"Target": "Parameter", "Id": "ParamHandLJ", "Segments": [0, 0, 0, 1.983, 0]}, {"Target": "Parameter", "Id": "ParamHandLK", "Segments": [0, 0, 0, 1.983, 0]}], "UserData": [{"Time": 0.55, "Value": "eyeblink,0.20,0.30,0.20"}]}