{"Version": 3, "Meta": {"Duration": 2.45, "Fps": 60.0, "Loop": true, "AreBeziersRestricted": true, "CurveCount": 61, "UserDataCount": 1, "TotalSegmentCount": 184, "TotalPointCount": 184, "TotalUserDataSize": 22}, "Curves": [{"Target": "Parameter", "Id": "ParamPositionY", "Segments": [0, 0, 0, 0.433, 1, 0, 0.933, -1, 0, 1.567, 0, 2, 2.45, 0]}, {"Target": "Parameter", "Id": "ParamAngleY", "Segments": [0, -4, 0, 0.033, -4, 0, 0.6, 9, 0, 1.033, -24, 0, 1.767, 1, 2, 2.45, 1]}, {"Target": "Parameter", "Id": "ParamAngleZ", "Segments": [0, 5, 0, 0.033, 5, 0, 0.417, 14, 0, 1.017, 7, 2, 2.45, 7]}, {"Target": "Parameter", "Id": "ParamEyeROpen", "Segments": [0, 1, 0, 0.283, 1, 0, 0.483, 0, 0, 0.717, 1, 2, 2.45, 1]}, {"Target": "Parameter", "Id": "ParamEyeLOpen", "Segments": [0, 1, 0, 0.283, 1, 0, 0.483, 0, 0, 0.717, 1, 2, 2.45, 1]}, {"Target": "Parameter", "Id": "ParamBodyAngleX", "Segments": [0, 2, 0, 0.433, 7, 0, 0.933, -3, 0, 1.567, 3, 2, 2.45, 3]}, {"Target": "Parameter", "Id": "ParamBodyAngleY", "Segments": [0, 0, 0, 0.433, 2, 0, 0.933, -2, 0, 1.567, 0, 2, 2.45, 0]}, {"Target": "Parameter", "Id": "ParamUpperBodyZ", "Segments": [0, -7, 0, 0.05, -7, 0, 0.483, -6, 0, 0.983, -8, 0, 1.617, -7, 2, 2.45, -7]}, {"Target": "Parameter", "Id": "ParamShoulderR", "Segments": [0, 1, 0, 0.483, 7, 0, 0.983, 4, 2, 1.617, 4, 2, 2.45, 4]}, {"Target": "Parameter", "Id": "ParamArmR1", "Segments": [0, -34, 0, 0.483, -32, 0, 0.983, -39, 0, 1.617, -34, 2, 2.45, -34]}, {"Target": "Parameter", "Id": "ParamArmR2", "Segments": [0, -2, 0, 0.533, -3, 0, 1.033, -1, 0, 1.667, -2, 2, 2.45, -2]}, {"Target": "Parameter", "Id": "ParamArmR3", "Segments": [0, -38, 0, 0.583, -40, 0, 1.083, -32, 0, 1.717, -38, 2, 2.45, -38]}, {"Target": "Parameter", "Id": "ParamFingerR", "Segments": [0, 0, 0, 0.6, 6, 0, 1.15, -4, 0, 1.717, 0, 2, 2.45, 0]}, {"Target": "Parameter", "Id": "ParamShoulderL", "Segments": [0, 1, 0, 0.483, 5, 0, 1.017, -2, 0, 1.6, 1, 2, 2.45, 1]}, {"Target": "Parameter", "Id": "ParamArmL1", "Segments": [0, -40, 0, 0.517, -35, 0, 1.05, -40, 2, 1.633, -40, 2, 2.45, -40]}, {"Target": "Parameter", "Id": "ParamArmL2", "Segments": [0, 43, 0, 0.55, 46, 0, 1.017, 42, 0, 1.667, 43, 2, 2.45, 43]}, {"Target": "Parameter", "Id": "ParamArmL3", "Segments": [0, 20, 0, 0.583, 25, 0, 1.067, 9, 0, 1.683, 20, 2, 2.45, 20]}, {"Target": "Parameter", "Id": "ParamArmL4", "Segments": [0, 18, 0, 0.483, 22, 0, 1.017, 18, 2, 1.6, 18, 2, 2.45, 18]}, {"Target": "Parameter", "Id": "ParamArmL8", "Segments": [0, 0, 0, 0.6, 15, 0, 1.1, -9, 0, 1.683, 0, 2, 2.45, 0]}, {"Target": "Parameter", "Id": "ParamFingerL", "Segments": [0, 0, 0, 0.633, 6, 0, 1.117, -5, 0, 1.75, 0, 2, 2.45, 0]}, {"Target": "Parameter", "Id": "ParamPositionX", "Segments": [0, 0, 0, 2.45, 0]}, {"Target": "Parameter", "Id": "ParamRotationZ", "Segments": [0, 0, 0, 2.45, 0]}, {"Target": "Parameter", "Id": "ParamAngleX", "Segments": [0, 2, 0, 2.45, 2]}, {"Target": "Parameter", "Id": "ParamEyeballX", "Segments": [0, 0, 0, 2.45, 0]}, {"Target": "Parameter", "Id": "ParamBodyAngleZ", "Segments": [0, 3, 0, 2.45, 3]}, {"Target": "Parameter", "Id": "ParamUpperBody", "Segments": [0, 0, 0, 2.45, 0]}, {"Target": "Parameter", "Id": "ParamBreath", "Segments": [0, 0, 0, 2.45, 0]}, {"Target": "Parameter", "Id": "ParamLegLZ", "Segments": [0, 1, 0, 2.45, 1]}, {"Target": "Parameter", "Id": "ParamLegRZ", "Segments": [0, 0, 0, 2.45, 0]}, {"Target": "Parameter", "Id": "ParamArmR4", "Segments": [0, 0, 0, 2.45, 0]}, {"Target": "Parameter", "Id": "ParamArmR5", "Segments": [0, 0, 0, 2.45, 0]}, {"Target": "Parameter", "Id": "ParamArmR6", "Segments": [0, 0, 0, 2.45, 0]}, {"Target": "Parameter", "Id": "ParamArmR7", "Segments": [0, 0, 0, 2.45, 0]}, {"Target": "Parameter", "Id": "ParamArmR8", "Segments": [0, -40, 0, 2.45, -40]}, {"Target": "Parameter", "Id": "ParamArmR9", "Segments": [0, -0.8, 0, 2.45, -0.8]}, {"Target": "Parameter", "Id": "ParamHandRA", "Segments": [0, 1, 0, 2.45, 1]}, {"Target": "Parameter", "Id": "ParamHandRB", "Segments": [0, 0, 0, 2.45, 0]}, {"Target": "Parameter", "Id": "ParamHandRC", "Segments": [0, 0, 0, 2.45, 0]}, {"Target": "Parameter", "Id": "ParamHandRD", "Segments": [0, 0, 0, 2.45, 0]}, {"Target": "Parameter", "Id": "ParamHandRE", "Segments": [0, 0, 0, 2.45, 0]}, {"Target": "Parameter", "Id": "ParamHandRF", "Segments": [0, 0, 0, 2.45, 0]}, {"Target": "Parameter", "Id": "ParamHandRG", "Segments": [0, 0, 0, 2.45, 0]}, {"Target": "Parameter", "Id": "ParamHandRH", "Segments": [0, 0, 0, 2.45, 0]}, {"Target": "Parameter", "Id": "ParamHandRI", "Segments": [0, 0, 0, 2.45, 0]}, {"Target": "Parameter", "Id": "ParamHandRJ", "Segments": [0, 0, 0, 2.45, 0]}, {"Target": "Parameter", "Id": "ParamHandRK", "Segments": [0, 0, 0, 2.45, 0]}, {"Target": "Parameter", "Id": "ParamArmL5", "Segments": [0, 8, 0, 2.45, 8]}, {"Target": "Parameter", "Id": "ParamArmL6", "Segments": [0, 1, 0, 2.45, 1]}, {"Target": "Parameter", "Id": "ParamArmL7", "Segments": [0, -4, 0, 2.45, -4]}, {"Target": "Parameter", "Id": "ParamArmL9", "Segments": [0, 0.7, 0, 2.45, 0.7]}, {"Target": "Parameter", "Id": "ParamHandLA", "Segments": [0, 0, 0, 2.45, 0]}, {"Target": "Parameter", "Id": "ParamHandLB", "Segments": [0, 0, 0, 2.45, 0]}, {"Target": "Parameter", "Id": "ParamHandLC", "Segments": [0, 0, 0, 2.45, 0]}, {"Target": "Parameter", "Id": "ParamHandLD", "Segments": [0, 1, 0, 2.45, 1]}, {"Target": "Parameter", "Id": "ParamHandLE", "Segments": [0, 0, 0, 2.45, 0]}, {"Target": "Parameter", "Id": "ParamHandLF", "Segments": [0, 0, 0, 2.45, 0]}, {"Target": "Parameter", "Id": "ParamHandLG", "Segments": [0, 0, 0, 2.45, 0]}, {"Target": "Parameter", "Id": "ParamHandLH", "Segments": [0, 0, 0, 2.45, 0]}, {"Target": "Parameter", "Id": "ParamHandLI", "Segments": [0, 0, 0, 2.45, 0]}, {"Target": "Parameter", "Id": "ParamHandLJ", "Segments": [0, 0, 0, 2.45, 0]}, {"Target": "Parameter", "Id": "ParamHandLK", "Segments": [0, 0, 0, 2.45, 0]}], "UserData": [{"Time": 0.183, "Value": "eyeblink,0.2,0.79,0.24"}]}