{"Version": 3, "Meta": {"Duration": 1.983, "Fps": 60.0, "Loop": true, "AreBeziersRestricted": true, "CurveCount": 61, "UserDataCount": 1, "TotalSegmentCount": 204, "TotalPointCount": 212, "TotalUserDataSize": 22}, "Curves": [{"Target": "Parameter", "Id": "ParamPositionY", "Segments": [0, 0, 0, 0.217, -1, 0, 0.45, 1, 0, 0.833, -0.5, 0, 1.333, 0, 2, 1.983, 0]}, {"Target": "Parameter", "Id": "ParamAngleY", "Segments": [0, -4, 0, 0.217, -16, 0, 0.45, 5, 0, 0.833, -13, 0, 1.333, 0, 2, 1.983, 0]}, {"Target": "Parameter", "Id": "ParamAngleZ", "Segments": [0, 11, 0, 0.45, 2, 0, 0.833, 15, 0, 1.333, 14, 2, 1.983, 14]}, {"Target": "Parameter", "Id": "ParamEyeROpen", "Segments": [0, 1, 0, 0.2, 1, 0, 0.4, 0, 0, 0.633, 1, 2, 1.983, 1]}, {"Target": "Parameter", "Id": "ParamEyeLOpen", "Segments": [0, 1, 0, 0.2, 1, 0, 0.4, 0, 0, 0.633, 1, 2, 1.983, 1]}, {"Target": "Parameter", "Id": "ParamBodyAngleX", "Segments": [0, 2, 0, 0.05, 2, 1, 0.2, 2, 0.35, 0.237, 0.5, -3, 1, 0.628, -5.757, 0.755, -7.0, 0.883, -7, 2, 1.983, -7]}, {"Target": "Parameter", "Id": "ParamBodyAngleY", "Segments": [0, 0, 0, 0.217, -3, 0, 0.45, 5, 0, 0.833, -3, 0, 1.233, 0, 2, 1.983, 0]}, {"Target": "Parameter", "Id": "ParamBodyAngleZ", "Segments": [0, 3, 0, 0.45, 4, 0, 0.833, 3, 2, 1.233, 3, 2, 1.983, 3]}, {"Target": "Parameter", "Id": "ParamUpperBodyZ", "Segments": [0, -7, 0, 0.45, -10, 1, 0.578, -10, 0.705, -7.014, 0.833, -6, 1, 0.966, -4.942, 1.1, -5.0, 1.233, -5, 2, 1.983, -5]}, {"Target": "Parameter", "Id": "ParamUpperBody", "Segments": [0, 0, 0, 0.217, 0, 0, 0.45, 1, 0, 0.833, -1, 0, 1.233, 0, 2, 1.983, 0]}, {"Target": "Parameter", "Id": "ParamShoulderR", "Segments": [0, 1, 0, 0.017, 1, 0, 0.467, 3, 0, 0.8, -1, 0, 1.233, 1, 2, 1.983, 1]}, {"Target": "Parameter", "Id": "ParamArmR1", "Segments": [0, -34, 0, 0.067, -34, 0, 0.517, -22, 0, 0.85, -34, 0, 1.283, -30, 2, 1.983, -30]}, {"Target": "Parameter", "Id": "ParamArmR2", "Segments": [0, -2, 0, 0.117, -2, 0, 0.567, -4, 0, 0.9, -1, 0, 1.333, -2, 2, 1.983, -2]}, {"Target": "Parameter", "Id": "ParamArmR3", "Segments": [0, -38, 0, 0.167, -38, 0, 0.617, -40, 0, 0.95, -33, 0, 1.383, -40, 2, 1.983, -40]}, {"Target": "Parameter", "Id": "ParamArmR8", "Segments": [0, -40, 0, 0.583, -40, 0, 1.017, -33, 0, 1.4, -40, 2, 1.983, -40]}, {"Target": "Parameter", "Id": "ParamFingerR", "Segments": [0, 0, 0, 0.5, 7, 0, 0.983, -3, 0, 1.517, 0, 2, 1.983, 0]}, {"Target": "Parameter", "Id": "ParamShoulderL", "Segments": [0, 1, 0, 0.033, 1, 0, 0.483, 4, 0, 0.867, -1, 0, 1.267, 1, 2, 1.983, 1]}, {"Target": "Parameter", "Id": "ParamArmL1", "Segments": [0, -40, 0, 0.033, -40, 0, 0.483, -27, 0, 0.867, -40, 0, 1.267, -36, 2, 1.983, -36]}, {"Target": "Parameter", "Id": "ParamArmL2", "Segments": [0, 43, 0, 0.083, 43, 0, 0.533, 48, 0, 0.917, 43, 0, 1.317, 45, 2, 1.983, 45]}, {"Target": "Parameter", "Id": "ParamArmL3", "Segments": [0, 20, 0, 0.133, 20, 0, 0.583, 31, 0, 0.967, 13, 0, 1.367, 20, 2, 1.983, 20]}, {"Target": "Parameter", "Id": "ParamArmL4", "Segments": [0, 18, 0, 0.033, 18, 0, 0.483, 25, 0, 0.867, 16, 0, 1.267, 18, 2, 1.983, 18]}, {"Target": "Parameter", "Id": "ParamArmL8", "Segments": [0, 0, 0, 0.567, 15, 0, 1.017, -8, 0, 1.4, 0, 2, 1.983, 0]}, {"Target": "Parameter", "Id": "ParamFingerL", "Segments": [0, 0, 0, 0.6, 6, 0, 1.05, -5, 0, 1.5, 0, 2, 1.983, 0]}, {"Target": "Parameter", "Id": "ParamPositionX", "Segments": [0, 0, 0, 1.983, 0]}, {"Target": "Parameter", "Id": "ParamRotationZ", "Segments": [0, 0, 0, 1.983, 0]}, {"Target": "Parameter", "Id": "ParamAngleX", "Segments": [0, 2, 0, 1.983, 2]}, {"Target": "Parameter", "Id": "ParamEyeballX", "Segments": [0, 0, 0, 1.983, 0]}, {"Target": "Parameter", "Id": "ParamBreath", "Segments": [0, 0, 0, 1.983, 0]}, {"Target": "Parameter", "Id": "ParamLegLZ", "Segments": [0, 1, 0, 1.983, 1]}, {"Target": "Parameter", "Id": "ParamLegRZ", "Segments": [0, 0, 0, 1.983, 0]}, {"Target": "Parameter", "Id": "ParamArmR4", "Segments": [0, 0, 0, 1.983, 0]}, {"Target": "Parameter", "Id": "ParamArmR5", "Segments": [0, 0, 0, 1.983, 0]}, {"Target": "Parameter", "Id": "ParamArmR6", "Segments": [0, 0, 0, 1.983, 0]}, {"Target": "Parameter", "Id": "ParamArmR7", "Segments": [0, 0, 0, 1.983, 0]}, {"Target": "Parameter", "Id": "ParamArmR9", "Segments": [0, -0.8, 0, 1.983, -0.8]}, {"Target": "Parameter", "Id": "ParamHandRA", "Segments": [0, 1, 0, 1.983, 1]}, {"Target": "Parameter", "Id": "ParamHandRB", "Segments": [0, 0, 0, 1.983, 0]}, {"Target": "Parameter", "Id": "ParamHandRC", "Segments": [0, 0, 0, 1.983, 0]}, {"Target": "Parameter", "Id": "ParamHandRD", "Segments": [0, 0, 0, 1.983, 0]}, {"Target": "Parameter", "Id": "ParamHandRE", "Segments": [0, 0, 0, 1.983, 0]}, {"Target": "Parameter", "Id": "ParamHandRF", "Segments": [0, 0, 0, 1.983, 0]}, {"Target": "Parameter", "Id": "ParamHandRG", "Segments": [0, 0, 0, 1.983, 0]}, {"Target": "Parameter", "Id": "ParamHandRH", "Segments": [0, 0, 0, 1.983, 0]}, {"Target": "Parameter", "Id": "ParamHandRI", "Segments": [0, 0, 0, 1.983, 0]}, {"Target": "Parameter", "Id": "ParamHandRJ", "Segments": [0, 0, 0, 1.983, 0]}, {"Target": "Parameter", "Id": "ParamHandRK", "Segments": [0, 0, 0, 1.983, 0]}, {"Target": "Parameter", "Id": "ParamArmL5", "Segments": [0, 8, 0, 1.983, 8]}, {"Target": "Parameter", "Id": "ParamArmL6", "Segments": [0, 1, 0, 1.983, 1]}, {"Target": "Parameter", "Id": "ParamArmL7", "Segments": [0, -4, 0, 1.983, -4]}, {"Target": "Parameter", "Id": "ParamArmL9", "Segments": [0, 0.7, 0, 1.983, 0.7]}, {"Target": "Parameter", "Id": "ParamHandLA", "Segments": [0, 0, 0, 1.983, 0]}, {"Target": "Parameter", "Id": "ParamHandLB", "Segments": [0, 0, 0, 1.983, 0]}, {"Target": "Parameter", "Id": "ParamHandLC", "Segments": [0, 0, 0, 1.983, 0]}, {"Target": "Parameter", "Id": "ParamHandLD", "Segments": [0, 1, 0, 1.983, 1]}, {"Target": "Parameter", "Id": "ParamHandLE", "Segments": [0, 0, 0, 1.983, 0]}, {"Target": "Parameter", "Id": "ParamHandLF", "Segments": [0, 0, 0, 1.983, 0]}, {"Target": "Parameter", "Id": "ParamHandLG", "Segments": [0, 0, 0, 1.983, 0]}, {"Target": "Parameter", "Id": "ParamHandLH", "Segments": [0, 0, 0, 1.983, 0]}, {"Target": "Parameter", "Id": "ParamHandLI", "Segments": [0, 0, 0, 1.983, 0]}, {"Target": "Parameter", "Id": "ParamHandLJ", "Segments": [0, 0, 0, 1.983, 0]}, {"Target": "Parameter", "Id": "ParamHandLK", "Segments": [0, 0, 0, 1.983, 0]}], "UserData": [{"Time": 0.183, "Value": "eyeblink,0.2,0.79,0.24"}]}