{"Version": 3, "Meta": {"Duration": 2.333, "Fps": 60.0, "Loop": true, "AreBeziersRestricted": true, "CurveCount": 61, "UserDataCount": 1, "TotalSegmentCount": 186, "TotalPointCount": 190, "TotalUserDataSize": 23}, "Curves": [{"Target": "Parameter", "Id": "ParamAngleX", "Segments": [0, 0, 0, 0.117, 0, 0, 0.433, 4, 0, 1.1, -5, 2, 1.45, -5, 2, 2.333, -5]}, {"Target": "Parameter", "Id": "ParamAngleY", "Segments": [0, 0, 0, 0.117, 0, 0, 0.433, 8, 2, 0.767, 8, 0, 1.1, 0, 2, 1.45, 0, 2, 2.333, 0]}, {"Target": "Parameter", "Id": "ParamAngleZ", "Segments": [0, -12, 0, 0.133, -12, 0, 0.533, 3, 0, 1.2, -28, 0, 1.567, -25, 2, 2.333, -25]}, {"Target": "Parameter", "Id": "ParamEyeROpen", "Segments": [0, 1, 0, 0.533, 1, 0, 0.883, 0, 2, 0.95, 0, 0, 1.267, 1, 2, 2.333, 1]}, {"Target": "Parameter", "Id": "ParamEyeLOpen", "Segments": [0, 1, 0, 0.533, 1, 0, 0.883, 0, 2, 0.95, 0, 0, 1.267, 1, 2, 2.333, 1]}, {"Target": "Parameter", "Id": "ParamEyeballX", "Segments": [0, 0, 0, 0.083, 0, 0, 0.4, -0.1, 0, 1.067, 0.1, 2, 2.333, 0.1]}, {"Target": "Parameter", "Id": "ParamBodyAngleX", "Segments": [0, 2, 0, 0.317, 7, 1, 0.539, 7, 0.761, 3.615, 0.983, 0, 1, 1.1, -1.898, 1.216, -2.0, 1.333, -2, 2, 2.333, -2]}, {"Target": "Parameter", "Id": "ParamBodyAngleY", "Segments": [0, 0, 0, 0.417, 1, 0, 0.967, -2, 0, 1.4, 0, 2, 2.333, 0]}, {"Target": "Parameter", "Id": "ParamUpperBodyZ", "Segments": [0, 8, 0, 0.067, 8, 2, 0.383, 8, 0, 1.05, 7, 2, 2.333, 7]}, {"Target": "Parameter", "Id": "ParamShoulderR", "Segments": [0, 1, 0, 0.317, 7, 0, 0.85, -1, 0, 1.333, 1, 2, 2.333, 1]}, {"Target": "Parameter", "Id": "ParamArmR2", "Segments": [0, 41, 0, 0.083, 41, 0, 0.4, 42, 0, 1.067, 41, 2, 2.333, 41]}, {"Target": "Parameter", "Id": "ParamArmR3", "Segments": [0, 21, 0, 0.167, 21, 0, 0.483, 29, 0, 1.15, 21, 2, 2.333, 21]}, {"Target": "Parameter", "Id": "ParamArmR4", "Segments": [0, 16, 0, 0.317, 18, 0, 0.983, 16, 2, 2.333, 16]}, {"Target": "Parameter", "Id": "ParamArmR8", "Segments": [0, 20, 0, 0.533, 26, 0, 1.233, 19, 2, 2.333, 19]}, {"Target": "Parameter", "Id": "ParamFingerR", "Segments": [0, 0, 0, 0.583, 8, 0, 1.25, -3, 0, 1.833, 0, 2, 2.333, 0]}, {"Target": "Parameter", "Id": "ParamShoulderL", "Segments": [0, 0, 0, 0.05, 0, 0, 0.367, 6, 0, 0.85, -2, 0, 1.117, 0, 2, 2.333, 0]}, {"Target": "Parameter", "Id": "ParamArmL1", "Segments": [0, -37, 0, 0.05, -37, 0, 0.367, -40, 0, 1.117, -37, 2, 2.333, -37]}, {"Target": "Parameter", "Id": "ParamArmL3", "Segments": [0, 9, 0, 0.15, 9, 0, 0.467, 21, 0, 1.217, 9, 2, 2.333, 9]}, {"Target": "Parameter", "Id": "ParamArmL8", "Segments": [0, -18, 0, 0.45, 2, 0, 1.167, -10, 2, 2.333, -10]}, {"Target": "Parameter", "Id": "ParamFingerL", "Segments": [0, 0, 0, 0.567, 6, 0, 1.233, -3, 0, 1.783, 0, 2, 2.333, 0]}, {"Target": "Parameter", "Id": "ParamPositionX", "Segments": [0, 0, 0, 2.333, 0]}, {"Target": "Parameter", "Id": "ParamPositionY", "Segments": [0, 0, 0, 2.333, 0]}, {"Target": "Parameter", "Id": "ParamRotationZ", "Segments": [0, 0, 0, 2.333, 0]}, {"Target": "Parameter", "Id": "ParamBodyAngleZ", "Segments": [0, -3, 0, 2.333, -3]}, {"Target": "Parameter", "Id": "ParamUpperBody", "Segments": [0, 0, 0, 2.333, 0]}, {"Target": "Parameter", "Id": "ParamBreath", "Segments": [0, 0, 0, 2.333, 0]}, {"Target": "Parameter", "Id": "ParamLegLZ", "Segments": [0, 0, 0, 2.333, 0]}, {"Target": "Parameter", "Id": "ParamLegRZ", "Segments": [0, 2, 0, 2.333, 2]}, {"Target": "Parameter", "Id": "ParamArmR1", "Segments": [0, -39, 0, 2.333, -39]}, {"Target": "Parameter", "Id": "ParamArmR5", "Segments": [0, 8, 0, 2.333, 8]}, {"Target": "Parameter", "Id": "ParamArmR6", "Segments": [0, 1, 0, 2.333, 1]}, {"Target": "Parameter", "Id": "ParamArmR7", "Segments": [0, 0, 0, 2.333, 0]}, {"Target": "Parameter", "Id": "ParamArmR9", "Segments": [0, 0.7, 0, 2.333, 0.7]}, {"Target": "Parameter", "Id": "ParamHandRA", "Segments": [0, 0, 0, 2.333, 0]}, {"Target": "Parameter", "Id": "ParamHandRB", "Segments": [0, 0, 0, 2.333, 0]}, {"Target": "Parameter", "Id": "ParamHandRC", "Segments": [0, 0, 0, 2.333, 0]}, {"Target": "Parameter", "Id": "ParamHandRD", "Segments": [0, 1, 0, 2.333, 1]}, {"Target": "Parameter", "Id": "ParamHandRE", "Segments": [0, 0, 0, 2.333, 0]}, {"Target": "Parameter", "Id": "ParamHandRF", "Segments": [0, 0, 0, 2.333, 0]}, {"Target": "Parameter", "Id": "ParamHandRG", "Segments": [0, 0, 0, 2.333, 0]}, {"Target": "Parameter", "Id": "ParamHandRH", "Segments": [0, 0, 0, 2.333, 0]}, {"Target": "Parameter", "Id": "ParamHandRI", "Segments": [0, 0, 0, 2.333, 0]}, {"Target": "Parameter", "Id": "ParamHandRJ", "Segments": [0, 0, 0, 2.333, 0]}, {"Target": "Parameter", "Id": "ParamHandRK", "Segments": [0, 0, 0, 2.333, 0]}, {"Target": "Parameter", "Id": "ParamArmL2", "Segments": [0, -1, 0, 2.333, -1]}, {"Target": "Parameter", "Id": "ParamArmL4", "Segments": [0, 0, 0, 2.333, 0]}, {"Target": "Parameter", "Id": "ParamArmL5", "Segments": [0, 0, 0, 2.333, 0]}, {"Target": "Parameter", "Id": "ParamArmL6", "Segments": [0, 0, 0, 2.333, 0]}, {"Target": "Parameter", "Id": "ParamArmL7", "Segments": [0, 5, 0, 2.333, 5]}, {"Target": "Parameter", "Id": "ParamArmL9", "Segments": [0, -0.2, 0, 2.333, -0.2]}, {"Target": "Parameter", "Id": "ParamHandLA", "Segments": [0, 0, 0, 2.333, 0]}, {"Target": "Parameter", "Id": "ParamHandLB", "Segments": [0, 0, 0, 2.333, 0]}, {"Target": "Parameter", "Id": "ParamHandLC", "Segments": [0, 0, 0, 2.333, 0]}, {"Target": "Parameter", "Id": "ParamHandLD", "Segments": [0, 0, 0, 2.333, 0]}, {"Target": "Parameter", "Id": "ParamHandLE", "Segments": [0, 0, 0, 2.333, 0]}, {"Target": "Parameter", "Id": "ParamHandLF", "Segments": [0, 0, 0, 2.333, 0]}, {"Target": "Parameter", "Id": "ParamHandLG", "Segments": [0, 1, 0, 2.333, 1]}, {"Target": "Parameter", "Id": "ParamHandLH", "Segments": [0, 0, 0, 2.333, 0]}, {"Target": "Parameter", "Id": "ParamHandLI", "Segments": [0, 0, 0, 2.333, 0]}, {"Target": "Parameter", "Id": "ParamHandLJ", "Segments": [0, 0, 0, 2.333, 0]}, {"Target": "Parameter", "Id": "ParamHandLK", "Segments": [0, 0, 0, 2.333, 0]}], "UserData": [{"Time": 0.533, "Value": "eyeblink,0.35,0.07,0.33"}]}