{"Version": 3, "Meta": {"Duration": 2.333, "Fps": 60.0, "Loop": true, "AreBeziersRestricted": true, "CurveCount": 60, "UserDataCount": 1, "TotalSegmentCount": 161, "TotalPointCount": 181, "TotalUserDataSize": 22}, "Curves": [{"Target": "Parameter", "Id": "ParamAngleX", "Segments": [0, 0, 0, 0.2, 0, 0, 0.567, -1, 0, 1, 2, 2, 2.333, 2]}, {"Target": "Parameter", "Id": "ParamAngleY", "Segments": [0, 0, 0, 0.2, 0, 0, 0.567, 30, 0, 1, 0, 2, 2.333, 0]}, {"Target": "Parameter", "Id": "ParamAngleZ", "Segments": [0, 3, 0, 0.567, -8, 1, 0.711, -8, 0.856, 0.85, 1, 3, 1, 1.2, 5.976, 1.4, 6.0, 1.6, 6, 2, 2.333, 6]}, {"Target": "Parameter", "Id": "ParamEyeROpen", "Segments": [0, 1, 0, 0.117, 1, 0, 0.317, 0, 2, 0.467, 0, 1, 0.539, 0, 0.611, 0.791, 0.683, 0.9, 1, 0.761, 1.017, 0.839, 1.0, 0.917, 1, 2, 2.333, 1]}, {"Target": "Parameter", "Id": "ParamEyeLOpen", "Segments": [0, 1, 0, 0.117, 1, 0, 0.317, 0, 2, 0.467, 0, 1, 0.539, 0, 0.611, 0.791, 0.683, 0.9, 1, 0.761, 1.017, 0.839, 1.0, 0.917, 1, 2, 2.333, 1]}, {"Target": "Parameter", "Id": "ParamBodyAngleX", "Segments": [0, 0, 0, 0.383, 4, 0, 1.15, -4, 2, 2.333, -4]}, {"Target": "Parameter", "Id": "ParamBodyAngleY", "Segments": [0, 0, 0, 0.383, 3, 0, 0.883, -2, 1, 0.972, -2, 1.061, -1.605, 1.15, -1, 1, 1.256, -0.281, 1.361, 0.0, 1.467, 0, 2, 2.333, 0]}, {"Target": "Parameter", "Id": "ParamUpperBodyZ", "Segments": [0, -6, 0, 0.383, -8, 0, 0.883, -6, 2, 2.333, -6]}, {"Target": "Parameter", "Id": "ParamUpperBody", "Segments": [0, 0, 0, 0.383, 1, 1, 0.55, 1, 0.716, -1.701, 0.883, -6, 1, 0.972, -8.293, 1.061, -9.0, 1.15, -9, 0, 1.467, -8, 2, 2.333, -8]}, {"Target": "Parameter", "Id": "ParamShoulderR", "Segments": [0, 6, 0, 0.2, 10, 0, 0.883, 5, 0, 1.15, 6, 2, 2.333, 6]}, {"Target": "Parameter", "Id": "ParamArmR4", "Segments": [0, 0, 0, 0.2, 5, 0, 0.883, 0, 2, 2.333, 0]}, {"Target": "Parameter", "Id": "ParamShoulderL", "Segments": [0, 2, 0, 0.2, 5, 0, 0.883, 1, 0, 1.15, 2, 2, 2.333, 2]}, {"Target": "Parameter", "Id": "ParamArmL4", "Segments": [0, 0, 0, 0.2, 8, 0, 0.883, 0, 2, 2.333, 0]}, {"Target": "Parameter", "Id": "ParamPositionX", "Segments": [0, -1, 0, 2.333, -1]}, {"Target": "Parameter", "Id": "ParamPositionY", "Segments": [0, 0, 0, 2.333, 0]}, {"Target": "Parameter", "Id": "ParamRotationZ", "Segments": [0, 0, 0, 2.333, 0]}, {"Target": "Parameter", "Id": "ParamBodyAngleZ", "Segments": [0, 4, 0, 2.333, 4]}, {"Target": "Parameter", "Id": "ParamBreath", "Segments": [0, 0, 0, 2.333, 0]}, {"Target": "Parameter", "Id": "ParamLegLZ", "Segments": [0, 4, 0, 2.333, 4]}, {"Target": "Parameter", "Id": "ParamLegRZ", "Segments": [0, -1, 0, 2.333, -1]}, {"Target": "Parameter", "Id": "ParamArmR1", "Segments": [0, -36, 0, 2.333, -36]}, {"Target": "Parameter", "Id": "ParamArmR2", "Segments": [0, 7, 0, 2.333, 7]}, {"Target": "Parameter", "Id": "ParamArmR3", "Segments": [0, 40, 0, 2.333, 40]}, {"Target": "Parameter", "Id": "ParamArmR5", "Segments": [0, 0, 0, 2.333, 0]}, {"Target": "Parameter", "Id": "ParamArmR6", "Segments": [0, 0, 0, 2.333, 0]}, {"Target": "Parameter", "Id": "ParamArmR7", "Segments": [0, -10, 0, 2.333, -10]}, {"Target": "Parameter", "Id": "ParamArmR8", "Segments": [0, 33, 0, 2.333, 33]}, {"Target": "Parameter", "Id": "ParamArmR9", "Segments": [0, 0.1, 0, 2.333, 0.1]}, {"Target": "Parameter", "Id": "ParamHandRA", "Segments": [0, 0, 0, 2.333, 0]}, {"Target": "Parameter", "Id": "ParamHandRB", "Segments": [0, 0, 0, 2.333, 0]}, {"Target": "Parameter", "Id": "ParamHandRC", "Segments": [0, 0, 0, 2.333, 0]}, {"Target": "Parameter", "Id": "ParamHandRD", "Segments": [0, 0, 0, 2.333, 0]}, {"Target": "Parameter", "Id": "ParamHandRE", "Segments": [0, 0, 0, 2.333, 0]}, {"Target": "Parameter", "Id": "ParamHandRF", "Segments": [0, 0, 0, 2.333, 0]}, {"Target": "Parameter", "Id": "ParamHandRG", "Segments": [0, 1, 0, 2.333, 1]}, {"Target": "Parameter", "Id": "ParamHandRH", "Segments": [0, 0, 0, 2.333, 0]}, {"Target": "Parameter", "Id": "ParamHandRI", "Segments": [0, 0, 0, 2.333, 0]}, {"Target": "Parameter", "Id": "ParamHandRJ", "Segments": [0, 0, 0, 2.333, 0]}, {"Target": "Parameter", "Id": "ParamHandRK", "Segments": [0, 0, 0, 2.333, 0]}, {"Target": "Parameter", "Id": "ParamFingerR", "Segments": [0, 0, 0, 2.333, 0]}, {"Target": "Parameter", "Id": "ParamArmL1", "Segments": [0, -42, 0, 2.333, -42]}, {"Target": "Parameter", "Id": "ParamArmL2", "Segments": [0, 9, 0, 2.333, 9]}, {"Target": "Parameter", "Id": "ParamArmL3", "Segments": [0, 40, 0, 2.333, 40]}, {"Target": "Parameter", "Id": "ParamArmL5", "Segments": [0, 0, 0, 2.333, 0]}, {"Target": "Parameter", "Id": "ParamArmL6", "Segments": [0, 0, 0, 2.333, 0]}, {"Target": "Parameter", "Id": "ParamArmL7", "Segments": [0, -10, 0, 2.333, -10]}, {"Target": "Parameter", "Id": "ParamArmL8", "Segments": [0, 27, 0, 2.333, 27]}, {"Target": "Parameter", "Id": "ParamArmL9", "Segments": [0, 0, 0, 2.333, 0]}, {"Target": "Parameter", "Id": "ParamHandLA", "Segments": [0, 0, 0, 2.333, 0]}, {"Target": "Parameter", "Id": "ParamHandLB", "Segments": [0, 0, 0, 2.333, 0]}, {"Target": "Parameter", "Id": "ParamHandLC", "Segments": [0, 0, 0, 2.333, 0]}, {"Target": "Parameter", "Id": "ParamHandLD", "Segments": [0, 0, 0, 2.333, 0]}, {"Target": "Parameter", "Id": "ParamHandLE", "Segments": [0, 0, 0, 2.333, 0]}, {"Target": "Parameter", "Id": "ParamHandLF", "Segments": [0, 0, 0, 2.333, 0]}, {"Target": "Parameter", "Id": "ParamHandLG", "Segments": [0, 1, 0, 2.333, 1]}, {"Target": "Parameter", "Id": "ParamHandLH", "Segments": [0, 0, 0, 2.333, 0]}, {"Target": "Parameter", "Id": "ParamHandLI", "Segments": [0, 0, 0, 2.333, 0]}, {"Target": "Parameter", "Id": "ParamHandLJ", "Segments": [0, 0, 0, 2.333, 0]}, {"Target": "Parameter", "Id": "ParamHandLK", "Segments": [0, 0, 0, 2.333, 0]}, {"Target": "Parameter", "Id": "ParamFingerL", "Segments": [0, 0, 0, 2.333, 0]}], "UserData": [{"Time": 0.133, "Value": "eyeblink,0.2,0.15,0.22"}]}