{"Version": 3, "Meta": {"Duration": 2.017, "Fps": 60.0, "Loop": true, "AreBeziersRestricted": true, "CurveCount": 61, "UserDataCount": 1, "TotalSegmentCount": 189, "TotalPointCount": 205, "TotalUserDataSize": 19}, "Curves": [{"Target": "Parameter", "Id": "ParamAngleX", "Segments": [0, -1, 0, 0.067, -1, 0, 0.483, 3, 0, 0.983, -2, 0, 1.5, -1, 2, 2.017, -1]}, {"Target": "Parameter", "Id": "ParamAngleY", "Segments": [0, -15, 0, 0.1, -15, 0, 0.517, 10, 0, 1.017, -24, 0, 1.533, 0, 2, 2.017, 0]}, {"Target": "Parameter", "Id": "ParamAngleZ", "Segments": [0, -21, 0, 0.133, -21, 0, 0.55, -7, 0, 1.05, -12, 2, 2.017, -12]}, {"Target": "Parameter", "Id": "ParamEyeROpen", "Segments": [0, 1, 0, 0.717, 1, 0, 0.917, 0, 0, 1.15, 1, 2, 2.017, 1]}, {"Target": "Parameter", "Id": "ParamEyeLOpen", "Segments": [0, 1, 0, 0.717, 1, 0, 0.917, 0, 0, 1.15, 1, 2, 2.017, 1]}, {"Target": "Parameter", "Id": "ParamBodyAngleY", "Segments": [0, 0, 0, 0.033, 0, 0, 0.45, 3, 0, 0.95, -3, 0, 1.467, 0, 2, 2.017, 0]}, {"Target": "Parameter", "Id": "ParamBodyAngleZ", "Segments": [0, -4, 0, 0.033, -4, 1, 0.172, -4, 0.311, -3.704, 0.45, -2, 1, 0.617, 0.045, 0.783, 2, 0.95, 2, 2, 2.017, 2]}, {"Target": "Parameter", "Id": "ParamUpperBodyZ", "Segments": [0, 7, 0, 0.033, 7, 1, 0.172, 7, 0.311, 6.553, 0.45, 4, 1, 0.617, 0.936, 0.783, -2, 0.95, -2, 2, 2.017, -2]}, {"Target": "Parameter", "Id": "ParamShoulderR", "Segments": [0, 7, 0, 0.05, 7, 0, 0.467, 8, 0, 0.967, 6, 0, 1.483, 10, 2, 2.017, 10]}, {"Target": "Parameter", "Id": "ParamArmR1", "Segments": [0, -41, 0, 0.05, -41, 1, 0.189, -41, 0.328, -40.496, 0.467, -39, 1, 0.634, -37.204, 0.8, -36, 0.967, -36, 2, 2.017, -36]}, {"Target": "Parameter", "Id": "ParamArmR3", "Segments": [0, 40, 0, 0.05, 40, 0, 0.517, 31, 0, 1.017, 40, 0, 1.533, 36, 2, 2.017, 36]}, {"Target": "Parameter", "Id": "ParamArmR4", "Segments": [0, 7, 0, 0.05, 7, 0, 0.467, 17, 1, 0.634, 17, 0.8, 12.094, 0.967, 11, 1, 1.139, 9.87, 1.311, 10.0, 1.483, 10, 2, 2.017, 10]}, {"Target": "Parameter", "Id": "ParamArmR8", "Segments": [0, 30, 0, 0.533, 21, 0, 1.083, 32, 0, 1.583, 23, 2, 2.017, 23]}, {"Target": "Parameter", "Id": "ParamFingerR", "Segments": [0, 7, 0, 0.45, 7, 0, 1.133, 10, 2, 2.017, 10]}, {"Target": "Parameter", "Id": "ParamShoulderL", "Segments": [0, 8, 0, 0.05, 8, 0, 0.467, 9, 0, 0.967, 7, 0, 1.483, 10, 2, 2.017, 10]}, {"Target": "Parameter", "Id": "ParamArmL1", "Segments": [0, -40, 0, 0.05, -40, 0, 0.467, -39, 0, 0.967, -42, 0, 1.483, -40, 2, 2.017, -40]}, {"Target": "Parameter", "Id": "ParamArmL3", "Segments": [0, -18, 0, 0.1, -18, 0, 0.517, -5, 0, 1.017, -21, 0, 1.533, -14, 2, 2.017, -14]}, {"Target": "Parameter", "Id": "ParamArmL4", "Segments": [0, 15, 0, 0.05, 15, 0, 0.467, 20, 0, 0.967, 15, 2, 2.017, 15]}, {"Target": "Parameter", "Id": "ParamArmL8", "Segments": [0, -26, 0, 0.483, -15, 0, 1.017, -28, 0, 1.55, -22, 2, 2.017, -22]}, {"Target": "Parameter", "Id": "ParamFingerL", "Segments": [0, 8, 0, 0.45, 10, 0, 1.133, 8, 2, 2.017, 8]}, {"Target": "Parameter", "Id": "ParamPositionX", "Segments": [0, 0, 0, 2.017, 0]}, {"Target": "Parameter", "Id": "ParamPositionY", "Segments": [0, 0, 0, 2.017, 0]}, {"Target": "Parameter", "Id": "ParamRotationZ", "Segments": [0, 0, 0, 2.017, 0]}, {"Target": "Parameter", "Id": "ParamEyeballX", "Segments": [0, 0, 0, 2.017, 0]}, {"Target": "Parameter", "Id": "ParamBodyAngleX", "Segments": [0, -5, 0, 2.017, -5]}, {"Target": "Parameter", "Id": "ParamUpperBody", "Segments": [0, 0, 0, 2.017, 0]}, {"Target": "Parameter", "Id": "ParamBreath", "Segments": [0, 0, 0, 2.017, 0]}, {"Target": "Parameter", "Id": "ParamLegLZ", "Segments": [0, -1, 0, 2.017, -1]}, {"Target": "Parameter", "Id": "ParamLegRZ", "Segments": [0, 2, 0, 2.017, 2]}, {"Target": "Parameter", "Id": "ParamArmR2", "Segments": [0, 41, 0, 2.017, 41]}, {"Target": "Parameter", "Id": "ParamArmR5", "Segments": [0, 4, 0, 2.017, 4]}, {"Target": "Parameter", "Id": "ParamArmR6", "Segments": [0, 1.1, 0, 2.017, 1.1]}, {"Target": "Parameter", "Id": "ParamArmR7", "Segments": [0, -4, 0, 2.017, -4]}, {"Target": "Parameter", "Id": "ParamArmR9", "Segments": [0, 0.8, 0, 2.017, 0.8]}, {"Target": "Parameter", "Id": "ParamHandRA", "Segments": [0, 0, 0, 2.017, 0]}, {"Target": "Parameter", "Id": "ParamHandRB", "Segments": [0, 0, 0, 2.017, 0]}, {"Target": "Parameter", "Id": "ParamHandRC", "Segments": [0, 0, 0, 2.017, 0]}, {"Target": "Parameter", "Id": "ParamHandRD", "Segments": [0, 0, 0, 2.017, 0]}, {"Target": "Parameter", "Id": "ParamHandRE", "Segments": [0, 0, 0, 2.017, 0]}, {"Target": "Parameter", "Id": "ParamHandRF", "Segments": [0, 1, 0, 2.017, 1]}, {"Target": "Parameter", "Id": "ParamHandRG", "Segments": [0, 0, 0, 2.017, 0]}, {"Target": "Parameter", "Id": "ParamHandRH", "Segments": [0, 0, 0, 2.017, 0]}, {"Target": "Parameter", "Id": "ParamHandRI", "Segments": [0, 0, 0, 2.017, 0]}, {"Target": "Parameter", "Id": "ParamHandRJ", "Segments": [0, 0, 0, 2.017, 0]}, {"Target": "Parameter", "Id": "ParamHandRK", "Segments": [0, 0, 0, 2.017, 0]}, {"Target": "Parameter", "Id": "ParamArmL2", "Segments": [0, 39, 0, 2.017, 39]}, {"Target": "Parameter", "Id": "ParamArmL5", "Segments": [0, 0, 0, 2.017, 0]}, {"Target": "Parameter", "Id": "ParamArmL6", "Segments": [0, 1, 0, 2.017, 1]}, {"Target": "Parameter", "Id": "ParamArmL7", "Segments": [0, -4, 0, 2.017, -4]}, {"Target": "Parameter", "Id": "ParamArmL9", "Segments": [0, 0.8, 0, 2.017, 0.8]}, {"Target": "Parameter", "Id": "ParamHandLA", "Segments": [0, 0, 0, 2.017, 0]}, {"Target": "Parameter", "Id": "ParamHandLB", "Segments": [0, 0, 0, 2.017, 0]}, {"Target": "Parameter", "Id": "ParamHandLC", "Segments": [0, 0, 0, 2.017, 0]}, {"Target": "Parameter", "Id": "ParamHandLD", "Segments": [0, 0, 0, 2.017, 0]}, {"Target": "Parameter", "Id": "ParamHandLE", "Segments": [0, 0, 0, 2.017, 0]}, {"Target": "Parameter", "Id": "ParamHandLF", "Segments": [0, 1, 0, 2.017, 1]}, {"Target": "Parameter", "Id": "ParamHandLG", "Segments": [0, 0, 0, 2.017, 0]}, {"Target": "Parameter", "Id": "ParamHandLH", "Segments": [0, 0, 0, 2.017, 0]}, {"Target": "Parameter", "Id": "ParamHandLI", "Segments": [0, 0, 0, 2.017, 0]}, {"Target": "Parameter", "Id": "ParamHandLJ", "Segments": [0, 0, 0, 2.017, 0]}, {"Target": "Parameter", "Id": "ParamHandLK", "Segments": [0, 0, 0, 2.017, 0]}], "UserData": [{"Time": 0.717, "Value": "eyeblink,0.2,0,0.24"}]}