{"Version": 3, "Meta": {"Duration": 2.6, "Fps": 60.0, "Loop": true, "AreBeziersRestricted": true, "CurveCount": 61, "UserDataCount": 1, "TotalSegmentCount": 169, "TotalPointCount": 169, "TotalUserDataSize": 22}, "Curves": [{"Target": "Parameter", "Id": "ParamPositionY", "Segments": [0, 0, 0, 0.367, 1, 0, 0.9, 0, 2, 2.6, 0]}, {"Target": "Parameter", "Id": "ParamAngleY", "Segments": [0, 0, 0, 0.317, 6, 0, 0.717, -25, 0, 1.35, -12, 2, 2.6, -12]}, {"Target": "Parameter", "Id": "ParamAngleZ", "Segments": [0, 6, 0, 0.45, 12, 0, 1.133, 3, 2, 2.6, 3]}, {"Target": "Parameter", "Id": "ParamEyeROpen", "Segments": [0, 1, 0, 0.533, 1, 0, 0.733, 0, 2, 1.15, 0, 0, 1.383, 1, 2, 2.6, 1]}, {"Target": "Parameter", "Id": "ParamEyeLOpen", "Segments": [0, 1, 0, 0.533, 1, 0, 0.733, 0, 2, 1.15, 0, 0, 1.383, 1, 2, 2.6, 1]}, {"Target": "Parameter", "Id": "ParamEyeballX", "Segments": [0, 0, 0, 0.433, 0.1, 0, 1.167, 0, 2, 2.6, 0]}, {"Target": "Parameter", "Id": "ParamBodyAngleY", "Segments": [0, 0, 0, 0.367, 4, 0, 0.8, -5, 0, 1.45, -2, 2, 2.6, -2]}, {"Target": "Parameter", "Id": "ParamLegLZ", "Segments": [0, 4, 0, 0.833, 3, 2, 2.6, 3]}, {"Target": "Parameter", "Id": "ParamLegRZ", "Segments": [0, -2, 0, 0.833, 1, 2, 2.6, 1]}, {"Target": "Parameter", "Id": "ParamShoulderR", "Segments": [0, 4, 0, 0.367, 7, 0, 0.867, 0, 0, 1.483, 3, 2, 2.6, 3]}, {"Target": "Parameter", "Id": "ParamArmR1", "Segments": [0, -36, 0, 0.433, -30, 0, 1, -38, 0, 1.65, -37, 2, 2.6, -37]}, {"Target": "Parameter", "Id": "ParamArmR3", "Segments": [0, -25, 0, 0.583, -20, 0, 1.15, -26, 2, 2.6, -26]}, {"Target": "Parameter", "Id": "ParamArmR5", "Segments": [0, 9, 0, 0.667, 8, 0, 1.217, 9, 2, 2.6, 9]}, {"Target": "Parameter", "Id": "ParamFingerR", "Segments": [0, 0, 0, 0.533, 6, 0, 1.167, -3, 0, 1.683, 0, 2, 2.6, 0]}, {"Target": "Parameter", "Id": "ParamShoulderL", "Segments": [0, 0, 0, 0.367, 5, 0, 0.867, 0, 0, 1.483, 2, 2, 2.6, 2]}, {"Target": "Parameter", "Id": "ParamArmL1", "Segments": [0, -41, 0, 0.433, -37, 0, 1, -46, 0, 1.65, -43, 2, 2.6, -43]}, {"Target": "Parameter", "Id": "ParamArmL3", "Segments": [0, -29, 0, 0.583, -20, 0, 1.15, -28, 2, 2.6, -28]}, {"Target": "Parameter", "Id": "ParamArmL4", "Segments": [0, 3, 0, 1.267, 0, 2, 2.6, 0]}, {"Target": "Parameter", "Id": "ParamFingerL", "Segments": [0, 0, 0, 0.533, 8, 0, 1.167, -4, 0, 1.683, 0, 2, 2.6, 0]}, {"Target": "Parameter", "Id": "ParamPositionX", "Segments": [0, 0, 0, 2.6, 0]}, {"Target": "Parameter", "Id": "ParamRotationZ", "Segments": [0, 0, 0, 2.6, 0]}, {"Target": "Parameter", "Id": "ParamAngleX", "Segments": [0, 0, 0, 2.6, 0]}, {"Target": "Parameter", "Id": "ParamBodyAngleX", "Segments": [0, 0, 0, 2.6, 0]}, {"Target": "Parameter", "Id": "ParamBodyAngleZ", "Segments": [0, 3, 0, 2.6, 3]}, {"Target": "Parameter", "Id": "ParamUpperBodyZ", "Segments": [0, -6, 0, 2.6, -6]}, {"Target": "Parameter", "Id": "ParamUpperBody", "Segments": [0, 0, 0, 2.6, 0]}, {"Target": "Parameter", "Id": "ParamBreath", "Segments": [0, 0, 0, 2.6, 0]}, {"Target": "Parameter", "Id": "ParamArmR2", "Segments": [0, 42, 0, 2.6, 42]}, {"Target": "Parameter", "Id": "ParamArmR4", "Segments": [0, 3, 0, 2.6, 3]}, {"Target": "Parameter", "Id": "ParamArmR6", "Segments": [0, 1.1, 0, 2.6, 1.1]}, {"Target": "Parameter", "Id": "ParamArmR7", "Segments": [0, -4, 0, 2.6, -4]}, {"Target": "Parameter", "Id": "ParamArmR8", "Segments": [0, -20, 0, 2.6, -20]}, {"Target": "Parameter", "Id": "ParamArmR9", "Segments": [0, 0.8, 0, 2.6, 0.8]}, {"Target": "Parameter", "Id": "ParamHandRA", "Segments": [0, 0, 0, 2.6, 0]}, {"Target": "Parameter", "Id": "ParamHandRB", "Segments": [0, 0, 0, 2.6, 0]}, {"Target": "Parameter", "Id": "ParamHandRC", "Segments": [0, 0, 0, 2.6, 0]}, {"Target": "Parameter", "Id": "ParamHandRD", "Segments": [0, 0, 0, 2.6, 0]}, {"Target": "Parameter", "Id": "ParamHandRE", "Segments": [0, 0, 0, 2.6, 0]}, {"Target": "Parameter", "Id": "ParamHandRF", "Segments": [0, 1, 0, 2.6, 1]}, {"Target": "Parameter", "Id": "ParamHandRG", "Segments": [0, 0, 0, 2.6, 0]}, {"Target": "Parameter", "Id": "ParamHandRH", "Segments": [0, 0, 0, 2.6, 0]}, {"Target": "Parameter", "Id": "ParamHandRI", "Segments": [0, 0, 0, 2.6, 0]}, {"Target": "Parameter", "Id": "ParamHandRJ", "Segments": [0, 0, 0, 2.6, 0]}, {"Target": "Parameter", "Id": "ParamHandRK", "Segments": [0, 0, 0, 2.6, 0]}, {"Target": "Parameter", "Id": "ParamArmL2", "Segments": [0, 42, 0, 2.6, 42]}, {"Target": "Parameter", "Id": "ParamArmL5", "Segments": [0, 9, 0, 2.6, 9]}, {"Target": "Parameter", "Id": "ParamArmL6", "Segments": [0, 1, 0, 2.6, 1]}, {"Target": "Parameter", "Id": "ParamArmL7", "Segments": [0, -4, 0, 2.6, -4]}, {"Target": "Parameter", "Id": "ParamArmL8", "Segments": [0, -26, 0, 2.6, -26]}, {"Target": "Parameter", "Id": "ParamArmL9", "Segments": [0, 0.8, 0, 2.6, 0.8]}, {"Target": "Parameter", "Id": "ParamHandLA", "Segments": [0, 0, 0, 2.6, 0]}, {"Target": "Parameter", "Id": "ParamHandLB", "Segments": [0, 0, 0, 2.6, 0]}, {"Target": "Parameter", "Id": "ParamHandLC", "Segments": [0, 0, 0, 2.6, 0]}, {"Target": "Parameter", "Id": "ParamHandLD", "Segments": [0, 0, 0, 2.6, 0]}, {"Target": "Parameter", "Id": "ParamHandLE", "Segments": [0, 0, 0, 2.6, 0]}, {"Target": "Parameter", "Id": "ParamHandLF", "Segments": [0, 1, 0, 2.6, 1]}, {"Target": "Parameter", "Id": "ParamHandLG", "Segments": [0, 0, 0, 2.6, 0]}, {"Target": "Parameter", "Id": "ParamHandLH", "Segments": [0, 0, 0, 2.6, 0]}, {"Target": "Parameter", "Id": "ParamHandLI", "Segments": [0, 0, 0, 2.6, 0]}, {"Target": "Parameter", "Id": "ParamHandLJ", "Segments": [0, 0, 0, 2.6, 0]}, {"Target": "Parameter", "Id": "ParamHandLK", "Segments": [0, 0, 0, 2.6, 0]}], "UserData": [{"Time": 0.517, "Value": "eyeblink,0.2,0.42,0.24"}]}