{"Version": 3, "Meta": {"Duration": 2, "Fps": 60.0, "Loop": true, "AreBeziersRestricted": true, "CurveCount": 61, "UserDataCount": 1, "TotalSegmentCount": 203, "TotalPointCount": 215, "TotalUserDataSize": 23}, "Curves": [{"Target": "Parameter", "Id": "ParamAngleX", "Segments": [0, 0, 0, 0.083, 0, 0, 0.417, 8, 0, 0.883, -24, 0, 1.317, -20, 2, 2, -20]}, {"Target": "Parameter", "Id": "ParamAngleY", "Segments": [0, 0, 0, 0.083, 0, 0, 0.417, 11, 0, 0.883, -6, 0, 1.317, -5, 2, 2, -5]}, {"Target": "Parameter", "Id": "ParamAngleZ", "Segments": [0, 0, 0, 0.083, 0, 0, 0.417, 9, 0, 0.883, 0, 0, 1.317, 4, 2, 2, 4]}, {"Target": "Parameter", "Id": "ParamEyeROpen", "Segments": [0, 1, 0, 0.417, 0, 2, 0.533, 0, 0, 0.883, 1, 2, 2, 1]}, {"Target": "Parameter", "Id": "ParamEyeLOpen", "Segments": [0, 1, 0, 0.417, 0, 2, 0.533, 0, 0, 0.883, 1, 2, 2, 1]}, {"Target": "Parameter", "Id": "ParamEyeballX", "Segments": [0, 0, 0, 0.417, 0.2, 0, 0.883, 0, 2, 1.317, 0, 2, 2, 0]}, {"Target": "Parameter", "Id": "ParamBodyAngleX", "Segments": [0, 0, 0, 0.333, 5, 0, 0.8, -10, 2, 1.2, -10, 2, 2, -10]}, {"Target": "Parameter", "Id": "ParamBodyAngleY", "Segments": [0, 0, 0, 0.333, 4, 0, 0.8, -1, 0, 1.083, 0, 2, 2, 0]}, {"Target": "Parameter", "Id": "ParamUpperBodyZ", "Segments": [0, -6, 0, 0.333, -4, 0, 0.8, -8, 2, 2, -8]}, {"Target": "Parameter", "Id": "ParamUpperBody", "Segments": [0, 0, 0, 0.333, 1, 0, 0.8, 0, 2, 2, 0]}, {"Target": "Parameter", "Id": "ParamBreath", "Segments": [0, 0, 0, 0.333, 1, 0, 0.8, 0, 0, 1.2, 0.5, 2, 2, 0.5]}, {"Target": "Parameter", "Id": "ParamShoulderR", "Segments": [0, 4, 0, 0.333, 6, 0, 0.8, 4, 0, 1.233, 8, 2, 2, 8]}, {"Target": "Parameter", "Id": "ParamArmR2", "Segments": [0, 43, 0, 0.333, 44, 1, 0.489, 44.455, 0.644, 44.565, 0.8, 45, 1, 0.972, 45.482, 1.145, 46.0, 1.317, 46, 2, 2, 46]}, {"Target": "Parameter", "Id": "ParamArmR3", "Segments": [0, -40, 0, 0.133, -40, 0, 0.467, -21, 0, 0.933, -40, 2, 1.2, -40, 2, 2, -40]}, {"Target": "Parameter", "Id": "ParamArmR4", "Segments": [0, 22, 0, 0.05, 22, 1, 0.144, 22, 0.239, 23.94, 0.333, 25.8, 1, 0.35, 26.128, 0.366, 26.0, 0.383, 26, 0, 0.85, 21, 0, 1.167, 22, 2, 2, 22]}, {"Target": "Parameter", "Id": "ParamArmR5", "Segments": [0, 8, 0, 0.05, 8, 0, 0.417, 7, 1, 0.572, 7, 0.728, 7.234, 0.883, 8, 1, 0.989, 8.52, 1.094, 9.0, 1.2, 9, 2, 2, 9]}, {"Target": "Parameter", "Id": "ParamArmR8", "Segments": [0, -30, 0, 0.517, -16, 0, 1.15, -30, 2, 2, -30]}, {"Target": "Parameter", "Id": "ParamFingerR", "Segments": [0, 0, 0, 0.433, 8, 0, 0.983, -7, 0, 1.467, 0, 2, 2, 0]}, {"Target": "Parameter", "Id": "ParamShoulderL", "Segments": [0, 2, 0, 0.333, 5, 0, 0.8, 0, 0, 1.2, 3, 2, 2, 3]}, {"Target": "Parameter", "Id": "ParamArmL1", "Segments": [0, -39, 0, 0.333, -39, 0, 0.8, -44, 2, 2, -44]}, {"Target": "Parameter", "Id": "ParamArmL2", "Segments": [0, 44, 0, 0.333, 45, 0, 0.8, 42, 0, 1.283, 43, 2, 2, 43]}, {"Target": "Parameter", "Id": "ParamArmL3", "Segments": [0, -40, 0, 0.133, -40, 0, 0.467, -24, 0, 0.933, -40, 2, 1.217, -40, 2, 2, -40]}, {"Target": "Parameter", "Id": "ParamArmL4", "Segments": [0, 17, 0, 0.05, 17, 0, 0.383, 22, 0, 0.85, 17, 2, 1.133, 17, 2, 2, 17]}, {"Target": "Parameter", "Id": "ParamArmL5", "Segments": [0, 8, 0, 0.05, 8, 0, 0.417, 7, 2, 0.8, 7, 0, 1.167, 8, 2, 2, 8]}, {"Target": "Parameter", "Id": "ParamFingerL", "Segments": [0, 0, 0, 0.417, 7, 0, 0.983, -7, 0, 1.467, 0, 2, 2, 0]}, {"Target": "Parameter", "Id": "ParamPositionX", "Segments": [0, -1, 0, 2, -1]}, {"Target": "Parameter", "Id": "ParamPositionY", "Segments": [0, 0, 0, 2, 0]}, {"Target": "Parameter", "Id": "ParamRotationZ", "Segments": [0, 0, 0, 2, 0]}, {"Target": "Parameter", "Id": "ParamBodyAngleZ", "Segments": [0, 4, 0, 2, 4]}, {"Target": "Parameter", "Id": "ParamLegLZ", "Segments": [0, 1, 0, 2, 1]}, {"Target": "Parameter", "Id": "ParamLegRZ", "Segments": [0, -4, 0, 2, -4]}, {"Target": "Parameter", "Id": "ParamArmR1", "Segments": [0, -33, 0, 2, -33]}, {"Target": "Parameter", "Id": "ParamArmR6", "Segments": [0, 1, 0, 2, 1]}, {"Target": "Parameter", "Id": "ParamArmR7", "Segments": [0, 0, 0, 2, 0]}, {"Target": "Parameter", "Id": "ParamArmR9", "Segments": [0, 0.7, 0, 2, 0.7]}, {"Target": "Parameter", "Id": "ParamHandRA", "Segments": [0, 0, 0, 2, 0]}, {"Target": "Parameter", "Id": "ParamHandRB", "Segments": [0, 0, 0, 2, 0]}, {"Target": "Parameter", "Id": "ParamHandRC", "Segments": [0, 0, 0, 2, 0]}, {"Target": "Parameter", "Id": "ParamHandRD", "Segments": [0, 1, 0, 2, 1]}, {"Target": "Parameter", "Id": "ParamHandRE", "Segments": [0, 0, 0, 2, 0]}, {"Target": "Parameter", "Id": "ParamHandRF", "Segments": [0, 0, 0, 2, 0]}, {"Target": "Parameter", "Id": "ParamHandRG", "Segments": [0, 0, 0, 2, 0]}, {"Target": "Parameter", "Id": "ParamHandRH", "Segments": [0, 0, 0, 2, 0]}, {"Target": "Parameter", "Id": "ParamHandRI", "Segments": [0, 0, 0, 2, 0]}, {"Target": "Parameter", "Id": "ParamHandRJ", "Segments": [0, 0, 0, 2, 0]}, {"Target": "Parameter", "Id": "ParamHandRK", "Segments": [0, 0, 0, 2, 0]}, {"Target": "Parameter", "Id": "ParamArmL6", "Segments": [0, 0.8, 0, 2, 0.8]}, {"Target": "Parameter", "Id": "ParamArmL7", "Segments": [0, 0, 0, 2, 0]}, {"Target": "Parameter", "Id": "ParamArmL8", "Segments": [0, -30, 0, 2, -30]}, {"Target": "Parameter", "Id": "ParamArmL9", "Segments": [0, 0.7, 0, 2, 0.7]}, {"Target": "Parameter", "Id": "ParamHandLA", "Segments": [0, 0, 0, 2, 0]}, {"Target": "Parameter", "Id": "ParamHandLB", "Segments": [0, 0, 0, 2, 0]}, {"Target": "Parameter", "Id": "ParamHandLC", "Segments": [0, 0, 0, 2, 0]}, {"Target": "Parameter", "Id": "ParamHandLD", "Segments": [0, 1, 0, 2, 1]}, {"Target": "Parameter", "Id": "ParamHandLE", "Segments": [0, 0, 0, 2, 0]}, {"Target": "Parameter", "Id": "ParamHandLF", "Segments": [0, 0, 0, 2, 0]}, {"Target": "Parameter", "Id": "ParamHandLG", "Segments": [0, 0, 0, 2, 0]}, {"Target": "Parameter", "Id": "ParamHandLH", "Segments": [0, 0, 0, 2, 0]}, {"Target": "Parameter", "Id": "ParamHandLI", "Segments": [0, 0, 0, 2, 0]}, {"Target": "Parameter", "Id": "ParamHandLJ", "Segments": [0, 0, 0, 2, 0]}, {"Target": "Parameter", "Id": "ParamHandLK", "Segments": [0, 0, 0, 2, 0]}], "UserData": [{"Time": 0.233, "Value": "eyeblink,0.20,0.57,0.20"}]}