{"Version": 3, "Meta": {"Duration": 2.283, "Fps": 60.0, "Loop": true, "AreBeziersRestricted": true, "CurveCount": 61, "UserDataCount": 1, "TotalSegmentCount": 183, "TotalPointCount": 183, "TotalUserDataSize": 23}, "Curves": [{"Target": "Parameter", "Id": "ParamPositionX", "Segments": [0, -1, 0, 0.35, 0, 0, 1.033, -1, 2, 2.283, -1]}, {"Target": "Parameter", "Id": "ParamPositionY", "Segments": [0, 0, 0, 0.317, 1, 0, 0.817, 0, 2, 2.283, 0]}, {"Target": "Parameter", "Id": "ParamAngleX", "Segments": [0, 0, 0, 0.217, -3, 0, 0.833, 1, 0, 1.35, -1, 2, 2.283, -1]}, {"Target": "Parameter", "Id": "ParamAngleY", "Segments": [0, 0, 0, 0.217, -8, 0, 0.833, 6, 2, 2.283, 6]}, {"Target": "Parameter", "Id": "ParamAngleZ", "Segments": [0, -2, 0, 0.317, -6, 0, 0.917, 15, 0, 1.467, 11, 2, 2.283, 11]}, {"Target": "Parameter", "Id": "ParamEyeROpen", "Segments": [0, 1, 0, 0.167, 1, 0, 0.367, 0, 2, 0.633, 0, 0, 0.833, 1, 2, 2.283, 1]}, {"Target": "Parameter", "Id": "ParamEyeLOpen", "Segments": [0, 1, 0, 0.167, 1, 0, 0.367, 0, 2, 0.633, 0, 0, 0.833, 1, 2, 2.283, 1]}, {"Target": "Parameter", "Id": "ParamEyeballX", "Segments": [0, 0, 0, 0.317, 0.2, 0, 0.767, -0.1, 2, 2.283, -0.1]}, {"Target": "Parameter", "Id": "ParamBodyAngleX", "Segments": [0, -4, 0, 0.317, 1, 0, 0.85, -3, 0, 1.383, -1, 2, 2.283, -1]}, {"Target": "Parameter", "Id": "ParamBodyAngleY", "Segments": [0, 0, 0, 0.367, 2, 2, 2.283, 2]}, {"Target": "Parameter", "Id": "ParamBodyAngleZ", "Segments": [0, 3, 0, 0.517, 1, 0, 1.05, 3, 2, 2.283, 3]}, {"Target": "Parameter", "Id": "ParamUpperBodyZ", "Segments": [0, -4, 0, 0.517, -2, 0, 1.05, -3, 2, 2.283, -3]}, {"Target": "Parameter", "Id": "ParamLegLZ", "Segments": [0, 5, 0, 0.783, 4, 2, 2.283, 4]}, {"Target": "Parameter", "Id": "ParamLegRZ", "Segments": [0, -1, 0, 0.783, 0, 2, 2.283, 0]}, {"Target": "Parameter", "Id": "ParamShoulderR", "Segments": [0, 8, 0, 0.35, 10, 0, 0.783, 9, 2, 2.283, 9]}, {"Target": "Parameter", "Id": "ParamArmR1", "Segments": [0, 4, 0, 0.45, 15, 0, 0.783, 5, 2, 2.283, 5]}, {"Target": "Parameter", "Id": "ParamArmR2", "Segments": [0, 19, 0, 0.45, 24, 0, 0.783, 19, 2, 2.283, 19]}, {"Target": "Parameter", "Id": "ParamArmR3", "Segments": [0, 33, 0, 0.467, 40, 0, 0.867, 37, 2, 2.283, 37]}, {"Target": "Parameter", "Id": "ParamArmR5", "Segments": [0, 9, 0, 0.55, 7, 2, 2.283, 7]}, {"Target": "Parameter", "Id": "ParamArmR8", "Segments": [0, 35, 0, 0.5, 40, 2, 2.283, 40]}, {"Target": "Parameter", "Id": "ParamFingerR", "Segments": [0, 0, 0, 0.5, 6, 0, 0.967, 0, 2, 2.283, 0]}, {"Target": "Parameter", "Id": "ParamShoulderL", "Segments": [0, 1, 0, 0.317, 8, 0, 0.65, 1, 2, 2.283, 1]}, {"Target": "Parameter", "Id": "ParamArmL1", "Segments": [0, -43, 0, 0.367, -42, 0, 0.717, -49, 0, 1.233, -46, 2, 2.283, -46]}, {"Target": "Parameter", "Id": "ParamArmL2", "Segments": [0, -2, 0, 0.417, -4, 0, 0.767, -2, 0, 1.3, -3, 2, 2.283, -3]}, {"Target": "Parameter", "Id": "ParamArmL3", "Segments": [0, -20, 0, 0.417, -33, 0, 0.783, -15, 2, 2.283, -15]}, {"Target": "Parameter", "Id": "ParamArmL5", "Segments": [0, 0, 0, 0.417, 4, 0, 0.783, 2, 2, 2.283, 2]}, {"Target": "Parameter", "Id": "ParamArmL8", "Segments": [0, -25, 0, 0.433, -36, 0, 0.817, -17, 2, 2.283, -17]}, {"Target": "Parameter", "Id": "ParamFingerL", "Segments": [0, 0, 0, 0.45, 7, 0, 0.85, -5, 0, 1.3, 0, 2, 2.283, 0]}, {"Target": "Parameter", "Id": "ParamRotationZ", "Segments": [0, 0, 0, 2.283, 0]}, {"Target": "Parameter", "Id": "ParamUpperBody", "Segments": [0, 0, 0, 2.283, 0]}, {"Target": "Parameter", "Id": "ParamBreath", "Segments": [0, 0, 0, 2.283, 0]}, {"Target": "Parameter", "Id": "ParamArmR4", "Segments": [0, 0, 0, 2.283, 0]}, {"Target": "Parameter", "Id": "ParamArmR6", "Segments": [0, 1, 0, 2.283, 1]}, {"Target": "Parameter", "Id": "ParamArmR7", "Segments": [0, 0, 0, 2.283, 0]}, {"Target": "Parameter", "Id": "ParamArmR9", "Segments": [0, 0.6, 0, 2.283, 0.6]}, {"Target": "Parameter", "Id": "ParamHandRA", "Segments": [0, 0, 0, 2.283, 0]}, {"Target": "Parameter", "Id": "ParamHandRB", "Segments": [0, 0, 0, 2.283, 0]}, {"Target": "Parameter", "Id": "ParamHandRC", "Segments": [0, 0, 0, 2.283, 0]}, {"Target": "Parameter", "Id": "ParamHandRD", "Segments": [0, 0, 0, 2.283, 0]}, {"Target": "Parameter", "Id": "ParamHandRE", "Segments": [0, 0, 0, 2.283, 0]}, {"Target": "Parameter", "Id": "ParamHandRF", "Segments": [0, 0, 0, 2.283, 0]}, {"Target": "Parameter", "Id": "ParamHandRG", "Segments": [0, 0, 0, 2.283, 0]}, {"Target": "Parameter", "Id": "ParamHandRH", "Segments": [0, 0, 0, 2.283, 0]}, {"Target": "Parameter", "Id": "ParamHandRI", "Segments": [0, 0, 0, 2.283, 0]}, {"Target": "Parameter", "Id": "ParamHandRJ", "Segments": [0, 1, 0, 2.283, 1]}, {"Target": "Parameter", "Id": "ParamHandRK", "Segments": [0, 0, 0, 2.283, 0]}, {"Target": "Parameter", "Id": "ParamArmL4", "Segments": [0, 0, 0, 2.283, 0]}, {"Target": "Parameter", "Id": "ParamArmL6", "Segments": [0, 0, 0, 2.283, 0]}, {"Target": "Parameter", "Id": "ParamArmL7", "Segments": [0, 8, 0, 2.283, 8]}, {"Target": "Parameter", "Id": "ParamArmL9", "Segments": [0, -0.8, 0, 2.283, -0.8]}, {"Target": "Parameter", "Id": "ParamHandLA", "Segments": [0, 1, 0, 2.283, 1]}, {"Target": "Parameter", "Id": "ParamHandLB", "Segments": [0, 0, 0, 2.283, 0]}, {"Target": "Parameter", "Id": "ParamHandLC", "Segments": [0, 0, 0, 2.283, 0]}, {"Target": "Parameter", "Id": "ParamHandLD", "Segments": [0, 0, 0, 2.283, 0]}, {"Target": "Parameter", "Id": "ParamHandLE", "Segments": [0, 0, 0, 2.283, 0]}, {"Target": "Parameter", "Id": "ParamHandLF", "Segments": [0, 0, 0, 2.283, 0]}, {"Target": "Parameter", "Id": "ParamHandLG", "Segments": [0, 0, 0, 2.283, 0]}, {"Target": "Parameter", "Id": "ParamHandLH", "Segments": [0, 0, 0, 2.283, 0]}, {"Target": "Parameter", "Id": "ParamHandLI", "Segments": [0, 0, 0, 2.283, 0]}, {"Target": "Parameter", "Id": "ParamHandLJ", "Segments": [0, 0, 0, 2.283, 0]}, {"Target": "Parameter", "Id": "ParamHandLK", "Segments": [0, 0, 0, 2.283, 0]}], "UserData": [{"Time": 0.167, "Value": "eyeblink,0.20,0.27,0.20"}]}