{"Version": 3, "Meta": {"Duration": 2.05, "Fps": 60.0, "Loop": true, "AreBeziersRestricted": true, "CurveCount": 61, "UserDataCount": 1, "TotalSegmentCount": 181, "TotalPointCount": 181, "TotalUserDataSize": 22}, "Curves": [{"Target": "Parameter", "Id": "ParamAngleX", "Segments": [0, 0, 0, 0.517, -7, 0, 1.15, -1, 2, 2.05, -1]}, {"Target": "Parameter", "Id": "ParamAngleY", "Segments": [0, 0, 0, 0.55, 4, 0, 1.25, 3, 2, 2.05, 3]}, {"Target": "Parameter", "Id": "ParamAngleZ", "Segments": [0, 0, 0, 0.6, -7, 0, 1.35, 17, 2, 2.05, 17]}, {"Target": "Parameter", "Id": "ParamEyeROpen", "Segments": [0, 1, 0, 0.3, 1, 0, 0.567, 0, 0, 0.867, 1, 2, 2.05, 1]}, {"Target": "Parameter", "Id": "ParamEyeLOpen", "Segments": [0, 1, 0, 0.3, 1, 0, 0.567, 0, 0, 0.867, 1, 2, 2.05, 1]}, {"Target": "Parameter", "Id": "ParamBodyAngleX", "Segments": [0, 0, 0, 0.417, -4, 0, 1.15, -3, 2, 2.05, -3]}, {"Target": "Parameter", "Id": "ParamBodyAngleY", "Segments": [0, 0, 0, 0.417, 2, 0, 1.15, 0, 2, 2.05, 0]}, {"Target": "Parameter", "Id": "ParamBodyAngleZ", "Segments": [0, 2, 0, 0.533, 1, 0, 1.267, 2, 2, 2.05, 2]}, {"Target": "Parameter", "Id": "ParamUpperBodyZ", "Segments": [0, -4, 0, 0.017, -4, 2, 0.55, -4, 0, 1.267, -3, 2, 2.05, -3]}, {"Target": "Parameter", "Id": "ParamLegLZ", "Segments": [0, 0, 0, 0.917, 1, 2, 2.05, 1]}, {"Target": "Parameter", "Id": "ParamLegRZ", "Segments": [0, 1, 0, 0.917, 0, 2, 2.05, 0]}, {"Target": "Parameter", "Id": "ParamShoulderR", "Segments": [0, 0, 0, 0.467, 8, 0, 1.033, 5, 2, 2.05, 5]}, {"Target": "Parameter", "Id": "ParamArmR1", "Segments": [0, -30, 0, 0.483, -19, 0, 1.067, -35, 2, 2.05, -35]}, {"Target": "Parameter", "Id": "ParamArmR2", "Segments": [0, 39, 0, 0.533, -3.9, 0, 1.2, -2, 2, 2.05, -2]}, {"Target": "Parameter", "Id": "ParamArmR3", "Segments": [0, 12, 0, 0.683, -29, 2, 1.2, -29, 2, 2.05, -29]}, {"Target": "Parameter", "Id": "ParamArmR5", "Segments": [0, 8, 0, 0.25, 20, 0, 0.717, 3, 2, 2.05, 3]}, {"Target": "Parameter", "Id": "ParamArmR6", "Segments": [0, 1, 0, 0.417, 1, 0, 0.433, 0, 2, 2.05, 0]}, {"Target": "Parameter", "Id": "ParamHandRA", "Segments": [0, 0, 0, 0.15, 0, 0, 0.317, 1, 2, 2.05, 1]}, {"Target": "Parameter", "Id": "ParamHandRF", "Segments": [0, 1, 0, 0.15, 1, 0, 0.317, 0, 2, 2.05, 0]}, {"Target": "Parameter", "Id": "ParamFingerR", "Segments": [0, 0, 0, 0.633, 6, 0, 1.233, -4, 0, 1.85, 0, 2, 2.05, 0]}, {"Target": "Parameter", "Id": "ParamShoulderL", "Segments": [0, 0, 0, 0.883, 10, 2, 2.05, 10]}, {"Target": "Parameter", "Id": "ParamArmL1", "Segments": [0, -36, 0, 0.417, -32, 0, 0.95, -41, 2, 2.05, -41]}, {"Target": "Parameter", "Id": "ParamArmL2", "Segments": [0, 39, 0, 0.467, 47, 0, 1.083, 42.5, 2, 2.05, 42.5]}, {"Target": "Parameter", "Id": "ParamArmL3", "Segments": [0, 9, 0, 0.517, 37, 0, 1.15, 23, 2, 2.05, 23]}, {"Target": "Parameter", "Id": "ParamArmL4", "Segments": [0, 0, 0, 0.717, 30, 2, 2.05, 30]}, {"Target": "Parameter", "Id": "ParamArmL8", "Segments": [0, 3, 0, 0.417, 22, 2, 2.05, 22]}, {"Target": "Parameter", "Id": "ParamArmL9", "Segments": [0, 0, 0, 0.417, 8, 2, 2.05, 8]}, {"Target": "Parameter", "Id": "ParamHandLD", "Segments": [0, 0, 0, 0.133, 0, 0, 0.3, 1, 2, 2.05, 1]}, {"Target": "Parameter", "Id": "ParamHandLJ", "Segments": [0, 1, 0, 0.133, 1, 0, 0.3, 0, 2, 2.05, 0]}, {"Target": "Parameter", "Id": "ParamFingerL", "Segments": [0, 0, 0, 0.5, 7, 0, 1.083, -5, 0, 1.683, 0, 2, 2.05, 0]}, {"Target": "Parameter", "Id": "ParamPositionX", "Segments": [0, 0, 0, 2.05, 0]}, {"Target": "Parameter", "Id": "ParamPositionY", "Segments": [0, 0, 0, 2.05, 0]}, {"Target": "Parameter", "Id": "ParamRotationZ", "Segments": [0, 0, 0, 2.05, 0]}, {"Target": "Parameter", "Id": "ParamEyeballX", "Segments": [0, 0, 0, 2.05, 0]}, {"Target": "Parameter", "Id": "ParamUpperBody", "Segments": [0, 0, 0, 2.05, 0]}, {"Target": "Parameter", "Id": "ParamBreath", "Segments": [0, 0, 0, 2.05, 0]}, {"Target": "Parameter", "Id": "ParamArmR4", "Segments": [0, 0, 0, 2.05, 0]}, {"Target": "Parameter", "Id": "ParamArmR7", "Segments": [0, -4, 0, 2.05, -4]}, {"Target": "Parameter", "Id": "ParamArmR8", "Segments": [0, 2, 0, 2.05, 2]}, {"Target": "Parameter", "Id": "ParamArmR9", "Segments": [0, 0, 0, 2.05, 0]}, {"Target": "Parameter", "Id": "ParamHandRB", "Segments": [0, 0, 0, 2.05, 0]}, {"Target": "Parameter", "Id": "ParamHandRC", "Segments": [0, 0, 0, 2.05, 0]}, {"Target": "Parameter", "Id": "ParamHandRD", "Segments": [0, 0, 0, 2.05, 0]}, {"Target": "Parameter", "Id": "ParamHandRE", "Segments": [0, 0, 0, 2.05, 0]}, {"Target": "Parameter", "Id": "ParamHandRG", "Segments": [0, 0, 0, 2.05, 0]}, {"Target": "Parameter", "Id": "ParamHandRH", "Segments": [0, 0, 0, 2.05, 0]}, {"Target": "Parameter", "Id": "ParamHandRI", "Segments": [0, 0, 0, 2.05, 0]}, {"Target": "Parameter", "Id": "ParamHandRJ", "Segments": [0, 0, 0, 2.05, 0]}, {"Target": "Parameter", "Id": "ParamHandRK", "Segments": [0, 0, 0, 2.05, 0]}, {"Target": "Parameter", "Id": "ParamArmL5", "Segments": [0, 8, 0, 2.05, 8]}, {"Target": "Parameter", "Id": "ParamArmL6", "Segments": [0, 1, 0, 2.05, 1]}, {"Target": "Parameter", "Id": "ParamArmL7", "Segments": [0, -4, 0, 2.05, -4]}, {"Target": "Parameter", "Id": "ParamHandLA", "Segments": [0, 0, 0, 2.05, 0]}, {"Target": "Parameter", "Id": "ParamHandLB", "Segments": [0, 0, 0, 2.05, 0]}, {"Target": "Parameter", "Id": "ParamHandLC", "Segments": [0, 0, 0, 2.05, 0]}, {"Target": "Parameter", "Id": "ParamHandLE", "Segments": [0, 0, 0, 2.05, 0]}, {"Target": "Parameter", "Id": "ParamHandLF", "Segments": [0, 0, 0, 2.05, 0]}, {"Target": "Parameter", "Id": "ParamHandLG", "Segments": [0, 0, 0, 2.05, 0]}, {"Target": "Parameter", "Id": "ParamHandLH", "Segments": [0, 0, 0, 2.05, 0]}, {"Target": "Parameter", "Id": "ParamHandLI", "Segments": [0, 0, 0, 2.05, 0]}, {"Target": "Parameter", "Id": "ParamHandLK", "Segments": [0, 0, 0, 2.05, 0]}], "UserData": [{"Time": 0.183, "Value": "eyeblink,0.2,0.79,0.24"}]}