{
  "Version": 3,
  "Meta": {
    "Duration": 5.733,
    "Fps": 30.0,
    "Loop": true,
    "AreBeziersRestricted": true,
    "CurveCount": 76,
    "TotalSegmentCount": 611,
    "TotalPointCount": 1195,
    "UserDataCount": 2,
    "TotalUserDataSize": 18
  },
  "Curves": [
    {
      "Target": "Parameter",
      "Id": "ParamCatx",
      "Segments": [
        0,
        0,
        0,
        0.433,
        -1,
        1,
        0.889,
        -1,
        1.344,
        1.151,
        1.8,
        3,
        1,
        1.956,
        3.631,
        2.111,
        3.336,
        2.267,
        4,
        1,
        2.578,
        5.329,
        2.889,
        8,
        3.2,
        8,
        1,
        3.5,
        8,
        3.8,
        2.918,
        4.1,
        -1,
        1,
        4.378,
        -4.628,
        4.655,
        -5,
        4.933,
        -5,
        0,
        5.733,
        0
      ]
    },
    {
      "Target": "Parameter",
      "Id": "ParamCaty",
      "Segments": [
        0,
        0,
        0,
        0.433,
        10,
        0,
        1.8,
        -8,
        0,
        2.267,
        21,
        0,
        3.2,
        -11,
        0,
        4.1,
        11,
        0,
        4.933,
        -20,
        1,
        5.2,
        -20,
        5.466,
        -6.286,
        5.733,
        0
      ]
    },
    {
      "Target": "Parameter",
      "Id": "ParamCatro",
      "Segments": [
        0,
        0,
        0,
        0.533,
        -9,
        2,
        2,
        -9,
        0,
        2.367,
        20,
        1,
        2.645,
        20,
        2.922,
        20.513,
        3.2,
        18,
        1,
        3.533,
        14.984,
        3.867,
        -5,
        4.2,
        -5,
        0,
        4.967,
        10,
        0,
        5.733,
        0
      ]
    },
    {
      "Target": "Parameter",
      "Id": "ParamCatshiba1",
      "Segments": [
        0,
        0,
        0,
        0.3,
        1,
        0,
        0.633,
        -18,
        1,
        0.744,
        -18,
        0.856,
        -9.714,
        0.967,
        1,
        1,
        1.078,
        11.714,
        1.189,
        15,
        1.3,
        15,
        1,
        1.433,
        15,
        1.567,
        9.321,
        1.7,
        -1,
        1,
        1.833,
        -11.321,
        1.967,
        -16,
        2.1,
        -16,
        1,
        2.233,
        -16,
        2.367,
        -13.08,
        2.5,
        0,
        1,
        2.556,
        5.45,
        2.611,
        21,
        2.667,
        21,
        1,
        2.811,
        21,
        2.956,
        15.954,
        3.1,
        1,
        1,
        3.2,
        -9.353,
        3.3,
        -18,
        3.4,
        -18,
        1,
        3.489,
        -18,
        3.578,
        -11.62,
        3.667,
        -1,
        1,
        3.756,
        9.62,
        3.844,
        14,
        3.933,
        14,
        1,
        4.033,
        14,
        4.133,
        10.841,
        4.233,
        -1,
        1,
        4.333,
        -12.841,
        4.433,
        -23,
        4.533,
        -23,
        1,
        4.622,
        -23,
        4.711,
        -13.121,
        4.8,
        1,
        1,
        4.889,
        15.121,
        4.978,
        20,
        5.067,
        20,
        0,
        5.367,
        -1,
        0,
        5.733,
        0
      ]
    },
    {
      "Target": "Parameter",
      "Id": "ParamCatshiba2",
      "Segments": [
        0,
        0,
        0,
        0.3,
        15,
        1,
        0.411,
        15,
        0.522,
        8.223,
        0.633,
        -2,
        1,
        0.744,
        -12.223,
        0.856,
        -16,
        0.967,
        -16,
        1,
        1.078,
        -16,
        1.189,
        -14.125,
        1.3,
        -5,
        1,
        1.433,
        5.95,
        1.567,
        16,
        1.7,
        16,
        1,
        1.833,
        16,
        1.967,
        10.53,
        2.1,
        -4,
        1,
        2.233,
        -18.53,
        2.367,
        -28,
        2.5,
        -28,
        1,
        2.556,
        -28,
        2.611,
        -15.171,
        2.667,
        -8,
        1,
        2.811,
        10.645,
        2.956,
        16,
        3.1,
        16,
        1,
        3.2,
        16,
        3.3,
        12.018,
        3.4,
        -1,
        1,
        3.489,
        -12.572,
        3.578,
        -22,
        3.667,
        -22,
        1,
        3.756,
        -22,
        3.844,
        -13.359,
        3.933,
        -2,
        1,
        4.033,
        10.779,
        4.133,
        15,
        4.233,
        15,
        1,
        4.333,
        15,
        4.433,
        7.254,
        4.533,
        -5,
        1,
        4.622,
        -15.893,
        4.711,
        -20,
        4.8,
        -20,
        1,
        4.889,
        -20,
        4.978,
        -16.498,
        5.067,
        -6,
        1,
        5.167,
        5.811,
        5.267,
        14,
        5.367,
        14,
        1,
        5.489,
        14,
        5.611,
        0.408,
        5.733,
        0
      ]
    },
    {
      "Target": "Parameter",
      "Id": "ParamCathead",
      "Segments": [
        0,
        0,
        0,
        0.4,
        -19,
        0,
        1.333,
        30,
        0,
        2.033,
        -20,
        0,
        2.4,
        30,
        0,
        3.167,
        -9,
        1,
        3.545,
        -9,
        3.922,
        -9.06,
        4.3,
        -8.563,
        1,
        4.578,
        -8.198,
        4.855,
        12.498,
        5.133,
        12.498,
        0,
        5.733,
        0
      ]
    },
    {
      "Target": "Parameter",
      "Id": "ParamCateye",
      "Segments": [
        0,
        1,
        2,
        1.867,
        1,
        0,
        2.133,
        0,
        0,
        2.367,
        1,
        2,
        5.733,
        1
      ]
    },
    {
      "Target": "Parameter",
      "Id": "ParamCatlarm",
      "Segments": [
        0,
        0,
        0,
        1.067,
        -12,
        0,
        1.967,
        10,
        0,
        2.233,
        -19,
        0,
        2.9,
        6,
        0,
        4.1,
        -21,
        0,
        5.733,
        0
      ]
    },
    {
      "Target": "Parameter",
      "Id": "ParamCatlforearm",
      "Segments": [
        0,
        0,
        0,
        1.033,
        -4,
        0,
        1.967,
        25,
        0,
        2.233,
        12,
        0,
        2.967,
        21,
        0,
        4.233,
        -8,
        0,
        5.733,
        0
      ]
    },
    {
      "Target": "Parameter",
      "Id": "ParamCatlhand",
      "Segments": [
        0,
        0,
        0,
        1.1,
        -6,
        0,
        2.033,
        6,
        0,
        2.3,
        -22,
        0,
        2.9,
        7,
        0,
        4.333,
        -19,
        0,
        5.733,
        0
      ]
    },
    {
      "Target": "Parameter",
      "Id": "ParamCatrarm",
      "Segments": [
        0,
        0,
        0,
        1.1,
        -5,
        0,
        2.067,
        19,
        0,
        2.367,
        -20,
        0,
        3.033,
        13,
        0,
        4.167,
        -12,
        0,
        5.733,
        0
      ]
    },
    {
      "Target": "Parameter",
      "Id": "ParamCatrforearm",
      "Segments": [
        0,
        0,
        0,
        1.1,
        -7,
        0,
        2.067,
        15,
        0,
        2.367,
        -12,
        0,
        3.133,
        12,
        0,
        4.233,
        -15,
        0,
        5.733,
        0
      ]
    },
    {
      "Target": "Parameter",
      "Id": "ParamCatrhand",
      "Segments": [
        0,
        0,
        0,
        1.033,
        -10,
        0,
        2,
        16,
        0,
        2.3,
        -24,
        0,
        3.133,
        14,
        0,
        4.333,
        -21,
        0,
        4.967,
        15,
        1,
        5.222,
        15,
        5.478,
        4.205,
        5.733,
        0
      ]
    },
    {
      "Target": "Parameter",
      "Id": "ParamCatlleg",
      "Segments": [
        0,
        0,
        0,
        1.967,
        -28,
        0,
        2.4,
        28,
        0,
        3.033,
        -7,
        0,
        4.233,
        11,
        1,
        4.733,
        11,
        5.233,
        6.577,
        5.733,
        0
      ]
    },
    {
      "Target": "Parameter",
      "Id": "ParamCatlforeleg",
      "Segments": [
        0,
        0,
        0,
        2.033,
        -14,
        0,
        2.4,
        25,
        0,
        3.067,
        -8,
        0,
        4.333,
        14,
        1,
        4.8,
        14,
        5.266,
        4.998,
        5.733,
        0
      ]
    },
    {
      "Target": "Parameter",
      "Id": "ParamCatrleg",
      "Segments": [
        0,
        0,
        0,
        1.967,
        -29,
        0,
        2.4,
        16,
        0,
        3.067,
        -12,
        0,
        4.033,
        6,
        1,
        4.6,
        6,
        5.166,
        4.837,
        5.733,
        0
      ]
    },
    {
      "Target": "Parameter",
      "Id": "ParamCatrforeleg",
      "Segments": [
        0,
        0,
        0,
        2.067,
        -11,
        0,
        2.5,
        19,
        0,
        3.133,
        -6,
        0,
        4.033,
        12,
        1,
        4.6,
        12,
        5.166,
        6.705,
        5.733,
        0
      ]
    },
    {
      "Target": "Parameter",
      "Id": "ParamCloth1",
      "Segments": [
        0,
        0,
        0,
        0.233,
        1,
        0,
        0.467,
        -18,
        1,
        0.556,
        -18,
        0.644,
        -12.323,
        0.733,
        0,
        1,
        0.822,
        12.323,
        0.911,
        19,
        1,
        19,
        1,
        1.089,
        19,
        1.178,
        14.187,
        1.267,
        1,
        1,
        1.356,
        -12.187,
        1.444,
        -21,
        1.533,
        -21,
        1,
        1.6,
        -21,
        1.666,
        -13.843,
        1.733,
        -1,
        1,
        1.822,
        16.124,
        1.911,
        24,
        2,
        24,
        1,
        2.089,
        24,
        2.178,
        16.97,
        2.267,
        1,
        1,
        2.356,
        -14.97,
        2.444,
        -24,
        2.533,
        -24,
        1,
        2.622,
        -24,
        2.711,
        -16.333,
        2.8,
        -1,
        1,
        2.889,
        14.333,
        2.978,
        22,
        3.067,
        22,
        1,
        3.156,
        22,
        3.244,
        13.634,
        3.333,
        -1,
        1,
        3.422,
        -15.634,
        3.511,
        -22,
        3.6,
        -22,
        1,
        3.711,
        -22,
        3.822,
        -17.937,
        3.933,
        -1,
        1,
        4.011,
        10.856,
        4.089,
        25,
        4.167,
        25,
        1,
        4.289,
        25,
        4.411,
        16.036,
        4.533,
        0,
        1,
        4.644,
        -14.578,
        4.756,
        -21,
        4.867,
        -21,
        1,
        4.956,
        -21,
        5.044,
        -12.084,
        5.133,
        0,
        1,
        5.222,
        12.084,
        5.311,
        16,
        5.4,
        16,
        1,
        5.511,
        16,
        5.622,
        12.483,
        5.733,
        0
      ]
    },
    {
      "Target": "Parameter",
      "Id": "ParamCloth2",
      "Segments": [
        0,
        0,
        0,
        0.233,
        22,
        1,
        0.311,
        22,
        0.389,
        13.623,
        0.467,
        0,
        1,
        0.556,
        -15.569,
        0.644,
        -22,
        0.733,
        -22,
        1,
        0.822,
        -22,
        0.911,
        -15.634,
        1,
        -1,
        1,
        1.089,
        13.634,
        1.178,
        22,
        1.267,
        22,
        1,
        1.356,
        22,
        1.444,
        14.368,
        1.533,
        -2,
        1,
        1.6,
        -14.276,
        1.666,
        -21,
        1.733,
        -21,
        1,
        1.822,
        -21,
        1.911,
        -16.764,
        2,
        -4,
        1,
        2.089,
        8.764,
        2.178,
        18,
        2.267,
        18,
        1,
        2.356,
        18,
        2.444,
        7.049,
        2.533,
        -8,
        1,
        2.622,
        -23.049,
        2.711,
        -28,
        2.8,
        -28,
        1,
        2.889,
        -28,
        2.978,
        -19.634,
        3.067,
        -5,
        1,
        3.156,
        9.634,
        3.244,
        16,
        3.333,
        16,
        1,
        3.422,
        16,
        3.511,
        5.696,
        3.6,
        -5,
        1,
        3.711,
        -18.37,
        3.822,
        -22,
        3.933,
        -22,
        1,
        4.011,
        -22,
        4.089,
        -11.834,
        4.167,
        -2,
        1,
        4.289,
        13.454,
        4.411,
        18,
        4.533,
        18,
        1,
        4.644,
        18,
        4.756,
        12.883,
        4.867,
        -1,
        1,
        4.956,
        -12.107,
        5.044,
        -20,
        5.133,
        -20,
        1,
        5.222,
        -20,
        5.311,
        -13.309,
        5.4,
        -8,
        1,
        5.511,
        -1.363,
        5.622,
        0,
        5.733,
        0
      ]
    },
    {
      "Target": "Parameter",
      "Id": "ParamHairFront",
      "Segments": [
        0,
        0,
        2,
        0.267,
        0,
        0,
        0.633,
        -0.7,
        1,
        0.733,
        -0.7,
        0.833,
        -0.492,
        0.933,
        0,
        1,
        1.022,
        0.438,
        1.111,
        0.7,
        1.2,
        0.7,
        1,
        1.3,
        0.7,
        1.4,
        0.467,
        1.5,
        0,
        1,
        1.6,
        -0.467,
        1.7,
        -0.7,
        1.8,
        -0.7,
        1,
        1.878,
        -0.7,
        1.955,
        -0.467,
        2.033,
        0,
        1,
        2.1,
        0.4,
        2.166,
        0.6,
        2.233,
        0.6,
        1,
        2.289,
        0.6,
        2.344,
        0.4,
        2.4,
        0,
        1,
        2.456,
        -0.4,
        2.511,
        -0.6,
        2.567,
        -0.6,
        1,
        2.634,
        -0.6,
        2.7,
        -0.461,
        2.767,
        0,
        1,
        2.811,
        0.307,
        2.856,
        0.6,
        2.9,
        0.6,
        1,
        2.978,
        0.6,
        3.055,
        0.345,
        3.133,
        0,
        1,
        3.233,
        -0.443,
        3.333,
        -0.6,
        3.433,
        -0.6,
        1,
        3.555,
        -0.6,
        3.678,
        -0.403,
        3.8,
        0,
        1,
        3.9,
        0.33,
        4,
        0.5,
        4.1,
        0.5,
        1,
        4.233,
        0.5,
        4.367,
        0.408,
        4.5,
        0,
        1,
        4.611,
        -0.34,
        4.722,
        -0.7,
        4.833,
        -0.7,
        0,
        5.167,
        0,
        2,
        5.733,
        0
      ]
    },
    {
      "Target": "Parameter",
      "Id": "ParamFore2",
      "Segments": [
        0,
        0,
        0,
        0.267,
        22,
        1,
        0.389,
        22,
        0.511,
        10.321,
        0.633,
        -5,
        1,
        0.733,
        -17.536,
        0.833,
        -21,
        0.933,
        -21,
        1,
        1.022,
        -21,
        1.111,
        -14.548,
        1.2,
        -2,
        1,
        1.3,
        12.116,
        1.4,
        19,
        1.5,
        19,
        1,
        1.6,
        19,
        1.7,
        11.375,
        1.8,
        -4,
        1,
        1.878,
        -15.958,
        1.955,
        -22,
        2.033,
        -22,
        1,
        2.1,
        -22,
        2.166,
        -16.417,
        2.233,
        -2,
        1,
        2.289,
        10.014,
        2.344,
        18,
        2.4,
        18,
        1,
        2.456,
        18,
        2.511,
        10.702,
        2.567,
        -2,
        1,
        2.634,
        -17.242,
        2.7,
        -24,
        2.767,
        -24,
        1,
        2.811,
        -24,
        2.856,
        -12.983,
        2.9,
        -4,
        1,
        2.978,
        11.72,
        3.055,
        16,
        3.133,
        16,
        1,
        3.233,
        16,
        3.333,
        2.861,
        3.433,
        -8,
        1,
        3.555,
        -21.275,
        3.678,
        -24,
        3.8,
        -24,
        1,
        3.9,
        -24,
        4,
        -8.923,
        4.1,
        -1,
        1,
        4.233,
        9.565,
        4.367,
        11,
        4.5,
        11,
        1,
        4.611,
        11,
        4.722,
        4.949,
        4.833,
        -5,
        1,
        4.944,
        -14.949,
        5.056,
        -19,
        5.167,
        -19,
        0,
        5.733,
        0
      ]
    },
    {
      "Target": "Parameter",
      "Id": "ParamHairSide",
      "Segments": [
        0,
        0,
        2,
        0.333,
        0,
        0,
        0.633,
        -0.7,
        1,
        0.733,
        -0.7,
        0.833,
        -0.492,
        0.933,
        0,
        1,
        1.022,
        0.438,
        1.111,
        0.7,
        1.2,
        0.7,
        1,
        1.3,
        0.7,
        1.4,
        0.431,
        1.5,
        0,
        1,
        1.6,
        -0.431,
        1.7,
        -0.6,
        1.8,
        -0.6,
        1,
        1.889,
        -0.6,
        1.978,
        -0.508,
        2.067,
        -0.1,
        1,
        2.122,
        0.155,
        2.178,
        0.5,
        2.233,
        0.5,
        1,
        2.278,
        0.5,
        2.322,
        0.326,
        2.367,
        0,
        1,
        2.422,
        -0.407,
        2.478,
        -0.6,
        2.533,
        -0.6,
        1,
        2.578,
        -0.6,
        2.622,
        -0.307,
        2.667,
        0,
        1,
        2.734,
        0.461,
        2.8,
        0.6,
        2.867,
        0.6,
        1,
        2.967,
        0.6,
        3.067,
        0.422,
        3.167,
        0,
        1,
        3.256,
        -0.375,
        3.344,
        -0.6,
        3.433,
        -0.6,
        1,
        3.511,
        -0.6,
        3.589,
        -0.222,
        3.667,
        0,
        1,
        3.811,
        0.413,
        3.956,
        0.5,
        4.1,
        0.5,
        1,
        4.211,
        0.5,
        4.322,
        0.261,
        4.433,
        -0.1,
        1,
        4.566,
        -0.533,
        4.7,
        -0.7,
        4.833,
        -0.7,
        0,
        5.267,
        0,
        2,
        5.733,
        0
      ]
    },
    {
      "Target": "Parameter",
      "Id": "ParamSide2",
      "Segments": [
        0,
        0,
        0,
        0.333,
        20,
        1,
        0.433,
        20,
        0.533,
        9.684,
        0.633,
        -4,
        1,
        0.733,
        -17.684,
        0.833,
        -22,
        0.933,
        -22,
        1,
        1.022,
        -22,
        1.111,
        -14.501,
        1.2,
        -2,
        1,
        1.3,
        12.064,
        1.4,
        18,
        1.5,
        18,
        1,
        1.6,
        18,
        1.7,
        11.052,
        1.8,
        -2,
        1,
        1.889,
        -13.601,
        1.978,
        -19,
        2.067,
        -19,
        1,
        2.122,
        -19,
        2.178,
        -16.616,
        2.233,
        -4,
        1,
        2.278,
        6.093,
        2.322,
        19,
        2.367,
        19,
        1,
        2.422,
        19,
        2.478,
        14.654,
        2.533,
        0,
        1,
        2.578,
        -11.723,
        2.622,
        -22,
        2.667,
        -22,
        1,
        2.734,
        -22,
        2.8,
        -13.196,
        2.867,
        -4,
        1,
        2.967,
        9.793,
        3.067,
        14,
        3.167,
        14,
        1,
        3.256,
        14,
        3.344,
        5.924,
        3.433,
        -6,
        1,
        3.511,
        -16.433,
        3.589,
        -20,
        3.667,
        -20,
        1,
        3.811,
        -20,
        3.956,
        -13.239,
        4.1,
        -2,
        1,
        4.211,
        6.645,
        4.322,
        10,
        4.433,
        10,
        1,
        4.566,
        10,
        4.7,
        8.618,
        4.833,
        1,
        1,
        4.978,
        -7.253,
        5.122,
        -16,
        5.267,
        -16,
        0,
        5.733,
        0
      ]
    },
    {
      "Target": "Parameter",
      "Id": "ParamHairBack",
      "Segments": [
        0,
        0,
        2,
        0.367,
        0,
        0,
        0.633,
        -0.7,
        1,
        0.733,
        -0.7,
        0.833,
        -0.492,
        0.933,
        0,
        1,
        1.022,
        0.438,
        1.111,
        0.7,
        1.2,
        0.7,
        1,
        1.3,
        0.7,
        1.4,
        0.31,
        1.5,
        -0.1,
        1,
        1.6,
        -0.51,
        1.7,
        -0.6,
        1.8,
        -0.6,
        1,
        1.911,
        -0.6,
        2.022,
        -0.479,
        2.133,
        0,
        1,
        2.211,
        0.335,
        2.289,
        0.7,
        2.367,
        0.7,
        1,
        2.434,
        0.7,
        2.5,
        0.391,
        2.567,
        0,
        1,
        2.645,
        -0.456,
        2.722,
        -0.6,
        2.8,
        -0.6,
        1,
        2.844,
        -0.6,
        2.889,
        -0.4,
        2.933,
        0,
        1,
        2.978,
        0.4,
        3.022,
        0.6,
        3.067,
        0.6,
        1,
        3.156,
        0.6,
        3.244,
        0.375,
        3.333,
        0,
        1,
        3.433,
        -0.422,
        3.533,
        -0.6,
        3.633,
        -0.6,
        1,
        3.755,
        -0.6,
        3.878,
        -0.466,
        4,
        0,
        1,
        4.078,
        0.296,
        4.155,
        0.6,
        4.233,
        0.6,
        1,
        4.322,
        0.6,
        4.411,
        0.385,
        4.5,
        0,
        1,
        4.611,
        -0.481,
        4.722,
        -0.7,
        4.833,
        -0.7,
        0,
        5.4,
        0,
        2,
        5.733,
        0
      ]
    },
    {
      "Target": "Parameter",
      "Id": "ParamBack2",
      "Segments": [
        0,
        0,
        0,
        0.367,
        18,
        1,
        0.456,
        18,
        0.544,
        14.767,
        0.633,
        1,
        1,
        0.733,
        -14.488,
        0.833,
        -28,
        0.933,
        -28,
        1,
        1.022,
        -28,
        1.111,
        -15.514,
        1.2,
        -1,
        1,
        1.3,
        15.329,
        1.4,
        20,
        1.5,
        20,
        1,
        1.6,
        20,
        1.7,
        7.416,
        1.8,
        -5,
        1,
        1.911,
        -18.796,
        2.022,
        -22,
        2.133,
        -22,
        1,
        2.211,
        -22,
        2.289,
        -16.556,
        2.367,
        -2,
        1,
        2.434,
        10.476,
        2.5,
        19,
        2.567,
        19,
        1,
        2.645,
        19,
        2.722,
        14.72,
        2.8,
        -1,
        1,
        2.844,
        -9.983,
        2.889,
        -21,
        2.933,
        -21,
        1,
        2.978,
        -21,
        3.022,
        -13.76,
        3.067,
        -6,
        1,
        3.156,
        9.521,
        3.244,
        15,
        3.333,
        15,
        1,
        3.433,
        15,
        3.533,
        -0.28,
        3.633,
        -9,
        1,
        3.755,
        -19.657,
        3.878,
        -21,
        4,
        -21,
        1,
        4.078,
        -21,
        4.155,
        -10.414,
        4.233,
        -1,
        1,
        4.322,
        9.759,
        4.411,
        12,
        4.5,
        12,
        1,
        4.611,
        12,
        4.722,
        -1.982,
        4.833,
        -8,
        1,
        5.022,
        -18.231,
        5.211,
        -20,
        5.4,
        -20,
        1,
        5.511,
        -20,
        5.622,
        -0.844,
        5.733,
        0
      ]
    },
    {
      "Target": "Parameter",
      "Id": "ParamWX",
      "Segments": [
        0,
        0,
        0,
        0.867,
        -11,
        0,
        1.9,
        23,
        0,
        2.333,
        -30,
        0,
        3.533,
        18,
        0,
        4.767,
        -11,
        0,
        5.733,
        0
      ]
    },
    {
      "Target": "Parameter",
      "Id": "ParamWy",
      "Segments": [
        0,
        0,
        0,
        0.867,
        4,
        0,
        1.9,
        0,
        0,
        2.333,
        20,
        0,
        3.633,
        0,
        0,
        4.367,
        30,
        0,
        5.733,
        0
      ]
    },
    {
      "Target": "Parameter",
      "Id": "ParamWZ",
      "Segments": [
        0,
        0,
        2,
        1.9,
        0,
        0,
        2.367,
        14,
        0,
        3.167,
        -20,
        0,
        5.733,
        0
      ]
    },
    {
      "Target": "Parameter",
      "Id": "ParamBodyAngleX",
      "Segments": [
        0,
        0,
        0,
        0.933,
        10,
        0,
        1.767,
        -10,
        0,
        2.367,
        9,
        0,
        3.3,
        -3,
        0,
        4.333,
        5,
        0,
        5.1,
        -5,
        1,
        5.311,
        -5,
        5.522,
        -2.586,
        5.733,
        0
      ]
    },
    {
      "Target": "Parameter",
      "Id": "ParamBodyAngleZ",
      "Segments": [
        0,
        0,
        0,
        0.9,
        2,
        0,
        1.933,
        -10,
        0,
        2.367,
        8,
        1,
        2.7,
        8,
        3.034,
        1.39,
        3.367,
        1,
        1,
        4.156,
        0.077,
        4.944,
        0,
        5.733,
        0
      ]
    },
    {
      "Target": "Parameter",
      "Id": "ParamLarm",
      "Segments": [
        0,
        0,
        2,
        0.967,
        0,
        1,
        1.234,
        0,
        1.5,
        -6.99,
        1.767,
        -8,
        1,
        2.067,
        -9.137,
        2.367,
        -9,
        2.667,
        -9,
        0,
        3.4,
        5,
        0,
        3.967,
        -13,
        1,
        4.178,
        -13,
        4.389,
        -11.097,
        4.6,
        -8,
        1,
        4.978,
        -2.457,
        5.355,
        0,
        5.733,
        0
      ]
    },
    {
      "Target": "Parameter",
      "Id": "ParamLforearm",
      "Segments": [
        0,
        0,
        0,
        0.967,
        8,
        0,
        1.767,
        -26,
        0,
        2.333,
        9,
        1,
        2.478,
        9,
        2.622,
        9.804,
        2.767,
        8,
        1,
        3.122,
        3.559,
        3.478,
        -24,
        3.833,
        -24,
        0,
        4.333,
        30,
        0,
        5.233,
        -14,
        1,
        5.4,
        -14,
        5.566,
        -0.812,
        5.733,
        0
      ]
    },
    {
      "Target": "Parameter",
      "Id": "ParamLhand",
      "Segments": [
        0,
        0,
        0,
        1.033,
        15,
        0,
        1.767,
        3,
        0,
        2.4,
        22,
        0,
        3.2,
        -28,
        0,
        4.033,
        2,
        0,
        4.667,
        -27,
        1,
        5.022,
        -27,
        5.378,
        -5.958,
        5.733,
        0
      ]
    },
    {
      "Target": "Parameter",
      "Id": "ParamLhandchange",
      "Segments": [
        0,
        0,
        2,
        2.067,
        0,
        0,
        2.233,
        1,
        2,
        4.9,
        1,
        0,
        5.133,
        0,
        2,
        5.733,
        0
      ]
    },
    {
      "Target": "Parameter",
      "Id": "ParamRarm",
      "Segments": [
        0,
        0,
        0,
        0.9,
        -4,
        0,
        1.7,
        21,
        0,
        2.8,
        -5,
        0,
        3.4,
        30,
        0,
        4.367,
        -1,
        0,
        4.867,
        12,
        0,
        5.733,
        0
      ]
    },
    {
      "Target": "Parameter",
      "Id": "ParamRforearm",
      "Segments": [
        0,
        0,
        1,
        0.333,
        0,
        0.667,
        -27.458,
        1,
        -29,
        1,
        1.289,
        -30.336,
        1.578,
        -30,
        1.867,
        -30,
        0,
        2.333,
        -6,
        2,
        2.8,
        -6,
        1,
        3,
        -6,
        3.2,
        16.32,
        3.4,
        17,
        1,
        3.711,
        18.058,
        4.022,
        18,
        4.333,
        18,
        0,
        4.833,
        -30,
        1,
        5.133,
        -30,
        5.433,
        -9.354,
        5.733,
        0
      ]
    },
    {
      "Target": "Parameter",
      "Id": "ParamRforearm2",
      "Segments": [
        0,
        0,
        0,
        1,
        -26,
        0,
        1.867,
        30,
        0,
        2.333,
        -25,
        1,
        2.489,
        -25,
        2.644,
        -17.393,
        2.8,
        -10,
        1,
        3,
        -0.495,
        3.2,
        2,
        3.4,
        2,
        0,
        4.3,
        -30,
        1,
        4.778,
        -30,
        5.255,
        -6.13,
        5.733,
        0
      ]
    },
    {
      "Target": "Parameter",
      "Id": "ParamRhand",
      "Segments": [
        0,
        0,
        0,
        1.867,
        -1,
        0,
        2.333,
        9,
        0,
        4.3,
        -18,
        1,
        4.778,
        -18,
        5.255,
        -6.195,
        5.733,
        0
      ]
    },
    {
      "Target": "Parameter",
      "Id": "ParamRhandy",
      "Segments": [
        0,
        0,
        0,
        1.033,
        26,
        0,
        1.867,
        -30,
        0,
        2.333,
        30,
        0,
        3,
        1,
        0,
        4.3,
        30,
        0,
        4.867,
        -30,
        0,
        5.733,
        0
      ]
    },
    {
      "Target": "Parameter",
      "Id": "ParamRhandchange",
      "Segments": [
        0,
        0,
        2,
        1.9,
        0,
        0,
        2.233,
        1,
        2,
        3,
        1,
        0,
        3.267,
        0,
        2,
        3.733,
        0,
        0,
        4.033,
        1,
        2,
        4.9,
        1,
        0,
        5.133,
        0,
        2,
        5.733,
        0
      ]
    },
    {
      "Target": "Parameter",
      "Id": "ParamLleg",
      "Segments": [
        0,
        0,
        0,
        0.733,
        7,
        0,
        1.867,
        -13,
        0,
        2.333,
        25,
        0,
        3.3,
        -19,
        0,
        4.533,
        16,
        1,
        4.933,
        16,
        5.333,
        9.763,
        5.733,
        0
      ]
    },
    {
      "Target": "Parameter",
      "Id": "ParamLforeleg",
      "Segments": [
        0,
        0,
        2,
        0.8,
        0,
        0,
        1.7,
        30,
        0,
        2.4,
        -30,
        0,
        3.5,
        -2,
        0,
        4.6,
        -6,
        0,
        5.733,
        0
      ]
    },
    {
      "Target": "Parameter",
      "Id": "ParamLfoot",
      "Segments": [
        0,
        0,
        0,
        1.733,
        30,
        0,
        2.567,
        -30,
        0,
        3.6,
        27,
        0,
        4.667,
        -9,
        0,
        5.733,
        0
      ]
    },
    {
      "Target": "Parameter",
      "Id": "ParamRleg",
      "Segments": [
        0,
        0,
        0,
        0.733,
        4,
        0,
        1.867,
        -30,
        0,
        2.333,
        11,
        0,
        3.467,
        -6,
        0,
        5.733,
        0
      ]
    },
    {
      "Target": "Parameter",
      "Id": "ParamRforeleg",
      "Segments": [
        0,
        0,
        1,
        0.267,
        0,
        0.533,
        -0.46,
        0.8,
        1,
        1,
        1.178,
        3.068,
        1.555,
        30,
        1.933,
        30,
        1,
        2.089,
        30,
        2.244,
        20.412,
        2.4,
        14,
        1,
        2.789,
        -2.029,
        3.178,
        -7,
        3.567,
        -7,
        0,
        4.633,
        12,
        1,
        5,
        12,
        5.366,
        3.423,
        5.733,
        0
      ]
    },
    {
      "Target": "Parameter",
      "Id": "ParamRfoot",
      "Segments": [
        0,
        0,
        0,
        1.1,
        -30,
        0,
        2.1,
        -1,
        0,
        2.567,
        -30,
        0,
        3.667,
        8,
        0,
        4.733,
        -16,
        0,
        5.733,
        0
      ]
    },
    {
      "Target": "Parameter",
      "Id": "ParamTail1",
      "Segments": [
        0,
        0,
        1,
        0.133,
        0,
        0.267,
        0.413,
        0.4,
        -1,
        1,
        0.6,
        -3.12,
        0.8,
        -21,
        1,
        -21,
        1,
        1.178,
        -21,
        1.355,
        -17.067,
        1.533,
        0,
        1,
        1.666,
        12.8,
        1.8,
        28,
        1.933,
        28,
        1,
        2.022,
        28,
        2.111,
        8.328,
        2.2,
        -1,
        1,
        2.367,
        -18.49,
        2.533,
        -22,
        2.7,
        -22,
        1,
        2.889,
        -22,
        3.078,
        -15.992,
        3.267,
        -1,
        1,
        3.411,
        10.464,
        3.556,
        18,
        3.7,
        18,
        1,
        3.833,
        18,
        3.967,
        10.103,
        4.1,
        -1,
        1,
        4.267,
        -14.878,
        4.433,
        -20,
        4.6,
        -20,
        1,
        4.733,
        -20,
        4.867,
        -12.035,
        5,
        0,
        1,
        5.122,
        11.033,
        5.245,
        15,
        5.367,
        15,
        1,
        5.489,
        15,
        5.611,
        10.375,
        5.733,
        0
      ]
    },
    {
      "Target": "Parameter",
      "Id": "ParamTail2",
      "Segments": [
        0,
        0,
        0,
        0.4,
        18,
        1,
        0.6,
        18,
        0.8,
        12.927,
        1,
        -1,
        1,
        1.178,
        -13.379,
        1.355,
        -22,
        1.533,
        -22,
        1,
        1.666,
        -22,
        1.8,
        -14.798,
        1.933,
        0,
        1,
        2.022,
        9.865,
        2.111,
        15,
        2.2,
        15,
        1,
        2.367,
        15,
        2.533,
        8.923,
        2.7,
        -2,
        1,
        2.889,
        -14.379,
        3.078,
        -20,
        3.267,
        -20,
        1,
        3.411,
        -20,
        3.556,
        -12.705,
        3.7,
        -1,
        1,
        3.833,
        9.804,
        3.967,
        14,
        4.1,
        14,
        1,
        4.267,
        14,
        4.433,
        7.199,
        4.6,
        -5,
        1,
        4.733,
        -14.759,
        4.867,
        -19,
        5,
        -19,
        1,
        5.122,
        -19,
        5.245,
        -4.229,
        5.367,
        -2,
        1,
        5.489,
        0.229,
        5.611,
        0,
        5.733,
        0
      ]
    },
    {
      "Target": "Parameter",
      "Id": "ParamEyeLOpen",
      "Segments": [
        0,
        1,
        2,
        1.067,
        1,
        0,
        1.4,
        0,
        2,
        1.9,
        0,
        0,
        2.167,
        1,
        2,
        2.867,
        1,
        0,
        3.167,
        0,
        2,
        4.7,
        0,
        0,
        5.2,
        1,
        2,
        5.733,
        1
      ]
    },
    {
      "Target": "Parameter",
      "Id": "ParamEyeLSmile",
      "Segments": [
        0,
        0,
        0,
        0.533,
        1,
        2,
        1.4,
        1,
        2,
        1.9,
        1,
        2,
        3.167,
        1,
        2,
        5.033,
        1,
        0,
        5.733,
        0
      ]
    },
    {
      "Target": "Parameter",
      "Id": "ParamEyeROpen",
      "Segments": [
        0,
        1,
        2,
        1.067,
        1,
        0,
        1.4,
        0,
        2,
        1.9,
        0,
        0,
        2.167,
        1,
        2,
        2.867,
        1,
        0,
        3.167,
        0,
        2,
        4.7,
        0,
        0,
        5.2,
        1,
        2,
        5.733,
        1
      ]
    },
    {
      "Target": "Parameter",
      "Id": "ParamEyeBallX",
      "Segments": [
        0,
        0,
        0,
        0.5,
        0.1,
        2,
        1.4,
        0.1,
        0,
        1.9,
        0.2,
        2,
        2.2,
        0.2,
        0,
        3.167,
        0.5,
        0,
        3.733,
        -0.4,
        0,
        4.3,
        0.3,
        0,
        5.067,
        -0.3,
        1,
        5.289,
        -0.3,
        5.511,
        -0.09,
        5.733,
        0
      ]
    },
    {
      "Target": "Parameter",
      "Id": "ParamEyeBallY",
      "Segments": [
        0,
        0,
        0,
        0.5,
        0.6,
        0,
        1.4,
        -1,
        2,
        1.9,
        -1,
        0,
        2.2,
        0.3,
        0,
        3.167,
        0.1,
        1,
        3.356,
        0.1,
        3.544,
        0.133,
        3.733,
        0.2,
        1,
        3.922,
        0.267,
        4.111,
        0.3,
        4.3,
        0.3,
        1,
        4.556,
        0.3,
        4.811,
        0.29,
        5.067,
        0.2,
        1,
        5.289,
        0.121,
        5.511,
        0,
        5.733,
        0
      ]
    },
    {
      "Target": "Parameter",
      "Id": "ParamBrowLY",
      "Segments": [
        0,
        0,
        2,
        1.8,
        0,
        0,
        2.233,
        0.5,
        0,
        2.9,
        0,
        2,
        3.767,
        0,
        2,
        5.733,
        0
      ]
    },
    {
      "Target": "Parameter",
      "Id": "ParamBrowLAngle",
      "Segments": [
        0,
        0,
        2,
        1.133,
        0,
        0,
        1.8,
        -0.9,
        0,
        2.233,
        0.6,
        1,
        2.455,
        0.6,
        2.678,
        0.457,
        2.9,
        0,
        1,
        3.189,
        -0.594,
        3.478,
        -1,
        3.767,
        -1,
        0,
        5.733,
        0
      ]
    },
    {
      "Target": "Parameter",
      "Id": "ParamBrowRY",
      "Segments": [
        0,
        0,
        2,
        1.8,
        0,
        0,
        2.233,
        0.6,
        0,
        2.9,
        0,
        2,
        5.733,
        0
      ]
    },
    {
      "Target": "Parameter",
      "Id": "ParamBrowRAngle",
      "Segments": [
        0,
        0,
        2,
        1.133,
        0,
        0,
        1.8,
        -1,
        0,
        2.233,
        0.6,
        1,
        2.455,
        0.6,
        2.678,
        0.457,
        2.9,
        0,
        1,
        3.189,
        -0.594,
        3.478,
        -1,
        3.767,
        -1,
        0,
        5.733,
        0
      ]
    },
    {
      "Target": "Parameter",
      "Id": "ParamMouthOpenY",
      "Segments": [
        0,
        1,
        2,
        0.133,
        1,
        2,
        0.167,
        0.985,
        1,
        0.178,
        0.962,
        0.189,
        0.949,
        0.2,
        0.949,
        1,
        0.211,
        1.015,
        0.222,
        0.997,
        0.233,
        1,
        2,
        0.3,
        1,
        1,
        0.311,
        0.94,
        0.322,
        0.597,
        0.333,
        0.635,
        1,
        0.344,
        0.611,
        0.356,
        0.886,
        0.367,
        1,
        2,
        0.467,
        1,
        1,
        0.478,
        0.983,
        0.489,
        1.045,
        0.5,
        0.935,
        1,
        0.511,
        0.88,
        0.522,
        0.837,
        0.533,
        0.839,
        1,
        0.544,
        0.837,
        0.556,
        0.878,
        0.567,
        0.93,
        1,
        0.578,
        1.024,
        0.589,
        0.994,
        0.6,
        1,
        2,
        0.667,
        1,
        2,
        0.7,
        0.914,
        1,
        0.711,
        0.675,
        0.722,
        0.396,
        0.733,
        0.408,
        1,
        0.755,
        0.414,
        0.778,
        0.642,
        0.8,
        0.89,
        3,
        0.833,
        1,
        2,
        0.867,
        1,
        2,
        0.9,
        0.69,
        1,
        0.911,
        0.368,
        0.922,
        -0.008,
        0.933,
        0.008,
        1,
        0.944,
        -0.011,
        0.956,
        0.438,
        0.967,
        0.824,
        3,
        1,
        1,
        2,
        1.033,
        0.996,
        1,
        1.044,
        0.692,
        1.056,
        0.338,
        1.067,
        0.353,
        1,
        1.078,
        0.339,
        1.089,
        0.665,
        1.1,
        0.945,
        3,
        1.133,
        1,
        2,
        1.167,
        0.875,
        1,
        1.178,
        0.561,
        1.189,
        0.196,
        1.2,
        0.212,
        1,
        1.211,
        0.198,
        1.222,
        0.516,
        1.233,
        0.788,
        3,
        1.267,
        1,
        2,
        1.3,
        0.992,
        1,
        1.311,
        0.816,
        1.322,
        0.611,
        1.333,
        0.62,
        1,
        1.4,
        0.618,
        1.466,
        0.849,
        1.533,
        0.847,
        1,
        1.555,
        0.837,
        1.578,
        0.199,
        1.6,
        0.188,
        1,
        1.633,
        0.198,
        1.667,
        0.575,
        1.7,
        0.984,
        3,
        1.733,
        1,
        2,
        1.867,
        1,
        1,
        1.889,
        0.608,
        1.911,
        0.235,
        1.933,
        0.227,
        1,
        1.955,
        0.233,
        1.978,
        0.567,
        2,
        0.573,
        1,
        2.022,
        0.566,
        2.045,
        0.171,
        2.067,
        0.165,
        1,
        2.078,
        0.151,
        2.089,
        0.475,
        2.1,
        0.753,
        3,
        2.133,
        1,
        2,
        2.467,
        1,
        1,
        2.478,
        1.024,
        2.489,
        0.982,
        2.5,
        0.812,
        1,
        2.511,
        0.685,
        2.522,
        0.544,
        2.533,
        0.426,
        1,
        2.555,
        0.197,
        2.578,
        0.014,
        2.6,
        0.016,
        1,
        2.622,
        0.024,
        2.645,
        0.031,
        2.667,
        0.039,
        1,
        2.711,
        0.026,
        2.756,
        0.013,
        2.8,
        0,
        2,
        2.867,
        0,
        1,
        2.889,
        -0.001,
        2.911,
        0.161,
        2.933,
        0.366,
        1,
        2.955,
        0.571,
        2.978,
        0.875,
        3,
        1,
        2,
        3.167,
        1,
        1,
        3.2,
        1.026,
        3.234,
        0.667,
        3.267,
        0.501,
        1,
        3.311,
        0.232,
        3.356,
        -0.004,
        3.4,
        0,
        1,
        3.433,
        -0.048,
        3.467,
        0.884,
        3.5,
        1,
        2,
        3.533,
        1,
        2,
        3.567,
        0.745,
        1,
        3.578,
        0.456,
        3.589,
        0.119,
        3.6,
        0.133,
        1,
        3.622,
        0.142,
        3.645,
        0.484,
        3.667,
        0.855,
        3,
        3.7,
        1,
        2,
        4.633,
        1,
        1,
        4.655,
        0.898,
        4.678,
        0.655,
        4.7,
        0.484,
        1,
        4.733,
        0.215,
        4.767,
        0,
        4.8,
        0,
        2,
        5.733,
        0
      ]
    },
    {
      "Target": "Parameter",
      "Id": "ParamEmoshinning",
      "Segments": [
        0,
        0,
        2,
        1.8,
        0,
        0,
        2.233,
        1,
        2,
        3.667,
        1,
        0,
        5.733,
        0
      ]
    },
    {
      "Target": "Parameter",
      "Id": "ParamAngleX",
      "Segments": [
        0,
        0,
        0,
        0.367,
        9,
        0,
        1.4,
        -3,
        0,
        2.533,
        30,
        0,
        3.567,
        -24,
        0,
        4.367,
        24,
        1,
        4.622,
        24,
        4.878,
        23.442,
        5.133,
        17,
        1,
        5.333,
        11.958,
        5.533,
        0,
        5.733,
        0
      ]
    },
    {
      "Target": "Parameter",
      "Id": "ParamAngleY",
      "Segments": [
        0,
        0,
        0,
        0.367,
        6,
        0,
        1.4,
        1,
        0,
        2.533,
        19,
        1,
        2.878,
        19,
        3.222,
        18.343,
        3.567,
        16,
        1,
        3.834,
        14.186,
        4.1,
        12.95,
        4.367,
        9,
        1,
        4.622,
        5.215,
        4.878,
        -30,
        5.133,
        -30,
        1,
        5.333,
        -30,
        5.533,
        -3.837,
        5.733,
        0
      ]
    },
    {
      "Target": "Parameter",
      "Id": "ParamAngleZ",
      "Segments": [
        0,
        0,
        0,
        0.367,
        8,
        0,
        1.333,
        -30,
        0,
        2.433,
        30,
        0,
        3.567,
        -30,
        0,
        4.667,
        27,
        0,
        5.733,
        0
      ]
    },
    {
      "Target": "Parameter",
      "Id": "ParamEyeRSmile",
      "Segments": [
        0,
        0,
        0,
        5.733,
        0
      ]
    },
    {
      "Target": "Parameter",
      "Id": "ParamBrowLX",
      "Segments": [
        0,
        0,
        0,
        5.733,
        0
      ]
    },
    {
      "Target": "Parameter",
      "Id": "ParamBrowRX",
      "Segments": [
        0,
        0,
        0,
        5.733,
        0
      ]
    },
    {
      "Target": "Parameter",
      "Id": "ParamBrowLForm",
      "Segments": [
        0,
        0,
        0,
        5.733,
        0
      ]
    },
    {
      "Target": "Parameter",
      "Id": "ParamBrowRForm",
      "Segments": [
        0,
        0,
        0,
        5.733,
        0
      ]
    },
    {
      "Target": "Parameter",
      "Id": "ParamCheek",
      "Segments": [
        0,
        0,
        0,
        5.733,
        0
      ]
    },
    {
      "Target": "Parameter",
      "Id": "ParamBodyAngleY",
      "Segments": [
        0,
        0,
        0,
        5.733,
        0
      ]
    },
    {
      "Target": "Parameter",
      "Id": "ParamBreath",
      "Segments": [
        0,
        0,
        0,
        5.733,
        0
      ]
    },
    {
      "Target": "Parameter",
      "Id": "ParamTail3",
      "Segments": [
        0,
        0,
        0,
        5.733,
        0
      ]
    },
    {
      "Target": "Parameter",
      "Id": "ParamTailzhamao",
      "Segments": [
        0,
        0,
        0,
        5.733,
        0
      ]
    },
    {
      "Target": "Parameter",
      "Id": "ParamMouthForm",
      "Segments": [
        0,
        0,
        0,
        5.733,
        0
      ]
    },
    {
      "Target": "Parameter",
      "Id": "ParamEmotionSleep",
      "Segments": [
        0,
        0,
        0,
        5.733,
        0
      ]
    },
    {
      "Target": "Parameter",
      "Id": "ParamEmosleepy",
      "Segments": [
        0,
        0,
        0,
        5.733,
        0
      ]
    },
    {
      "Target": "Parameter",
      "Id": "ParamEmotionquestion",
      "Segments": [
        0,
        0,
        0,
        5.733,
        0
      ]
    }
  ],
  "UserData": [
    {
      "Time": 0.0,
      "Value": "characterVoice_3_5"
    },
    {
      "Time": 0.0,
      "Value": ""
    }
  ]
}