{
  "Version": 3,
  "Meta": {
    "Duration": 5.833,
    "Fps": 30.0,
    "Loop": true,
    "AreBeziersRestricted": true,
    "CurveCount": 80,
    "TotalSegmentCount": 484,
    "TotalPointCount": 966,
    "UserDataCount": 2,
    "TotalUserDataSize": 18
  },
  "Curves": [
    {
      "Target": "Parameter",
      "Id": "ParamCatx",
      "Segments": [
        0,
        0,
        2,
        1.567,
        0,
        0,
        3,
        2,
        2,
        4.667,
        2,
        0,
        5.3,
        4,
        1,
        5.478,
        4,
        5.655,
        1.245,
        5.833,
        0
      ]
    },
    {
      "Target": "Parameter",
      "Id": "ParamCaty",
      "Segments": [
        0,
        0,
        0,
        1.567,
        -10,
        0,
        3,
        9,
        0,
        4.667,
        -10,
        0,
        5.3,
        10,
        0,
        5.833,
        0
      ]
    },
    {
      "Target": "Parameter",
      "Id": "ParamCatro",
      "Segments": [
        0,
        0,
        0,
        1.567,
        -14,
        0,
        3,
        2,
        0,
        4.667,
        -8,
        0,
        5.333,
        9,
        0,
        5.833,
        0
      ]
    },
    {
      "Target": "Parameter",
      "Id": "ParamCatshiba1",
      "Segments": [
        0,
        0,
        1,
        0.189,
        0,
        0.378,
        0.073,
        0.567,
        -1,
        1,
        0.7,
        -1.758,
        0.834,
        -18,
        0.967,
        -18,
        1,
        1.111,
        -18,
        1.256,
        -11.619,
        1.4,
        -1,
        1,
        1.544,
        9.619,
        1.689,
        14,
        1.833,
        14,
        1,
        1.966,
        14,
        2.1,
        9.718,
        2.233,
        0,
        1,
        2.355,
        -8.908,
        2.478,
        -14,
        2.6,
        -14,
        1,
        2.756,
        -14,
        2.911,
        -9.667,
        3.067,
        -1,
        1,
        3.222,
        7.667,
        3.378,
        12,
        3.533,
        12,
        1,
        3.666,
        12,
        3.8,
        6.546,
        3.933,
        -1,
        1,
        4.078,
        -9.175,
        4.222,
        -12,
        4.367,
        -12,
        1,
        4.5,
        -12,
        4.634,
        -6.515,
        4.767,
        1,
        1,
        4.9,
        8.515,
        5.034,
        11,
        5.167,
        11,
        0,
        5.533,
        0,
        2,
        5.833,
        0
      ]
    },
    {
      "Target": "Parameter",
      "Id": "ParamCatshiba2",
      "Segments": [
        0,
        0,
        0,
        0.567,
        12,
        1,
        0.7,
        12,
        0.834,
        5.861,
        0.967,
        -4,
        1,
        1.111,
        -14.682,
        1.256,
        -19,
        1.4,
        -19,
        1,
        1.544,
        -19,
        1.689,
        -16.046,
        1.833,
        -6,
        1,
        1.966,
        3.273,
        2.1,
        11,
        2.233,
        11,
        1,
        2.355,
        11,
        2.478,
        4.279,
        2.6,
        -4,
        1,
        2.756,
        -14.537,
        2.911,
        -18,
        3.067,
        -18,
        1,
        3.222,
        -18,
        3.378,
        -11.557,
        3.533,
        -2,
        1,
        3.666,
        6.192,
        3.8,
        9,
        3.933,
        9,
        1,
        4.078,
        9,
        4.222,
        6.175,
        4.367,
        -2,
        1,
        4.5,
        -9.546,
        4.634,
        -15,
        4.767,
        -15,
        1,
        4.9,
        -15,
        5.034,
        -12.93,
        5.167,
        -5,
        1,
        5.289,
        2.27,
        5.411,
        9,
        5.533,
        9,
        1,
        5.633,
        9,
        5.733,
        0.309,
        5.833,
        0
      ]
    },
    {
      "Target": "Parameter",
      "Id": "ParamCathead",
      "Segments": [
        0,
        0,
        0,
        0.6,
        28,
        0,
        1.667,
        -30,
        0,
        2.933,
        -12,
        0,
        4.567,
        -30,
        0,
        5.3,
        30,
        0,
        5.833,
        0
      ]
    },
    {
      "Target": "Parameter",
      "Id": "ParamCateye",
      "Segments": [
        0,
        1,
        0,
        0.4,
        0,
        2,
        4.867,
        0,
        0,
        5.3,
        1,
        2,
        5.833,
        1
      ]
    },
    {
      "Target": "Parameter",
      "Id": "ParamCatlarm",
      "Segments": [
        0,
        0,
        1,
        0.233,
        0,
        0.467,
        21.194,
        0.7,
        22,
        1,
        1.644,
        25.263,
        2.589,
        26,
        3.533,
        26,
        0,
        4.667,
        -18,
        0,
        5.233,
        9,
        1,
        5.433,
        9,
        5.633,
        2.674,
        5.833,
        0
      ]
    },
    {
      "Target": "Parameter",
      "Id": "ParamCatlforearm",
      "Segments": [
        0,
        0,
        0,
        0.867,
        21,
        2,
        3.7,
        21,
        1,
        4.044,
        21,
        4.389,
        20.901,
        4.733,
        18,
        1,
        4.922,
        16.409,
        5.111,
        -11,
        5.3,
        -11,
        0,
        5.833,
        0
      ]
    },
    {
      "Target": "Parameter",
      "Id": "ParamCatlhand",
      "Segments": [
        0,
        0,
        0,
        1.033,
        9,
        0,
        1.567,
        -12,
        0,
        2.133,
        11,
        0,
        2.833,
        -10,
        0,
        3.7,
        11,
        1,
        4.411,
        11,
        5.122,
        9.011,
        5.833,
        0
      ]
    },
    {
      "Target": "Parameter",
      "Id": "ParamCatrarm",
      "Segments": [
        0,
        0,
        1,
        0.267,
        0,
        0.533,
        12.095,
        0.8,
        14,
        1,
        1.711,
        20.51,
        2.622,
        22,
        3.533,
        22,
        1,
        4.3,
        22,
        5.066,
        14.464,
        5.833,
        0
      ]
    },
    {
      "Target": "Parameter",
      "Id": "ParamCatrforearm",
      "Segments": [
        0,
        0,
        1,
        0.322,
        0,
        0.645,
        9.567,
        0.967,
        14,
        1,
        1.878,
        26.535,
        2.789,
        30,
        3.7,
        30,
        1,
        4.044,
        30,
        4.389,
        29.391,
        4.733,
        22,
        1,
        4.922,
        17.947,
        5.111,
        -24,
        5.3,
        -24,
        0,
        5.833,
        0
      ]
    },
    {
      "Target": "Parameter",
      "Id": "ParamCatrhand",
      "Segments": [
        0,
        0,
        0,
        1.067,
        23,
        0,
        1.767,
        1,
        0,
        2.367,
        20,
        0,
        3.033,
        -2,
        0,
        3.7,
        21,
        1,
        4.411,
        21,
        5.122,
        11.521,
        5.833,
        0
      ]
    },
    {
      "Target": "Parameter",
      "Id": "ParamCatlleg",
      "Segments": [
        0,
        0,
        0,
        1.067,
        -19,
        1,
        2.267,
        -19,
        3.467,
        -16.881,
        4.667,
        -9,
        1,
        5.056,
        -6.446,
        5.444,
        0,
        5.833,
        0
      ]
    },
    {
      "Target": "Parameter",
      "Id": "ParamCatlforeleg",
      "Segments": [
        0,
        0,
        0,
        1.2,
        -12,
        0,
        2,
        0,
        0,
        2.9,
        -9,
        0,
        3.8,
        1,
        0,
        4.633,
        -8,
        0,
        5.833,
        0
      ]
    },
    {
      "Target": "Parameter",
      "Id": "ParamCatrleg",
      "Segments": [
        0,
        0,
        0,
        1.1,
        -19,
        1,
        2.356,
        -19,
        3.611,
        -17.088,
        4.867,
        -10,
        1,
        5.189,
        -8.181,
        5.511,
        0,
        5.833,
        0
      ]
    },
    {
      "Target": "Parameter",
      "Id": "ParamCatrforeleg",
      "Segments": [
        0,
        0,
        0,
        1.233,
        -11,
        0,
        1.933,
        1,
        0,
        2.9,
        -11,
        0,
        3.9,
        -1,
        0,
        4.867,
        -8,
        0,
        5.833,
        0
      ]
    },
    {
      "Target": "Parameter",
      "Id": "ParamCloth1",
      "Segments": [
        0,
        0,
        1,
        0.089,
        0,
        0.178,
        0.174,
        0.267,
        -1,
        1,
        0.356,
        -2.174,
        0.444,
        -19,
        0.533,
        -19,
        1,
        0.644,
        -19,
        0.756,
        -13.891,
        0.867,
        -1,
        1,
        0.967,
        10.602,
        1.067,
        18,
        1.167,
        18,
        1,
        1.289,
        18,
        1.411,
        13.384,
        1.533,
        0,
        1,
        1.644,
        -12.168,
        1.756,
        -21,
        1.867,
        -21,
        1,
        1.978,
        -21,
        2.089,
        -13.99,
        2.2,
        -1,
        1,
        2.311,
        11.99,
        2.422,
        18,
        2.533,
        18,
        1,
        2.644,
        18,
        2.756,
        11.816,
        2.867,
        0,
        1,
        3,
        -14.179,
        3.134,
        -21,
        3.267,
        -21,
        1,
        3.389,
        -21,
        3.511,
        -15.231,
        3.633,
        1,
        1,
        3.733,
        14.28,
        3.833,
        24,
        3.933,
        24,
        1,
        4.055,
        24,
        4.178,
        12.908,
        4.3,
        -1,
        1,
        4.422,
        -14.908,
        4.545,
        -19,
        4.667,
        -19,
        1,
        4.778,
        -19,
        4.889,
        -14.665,
        5,
        -1,
        1,
        5.089,
        9.932,
        5.178,
        19,
        5.267,
        19,
        1,
        5.367,
        19,
        5.467,
        1.731,
        5.567,
        1,
        1,
        5.656,
        0.35,
        5.744,
        0.808,
        5.833,
        0
      ]
    },
    {
      "Target": "Parameter",
      "Id": "ParamCloth2",
      "Segments": [
        0,
        0,
        0,
        0.267,
        18,
        1,
        0.356,
        18,
        0.444,
        9.735,
        0.533,
        -1,
        1,
        0.644,
        -14.418,
        0.756,
        -19,
        0.867,
        -19,
        1,
        0.967,
        -19,
        1.067,
        -14.87,
        1.167,
        -5,
        1,
        1.289,
        7.063,
        1.411,
        14,
        1.533,
        14,
        1,
        1.644,
        14,
        1.756,
        9.289,
        1.867,
        -2,
        1,
        1.978,
        -13.289,
        2.089,
        -20,
        2.2,
        -20,
        1,
        2.311,
        -20,
        2.422,
        -16.625,
        2.533,
        -5,
        1,
        2.644,
        6.625,
        2.756,
        16,
        2.867,
        16,
        1,
        3,
        16,
        3.134,
        7.746,
        3.267,
        -5,
        1,
        3.389,
        -16.683,
        3.511,
        -21,
        3.633,
        -21,
        1,
        3.733,
        -21,
        3.833,
        -16.615,
        3.933,
        -5,
        1,
        4.055,
        9.196,
        4.178,
        18,
        4.3,
        18,
        1,
        4.422,
        18,
        4.545,
        9.925,
        4.667,
        -4,
        1,
        4.778,
        -16.659,
        4.889,
        -22,
        5,
        -22,
        1,
        5.089,
        -22,
        5.178,
        -15.595,
        5.267,
        -4,
        1,
        5.367,
        9.044,
        5.467,
        15,
        5.567,
        15,
        0,
        5.833,
        0
      ]
    },
    {
      "Target": "Parameter",
      "Id": "ParamHairFront",
      "Segments": [
        0,
        0,
        2,
        0.4,
        0,
        0,
        0.7,
        -0.7,
        1,
        0.822,
        -0.7,
        0.945,
        -0.497,
        1.067,
        -0.1,
        1,
        1.211,
        0.369,
        1.356,
        0.6,
        1.5,
        0.6,
        1,
        1.656,
        0.6,
        1.811,
        0.442,
        1.967,
        0,
        1,
        2.089,
        -0.347,
        2.211,
        -0.6,
        2.333,
        -0.6,
        1,
        2.5,
        -0.6,
        2.666,
        -0.461,
        2.833,
        0,
        1,
        2.944,
        0.308,
        3.056,
        0.6,
        3.167,
        0.6,
        1,
        3.311,
        0.6,
        3.456,
        0.458,
        3.6,
        0,
        1,
        3.722,
        -0.387,
        3.845,
        -0.7,
        3.967,
        -0.7,
        1,
        4.067,
        -0.7,
        4.167,
        -0.338,
        4.267,
        0.1,
        1,
        4.389,
        0.635,
        4.511,
        0.8,
        4.633,
        0.8,
        1,
        4.7,
        0.8,
        4.766,
        0.41,
        4.833,
        0,
        1,
        4.911,
        -0.479,
        4.989,
        -0.6,
        5.067,
        -0.6,
        1,
        5.167,
        -0.6,
        5.267,
        -0.165,
        5.367,
        -0.1,
        1,
        5.522,
        0.001,
        5.678,
        0,
        5.833,
        0
      ]
    },
    {
      "Target": "Parameter",
      "Id": "ParamFore2",
      "Segments": [
        0,
        0,
        0,
        0.4,
        19,
        1,
        0.5,
        19,
        0.6,
        7.2,
        0.7,
        -4,
        1,
        0.822,
        -17.689,
        0.945,
        -21,
        1.067,
        -21,
        1,
        1.211,
        -21,
        1.356,
        -15.703,
        1.5,
        -2,
        1,
        1.656,
        12.757,
        1.811,
        22,
        1.967,
        22,
        1,
        2.089,
        22,
        2.211,
        9.62,
        2.333,
        -2,
        1,
        2.5,
        -17.845,
        2.666,
        -22,
        2.833,
        -22,
        1,
        2.944,
        -22,
        3.056,
        -14.237,
        3.167,
        -4,
        1,
        3.311,
        9.308,
        3.456,
        14,
        3.6,
        14,
        1,
        3.722,
        14,
        3.845,
        7.063,
        3.967,
        -5,
        1,
        4.067,
        -14.87,
        4.167,
        -19,
        4.267,
        -19,
        1,
        4.389,
        -19,
        4.511,
        -15.541,
        4.633,
        -2,
        1,
        4.7,
        5.386,
        4.766,
        16,
        4.833,
        16,
        1,
        4.911,
        16,
        4.989,
        9.868,
        5.067,
        0,
        1,
        5.167,
        -12.688,
        5.267,
        -18,
        5.367,
        -18,
        0,
        5.833,
        0
      ]
    },
    {
      "Target": "Parameter",
      "Id": "ParamHairSide",
      "Segments": [
        0,
        0,
        2,
        0.467,
        0,
        0,
        0.767,
        -0.6,
        1,
        0.889,
        -0.6,
        1.011,
        -0.397,
        1.133,
        0,
        1,
        1.278,
        0.469,
        1.422,
        0.7,
        1.567,
        0.7,
        1,
        1.7,
        0.7,
        1.834,
        0.452,
        1.967,
        0,
        1,
        2.089,
        -0.414,
        2.211,
        -0.6,
        2.333,
        -0.6,
        1,
        2.533,
        -0.6,
        2.733,
        -0.475,
        2.933,
        0,
        1,
        3.044,
        0.264,
        3.156,
        0.6,
        3.267,
        0.6,
        1,
        3.378,
        0.6,
        3.489,
        0.324,
        3.6,
        0,
        1,
        3.756,
        -0.454,
        3.911,
        -0.6,
        4.067,
        -0.6,
        1,
        4.167,
        -0.6,
        4.267,
        -0.422,
        4.367,
        0,
        1,
        4.456,
        0.375,
        4.544,
        0.6,
        4.633,
        0.6,
        1,
        4.7,
        0.6,
        4.766,
        0.367,
        4.833,
        0,
        1,
        4.911,
        -0.428,
        4.989,
        -0.6,
        5.067,
        -0.6,
        0,
        5.367,
        0,
        2,
        5.833,
        0
      ]
    },
    {
      "Target": "Parameter",
      "Id": "ParamSide2",
      "Segments": [
        0,
        0,
        0,
        0.467,
        15,
        1,
        0.567,
        15,
        0.667,
        11.833,
        0.767,
        1,
        1,
        0.889,
        -12.24,
        1.011,
        -22,
        1.133,
        -22,
        1,
        1.278,
        -22,
        1.422,
        -10.417,
        1.567,
        4,
        1,
        1.7,
        17.308,
        1.834,
        21,
        1.967,
        21,
        1,
        2.089,
        21,
        2.211,
        6.171,
        2.333,
        -2,
        1,
        2.533,
        -15.37,
        2.733,
        -18,
        2.933,
        -18,
        1,
        3.044,
        -18,
        3.156,
        -12,
        3.267,
        0,
        1,
        3.378,
        12,
        3.489,
        18,
        3.6,
        18,
        1,
        3.756,
        18,
        3.911,
        14.353,
        4.067,
        -1,
        1,
        4.167,
        -10.869,
        4.267,
        -24,
        4.367,
        -24,
        1,
        4.456,
        -24,
        4.544,
        -20.109,
        4.633,
        -6,
        1,
        4.7,
        4.582,
        4.766,
        15,
        4.833,
        15,
        1,
        4.911,
        15,
        4.989,
        4.882,
        5.067,
        -5,
        1,
        5.167,
        -17.706,
        5.267,
        -21,
        5.367,
        -21,
        0,
        5.833,
        0
      ]
    },
    {
      "Target": "Parameter",
      "Id": "ParamHairBack",
      "Segments": [
        0,
        0,
        2,
        0.4,
        0,
        0,
        0.7,
        -0.7,
        1,
        0.867,
        -0.7,
        1.033,
        -0.497,
        1.2,
        0,
        1,
        1.344,
        0.431,
        1.489,
        0.7,
        1.633,
        0.7,
        1,
        1.789,
        0.7,
        1.944,
        0.515,
        2.1,
        0,
        1,
        2.222,
        -0.405,
        2.345,
        -0.7,
        2.467,
        -0.7,
        1,
        2.589,
        -0.7,
        2.711,
        -0.454,
        2.833,
        0,
        1,
        2.944,
        0.412,
        3.056,
        0.6,
        3.167,
        0.6,
        1,
        3.345,
        0.6,
        3.522,
        0.48,
        3.7,
        0,
        1,
        3.822,
        -0.33,
        3.945,
        -0.7,
        4.067,
        -0.7,
        1,
        4.167,
        -0.7,
        4.267,
        -0.378,
        4.367,
        0,
        1,
        4.489,
        0.462,
        4.611,
        0.6,
        4.733,
        0.6,
        1,
        4.8,
        0.6,
        4.866,
        0.367,
        4.933,
        0,
        1,
        5.011,
        -0.428,
        5.089,
        -0.6,
        5.167,
        -0.6,
        0,
        5.467,
        0,
        2,
        5.833,
        0
      ]
    },
    {
      "Target": "Parameter",
      "Id": "ParamBack2",
      "Segments": [
        0,
        0,
        0,
        0.4,
        21,
        1,
        0.5,
        21,
        0.6,
        11.371,
        0.7,
        1,
        1,
        0.867,
        -16.285,
        1.033,
        -22,
        1.2,
        -22,
        1,
        1.344,
        -22,
        1.489,
        -13.015,
        1.633,
        1,
        1,
        1.789,
        16.093,
        1.944,
        22,
        2.1,
        22,
        1,
        2.222,
        22,
        2.345,
        8.822,
        2.467,
        -5,
        1,
        2.589,
        -18.822,
        2.711,
        -22,
        2.833,
        -22,
        1,
        2.944,
        -22,
        3.056,
        -13.06,
        3.167,
        -4,
        1,
        3.345,
        10.497,
        3.522,
        15,
        3.7,
        15,
        1,
        3.822,
        15,
        3.945,
        10.306,
        4.067,
        -4,
        1,
        4.167,
        -15.705,
        4.267,
        -25,
        4.367,
        -25,
        1,
        4.489,
        -25,
        4.611,
        -17.573,
        4.733,
        0,
        1,
        4.8,
        9.585,
        4.866,
        16,
        4.933,
        16,
        1,
        5.011,
        16,
        5.089,
        5.462,
        5.167,
        -6,
        1,
        5.267,
        -20.736,
        5.367,
        -25,
        5.467,
        -25,
        1,
        5.589,
        -25,
        5.711,
        -0.965,
        5.833,
        0
      ]
    },
    {
      "Target": "Parameter",
      "Id": "ParamWX",
      "Segments": [
        0,
        0,
        2,
        0.833,
        0,
        0,
        2.167,
        7,
        0,
        3.267,
        -8,
        0,
        4.467,
        6,
        0,
        5.833,
        0
      ]
    },
    {
      "Target": "Parameter",
      "Id": "ParamWy",
      "Segments": [
        0,
        0,
        0,
        0.833,
        10,
        0,
        2.167,
        5,
        0,
        3.267,
        10,
        0,
        4.267,
        2.664,
        0,
        5.167,
        7,
        0,
        5.833,
        0
      ]
    },
    {
      "Target": "Parameter",
      "Id": "ParamWZ",
      "Segments": [
        0,
        0,
        0,
        0.8,
        -14,
        1,
        2.067,
        -14,
        3.333,
        -13.732,
        4.6,
        -12,
        1,
        5.011,
        -11.438,
        5.422,
        0,
        5.833,
        0
      ]
    },
    {
      "Target": "Parameter",
      "Id": "ParamBodyAngleX",
      "Segments": [
        0,
        0,
        0,
        4.6,
        -5,
        0,
        5.033,
        6,
        0,
        5.833,
        0
      ]
    },
    {
      "Target": "Parameter",
      "Id": "ParamBodyAngleZ",
      "Segments": [
        0,
        0,
        0,
        0.733,
        4,
        0,
        3.033,
        -10,
        0,
        4.2,
        -6,
        0,
        4.6,
        -8,
        0,
        5.133,
        2,
        0,
        5.833,
        0
      ]
    },
    {
      "Target": "Parameter",
      "Id": "ParamLarm",
      "Segments": [
        0,
        0,
        0,
        0.833,
        4,
        1,
        2.133,
        4,
        3.433,
        2.724,
        4.733,
        -1,
        1,
        4.911,
        -1.509,
        5.089,
        -7,
        5.267,
        -7,
        0,
        5.833,
        0
      ]
    },
    {
      "Target": "Parameter",
      "Id": "ParamLforearm",
      "Segments": [
        0,
        0,
        0,
        0.867,
        -21,
        0,
        2.333,
        5,
        0,
        3.767,
        -30,
        2,
        4.667,
        -30,
        0,
        5.2,
        3,
        0,
        5.833,
        0
      ]
    },
    {
      "Target": "Parameter",
      "Id": "ParamLhand",
      "Segments": [
        0,
        0,
        0,
        0.533,
        -3,
        0,
        1.233,
        11,
        0,
        2.167,
        2,
        0,
        3.4,
        22,
        0,
        4.867,
        8,
        0,
        5.367,
        24,
        0,
        5.833,
        0
      ]
    },
    {
      "Target": "Parameter",
      "Id": "ParamRarm",
      "Segments": [
        0,
        0,
        0,
        0.833,
        27,
        0,
        1.467,
        -30,
        0,
        2.133,
        -20,
        0,
        3.267,
        -30,
        0,
        4.067,
        18,
        2,
        4.967,
        18,
        0,
        5.433,
        -6,
        1,
        5.566,
        -6,
        5.7,
        -1.202,
        5.833,
        0
      ]
    },
    {
      "Target": "Parameter",
      "Id": "ParamRforearm",
      "Segments": [
        0,
        0,
        1,
        0.178,
        0,
        0.355,
        23.61,
        0.533,
        26,
        1,
        0.822,
        29.884,
        1.111,
        30,
        1.4,
        30,
        0,
        3.9,
        -19,
        1,
        4.411,
        -19,
        4.922,
        -15.178,
        5.433,
        -7,
        1,
        5.566,
        -4.867,
        5.7,
        -3.11,
        5.833,
        0
      ]
    },
    {
      "Target": "Parameter",
      "Id": "ParamRforearm2",
      "Segments": [
        0,
        0,
        0,
        0.533,
        -19,
        1,
        0.822,
        -19,
        1.111,
        -18.074,
        1.4,
        -10,
        1,
        2.233,
        13.291,
        3.067,
        30,
        3.9,
        30,
        0,
        5.433,
        -19,
        1,
        5.566,
        -19,
        5.7,
        -1.336,
        5.833,
        0
      ]
    },
    {
      "Target": "Parameter",
      "Id": "ParamRhand",
      "Segments": [
        0,
        0,
        0,
        0.6,
        -20,
        0,
        1.467,
        6,
        0,
        1.9,
        -16,
        0,
        2.333,
        19,
        1,
        2.489,
        19,
        2.644,
        1.47,
        2.8,
        -1,
        1,
        3.089,
        -5.588,
        3.378,
        -6,
        3.667,
        -6,
        0,
        4.6,
        28,
        0,
        5.367,
        -3,
        1,
        5.522,
        -3,
        5.678,
        -1.581,
        5.833,
        0
      ]
    },
    {
      "Target": "Parameter",
      "Id": "ParamRhandy",
      "Segments": [
        0,
        0,
        0,
        0.6,
        -6,
        0,
        1.9,
        7,
        0,
        2.333,
        -6,
        0,
        2.8,
        9,
        0,
        5.833,
        0
      ]
    },
    {
      "Target": "Parameter",
      "Id": "ParamLleg",
      "Segments": [
        0,
        0,
        0,
        0.967,
        -9,
        1,
        1.422,
        -9,
        1.878,
        -8.652,
        2.333,
        -7,
        1,
        3.5,
        -2.769,
        4.666,
        0,
        5.833,
        0
      ]
    },
    {
      "Target": "Parameter",
      "Id": "ParamLforeleg",
      "Segments": [
        0,
        0,
        0,
        1.067,
        -26,
        0,
        2.4,
        -22,
        0,
        3.533,
        -24,
        0,
        5.833,
        0
      ]
    },
    {
      "Target": "Parameter",
      "Id": "ParamLfoot",
      "Segments": [
        0,
        0,
        0,
        1.133,
        -14,
        0,
        2.467,
        -13,
        0,
        3.6,
        -23,
        0,
        4.9,
        13,
        1,
        5.211,
        13,
        5.522,
        5.221,
        5.833,
        0
      ]
    },
    {
      "Target": "Parameter",
      "Id": "ParamRleg",
      "Segments": [
        0,
        0,
        0,
        0.967,
        -8,
        0,
        2.367,
        3,
        0,
        3.7,
        -10,
        0,
        5.833,
        0
      ]
    },
    {
      "Target": "Parameter",
      "Id": "ParamRforeleg",
      "Segments": [
        0,
        0,
        0,
        1.067,
        -24,
        0,
        2.467,
        -3,
        0,
        3.833,
        -10,
        0,
        5.833,
        0
      ]
    },
    {
      "Target": "Parameter",
      "Id": "ParamRfoot",
      "Segments": [
        0,
        0,
        0,
        1.133,
        -24,
        0,
        2.5,
        -8,
        0,
        3.933,
        -19,
        0,
        4.9,
        1,
        1,
        5.211,
        1,
        5.522,
        1.329,
        5.833,
        0
      ]
    },
    {
      "Target": "Parameter",
      "Id": "ParamTail1",
      "Segments": [
        0,
        0,
        2,
        0.5,
        0,
        0,
        1.033,
        -17,
        1,
        1.166,
        -17,
        1.3,
        -7.205,
        1.433,
        0,
        1,
        1.578,
        7.806,
        1.722,
        9,
        1.867,
        9,
        0,
        2.8,
        7,
        0,
        3.667,
        18,
        1,
        3.9,
        18,
        4.134,
        14.649,
        4.367,
        9,
        1,
        4.489,
        6.041,
        4.611,
        4.459,
        4.733,
        1,
        1,
        4.789,
        -0.572,
        4.844,
        -11,
        4.9,
        -11,
        0,
        5.167,
        1,
        1,
        5.389,
        1,
        5.611,
        1.051,
        5.833,
        0
      ]
    },
    {
      "Target": "Parameter",
      "Id": "ParamTail2",
      "Segments": [
        0,
        0,
        0,
        0.5,
        16,
        1,
        0.678,
        16,
        0.855,
        11.656,
        1.033,
        -1,
        1,
        1.166,
        -10.492,
        1.3,
        -18,
        1.433,
        -18,
        1,
        1.578,
        -18,
        1.722,
        -7.242,
        1.867,
        -1,
        1,
        2.178,
        12.444,
        2.489,
        16,
        2.8,
        16,
        1,
        3.089,
        16,
        3.378,
        3.005,
        3.667,
        0,
        1,
        3.9,
        -2.427,
        4.134,
        -2,
        4.367,
        -2,
        0,
        4.733,
        18,
        1,
        4.789,
        18,
        4.844,
        11.792,
        4.9,
        0,
        1,
        4.989,
        -18.868,
        5.078,
        -28,
        5.167,
        -28,
        0,
        5.833,
        0
      ]
    },
    {
      "Target": "Parameter",
      "Id": "ParamTail3",
      "Segments": [
        0,
        0,
        0,
        0.6,
        30,
        1,
        1.867,
        30,
        3.133,
        29.43,
        4.4,
        25,
        1,
        4.878,
        23.329,
        5.355,
        0,
        5.833,
        0
      ]
    },
    {
      "Target": "Parameter",
      "Id": "ParamEyeLOpen",
      "Segments": [
        0,
        1,
        1,
        0.167,
        1,
        0.333,
        0.75,
        0.5,
        0.5,
        1,
        0.667,
        0.25,
        0.833,
        0.2,
        1,
        0.2,
        0,
        1.767,
        0.5,
        1,
        2.056,
        0.5,
        2.344,
        0.352,
        2.633,
        0.2,
        1,
        2.944,
        0.037,
        3.256,
        0,
        3.567,
        0,
        1,
        3.956,
        0,
        4.344,
        0.02,
        4.733,
        0.1,
        1,
        4.811,
        0.116,
        4.889,
        1,
        4.967,
        1,
        0,
        5.233,
        0.7,
        0,
        5.833,
        1
      ]
    },
    {
      "Target": "Parameter",
      "Id": "ParamEyeROpen",
      "Segments": [
        0,
        1,
        1,
        0.167,
        1,
        0.333,
        0.75,
        0.5,
        0.5,
        1,
        0.667,
        0.25,
        0.833,
        0.2,
        1,
        0.2,
        0,
        1.767,
        0.5,
        1,
        2.056,
        0.5,
        2.344,
        0.352,
        2.633,
        0.2,
        1,
        2.944,
        0.037,
        3.256,
        0,
        3.567,
        0,
        1,
        3.956,
        0,
        4.344,
        0.02,
        4.733,
        0.1,
        1,
        4.811,
        0.116,
        4.889,
        1,
        4.967,
        1,
        0,
        5.233,
        0.7,
        0,
        5.833,
        1
      ]
    },
    {
      "Target": "Parameter",
      "Id": "ParamEyeBallX",
      "Segments": [
        0,
        0,
        1,
        0.333,
        0,
        0.667,
        -0.271,
        1,
        -0.4,
        1,
        1.278,
        -0.508,
        1.555,
        -0.5,
        1.833,
        -0.5,
        0,
        2.6,
        -0.4,
        2,
        4.733,
        -0.4,
        0,
        4.967,
        0.1,
        0,
        5.833,
        0
      ]
    },
    {
      "Target": "Parameter",
      "Id": "ParamEyeBallY",
      "Segments": [
        0,
        0,
        0,
        1,
        -0.6,
        0,
        1.833,
        -0.2,
        1,
        2.089,
        -0.2,
        2.344,
        -0.539,
        2.6,
        -0.6,
        1,
        3.311,
        -0.77,
        4.022,
        -0.8,
        4.733,
        -0.8,
        0,
        4.967,
        0.6,
        0,
        5.833,
        0
      ]
    },
    {
      "Target": "Parameter",
      "Id": "ParamBrowLAngle",
      "Segments": [
        0,
        0,
        0,
        0.567,
        1,
        2,
        1.233,
        1,
        0,
        1.8,
        0.2,
        0,
        2.633,
        1,
        2,
        4.667,
        1,
        0,
        5.833,
        0
      ]
    },
    {
      "Target": "Parameter",
      "Id": "ParamBrowRAngle",
      "Segments": [
        0,
        0,
        0,
        0.567,
        1,
        2,
        1.233,
        1,
        0,
        1.8,
        0.2,
        0,
        2.633,
        1,
        2,
        4.667,
        1,
        0,
        5.833,
        0
      ]
    },
    {
      "Target": "Parameter",
      "Id": "ParamMouthOpenY",
      "Segments": [
        0,
        0.424,
        1,
        0.022,
        0.43,
        0.045,
        0.81,
        0.067,
        0.816,
        2,
        0.133,
        0.816,
        1,
        0.155,
        0.811,
        0.178,
        0.499,
        0.2,
        0.494,
        1,
        0.267,
        0.491,
        0.333,
        0.921,
        0.4,
        0.918,
        1,
        0.467,
        0.921,
        0.533,
        0.53,
        0.6,
        0.533,
        1,
        0.622,
        0.536,
        0.645,
        0.538,
        0.667,
        0.541,
        1,
        0.778,
        0.539,
        0.889,
        0.049,
        1,
        0.047,
        1,
        1.067,
        0.045,
        1.133,
        0.371,
        1.2,
        0.369,
        1,
        1.267,
        0.372,
        1.333,
        -0.003,
        1.4,
        0,
        1,
        1.444,
        0,
        1.489,
        0.134,
        1.533,
        0.312,
        1,
        1.589,
        0.53,
        1.644,
        0.836,
        1.7,
        1,
        2,
        1.833,
        1,
        1,
        1.866,
        0.801,
        1.9,
        0.189,
        1.933,
        0.204,
        1,
        1.966,
        0.204,
        2,
        0.711,
        2.033,
        0.965,
        3,
        2.067,
        1,
        1,
        2.078,
        1.028,
        2.089,
        0.982,
        2.1,
        0.773,
        1,
        2.111,
        0.615,
        2.122,
        0.431,
        2.133,
        0.439,
        1,
        2.155,
        0.445,
        2.178,
        0.685,
        2.2,
        0.945,
        3,
        2.233,
        1,
        2,
        2.267,
        1,
        2,
        2.3,
        0.761,
        1,
        2.311,
        0.435,
        2.322,
        0.054,
        2.333,
        0.071,
        1,
        2.366,
        0.041,
        2.4,
        0.825,
        2.433,
        1,
        2,
        2.467,
        1,
        2,
        2.5,
        0.757,
        1,
        2.511,
        0.51,
        2.522,
        0.223,
        2.533,
        0.235,
        1,
        2.578,
        0.22,
        2.622,
        1.057,
        2.667,
        1,
        1,
        2.689,
        1.037,
        2.711,
        0.192,
        2.733,
        0.188,
        1,
        2.744,
        0.172,
        2.756,
        0.552,
        2.767,
        0.878,
        3,
        2.8,
        1,
        2,
        2.9,
        1,
        2,
        2.933,
        0.984,
        1,
        2.978,
        0.696,
        3.022,
        0.397,
        3.067,
        0.4,
        1,
        3.089,
        0.403,
        3.111,
        0.601,
        3.133,
        0.604,
        1,
        3.289,
        0.602,
        3.444,
        0.002,
        3.6,
        0,
        2,
        5.833,
        0
      ]
    },
    {
      "Target": "Parameter",
      "Id": "ParamEmotionSleep",
      "Segments": [
        0,
        0,
        0,
        3.167,
        1,
        2,
        4.633,
        1,
        0,
        4.7,
        0,
        2,
        5.833,
        0
      ]
    },
    {
      "Target": "Parameter",
      "Id": "ParamEmosleepy",
      "Segments": [
        0,
        0,
        2,
        3.167,
        0,
        1,
        3.645,
        0,
        4.122,
        0.627,
        4.6,
        1.9,
        1,
        4.622,
        1.959,
        4.645,
        2,
        4.667,
        2,
        0,
        5.833,
        0
      ]
    },
    {
      "Target": "Parameter",
      "Id": "ParamAngleX",
      "Segments": [
        0,
        0,
        0,
        0.667,
        -21,
        0,
        2.567,
        12,
        1,
        2.9,
        12,
        3.234,
        12.081,
        3.567,
        11,
        1,
        3.811,
        10.207,
        4.056,
        -0.7,
        4.3,
        -7,
        1,
        4.389,
        -9.291,
        4.478,
        -11,
        4.567,
        -11,
        0,
        4.9,
        16,
        0,
        5.833,
        0
      ]
    },
    {
      "Target": "Parameter",
      "Id": "ParamAngleY",
      "Segments": [
        0,
        0,
        0,
        0.667,
        18,
        0,
        2.567,
        -11,
        1,
        2.9,
        -11,
        3.234,
        4.142,
        3.567,
        9,
        1,
        3.811,
        12.563,
        4.056,
        12,
        4.3,
        12,
        0,
        4.567,
        -30,
        0,
        4.9,
        20,
        0,
        5.833,
        0
      ]
    },
    {
      "Target": "Parameter",
      "Id": "ParamAngleZ",
      "Segments": [
        0,
        0,
        0,
        0.767,
        8,
        0,
        2.633,
        -20,
        0,
        3.633,
        -4,
        0,
        4.3,
        -30,
        2,
        4.567,
        -30,
        0,
        4.9,
        18,
        0,
        5.833,
        0
      ]
    },
    {
      "Target": "Parameter",
      "Id": "ParamEyeRSmile",
      "Segments": [
        0,
        0,
        0,
        5.833,
        0
      ]
    },
    {
      "Target": "Parameter",
      "Id": "ParamBrowLX",
      "Segments": [
        0,
        0,
        0,
        5.833,
        0
      ]
    },
    {
      "Target": "Parameter",
      "Id": "ParamBrowRX",
      "Segments": [
        0,
        0,
        0,
        5.833,
        0
      ]
    },
    {
      "Target": "Parameter",
      "Id": "ParamBrowLForm",
      "Segments": [
        0,
        0,
        0,
        5.833,
        0
      ]
    },
    {
      "Target": "Parameter",
      "Id": "ParamBrowRForm",
      "Segments": [
        0,
        0,
        0,
        5.833,
        0
      ]
    },
    {
      "Target": "Parameter",
      "Id": "ParamCheek",
      "Segments": [
        0,
        0,
        0,
        5.833,
        0
      ]
    },
    {
      "Target": "Parameter",
      "Id": "ParamBodyAngleY",
      "Segments": [
        0,
        0,
        0,
        5.833,
        0
      ]
    },
    {
      "Target": "Parameter",
      "Id": "ParamBreath",
      "Segments": [
        0,
        0,
        0,
        5.833,
        0
      ]
    },
    {
      "Target": "Parameter",
      "Id": "ParamLhandchange",
      "Segments": [
        0,
        0,
        0,
        5.833,
        0
      ]
    },
    {
      "Target": "Parameter",
      "Id": "ParamRhandchange",
      "Segments": [
        0,
        0,
        0,
        5.833,
        0
      ]
    },
    {
      "Target": "Parameter",
      "Id": "ParamTailzhamao",
      "Segments": [
        0,
        0,
        0,
        5.833,
        0
      ]
    },
    {
      "Target": "Parameter",
      "Id": "ParamEyeLSmile",
      "Segments": [
        0,
        0,
        0,
        5.833,
        0
      ]
    },
    {
      "Target": "Parameter",
      "Id": "ParamEye",
      "Segments": [
        0,
        1,
        0,
        5.833,
        1
      ]
    },
    {
      "Target": "Parameter",
      "Id": "ParamBrowLY",
      "Segments": [
        0,
        0,
        0,
        5.833,
        0
      ]
    },
    {
      "Target": "Parameter",
      "Id": "ParamBrowRY",
      "Segments": [
        0,
        0,
        0,
        5.833,
        0
      ]
    },
    {
      "Target": "Parameter",
      "Id": "ParamMouthForm",
      "Segments": [
        0,
        0,
        0,
        5.833,
        0
      ]
    },
    {
      "Target": "Parameter",
      "Id": "ParamEmoshinning",
      "Segments": [
        0,
        0,
        0,
        5.833,
        0
      ]
    },
    {
      "Target": "Parameter",
      "Id": "ParamEmotionquestion",
      "Segments": [
        0,
        0,
        0,
        5.833,
        0
      ]
    },
    {
      "Target": "Parameter",
      "Id": "ParamEmotionshining",
      "Segments": [
        0,
        -1,
        0,
        5.833,
        -1
      ]
    },
    {
      "Target": "Parameter",
      "Id": "ParamEmoangry",
      "Segments": [
        0,
        0,
        0,
        5.833,
        0
      ]
    },
    {
      "Target": "Parameter",
      "Id": "ParamEmoshame",
      "Segments": [
        0,
        0,
        0,
        5.833,
        0
      ]
    }
  ],
  "UserData": [
    {
      "Time": 0.0,
      "Value": "characterVoice_4_4"
    },
    {
      "Time": 0.0,
      "Value": ""
    }
  ]
}