{
  "Version": 3,
  "Meta": {
    "Duration": 5.933,
    "Fps": 30.0,
    "Loop": true,
    "AreBeziersRestricted": true,
    "CurveCount": 80,
    "TotalSegmentCount": 502,
    "TotalPointCount": 982,
    "UserDataCount": 2,
    "TotalUserDataSize": 20
  },
  "Curves": [
    {
      "Target": "Parameter",
      "Id": "ParamCatx",
      "Segments": [
        0,
        0,
        0,
        0.4,
        1,
        0,
        1.133,
        -1,
        0,
        2.067,
        3,
        1,
        2.434,
        3,
        2.8,
        2.413,
        3.167,
        1,
        1,
        3.489,
        -0.242,
        3.811,
        -1,
        4.133,
        -1,
        0,
        5.1,
        1,
        1,
        5.378,
        1,
        5.655,
        1.11,
        5.933,
        0
      ]
    },
    {
      "Target": "Parameter",
      "Id": "ParamCaty",
      "Segments": [
        0,
        0,
        0,
        0.4,
        -11,
        0,
        1.133,
        5,
        0,
        2.067,
        -12,
        0,
        3.167,
        9,
        0,
        4.133,
        -8,
        0,
        5.1,
        6,
        0,
        5.933,
        0
      ]
    },
    {
      "Target": "Parameter",
      "Id": "ParamCatshiba1",
      "Segments": [
        0,
        0,
        2,
        0.333,
        0,
        0,
        0.733,
        -18,
        1,
        0.878,
        -18,
        1.022,
        -14.597,
        1.167,
        -2,
        1,
        1.3,
        9.628,
        1.434,
        20,
        1.567,
        20,
        1,
        1.722,
        20,
        1.878,
        12.99,
        2.033,
        0,
        1,
        2.189,
        -12.99,
        2.344,
        -19,
        2.5,
        -19,
        1,
        2.667,
        -19,
        2.833,
        -14.069,
        3,
        -1,
        1,
        3.144,
        10.326,
        3.289,
        18,
        3.433,
        18,
        1,
        3.589,
        18,
        3.744,
        11.916,
        3.9,
        -1,
        1,
        4.033,
        -12.071,
        4.167,
        -18,
        4.3,
        -18,
        1,
        4.456,
        -18,
        4.611,
        -10.321,
        4.767,
        1,
        1,
        4.9,
        10.704,
        5.034,
        14,
        5.167,
        14,
        0,
        5.567,
        -2,
        0,
        5.933,
        0
      ]
    },
    {
      "Target": "Parameter",
      "Id": "ParamCatshiba2",
      "Segments": [
        0,
        0,
        0,
        0.333,
        12,
        1,
        0.466,
        12,
        0.6,
        6.559,
        0.733,
        -4,
        1,
        0.878,
        -15.439,
        1.022,
        -21,
        1.167,
        -21,
        1,
        1.3,
        -21,
        1.434,
        -8.472,
        1.567,
        1,
        1,
        1.722,
        12.05,
        1.878,
        14,
        2.033,
        14,
        1,
        2.189,
        14,
        2.344,
        6,
        2.5,
        -4,
        1,
        2.667,
        -14.714,
        2.833,
        -18,
        3,
        -18,
        1,
        3.144,
        -18,
        3.289,
        -14.261,
        3.433,
        -5,
        1,
        3.589,
        4.973,
        3.744,
        11,
        3.9,
        11,
        1,
        4.033,
        11,
        4.167,
        2.309,
        4.3,
        -6,
        1,
        4.456,
        -15.693,
        4.611,
        -18,
        4.767,
        -18,
        1,
        4.9,
        -18,
        5.034,
        -8.188,
        5.167,
        1,
        1,
        5.3,
        10.188,
        5.434,
        12,
        5.567,
        12,
        1,
        5.689,
        12,
        5.811,
        0.407,
        5.933,
        0
      ]
    },
    {
      "Target": "Parameter",
      "Id": "ParamCathead",
      "Segments": [
        0,
        0,
        0,
        0.6,
        30,
        0,
        1.633,
        -19,
        0,
        3.233,
        30,
        0,
        4.8,
        -15,
        1,
        5.178,
        -15,
        5.555,
        -10.298,
        5.933,
        0
      ]
    },
    {
      "Target": "Parameter",
      "Id": "ParamCateye",
      "Segments": [
        0,
        1,
        2,
        4.067,
        1,
        0,
        4.433,
        0,
        0,
        4.867,
        1,
        2,
        5.933,
        1
      ]
    },
    {
      "Target": "Parameter",
      "Id": "ParamCatlarm",
      "Segments": [
        0,
        0,
        0,
        1.167,
        -12,
        0,
        2.867,
        19,
        0,
        4.533,
        -21,
        0,
        5.933,
        0
      ]
    },
    {
      "Target": "Parameter",
      "Id": "ParamCatlforearm",
      "Segments": [
        0,
        0,
        0,
        1.367,
        -5.956,
        0,
        3,
        6.968,
        0,
        4.633,
        -5,
        0,
        5.933,
        0
      ]
    },
    {
      "Target": "Parameter",
      "Id": "ParamCatlhand",
      "Segments": [
        0,
        0,
        0,
        1.467,
        -19,
        0,
        3.067,
        4,
        0,
        4.733,
        -19,
        0,
        5.933,
        0
      ]
    },
    {
      "Target": "Parameter",
      "Id": "ParamCatrarm",
      "Segments": [
        0,
        0,
        0,
        0.933,
        -17,
        0,
        3.033,
        11,
        0,
        4.667,
        -11,
        0,
        5.933,
        0
      ]
    },
    {
      "Target": "Parameter",
      "Id": "ParamCatrforearm",
      "Segments": [
        0,
        0,
        0,
        1.1,
        -10,
        0,
        3.167,
        5,
        0,
        4.8,
        -8,
        0,
        5.933,
        0
      ]
    },
    {
      "Target": "Parameter",
      "Id": "ParamCatrhand",
      "Segments": [
        0,
        0,
        0,
        1.267,
        -15,
        0,
        3.267,
        10,
        0,
        4.967,
        -9,
        0,
        5.933,
        0
      ]
    },
    {
      "Target": "Parameter",
      "Id": "ParamCatlleg",
      "Segments": [
        0,
        0,
        0,
        1.033,
        -12,
        0,
        2.867,
        7,
        0,
        4.767,
        -11,
        0,
        5.933,
        0
      ]
    },
    {
      "Target": "Parameter",
      "Id": "ParamCatlforeleg",
      "Segments": [
        0,
        0,
        0,
        1.233,
        -9,
        0,
        3.033,
        10,
        0,
        4.933,
        -8,
        0,
        5.933,
        0
      ]
    },
    {
      "Target": "Parameter",
      "Id": "ParamCatrleg",
      "Segments": [
        0,
        0,
        0,
        1.4,
        -10,
        0,
        3.267,
        9,
        0,
        5.033,
        -10,
        0,
        5.933,
        0
      ]
    },
    {
      "Target": "Parameter",
      "Id": "ParamCatrforeleg",
      "Segments": [
        0,
        0,
        0,
        1.6,
        -11,
        0,
        3.367,
        9,
        0,
        5.167,
        -8,
        0,
        5.933,
        0
      ]
    },
    {
      "Target": "Parameter",
      "Id": "ParamCloth1",
      "Segments": [
        0,
        0,
        0,
        0.267,
        -13,
        1,
        0.367,
        -13,
        0.467,
        -6.717,
        0.567,
        1,
        1,
        0.711,
        12.147,
        0.856,
        16,
        1,
        16,
        1,
        1.1,
        16,
        1.2,
        11.594,
        1.3,
        0,
        1,
        1.411,
        -12.882,
        1.522,
        -21,
        1.633,
        -21,
        1,
        1.755,
        -21,
        1.878,
        -12.913,
        2,
        0,
        1,
        2.122,
        12.913,
        2.245,
        18,
        2.367,
        18,
        1,
        2.489,
        18,
        2.611,
        12.486,
        2.733,
        -1,
        1,
        2.833,
        -12.034,
        2.933,
        -19,
        3.033,
        -19,
        1,
        3.155,
        -19,
        3.278,
        -14.438,
        3.4,
        -1,
        1,
        3.522,
        12.438,
        3.645,
        22,
        3.767,
        22,
        1,
        3.9,
        22,
        4.034,
        14.272,
        4.167,
        -1,
        1,
        4.278,
        -13.727,
        4.389,
        -20,
        4.5,
        -20,
        1,
        4.622,
        -20,
        4.745,
        -12.806,
        4.867,
        -1,
        1,
        4.978,
        9.733,
        5.089,
        14,
        5.2,
        14,
        0,
        5.533,
        -1,
        0,
        5.933,
        0
      ]
    },
    {
      "Target": "Parameter",
      "Id": "ParamCloth2",
      "Segments": [
        0,
        0,
        0,
        0.267,
        1,
        0,
        0.567,
        -19,
        1,
        0.711,
        -19,
        0.856,
        -15.052,
        1,
        0,
        1,
        1.1,
        10.42,
        1.2,
        22,
        1.3,
        22,
        1,
        1.411,
        22,
        1.522,
        12.033,
        1.633,
        -1,
        1,
        1.755,
        -15.336,
        1.878,
        -20,
        2,
        -20,
        1,
        2.122,
        -20,
        2.245,
        -13.667,
        2.367,
        -1,
        1,
        2.489,
        11.667,
        2.611,
        18,
        2.733,
        18,
        1,
        2.833,
        18,
        2.933,
        9.497,
        3.033,
        -2,
        1,
        3.155,
        -16.052,
        3.278,
        -21,
        3.4,
        -21,
        1,
        3.522,
        -21,
        3.645,
        -14.753,
        3.767,
        -2,
        1,
        3.9,
        11.912,
        4.034,
        19,
        4.167,
        19,
        1,
        4.278,
        19,
        4.389,
        9.312,
        4.5,
        -2,
        1,
        4.622,
        -14.443,
        4.745,
        -18,
        4.867,
        -18,
        1,
        4.978,
        -18,
        5.089,
        -12.667,
        5.2,
        -2,
        1,
        5.311,
        8.667,
        5.422,
        14,
        5.533,
        14,
        0,
        5.933,
        0
      ]
    },
    {
      "Target": "Parameter",
      "Id": "ParamHairFront",
      "Segments": [
        0,
        0,
        2,
        0.4,
        0,
        0,
        0.733,
        -0.6,
        1,
        0.878,
        -0.6,
        1.022,
        -0.445,
        1.167,
        0,
        1,
        1.278,
        0.342,
        1.389,
        0.6,
        1.5,
        0.6,
        1,
        1.667,
        0.6,
        1.833,
        0.443,
        2,
        0,
        1,
        2.156,
        -0.413,
        2.311,
        -0.7,
        2.467,
        -0.7,
        1,
        2.611,
        -0.7,
        2.756,
        -0.545,
        2.9,
        -0.1,
        1,
        3.033,
        0.31,
        3.167,
        0.6,
        3.3,
        0.6,
        1,
        3.433,
        0.6,
        3.567,
        0.4,
        3.7,
        0,
        1,
        3.833,
        -0.4,
        3.967,
        -0.6,
        4.1,
        -0.6,
        1,
        4.256,
        -0.6,
        4.411,
        -0.428,
        4.567,
        0,
        1,
        4.7,
        0.367,
        4.834,
        0.6,
        4.967,
        0.6,
        0,
        5.4,
        0,
        2,
        5.933,
        0
      ]
    },
    {
      "Target": "Parameter",
      "Id": "ParamFore2",
      "Segments": [
        0,
        0,
        0,
        0.4,
        18,
        1,
        0.511,
        18,
        0.622,
        5.577,
        0.733,
        -4,
        1,
        0.878,
        -16.45,
        1.022,
        -19,
        1.167,
        -19,
        1,
        1.278,
        -19,
        1.389,
        -9.695,
        1.5,
        0,
        1,
        1.667,
        14.542,
        1.833,
        19,
        2,
        19,
        1,
        2.156,
        19,
        2.311,
        8.677,
        2.467,
        -4,
        1,
        2.611,
        -15.772,
        2.756,
        -19,
        2.9,
        -19,
        1,
        3.033,
        -19,
        3.167,
        -14.507,
        3.3,
        -2,
        1,
        3.433,
        10.507,
        3.567,
        19,
        3.7,
        19,
        1,
        3.833,
        19,
        3.967,
        7.612,
        4.1,
        -4,
        1,
        4.256,
        -17.547,
        4.411,
        -21,
        4.567,
        -21,
        1,
        4.7,
        -21,
        4.834,
        -13.78,
        4.967,
        -2,
        1,
        5.111,
        10.761,
        5.256,
        16,
        5.4,
        16,
        1,
        5.578,
        16,
        5.755,
        1.425,
        5.933,
        0
      ]
    },
    {
      "Target": "Parameter",
      "Id": "ParamHairSide",
      "Segments": [
        0,
        0,
        2,
        0.467,
        0,
        0,
        0.8,
        -0.6,
        1,
        0.956,
        -0.6,
        1.111,
        -0.428,
        1.267,
        0,
        1,
        1.4,
        0.367,
        1.534,
        0.6,
        1.667,
        0.6,
        1,
        1.834,
        0.6,
        2,
        0.454,
        2.167,
        0,
        1,
        2.311,
        -0.394,
        2.456,
        -0.7,
        2.6,
        -0.7,
        1,
        2.733,
        -0.7,
        2.867,
        -0.529,
        3,
        -0.1,
        1,
        3.156,
        0.4,
        3.311,
        0.7,
        3.467,
        0.7,
        1,
        3.6,
        0.7,
        3.734,
        0.431,
        3.867,
        0,
        1,
        4,
        -0.431,
        4.134,
        -0.6,
        4.267,
        -0.6,
        1,
        4.411,
        -0.6,
        4.556,
        -0.498,
        4.7,
        -0.1,
        1,
        4.833,
        0.268,
        4.967,
        0.6,
        5.1,
        0.6,
        0,
        5.4,
        0,
        2,
        5.933,
        0
      ]
    },
    {
      "Target": "Parameter",
      "Id": "ParamSide2",
      "Segments": [
        0,
        0,
        0,
        0.467,
        18,
        1,
        0.578,
        18,
        0.689,
        5.407,
        0.8,
        -4,
        1,
        0.956,
        -17.17,
        1.111,
        -20,
        1.267,
        -20,
        1,
        1.4,
        -20,
        1.534,
        -17.149,
        1.667,
        -6,
        1,
        1.834,
        7.936,
        2,
        19,
        2.167,
        19,
        1,
        2.311,
        19,
        2.456,
        12.842,
        2.6,
        -1,
        1,
        2.733,
        -13.777,
        2.867,
        -21,
        3,
        -21,
        1,
        3.156,
        -21,
        3.311,
        -15.816,
        3.467,
        -1,
        1,
        3.6,
        11.699,
        3.734,
        21,
        3.867,
        21,
        1,
        4,
        21,
        4.134,
        11.931,
        4.267,
        -1,
        1,
        4.411,
        -15.009,
        4.556,
        -20,
        4.7,
        -20,
        1,
        4.833,
        -20,
        4.967,
        -15.914,
        5.1,
        -4,
        1,
        5.2,
        4.936,
        5.3,
        12,
        5.4,
        12,
        0,
        5.933,
        0
      ]
    },
    {
      "Target": "Parameter",
      "Id": "ParamHairBack",
      "Segments": [
        0,
        0,
        2,
        0.533,
        0,
        0,
        0.867,
        -0.6,
        1,
        1.022,
        -0.6,
        1.178,
        -0.379,
        1.333,
        0,
        1,
        1.478,
        0.352,
        1.622,
        0.5,
        1.767,
        0.5,
        1,
        1.934,
        0.5,
        2.1,
        0.326,
        2.267,
        -0.1,
        1,
        2.411,
        -0.47,
        2.556,
        -0.7,
        2.7,
        -0.7,
        1,
        2.878,
        -0.7,
        3.055,
        -0.462,
        3.233,
        0,
        1,
        3.389,
        0.404,
        3.544,
        0.6,
        3.7,
        0.6,
        1,
        3.833,
        0.6,
        3.967,
        0.431,
        4.1,
        0,
        1,
        4.233,
        -0.431,
        4.367,
        -0.7,
        4.5,
        -0.7,
        1,
        4.622,
        -0.7,
        4.745,
        -0.367,
        4.867,
        0,
        1,
        5.022,
        0.467,
        5.178,
        0.6,
        5.333,
        0.6,
        0,
        5.633,
        0,
        2,
        5.933,
        0
      ]
    },
    {
      "Target": "Parameter",
      "Id": "ParamBack2",
      "Segments": [
        0,
        0,
        0,
        0.533,
        16,
        1,
        0.644,
        16,
        0.756,
        9.192,
        0.867,
        -1,
        1,
        1.022,
        -15.269,
        1.178,
        -21,
        1.333,
        -21,
        1,
        1.478,
        -21,
        1.622,
        -14.69,
        1.767,
        -2,
        1,
        1.934,
        12.643,
        2.1,
        20,
        2.267,
        20,
        1,
        2.411,
        20,
        2.556,
        10.233,
        2.7,
        -2,
        1,
        2.878,
        -17.056,
        3.055,
        -22,
        3.233,
        -22,
        1,
        3.389,
        -22,
        3.544,
        -15.282,
        3.7,
        -2,
        1,
        3.833,
        9.384,
        3.967,
        15,
        4.1,
        15,
        1,
        4.233,
        15,
        4.367,
        11.481,
        4.5,
        0,
        1,
        4.622,
        -10.524,
        4.745,
        -19,
        4.867,
        -19,
        1,
        5.022,
        -19,
        5.178,
        -16.146,
        5.333,
        -5,
        1,
        5.433,
        2.166,
        5.533,
        11,
        5.633,
        11,
        0,
        5.933,
        0
      ]
    },
    {
      "Target": "Parameter",
      "Id": "ParamWX",
      "Segments": [
        0,
        0,
        0,
        0.9,
        11,
        0,
        1.6,
        -28,
        1,
        2.033,
        -28,
        2.467,
        -12.343,
        2.9,
        -9,
        1,
        3.911,
        -1.2,
        4.922,
        0,
        5.933,
        0
      ]
    },
    {
      "Target": "Parameter",
      "Id": "ParamWy",
      "Segments": [
        0,
        0,
        1,
        0.267,
        0,
        0.533,
        -0.152,
        0.8,
        1,
        1,
        1.033,
        2.008,
        1.267,
        12,
        1.5,
        12,
        0,
        3.1,
        1,
        0,
        5.033,
        12,
        0,
        5.933,
        0
      ]
    },
    {
      "Target": "Parameter",
      "Id": "ParamWZ",
      "Segments": [
        0,
        0,
        0,
        0.7,
        -30,
        1,
        0.922,
        -30,
        1.145,
        -1.111,
        1.367,
        -1,
        1,
        2.889,
        -0.237,
        4.411,
        0,
        5.933,
        0
      ]
    },
    {
      "Target": "Parameter",
      "Id": "ParamBodyAngleX",
      "Segments": [
        0,
        0,
        0,
        1.333,
        10,
        0,
        3,
        -10,
        0,
        4.967,
        10,
        0,
        5.933,
        0
      ]
    },
    {
      "Target": "Parameter",
      "Id": "ParamBodyAngleZ",
      "Segments": [
        0,
        0,
        0,
        0.7,
        -10,
        0,
        1.333,
        10,
        0,
        2.333,
        -1,
        0,
        3.233,
        2,
        0,
        4.4,
        -2,
        0,
        5.267,
        1,
        0,
        5.933,
        0
      ]
    },
    {
      "Target": "Parameter",
      "Id": "ParamLarm",
      "Segments": [
        0,
        0,
        0,
        0.7,
        7,
        0,
        1.3,
        -23,
        0,
        3.067,
        -5,
        0,
        4.7,
        -12,
        0,
        5.933,
        0
      ]
    },
    {
      "Target": "Parameter",
      "Id": "ParamLforearm",
      "Segments": [
        0,
        0,
        0,
        0.767,
        26,
        1,
        0.978,
        26,
        1.189,
        9.699,
        1.4,
        5,
        1,
        1.856,
        -5.14,
        2.311,
        -7,
        2.767,
        -7,
        0,
        4.767,
        14,
        0,
        5.933,
        0
      ]
    },
    {
      "Target": "Parameter",
      "Id": "ParamLhand",
      "Segments": [
        0,
        0,
        1,
        0.5,
        0,
        1,
        6.521,
        1.5,
        9,
        1,
        2.022,
        11.589,
        2.545,
        11.466,
        3.067,
        14,
        1,
        3.634,
        16.749,
        4.2,
        22,
        4.767,
        22,
        0,
        5.933,
        0
      ]
    },
    {
      "Target": "Parameter",
      "Id": "ParamLhandchange",
      "Segments": [
        0,
        0,
        2,
        0.767,
        0,
        0,
        1.067,
        1,
        2,
        1.5,
        1,
        0,
        1.767,
        0,
        2,
        5.933,
        0
      ]
    },
    {
      "Target": "Parameter",
      "Id": "ParamRarm",
      "Segments": [
        0,
        0,
        0,
        0.7,
        28,
        0,
        1.3,
        -30,
        0,
        2.1,
        25,
        1,
        2.422,
        25,
        2.745,
        24.648,
        3.067,
        18,
        1,
        3.611,
        6.768,
        4.156,
        -5,
        4.7,
        -5,
        1,
        5.111,
        -5,
        5.522,
        -3.258,
        5.933,
        0
      ]
    },
    {
      "Target": "Parameter",
      "Id": "ParamRforearm",
      "Segments": [
        0,
        0,
        0,
        0.767,
        29,
        1,
        0.967,
        29,
        1.167,
        18.051,
        1.367,
        7,
        1,
        1.856,
        -20.014,
        2.344,
        -30,
        2.833,
        -30,
        0,
        4.767,
        30,
        0,
        5.933,
        0
      ]
    },
    {
      "Target": "Parameter",
      "Id": "ParamRforearm2",
      "Segments": [
        0,
        0,
        0,
        0.767,
        1,
        1,
        0.967,
        1,
        1.167,
        -20.893,
        1.367,
        -22,
        1,
        1.856,
        -24.707,
        2.344,
        -26.715,
        2.833,
        -28,
        1,
        3.478,
        -29.694,
        4.122,
        -30,
        4.767,
        -30,
        1,
        5.156,
        -30,
        5.544,
        -4.792,
        5.933,
        0
      ]
    },
    {
      "Target": "Parameter",
      "Id": "ParamRhand",
      "Segments": [
        0,
        0,
        0,
        1.467,
        2,
        0,
        3.067,
        -8,
        2,
        4.7,
        -8,
        1,
        5.111,
        -8,
        5.522,
        -4.412,
        5.933,
        0
      ]
    },
    {
      "Target": "Parameter",
      "Id": "ParamRhandy",
      "Segments": [
        0,
        0,
        0,
        1.467,
        30,
        0,
        3.2,
        0,
        0,
        4.833,
        10,
        0,
        5.933,
        0
      ]
    },
    {
      "Target": "Parameter",
      "Id": "ParamRhandchange",
      "Segments": [
        0,
        0,
        2,
        0.8,
        0,
        0,
        1.167,
        1,
        2,
        1.467,
        1,
        0,
        1.733,
        0,
        2,
        5.933,
        0
      ]
    },
    {
      "Target": "Parameter",
      "Id": "ParamLleg",
      "Segments": [
        0,
        0,
        0,
        0.633,
        -22,
        0,
        1.433,
        30,
        0,
        2.933,
        -30,
        2,
        3.6,
        -30,
        1,
        3.922,
        -30,
        4.245,
        -13.301,
        4.567,
        -8,
        1,
        5.022,
        -0.505,
        5.478,
        0,
        5.933,
        0
      ]
    },
    {
      "Target": "Parameter",
      "Id": "ParamLforeleg",
      "Segments": [
        0,
        0,
        1,
        0.211,
        0,
        0.422,
        -7.757,
        0.633,
        -12,
        1,
        0.9,
        -17.36,
        1.166,
        -18,
        1.433,
        -18,
        0,
        2.933,
        1,
        0,
        3.567,
        -16,
        0,
        4.267,
        0,
        0,
        4.867,
        -26,
        0,
        5.933,
        0
      ]
    },
    {
      "Target": "Parameter",
      "Id": "ParamLfoot",
      "Segments": [
        0,
        0,
        0,
        0.833,
        -28,
        0,
        1.6,
        20,
        0,
        3.067,
        -21,
        1,
        3.267,
        -21,
        3.467,
        -21.319,
        3.667,
        -15,
        1,
        3.922,
        -6.926,
        4.178,
        11,
        4.433,
        11,
        0,
        5.067,
        -16,
        0,
        5.933,
        0
      ]
    },
    {
      "Target": "Parameter",
      "Id": "ParamRleg",
      "Segments": [
        0,
        0,
        0,
        0.633,
        -30,
        0,
        1.433,
        16,
        1,
        1.933,
        16,
        2.433,
        -13.101,
        2.933,
        -25,
        1,
        3.2,
        -31.346,
        3.466,
        -30,
        3.733,
        -30,
        1,
        4.011,
        -30,
        4.289,
        -6.404,
        4.567,
        -4,
        1,
        5.022,
        -0.058,
        5.478,
        0,
        5.933,
        0
      ]
    },
    {
      "Target": "Parameter",
      "Id": "ParamRforeleg",
      "Segments": [
        0,
        0,
        0,
        0.633,
        30,
        0,
        1.433,
        14,
        0,
        2.567,
        30,
        2,
        3.2,
        30,
        0,
        4.267,
        11,
        0,
        4.967,
        24,
        1,
        5.289,
        24,
        5.611,
        3.145,
        5.933,
        0
      ]
    },
    {
      "Target": "Parameter",
      "Id": "ParamRfoot",
      "Segments": [
        0,
        0,
        0,
        0.367,
        -10,
        0,
        0.8,
        0,
        0,
        1.567,
        -30,
        1,
        1.934,
        -30,
        2.3,
        -6.681,
        2.667,
        -1,
        1,
        2.856,
        1.926,
        3.044,
        1,
        3.233,
        1,
        0,
        4.4,
        -24,
        0,
        5.133,
        1,
        1,
        5.4,
        1,
        5.666,
        1.32,
        5.933,
        0
      ]
    },
    {
      "Target": "Parameter",
      "Id": "ParamTail1",
      "Segments": [
        0,
        0,
        2,
        0.3,
        0,
        0,
        0.667,
        -21,
        1,
        0.745,
        -21,
        0.822,
        -11.244,
        0.9,
        -1,
        1,
        1.011,
        13.634,
        1.122,
        18,
        1.233,
        18,
        2,
        1.567,
        18,
        1,
        1.7,
        18,
        1.834,
        8.641,
        1.967,
        -2,
        1,
        2.122,
        -14.415,
        2.278,
        -18,
        2.433,
        -18,
        1,
        2.566,
        -18,
        2.7,
        -14.267,
        2.833,
        -1,
        1,
        3,
        15.583,
        3.166,
        28,
        3.333,
        28,
        1,
        3.511,
        28,
        3.689,
        15.641,
        3.867,
        1,
        1,
        4.056,
        -14.557,
        4.244,
        -19,
        4.433,
        -19,
        1,
        4.589,
        -19,
        4.744,
        -15.217,
        4.9,
        0,
        1,
        5.056,
        15.217,
        5.211,
        29,
        5.367,
        29,
        1,
        5.556,
        29,
        5.744,
        18.013,
        5.933,
        0
      ]
    },
    {
      "Target": "Parameter",
      "Id": "ParamTail2",
      "Segments": [
        0,
        0,
        0,
        0.3,
        16,
        1,
        0.422,
        16,
        0.545,
        12.129,
        0.667,
        -1,
        1,
        0.745,
        -9.355,
        0.822,
        -18,
        0.9,
        -18,
        1,
        1.011,
        -18,
        1.122,
        -16.662,
        1.233,
        -11,
        1,
        1.278,
        -8.735,
        1.322,
        -2,
        1.367,
        -2,
        0,
        1.467,
        -12,
        1,
        1.5,
        -12,
        1.534,
        -12.804,
        1.567,
        -11,
        1,
        1.7,
        -3.784,
        1.834,
        14,
        1.967,
        14,
        1,
        2.122,
        14,
        2.278,
        9.696,
        2.433,
        -1,
        1,
        2.566,
        -10.168,
        2.7,
        -16,
        2.833,
        -16,
        1,
        3,
        -16,
        3.166,
        -9.952,
        3.333,
        0,
        1,
        3.511,
        10.615,
        3.689,
        15,
        3.867,
        15,
        1,
        4.056,
        15,
        4.244,
        5.817,
        4.433,
        -5,
        1,
        4.589,
        -13.908,
        4.744,
        -16,
        4.9,
        -16,
        1,
        5.056,
        -16,
        5.211,
        -3.754,
        5.367,
        -2,
        1,
        5.556,
        0.13,
        5.744,
        0,
        5.933,
        0
      ]
    },
    {
      "Target": "Parameter",
      "Id": "ParamEyeLOpen",
      "Segments": [
        0,
        1,
        0,
        0.3,
        0.8,
        0,
        0.8,
        1,
        0,
        1.233,
        0,
        2,
        1.567,
        0,
        0,
        1.967,
        1,
        2,
        3.467,
        1,
        0,
        4.433,
        0.6,
        0,
        5.233,
        1,
        2,
        5.933,
        1
      ]
    },
    {
      "Target": "Parameter",
      "Id": "ParamEyeLSmile",
      "Segments": [
        0,
        0,
        0,
        0.8,
        1,
        2,
        1.233,
        1,
        2,
        5.233,
        1,
        0,
        5.933,
        0
      ]
    },
    {
      "Target": "Parameter",
      "Id": "ParamEyeROpen",
      "Segments": [
        0,
        1,
        0,
        0.3,
        0.8,
        0,
        0.8,
        1,
        0,
        1.233,
        0,
        2,
        1.567,
        0,
        0,
        1.967,
        1,
        2,
        3.467,
        1,
        0,
        4.433,
        0.6,
        0,
        5.233,
        1,
        2,
        5.933,
        1
      ]
    },
    {
      "Target": "Parameter",
      "Id": "ParamEyeBallX",
      "Segments": [
        0,
        0,
        2,
        1.233,
        0,
        1,
        1.478,
        0,
        1.722,
        0.002,
        1.967,
        0.1,
        1,
        2.145,
        0.171,
        2.322,
        0.4,
        2.5,
        0.4,
        0,
        2.967,
        -0.5,
        1,
        3.145,
        -0.5,
        3.322,
        -0.01,
        3.5,
        0.1,
        1,
        4.033,
        0.431,
        4.567,
        0.5,
        5.1,
        0.5,
        0,
        5.933,
        0
      ]
    },
    {
      "Target": "Parameter",
      "Id": "ParamEyeBallY",
      "Segments": [
        0,
        0,
        0,
        1.233,
        -0.6,
        0,
        1.967,
        0.4,
        1,
        2.145,
        0.4,
        2.322,
        0.214,
        2.5,
        0.1,
        1,
        2.656,
        0,
        2.811,
        0,
        2.967,
        0,
        0,
        3.5,
        0.2,
        0,
        5.1,
        -0.2,
        1,
        5.378,
        -0.2,
        5.655,
        -0.101,
        5.933,
        0
      ]
    },
    {
      "Target": "Parameter",
      "Id": "ParamMouthOpenY",
      "Segments": [
        0,
        1,
        2,
        0.1,
        1,
        1,
        0.133,
        0.861,
        0.167,
        0.453,
        0.2,
        0.478,
        1,
        0.211,
        0.473,
        0.222,
        0.579,
        0.233,
        0.714,
        1,
        0.244,
        0.837,
        0.256,
        1.105,
        0.267,
        1,
        2,
        0.4,
        1,
        1,
        0.411,
        1.014,
        0.422,
        1.005,
        0.433,
        0.806,
        1,
        0.444,
        0.681,
        0.456,
        0.583,
        0.467,
        0.588,
        1,
        0.478,
        0.56,
        0.489,
        0.875,
        0.5,
        1,
        2,
        0.7,
        1,
        2,
        0.733,
        0.961,
        1,
        0.755,
        0.645,
        0.778,
        0.352,
        0.8,
        0.345,
        1,
        0.844,
        0.341,
        0.889,
        0.659,
        0.933,
        0.965,
        3,
        0.967,
        1,
        2,
        1.367,
        1,
        1,
        1.378,
        1.038,
        1.389,
        0.951,
        1.4,
        0.835,
        1,
        1.411,
        0.738,
        1.422,
        0.619,
        1.433,
        0.529,
        1,
        1.466,
        0.235,
        1.5,
        0,
        1.533,
        0,
        2,
        1.733,
        0,
        1,
        1.766,
        -0.048,
        1.8,
        0.884,
        1.833,
        1,
        2,
        2,
        1,
        1,
        2.022,
        1.029,
        2.045,
        0.925,
        2.067,
        0.941,
        1,
        2.078,
        0.94,
        2.089,
        0.957,
        2.1,
        0.979,
        3,
        2.133,
        1,
        2,
        2.2,
        1,
        1,
        2.211,
        1.008,
        2.222,
        1.035,
        2.233,
        0.694,
        1,
        2.244,
        0.462,
        2.256,
        0.192,
        2.267,
        0.204,
        1,
        2.311,
        0.183,
        2.356,
        1.086,
        2.4,
        1,
        1,
        2.422,
        1.073,
        2.445,
        0.643,
        2.467,
        0.651,
        1,
        2.5,
        0.639,
        2.534,
        0.936,
        2.567,
        1,
        2,
        2.767,
        1,
        2,
        2.8,
        0.961,
        1,
        2.844,
        0.577,
        2.889,
        0,
        2.933,
        0,
        1,
        2.978,
        -0.008,
        3.022,
        1.004,
        3.067,
        0.996,
        1,
        3.111,
        1,
        3.156,
        0.553,
        3.2,
        0.557,
        1,
        3.222,
        0.558,
        3.245,
        0.619,
        3.267,
        0.62,
        1,
        3.334,
        0.622,
        3.4,
        0.264,
        3.467,
        0.267,
        1,
        3.478,
        0.252,
        3.489,
        0.606,
        3.5,
        0.91,
        3,
        3.533,
        1,
        2,
        3.567,
        1,
        2,
        3.6,
        0.902,
        1,
        3.622,
        0.568,
        3.645,
        0.259,
        3.667,
        0.251,
        1,
        3.689,
        0.258,
        3.711,
        0.699,
        3.733,
        0.706,
        1,
        3.755,
        0.698,
        3.778,
        0.212,
        3.8,
        0.204,
        1,
        3.822,
        0.203,
        3.845,
        0.306,
        3.867,
        0.434,
        1,
        3.9,
        0.623,
        3.934,
        0.938,
        3.967,
        1,
        2,
        4,
        1,
        2,
        4.033,
        0.926,
        1,
        4.066,
        0.618,
        4.1,
        0,
        4.133,
        0,
        1,
        4.144,
        -0.023,
        4.156,
        0.509,
        4.167,
        0.965,
        3,
        4.2,
        1,
        2,
        4.3,
        1,
        1,
        4.333,
        0.569,
        4.367,
        0.114,
        4.4,
        0.11,
        1,
        4.422,
        0.109,
        4.445,
        0.273,
        4.467,
        0.479,
        1,
        4.478,
        0.586,
        4.489,
        0.713,
        4.5,
        0.827,
        1,
        4.511,
        0.978,
        4.522,
        1.025,
        4.533,
        1,
        2,
        4.6,
        1,
        2,
        4.633,
        0.871,
        1,
        4.644,
        0.552,
        4.656,
        0.18,
        4.667,
        0.196,
        1,
        4.711,
        0.192,
        4.756,
        0.584,
        4.8,
        0.961,
        3,
        4.833,
        1,
        2,
        5,
        1,
        2,
        5.033,
        0.863,
        1,
        5.066,
        0.42,
        5.1,
        0.01,
        5.133,
        0,
        2,
        5.933,
        0
      ]
    },
    {
      "Target": "Parameter",
      "Id": "ParamAngleX",
      "Segments": [
        0,
        0,
        0,
        0.567,
        -12,
        1,
        0.789,
        -12,
        1.011,
        -3.537,
        1.233,
        12,
        1,
        1.411,
        24.43,
        1.589,
        30,
        1.767,
        30,
        2,
        2.233,
        30,
        0,
        2.833,
        -24,
        1,
        3.178,
        -24,
        3.522,
        -10.161,
        3.867,
        11,
        1,
        4,
        19.192,
        4.134,
        21,
        4.267,
        21,
        1,
        4.556,
        21,
        4.844,
        20.204,
        5.133,
        14,
        1,
        5.4,
        8.273,
        5.666,
        0,
        5.933,
        0
      ]
    },
    {
      "Target": "Parameter",
      "Id": "ParamAngleY",
      "Segments": [
        0,
        0,
        0,
        0.567,
        -16,
        0,
        1.233,
        25,
        0,
        1.767,
        -6,
        1,
        1.922,
        -6,
        2.078,
        21.089,
        2.233,
        25,
        1,
        2.433,
        30.028,
        2.633,
        30,
        2.833,
        30,
        1,
        3.178,
        30,
        3.522,
        24.53,
        3.867,
        4,
        1,
        4,
        -3.947,
        4.134,
        -22,
        4.267,
        -22,
        0,
        5.133,
        30,
        0,
        5.933,
        0
      ]
    },
    {
      "Target": "Parameter",
      "Id": "ParamAngleZ",
      "Segments": [
        0,
        0,
        0,
        0.567,
        -2,
        0,
        1.233,
        30,
        1,
        1.411,
        30,
        1.589,
        23.545,
        1.767,
        8,
        1,
        2.022,
        -14.347,
        2.278,
        -27,
        2.533,
        -27,
        0,
        3.233,
        9,
        0,
        4.3,
        8,
        0,
        4.933,
        27,
        0,
        5.933,
        0
      ]
    },
    {
      "Target": "Parameter",
      "Id": "ParamEyeRSmile",
      "Segments": [
        0,
        0,
        0,
        5.933,
        0
      ]
    },
    {
      "Target": "Parameter",
      "Id": "ParamBrowLX",
      "Segments": [
        0,
        0,
        0,
        5.933,
        0
      ]
    },
    {
      "Target": "Parameter",
      "Id": "ParamBrowRX",
      "Segments": [
        0,
        0,
        0,
        5.933,
        0
      ]
    },
    {
      "Target": "Parameter",
      "Id": "ParamBrowLForm",
      "Segments": [
        0,
        0,
        0,
        5.933,
        0
      ]
    },
    {
      "Target": "Parameter",
      "Id": "ParamBrowRForm",
      "Segments": [
        0,
        0,
        0,
        5.933,
        0
      ]
    },
    {
      "Target": "Parameter",
      "Id": "ParamCheek",
      "Segments": [
        0,
        0,
        0,
        5.933,
        0
      ]
    },
    {
      "Target": "Parameter",
      "Id": "ParamBodyAngleY",
      "Segments": [
        0,
        0,
        0,
        5.933,
        0
      ]
    },
    {
      "Target": "Parameter",
      "Id": "ParamBreath",
      "Segments": [
        0,
        0,
        0,
        5.933,
        0
      ]
    },
    {
      "Target": "Parameter",
      "Id": "ParamCatro",
      "Segments": [
        0,
        0,
        0,
        5.933,
        0
      ]
    },
    {
      "Target": "Parameter",
      "Id": "ParamTail3",
      "Segments": [
        0,
        0,
        0,
        5.933,
        0
      ]
    },
    {
      "Target": "Parameter",
      "Id": "ParamTailzhamao",
      "Segments": [
        0,
        0,
        0,
        5.933,
        0
      ]
    },
    {
      "Target": "Parameter",
      "Id": "ParamEye",
      "Segments": [
        0,
        1,
        0,
        5.933,
        1
      ]
    },
    {
      "Target": "Parameter",
      "Id": "ParamBrowLY",
      "Segments": [
        0,
        0,
        0,
        5.933,
        0
      ]
    },
    {
      "Target": "Parameter",
      "Id": "ParamBrowLAngle",
      "Segments": [
        0,
        0,
        0,
        5.933,
        0
      ]
    },
    {
      "Target": "Parameter",
      "Id": "ParamBrowRY",
      "Segments": [
        0,
        0,
        0,
        5.933,
        0
      ]
    },
    {
      "Target": "Parameter",
      "Id": "ParamBrowRAngle",
      "Segments": [
        0,
        0,
        0,
        5.933,
        0
      ]
    },
    {
      "Target": "Parameter",
      "Id": "ParamMouthForm",
      "Segments": [
        0,
        0,
        0,
        5.933,
        0
      ]
    },
    {
      "Target": "Parameter",
      "Id": "ParamEmotionSleep",
      "Segments": [
        0,
        0,
        0,
        5.933,
        0
      ]
    },
    {
      "Target": "Parameter",
      "Id": "ParamEmosleepy",
      "Segments": [
        0,
        0,
        0,
        5.933,
        0
      ]
    },
    {
      "Target": "Parameter",
      "Id": "ParamEmoshinning",
      "Segments": [
        0,
        0,
        0,
        5.933,
        0
      ]
    },
    {
      "Target": "Parameter",
      "Id": "ParamEmotionquestion",
      "Segments": [
        0,
        0,
        0,
        5.933,
        0
      ]
    },
    {
      "Target": "Parameter",
      "Id": "ParamEmotionshining",
      "Segments": [
        0,
        -1,
        0,
        5.933,
        -1
      ]
    },
    {
      "Target": "Parameter",
      "Id": "ParamEmoangry",
      "Segments": [
        0,
        0,
        0,
        5.933,
        0
      ]
    },
    {
      "Target": "Parameter",
      "Id": "ParamEmoshame",
      "Segments": [
        0,
        0,
        0,
        5.933,
        0
      ]
    }
  ],
  "UserData": [
    {
      "Time": 0.0,
      "Value": "characterVoice_1_5.5"
    },
    {
      "Time": 0.0,
      "Value": ""
    }
  ]
}