{
  "Version": 3,
  "Meta": {
    "Duration": 7.467,
    "Fps": 30.0,
    "Loop": true,
    "AreBeziersRestricted": true,
    "CurveCount": 80,
    "TotalSegmentCount": 432,
    "TotalPointCount": 894,
    "UserDataCount": 1,
    "TotalUserDataSize": 0
  },
  "Curves": [
    {
      "Target": "Parameter",
      "Id": "ParamCatx",
      "Segments": [
        0,
        0,
        1,
        0.556,
        -7.803,
        1.111,
        -14,
        1.667,
        -14,
        1,
        2.311,
        -14,
        2.956,
        -10.937,
        3.6,
        0,
        1,
        4.289,
        11.691,
        4.978,
        21,
        5.667,
        21,
        1,
        6.267,
        21,
        6.867,
        5.775,
        7.467,
        0
      ]
    },
    {
      "Target": "Parameter",
      "Id": "ParamCaty",
      "Segments": [
        0,
        0,
        0,
        1.667,
        15,
        0,
        3.6,
        -16,
        0,
        5.667,
        12,
        0,
        7.467,
        0
      ]
    },
    {
      "Target": "Parameter",
      "Id": "ParamCatro",
      "Segments": [
        0,
        0,
        0,
        1.733,
        8,
        0,
        3.7,
        -8,
        0,
        5.767,
        7,
        0,
        7.467,
        0
      ]
    },
    {
      "Target": "Parameter",
      "Id": "ParamCatshiba1",
      "Segments": [
        0,
        0,
        1,
        0.167,
        -8.924,
        0.333,
        -20,
        0.5,
        -20,
        1,
        0.644,
        -20,
        0.789,
        -12.042,
        0.933,
        -1,
        1,
        1.089,
        10.891,
        1.244,
        15,
        1.4,
        15,
        1,
        1.544,
        15,
        1.689,
        7.656,
        1.833,
        -1,
        1,
        1.989,
        -10.322,
        2.144,
        -13,
        2.3,
        -13,
        1,
        2.444,
        -13,
        2.589,
        -10.109,
        2.733,
        -1,
        1,
        2.889,
        8.81,
        3.044,
        16,
        3.2,
        16,
        1,
        3.344,
        16,
        3.489,
        10.333,
        3.633,
        -1,
        1,
        3.778,
        -12.333,
        3.922,
        -18,
        4.067,
        -18,
        1,
        4.234,
        -18,
        4.4,
        -12.708,
        4.567,
        -1,
        1,
        4.722,
        9.928,
        4.878,
        16,
        5.033,
        16,
        1,
        5.178,
        16,
        5.322,
        9.619,
        5.467,
        -1,
        1,
        5.611,
        -11.619,
        5.756,
        -16,
        5.9,
        -16,
        1,
        6.056,
        -16,
        6.211,
        -9.522,
        6.367,
        -1,
        1,
        6.545,
        8.739,
        6.722,
        12,
        6.9,
        12,
        1,
        7.089,
        12,
        7.278,
        10.114,
        7.467,
        0
      ]
    },
    {
      "Target": "Parameter",
      "Id": "ParamCatshiba2",
      "Segments": [
        0,
        30,
        1,
        0.167,
        30,
        0.333,
        16.267,
        0.5,
        -1,
        1,
        0.644,
        -15.965,
        0.789,
        -20,
        0.933,
        -20,
        1,
        1.089,
        -20,
        1.244,
        -12.523,
        1.4,
        -2,
        1,
        1.544,
        7.771,
        1.689,
        11,
        1.833,
        11,
        1,
        1.989,
        11,
        2.144,
        8.713,
        2.3,
        -1,
        1,
        2.444,
        -10.019,
        2.589,
        -19,
        2.733,
        -19,
        1,
        2.889,
        -19,
        3.044,
        -14.657,
        3.2,
        -4,
        1,
        3.344,
        5.896,
        3.489,
        12,
        3.633,
        12,
        1,
        3.778,
        12,
        3.922,
        2.529,
        4.067,
        -6,
        1,
        4.234,
        -15.841,
        4.4,
        -18,
        4.567,
        -18,
        1,
        4.722,
        -18,
        4.878,
        -15.432,
        5.033,
        -5,
        1,
        5.178,
        4.687,
        5.322,
        14,
        5.467,
        14,
        1,
        5.611,
        14,
        5.756,
        1.54,
        5.9,
        -6,
        1,
        6.056,
        -14.12,
        6.211,
        -15,
        6.367,
        -15,
        1,
        6.545,
        -15,
        6.722,
        -15.141,
        6.9,
        -6,
        1,
        7.089,
        3.712,
        7.278,
        30,
        7.467,
        30
      ]
    },
    {
      "Target": "Parameter",
      "Id": "ParamCathead",
      "Segments": [
        0,
        0,
        0,
        2.167,
        30,
        0,
        3.833,
        -15,
        0,
        5.767,
        30,
        0,
        7.467,
        0
      ]
    },
    {
      "Target": "Parameter",
      "Id": "ParamCateye",
      "Segments": [
        0,
        1,
        2,
        2.233,
        1,
        0,
        2.367,
        0,
        0,
        2.6,
        1,
        2,
        7.467,
        1
      ]
    },
    {
      "Target": "Parameter",
      "Id": "ParamCatlarm",
      "Segments": [
        0,
        0,
        0,
        2.067,
        -12,
        0,
        3.767,
        19,
        0,
        5.767,
        -21,
        0,
        7.467,
        0
      ]
    },
    {
      "Target": "Parameter",
      "Id": "ParamCatlforearm",
      "Segments": [
        0,
        0,
        0,
        2.2,
        -24,
        0,
        3.867,
        11,
        0,
        5.867,
        -5,
        0,
        7.467,
        0
      ]
    },
    {
      "Target": "Parameter",
      "Id": "ParamCatlhand",
      "Segments": [
        0,
        0,
        0,
        2.367,
        -19,
        0,
        3.967,
        4,
        0,
        5.967,
        -19,
        0,
        7.467,
        0
      ]
    },
    {
      "Target": "Parameter",
      "Id": "ParamCatrarm",
      "Segments": [
        0,
        0,
        0,
        1.833,
        -17,
        0,
        3.933,
        11,
        0,
        5.9,
        -11,
        0,
        7.467,
        0
      ]
    },
    {
      "Target": "Parameter",
      "Id": "ParamCatrforearm",
      "Segments": [
        0,
        0,
        0,
        2,
        -10,
        0,
        4.067,
        5,
        0,
        6.033,
        -8,
        0,
        7.467,
        0
      ]
    },
    {
      "Target": "Parameter",
      "Id": "ParamCatrhand",
      "Segments": [
        0,
        0,
        0,
        2.167,
        -15,
        0,
        4.167,
        10,
        0,
        6.2,
        -9,
        0,
        7.467,
        0
      ]
    },
    {
      "Target": "Parameter",
      "Id": "ParamCatlleg",
      "Segments": [
        0,
        0,
        0,
        1.967,
        -12,
        0,
        4,
        7,
        0,
        6.1,
        -11,
        0,
        7.467,
        0
      ]
    },
    {
      "Target": "Parameter",
      "Id": "ParamCatlforeleg",
      "Segments": [
        0,
        0,
        0,
        2.167,
        -9,
        0,
        4.167,
        10,
        0,
        6.267,
        -8,
        0,
        7.467,
        0
      ]
    },
    {
      "Target": "Parameter",
      "Id": "ParamCatrleg",
      "Segments": [
        0,
        0,
        0,
        1.9,
        -10,
        0,
        3.933,
        9,
        0,
        6,
        -10,
        0,
        7.467,
        0
      ]
    },
    {
      "Target": "Parameter",
      "Id": "ParamCatrforeleg",
      "Segments": [
        0,
        0,
        0,
        2.1,
        -11,
        0,
        4.033,
        9,
        0,
        6.133,
        -8,
        0,
        7.467,
        0
      ]
    },
    {
      "Target": "Parameter",
      "Id": "ParamCloth1",
      "Segments": [
        0,
        0,
        1,
        0.156,
        -20.709,
        0.311,
        -30,
        0.467,
        -30,
        1,
        0.622,
        -30,
        0.778,
        -18.975,
        0.933,
        1,
        1,
        1.089,
        20.975,
        1.244,
        30,
        1.4,
        30,
        1,
        1.556,
        30,
        1.711,
        20.975,
        1.867,
        1,
        1,
        2.022,
        -18.975,
        2.178,
        -30,
        2.333,
        -30,
        1,
        2.478,
        -30,
        2.622,
        -17.347,
        2.767,
        1,
        1,
        2.934,
        22.17,
        3.1,
        30,
        3.267,
        30,
        1,
        3.434,
        30,
        3.6,
        20.662,
        3.767,
        0,
        1,
        3.922,
        -19.285,
        4.078,
        -30,
        4.233,
        -30,
        1,
        4.366,
        -30,
        4.5,
        -17.565,
        4.633,
        -1,
        1,
        4.811,
        21.087,
        4.989,
        29,
        5.167,
        29,
        1,
        5.322,
        29,
        5.478,
        18.289,
        5.633,
        0,
        1,
        5.8,
        -19.596,
        5.966,
        -28,
        6.133,
        -28,
        1,
        6.289,
        -28,
        6.444,
        -20.801,
        6.6,
        -1,
        1,
        6.744,
        17.386,
        6.889,
        30,
        7.033,
        30,
        1,
        7.178,
        30,
        7.322,
        19.23,
        7.467,
        0
      ]
    },
    {
      "Target": "Parameter",
      "Id": "ParamCloth2",
      "Segments": [
        0,
        30,
        1,
        0.156,
        30,
        0.311,
        20,
        0.467,
        0,
        1,
        0.622,
        -20,
        0.778,
        -30,
        0.933,
        -30,
        1,
        1.089,
        -30,
        1.244,
        -18.975,
        1.4,
        1,
        1,
        1.556,
        20.975,
        1.711,
        30,
        1.867,
        30,
        1,
        2.022,
        30,
        2.178,
        19.391,
        2.333,
        -1,
        1,
        2.478,
        -19.934,
        2.622,
        -29,
        2.767,
        -29,
        1,
        2.934,
        -29,
        3.1,
        -21.509,
        3.267,
        -2,
        1,
        3.434,
        17.509,
        3.6,
        30,
        3.767,
        30,
        1,
        3.922,
        30,
        4.078,
        19.536,
        4.233,
        -2,
        1,
        4.366,
        -20.459,
        4.5,
        -30,
        4.633,
        -30,
        1,
        4.811,
        -30,
        4.989,
        -22.097,
        5.167,
        -1,
        1,
        5.322,
        17.46,
        5.478,
        30,
        5.633,
        30,
        1,
        5.8,
        30,
        5.966,
        18.666,
        6.133,
        -2,
        1,
        6.289,
        -21.288,
        6.444,
        -30,
        6.6,
        -30,
        1,
        6.744,
        -30,
        6.889,
        -21.902,
        7.033,
        -2,
        1,
        7.178,
        17.902,
        7.322,
        30,
        7.467,
        30
      ]
    },
    {
      "Target": "Parameter",
      "Id": "ParamHairFront",
      "Segments": [
        0,
        0,
        1,
        0.1,
        -0.33,
        0.2,
        -0.5,
        0.3,
        -0.5,
        1,
        0.433,
        -0.5,
        0.567,
        -0.46,
        0.7,
        -0.1,
        1,
        0.822,
        0.23,
        0.945,
        0.7,
        1.067,
        0.7,
        1,
        1.189,
        0.7,
        1.311,
        0.409,
        1.433,
        0,
        1,
        1.566,
        -0.446,
        1.7,
        -0.6,
        1.833,
        -0.6,
        1,
        1.955,
        -0.6,
        2.078,
        -0.382,
        2.2,
        0,
        1,
        2.333,
        0.417,
        2.467,
        0.6,
        2.6,
        0.6,
        1,
        2.756,
        0.6,
        2.911,
        0.454,
        3.067,
        0,
        1,
        3.178,
        -0.324,
        3.289,
        -0.6,
        3.4,
        -0.6,
        1,
        3.556,
        -0.6,
        3.711,
        -0.454,
        3.867,
        0,
        1,
        3.978,
        0.324,
        4.089,
        0.6,
        4.2,
        0.6,
        1,
        4.333,
        0.6,
        4.467,
        0.289,
        4.6,
        -0.1,
        1,
        4.733,
        -0.489,
        4.867,
        -0.6,
        5,
        -0.6,
        1,
        5.133,
        -0.6,
        5.267,
        -0.417,
        5.4,
        0,
        1,
        5.522,
        0.382,
        5.645,
        0.6,
        5.767,
        0.6,
        1,
        5.9,
        0.6,
        6.034,
        0.417,
        6.167,
        0,
        1,
        6.289,
        -0.382,
        6.411,
        -0.6,
        6.533,
        -0.6,
        1,
        6.633,
        -0.6,
        6.733,
        -0.422,
        6.833,
        0,
        1,
        6.922,
        0.375,
        7.011,
        0.6,
        7.1,
        0.6,
        1,
        7.222,
        0.6,
        7.345,
        0.403,
        7.467,
        0
      ]
    },
    {
      "Target": "Parameter",
      "Id": "ParamFore2",
      "Segments": [
        0,
        30,
        1,
        0.1,
        30,
        0.2,
        10.16,
        0.3,
        -1,
        1,
        0.433,
        -15.88,
        0.567,
        -18,
        0.7,
        -18,
        1,
        0.822,
        -18,
        0.945,
        -16.501,
        1.067,
        -6,
        1,
        1.189,
        4.501,
        1.311,
        18,
        1.433,
        18,
        1,
        1.566,
        18,
        1.7,
        11.52,
        1.833,
        -1,
        1,
        1.955,
        -12.476,
        2.078,
        -18,
        2.2,
        -18,
        1,
        2.333,
        -18,
        2.467,
        -14.801,
        2.6,
        -4,
        1,
        2.756,
        8.601,
        2.911,
        18,
        3.067,
        18,
        1,
        3.178,
        18,
        3.289,
        5.851,
        3.4,
        -4,
        1,
        3.556,
        -17.791,
        3.711,
        -21,
        3.867,
        -21,
        1,
        3.978,
        -21,
        4.089,
        -13.038,
        4.2,
        -2,
        1,
        4.333,
        11.246,
        4.467,
        16,
        4.6,
        16,
        1,
        4.733,
        16,
        4.867,
        8.241,
        5,
        -4,
        1,
        5.133,
        -16.241,
        5.267,
        -21,
        5.4,
        -21,
        1,
        5.522,
        -21,
        5.645,
        -15.476,
        5.767,
        -4,
        1,
        5.9,
        8.52,
        6.034,
        15,
        6.167,
        15,
        1,
        6.289,
        15,
        6.411,
        8.561,
        6.533,
        -5,
        1,
        6.633,
        -16.096,
        6.733,
        -22,
        6.833,
        -22,
        1,
        6.922,
        -22,
        7.011,
        -18.975,
        7.1,
        -5,
        1,
        7.222,
        14.216,
        7.345,
        30,
        7.467,
        30
      ]
    },
    {
      "Target": "Parameter",
      "Id": "ParamHairSide",
      "Segments": [
        0,
        0,
        1,
        0.133,
        -0.417,
        0.267,
        -0.6,
        0.4,
        -0.6,
        1,
        0.511,
        -0.6,
        0.622,
        -0.465,
        0.733,
        0,
        1,
        0.822,
        0.372,
        0.911,
        0.7,
        1,
        0.7,
        1,
        1.122,
        0.7,
        1.245,
        0.409,
        1.367,
        0,
        1,
        1.5,
        -0.446,
        1.634,
        -0.6,
        1.767,
        -0.6,
        1,
        1.922,
        -0.6,
        2.078,
        -0.428,
        2.233,
        0,
        1,
        2.366,
        0.367,
        2.5,
        0.6,
        2.633,
        0.6,
        1,
        2.778,
        0.6,
        2.922,
        0.469,
        3.067,
        0,
        1,
        3.178,
        -0.361,
        3.289,
        -0.7,
        3.4,
        -0.7,
        1,
        3.533,
        -0.7,
        3.667,
        -0.467,
        3.8,
        0,
        1,
        3.933,
        0.467,
        4.067,
        0.7,
        4.2,
        0.7,
        1,
        4.333,
        0.7,
        4.467,
        0.431,
        4.6,
        0,
        1,
        4.733,
        -0.431,
        4.867,
        -0.6,
        5,
        -0.6,
        1,
        5.144,
        -0.6,
        5.289,
        -0.43,
        5.433,
        0,
        1,
        5.555,
        0.364,
        5.678,
        0.6,
        5.8,
        0.6,
        1,
        5.922,
        0.6,
        6.045,
        0.4,
        6.167,
        0,
        1,
        6.289,
        -0.4,
        6.411,
        -0.6,
        6.533,
        -0.6,
        1,
        6.633,
        -0.6,
        6.733,
        -0.422,
        6.833,
        0,
        1,
        6.922,
        0.375,
        7.011,
        0.6,
        7.1,
        0.6,
        1,
        7.222,
        0.6,
        7.345,
        0.382,
        7.467,
        0
      ]
    },
    {
      "Target": "Parameter",
      "Id": "ParamSide2",
      "Segments": [
        0,
        30,
        1,
        0.133,
        30,
        0.267,
        17.935,
        0.4,
        0,
        1,
        0.511,
        -14.946,
        0.622,
        -20,
        0.733,
        -20,
        1,
        0.822,
        -20,
        0.911,
        -15.879,
        1,
        -5,
        1,
        1.122,
        9.959,
        1.245,
        19,
        1.367,
        19,
        1,
        1.5,
        19,
        1.634,
        12.352,
        1.767,
        1,
        1,
        1.922,
        -12.244,
        2.078,
        -18,
        2.233,
        -18,
        1,
        2.366,
        -18,
        2.5,
        -15.798,
        2.633,
        -4,
        1,
        2.778,
        8.781,
        2.922,
        22,
        3.067,
        22,
        1,
        3.178,
        22,
        3.289,
        12.058,
        3.4,
        0,
        1,
        3.533,
        -14.469,
        3.667,
        -19,
        3.8,
        -19,
        1,
        3.933,
        -19,
        4.067,
        -13.333,
        4.2,
        -2,
        1,
        4.333,
        9.333,
        4.467,
        15,
        4.6,
        15,
        1,
        4.733,
        15,
        4.867,
        9.198,
        5,
        -2,
        1,
        5.144,
        -14.132,
        5.289,
        -20,
        5.433,
        -20,
        1,
        5.555,
        -20,
        5.678,
        -17.68,
        5.8,
        -6,
        1,
        5.922,
        5.68,
        6.045,
        18,
        6.167,
        18,
        1,
        6.289,
        18,
        6.411,
        14.174,
        6.533,
        -1,
        1,
        6.633,
        -13.415,
        6.733,
        -26,
        6.833,
        -26,
        1,
        6.922,
        -26,
        7.011,
        -17.715,
        7.1,
        -2,
        1,
        7.222,
        19.609,
        7.345,
        30,
        7.467,
        30
      ]
    },
    {
      "Target": "Parameter",
      "Id": "ParamHairBack",
      "Segments": [
        0,
        0,
        1,
        0.144,
        -0.458,
        0.289,
        -0.6,
        0.433,
        -0.6,
        1,
        0.511,
        -0.6,
        0.589,
        -0.41,
        0.667,
        -0.1,
        1,
        0.789,
        0.387,
        0.911,
        0.6,
        1.033,
        0.6,
        1,
        1.155,
        0.6,
        1.278,
        0.382,
        1.4,
        0,
        1,
        1.533,
        -0.417,
        1.667,
        -0.6,
        1.8,
        -0.6,
        1,
        1.922,
        -0.6,
        2.045,
        -0.3,
        2.167,
        0,
        1,
        2.3,
        0.328,
        2.434,
        0.4,
        2.567,
        0.4,
        1,
        2.722,
        0.4,
        2.878,
        0.341,
        3.033,
        0,
        1,
        3.144,
        -0.244,
        3.256,
        -0.6,
        3.367,
        -0.6,
        1,
        3.511,
        -0.6,
        3.656,
        -0.445,
        3.8,
        0,
        1,
        3.911,
        0.342,
        4.022,
        0.6,
        4.133,
        0.6,
        1,
        4.266,
        0.6,
        4.4,
        0.4,
        4.533,
        0,
        1,
        4.666,
        -0.4,
        4.8,
        -0.6,
        4.933,
        -0.6,
        1,
        5.066,
        -0.6,
        5.2,
        -0.417,
        5.333,
        0,
        1,
        5.455,
        0.382,
        5.578,
        0.6,
        5.7,
        0.6,
        1,
        5.833,
        0.6,
        5.967,
        0.417,
        6.1,
        0,
        1,
        6.222,
        -0.382,
        6.345,
        -0.6,
        6.467,
        -0.6,
        1,
        6.567,
        -0.6,
        6.667,
        -0.336,
        6.767,
        0,
        1,
        6.9,
        0.448,
        7.034,
        0.6,
        7.167,
        0.6,
        1,
        7.267,
        0.6,
        7.367,
        0.317,
        7.467,
        0
      ]
    },
    {
      "Target": "Parameter",
      "Id": "ParamBack2",
      "Segments": [
        0,
        30,
        1,
        0.144,
        30,
        0.289,
        21.912,
        0.433,
        1,
        1,
        0.511,
        -10.26,
        0.589,
        -19,
        0.667,
        -19,
        1,
        0.789,
        -19,
        0.911,
        -12.223,
        1.033,
        -2,
        1,
        1.155,
        8.223,
        1.278,
        12,
        1.4,
        12,
        1,
        1.533,
        12,
        1.667,
        3.068,
        1.8,
        -6,
        1,
        1.922,
        -14.312,
        2.045,
        -16,
        2.167,
        -16,
        1,
        2.3,
        -16,
        2.434,
        -15.265,
        2.567,
        -6,
        1,
        2.722,
        4.809,
        2.878,
        20,
        3.033,
        20,
        1,
        3.144,
        20,
        3.256,
        10.183,
        3.367,
        -1,
        1,
        3.511,
        -15.538,
        3.656,
        -20,
        3.8,
        -20,
        1,
        3.911,
        -20,
        4.022,
        -15.455,
        4.133,
        -4,
        1,
        4.266,
        9.747,
        4.4,
        18,
        4.533,
        18,
        1,
        4.666,
        18,
        4.8,
        7.327,
        4.933,
        -4,
        1,
        5.066,
        -15.327,
        5.2,
        -18,
        5.333,
        -18,
        1,
        5.455,
        -18,
        5.578,
        -13.683,
        5.7,
        -2,
        1,
        5.833,
        10.746,
        5.967,
        19,
        6.1,
        19,
        1,
        6.222,
        19,
        6.345,
        11.933,
        6.467,
        -2,
        1,
        6.567,
        -13.4,
        6.667,
        -19,
        6.767,
        -19,
        1,
        6.9,
        -19,
        7.034,
        -16.577,
        7.167,
        -1,
        1,
        7.267,
        10.683,
        7.367,
        30,
        7.467,
        30
      ]
    },
    {
      "Target": "Parameter",
      "Id": "ParamWX",
      "Segments": [
        0,
        0,
        0,
        1.967,
        -21,
        0,
        4.167,
        12,
        0,
        6.3,
        -22,
        0,
        7.467,
        0
      ]
    },
    {
      "Target": "Parameter",
      "Id": "ParamWy",
      "Segments": [
        0,
        0,
        0,
        1.133,
        8,
        0,
        3.267,
        0,
        0,
        5.633,
        8,
        0,
        7.467,
        0
      ]
    },
    {
      "Target": "Parameter",
      "Id": "ParamWZ",
      "Segments": [
        0,
        0,
        1,
        0.756,
        -3.169,
        1.511,
        -9,
        2.267,
        -9,
        0,
        4.8,
        4,
        1,
        5.689,
        4,
        6.578,
        3.728,
        7.467,
        0
      ]
    },
    {
      "Target": "Parameter",
      "Id": "ParamBodyAngleX",
      "Segments": [
        0,
        0,
        0,
        1.433,
        8,
        0,
        3.767,
        -10,
        0,
        5.9,
        8,
        0,
        7.467,
        0
      ]
    },
    {
      "Target": "Parameter",
      "Id": "ParamBodyAngleZ",
      "Segments": [
        0,
        0,
        0,
        1.533,
        5.166,
        0,
        3.8,
        -2.443,
        0,
        5.967,
        3.588,
        0,
        7.467,
        0
      ]
    },
    {
      "Target": "Parameter",
      "Id": "ParamLarm",
      "Segments": [
        0,
        0,
        0,
        1.667,
        -5.983,
        0,
        3.8,
        1,
        0,
        6.067,
        -5.983,
        0,
        7.467,
        0
      ]
    },
    {
      "Target": "Parameter",
      "Id": "ParamLforearm",
      "Segments": [
        0,
        0,
        0,
        1.733,
        3.38,
        0,
        3.867,
        -2,
        0,
        6.2,
        4,
        0,
        7.467,
        0
      ]
    },
    {
      "Target": "Parameter",
      "Id": "ParamLhand",
      "Segments": [
        0,
        0,
        0,
        1.733,
        10.628,
        0,
        3.933,
        -1,
        0,
        6.2,
        10.628,
        0,
        7.467,
        0
      ]
    },
    {
      "Target": "Parameter",
      "Id": "ParamRarm",
      "Segments": [
        0,
        0,
        0,
        1.7,
        6.628,
        0,
        3.8,
        1,
        0,
        6.167,
        6.224,
        0,
        7.467,
        0
      ]
    },
    {
      "Target": "Parameter",
      "Id": "ParamRforearm",
      "Segments": [
        0,
        0,
        0,
        1.8,
        22.743,
        0,
        3.9,
        -17.037,
        0,
        6.2,
        22.743,
        0,
        7.467,
        0
      ]
    },
    {
      "Target": "Parameter",
      "Id": "ParamRforearm2",
      "Segments": [
        0,
        0,
        0,
        1.767,
        7.498,
        0,
        3.867,
        -9,
        0,
        6.2,
        10.965,
        0,
        7.467,
        0
      ]
    },
    {
      "Target": "Parameter",
      "Id": "ParamRhand",
      "Segments": [
        0,
        0,
        0,
        1.933,
        9.354,
        0,
        4,
        -4,
        0,
        6.333,
        7.795,
        0,
        7.467,
        0
      ]
    },
    {
      "Target": "Parameter",
      "Id": "ParamRhandchange",
      "Segments": [
        0,
        0,
        0,
        0.9,
        0.1,
        0,
        2.533,
        0,
        0,
        4.1,
        0.1,
        0,
        5.2,
        0,
        2,
        7.467,
        0
      ]
    },
    {
      "Target": "Parameter",
      "Id": "ParamLleg",
      "Segments": [
        0,
        0,
        0,
        1.733,
        -20,
        0,
        3.867,
        9,
        0,
        6.233,
        -15,
        0,
        7.467,
        0
      ]
    },
    {
      "Target": "Parameter",
      "Id": "ParamLforeleg",
      "Segments": [
        0,
        0,
        0,
        1.867,
        -6,
        0,
        4,
        8,
        0,
        6.4,
        -8,
        0,
        7.467,
        0
      ]
    },
    {
      "Target": "Parameter",
      "Id": "ParamLfoot",
      "Segments": [
        0,
        0,
        0,
        1.967,
        -14,
        0,
        4.1,
        15,
        0,
        6.5,
        -16,
        0,
        7.467,
        0
      ]
    },
    {
      "Target": "Parameter",
      "Id": "ParamRleg",
      "Segments": [
        0,
        0,
        0,
        1.6,
        -5,
        0,
        3.967,
        6,
        0,
        6.3,
        -3,
        0,
        7.467,
        0
      ]
    },
    {
      "Target": "Parameter",
      "Id": "ParamRforeleg",
      "Segments": [
        0,
        0,
        0,
        1.733,
        -30,
        0,
        4.1,
        4,
        0,
        6.367,
        -4,
        0,
        7.467,
        0
      ]
    },
    {
      "Target": "Parameter",
      "Id": "ParamRfoot",
      "Segments": [
        0,
        0,
        2,
        1.833,
        0,
        0,
        4.2,
        -16,
        0,
        6.467,
        0,
        2,
        7.467,
        0
      ]
    },
    {
      "Target": "Parameter",
      "Id": "ParamTail1",
      "Segments": [
        0,
        -1,
        1,
        0.144,
        -13.627,
        0.289,
        -19,
        0.433,
        -19,
        1,
        0.578,
        -19,
        0.722,
        -15.607,
        0.867,
        -1,
        1,
        1.022,
        14.73,
        1.178,
        29,
        1.333,
        29,
        1,
        1.489,
        29,
        1.644,
        13.318,
        1.8,
        -1,
        1,
        1.956,
        -15.318,
        2.111,
        -18,
        2.267,
        -18,
        1,
        2.434,
        -18,
        2.6,
        -14.662,
        2.767,
        -1,
        1,
        2.922,
        11.751,
        3.078,
        24,
        3.233,
        24,
        1,
        3.4,
        24,
        3.566,
        16.702,
        3.733,
        1,
        1,
        3.878,
        -12.609,
        4.022,
        -20,
        4.167,
        -20,
        1,
        4.334,
        -20,
        4.5,
        -13.895,
        4.667,
        0,
        1,
        4.811,
        12.043,
        4.956,
        19,
        5.1,
        19,
        1,
        5.278,
        19,
        5.455,
        12.069,
        5.633,
        -1,
        1,
        5.8,
        -13.252,
        5.966,
        -19,
        6.133,
        -19,
        1,
        6.278,
        -19,
        6.422,
        -11.086,
        6.567,
        1,
        1,
        6.722,
        14.016,
        6.878,
        19,
        7.033,
        19,
        1,
        7.178,
        19,
        7.322,
        11.627,
        7.467,
        -1
      ]
    },
    {
      "Target": "Parameter",
      "Id": "ParamTail2",
      "Segments": [
        0,
        16,
        1,
        0.144,
        16,
        0.289,
        7.83,
        0.433,
        -4,
        1,
        0.578,
        -15.83,
        0.722,
        -20,
        0.867,
        -20,
        1,
        1.022,
        -20,
        1.178,
        -10.132,
        1.333,
        1,
        1,
        1.489,
        12.132,
        1.644,
        15,
        1.8,
        15,
        1,
        1.956,
        15,
        2.111,
        6.654,
        2.267,
        -4,
        1,
        2.434,
        -15.415,
        2.6,
        -19,
        2.767,
        -19,
        1,
        2.922,
        -19,
        3.078,
        -12.907,
        3.233,
        -1,
        1,
        3.4,
        11.758,
        3.566,
        18,
        3.733,
        18,
        1,
        3.878,
        18,
        4.022,
        11.043,
        4.167,
        -1,
        1,
        4.334,
        -14.895,
        4.5,
        -21,
        4.667,
        -21,
        1,
        4.811,
        -21,
        4.956,
        -12.043,
        5.1,
        -2,
        1,
        5.278,
        10.361,
        5.455,
        14,
        5.633,
        14,
        1,
        5.8,
        14,
        5.966,
        8.714,
        6.133,
        -2,
        1,
        6.278,
        -11.285,
        6.422,
        -16,
        6.567,
        -16,
        1,
        6.722,
        -16,
        6.878,
        -14.042,
        7.033,
        -4,
        1,
        7.178,
        5.325,
        7.322,
        16,
        7.467,
        16
      ]
    },
    {
      "Target": "Parameter",
      "Id": "ParamEyeLOpen",
      "Segments": [
        0,
        1,
        0,
        1.033,
        0.8,
        0,
        2.033,
        1,
        2,
        5.167,
        1,
        0,
        5.4,
        0,
        0,
        5.667,
        1,
        2,
        7.467,
        1
      ]
    },
    {
      "Target": "Parameter",
      "Id": "ParamEyeROpen",
      "Segments": [
        0,
        1,
        0,
        1.033,
        0.8,
        0,
        2.033,
        1,
        2,
        5.167,
        1,
        0,
        5.4,
        0,
        0,
        5.667,
        1,
        2,
        7.467,
        1
      ]
    },
    {
      "Target": "Parameter",
      "Id": "ParamEyeBallX",
      "Segments": [
        0,
        0,
        1,
        0.422,
        0.159,
        0.845,
        0.2,
        1.267,
        0.2,
        0,
        2.167,
        -0.3,
        0,
        3.967,
        0.3,
        1,
        4.356,
        0.3,
        4.744,
        0.214,
        5.133,
        0,
        1,
        5.211,
        -0.043,
        5.289,
        -0.1,
        5.367,
        -0.1,
        0,
        5.767,
        0.2,
        0,
        6.767,
        -0.2,
        1,
        7,
        -0.2,
        7.234,
        -0.088,
        7.467,
        0
      ]
    },
    {
      "Target": "Parameter",
      "Id": "ParamEyeBallY",
      "Segments": [
        0,
        0,
        0,
        1.267,
        0.2,
        0,
        2.167,
        0,
        0,
        3.967,
        0.2,
        2,
        5.133,
        0.2,
        0,
        5.367,
        -0.3,
        1,
        5.5,
        -0.3,
        5.634,
        0.164,
        5.767,
        0.2,
        1,
        6.1,
        0.29,
        6.434,
        0.3,
        6.767,
        0.3,
        0,
        7.467,
        0
      ]
    },
    {
      "Target": "Parameter",
      "Id": "ParamBrowLY",
      "Segments": [
        0,
        0,
        2,
        1.167,
        0,
        0,
        2.167,
        0.5,
        0,
        3.933,
        0,
        2,
        7.467,
        0
      ]
    },
    {
      "Target": "Parameter",
      "Id": "ParamBrowRY",
      "Segments": [
        0,
        0,
        2,
        1.167,
        0,
        0,
        2.167,
        0.5,
        0,
        3.933,
        0,
        2,
        7.467,
        0
      ]
    },
    {
      "Target": "Parameter",
      "Id": "ParamMouthOpenY",
      "Segments": [
        0,
        0,
        2,
        1.133,
        0,
        0,
        2.2,
        0.5,
        1,
        2.444,
        0.501,
        2.689,
        -0.001,
        2.933,
        0,
        2,
        4,
        0,
        1,
        4.222,
        -0.001,
        4.445,
        0.701,
        4.667,
        0.7,
        1,
        5,
        0.701,
        5.334,
        -0.001,
        5.667,
        0,
        2,
        7.467,
        0
      ]
    },
    {
      "Target": "Parameter",
      "Id": "ParamAngleX",
      "Segments": [
        0,
        0,
        0,
        1.467,
        28,
        0,
        3.667,
        -19,
        0,
        5.933,
        3,
        0,
        7.467,
        0
      ]
    },
    {
      "Target": "Parameter",
      "Id": "ParamAngleY",
      "Segments": [
        0,
        0,
        0,
        1.467,
        11,
        0,
        3.633,
        -6,
        0,
        5.933,
        9.629,
        0,
        7.467,
        0
      ]
    },
    {
      "Target": "Parameter",
      "Id": "ParamAngleZ",
      "Segments": [
        0,
        0,
        0,
        1.533,
        7,
        0,
        3.767,
        -4,
        0,
        6.067,
        8,
        0,
        7.467,
        0
      ]
    },
    {
      "Target": "Parameter",
      "Id": "ParamEyeRSmile",
      "Segments": [
        0,
        0,
        0,
        7.467,
        0
      ]
    },
    {
      "Target": "Parameter",
      "Id": "ParamBrowLX",
      "Segments": [
        0,
        0,
        0,
        7.467,
        0
      ]
    },
    {
      "Target": "Parameter",
      "Id": "ParamBrowRX",
      "Segments": [
        0,
        0,
        0,
        7.467,
        0
      ]
    },
    {
      "Target": "Parameter",
      "Id": "ParamBrowLForm",
      "Segments": [
        0,
        0,
        0,
        7.467,
        0
      ]
    },
    {
      "Target": "Parameter",
      "Id": "ParamBrowRForm",
      "Segments": [
        0,
        0,
        0,
        7.467,
        0
      ]
    },
    {
      "Target": "Parameter",
      "Id": "ParamCheek",
      "Segments": [
        0,
        0,
        0,
        7.467,
        0
      ]
    },
    {
      "Target": "Parameter",
      "Id": "ParamBodyAngleY",
      "Segments": [
        0,
        0,
        0,
        7.467,
        0
      ]
    },
    {
      "Target": "Parameter",
      "Id": "ParamBreath",
      "Segments": [
        0,
        0,
        0,
        7.467,
        0
      ]
    },
    {
      "Target": "Parameter",
      "Id": "ParamLhandchange",
      "Segments": [
        0,
        0,
        0,
        7.467,
        0
      ]
    },
    {
      "Target": "Parameter",
      "Id": "ParamRhandy",
      "Segments": [
        0,
        0,
        0,
        7.467,
        0
      ]
    },
    {
      "Target": "Parameter",
      "Id": "ParamTail3",
      "Segments": [
        0,
        0,
        0,
        7.467,
        0
      ]
    },
    {
      "Target": "Parameter",
      "Id": "ParamTailzhamao",
      "Segments": [
        0,
        0,
        0,
        7.467,
        0
      ]
    },
    {
      "Target": "Parameter",
      "Id": "ParamEyeLSmile",
      "Segments": [
        0,
        0,
        0,
        7.467,
        0
      ]
    },
    {
      "Target": "Parameter",
      "Id": "ParamEye",
      "Segments": [
        0,
        1,
        0,
        7.467,
        1
      ]
    },
    {
      "Target": "Parameter",
      "Id": "ParamBrowLAngle",
      "Segments": [
        0,
        0,
        0,
        7.467,
        0
      ]
    },
    {
      "Target": "Parameter",
      "Id": "ParamBrowRAngle",
      "Segments": [
        0,
        0,
        0,
        7.467,
        0
      ]
    },
    {
      "Target": "Parameter",
      "Id": "ParamMouthForm",
      "Segments": [
        0,
        0,
        0,
        7.467,
        0
      ]
    },
    {
      "Target": "Parameter",
      "Id": "ParamEmotionSleep",
      "Segments": [
        0,
        0,
        0,
        7.467,
        0
      ]
    },
    {
      "Target": "Parameter",
      "Id": "ParamEmosleepy",
      "Segments": [
        0,
        0,
        0,
        7.467,
        0
      ]
    },
    {
      "Target": "Parameter",
      "Id": "ParamEmoshinning",
      "Segments": [
        0,
        0,
        0,
        7.467,
        0
      ]
    },
    {
      "Target": "Parameter",
      "Id": "ParamEmotionquestion",
      "Segments": [
        0,
        0,
        0,
        7.467,
        0
      ]
    },
    {
      "Target": "Parameter",
      "Id": "ParamEmotionshining",
      "Segments": [
        0,
        -1,
        0,
        7.467,
        -1
      ]
    },
    {
      "Target": "Parameter",
      "Id": "ParamEmoangry",
      "Segments": [
        0,
        0,
        0,
        7.467,
        0
      ]
    },
    {
      "Target": "Parameter",
      "Id": "ParamEmoshame",
      "Segments": [
        0,
        0,
        0,
        7.467,
        0
      ]
    }
  ],
  "UserData": [
    {
      "Time": 0.0,
      "Value": ""
    }
  ]
}