{
  "Version": 3,
  "Meta": {
    "Duration": 5.033,
    "Fps": 30.0,
    "Loop": true,
    "AreBeziersRestricted": true,
    "CurveCount": 80,
    "TotalSegmentCount": 465,
    "TotalPointCount": 853,
    "UserDataCount": 2,
    "TotalUserDataSize": 19
  },
  "Curves": [
    {
      "Target": "Parameter",
      "Id": "ParamCatx",
      "Segments": [
        0,
        0,
        2,
        0.733,
        0,
        2,
        1.6,
        0,
        0,
        2.467,
        1,
        0,
        3.3,
        -1,
        2,
        4.167,
        -1,
        0,
        5.033,
        0
      ]
    },
    {
      "Target": "Parameter",
      "Id": "ParamCaty",
      "Segments": [
        0,
        0,
        0,
        0.733,
        10,
        0,
        1.6,
        -14,
        0,
        2.467,
        11,
        0,
        3.3,
        -14,
        0,
        4.167,
        11,
        0,
        5.033,
        0
      ]
    },
    {
      "Target": "Parameter",
      "Id": "ParamCatro",
      "Segments": [
        0,
        0,
        0,
        0.9,
        10,
        0,
        2,
        -4,
        0,
        3.167,
        8,
        0,
        4.167,
        -6,
        0,
        5.033,
        0
      ]
    },
    {
      "Target": "Parameter",
      "Id": "ParamCatshiba1",
      "Segments": [
        0,
        0,
        0,
        0.467,
        1,
        0,
        0.8,
        -19,
        1,
        0.933,
        -19,
        1.067,
        -13.913,
        1.2,
        -1,
        1,
        1.333,
        11.913,
        1.467,
        20,
        1.6,
        20,
        1,
        1.756,
        20,
        1.911,
        13.479,
        2.067,
        0,
        1,
        2.211,
        -12.517,
        2.356,
        -19,
        2.5,
        -19,
        1,
        2.633,
        -19,
        2.767,
        -14.743,
        2.9,
        -1,
        1,
        3.011,
        10.453,
        3.122,
        20,
        3.233,
        20,
        1,
        3.333,
        20,
        3.433,
        9.568,
        3.533,
        -1,
        1,
        3.666,
        -15.09,
        3.8,
        -19,
        3.933,
        -19,
        1,
        4.055,
        -19,
        4.178,
        -11.242,
        4.3,
        1,
        1,
        4.422,
        13.242,
        4.545,
        18,
        4.667,
        18,
        0,
        5.033,
        0
      ]
    },
    {
      "Target": "Parameter",
      "Id": "ParamCatshiba2",
      "Segments": [
        0,
        0,
        0,
        0.467,
        24,
        1,
        0.578,
        24,
        0.689,
        13.266,
        0.8,
        -1,
        1,
        0.933,
        -18.12,
        1.067,
        -24,
        1.2,
        -24,
        1,
        1.333,
        -24,
        1.467,
        -17.535,
        1.6,
        -4,
        1,
        1.756,
        11.791,
        1.911,
        20,
        2.067,
        20,
        1,
        2.211,
        20,
        2.356,
        13.209,
        2.5,
        -1,
        1,
        2.633,
        -14.116,
        2.767,
        -21,
        2.9,
        -21,
        1,
        3.011,
        -21,
        3.122,
        -15.591,
        3.233,
        -2,
        1,
        3.333,
        10.232,
        3.433,
        18,
        3.533,
        18,
        1,
        3.666,
        18,
        3.8,
        12.797,
        3.933,
        0,
        1,
        4.055,
        -11.731,
        4.178,
        -19,
        4.3,
        -19,
        1,
        4.422,
        -19,
        4.545,
        -2.196,
        4.667,
        -1,
        1,
        4.789,
        0.196,
        4.911,
        0,
        5.033,
        0
      ]
    },
    {
      "Target": "Parameter",
      "Id": "ParamCathead",
      "Segments": [
        0,
        0,
        0,
        0.567,
        -29,
        0,
        1.167,
        30,
        0,
        1.867,
        -15,
        0,
        2.567,
        30,
        0,
        3.3,
        -18,
        0,
        3.867,
        15,
        0,
        4.467,
        -16,
        0,
        5.033,
        0
      ]
    },
    {
      "Target": "Parameter",
      "Id": "ParamCateye",
      "Segments": [
        0,
        1,
        0,
        0.667,
        0,
        0,
        1.567,
        1,
        2,
        5.033,
        1
      ]
    },
    {
      "Target": "Parameter",
      "Id": "ParamCatlarm",
      "Segments": [
        0,
        0,
        0,
        0.633,
        -26,
        0,
        5.033,
        0
      ]
    },
    {
      "Target": "Parameter",
      "Id": "ParamCatlforearm",
      "Segments": [
        0,
        0,
        0,
        0.733,
        -30,
        0,
        1.233,
        3,
        1,
        1.411,
        3,
        1.589,
        -3.741,
        1.767,
        -11,
        1,
        2.045,
        -22.342,
        2.322,
        -26,
        2.6,
        -26,
        1,
        2.822,
        -26,
        3.045,
        -13.309,
        3.267,
        1,
        1,
        3.489,
        15.309,
        3.711,
        19,
        3.933,
        19,
        0,
        5.033,
        0
      ]
    },
    {
      "Target": "Parameter",
      "Id": "ParamCatlhand",
      "Segments": [
        0,
        0,
        0,
        0.867,
        -30,
        0,
        1.333,
        16,
        0,
        1.833,
        -17,
        0,
        2.567,
        14,
        0,
        3.6,
        -19,
        0,
        5.033,
        0
      ]
    },
    {
      "Target": "Parameter",
      "Id": "ParamCatrarm",
      "Segments": [
        0,
        0,
        0,
        1.1,
        16,
        0,
        2.167,
        -30,
        0,
        5.033,
        0
      ]
    },
    {
      "Target": "Parameter",
      "Id": "ParamCatrforearm",
      "Segments": [
        0,
        0,
        0,
        1.067,
        10,
        0,
        2.167,
        -30,
        0,
        5.033,
        0
      ]
    },
    {
      "Target": "Parameter",
      "Id": "ParamCatrhand",
      "Segments": [
        0,
        0,
        0,
        1.267,
        12,
        0,
        2.367,
        -30,
        0,
        3.133,
        20,
        0,
        3.9,
        -25,
        0,
        5.033,
        0
      ]
    },
    {
      "Target": "Parameter",
      "Id": "ParamCatlleg",
      "Segments": [
        0,
        0,
        0,
        0.8,
        -22,
        0,
        2.067,
        14,
        0,
        3.6,
        -9,
        0,
        5.033,
        0
      ]
    },
    {
      "Target": "Parameter",
      "Id": "ParamCatlforeleg",
      "Segments": [
        0,
        0,
        0,
        1,
        -14,
        0,
        2.367,
        16,
        0,
        3.867,
        -9,
        0,
        5.033,
        0
      ]
    },
    {
      "Target": "Parameter",
      "Id": "ParamCatrleg",
      "Segments": [
        0,
        0,
        0,
        1.067,
        -12,
        0,
        2.267,
        12,
        0,
        3.767,
        -9,
        0,
        5.033,
        0
      ]
    },
    {
      "Target": "Parameter",
      "Id": "ParamCatrforeleg",
      "Segments": [
        0,
        0,
        0,
        1.267,
        -13,
        0,
        2.4,
        14,
        0,
        4,
        -8,
        0,
        5.033,
        0
      ]
    },
    {
      "Target": "Parameter",
      "Id": "ParamCloth1",
      "Segments": [
        0,
        0,
        2,
        0.467,
        0,
        0,
        0.833,
        -30,
        1,
        0.955,
        -30,
        1.078,
        -20.128,
        1.2,
        -1,
        1,
        1.333,
        19.867,
        1.467,
        30,
        1.6,
        30,
        1,
        1.733,
        30,
        1.867,
        18.087,
        2,
        -1,
        1,
        2.144,
        -21.677,
        2.289,
        -30,
        2.433,
        -30,
        1,
        2.589,
        -30,
        2.744,
        -20.709,
        2.9,
        0,
        1,
        3.044,
        19.23,
        3.189,
        30,
        3.333,
        30,
        1,
        3.489,
        30,
        3.644,
        21.627,
        3.8,
        1,
        1,
        3.944,
        -18.154,
        4.089,
        -30,
        4.233,
        -30,
        0,
        4.633,
        0,
        2,
        5.033,
        0
      ]
    },
    {
      "Target": "Parameter",
      "Id": "ParamCloth2",
      "Segments": [
        0,
        0,
        0,
        0.467,
        30,
        1,
        0.589,
        30,
        0.711,
        20,
        0.833,
        0,
        1,
        0.955,
        -20,
        1.078,
        -30,
        1.2,
        -30,
        1,
        1.333,
        -30,
        1.467,
        -20,
        1.6,
        0,
        1,
        1.733,
        20,
        1.867,
        30,
        2,
        30,
        1,
        2.144,
        30,
        2.289,
        20.259,
        2.433,
        1,
        1,
        2.589,
        -19.74,
        2.744,
        -30,
        2.9,
        -30,
        1,
        3.044,
        -30,
        3.189,
        -20.259,
        3.333,
        -1,
        1,
        3.489,
        19.74,
        3.644,
        30,
        3.8,
        30,
        1,
        3.944,
        30,
        4.089,
        21.677,
        4.233,
        1,
        1,
        4.366,
        -18.087,
        4.5,
        -30,
        4.633,
        -30,
        0,
        5.033,
        0
      ]
    },
    {
      "Target": "Parameter",
      "Id": "ParamHairFront",
      "Segments": [
        0,
        0,
        1,
        0.089,
        0,
        0.178,
        0.011,
        0.267,
        -0.1,
        1,
        0.356,
        -0.211,
        0.444,
        -0.6,
        0.533,
        -0.6,
        1,
        0.633,
        -0.6,
        0.733,
        -0.443,
        0.833,
        0,
        1,
        0.911,
        0.345,
        0.989,
        0.6,
        1.067,
        0.6,
        1,
        1.189,
        0.6,
        1.311,
        0.436,
        1.433,
        0,
        1,
        1.533,
        -0.356,
        1.633,
        -0.6,
        1.733,
        -0.6,
        1,
        1.855,
        -0.6,
        1.978,
        -0.431,
        2.1,
        0,
        1,
        2.222,
        0.431,
        2.345,
        0.7,
        2.467,
        0.7,
        1,
        2.589,
        0.7,
        2.711,
        0.454,
        2.833,
        0,
        1,
        2.944,
        -0.412,
        3.056,
        -0.6,
        3.167,
        -0.6,
        1,
        3.267,
        -0.6,
        3.367,
        -0.39,
        3.467,
        0,
        1,
        3.589,
        0.476,
        3.711,
        0.7,
        3.833,
        0.7,
        1,
        3.944,
        0.7,
        4.056,
        0.456,
        4.167,
        0,
        1,
        4.267,
        -0.41,
        4.367,
        -0.6,
        4.467,
        -0.6,
        0,
        4.767,
        0,
        2,
        5.033,
        0
      ]
    },
    {
      "Target": "Parameter",
      "Id": "ParamFore2",
      "Segments": [
        0,
        0,
        0,
        0.267,
        18,
        1,
        0.356,
        18,
        0.444,
        13.532,
        0.533,
        2,
        1,
        0.633,
        -10.973,
        0.733,
        -19,
        0.833,
        -19,
        1,
        0.911,
        -19,
        0.989,
        -7.797,
        1.067,
        0,
        1,
        1.189,
        12.253,
        1.311,
        15,
        1.433,
        15,
        1,
        1.533,
        15,
        1.633,
        8.44,
        1.733,
        -2,
        1,
        1.855,
        -14.76,
        1.978,
        -20,
        2.1,
        -20,
        1,
        2.222,
        -20,
        2.345,
        -13.656,
        2.467,
        -2,
        1,
        2.589,
        9.656,
        2.711,
        15,
        2.833,
        15,
        1,
        2.944,
        15,
        3.056,
        10.467,
        3.167,
        -2,
        1,
        3.267,
        -13.221,
        3.367,
        -21,
        3.467,
        -21,
        1,
        3.589,
        -21,
        3.711,
        -17.397,
        3.833,
        -2,
        1,
        3.944,
        11.997,
        4.056,
        26,
        4.167,
        26,
        1,
        4.267,
        26,
        4.367,
        3.932,
        4.467,
        -5,
        1,
        4.567,
        -13.932,
        4.667,
        -14,
        4.767,
        -14,
        0,
        5.033,
        0
      ]
    },
    {
      "Target": "Parameter",
      "Id": "ParamHairSide",
      "Segments": [
        0,
        0,
        2,
        0.367,
        0,
        0,
        0.633,
        -0.7,
        1,
        0.733,
        -0.7,
        0.833,
        -0.517,
        0.933,
        0,
        1,
        1.011,
        0.402,
        1.089,
        0.7,
        1.167,
        0.7,
        1,
        1.289,
        0.7,
        1.411,
        0.476,
        1.533,
        0,
        1,
        1.633,
        -0.39,
        1.733,
        -0.6,
        1.833,
        -0.6,
        1,
        1.955,
        -0.6,
        2.078,
        -0.51,
        2.2,
        -0.1,
        1,
        2.322,
        0.31,
        2.445,
        0.7,
        2.567,
        0.7,
        1,
        2.689,
        0.7,
        2.811,
        0.454,
        2.933,
        0,
        1,
        3.044,
        -0.412,
        3.156,
        -0.6,
        3.267,
        -0.6,
        1,
        3.367,
        -0.6,
        3.467,
        -0.422,
        3.567,
        0,
        1,
        3.656,
        0.375,
        3.744,
        0.6,
        3.833,
        0.6,
        1,
        3.944,
        0.6,
        4.056,
        0.449,
        4.167,
        0,
        1,
        4.267,
        -0.404,
        4.367,
        -0.7,
        4.467,
        -0.7,
        0,
        4.767,
        0,
        2,
        5.033,
        0
      ]
    },
    {
      "Target": "Parameter",
      "Id": "ParamSide2",
      "Segments": [
        0,
        0,
        0,
        0.367,
        15,
        1,
        0.456,
        15,
        0.544,
        10.341,
        0.633,
        0,
        1,
        0.733,
        -11.634,
        0.833,
        -18,
        0.933,
        -18,
        1,
        1.011,
        -18,
        1.089,
        -13.333,
        1.167,
        -4,
        1,
        1.289,
        10.667,
        1.411,
        18,
        1.533,
        18,
        1,
        1.633,
        18,
        1.733,
        9.109,
        1.833,
        -2,
        1,
        1.955,
        -15.578,
        2.078,
        -20,
        2.2,
        -20,
        1,
        2.322,
        -20,
        2.445,
        -12.99,
        2.567,
        0,
        1,
        2.689,
        12.99,
        2.811,
        19,
        2.933,
        19,
        1,
        3.044,
        19,
        3.156,
        9.434,
        3.267,
        -4,
        1,
        3.367,
        -16.091,
        3.467,
        -20,
        3.567,
        -20,
        1,
        3.656,
        -20,
        3.744,
        -17.558,
        3.833,
        -5,
        1,
        3.944,
        10.698,
        4.056,
        25,
        4.167,
        25,
        1,
        4.267,
        25,
        4.367,
        13.742,
        4.467,
        1,
        1,
        4.567,
        -11.742,
        4.667,
        -15,
        4.767,
        -15,
        0,
        5.033,
        0
      ]
    },
    {
      "Target": "Parameter",
      "Id": "ParamHairBack",
      "Segments": [
        0,
        0,
        2,
        0.4,
        0,
        0,
        0.667,
        -0.7,
        1,
        0.767,
        -0.7,
        0.867,
        -0.486,
        0.967,
        0,
        1,
        1.045,
        0.378,
        1.122,
        0.6,
        1.2,
        0.6,
        1,
        1.322,
        0.6,
        1.445,
        0.436,
        1.567,
        0,
        1,
        1.667,
        -0.356,
        1.767,
        -0.6,
        1.867,
        -0.6,
        1,
        1.967,
        -0.6,
        2.067,
        -0.356,
        2.167,
        0,
        1,
        2.289,
        0.436,
        2.411,
        0.6,
        2.533,
        0.6,
        1,
        2.655,
        0.6,
        2.778,
        0.418,
        2.9,
        0,
        1,
        3.011,
        -0.38,
        3.122,
        -0.6,
        3.233,
        -0.6,
        1,
        3.333,
        -0.6,
        3.433,
        -0.356,
        3.533,
        0,
        1,
        3.655,
        0.436,
        3.778,
        0.6,
        3.9,
        0.6,
        1,
        3.989,
        0.6,
        4.078,
        0.408,
        4.167,
        0,
        1,
        4.267,
        -0.459,
        4.367,
        -0.7,
        4.467,
        -0.7,
        0,
        4.767,
        0,
        2,
        5.033,
        0
      ]
    },
    {
      "Target": "Parameter",
      "Id": "ParamBack2",
      "Segments": [
        0,
        0,
        0,
        0.4,
        15,
        1,
        0.489,
        15,
        0.578,
        8.22,
        0.667,
        -4,
        1,
        0.767,
        -17.748,
        0.867,
        -24,
        0.967,
        -24,
        1,
        1.045,
        -24,
        1.122,
        -15.697,
        1.2,
        -5,
        1,
        1.322,
        11.81,
        1.445,
        18,
        1.567,
        18,
        1,
        1.667,
        18,
        1.767,
        14.535,
        1.867,
        2,
        1,
        1.967,
        -10.535,
        2.067,
        -21,
        2.167,
        -21,
        1,
        2.289,
        -21,
        2.411,
        -14.323,
        2.533,
        -2,
        1,
        2.655,
        10.323,
        2.778,
        16,
        2.9,
        16,
        1,
        3.011,
        16,
        3.122,
        9.992,
        3.233,
        -4,
        1,
        3.333,
        -16.593,
        3.433,
        -24,
        3.533,
        -24,
        1,
        3.655,
        -24,
        3.778,
        -21.295,
        3.9,
        -5,
        1,
        3.989,
        6.851,
        4.078,
        26,
        4.167,
        26,
        1,
        4.267,
        26,
        4.367,
        10.287,
        4.467,
        -2,
        1,
        4.567,
        -14.287,
        4.667,
        -16,
        4.767,
        -16,
        0,
        5.033,
        0
      ]
    },
    {
      "Target": "Parameter",
      "Id": "ParamWy",
      "Segments": [
        0,
        0,
        0,
        0.833,
        19,
        0,
        1.967,
        -11,
        0,
        2.967,
        7,
        0,
        3.967,
        -8,
        0,
        5.033,
        0
      ]
    },
    {
      "Target": "Parameter",
      "Id": "ParamWZ",
      "Segments": [
        0,
        0,
        0,
        0.633,
        -16,
        1,
        0.933,
        -16,
        1.233,
        6.528,
        1.533,
        9,
        1,
        1.922,
        12.205,
        2.311,
        12,
        2.7,
        12,
        0,
        3.833,
        -26,
        0,
        4.667,
        3,
        0,
        5.033,
        0
      ]
    },
    {
      "Target": "Parameter",
      "Id": "ParamBodyAngleX",
      "Segments": [
        0,
        0,
        0,
        0.5,
        10,
        0,
        1.133,
        -10,
        0,
        1.767,
        10,
        0,
        2.433,
        -10,
        0,
        3.133,
        10,
        0,
        4.033,
        -8,
        0,
        4.6,
        7,
        0,
        5.033,
        0
      ]
    },
    {
      "Target": "Parameter",
      "Id": "ParamBodyAngleZ",
      "Segments": [
        0,
        0,
        0,
        0.633,
        -4,
        0,
        1.267,
        6,
        0,
        1.967,
        -5,
        0,
        2.8,
        5,
        0,
        4.133,
        -3,
        0,
        5.033,
        0
      ]
    },
    {
      "Target": "Parameter",
      "Id": "ParamLforearm",
      "Segments": [
        0,
        0,
        0,
        0.367,
        11,
        0,
        0.9,
        -5,
        0,
        1.5,
        6,
        0,
        2.033,
        -6,
        0,
        2.467,
        5,
        0,
        5.033,
        0
      ]
    },
    {
      "Target": "Parameter",
      "Id": "ParamLhand",
      "Segments": [
        0,
        0,
        0,
        0.4,
        30,
        0,
        1,
        -13.271,
        0,
        1.567,
        30,
        0,
        2.1,
        -9.826,
        0,
        2.567,
        26.454,
        0,
        5.033,
        0
      ]
    },
    {
      "Target": "Parameter",
      "Id": "ParamRforearm",
      "Segments": [
        0,
        0,
        0,
        0.267,
        -11,
        0,
        0.833,
        7,
        0,
        1.5,
        -19,
        0,
        2.033,
        14,
        0,
        2.633,
        -21,
        0,
        3.5,
        12,
        0,
        5.033,
        0
      ]
    },
    {
      "Target": "Parameter",
      "Id": "ParamRforearm2",
      "Segments": [
        0,
        0,
        0,
        0.267,
        -9,
        0,
        0.8,
        12,
        0,
        1.5,
        -12,
        0,
        2.067,
        9,
        0,
        2.633,
        -11,
        0,
        5.033,
        0
      ]
    },
    {
      "Target": "Parameter",
      "Id": "ParamRhand",
      "Segments": [
        0,
        0,
        0,
        0.9,
        18,
        0,
        5.033,
        0
      ]
    },
    {
      "Target": "Parameter",
      "Id": "ParamRhandy",
      "Segments": [
        0,
        0,
        0,
        0.3,
        -11,
        0,
        0.8,
        20,
        0,
        1.533,
        -18,
        0,
        2.133,
        21,
        0,
        2.7,
        -9,
        0,
        5.033,
        0
      ]
    },
    {
      "Target": "Parameter",
      "Id": "ParamRhandchange",
      "Segments": [
        0,
        0,
        2,
        0.367,
        0,
        0,
        0.833,
        1,
        2,
        1.067,
        1,
        0,
        1.6,
        0,
        0,
        2.2,
        1,
        0,
        2.633,
        0,
        2,
        5.033,
        0
      ]
    },
    {
      "Target": "Parameter",
      "Id": "ParamLleg",
      "Segments": [
        0,
        0,
        0,
        0.733,
        -30,
        0,
        1.733,
        -4,
        0,
        2.467,
        -29,
        0,
        3.2,
        -4,
        0,
        3.967,
        -29,
        0,
        5.033,
        0
      ]
    },
    {
      "Target": "Parameter",
      "Id": "ParamLforeleg",
      "Segments": [
        0,
        0,
        0,
        0.9,
        21,
        0,
        1.867,
        -12,
        0,
        2.667,
        21,
        0,
        3.433,
        -18,
        0,
        4.2,
        9,
        0,
        5.033,
        0
      ]
    },
    {
      "Target": "Parameter",
      "Id": "ParamLfoot",
      "Segments": [
        0,
        0,
        0,
        1,
        30,
        0,
        1.967,
        -15,
        0,
        2.767,
        22,
        0,
        3.533,
        -14,
        0,
        4.367,
        22,
        0,
        5.033,
        0
      ]
    },
    {
      "Target": "Parameter",
      "Id": "ParamRleg",
      "Segments": [
        0,
        0,
        0,
        0.733,
        -26,
        0,
        1.733,
        -6,
        0,
        2.467,
        -30,
        0,
        3.2,
        -6,
        0,
        3.967,
        -30,
        0,
        5.033,
        0
      ]
    },
    {
      "Target": "Parameter",
      "Id": "ParamRforeleg",
      "Segments": [
        0,
        0,
        0,
        0.733,
        26,
        0,
        1.567,
        20.979,
        0,
        2.3,
        30,
        0,
        3.033,
        20.979,
        0,
        3.8,
        30,
        0,
        5.033,
        0
      ]
    },
    {
      "Target": "Parameter",
      "Id": "ParamRfoot",
      "Segments": [
        0,
        0,
        0,
        0.4,
        -12,
        0,
        0.8,
        0,
        0,
        1.633,
        -30,
        0,
        2.4,
        1,
        0,
        3.133,
        -30,
        0,
        3.9,
        -1,
        0,
        4.533,
        -15,
        0,
        5.033,
        0
      ]
    },
    {
      "Target": "Parameter",
      "Id": "ParamTail1",
      "Segments": [
        0,
        0,
        0,
        0.2,
        1,
        0,
        0.4,
        -21,
        1,
        0.5,
        -21,
        0.6,
        -14.069,
        0.7,
        2,
        1,
        0.811,
        19.854,
        0.922,
        30,
        1.033,
        30,
        1,
        1.133,
        30,
        1.233,
        13.097,
        1.333,
        0,
        1,
        1.455,
        -16.007,
        1.578,
        -19,
        1.7,
        -19,
        1,
        1.811,
        -19,
        1.922,
        -16.351,
        2.033,
        -1,
        1,
        2.133,
        12.816,
        2.233,
        30,
        2.333,
        30,
        1,
        2.422,
        30,
        2.511,
        12.44,
        2.6,
        0,
        1,
        2.7,
        -13.995,
        2.8,
        -16,
        2.9,
        -16,
        1,
        2.989,
        -16,
        3.078,
        -13.197,
        3.167,
        1,
        1,
        3.256,
        15.197,
        3.344,
        30,
        3.433,
        30,
        1,
        3.533,
        30,
        3.633,
        17.157,
        3.733,
        0,
        1,
        3.811,
        -13.345,
        3.889,
        -17,
        3.967,
        -17,
        1,
        4.056,
        -17,
        4.144,
        -15.152,
        4.233,
        -1,
        1,
        4.311,
        11.383,
        4.389,
        30,
        4.467,
        30,
        1,
        4.556,
        30,
        4.644,
        21.006,
        4.733,
        -1,
        1,
        4.778,
        -12.003,
        4.822,
        -20,
        4.867,
        -20,
        0,
        5.033,
        0
      ]
    },
    {
      "Target": "Parameter",
      "Id": "ParamTail2",
      "Segments": [
        0,
        0,
        0,
        0.2,
        22,
        1,
        0.267,
        22,
        0.333,
        13.582,
        0.4,
        2,
        1,
        0.5,
        -15.373,
        0.6,
        -22,
        0.7,
        -22,
        1,
        0.811,
        -22,
        0.922,
        -15.373,
        1.033,
        -1,
        1,
        1.133,
        11.936,
        1.233,
        19,
        1.333,
        19,
        1,
        1.455,
        19,
        1.578,
        12.933,
        1.7,
        -1,
        1,
        1.811,
        -13.666,
        1.922,
        -21,
        2.033,
        -21,
        1,
        2.133,
        -21,
        2.233,
        -13.667,
        2.333,
        -1,
        1,
        2.422,
        10.259,
        2.511,
        15,
        2.6,
        15,
        1,
        2.7,
        15,
        2.8,
        7.254,
        2.9,
        -5,
        1,
        2.989,
        -15.893,
        3.078,
        -20,
        3.167,
        -20,
        1,
        3.256,
        -20,
        3.344,
        -10.938,
        3.433,
        0,
        1,
        3.533,
        12.305,
        3.633,
        16,
        3.733,
        16,
        1,
        3.811,
        16,
        3.889,
        9.145,
        3.967,
        -2,
        1,
        4.056,
        -14.737,
        4.144,
        -20,
        4.233,
        -20,
        1,
        4.311,
        -20,
        4.389,
        -10.818,
        4.467,
        0,
        1,
        4.556,
        12.363,
        4.644,
        16,
        4.733,
        16,
        0,
        4.867,
        -1,
        0,
        5.033,
        0
      ]
    },
    {
      "Target": "Parameter",
      "Id": "ParamEyeLOpen",
      "Segments": [
        0,
        1,
        0,
        0.433,
        0,
        2,
        3.733,
        0,
        0,
        4.367,
        1,
        2,
        5.033,
        1
      ]
    },
    {
      "Target": "Parameter",
      "Id": "ParamEyeLSmile",
      "Segments": [
        0,
        0,
        0,
        0.433,
        1,
        2,
        3.733,
        1,
        2,
        4.367,
        1,
        0,
        5.033,
        0
      ]
    },
    {
      "Target": "Parameter",
      "Id": "ParamEyeROpen",
      "Segments": [
        0,
        1,
        0,
        0.433,
        0,
        2,
        3.733,
        0,
        0,
        4.367,
        1,
        2,
        5.033,
        1
      ]
    },
    {
      "Target": "Parameter",
      "Id": "ParamMouthOpenY",
      "Segments": [
        0,
        0.384,
        1,
        0.022,
        0.386,
        0.045,
        0.444,
        0.067,
        0.539,
        1,
        0.1,
        0.658,
        0.134,
        0.936,
        0.167,
        1,
        2,
        0.333,
        1,
        1,
        0.355,
        0.809,
        0.378,
        0.632,
        0.4,
        0.627,
        1,
        0.411,
        0.619,
        0.422,
        0.822,
        0.433,
        0.996,
        3,
        0.467,
        1,
        2,
        0.5,
        1,
        1,
        0.533,
        1.036,
        0.567,
        0.187,
        0.6,
        0.251,
        1,
        0.633,
        0.163,
        0.667,
        1.146,
        0.7,
        1,
        2,
        0.767,
        1,
        1,
        0.8,
        1.11,
        0.834,
        0.104,
        0.867,
        0.188,
        1,
        0.889,
        0.197,
        0.911,
        0.713,
        0.933,
        0.722,
        1,
        0.978,
        0.727,
        1.022,
        0.034,
        1.067,
        0.039,
        1,
        1.156,
        0.042,
        1.244,
        0.844,
        1.333,
        0.847,
        1,
        1.378,
        0.851,
        1.422,
        0.294,
        1.467,
        0.298,
        1,
        1.5,
        0.285,
        1.534,
        0.825,
        1.567,
        1,
        2,
        1.6,
        1,
        2,
        1.633,
        0.993,
        1,
        1.666,
        0.662,
        1.7,
        0,
        1.733,
        0,
        1,
        1.744,
        -0.02,
        1.756,
        0.447,
        1.767,
        0.847,
        3,
        1.8,
        1,
        2,
        1.833,
        1,
        1,
        1.844,
        1.029,
        1.856,
        0.958,
        1.867,
        0.902,
        1,
        1.878,
        0.901,
        1.889,
        0.93,
        1.9,
        0.968,
        3,
        1.933,
        1,
        2,
        2.067,
        1,
        1,
        2.078,
        0.999,
        2.089,
        1.012,
        2.1,
        0.942,
        1,
        2.111,
        0.901,
        2.122,
        0.869,
        2.133,
        0.871,
        1,
        2.155,
        0.872,
        2.178,
        0.94,
        2.2,
        0.941,
        1,
        2.222,
        0.938,
        2.245,
        0.936,
        2.267,
        0.933,
        1,
        2.278,
        0.974,
        2.289,
        1.019,
        2.3,
        1,
        2,
        2.467,
        1,
        1,
        2.534,
        0.651,
        2.6,
        0.148,
        2.667,
        0.157,
        1,
        2.678,
        0.138,
        2.689,
        0.577,
        2.7,
        0.953,
        3,
        2.733,
        1,
        2,
        2.8,
        1,
        2,
        2.833,
        0.961,
        1,
        2.866,
        0.556,
        2.9,
        0.182,
        2.933,
        0.173,
        1,
        2.955,
        0.184,
        2.978,
        0.914,
        3,
        0.925,
        1,
        3.022,
        0.923,
        3.045,
        0.92,
        3.067,
        0.918,
        1,
        3.111,
        0.923,
        3.156,
        0.928,
        3.2,
        0.933,
        1,
        3.244,
        0.936,
        3.289,
        0.53,
        3.333,
        0.533,
        1,
        3.355,
        0.535,
        3.378,
        0.634,
        3.4,
        0.635,
        1,
        3.511,
        0.633,
        3.622,
        0.002,
        3.733,
        0,
        2,
        5.033,
        0
      ]
    },
    {
      "Target": "Parameter",
      "Id": "ParamAngleX",
      "Segments": [
        0,
        0,
        0,
        0.467,
        20,
        0,
        1.067,
        -24,
        0,
        1.7,
        24,
        1,
        1.911,
        24,
        2.122,
        21.012,
        2.333,
        11,
        1,
        2.589,
        -1.119,
        2.844,
        -10,
        3.1,
        -10,
        1,
        3.322,
        -10,
        3.545,
        -9.82,
        3.767,
        -4,
        1,
        3.956,
        0.947,
        4.144,
        16,
        4.333,
        16,
        0,
        5.033,
        0
      ]
    },
    {
      "Target": "Parameter",
      "Id": "ParamAngleY",
      "Segments": [
        0,
        0,
        1,
        0.156,
        0,
        0.311,
        1.384,
        0.467,
        9,
        1,
        0.667,
        18.792,
        0.867,
        28,
        1.067,
        28,
        0,
        1.7,
        -12,
        0,
        2.333,
        15,
        0,
        3.1,
        -6,
        0,
        3.767,
        26,
        0,
        4.333,
        -14,
        0,
        5.033,
        0
      ]
    },
    {
      "Target": "Parameter",
      "Id": "ParamAngleZ",
      "Segments": [
        0,
        0,
        0,
        0.633,
        -22,
        0,
        1.533,
        30,
        0,
        2.6,
        -24,
        0,
        3.667,
        8,
        0,
        5.033,
        0
      ]
    },
    {
      "Target": "Parameter",
      "Id": "ParamEyeRSmile",
      "Segments": [
        0,
        0,
        0,
        5.033,
        0
      ]
    },
    {
      "Target": "Parameter",
      "Id": "ParamBrowLX",
      "Segments": [
        0,
        0,
        0,
        5.033,
        0
      ]
    },
    {
      "Target": "Parameter",
      "Id": "ParamBrowRX",
      "Segments": [
        0,
        0,
        0,
        5.033,
        0
      ]
    },
    {
      "Target": "Parameter",
      "Id": "ParamBrowLForm",
      "Segments": [
        0,
        0,
        0,
        5.033,
        0
      ]
    },
    {
      "Target": "Parameter",
      "Id": "ParamBrowRForm",
      "Segments": [
        0,
        0,
        0,
        5.033,
        0
      ]
    },
    {
      "Target": "Parameter",
      "Id": "ParamCheek",
      "Segments": [
        0,
        0,
        0,
        5.033,
        0
      ]
    },
    {
      "Target": "Parameter",
      "Id": "ParamBodyAngleY",
      "Segments": [
        0,
        0,
        0,
        5.033,
        0
      ]
    },
    {
      "Target": "Parameter",
      "Id": "ParamBreath",
      "Segments": [
        0,
        0,
        0,
        5.033,
        0
      ]
    },
    {
      "Target": "Parameter",
      "Id": "ParamWX",
      "Segments": [
        0,
        0,
        0,
        5.033,
        0
      ]
    },
    {
      "Target": "Parameter",
      "Id": "ParamLarm",
      "Segments": [
        0,
        0,
        0,
        5.033,
        0
      ]
    },
    {
      "Target": "Parameter",
      "Id": "ParamLhandchange",
      "Segments": [
        0,
        0,
        0,
        5.033,
        0
      ]
    },
    {
      "Target": "Parameter",
      "Id": "ParamRarm",
      "Segments": [
        0,
        0,
        0,
        5.033,
        0
      ]
    },
    {
      "Target": "Parameter",
      "Id": "ParamTail3",
      "Segments": [
        0,
        0,
        0,
        5.033,
        0
      ]
    },
    {
      "Target": "Parameter",
      "Id": "ParamTailzhamao",
      "Segments": [
        0,
        0,
        0,
        5.033,
        0
      ]
    },
    {
      "Target": "Parameter",
      "Id": "ParamEye",
      "Segments": [
        0,
        1,
        0,
        5.033,
        1
      ]
    },
    {
      "Target": "Parameter",
      "Id": "ParamEyeBallX",
      "Segments": [
        0,
        0,
        0,
        5.033,
        0
      ]
    },
    {
      "Target": "Parameter",
      "Id": "ParamEyeBallY",
      "Segments": [
        0,
        0,
        0,
        5.033,
        0
      ]
    },
    {
      "Target": "Parameter",
      "Id": "ParamBrowLY",
      "Segments": [
        0,
        0,
        0,
        5.033,
        0
      ]
    },
    {
      "Target": "Parameter",
      "Id": "ParamBrowLAngle",
      "Segments": [
        0,
        0,
        0,
        5.033,
        0
      ]
    },
    {
      "Target": "Parameter",
      "Id": "ParamBrowRY",
      "Segments": [
        0,
        0,
        0,
        5.033,
        0
      ]
    },
    {
      "Target": "Parameter",
      "Id": "ParamBrowRAngle",
      "Segments": [
        0,
        0,
        0,
        5.033,
        0
      ]
    },
    {
      "Target": "Parameter",
      "Id": "ParamMouthForm",
      "Segments": [
        0,
        0,
        0,
        5.033,
        0
      ]
    },
    {
      "Target": "Parameter",
      "Id": "ParamEmotionSleep",
      "Segments": [
        0,
        0,
        0,
        5.033,
        0
      ]
    },
    {
      "Target": "Parameter",
      "Id": "ParamEmosleepy",
      "Segments": [
        0,
        0,
        0,
        5.033,
        0
      ]
    },
    {
      "Target": "Parameter",
      "Id": "ParamEmoshinning",
      "Segments": [
        0,
        0,
        0,
        5.033,
        0
      ]
    },
    {
      "Target": "Parameter",
      "Id": "ParamEmotionquestion",
      "Segments": [
        0,
        0,
        0,
        5.033,
        0
      ]
    },
    {
      "Target": "Parameter",
      "Id": "ParamEmotionshining",
      "Segments": [
        0,
        -1,
        0,
        5.033,
        -1
      ]
    },
    {
      "Target": "Parameter",
      "Id": "ParamEmoangry",
      "Segments": [
        0,
        0,
        0,
        5.033,
        0
      ]
    },
    {
      "Target": "Parameter",
      "Id": "ParamEmoshame",
      "Segments": [
        0,
        0,
        0,
        5.033,
        0
      ]
    }
  ],
  "UserData": [
    {
      "Time": 0.0,
      "Value": "characterVoice_11_4"
    },
    {
      "Time": 0.0,
      "Value": ""
    }
  ]
}