{
  "Version": 3,
  "Meta": {
    "Duration": 5.933,
    "Fps": 30.0,
    "Loop": true,
    "AreBeziersRestricted": true,
    "CurveCount": 80,
    "TotalSegmentCount": 447,
    "TotalPointCount": 909,
    "UserDataCount": 2,
    "TotalUserDataSize": 20
  },
  "Curves": [
    {
      "Target": "Parameter",
      "Id": "ParamCatx",
      "Segments": [
        0,
        0,
        0,
        1.267,
        -5,
        1,
        1.856,
        -5,
        2.444,
        -5.339,
        3.033,
        -3,
        1,
        3.644,
        -0.572,
        4.256,
        11,
        4.867,
        11,
        0,
        5.933,
        0
      ]
    },
    {
      "Target": "Parameter",
      "Id": "ParamCaty",
      "Segments": [
        0,
        0,
        0,
        1.267,
        16,
        0,
        3.033,
        -10,
        0,
        4.867,
        16,
        0,
        5.933,
        0
      ]
    },
    {
      "Target": "Parameter",
      "Id": "ParamCatro",
      "Segments": [
        0,
        0,
        0,
        1.333,
        8,
        0,
        3.1,
        -8,
        0,
        4.967,
        7,
        0,
        5.933,
        0
      ]
    },
    {
      "Target": "Parameter",
      "Id": "ParamCatshiba1",
      "Segments": [
        0,
        0,
        0,
        0.233,
        -20,
        1,
        0.366,
        -20,
        0.5,
        -12.569,
        0.633,
        -1,
        1,
        0.766,
        10.569,
        0.9,
        15,
        1.033,
        15,
        1,
        1.166,
        15,
        1.3,
        8.114,
        1.433,
        -1,
        1,
        1.566,
        -10.114,
        1.7,
        -13,
        1.833,
        -13,
        1,
        1.966,
        -13,
        2.1,
        -10.09,
        2.233,
        -1,
        1,
        2.378,
        8.847,
        2.522,
        16,
        2.667,
        16,
        1,
        2.789,
        16,
        2.911,
        9.817,
        3.033,
        -1,
        1,
        3.166,
        -12.801,
        3.3,
        -18,
        3.433,
        -18,
        1,
        3.589,
        -18,
        3.744,
        -13.123,
        3.9,
        -1,
        1,
        4.033,
        9.391,
        4.167,
        16,
        4.3,
        16,
        1,
        4.433,
        16,
        4.567,
        9.619,
        4.7,
        -1,
        1,
        4.833,
        -11.619,
        4.967,
        -16,
        5.1,
        -16,
        1,
        5.233,
        -16,
        5.367,
        -2.075,
        5.5,
        -1,
        1,
        5.644,
        0.164,
        5.789,
        0,
        5.933,
        0
      ]
    },
    {
      "Target": "Parameter",
      "Id": "ParamCatshiba2",
      "Segments": [
        0,
        0,
        1,
        0.078,
        0,
        0.155,
        0.426,
        0.233,
        -1,
        1,
        0.366,
        -3.444,
        0.5,
        -20,
        0.633,
        -20,
        1,
        0.766,
        -20,
        0.9,
        -12.025,
        1.033,
        -2,
        1,
        1.166,
        8.025,
        1.3,
        11,
        1.433,
        11,
        1,
        1.566,
        11,
        1.7,
        8.541,
        1.833,
        -1,
        1,
        1.966,
        -10.541,
        2.1,
        -19,
        2.233,
        -19,
        1,
        2.378,
        -19,
        2.522,
        -15.025,
        2.667,
        -4,
        1,
        2.789,
        5.329,
        2.911,
        12,
        3.033,
        12,
        1,
        3.166,
        12,
        3.3,
        2.452,
        3.433,
        -6,
        1,
        3.589,
        -15.861,
        3.744,
        -18,
        3.9,
        -18,
        1,
        4.033,
        -18,
        4.167,
        -15.238,
        4.3,
        -5,
        1,
        4.433,
        5.238,
        4.567,
        14,
        4.7,
        14,
        1,
        4.833,
        14,
        4.967,
        2.09,
        5.1,
        -6,
        1,
        5.233,
        -14.09,
        5.367,
        -15,
        5.5,
        -15,
        0,
        5.933,
        0
      ]
    },
    {
      "Target": "Parameter",
      "Id": "ParamCathead",
      "Segments": [
        0,
        0,
        0,
        1.733,
        30,
        0,
        3.233,
        -15,
        0,
        4.967,
        30,
        0,
        5.933,
        0
      ]
    },
    {
      "Target": "Parameter",
      "Id": "ParamCateye",
      "Segments": [
        0,
        1,
        2,
        1.8,
        1,
        0,
        1.9,
        0,
        0,
        2.133,
        1,
        2,
        5.933,
        1
      ]
    },
    {
      "Target": "Parameter",
      "Id": "ParamCatlarm",
      "Segments": [
        0,
        0,
        0,
        1.633,
        -12,
        0,
        3.167,
        19,
        0,
        4.967,
        -21,
        0,
        5.933,
        0
      ]
    },
    {
      "Target": "Parameter",
      "Id": "ParamCatlforearm",
      "Segments": [
        0,
        0,
        0,
        1.767,
        -24,
        0,
        3.267,
        11,
        0,
        5.067,
        -5,
        0,
        5.933,
        0
      ]
    },
    {
      "Target": "Parameter",
      "Id": "ParamCatlhand",
      "Segments": [
        0,
        0,
        0,
        1.9,
        -19,
        0,
        3.333,
        4,
        0,
        5.133,
        -19,
        0,
        5.933,
        0
      ]
    },
    {
      "Target": "Parameter",
      "Id": "ParamCatrarm",
      "Segments": [
        0,
        0,
        0,
        1.433,
        -17,
        0,
        3.333,
        11,
        0,
        5.1,
        -11,
        0,
        5.933,
        0
      ]
    },
    {
      "Target": "Parameter",
      "Id": "ParamCatrforearm",
      "Segments": [
        0,
        0,
        0,
        1.567,
        -10,
        0,
        3.433,
        5,
        0,
        5.2,
        -8,
        0,
        5.933,
        0
      ]
    },
    {
      "Target": "Parameter",
      "Id": "ParamCatrhand",
      "Segments": [
        0,
        0,
        0,
        1.733,
        -15,
        0,
        3.533,
        10,
        0,
        5.367,
        -9,
        0,
        5.933,
        0
      ]
    },
    {
      "Target": "Parameter",
      "Id": "ParamCatlleg",
      "Segments": [
        0,
        0,
        0,
        1.533,
        -12,
        0,
        3.367,
        7,
        0,
        5.267,
        -11,
        0,
        5.933,
        0
      ]
    },
    {
      "Target": "Parameter",
      "Id": "ParamCatlforeleg",
      "Segments": [
        0,
        0,
        0,
        1.733,
        -9,
        0,
        3.533,
        10,
        0,
        5.433,
        -8,
        0,
        5.933,
        0
      ]
    },
    {
      "Target": "Parameter",
      "Id": "ParamCatrleg",
      "Segments": [
        0,
        0,
        0,
        1.5,
        -10,
        0,
        3.333,
        9,
        0,
        5.167,
        -10,
        0,
        5.933,
        0
      ]
    },
    {
      "Target": "Parameter",
      "Id": "ParamCatrforeleg",
      "Segments": [
        0,
        0,
        0,
        1.667,
        -11,
        0,
        3.4,
        9,
        0,
        5.3,
        -8,
        0,
        5.933,
        0
      ]
    },
    {
      "Target": "Parameter",
      "Id": "ParamCloth1",
      "Segments": [
        0,
        0,
        0,
        0.2,
        -30,
        1,
        0.344,
        -30,
        0.489,
        -19.799,
        0.633,
        1,
        1,
        0.766,
        20.199,
        0.9,
        30,
        1.033,
        30,
        1,
        1.178,
        30,
        1.322,
        21.677,
        1.467,
        1,
        1,
        1.6,
        -18.087,
        1.734,
        -30,
        1.867,
        -30,
        1,
        2,
        -30,
        2.134,
        -17.216,
        2.267,
        1,
        1,
        2.422,
        22.252,
        2.578,
        30,
        2.733,
        30,
        1,
        2.878,
        30,
        3.022,
        20,
        3.167,
        0,
        1,
        3.311,
        -20,
        3.456,
        -30,
        3.6,
        -30,
        1,
        3.711,
        -30,
        3.822,
        -16.173,
        3.933,
        -1,
        1,
        4.1,
        21.76,
        4.266,
        29,
        4.433,
        29,
        1,
        4.566,
        29,
        4.7,
        17.366,
        4.833,
        0,
        1,
        4.989,
        -20.261,
        5.144,
        -28,
        5.3,
        -28,
        1,
        5.444,
        -28,
        5.589,
        -4.428,
        5.733,
        -1,
        1,
        5.8,
        0.582,
        5.866,
        0,
        5.933,
        0
      ]
    },
    {
      "Target": "Parameter",
      "Id": "ParamCloth2",
      "Segments": [
        0,
        0,
        2,
        0.2,
        0,
        0,
        0.633,
        -30,
        1,
        0.766,
        -30,
        0.9,
        -18.087,
        1.033,
        1,
        1,
        1.178,
        21.677,
        1.322,
        30,
        1.467,
        30,
        1,
        1.6,
        30,
        1.734,
        18.611,
        1.867,
        -1,
        1,
        2,
        -20.611,
        2.134,
        -29,
        2.267,
        -29,
        1,
        2.422,
        -29,
        2.578,
        -22.062,
        2.733,
        -2,
        1,
        2.878,
        16.629,
        3.022,
        30,
        3.167,
        30,
        1,
        3.311,
        30,
        3.456,
        20.508,
        3.6,
        -2,
        1,
        3.711,
        -19.314,
        3.822,
        -30,
        3.933,
        -30,
        1,
        4.1,
        -30,
        4.266,
        -22.719,
        4.433,
        -1,
        1,
        4.566,
        16.375,
        4.7,
        30,
        4.833,
        30,
        1,
        4.989,
        30,
        5.144,
        18.72,
        5.3,
        -2,
        1,
        5.444,
        -21.24,
        5.589,
        -30,
        5.733,
        -30,
        0,
        5.933,
        0
      ]
    },
    {
      "Target": "Parameter",
      "Id": "ParamHairFront",
      "Segments": [
        0,
        0,
        0,
        0.333,
        -0.5,
        1,
        0.433,
        -0.5,
        0.533,
        -0.439,
        0.633,
        -0.1,
        1,
        0.755,
        0.314,
        0.878,
        0.7,
        1,
        0.7,
        1,
        1.122,
        0.7,
        1.245,
        0.409,
        1.367,
        0,
        1,
        1.5,
        -0.446,
        1.634,
        -0.6,
        1.767,
        -0.6,
        1,
        1.934,
        -0.6,
        2.1,
        -0.439,
        2.267,
        0,
        1,
        2.4,
        0.351,
        2.534,
        0.6,
        2.667,
        0.6,
        1,
        2.778,
        0.6,
        2.889,
        0.4,
        3,
        0,
        1,
        3.111,
        -0.4,
        3.222,
        -0.6,
        3.333,
        -0.6,
        1,
        3.489,
        -0.6,
        3.644,
        -0.454,
        3.8,
        0,
        1,
        3.911,
        0.324,
        4.022,
        0.6,
        4.133,
        0.6,
        1,
        4.278,
        0.6,
        4.422,
        0.445,
        4.567,
        0,
        1,
        4.678,
        -0.342,
        4.789,
        -0.6,
        4.9,
        -0.6,
        1,
        5,
        -0.6,
        5.1,
        -0.378,
        5.2,
        0,
        1,
        5.311,
        0.42,
        5.422,
        0.6,
        5.533,
        0.6,
        0,
        5.933,
        0
      ]
    },
    {
      "Target": "Parameter",
      "Id": "ParamFore2",
      "Segments": [
        0,
        0,
        1,
        0.111,
        0,
        0.222,
        0.143,
        0.333,
        -1,
        1,
        0.433,
        -2.029,
        0.533,
        -18,
        0.633,
        -18,
        1,
        0.755,
        -18,
        0.878,
        -16.501,
        1,
        -6,
        1,
        1.122,
        4.501,
        1.245,
        18,
        1.367,
        18,
        1,
        1.5,
        18,
        1.634,
        9.337,
        1.767,
        -1,
        1,
        1.934,
        -13.921,
        2.1,
        -18,
        2.267,
        -18,
        1,
        2.4,
        -18,
        2.534,
        -15.721,
        2.667,
        -4,
        1,
        2.778,
        5.767,
        2.889,
        18,
        3,
        18,
        1,
        3.111,
        18,
        3.222,
        5.851,
        3.333,
        -4,
        1,
        3.489,
        -17.791,
        3.644,
        -21,
        3.8,
        -21,
        1,
        3.911,
        -21,
        4.022,
        -13.166,
        4.133,
        -2,
        1,
        4.278,
        12.516,
        4.422,
        18,
        4.567,
        18,
        1,
        4.678,
        18,
        4.789,
        9.596,
        4.9,
        -4,
        1,
        5,
        -16.236,
        5.1,
        -21,
        5.2,
        -21,
        1,
        5.311,
        -21,
        5.422,
        -3.777,
        5.533,
        -2,
        1,
        5.666,
        0.133,
        5.8,
        0,
        5.933,
        0
      ]
    },
    {
      "Target": "Parameter",
      "Id": "ParamHairSide",
      "Segments": [
        0,
        0,
        0,
        0.333,
        -0.6,
        1,
        0.444,
        -0.6,
        0.556,
        -0.465,
        0.667,
        0,
        1,
        0.756,
        0.372,
        0.844,
        0.7,
        0.933,
        0.7,
        1,
        1.055,
        0.7,
        1.178,
        0.409,
        1.3,
        0,
        1,
        1.433,
        -0.446,
        1.567,
        -0.6,
        1.7,
        -0.6,
        1,
        1.856,
        -0.6,
        2.011,
        -0.428,
        2.167,
        0,
        1,
        2.3,
        0.367,
        2.434,
        0.6,
        2.567,
        0.6,
        1,
        2.711,
        0.6,
        2.856,
        0.469,
        3,
        0,
        1,
        3.111,
        -0.361,
        3.222,
        -0.7,
        3.333,
        -0.7,
        1,
        3.466,
        -0.7,
        3.6,
        -0.467,
        3.733,
        0,
        1,
        3.866,
        0.467,
        4,
        0.7,
        4.133,
        0.7,
        1,
        4.278,
        0.7,
        4.422,
        0.519,
        4.567,
        0,
        1,
        4.678,
        -0.399,
        4.789,
        -0.7,
        4.9,
        -0.7,
        1,
        5.033,
        -0.7,
        5.167,
        -0.523,
        5.3,
        0,
        1,
        5.4,
        0.392,
        5.5,
        0.7,
        5.6,
        0.7,
        0,
        5.933,
        0
      ]
    },
    {
      "Target": "Parameter",
      "Id": "ParamSide2",
      "Segments": [
        0,
        0,
        2,
        0.333,
        0,
        0,
        0.667,
        -20,
        1,
        0.756,
        -20,
        0.844,
        -15.879,
        0.933,
        -5,
        1,
        1.055,
        9.959,
        1.178,
        19,
        1.3,
        19,
        1,
        1.433,
        19,
        1.567,
        12.352,
        1.7,
        1,
        1,
        1.856,
        -12.244,
        2.011,
        -18,
        2.167,
        -18,
        1,
        2.3,
        -18,
        2.434,
        -15.798,
        2.567,
        -4,
        1,
        2.711,
        8.781,
        2.856,
        22,
        3,
        22,
        1,
        3.111,
        22,
        3.222,
        12.058,
        3.333,
        0,
        1,
        3.466,
        -14.469,
        3.6,
        -19,
        3.733,
        -19,
        1,
        3.866,
        -19,
        4,
        -14.863,
        4.133,
        -2,
        1,
        4.278,
        11.935,
        4.422,
        22,
        4.567,
        22,
        1,
        4.678,
        22,
        4.789,
        12.058,
        4.9,
        0,
        1,
        5.033,
        -14.469,
        5.167,
        -19,
        5.3,
        -19,
        1,
        5.4,
        -19,
        5.5,
        -3.937,
        5.6,
        -2,
        1,
        5.711,
        0.152,
        5.822,
        0,
        5.933,
        0
      ]
    },
    {
      "Target": "Parameter",
      "Id": "ParamHairBack",
      "Segments": [
        0,
        0,
        0,
        0.5,
        -0.6,
        1,
        0.578,
        -0.6,
        0.655,
        -0.41,
        0.733,
        -0.1,
        1,
        0.855,
        0.387,
        0.978,
        0.6,
        1.1,
        0.6,
        1,
        1.222,
        0.6,
        1.345,
        0.382,
        1.467,
        0,
        1,
        1.6,
        -0.417,
        1.734,
        -0.6,
        1.867,
        -0.6,
        1,
        1.989,
        -0.6,
        2.111,
        -0.3,
        2.233,
        0,
        1,
        2.366,
        0.328,
        2.5,
        0.4,
        2.633,
        0.4,
        1,
        2.833,
        0.4,
        3.033,
        0.344,
        3.233,
        0,
        1,
        3.344,
        -0.191,
        3.456,
        -0.6,
        3.567,
        -0.6,
        1,
        3.667,
        -0.6,
        3.767,
        -0.378,
        3.867,
        0,
        1,
        3.978,
        0.42,
        4.089,
        0.6,
        4.2,
        0.6,
        1,
        4.356,
        0.6,
        4.511,
        0.454,
        4.667,
        0,
        1,
        4.778,
        -0.324,
        4.889,
        -0.6,
        5,
        -0.6,
        1,
        5.1,
        -0.6,
        5.2,
        -0.378,
        5.3,
        0,
        1,
        5.411,
        0.42,
        5.522,
        0.6,
        5.633,
        0.6,
        0,
        5.933,
        0
      ]
    },
    {
      "Target": "Parameter",
      "Id": "ParamBack2",
      "Segments": [
        0,
        0,
        0,
        0.5,
        1,
        0,
        0.733,
        -19,
        1,
        0.855,
        -19,
        0.978,
        -12.223,
        1.1,
        -2,
        1,
        1.222,
        8.223,
        1.345,
        12,
        1.467,
        12,
        1,
        1.6,
        12,
        1.734,
        3.068,
        1.867,
        -6,
        1,
        1.989,
        -14.312,
        2.111,
        -16,
        2.233,
        -16,
        1,
        2.366,
        -16,
        2.5,
        -14.83,
        2.633,
        -6,
        1,
        2.833,
        7.244,
        3.033,
        20,
        3.233,
        20,
        1,
        3.344,
        20,
        3.456,
        13.035,
        3.567,
        -1,
        1,
        3.667,
        -13.631,
        3.767,
        -20,
        3.867,
        -20,
        1,
        3.978,
        -20,
        4.089,
        -15.097,
        4.2,
        -4,
        1,
        4.356,
        11.535,
        4.511,
        20,
        4.667,
        20,
        1,
        4.778,
        20,
        4.889,
        13.035,
        5,
        -1,
        1,
        5.1,
        -13.631,
        5.2,
        -20,
        5.3,
        -20,
        1,
        5.411,
        -20,
        5.522,
        -8.538,
        5.633,
        -4,
        1,
        5.733,
        0.084,
        5.833,
        0,
        5.933,
        0
      ]
    },
    {
      "Target": "Parameter",
      "Id": "ParamWX",
      "Segments": [
        0,
        0,
        0,
        1.833,
        -12,
        0,
        3.9,
        18,
        0,
        5.933,
        0
      ]
    },
    {
      "Target": "Parameter",
      "Id": "ParamWy",
      "Segments": [
        0,
        0,
        0,
        1.833,
        8,
        0,
        3.9,
        0,
        2,
        5.933,
        0
      ]
    },
    {
      "Target": "Parameter",
      "Id": "ParamBodyAngleX",
      "Segments": [
        0,
        0,
        0,
        1.3,
        7,
        0,
        2.567,
        -7,
        1,
        3.034,
        -7,
        3.5,
        0.754,
        3.967,
        6,
        1,
        4.322,
        9.997,
        4.678,
        10,
        5.033,
        10,
        0,
        5.933,
        0
      ]
    },
    {
      "Target": "Parameter",
      "Id": "ParamBodyAngleZ",
      "Segments": [
        0,
        0,
        0,
        1.4,
        4,
        1,
        1.822,
        4,
        2.245,
        4.21,
        2.667,
        3,
        1,
        3.167,
        1.568,
        3.667,
        -4,
        4.167,
        -4,
        0,
        5.233,
        6,
        0,
        5.933,
        0
      ]
    },
    {
      "Target": "Parameter",
      "Id": "ParamLarm",
      "Segments": [
        0,
        0,
        0,
        1,
        3,
        0,
        5.933,
        0
      ]
    },
    {
      "Target": "Parameter",
      "Id": "ParamLforearm",
      "Segments": [
        0,
        0,
        0,
        1.1,
        -30,
        0,
        2.2,
        -16,
        0,
        3.233,
        -30,
        1,
        3.6,
        -30,
        3.966,
        -21.616,
        4.333,
        -14,
        1,
        4.866,
        -2.922,
        5.4,
        0,
        5.933,
        0
      ]
    },
    {
      "Target": "Parameter",
      "Id": "ParamLhand",
      "Segments": [
        0,
        0,
        1,
        0.389,
        0,
        0.778,
        -0.258,
        1.167,
        4,
        1,
        1.534,
        8.015,
        1.9,
        23,
        2.267,
        23,
        0,
        3.367,
        -2,
        0,
        4.467,
        12,
        0,
        5.233,
        -14,
        0,
        5.933,
        0
      ]
    },
    {
      "Target": "Parameter",
      "Id": "ParamRarm",
      "Segments": [
        0,
        0,
        0,
        0.733,
        9,
        0,
        5.933,
        0
      ]
    },
    {
      "Target": "Parameter",
      "Id": "ParamRforearm",
      "Segments": [
        0,
        0,
        0,
        0.733,
        -3,
        0,
        5.933,
        0
      ]
    },
    {
      "Target": "Parameter",
      "Id": "ParamRforearm2",
      "Segments": [
        0,
        0,
        0,
        0.733,
        -28,
        0,
        1.267,
        12,
        0,
        1.833,
        -21,
        1,
        2.011,
        -21,
        2.189,
        -2.228,
        2.367,
        -2,
        1,
        3.556,
        -0.474,
        4.744,
        0,
        5.933,
        0
      ]
    },
    {
      "Target": "Parameter",
      "Id": "ParamRhand",
      "Segments": [
        0,
        0,
        0,
        0.867,
        -2,
        0,
        1.367,
        14,
        0,
        1.933,
        1,
        0,
        2.5,
        24,
        0,
        5.933,
        0
      ]
    },
    {
      "Target": "Parameter",
      "Id": "ParamLleg",
      "Segments": [
        0,
        0,
        0,
        1,
        -9,
        0,
        2.3,
        9,
        0,
        3.5,
        -11,
        0,
        4.833,
        9,
        0,
        5.933,
        0
      ]
    },
    {
      "Target": "Parameter",
      "Id": "ParamLforeleg",
      "Segments": [
        0,
        0,
        0,
        1.167,
        -6,
        0,
        2.433,
        8,
        0,
        3.633,
        -8,
        0,
        4.933,
        7,
        0,
        5.933,
        0
      ]
    },
    {
      "Target": "Parameter",
      "Id": "ParamLfoot",
      "Segments": [
        0,
        0,
        0,
        1.333,
        -12,
        0,
        2.567,
        1,
        0,
        3.8,
        -7,
        0,
        5.033,
        7,
        0,
        5.933,
        0
      ]
    },
    {
      "Target": "Parameter",
      "Id": "ParamRleg",
      "Segments": [
        0,
        0,
        0,
        0.7,
        -5,
        0,
        2.1,
        1,
        0,
        3.5,
        -4,
        0,
        5.933,
        0
      ]
    },
    {
      "Target": "Parameter",
      "Id": "ParamRforeleg",
      "Segments": [
        0,
        0,
        0,
        0.8,
        8,
        0,
        2.3,
        -6,
        0,
        3.6,
        5,
        0,
        4.767,
        -2,
        0,
        5.933,
        0
      ]
    },
    {
      "Target": "Parameter",
      "Id": "ParamRfoot",
      "Segments": [
        0,
        0,
        0,
        0.967,
        -19,
        0,
        2.4,
        1,
        0,
        3.7,
        -16,
        0,
        4.767,
        0,
        2,
        5.933,
        0
      ]
    },
    {
      "Target": "Parameter",
      "Id": "ParamTail1",
      "Segments": [
        0,
        0,
        0,
        0.4,
        -19,
        1,
        0.544,
        -19,
        0.689,
        -15.607,
        0.833,
        -1,
        1,
        0.989,
        14.73,
        1.144,
        29,
        1.3,
        29,
        1,
        1.456,
        29,
        1.611,
        13.318,
        1.767,
        -1,
        1,
        1.922,
        -15.318,
        2.078,
        -18,
        2.233,
        -18,
        1,
        2.4,
        -18,
        2.566,
        -14.662,
        2.733,
        -1,
        1,
        2.889,
        11.751,
        3.044,
        24,
        3.2,
        24,
        1,
        3.367,
        24,
        3.533,
        16.702,
        3.7,
        1,
        1,
        3.844,
        -12.609,
        3.989,
        -20,
        4.133,
        -20,
        1,
        4.3,
        -20,
        4.466,
        -13.895,
        4.633,
        0,
        1,
        4.778,
        12.043,
        4.922,
        19,
        5.067,
        19,
        0,
        5.467,
        -1,
        0,
        5.933,
        0
      ]
    },
    {
      "Target": "Parameter",
      "Id": "ParamTail2",
      "Segments": [
        0,
        0,
        1,
        0.133,
        0,
        0.267,
        0.091,
        0.4,
        -4,
        1,
        0.544,
        -8.432,
        0.689,
        -20,
        0.833,
        -20,
        1,
        0.989,
        -20,
        1.144,
        -10.132,
        1.3,
        1,
        1,
        1.456,
        12.132,
        1.611,
        15,
        1.767,
        15,
        1,
        1.922,
        15,
        2.078,
        6.654,
        2.233,
        -4,
        1,
        2.4,
        -15.415,
        2.566,
        -19,
        2.733,
        -19,
        1,
        2.889,
        -19,
        3.044,
        -12.907,
        3.2,
        -1,
        1,
        3.367,
        11.758,
        3.533,
        18,
        3.7,
        18,
        1,
        3.844,
        18,
        3.989,
        11.043,
        4.133,
        -1,
        1,
        4.3,
        -14.895,
        4.466,
        -21,
        4.633,
        -21,
        1,
        4.778,
        -21,
        4.922,
        -14.104,
        5.067,
        -2,
        1,
        5.2,
        9.173,
        5.334,
        14,
        5.467,
        14,
        0,
        5.933,
        0
      ]
    },
    {
      "Target": "Parameter",
      "Id": "ParamEyeLOpen",
      "Segments": [
        0,
        1,
        2,
        1.3,
        1,
        0,
        1.9,
        0.8,
        0,
        2.833,
        1,
        0,
        4.1,
        0.8,
        2,
        4.767,
        0.8,
        0,
        5.333,
        1,
        2,
        5.933,
        1
      ]
    },
    {
      "Target": "Parameter",
      "Id": "ParamEyeROpen",
      "Segments": [
        0,
        1,
        2,
        1.3,
        1,
        0,
        1.9,
        0.8,
        0,
        2.833,
        1,
        0,
        4.1,
        0.8,
        2,
        4.767,
        0.8,
        0,
        5.333,
        1,
        2,
        5.933,
        1
      ]
    },
    {
      "Target": "Parameter",
      "Id": "ParamEyeBallX",
      "Segments": [
        0,
        0,
        0,
        0.367,
        0.3,
        0,
        0.867,
        -0.6,
        1,
        1.022,
        -0.6,
        1.178,
        -0.05,
        1.333,
        0,
        1,
        1.855,
        0.168,
        2.378,
        0.2,
        2.9,
        0.2,
        2,
        4.4,
        0.2,
        0,
        5.933,
        0
      ]
    },
    {
      "Target": "Parameter",
      "Id": "ParamEyeBallY",
      "Segments": [
        0,
        0,
        0,
        0.367,
        -0.2,
        0,
        0.867,
        0.3,
        1,
        1.022,
        0.3,
        1.178,
        0.013,
        1.333,
        0,
        1,
        1.855,
        -0.043,
        2.378,
        -0.047,
        2.9,
        -0.1,
        1,
        3.4,
        -0.151,
        3.9,
        -0.3,
        4.4,
        -0.3,
        0,
        5.933,
        0
      ]
    },
    {
      "Target": "Parameter",
      "Id": "ParamMouthOpenY",
      "Segments": [
        0,
        0.816,
        1,
        0.022,
        0.813,
        0.045,
        0.677,
        0.067,
        0.675,
        1,
        0.078,
        0.65,
        0.089,
        0.91,
        0.1,
        1,
        2,
        0.133,
        1,
        2,
        0.167,
        0.8,
        1,
        0.178,
        0.507,
        0.189,
        0.166,
        0.2,
        0.18,
        1,
        0.211,
        0.165,
        0.222,
        0.52,
        0.233,
        0.824,
        3,
        0.267,
        1,
        2,
        0.433,
        1,
        1,
        0.466,
        1.102,
        0.5,
        0.072,
        0.533,
        0.157,
        1,
        0.555,
        0.151,
        0.578,
        1.094,
        0.6,
        1,
        1,
        0.622,
        1.092,
        0.645,
        0.036,
        0.667,
        0.039,
        1,
        0.689,
        0.052,
        0.711,
        0.065,
        0.733,
        0.078,
        1,
        0.755,
        0.077,
        0.778,
        0.001,
        0.8,
        0,
        1,
        0.811,
        -0.023,
        0.822,
        0.521,
        0.833,
        0.988,
        3,
        0.867,
        1,
        2,
        1.067,
        1,
        1,
        1.089,
        0.968,
        1.111,
        0.78,
        1.133,
        0.703,
        1,
        1.155,
        0.613,
        1.178,
        0.557,
        1.2,
        0.557,
        1,
        1.222,
        0.556,
        1.245,
        0.64,
        1.267,
        0.745,
        1,
        1.278,
        0.799,
        1.289,
        0.864,
        1.3,
        0.922,
        1,
        1.311,
        1.009,
        1.322,
        1.002,
        1.333,
        1,
        2,
        1.467,
        1,
        1,
        1.511,
        0.765,
        1.556,
        0.287,
        1.6,
        0.298,
        1,
        1.633,
        0.289,
        1.667,
        0.805,
        1.7,
        1,
        2,
        1.767,
        1,
        1,
        1.8,
        0.752,
        1.834,
        0.2,
        1.867,
        0.204,
        1,
        1.889,
        0.215,
        1.911,
        0.922,
        1.933,
        0.933,
        1,
        1.955,
        0.924,
        1.978,
        0.37,
        2,
        0.361,
        1,
        2.022,
        0.363,
        2.045,
        0.492,
        2.067,
        0.494,
        1,
        2.089,
        0.493,
        2.111,
        0.44,
        2.133,
        0.439,
        1,
        2.178,
        0.437,
        2.222,
        0.7,
        2.267,
        0.698,
        1,
        2.289,
        0.687,
        2.311,
        0.011,
        2.333,
        0,
        1,
        2.366,
        -0.106,
        2.4,
        1.142,
        2.433,
        1,
        2,
        2.533,
        1,
        1,
        2.555,
        0.712,
        2.578,
        0.446,
        2.6,
        0.439,
        1,
        2.644,
        0.436,
        2.689,
        0.723,
        2.733,
        1,
        2,
        2.9,
        1,
        1,
        2.933,
        1.173,
        2.967,
        -0.054,
        3,
        0.055,
        1,
        3.022,
        0.058,
        3.045,
        0.06,
        3.067,
        0.063,
        0,
        3.2,
        0,
        2,
        3.4,
        0,
        1,
        3.444,
        -0.004,
        3.489,
        0.577,
        3.533,
        0.573,
        1,
        3.555,
        0.572,
        3.578,
        0.519,
        3.6,
        0.518,
        1,
        3.622,
        0.521,
        3.645,
        0.734,
        3.667,
        0.737,
        1,
        3.689,
        0.736,
        3.711,
        0.66,
        3.733,
        0.659,
        1,
        3.755,
        0.663,
        3.778,
        1.002,
        3.8,
        1,
        1,
        3.822,
        1.002,
        3.845,
        0.686,
        3.867,
        0.682,
        1,
        3.911,
        0.681,
        3.956,
        0.848,
        4,
        0.847,
        1,
        4.022,
        0.835,
        4.045,
        0.106,
        4.067,
        0.094,
        1,
        4.089,
        0.108,
        4.111,
        0.974,
        4.133,
        0.988,
        1,
        4.2,
        0.995,
        4.266,
        0.174,
        4.333,
        0.18,
        1,
        4.344,
        0.169,
        4.356,
        0.447,
        4.367,
        0.686,
        1,
        4.378,
        1.04,
        4.389,
        1.006,
        4.4,
        1,
        2,
        4.433,
        1,
        1,
        4.466,
        0.8,
        4.5,
        0.206,
        4.533,
        0.22,
        1,
        4.566,
        0.167,
        4.6,
        0.979,
        4.633,
        1,
        2,
        4.7,
        1,
        1,
        4.711,
        0.987,
        4.722,
        0.765,
        4.733,
        0.792,
        1,
        4.755,
        0.794,
        4.778,
        0.916,
        4.8,
        0.918,
        1,
        4.911,
        0.914,
        5.022,
        0.004,
        5.133,
        0,
        2,
        5.933,
        0
      ]
    },
    {
      "Target": "Parameter",
      "Id": "ParamAngleX",
      "Segments": [
        0,
        0,
        0,
        0.633,
        24,
        0,
        1.533,
        -30,
        0,
        4.333,
        30,
        0,
        4.967,
        -30,
        0,
        5.933,
        0
      ]
    },
    {
      "Target": "Parameter",
      "Id": "ParamAngleY",
      "Segments": [
        0,
        0,
        0,
        0.633,
        30,
        1,
        0.933,
        30,
        1.233,
        24.806,
        1.533,
        24,
        1,
        2.466,
        21.492,
        3.4,
        21,
        4.333,
        21,
        0,
        4.967,
        29,
        0,
        5.933,
        0
      ]
    },
    {
      "Target": "Parameter",
      "Id": "ParamAngleZ",
      "Segments": [
        0,
        0,
        0,
        0.8,
        -23,
        1,
        1.111,
        -23,
        1.422,
        -14.767,
        1.733,
        0,
        1,
        2.011,
        13.184,
        2.289,
        19,
        2.567,
        19,
        1,
        2.767,
        19,
        2.967,
        -5.744,
        3.167,
        -10,
        1,
        3.478,
        -16.62,
        3.789,
        -17,
        4.1,
        -17,
        0,
        5.033,
        16,
        0,
        5.933,
        0
      ]
    },
    {
      "Target": "Parameter",
      "Id": "ParamEyeRSmile",
      "Segments": [
        0,
        0,
        0,
        5.933,
        0
      ]
    },
    {
      "Target": "Parameter",
      "Id": "ParamBrowLX",
      "Segments": [
        0,
        0,
        0,
        5.933,
        0
      ]
    },
    {
      "Target": "Parameter",
      "Id": "ParamBrowRX",
      "Segments": [
        0,
        0,
        0,
        5.933,
        0
      ]
    },
    {
      "Target": "Parameter",
      "Id": "ParamBrowLForm",
      "Segments": [
        0,
        0,
        0,
        5.933,
        0
      ]
    },
    {
      "Target": "Parameter",
      "Id": "ParamBrowRForm",
      "Segments": [
        0,
        0,
        0,
        5.933,
        0
      ]
    },
    {
      "Target": "Parameter",
      "Id": "ParamCheek",
      "Segments": [
        0,
        0,
        0,
        5.933,
        0
      ]
    },
    {
      "Target": "Parameter",
      "Id": "ParamBodyAngleY",
      "Segments": [
        0,
        0,
        0,
        5.933,
        0
      ]
    },
    {
      "Target": "Parameter",
      "Id": "ParamBreath",
      "Segments": [
        0,
        0,
        0,
        5.933,
        0
      ]
    },
    {
      "Target": "Parameter",
      "Id": "ParamWZ",
      "Segments": [
        0,
        0,
        0,
        5.933,
        0
      ]
    },
    {
      "Target": "Parameter",
      "Id": "ParamLhandchange",
      "Segments": [
        0,
        0,
        0,
        5.933,
        0
      ]
    },
    {
      "Target": "Parameter",
      "Id": "ParamRhandy",
      "Segments": [
        0,
        0,
        0,
        5.933,
        0
      ]
    },
    {
      "Target": "Parameter",
      "Id": "ParamRhandchange",
      "Segments": [
        0,
        0,
        0,
        5.933,
        0
      ]
    },
    {
      "Target": "Parameter",
      "Id": "ParamTail3",
      "Segments": [
        0,
        0,
        0,
        5.933,
        0
      ]
    },
    {
      "Target": "Parameter",
      "Id": "ParamTailzhamao",
      "Segments": [
        0,
        0,
        0,
        5.933,
        0
      ]
    },
    {
      "Target": "Parameter",
      "Id": "ParamEyeLSmile",
      "Segments": [
        0,
        0,
        0,
        5.933,
        0
      ]
    },
    {
      "Target": "Parameter",
      "Id": "ParamEye",
      "Segments": [
        0,
        1,
        0,
        5.933,
        1
      ]
    },
    {
      "Target": "Parameter",
      "Id": "ParamBrowLY",
      "Segments": [
        0,
        0,
        0,
        5.933,
        0
      ]
    },
    {
      "Target": "Parameter",
      "Id": "ParamBrowLAngle",
      "Segments": [
        0,
        0,
        0,
        5.933,
        0
      ]
    },
    {
      "Target": "Parameter",
      "Id": "ParamBrowRY",
      "Segments": [
        0,
        0,
        0,
        5.933,
        0
      ]
    },
    {
      "Target": "Parameter",
      "Id": "ParamBrowRAngle",
      "Segments": [
        0,
        0,
        0,
        5.933,
        0
      ]
    },
    {
      "Target": "Parameter",
      "Id": "ParamMouthForm",
      "Segments": [
        0,
        0,
        0,
        5.933,
        0
      ]
    },
    {
      "Target": "Parameter",
      "Id": "ParamEmotionSleep",
      "Segments": [
        0,
        0,
        0,
        5.933,
        0
      ]
    },
    {
      "Target": "Parameter",
      "Id": "ParamEmosleepy",
      "Segments": [
        0,
        0,
        0,
        5.933,
        0
      ]
    },
    {
      "Target": "Parameter",
      "Id": "ParamEmoshinning",
      "Segments": [
        0,
        0,
        0,
        5.933,
        0
      ]
    },
    {
      "Target": "Parameter",
      "Id": "ParamEmotionquestion",
      "Segments": [
        0,
        0,
        0,
        5.933,
        0
      ]
    },
    {
      "Target": "Parameter",
      "Id": "ParamEmotionshining",
      "Segments": [
        0,
        -1,
        0,
        5.933,
        -1
      ]
    },
    {
      "Target": "Parameter",
      "Id": "ParamEmoangry",
      "Segments": [
        0,
        0,
        0,
        5.933,
        0
      ]
    },
    {
      "Target": "Parameter",
      "Id": "ParamEmoshame",
      "Segments": [
        0,
        0,
        0,
        5.933,
        0
      ]
    }
  ],
  "UserData": [
    {
      "Time": 0.0,
      "Value": "characterVoice_9_5.5"
    },
    {
      "Time": 0.0,
      "Value": ""
    }
  ]
}