{
  "Version": 3,
  "Meta": {
    "Duration": 3.333,
    "Fps": 30.0,
    "Loop": true,
    "AreBeziersRestricted": true,
    "CurveCount": 80,
    "TotalSegmentCount": 313,
    "TotalPointCount": 517,
    "UserDataCount": 2,
    "TotalUserDataSize": 19
  },
  "Curves": [
    {
      "Target": "Parameter",
      "Id": "ParamCatx",
      "Segments": [
        0,
        0,
        1,
        0.256,
        0,
        0.511,
        0.376,
        0.767,
        1,
        1,
        1.056,
        1.705,
        1.344,
        2,
        1.633,
        2,
        0,
        2.567,
        0,
        2,
        3.333,
        0
      ]
    },
    {
      "Target": "Parameter",
      "Id": "ParamCaty",
      "Segments": [
        0,
        0,
        0,
        0.767,
        16,
        0,
        1.633,
        -9,
        0,
        2.567,
        12,
        0,
        3.333,
        0
      ]
    },
    {
      "Target": "Parameter",
      "Id": "ParamCatro",
      "Segments": [
        0,
        0,
        0,
        0.8,
        26,
        0,
        3.333,
        0
      ]
    },
    {
      "Target": "Parameter",
      "Id": "ParamCatshiba1",
      "Segments": [
        0,
        0,
        2,
        0.333,
        0,
        0,
        0.833,
        -18,
        1,
        0.966,
        -18,
        1.1,
        -12.552,
        1.233,
        -1,
        1,
        1.4,
        13.44,
        1.566,
        21,
        1.733,
        21,
        1,
        1.889,
        21,
        2.044,
        14.347,
        2.2,
        0,
        1,
        2.333,
        -12.298,
        2.467,
        -19,
        2.6,
        -19,
        0,
        2.967,
        1,
        0,
        3.333,
        0
      ]
    },
    {
      "Target": "Parameter",
      "Id": "ParamCatshiba2",
      "Segments": [
        0,
        0,
        0,
        0.333,
        16,
        1,
        0.5,
        16,
        0.666,
        12.145,
        0.833,
        -1,
        1,
        0.966,
        -11.516,
        1.1,
        -21,
        1.233,
        -21,
        1,
        1.4,
        -21,
        1.566,
        -17.045,
        1.733,
        -4,
        1,
        1.889,
        8.176,
        2.044,
        18,
        2.2,
        18,
        1,
        2.333,
        18,
        2.467,
        11.823,
        2.6,
        0,
        1,
        2.722,
        -10.838,
        2.845,
        -16,
        2.967,
        -16,
        0,
        3.333,
        0
      ]
    },
    {
      "Target": "Parameter",
      "Id": "ParamCathead",
      "Segments": [
        0,
        0,
        0,
        0.5,
        -30,
        0,
        1.7,
        -14,
        0,
        2.867,
        -30,
        0,
        3.333,
        0
      ]
    },
    {
      "Target": "Parameter",
      "Id": "ParamCateye",
      "Segments": [
        0,
        1,
        0,
        0.5,
        0,
        2,
        2.867,
        0,
        0,
        3.333,
        1
      ]
    },
    {
      "Target": "Parameter",
      "Id": "ParamCatlarm",
      "Segments": [
        0,
        0,
        0,
        0.8,
        -12,
        0,
        1.667,
        13,
        0,
        2.5,
        -12,
        0,
        3.333,
        0
      ]
    },
    {
      "Target": "Parameter",
      "Id": "ParamCatlforearm",
      "Segments": [
        0,
        0,
        0,
        0.933,
        -24,
        0,
        1.767,
        12,
        0,
        2.6,
        -8,
        0,
        3.333,
        0
      ]
    },
    {
      "Target": "Parameter",
      "Id": "ParamCatlhand",
      "Segments": [
        0,
        0,
        0,
        1.1,
        -19,
        0,
        1.933,
        13,
        0,
        2.767,
        -6,
        0,
        3.333,
        0
      ]
    },
    {
      "Target": "Parameter",
      "Id": "ParamCatrarm",
      "Segments": [
        0,
        0,
        0,
        0.567,
        -17,
        0,
        1.633,
        9,
        0,
        2.5,
        -9,
        0,
        3.333,
        0
      ]
    },
    {
      "Target": "Parameter",
      "Id": "ParamCatrforearm",
      "Segments": [
        0,
        0,
        0,
        0.733,
        -10,
        0,
        1.733,
        9,
        0,
        2.6,
        -8,
        0,
        3.333,
        0
      ]
    },
    {
      "Target": "Parameter",
      "Id": "ParamCatrhand",
      "Segments": [
        0,
        0,
        0,
        0.9,
        -15,
        0,
        1.9,
        11,
        0,
        2.767,
        -8,
        0,
        3.333,
        0
      ]
    },
    {
      "Target": "Parameter",
      "Id": "ParamCatlleg",
      "Segments": [
        0,
        0,
        0,
        0.7,
        -12,
        0,
        3.333,
        0
      ]
    },
    {
      "Target": "Parameter",
      "Id": "ParamCatlforeleg",
      "Segments": [
        0,
        0,
        0,
        0.9,
        -9,
        1,
        1.189,
        -9,
        1.478,
        -9.18,
        1.767,
        -8,
        1,
        2.022,
        -6.957,
        2.278,
        9,
        2.533,
        9,
        0,
        3.333,
        0
      ]
    },
    {
      "Target": "Parameter",
      "Id": "ParamCatrleg",
      "Segments": [
        0,
        0,
        0,
        0.633,
        -10,
        0,
        3.333,
        0
      ]
    },
    {
      "Target": "Parameter",
      "Id": "ParamCatrforeleg",
      "Segments": [
        0,
        0,
        1,
        0.278,
        0,
        0.555,
        -9.961,
        0.833,
        -11,
        1,
        1.144,
        -12.164,
        1.456,
        -12,
        1.767,
        -12,
        0,
        2.533,
        15,
        0,
        3.333,
        0
      ]
    },
    {
      "Target": "Parameter",
      "Id": "ParamCloth1",
      "Segments": [
        0,
        0,
        2,
        0.467,
        0,
        0,
        0.933,
        -18,
        1,
        1.111,
        -18,
        1.289,
        -12,
        1.467,
        0,
        1,
        1.645,
        12,
        1.822,
        18,
        2,
        18,
        1,
        2.156,
        18,
        2.311,
        10.568,
        2.467,
        -1,
        1,
        2.622,
        -12.568,
        2.778,
        -17,
        2.933,
        -17,
        0,
        3.333,
        0
      ]
    },
    {
      "Target": "Parameter",
      "Id": "ParamCloth2",
      "Segments": [
        0,
        0,
        0,
        0.467,
        16,
        1,
        0.622,
        16,
        0.778,
        9.524,
        0.933,
        -1,
        1,
        1.111,
        -13.027,
        1.289,
        -18,
        1.467,
        -18,
        1,
        1.645,
        -18,
        1.822,
        -12.715,
        2,
        -1,
        1,
        2.156,
        9.251,
        2.311,
        15,
        2.467,
        15,
        0,
        2.933,
        -1,
        0,
        3.333,
        0
      ]
    },
    {
      "Target": "Parameter",
      "Id": "ParamHairFront",
      "Segments": [
        0,
        0,
        2,
        0.3,
        0,
        0,
        0.633,
        -1,
        1,
        0.778,
        -1,
        0.922,
        -0.621,
        1.067,
        0,
        1,
        1.2,
        0.573,
        1.334,
        0.8,
        1.467,
        0.8,
        1,
        1.6,
        0.8,
        1.734,
        0.482,
        1.867,
        0,
        1,
        1.989,
        -0.442,
        2.111,
        -0.6,
        2.233,
        -0.6,
        1,
        2.355,
        -0.6,
        2.478,
        -0.471,
        2.6,
        0,
        1,
        2.711,
        0.428,
        2.822,
        0.8,
        2.933,
        0.8,
        0,
        3.333,
        0
      ]
    },
    {
      "Target": "Parameter",
      "Id": "ParamFore2",
      "Segments": [
        0,
        0,
        0,
        0.3,
        28,
        1,
        0.411,
        28,
        0.522,
        13.933,
        0.633,
        -2,
        1,
        0.778,
        -22.713,
        0.922,
        -29,
        1.067,
        -29,
        1,
        1.2,
        -29,
        1.334,
        -17.278,
        1.467,
        -2,
        1,
        1.6,
        13.278,
        1.734,
        18,
        1.867,
        18,
        1,
        1.989,
        18,
        2.111,
        10.627,
        2.233,
        -2,
        1,
        2.355,
        -14.627,
        2.478,
        -20,
        2.6,
        -20,
        1,
        2.711,
        -20,
        2.822,
        -3.774,
        2.933,
        -2,
        1,
        3.066,
        0.128,
        3.2,
        0,
        3.333,
        0
      ]
    },
    {
      "Target": "Parameter",
      "Id": "ParamHairSide",
      "Segments": [
        0,
        0,
        2,
        0.367,
        0,
        0,
        0.7,
        -0.9,
        1,
        0.844,
        -0.9,
        0.989,
        -0.589,
        1.133,
        0,
        1,
        1.266,
        0.544,
        1.4,
        0.8,
        1.533,
        0.8,
        1,
        1.666,
        0.8,
        1.8,
        0.555,
        1.933,
        0,
        1,
        2.055,
        -0.509,
        2.178,
        -0.8,
        2.3,
        -0.8,
        1,
        2.422,
        -0.8,
        2.545,
        -0.557,
        2.667,
        0,
        1,
        2.778,
        0.507,
        2.889,
        0.8,
        3,
        0.8,
        0,
        3.333,
        0
      ]
    },
    {
      "Target": "Parameter",
      "Id": "ParamSide2",
      "Segments": [
        0,
        0,
        0,
        0.367,
        28,
        1,
        0.478,
        28,
        0.589,
        15.182,
        0.7,
        0,
        1,
        0.844,
        -19.736,
        0.989,
        -26,
        1.133,
        -26,
        1,
        1.266,
        -26,
        1.4,
        -15.876,
        1.533,
        0,
        1,
        1.666,
        15.876,
        1.8,
        22,
        1.933,
        22,
        1,
        2.055,
        22,
        2.178,
        11.469,
        2.3,
        -4,
        1,
        2.422,
        -19.469,
        2.545,
        -25,
        2.667,
        -25,
        0,
        3,
        0,
        2,
        3.333,
        0
      ]
    },
    {
      "Target": "Parameter",
      "Id": "ParamHairBack",
      "Segments": [
        0,
        0,
        2,
        0.433,
        0,
        0,
        0.767,
        -0.7,
        1,
        0.911,
        -0.7,
        1.056,
        -0.514,
        1.2,
        0,
        1,
        1.333,
        0.475,
        1.467,
        0.8,
        1.6,
        0.8,
        1,
        1.733,
        0.8,
        1.867,
        0.585,
        2,
        0,
        1,
        2.122,
        -0.536,
        2.245,
        -0.9,
        2.367,
        -0.9,
        1,
        2.489,
        -0.9,
        2.611,
        -0.627,
        2.733,
        0,
        1,
        2.844,
        0.57,
        2.956,
        0.9,
        3.067,
        0.9,
        0,
        3.333,
        0
      ]
    },
    {
      "Target": "Parameter",
      "Id": "ParamBack2",
      "Segments": [
        0,
        0,
        0,
        0.433,
        29,
        1,
        0.544,
        29,
        0.656,
        14.505,
        0.767,
        -2,
        1,
        0.911,
        -23.456,
        1.056,
        -30,
        1.2,
        -30,
        1,
        1.333,
        -30,
        1.467,
        -21.611,
        1.6,
        -2,
        1,
        1.733,
        17.611,
        1.867,
        29,
        2,
        29,
        1,
        2.122,
        29,
        2.245,
        16.646,
        2.367,
        0,
        1,
        2.489,
        -16.646,
        2.611,
        -22,
        2.733,
        -22,
        1,
        2.844,
        -22,
        2.956,
        -4.959,
        3.067,
        -2,
        1,
        3.156,
        0.367,
        3.244,
        0,
        3.333,
        0
      ]
    },
    {
      "Target": "Parameter",
      "Id": "ParamWX",
      "Segments": [
        0,
        0,
        0,
        1.033,
        2,
        0,
        1.767,
        1,
        2,
        2.267,
        1,
        0,
        3.333,
        0
      ]
    },
    {
      "Target": "Parameter",
      "Id": "ParamWy",
      "Segments": [
        0,
        0,
        0,
        1.033,
        11,
        0,
        1.767,
        -1,
        0,
        2.267,
        6,
        0,
        3.333,
        0
      ]
    },
    {
      "Target": "Parameter",
      "Id": "ParamWZ",
      "Segments": [
        0,
        0,
        0,
        0.867,
        9,
        0,
        1.9,
        -19,
        0,
        2.633,
        7,
        0,
        3.333,
        0
      ]
    },
    {
      "Target": "Parameter",
      "Id": "ParamBodyAngleX",
      "Segments": [
        0,
        0,
        0,
        0.833,
        10,
        0,
        1.8,
        -7,
        0,
        2.6,
        10,
        0,
        3.333,
        0
      ]
    },
    {
      "Target": "Parameter",
      "Id": "ParamBodyAngleZ",
      "Segments": [
        0,
        0,
        0,
        0.8,
        10,
        0,
        1.867,
        5,
        0,
        2.7,
        10,
        0,
        3.333,
        0
      ]
    },
    {
      "Target": "Parameter",
      "Id": "ParamLarm",
      "Segments": [
        0,
        0,
        0,
        0.867,
        7,
        0,
        1.867,
        -2,
        0,
        2.567,
        1,
        0,
        3.333,
        0
      ]
    },
    {
      "Target": "Parameter",
      "Id": "ParamLforearm",
      "Segments": [
        0,
        0,
        0,
        1.067,
        18,
        0,
        1.933,
        -13,
        1,
        2.189,
        -13,
        2.444,
        -13.12,
        2.7,
        -11,
        1,
        2.911,
        -9.249,
        3.122,
        0,
        3.333,
        0
      ]
    },
    {
      "Target": "Parameter",
      "Id": "ParamLhand",
      "Segments": [
        0,
        0,
        0,
        0.6,
        22,
        0,
        1.5,
        -18,
        0,
        2.3,
        18,
        0,
        2.9,
        -6,
        0,
        3.333,
        0
      ]
    },
    {
      "Target": "Parameter",
      "Id": "ParamRarm",
      "Segments": [
        0,
        0,
        1,
        0.289,
        0,
        0.578,
        -0.417,
        0.867,
        3,
        1,
        1.156,
        6.417,
        1.444,
        28,
        1.733,
        28,
        1,
        2.033,
        28,
        2.333,
        27.652,
        2.633,
        21,
        1,
        2.866,
        15.826,
        3.1,
        0,
        3.333,
        0
      ]
    },
    {
      "Target": "Parameter",
      "Id": "ParamRforearm",
      "Segments": [
        0,
        0,
        0,
        0.967,
        4,
        0,
        3.333,
        0
      ]
    },
    {
      "Target": "Parameter",
      "Id": "ParamRforearm2",
      "Segments": [
        0,
        0,
        0,
        1.067,
        26,
        0,
        1.933,
        -18,
        1,
        2.189,
        -18,
        2.444,
        -18.109,
        2.7,
        -15,
        1,
        2.911,
        -12.432,
        3.122,
        0,
        3.333,
        0
      ]
    },
    {
      "Target": "Parameter",
      "Id": "ParamRhand",
      "Segments": [
        0,
        0,
        0,
        1.167,
        19,
        0,
        2.067,
        -2,
        0,
        2.933,
        21,
        0,
        3.333,
        0
      ]
    },
    {
      "Target": "Parameter",
      "Id": "ParamRhandchange",
      "Segments": [
        0,
        0,
        0,
        0.867,
        0.1,
        0,
        1.967,
        0,
        0,
        2.633,
        0.1,
        0,
        3.333,
        0
      ]
    },
    {
      "Target": "Parameter",
      "Id": "ParamLleg",
      "Segments": [
        0,
        0,
        0,
        0.867,
        11,
        0,
        1.567,
        -8,
        0,
        2.567,
        7,
        0,
        3.333,
        0
      ]
    },
    {
      "Target": "Parameter",
      "Id": "ParamLforeleg",
      "Segments": [
        0,
        0,
        0,
        0.933,
        -10,
        0,
        1.7,
        9,
        0,
        2.7,
        -9,
        0,
        3.333,
        0
      ]
    },
    {
      "Target": "Parameter",
      "Id": "ParamLfoot",
      "Segments": [
        0,
        0,
        0,
        1.1,
        -18,
        0,
        1.867,
        13,
        0,
        2.833,
        -8,
        0,
        3.333,
        0
      ]
    },
    {
      "Target": "Parameter",
      "Id": "ParamRleg",
      "Segments": [
        0,
        0,
        0,
        0.767,
        8,
        0,
        1.633,
        -12,
        0,
        2.4,
        3,
        0,
        3.333,
        0
      ]
    },
    {
      "Target": "Parameter",
      "Id": "ParamRforeleg",
      "Segments": [
        0,
        0,
        0,
        0.867,
        7.126,
        0,
        1.767,
        0,
        0,
        2.533,
        9.066,
        0,
        3.333,
        0
      ]
    },
    {
      "Target": "Parameter",
      "Id": "ParamRfoot",
      "Segments": [
        0,
        0,
        0,
        0.533,
        -12,
        0,
        0.967,
        0,
        0,
        1.9,
        -29,
        0,
        2.733,
        0,
        2,
        3.333,
        0
      ]
    },
    {
      "Target": "Parameter",
      "Id": "ParamTail1",
      "Segments": [
        0,
        0,
        1,
        0.189,
        0,
        0.378,
        0.294,
        0.567,
        -1,
        1,
        0.778,
        -2.447,
        0.989,
        -30,
        1.2,
        -30,
        1,
        1.456,
        -30,
        1.711,
        -16.318,
        1.967,
        1,
        1,
        2.167,
        14.553,
        2.367,
        18,
        2.567,
        18,
        0,
        3.333,
        0
      ]
    },
    {
      "Target": "Parameter",
      "Id": "ParamTail2",
      "Segments": [
        0,
        0,
        0,
        0.567,
        26,
        1,
        0.778,
        26,
        0.989,
        15.82,
        1.2,
        -1,
        1,
        1.456,
        -21.362,
        1.711,
        -30,
        1.967,
        -30,
        1,
        2.167,
        -30,
        2.367,
        -1.887,
        2.567,
        -1,
        1,
        2.822,
        0.133,
        3.078,
        0,
        3.333,
        0
      ]
    },
    {
      "Target": "Parameter",
      "Id": "ParamTail3",
      "Segments": [
        0,
        0,
        0,
        0.8,
        30,
        2,
        2.367,
        30,
        0,
        3.333,
        0
      ]
    },
    {
      "Target": "Parameter",
      "Id": "ParamEyeLOpen",
      "Segments": [
        0,
        1,
        0,
        0.4,
        0,
        2,
        0.667,
        0,
        1,
        1.2,
        0,
        1.734,
        0.013,
        2.267,
        0.1,
        1,
        2.434,
        0.127,
        2.6,
        1,
        2.767,
        1,
        2,
        3.333,
        1
      ]
    },
    {
      "Target": "Parameter",
      "Id": "ParamEyeLSmile",
      "Segments": [
        0,
        0,
        0,
        0.4,
        1,
        2,
        2.267,
        1,
        2,
        2.767,
        1,
        0,
        3.333,
        0
      ]
    },
    {
      "Target": "Parameter",
      "Id": "ParamEyeROpen",
      "Segments": [
        0,
        1,
        0,
        0.4,
        0,
        2,
        0.667,
        0,
        2,
        2.267,
        0,
        0,
        2.767,
        1,
        2,
        3.333,
        1
      ]
    },
    {
      "Target": "Parameter",
      "Id": "ParamEyeBallY",
      "Segments": [
        0,
        0,
        0,
        0.4,
        0.4,
        1,
        1.089,
        0.4,
        1.778,
        0.361,
        2.467,
        0.2,
        1,
        2.756,
        0.133,
        3.044,
        0,
        3.333,
        0
      ]
    },
    {
      "Target": "Parameter",
      "Id": "ParamBrowLAngle",
      "Segments": [
        0,
        0,
        0,
        0.467,
        1,
        2,
        2.333,
        1,
        0,
        3.333,
        0
      ]
    },
    {
      "Target": "Parameter",
      "Id": "ParamBrowRAngle",
      "Segments": [
        0,
        0,
        0,
        0.467,
        1,
        2,
        2.333,
        1,
        0,
        3.333,
        0
      ]
    },
    {
      "Target": "Parameter",
      "Id": "ParamMouthOpenY",
      "Segments": [
        0,
        0.18,
        1,
        0.056,
        0.184,
        0.111,
        0.629,
        0.167,
        0.974,
        3,
        0.2,
        1,
        2,
        0.3,
        1,
        2,
        0.333,
        0.922,
        1,
        0.355,
        0.706,
        0.378,
        0.507,
        0.4,
        0.502,
        1,
        0.456,
        0.499,
        0.511,
        0.89,
        0.567,
        1,
        2,
        0.6,
        1,
        1,
        0.622,
        1.082,
        0.645,
        0.339,
        0.667,
        0.345,
        1,
        0.734,
        0.34,
        0.8,
        0.962,
        0.867,
        0.957,
        1,
        0.889,
        0.951,
        0.911,
        0.609,
        0.933,
        0.604,
        1,
        0.955,
        0.605,
        0.978,
        0.697,
        1,
        0.698,
        1,
        1.067,
        0.701,
        1.133,
        0.342,
        1.2,
        0.345,
        1,
        1.244,
        0.343,
        1.289,
        0.598,
        1.333,
        0.596,
        1,
        1.422,
        0.595,
        1.511,
        0.198,
        1.6,
        0.196,
        1,
        1.622,
        0.203,
        1.645,
        0.613,
        1.667,
        0.62,
        1,
        1.689,
        0.607,
        1.711,
        0.593,
        1.733,
        0.58,
        1,
        1.755,
        0.583,
        1.778,
        0.719,
        1.8,
        0.722,
        1,
        1.822,
        0.717,
        1.845,
        0.451,
        1.867,
        0.447,
        1,
        1.889,
        0.449,
        1.911,
        0.578,
        1.933,
        0.58,
        1,
        2,
        0.584,
        2.066,
        0.13,
        2.133,
        0.133,
        1,
        2.155,
        0.137,
        2.178,
        0.334,
        2.2,
        0.337,
        1,
        2.267,
        0.34,
        2.333,
        -0.003,
        2.4,
        0,
        2,
        3.333,
        0
      ]
    },
    {
      "Target": "Parameter",
      "Id": "ParamEmoshame",
      "Segments": [
        0,
        0,
        0,
        0.467,
        0.7,
        2,
        1.567,
        0.7,
        0,
        3.333,
        0
      ]
    },
    {
      "Target": "Parameter",
      "Id": "ParamAngleX",
      "Segments": [
        0,
        0,
        0,
        0.767,
        17,
        0,
        1.467,
        -2,
        0,
        2.267,
        18,
        0,
        2.9,
        -4,
        0,
        3.333,
        0
      ]
    },
    {
      "Target": "Parameter",
      "Id": "ParamAngleY",
      "Segments": [
        0,
        0,
        0,
        0.767,
        21,
        0,
        1.467,
        -18,
        0,
        2.267,
        26,
        0,
        2.9,
        -20,
        0,
        3.333,
        0
      ]
    },
    {
      "Target": "Parameter",
      "Id": "ParamAngleZ",
      "Segments": [
        0,
        0,
        0,
        0.667,
        14.563,
        0,
        1.333,
        -7,
        0,
        2.1,
        14.563,
        0,
        2.767,
        -7,
        0,
        3.333,
        0
      ]
    },
    {
      "Target": "Parameter",
      "Id": "ParamEyeRSmile",
      "Segments": [
        0,
        0,
        0,
        3.333,
        0
      ]
    },
    {
      "Target": "Parameter",
      "Id": "ParamBrowLX",
      "Segments": [
        0,
        0,
        0,
        3.333,
        0
      ]
    },
    {
      "Target": "Parameter",
      "Id": "ParamBrowRX",
      "Segments": [
        0,
        0,
        0,
        3.333,
        0
      ]
    },
    {
      "Target": "Parameter",
      "Id": "ParamBrowLForm",
      "Segments": [
        0,
        0,
        0,
        3.333,
        0
      ]
    },
    {
      "Target": "Parameter",
      "Id": "ParamBrowRForm",
      "Segments": [
        0,
        0,
        0,
        3.333,
        0
      ]
    },
    {
      "Target": "Parameter",
      "Id": "ParamCheek",
      "Segments": [
        0,
        0,
        0,
        3.333,
        0
      ]
    },
    {
      "Target": "Parameter",
      "Id": "ParamBodyAngleY",
      "Segments": [
        0,
        0,
        0,
        3.333,
        0
      ]
    },
    {
      "Target": "Parameter",
      "Id": "ParamBreath",
      "Segments": [
        0,
        0,
        0,
        3.333,
        0
      ]
    },
    {
      "Target": "Parameter",
      "Id": "ParamLhandchange",
      "Segments": [
        0,
        0,
        0,
        3.333,
        0
      ]
    },
    {
      "Target": "Parameter",
      "Id": "ParamRhandy",
      "Segments": [
        0,
        0,
        0,
        3.333,
        0
      ]
    },
    {
      "Target": "Parameter",
      "Id": "ParamTailzhamao",
      "Segments": [
        0,
        0,
        0,
        3.333,
        0
      ]
    },
    {
      "Target": "Parameter",
      "Id": "ParamEye",
      "Segments": [
        0,
        1,
        0,
        3.333,
        1
      ]
    },
    {
      "Target": "Parameter",
      "Id": "ParamEyeBallX",
      "Segments": [
        0,
        0,
        0,
        3.333,
        0
      ]
    },
    {
      "Target": "Parameter",
      "Id": "ParamBrowLY",
      "Segments": [
        0,
        0,
        0,
        3.333,
        0
      ]
    },
    {
      "Target": "Parameter",
      "Id": "ParamBrowRY",
      "Segments": [
        0,
        0,
        0,
        3.333,
        0
      ]
    },
    {
      "Target": "Parameter",
      "Id": "ParamMouthForm",
      "Segments": [
        0,
        0,
        0,
        3.333,
        0
      ]
    },
    {
      "Target": "Parameter",
      "Id": "ParamEmotionSleep",
      "Segments": [
        0,
        0,
        0,
        3.333,
        0
      ]
    },
    {
      "Target": "Parameter",
      "Id": "ParamEmosleepy",
      "Segments": [
        0,
        0,
        0,
        3.333,
        0
      ]
    },
    {
      "Target": "Parameter",
      "Id": "ParamEmoshinning",
      "Segments": [
        0,
        0,
        0,
        3.333,
        0
      ]
    },
    {
      "Target": "Parameter",
      "Id": "ParamEmotionquestion",
      "Segments": [
        0,
        0,
        0,
        3.333,
        0
      ]
    },
    {
      "Target": "Parameter",
      "Id": "ParamEmotionshining",
      "Segments": [
        0,
        -1,
        0,
        3.333,
        -1
      ]
    },
    {
      "Target": "Parameter",
      "Id": "ParamEmoangry",
      "Segments": [
        0,
        0,
        0,
        3.333,
        0
      ]
    }
  ],
  "UserData": [
    {
      "Time": 0.0,
      "Value": "characterVoice_12_3"
    },
    {
      "Time": 0.0,
      "Value": ""
    }
  ]
}