{
  "Version": 3,
  "Meta": {
    "Duration": 1.633,
    "Fps": 30.0,
    "Loop": true,
    "AreBeziersRestricted": true,
    "CurveCount": 80,
    "TotalSegmentCount": 219,
    "TotalPointCount": 351,
    "UserDataCount": 2,
    "TotalUserDataSize": 19
  },
  "Curves": [
    {
      "Target": "Parameter",
      "Id": "ParamCatx",
      "Segments": [
        0,
        0,
        0,
        0.433,
        6,
        0,
        0.867,
        -5,
        0,
        1.467,
        1,
        0,
        1.633,
        0
      ]
    },
    {
      "Target": "Parameter",
      "Id": "ParamCaty",
      "Segments": [
        0,
        0,
        0,
        0.433,
        20,
        0,
        0.867,
        -11,
        0,
        1.467,
        0,
        2,
        1.633,
        0
      ]
    },
    {
      "Target": "Parameter",
      "Id": "ParamCatshiba1",
      "Segments": [
        0,
        0,
        1,
        0.089,
        0,
        0.178,
        0.264,
        0.267,
        -1,
        1,
        0.378,
        -2.58,
        0.489,
        -16,
        0.6,
        -16,
        1,
        0.722,
        -16,
        0.845,
        -11.979,
        0.967,
        0,
        1,
        1.078,
        10.89,
        1.189,
        19,
        1.3,
        19,
        0,
        1.633,
        0
      ]
    },
    {
      "Target": "Parameter",
      "Id": "ParamCatshiba2",
      "Segments": [
        0,
        0,
        0,
        0.267,
        16,
        1,
        0.378,
        16,
        0.489,
        6.194,
        0.6,
        -4,
        1,
        0.722,
        -15.213,
        0.845,
        -18,
        0.967,
        -18,
        1,
        1.078,
        -18,
        1.189,
        -4.209,
        1.3,
        -2,
        1,
        1.411,
        0.209,
        1.522,
        0,
        1.633,
        0
      ]
    },
    {
      "Target": "Parameter",
      "Id": "ParamCatlarm",
      "Segments": [
        0,
        0,
        0,
        0.967,
        -21,
        0,
        1.633,
        0
      ]
    },
    {
      "Target": "Parameter",
      "Id": "ParamCatlforearm",
      "Segments": [
        0,
        0,
        0,
        0.333,
        -30,
        1,
        0.4,
        -30,
        0.466,
        -9.548,
        0.533,
        0,
        1,
        0.7,
        23.871,
        0.866,
        30,
        1.033,
        30,
        0,
        1.633,
        0
      ]
    },
    {
      "Target": "Parameter",
      "Id": "ParamCatlhand",
      "Segments": [
        0,
        0,
        1,
        0.2,
        0,
        0.4,
        -25.654,
        0.6,
        -28,
        1,
        0.8,
        -30.346,
        1,
        -30,
        1.2,
        -30,
        0,
        1.633,
        0
      ]
    },
    {
      "Target": "Parameter",
      "Id": "ParamCatrarm",
      "Segments": [
        0,
        0,
        0,
        0.933,
        18,
        0,
        1.633,
        0
      ]
    },
    {
      "Target": "Parameter",
      "Id": "ParamCatrforearm",
      "Segments": [
        0,
        0,
        0,
        0.4,
        -30,
        0,
        1.067,
        30,
        0,
        1.633,
        0
      ]
    },
    {
      "Target": "Parameter",
      "Id": "ParamCatrhand",
      "Segments": [
        0,
        0,
        0,
        0.5,
        -17,
        0,
        1.167,
        13,
        0,
        1.633,
        0
      ]
    },
    {
      "Target": "Parameter",
      "Id": "ParamCatlleg",
      "Segments": [
        0,
        0,
        0,
        0.5,
        -22,
        0,
        1.033,
        14,
        0,
        1.633,
        0
      ]
    },
    {
      "Target": "Parameter",
      "Id": "ParamCatlforeleg",
      "Segments": [
        0,
        0,
        0,
        0.567,
        -21,
        1,
        0.756,
        -21,
        0.944,
        -16.946,
        1.133,
        -9.517,
        1,
        1.3,
        -2.962,
        1.466,
        0,
        1.633,
        0
      ]
    },
    {
      "Target": "Parameter",
      "Id": "ParamCatrleg",
      "Segments": [
        0,
        0,
        0,
        0.433,
        -17,
        0,
        1,
        12,
        0,
        1.633,
        0
      ]
    },
    {
      "Target": "Parameter",
      "Id": "ParamCatrforeleg",
      "Segments": [
        0,
        0,
        0,
        0.567,
        -15,
        0,
        1.1,
        18,
        0,
        1.633,
        0
      ]
    },
    {
      "Target": "Parameter",
      "Id": "ParamCloth1",
      "Segments": [
        0,
        0,
        1,
        0.111,
        0,
        0.222,
        0.143,
        0.333,
        -1,
        1,
        0.433,
        -2.029,
        0.533,
        -18,
        0.633,
        -18,
        1,
        0.755,
        -18,
        0.878,
        -13.422,
        1,
        -1,
        1,
        1.111,
        10.292,
        1.222,
        18,
        1.333,
        18,
        0,
        1.633,
        0
      ]
    },
    {
      "Target": "Parameter",
      "Id": "ParamCloth2",
      "Segments": [
        0,
        0,
        0,
        0.333,
        19,
        1,
        0.433,
        19,
        0.533,
        4.834,
        0.633,
        -5,
        1,
        0.755,
        -17.02,
        0.878,
        -19,
        1,
        -19,
        1,
        1.111,
        -19,
        1.222,
        -4.526,
        1.333,
        -2,
        1,
        1.433,
        0.273,
        1.533,
        0,
        1.633,
        0
      ]
    },
    {
      "Target": "Parameter",
      "Id": "ParamHairFront",
      "Segments": [
        0,
        0,
        2,
        0.267,
        0,
        0,
        0.5,
        -0.5,
        1,
        0.578,
        -0.5,
        0.655,
        -0.424,
        0.733,
        0,
        1,
        0.8,
        0.363,
        0.866,
        0.8,
        0.933,
        0.8,
        1,
        1,
        0.8,
        1.066,
        0.41,
        1.133,
        0,
        1,
        1.211,
        -0.479,
        1.289,
        -0.6,
        1.367,
        -0.6,
        0,
        1.633,
        0
      ]
    },
    {
      "Target": "Parameter",
      "Id": "ParamFore2",
      "Segments": [
        0,
        0,
        0,
        0.267,
        14,
        1,
        0.345,
        14,
        0.422,
        12.287,
        0.5,
        1,
        1,
        0.578,
        -10.287,
        0.655,
        -24,
        0.733,
        -24,
        1,
        0.8,
        -24,
        0.866,
        -13.058,
        0.933,
        -1,
        1,
        1,
        11.058,
        1.066,
        14,
        1.133,
        14,
        0,
        1.367,
        -1,
        0,
        1.633,
        0
      ]
    },
    {
      "Target": "Parameter",
      "Id": "ParamHairSide",
      "Segments": [
        0,
        0,
        2,
        0.267,
        0,
        0,
        0.533,
        -0.6,
        1,
        0.611,
        -0.6,
        0.689,
        -0.456,
        0.767,
        0,
        1,
        0.834,
        0.391,
        0.9,
        0.7,
        0.967,
        0.7,
        1,
        1.034,
        0.7,
        1.1,
        0.391,
        1.167,
        0,
        1,
        1.245,
        -0.456,
        1.322,
        -0.6,
        1.4,
        -0.6,
        0,
        1.633,
        0
      ]
    },
    {
      "Target": "Parameter",
      "Id": "ParamSide2",
      "Segments": [
        0,
        0,
        0,
        0.267,
        18,
        1,
        0.356,
        18,
        0.444,
        14.236,
        0.533,
        0,
        1,
        0.611,
        -12.456,
        0.689,
        -24,
        0.767,
        -24,
        1,
        0.834,
        -24,
        0.9,
        -14.863,
        0.967,
        -1,
        1,
        1.034,
        12.863,
        1.1,
        18,
        1.167,
        18,
        0,
        1.4,
        0,
        2,
        1.633,
        0
      ]
    },
    {
      "Target": "Parameter",
      "Id": "ParamHairBack",
      "Segments": [
        0,
        0,
        2,
        0.3,
        0,
        0,
        0.567,
        -0.6,
        1,
        0.645,
        -0.6,
        0.722,
        -0.456,
        0.8,
        0,
        1,
        0.867,
        0.391,
        0.933,
        0.7,
        1,
        0.7,
        1,
        1.067,
        0.7,
        1.133,
        0.391,
        1.2,
        0,
        1,
        1.278,
        -0.456,
        1.355,
        -0.6,
        1.433,
        -0.6,
        0,
        1.633,
        0
      ]
    },
    {
      "Target": "Parameter",
      "Id": "ParamBack2",
      "Segments": [
        0,
        0,
        0,
        0.3,
        12,
        1,
        0.389,
        12,
        0.478,
        5.613,
        0.567,
        -5,
        1,
        0.645,
        -14.286,
        0.722,
        -18,
        0.8,
        -18,
        1,
        0.867,
        -18,
        0.933,
        -14.089,
        1,
        -2,
        1,
        1.067,
        10.089,
        1.133,
        19,
        1.2,
        19,
        0,
        1.433,
        -4,
        0,
        1.633,
        0
      ]
    },
    {
      "Target": "Parameter",
      "Id": "ParamWy",
      "Segments": [
        0,
        0,
        0,
        0.867,
        6,
        0,
        1.633,
        0
      ]
    },
    {
      "Target": "Parameter",
      "Id": "ParamWZ",
      "Segments": [
        0,
        0,
        0,
        0.533,
        -4,
        0,
        1.633,
        0
      ]
    },
    {
      "Target": "Parameter",
      "Id": "ParamBodyAngleX",
      "Segments": [
        0,
        0,
        0,
        0.5,
        10,
        0,
        1.1,
        -8,
        0,
        1.633,
        0
      ]
    },
    {
      "Target": "Parameter",
      "Id": "ParamBodyAngleZ",
      "Segments": [
        0,
        0,
        0,
        0.5,
        -7,
        0,
        1.1,
        2,
        0,
        1.633,
        0
      ]
    },
    {
      "Target": "Parameter",
      "Id": "ParamLarm",
      "Segments": [
        0,
        0,
        0,
        0.567,
        5,
        0,
        1.633,
        0
      ]
    },
    {
      "Target": "Parameter",
      "Id": "ParamLforearm",
      "Segments": [
        0,
        0,
        0,
        0.6,
        -7,
        0,
        1.633,
        0
      ]
    },
    {
      "Target": "Parameter",
      "Id": "ParamLhand",
      "Segments": [
        0,
        0,
        0,
        0.633,
        12,
        0,
        0.9,
        -11,
        0,
        1.3,
        6,
        0,
        1.633,
        0
      ]
    },
    {
      "Target": "Parameter",
      "Id": "ParamRforearm",
      "Segments": [
        0,
        0,
        0,
        0.433,
        -22,
        0,
        1.633,
        0
      ]
    },
    {
      "Target": "Parameter",
      "Id": "ParamRforearm2",
      "Segments": [
        0,
        0,
        0,
        0.433,
        -22,
        0,
        1.633,
        0
      ]
    },
    {
      "Target": "Parameter",
      "Id": "ParamRhand",
      "Segments": [
        0,
        0,
        0,
        0.4,
        26,
        0,
        0.9,
        -4,
        0,
        1.333,
        13,
        0,
        1.633,
        0
      ]
    },
    {
      "Target": "Parameter",
      "Id": "ParamRhandy",
      "Segments": [
        0,
        0,
        0,
        1.133,
        9,
        0,
        1.633,
        0
      ]
    },
    {
      "Target": "Parameter",
      "Id": "ParamLleg",
      "Segments": [
        0,
        0,
        0,
        0.567,
        -6,
        0,
        1.633,
        0
      ]
    },
    {
      "Target": "Parameter",
      "Id": "ParamLforeleg",
      "Segments": [
        0,
        0,
        0,
        0.633,
        -10,
        0,
        1.633,
        0
      ]
    },
    {
      "Target": "Parameter",
      "Id": "ParamLfoot",
      "Segments": [
        0,
        0,
        0,
        0.7,
        -12,
        0,
        1.633,
        0
      ]
    },
    {
      "Target": "Parameter",
      "Id": "ParamRleg",
      "Segments": [
        0,
        0,
        0,
        0.633,
        6,
        0,
        1.633,
        0
      ]
    },
    {
      "Target": "Parameter",
      "Id": "ParamRforeleg",
      "Segments": [
        0,
        0,
        0,
        0.7,
        11,
        0,
        1.633,
        0
      ]
    },
    {
      "Target": "Parameter",
      "Id": "ParamRfoot",
      "Segments": [
        0,
        0,
        0,
        0.767,
        1,
        0,
        1.633,
        0
      ]
    },
    {
      "Target": "Parameter",
      "Id": "ParamTail1",
      "Segments": [
        0,
        0,
        1,
        0.089,
        0,
        0.178,
        0.172,
        0.267,
        -1,
        1,
        0.356,
        -2.172,
        0.444,
        -18,
        0.533,
        -18,
        1,
        0.622,
        -18,
        0.711,
        -13.244,
        0.8,
        -1,
        1,
        0.889,
        11.244,
        0.978,
        19,
        1.067,
        19,
        0,
        1.333,
        -1,
        0,
        1.633,
        0
      ]
    },
    {
      "Target": "Parameter",
      "Id": "ParamTail2",
      "Segments": [
        0,
        0,
        0,
        0.267,
        16,
        1,
        0.356,
        16,
        0.444,
        9.29,
        0.533,
        -2,
        1,
        0.622,
        -13.29,
        0.711,
        -18,
        0.8,
        -18,
        1,
        0.889,
        -18,
        0.978,
        -10.159,
        1.067,
        1,
        1,
        1.156,
        12.159,
        1.244,
        16,
        1.333,
        16,
        0,
        1.633,
        0
      ]
    },
    {
      "Target": "Parameter",
      "Id": "ParamEyeLOpen",
      "Segments": [
        0,
        1,
        0,
        0.2,
        0.6,
        0,
        0.433,
        1,
        2,
        1.633,
        1
      ]
    },
    {
      "Target": "Parameter",
      "Id": "ParamEyeROpen",
      "Segments": [
        0,
        1,
        0,
        0.2,
        0.6,
        0,
        0.433,
        1,
        2,
        1.633,
        1
      ]
    },
    {
      "Target": "Parameter",
      "Id": "ParamEyeBallX",
      "Segments": [
        0,
        0,
        1,
        0.189,
        0,
        0.378,
        0.013,
        0.567,
        0.1,
        1,
        0.778,
        0.197,
        0.989,
        0.3,
        1.2,
        0.3,
        0,
        1.633,
        0
      ]
    },
    {
      "Target": "Parameter",
      "Id": "ParamEyeBallY",
      "Segments": [
        0,
        0,
        0,
        0.567,
        -0.6,
        1,
        0.778,
        -0.6,
        0.989,
        -0.603,
        1.2,
        -0.5,
        1,
        1.344,
        -0.43,
        1.489,
        0,
        1.633,
        0
      ]
    },
    {
      "Target": "Parameter",
      "Id": "ParamBrowLAngle",
      "Segments": [
        0,
        0,
        0,
        0.433,
        1,
        2,
        1.067,
        1,
        0,
        1.633,
        0
      ]
    },
    {
      "Target": "Parameter",
      "Id": "ParamBrowRAngle",
      "Segments": [
        0,
        0,
        0,
        0.433,
        1,
        2,
        1.067,
        1,
        0,
        1.633,
        0
      ]
    },
    {
      "Target": "Parameter",
      "Id": "ParamMouthOpenY",
      "Segments": [
        0,
        0.478,
        1,
        0.022,
        0.485,
        0.045,
        0.903,
        0.067,
        0.91,
        1,
        0.089,
        0.909,
        0.111,
        0.856,
        0.133,
        0.855,
        1,
        0.155,
        0.857,
        0.178,
        0.971,
        0.2,
        0.973,
        1,
        0.244,
        0.976,
        0.289,
        0.467,
        0.333,
        0.471,
        1,
        0.366,
        0.444,
        0.4,
        0.943,
        0.433,
        1,
        2,
        0.5,
        1,
        2,
        0.533,
        0.988,
        1,
        0.544,
        0.992,
        0.556,
        0.996,
        0.567,
        1,
        2,
        0.633,
        1,
        1,
        0.655,
        0.918,
        0.678,
        0.724,
        0.7,
        0.545,
        1,
        0.733,
        0.265,
        0.767,
        0.006,
        0.8,
        0,
        2,
        1.633,
        0
      ]
    },
    {
      "Target": "Parameter",
      "Id": "ParamEmotionquestion",
      "Segments": [
        0,
        0,
        0,
        0.3,
        1,
        0,
        1.633,
        0
      ]
    },
    {
      "Target": "Parameter",
      "Id": "ParamAngleX",
      "Segments": [
        0,
        0,
        0,
        0.3,
        23,
        0,
        1.633,
        0
      ]
    },
    {
      "Target": "Parameter",
      "Id": "ParamAngleY",
      "Segments": [
        0,
        0,
        0,
        0.3,
        30,
        0,
        1.633,
        0
      ]
    },
    {
      "Target": "Parameter",
      "Id": "ParamAngleZ",
      "Segments": [
        0,
        0,
        0,
        0.3,
        -30,
        2,
        0.933,
        -30,
        0,
        1.633,
        0
      ]
    },
    {
      "Target": "Parameter",
      "Id": "ParamEyeRSmile",
      "Segments": [
        0,
        0,
        0,
        1.633,
        0
      ]
    },
    {
      "Target": "Parameter",
      "Id": "ParamBrowLX",
      "Segments": [
        0,
        0,
        0,
        1.633,
        0
      ]
    },
    {
      "Target": "Parameter",
      "Id": "ParamBrowRX",
      "Segments": [
        0,
        0,
        0,
        1.633,
        0
      ]
    },
    {
      "Target": "Parameter",
      "Id": "ParamBrowLForm",
      "Segments": [
        0,
        0,
        0,
        1.633,
        0
      ]
    },
    {
      "Target": "Parameter",
      "Id": "ParamBrowRForm",
      "Segments": [
        0,
        0,
        0,
        1.633,
        0
      ]
    },
    {
      "Target": "Parameter",
      "Id": "ParamCheek",
      "Segments": [
        0,
        0,
        0,
        1.633,
        0
      ]
    },
    {
      "Target": "Parameter",
      "Id": "ParamBodyAngleY",
      "Segments": [
        0,
        0,
        0,
        1.633,
        0
      ]
    },
    {
      "Target": "Parameter",
      "Id": "ParamBreath",
      "Segments": [
        0,
        0,
        0,
        1.633,
        0
      ]
    },
    {
      "Target": "Parameter",
      "Id": "ParamCatro",
      "Segments": [
        0,
        0,
        0,
        1.633,
        0
      ]
    },
    {
      "Target": "Parameter",
      "Id": "ParamCathead",
      "Segments": [
        0,
        0,
        0,
        1.633,
        0
      ]
    },
    {
      "Target": "Parameter",
      "Id": "ParamCateye",
      "Segments": [
        0,
        1,
        0,
        1.633,
        1
      ]
    },
    {
      "Target": "Parameter",
      "Id": "ParamWX",
      "Segments": [
        0,
        0,
        0,
        1.633,
        0
      ]
    },
    {
      "Target": "Parameter",
      "Id": "ParamLhandchange",
      "Segments": [
        0,
        0,
        0,
        1.633,
        0
      ]
    },
    {
      "Target": "Parameter",
      "Id": "ParamRarm",
      "Segments": [
        0,
        0,
        0,
        1.633,
        0
      ]
    },
    {
      "Target": "Parameter",
      "Id": "ParamRhandchange",
      "Segments": [
        0,
        0,
        0,
        1.633,
        0
      ]
    },
    {
      "Target": "Parameter",
      "Id": "ParamTail3",
      "Segments": [
        0,
        0,
        0,
        1.633,
        0
      ]
    },
    {
      "Target": "Parameter",
      "Id": "ParamTailzhamao",
      "Segments": [
        0,
        0,
        0,
        1.633,
        0
      ]
    },
    {
      "Target": "Parameter",
      "Id": "ParamEyeLSmile",
      "Segments": [
        0,
        0,
        0,
        1.633,
        0
      ]
    },
    {
      "Target": "Parameter",
      "Id": "ParamEye",
      "Segments": [
        0,
        1,
        0,
        1.633,
        1
      ]
    },
    {
      "Target": "Parameter",
      "Id": "ParamBrowLY",
      "Segments": [
        0,
        0,
        0,
        1.633,
        0
      ]
    },
    {
      "Target": "Parameter",
      "Id": "ParamBrowRY",
      "Segments": [
        0,
        0,
        0,
        1.633,
        0
      ]
    },
    {
      "Target": "Parameter",
      "Id": "ParamMouthForm",
      "Segments": [
        0,
        0,
        0,
        1.633,
        0
      ]
    },
    {
      "Target": "Parameter",
      "Id": "ParamEmotionSleep",
      "Segments": [
        0,
        0,
        0,
        1.633,
        0
      ]
    },
    {
      "Target": "Parameter",
      "Id": "ParamEmosleepy",
      "Segments": [
        0,
        0,
        0,
        1.633,
        0
      ]
    },
    {
      "Target": "Parameter",
      "Id": "ParamEmoshinning",
      "Segments": [
        0,
        0,
        0,
        1.633,
        0
      ]
    },
    {
      "Target": "Parameter",
      "Id": "ParamEmotionshining",
      "Segments": [
        0,
        -1,
        0,
        1.633,
        -1
      ]
    },
    {
      "Target": "Parameter",
      "Id": "ParamEmoangry",
      "Segments": [
        0,
        0,
        0,
        1.633,
        0
      ]
    },
    {
      "Target": "Parameter",
      "Id": "ParamEmoshame",
      "Segments": [
        0,
        0,
        0,
        1.633,
        0
      ]
    }
  ],
  "UserData": [
    {
      "Time": 0.0,
      "Value": "characterVoice_10_1"
    },
    {
      "Time": 0.0,
      "Value": ""
    }
  ]
}