{
  "Version": 3,
  "Meta": {
    "Duration": 8.767,
    "Fps": 30.0,
    "Loop": true,
    "AreBeziersRestricted": true,
    "CurveCount": 80,
    "TotalSegmentCount": 638,
    "TotalPointCount": 1268,
    "UserDataCount": 2,
    "TotalUserDataSize": 18
  },
  "Curves": [
    {
      "Target": "Parameter",
      "Id": "ParamCatx",
      "Segments": [
        0,
        0,
        0,
        1.733,
        -5,
        1,
        2.378,
        -5,
        3.022,
        -5.359,
        3.667,
        -3,
        1,
        4.356,
        -0.479,
        5.044,
        11,
        5.733,
        11,
        0,
        7.333,
        -5,
        0,
        8.767,
        0
      ]
    },
    {
      "Target": "Parameter",
      "Id": "ParamCaty",
      "Segments": [
        0,
        0,
        0,
        1.733,
        16,
        0,
        3.667,
        -10,
        0,
        5.733,
        16,
        2,
        7.333,
        16,
        0,
        8.767,
        0
      ]
    },
    {
      "Target": "Parameter",
      "Id": "ParamCatro",
      "Segments": [
        0,
        0,
        0,
        0.4,
        22,
        0,
        0.933,
        -8,
        0,
        1.8,
        8,
        0,
        3.767,
        -8,
        1,
        4.456,
        -8,
        5.144,
        -4.517,
        5.833,
        7,
        1,
        6.022,
        10.158,
        6.211,
        19,
        6.4,
        19,
        0,
        6.933,
        -12,
        0,
        7.567,
        18,
        0,
        8.167,
        -6,
        0,
        8.767,
        0
      ]
    },
    {
      "Target": "Parameter",
      "Id": "ParamCatshiba1",
      "Segments": [
        0,
        0,
        0,
        0.467,
        -20,
        1,
        0.611,
        -20,
        0.756,
        -12.042,
        0.9,
        -1,
        1,
        1.056,
        10.891,
        1.211,
        15,
        1.367,
        15,
        1,
        1.511,
        15,
        1.656,
        7.656,
        1.8,
        -1,
        1,
        1.956,
        -10.322,
        2.111,
        -13,
        2.267,
        -13,
        1,
        2.411,
        -13,
        2.556,
        -10.109,
        2.7,
        -1,
        1,
        2.856,
        8.81,
        3.011,
        16,
        3.167,
        16,
        1,
        3.311,
        16,
        3.456,
        10.333,
        3.6,
        -1,
        1,
        3.744,
        -12.333,
        3.889,
        -18,
        4.033,
        -18,
        1,
        4.2,
        -18,
        4.366,
        -12.708,
        4.533,
        -1,
        1,
        4.689,
        9.928,
        4.844,
        16,
        5,
        16,
        1,
        5.144,
        16,
        5.289,
        9.619,
        5.433,
        -1,
        1,
        5.578,
        -11.619,
        5.722,
        -16,
        5.867,
        -16,
        1,
        6.022,
        -16,
        6.178,
        -11.936,
        6.333,
        -1,
        1,
        6.478,
        9.155,
        6.622,
        16,
        6.767,
        16,
        1,
        6.911,
        16,
        7.056,
        9.619,
        7.2,
        -1,
        1,
        7.344,
        -11.619,
        7.489,
        -16,
        7.633,
        -16,
        1,
        7.789,
        -16,
        7.944,
        -1.751,
        8.1,
        -1,
        1,
        8.322,
        0.073,
        8.545,
        0,
        8.767,
        0
      ]
    },
    {
      "Target": "Parameter",
      "Id": "ParamCatshiba2",
      "Segments": [
        0,
        0,
        1,
        0.156,
        0,
        0.311,
        0.179,
        0.467,
        -1,
        1,
        0.611,
        -2.094,
        0.756,
        -20,
        0.9,
        -20,
        1,
        1.056,
        -20,
        1.211,
        -12.523,
        1.367,
        -2,
        1,
        1.511,
        7.771,
        1.656,
        11,
        1.8,
        11,
        1,
        1.956,
        11,
        2.111,
        8.713,
        2.267,
        -1,
        1,
        2.411,
        -10.019,
        2.556,
        -19,
        2.7,
        -19,
        1,
        2.856,
        -19,
        3.011,
        -14.657,
        3.167,
        -4,
        1,
        3.311,
        5.896,
        3.456,
        12,
        3.6,
        12,
        1,
        3.744,
        12,
        3.889,
        2.529,
        4.033,
        -6,
        1,
        4.2,
        -15.841,
        4.366,
        -18,
        4.533,
        -18,
        1,
        4.689,
        -18,
        4.844,
        -15.432,
        5,
        -5,
        1,
        5.144,
        4.687,
        5.289,
        14,
        5.433,
        14,
        1,
        5.578,
        14,
        5.722,
        1.54,
        5.867,
        -6,
        1,
        6.022,
        -14.12,
        6.178,
        -15,
        6.333,
        -15,
        1,
        6.478,
        -15,
        6.622,
        -13.603,
        6.767,
        -5,
        1,
        6.911,
        3.603,
        7.056,
        14,
        7.2,
        14,
        1,
        7.344,
        14,
        7.489,
        1.54,
        7.633,
        -6,
        1,
        7.789,
        -14.12,
        7.944,
        -15,
        8.1,
        -15,
        0,
        8.767,
        0
      ]
    },
    {
      "Target": "Parameter",
      "Id": "ParamCathead",
      "Segments": [
        0,
        0,
        0,
        2.233,
        30,
        0,
        3.9,
        -15,
        0,
        5.833,
        30,
        0,
        8.767,
        0
      ]
    },
    {
      "Target": "Parameter",
      "Id": "ParamCateye",
      "Segments": [
        0,
        1,
        2,
        2.3,
        1,
        0,
        2.433,
        0,
        0,
        2.667,
        1,
        2,
        8.767,
        1
      ]
    },
    {
      "Target": "Parameter",
      "Id": "ParamCatlarm",
      "Segments": [
        0,
        0,
        0,
        2.133,
        -12,
        0,
        3.433,
        19,
        0,
        5.3,
        -21,
        0,
        7.033,
        19,
        0,
        8.767,
        0
      ]
    },
    {
      "Target": "Parameter",
      "Id": "ParamCatlforearm",
      "Segments": [
        0,
        0,
        0,
        2.267,
        -24,
        0,
        3.533,
        11,
        0,
        5.4,
        -5,
        0,
        7.133,
        11,
        0,
        8.767,
        0
      ]
    },
    {
      "Target": "Parameter",
      "Id": "ParamCatlhand",
      "Segments": [
        0,
        0,
        0,
        2.433,
        -19,
        0,
        3.633,
        4,
        0,
        5.5,
        -19,
        0,
        7.233,
        4,
        0,
        8.767,
        0
      ]
    },
    {
      "Target": "Parameter",
      "Id": "ParamCatrarm",
      "Segments": [
        0,
        0,
        0,
        1.467,
        -17,
        0,
        3.6,
        11,
        0,
        5.433,
        -11,
        0,
        7.2,
        11,
        0,
        8.767,
        0
      ]
    },
    {
      "Target": "Parameter",
      "Id": "ParamCatrforearm",
      "Segments": [
        0,
        0,
        0,
        1.633,
        -10,
        0,
        3.733,
        5,
        0,
        5.567,
        -8,
        0,
        7.333,
        5,
        0,
        8.767,
        0
      ]
    },
    {
      "Target": "Parameter",
      "Id": "ParamCatrhand",
      "Segments": [
        0,
        0,
        0,
        1.8,
        -15,
        0,
        3.833,
        10,
        0,
        5.733,
        -9,
        0,
        7.433,
        10,
        0,
        8.767,
        0
      ]
    },
    {
      "Target": "Parameter",
      "Id": "ParamCatlleg",
      "Segments": [
        0,
        0,
        0,
        1.6,
        -12,
        0,
        3.667,
        7,
        0,
        5.633,
        -11,
        0,
        7.267,
        7,
        0,
        8.767,
        0
      ]
    },
    {
      "Target": "Parameter",
      "Id": "ParamCatlforeleg",
      "Segments": [
        0,
        0,
        0,
        1.8,
        -9,
        0,
        3.833,
        10,
        0,
        5.8,
        -8,
        0,
        7.433,
        10,
        0,
        8.767,
        0
      ]
    },
    {
      "Target": "Parameter",
      "Id": "ParamCatrleg",
      "Segments": [
        0,
        0,
        0,
        1.533,
        -10,
        0,
        3.6,
        9,
        0,
        5.533,
        -10,
        0,
        7.2,
        9,
        0,
        8.767,
        0
      ]
    },
    {
      "Target": "Parameter",
      "Id": "ParamCatrforeleg",
      "Segments": [
        0,
        0,
        0,
        1.733,
        -11,
        0,
        3.7,
        9,
        0,
        5.667,
        -8,
        0,
        7.3,
        9,
        0,
        8.767,
        0
      ]
    },
    {
      "Target": "Parameter",
      "Id": "ParamCloth1",
      "Segments": [
        0,
        0,
        0,
        0.5,
        -30,
        1,
        0.656,
        -30,
        0.811,
        -18.975,
        0.967,
        1,
        1,
        1.122,
        20.975,
        1.278,
        30,
        1.433,
        30,
        1,
        1.589,
        30,
        1.744,
        20.975,
        1.9,
        1,
        1,
        2.056,
        -18.975,
        2.211,
        -30,
        2.367,
        -30,
        1,
        2.511,
        -30,
        2.656,
        -17.347,
        2.8,
        1,
        1,
        2.967,
        22.17,
        3.133,
        30,
        3.3,
        30,
        1,
        3.467,
        30,
        3.633,
        20.662,
        3.8,
        0,
        1,
        3.956,
        -19.285,
        4.111,
        -30,
        4.267,
        -30,
        1,
        4.4,
        -30,
        4.534,
        -17.565,
        4.667,
        -1,
        1,
        4.845,
        21.087,
        5.022,
        29,
        5.2,
        29,
        1,
        5.356,
        29,
        5.511,
        18.289,
        5.667,
        0,
        1,
        5.834,
        -19.596,
        6,
        -28,
        6.167,
        -28,
        1,
        6.322,
        -28,
        6.478,
        -20.801,
        6.633,
        -1,
        1,
        6.778,
        17.386,
        6.922,
        30,
        7.067,
        30,
        1,
        7.189,
        30,
        7.311,
        19.308,
        7.433,
        0,
        1,
        7.555,
        -19.308,
        7.678,
        -28,
        7.8,
        -28,
        1,
        7.956,
        -28,
        8.111,
        -2.114,
        8.267,
        -1,
        1,
        8.434,
        0.193,
        8.6,
        0,
        8.767,
        0
      ]
    },
    {
      "Target": "Parameter",
      "Id": "ParamCloth2",
      "Segments": [
        0,
        0,
        2,
        0.5,
        0,
        0,
        0.967,
        -30,
        1,
        1.122,
        -30,
        1.278,
        -18.975,
        1.433,
        1,
        1,
        1.589,
        20.975,
        1.744,
        30,
        1.9,
        30,
        1,
        2.056,
        30,
        2.211,
        19.391,
        2.367,
        -1,
        1,
        2.511,
        -19.934,
        2.656,
        -29,
        2.8,
        -29,
        1,
        2.967,
        -29,
        3.133,
        -21.509,
        3.3,
        -2,
        1,
        3.467,
        17.509,
        3.633,
        30,
        3.8,
        30,
        1,
        3.956,
        30,
        4.111,
        19.536,
        4.267,
        -2,
        1,
        4.4,
        -20.459,
        4.534,
        -30,
        4.667,
        -30,
        1,
        4.845,
        -30,
        5.022,
        -22.097,
        5.2,
        -1,
        1,
        5.356,
        17.46,
        5.511,
        30,
        5.667,
        30,
        1,
        5.834,
        30,
        6,
        18.666,
        6.167,
        -2,
        1,
        6.322,
        -21.288,
        6.478,
        -30,
        6.633,
        -30,
        1,
        6.778,
        -30,
        6.922,
        -23.141,
        7.067,
        -2,
        1,
        7.189,
        15.888,
        7.311,
        30,
        7.433,
        30,
        1,
        7.555,
        30,
        7.678,
        14.946,
        7.8,
        -2,
        1,
        7.956,
        -23.568,
        8.111,
        -30,
        8.267,
        -30,
        0,
        8.767,
        0
      ]
    },
    {
      "Target": "Parameter",
      "Id": "ParamHairFront",
      "Segments": [
        0,
        0,
        2,
        0.567,
        0,
        0,
        0.867,
        -0.9,
        1,
        0.956,
        -0.9,
        1.044,
        -0.563,
        1.133,
        0,
        1,
        1.233,
        0.633,
        1.333,
        0.9,
        1.433,
        0.9,
        1,
        1.533,
        0.9,
        1.633,
        0.632,
        1.733,
        0,
        1,
        1.833,
        -0.632,
        1.933,
        -1,
        2.033,
        -1,
        1,
        2.133,
        -1,
        2.233,
        -0.56,
        2.333,
        0,
        1,
        2.466,
        0.746,
        2.6,
        1,
        2.733,
        1,
        1,
        2.855,
        1,
        2.978,
        0.667,
        3.1,
        0,
        1,
        3.222,
        -0.667,
        3.345,
        -1,
        3.467,
        -1,
        1,
        3.6,
        -1,
        3.734,
        -0.499,
        3.867,
        0,
        1,
        4.056,
        0.706,
        4.244,
        0.9,
        4.433,
        0.9,
        1,
        4.566,
        0.9,
        4.7,
        0.632,
        4.833,
        0,
        1,
        4.966,
        -0.632,
        5.1,
        -1,
        5.233,
        -1,
        1,
        5.4,
        -1,
        5.566,
        -0.68,
        5.733,
        0,
        1,
        5.844,
        0.453,
        5.956,
        0.7,
        6.067,
        0.7,
        1,
        6.167,
        0.7,
        6.267,
        0.549,
        6.367,
        0,
        1,
        6.467,
        -0.549,
        6.567,
        -1,
        6.667,
        -1,
        1,
        6.8,
        -1,
        6.934,
        -0.614,
        7.067,
        0,
        1,
        7.178,
        0.511,
        7.289,
        0.7,
        7.4,
        0.7,
        1,
        7.522,
        0.7,
        7.645,
        0.577,
        7.767,
        0,
        1,
        7.867,
        -0.472,
        7.967,
        -1,
        8.067,
        -1,
        0,
        8.467,
        0,
        2,
        8.767,
        0
      ]
    },
    {
      "Target": "Parameter",
      "Id": "ParamFore2",
      "Segments": [
        0,
        0,
        0,
        0.567,
        21,
        1,
        0.667,
        21,
        0.767,
        13.266,
        0.867,
        -4,
        1,
        0.956,
        -19.348,
        1.044,
        -28,
        1.133,
        -28,
        1,
        1.233,
        -28,
        1.333,
        -20.234,
        1.433,
        -1,
        1,
        1.533,
        18.234,
        1.633,
        30,
        1.733,
        30,
        1,
        1.833,
        30,
        1.933,
        18.612,
        2.033,
        -1,
        1,
        2.133,
        -20.612,
        2.233,
        -29,
        2.333,
        -29,
        1,
        2.466,
        -29,
        2.6,
        -22.155,
        2.733,
        -2,
        1,
        2.855,
        16.475,
        2.978,
        30,
        3.1,
        30,
        1,
        3.222,
        30,
        3.345,
        19.091,
        3.467,
        0,
        1,
        3.6,
        -20.826,
        3.734,
        -30,
        3.867,
        -30,
        1,
        4.056,
        -30,
        4.244,
        -22.94,
        4.433,
        -1,
        1,
        4.566,
        14.487,
        4.7,
        28,
        4.833,
        28,
        1,
        4.966,
        28,
        5.1,
        13.518,
        5.233,
        0,
        1,
        5.4,
        -16.898,
        5.566,
        -21,
        5.733,
        -21,
        1,
        5.844,
        -21,
        5.956,
        -17.786,
        6.067,
        -2,
        1,
        6.167,
        12.208,
        6.267,
        28,
        6.367,
        28,
        1,
        6.467,
        28,
        6.567,
        12.82,
        6.667,
        0,
        1,
        6.8,
        -17.094,
        6.934,
        -21,
        7.067,
        -21,
        1,
        7.178,
        -21,
        7.289,
        -17.006,
        7.4,
        -2,
        1,
        7.522,
        14.507,
        7.645,
        28,
        7.767,
        28,
        1,
        7.867,
        28,
        7.967,
        12.82,
        8.067,
        0,
        1,
        8.2,
        -17.094,
        8.334,
        -21,
        8.467,
        -21,
        0,
        8.767,
        0
      ]
    },
    {
      "Target": "Parameter",
      "Id": "ParamHairSide",
      "Segments": [
        0,
        0,
        2,
        0.6,
        0,
        0,
        0.9,
        -0.9,
        1,
        1,
        -0.9,
        1.1,
        -0.532,
        1.2,
        0.1,
        1,
        1.3,
        0.732,
        1.4,
        1,
        1.5,
        1,
        1,
        1.6,
        1,
        1.7,
        0.557,
        1.8,
        0,
        1,
        1.922,
        -0.681,
        2.045,
        -0.9,
        2.167,
        -0.9,
        1,
        2.278,
        -0.9,
        2.389,
        -0.632,
        2.5,
        0,
        1,
        2.611,
        0.632,
        2.722,
        1,
        2.833,
        1,
        1,
        2.944,
        1,
        3.056,
        0.54,
        3.167,
        0,
        1,
        3.322,
        -0.757,
        3.478,
        -1,
        3.633,
        -1,
        1,
        3.8,
        -1,
        3.966,
        -0.655,
        4.133,
        0,
        1,
        4.289,
        0.611,
        4.444,
        0.9,
        4.6,
        0.9,
        1,
        4.733,
        0.9,
        4.867,
        0.489,
        5,
        0,
        1,
        5.167,
        -0.612,
        5.333,
        -0.8,
        5.5,
        -0.8,
        1,
        5.589,
        -0.8,
        5.678,
        -0.472,
        5.767,
        0,
        1,
        5.889,
        0.65,
        6.011,
        0.9,
        6.133,
        0.9,
        1,
        6.266,
        0.9,
        6.4,
        0.618,
        6.533,
        0,
        1,
        6.644,
        -0.515,
        6.756,
        -0.8,
        6.867,
        -0.8,
        1,
        6.978,
        -0.8,
        7.089,
        -0.515,
        7.2,
        0,
        1,
        7.333,
        0.618,
        7.467,
        0.9,
        7.6,
        0.9,
        1,
        7.733,
        0.9,
        7.867,
        0.618,
        8,
        0,
        1,
        8.111,
        -0.515,
        8.222,
        -0.8,
        8.333,
        -0.8,
        0,
        8.767,
        0
      ]
    },
    {
      "Target": "Parameter",
      "Id": "ParamSide2",
      "Segments": [
        0,
        0,
        0,
        0.6,
        29,
        1,
        0.7,
        29,
        0.8,
        17.943,
        0.9,
        -1,
        1,
        1,
        -19.943,
        1.1,
        -28,
        1.2,
        -28,
        1,
        1.3,
        -28,
        1.4,
        -23.737,
        1.5,
        -6,
        1,
        1.6,
        11.737,
        1.7,
        28,
        1.8,
        28,
        1,
        1.922,
        28,
        2.045,
        18.885,
        2.167,
        -1,
        1,
        2.278,
        -19.077,
        2.389,
        -29,
        2.5,
        -29,
        1,
        2.611,
        -29,
        2.722,
        -17.494,
        2.833,
        0,
        1,
        2.944,
        17.494,
        3.056,
        24,
        3.167,
        24,
        1,
        3.322,
        24,
        3.478,
        13.28,
        3.633,
        -4,
        1,
        3.8,
        -22.514,
        3.966,
        -30,
        4.133,
        -30,
        1,
        4.289,
        -30,
        4.444,
        -26.737,
        4.6,
        -8,
        1,
        4.733,
        8.061,
        4.867,
        29,
        5,
        29,
        1,
        5.167,
        29,
        5.333,
        1.024,
        5.5,
        -16,
        1,
        5.589,
        -25.08,
        5.678,
        -24,
        5.767,
        -24,
        1,
        5.889,
        -24,
        6.011,
        -22.498,
        6.133,
        -8,
        1,
        6.266,
        7.817,
        6.4,
        29,
        6.533,
        29,
        1,
        6.644,
        29,
        6.756,
        -7.537,
        6.867,
        -16,
        1,
        6.978,
        -24.463,
        7.089,
        -24,
        7.2,
        -24,
        1,
        7.333,
        -24,
        7.467,
        -22.61,
        7.6,
        -8,
        1,
        7.733,
        6.61,
        7.867,
        29,
        8,
        29,
        0,
        8.333,
        -16,
        0,
        8.767,
        0
      ]
    },
    {
      "Target": "Parameter",
      "Id": "ParamHairBack",
      "Segments": [
        0,
        0,
        2,
        0.633,
        0,
        0,
        1,
        -0.8,
        1,
        1.122,
        -0.8,
        1.245,
        -0.613,
        1.367,
        0,
        1,
        1.478,
        0.557,
        1.589,
        1,
        1.7,
        1,
        1,
        1.833,
        1,
        1.967,
        0.623,
        2.1,
        0,
        1,
        2.222,
        -0.571,
        2.345,
        -0.8,
        2.467,
        -0.8,
        1,
        2.589,
        -0.8,
        2.711,
        -0.571,
        2.833,
        0,
        1,
        2.966,
        0.623,
        3.1,
        1,
        3.233,
        1,
        1,
        3.378,
        1,
        3.522,
        0.641,
        3.667,
        0,
        1,
        3.822,
        -0.69,
        3.978,
        -1,
        4.133,
        -1,
        1,
        4.266,
        -1,
        4.4,
        -0.694,
        4.533,
        0,
        1,
        4.655,
        0.636,
        4.778,
        1,
        4.9,
        1,
        1,
        5.033,
        1,
        5.167,
        0.5,
        5.3,
        0,
        1,
        5.433,
        -0.5,
        5.567,
        -0.6,
        5.7,
        -0.6,
        1,
        5.8,
        -0.6,
        5.9,
        -0.5,
        6,
        0,
        1,
        6.1,
        0.5,
        6.2,
        1,
        6.3,
        1,
        1,
        6.411,
        1,
        6.522,
        0.5,
        6.633,
        0,
        1,
        6.744,
        -0.5,
        6.856,
        -0.6,
        6.967,
        -0.6,
        1,
        7.078,
        -0.6,
        7.189,
        -0.472,
        7.3,
        0,
        1,
        7.433,
        0.566,
        7.567,
        1,
        7.7,
        1,
        1,
        7.811,
        1,
        7.922,
        0.5,
        8.033,
        0,
        1,
        8.144,
        -0.5,
        8.256,
        -0.6,
        8.367,
        -0.6,
        0,
        8.767,
        0
      ]
    },
    {
      "Target": "Parameter",
      "Id": "ParamBack2",
      "Segments": [
        0,
        0,
        0,
        0.633,
        29,
        1,
        0.755,
        29,
        0.878,
        17.232,
        1,
        -2,
        1,
        1.122,
        -21.232,
        1.245,
        -29,
        1.367,
        -29,
        1,
        1.478,
        -29,
        1.589,
        -18.847,
        1.7,
        -1,
        1,
        1.833,
        20.417,
        1.967,
        30,
        2.1,
        30,
        1,
        2.222,
        30,
        2.345,
        15.793,
        2.467,
        -2,
        1,
        2.589,
        -19.793,
        2.711,
        -25,
        2.833,
        -25,
        1,
        2.966,
        -25,
        3.1,
        -16.312,
        3.233,
        0,
        1,
        3.378,
        17.672,
        3.522,
        26,
        3.667,
        26,
        1,
        3.822,
        26,
        3.978,
        19.119,
        4.133,
        1,
        1,
        4.266,
        -14.53,
        4.4,
        -25,
        4.533,
        -25,
        1,
        4.655,
        -25,
        4.778,
        -18.207,
        4.9,
        -2,
        1,
        5.033,
        15.68,
        5.167,
        26,
        5.3,
        26,
        1,
        5.433,
        26,
        5.567,
        9.961,
        5.7,
        -8,
        1,
        5.8,
        -21.471,
        5.9,
        -24,
        6,
        -24,
        1,
        6.1,
        -24,
        6.2,
        -17.71,
        6.3,
        -2,
        1,
        6.411,
        15.456,
        6.522,
        26,
        6.633,
        26,
        1,
        6.744,
        26,
        6.856,
        6.3,
        6.967,
        -8,
        1,
        7.078,
        -22.3,
        7.189,
        -24,
        7.3,
        -24,
        1,
        7.433,
        -24,
        7.567,
        -19.316,
        7.7,
        -2,
        1,
        7.811,
        12.43,
        7.922,
        26,
        8.033,
        26,
        0,
        8.367,
        -8,
        0,
        8.767,
        0
      ]
    },
    {
      "Target": "Parameter",
      "Id": "ParamWX",
      "Segments": [
        0,
        0,
        0,
        2.133,
        -11,
        0,
        5.5,
        12,
        0,
        8.767,
        0
      ]
    },
    {
      "Target": "Parameter",
      "Id": "ParamWy",
      "Segments": [
        0,
        0,
        0,
        1.467,
        9,
        0,
        4.633,
        0,
        0,
        7.1,
        9,
        0,
        8.767,
        0
      ]
    },
    {
      "Target": "Parameter",
      "Id": "ParamWZ",
      "Segments": [
        0,
        0,
        0,
        0.433,
        8,
        0,
        0.9,
        -13,
        1,
        1.133,
        -13,
        1.367,
        -13.441,
        1.6,
        -12,
        1,
        1.922,
        -10.01,
        2.245,
        21,
        2.567,
        21,
        0,
        5.4,
        -12,
        0,
        6.833,
        17,
        0,
        7.433,
        -16,
        0,
        8.767,
        0
      ]
    },
    {
      "Target": "Parameter",
      "Id": "ParamBodyAngleX",
      "Segments": [
        0,
        0,
        0,
        2.133,
        -5,
        0,
        3.5,
        10,
        0,
        4.567,
        -10,
        0,
        8.767,
        0
      ]
    },
    {
      "Target": "Parameter",
      "Id": "ParamBodyAngleZ",
      "Segments": [
        0,
        0,
        0,
        0.167,
        -3,
        0,
        0.4,
        3,
        0,
        0.833,
        -10,
        0,
        2.167,
        5,
        0,
        3.133,
        1,
        0,
        3.933,
        10,
        0,
        5.033,
        0,
        0,
        5.8,
        6,
        0,
        6.3,
        -10,
        0,
        6.767,
        4,
        0,
        7.333,
        -6,
        0,
        8.767,
        0
      ]
    },
    {
      "Target": "Parameter",
      "Id": "ParamLarm",
      "Segments": [
        0,
        0,
        0,
        0.367,
        -17,
        1,
        0.5,
        -17,
        0.634,
        -1.065,
        0.767,
        -1,
        1,
        2.256,
        -0.274,
        3.744,
        0,
        5.233,
        0,
        0,
        5.6,
        -11,
        0,
        6.167,
        -1,
        0,
        6.667,
        -18,
        0,
        7.167,
        -1,
        0,
        7.667,
        -2,
        0,
        8.767,
        0
      ]
    },
    {
      "Target": "Parameter",
      "Id": "ParamLforearm",
      "Segments": [
        0,
        0,
        0,
        0.433,
        19,
        0,
        0.833,
        -2,
        0,
        7.167,
        8,
        0,
        7.667,
        -16,
        0,
        8.767,
        0
      ]
    },
    {
      "Target": "Parameter",
      "Id": "ParamLhand",
      "Segments": [
        0,
        0,
        0,
        0.367,
        30,
        1,
        0.522,
        30,
        0.678,
        12.151,
        0.833,
        12,
        1,
        2.344,
        10.533,
        3.856,
        9.448,
        5.367,
        8,
        1,
        5.5,
        7.872,
        5.634,
        -24,
        5.767,
        -24,
        1,
        6.234,
        -24,
        6.7,
        -20.745,
        7.167,
        -6,
        1,
        7.334,
        -0.734,
        7.5,
        30,
        7.667,
        30,
        0,
        8.767,
        0
      ]
    },
    {
      "Target": "Parameter",
      "Id": "ParamRarm",
      "Segments": [
        0,
        0,
        0,
        0.233,
        -9,
        0,
        0.767,
        13,
        1,
        2.256,
        13,
        3.744,
        8.924,
        5.233,
        -1,
        1,
        5.344,
        -1.741,
        5.456,
        -15,
        5.567,
        -15,
        0,
        5.933,
        28,
        1,
        6.111,
        28,
        6.289,
        26.039,
        6.467,
        14,
        1,
        6.622,
        3.466,
        6.778,
        -11,
        6.933,
        -11,
        0,
        7.667,
        30,
        0,
        8.767,
        0
      ]
    },
    {
      "Target": "Parameter",
      "Id": "ParamRforearm",
      "Segments": [
        0,
        0,
        0,
        0.233,
        2,
        0,
        0.767,
        -27,
        0,
        8.767,
        0
      ]
    },
    {
      "Target": "Parameter",
      "Id": "ParamRforearm2",
      "Segments": [
        0,
        0,
        0,
        0.233,
        -12,
        1,
        0.411,
        -12,
        0.589,
        -8.376,
        0.767,
        -8,
        1,
        3.434,
        -2.364,
        6.1,
        0,
        8.767,
        0
      ]
    },
    {
      "Target": "Parameter",
      "Id": "ParamRhand",
      "Segments": [
        0,
        0,
        1,
        0.078,
        0,
        0.155,
        7.812,
        0.233,
        10,
        1,
        0.411,
        15.001,
        0.589,
        16,
        0.767,
        16,
        0,
        8.767,
        0
      ]
    },
    {
      "Target": "Parameter",
      "Id": "ParamRhandy",
      "Segments": [
        0,
        0,
        0,
        0.233,
        14,
        0,
        0.767,
        -30,
        0,
        2.067,
        16,
        0,
        8.767,
        0
      ]
    },
    {
      "Target": "Parameter",
      "Id": "ParamRhandchange",
      "Segments": [
        0,
        0,
        2,
        0.233,
        0,
        0,
        0.367,
        1,
        0,
        0.8,
        0,
        2,
        8.767,
        0
      ]
    },
    {
      "Target": "Parameter",
      "Id": "ParamLleg",
      "Segments": [
        0,
        0,
        0,
        1,
        -30,
        0,
        1.967,
        -4,
        0,
        2.967,
        -25,
        1,
        4.089,
        -25,
        5.211,
        -24.113,
        6.333,
        -18,
        1,
        6.766,
        -15.639,
        7.2,
        4,
        7.633,
        4,
        0,
        8.767,
        0
      ]
    },
    {
      "Target": "Parameter",
      "Id": "ParamLforeleg",
      "Segments": [
        0,
        0,
        0,
        1.1,
        16,
        0,
        2.067,
        -21,
        0,
        3.067,
        -1,
        0,
        6.5,
        -9,
        0,
        7.767,
        10,
        0,
        8.767,
        0
      ]
    },
    {
      "Target": "Parameter",
      "Id": "ParamLfoot",
      "Segments": [
        0,
        0,
        0,
        1.267,
        30,
        0,
        2.2,
        -18,
        0,
        3.233,
        30,
        0,
        6.7,
        -6,
        0,
        8.033,
        12,
        0,
        8.767,
        0
      ]
    },
    {
      "Target": "Parameter",
      "Id": "ParamRleg",
      "Segments": [
        0,
        0,
        0,
        1,
        -30,
        0,
        1.967,
        -4,
        0,
        2.967,
        -24,
        2,
        6.333,
        -24,
        1,
        6.766,
        -24,
        7.2,
        -24.289,
        7.633,
        -22,
        1,
        8.011,
        -20.004,
        8.389,
        0,
        8.767,
        0
      ]
    },
    {
      "Target": "Parameter",
      "Id": "ParamRforeleg",
      "Segments": [
        0,
        0,
        0,
        1.067,
        30,
        0,
        2.033,
        -1,
        1,
        2.366,
        -1,
        2.7,
        18.02,
        3.033,
        19,
        1,
        4.178,
        22.366,
        5.322,
        23,
        6.467,
        23,
        1,
        6.9,
        23,
        7.334,
        23.177,
        7.767,
        20,
        1,
        8.1,
        17.556,
        8.434,
        0,
        8.767,
        0
      ]
    },
    {
      "Target": "Parameter",
      "Id": "ParamRfoot",
      "Segments": [
        0,
        0,
        1,
        0.411,
        0,
        0.822,
        -7.87,
        1.233,
        -18,
        1,
        1.555,
        -25.94,
        1.878,
        -28,
        2.2,
        -28,
        0,
        3.267,
        -8,
        0,
        6.667,
        -15,
        0,
        7.967,
        1,
        0,
        8.767,
        0
      ]
    },
    {
      "Target": "Parameter",
      "Id": "ParamTail1",
      "Segments": [
        0,
        0,
        0,
        0.933,
        20,
        0,
        3.167,
        17,
        2,
        6.767,
        17,
        1,
        6.967,
        17,
        7.167,
        13.614,
        7.367,
        2,
        1,
        7.567,
        -9.614,
        7.767,
        -19,
        7.967,
        -19,
        0,
        8.767,
        0
      ]
    },
    {
      "Target": "Parameter",
      "Id": "ParamTail2",
      "Segments": [
        0,
        0,
        1,
        0.311,
        0,
        0.622,
        -3.616,
        0.933,
        -5,
        1,
        1.678,
        -8.311,
        2.422,
        -9,
        3.167,
        -9,
        2,
        6.767,
        -9,
        0,
        7.367,
        20,
        0,
        7.967,
        -5,
        0,
        8.767,
        0
      ]
    },
    {
      "Target": "Parameter",
      "Id": "ParamTail3",
      "Segments": [
        0,
        0,
        0,
        0.9,
        -30,
        0,
        1.667,
        -1,
        0,
        2.467,
        -30,
        0,
        3.233,
        -1,
        0,
        4.2,
        -30,
        1,
        4.556,
        -30,
        4.911,
        -3.319,
        5.267,
        -1,
        1,
        5.634,
        1.392,
        6,
        1,
        6.367,
        1,
        0,
        8.767,
        0
      ]
    },
    {
      "Target": "Parameter",
      "Id": "ParamTailzhamao",
      "Segments": [
        0,
        0,
        1,
        0.222,
        0,
        0.445,
        -0.055,
        0.667,
        1,
        1,
        0.811,
        1.686,
        0.956,
        30,
        1.1,
        30,
        2,
        3.167,
        30,
        2,
        6.833,
        30,
        1,
        7.155,
        30,
        7.478,
        2.26,
        7.8,
        1,
        1,
        8.122,
        -0.26,
        8.445,
        0,
        8.767,
        0
      ]
    },
    {
      "Target": "Parameter",
      "Id": "ParamEyeLOpen",
      "Segments": [
        0,
        1,
        0,
        0.633,
        0.8,
        0,
        1.433,
        1,
        2,
        2.967,
        1,
        0,
        3.533,
        0.8,
        0,
        4.3,
        1,
        2,
        6.633,
        1,
        0,
        6.833,
        0,
        0,
        7.1,
        1,
        2,
        8.767,
        1
      ]
    },
    {
      "Target": "Parameter",
      "Id": "ParamEyeROpen",
      "Segments": [
        0,
        1,
        0,
        0.633,
        0.8,
        0,
        1.433,
        1,
        2,
        2.967,
        1,
        0,
        3.533,
        0.8,
        0,
        4.3,
        1,
        2,
        6.633,
        1,
        0,
        6.833,
        0,
        0,
        7.1,
        1,
        2,
        8.767,
        1
      ]
    },
    {
      "Target": "Parameter",
      "Id": "ParamEye",
      "Segments": [
        0,
        1,
        0,
        0.467,
        0,
        2,
        3.6,
        0,
        2,
        7.233,
        0,
        0,
        8.767,
        1
      ]
    },
    {
      "Target": "Parameter",
      "Id": "ParamEyeBallX",
      "Segments": [
        0,
        0,
        2,
        0.633,
        0,
        0,
        1.967,
        0.2,
        0,
        2.867,
        0,
        1,
        3.334,
        0,
        3.8,
        0.044,
        4.267,
        0.1,
        1,
        5.445,
        0.242,
        6.622,
        0.3,
        7.8,
        0.3,
        0,
        8.767,
        0
      ]
    },
    {
      "Target": "Parameter",
      "Id": "ParamEyeBallY",
      "Segments": [
        0,
        0,
        1,
        0.211,
        0,
        0.422,
        0.356,
        0.633,
        0.4,
        1,
        1.078,
        0.493,
        1.522,
        0.5,
        1.967,
        0.5,
        0,
        2.867,
        0.3,
        0,
        4.267,
        0.6,
        1,
        5.445,
        0.6,
        6.622,
        0.584,
        7.8,
        0.5,
        1,
        8.122,
        0.477,
        8.445,
        0,
        8.767,
        0
      ]
    },
    {
      "Target": "Parameter",
      "Id": "ParamBrowLY",
      "Segments": [
        0,
        0,
        2,
        0.6,
        0,
        0,
        1.4,
        0.6,
        0,
        2.567,
        0,
        2,
        8.767,
        0
      ]
    },
    {
      "Target": "Parameter",
      "Id": "ParamBrowLAngle",
      "Segments": [
        0,
        0,
        0,
        0.533,
        -1,
        2,
        6.833,
        -1,
        0,
        8.767,
        0
      ]
    },
    {
      "Target": "Parameter",
      "Id": "ParamBrowRAngle",
      "Segments": [
        0,
        0,
        0,
        0.533,
        -1,
        2,
        6.833,
        -1,
        0,
        8.767,
        0
      ]
    },
    {
      "Target": "Parameter",
      "Id": "ParamMouthOpenY",
      "Segments": [
        0,
        1,
        2,
        0.667,
        1,
        1,
        0.7,
        0.885,
        0.734,
        0.643,
        0.767,
        0.498,
        1,
        0.8,
        0.336,
        0.834,
        0.228,
        0.867,
        0.227,
        1,
        0.889,
        0.23,
        0.911,
        0.39,
        0.933,
        0.392,
        1,
        0.955,
        0.389,
        0.978,
        0.184,
        1,
        0.18,
        1,
        1.022,
        0.182,
        1.045,
        0.281,
        1.067,
        0.282,
        1,
        1.089,
        0.281,
        1.111,
        0.205,
        1.133,
        0.204,
        1,
        1.166,
        0.149,
        1.2,
        0.98,
        1.233,
        1,
        2,
        1.367,
        1,
        2,
        1.4,
        0.974,
        1,
        1.422,
        0.903,
        1.445,
        0.847,
        1.467,
        0.847,
        1,
        1.478,
        0.811,
        1.489,
        1.05,
        1.5,
        1,
        2,
        1.567,
        1,
        1,
        1.6,
        0.948,
        1.634,
        0.114,
        1.667,
        0.165,
        1,
        1.678,
        0.153,
        1.689,
        0.429,
        1.7,
        0.667,
        1,
        1.711,
        0.992,
        1.722,
        1.032,
        1.733,
        1,
        1,
        1.744,
        1.041,
        1.756,
        0.978,
        1.767,
        0.647,
        1,
        1.778,
        0.401,
        1.789,
        0.113,
        1.8,
        0.125,
        1,
        1.811,
        0.11,
        1.822,
        0.469,
        1.833,
        0.776,
        3,
        1.867,
        1,
        2,
        1.9,
        0.847,
        1,
        1.911,
        0.573,
        1.922,
        0.253,
        1.933,
        0.267,
        1,
        1.944,
        0.251,
        1.956,
        0.618,
        1.967,
        0.933,
        3,
        2,
        1,
        2,
        2.033,
        0.945,
        1,
        2.044,
        0.636,
        2.056,
        0.275,
        2.067,
        0.29,
        1,
        2.078,
        0.277,
        2.089,
        0.596,
        2.1,
        0.871,
        3,
        2.133,
        1,
        2,
        2.167,
        1,
        1,
        2.2,
        1.008,
        2.234,
        -0.067,
        2.267,
        0.008,
        1,
        2.3,
        -0.103,
        2.334,
        1.166,
        2.367,
        1,
        2,
        2.433,
        1,
        1,
        2.466,
        1.162,
        2.5,
        -0.11,
        2.533,
        0,
        1,
        2.544,
        -0.017,
        2.556,
        0.387,
        2.567,
        0.733,
        3,
        2.6,
        1,
        2,
        2.633,
        0.847,
        1,
        2.644,
        0.554,
        2.656,
        0.213,
        2.667,
        0.227,
        1,
        2.689,
        0.235,
        2.711,
        0.722,
        2.733,
        0.729,
        1,
        2.755,
        0.721,
        2.778,
        0.189,
        2.8,
        0.18,
        1,
        2.811,
        0.162,
        2.822,
        0.594,
        2.833,
        0.965,
        3,
        2.867,
        1,
        2,
        2.933,
        1,
        1,
        2.944,
        1.028,
        2.956,
        0.729,
        2.967,
        0.65,
        1,
        2.978,
        0.534,
        2.989,
        0.443,
        3,
        0.447,
        1,
        3.011,
        0.436,
        3.022,
        0.701,
        3.033,
        0.929,
        3,
        3.067,
        1,
        2,
        3.1,
        1,
        1,
        3.133,
        0.994,
        3.167,
        0.003,
        3.2,
        0.071,
        1,
        3.211,
        0.051,
        3.222,
        0.503,
        3.233,
        0.89,
        3,
        3.267,
        1,
        2,
        3.3,
        1,
        2,
        3.333,
        0.949,
        1,
        3.355,
        0.558,
        3.378,
        0.197,
        3.4,
        0.188,
        1,
        3.422,
        0.197,
        3.445,
        0.554,
        3.467,
        0.941,
        3,
        3.5,
        1,
        2,
        3.667,
        1,
        1,
        3.689,
        0.974,
        3.711,
        0.813,
        3.733,
        0.831,
        1,
        3.744,
        0.797,
        3.756,
        1.038,
        3.767,
        1,
        2,
        3.8,
        1,
        2,
        3.833,
        0.965,
        1,
        3.844,
        0.787,
        3.856,
        0.579,
        3.867,
        0.588,
        1,
        3.889,
        0.589,
        3.911,
        0.658,
        3.933,
        0.659,
        1,
        3.978,
        0.663,
        4.022,
        0.074,
        4.067,
        0.078,
        1,
        4.089,
        0.08,
        4.111,
        0.171,
        4.133,
        0.173,
        1,
        4.178,
        0.174,
        4.222,
        -0.001,
        4.267,
        0,
        2,
        4.333,
        0,
        1,
        4.4,
        -0.005,
        4.466,
        0.558,
        4.533,
        0.995,
        3,
        4.567,
        1,
        2,
        4.667,
        1,
        2,
        4.7,
        0.839,
        1,
        4.711,
        0.509,
        4.722,
        0.125,
        4.733,
        0.141,
        1,
        4.744,
        0.129,
        4.756,
        0.416,
        4.767,
        0.663,
        1,
        4.778,
        1.012,
        4.789,
        1.022,
        4.8,
        1,
        2,
        4.833,
        0.847,
        1,
        4.844,
        0.688,
        4.856,
        0.502,
        4.867,
        0.51,
        1,
        4.878,
        0.5,
        4.889,
        0.731,
        4.9,
        0.929,
        3,
        4.933,
        1,
        2,
        4.967,
        0.718,
        1,
        4.978,
        0.419,
        4.989,
        0.072,
        5,
        0.086,
        1,
        5.033,
        0.086,
        5.067,
        0.695,
        5.1,
        1,
        3,
        5.133,
        1,
        2,
        5.167,
        0.987,
        1,
        5.2,
        0.661,
        5.234,
        0.008,
        5.267,
        0.008,
        1,
        5.278,
        -0.01,
        5.289,
        0.407,
        5.3,
        0.765,
        3,
        5.333,
        1,
        2,
        5.467,
        1,
        1,
        5.478,
        0.943,
        5.489,
        1.166,
        5.5,
        0.69,
        1,
        5.511,
        0.412,
        5.522,
        0.088,
        5.533,
        0.102,
        1,
        5.578,
        0.097,
        5.622,
        0.527,
        5.667,
        0.941,
        3,
        5.7,
        1,
        2,
        5.867,
        1,
        2,
        5.9,
        0.933,
        1,
        5.933,
        0.498,
        5.967,
        0.096,
        6,
        0.086,
        1,
        6.022,
        0.098,
        6.045,
        0.797,
        6.067,
        0.808,
        1,
        6.089,
        0.8,
        6.111,
        0.337,
        6.133,
        0.329,
        1,
        6.144,
        0.32,
        6.156,
        0.547,
        6.167,
        0.741,
        1,
        6.178,
        1.025,
        6.189,
        1.009,
        6.2,
        1,
        2,
        6.233,
        0.997,
        1,
        6.266,
        0.717,
        6.3,
        0.157,
        6.333,
        0.157,
        1,
        6.344,
        0.142,
        6.356,
        0.486,
        6.367,
        0.78,
        3,
        6.4,
        1,
        2,
        6.433,
        0.922,
        1,
        6.444,
        0.694,
        6.456,
        0.428,
        6.467,
        0.439,
        1,
        6.489,
        0.446,
        6.511,
        0.7,
        6.533,
        0.976,
        3,
        6.567,
        1,
        2,
        7.233,
        1,
        1,
        7.266,
        1.029,
        7.3,
        0.744,
        7.333,
        0.557,
        1,
        7.378,
        0.282,
        7.422,
        -0.003,
        7.467,
        0,
        2,
        8.767,
        0
      ]
    },
    {
      "Target": "Parameter",
      "Id": "ParamMouthForm",
      "Segments": [
        0,
        0,
        0,
        0.567,
        -1,
        2,
        7.467,
        -1,
        0,
        8.767,
        0
      ]
    },
    {
      "Target": "Parameter",
      "Id": "ParamEmoangry",
      "Segments": [
        0,
        0,
        2,
        0.733,
        0,
        0,
        1.167,
        1,
        1,
        2.645,
        1,
        4.122,
        0.887,
        5.6,
        0.6,
        1,
        5.722,
        0.576,
        5.845,
        0,
        5.967,
        0,
        0,
        6.467,
        1,
        2,
        7.833,
        1,
        0,
        8.767,
        0
      ]
    },
    {
      "Target": "Parameter",
      "Id": "ParamAngleX",
      "Segments": [
        0,
        0,
        1,
        0.2,
        0,
        0.4,
        0.305,
        0.6,
        3,
        1,
        0.767,
        5.246,
        0.933,
        9,
        1.1,
        9,
        2,
        1.867,
        9,
        0,
        5.6,
        4,
        1,
        5.756,
        4,
        5.911,
        7.226,
        6.067,
        9,
        1,
        6.2,
        10.521,
        6.334,
        10.219,
        6.467,
        12,
        1,
        6.645,
        14.375,
        6.822,
        22,
        7,
        22,
        0,
        7.767,
        -1,
        0,
        8.767,
        0
      ]
    },
    {
      "Target": "Parameter",
      "Id": "ParamAngleY",
      "Segments": [
        0,
        0,
        0,
        0.6,
        -24,
        0,
        1.1,
        28,
        1,
        1.356,
        28,
        1.611,
        4.66,
        1.867,
        0,
        1,
        3.111,
        -22.69,
        4.356,
        -30,
        5.6,
        -30,
        0,
        6.067,
        22,
        0,
        6.467,
        -10,
        0,
        7,
        26,
        1,
        7.256,
        26,
        7.511,
        16.509,
        7.767,
        10,
        1,
        8.1,
        1.51,
        8.434,
        0,
        8.767,
        0
      ]
    },
    {
      "Target": "Parameter",
      "Id": "ParamAngleZ",
      "Segments": [
        0,
        0,
        0,
        5.7,
        -12,
        0,
        6.167,
        12,
        0,
        6.6,
        -13,
        0,
        7.1,
        16,
        0,
        8.767,
        0
      ]
    },
    {
      "Target": "Parameter",
      "Id": "ParamEyeRSmile",
      "Segments": [
        0,
        0,
        0,
        8.767,
        0
      ]
    },
    {
      "Target": "Parameter",
      "Id": "ParamBrowLX",
      "Segments": [
        0,
        0,
        0,
        8.767,
        0
      ]
    },
    {
      "Target": "Parameter",
      "Id": "ParamBrowRX",
      "Segments": [
        0,
        0,
        0,
        8.767,
        0
      ]
    },
    {
      "Target": "Parameter",
      "Id": "ParamBrowLForm",
      "Segments": [
        0,
        0,
        0,
        8.767,
        0
      ]
    },
    {
      "Target": "Parameter",
      "Id": "ParamBrowRForm",
      "Segments": [
        0,
        0,
        0,
        8.767,
        0
      ]
    },
    {
      "Target": "Parameter",
      "Id": "ParamCheek",
      "Segments": [
        0,
        0,
        0,
        8.767,
        0
      ]
    },
    {
      "Target": "Parameter",
      "Id": "ParamBodyAngleY",
      "Segments": [
        0,
        0,
        0,
        8.767,
        0
      ]
    },
    {
      "Target": "Parameter",
      "Id": "ParamBreath",
      "Segments": [
        0,
        0,
        0,
        8.767,
        0
      ]
    },
    {
      "Target": "Parameter",
      "Id": "ParamLhandchange",
      "Segments": [
        0,
        0,
        0,
        8.767,
        0
      ]
    },
    {
      "Target": "Parameter",
      "Id": "ParamEyeLSmile",
      "Segments": [
        0,
        0,
        0,
        8.767,
        0
      ]
    },
    {
      "Target": "Parameter",
      "Id": "ParamBrowRY",
      "Segments": [
        0,
        0,
        0,
        8.767,
        0
      ]
    },
    {
      "Target": "Parameter",
      "Id": "ParamEmotionSleep",
      "Segments": [
        0,
        0,
        0,
        8.767,
        0
      ]
    },
    {
      "Target": "Parameter",
      "Id": "ParamEmosleepy",
      "Segments": [
        0,
        0,
        0,
        8.767,
        0
      ]
    },
    {
      "Target": "Parameter",
      "Id": "ParamEmoshinning",
      "Segments": [
        0,
        0,
        0,
        8.767,
        0
      ]
    },
    {
      "Target": "Parameter",
      "Id": "ParamEmotionquestion",
      "Segments": [
        0,
        0,
        0,
        8.767,
        0
      ]
    },
    {
      "Target": "Parameter",
      "Id": "ParamEmotionshining",
      "Segments": [
        0,
        -1,
        0,
        8.767,
        -1
      ]
    },
    {
      "Target": "Parameter",
      "Id": "ParamEmoshame",
      "Segments": [
        0,
        0,
        0,
        8.767,
        0
      ]
    }
  ],
  "UserData": [
    {
      "Time": 0.0,
      "Value": "characterVoice_5_8"
    },
    {
      "Time": 0.0,
      "Value": ""
    }
  ]
}