{
  "Version": 3,
  "Meta": {
    "Duration": 4.8,
    "Fps": 30.0,
    "Loop": true,
    "AreBeziersRestricted": true,
    "CurveCount": 139,
    "TotalSegmentCount": 571,
    "TotalPointCount": 779,
    "UserDataCount": 1,
    "TotalUserDataSize": 0
  },
  "Curves": [
    {
      "Target": "Parameter",
      "Id": "ParamAngleX",
      "Segments": [
        0,
        0,
        0,
        0.567,
        1,
        1,
        0.778,
        1,
        0.989,
        0.702,
        1.2,
        0,
        1,
        1.389,
        -0.628,
        1.578,
        -1,
        1.767,
        -1,
        1,
        1.978,
        -1,
        2.189,
        -0.702,
        2.4,
        0,
        1,
        2.589,
        0.628,
        2.778,
        1,
        2.967,
        1,
        1,
        3.178,
        1,
        3.389,
        0.702,
        3.6,
        0,
        1,
        3.789,
        -0.628,
        3.978,
        -1,
        4.167,
        -1,
        0,
        4.8,
        0
      ]
    },
    {
      "Target": "Parameter",
      "Id": "ParamAngleY",
      "Segments": [
        0,
        0,
        0,
        1.2,
        -6,
        0,
        2.4,
        0,
        0,
        3.6,
        -6,
        0,
        4.8,
        0
      ]
    },
    {
      "Target": "Parameter",
      "Id": "ParamAngleZ",
      "Segments": [
        0,
        0,
        0,
        0.633,
        1.314,
        1,
        0.822,
        1.314,
        1.011,
        0.85,
        1.2,
        0,
        1,
        1.4,
        -0.9,
        1.6,
        -1.314,
        1.8,
        -1.314,
        1,
        2,
        -1.314,
        2.2,
        -0.852,
        2.4,
        0,
        1,
        2.611,
        0.899,
        2.822,
        1.314,
        3.033,
        1.314,
        1,
        3.222,
        1.314,
        3.411,
        0.85,
        3.6,
        0,
        1,
        3.8,
        -0.9,
        4,
        -1.314,
        4.2,
        -1.314,
        0,
        4.8,
        0
      ]
    },
    {
      "Target": "Parameter",
      "Id": "ParamEyeLOpen",
      "Segments": [
        0,
        1,
        1,
        0.111,
        1,
        0.222,
        0.951,
        0.333,
        0.945,
        1,
        0.622,
        0.93,
        0.911,
        0.928,
        1.2,
        0.928,
        0,
        1.667,
        1,
        0,
        1.867,
        0,
        1,
        1.922,
        0,
        1.978,
        0.399,
        2.033,
        0.862,
        1,
        2.055,
        1.047,
        2.078,
        1.05,
        2.1,
        1.05,
        1,
        2.2,
        1.05,
        2.3,
        1.022,
        2.4,
        1,
        1,
        2.511,
        0.976,
        2.622,
        0.951,
        2.733,
        0.945,
        1,
        3.022,
        0.931,
        3.311,
        0.928,
        3.6,
        0.928,
        0,
        4.133,
        1,
        2,
        4.2,
        1,
        0,
        4.333,
        0,
        0,
        4.467,
        1,
        2,
        4.8,
        1
      ]
    },
    {
      "Target": "Parameter",
      "Id": "ParamEyeROpen",
      "Segments": [
        0,
        1,
        1,
        0.111,
        1,
        0.222,
        0.955,
        0.333,
        0.947,
        1,
        0.622,
        0.927,
        0.911,
        0.924,
        1.2,
        0.924,
        0,
        1.667,
        1,
        0,
        1.867,
        0,
        1,
        1.922,
        0,
        1.978,
        0.39,
        2.033,
        0.857,
        1,
        2.055,
        1.044,
        2.078,
        1.05,
        2.1,
        1.05,
        1,
        2.2,
        1.05,
        2.3,
        1.021,
        2.4,
        1,
        1,
        2.511,
        0.977,
        2.622,
        0.954,
        2.733,
        0.947,
        1,
        3.022,
        0.928,
        3.311,
        0.924,
        3.6,
        0.924,
        0,
        4.133,
        1,
        2,
        4.2,
        1,
        0,
        4.333,
        0,
        0,
        4.467,
        1,
        2,
        4.8,
        1
      ]
    },
    {
      "Target": "Parameter",
      "Id": "ParamEyeBallX",
      "Segments": [
        0,
        0,
        2,
        0.4,
        0,
        0,
        0.533,
        0.2,
        2,
        1.9,
        0.2,
        0,
        1.967,
        0,
        2,
        2.4,
        0,
        2,
        2.8,
        0,
        0,
        2.933,
        0.2,
        2,
        4.3,
        0.2,
        0,
        4.367,
        0,
        2,
        4.8,
        0
      ]
    },
    {
      "Target": "Parameter",
      "Id": "ParamBrowLForm",
      "Segments": [
        0,
        0,
        0,
        0.4,
        0.2,
        2,
        1.8,
        0.2,
        0,
        1.967,
        0,
        2,
        2.4,
        0,
        0,
        2.8,
        0.2,
        2,
        4.2,
        0.2,
        0,
        4.367,
        0,
        2,
        4.8,
        0
      ]
    },
    {
      "Target": "Parameter",
      "Id": "ParamBrowRForm",
      "Segments": [
        0,
        0,
        0,
        0.4,
        0.2,
        2,
        1.8,
        0.2,
        0,
        1.967,
        0,
        2,
        2.4,
        0,
        0,
        2.8,
        0.2,
        2,
        4.2,
        0.2,
        0,
        4.367,
        0,
        2,
        4.8,
        0
      ]
    },
    {
      "Target": "Parameter",
      "Id": "ParamMouthForm",
      "Segments": [
        0,
        0,
        0,
        1.2,
        0.1,
        0,
        2.4,
        0,
        0,
        3.6,
        0.1,
        0,
        4.8,
        0
      ]
    },
    {
      "Target": "Parameter",
      "Id": "ParamMouthX",
      "Segments": [
        0,
        0,
        0,
        1.2,
        0.1,
        0,
        2.4,
        0,
        0,
        3.6,
        0.1,
        0,
        4.8,
        0
      ]
    },
    {
      "Target": "Parameter",
      "Id": "ParamBodyAngleX",
      "Segments": [
        0,
        0,
        0,
        0.633,
        1,
        0,
        1.833,
        -1,
        1,
        2.022,
        -1,
        2.211,
        -0.628,
        2.4,
        0,
        1,
        2.611,
        0.702,
        2.822,
        1,
        3.033,
        1,
        0,
        4.233,
        -1,
        0,
        4.8,
        0
      ]
    },
    {
      "Target": "Parameter",
      "Id": "ParamBodyAngleY",
      "Segments": [
        0,
        0,
        0,
        0.7,
        -1,
        0,
        1.8,
        1,
        1,
        2,
        1,
        2.2,
        0.612,
        2.4,
        0,
        1,
        2.633,
        -0.714,
        2.867,
        -1,
        3.1,
        -1,
        0,
        4.2,
        1,
        0,
        4.8,
        0
      ]
    },
    {
      "Target": "Parameter",
      "Id": "ParamBodyAngleZ",
      "Segments": [
        0,
        0,
        0,
        1.2,
        -1.24,
        0,
        2.4,
        0,
        0,
        3.6,
        -1.24,
        0,
        4.8,
        0
      ]
    },
    {
      "Target": "Parameter",
      "Id": "ParamHipX",
      "Segments": [
        0,
        0,
        0,
        0.333,
        3.154,
        0,
        1.233,
        -5.84,
        0,
        2.067,
        3.154,
        0,
        2.4,
        0,
        0,
        2.733,
        3.154,
        0,
        3.633,
        -5.84,
        0,
        4.467,
        3.154,
        0,
        4.8,
        0
      ]
    },
    {
      "Target": "Parameter",
      "Id": "ParamHipY",
      "Segments": [
        0,
        0,
        0,
        0.633,
        -6.336,
        1,
        0.822,
        -6.336,
        1.011,
        -3.976,
        1.2,
        0,
        1,
        1.411,
        4.444,
        1.622,
        6.336,
        1.833,
        6.336,
        1,
        2.022,
        6.336,
        2.211,
        3.976,
        2.4,
        0,
        1,
        2.611,
        -4.444,
        2.822,
        -6.336,
        3.033,
        -6.336,
        1,
        3.222,
        -6.336,
        3.411,
        -3.976,
        3.6,
        0,
        1,
        3.811,
        4.444,
        4.022,
        6.336,
        4.233,
        6.336,
        0,
        4.8,
        0
      ]
    },
    {
      "Target": "Parameter",
      "Id": "ParamLegZ",
      "Segments": [
        0,
        0,
        0,
        1.2,
        0.3,
        0,
        2.4,
        0,
        0,
        3.6,
        0.3,
        0,
        4.8,
        0
      ]
    },
    {
      "Target": "Parameter",
      "Id": "ParamFoot1",
      "Segments": [
        0,
        0,
        0,
        0.633,
        -3,
        0,
        1.433,
        0,
        0,
        1.833,
        -4,
        0,
        2.4,
        0,
        0,
        3.033,
        -3,
        0,
        3.833,
        0,
        0,
        4.233,
        -4,
        0,
        4.8,
        0
      ]
    },
    {
      "Target": "Parameter",
      "Id": "ParamFoot2",
      "Segments": [
        0,
        0,
        0,
        0.367,
        1.774,
        0,
        0.9,
        -2,
        0,
        1.7,
        1.774,
        0,
        2.067,
        -2.874,
        1,
        2.178,
        -2.874,
        2.289,
        -1.354,
        2.4,
        0,
        1,
        2.522,
        1.489,
        2.645,
        1.774,
        2.767,
        1.774,
        0,
        3.3,
        -2,
        0,
        4.1,
        1.774,
        0,
        4.467,
        -2.874,
        0,
        4.8,
        0
      ]
    },
    {
      "Target": "Parameter",
      "Id": "ParamHuXi2",
      "Segments": [
        0,
        0,
        0,
        1.2,
        1,
        0,
        2.4,
        0,
        0,
        3.6,
        1,
        0,
        4.8,
        0
      ]
    },
    {
      "Target": "Parameter",
      "Id": "ParamArmX",
      "Segments": [
        0,
        0,
        0,
        1.2,
        2.16,
        0,
        2.4,
        0,
        0,
        3.6,
        2.16,
        0,
        4.8,
        0
      ]
    },
    {
      "Target": "Parameter",
      "Id": "ParamArmRY",
      "Segments": [
        0,
        0,
        0,
        1.2,
        -9,
        0,
        2.4,
        0,
        0,
        3.6,
        -9,
        0,
        4.8,
        0
      ]
    },
    {
      "Target": "Parameter",
      "Id": "ParamArmR",
      "Segments": [
        0,
        0,
        0,
        1.2,
        3.48,
        0,
        2.4,
        0,
        0,
        3.6,
        3.48,
        0,
        4.8,
        0
      ]
    },
    {
      "Target": "Parameter",
      "Id": "ParamArmR1Z",
      "Segments": [
        0,
        0,
        0,
        0.633,
        1,
        1,
        0.822,
        1,
        1.011,
        0.686,
        1.2,
        0,
        1,
        1.378,
        -0.646,
        1.555,
        -1,
        1.733,
        -1,
        1,
        1.955,
        -1,
        2.178,
        -0.683,
        2.4,
        0,
        1,
        2.611,
        0.649,
        2.822,
        1,
        3.033,
        1,
        1,
        3.222,
        1,
        3.411,
        0.686,
        3.6,
        0,
        1,
        3.778,
        -0.646,
        3.955,
        -1,
        4.133,
        -1,
        0,
        4.8,
        0
      ]
    },
    {
      "Target": "Parameter",
      "Id": "ParamArmR1Y",
      "Segments": [
        0,
        0,
        0,
        1.2,
        -2,
        0,
        2.4,
        0,
        0,
        3.6,
        -2,
        0,
        4.8,
        0
      ]
    },
    {
      "Target": "Parameter",
      "Id": "ParamRHand",
      "Segments": [
        0,
        0,
        0,
        1.2,
        8,
        0,
        2.4,
        0,
        0,
        3.6,
        8,
        0,
        4.8,
        0
      ]
    },
    {
      "Target": "Parameter",
      "Id": "ParamRHandZ2",
      "Segments": [
        0,
        0,
        0,
        1.2,
        1.2,
        0,
        2.4,
        0,
        0,
        3.6,
        1.2,
        0,
        4.8,
        0
      ]
    },
    {
      "Target": "Parameter",
      "Id": "ParamHQiangX",
      "Segments": [
        0,
        0,
        0,
        1.2,
        30,
        0,
        2.4,
        0,
        0,
        3.6,
        30,
        0,
        4.8,
        0
      ]
    },
    {
      "Target": "Parameter",
      "Id": "ParamHQiangY",
      "Segments": [
        0,
        0,
        0,
        1.2,
        -30,
        0,
        2.4,
        0,
        0,
        3.6,
        -30,
        0,
        4.8,
        0
      ]
    },
    {
      "Target": "Parameter",
      "Id": "ParamHQiang",
      "Segments": [
        0,
        0,
        0,
        0.767,
        -11.809,
        0,
        1.867,
        19.355,
        1,
        2.045,
        19.355,
        2.222,
        7.01,
        2.4,
        0,
        1,
        2.656,
        -10.078,
        2.911,
        -11.809,
        3.167,
        -11.809,
        0,
        4.267,
        19.355,
        0,
        4.8,
        0
      ]
    },
    {
      "Target": "Parameter",
      "Id": "ParamJXWei",
      "Segments": [
        0,
        0,
        0,
        0.567,
        -7,
        1,
        0.778,
        -7,
        0.989,
        -4.174,
        1.2,
        0,
        1,
        1.422,
        4.394,
        1.645,
        6,
        1.867,
        6,
        1,
        2.045,
        6,
        2.222,
        4.192,
        2.4,
        0,
        1,
        2.589,
        -4.454,
        2.778,
        -7,
        2.967,
        -7,
        1,
        3.178,
        -7,
        3.389,
        -4.174,
        3.6,
        0,
        1,
        3.822,
        4.394,
        4.045,
        6,
        4.267,
        6,
        0,
        4.8,
        0
      ]
    },
    {
      "Target": "Parameter",
      "Id": "ParamJXWei1",
      "Segments": [
        0,
        0,
        0,
        1.2,
        5,
        0,
        2.4,
        0,
        0,
        3.6,
        5,
        0,
        4.8,
        0
      ]
    },
    {
      "Target": "Parameter",
      "Id": "ParamJXWei2",
      "Segments": [
        0,
        0,
        0,
        0.6,
        -5,
        0,
        1.867,
        5,
        1,
        2.045,
        5,
        2.222,
        3.126,
        2.4,
        0,
        1,
        2.6,
        -3.516,
        2.8,
        -5,
        3,
        -5,
        0,
        4.267,
        5,
        0,
        4.8,
        0
      ]
    },
    {
      "Target": "Parameter",
      "Id": "ParamJXWei3",
      "Segments": [
        0,
        0,
        0,
        1,
        -5.214,
        0,
        2.1,
        2,
        1,
        2.2,
        2,
        2.3,
        1.098,
        2.4,
        0,
        1,
        2.733,
        -3.659,
        3.067,
        -5.214,
        3.4,
        -5.214,
        0,
        4.5,
        2,
        0,
        4.8,
        0
      ]
    },
    {
      "Target": "Parameter",
      "Id": "ParamJXWei4",
      "Segments": [
        0,
        0,
        0,
        0.367,
        1.359,
        0,
        1.4,
        -4.986,
        1,
        1.733,
        -4.986,
        2.067,
        -3.041,
        2.4,
        0,
        1,
        2.522,
        1.115,
        2.645,
        1.359,
        2.767,
        1.359,
        0,
        3.8,
        -4.986,
        0,
        4.8,
        0
      ]
    },
    {
      "Target": "Parameter",
      "Id": "ParamJXWei5",
      "Segments": [
        0,
        0,
        0,
        0.533,
        11,
        1,
        0.755,
        11,
        0.978,
        7.365,
        1.2,
        0,
        1,
        1.422,
        -7.365,
        1.645,
        -11.095,
        1.867,
        -11.095,
        1,
        2.045,
        -11.095,
        2.222,
        -7.365,
        2.4,
        0,
        1,
        2.578,
        7.365,
        2.755,
        11,
        2.933,
        11,
        1,
        3.155,
        11,
        3.378,
        7.365,
        3.6,
        0,
        1,
        3.822,
        -7.365,
        4.045,
        -11.095,
        4.267,
        -11.095,
        0,
        4.8,
        0
      ]
    },
    {
      "Target": "Parameter",
      "Id": "ParamJXWei7",
      "Segments": [
        0,
        0,
        0,
        1.2,
        -5,
        0,
        2.4,
        0,
        0,
        3.6,
        -6,
        0,
        4.8,
        0
      ]
    },
    {
      "Target": "Parameter",
      "Id": "ParamOpaishakeX",
      "Segments": [
        0,
        0,
        0,
        1.2,
        -0.3,
        0,
        2.4,
        0,
        0,
        3.6,
        -0.3,
        0,
        4.8,
        0
      ]
    },
    {
      "Target": "Parameter",
      "Id": "ParamOpaishakeXB",
      "Segments": [
        0,
        0,
        0,
        0.7,
        0.183,
        0,
        1.8,
        -0.283,
        1,
        2,
        -0.283,
        2.2,
        -0.132,
        2.4,
        0,
        1,
        2.633,
        0.154,
        2.867,
        0.183,
        3.1,
        0.183,
        0,
        4.2,
        -0.283,
        0,
        4.8,
        0
      ]
    },
    {
      "Target": "Parameter",
      "Id": "ParamOpaishakeY",
      "Segments": [
        0,
        0.3,
        0,
        1.2,
        -0.789,
        0,
        2.4,
        0.3,
        0,
        3.6,
        -0.789,
        0,
        4.8,
        0.3
      ]
    },
    {
      "Target": "Parameter",
      "Id": "ParamOpaishakeYB",
      "Segments": [
        0,
        0,
        0,
        0.667,
        0.787,
        0,
        1.833,
        -0.784,
        1,
        2.022,
        -0.784,
        2.211,
        -0.476,
        2.4,
        0.002,
        1,
        2.622,
        0.564,
        2.845,
        0.787,
        3.067,
        0.787,
        0,
        4.233,
        -0.784,
        0,
        4.8,
        0
      ]
    },
    {
      "Target": "Parameter",
      "Id": "ParamOpaishakeX2",
      "Segments": [
        0,
        0,
        0,
        1.133,
        0.3,
        0,
        2.4,
        0,
        0,
        3.533,
        0.3,
        0,
        4.8,
        0
      ]
    },
    {
      "Target": "Parameter",
      "Id": "ParamOpaishakeX2B",
      "Segments": [
        0,
        0,
        0,
        0.6,
        -0.22,
        0,
        1.8,
        0.297,
        1,
        2,
        0.297,
        2.2,
        0.169,
        2.4,
        0,
        1,
        2.6,
        -0.169,
        2.8,
        -0.22,
        3,
        -0.22,
        0,
        4.2,
        0.297,
        0,
        4.8,
        0
      ]
    },
    {
      "Target": "Parameter",
      "Id": "ParamOpaishakeY2",
      "Segments": [
        0,
        0.3,
        0,
        1.267,
        -0.789,
        0,
        2.4,
        0.3,
        0,
        3.667,
        -0.789,
        0,
        4.8,
        0.3
      ]
    },
    {
      "Target": "Parameter",
      "Id": "ParamOpaishakeY2B",
      "Segments": [
        0,
        0,
        0,
        0.7,
        0.65,
        0,
        1.867,
        -0.655,
        1,
        2.045,
        -0.655,
        2.222,
        -0.367,
        2.4,
        0.002,
        1,
        2.633,
        0.486,
        2.867,
        0.65,
        3.1,
        0.65,
        0,
        4.267,
        -0.655,
        0,
        4.8,
        0
      ]
    },
    {
      "Target": "Parameter",
      "Id": "ParamClothes",
      "Segments": [
        0,
        0,
        0,
        1.2,
        0.9,
        0,
        2.4,
        0,
        0,
        3.6,
        0.9,
        0,
        4.8,
        0
      ]
    },
    {
      "Target": "Parameter",
      "Id": "ParamClothesY",
      "Segments": [
        0,
        0,
        0,
        0.533,
        0.444,
        0,
        1.833,
        -0.541,
        1,
        2.022,
        -0.541,
        2.211,
        -0.337,
        2.4,
        0,
        1,
        2.578,
        0.317,
        2.755,
        0.444,
        2.933,
        0.444,
        0,
        4.233,
        -0.541,
        0,
        4.8,
        0
      ]
    },
    {
      "Target": "Parameter",
      "Id": "ParamClothes2Y",
      "Segments": [
        0,
        0,
        0,
        1.2,
        0.508,
        0,
        2.4,
        0,
        0,
        3.6,
        0.507,
        0,
        4.8,
        0
      ]
    },
    {
      "Target": "Parameter",
      "Id": "ParamClothes2",
      "Segments": [
        0,
        0,
        0,
        0.567,
        -0.508,
        0,
        1.867,
        0.508,
        1,
        2.045,
        0.508,
        2.222,
        0.328,
        2.4,
        0,
        1,
        2.589,
        -0.348,
        2.778,
        -0.507,
        2.967,
        -0.507,
        0,
        4.267,
        0.507,
        0,
        4.8,
        0
      ]
    },
    {
      "Target": "Parameter",
      "Id": "ParamPhysics1",
      "Segments": [
        0,
        0,
        0,
        1.2,
        16,
        0,
        2.4,
        0,
        0,
        3.6,
        16,
        0,
        4.8,
        0
      ]
    },
    {
      "Target": "Parameter",
      "Id": "ParamPhysics2",
      "Segments": [
        0,
        0,
        0,
        0.267,
        -5.096,
        0,
        0.633,
        7.767,
        0,
        0.933,
        -11.241,
        0,
        1.4,
        0.894,
        2,
        1.433,
        0.894,
        0,
        1.667,
        -11.241,
        0,
        2.133,
        3.329,
        1,
        2.222,
        3.329,
        2.311,
        2.669,
        2.4,
        0,
        1,
        2.489,
        -2.669,
        2.578,
        -5.096,
        2.667,
        -5.096,
        0,
        3.033,
        7.767,
        0,
        3.333,
        -11.241,
        0,
        3.8,
        0.894,
        2,
        3.833,
        0.894,
        0,
        4.067,
        -11.241,
        0,
        4.533,
        3.329,
        0,
        4.8,
        0
      ]
    },
    {
      "Target": "Parameter",
      "Id": "ParamPhysics3",
      "Segments": [
        0,
        0,
        0,
        0.367,
        -7.245,
        0,
        0.7,
        11.543,
        0,
        1.033,
        -15,
        0,
        1.433,
        13,
        0,
        1.833,
        -9.583,
        0,
        2.167,
        10,
        1,
        2.245,
        10,
        2.322,
        3.818,
        2.4,
        0,
        1,
        2.522,
        -5.999,
        2.645,
        -7.245,
        2.767,
        -7.245,
        0,
        3.1,
        11.543,
        0,
        3.433,
        -15,
        0,
        3.833,
        13,
        0,
        4.233,
        -9.583,
        0,
        4.567,
        10,
        0,
        4.8,
        0
      ]
    },
    {
      "Target": "Parameter",
      "Id": "ParamPhysics4",
      "Segments": [
        0,
        0,
        0,
        0.167,
        6.739,
        0,
        0.467,
        -7.592,
        0,
        0.8,
        11.065,
        0,
        1.167,
        -18.664,
        0,
        1.533,
        18.664,
        0,
        1.9,
        -18.664,
        0,
        2.267,
        11.065,
        0,
        2.4,
        0,
        0,
        2.567,
        6.739,
        0,
        2.867,
        -7.592,
        0,
        3.2,
        11.065,
        0,
        3.567,
        -18.664,
        0,
        3.933,
        18.664,
        0,
        4.3,
        -18.664,
        0,
        4.667,
        11.065,
        0,
        4.8,
        0
      ]
    },
    {
      "Target": "Parameter",
      "Id": "Param13",
      "Segments": [
        0,
        0,
        0,
        1.133,
        10,
        0,
        2.4,
        0,
        0,
        3.533,
        10,
        0,
        4.8,
        0
      ]
    },
    {
      "Target": "Parameter",
      "Id": "Param14",
      "Segments": [
        0,
        0,
        0,
        0.533,
        -10,
        0,
        1.633,
        10,
        1,
        1.889,
        10,
        2.144,
        7.587,
        2.4,
        0,
        1,
        2.578,
        -5.278,
        2.755,
        -10,
        2.933,
        -10,
        0,
        4.033,
        10,
        0,
        4.8,
        0
      ]
    },
    {
      "Target": "Parameter",
      "Id": "ParamAngleA1",
      "Segments": [
        0,
        0,
        0,
        1.1,
        8,
        0,
        2.3,
        0,
        0,
        3.5,
        8,
        0,
        4.8,
        0
      ]
    },
    {
      "Target": "Parameter",
      "Id": "ParamAngleA2",
      "Segments": [
        0,
        0,
        0,
        1.1,
        7.49,
        0,
        2.3,
        0,
        0,
        3.5,
        7.49,
        0,
        4.8,
        0
      ]
    },
    {
      "Target": "Parameter",
      "Id": "ParamAngleA3",
      "Segments": [
        0,
        0,
        0,
        0.5,
        -8.287,
        0,
        1.7,
        9.003,
        1,
        1.9,
        9.003,
        2.1,
        5.752,
        2.3,
        0,
        1,
        2.5,
        -5.752,
        2.7,
        -8.287,
        2.9,
        -8.287,
        0,
        4.1,
        9.003,
        0,
        4.8,
        0
      ]
    },
    {
      "Target": "Parameter",
      "Id": "ParamAngleA4",
      "Segments": [
        0,
        0,
        0,
        1.167,
        -7.57,
        0,
        2.3,
        0,
        0,
        3.567,
        -7.57,
        0,
        4.8,
        0
      ]
    },
    {
      "Target": "Parameter",
      "Id": "ParamAngleB1",
      "Segments": [
        0,
        0,
        0,
        1.333,
        8,
        0,
        2.467,
        0,
        0,
        3.733,
        8,
        0,
        4.8,
        0
      ]
    },
    {
      "Target": "Parameter",
      "Id": "ParamAngleB2",
      "Segments": [
        0,
        0,
        0,
        1.333,
        7.49,
        0,
        2.467,
        0,
        0,
        3.733,
        7.49,
        0,
        4.8,
        0
      ]
    },
    {
      "Target": "Parameter",
      "Id": "ParamAngleB3",
      "Segments": [
        0,
        0,
        0,
        0.733,
        -8.287,
        0,
        1.933,
        9.003,
        1,
        2.111,
        9.003,
        2.289,
        4.992,
        2.467,
        0,
        1,
        2.689,
        -6.24,
        2.911,
        -8.287,
        3.133,
        -8.287,
        0,
        4.267,
        9.003,
        0,
        4.8,
        0
      ]
    },
    {
      "Target": "Parameter",
      "Id": "ParamAngleB4",
      "Segments": [
        0,
        0,
        0,
        1.4,
        -7.57,
        0,
        2.467,
        0,
        0,
        3.8,
        -7.57,
        0,
        4.8,
        0
      ]
    },
    {
      "Target": "Parameter",
      "Id": "ParamAngleC1",
      "Segments": [
        0,
        0,
        0,
        1.1,
        3,
        0,
        2.433,
        0,
        0,
        3.6,
        3,
        0,
        4.8,
        0
      ]
    },
    {
      "Target": "Parameter",
      "Id": "ParamAngleC2",
      "Segments": [
        0,
        0,
        0,
        1.333,
        5.878,
        0,
        2.433,
        0,
        0,
        3.967,
        5,
        0,
        4.8,
        0
      ]
    },
    {
      "Target": "Parameter",
      "Id": "ParamAngleC3",
      "Segments": [
        0,
        0,
        0,
        1.367,
        6.549,
        0,
        2.433,
        0,
        0,
        3.8,
        6.07,
        0,
        4.8,
        0
      ]
    },
    {
      "Target": "Parameter",
      "Id": "ParamAngleC4",
      "Segments": [
        0,
        0,
        0,
        0.633,
        -8.036,
        0,
        1.7,
        6.227,
        0,
        3.4,
        -8.036,
        0,
        4.8,
        0
      ]
    },
    {
      "Target": "Parameter",
      "Id": "ParamAngleC5",
      "Segments": [
        0,
        0,
        0,
        1.1,
        -7.875,
        0,
        2.467,
        5.923,
        0,
        3.867,
        -7.875,
        0,
        4.8,
        0
      ]
    },
    {
      "Target": "Parameter",
      "Id": "ParamAngleD1",
      "Segments": [
        0,
        0,
        0,
        0.967,
        8.295,
        0,
        1.667,
        -10,
        1,
        1.911,
        -10,
        2.156,
        -4.97,
        2.4,
        0,
        1,
        2.722,
        6.551,
        3.045,
        8.295,
        3.367,
        8.295,
        0,
        4.067,
        -10,
        0,
        4.8,
        0
      ]
    },
    {
      "Target": "Parameter",
      "Id": "ParamAngleD2",
      "Segments": [
        0,
        0,
        0,
        1.367,
        8.295,
        0,
        2.4,
        0,
        0,
        3.767,
        8.295,
        0,
        4.8,
        0
      ]
    },
    {
      "Target": "Parameter",
      "Id": "ParamAngleD3",
      "Segments": [
        0,
        0,
        0,
        0.5,
        -0.822,
        0,
        1.633,
        3.563,
        1,
        1.889,
        3.563,
        2.144,
        1.376,
        2.4,
        0,
        1,
        2.567,
        -0.897,
        2.733,
        -0.822,
        2.9,
        -0.822,
        0,
        4.033,
        3.563,
        0,
        4.8,
        0
      ]
    },
    {
      "Target": "Parameter",
      "Id": "ParamAngleD4",
      "Segments": [
        0,
        0,
        0,
        0.633,
        -5.942,
        0,
        1.633,
        3.811,
        1,
        1.889,
        3.811,
        2.144,
        3.212,
        2.4,
        0,
        1,
        2.611,
        -2.653,
        2.822,
        -5.942,
        3.033,
        -5.942,
        0,
        4.033,
        3.811,
        0,
        4.8,
        0
      ]
    },
    {
      "Target": "Parameter",
      "Id": "ParamAngleD5",
      "Segments": [
        0,
        0,
        0,
        0.5,
        -7.292,
        0,
        1.367,
        6.637,
        0,
        2.067,
        -3.787,
        0,
        2.4,
        0,
        0,
        2.9,
        -7.292,
        0,
        3.767,
        6.637,
        0,
        4.467,
        -3.787,
        0,
        4.8,
        0
      ]
    },
    {
      "Target": "Parameter",
      "Id": "ParamAngleE1",
      "Segments": [
        0,
        0,
        0,
        0.767,
        10,
        0,
        1.733,
        -6.883,
        1,
        1.955,
        -6.883,
        2.178,
        -5.157,
        2.4,
        0,
        1,
        2.656,
        5.93,
        2.911,
        10,
        3.167,
        10,
        0,
        4.133,
        -6.883,
        0,
        4.8,
        0
      ]
    },
    {
      "Target": "Parameter",
      "Id": "ParamAngleE2",
      "Segments": [
        0,
        0,
        0,
        1,
        4.902,
        0,
        1.933,
        -4.824,
        1,
        2.089,
        -4.824,
        2.244,
        -1.822,
        2.4,
        0,
        1,
        2.733,
        3.905,
        3.067,
        4.902,
        3.4,
        4.902,
        0,
        4.333,
        -4.824,
        0,
        4.8,
        0
      ]
    },
    {
      "Target": "Parameter",
      "Id": "ParamAngleE3",
      "Segments": [
        0,
        0,
        0,
        1.4,
        4.616,
        0,
        2.4,
        0,
        0,
        3.8,
        4.616,
        0,
        4.8,
        0
      ]
    },
    {
      "Target": "Parameter",
      "Id": "ParamAngleE4",
      "Segments": [
        0,
        0,
        0,
        0.633,
        -12.697,
        0,
        1.9,
        13.257,
        1,
        2.067,
        13.257,
        2.233,
        7.466,
        2.4,
        0,
        1,
        2.611,
        -9.457,
        2.822,
        -12.697,
        3.033,
        -12.697,
        0,
        4.3,
        13.257,
        0,
        4.8,
        0
      ]
    },
    {
      "Target": "Parameter",
      "Id": "ParamGangSheng1",
      "Segments": [
        0,
        0,
        0,
        0.667,
        1.734,
        0,
        2.267,
        -12.429,
        0,
        3.3,
        1.734,
        0,
        4.267,
        -8.309,
        0,
        4.8,
        0
      ]
    },
    {
      "Target": "Parameter",
      "Id": "ParamGangSheng2",
      "Segments": [
        0,
        0,
        0,
        0.633,
        -4.687,
        0,
        1.4,
        -0.62,
        0,
        2.6,
        -4.687,
        0,
        3.667,
        2.663,
        0,
        4.5,
        -2.13,
        0,
        4.8,
        0
      ]
    },
    {
      "Target": "Parameter",
      "Id": "ParamGangSheng3",
      "Segments": [
        0,
        0,
        0,
        0.633,
        -2.671,
        0,
        1.867,
        4.274,
        1,
        2.011,
        4.274,
        2.156,
        4.618,
        2.3,
        3,
        1,
        2.544,
        0.262,
        2.789,
        -6.551,
        3.033,
        -6.551,
        0,
        4.067,
        4.274,
        0,
        4.8,
        0
      ]
    },
    {
      "Target": "Parameter",
      "Id": "ParamGangSheng4",
      "Segments": [
        0,
        0,
        0,
        1.133,
        -3.691,
        0,
        2.3,
        8,
        0,
        3.467,
        -4.713,
        0,
        4.3,
        4.477,
        0,
        4.8,
        0
      ]
    },
    {
      "Target": "Parameter",
      "Id": "ParamGangSheng5",
      "Segments": [
        0,
        0,
        0,
        0.5,
        5.901,
        0,
        1.2,
        -5.027,
        1,
        1.411,
        -5.027,
        1.622,
        2.687,
        1.833,
        5.901,
        1,
        1.989,
        8.269,
        2.144,
        8,
        2.3,
        8,
        0,
        2.933,
        -5.027,
        0,
        3.967,
        6.716,
        0,
        4.8,
        0
      ]
    },
    {
      "Target": "Parameter",
      "Id": "ParamGangSheng6",
      "Segments": [
        0,
        0,
        0,
        0.633,
        3.845,
        0,
        1.333,
        -3.479,
        0,
        2.467,
        5.691,
        0,
        3.367,
        -3.479,
        0,
        4.2,
        5.677,
        0,
        4.8,
        0
      ]
    },
    {
      "Target": "Parameter",
      "Id": "ParamJXSheng2",
      "Segments": [
        0,
        0,
        0,
        0.867,
        -9.958,
        0,
        1.4,
        10,
        0,
        2.033,
        -8.794,
        0,
        2.4,
        0,
        0,
        3.267,
        -9.958,
        0,
        3.8,
        10,
        0,
        4.433,
        -8.794,
        0,
        4.8,
        0
      ]
    },
    {
      "Target": "Parameter",
      "Id": "ParamJXSheng1",
      "Segments": [
        0,
        0,
        0,
        0.533,
        -10,
        0,
        1.167,
        9,
        0,
        1.867,
        -10,
        0,
        2.4,
        0,
        0,
        2.933,
        -10,
        0,
        3.567,
        9,
        0,
        4.267,
        -10,
        0,
        4.8,
        0
      ]
    },
    {
      "Target": "Parameter",
      "Id": "Param11",
      "Segments": [
        0,
        0,
        0,
        1.1,
        10.943,
        0,
        2.4,
        0,
        0,
        3.5,
        10.943,
        0,
        4.8,
        0
      ]
    },
    {
      "Target": "Parameter",
      "Id": "Param12",
      "Segments": [
        0,
        0,
        0,
        0.567,
        -9.957,
        0,
        1.767,
        10.557,
        1,
        1.978,
        10.557,
        2.189,
        7.212,
        2.4,
        0,
        1,
        2.589,
        -6.453,
        2.778,
        -9.957,
        2.967,
        -9.957,
        0,
        4.167,
        10.557,
        0,
        4.8,
        0
      ]
    },
    {
      "Target": "Model",
      "Id": "Opacity",
      "Segments": [
        0,
        1,
        0,
        4.8,
        1
      ]
    },
    {
      "Target": "Parameter",
      "Id": "ParamEyeS",
      "Segments": [
        0,
        0,
        0,
        4.8,
        0
      ]
    },
    {
      "Target": "Parameter",
      "Id": "ParamEyeBallY",
      "Segments": [
        0,
        0,
        0,
        4.8,
        0
      ]
    },
    {
      "Target": "Parameter",
      "Id": "ParamParamBrowLY",
      "Segments": [
        0,
        0,
        0,
        4.8,
        0
      ]
    },
    {
      "Target": "Parameter",
      "Id": "ParamBrowLAngle",
      "Segments": [
        0,
        0,
        0,
        4.8,
        0
      ]
    },
    {
      "Target": "Parameter",
      "Id": "ParamParamBrowRY",
      "Segments": [
        0,
        0,
        0,
        4.8,
        0
      ]
    },
    {
      "Target": "Parameter",
      "Id": "ParamBrowRAngle",
      "Segments": [
        0,
        0,
        0,
        4.8,
        0
      ]
    },
    {
      "Target": "Parameter",
      "Id": "ParamMouthOpenY",
      "Segments": [
        0,
        0,
        0,
        4.8,
        0
      ]
    },
    {
      "Target": "Parameter",
      "Id": "ParamCheek2",
      "Segments": [
        0,
        0,
        0,
        4.8,
        0
      ]
    },
    {
      "Target": "Parameter",
      "Id": "ParamCheek3",
      "Segments": [
        0,
        0,
        0,
        4.8,
        0
      ]
    },
    {
      "Target": "Parameter",
      "Id": "ParamCheek4",
      "Segments": [
        0,
        0,
        0,
        4.8,
        0
      ]
    },
    {
      "Target": "Parameter",
      "Id": "ParamCheek",
      "Segments": [
        0,
        0,
        0,
        4.8,
        0
      ]
    },
    {
      "Target": "Parameter",
      "Id": "ParamCheek5",
      "Segments": [
        0,
        0,
        0,
        4.8,
        0
      ]
    },
    {
      "Target": "Parameter",
      "Id": "ParamJy",
      "Segments": [
        0,
        0,
        0,
        4.8,
        0
      ]
    },
    {
      "Target": "Parameter",
      "Id": "ParamCheek6",
      "Segments": [
        0,
        0,
        0,
        4.8,
        0
      ]
    },
    {
      "Target": "Parameter",
      "Id": "ParamHeadX",
      "Segments": [
        0,
        0,
        0,
        4.8,
        0
      ]
    },
    {
      "Target": "Parameter",
      "Id": "ParamHeadY",
      "Segments": [
        0,
        0,
        0,
        4.8,
        0
      ]
    },
    {
      "Target": "Parameter",
      "Id": "ParamLjian",
      "Segments": [
        0,
        0,
        0,
        4.8,
        0
      ]
    },
    {
      "Target": "Parameter",
      "Id": "ParamRjian",
      "Segments": [
        0,
        0,
        0,
        4.8,
        0
      ]
    },
    {
      "Target": "Parameter",
      "Id": "Param4",
      "Segments": [
        0,
        0,
        0,
        4.8,
        0
      ]
    },
    {
      "Target": "Parameter",
      "Id": "ParamLArmAB",
      "Segments": [
        0,
        0,
        0,
        4.8,
        0
      ]
    },
    {
      "Target": "Parameter",
      "Id": "Param15",
      "Segments": [
        0,
        0,
        0,
        4.8,
        0
      ]
    },
    {
      "Target": "Parameter",
      "Id": "Param17",
      "Segments": [
        0,
        0,
        0,
        4.8,
        0
      ]
    },
    {
      "Target": "Parameter",
      "Id": "Param3",
      "Segments": [
        0,
        0,
        0,
        4.8,
        0
      ]
    },
    {
      "Target": "Parameter",
      "Id": "Param7",
      "Segments": [
        0,
        0,
        0,
        4.8,
        0
      ]
    },
    {
      "Target": "Parameter",
      "Id": "Param",
      "Segments": [
        0,
        0,
        0,
        4.8,
        0
      ]
    },
    {
      "Target": "Parameter",
      "Id": "Param2",
      "Segments": [
        0,
        0,
        0,
        4.8,
        0
      ]
    },
    {
      "Target": "Parameter",
      "Id": "Param8",
      "Segments": [
        0,
        0,
        0,
        4.8,
        0
      ]
    },
    {
      "Target": "Parameter",
      "Id": "ParamLHandZ",
      "Segments": [
        0,
        0,
        0,
        4.8,
        0
      ]
    },
    {
      "Target": "Parameter",
      "Id": "ParamLHandX",
      "Segments": [
        0,
        0,
        0,
        4.8,
        0
      ]
    },
    {
      "Target": "Parameter",
      "Id": "ParamLHand1",
      "Segments": [
        0,
        0,
        0,
        4.8,
        0
      ]
    },
    {
      "Target": "Parameter",
      "Id": "ParamLHand2",
      "Segments": [
        0,
        0,
        0,
        4.8,
        0
      ]
    },
    {
      "Target": "Parameter",
      "Id": "ParamLHand34",
      "Segments": [
        0,
        0,
        0,
        4.8,
        0
      ]
    },
    {
      "Target": "Parameter",
      "Id": "ParamLHand5",
      "Segments": [
        0,
        0,
        0,
        4.8,
        0
      ]
    },
    {
      "Target": "Parameter",
      "Id": "ParamLHandWater",
      "Segments": [
        0,
        0,
        0,
        4.8,
        0
      ]
    },
    {
      "Target": "Parameter",
      "Id": "Param16",
      "Segments": [
        0,
        0,
        0,
        4.8,
        0
      ]
    },
    {
      "Target": "Parameter",
      "Id": "ParamLHandWater1",
      "Segments": [
        0,
        0,
        0,
        4.8,
        0
      ]
    },
    {
      "Target": "Parameter",
      "Id": "ParamLHandWater2",
      "Segments": [
        0,
        0,
        0,
        4.8,
        0
      ]
    },
    {
      "Target": "Parameter",
      "Id": "ParamRArmDA",
      "Segments": [
        0,
        0,
        0,
        4.8,
        0
      ]
    },
    {
      "Target": "Parameter",
      "Id": "ParamRArmDB",
      "Segments": [
        0,
        0,
        0,
        4.8,
        0
      ]
    },
    {
      "Target": "Parameter",
      "Id": "ParamJXWei6",
      "Segments": [
        0,
        0,
        0,
        4.8,
        0
      ]
    },
    {
      "Target": "Parameter",
      "Id": "ParamWhite1",
      "Segments": [
        0,
        0,
        0,
        4.8,
        0
      ]
    },
    {
      "Target": "Parameter",
      "Id": "ParamBlack0",
      "Segments": [
        0,
        1,
        0,
        4.8,
        1
      ]
    },
    {
      "Target": "Parameter",
      "Id": "ParamBlack1",
      "Segments": [
        0,
        0,
        0,
        4.8,
        0
      ]
    },
    {
      "Target": "Parameter",
      "Id": "ParamBlack2",
      "Segments": [
        0,
        0,
        0,
        4.8,
        0
      ]
    },
    {
      "Target": "Parameter",
      "Id": "ParamZTX",
      "Segments": [
        0,
        0,
        0,
        4.8,
        0
      ]
    },
    {
      "Target": "Parameter",
      "Id": "ParamZTY",
      "Segments": [
        0,
        0,
        0,
        4.8,
        0
      ]
    },
    {
      "Target": "Parameter",
      "Id": "ParamZTZ",
      "Segments": [
        0,
        0,
        0,
        4.8,
        0
      ]
    },
    {
      "Target": "Parameter",
      "Id": "ParamZTO",
      "Segments": [
        0,
        0,
        0,
        4.8,
        0
      ]
    },
    {
      "Target": "Parameter",
      "Id": "ParamBJtoushi",
      "Segments": [
        0,
        0,
        0,
        4.8,
        0
      ]
    },
    {
      "Target": "Parameter",
      "Id": "Param9",
      "Segments": [
        0,
        0,
        0,
        4.8,
        0
      ]
    },
    {
      "Target": "Parameter",
      "Id": "Param5",
      "Segments": [
        0,
        0,
        0,
        4.8,
        0
      ]
    },
    {
      "Target": "Parameter",
      "Id": "Param6",
      "Segments": [
        0,
        0,
        0,
        4.8,
        0
      ]
    }
  ],
  "UserData": [
    {
      "Time": 0.0,
      "Value": ""
    }
  ]
}