{
  "Version": 3,
  "Meta": {
    "Duration": 1.633,
    "Fps": 30.0,
    "Loop": true,
    "AreBeziersRestricted": true,
    "CurveCount": 142,
    "TotalSegmentCount": 583,
    "TotalPointCount": 829,
    "UserDataCount": 2,
    "TotalUserDataSize": 18
  },
  "Curves": [
    {
      "Target": "Parameter",
      "Id": "ParamAngleY",
      "Segments": [
        0,
        -9.029,
        2,
        0.2,
        -9.029,
        0,
        0.6,
        0,
        2,
        1.633,
        0
      ]
    },
    {
      "Target": "Parameter",
      "Id": "ParamAngleZ",
      "Segments": [
        0,
        10,
        1,
        0.022,
        10,
        0.045,
        10.012,
        0.067,
        10.871,
        1,
        0.1,
        12.159,
        0.134,
        15.583,
        0.167,
        16.938,
        1,
        0.211,
        18.745,
        0.256,
        19.149,
        0.3,
        19.149,
        1,
        0.378,
        19.149,
        0.455,
        10.533,
        0.533,
        7.451,
        1,
        0.6,
        4.809,
        0.666,
        3.169,
        0.733,
        2.437,
        1,
        0.911,
        0.486,
        1.089,
        0,
        1.267,
        0,
        2,
        1.633,
        0
      ]
    },
    {
      "Target": "Parameter",
      "Id": "ParamHeadX",
      "Segments": [
        0,
        30,
        2,
        0.367,
        30,
        0,
        0.8,
        0,
        2,
        1.633,
        0
      ]
    },
    {
      "Target": "Parameter",
      "Id": "ParamHeadY",
      "Segments": [
        0,
        -8,
        1,
        0.078,
        -8,
        0.155,
        5.129,
        0.233,
        12.128,
        1,
        0.278,
        16.127,
        0.322,
        15.631,
        0.367,
        15.631,
        0,
        0.8,
        0,
        2,
        1.633,
        0
      ]
    },
    {
      "Target": "Parameter",
      "Id": "ParamBodyAngleX",
      "Segments": [
        0,
        10,
        1,
        0.044,
        10,
        0.089,
        6.764,
        0.133,
        5.709,
        1,
        0.178,
        4.654,
        0.222,
        4.681,
        0.267,
        4.681,
        0,
        0.4,
        10,
        1,
        0.433,
        10,
        0.467,
        10,
        0.5,
        9.397,
        1,
        0.556,
        8.181,
        0.611,
        2.396,
        0.667,
        1.041,
        1,
        0.711,
        -0.043,
        0.756,
        0,
        0.8,
        0,
        2,
        1.633,
        0
      ]
    },
    {
      "Target": "Parameter",
      "Id": "ParamBodyAngleY",
      "Segments": [
        0,
        -7.185,
        1,
        0.022,
        -7.185,
        0.045,
        -7.159,
        0.067,
        -7.307,
        1,
        0.089,
        -7.455,
        0.111,
        -9.291,
        0.133,
        -9.291,
        1,
        0.166,
        -9.291,
        0.2,
        -8.36,
        0.233,
        -7.185,
        1,
        0.3,
        -4.836,
        0.366,
        -2.188,
        0.433,
        -0.651,
        1,
        0.5,
        0.886,
        0.566,
        2.192,
        0.633,
        2.962,
        1,
        0.711,
        3.861,
        0.789,
        4,
        0.867,
        4,
        0,
        1.4,
        0,
        2,
        1.633,
        0
      ]
    },
    {
      "Target": "Parameter",
      "Id": "ParamBodyAngleZ",
      "Segments": [
        0,
        5,
        1,
        0.044,
        5,
        0.089,
        3.881,
        0.133,
        2.677,
        1,
        0.189,
        1.172,
        0.244,
        0.746,
        0.3,
        0.746,
        1,
        0.356,
        0.746,
        0.411,
        0.713,
        0.467,
        1.382,
        1,
        0.534,
        2.185,
        0.6,
        3.836,
        0.667,
        3.836,
        1,
        0.767,
        3.836,
        0.867,
        3.113,
        0.967,
        1.836,
        1,
        1.067,
        0.56,
        1.167,
        0,
        1.267,
        0,
        2,
        1.633,
        0
      ]
    },
    {
      "Target": "Parameter",
      "Id": "ParamHipX",
      "Segments": [
        0,
        0,
        0,
        0.267,
        -3.584,
        0,
        0.667,
        3,
        2,
        1.067,
        3,
        0,
        1.633,
        0
      ]
    },
    {
      "Target": "Parameter",
      "Id": "ParamHipY",
      "Segments": [
        0,
        0,
        0,
        0.4,
        -18.902,
        2,
        0.833,
        -18.902,
        0,
        1.3,
        2.829,
        0,
        1.533,
        0,
        2,
        1.633,
        0
      ]
    },
    {
      "Target": "Parameter",
      "Id": "ParamRjian",
      "Segments": [
        0,
        17,
        1,
        0.033,
        17,
        0.067,
        2.776,
        0.1,
        -12,
        1,
        0.133,
        -26.776,
        0.167,
        -30,
        0.2,
        -30,
        2,
        0.3,
        -30,
        1,
        0.344,
        -30,
        0.389,
        -19.211,
        0.433,
        -4.043,
        1,
        0.466,
        7.333,
        0.5,
        20.716,
        0.533,
        25.319,
        1,
        0.566,
        29.922,
        0.6,
        30,
        0.633,
        30,
        1,
        0.666,
        30,
        0.7,
        30,
        0.733,
        26.383,
        1,
        0.778,
        20.582,
        0.822,
        -4.043,
        0.867,
        -4.043,
        0,
        0.967,
        0,
        2,
        1.633,
        0
      ]
    },
    {
      "Target": "Parameter",
      "Id": "ParamLegZ",
      "Segments": [
        0,
        0,
        1,
        0.067,
        0,
        0.133,
        0.595,
        0.2,
        2.02,
        1,
        0.267,
        3.446,
        0.333,
        4.293,
        0.4,
        4.293,
        1,
        0.489,
        4.293,
        0.578,
        4.373,
        0.667,
        3.528,
        1,
        0.778,
        2.471,
        0.889,
        0,
        1,
        0,
        2,
        1.633,
        0
      ]
    },
    {
      "Target": "Parameter",
      "Id": "ParamRArmDA",
      "Segments": [
        0,
        0.997,
        2,
        0.167,
        0.997,
        1,
        0.234,
        0.997,
        0.3,
        0.88,
        0.367,
        0.605,
        1,
        0.378,
        0.559,
        0.389,
        0.444,
        0.4,
        0.403,
        1,
        0.478,
        0.119,
        0.555,
        0,
        0.633,
        0,
        2,
        1.633,
        0
      ]
    },
    {
      "Target": "Parameter",
      "Id": "ParamArmX",
      "Segments": [
        0,
        19.787,
        2,
        0.133,
        19.787,
        1,
        0.189,
        19.787,
        0.244,
        14.922,
        0.3,
        11.928,
        1,
        0.467,
        2.947,
        0.633,
        0,
        0.8,
        0,
        2,
        1.633,
        0
      ]
    },
    {
      "Target": "Parameter",
      "Id": "ParamArmRY",
      "Segments": [
        0,
        24.61,
        2,
        0.1,
        24.61,
        0,
        0.233,
        28.617,
        1,
        0.3,
        28.617,
        0.366,
        26.802,
        0.433,
        20.194,
        1,
        0.555,
        8.078,
        0.678,
        0,
        0.8,
        0,
        2,
        1.633,
        0
      ]
    },
    {
      "Target": "Parameter",
      "Id": "ParamArmR",
      "Segments": [
        0,
        8,
        2,
        0.2,
        8,
        0,
        0.367,
        22.979,
        0,
        0.567,
        3.911,
        0,
        0.667,
        8,
        0,
        0.8,
        0,
        2,
        1.633,
        0
      ]
    },
    {
      "Target": "Parameter",
      "Id": "ParamArmR1Z",
      "Segments": [
        0,
        30,
        2,
        0.2,
        30,
        0,
        0.367,
        21.277,
        2,
        0.5,
        21.277,
        1,
        0.544,
        21.277,
        0.589,
        18.71,
        0.633,
        13.956,
        1,
        0.666,
        10.391,
        0.7,
        6.442,
        0.733,
        3.617,
        1,
        0.766,
        0.792,
        0.8,
        0,
        0.833,
        0,
        2,
        1.633,
        0
      ]
    },
    {
      "Target": "Parameter",
      "Id": "ParamArmR1Y",
      "Segments": [
        0,
        -30,
        2,
        0.333,
        -30,
        1,
        0.366,
        -30,
        0.4,
        -19.75,
        0.433,
        -17.66,
        1,
        0.478,
        -14.873,
        0.522,
        -14.859,
        0.567,
        -11.915,
        1,
        0.645,
        -6.763,
        0.722,
        0,
        0.8,
        0,
        2,
        1.633,
        0
      ]
    },
    {
      "Target": "Parameter",
      "Id": "ParamRHand",
      "Segments": [
        0,
        -8,
        2,
        0.4,
        -8,
        0,
        0.567,
        17.365,
        1,
        0.611,
        17.365,
        0.656,
        17.158,
        0.7,
        12.413,
        1,
        0.744,
        7.668,
        0.789,
        -1.619,
        0.833,
        -1.619,
        0,
        0.933,
        0,
        2,
        1.633,
        0
      ]
    },
    {
      "Target": "Parameter",
      "Id": "ParamRHandZ2",
      "Segments": [
        0,
        19,
        2,
        0.433,
        19,
        0,
        0.9,
        -6.505,
        0,
        1.133,
        7.42,
        0,
        1.4,
        0,
        2,
        1.633,
        0
      ]
    },
    {
      "Target": "Parameter",
      "Id": "ParamHQiangX",
      "Segments": [
        0,
        -12,
        2,
        0.1,
        -12,
        0,
        0.367,
        -23.984,
        0,
        0.767,
        0,
        2,
        1.633,
        0
      ]
    },
    {
      "Target": "Parameter",
      "Id": "ParamHQiang",
      "Segments": [
        0,
        -10,
        0,
        0.367,
        15,
        0,
        0.567,
        -23,
        2,
        0.933,
        -23,
        0,
        1.333,
        0,
        2,
        1.633,
        0
      ]
    },
    {
      "Target": "Parameter",
      "Id": "ParamJXWei1",
      "Segments": [
        0,
        18.974,
        2,
        0.233,
        18.974,
        1,
        0.366,
        8.649,
        0.5,
        -1.675,
        0.633,
        -12,
        1,
        0.778,
        -8,
        0.922,
        -4,
        1.067,
        0,
        2,
        1.633,
        0
      ]
    },
    {
      "Target": "Parameter",
      "Id": "ParamJXWei2",
      "Segments": [
        0,
        23,
        2,
        0.233,
        23,
        1,
        0.322,
        11,
        0.411,
        -1,
        0.5,
        -13,
        2,
        0.833,
        -13,
        1,
        0.978,
        -8.667,
        1.122,
        -4.333,
        1.267,
        0,
        2,
        1.633,
        0
      ]
    },
    {
      "Target": "Parameter",
      "Id": "ParamJXWei3",
      "Segments": [
        0,
        -14,
        2,
        0.1,
        -14,
        1,
        0.167,
        -19.333,
        0.233,
        -24.667,
        0.3,
        -30,
        2,
        0.733,
        -30,
        1,
        0.955,
        -20,
        1.178,
        -10,
        1.4,
        0,
        2,
        1.633,
        0
      ]
    },
    {
      "Target": "Parameter",
      "Id": "ParamJXWei4",
      "Segments": [
        0,
        -7,
        0,
        0.3,
        -30,
        2,
        0.567,
        -30,
        1,
        0.656,
        -10,
        0.744,
        10,
        0.833,
        30,
        2,
        1.133,
        30,
        1,
        1.255,
        20,
        1.378,
        10,
        1.5,
        0,
        2,
        1.633,
        0
      ]
    },
    {
      "Target": "Parameter",
      "Id": "ParamJXWei5",
      "Segments": [
        0,
        -6.165,
        0,
        0.233,
        -30,
        2,
        0.367,
        -30,
        1,
        0.478,
        -10.839,
        0.589,
        8.321,
        0.7,
        27.482,
        2,
        0.967,
        27.482,
        1,
        1.189,
        18.321,
        1.411,
        9.161,
        1.633,
        0
      ]
    },
    {
      "Target": "Parameter",
      "Id": "ParamJXWei6",
      "Segments": [
        0,
        15,
        0,
        0.5,
        27,
        0,
        0.967,
        -7.168,
        0,
        1.633,
        0
      ]
    },
    {
      "Target": "Parameter",
      "Id": "ParamJXWei7",
      "Segments": [
        0,
        8.36,
        0,
        0.3,
        21.527,
        0,
        0.767,
        -8.665,
        0,
        1.633,
        0
      ]
    },
    {
      "Target": "Parameter",
      "Id": "ParamZTX",
      "Segments": [
        0,
        0.756,
        2,
        0.067,
        0.756,
        1,
        0.122,
        0.756,
        0.178,
        0.79,
        0.233,
        1.056,
        1,
        0.266,
        1.216,
        0.3,
        1.596,
        0.333,
        1.596,
        1,
        0.378,
        1.596,
        0.422,
        1.528,
        0.467,
        1.441,
        1,
        0.534,
        1.31,
        0.6,
        1.225,
        0.667,
        1.085,
        1,
        0.722,
        0.968,
        0.778,
        0.856,
        0.833,
        0.638,
        1,
        0.9,
        0.377,
        0.966,
        0,
        1.033,
        0,
        2,
        1.633,
        0
      ]
    },
    {
      "Target": "Parameter",
      "Id": "ParamZTY",
      "Segments": [
        0,
        -9.575,
        2,
        0.333,
        -9.575,
        0,
        0.967,
        0,
        2,
        1.633,
        0
      ]
    },
    {
      "Target": "Parameter",
      "Id": "ParamZTZ",
      "Segments": [
        0,
        9.23,
        0,
        0.1,
        10.434,
        1,
        0.144,
        10.434,
        0.189,
        9.562,
        0.233,
        9.23,
        1,
        0.311,
        8.649,
        0.389,
        8.629,
        0.467,
        7.916,
        1,
        0.567,
        6.999,
        0.667,
        4.353,
        0.767,
        2.331,
        1,
        0.834,
        0.983,
        0.9,
        0,
        0.967,
        0,
        2,
        1.633,
        0
      ]
    },
    {
      "Target": "Parameter",
      "Id": "ParamZTO",
      "Segments": [
        0,
        9.5,
        2,
        0.167,
        9.5,
        1,
        0.267,
        9.5,
        0.367,
        8.109,
        0.467,
        6.243,
        1,
        0.556,
        4.584,
        0.644,
        3.384,
        0.733,
        1.931,
        1,
        0.811,
        0.66,
        0.889,
        0,
        0.967,
        0,
        2,
        1.633,
        0
      ]
    },
    {
      "Target": "Parameter",
      "Id": "ParamBJtoushi",
      "Segments": [
        0,
        30,
        2,
        0.333,
        30,
        0,
        1.033,
        0,
        2,
        1.633,
        0
      ]
    },
    {
      "Target": "Parameter",
      "Id": "Param9",
      "Segments": [
        0,
        0,
        2,
        0.933,
        0,
        0,
        1.067,
        -13,
        0,
        1.4,
        6,
        0,
        1.633,
        0
      ]
    },
    {
      "Target": "Parameter",
      "Id": "ParamOpaishakeX",
      "Segments": [
        0,
        0,
        1,
        0.033,
        0,
        0.067,
        0.42,
        0.1,
        0.866,
        1,
        0.111,
        1,
        0.122,
        1,
        0.133,
        1,
        0,
        0.333,
        -1,
        1,
        0.355,
        -1,
        0.378,
        -1,
        0.4,
        -0.865,
        1,
        0.444,
        -0.535,
        0.489,
        0.711,
        0.533,
        0.866,
        1,
        0.578,
        1,
        0.622,
        1,
        0.667,
        1,
        0,
        0.833,
        -0.865,
        0,
        1.133,
        0.272,
        0,
        1.367,
        -0.093,
        0,
        1.633,
        0
      ]
    },
    {
      "Target": "Parameter",
      "Id": "ParamOpaishakeY",
      "Segments": [
        0,
        -0.159,
        1,
        0.056,
        -0.159,
        0.111,
        -0.16,
        0.167,
        0.074,
        1,
        0.256,
        0.449,
        0.344,
        0.9,
        0.433,
        0.9,
        0,
        0.633,
        -0.027,
        0,
        0.9,
        0.382,
        0,
        1.167,
        -0.159,
        0,
        1.433,
        0.382,
        0,
        1.633,
        0.3
      ]
    },
    {
      "Target": "Parameter",
      "Id": "ParamOpaishakeYB",
      "Segments": [
        0,
        -4.77,
        1,
        0.022,
        -4.77,
        0.045,
        -1.993,
        0.067,
        2.232,
        1,
        0.156,
        19.132,
        0.244,
        27,
        0.333,
        27,
        0,
        0.533,
        -0.804,
        0,
        0.833,
        11.46,
        0,
        1.067,
        -14.547,
        0,
        1.3,
        8.25,
        0,
        1.533,
        -5.853,
        0,
        1.633,
        0
      ]
    },
    {
      "Target": "Parameter",
      "Id": "ParamOpaishakeX2",
      "Segments": [
        0,
        -0.007,
        0,
        0.1,
        -0.444,
        0,
        0.267,
        0.502,
        0,
        0.467,
        -0.771,
        1,
        0.489,
        -0.771,
        0.511,
        -0.815,
        0.533,
        -0.596,
        1,
        0.6,
        0.061,
        0.666,
        0.818,
        0.733,
        0.818,
        0,
        1,
        -0.444,
        0,
        1.233,
        0.382,
        0,
        1.467,
        -0.179,
        0,
        1.633,
        0
      ]
    },
    {
      "Target": "Parameter",
      "Id": "ParamOpaishakeY2",
      "Segments": [
        0,
        -0.159,
        1,
        0.078,
        -0.159,
        0.155,
        -0.09,
        0.233,
        0.074,
        1,
        0.3,
        0.215,
        0.366,
        0.3,
        0.433,
        0.3,
        0,
        0.7,
        -0.027,
        0,
        0.967,
        0.382,
        0,
        1.2,
        -0.348,
        0,
        1.467,
        0.382,
        0,
        1.633,
        0.3
      ]
    },
    {
      "Target": "Parameter",
      "Id": "ParamOpaishakeY2B",
      "Segments": [
        0,
        -4.77,
        1,
        0.044,
        -4.77,
        0.089,
        -4.285,
        0.133,
        2.232,
        1,
        0.222,
        15.266,
        0.311,
        27,
        0.4,
        27,
        0,
        0.6,
        -0.804,
        0,
        0.867,
        11.46,
        0,
        1.1,
        -24.288,
        0,
        1.4,
        8.393,
        0,
        1.633,
        0
      ]
    },
    {
      "Target": "Parameter",
      "Id": "ParamClothes",
      "Segments": [
        0,
        -0.262,
        0,
        0.133,
        -0.093,
        0,
        0.3,
        -0.49,
        1,
        0.356,
        -0.49,
        0.411,
        -0.497,
        0.467,
        -0.398,
        1,
        0.511,
        -0.319,
        0.556,
        0.117,
        0.6,
        0.117,
        0,
        0.867,
        -0.364,
        0,
        1.133,
        -0.234,
        0,
        1.4,
        -0.269,
        0,
        1.633,
        0
      ]
    },
    {
      "Target": "Parameter",
      "Id": "ParamClothesY",
      "Segments": [
        0,
        -0.004,
        0,
        0.133,
        0.739,
        0,
        0.333,
        -1,
        2,
        0.367,
        -1,
        0,
        0.567,
        1,
        2,
        0.633,
        1,
        0,
        0.833,
        -0.577,
        0,
        1.133,
        0.181,
        0,
        1.367,
        -0.062,
        0,
        1.633,
        0
      ]
    },
    {
      "Target": "Parameter",
      "Id": "ParamClothes2Y",
      "Segments": [
        0,
        0.174,
        0,
        0.3,
        0.049,
        0,
        0.533,
        0.195,
        0,
        0.867,
        -0.079,
        0,
        1.233,
        0.028,
        0,
        1.633,
        0
      ]
    },
    {
      "Target": "Parameter",
      "Id": "ParamClothes2",
      "Segments": [
        0,
        -0.006,
        0,
        0.233,
        0.073,
        0,
        0.5,
        -0.108,
        0,
        0.767,
        0.166,
        0,
        1.1,
        -0.087,
        0,
        1.433,
        0.036,
        0,
        1.633,
        0
      ]
    },
    {
      "Target": "Parameter",
      "Id": "ParamPhysics1",
      "Segments": [
        0,
        -7.934,
        0,
        0.133,
        -1.655,
        0,
        0.4,
        -17.252,
        0,
        0.667,
        4.403,
        0,
        0.967,
        -11.992,
        1,
        1.1,
        -11.992,
        1.234,
        -11.068,
        1.367,
        -6.837,
        1,
        1.456,
        -4.017,
        1.544,
        0,
        1.633,
        0
      ]
    },
    {
      "Target": "Parameter",
      "Id": "ParamPhysics2",
      "Segments": [
        0,
        -0.563,
        0,
        0.133,
        -4.268,
        0,
        0.367,
        9.72,
        0,
        0.6,
        -13.962,
        0,
        0.867,
        11.386,
        0,
        1.167,
        -7.235,
        0,
        1.533,
        3.606,
        0,
        1.633,
        0
      ]
    },
    {
      "Target": "Parameter",
      "Id": "ParamPhysics3",
      "Segments": [
        0,
        1.76,
        0,
        0.2,
        -2.306,
        0,
        0.467,
        7.465,
        0,
        0.733,
        -13.004,
        0,
        1,
        14.319,
        0,
        1.333,
        -11.709,
        0,
        1.633,
        0
      ]
    },
    {
      "Target": "Parameter",
      "Id": "ParamPhysics4",
      "Segments": [
        0,
        8.975,
        1,
        0.022,
        8.975,
        0.045,
        0.374,
        0.067,
        -0.031,
        1,
        0.145,
        -1.45,
        0.222,
        -1.78,
        0.3,
        -1.78,
        0,
        0.567,
        6.644,
        0,
        0.833,
        -13.07,
        0,
        1.133,
        17.366,
        0,
        1.467,
        -16.635,
        0,
        1.633,
        0
      ]
    },
    {
      "Target": "Parameter",
      "Id": "Param13",
      "Segments": [
        0,
        15.153,
        0,
        0.133,
        -4.525,
        0,
        0.367,
        11.135,
        0,
        0.6,
        -14.665,
        0,
        0.867,
        11.732,
        0,
        1.167,
        -6.07,
        0,
        1.533,
        2.472,
        0,
        1.633,
        0
      ]
    },
    {
      "Target": "Parameter",
      "Id": "Param14",
      "Segments": [
        0,
        1.811,
        0,
        0.1,
        3.074,
        0,
        0.333,
        -7.214,
        0,
        0.533,
        12.816,
        0,
        0.767,
        -16.531,
        0,
        1.067,
        13.623,
        0,
        1.367,
        -9.158,
        0,
        1.633,
        0
      ]
    },
    {
      "Target": "Parameter",
      "Id": "ParamAngleA1",
      "Segments": [
        0,
        22.73,
        0,
        0.133,
        -6.787,
        0,
        0.367,
        16.702,
        0,
        0.6,
        -21.997,
        0,
        0.867,
        17.598,
        0,
        1.167,
        -9.105,
        0,
        1.5,
        3.578,
        0,
        1.633,
        0
      ]
    },
    {
      "Target": "Parameter",
      "Id": "ParamAngleA2",
      "Segments": [
        0,
        2.717,
        0,
        0.1,
        4.611,
        0,
        0.333,
        -10.821,
        0,
        0.533,
        19.224,
        0,
        0.767,
        -24.797,
        0,
        1.067,
        20.435,
        0,
        1.367,
        -13.737,
        0,
        1.633,
        0
      ]
    },
    {
      "Target": "Parameter",
      "Id": "ParamAngleA3",
      "Segments": [
        0,
        4.743,
        1,
        0.056,
        4.743,
        0.111,
        4.767,
        0.167,
        1.924,
        1,
        0.245,
        -2.057,
        0.322,
        -8.482,
        0.4,
        -8.482,
        0,
        0.667,
        18.996,
        0,
        0.9,
        -26.18,
        0,
        1.2,
        14.843,
        0,
        1.533,
        -12.337,
        0,
        1.633,
        0
      ]
    },
    {
      "Target": "Parameter",
      "Id": "ParamAngleA4",
      "Segments": [
        0,
        -11.706,
        1,
        0.044,
        -11.706,
        0.089,
        -2.987,
        0.133,
        -1.608,
        1,
        0.189,
        0.115,
        0.244,
        0.108,
        0.3,
        0.108,
        0,
        0.5,
        -6.4,
        0,
        0.767,
        19.096,
        0,
        1.067,
        -19.81,
        0,
        1.4,
        14.648,
        0,
        1.633,
        0
      ]
    },
    {
      "Target": "Parameter",
      "Id": "ParamAngleB1",
      "Segments": [
        0,
        22.538,
        1,
        0.033,
        22.538,
        0.067,
        6.623,
        0.1,
        2.907,
        1,
        0.178,
        -5.763,
        0.255,
        -7.333,
        0.333,
        -7.333,
        0,
        0.533,
        14.548,
        0,
        0.8,
        -19.219,
        0,
        1.067,
        16.453,
        0,
        1.367,
        -11.538,
        0,
        1.633,
        0
      ]
    },
    {
      "Target": "Parameter",
      "Id": "ParamAngleB2",
      "Segments": [
        0,
        13.71,
        0,
        0.1,
        -2.284,
        0,
        0.233,
        5.227,
        0,
        0.467,
        -13.252,
        0,
        0.733,
        22.015,
        0,
        0.967,
        -24.671,
        0,
        1.267,
        22.428,
        0,
        1.533,
        -7.707,
        0,
        1.633,
        0
      ]
    },
    {
      "Target": "Parameter",
      "Id": "ParamAngleB3",
      "Segments": [
        0,
        -9,
        1,
        0.044,
        -9,
        0.089,
        -4.256,
        0.133,
        -1.634,
        1,
        0.211,
        2.954,
        0.289,
        3.934,
        0.367,
        3.934,
        0,
        0.6,
        -10.88,
        0,
        0.833,
        20.938,
        0,
        1.1,
        -14.652,
        0,
        1.4,
        12.004,
        0,
        1.633,
        0
      ]
    },
    {
      "Target": "Parameter",
      "Id": "ParamAngleB4",
      "Segments": [
        0,
        21.78,
        0,
        0.3,
        -5.072,
        0,
        0.5,
        2.302,
        0,
        0.7,
        -8.648,
        0,
        0.967,
        23.204,
        0,
        1.233,
        -19.267,
        0,
        1.5,
        9.73,
        0,
        1.633,
        0
      ]
    },
    {
      "Target": "Parameter",
      "Id": "ParamAngleC1",
      "Segments": [
        0,
        21.173,
        1,
        0.033,
        21.173,
        0.067,
        5.938,
        0.1,
        2.649,
        1,
        0.178,
        -5.025,
        0.255,
        -6.394,
        0.333,
        -6.394,
        0,
        0.567,
        10.961,
        0,
        0.8,
        -13.137,
        0,
        1.067,
        10.215,
        0,
        1.367,
        -6.918,
        0,
        1.633,
        0
      ]
    },
    {
      "Target": "Parameter",
      "Id": "ParamAngleC2",
      "Segments": [
        0,
        31,
        0,
        0.1,
        -2.454,
        0,
        0.267,
        5.125,
        0,
        0.5,
        -12.145,
        0,
        0.733,
        18.642,
        0,
        1,
        -19.215,
        0,
        1.267,
        16.82,
        0,
        1.567,
        -8.765,
        0,
        1.633,
        0
      ]
    },
    {
      "Target": "Parameter",
      "Id": "ParamAngleC3",
      "Segments": [
        0,
        0.355,
        0,
        0.133,
        -1.281,
        0,
        0.367,
        4.413,
        0,
        0.6,
        -10.55,
        0,
        0.833,
        17.105,
        0,
        1.133,
        -10.55,
        0,
        1.4,
        10.337,
        0,
        1.633,
        0
      ]
    },
    {
      "Target": "Parameter",
      "Id": "ParamAngleC4",
      "Segments": [
        0,
        1.488,
        0,
        0.067,
        -1.763,
        0,
        0.433,
        3.982,
        0,
        0.7,
        -9.326,
        0,
        0.933,
        16.883,
        0,
        1.2,
        -12.8,
        0,
        1.467,
        8.851,
        0,
        1.633,
        0
      ]
    },
    {
      "Target": "Parameter",
      "Id": "ParamAngleC5",
      "Segments": [
        0,
        1.439,
        0,
        0.1,
        -3.746,
        0,
        0.5,
        4.364,
        0,
        0.767,
        -9.96,
        0,
        1.033,
        18.31,
        0,
        1.3,
        -13.837,
        0,
        1.533,
        6.196,
        0,
        1.633,
        0
      ]
    },
    {
      "Target": "Parameter",
      "Id": "ParamAngleD1",
      "Segments": [
        0,
        4.377,
        1,
        0.033,
        4.377,
        0.067,
        3.249,
        0.1,
        1.597,
        1,
        0.189,
        -2.809,
        0.278,
        -4.759,
        0.367,
        -4.759,
        0,
        0.6,
        8.459,
        0,
        0.867,
        -9.793,
        0,
        1.167,
        8.975,
        0,
        1.467,
        -4.759,
        0,
        1.633,
        0
      ]
    },
    {
      "Target": "Parameter",
      "Id": "ParamAngleD2",
      "Segments": [
        0,
        22.823,
        1,
        0.067,
        22.823,
        0.133,
        20.116,
        0.2,
        13.771,
        1,
        0.244,
        9.542,
        0.289,
        4.591,
        0.333,
        0,
        1,
        0.378,
        -4.591,
        0.422,
        -6.886,
        0.467,
        -6.886,
        0,
        0.767,
        11.419,
        0,
        1.067,
        -12.905,
        0,
        1.367,
        12.455,
        0,
        1.633,
        0
      ]
    },
    {
      "Target": "Parameter",
      "Id": "ParamAngleD3",
      "Segments": [
        0,
        0.355,
        0,
        0.167,
        -1.369,
        0,
        0.4,
        3.241,
        0,
        0.633,
        -7.676,
        0,
        0.9,
        13.14,
        0,
        1.167,
        -8.718,
        0,
        1.467,
        6.279,
        0,
        1.633,
        0
      ]
    },
    {
      "Target": "Parameter",
      "Id": "ParamAngleD4",
      "Segments": [
        0,
        1.488,
        0,
        0.2,
        -2.694,
        0,
        0.5,
        3.666,
        0,
        0.733,
        -7.239,
        0,
        1,
        12.854,
        0,
        1.267,
        -10.038,
        0,
        1.467,
        4.789,
        0,
        1.633,
        0
      ]
    },
    {
      "Target": "Parameter",
      "Id": "ParamAngleD5",
      "Segments": [
        0,
        1.439,
        0,
        0.233,
        -4.859,
        0,
        0.567,
        4.95,
        0,
        0.833,
        -8.468,
        0,
        1.067,
        9.084,
        0,
        1.4,
        -13.939,
        0,
        1.633,
        0
      ]
    },
    {
      "Target": "Parameter",
      "Id": "ParamAngleE1",
      "Segments": [
        0,
        26,
        1,
        0.067,
        26,
        0.133,
        3.679,
        0.2,
        0.652,
        1,
        0.278,
        -2.88,
        0.355,
        -2.77,
        0.433,
        -2.77,
        0,
        0.7,
        6.219,
        0,
        1,
        -8.883,
        0,
        1.3,
        9.805,
        0,
        1.633,
        0
      ]
    },
    {
      "Target": "Parameter",
      "Id": "ParamAngleE2",
      "Segments": [
        0,
        15.699,
        0,
        0.167,
        -1.541,
        0,
        0.4,
        3.081,
        0,
        0.633,
        -7.385,
        0,
        0.9,
        13.187,
        0,
        1.167,
        -17.626,
        0,
        1.5,
        8.604,
        0,
        1.633,
        0
      ]
    },
    {
      "Target": "Parameter",
      "Id": "ParamAngleE3",
      "Segments": [
        0,
        -1.257,
        0,
        0.267,
        -2.39,
        0,
        0.5,
        3.098,
        0,
        0.767,
        -7.466,
        0,
        1,
        14.626,
        0,
        1.3,
        -12.829,
        1,
        1.367,
        -12.829,
        1.433,
        -6.169,
        1.5,
        -2.39,
        1,
        1.544,
        0.13,
        1.589,
        0,
        1.633,
        0
      ]
    },
    {
      "Target": "Parameter",
      "Id": "ParamAngleE4",
      "Segments": [
        0,
        -10.198,
        1,
        0.1,
        -10.198,
        0.2,
        -10.29,
        0.3,
        -7.217,
        1,
        0.4,
        -4.144,
        0.5,
        6.403,
        0.6,
        6.403,
        0,
        0.833,
        -8.919,
        0,
        1.1,
        16.878,
        0,
        1.367,
        -15.915,
        1,
        1.422,
        -15.915,
        1.478,
        -11.815,
        1.533,
        -5.252,
        1,
        1.566,
        -1.314,
        1.6,
        0,
        1.633,
        0
      ]
    },
    {
      "Target": "Parameter",
      "Id": "ParamGangSheng1",
      "Segments": [
        0,
        -0.002,
        0,
        0.133,
        4.625,
        0,
        0.367,
        -7.975,
        0,
        0.633,
        9.5,
        0,
        0.833,
        -4.391,
        0,
        1.133,
        1.177,
        0,
        1.4,
        -0.32,
        0,
        1.567,
        0,
        2,
        1.633,
        0
      ]
    },
    {
      "Target": "Parameter",
      "Id": "ParamGangSheng2",
      "Segments": [
        0,
        0.122,
        0,
        0.1,
        -4.102,
        0,
        0.333,
        7.711,
        0,
        0.533,
        -12.186,
        0,
        0.767,
        14.619,
        0,
        1,
        -8.748,
        0,
        1.233,
        3.857,
        0,
        1.5,
        -1.49,
        0,
        1.633,
        0
      ]
    },
    {
      "Target": "Parameter",
      "Id": "ParamGangSheng3",
      "Segments": [
        0,
        0.627,
        0,
        0.167,
        -2.813,
        0,
        0.4,
        7.999,
        0,
        0.6,
        -13.597,
        0,
        0.833,
        16.106,
        0,
        1.1,
        -12.033,
        0,
        1.367,
        6.74,
        0,
        1.633,
        0
      ]
    },
    {
      "Target": "Parameter",
      "Id": "ParamGangSheng4",
      "Segments": [
        0,
        -0.01,
        0,
        0.233,
        -2.342,
        0,
        0.467,
        8.205,
        0,
        0.7,
        -15.252,
        0,
        0.933,
        18.828,
        0,
        1.2,
        -15.724,
        0,
        1.467,
        10.335,
        0,
        1.633,
        0
      ]
    },
    {
      "Target": "Parameter",
      "Id": "ParamGangSheng5",
      "Segments": [
        0,
        -4.358,
        1,
        0.1,
        -4.358,
        0.2,
        -4.339,
        0.3,
        -2.121,
        1,
        0.378,
        -0.396,
        0.455,
        8.21,
        0.533,
        8.21,
        0,
        0.767,
        -16.681,
        0,
        1,
        21.383,
        0,
        1.267,
        -19.412,
        0,
        1.567,
        14.384,
        0,
        1.633,
        0
      ]
    },
    {
      "Target": "Parameter",
      "Id": "ParamGangSheng6",
      "Segments": [
        0,
        -8.16,
        0,
        0.067,
        0.033,
        0,
        0.333,
        -1.986,
        0,
        0.6,
        8.265,
        0,
        0.833,
        -17.819,
        0,
        1.067,
        23.745,
        0,
        1.367,
        -23.579,
        0,
        1.633,
        0
      ]
    },
    {
      "Target": "Parameter",
      "Id": "ParamJXSheng2",
      "Segments": [
        0,
        0.01,
        0,
        0.233,
        2.342,
        0,
        0.467,
        -8.205,
        0,
        0.7,
        15.252,
        0,
        0.933,
        -18.828,
        0,
        1.2,
        15.724,
        0,
        1.467,
        -10.335,
        0,
        1.633,
        0
      ]
    },
    {
      "Target": "Parameter",
      "Id": "ParamJXSheng1",
      "Segments": [
        0,
        0.627,
        0,
        0.167,
        -2.813,
        0,
        0.4,
        7.999,
        0,
        0.6,
        -13.597,
        0,
        0.833,
        16.106,
        0,
        1.1,
        -12.033,
        0,
        1.367,
        6.74,
        0,
        1.633,
        0
      ]
    },
    {
      "Target": "Parameter",
      "Id": "ParamUI1",
      "Segments": [
        0,
        0.5,
        2,
        0.067,
        0.5,
        0,
        0.167,
        0.392,
        1,
        0.2,
        0.392,
        0.234,
        0.415,
        0.267,
        0.5,
        1,
        0.278,
        0.528,
        0.289,
        0.663,
        0.3,
        0.694,
        1,
        0.378,
        0.913,
        0.455,
        1,
        0.533,
        1,
        2,
        0.667,
        1,
        2,
        0.7,
        0,
        2,
        1.633,
        0
      ]
    },
    {
      "Target": "Parameter",
      "Id": "ParamUITouming",
      "Segments": [
        0,
        0.6,
        0,
        0.1,
        0,
        2,
        0.3,
        0,
        0,
        0.433,
        1,
        2,
        0.667,
        1,
        2,
        0.7,
        0,
        2,
        1.633,
        0
      ]
    },
    {
      "Target": "Parameter",
      "Id": "ParamUIZ",
      "Segments": [
        0,
        30,
        2,
        0.2,
        30,
        0,
        0.567,
        0,
        2,
        0.667,
        0,
        2,
        1.633,
        0
      ]
    },
    {
      "Target": "Parameter",
      "Id": "ParamUIXD",
      "Segments": [
        0,
        0,
        0,
        0.2,
        1,
        2,
        0.667,
        1,
        2,
        1.633,
        1
      ]
    },
    {
      "Target": "Parameter",
      "Id": "ParamAngleX",
      "Segments": [
        0,
        0,
        0,
        1.633,
        0
      ]
    },
    {
      "Target": "Parameter",
      "Id": "ParamEyeLOpen",
      "Segments": [
        0,
        1,
        0,
        1.633,
        1
      ]
    },
    {
      "Target": "Parameter",
      "Id": "ParamEyeROpen",
      "Segments": [
        0,
        1,
        0,
        1.633,
        1
      ]
    },
    {
      "Target": "Parameter",
      "Id": "ParamEyeS",
      "Segments": [
        0,
        0,
        0,
        1.633,
        0
      ]
    },
    {
      "Target": "Parameter",
      "Id": "ParamEyeBallX",
      "Segments": [
        0,
        0,
        0,
        1.633,
        0
      ]
    },
    {
      "Target": "Parameter",
      "Id": "ParamEyeBallY",
      "Segments": [
        0,
        0,
        0,
        1.633,
        0
      ]
    },
    {
      "Target": "Parameter",
      "Id": "ParamParamBrowLY",
      "Segments": [
        0,
        0,
        0,
        1.633,
        0
      ]
    },
    {
      "Target": "Parameter",
      "Id": "ParamBrowLAngle",
      "Segments": [
        0,
        0,
        0,
        1.633,
        0
      ]
    },
    {
      "Target": "Parameter",
      "Id": "ParamBrowLForm",
      "Segments": [
        0,
        0,
        0,
        1.633,
        0
      ]
    },
    {
      "Target": "Parameter",
      "Id": "ParamParamBrowRY",
      "Segments": [
        0,
        0,
        0,
        1.633,
        0
      ]
    },
    {
      "Target": "Parameter",
      "Id": "ParamBrowRAngle",
      "Segments": [
        0,
        0,
        0,
        1.633,
        0
      ]
    },
    {
      "Target": "Parameter",
      "Id": "ParamBrowRForm",
      "Segments": [
        0,
        0,
        0,
        1.633,
        0
      ]
    },
    {
      "Target": "Parameter",
      "Id": "ParamMouthOpenY",
      "Segments": [
        0,
        0,
        0,
        1.633,
        0
      ]
    },
    {
      "Target": "Parameter",
      "Id": "ParamMouthForm",
      "Segments": [
        0,
        0,
        0,
        1.633,
        0
      ]
    },
    {
      "Target": "Parameter",
      "Id": "ParamMouthX",
      "Segments": [
        0,
        0,
        0,
        1.633,
        0
      ]
    },
    {
      "Target": "Parameter",
      "Id": "ParamCheek2",
      "Segments": [
        0,
        0,
        0,
        1.633,
        0
      ]
    },
    {
      "Target": "Parameter",
      "Id": "ParamCheek3",
      "Segments": [
        0,
        0,
        0,
        1.633,
        0
      ]
    },
    {
      "Target": "Parameter",
      "Id": "ParamCheek4",
      "Segments": [
        0,
        0,
        0,
        1.633,
        0
      ]
    },
    {
      "Target": "Parameter",
      "Id": "ParamCheek",
      "Segments": [
        0,
        0,
        0,
        1.633,
        0
      ]
    },
    {
      "Target": "Parameter",
      "Id": "ParamCheek5",
      "Segments": [
        0,
        0,
        0,
        1.633,
        0
      ]
    },
    {
      "Target": "Parameter",
      "Id": "ParamJy",
      "Segments": [
        0,
        0,
        0,
        1.633,
        0
      ]
    },
    {
      "Target": "Parameter",
      "Id": "ParamCheek6",
      "Segments": [
        0,
        0,
        0,
        1.633,
        0
      ]
    },
    {
      "Target": "Parameter",
      "Id": "ParamLjian",
      "Segments": [
        0,
        0,
        0,
        1.633,
        0
      ]
    },
    {
      "Target": "Parameter",
      "Id": "ParamFoot1",
      "Segments": [
        0,
        0,
        0,
        1.633,
        0
      ]
    },
    {
      "Target": "Parameter",
      "Id": "ParamFoot2",
      "Segments": [
        0,
        0,
        0,
        1.633,
        0
      ]
    },
    {
      "Target": "Parameter",
      "Id": "ParamHuXi2",
      "Segments": [
        0,
        0,
        0,
        1.633,
        0
      ]
    },
    {
      "Target": "Parameter",
      "Id": "Param4",
      "Segments": [
        0,
        0,
        0,
        1.633,
        0
      ]
    },
    {
      "Target": "Parameter",
      "Id": "ParamLArmAB",
      "Segments": [
        0,
        0,
        0,
        1.633,
        0
      ]
    },
    {
      "Target": "Parameter",
      "Id": "Param15",
      "Segments": [
        0,
        0,
        0,
        1.633,
        0
      ]
    },
    {
      "Target": "Parameter",
      "Id": "Param17",
      "Segments": [
        0,
        0,
        0,
        1.633,
        0
      ]
    },
    {
      "Target": "Parameter",
      "Id": "Param3",
      "Segments": [
        0,
        0,
        0,
        1.633,
        0
      ]
    },
    {
      "Target": "Parameter",
      "Id": "Param7",
      "Segments": [
        0,
        0,
        0,
        1.633,
        0
      ]
    },
    {
      "Target": "Parameter",
      "Id": "Param",
      "Segments": [
        0,
        0,
        0,
        1.633,
        0
      ]
    },
    {
      "Target": "Parameter",
      "Id": "Param2",
      "Segments": [
        0,
        0,
        0,
        1.633,
        0
      ]
    },
    {
      "Target": "Parameter",
      "Id": "Param8",
      "Segments": [
        0,
        0,
        0,
        1.633,
        0
      ]
    },
    {
      "Target": "Parameter",
      "Id": "ParamLHandZ",
      "Segments": [
        0,
        0,
        0,
        1.633,
        0
      ]
    },
    {
      "Target": "Parameter",
      "Id": "ParamLHandX",
      "Segments": [
        0,
        0,
        0,
        1.633,
        0
      ]
    },
    {
      "Target": "Parameter",
      "Id": "ParamLHand1",
      "Segments": [
        0,
        0,
        0,
        1.633,
        0
      ]
    },
    {
      "Target": "Parameter",
      "Id": "ParamLHand2",
      "Segments": [
        0,
        0,
        0,
        1.633,
        0
      ]
    },
    {
      "Target": "Parameter",
      "Id": "ParamLHand34",
      "Segments": [
        0,
        0,
        0,
        1.633,
        0
      ]
    },
    {
      "Target": "Parameter",
      "Id": "ParamLHand5",
      "Segments": [
        0,
        0,
        0,
        1.633,
        0
      ]
    },
    {
      "Target": "Parameter",
      "Id": "ParamLHandWater",
      "Segments": [
        0,
        0,
        0,
        1.633,
        0
      ]
    },
    {
      "Target": "Parameter",
      "Id": "Param16",
      "Segments": [
        0,
        0,
        0,
        1.633,
        0
      ]
    },
    {
      "Target": "Parameter",
      "Id": "ParamLHandWater1",
      "Segments": [
        0,
        0,
        0,
        1.633,
        0
      ]
    },
    {
      "Target": "Parameter",
      "Id": "ParamLHandWater2",
      "Segments": [
        0,
        0,
        0,
        1.633,
        0
      ]
    },
    {
      "Target": "Parameter",
      "Id": "ParamRArmDB",
      "Segments": [
        0,
        0,
        0,
        1.633,
        0
      ]
    },
    {
      "Target": "Parameter",
      "Id": "ParamHQiangY",
      "Segments": [
        0,
        0,
        0,
        1.633,
        0
      ]
    },
    {
      "Target": "Parameter",
      "Id": "ParamJXWei",
      "Segments": [
        0,
        0,
        0,
        1.633,
        0
      ]
    },
    {
      "Target": "Parameter",
      "Id": "ParamWhite1",
      "Segments": [
        0,
        0,
        0,
        1.633,
        0
      ]
    },
    {
      "Target": "Parameter",
      "Id": "ParamBlack0",
      "Segments": [
        0,
        1,
        0,
        1.633,
        1
      ]
    },
    {
      "Target": "Parameter",
      "Id": "ParamBlack1",
      "Segments": [
        0,
        0,
        0,
        1.633,
        0
      ]
    },
    {
      "Target": "Parameter",
      "Id": "ParamBlack2",
      "Segments": [
        0,
        0,
        0,
        1.633,
        0
      ]
    },
    {
      "Target": "Parameter",
      "Id": "ParamOpaishakeXB",
      "Segments": [
        0,
        0,
        0,
        1.633,
        0
      ]
    },
    {
      "Target": "Parameter",
      "Id": "ParamOpaishakeX2B",
      "Segments": [
        0,
        0,
        0,
        1.633,
        0
      ]
    },
    {
      "Target": "Parameter",
      "Id": "Param11",
      "Segments": [
        0,
        0,
        0,
        1.633,
        0
      ]
    },
    {
      "Target": "Parameter",
      "Id": "Param12",
      "Segments": [
        0,
        0,
        0,
        1.633,
        0
      ]
    },
    {
      "Target": "Parameter",
      "Id": "Param5",
      "Segments": [
        0,
        0,
        0,
        1.633,
        0
      ]
    },
    {
      "Target": "Parameter",
      "Id": "Param6",
      "Segments": [
        0,
        0,
        0,
        1.633,
        0
      ]
    }
  ],
  "UserData": [
    {
      "Time": 0.0,
      "Value": "soundFx_1018_sfx_1"
    },
    {
      "Time": 0.0,
      "Value": ""
    }
  ]
}