{
  "Version": 3,
  "Meta": {
    "Duration": 2.47,
    "Fps": 30.0,
    "Loop": true,
    "AreBeziersRestricted": true,
    "CurveCount": 129,
    "TotalSegmentCount": 743,
    "TotalPointCount": 1033,
    "UserDataCount": 2,
    "TotalUserDataSize": 22
  },
  "Curves": [
    {
      "Target": "Parameter",
      "Id": "ParamAngleX",
      "Segments": [
        0,
        0,
        0,
        0.333,
        -7,
        1,
        0.4,
        -7,
        0.466,
        6.819,
        0.533,
        11,
        1,
        0.611,
        15.878,
        0.689,
        16,
        0.767,
        16,
        0,
        1.3,
        11,
        0,
        1.567,
        14.879,
        1,
        1.689,
        14.879,
        1.811,
        14.54,
        1.933,
        10.173,
        1,
        2.022,
        6.997,
        2.111,
        -3.306,
        2.2,
        -3.306,
        0,
        2.467,
        0
      ]
    },
    {
      "Target": "Parameter",
      "Id": "ParamAngleY",
      "Segments": [
        0,
        0,
        0,
        0.333,
        5,
        1,
        0.4,
        5,
        0.466,
        -14.933,
        0.533,
        -22,
        1,
        0.578,
        -26.711,
        0.622,
        -26,
        0.667,
        -26,
        0,
        1.3,
        -22,
        0,
        1.633,
        -28,
        1,
        1.733,
        -28,
        1.833,
        -26.602,
        1.933,
        -16.123,
        1,
        2,
        -9.137,
        2.066,
        6.867,
        2.133,
        6.867,
        0,
        2.467,
        0
      ]
    },
    {
      "Target": "Parameter",
      "Id": "ParamAngleZ",
      "Segments": [
        0,
        0,
        0,
        0.167,
        3.394,
        0,
        0.367,
        -5,
        0,
        0.533,
        0,
        1,
        0.666,
        0,
        0.8,
        -0.261,
        0.933,
        -1.262,
        1,
        1.055,
        -2.179,
        1.178,
        -3,
        1.3,
        -3,
        0,
        1.6,
        1.844,
        0,
        2.133,
        -2.717,
        0,
        2.467,
        0
      ]
    },
    {
      "Target": "Parameter",
      "Id": "ParamEyeLOpen",
      "Segments": [
        0,
        1,
        0,
        0.3,
        1.1,
        1,
        0.333,
        1.1,
        0.367,
        1.087,
        0.4,
        1,
        1,
        0.411,
        0.971,
        0.422,
        0,
        0.433,
        0,
        1,
        0.444,
        0,
        0.456,
        0.807,
        0.467,
        0.9,
        1,
        0.489,
        1.085,
        0.511,
        1.1,
        0.533,
        1.1,
        2,
        1.3,
        1.1,
        0,
        1.4,
        0,
        1,
        1.489,
        0,
        1.578,
        1.036,
        1.667,
        1.1,
        1,
        1.811,
        1.204,
        1.956,
        1.2,
        2.1,
        1.2,
        0,
        2.467,
        1
      ]
    },
    {
      "Target": "Parameter",
      "Id": "ParamEyeROpen",
      "Segments": [
        0,
        1,
        0,
        0.3,
        1.3,
        1,
        0.333,
        1.3,
        0.367,
        1.254,
        0.4,
        1,
        1,
        0.411,
        0.915,
        0.422,
        0,
        0.433,
        0,
        1,
        0.444,
        0,
        0.456,
        0.784,
        0.467,
        1,
        1,
        0.489,
        1.432,
        0.511,
        1.5,
        0.533,
        1.5,
        2,
        1.3,
        1.5,
        0,
        1.4,
        0,
        1,
        1.489,
        0,
        1.578,
        1.136,
        1.667,
        1.2,
        1,
        1.811,
        1.304,
        1.956,
        1.3,
        2.1,
        1.3,
        0,
        2.467,
        1
      ]
    },
    {
      "Target": "Parameter",
      "Id": "ParamEyeBallX",
      "Segments": [
        0,
        0,
        1,
        0.056,
        0,
        0.111,
        -0.003,
        0.167,
        -0.2,
        1,
        0.211,
        -0.358,
        0.256,
        -0.8,
        0.3,
        -0.8,
        0,
        0.533,
        -0.7,
        2,
        0.767,
        -0.7,
        0,
        0.933,
        -0.6,
        2,
        1.3,
        -0.6,
        0,
        2.467,
        0
      ]
    },
    {
      "Target": "Parameter",
      "Id": "ParamEyeBallY",
      "Segments": [
        0,
        0,
        0,
        0.167,
        0.4,
        0,
        0.3,
        0,
        0,
        0.533,
        0.5,
        2,
        0.767,
        0.5,
        0,
        0.933,
        0.4,
        2,
        1.3,
        0.4,
        0,
        1.5,
        -0.3,
        0,
        1.8,
        0.1,
        0,
        2.133,
        -0.3,
        0,
        2.467,
        0
      ]
    },
    {
      "Target": "Parameter",
      "Id": "ParamBrowLAngle",
      "Segments": [
        0,
        0,
        1,
        0.178,
        0,
        0.355,
        0.144,
        0.533,
        0.167,
        1,
        0.789,
        0.201,
        1.044,
        0.2,
        1.3,
        0.2,
        0,
        2.467,
        0
      ]
    },
    {
      "Target": "Parameter",
      "Id": "ParamBrowLForm",
      "Segments": [
        0,
        0,
        0,
        0.533,
        -0.785,
        2,
        1.3,
        -0.785,
        0,
        2.467,
        0
      ]
    },
    {
      "Target": "Parameter",
      "Id": "ParamBrowRAngle",
      "Segments": [
        0,
        0,
        1,
        0.178,
        0,
        0.355,
        0.321,
        0.533,
        0.354,
        1,
        0.789,
        0.403,
        1.044,
        0.4,
        1.3,
        0.4,
        0,
        2.467,
        0
      ]
    },
    {
      "Target": "Parameter",
      "Id": "ParamBrowRForm",
      "Segments": [
        0,
        0,
        0,
        0.533,
        -0.785,
        2,
        1.3,
        -0.785,
        0,
        1.667,
        0,
        2,
        2.467,
        0
      ]
    },
    {
      "Target": "Parameter",
      "Id": "ParamMouthOpenY",
      "Segments": [
        0,
        0,
        0,
        0.267,
        0.4,
        2,
        0.3,
        0.4,
        1,
        0.311,
        0.4,
        0.322,
        0.481,
        0.333,
        0.5,
        1,
        0.4,
        0.612,
        0.466,
        0.675,
        0.533,
        0.8,
        1,
        0.578,
        0.883,
        0.622,
        1,
        0.667,
        1,
        2,
        1.267,
        1,
        1,
        1.334,
        1,
        1.4,
        0.262,
        1.467,
        0.2,
        1,
        1.656,
        0.025,
        1.844,
        0,
        2.033,
        0,
        2,
        2.467,
        0
      ]
    },
    {
      "Target": "Parameter",
      "Id": "ParamMouthForm",
      "Segments": [
        0,
        0,
        0,
        0.533,
        -1,
        2,
        1.3,
        -1,
        1,
        1.433,
        -1,
        1.567,
        -0.963,
        1.7,
        -0.9,
        1,
        1.811,
        -0.847,
        1.922,
        -0.849,
        2.033,
        -0.751,
        1,
        2.178,
        -0.625,
        2.322,
        0,
        2.467,
        0
      ]
    },
    {
      "Target": "Parameter",
      "Id": "ParamCheek",
      "Segments": [
        0,
        0,
        0,
        0.533,
        0.4,
        2,
        1.3,
        0.4,
        0,
        2.467,
        0
      ]
    },
    {
      "Target": "Parameter",
      "Id": "ParamHeadX",
      "Segments": [
        0,
        0,
        0,
        0.533,
        -2,
        0,
        1.3,
        0,
        2,
        2.467,
        0
      ]
    },
    {
      "Target": "Parameter",
      "Id": "ParamHeadY",
      "Segments": [
        0,
        0,
        0,
        0.2,
        4.387,
        1,
        0.311,
        4.387,
        0.422,
        -12.463,
        0.533,
        -14,
        1,
        0.789,
        -17.536,
        1.044,
        -18,
        1.3,
        -18,
        0,
        2.467,
        0
      ]
    },
    {
      "Target": "Parameter",
      "Id": "ParamBodyAngleY",
      "Segments": [
        0,
        0,
        0,
        0.533,
        -10,
        2,
        1.3,
        -10,
        0,
        2,
        2,
        0,
        2.467,
        0
      ]
    },
    {
      "Target": "Parameter",
      "Id": "ParamBodyAngleZ",
      "Segments": [
        0,
        0,
        0,
        0.2,
        -1,
        1,
        0.311,
        -1,
        0.422,
        1.61,
        0.533,
        2,
        1,
        0.789,
        2.896,
        1.044,
        3,
        1.3,
        3,
        1,
        1.444,
        3,
        1.589,
        2.867,
        1.733,
        2.358,
        1,
        1.822,
        2.045,
        1.911,
        1.404,
        2,
        1,
        1,
        2.156,
        0.293,
        2.311,
        0,
        2.467,
        0
      ]
    },
    {
      "Target": "Parameter",
      "Id": "ParamHipX",
      "Segments": [
        0,
        0,
        0,
        0.2,
        3.373,
        0,
        0.633,
        -16,
        0,
        0.867,
        -11.553,
        0,
        1.3,
        -14.11,
        2,
        1.5,
        -14.11,
        0,
        1.633,
        -16,
        1,
        1.689,
        -16,
        1.744,
        -14.863,
        1.8,
        -11.553,
        1,
        1.922,
        -4.27,
        2.045,
        0,
        2.167,
        0,
        2,
        2.467,
        0
      ]
    },
    {
      "Target": "Parameter",
      "Id": "ParamHipY",
      "Segments": [
        0,
        0,
        0,
        0.2,
        -5,
        1,
        0.311,
        -5,
        0.422,
        3.355,
        0.533,
        12,
        1,
        0.589,
        16.323,
        0.644,
        16.532,
        0.7,
        16.532,
        0,
        0.9,
        12,
        0,
        1.3,
        13.839,
        0,
        1.467,
        12,
        0,
        1.567,
        15.42,
        1,
        1.622,
        15.42,
        1.678,
        15.492,
        1.733,
        14.4,
        1,
        1.833,
        12.434,
        1.933,
        8.349,
        2.033,
        5.106,
        1,
        2.133,
        1.863,
        2.233,
        0,
        2.333,
        0,
        2,
        2.467,
        0
      ]
    },
    {
      "Target": "Parameter",
      "Id": "ParamLjian",
      "Segments": [
        0,
        0,
        0,
        0.233,
        16,
        0,
        0.533,
        -30,
        2,
        1.3,
        -30,
        0,
        2.467,
        0
      ]
    },
    {
      "Target": "Parameter",
      "Id": "ParamRjian",
      "Segments": [
        0,
        0,
        0,
        0.233,
        16,
        0,
        0.533,
        -30,
        2,
        1.3,
        -30,
        0,
        2.467,
        0
      ]
    },
    {
      "Target": "Parameter",
      "Id": "ParamLegZ",
      "Segments": [
        0,
        0,
        2,
        0.267,
        0,
        1,
        0.367,
        0,
        0.467,
        0.888,
        0.567,
        1.234,
        1,
        0.667,
        1.58,
        0.767,
        1.564,
        0.867,
        1.564,
        2,
        1.6,
        1.564,
        1,
        1.711,
        1.564,
        1.822,
        0.791,
        1.933,
        0.313,
        1,
        2.011,
        0,
        2.089,
        0,
        2.167,
        0,
        2,
        2.467,
        0
      ]
    },
    {
      "Target": "Parameter",
      "Id": "ParamFoot1",
      "Segments": [
        0,
        0,
        2,
        0.133,
        0,
        0,
        0.3,
        -8,
        0,
        0.533,
        0,
        2,
        1.3,
        0,
        2,
        2.467,
        0
      ]
    },
    {
      "Target": "Parameter",
      "Id": "ParamFoot2",
      "Segments": [
        0,
        0,
        0,
        0.2,
        12,
        0,
        0.4,
        -22.303,
        0,
        0.733,
        6.092,
        0,
        1.3,
        0,
        2,
        2.467,
        0
      ]
    },
    {
      "Target": "Parameter",
      "Id": "ParamHuXi2",
      "Segments": [
        0,
        0,
        0,
        0.2,
        1,
        0,
        0.533,
        0,
        2,
        1.3,
        0,
        0,
        1.9,
        0.734,
        0,
        2.467,
        0
      ]
    },
    {
      "Target": "Parameter",
      "Id": "ParamRArmDB",
      "Segments": [
        0,
        0,
        1,
        0.078,
        0,
        0.155,
        0.014,
        0.233,
        0.1,
        1,
        0.278,
        0.149,
        0.322,
        0.286,
        0.367,
        0.4,
        1,
        0.378,
        0.429,
        0.389,
        0.533,
        0.4,
        0.6,
        1,
        0.444,
        0.867,
        0.489,
        1,
        0.533,
        1,
        2,
        1.733,
        1,
        1,
        1.811,
        1,
        1.889,
        0.882,
        1.967,
        0.6,
        1,
        1.978,
        0.56,
        1.989,
        0.42,
        2,
        0.4,
        1,
        2.156,
        0.12,
        2.311,
        0,
        2.467,
        0
      ]
    },
    {
      "Target": "Parameter",
      "Id": "ParamArmRY",
      "Segments": [
        0,
        0,
        0,
        0.533,
        -10,
        2,
        1.3,
        -10,
        0,
        2.467,
        0
      ]
    },
    {
      "Target": "Parameter",
      "Id": "ParamArmR",
      "Segments": [
        0,
        0,
        0,
        0.133,
        -6,
        1,
        0.266,
        -6,
        0.4,
        3.492,
        0.533,
        4,
        1,
        0.789,
        4.975,
        1.044,
        4.901,
        1.3,
        6,
        1,
        1.5,
        6.86,
        1.7,
        15,
        1.9,
        15,
        0,
        2.2,
        -4.613,
        0,
        2.467,
        0
      ]
    },
    {
      "Target": "Parameter",
      "Id": "ParamArmR1Z",
      "Segments": [
        0,
        0,
        0,
        0.333,
        -30,
        1,
        0.344,
        -30,
        0.356,
        -29.812,
        0.367,
        -28.3,
        1,
        0.378,
        -26.788,
        0.389,
        -23.394,
        0.4,
        -21.2,
        1,
        0.411,
        -19.006,
        0.422,
        -17.565,
        0.433,
        -15.06,
        1,
        0.444,
        -12.555,
        0.456,
        -7.346,
        0.467,
        -5.279,
        1,
        0.489,
        -1.145,
        0.511,
        0,
        0.533,
        0,
        2,
        1.3,
        0,
        1,
        1.4,
        0,
        1.5,
        -0.171,
        1.6,
        4.208,
        1,
        1.7,
        8.587,
        1.8,
        26,
        1.9,
        26,
        0,
        1.967,
        17,
        0,
        2,
        23.85,
        1,
        2.011,
        23.85,
        2.022,
        16.338,
        2.033,
        11.771,
        1,
        2.044,
        7.204,
        2.056,
        2.771,
        2.067,
        2.104,
        1,
        2.156,
        -3.231,
        2.244,
        -5.279,
        2.333,
        -5.279,
        0,
        2.467,
        0
      ]
    },
    {
      "Target": "Parameter",
      "Id": "ParamRHand",
      "Segments": [
        0,
        0,
        0,
        0.133,
        6,
        1,
        0.178,
        6,
        0.222,
        -4.861,
        0.267,
        -15,
        1,
        0.289,
        -20.069,
        0.311,
        -21.473,
        0.333,
        -25,
        1,
        0.344,
        -26.764,
        0.356,
        -28,
        0.367,
        -28,
        1,
        0.378,
        -28,
        0.389,
        -28.073,
        0.4,
        -27,
        1,
        0.411,
        -25.927,
        0.422,
        -17.22,
        0.433,
        -15,
        1,
        0.455,
        -10.56,
        0.478,
        -7.898,
        0.5,
        -4,
        1,
        0.556,
        5.745,
        0.611,
        11,
        0.667,
        11,
        2,
        0.8,
        11,
        2,
        1.3,
        11,
        1,
        1.389,
        11,
        1.478,
        10.975,
        1.567,
        9.54,
        1,
        1.622,
        8.643,
        1.678,
        -9,
        1.733,
        -9,
        1,
        1.766,
        -9,
        1.8,
        0.18,
        1.833,
        11,
        1,
        1.878,
        25.426,
        1.922,
        30,
        1.967,
        30,
        2,
        2.1,
        30,
        0,
        2.367,
        -4,
        0,
        2.467,
        0
      ]
    },
    {
      "Target": "Parameter",
      "Id": "ParamRHandZ2",
      "Segments": [
        0,
        0,
        2,
        0.167,
        0,
        1,
        0.211,
        0,
        0.256,
        -10.42,
        0.3,
        -23,
        1,
        0.322,
        -29.29,
        0.345,
        -30,
        0.367,
        -30,
        1,
        0.389,
        -30,
        0.411,
        -24.114,
        0.433,
        -14,
        1,
        0.466,
        1.171,
        0.5,
        8,
        0.533,
        8,
        0,
        0.733,
        -10.065,
        0,
        1.067,
        8.313,
        0,
        1.4,
        -0.93,
        0,
        1.567,
        2.259,
        0,
        1.667,
        -4.125,
        0,
        1.8,
        16,
        0,
        1.9,
        2.259,
        0,
        2.1,
        29.838,
        0,
        2.3,
        -14,
        0,
        2.467,
        0
      ]
    },
    {
      "Target": "Parameter",
      "Id": "ParamHQiang",
      "Segments": [
        0,
        0,
        0,
        0.433,
        -22,
        0,
        0.933,
        10.853,
        0,
        1.3,
        -6.837,
        0,
        1.9,
        2.089,
        0,
        2.467,
        0
      ]
    },
    {
      "Target": "Parameter",
      "Id": "ParamJXWei1",
      "Segments": [
        0,
        0,
        1,
        0.056,
        2.144,
        0.111,
        4.288,
        0.167,
        6.432,
        1,
        0.222,
        4.288,
        0.278,
        2.144,
        0.333,
        0,
        1,
        0.389,
        -3.333,
        0.444,
        -6.667,
        0.5,
        -10,
        2,
        0.7,
        -10,
        1,
        0.756,
        -4.865,
        0.811,
        0.27,
        0.867,
        5.405,
        1,
        1.211,
        4.998,
        1.556,
        4.59,
        1.9,
        4.183,
        1,
        2.022,
        2.331,
        2.145,
        0.478,
        2.267,
        -1.374,
        1,
        2.334,
        -0.916,
        2.4,
        -0.458,
        2.467,
        0
      ]
    },
    {
      "Target": "Parameter",
      "Id": "ParamJXWei2",
      "Segments": [
        0,
        0,
        1,
        0.089,
        2.144,
        0.178,
        4.288,
        0.267,
        6.432,
        2,
        0.433,
        6.432,
        1,
        0.478,
        0.955,
        0.522,
        -4.523,
        0.567,
        -10,
        2,
        0.8,
        -10,
        1,
        0.844,
        -4.865,
        0.889,
        0.27,
        0.933,
        5.405,
        2,
        1.533,
        5.405,
        1,
        1.722,
        1.97,
        1.911,
        -1.465,
        2.1,
        -4.9,
        1,
        2.222,
        -3.267,
        2.345,
        -1.633,
        2.467,
        0
      ]
    },
    {
      "Target": "Parameter",
      "Id": "ParamJXWei3",
      "Segments": [
        0,
        0,
        1,
        0.111,
        2.144,
        0.222,
        4.288,
        0.333,
        6.432,
        2,
        0.533,
        6.432,
        1,
        0.578,
        0.955,
        0.622,
        -4.523,
        0.667,
        -10,
        1,
        0.734,
        -9.276,
        0.8,
        -8.552,
        0.867,
        -7.828,
        1,
        0.956,
        -3.417,
        1.044,
        0.994,
        1.133,
        5.405,
        2,
        1.867,
        5.405,
        1,
        1.989,
        1.356,
        2.111,
        -2.694,
        2.233,
        -6.743,
        1,
        2.311,
        -4.495,
        2.389,
        -2.248,
        2.467,
        0
      ]
    },
    {
      "Target": "Parameter",
      "Id": "ParamJXWei4",
      "Segments": [
        0,
        0,
        1,
        0.044,
        -1.408,
        0.089,
        -2.817,
        0.133,
        -4.225,
        1,
        0.222,
        -0.673,
        0.311,
        2.88,
        0.4,
        6.432,
        2,
        0.6,
        6.432,
        1,
        0.644,
        0.955,
        0.689,
        -4.523,
        0.733,
        -10,
        2,
        0.933,
        -10,
        1,
        0.989,
        -4.865,
        1.044,
        0.27,
        1.1,
        5.405,
        2,
        1.233,
        5.405,
        1,
        1.322,
        3.046,
        1.411,
        0.686,
        1.5,
        -1.673,
        1,
        1.6,
        -2.152,
        1.7,
        -2.63,
        1.8,
        -3.109,
        2,
        2.033,
        -3.109,
        1,
        2.089,
        -5.406,
        2.144,
        -7.703,
        2.2,
        -10,
        1,
        2.289,
        -6.667,
        2.378,
        -3.333,
        2.467,
        0
      ]
    },
    {
      "Target": "Parameter",
      "Id": "ParamJXWei5",
      "Segments": [
        0,
        0,
        1,
        0.067,
        -1.408,
        0.133,
        -2.817,
        0.2,
        -4.225,
        1,
        0.289,
        -0.673,
        0.378,
        2.88,
        0.467,
        6.432,
        2,
        0.667,
        6.432,
        1,
        0.711,
        0.955,
        0.756,
        -4.523,
        0.8,
        -10,
        2,
        1,
        -10,
        1,
        1.056,
        -4.865,
        1.111,
        0.27,
        1.167,
        5.405,
        2,
        1.3,
        5.405,
        1,
        1.4,
        2.195,
        1.5,
        -1.015,
        1.6,
        -4.225,
        2,
        2.067,
        -4.225,
        0,
        2.233,
        -7.37,
        0,
        2.467,
        0
      ]
    },
    {
      "Target": "Parameter",
      "Id": "ParamJXWei6",
      "Segments": [
        0,
        0,
        0,
        0.2,
        -1,
        0,
        0.567,
        1.171,
        0,
        0.933,
        -0.602,
        0,
        1.433,
        0.461,
        2,
        1.833,
        0.461,
        0,
        2.133,
        7.728,
        0,
        2.467,
        0
      ]
    },
    {
      "Target": "Parameter",
      "Id": "ParamJXWei7",
      "Segments": [
        0,
        0,
        0,
        0.2,
        -1,
        0,
        0.567,
        1.171,
        0,
        0.933,
        -0.602,
        1,
        1.1,
        -0.602,
        1.266,
        -0.633,
        1.433,
        0.461,
        1,
        1.6,
        1.555,
        1.766,
        4.164,
        1.933,
        4.164,
        0,
        2.467,
        0
      ]
    },
    {
      "Target": "Parameter",
      "Id": "ParamOpaishakeX",
      "Segments": [
        0,
        0,
        0,
        0.3,
        -0.478,
        0,
        0.533,
        0.7,
        0,
        0.867,
        -0.478,
        0,
        1.3,
        0.23,
        0,
        1.667,
        -0.307,
        0,
        2.067,
        0.409,
        0,
        2.467,
        0
      ]
    },
    {
      "Target": "Parameter",
      "Id": "ParamOpaishakeXB",
      "Segments": [
        0,
        0,
        0,
        0.4,
        -11.325,
        0,
        0.633,
        11.333,
        0,
        1,
        -9.342,
        0,
        1.467,
        4.835,
        0,
        1.833,
        -5.945,
        0,
        2.233,
        8.23,
        0,
        2.467,
        0
      ]
    },
    {
      "Target": "Parameter",
      "Id": "ParamOpaishakeY",
      "Segments": [
        0,
        0,
        0,
        0.267,
        0.4,
        0,
        0.633,
        -0.5,
        0,
        0.933,
        0.241,
        0,
        1.267,
        -0.2,
        0,
        1.7,
        0.1,
        0,
        2.1,
        -0.101,
        0,
        2.467,
        0
      ]
    },
    {
      "Target": "Parameter",
      "Id": "ParamOpaishakeYB",
      "Segments": [
        0,
        0,
        0,
        0.4,
        8.207,
        0,
        0.733,
        -9.841,
        0,
        1.133,
        5.207,
        0,
        1.467,
        -3.939,
        0,
        1.933,
        2.412,
        0,
        2.267,
        -2.26,
        0,
        2.467,
        0
      ]
    },
    {
      "Target": "Parameter",
      "Id": "ParamOpaishakeX2",
      "Segments": [
        0,
        0,
        0,
        0.367,
        -0.478,
        0,
        0.6,
        0.7,
        0,
        0.933,
        -0.478,
        0,
        1.367,
        0.23,
        0,
        1.733,
        -0.307,
        0,
        2.133,
        0.409,
        0,
        2.467,
        0
      ]
    },
    {
      "Target": "Parameter",
      "Id": "ParamOpaishakeX2B",
      "Segments": [
        0,
        0,
        0,
        0.467,
        -11.33,
        0,
        0.7,
        11.322,
        0,
        1.067,
        -9.337,
        0,
        1.533,
        4.84,
        0,
        1.9,
        -5.947,
        0,
        2.3,
        8.23,
        0,
        2.467,
        0
      ]
    },
    {
      "Target": "Parameter",
      "Id": "ParamOpaishakeY2",
      "Segments": [
        0,
        0,
        0,
        0.333,
        0.4,
        0,
        0.7,
        -0.5,
        0,
        1,
        0.241,
        0,
        1.333,
        -0.2,
        0,
        1.767,
        0.1,
        0,
        2.167,
        -0.101,
        0,
        2.467,
        0
      ]
    },
    {
      "Target": "Parameter",
      "Id": "ParamOpaishakeY2B",
      "Segments": [
        0,
        0,
        0,
        0.467,
        8.207,
        0,
        0.8,
        -9.841,
        0,
        1.2,
        5.207,
        0,
        1.533,
        -3.932,
        0,
        2,
        2.412,
        0,
        2.333,
        -2.26,
        0,
        2.467,
        0
      ]
    },
    {
      "Target": "Parameter",
      "Id": "ParamClothes",
      "Segments": [
        0,
        0,
        0,
        0.167,
        0.6,
        0,
        0.367,
        -0.675,
        0,
        0.633,
        0.317,
        0,
        0.933,
        -0.365,
        0,
        1.2,
        0,
        0,
        1.4,
        -0.1,
        0,
        1.6,
        1,
        0,
        1.9,
        -0.675,
        0,
        2.2,
        0.356,
        0,
        2.467,
        0
      ]
    },
    {
      "Target": "Parameter",
      "Id": "ParamClothesY",
      "Segments": [
        0,
        0,
        0,
        0.3,
        0.543,
        0,
        0.5,
        -0.616,
        0,
        0.767,
        0.263,
        0,
        1.067,
        -0.38,
        0,
        1.3,
        0,
        2,
        1.5,
        0,
        0,
        1.733,
        0.878,
        0,
        2.033,
        -0.534,
        0,
        2.3,
        0.344,
        0,
        2.467,
        0
      ]
    },
    {
      "Target": "Parameter",
      "Id": "ParamClothes2Y",
      "Segments": [
        0,
        0,
        0,
        0.233,
        -0.4,
        1,
        0.278,
        -0.4,
        0.322,
        -0.436,
        0.367,
        -0.2,
        1,
        0.422,
        0.095,
        0.478,
        1,
        0.533,
        1,
        0,
        0.867,
        0.204,
        0,
        1.3,
        0.7,
        0,
        1.6,
        0.305,
        0,
        1.833,
        0.487,
        0,
        2.233,
        -0.212,
        0,
        2.467,
        0
      ]
    },
    {
      "Target": "Parameter",
      "Id": "ParamClothes2",
      "Segments": [
        0,
        0,
        0,
        0.4,
        -0.403,
        0,
        0.7,
        0.849,
        0,
        1.033,
        0.114,
        0,
        1.433,
        0.682,
        0,
        1.7,
        0.19,
        0,
        2.033,
        0.478,
        0,
        2.333,
        -0.167,
        0,
        2.467,
        0
      ]
    },
    {
      "Target": "Parameter",
      "Id": "ParamPhysics1",
      "Segments": [
        0,
        0,
        0,
        0.133,
        7.015,
        1,
        0.178,
        7.015,
        0.222,
        -23.262,
        0.267,
        -26.811,
        1,
        0.311,
        -30,
        0.356,
        -30,
        0.4,
        -30,
        0,
        0.533,
        0,
        2,
        1.3,
        0,
        2,
        2.467,
        0
      ]
    },
    {
      "Target": "Parameter",
      "Id": "ParamPhysics2",
      "Segments": [
        0,
        0,
        0,
        0.2,
        11.321,
        0,
        0.433,
        -26.523,
        0,
        0.633,
        19.277,
        0,
        0.833,
        -21.101,
        0,
        1.1,
        7.116,
        0,
        1.467,
        -3.234,
        0,
        1.633,
        3.881,
        0,
        1.733,
        -4.852,
        0,
        1.867,
        12.614,
        0,
        2,
        -3.881,
        0,
        2.2,
        21.671,
        0,
        2.367,
        -7.763,
        0,
        2.467,
        0
      ]
    },
    {
      "Target": "Parameter",
      "Id": "ParamPhysics3",
      "Segments": [
        0,
        0,
        0,
        0.133,
        -13.163,
        0,
        0.3,
        11.983,
        1,
        0.322,
        11.983,
        0.345,
        3.819,
        0.367,
        -4,
        1,
        0.411,
        -19.637,
        0.456,
        -24.748,
        0.5,
        -24.748,
        0,
        0.7,
        17.975,
        0,
        0.933,
        -19.017,
        0,
        1.2,
        7.034,
        0,
        1.533,
        -4.429,
        0,
        1.7,
        3.908,
        0,
        1.8,
        -4.429,
        0,
        1.933,
        10.681,
        0,
        2.067,
        -5.21,
        0,
        2.267,
        17.454,
        0,
        2.467,
        0
      ]
    },
    {
      "Target": "Parameter",
      "Id": "ParamPhysics4",
      "Segments": [
        0,
        0,
        0,
        0.2,
        -12.701,
        0,
        0.4,
        8.776,
        0,
        0.567,
        -23.324,
        0,
        0.8,
        14.087,
        0,
        1.033,
        -16.396,
        0,
        1.333,
        8.776,
        0,
        1.533,
        -5.379,
        0,
        1.633,
        3.233,
        0,
        1.733,
        -12,
        0,
        1.833,
        30,
        0,
        1.933,
        -30,
        1,
        1.966,
        -30,
        2,
        -18.228,
        2.033,
        -15,
        1,
        2.078,
        -10.696,
        2.122,
        -10.746,
        2.167,
        -6.004,
        1,
        2.222,
        -0.076,
        2.278,
        13.163,
        2.333,
        13.163,
        0,
        2.467,
        0
      ]
    },
    {
      "Target": "Parameter",
      "Id": "Param13",
      "Segments": [
        0,
        0,
        0,
        0.233,
        6.381,
        0,
        0.5,
        -18.147,
        0,
        0.733,
        17.194,
        0,
        1.033,
        -10.507,
        0,
        1.333,
        9.552,
        0,
        1.567,
        0,
        0,
        1.8,
        17.194,
        0,
        2.167,
        -10.507,
        0,
        2.467,
        0
      ]
    },
    {
      "Target": "Parameter",
      "Id": "Param14",
      "Segments": [
        0,
        0,
        0,
        0.3,
        6.304,
        0,
        0.6,
        -15.474,
        0,
        0.867,
        14.518,
        0,
        1.167,
        -8.596,
        0,
        1.433,
        8.023,
        0,
        1.667,
        -0.573,
        0,
        1.933,
        16.047,
        0,
        2.267,
        -8.023,
        0,
        2.467,
        0
      ]
    },
    {
      "Target": "Parameter",
      "Id": "ParamAngleA1",
      "Segments": [
        0,
        0,
        0,
        0.133,
        9.146,
        0,
        0.467,
        -32.578,
        0,
        0.667,
        7.472,
        0,
        0.9,
        -9.247,
        0,
        1.2,
        3.608,
        0,
        1.5,
        0,
        0,
        1.833,
        3.87,
        0,
        2.133,
        -14.66,
        0,
        2.467,
        0
      ]
    },
    {
      "Target": "Parameter",
      "Id": "ParamAngleA2",
      "Segments": [
        0,
        0,
        0,
        0.233,
        8.796,
        0,
        0.533,
        -29.319,
        0,
        0.767,
        8.345,
        0,
        1,
        -9.698,
        0,
        1.3,
        4.962,
        0,
        1.567,
        -2.884,
        0,
        1.9,
        4.962,
        0,
        2.233,
        -12.404,
        0,
        2.467,
        0
      ]
    },
    {
      "Target": "Parameter",
      "Id": "ParamAngleA3",
      "Segments": [
        0,
        0,
        0,
        0.3,
        8.035,
        0,
        0.6,
        -26.783,
        0,
        0.833,
        8.035,
        0,
        1.1,
        -7.829,
        0,
        1.367,
        5.769,
        0,
        1.633,
        -2.06,
        0,
        1.967,
        5.357,
        0,
        2.3,
        -10.095,
        0,
        2.467,
        0
      ]
    },
    {
      "Target": "Parameter",
      "Id": "ParamAngleA4",
      "Segments": [
        0,
        0,
        0,
        0.4,
        7.528,
        0,
        0.667,
        -24.09,
        0,
        0.933,
        6.587,
        0,
        1.2,
        -7.152,
        0,
        1.433,
        6.587,
        0,
        1.7,
        -1.694,
        0,
        2.033,
        5.082,
        0,
        2.333,
        -6.211,
        0,
        2.467,
        0
      ]
    },
    {
      "Target": "Parameter",
      "Id": "ParamAngleB1",
      "Segments": [
        0,
        0,
        0,
        0.2,
        6.146,
        0,
        0.567,
        -13.775,
        0,
        0.833,
        7.472,
        0,
        1.067,
        -6.247,
        0,
        1.367,
        3.608,
        0,
        1.633,
        0,
        0,
        1.933,
        3.87,
        0,
        2.2,
        -2.774,
        0,
        2.467,
        0
      ]
    },
    {
      "Target": "Parameter",
      "Id": "ParamAngleB2",
      "Segments": [
        0,
        0,
        0,
        0.3,
        5.796,
        0,
        0.633,
        -12.361,
        0,
        0.933,
        8.345,
        0,
        1.167,
        -6.698,
        0,
        1.467,
        4.962,
        0,
        1.7,
        -2.884,
        0,
        2,
        4.962,
        0,
        2.267,
        -2.423,
        0,
        2.467,
        0
      ]
    },
    {
      "Target": "Parameter",
      "Id": "ParamAngleB3",
      "Segments": [
        0,
        0,
        0,
        0.367,
        5.035,
        0,
        0.7,
        -11.259,
        0,
        1,
        8.035,
        0,
        1.267,
        -4.829,
        0,
        1.533,
        5.769,
        0,
        1.767,
        -2.06,
        0,
        2.067,
        5.357,
        0,
        2.3,
        -2.064,
        0,
        2.467,
        0
      ]
    },
    {
      "Target": "Parameter",
      "Id": "ParamAngleB4",
      "Segments": [
        0,
        0,
        0,
        0.467,
        4.528,
        0,
        0.767,
        -10.09,
        0,
        1.1,
        6.587,
        0,
        1.367,
        -4.152,
        0,
        1.6,
        6.587,
        0,
        1.833,
        -1.694,
        0,
        2.133,
        5.082,
        0,
        2.333,
        -1.461,
        0,
        2.467,
        0
      ]
    },
    {
      "Target": "Parameter",
      "Id": "ParamAngleC1",
      "Segments": [
        0,
        0,
        0,
        0.2,
        9,
        0,
        0.4,
        -20,
        0,
        0.667,
        24,
        0,
        0.933,
        5.076,
        0,
        1.2,
        22.503,
        0,
        1.433,
        14.096,
        0,
        1.733,
        35.189,
        0,
        2.3,
        -4.692,
        0,
        2.467,
        0
      ]
    },
    {
      "Target": "Parameter",
      "Id": "ParamAngleC2",
      "Segments": [
        0,
        0,
        0,
        0.233,
        7.373,
        0,
        0.467,
        -16.287,
        0,
        0.8,
        7.373,
        0,
        1.067,
        -12.065,
        0,
        1.433,
        13,
        0,
        1.633,
        -11.73,
        0,
        1.933,
        10.054,
        0,
        2.3,
        -7.373,
        0,
        2.467,
        0
      ]
    },
    {
      "Target": "Parameter",
      "Id": "ParamAngleC3",
      "Segments": [
        0,
        0,
        0,
        0.1,
        -4.842,
        0,
        0.433,
        19,
        0,
        0.6,
        -14.967,
        0,
        0.8,
        19,
        0,
        1.1,
        -10.125,
        0,
        1.333,
        8.364,
        0,
        1.767,
        -10.125,
        0,
        2.067,
        8.364,
        0,
        2.367,
        -4.842,
        0,
        2.467,
        0
      ]
    },
    {
      "Target": "Parameter",
      "Id": "ParamAngleC4",
      "Segments": [
        0,
        0,
        0,
        0.167,
        -13.217,
        0,
        0.467,
        10.938,
        0,
        0.733,
        -26,
        0,
        0.933,
        16.157,
        0,
        1.267,
        -10.482,
        0,
        1.567,
        7.54,
        0,
        1.9,
        -13.217,
        0,
        2.133,
        10.938,
        0,
        2.367,
        -4.33,
        0,
        2.467,
        0
      ]
    },
    {
      "Target": "Parameter",
      "Id": "ParamAngleC5",
      "Segments": [
        0,
        0,
        0,
        0.267,
        -11.562,
        0,
        0.567,
        7.749,
        0,
        0.833,
        -19.37,
        0,
        1.033,
        11.622,
        0,
        1.333,
        -11.562,
        0,
        1.567,
        6.54,
        0,
        2,
        -11.562,
        0,
        2.233,
        7.749,
        0,
        2.467,
        0
      ]
    },
    {
      "Target": "Parameter",
      "Id": "ParamAngleD1",
      "Segments": [
        0,
        0,
        2,
        0.167,
        0,
        0,
        0.367,
        -20,
        0,
        0.633,
        10,
        0,
        0.9,
        5.076,
        0,
        1.2,
        22.503,
        0,
        1.433,
        14.096,
        0,
        1.733,
        22.503,
        0,
        2.3,
        -4.692,
        0,
        2.467,
        0
      ]
    },
    {
      "Target": "Parameter",
      "Id": "ParamAngleD2",
      "Segments": [
        0,
        0,
        0,
        0.2,
        7.373,
        0,
        0.433,
        -16.287,
        0,
        0.767,
        7.373,
        0,
        1.067,
        -12.065,
        0,
        1.433,
        13,
        0,
        1.633,
        -11.73,
        0,
        1.933,
        10.054,
        0,
        2.3,
        -7.373,
        0,
        2.467,
        0
      ]
    },
    {
      "Target": "Parameter",
      "Id": "ParamAngleD3",
      "Segments": [
        0,
        0,
        0,
        0.067,
        -4.842,
        0,
        0.4,
        19,
        0,
        0.567,
        -14.967,
        0,
        0.767,
        19,
        0,
        1.1,
        -10.125,
        0,
        1.333,
        8.364,
        0,
        1.767,
        -10.125,
        0,
        2.067,
        8.364,
        0,
        2.367,
        -4.842,
        0,
        2.467,
        0
      ]
    },
    {
      "Target": "Parameter",
      "Id": "ParamAngleD4",
      "Segments": [
        0,
        0,
        0,
        0.133,
        -13.217,
        0,
        0.433,
        10.938,
        0,
        0.7,
        -26,
        0,
        0.9,
        16.157,
        0,
        1.267,
        -10.482,
        1,
        1.367,
        -10.482,
        1.467,
        -10.29,
        1.567,
        -8,
        1,
        1.622,
        -6.728,
        1.678,
        5.157,
        1.733,
        5.157,
        0,
        1.9,
        -13.217,
        0,
        2.133,
        10.938,
        0,
        2.367,
        -4.33,
        0,
        2.467,
        0
      ]
    },
    {
      "Target": "Parameter",
      "Id": "ParamAngleD5",
      "Segments": [
        0,
        0,
        0,
        0.267,
        -11.562,
        0,
        0.567,
        7.749,
        0,
        0.833,
        -19.37,
        0,
        1.033,
        11.622,
        0,
        1.333,
        -11.562,
        1,
        1.411,
        -11.562,
        1.489,
        -11.628,
        1.567,
        -9,
        1,
        1.645,
        -6.372,
        1.722,
        2.445,
        1.8,
        2.445,
        0,
        2,
        -11.562,
        0,
        2.233,
        7.749,
        0,
        2.467,
        0
      ]
    },
    {
      "Target": "Parameter",
      "Id": "ParamAngleE3",
      "Segments": [
        0,
        0,
        0,
        0.167,
        7.589,
        1,
        0.222,
        7.589,
        0.278,
        -3.337,
        0.333,
        -9,
        1,
        0.366,
        -12.398,
        0.4,
        -12,
        0.433,
        -12,
        0,
        0.567,
        27,
        0,
        0.833,
        12,
        0,
        1.1,
        27,
        0,
        1.433,
        15,
        0,
        1.733,
        25.881,
        1,
        1.811,
        25.881,
        1.889,
        5.78,
        1.967,
        4.086,
        1,
        2.134,
        0.455,
        2.3,
        0,
        2.467,
        0
      ]
    },
    {
      "Target": "Parameter",
      "Id": "ParamAngleE4",
      "Segments": [
        0,
        0,
        0,
        0.1,
        -7.027,
        0,
        0.3,
        7.171,
        0,
        0.6,
        -19.828,
        0,
        0.833,
        21.772,
        0,
        1.1,
        -12.579,
        0,
        1.367,
        19.563,
        0,
        1.667,
        -15.516,
        0,
        2.067,
        14.391,
        0,
        2.467,
        0
      ]
    },
    {
      "Target": "Parameter",
      "Id": "ParamGangSheng1",
      "Segments": [
        0,
        0,
        0,
        0.233,
        -7,
        1,
        0.3,
        -7,
        0.366,
        4.502,
        0.433,
        8.933,
        1,
        0.5,
        13.364,
        0.566,
        13.393,
        0.633,
        13.393,
        0,
        1,
        -10.216,
        0,
        1.333,
        7.785,
        0,
        1.8,
        -4.466,
        0,
        2.2,
        3.573,
        0,
        2.467,
        0
      ]
    },
    {
      "Target": "Parameter",
      "Id": "ParamGangSheng2",
      "Segments": [
        0,
        0,
        0,
        0.367,
        -7.019,
        0,
        0.733,
        11.613,
        0,
        1.133,
        -8.805,
        0,
        1.467,
        7.657,
        0,
        1.967,
        -3.956,
        0,
        2.267,
        3.573,
        0,
        2.467,
        0
      ]
    },
    {
      "Target": "Parameter",
      "Id": "ParamGangSheng3",
      "Segments": [
        0,
        0,
        0,
        0.133,
        4.339,
        0,
        0.367,
        -10,
        0,
        0.8,
        12.506,
        0,
        1.133,
        -11.523,
        0,
        1.5,
        7.019,
        0,
        1.9,
        -4.683,
        0,
        2.267,
        4.339,
        0,
        2.467,
        0
      ]
    },
    {
      "Target": "Parameter",
      "Id": "ParamGangSheng4",
      "Segments": [
        0,
        0,
        0,
        0.267,
        6.624,
        0,
        0.533,
        -8.216,
        0,
        0.967,
        11.3,
        0,
        1.233,
        -11.56,
        0,
        1.6,
        8.065,
        0,
        2.033,
        -5.204,
        0,
        2.333,
        3.903,
        0,
        2.467,
        0
      ]
    },
    {
      "Target": "Parameter",
      "Id": "ParamGangSheng5",
      "Segments": [
        0,
        0,
        0,
        0.267,
        6.381,
        0,
        0.467,
        -7.101,
        1,
        0.545,
        -7.101,
        0.622,
        -5.135,
        0.7,
        0,
        1,
        0.789,
        5.868,
        0.878,
        9.525,
        0.967,
        9.525,
        0,
        1.4,
        -9.515,
        0,
        1.767,
        7.661,
        0,
        2.1,
        -5.249,
        0,
        2.367,
        2.842,
        0,
        2.467,
        0
      ]
    },
    {
      "Target": "Parameter",
      "Id": "ParamGangSheng6",
      "Segments": [
        0,
        0,
        0,
        0.333,
        6.175,
        0,
        0.7,
        -6.587,
        0,
        1.133,
        9.263,
        0,
        1.533,
        -8.851,
        0,
        1.867,
        6.998,
        0,
        2.2,
        -4.734,
        0,
        2.467,
        0
      ]
    },
    {
      "Target": "Parameter",
      "Id": "ParamJXSheng2",
      "Segments": [
        0,
        0,
        0,
        0.167,
        13.838,
        0,
        0.533,
        -25,
        1,
        0.578,
        -25,
        0.622,
        -25.215,
        0.667,
        -16.585,
        1,
        0.722,
        -5.797,
        0.778,
        13.838,
        0.833,
        13.838,
        0,
        1.067,
        -16.585,
        0,
        1.367,
        6.928,
        0,
        1.567,
        -11.966,
        0,
        1.867,
        2.729,
        0,
        2.167,
        -5.248,
        0,
        2.467,
        0
      ]
    },
    {
      "Target": "Parameter",
      "Id": "ParamJXSheng1",
      "Segments": [
        0,
        0,
        0,
        0.3,
        12.596,
        0,
        0.7,
        -23.932,
        0,
        0.967,
        10.917,
        0,
        1.2,
        -13.856,
        0,
        1.467,
        5.248,
        0,
        1.7,
        -10.497,
        0,
        2,
        2.939,
        0,
        2.3,
        -5.248,
        0,
        2.467,
        0
      ]
    },
    {
      "Target": "Model",
      "Id": "Opacity",
      "Segments": [
        0,
        1,
        0,
        2.47,
        1
      ]
    },
    {
      "Target": "Parameter",
      "Id": "ParamEyeS",
      "Segments": [
        0,
        0,
        0,
        2.47,
        0
      ]
    },
    {
      "Target": "Parameter",
      "Id": "ParamParamBrowLY",
      "Segments": [
        0,
        0,
        0,
        2.47,
        0
      ]
    },
    {
      "Target": "Parameter",
      "Id": "ParamParamBrowRY",
      "Segments": [
        0,
        0,
        0,
        2.47,
        0
      ]
    },
    {
      "Target": "Parameter",
      "Id": "ParamMouthX",
      "Segments": [
        0,
        0,
        0,
        2.47,
        0
      ]
    },
    {
      "Target": "Parameter",
      "Id": "ParamCheek2",
      "Segments": [
        0,
        0,
        0,
        2.47,
        0
      ]
    },
    {
      "Target": "Parameter",
      "Id": "ParamCheek3",
      "Segments": [
        0,
        0,
        0,
        2.47,
        0
      ]
    },
    {
      "Target": "Parameter",
      "Id": "ParamCheek4",
      "Segments": [
        0,
        0,
        0,
        2.47,
        0
      ]
    },
    {
      "Target": "Parameter",
      "Id": "ParamCheek5",
      "Segments": [
        0,
        0,
        0,
        2.47,
        0
      ]
    },
    {
      "Target": "Parameter",
      "Id": "ParamJy",
      "Segments": [
        0,
        0,
        0,
        2.47,
        0
      ]
    },
    {
      "Target": "Parameter",
      "Id": "ParamCheek6",
      "Segments": [
        0,
        0,
        0,
        2.47,
        0
      ]
    },
    {
      "Target": "Parameter",
      "Id": "ParamBodyAngleX",
      "Segments": [
        0,
        0,
        0,
        2.47,
        0
      ]
    },
    {
      "Target": "Parameter",
      "Id": "ParamLArmAB",
      "Segments": [
        0,
        0,
        0,
        2.47,
        0
      ]
    },
    {
      "Target": "Parameter",
      "Id": "ParamLHandZ",
      "Segments": [
        0,
        0,
        0,
        2.47,
        0
      ]
    },
    {
      "Target": "Parameter",
      "Id": "ParamLHandX",
      "Segments": [
        0,
        0,
        0,
        2.47,
        0
      ]
    },
    {
      "Target": "Parameter",
      "Id": "ParamLHand1",
      "Segments": [
        0,
        0,
        0,
        2.47,
        0
      ]
    },
    {
      "Target": "Parameter",
      "Id": "ParamLHand2",
      "Segments": [
        0,
        0,
        0,
        2.47,
        0
      ]
    },
    {
      "Target": "Parameter",
      "Id": "ParamLHand34",
      "Segments": [
        0,
        0,
        0,
        2.47,
        0
      ]
    },
    {
      "Target": "Parameter",
      "Id": "ParamLHand5",
      "Segments": [
        0,
        0,
        0,
        2.47,
        0
      ]
    },
    {
      "Target": "Parameter",
      "Id": "ParamLHandWater",
      "Segments": [
        0,
        0,
        0,
        2.47,
        0
      ]
    },
    {
      "Target": "Parameter",
      "Id": "ParamLHandWater1",
      "Segments": [
        0,
        0,
        0,
        2.47,
        0
      ]
    },
    {
      "Target": "Parameter",
      "Id": "ParamLHandWater2",
      "Segments": [
        0,
        0,
        0,
        2.47,
        0
      ]
    },
    {
      "Target": "Parameter",
      "Id": "ParamRArmDA",
      "Segments": [
        0,
        0,
        0,
        2.47,
        0
      ]
    },
    {
      "Target": "Parameter",
      "Id": "ParamArmX",
      "Segments": [
        0,
        0,
        0,
        2.47,
        0
      ]
    },
    {
      "Target": "Parameter",
      "Id": "ParamArmR1Y",
      "Segments": [
        0,
        0,
        0,
        2.47,
        0
      ]
    },
    {
      "Target": "Parameter",
      "Id": "ParamHQiangX",
      "Segments": [
        0,
        0,
        0,
        2.47,
        0
      ]
    },
    {
      "Target": "Parameter",
      "Id": "ParamHQiangY",
      "Segments": [
        0,
        0,
        0,
        2.47,
        0
      ]
    },
    {
      "Target": "Parameter",
      "Id": "ParamJXWei",
      "Segments": [
        0,
        0,
        0,
        2.47,
        0
      ]
    },
    {
      "Target": "Parameter",
      "Id": "ParamWhite1",
      "Segments": [
        0,
        0,
        0,
        2.47,
        0
      ]
    },
    {
      "Target": "Parameter",
      "Id": "ParamBlack0",
      "Segments": [
        0,
        1,
        0,
        2.47,
        1
      ]
    },
    {
      "Target": "Parameter",
      "Id": "ParamBlack1",
      "Segments": [
        0,
        0,
        0,
        2.47,
        0
      ]
    },
    {
      "Target": "Parameter",
      "Id": "ParamBlack2",
      "Segments": [
        0,
        0,
        0,
        2.47,
        0
      ]
    },
    {
      "Target": "Parameter",
      "Id": "ParamZTX",
      "Segments": [
        0,
        0,
        0,
        2.47,
        0
      ]
    },
    {
      "Target": "Parameter",
      "Id": "ParamZTY",
      "Segments": [
        0,
        0,
        0,
        2.47,
        0
      ]
    },
    {
      "Target": "Parameter",
      "Id": "ParamZTZ",
      "Segments": [
        0,
        0,
        0,
        2.47,
        0
      ]
    },
    {
      "Target": "Parameter",
      "Id": "ParamZTO",
      "Segments": [
        0,
        0,
        0,
        2.47,
        0
      ]
    },
    {
      "Target": "Parameter",
      "Id": "Param9",
      "Segments": [
        0,
        0,
        0,
        2.47,
        0
      ]
    },
    {
      "Target": "Parameter",
      "Id": "ParamAngleE1",
      "Segments": [
        0,
        0,
        0,
        2.47,
        0
      ]
    },
    {
      "Target": "Parameter",
      "Id": "ParamAngleE2",
      "Segments": [
        0,
        0,
        0,
        2.47,
        0
      ]
    },
    {
      "Target": "Parameter",
      "Id": "Param11",
      "Segments": [
        0,
        0,
        0,
        2.47,
        0
      ]
    },
    {
      "Target": "Parameter",
      "Id": "Param12",
      "Segments": [
        0,
        0,
        0,
        2.47,
        0
      ]
    },
    {
      "Target": "Parameter",
      "Id": "Param5",
      "Segments": [
        0,
        0,
        0,
        2.47,
        0
      ]
    },
    {
      "Target": "Parameter",
      "Id": "Param6",
      "Segments": [
        0,
        0,
        0,
        2.47,
        0
      ]
    }
  ],
  "UserData": [
    {
      "Time": 0.0,
      "Value": ""
    },
    {
      "Time": 0.33,
      "Value": "characterVoice_144_0.5"
    }
  ]
}