{
  "Version": 3,
  "Meta": {
    "Duration": 2.0,
    "Fps": 30.0,
    "Loop": true,
    "AreBeziersRestricted": true,
    "CurveCount": 150,
    "TotalSegmentCount": 736,
    "TotalPointCount": 1058,
    "UserDataCount": 3,
    "TotalUserDataSize": 38
  },
  "Curves": [
    {
      "Target": "Parameter",
      "Id": "ParamAngleX",
      "Segments": [
        0,
        0,
        0,
        0.267,
        -4,
        0,
        0.633,
        5.164,
        1,
        0.711,
        5.164,
        0.789,
        3.852,
        0.867,
        3.326,
        1,
        0.978,
        2.574,
        1.089,
        2.515,
        1.2,
        2.515,
        0,
        1.567,
        5.164,
        0,
        2,
        0
      ]
    },
    {
      "Target": "Parameter",
      "Id": "ParamAngleY",
      "Segments": [
        0,
        -9.029,
        2,
        0.267,
        -9.029,
        0,
        0.633,
        -11,
        1,
        0.778,
        -11,
        0.922,
        -7.565,
        1.067,
        -6.73,
        1,
        1.156,
        -6.216,
        1.244,
        -6.519,
        1.333,
        -6,
        1,
        1.455,
        -5.287,
        1.578,
        2.583,
        1.7,
        2.583,
        0,
        2,
        0
      ]
    },
    {
      "Target": "Parameter",
      "Id": "ParamAngleZ",
      "Segments": [
        0,
        10,
        0,
        0.167,
        6.133,
        1,
        0.222,
        6.133,
        0.278,
        5.891,
        0.333,
        6.868,
        1,
        0.422,
        8.431,
        0.511,
        15.482,
        0.6,
        15.482,
        1,
        0.678,
        15.482,
        0.755,
        15.033,
        0.833,
        13.079,
        1,
        0.944,
        10.287,
        1.056,
        5.335,
        1.167,
        3.096,
        1,
        1.322,
        -0.037,
        1.478,
        -0.754,
        1.633,
        -0.754,
        0,
        1.9,
        0,
        2,
        2,
        0
      ]
    },
    {
      "Target": "Parameter",
      "Id": "ParamEyeLOpen",
      "Segments": [
        0,
        1,
        0,
        0.2,
        1.26,
        0,
        0.367,
        0,
        1,
        0.411,
        0,
        0.456,
        0.202,
        0.5,
        0.7,
        1,
        0.544,
        1.198,
        0.589,
        1.5,
        0.633,
        1.5,
        1,
        0.8,
        1.5,
        0.966,
        1.5,
        1.133,
        1.4,
        1,
        1.244,
        1.333,
        1.356,
        1,
        1.467,
        1,
        2,
        2,
        1
      ]
    },
    {
      "Target": "Parameter",
      "Id": "ParamEyeROpen",
      "Segments": [
        0,
        1,
        0,
        0.2,
        1.26,
        0,
        0.367,
        0,
        1,
        0.411,
        0,
        0.456,
        0.202,
        0.5,
        0.7,
        1,
        0.544,
        1.198,
        0.589,
        1.5,
        0.633,
        1.5,
        1,
        0.8,
        1.5,
        0.966,
        1.5,
        1.133,
        1.4,
        1,
        1.244,
        1.333,
        1.356,
        1,
        1.467,
        1,
        2,
        2,
        1
      ]
    },
    {
      "Target": "Parameter",
      "Id": "ParamEyeS",
      "Segments": [
        0,
        0,
        0,
        0.633,
        0.2,
        2,
        1.567,
        0.2,
        0,
        2,
        0
      ]
    },
    {
      "Target": "Parameter",
      "Id": "ParamEyeBallX",
      "Segments": [
        0,
        0,
        0,
        0.2,
        0.1,
        2,
        0.4,
        0.1,
        0,
        0.633,
        0,
        2,
        1.567,
        0,
        2,
        2,
        0
      ]
    },
    {
      "Target": "Parameter",
      "Id": "ParamEyeBallY",
      "Segments": [
        0,
        0,
        0,
        0.2,
        0.2,
        2,
        0.4,
        0.2,
        0,
        0.633,
        0,
        2,
        1.567,
        0,
        2,
        2,
        0
      ]
    },
    {
      "Target": "Parameter",
      "Id": "ParamBrowLForm",
      "Segments": [
        0,
        0,
        0,
        0.633,
        1,
        2,
        1.567,
        1,
        0,
        2,
        0
      ]
    },
    {
      "Target": "Parameter",
      "Id": "ParamBrowRForm",
      "Segments": [
        0,
        0,
        0,
        0.633,
        1,
        2,
        1.567,
        1,
        0,
        2,
        0
      ]
    },
    {
      "Target": "Parameter",
      "Id": "ParamMouthOpenY",
      "Segments": [
        0,
        0,
        2,
        0.333,
        0,
        0,
        0.433,
        0.596,
        0,
        0.5,
        0.084,
        0,
        0.6,
        0.596,
        0,
        0.667,
        0.102,
        0,
        0.767,
        0.796,
        0,
        0.867,
        0.2,
        0,
        0.967,
        0.796,
        2,
        1.167,
        0.796,
        0,
        1.467,
        0,
        2,
        2,
        0
      ]
    },
    {
      "Target": "Parameter",
      "Id": "ParamMouthForm",
      "Segments": [
        0,
        0,
        2,
        0.233,
        0,
        0,
        0.467,
        -0.371,
        0,
        0.7,
        0.7,
        0,
        0.9,
        0.167,
        2,
        1.033,
        0.167,
        0,
        1.1,
        0.035,
        0,
        1.233,
        0.553,
        2,
        1.4,
        0.553,
        0,
        1.533,
        -0.125,
        0,
        2,
        0
      ]
    },
    {
      "Target": "Parameter",
      "Id": "ParamMouthX",
      "Segments": [
        0,
        0,
        0,
        0.567,
        0.1,
        0,
        0.7,
        -0.133,
        0,
        0.833,
        0,
        2,
        1.133,
        0,
        0,
        1.267,
        -0.018,
        0,
        1.333,
        0.065,
        2,
        1.533,
        0.065,
        0,
        1.8,
        0,
        2,
        2,
        0
      ]
    },
    {
      "Target": "Parameter",
      "Id": "ParamHeadX",
      "Segments": [
        0,
        30,
        2,
        0.7,
        30,
        0,
        1.7,
        0,
        2,
        2,
        0
      ]
    },
    {
      "Target": "Parameter",
      "Id": "ParamHeadY",
      "Segments": [
        0,
        -8,
        1,
        0.111,
        -8,
        0.222,
        -2.211,
        0.333,
        6,
        1,
        0.411,
        11.748,
        0.489,
        13.404,
        0.567,
        13.404,
        0,
        0.8,
        6.703,
        2,
        1.267,
        6.703,
        0,
        1.667,
        0,
        2,
        2,
        0
      ]
    },
    {
      "Target": "Parameter",
      "Id": "ParamBodyAngleX",
      "Segments": [
        0,
        10,
        2,
        0.567,
        10,
        1,
        0.611,
        10,
        0.656,
        6.764,
        0.7,
        5.709,
        1,
        0.744,
        4.654,
        0.789,
        4.681,
        0.833,
        4.681,
        0,
        1,
        10,
        1,
        1.033,
        10,
        1.067,
        10,
        1.1,
        9.397,
        1,
        1.178,
        7.727,
        1.255,
        2.46,
        1.333,
        1.454,
        1,
        1.455,
        -0.126,
        1.578,
        -0.282,
        1.7,
        -0.282,
        0,
        1.9,
        0,
        2,
        2,
        0
      ]
    },
    {
      "Target": "Parameter",
      "Id": "ParamBodyAngleY",
      "Segments": [
        0,
        -7.185,
        2,
        0.2,
        -7.185,
        0,
        0.3,
        -6.509,
        0,
        0.5,
        -10,
        1,
        0.567,
        -10,
        0.633,
        -9.894,
        0.7,
        -9.291,
        1,
        0.733,
        -8.99,
        0.767,
        -8.488,
        0.8,
        -7.185,
        1,
        0.9,
        -3.277,
        1,
        1.61,
        1.1,
        1.61,
        0,
        1.4,
        0,
        2,
        2,
        0
      ]
    },
    {
      "Target": "Parameter",
      "Id": "ParamBodyAngleZ",
      "Segments": [
        0,
        5,
        2,
        0.567,
        5,
        1,
        0.611,
        5,
        0.656,
        3.874,
        0.7,
        2.677,
        1,
        0.733,
        1.779,
        0.767,
        1.012,
        0.8,
        0.58,
        1,
        0.822,
        0.292,
        0.845,
        0.301,
        0.867,
        0.301,
        1,
        0.922,
        0.301,
        0.978,
        0.815,
        1.033,
        1.278,
        1,
        1.089,
        1.741,
        1.144,
        1.818,
        1.2,
        1.818,
        0,
        1.567,
        0,
        2,
        2,
        0
      ]
    },
    {
      "Target": "Parameter",
      "Id": "ParamRjian",
      "Segments": [
        0,
        17,
        2,
        0.567,
        17,
        1,
        0.6,
        17,
        0.634,
        2.776,
        0.667,
        -12,
        1,
        0.7,
        -26.776,
        0.734,
        -30,
        0.767,
        -30,
        2,
        0.867,
        -30,
        1,
        0.911,
        -30,
        0.956,
        -19.211,
        1,
        -4.043,
        1,
        1.033,
        7.333,
        1.067,
        20.716,
        1.1,
        25.319,
        1,
        1.133,
        29.922,
        1.167,
        30,
        1.2,
        30,
        1,
        1.233,
        30,
        1.267,
        30,
        1.3,
        26.383,
        1,
        1.344,
        20.582,
        1.389,
        -4.043,
        1.433,
        -4.043,
        0,
        1.533,
        0,
        2,
        2,
        0
      ]
    },
    {
      "Target": "Parameter",
      "Id": "ParamLegZ",
      "Segments": [
        0,
        0,
        2,
        0.367,
        0,
        0,
        0.733,
        5.57,
        1,
        0.833,
        5.57,
        0.933,
        5.054,
        1.033,
        3.484,
        1,
        1.166,
        1.39,
        1.3,
        0,
        1.433,
        0,
        2,
        2,
        0
      ]
    },
    {
      "Target": "Parameter",
      "Id": "ParamRArmDA",
      "Segments": [
        0,
        0.997,
        2,
        0.467,
        0.997,
        2,
        0.633,
        0.997,
        1,
        0.7,
        0.997,
        0.766,
        0.88,
        0.833,
        0.605,
        1,
        0.844,
        0.559,
        0.856,
        0.444,
        0.867,
        0.403,
        1,
        0.945,
        0.119,
        1.022,
        0,
        1.1,
        0,
        2,
        2,
        0
      ]
    },
    {
      "Target": "Parameter",
      "Id": "ParamArmX",
      "Segments": [
        0,
        19.787,
        2,
        0.467,
        19.787,
        2,
        0.6,
        19.787,
        1,
        0.656,
        19.787,
        0.711,
        14.922,
        0.767,
        11.928,
        1,
        0.934,
        2.947,
        1.1,
        0,
        1.267,
        0,
        2,
        2,
        0
      ]
    },
    {
      "Target": "Parameter",
      "Id": "ParamArmRY",
      "Segments": [
        0,
        24.61,
        2,
        0.167,
        24.61,
        0,
        0.4,
        12.175,
        1,
        0.456,
        12.175,
        0.511,
        19.745,
        0.567,
        24.61,
        1,
        0.611,
        28.502,
        0.656,
        28.617,
        0.7,
        28.617,
        1,
        0.767,
        28.617,
        0.833,
        26.802,
        0.9,
        20.194,
        1,
        1.022,
        8.078,
        1.145,
        0,
        1.267,
        0,
        2,
        2,
        0
      ]
    },
    {
      "Target": "Parameter",
      "Id": "ParamArmR",
      "Segments": [
        0,
        8,
        2,
        0.467,
        8,
        2,
        0.667,
        8,
        0,
        0.833,
        22.979,
        0,
        1.033,
        3.911,
        0,
        1.133,
        8,
        0,
        1.367,
        0,
        2,
        2,
        0
      ]
    },
    {
      "Target": "Parameter",
      "Id": "ParamArmR1Z",
      "Segments": [
        0,
        30,
        2,
        0.667,
        30,
        0,
        0.833,
        21.277,
        2,
        0.967,
        21.277,
        1,
        1.011,
        21.277,
        1.056,
        17.21,
        1.1,
        13.956,
        1,
        1.156,
        9.889,
        1.211,
        6.49,
        1.267,
        4.146,
        1,
        1.345,
        0.865,
        1.422,
        0,
        1.5,
        0,
        2,
        2,
        0
      ]
    },
    {
      "Target": "Parameter",
      "Id": "ParamArmR1Y",
      "Segments": [
        0,
        -30,
        2,
        0.1,
        -30,
        0,
        0.333,
        -17.66,
        2,
        0.6,
        -17.66,
        0,
        0.767,
        -22.473,
        1,
        0.811,
        -22.473,
        0.856,
        -20.034,
        0.9,
        -17.66,
        1,
        0.944,
        -15.286,
        0.989,
        -14.678,
        1.033,
        -11.915,
        1,
        1.133,
        -5.699,
        1.233,
        0,
        1.333,
        0,
        2,
        2,
        0
      ]
    },
    {
      "Target": "Parameter",
      "Id": "ParamRHand",
      "Segments": [
        0,
        -8,
        0,
        0.433,
        7.517,
        0,
        0.633,
        -8,
        1,
        0.689,
        -8,
        0.744,
        -7.1,
        0.8,
        0,
        1,
        0.867,
        8.521,
        0.933,
        18.167,
        1,
        18.167,
        1,
        1.056,
        18.167,
        1.111,
        18.098,
        1.167,
        14.204,
        1,
        1.211,
        11.088,
        1.256,
        -2.49,
        1.3,
        -2.49,
        0,
        1.433,
        0,
        2,
        2,
        0
      ]
    },
    {
      "Target": "Parameter",
      "Id": "ParamRHandZ2",
      "Segments": [
        0,
        19,
        2,
        0.467,
        19,
        2,
        0.9,
        19,
        0,
        1.367,
        -6.505,
        0,
        1.6,
        7.42,
        0,
        2,
        0
      ]
    },
    {
      "Target": "Parameter",
      "Id": "ParamHQiangX",
      "Segments": [
        0,
        -12,
        2,
        0.133,
        -12,
        2,
        0.267,
        -12,
        0,
        0.533,
        -23.984,
        0,
        1,
        0,
        2,
        2,
        0
      ]
    },
    {
      "Target": "Parameter",
      "Id": "ParamHQiang",
      "Segments": [
        0,
        -10,
        2,
        0.233,
        -10,
        0,
        0.467,
        6.633,
        0,
        0.767,
        -23,
        2,
        1.2,
        -23,
        0,
        1.7,
        0,
        2,
        2,
        0
      ]
    },
    {
      "Target": "Parameter",
      "Id": "ParamJXWei1",
      "Segments": [
        0,
        18.974,
        2,
        0.267,
        18.974,
        0,
        0.467,
        30,
        2,
        0.667,
        30,
        1,
        0.9,
        20,
        1.134,
        10,
        1.367,
        0,
        2,
        2,
        0
      ]
    },
    {
      "Target": "Parameter",
      "Id": "ParamJXWei2",
      "Segments": [
        0,
        23,
        2,
        0.267,
        23,
        0,
        0.367,
        30,
        2,
        0.667,
        30,
        1,
        0.856,
        16.654,
        1.044,
        3.307,
        1.233,
        -10.039,
        1,
        1.355,
        -6.693,
        1.478,
        -3.346,
        1.6,
        0,
        2,
        2,
        0
      ]
    },
    {
      "Target": "Parameter",
      "Id": "ParamJXWei3",
      "Segments": [
        0,
        -14,
        2,
        0.133,
        -14,
        0,
        0.4,
        -7.715,
        1,
        0.467,
        -10.343,
        0.533,
        -12.972,
        0.6,
        -15.6,
        2,
        1.1,
        -15.6,
        1,
        1.322,
        -10.4,
        1.545,
        -5.2,
        1.767,
        0,
        2,
        2,
        0
      ]
    },
    {
      "Target": "Parameter",
      "Id": "ParamJXWei4",
      "Segments": [
        0,
        -7,
        0,
        0.167,
        19.418,
        2,
        0.433,
        19.418,
        1,
        0.544,
        2.945,
        0.656,
        -13.527,
        0.767,
        -30,
        1,
        0.878,
        -10,
        0.989,
        10,
        1.1,
        30,
        2,
        1.433,
        30,
        1,
        1.589,
        20,
        1.744,
        10,
        1.9,
        0,
        2,
        2,
        0
      ]
    },
    {
      "Target": "Parameter",
      "Id": "ParamJXWei5",
      "Segments": [
        0,
        -6.165,
        2,
        0.367,
        -6.165,
        0,
        0.933,
        27.482,
        2,
        1.233,
        27.482,
        1,
        1.489,
        18.321,
        1.744,
        9.161,
        2,
        0
      ]
    },
    {
      "Target": "Parameter",
      "Id": "ParamJXWei6",
      "Segments": [
        0,
        15,
        0,
        0.3,
        27,
        2,
        0.7,
        27,
        0,
        1.233,
        -7.168,
        0,
        2,
        0
      ]
    },
    {
      "Target": "Parameter",
      "Id": "ParamJXWei7",
      "Segments": [
        0,
        8.36,
        0,
        0.267,
        -4.392,
        2,
        0.7,
        -4.392,
        0,
        1,
        -8.665,
        0,
        1.633,
        0,
        2,
        2,
        0
      ]
    },
    {
      "Target": "Parameter",
      "Id": "ParamZTX",
      "Segments": [
        0,
        0.756,
        2,
        0.567,
        0.756,
        2,
        0.633,
        0.756,
        1,
        0.689,
        0.756,
        0.744,
        0.79,
        0.8,
        1.056,
        1,
        0.833,
        1.216,
        0.867,
        1.596,
        0.9,
        1.596,
        1,
        0.944,
        1.596,
        0.989,
        1.509,
        1.033,
        1.375,
        1,
        1.122,
        1.106,
        1.211,
        0.914,
        1.3,
        0.603,
        1,
        1.4,
        0.253,
        1.5,
        -0.041,
        1.6,
        -0.041,
        0,
        1.733,
        0,
        2,
        2,
        0
      ]
    },
    {
      "Target": "Parameter",
      "Id": "ParamZTY",
      "Segments": [
        0,
        -9.575,
        2,
        0.367,
        -9.575,
        1,
        0.478,
        -9.575,
        0.589,
        -7.284,
        0.7,
        -4.596,
        1,
        0.844,
        -1.101,
        0.989,
        0,
        1.133,
        0,
        2,
        1.533,
        0,
        2,
        2,
        0
      ]
    },
    {
      "Target": "Parameter",
      "Id": "ParamZTZ",
      "Segments": [
        0,
        9.23,
        2,
        0.467,
        9.23,
        0,
        0.633,
        10.434,
        1,
        0.7,
        10.434,
        0.766,
        10.604,
        0.833,
        9.23,
        1,
        1.066,
        4.419,
        1.3,
        0,
        1.533,
        0,
        2,
        2,
        0
      ]
    },
    {
      "Target": "Parameter",
      "Id": "ParamZTO",
      "Segments": [
        0,
        9.5,
        2,
        0.567,
        9.5,
        2,
        0.733,
        9.5,
        1,
        0.833,
        9.5,
        0.933,
        8.109,
        1.033,
        6.243,
        1,
        1.122,
        4.584,
        1.211,
        3.384,
        1.3,
        1.931,
        1,
        1.378,
        0.66,
        1.455,
        0,
        1.533,
        0,
        2,
        2,
        0
      ]
    },
    {
      "Target": "Parameter",
      "Id": "ParamBJtoushi",
      "Segments": [
        0,
        30,
        2,
        0.4,
        30,
        0,
        1.567,
        0,
        2,
        2,
        0
      ]
    },
    {
      "Target": "Parameter",
      "Id": "Param9",
      "Segments": [
        0,
        0,
        2,
        0.933,
        0,
        0,
        1.067,
        -13,
        0,
        1.4,
        6,
        0,
        2,
        0
      ]
    },
    {
      "Target": "Parameter",
      "Id": "ParamOpaishakeX",
      "Segments": [
        0,
        0,
        0,
        0.2,
        -0.051,
        0,
        0.433,
        0.285,
        0,
        0.633,
        -1,
        1,
        0.666,
        -1,
        0.7,
        -1,
        0.733,
        -0.793,
        1,
        0.766,
        -0.577,
        0.8,
        0.453,
        0.833,
        0.764,
        1,
        0.855,
        0.971,
        0.878,
        0.96,
        0.9,
        0.96,
        0,
        1.133,
        -0.314,
        0,
        1.333,
        0.151,
        0,
        1.567,
        -0.051,
        0,
        1.8,
        0.071,
        0,
        2,
        0
      ]
    },
    {
      "Target": "Parameter",
      "Id": "ParamOpaishakeXB",
      "Segments": [
        0,
        0,
        0,
        0.267,
        -1.518,
        0,
        0.5,
        8.553,
        0,
        0.7,
        -30,
        1,
        0.733,
        -30,
        0.767,
        -30,
        0.8,
        -23.781,
        1,
        0.833,
        -17.409,
        0.867,
        13.645,
        0.9,
        22.908,
        1,
        0.922,
        29.083,
        0.945,
        28.8,
        0.967,
        28.8,
        0,
        1.2,
        -9.408,
        0,
        1.4,
        4.533,
        0,
        1.633,
        -1.518,
        0,
        1.833,
        2.139,
        0,
        2,
        0
      ]
    },
    {
      "Target": "Parameter",
      "Id": "ParamOpaishakeY",
      "Segments": [
        0,
        -0.159,
        1,
        0.067,
        -0.159,
        0.133,
        -0.167,
        0.2,
        0.074,
        1,
        0.289,
        0.395,
        0.378,
        0.9,
        0.467,
        0.9,
        0,
        0.667,
        -0.027,
        0,
        0.933,
        0.382,
        0,
        1.167,
        -0.81,
        0,
        1.433,
        0.275,
        0,
        1.667,
        -0.195,
        0,
        2,
        0.3
      ]
    },
    {
      "Target": "Parameter",
      "Id": "ParamOpaishakeYB",
      "Segments": [
        0,
        -4.77,
        1,
        0.033,
        -4.77,
        0.067,
        -3.444,
        0.1,
        2.232,
        1,
        0.189,
        17.369,
        0.278,
        27,
        0.367,
        27,
        0,
        0.567,
        -0.804,
        0,
        0.867,
        11.46,
        0,
        1.067,
        -24.288,
        0,
        1.333,
        8.25,
        0,
        1.567,
        -5.853,
        1,
        1.645,
        -5.853,
        1.722,
        -4.658,
        1.8,
        -2.562,
        1,
        1.867,
        -0.766,
        1.933,
        0,
        2,
        0
      ]
    },
    {
      "Target": "Parameter",
      "Id": "ParamOpaishakeX2",
      "Segments": [
        0,
        -0.007,
        0,
        0.2,
        0.049,
        0,
        0.433,
        -0.117,
        0,
        0.633,
        0.732,
        0,
        0.833,
        -0.883,
        0,
        1,
        0.975,
        0,
        1.2,
        -0.535,
        0,
        1.433,
        0.257,
        0,
        1.667,
        -0.117,
        0,
        2,
        0
      ]
    },
    {
      "Target": "Parameter",
      "Id": "ParamOpaishakeY2",
      "Segments": [
        0,
        -0.159,
        1,
        0.089,
        -0.159,
        0.178,
        -0.168,
        0.267,
        0.074,
        1,
        0.356,
        0.316,
        0.444,
        0.9,
        0.533,
        0.9,
        0,
        0.733,
        -0.027,
        0,
        1,
        0.382,
        0,
        1.2,
        -0.81,
        0,
        1.5,
        0.275,
        0,
        1.733,
        -0.195,
        0,
        2,
        0.3
      ]
    },
    {
      "Target": "Parameter",
      "Id": "ParamOpaishakeY2B",
      "Segments": [
        0,
        -4.77,
        1,
        0.056,
        -4.77,
        0.111,
        -4.683,
        0.167,
        2.232,
        1,
        0.256,
        13.295,
        0.344,
        27,
        0.433,
        27,
        0,
        0.633,
        -0.804,
        0,
        0.9,
        11.46,
        0,
        1.133,
        -24.288,
        0,
        1.4,
        8.25,
        0,
        1.633,
        -5.853,
        0,
        2,
        0
      ]
    },
    {
      "Target": "Parameter",
      "Id": "ParamClothes",
      "Segments": [
        0,
        -0.262,
        2,
        0.233,
        -0.262,
        0,
        0.5,
        0.277,
        0,
        0.833,
        -0.611,
        0,
        1.033,
        -0.161,
        0,
        1.233,
        -0.281,
        0,
        1.5,
        -0.257,
        0,
        1.8,
        -0.276,
        0,
        2,
        0
      ]
    },
    {
      "Target": "Parameter",
      "Id": "ParamClothesY",
      "Segments": [
        0,
        -0.004,
        1,
        0.067,
        -0.004,
        0.133,
        -0.006,
        0.2,
        0,
        1,
        0.289,
        0.008,
        0.378,
        0.193,
        0.467,
        0.193,
        0,
        0.633,
        -1,
        2,
        0.733,
        -1,
        0,
        0.9,
        0.891,
        0,
        1.1,
        -0.296,
        0,
        1.333,
        0.101,
        0,
        1.567,
        -0.034,
        0,
        1.8,
        0.012,
        0,
        1.9,
        -0.033,
        0,
        2,
        0
      ]
    },
    {
      "Target": "Parameter",
      "Id": "ParamClothes2Y",
      "Segments": [
        0,
        0,
        0,
        0.4,
        0.47,
        0,
        0.867,
        -0.489,
        0,
        1.467,
        0.28,
        0,
        1.833,
        -0.282,
        0,
        2,
        0
      ]
    },
    {
      "Target": "Parameter",
      "Id": "ParamClothes2",
      "Segments": [
        0,
        0,
        0,
        0.6,
        0.446,
        0,
        1.133,
        -0.398,
        0,
        1.667,
        0.259,
        0,
        2,
        0
      ]
    },
    {
      "Target": "Parameter",
      "Id": "ParamPhysics1",
      "Segments": [
        0,
        -7.934,
        1,
        0.1,
        -7.934,
        0.2,
        -7.942,
        0.3,
        -7.854,
        1,
        0.367,
        -7.796,
        0.433,
        -4.393,
        0.5,
        -4.393,
        0,
        0.7,
        -25.307,
        0,
        1,
        -2.382,
        0,
        1.333,
        -9.214,
        1,
        1.444,
        -9.214,
        1.556,
        -9.3,
        1.667,
        -7.519,
        1,
        1.778,
        -5.738,
        1.889,
        0,
        2,
        0
      ]
    },
    {
      "Target": "Parameter",
      "Id": "ParamPhysics2",
      "Segments": [
        0,
        -0.563,
        1,
        0.022,
        -0.563,
        0.045,
        -0.005,
        0.067,
        -0.004,
        1,
        0.145,
        -0.001,
        0.222,
        0,
        0.3,
        0,
        0,
        0.5,
        -2.162,
        0,
        0.7,
        13.527,
        0,
        0.9,
        -12.227,
        0,
        1.167,
        8.704,
        0,
        1.5,
        -4.527,
        0,
        1.8,
        1.998,
        0,
        2,
        0
      ]
    },
    {
      "Target": "Parameter",
      "Id": "ParamPhysics3",
      "Segments": [
        0,
        1.76,
        0,
        0.133,
        -0.029,
        2,
        0.167,
        -0.029,
        0,
        0.3,
        -0.011,
        0,
        0.567,
        -1.281,
        0,
        0.767,
        8.783,
        0,
        1,
        -13.683,
        0,
        1.3,
        12.998,
        0,
        1.6,
        -8.911,
        0,
        2,
        0
      ]
    },
    {
      "Target": "Parameter",
      "Id": "ParamPhysics4",
      "Segments": [
        0,
        8.975,
        0,
        0.2,
        -0.11,
        0,
        0.4,
        -0.026,
        0,
        0.633,
        -0.862,
        0,
        0.867,
        6.875,
        0,
        1.133,
        -14.642,
        0,
        1.4,
        17.154,
        0,
        1.7,
        -14.16,
        0,
        2,
        0
      ]
    },
    {
      "Target": "Parameter",
      "Id": "Param13",
      "Segments": [
        0,
        15.153,
        1,
        0.078,
        15.153,
        0.155,
        11.425,
        0.233,
        6.886,
        1,
        0.278,
        4.292,
        0.322,
        3.587,
        0.367,
        0.841,
        1,
        0.422,
        -2.592,
        0.478,
        -6.775,
        0.533,
        -6.775,
        1,
        0.611,
        -6.775,
        0.689,
        3.015,
        0.767,
        11.388,
        1,
        0.822,
        17.369,
        0.878,
        17.817,
        0.933,
        17.817,
        0,
        1.267,
        0.841,
        0,
        1.633,
        11.388,
        0,
        2,
        0
      ]
    },
    {
      "Target": "Parameter",
      "Id": "Param14",
      "Segments": [
        0,
        1.811,
        0,
        0.233,
        -7.491,
        0,
        0.467,
        8.229,
        0,
        0.667,
        -11.196,
        0,
        0.933,
        12.241,
        0,
        1.167,
        -3.343,
        0,
        1.467,
        12.241,
        0,
        1.8,
        -7.491,
        0,
        2,
        0
      ]
    },
    {
      "Target": "Parameter",
      "Id": "ParamAngleA1",
      "Segments": [
        0,
        22.73,
        0,
        0.367,
        -18.962,
        1,
        0.434,
        -18.962,
        0.5,
        -17.32,
        0.567,
        -5.696,
        1,
        0.645,
        7.865,
        0.722,
        22.73,
        0.8,
        22.73,
        0,
        0.967,
        7.644,
        0,
        1.233,
        27.686,
        0,
        1.667,
        -9.342,
        0,
        2,
        0
      ]
    },
    {
      "Target": "Parameter",
      "Id": "ParamAngleA2",
      "Segments": [
        0,
        2.717,
        0,
        0.233,
        -3.812,
        0,
        0.433,
        2.717,
        0,
        0.667,
        -13.726,
        0,
        0.867,
        15.391,
        0,
        1.167,
        -7.523,
        0,
        1.4,
        14.4,
        0,
        1.667,
        -7.523,
        0,
        2,
        0
      ]
    },
    {
      "Target": "Parameter",
      "Id": "ParamAngleA3",
      "Segments": [
        0,
        4.743,
        0,
        0.3,
        -0.118,
        0,
        0.533,
        0.977,
        0,
        0.733,
        -9.225,
        0,
        0.933,
        19.489,
        0,
        1.2,
        -25.488,
        0,
        1.5,
        13.864,
        0,
        1.8,
        -4.416,
        0,
        2,
        0
      ]
    },
    {
      "Target": "Parameter",
      "Id": "ParamAngleA4",
      "Segments": [
        0,
        -11.706,
        0,
        0.167,
        2.19,
        0,
        0.467,
        -6.213,
        0,
        0.633,
        4.157,
        0,
        0.833,
        -6.213,
        0,
        1.067,
        18.572,
        0,
        1.367,
        -27.154,
        0,
        1.7,
        15.025,
        0,
        2,
        0
      ]
    },
    {
      "Target": "Parameter",
      "Id": "ParamAngleB1",
      "Segments": [
        0,
        22.538,
        1,
        0.111,
        22.538,
        0.222,
        10.818,
        0.333,
        -0.161,
        1,
        0.422,
        -8.944,
        0.511,
        -10.163,
        0.6,
        -10.163,
        1,
        0.7,
        -10.163,
        0.8,
        2.066,
        0.9,
        17.082,
        1,
        0.956,
        25.424,
        1.011,
        26.726,
        1.067,
        26.726,
        1,
        1.156,
        26.726,
        1.244,
        26.696,
        1.333,
        18.646,
        1,
        1.466,
        6.57,
        1.6,
        -10.163,
        1.733,
        -10.163,
        0,
        2,
        0
      ]
    },
    {
      "Target": "Parameter",
      "Id": "ParamAngleB2",
      "Segments": [
        0,
        13.71,
        0,
        0.3,
        -3.035,
        0,
        0.533,
        7.159,
        0,
        0.8,
        -9.46,
        0,
        1.067,
        18.361,
        0,
        1.333,
        -4.858,
        0,
        1.6,
        18.361,
        0,
        1.867,
        -7.67,
        0,
        2,
        0
      ]
    },
    {
      "Target": "Parameter",
      "Id": "ParamAngleB3",
      "Segments": [
        0,
        -9,
        0,
        0.2,
        3.755,
        0,
        0.4,
        -9,
        0,
        0.7,
        3.755,
        0,
        0.9,
        -11.132,
        0,
        1.133,
        19.863,
        0,
        1.367,
        -26.117,
        0,
        1.633,
        26.917,
        1,
        1.7,
        26.917,
        1.766,
        15.27,
        1.833,
        7.151,
        1,
        1.889,
        0.385,
        1.944,
        0,
        2,
        0
      ]
    },
    {
      "Target": "Parameter",
      "Id": "ParamAngleB4",
      "Segments": [
        0,
        21.78,
        1,
        0.078,
        21.78,
        0.155,
        18.021,
        0.233,
        4.589,
        1,
        0.3,
        -6.924,
        0.366,
        -17.21,
        0.433,
        -17.21,
        0,
        0.733,
        4.589,
        0,
        1,
        -8.89,
        0,
        1.233,
        22.821,
        0,
        1.5,
        -36.998,
        0,
        1.8,
        21.78,
        0,
        2,
        0
      ]
    },
    {
      "Target": "Parameter",
      "Id": "ParamAngleC1",
      "Segments": [
        0,
        21.173,
        1,
        0.122,
        21.173,
        0.245,
        14.43,
        0.367,
        -0.031,
        1,
        0.434,
        -7.919,
        0.5,
        -12.388,
        0.567,
        -12.388,
        1,
        0.667,
        -12.388,
        0.767,
        -5.879,
        0.867,
        11.904,
        1,
        0.922,
        21.784,
        0.978,
        29.999,
        1.033,
        29.999,
        1,
        1.111,
        29.999,
        1.189,
        31.583,
        1.267,
        24.244,
        1,
        1.422,
        9.565,
        1.578,
        -24.949,
        1.733,
        -24.949,
        0,
        2,
        0
      ]
    },
    {
      "Target": "Parameter",
      "Id": "ParamAngleC2",
      "Segments": [
        0,
        31,
        1,
        0.144,
        31,
        0.289,
        16.014,
        0.433,
        -0.991,
        1,
        0.522,
        -11.456,
        0.611,
        -12.975,
        0.7,
        -12.975,
        0,
        1,
        16.809,
        0,
        1.233,
        4.535,
        0,
        1.5,
        22.067,
        0,
        1.833,
        -8.502,
        0,
        2,
        0
      ]
    },
    {
      "Target": "Parameter",
      "Id": "ParamAngleC3",
      "Segments": [
        0,
        0.355,
        0,
        0.067,
        0.42,
        0,
        0.333,
        -2.854,
        0,
        0.733,
        4.754,
        0,
        0.9,
        -11.219,
        0,
        1.133,
        15.844,
        0,
        1.433,
        -2.854,
        0,
        1.733,
        9.546,
        0,
        2,
        0
      ]
    },
    {
      "Target": "Parameter",
      "Id": "ParamAngleC4",
      "Segments": [
        0,
        1.488,
        0,
        0.067,
        1.718,
        0,
        0.4,
        -0.891,
        0,
        0.767,
        3.115,
        0,
        0.967,
        -8.522,
        0,
        1.2,
        15.39,
        0,
        1.433,
        -5.923,
        0,
        1.733,
        11.304,
        0,
        2,
        0
      ]
    },
    {
      "Target": "Parameter",
      "Id": "ParamAngleC5",
      "Segments": [
        0,
        1.439,
        0,
        0.1,
        3.711,
        0,
        0.433,
        -2.151,
        0,
        0.833,
        2.951,
        0,
        1.067,
        -8.865,
        0,
        1.267,
        17.226,
        0,
        1.533,
        -2.151,
        0,
        1.767,
        11.954,
        0,
        2,
        0
      ]
    },
    {
      "Target": "Parameter",
      "Id": "ParamAngleD1",
      "Segments": [
        0,
        4.377,
        0,
        0.3,
        -4.532,
        0,
        0.567,
        1.385,
        0,
        0.8,
        -6.609,
        0,
        1.1,
        8.293,
        1,
        1.167,
        8.293,
        1.233,
        8.356,
        1.3,
        5.841,
        1,
        1.422,
        1.23,
        1.545,
        -4.532,
        1.667,
        -4.532,
        0,
        2,
        0
      ]
    },
    {
      "Target": "Parameter",
      "Id": "ParamAngleD2",
      "Segments": [
        0,
        22.823,
        1,
        0.111,
        22.823,
        0.222,
        2.966,
        0.333,
        0,
        1,
        0.389,
        -1.483,
        0.444,
        -0.991,
        0.5,
        -0.991,
        1,
        0.556,
        -0.991,
        0.611,
        2.89,
        0.667,
        7.5,
        1,
        0.778,
        16.72,
        0.889,
        20.199,
        1,
        20.199,
        0,
        1.3,
        7.5,
        0,
        1.5,
        17.04,
        0,
        1.7,
        -6.108,
        0,
        2,
        0
      ]
    },
    {
      "Target": "Parameter",
      "Id": "ParamAngleD3",
      "Segments": [
        0,
        0.355,
        0,
        0.133,
        3.346,
        0,
        0.367,
        -6.593,
        0,
        0.8,
        4.754,
        0,
        0.967,
        -11.219,
        0,
        1.2,
        15.844,
        0,
        1.5,
        -4.921,
        0,
        1.8,
        10.038,
        0,
        2,
        0
      ]
    },
    {
      "Target": "Parameter",
      "Id": "ParamAngleD4",
      "Segments": [
        0,
        1.488,
        0,
        0.133,
        1.718,
        0,
        0.433,
        -3.913,
        0,
        0.7,
        4,
        0,
        1.033,
        -8.522,
        0,
        1.267,
        15.39,
        0,
        1.7,
        -31.407,
        0,
        2,
        0
      ]
    },
    {
      "Target": "Parameter",
      "Id": "ParamAngleD5",
      "Segments": [
        0,
        1.439,
        0,
        0.167,
        3.711,
        0,
        0.5,
        -2.151,
        0,
        0.9,
        2.951,
        0,
        1.133,
        -8.865,
        0,
        1.333,
        17.226,
        1,
        1.422,
        17.226,
        1.511,
        11.519,
        1.6,
        -2.151,
        1,
        1.656,
        -10.695,
        1.711,
        -16.305,
        1.767,
        -16.305,
        0,
        2,
        0
      ]
    },
    {
      "Target": "Parameter",
      "Id": "ParamAngleE1",
      "Segments": [
        0,
        26,
        1,
        0.111,
        26,
        0.222,
        11.405,
        0.333,
        0,
        1,
        0.411,
        -7.983,
        0.489,
        -8.307,
        0.567,
        -8.307,
        1,
        0.634,
        -8.307,
        0.7,
        -7.591,
        0.767,
        -2.883,
        1,
        0.822,
        1.04,
        0.878,
        10.594,
        0.933,
        16.91,
        1,
        0.989,
        23.226,
        1.044,
        26,
        1.1,
        26,
        1,
        1.211,
        26,
        1.322,
        26.233,
        1.433,
        19.829,
        1,
        1.544,
        13.424,
        1.656,
        -10.844,
        1.767,
        -10.844,
        0,
        2,
        0
      ]
    },
    {
      "Target": "Parameter",
      "Id": "ParamAngleE2",
      "Segments": [
        0,
        15.699,
        0,
        0.4,
        -0.866,
        0,
        0.667,
        3.678,
        0,
        0.933,
        -4.135,
        0,
        1.233,
        9.304,
        1,
        1.322,
        9.304,
        1.411,
        8.813,
        1.5,
        4.904,
        1,
        1.578,
        1.484,
        1.655,
        -4.135,
        1.733,
        -4.135,
        0,
        2,
        0
      ]
    },
    {
      "Target": "Parameter",
      "Id": "ParamAngleE3",
      "Segments": [
        0,
        -1.257,
        0,
        0.3,
        0.891,
        0,
        0.6,
        -1.257,
        0,
        0.833,
        1.943,
        0,
        1.067,
        -4.372,
        0,
        1.3,
        11.578,
        0,
        1.7,
        -7.78,
        0,
        2,
        0
      ]
    },
    {
      "Target": "Parameter",
      "Id": "ParamAngleE4",
      "Segments": [
        0,
        -10.198,
        0,
        0.367,
        6.812,
        0,
        0.7,
        -4.418,
        0,
        0.933,
        4.244,
        0,
        1.2,
        -8.067,
        0,
        1.467,
        8.388,
        0,
        1.733,
        -4.418,
        0,
        2,
        0
      ]
    },
    {
      "Target": "Parameter",
      "Id": "ParamGangSheng1",
      "Segments": [
        0,
        -0.002,
        0,
        0.267,
        -2.109,
        0,
        0.5,
        2.458,
        0,
        0.7,
        -13.29,
        0,
        0.9,
        5.418,
        0,
        1.133,
        -1.435,
        0,
        1.367,
        0.384,
        0,
        1.7,
        -2.857,
        0,
        2,
        0
      ]
    },
    {
      "Target": "Parameter",
      "Id": "ParamGangSheng2",
      "Segments": [
        0,
        0.122,
        1,
        0.1,
        0.122,
        0.2,
        0.124,
        0.3,
        0,
        1,
        0.356,
        -0.069,
        0.411,
        -1.834,
        0.467,
        -1.834,
        0,
        0.667,
        11.4,
        0,
        0.8,
        -17.247,
        0,
        1.033,
        9.971,
        0,
        1.233,
        -4.552,
        0,
        1.5,
        1.765,
        0,
        1.733,
        -0.625,
        0,
        2,
        0
      ]
    },
    {
      "Target": "Parameter",
      "Id": "ParamGangSheng3",
      "Segments": [
        0,
        0.627,
        1,
        0.111,
        0.627,
        0.222,
        0.57,
        0.333,
        0,
        1,
        0.4,
        -0.342,
        0.466,
        -1.342,
        0.533,
        -1.342,
        0,
        0.733,
        10.459,
        0,
        0.9,
        -15.519,
        0,
        1.133,
        12.927,
        0,
        1.367,
        -7.41,
        0,
        1.567,
        3.639,
        0,
        1.8,
        -1.579,
        0,
        2,
        0
      ]
    },
    {
      "Target": "Parameter",
      "Id": "ParamGangSheng4",
      "Segments": [
        0,
        -0.01,
        0,
        0.367,
        0,
        0,
        0.567,
        -1.293,
        0,
        0.8,
        9.189,
        0,
        0.967,
        -16.458,
        0,
        1.2,
        15.925,
        0,
        1.467,
        -10.969,
        0,
        1.7,
        6.312,
        0,
        2,
        0
      ]
    },
    {
      "Target": "Parameter",
      "Id": "ParamGangSheng5",
      "Segments": [
        0,
        -4.358,
        0,
        0.433,
        0,
        0,
        0.633,
        -1.035,
        0,
        0.867,
        8.368,
        0,
        1.033,
        -17.179,
        0,
        1.267,
        19.286,
        0,
        1.5,
        -15.022,
        0,
        1.767,
        9.858,
        0,
        1.9,
        -16.861,
        0,
        2,
        0
      ]
    },
    {
      "Target": "Parameter",
      "Id": "ParamGangSheng6",
      "Segments": [
        0,
        -8.16,
        0,
        0.467,
        0,
        0,
        0.667,
        -0.884,
        0,
        0.9,
        8.132,
        0,
        1.133,
        -18.112,
        0,
        1.367,
        22.149,
        0,
        1.6,
        -19.435,
        0,
        1.833,
        14.16,
        0,
        2,
        0
      ]
    },
    {
      "Target": "Parameter",
      "Id": "ParamJXSheng2",
      "Segments": [
        0,
        0.01,
        0,
        0.367,
        0,
        0,
        0.567,
        1.293,
        0,
        0.8,
        -9.189,
        0,
        0.967,
        16.458,
        0,
        1.2,
        -15.925,
        0,
        1.467,
        10.969,
        0,
        1.7,
        -6.312,
        0,
        2,
        0
      ]
    },
    {
      "Target": "Parameter",
      "Id": "ParamJXSheng1",
      "Segments": [
        0,
        0.627,
        1,
        0.111,
        0.627,
        0.222,
        0.57,
        0.333,
        0,
        1,
        0.4,
        -0.342,
        0.466,
        -1.342,
        0.533,
        -1.342,
        0,
        0.733,
        10.459,
        0,
        0.9,
        -15.519,
        0,
        1.133,
        12.927,
        0,
        1.367,
        -7.41,
        0,
        1.567,
        3.639,
        0,
        1.8,
        -1.579,
        0,
        2,
        0
      ]
    },
    {
      "Target": "Parameter",
      "Id": "Paramyfyc",
      "Segments": [
        0,
        0,
        2,
        0.8,
        0,
        0,
        0.9,
        1,
        2,
        2,
        1
      ]
    },
    {
      "Target": "Parameter",
      "Id": "ParamShanyao",
      "Segments": [
        0,
        0,
        2,
        0.4,
        0,
        1,
        0.444,
        0,
        0.489,
        0.295,
        0.533,
        0.383,
        1,
        0.644,
        0.602,
        0.756,
        0.762,
        0.867,
        0.903,
        1,
        0.934,
        0.988,
        1,
        1,
        1.067,
        1,
        2,
        1.1,
        0,
        2,
        2,
        0
      ]
    },
    {
      "Target": "Parameter",
      "Id": "ParamShanyaoA",
      "Segments": [
        0,
        0,
        2,
        0.3,
        0,
        0,
        0.333,
        1,
        2,
        1.2,
        1,
        0,
        1.3,
        0,
        2,
        2,
        0
      ]
    },
    {
      "Target": "Parameter",
      "Id": "ParamGuang1",
      "Segments": [
        0,
        1,
        3,
        0.033,
        0,
        0,
        0.433,
        1,
        2,
        2,
        1
      ]
    },
    {
      "Target": "Parameter",
      "Id": "ParamUI1",
      "Segments": [
        0,
        0.5,
        2,
        0.5,
        0.5,
        0,
        0.6,
        0.392,
        1,
        0.633,
        0.392,
        0.667,
        0.415,
        0.7,
        0.5,
        1,
        0.711,
        0.528,
        0.722,
        0.663,
        0.733,
        0.694,
        1,
        0.811,
        0.913,
        0.889,
        1,
        0.967,
        1,
        2,
        2,
        1
      ]
    },
    {
      "Target": "Parameter",
      "Id": "ParamUITouming",
      "Segments": [
        0,
        0.6,
        2,
        0.467,
        0.6,
        0,
        0.567,
        0,
        2,
        0.767,
        0,
        0,
        0.9,
        1,
        2,
        2,
        1
      ]
    },
    {
      "Target": "Parameter",
      "Id": "ParamUIZ",
      "Segments": [
        0,
        30,
        2,
        0.567,
        30,
        0,
        1.1,
        0,
        2,
        2,
        0
      ]
    },
    {
      "Target": "Parameter",
      "Id": "ParamUIXD",
      "Segments": [
        0,
        0,
        2,
        0.533,
        0,
        0,
        0.733,
        1,
        2,
        2,
        1
      ]
    },
    {
      "Target": "Parameter",
      "Id": "ParamClothUI1",
      "Segments": [
        0,
        1,
        2,
        0.233,
        1,
        1,
        0.255,
        0.667,
        0.278,
        0.333,
        0.3,
        0,
        2,
        0.567,
        0,
        2,
        2,
        0
      ]
    },
    {
      "Target": "Parameter",
      "Id": "ParamClothUI2",
      "Segments": [
        0,
        0,
        2,
        0.2,
        0,
        0,
        0.5,
        1,
        2,
        0.567,
        1,
        2,
        2,
        1
      ]
    },
    {
      "Target": "Model",
      "Id": "Opacity",
      "Segments": [
        0,
        1,
        0,
        2,
        1
      ]
    },
    {
      "Target": "Parameter",
      "Id": "ParamParamBrowLY",
      "Segments": [
        0,
        0,
        0,
        2,
        0
      ]
    },
    {
      "Target": "Parameter",
      "Id": "ParamBrowLAngle",
      "Segments": [
        0,
        0,
        0,
        2,
        0
      ]
    },
    {
      "Target": "Parameter",
      "Id": "ParamParamBrowRY",
      "Segments": [
        0,
        0,
        0,
        2,
        0
      ]
    },
    {
      "Target": "Parameter",
      "Id": "ParamBrowRAngle",
      "Segments": [
        0,
        0,
        0,
        2,
        0
      ]
    },
    {
      "Target": "Parameter",
      "Id": "ParamCheek2",
      "Segments": [
        0,
        0,
        0,
        2,
        0
      ]
    },
    {
      "Target": "Parameter",
      "Id": "ParamCheek3",
      "Segments": [
        0,
        0,
        0,
        2,
        0
      ]
    },
    {
      "Target": "Parameter",
      "Id": "ParamCheek4",
      "Segments": [
        0,
        0,
        0,
        2,
        0
      ]
    },
    {
      "Target": "Parameter",
      "Id": "ParamCheek",
      "Segments": [
        0,
        0,
        0,
        2,
        0
      ]
    },
    {
      "Target": "Parameter",
      "Id": "ParamCheek5",
      "Segments": [
        0,
        0,
        0,
        2,
        0
      ]
    },
    {
      "Target": "Parameter",
      "Id": "ParamJy",
      "Segments": [
        0,
        0,
        0,
        2,
        0
      ]
    },
    {
      "Target": "Parameter",
      "Id": "ParamCheek6",
      "Segments": [
        0,
        0,
        0,
        2,
        0
      ]
    },
    {
      "Target": "Parameter",
      "Id": "ParamHipX",
      "Segments": [
        0,
        0,
        0,
        2,
        0
      ]
    },
    {
      "Target": "Parameter",
      "Id": "ParamHipY",
      "Segments": [
        0,
        0,
        0,
        2,
        0
      ]
    },
    {
      "Target": "Parameter",
      "Id": "ParamLjian",
      "Segments": [
        0,
        0,
        0,
        2,
        0
      ]
    },
    {
      "Target": "Parameter",
      "Id": "ParamFoot1",
      "Segments": [
        0,
        0,
        0,
        2,
        0
      ]
    },
    {
      "Target": "Parameter",
      "Id": "ParamFoot2",
      "Segments": [
        0,
        0,
        0,
        2,
        0
      ]
    },
    {
      "Target": "Parameter",
      "Id": "ParamHuXi2",
      "Segments": [
        0,
        0,
        0,
        2,
        0
      ]
    },
    {
      "Target": "Parameter",
      "Id": "Param4",
      "Segments": [
        0,
        0,
        0,
        2,
        0
      ]
    },
    {
      "Target": "Parameter",
      "Id": "ParamLArmAB",
      "Segments": [
        0,
        0,
        0,
        2,
        0
      ]
    },
    {
      "Target": "Parameter",
      "Id": "Param15",
      "Segments": [
        0,
        0,
        0,
        2,
        0
      ]
    },
    {
      "Target": "Parameter",
      "Id": "Param17",
      "Segments": [
        0,
        0,
        0,
        2,
        0
      ]
    },
    {
      "Target": "Parameter",
      "Id": "Param3",
      "Segments": [
        0,
        0,
        0,
        2,
        0
      ]
    },
    {
      "Target": "Parameter",
      "Id": "Param7",
      "Segments": [
        0,
        0,
        0,
        2,
        0
      ]
    },
    {
      "Target": "Parameter",
      "Id": "Param",
      "Segments": [
        0,
        0,
        0,
        2,
        0
      ]
    },
    {
      "Target": "Parameter",
      "Id": "Param2",
      "Segments": [
        0,
        0,
        0,
        2,
        0
      ]
    },
    {
      "Target": "Parameter",
      "Id": "Param8",
      "Segments": [
        0,
        0,
        0,
        2,
        0
      ]
    },
    {
      "Target": "Parameter",
      "Id": "ParamLHandZ",
      "Segments": [
        0,
        0,
        0,
        2,
        0
      ]
    },
    {
      "Target": "Parameter",
      "Id": "ParamLHandX",
      "Segments": [
        0,
        0,
        0,
        2,
        0
      ]
    },
    {
      "Target": "Parameter",
      "Id": "ParamLHand1",
      "Segments": [
        0,
        0,
        0,
        2,
        0
      ]
    },
    {
      "Target": "Parameter",
      "Id": "ParamLHand2",
      "Segments": [
        0,
        0,
        0,
        2,
        0
      ]
    },
    {
      "Target": "Parameter",
      "Id": "ParamLHand34",
      "Segments": [
        0,
        0,
        0,
        2,
        0
      ]
    },
    {
      "Target": "Parameter",
      "Id": "ParamLHand5",
      "Segments": [
        0,
        0,
        0,
        2,
        0
      ]
    },
    {
      "Target": "Parameter",
      "Id": "ParamLHandWater",
      "Segments": [
        0,
        0,
        0,
        2,
        0
      ]
    },
    {
      "Target": "Parameter",
      "Id": "Param16",
      "Segments": [
        0,
        0,
        0,
        2,
        0
      ]
    },
    {
      "Target": "Parameter",
      "Id": "ParamLHandWater1",
      "Segments": [
        0,
        0,
        0,
        2,
        0
      ]
    },
    {
      "Target": "Parameter",
      "Id": "ParamLHandWater2",
      "Segments": [
        0,
        0,
        0,
        2,
        0
      ]
    },
    {
      "Target": "Parameter",
      "Id": "ParamRArmDB",
      "Segments": [
        0,
        0,
        0,
        2,
        0
      ]
    },
    {
      "Target": "Parameter",
      "Id": "ParamHQiangY",
      "Segments": [
        0,
        0,
        0,
        2,
        0
      ]
    },
    {
      "Target": "Parameter",
      "Id": "ParamJXWei",
      "Segments": [
        0,
        0,
        0,
        2,
        0
      ]
    },
    {
      "Target": "Parameter",
      "Id": "ParamWhite1",
      "Segments": [
        0,
        0,
        0,
        2,
        0
      ]
    },
    {
      "Target": "Parameter",
      "Id": "ParamBlack0",
      "Segments": [
        0,
        1,
        0,
        2,
        1
      ]
    },
    {
      "Target": "Parameter",
      "Id": "ParamBlack1",
      "Segments": [
        0,
        0,
        0,
        2,
        0
      ]
    },
    {
      "Target": "Parameter",
      "Id": "ParamBlack2",
      "Segments": [
        0,
        0,
        0,
        2,
        0
      ]
    },
    {
      "Target": "Parameter",
      "Id": "ParamOpaishakeX2B",
      "Segments": [
        0,
        0,
        0,
        2,
        0
      ]
    },
    {
      "Target": "Parameter",
      "Id": "Param11",
      "Segments": [
        0,
        0,
        0,
        2,
        0
      ]
    },
    {
      "Target": "Parameter",
      "Id": "Param12",
      "Segments": [
        0,
        0,
        0,
        2,
        0
      ]
    },
    {
      "Target": "Parameter",
      "Id": "Param5",
      "Segments": [
        0,
        0,
        0,
        2,
        0
      ]
    },
    {
      "Target": "Parameter",
      "Id": "Param6",
      "Segments": [
        0,
        0,
        0,
        2,
        0
      ]
    },
    {
      "Target": "Parameter",
      "Id": "ParamDianchuWeizhi",
      "Segments": [
        0,
        2,
        0,
        2,
        2
      ]
    }
  ],
  "UserData": [
    {
      "Time": 0.0,
      "Value": "soundFx_1018_sfx_1"
    },
    {
      "Time": 0.0,
      "Value": ""
    },
    {
      "Time": 0.37,
      "Value": "characterVoice_143_1"
    }
  ]
}