{
  "Version": 3,
  "Meta": {
    "Duration": 6.733,
    "Fps": 30.0,
    "Loop": true,
    "AreBeziersRestricted": true,
    "CurveCount": 130,
    "TotalSegmentCount": 1354,
    "TotalPointCount": 1828,
    "UserDataCount": 2,
    "TotalUserDataSize": 22
  },
  "Curves": [
    {
      "Target": "Parameter",
      "Id": "ParamAngleX",
      "Segments": [
        0,
        0,
        0,
        0.4,
        -8,
        0,
        0.733,
        2.574,
        0,
        1.133,
        0,
        0,
        1.867,
        4,
        0,
        2.9,
        -2.4,
        0,
        3.1,
        4,
        1,
        3.278,
        4,
        3.455,
        -0.592,
        3.633,
        -1.492,
        1,
        4.178,
        -4.248,
        4.722,
        -4.826,
        5.267,
        -4.826,
        0,
        6,
        22.789,
        0,
        6.733,
        0
      ]
    },
    {
      "Target": "Parameter",
      "Id": "ParamAngleY",
      "Segments": [
        0,
        0,
        0,
        0.333,
        7,
        0,
        0.933,
        -9.932,
        0,
        2.533,
        0,
        0,
        2.833,
        -2.335,
        0,
        3.233,
        6.811,
        1,
        3.478,
        6.811,
        3.722,
        2.353,
        3.967,
        1.373,
        1,
        4.311,
        -0.008,
        4.656,
        0,
        5,
        0,
        2,
        5.6,
        0,
        0,
        5.967,
        -6.864,
        0,
        6.367,
        3.661,
        0,
        6.733,
        0
      ]
    },
    {
      "Target": "Parameter",
      "Id": "ParamAngleZ",
      "Segments": [
        0,
        0,
        0,
        0.4,
        -11.408,
        0,
        0.733,
        -8,
        1,
        1.044,
        -8,
        1.356,
        -8.721,
        1.667,
        -11.408,
        1,
        1.745,
        -12.08,
        1.822,
        -16,
        1.9,
        -16,
        0,
        2.533,
        4,
        0,
        3.067,
        0,
        1,
        3.167,
        0,
        3.267,
        19.446,
        3.367,
        21,
        1,
        3.567,
        24.108,
        3.767,
        24.397,
        3.967,
        24.397,
        2,
        5,
        24.397,
        0,
        5.8,
        30,
        0,
        6.267,
        -2.46,
        0,
        6.5,
        0,
        2,
        6.733,
        0
      ]
    },
    {
      "Target": "Parameter",
      "Id": "ParamEyeLOpen",
      "Segments": [
        0,
        1,
        0,
        0.133,
        0,
        0,
        0.267,
        1,
        2,
        0.667,
        1,
        0,
        1.133,
        1.2,
        1,
        1.255,
        1.2,
        1.378,
        1.204,
        1.5,
        1.136,
        1,
        1.578,
        1.093,
        1.655,
        0,
        1.733,
        0,
        0,
        2.067,
        1.2,
        0,
        2.533,
        1,
        2,
        2.933,
        1,
        0,
        3.1,
        0,
        0,
        3.367,
        1.5,
        1,
        3.734,
        1.5,
        4.1,
        1.225,
        4.467,
        1.149,
        1,
        4.856,
        1.068,
        5.244,
        1.057,
        5.633,
        1,
        1,
        5.689,
        0.992,
        5.744,
        0,
        5.8,
        0,
        0,
        6,
        1,
        2,
        6.733,
        1
      ]
    },
    {
      "Target": "Parameter",
      "Id": "ParamEyeROpen",
      "Segments": [
        0,
        1,
        0,
        0.133,
        0,
        0,
        0.267,
        1,
        2,
        0.667,
        1,
        0,
        1.133,
        1.2,
        1,
        1.255,
        1.2,
        1.378,
        1.204,
        1.5,
        1.136,
        1,
        1.578,
        1.093,
        1.655,
        0,
        1.733,
        0,
        0,
        2.067,
        1.2,
        0,
        2.533,
        1,
        2,
        2.933,
        1,
        0,
        3.1,
        0,
        0,
        3.367,
        1.5,
        1,
        3.734,
        1.5,
        4.1,
        1.225,
        4.467,
        1.149,
        1,
        4.856,
        1.068,
        5.244,
        1.057,
        5.633,
        1,
        1,
        5.689,
        0.992,
        5.744,
        0,
        5.8,
        0,
        0,
        6,
        1,
        2,
        6.733,
        1
      ]
    },
    {
      "Target": "Parameter",
      "Id": "ParamEyeBallX",
      "Segments": [
        0,
        0,
        2,
        0.667,
        0,
        0,
        1.133,
        0.1,
        0,
        2.533,
        0,
        2,
        3.367,
        0,
        2,
        5,
        0,
        2,
        6.2,
        0,
        2,
        6.733,
        0
      ]
    },
    {
      "Target": "Parameter",
      "Id": "ParamEyeBallY",
      "Segments": [
        0,
        0,
        2,
        0.667,
        0,
        0,
        1.133,
        0.2,
        0,
        2.533,
        0,
        2,
        3.367,
        0,
        2,
        5,
        0,
        2,
        6.2,
        0,
        2,
        6.733,
        0
      ]
    },
    {
      "Target": "Parameter",
      "Id": "ParamBrowLForm",
      "Segments": [
        0,
        0,
        2,
        0.667,
        0,
        2,
        1.133,
        0,
        0,
        2.533,
        0.6,
        1,
        2.711,
        0.6,
        2.889,
        0.599,
        3.067,
        0.4,
        1,
        3.167,
        0.288,
        3.267,
        -1,
        3.367,
        -1,
        1,
        3.589,
        -1,
        3.811,
        -1,
        4.033,
        -0.8,
        1,
        4.355,
        -0.49,
        4.678,
        0,
        5,
        0,
        2,
        6.2,
        0,
        2,
        6.733,
        0
      ]
    },
    {
      "Target": "Parameter",
      "Id": "ParamBrowRForm",
      "Segments": [
        0,
        0,
        2,
        0.667,
        0,
        2,
        1.133,
        0,
        0,
        2.533,
        0.6,
        1,
        2.711,
        0.6,
        2.889,
        0.599,
        3.067,
        0.4,
        1,
        3.167,
        0.288,
        3.267,
        -1,
        3.367,
        -1,
        1,
        3.589,
        -1,
        3.811,
        -1,
        4.033,
        -0.9,
        1,
        4.355,
        -0.708,
        4.678,
        0,
        5,
        0,
        2,
        6.2,
        0,
        2,
        6.733,
        0
      ]
    },
    {
      "Target": "Parameter",
      "Id": "ParamMouthOpenY",
      "Segments": [
        0,
        0,
        1,
        0.078,
        0,
        0.155,
        0.124,
        0.233,
        0.221,
        1,
        0.3,
        0.304,
        0.366,
        0.314,
        0.433,
        0.4,
        1,
        0.466,
        0.443,
        0.5,
        1,
        0.533,
        1,
        0,
        0.567,
        0,
        0,
        0.633,
        1,
        0,
        0.7,
        0,
        0,
        0.8,
        1,
        0,
        0.867,
        0,
        0,
        0.933,
        1,
        0,
        1.033,
        0,
        0,
        1.133,
        1,
        0,
        1.4,
        0,
        0,
        1.467,
        1,
        0,
        1.567,
        0,
        0,
        1.667,
        1,
        0,
        1.767,
        0,
        0,
        1.867,
        0.5,
        0,
        1.967,
        0,
        0,
        2.067,
        0.778,
        0,
        2.133,
        0,
        0,
        2.167,
        1,
        0,
        2.267,
        0,
        0,
        2.333,
        1,
        2,
        2.433,
        1,
        0,
        2.533,
        0,
        2,
        2.867,
        0,
        1,
        2.889,
        0,
        2.911,
        0.133,
        2.933,
        0.4,
        1,
        2.944,
        0.533,
        2.956,
        0.6,
        2.967,
        0.6,
        1,
        2.978,
        0.6,
        2.989,
        0.544,
        3,
        0.5,
        1,
        3.011,
        0.456,
        3.022,
        0.458,
        3.033,
        0.4,
        1,
        3.044,
        0.342,
        3.056,
        0,
        3.067,
        0,
        0,
        3.167,
        1,
        0,
        3.367,
        0,
        2,
        5,
        0,
        2,
        6.2,
        0,
        2,
        6.733,
        0
      ]
    },
    {
      "Target": "Parameter",
      "Id": "ParamMouthForm",
      "Segments": [
        0,
        0,
        0,
        0.3,
        0.4,
        0,
        0.667,
        0,
        2,
        0.7,
        0,
        0,
        0.8,
        -0.5,
        0,
        0.867,
        0,
        0,
        0.933,
        -1,
        0,
        1.033,
        0,
        2,
        1.133,
        0,
        2,
        1.4,
        0,
        0,
        1.467,
        -0.7,
        0,
        1.567,
        0,
        2,
        1.667,
        0,
        0,
        1.867,
        -0.4,
        1,
        1.9,
        -0.4,
        1.934,
        -0.378,
        1.967,
        0,
        1,
        2,
        0.378,
        2.034,
        1,
        2.067,
        1,
        0,
        2.133,
        0,
        0,
        2.167,
        0.7,
        0,
        2.267,
        0,
        2,
        2.433,
        0,
        2,
        2.533,
        0,
        2,
        2.867,
        0,
        0,
        2.967,
        -0.4,
        1,
        3,
        -0.4,
        3.034,
        -0.378,
        3.067,
        0,
        1,
        3.1,
        0.378,
        3.134,
        1,
        3.167,
        1,
        0,
        3.367,
        0,
        2,
        5,
        0,
        2,
        6.2,
        0,
        2,
        6.733,
        0
      ]
    },
    {
      "Target": "Parameter",
      "Id": "ParamCheek",
      "Segments": [
        0,
        0,
        2,
        0.667,
        0,
        2,
        1.133,
        0,
        2,
        2.533,
        0,
        0,
        3.367,
        1,
        2,
        5,
        1,
        1,
        5.256,
        1,
        5.511,
        0.318,
        5.767,
        0.173,
        1,
        6.089,
        0,
        6.411,
        0,
        6.733,
        0
      ]
    },
    {
      "Target": "Parameter",
      "Id": "ParamBodyAngleX",
      "Segments": [
        0,
        0,
        0,
        0.433,
        -2.76,
        0,
        1.5,
        4.889,
        0,
        2.167,
        -1.613,
        0,
        2.633,
        1.488,
        1,
        2.744,
        1.488,
        2.856,
        1.489,
        2.967,
        1.488,
        1,
        3.067,
        1.487,
        3.167,
        -1.613,
        3.267,
        -1.613,
        0,
        3.7,
        3,
        1,
        4.133,
        3,
        4.567,
        2.674,
        5,
        1.488,
        1,
        5.111,
        1.184,
        5.222,
        0,
        5.333,
        0,
        0,
        5.833,
        6.898,
        0,
        6.433,
        -2.76,
        0,
        6.733,
        0
      ]
    },
    {
      "Target": "Parameter",
      "Id": "ParamBodyAngleY",
      "Segments": [
        0,
        0,
        0,
        0.267,
        -10,
        0,
        0.867,
        6.811,
        0,
        1.133,
        4.649,
        0,
        1.7,
        6.811,
        1,
        1.778,
        6.811,
        1.855,
        2.923,
        1.933,
        0,
        1,
        2.133,
        -7.517,
        2.333,
        -10,
        2.533,
        -10,
        2,
        2.833,
        -10,
        0,
        3.033,
        -9.36,
        0,
        3.367,
        -10,
        0,
        4.2,
        -8.451,
        1,
        4.467,
        -8.451,
        4.733,
        -8.727,
        5,
        -9.36,
        1,
        5.167,
        -9.756,
        5.333,
        -10,
        5.5,
        -10,
        1,
        5.556,
        -10,
        5.611,
        -10,
        5.667,
        -9.36,
        1,
        5.822,
        -6.283,
        5.978,
        4.649,
        6.133,
        4.649,
        0,
        6.7,
        0,
        2,
        6.733,
        0
      ]
    },
    {
      "Target": "Parameter",
      "Id": "ParamBodyAngleZ",
      "Segments": [
        0,
        0,
        0,
        0.267,
        3,
        0,
        0.767,
        -2.703,
        1,
        0.9,
        -2.703,
        1.034,
        -2.015,
        1.167,
        -2.014,
        2,
        1.433,
        -2.014,
        0,
        1.767,
        -3.74,
        1,
        2.022,
        -3.74,
        2.278,
        5.641,
        2.533,
        5.76,
        1,
        2.633,
        5.807,
        2.733,
        5.78,
        2.833,
        5.78,
        0,
        3.033,
        3,
        1,
        3.089,
        3,
        3.144,
        5.15,
        3.2,
        5.4,
        1,
        3.456,
        6.552,
        3.711,
        6.867,
        3.967,
        6.867,
        1,
        4.311,
        6.867,
        4.656,
        6.614,
        5,
        5,
        1,
        5.133,
        4.375,
        5.267,
        0.583,
        5.4,
        0.583,
        1,
        5.5,
        0.583,
        5.6,
        4.481,
        5.7,
        8,
        1,
        5.756,
        9.955,
        5.811,
        10,
        5.867,
        10,
        1,
        5.911,
        10,
        5.956,
        9.925,
        6,
        8.941,
        1,
        6.1,
        6.728,
        6.2,
        1.418,
        6.3,
        0.798,
        1,
        6.433,
        -0.029,
        6.567,
        0,
        6.7,
        0,
        2,
        6.733,
        0
      ]
    },
    {
      "Target": "Parameter",
      "Id": "ParamHipX",
      "Segments": [
        0,
        0,
        0,
        0.4,
        19.978,
        0,
        0.767,
        -13.849,
        0,
        1.067,
        4.084,
        1,
        1.334,
        4.084,
        1.6,
        2.156,
        1.867,
        -4.311,
        1,
        1.956,
        -6.467,
        2.044,
        -11,
        2.133,
        -11,
        0,
        2.533,
        4.084,
        0,
        2.833,
        0,
        0,
        3.033,
        13,
        0,
        3.3,
        -8.857,
        0,
        3.767,
        0.346,
        0,
        4.267,
        0,
        2,
        4.933,
        0,
        0,
        5.467,
        11,
        0,
        5.8,
        -23,
        0,
        6.167,
        13,
        0,
        6.5,
        -3.02,
        0,
        6.733,
        0
      ]
    },
    {
      "Target": "Parameter",
      "Id": "ParamHipY",
      "Segments": [
        0,
        0,
        0,
        0.433,
        -22,
        0,
        0.733,
        3.717,
        0,
        1.067,
        -11.764,
        1,
        1.334,
        -11.764,
        1.6,
        -9.941,
        1.867,
        -2.992,
        1,
        1.956,
        -0.676,
        2.044,
        7,
        2.133,
        7,
        0,
        2.533,
        -11.764,
        0,
        2.833,
        0,
        0,
        3.033,
        -14,
        0,
        3.3,
        -2.992,
        0,
        3.8,
        -11.764,
        0,
        4.267,
        -7,
        0,
        5.467,
        -18,
        0,
        5.8,
        19,
        0,
        6.167,
        -8.828,
        0,
        6.533,
        3.717,
        0,
        6.733,
        0
      ]
    },
    {
      "Target": "Parameter",
      "Id": "ParamLjian",
      "Segments": [
        0,
        0,
        2,
        0.667,
        0,
        2,
        1.133,
        0,
        0,
        1.9,
        11,
        0,
        2.533,
        0,
        2,
        3.367,
        0,
        2,
        5,
        0,
        0,
        5.867,
        10,
        0,
        6.2,
        -3,
        0,
        6.733,
        0
      ]
    },
    {
      "Target": "Parameter",
      "Id": "ParamRjian",
      "Segments": [
        0,
        0,
        2,
        0.667,
        0,
        2,
        1.133,
        0,
        0,
        1.9,
        13,
        0,
        2.533,
        0,
        2,
        3.367,
        0,
        2,
        5,
        0,
        0,
        5.867,
        14,
        0,
        6.2,
        -3,
        0,
        6.733,
        0
      ]
    },
    {
      "Target": "Parameter",
      "Id": "ParamLegZ",
      "Segments": [
        0,
        0,
        0,
        0.667,
        18,
        0,
        1.133,
        17.04,
        2,
        1.567,
        17.04,
        0,
        2.533,
        13,
        2,
        2.867,
        13,
        1,
        3.034,
        13,
        3.2,
        14.841,
        3.367,
        15,
        1,
        3.778,
        15.393,
        4.189,
        15.418,
        4.6,
        15.87,
        1,
        4.9,
        16.2,
        5.2,
        18,
        5.5,
        18,
        1,
        5.667,
        18,
        5.833,
        3.47,
        6,
        2.043,
        1,
        6.244,
        0,
        6.489,
        0,
        6.733,
        0
      ]
    },
    {
      "Target": "Parameter",
      "Id": "ParamFoot1",
      "Segments": [
        0,
        0,
        0,
        0.367,
        -11.514,
        0,
        0.8,
        0,
        2,
        1.733,
        0,
        0,
        2.533,
        -5,
        0,
        3.1,
        0,
        1,
        3.278,
        0,
        3.455,
        -4.38,
        3.633,
        -4.543,
        1,
        4.089,
        -4.96,
        4.544,
        -5,
        5,
        -5,
        0,
        5.833,
        0,
        2,
        6.2,
        0,
        2,
        6.733,
        0
      ]
    },
    {
      "Target": "Parameter",
      "Id": "ParamFoot2",
      "Segments": [
        0,
        0,
        0,
        0.167,
        7.847,
        0,
        0.6,
        -10.046,
        0,
        2.1,
        5.965,
        0,
        2.867,
        -10.046,
        0,
        3.367,
        4.5,
        0,
        4.033,
        -4.291,
        1,
        4.355,
        -4.291,
        4.678,
        -3.444,
        5,
        0,
        1,
        5.167,
        1.782,
        5.333,
        4.5,
        5.5,
        4.5,
        0,
        5.9,
        -3.977,
        0,
        6.2,
        0,
        2,
        6.733,
        0
      ]
    },
    {
      "Target": "Parameter",
      "Id": "ParamHuXi2",
      "Segments": [
        0,
        0,
        2,
        0.667,
        0,
        0,
        1.133,
        1,
        0,
        2.533,
        0,
        2,
        3.367,
        0,
        2,
        5,
        0,
        2,
        5.6,
        0,
        0,
        6.2,
        1,
        0,
        6.733,
        0
      ]
    },
    {
      "Target": "Parameter",
      "Id": "ParamRArmDA",
      "Segments": [
        0,
        0,
        2,
        0.667,
        0,
        2,
        1.1,
        0,
        2,
        1.4,
        0,
        1,
        1.544,
        0,
        1.689,
        0.12,
        1.833,
        0.4,
        1,
        1.844,
        0.422,
        1.856,
        0.586,
        1.867,
        0.6,
        1,
        2.089,
        0.877,
        2.311,
        1,
        2.533,
        1,
        2,
        3.367,
        1,
        2,
        5,
        1,
        1,
        5.244,
        1,
        5.489,
        0.876,
        5.733,
        0.6,
        1,
        5.744,
        0.587,
        5.756,
        0.468,
        5.767,
        0.4,
        1,
        5.778,
        0.332,
        5.789,
        0.204,
        5.8,
        0.193,
        1,
        5.933,
        0.055,
        6.067,
        0,
        6.2,
        0,
        2,
        6.733,
        0
      ]
    },
    {
      "Target": "Parameter",
      "Id": "ParamArmR",
      "Segments": [
        0,
        0,
        0,
        0.233,
        6,
        0,
        0.667,
        2.614,
        0,
        1.067,
        18,
        2,
        1.433,
        18,
        0,
        1.7,
        0,
        0,
        1.833,
        8,
        0,
        2.1,
        0,
        0,
        2.333,
        8,
        2,
        2.9,
        8,
        0,
        3.1,
        14.311,
        0,
        3.433,
        2.614,
        0,
        3.633,
        6,
        2,
        5.4,
        6,
        0,
        5.7,
        15.599,
        0,
        6.167,
        -2.233,
        0,
        6.733,
        0
      ]
    },
    {
      "Target": "Parameter",
      "Id": "ParamArmR1Z",
      "Segments": [
        0,
        0,
        0,
        0.367,
        -22,
        0,
        0.867,
        0,
        2,
        1.433,
        0,
        0,
        1.7,
        6.748,
        1,
        1.733,
        6.748,
        1.767,
        6.585,
        1.8,
        5.812,
        1,
        1.811,
        5.554,
        1.822,
        1.363,
        1.833,
        -0.784,
        1,
        1.844,
        -2.931,
        1.856,
        -4.651,
        1.867,
        -7.08,
        1,
        1.878,
        -9.509,
        1.889,
        -15.146,
        1.9,
        -15.767,
        1,
        1.956,
        -18.872,
        2.011,
        -22.579,
        2.067,
        -24,
        1,
        2.245,
        -28.548,
        2.422,
        -30,
        2.6,
        -30,
        1,
        2.689,
        -30,
        2.778,
        -22.63,
        2.867,
        -13,
        1,
        3,
        1.444,
        3.134,
        6.748,
        3.267,
        6.748,
        0,
        3.6,
        -18.342,
        0,
        3.833,
        -14.52,
        0,
        5.533,
        -22,
        1,
        5.589,
        -22,
        5.644,
        -19.09,
        5.7,
        -10.053,
        1,
        5.711,
        -8.246,
        5.722,
        0.13,
        5.733,
        0.13,
        1,
        5.744,
        0.13,
        5.756,
        -3.901,
        5.767,
        -5.79,
        1,
        5.778,
        -7.679,
        5.789,
        -7.71,
        5.8,
        -7.71,
        0,
        6.067,
        2.8,
        0,
        6.367,
        -8,
        0,
        6.733,
        0
      ]
    },
    {
      "Target": "Parameter",
      "Id": "ParamRHand",
      "Segments": [
        0,
        0,
        2,
        0.4,
        0,
        0,
        0.7,
        7,
        0,
        0.967,
        0,
        2,
        1.4,
        0,
        0,
        1.533,
        -7,
        0,
        1.767,
        29.838,
        0,
        2.033,
        -7,
        0,
        2.3,
        14.232,
        2,
        2.533,
        14.232,
        1,
        2.644,
        14.232,
        2.756,
        13.846,
        2.867,
        7,
        1,
        2.956,
        1.523,
        3.044,
        -15,
        3.133,
        -15,
        0,
        3.4,
        7,
        0,
        3.767,
        -6,
        1,
        3.856,
        -6,
        3.944,
        -4.285,
        4.033,
        -3.48,
        1,
        4.355,
        -0.563,
        4.678,
        0.36,
        5,
        0.36,
        1,
        5.1,
        0.36,
        5.2,
        0.502,
        5.3,
        0,
        1,
        5.422,
        -0.613,
        5.545,
        -30,
        5.667,
        -30,
        1,
        5.7,
        -30,
        5.734,
        -26.844,
        5.767,
        -17,
        1,
        5.778,
        -13.719,
        5.789,
        -0.637,
        5.8,
        0,
        1,
        5.889,
        5.093,
        5.978,
        7,
        6.067,
        7,
        0,
        6.733,
        0
      ]
    },
    {
      "Target": "Parameter",
      "Id": "ParamRHandZ2",
      "Segments": [
        0,
        0,
        0,
        0.333,
        -14.042,
        0,
        0.667,
        10,
        0,
        1,
        -2,
        0,
        1.333,
        3,
        1,
        1.4,
        3,
        1.466,
        2.454,
        1.533,
        0,
        1,
        1.555,
        -0.818,
        1.578,
        -8.13,
        1.6,
        -8.13,
        0,
        1.833,
        30,
        0,
        2.2,
        -14.042,
        0,
        2.533,
        7,
        0,
        2.9,
        -8.13,
        0,
        3.367,
        10,
        0,
        3.767,
        -8.13,
        0,
        4.1,
        7,
        0,
        4.5,
        0,
        0,
        4.967,
        3,
        1,
        5.111,
        3,
        5.256,
        2.988,
        5.4,
        0,
        1,
        5.5,
        -2.069,
        5.6,
        -27.903,
        5.7,
        -27.903,
        0,
        6,
        18.779,
        0,
        6.3,
        -8.13,
        0,
        6.6,
        4.382,
        0,
        6.733,
        0
      ]
    },
    {
      "Target": "Parameter",
      "Id": "ParamJXWei1",
      "Segments": [
        0,
        0,
        1,
        0.044,
        -8.028,
        0.089,
        -16.055,
        0.133,
        -24.083,
        2,
        0.367,
        -24.083,
        1,
        0.456,
        -8.652,
        0.544,
        6.779,
        0.633,
        22.21,
        2,
        1,
        22.21,
        1,
        1.056,
        10.795,
        1.111,
        -0.619,
        1.167,
        -12.034,
        2,
        1.433,
        -12.034,
        1,
        1.5,
        -6.009,
        1.566,
        0.017,
        1.633,
        6.042,
        2,
        1.833,
        6.042,
        1,
        1.9,
        -0.202,
        1.966,
        -6.447,
        2.033,
        -12.691,
        2,
        2.333,
        -12.691,
        1,
        2.389,
        -5.127,
        2.444,
        2.436,
        2.5,
        10,
        2,
        2.8,
        10,
        1,
        2.889,
        2.92,
        2.978,
        -4.159,
        3.067,
        -11.239,
        2,
        3.433,
        -11.239,
        1,
        3.511,
        -5.826,
        3.589,
        -0.413,
        3.667,
        5,
        2,
        3.8,
        5,
        1,
        3.889,
        2.071,
        3.978,
        -0.859,
        4.067,
        -3.788,
        2,
        4.267,
        -3.788,
        1,
        4.489,
        -2.59,
        4.711,
        -1.392,
        4.933,
        -0.194,
        1,
        5.066,
        -0.129,
        5.2,
        -0.065,
        5.333,
        0,
        1,
        5.444,
        6.667,
        5.556,
        13.333,
        5.667,
        20,
        2,
        5.867,
        20,
        1,
        5.945,
        6.319,
        6.022,
        -7.362,
        6.1,
        -21.043,
        2,
        6.3,
        -21.043,
        1,
        6.356,
        -14.029,
        6.411,
        -7.014,
        6.467,
        0,
        2,
        6.733,
        0
      ]
    },
    {
      "Target": "Parameter",
      "Id": "ParamJXWei2",
      "Segments": [
        0,
        0,
        1,
        0.078,
        -8.028,
        0.155,
        -16.055,
        0.233,
        -24.083,
        2,
        0.467,
        -24.083,
        1,
        0.556,
        -8.652,
        0.644,
        6.779,
        0.733,
        22.21,
        2,
        1.1,
        22.21,
        1,
        1.156,
        10.795,
        1.211,
        -0.619,
        1.267,
        -12.034,
        2,
        1.533,
        -12.034,
        1,
        1.6,
        -6.009,
        1.666,
        0.017,
        1.733,
        6.042,
        2,
        1.933,
        6.042,
        1,
        2,
        -0.202,
        2.066,
        -6.447,
        2.133,
        -12.691,
        2,
        2.433,
        -12.691,
        1,
        2.489,
        -5.127,
        2.544,
        2.436,
        2.6,
        10,
        2,
        2.9,
        10,
        1,
        2.989,
        2.92,
        3.078,
        -4.159,
        3.167,
        -11.239,
        2,
        3.533,
        -11.239,
        1,
        3.611,
        -5.826,
        3.689,
        -0.413,
        3.767,
        5,
        2,
        3.9,
        5,
        1,
        3.989,
        2.071,
        4.078,
        -0.859,
        4.167,
        -3.788,
        2,
        4.367,
        -3.788,
        1,
        4.567,
        -2.59,
        4.767,
        -1.392,
        4.967,
        -0.194,
        1,
        5.1,
        -0.129,
        5.234,
        -0.065,
        5.367,
        0,
        1,
        5.5,
        6.667,
        5.634,
        13.333,
        5.767,
        20,
        2,
        5.967,
        20,
        1,
        6.045,
        6.319,
        6.122,
        -7.362,
        6.2,
        -21.043,
        2,
        6.4,
        -21.043,
        1,
        6.456,
        -14.029,
        6.511,
        -7.014,
        6.567,
        0,
        2,
        6.733,
        0
      ]
    },
    {
      "Target": "Parameter",
      "Id": "ParamJXWei3",
      "Segments": [
        0,
        0,
        1,
        0.111,
        -8.028,
        0.222,
        -16.055,
        0.333,
        -24.083,
        2,
        0.567,
        -24.083,
        1,
        0.656,
        -8.652,
        0.744,
        6.779,
        0.833,
        22.21,
        2,
        1.2,
        22.21,
        1,
        1.256,
        10.795,
        1.311,
        -0.619,
        1.367,
        -12.034,
        2,
        1.633,
        -12.034,
        1,
        1.7,
        -6.009,
        1.766,
        0.017,
        1.833,
        6.042,
        2,
        2.033,
        6.042,
        1,
        2.1,
        -0.202,
        2.166,
        -6.447,
        2.233,
        -12.691,
        2,
        2.533,
        -12.691,
        1,
        2.589,
        -5.127,
        2.644,
        2.436,
        2.7,
        10,
        2,
        3,
        10,
        1,
        3.089,
        2.92,
        3.178,
        -4.159,
        3.267,
        -11.239,
        2,
        3.633,
        -11.239,
        1,
        3.711,
        -5.826,
        3.789,
        -0.413,
        3.867,
        5,
        2,
        4,
        5,
        1,
        4.089,
        2.071,
        4.178,
        -0.859,
        4.267,
        -3.788,
        2,
        4.467,
        -3.788,
        1,
        4.656,
        -2.59,
        4.844,
        -1.392,
        5.033,
        -0.194,
        1,
        5.211,
        -0.129,
        5.389,
        -0.065,
        5.567,
        0,
        1,
        5.667,
        6.667,
        5.767,
        13.333,
        5.867,
        20,
        2,
        6.067,
        20,
        1,
        6.145,
        6.319,
        6.222,
        -7.362,
        6.3,
        -21.043,
        2,
        6.5,
        -21.043,
        1,
        6.556,
        -14.029,
        6.611,
        -7.014,
        6.667,
        0,
        2,
        6.733,
        0
      ]
    },
    {
      "Target": "Parameter",
      "Id": "ParamJXWei4",
      "Segments": [
        0,
        0,
        1,
        0.144,
        -8.028,
        0.289,
        -16.055,
        0.433,
        -24.083,
        2,
        0.667,
        -24.083,
        1,
        0.756,
        -8.652,
        0.844,
        6.779,
        0.933,
        22.21,
        2,
        1.3,
        22.21,
        1,
        1.356,
        10.795,
        1.411,
        -0.619,
        1.467,
        -12.034,
        2,
        1.733,
        -12.034,
        1,
        1.8,
        -6.009,
        1.866,
        0.017,
        1.933,
        6.042,
        2,
        2.133,
        6.042,
        1,
        2.2,
        -0.202,
        2.266,
        -6.447,
        2.333,
        -12.691,
        2,
        2.633,
        -12.691,
        1,
        2.689,
        -5.127,
        2.744,
        2.436,
        2.8,
        10,
        2,
        3.1,
        10,
        1,
        3.189,
        2.92,
        3.278,
        -4.159,
        3.367,
        -11.239,
        2,
        3.733,
        -11.239,
        1,
        3.811,
        -5.826,
        3.889,
        -0.413,
        3.967,
        5,
        2,
        4.1,
        5,
        1,
        4.189,
        2.071,
        4.278,
        -0.859,
        4.367,
        -3.788,
        2,
        4.567,
        -3.788,
        1,
        4.711,
        -2.59,
        4.856,
        -1.392,
        5,
        -0.194,
        1,
        5.2,
        -0.129,
        5.4,
        -0.065,
        5.6,
        0,
        1,
        5.722,
        6.667,
        5.845,
        13.333,
        5.967,
        20,
        2,
        6.167,
        20,
        1,
        6.245,
        6.319,
        6.322,
        -7.362,
        6.4,
        -21.043,
        2,
        6.6,
        -21.043,
        1,
        6.633,
        -14.029,
        6.667,
        -7.014,
        6.7,
        0,
        2,
        6.733,
        0
      ]
    },
    {
      "Target": "Parameter",
      "Id": "ParamJXWei5",
      "Segments": [
        0,
        0,
        1,
        0.056,
        3.333,
        0.111,
        6.667,
        0.167,
        10,
        1,
        0.289,
        -1.361,
        0.411,
        -12.722,
        0.533,
        -24.083,
        2,
        0.767,
        -24.083,
        1,
        0.856,
        -8.652,
        0.944,
        6.779,
        1.033,
        22.21,
        2,
        1.4,
        22.21,
        1,
        1.456,
        10.795,
        1.511,
        -0.619,
        1.567,
        -12.034,
        2,
        1.833,
        -12.034,
        1,
        1.9,
        -6.009,
        1.966,
        0.017,
        2.033,
        6.042,
        2,
        2.233,
        6.042,
        1,
        2.3,
        -0.202,
        2.366,
        -6.447,
        2.433,
        -12.691,
        2,
        2.733,
        -12.691,
        1,
        2.789,
        -5.127,
        2.844,
        2.436,
        2.9,
        10,
        2,
        3.2,
        10,
        1,
        3.289,
        2.92,
        3.378,
        -4.159,
        3.467,
        -11.239,
        2,
        3.833,
        -11.239,
        1,
        3.911,
        -5.826,
        3.989,
        -0.413,
        4.067,
        5,
        2,
        4.2,
        5,
        1,
        4.289,
        2.071,
        4.378,
        -0.859,
        4.467,
        -3.788,
        2,
        4.667,
        -3.788,
        1,
        4.711,
        -2.679,
        4.756,
        -1.571,
        4.8,
        -0.462,
        1,
        4.878,
        -0.373,
        4.955,
        -0.283,
        5.033,
        -0.194,
        1,
        5.278,
        -0.129,
        5.522,
        -0.065,
        5.767,
        0,
        1,
        5.867,
        6.667,
        5.967,
        13.333,
        6.067,
        20,
        2,
        6.267,
        20,
        1,
        6.345,
        6.243,
        6.422,
        -7.513,
        6.5,
        -21.27,
        1,
        6.578,
        -14.18,
        6.655,
        -7.09,
        6.733,
        0
      ]
    },
    {
      "Target": "Parameter",
      "Id": "ParamJXWei6",
      "Segments": [
        0,
        0,
        1,
        0.111,
        0,
        0.222,
        9.451,
        0.333,
        15,
        1,
        0.444,
        20.549,
        0.556,
        21,
        0.667,
        21,
        0,
        1.133,
        -30,
        0,
        1.667,
        19.849,
        0,
        2.367,
        10.524,
        0,
        2.967,
        29,
        0,
        3.367,
        0,
        0,
        4.167,
        10.524,
        0,
        5,
        0,
        0,
        5.467,
        6.697,
        0,
        5.933,
        -19,
        1,
        6.022,
        -19,
        6.111,
        -16.052,
        6.2,
        0,
        1,
        6.267,
        12.039,
        6.333,
        29,
        6.4,
        29,
        0,
        6.733,
        0
      ]
    },
    {
      "Target": "Parameter",
      "Id": "ParamJXWei7",
      "Segments": [
        0,
        0,
        0,
        0.533,
        13,
        0,
        1.133,
        -19,
        0,
        1.667,
        -5,
        1,
        1.9,
        -5,
        2.134,
        -5.274,
        2.367,
        -10.524,
        1,
        2.567,
        -15.025,
        2.767,
        -26,
        2.967,
        -26,
        0,
        3.367,
        0,
        0,
        4.167,
        -9,
        0,
        5,
        0,
        0,
        5.467,
        -12,
        1,
        5.622,
        -12,
        5.778,
        -11.728,
        5.933,
        -5,
        1,
        6.089,
        1.728,
        6.244,
        16,
        6.4,
        16,
        0,
        6.733,
        0
      ]
    },
    {
      "Target": "Parameter",
      "Id": "Param9",
      "Segments": [
        0,
        0,
        0,
        0.267,
        6.024,
        0,
        0.567,
        -19.445,
        0,
        0.933,
        13.721,
        0,
        1.267,
        -8.426,
        0,
        1.6,
        5.199,
        0,
        1.967,
        -6.454,
        0,
        2.3,
        6.024,
        0,
        2.667,
        -8.964,
        0,
        3.033,
        3.406,
        0,
        3.2,
        -6.454,
        0,
        3.433,
        6.024,
        0,
        3.767,
        -8.964,
        0,
        4.1,
        4.482,
        0,
        4.6,
        -4.123,
        0,
        5.1,
        0,
        0,
        5.367,
        -1.793,
        0,
        5.667,
        8,
        0,
        6.1,
        -11.294,
        0,
        6.4,
        3.944,
        0,
        6.733,
        0
      ]
    },
    {
      "Target": "Parameter",
      "Id": "ParamOpaishakeX",
      "Segments": [
        0,
        0,
        0,
        0.367,
        -0.375,
        0,
        0.733,
        0.6,
        0,
        1.2,
        -0.637,
        0,
        1.667,
        0.2,
        1,
        1.8,
        0.2,
        1.934,
        0.19,
        2.067,
        0,
        1,
        2.156,
        -0.127,
        2.244,
        -0.522,
        2.333,
        -0.522,
        0,
        2.633,
        0.401,
        1,
        2.744,
        0.401,
        2.856,
        0.34,
        2.967,
        0,
        1,
        3.011,
        -0.136,
        3.056,
        -0.637,
        3.1,
        -0.637,
        0,
        3.367,
        0.6,
        0,
        3.767,
        -0.375,
        0,
        4.267,
        0.2,
        0,
        5,
        0,
        0,
        5.367,
        0.3,
        0,
        5.633,
        -0.461,
        0,
        6.1,
        0.3,
        0,
        6.467,
        -0.141,
        0,
        6.733,
        0
      ]
    },
    {
      "Target": "Parameter",
      "Id": "ParamOpaishakeXB",
      "Segments": [
        0,
        0,
        0,
        0.533,
        -7.644,
        0,
        0.933,
        11.378,
        0,
        1.367,
        -11.444,
        0,
        2.033,
        5.325,
        0,
        2.5,
        -9.475,
        0,
        2.967,
        8.569,
        0,
        3.233,
        -11.444,
        0,
        3.567,
        11.378,
        0,
        4.033,
        -6.662,
        0,
        4.6,
        4.609,
        0,
        5.167,
        -1.726,
        0,
        5.5,
        6.589,
        0,
        5.867,
        -6.367,
        0,
        6.233,
        5.325,
        0,
        6.6,
        -1.311,
        0,
        6.733,
        0
      ]
    },
    {
      "Target": "Parameter",
      "Id": "ParamOpaishakeY",
      "Segments": [
        0,
        0,
        0,
        0.2,
        0.4,
        0,
        0.567,
        -0.303,
        0,
        1.033,
        0.251,
        0,
        1.5,
        -0.16,
        1,
        1.644,
        -0.16,
        1.789,
        -0.133,
        1.933,
        0.069,
        1,
        2.011,
        0.178,
        2.089,
        0.482,
        2.167,
        0.482,
        0,
        2.6,
        -0.16,
        0,
        2.833,
        0.069,
        0,
        3.1,
        -0.216,
        0,
        3.367,
        0.251,
        0,
        3.8,
        -0.081,
        0,
        4.433,
        0.069,
        1,
        4.622,
        0.069,
        4.811,
        0.062,
        5,
        0,
        1,
        5.078,
        -0.025,
        5.155,
        -0.229,
        5.233,
        -0.229,
        0,
        5.6,
        0.416,
        0,
        6.1,
        -0.303,
        0,
        6.5,
        0.119,
        0,
        6.733,
        0
      ]
    },
    {
      "Target": "Parameter",
      "Id": "ParamOpaishakeYB",
      "Segments": [
        0,
        0,
        0,
        0.333,
        8.005,
        0,
        0.767,
        -4.608,
        0,
        1.233,
        5.051,
        0,
        1.8,
        -2.723,
        0,
        2.333,
        9.256,
        0,
        2.733,
        -2.006,
        0,
        2.933,
        1.554,
        0,
        3.3,
        -2.47,
        0,
        3.567,
        5.051,
        0,
        4.1,
        -0.574,
        0,
        4.667,
        2.376,
        1,
        4.778,
        2.376,
        4.889,
        2.353,
        5,
        0.669,
        1,
        5.133,
        -1.351,
        5.267,
        -4.608,
        5.4,
        -4.608,
        0,
        5.833,
        6.758,
        0,
        6.233,
        -4.608,
        0,
        6.567,
        2.27,
        0,
        6.733,
        0
      ]
    },
    {
      "Target": "Parameter",
      "Id": "ParamOpaishakeX2",
      "Segments": [
        0,
        0,
        0,
        0.433,
        -0.375,
        0,
        0.8,
        0.339,
        0,
        1.267,
        -0.637,
        0,
        1.733,
        0.113,
        1,
        1.866,
        0.113,
        2,
        0.115,
        2.133,
        0,
        1,
        2.222,
        -0.076,
        2.311,
        -0.522,
        2.4,
        -0.522,
        0,
        2.7,
        0.227,
        1,
        2.811,
        0.227,
        2.922,
        0.2,
        3.033,
        0,
        1,
        3.078,
        -0.08,
        3.122,
        -0.637,
        3.167,
        -0.637,
        0,
        3.433,
        0.339,
        0,
        3.867,
        -0.375,
        0,
        4.367,
        0.113,
        0,
        5.033,
        0,
        0,
        5.4,
        0.17,
        0,
        5.667,
        -0.461,
        0,
        6.133,
        0.17,
        0,
        6.467,
        -0.141,
        0,
        6.733,
        0
      ]
    },
    {
      "Target": "Parameter",
      "Id": "ParamOpaishakeX2B",
      "Segments": [
        0,
        0,
        0,
        0.6,
        -7.652,
        0,
        1,
        11.371,
        0,
        1.433,
        -11.444,
        0,
        2.1,
        5.325,
        0,
        2.567,
        -9.464,
        0,
        3.033,
        8.569,
        0,
        3.3,
        -11.444,
        0,
        3.667,
        11.371,
        0,
        4.133,
        -6.662,
        0,
        4.7,
        4.609,
        0,
        5.2,
        -1.732,
        0,
        5.533,
        6.589,
        0,
        5.9,
        -6.367,
        0,
        6.267,
        5.325,
        0,
        6.6,
        -1.311,
        0,
        6.733,
        0
      ]
    },
    {
      "Target": "Parameter",
      "Id": "ParamOpaishakeY2",
      "Segments": [
        0,
        0,
        0,
        0.267,
        0.4,
        0,
        0.633,
        -0.303,
        0,
        1.1,
        0.251,
        0,
        1.567,
        -0.16,
        1,
        1.711,
        -0.16,
        1.856,
        -0.133,
        2,
        0.069,
        1,
        2.078,
        0.178,
        2.155,
        0.482,
        2.233,
        0.482,
        0,
        2.667,
        -0.16,
        0,
        2.9,
        0.069,
        0,
        3.167,
        -0.216,
        0,
        3.433,
        0.251,
        0,
        3.9,
        -0.081,
        0,
        4.533,
        0.069,
        1,
        4.7,
        0.069,
        4.866,
        0.063,
        5.033,
        0,
        1,
        5.111,
        -0.03,
        5.189,
        -0.229,
        5.267,
        -0.229,
        0,
        5.633,
        0.416,
        0,
        6.133,
        -0.303,
        0,
        6.5,
        0.119,
        0,
        6.733,
        0
      ]
    },
    {
      "Target": "Parameter",
      "Id": "ParamOpaishakeY2B",
      "Segments": [
        0,
        0,
        0,
        0.4,
        8.001,
        0,
        0.833,
        -4.619,
        0,
        1.3,
        5.051,
        0,
        1.867,
        -2.723,
        0,
        2.4,
        9.265,
        0,
        2.8,
        -2.006,
        0,
        3,
        1.554,
        0,
        3.367,
        -2.47,
        0,
        3.667,
        5.051,
        0,
        4.2,
        -0.574,
        0,
        4.767,
        2.376,
        1,
        4.856,
        2.376,
        4.944,
        2.299,
        5.033,
        0.669,
        1,
        5.166,
        -1.776,
        5.3,
        -4.619,
        5.433,
        -4.619,
        0,
        5.867,
        6.758,
        0,
        6.267,
        -4.619,
        0,
        6.567,
        2.27,
        0,
        6.733,
        0
      ]
    },
    {
      "Target": "Parameter",
      "Id": "ParamClothes",
      "Segments": [
        0,
        0,
        0,
        0.233,
        -0.8,
        0,
        0.6,
        0.602,
        0,
        0.967,
        -0.303,
        0,
        1.267,
        0.4,
        0,
        1.467,
        0,
        0,
        1.667,
        1,
        0,
        2.033,
        -0.8,
        0,
        2.4,
        0.602,
        0,
        2.733,
        -0.438,
        0,
        2.967,
        0,
        0,
        3.233,
        -0.8,
        0,
        3.467,
        0.769,
        0,
        3.8,
        -0.555,
        0,
        4.2,
        0.292,
        0,
        5,
        0,
        0,
        5.367,
        0.292,
        0,
        5.733,
        0,
        0,
        5.967,
        0.885,
        0,
        6.367,
        -0.652,
        0,
        6.733,
        0
      ]
    },
    {
      "Target": "Parameter",
      "Id": "ParamClothesY",
      "Segments": [
        0,
        0,
        0,
        0.367,
        -0.344,
        0,
        0.767,
        0.32,
        0,
        1.067,
        -0.09,
        0,
        1.333,
        0.21,
        0,
        1.533,
        -0.024,
        0,
        1.867,
        0.51,
        0,
        2.167,
        -0.315,
        0,
        2.567,
        0.32,
        0,
        2.833,
        -0.159,
        0,
        3.133,
        0.036,
        0,
        5.2,
        -0.024,
        0,
        5.5,
        0.195,
        0,
        5.9,
        -0.009,
        0,
        6.167,
        0.46,
        0,
        6.5,
        -0.17,
        0,
        6.733,
        0
      ]
    },
    {
      "Target": "Parameter",
      "Id": "ParamClothes2Y",
      "Segments": [
        0,
        0,
        0,
        0.267,
        -0.587,
        0,
        0.667,
        1,
        0,
        1.133,
        0.1,
        1,
        1.266,
        0.1,
        1.4,
        0.323,
        1.533,
        0.7,
        1,
        1.611,
        0.92,
        1.689,
        1,
        1.767,
        1,
        0,
        2.167,
        0.463,
        0,
        2.9,
        1,
        0,
        3.367,
        0.463,
        0,
        3.833,
        1,
        0,
        4.567,
        0.463,
        0,
        5.4,
        1,
        0,
        6.167,
        -0.283,
        0,
        6.5,
        0.292,
        0,
        6.733,
        0
      ]
    },
    {
      "Target": "Parameter",
      "Id": "ParamClothes2",
      "Segments": [
        0,
        0,
        0,
        0.433,
        -0.549,
        0,
        0.9,
        0.343,
        0,
        1.533,
        -0.506,
        0,
        1.933,
        0.146,
        0,
        2.533,
        -0.403,
        0,
        3.133,
        0.146,
        0,
        3.633,
        -0.403,
        0,
        4.2,
        0.292,
        0,
        4.967,
        -0.309,
        0,
        5.667,
        0.292,
        0,
        6.3,
        -0.309,
        0,
        6.567,
        0.146,
        0,
        6.733,
        0
      ]
    },
    {
      "Target": "Parameter",
      "Id": "ParamPhysics1",
      "Segments": [
        0,
        0,
        2,
        0.667,
        0,
        2,
        1.133,
        0,
        2,
        2.533,
        0,
        2,
        3.367,
        0,
        2,
        5,
        0,
        2,
        5.733,
        0,
        0,
        6.167,
        30,
        0,
        6.733,
        0
      ]
    },
    {
      "Target": "Parameter",
      "Id": "ParamPhysics2",
      "Segments": [
        0,
        0,
        0,
        0.467,
        -12.832,
        0,
        0.8,
        9.39,
        0,
        1.133,
        -6.886,
        0,
        1.467,
        5.634,
        0,
        1.733,
        -7.512,
        0,
        2,
        22.535,
        0,
        2.333,
        -12.832,
        0,
        2.7,
        7.199,
        0,
        3.1,
        -6.26,
        0,
        3.533,
        9.39,
        0,
        3.9,
        -7.512,
        0,
        4.233,
        7.825,
        0,
        4.767,
        -5.947,
        0,
        5.267,
        5.634,
        1,
        5.356,
        5.634,
        5.444,
        5.898,
        5.533,
        0,
        1,
        5.633,
        -6.635,
        5.733,
        -25.665,
        5.833,
        -25.665,
        0,
        6.333,
        19,
        0,
        6.433,
        -6.886,
        0,
        6.733,
        0
      ]
    },
    {
      "Target": "Parameter",
      "Id": "ParamPhysics3",
      "Segments": [
        0,
        0,
        0,
        0.167,
        6.774,
        0,
        0.6,
        -12.767,
        0,
        0.933,
        9.64,
        0,
        1.3,
        -6.253,
        0,
        1.6,
        4.95,
        0,
        1.867,
        -6.253,
        0,
        2.167,
        19.019,
        0,
        2.467,
        -12.767,
        0,
        2.933,
        7.816,
        0,
        3.3,
        -6.253,
        0,
        3.7,
        8.598,
        0,
        4,
        -6.774,
        0,
        4.433,
        7.556,
        0,
        4.933,
        -6.253,
        0,
        5.433,
        6.514,
        1,
        5.5,
        6.514,
        5.566,
        6.034,
        5.633,
        -0.521,
        1,
        5.744,
        -11.445,
        5.856,
        -22.667,
        5.967,
        -22.667,
        0,
        6.267,
        13.809,
        0,
        6.567,
        -5.732,
        0,
        6.733,
        0
      ]
    },
    {
      "Target": "Parameter",
      "Id": "ParamPhysics4",
      "Segments": [
        0,
        0,
        0,
        0.233,
        3.831,
        0,
        0.567,
        -14,
        0,
        0.8,
        16.224,
        0,
        1.267,
        -11.717,
        1,
        1.345,
        -11.717,
        1.422,
        -9.385,
        1.5,
        0,
        1,
        1.522,
        2.682,
        1.545,
        20,
        1.567,
        20,
        0,
        1.733,
        -19.604,
        1,
        1.833,
        -19.604,
        1.933,
        -17.534,
        2.033,
        -5.633,
        1,
        2.1,
        2.301,
        2.166,
        16.224,
        2.233,
        16.224,
        0,
        2.433,
        -9,
        0,
        2.733,
        3.831,
        0,
        3.067,
        -12.63,
        1,
        3.167,
        -12.63,
        3.267,
        -12.431,
        3.367,
        -5.633,
        1,
        3.489,
        2.676,
        3.611,
        16.224,
        3.733,
        16.224,
        0,
        4.133,
        -5.633,
        0,
        4.533,
        7.211,
        0,
        5,
        -5.633,
        0,
        5.6,
        7.211,
        1,
        5.656,
        7.211,
        5.711,
        6.368,
        5.767,
        0.901,
        1,
        5.845,
        -6.753,
        5.922,
        -14,
        6,
        -14,
        0,
        6.3,
        16.224,
        0,
        6.533,
        -9,
        0,
        6.733,
        0
      ]
    },
    {
      "Target": "Parameter",
      "Id": "Param13",
      "Segments": [
        0,
        0,
        0,
        0.233,
        -17,
        0,
        0.6,
        12.877,
        0,
        1.033,
        -10.982,
        0,
        1.5,
        6.298,
        0,
        1.633,
        0,
        0,
        1.867,
        19.3,
        0,
        2.267,
        -30,
        0,
        2.7,
        0,
        0,
        3.233,
        -25,
        0,
        3.567,
        0,
        0,
        4,
        -17.322,
        0,
        4.433,
        -1.865,
        0,
        4.933,
        -17,
        0,
        5.3,
        -4.53,
        0,
        5.6,
        -10.982,
        0,
        5.933,
        19.3,
        0,
        6.3,
        -20.52,
        0,
        6.533,
        5.863,
        0,
        6.733,
        0
      ]
    },
    {
      "Target": "Parameter",
      "Id": "Param14",
      "Segments": [
        0,
        0,
        0,
        0.4,
        -15.989,
        0,
        0.8,
        12.258,
        0,
        1.2,
        -9.594,
        0,
        1.633,
        7.195,
        0,
        1.767,
        0.266,
        0,
        2.033,
        17.588,
        0,
        2.433,
        -16.583,
        0,
        2.967,
        9,
        0,
        3.4,
        -12.319,
        0,
        3.833,
        10.332,
        0,
        4.167,
        -7.256,
        0,
        4.7,
        9,
        0,
        5.1,
        -6.19,
        0,
        5.433,
        9,
        0,
        5.767,
        -11.193,
        0,
        6.1,
        15.723,
        0,
        6.367,
        -15.989,
        0,
        6.733,
        0
      ]
    },
    {
      "Target": "Parameter",
      "Id": "ParamAngleA1",
      "Segments": [
        0,
        0,
        0,
        0.267,
        -26,
        0,
        0.767,
        22.145,
        0,
        1.233,
        -9,
        0,
        1.8,
        15,
        0,
        2.4,
        -14.89,
        0,
        2.933,
        6.873,
        0,
        3.3,
        -29.017,
        0,
        3.733,
        0,
        0,
        4.233,
        -14.89,
        0,
        5,
        0,
        0,
        5.633,
        -8.018,
        0,
        6.033,
        6.873,
        0,
        6.467,
        -22,
        0,
        6.733,
        0
      ]
    },
    {
      "Target": "Parameter",
      "Id": "ParamAngleA2",
      "Segments": [
        0,
        0,
        0,
        0.5,
        -19.691,
        0,
        0.967,
        19.182,
        0,
        1.467,
        -8.632,
        0,
        2.1,
        13.108,
        0,
        2.633,
        -13.747,
        0,
        3.133,
        6.394,
        0,
        3.5,
        -19.182,
        0,
        4,
        5.755,
        0,
        4.5,
        -13.108,
        0,
        5.3,
        6.394,
        0,
        5.833,
        -7.673,
        0,
        6.2,
        6.394,
        0,
        6.533,
        -10.55,
        0,
        6.733,
        0
      ]
    },
    {
      "Target": "Parameter",
      "Id": "ParamAngleA3",
      "Segments": [
        0,
        0,
        0,
        0.667,
        -15.339,
        0,
        1.167,
        16.81,
        0,
        1.8,
        -7.354,
        0,
        2.4,
        10.927,
        0,
        2.833,
        -10.716,
        0,
        3.3,
        6.094,
        0,
        3.7,
        -11.347,
        0,
        4.267,
        6.094,
        0,
        4.833,
        -10.716,
        0,
        5.567,
        5.884,
        0,
        6,
        -5.884,
        0,
        6.333,
        3.992,
        0,
        6.633,
        -5.673,
        0,
        6.733,
        0
      ]
    },
    {
      "Target": "Parameter",
      "Id": "ParamAngleA4",
      "Segments": [
        0,
        0,
        0,
        0.833,
        -13.381,
        0,
        1.3,
        15.814,
        0,
        1.967,
        -6.256,
        0,
        2.6,
        10.079,
        0,
        3,
        -9.21,
        0,
        3.467,
        5.561,
        0,
        3.9,
        -9.558,
        0,
        4.5,
        5.909,
        0,
        5.067,
        -9.21,
        0,
        5.733,
        4.518,
        0,
        6.133,
        -3.823,
        0,
        6.433,
        4.518,
        0,
        6.667,
        -3.823,
        0,
        6.733,
        0
      ]
    },
    {
      "Target": "Parameter",
      "Id": "ParamAngleB1",
      "Segments": [
        0,
        0,
        0,
        0.2,
        -9,
        0,
        0.7,
        22.145,
        0,
        1.167,
        -9,
        0,
        1.733,
        15,
        0,
        2.4,
        -14.89,
        0,
        2.933,
        6.873,
        0,
        3.3,
        -5.017,
        0,
        3.733,
        24,
        0,
        4.233,
        9.11,
        0,
        5,
        24,
        0,
        6.167,
        -5.017,
        0,
        6.5,
        3.574,
        0,
        6.733,
        0
      ]
    },
    {
      "Target": "Parameter",
      "Id": "ParamAngleB2",
      "Segments": [
        0,
        0,
        0,
        0.367,
        -19.691,
        0,
        0.833,
        19.182,
        0,
        1.333,
        -8.632,
        0,
        2.1,
        13.108,
        0,
        2.633,
        -13.747,
        0,
        3.133,
        6.394,
        0,
        3.5,
        -19.182,
        0,
        4,
        5.755,
        0,
        4.5,
        -13.108,
        0,
        5.3,
        6.394,
        0,
        5.733,
        -7.673,
        0,
        6.1,
        13.108,
        0,
        6.467,
        -8.632,
        0,
        6.733,
        0
      ]
    },
    {
      "Target": "Parameter",
      "Id": "ParamAngleB3",
      "Segments": [
        0,
        0,
        0,
        0.667,
        -15.339,
        0,
        1.167,
        16.81,
        0,
        1.867,
        -7.354,
        0,
        2.4,
        10.927,
        0,
        2.833,
        -10.716,
        0,
        3.3,
        6.094,
        0,
        3.7,
        -11.347,
        0,
        4.267,
        6.094,
        0,
        4.833,
        -10.716,
        0,
        5.467,
        5.884,
        0,
        5.9,
        -5.884,
        0,
        6.2,
        8.825,
        0,
        6.533,
        -5.673,
        0,
        6.733,
        0
      ]
    },
    {
      "Target": "Parameter",
      "Id": "ParamAngleB4",
      "Segments": [
        0,
        0,
        0,
        0.833,
        -13.381,
        0,
        1.3,
        15.814,
        0,
        2.1,
        -6.256,
        0,
        2.6,
        10.079,
        0,
        3,
        -9.21,
        0,
        3.467,
        5.561,
        0,
        3.9,
        -9.558,
        0,
        4.5,
        5.909,
        0,
        5.067,
        -9.21,
        0,
        5.633,
        4.518,
        0,
        6.033,
        -3.823,
        0,
        6.3,
        5.561,
        0,
        6.6,
        -3.823,
        0,
        6.733,
        0
      ]
    },
    {
      "Target": "Parameter",
      "Id": "ParamAngleC1",
      "Segments": [
        0,
        0,
        0,
        0.367,
        -17,
        0,
        0.667,
        45,
        0,
        1.133,
        12,
        0,
        1.6,
        33.514,
        0,
        2.1,
        14.968,
        0,
        2.533,
        38,
        0,
        3.067,
        12,
        0,
        3.5,
        45,
        0,
        4.033,
        33.514,
        0,
        4.567,
        45,
        0,
        5.2,
        19.773,
        0,
        5.667,
        45,
        0,
        6.233,
        -17,
        0,
        6.567,
        7.038,
        0,
        6.733,
        0
      ]
    },
    {
      "Target": "Parameter",
      "Id": "ParamAngleC2",
      "Segments": [
        0,
        0,
        0,
        0.433,
        -17.122,
        0,
        0.833,
        22.498,
        0,
        1.433,
        -4,
        0,
        1.833,
        19,
        0,
        2.333,
        0,
        0,
        2.733,
        27.921,
        0,
        3.233,
        0.05,
        0,
        3.767,
        26.242,
        0,
        4.333,
        5.422,
        0,
        4.867,
        27.249,
        0,
        5.467,
        5.422,
        0,
        5.967,
        22.498,
        0,
        6.4,
        -12.424,
        0,
        6.633,
        5.037,
        0,
        6.733,
        0
      ]
    },
    {
      "Target": "Parameter",
      "Id": "ParamAngleC3",
      "Segments": [
        0,
        0,
        0,
        0.6,
        -16.062,
        0,
        1.067,
        20.131,
        0,
        1.6,
        -7.71,
        0,
        2.067,
        13.278,
        0,
        2.533,
        -7.71,
        0,
        3.067,
        27.369,
        0,
        3.5,
        -0.259,
        0,
        4.1,
        26.726,
        0,
        4.633,
        2.526,
        0,
        5.133,
        29.081,
        0,
        5.7,
        2.312,
        0,
        6.1,
        15.634,
        0,
        6.5,
        -9.851,
        0,
        6.733,
        0
      ]
    },
    {
      "Target": "Parameter",
      "Id": "ParamAngleC4",
      "Segments": [
        0,
        0,
        0,
        0.233,
        8.279,
        0,
        0.7,
        -15,
        0,
        1.167,
        12.912,
        0,
        1.8,
        -11.738,
        0,
        2.2,
        12.912,
        0,
        2.6,
        -11.738,
        0,
        2.967,
        6.337,
        0,
        3.467,
        -9.204,
        0,
        3.933,
        10.109,
        0,
        4.833,
        -14.086,
        0,
        5.333,
        12.13,
        0,
        5.867,
        -11.738,
        0,
        6.233,
        12.912,
        0,
        6.6,
        -7.239,
        0,
        6.733,
        0
      ]
    },
    {
      "Target": "Parameter",
      "Id": "ParamAngleC5",
      "Segments": [
        0,
        0,
        0,
        0.4,
        8.298,
        0,
        0.833,
        -14.635,
        0,
        1.333,
        11.165,
        0,
        1.967,
        -10.712,
        0,
        2.367,
        11.165,
        0,
        2.733,
        -10.561,
        0,
        3.133,
        6.186,
        0,
        3.633,
        -8.902,
        0,
        4.2,
        8.6,
        0,
        5,
        -14.635,
        0,
        5.533,
        10.561,
        0,
        6,
        -9.203,
        0,
        6.333,
        11.165,
        0,
        6.633,
        -4.074,
        0,
        6.733,
        0
      ]
    },
    {
      "Target": "Parameter",
      "Id": "ParamAngleD1",
      "Segments": [
        0,
        0,
        0,
        0.367,
        -17,
        0,
        0.667,
        45,
        0,
        1.133,
        12,
        0,
        1.6,
        33.514,
        0,
        2.1,
        14.968,
        0,
        2.533,
        38,
        0,
        3.067,
        12,
        0,
        3.5,
        45,
        0,
        4.033,
        33.514,
        0,
        4.567,
        45,
        0,
        5.2,
        19.773,
        0,
        5.667,
        45,
        0,
        6.233,
        -17,
        0,
        6.567,
        7.038,
        0,
        6.733,
        0
      ]
    },
    {
      "Target": "Parameter",
      "Id": "ParamAngleD2",
      "Segments": [
        0,
        0,
        0,
        0.433,
        -17.122,
        0,
        0.833,
        22.498,
        0,
        1.433,
        -4,
        0,
        1.833,
        19,
        0,
        2.333,
        0,
        0,
        2.767,
        13.096,
        0,
        3.267,
        -14.775,
        0,
        3.8,
        11.417,
        0,
        4.367,
        -9.402,
        0,
        4.9,
        12.424,
        0,
        5.5,
        -9.402,
        0,
        5.967,
        22.498,
        0,
        6.4,
        -12.424,
        0,
        6.633,
        5.037,
        0,
        6.733,
        0
      ]
    },
    {
      "Target": "Parameter",
      "Id": "ParamAngleD3",
      "Segments": [
        0,
        0,
        0,
        0.6,
        -16.062,
        0,
        1.067,
        20.131,
        0,
        1.6,
        -7.71,
        0,
        2.067,
        13.278,
        0,
        2.533,
        -7.71,
        0,
        3.067,
        11.565,
        0,
        3.5,
        -16.062,
        0,
        4.1,
        10.922,
        0,
        4.633,
        -13.278,
        0,
        5.133,
        13.278,
        0,
        5.7,
        -13.492,
        0,
        6.1,
        15.634,
        0,
        6.5,
        -9.851,
        0,
        6.733,
        0
      ]
    },
    {
      "Target": "Parameter",
      "Id": "ParamAngleD4",
      "Segments": [
        0,
        0,
        0,
        0.233,
        8.279,
        0,
        0.7,
        -15,
        0,
        1.167,
        12.912,
        0,
        1.8,
        -11.738,
        0,
        2.2,
        12.912,
        0,
        2.6,
        -11.738,
        0,
        2.967,
        6.337,
        0,
        3.467,
        -9.204,
        0,
        3.933,
        10.109,
        0,
        4.833,
        -14.086,
        0,
        5.333,
        12.13,
        0,
        5.867,
        -11.738,
        0,
        6.233,
        12.912,
        0,
        6.6,
        -7.239,
        0,
        6.733,
        0
      ]
    },
    {
      "Target": "Parameter",
      "Id": "ParamAngleD5",
      "Segments": [
        0,
        0,
        0,
        0.4,
        8.298,
        0,
        0.833,
        -14.635,
        0,
        1.333,
        11.165,
        0,
        1.967,
        -10.712,
        0,
        2.367,
        11.165,
        0,
        2.733,
        -10.561,
        0,
        3.133,
        6.186,
        0,
        3.633,
        -8.902,
        0,
        4.2,
        8.6,
        0,
        5,
        -14.635,
        0,
        5.533,
        10.561,
        0,
        6,
        -9.203,
        0,
        6.333,
        11.165,
        0,
        6.633,
        -4.074,
        0,
        6.733,
        0
      ]
    },
    {
      "Target": "Parameter",
      "Id": "ParamAngleE2",
      "Segments": [
        0,
        0,
        0,
        0.4,
        -17,
        0,
        0.667,
        24,
        0,
        1.167,
        -17,
        0,
        1.7,
        17,
        1,
        1.989,
        17,
        2.278,
        17.247,
        2.567,
        15,
        1,
        2.834,
        12.926,
        3.1,
        0,
        3.367,
        0,
        0,
        3.967,
        10.416,
        1,
        4.311,
        10.416,
        4.656,
        8.525,
        5,
        0,
        1,
        5.133,
        -3.3,
        5.267,
        -15.735,
        5.4,
        -15.735,
        0,
        5.867,
        12.189,
        0,
        6.333,
        -4.432,
        0,
        6.733,
        0
      ]
    },
    {
      "Target": "Parameter",
      "Id": "ParamAngleE3",
      "Segments": [
        0,
        0,
        0,
        0.367,
        -18.209,
        0,
        0.667,
        14.192,
        0,
        1.033,
        -2.678,
        0,
        1.333,
        14.192,
        0,
        1.867,
        -8.837,
        0,
        2.2,
        10,
        0,
        2.667,
        -2.678,
        0,
        3.1,
        5,
        0,
        3.6,
        -5,
        0,
        4.3,
        10,
        0,
        4.833,
        -6.159,
        0,
        5.333,
        9.104,
        0,
        5.8,
        -8.837,
        0,
        6.1,
        5,
        0,
        6.4,
        -5.623,
        0,
        6.733,
        0
      ]
    },
    {
      "Target": "Parameter",
      "Id": "ParamAngleE4",
      "Segments": [
        0,
        0,
        0,
        0.467,
        -20,
        0,
        0.8,
        29.538,
        0,
        1.067,
        7.472,
        0,
        1.333,
        20,
        1,
        1.455,
        20,
        1.578,
        9.652,
        1.7,
        -2.142,
        1,
        1.822,
        -13.936,
        1.945,
        -17,
        2.067,
        -17,
        0,
        2.333,
        24,
        0,
        2.833,
        -12.297,
        0,
        3.267,
        20,
        0,
        3.767,
        -11.243,
        1,
        3.878,
        -11.243,
        3.989,
        10.63,
        4.1,
        20,
        1,
        4.211,
        29.37,
        4.322,
        29.538,
        4.433,
        29.538,
        0,
        5,
        -12.297,
        0,
        5.4,
        22.493,
        0,
        5.9,
        -11.782,
        0,
        6.133,
        24,
        0,
        6.5,
        -6.694,
        0,
        6.733,
        0
      ]
    },
    {
      "Target": "Parameter",
      "Id": "ParamGangSheng1",
      "Segments": [
        0,
        0,
        0,
        0.2,
        11,
        1,
        0.289,
        11,
        0.378,
        11.305,
        0.467,
        5.254,
        1,
        0.556,
        -0.797,
        0.644,
        -26.534,
        0.733,
        -26.534,
        0,
        1.133,
        11,
        0,
        1.7,
        -18.666,
        0,
        2.067,
        7.507,
        0,
        2.533,
        -15,
        0,
        3,
        8.521,
        0,
        3.5,
        -15,
        0,
        4.033,
        9.333,
        0,
        4.533,
        -8.318,
        0,
        4.967,
        7.507,
        0,
        5.433,
        -4.058,
        0,
        6,
        11,
        0,
        6.4,
        -18.666,
        0,
        6.733,
        0
      ]
    },
    {
      "Target": "Parameter",
      "Id": "ParamGangSheng2",
      "Segments": [
        0,
        0,
        0,
        0.4,
        4.724,
        0,
        0.833,
        -20.897,
        0,
        1.333,
        8.115,
        0,
        1.8,
        -13.796,
        0,
        2.233,
        4.724,
        0,
        2.667,
        -12.376,
        0,
        3.133,
        6.289,
        0,
        3.633,
        -13.796,
        0,
        4.2,
        5.478,
        0,
        4.667,
        -6.289,
        0,
        5.067,
        4.724,
        0,
        5.567,
        -3.449,
        0,
        6.1,
        8.115,
        0,
        6.467,
        -8.521,
        0,
        6.733,
        0
      ]
    },
    {
      "Target": "Parameter",
      "Id": "ParamGangSheng3",
      "Segments": [
        0,
        0,
        0,
        0.533,
        5.646,
        0,
        0.967,
        -15.996,
        0,
        1.467,
        7.371,
        0,
        1.933,
        -12.389,
        0,
        2.333,
        5.646,
        0,
        2.8,
        -11.762,
        0,
        3.3,
        5.959,
        0,
        3.8,
        -12.389,
        0,
        4.4,
        5.018,
        0,
        4.8,
        -5.489,
        0,
        5.2,
        5.646,
        0,
        5.733,
        -2.98,
        0,
        6.2,
        5.646,
        0,
        6.533,
        -5.802,
        0,
        6.733,
        0
      ]
    },
    {
      "Target": "Parameter",
      "Id": "ParamGangSheng4",
      "Segments": [
        0,
        0,
        0,
        0.633,
        5.646,
        0,
        1.067,
        -15.996,
        0,
        1.567,
        7.371,
        0,
        1.9,
        -12.389,
        0,
        2.2,
        5.646,
        0,
        2.733,
        -11.762,
        0,
        3.2,
        5.959,
        0,
        3.733,
        -12.389,
        0,
        4.167,
        10.018,
        0,
        4.733,
        -5.489,
        0,
        5.3,
        5.646,
        0,
        5.833,
        -2.98,
        0,
        6.3,
        5.646,
        0,
        6.733,
        0
      ]
    },
    {
      "Target": "Parameter",
      "Id": "ParamGangSheng5",
      "Segments": [
        0,
        0,
        0,
        0.6,
        5.646,
        1,
        0.633,
        5.646,
        0.667,
        1.129,
        0.7,
        -2,
        1,
        0.822,
        -13.474,
        0.945,
        -17.67,
        1.067,
        -17.67,
        0,
        1.4,
        5.959,
        0,
        2,
        -12.389,
        0,
        2.3,
        5.646,
        0,
        2.867,
        -11.762,
        0,
        3.333,
        5.959,
        0,
        3.867,
        -12.389,
        0,
        4.3,
        10.018,
        0,
        4.867,
        -5.489,
        0,
        5.433,
        5.646,
        0,
        5.967,
        -2.98,
        0,
        6.433,
        5.646,
        0,
        6.733,
        0
      ]
    },
    {
      "Target": "Parameter",
      "Id": "ParamGangSheng6",
      "Segments": [
        0,
        0,
        0,
        0.267,
        5.684,
        1,
        0.445,
        5.684,
        0.622,
        -13.388,
        0.8,
        -15,
        1,
        0.944,
        -16.31,
        1.089,
        -15.996,
        1.233,
        -15.996,
        0,
        1.667,
        7.371,
        0,
        2.067,
        -12.389,
        0,
        2.4,
        5.646,
        0,
        2.967,
        -11.762,
        0,
        3.433,
        5.959,
        0,
        3.967,
        -12.389,
        0,
        4.4,
        10.018,
        0,
        4.967,
        -5.489,
        0,
        5.533,
        5.646,
        0,
        6.067,
        -2.98,
        0,
        6.533,
        5.646,
        0,
        6.733,
        0
      ]
    },
    {
      "Target": "Parameter",
      "Id": "ParamJXSheng2",
      "Segments": [
        0,
        0,
        0,
        0.267,
        -20,
        0,
        0.667,
        20,
        0,
        1.067,
        -10.811,
        0,
        1.6,
        7.784,
        0,
        2.067,
        -9.946,
        0,
        2.533,
        4,
        0,
        3,
        -15.568,
        1,
        3.122,
        -15.568,
        3.245,
        -11.62,
        3.367,
        0,
        1,
        3.511,
        13.733,
        3.656,
        23,
        3.8,
        23,
        0,
        4.3,
        -13.249,
        0,
        5,
        14.643,
        0,
        5.633,
        -15.568,
        0,
        6.067,
        23,
        0,
        6.433,
        -14.178,
        0,
        6.733,
        0
      ]
    },
    {
      "Target": "Parameter",
      "Id": "ParamJXSheng1",
      "Segments": [
        0,
        0,
        0,
        0.433,
        -19.292,
        0,
        0.833,
        16.968,
        0,
        1.3,
        -9.995,
        0,
        1.8,
        6.973,
        0,
        2.267,
        -9.065,
        0,
        2.733,
        4.881,
        0,
        3.3,
        -14.643,
        0,
        4.033,
        18.13,
        0,
        4.667,
        -9.995,
        0,
        5.267,
        12.551,
        0,
        5.833,
        -13.016,
        0,
        6.2,
        16.968,
        0,
        6.533,
        -9.995,
        0,
        6.733,
        0
      ]
    },
    {
      "Target": "Model",
      "Id": "Opacity",
      "Segments": [
        0,
        1,
        0,
        6.733,
        1
      ]
    },
    {
      "Target": "Parameter",
      "Id": "ParamEyeS",
      "Segments": [
        0,
        0,
        0,
        6.733,
        0
      ]
    },
    {
      "Target": "Parameter",
      "Id": "ParamParamBrowLY",
      "Segments": [
        0,
        0,
        0,
        6.733,
        0
      ]
    },
    {
      "Target": "Parameter",
      "Id": "ParamBrowLAngle",
      "Segments": [
        0,
        0,
        0,
        6.733,
        0
      ]
    },
    {
      "Target": "Parameter",
      "Id": "ParamParamBrowRY",
      "Segments": [
        0,
        0,
        0,
        6.733,
        0
      ]
    },
    {
      "Target": "Parameter",
      "Id": "ParamBrowRAngle",
      "Segments": [
        0,
        0,
        0,
        6.733,
        0
      ]
    },
    {
      "Target": "Parameter",
      "Id": "ParamMouthX",
      "Segments": [
        0,
        0,
        0,
        6.733,
        0
      ]
    },
    {
      "Target": "Parameter",
      "Id": "ParamCheek2",
      "Segments": [
        0,
        0,
        0,
        6.733,
        0
      ]
    },
    {
      "Target": "Parameter",
      "Id": "ParamCheek3",
      "Segments": [
        0,
        0,
        0,
        6.733,
        0
      ]
    },
    {
      "Target": "Parameter",
      "Id": "ParamCheek4",
      "Segments": [
        0,
        0,
        0,
        6.733,
        0
      ]
    },
    {
      "Target": "Parameter",
      "Id": "ParamCheek5",
      "Segments": [
        0,
        0,
        0,
        6.733,
        0
      ]
    },
    {
      "Target": "Parameter",
      "Id": "ParamJy",
      "Segments": [
        0,
        0,
        0,
        6.733,
        0
      ]
    },
    {
      "Target": "Parameter",
      "Id": "ParamCheek6",
      "Segments": [
        0,
        0,
        0,
        6.733,
        0
      ]
    },
    {
      "Target": "Parameter",
      "Id": "ParamHeadX",
      "Segments": [
        0,
        0,
        0,
        6.733,
        0
      ]
    },
    {
      "Target": "Parameter",
      "Id": "ParamHeadY",
      "Segments": [
        0,
        0,
        0,
        6.733,
        0
      ]
    },
    {
      "Target": "Parameter",
      "Id": "ParamLArmAB",
      "Segments": [
        0,
        0,
        0,
        6.733,
        0
      ]
    },
    {
      "Target": "Parameter",
      "Id": "Param15",
      "Segments": [
        0,
        0,
        0,
        6.733,
        0
      ]
    },
    {
      "Target": "Parameter",
      "Id": "Param17",
      "Segments": [
        0,
        0,
        0,
        6.733,
        0
      ]
    },
    {
      "Target": "Parameter",
      "Id": "ParamLHandZ",
      "Segments": [
        0,
        0,
        0,
        6.733,
        0
      ]
    },
    {
      "Target": "Parameter",
      "Id": "ParamLHandX",
      "Segments": [
        0,
        0,
        0,
        6.733,
        0
      ]
    },
    {
      "Target": "Parameter",
      "Id": "ParamLHand1",
      "Segments": [
        0,
        0,
        0,
        6.733,
        0
      ]
    },
    {
      "Target": "Parameter",
      "Id": "ParamLHand2",
      "Segments": [
        0,
        0,
        0,
        6.733,
        0
      ]
    },
    {
      "Target": "Parameter",
      "Id": "ParamLHand34",
      "Segments": [
        0,
        0,
        0,
        6.733,
        0
      ]
    },
    {
      "Target": "Parameter",
      "Id": "ParamLHand5",
      "Segments": [
        0,
        0,
        0,
        6.733,
        0
      ]
    },
    {
      "Target": "Parameter",
      "Id": "ParamLHandWater",
      "Segments": [
        0,
        0,
        0,
        6.733,
        0
      ]
    },
    {
      "Target": "Parameter",
      "Id": "Param16",
      "Segments": [
        0,
        0,
        0,
        6.733,
        0
      ]
    },
    {
      "Target": "Parameter",
      "Id": "ParamLHandWater1",
      "Segments": [
        0,
        0,
        0,
        6.733,
        0
      ]
    },
    {
      "Target": "Parameter",
      "Id": "ParamLHandWater2",
      "Segments": [
        0,
        0,
        0,
        6.733,
        0
      ]
    },
    {
      "Target": "Parameter",
      "Id": "ParamRArmDB",
      "Segments": [
        0,
        0,
        0,
        6.733,
        0
      ]
    },
    {
      "Target": "Parameter",
      "Id": "ParamArmX",
      "Segments": [
        0,
        0,
        0,
        6.733,
        0
      ]
    },
    {
      "Target": "Parameter",
      "Id": "ParamArmRY",
      "Segments": [
        0,
        0,
        0,
        6.733,
        0
      ]
    },
    {
      "Target": "Parameter",
      "Id": "ParamArmR1Y",
      "Segments": [
        0,
        0,
        0,
        6.733,
        0
      ]
    },
    {
      "Target": "Parameter",
      "Id": "ParamHQiangX",
      "Segments": [
        0,
        0,
        0,
        6.733,
        0
      ]
    },
    {
      "Target": "Parameter",
      "Id": "ParamHQiangY",
      "Segments": [
        0,
        0,
        0,
        6.733,
        0
      ]
    },
    {
      "Target": "Parameter",
      "Id": "ParamHQiang",
      "Segments": [
        0,
        0,
        0,
        6.733,
        0
      ]
    },
    {
      "Target": "Parameter",
      "Id": "ParamJXWei",
      "Segments": [
        0,
        0,
        0,
        6.733,
        0
      ]
    },
    {
      "Target": "Parameter",
      "Id": "ParamWhite1",
      "Segments": [
        0,
        0,
        0,
        6.733,
        0
      ]
    },
    {
      "Target": "Parameter",
      "Id": "ParamBlack0",
      "Segments": [
        0,
        1,
        0,
        6.733,
        1
      ]
    },
    {
      "Target": "Parameter",
      "Id": "ParamBlack1",
      "Segments": [
        0,
        0,
        0,
        6.733,
        0
      ]
    },
    {
      "Target": "Parameter",
      "Id": "ParamBlack2",
      "Segments": [
        0,
        0,
        0,
        6.733,
        0
      ]
    },
    {
      "Target": "Parameter",
      "Id": "ParamZTX",
      "Segments": [
        0,
        0,
        0,
        6.733,
        0
      ]
    },
    {
      "Target": "Parameter",
      "Id": "ParamZTY",
      "Segments": [
        0,
        0,
        0,
        6.733,
        0
      ]
    },
    {
      "Target": "Parameter",
      "Id": "ParamZTZ",
      "Segments": [
        0,
        0,
        0,
        6.733,
        0
      ]
    },
    {
      "Target": "Parameter",
      "Id": "ParamZTO",
      "Segments": [
        0,
        0,
        0,
        6.733,
        0
      ]
    },
    {
      "Target": "Parameter",
      "Id": "ParamAngleE1",
      "Segments": [
        0,
        0,
        0,
        6.733,
        0
      ]
    },
    {
      "Target": "Parameter",
      "Id": "Param11",
      "Segments": [
        0,
        0,
        0,
        6.733,
        0
      ]
    },
    {
      "Target": "Parameter",
      "Id": "Param12",
      "Segments": [
        0,
        0,
        0,
        6.733,
        0
      ]
    }
  ],
  "UserData": [
    {
      "Time": 0.0,
      "Value": ""
    },
    {
      "Time": 0.47,
      "Value": "characterVoice_109_3.2"
    }
  ]
}