{
  "Version": 3,
  "Meta": {
    "Duration": 5.333,
    "Fps": 30.0,
    "Loop": true,
    "AreBeziersRestricted": true,
    "CurveCount": 139,
    "TotalSegmentCount": 1221,
    "TotalPointCount": 1615,
    "UserDataCount": 2,
    "TotalUserDataSize": 20
  },
  "Curves": [
    {
      "Target": "Parameter",
      "Id": "ParamAngleX",
      "Segments": [
        0,
        0,
        2,
        0.5,
        0,
        0,
        0.867,
        -18.3,
        1,
        0.922,
        -18.3,
        0.978,
        -5.432,
        1.033,
        5.279,
        1,
        1.133,
        24.559,
        1.233,
        30,
        1.333,
        30,
        0,
        1.567,
        25,
        2,
        1.9,
        25,
        0,
        2.133,
        30,
        2,
        2.433,
        30,
        1,
        2.555,
        30,
        2.678,
        30,
        2.8,
        23.936,
        1,
        2.933,
        16.742,
        3.067,
        -15.943,
        3.2,
        -15.943,
        1,
        3.289,
        -15.943,
        3.378,
        -12.3,
        3.467,
        -11.713,
        1,
        3.656,
        -10.465,
        3.844,
        -10.732,
        4.033,
        -8.95,
        1,
        4.289,
        -6.539,
        4.544,
        5.279,
        4.8,
        5.279,
        0,
        5.333,
        0
      ]
    },
    {
      "Target": "Parameter",
      "Id": "ParamAngleY",
      "Segments": [
        0,
        0,
        2,
        0.5,
        0,
        0,
        0.7,
        -6,
        0,
        1.067,
        3.546,
        0,
        1.333,
        -10,
        2,
        1.9,
        -10,
        0,
        2.233,
        -6,
        2,
        2.433,
        -6,
        0,
        2.7,
        -10.471,
        0,
        3.233,
        3.031,
        0,
        3.5,
        0,
        2,
        4.1,
        0,
        2,
        4.5,
        0,
        0,
        4.767,
        -4,
        0,
        5.333,
        0
      ]
    },
    {
      "Target": "Parameter",
      "Id": "ParamAngleZ",
      "Segments": [
        0,
        0,
        2,
        0.5,
        0,
        1,
        0.6,
        0,
        0.7,
        -1.55,
        0.8,
        -4.67,
        1,
        0.889,
        -7.444,
        0.978,
        -8.84,
        1.067,
        -8.84,
        1,
        1.245,
        -8.84,
        1.422,
        8.027,
        1.6,
        11,
        1,
        1.744,
        13.416,
        1.889,
        13,
        2.033,
        13,
        0,
        2.433,
        11,
        0,
        2.733,
        16,
        0,
        3.167,
        -3,
        0,
        3.433,
        0,
        2,
        4.1,
        0,
        0,
        4.467,
        2.82,
        0,
        4.9,
        -0.767,
        0,
        5.333,
        0
      ]
    },
    {
      "Target": "Parameter",
      "Id": "ParamEyeLOpen",
      "Segments": [
        0,
        1,
        0,
        0.333,
        0.945,
        0,
        0.5,
        1,
        2,
        0.833,
        1,
        2,
        1.033,
        1,
        0,
        1.2,
        0,
        0,
        1.333,
        1.3,
        0,
        1.733,
        1,
        2,
        1.967,
        1,
        0,
        2.067,
        0,
        0,
        2.2,
        1.3,
        1,
        2.278,
        1.3,
        2.355,
        1.257,
        2.433,
        1.2,
        1,
        2.489,
        1.16,
        2.544,
        1.158,
        2.6,
        1.1,
        1,
        2.644,
        1.053,
        2.689,
        0,
        2.733,
        0,
        0,
        2.933,
        1,
        2,
        3.4,
        1,
        2,
        3.9,
        1,
        0,
        4.167,
        0.8,
        2,
        4.367,
        0.8,
        0,
        4.5,
        0,
        0,
        4.767,
        1,
        2,
        5.333,
        1
      ]
    },
    {
      "Target": "Parameter",
      "Id": "ParamEyeROpen",
      "Segments": [
        0,
        1,
        0,
        0.333,
        0.947,
        0,
        0.5,
        1,
        2,
        0.833,
        1,
        2,
        1.033,
        1,
        0,
        1.2,
        0,
        0,
        1.333,
        1.3,
        0,
        1.733,
        1,
        2,
        1.967,
        1,
        0,
        2.067,
        0,
        0,
        2.2,
        1.3,
        1,
        2.278,
        1.3,
        2.355,
        1.257,
        2.433,
        1.2,
        1,
        2.489,
        1.16,
        2.544,
        1.158,
        2.6,
        1.1,
        1,
        2.644,
        1.053,
        2.689,
        0,
        2.733,
        0,
        0,
        2.933,
        1,
        2,
        3.4,
        1,
        2,
        3.9,
        1,
        0,
        4.167,
        0.9,
        2,
        4.367,
        0.9,
        0,
        4.5,
        0,
        0,
        4.767,
        1,
        2,
        5.333,
        1
      ]
    },
    {
      "Target": "Parameter",
      "Id": "ParamEyeBallX",
      "Segments": [
        0,
        0,
        2,
        0.4,
        0,
        2,
        0.5,
        0,
        0,
        1.033,
        -0.4,
        0,
        1.333,
        1,
        2,
        1.833,
        1,
        2,
        2.133,
        1,
        0,
        2.267,
        0.9,
        2,
        2.433,
        0.9,
        0,
        2.867,
        1,
        0,
        3.4,
        0,
        2,
        4.1,
        0,
        2,
        5.333,
        0
      ]
    },
    {
      "Target": "Parameter",
      "Id": "ParamEyeBallY",
      "Segments": [
        0,
        0,
        2,
        0.4,
        0,
        2,
        0.5,
        0,
        0,
        1.033,
        -0.5,
        0,
        1.333,
        -0.3,
        0,
        1.833,
        -0.5,
        0,
        2.433,
        -0.3,
        0,
        2.867,
        -0.8,
        1,
        2.934,
        -0.8,
        3,
        -0.161,
        3.067,
        -0.1,
        1,
        3.178,
        0.001,
        3.289,
        0,
        3.4,
        0,
        2,
        4.1,
        0,
        2,
        5.333,
        0
      ]
    },
    {
      "Target": "Parameter",
      "Id": "ParamBrowLForm",
      "Segments": [
        0,
        0,
        0,
        0.4,
        0.2,
        0,
        0.5,
        0,
        2,
        0.833,
        0,
        0,
        1.133,
        1,
        2,
        1.333,
        1,
        2,
        2.433,
        1,
        0,
        3.4,
        0,
        2,
        4.1,
        0,
        2,
        5.333,
        0
      ]
    },
    {
      "Target": "Parameter",
      "Id": "ParamBrowRForm",
      "Segments": [
        0,
        0,
        0,
        0.4,
        0.2,
        0,
        0.5,
        0,
        2,
        0.833,
        0,
        0,
        1.133,
        1,
        2,
        1.333,
        1,
        2,
        2.433,
        1,
        0,
        3.4,
        0,
        2,
        5.333,
        0
      ]
    },
    {
      "Target": "Parameter",
      "Id": "ParamMouthOpenY",
      "Segments": [
        0,
        0,
        2,
        0.5,
        0,
        2,
        0.867,
        0,
        1,
        0.956,
        0,
        1.044,
        0.133,
        1.133,
        0.4,
        1,
        1.144,
        0.433,
        1.156,
        0.429,
        1.167,
        0.5,
        1,
        1.189,
        0.641,
        1.211,
        1,
        1.233,
        1,
        0,
        1.333,
        0,
        0,
        1.4,
        1,
        0,
        1.533,
        0,
        0,
        1.633,
        0.876,
        0,
        1.733,
        0,
        0,
        1.833,
        0.838,
        0,
        1.967,
        0,
        0,
        2.033,
        0.632,
        0,
        2.133,
        0.4,
        0,
        2.2,
        0.876,
        0,
        2.3,
        0,
        0,
        2.367,
        1,
        2,
        2.433,
        1,
        0,
        2.533,
        0,
        0,
        2.567,
        1,
        0,
        2.867,
        0,
        0,
        3.033,
        1,
        0,
        3.167,
        0.011,
        0,
        3.3,
        0.93,
        1,
        3.356,
        0.93,
        3.411,
        0.756,
        3.467,
        0.5,
        1,
        3.478,
        0.449,
        3.489,
        0.448,
        3.5,
        0.4,
        1,
        3.556,
        0.158,
        3.611,
        0,
        3.667,
        0,
        2,
        3.9,
        0,
        0,
        4.167,
        0.4,
        0,
        4.933,
        0,
        2,
        5.333,
        0
      ]
    },
    {
      "Target": "Parameter",
      "Id": "ParamMouthForm",
      "Segments": [
        0,
        0,
        2,
        0.5,
        0,
        2,
        0.867,
        0,
        0,
        1.233,
        -0.4,
        1,
        1.266,
        -0.4,
        1.3,
        -0.228,
        1.333,
        0,
        1,
        1.366,
        0.228,
        1.4,
        0.3,
        1.433,
        0.3,
        1,
        1.466,
        0.3,
        1.5,
        0.229,
        1.533,
        0,
        1,
        1.566,
        -0.229,
        1.6,
        -0.401,
        1.633,
        -0.401,
        1,
        1.666,
        -0.401,
        1.7,
        -0.324,
        1.733,
        0,
        1,
        1.766,
        0.324,
        1.8,
        0.621,
        1.833,
        0.621,
        1,
        1.878,
        0.621,
        1.922,
        0.306,
        1.967,
        0,
        1,
        1.989,
        -0.153,
        2.011,
        -0.151,
        2.033,
        -0.151,
        1,
        2.089,
        -0.151,
        2.144,
        -0.065,
        2.2,
        0.3,
        1,
        2.244,
        0.592,
        2.289,
        0.9,
        2.333,
        0.9,
        2,
        2.467,
        0.9,
        0,
        2.867,
        0,
        0,
        3.033,
        0.9,
        0,
        3.367,
        0,
        2,
        4.1,
        0,
        2,
        5.333,
        0
      ]
    },
    {
      "Target": "Parameter",
      "Id": "ParamMouthX",
      "Segments": [
        0,
        0,
        2,
        0.5,
        0,
        0,
        0.733,
        1,
        0,
        1.133,
        0,
        2,
        5.333,
        0
      ]
    },
    {
      "Target": "Parameter",
      "Id": "ParamHeadY",
      "Segments": [
        0,
        0,
        2,
        0.5,
        0,
        0,
        0.833,
        -14,
        0,
        1.333,
        0,
        2,
        2.433,
        0,
        2,
        3.4,
        0,
        2,
        4.1,
        0,
        2,
        5.333,
        0
      ]
    },
    {
      "Target": "Parameter",
      "Id": "ParamBodyAngleX",
      "Segments": [
        0,
        0,
        2,
        0.5,
        0,
        0,
        0.8,
        -3,
        0,
        1.333,
        10,
        1,
        1.433,
        10,
        1.533,
        8.266,
        1.633,
        8,
        1,
        1.9,
        7.291,
        2.166,
        7.18,
        2.433,
        7.18,
        0,
        2.667,
        8.854,
        0,
        3.267,
        0,
        1,
        3.378,
        0,
        3.489,
        1.396,
        3.6,
        2,
        1,
        3.767,
        2.906,
        3.933,
        3,
        4.1,
        3,
        0,
        4.633,
        -0.58,
        0,
        5.333,
        0
      ]
    },
    {
      "Target": "Parameter",
      "Id": "ParamBodyAngleY",
      "Segments": [
        0,
        0,
        2,
        0.5,
        0,
        1,
        0.6,
        0,
        0.7,
        -0.116,
        0.8,
        -1.248,
        1,
        0.978,
        -3.26,
        1.155,
        -6.943,
        1.333,
        -8.863,
        1,
        1.433,
        -9.942,
        1.533,
        -10,
        1.633,
        -10,
        2,
        2.467,
        -10,
        1,
        2.622,
        -10,
        2.778,
        -4.605,
        2.933,
        -2.297,
        1,
        3.089,
        0.011,
        3.244,
        0,
        3.4,
        0,
        2,
        4.1,
        0,
        0,
        4.4,
        -1.248,
        0,
        4.833,
        0.955,
        0,
        5.333,
        0
      ]
    },
    {
      "Target": "Parameter",
      "Id": "ParamBodyAngleZ",
      "Segments": [
        0,
        0,
        2,
        0.5,
        0,
        0,
        0.8,
        -4.747,
        1,
        0.978,
        -4.747,
        1.155,
        0.034,
        1.333,
        1.752,
        1,
        1.711,
        5.401,
        2.089,
        6.058,
        2.467,
        6.058,
        0,
        2.933,
        -2.297,
        0,
        3.4,
        0,
        2,
        4.1,
        0,
        0,
        4.633,
        -1,
        0,
        5.333,
        0
      ]
    },
    {
      "Target": "Parameter",
      "Id": "ParamHipX",
      "Segments": [
        0,
        0,
        0,
        0.333,
        3.154,
        0,
        0.5,
        0,
        0,
        0.7,
        7.09,
        0,
        1.067,
        -12,
        0,
        1.433,
        4,
        0,
        1.8,
        0,
        2,
        2.433,
        0,
        0,
        2.667,
        -9.919,
        0,
        3,
        18.649,
        0,
        3.267,
        -6,
        0,
        3.567,
        0,
        2,
        4.1,
        0,
        0,
        4.633,
        -11,
        0,
        5.333,
        0
      ]
    },
    {
      "Target": "Parameter",
      "Id": "ParamHipY",
      "Segments": [
        0,
        0,
        2,
        0.5,
        0,
        0,
        0.7,
        -6.29,
        0,
        1.067,
        16,
        0,
        1.433,
        -4,
        0,
        1.8,
        0,
        2,
        2.433,
        0,
        0,
        2.667,
        13.919,
        0,
        3,
        -18.649,
        0,
        3.267,
        4,
        0,
        3.567,
        0,
        2,
        4.1,
        0,
        0,
        4.633,
        9,
        0,
        5.333,
        0
      ]
    },
    {
      "Target": "Parameter",
      "Id": "ParamLjian",
      "Segments": [
        0,
        0,
        2,
        0.5,
        0,
        0,
        0.833,
        11,
        0,
        1.4,
        -30,
        2,
        2.433,
        -30,
        0,
        3.2,
        6.427,
        0,
        3.4,
        0,
        2,
        4.1,
        0,
        2,
        5.333,
        0
      ]
    },
    {
      "Target": "Parameter",
      "Id": "ParamRjian",
      "Segments": [
        0,
        0,
        2,
        0.5,
        0,
        0,
        0.833,
        -14,
        0,
        1.3,
        30,
        2,
        2.433,
        30,
        0,
        3.2,
        -6.811,
        0,
        3.4,
        0,
        2,
        4.1,
        0,
        2,
        5.333,
        0
      ]
    },
    {
      "Target": "Parameter",
      "Id": "ParamLegZ",
      "Segments": [
        0,
        0,
        2,
        0.5,
        0,
        0,
        1.267,
        14.25,
        0,
        1.333,
        14.091,
        0,
        1.7,
        14.25,
        1,
        1.933,
        14.25,
        2.167,
        14.35,
        2.4,
        13.333,
        1,
        2.578,
        12.558,
        2.755,
        0,
        2.933,
        0,
        2,
        3.4,
        0,
        2,
        4.1,
        0,
        2,
        5.333,
        0
      ]
    },
    {
      "Target": "Parameter",
      "Id": "ParamFoot2",
      "Segments": [
        0,
        0,
        0,
        0.367,
        1.774,
        0,
        0.5,
        0,
        2,
        2.433,
        0,
        2,
        3.4,
        0,
        2,
        4.1,
        0,
        2,
        5.333,
        0
      ]
    },
    {
      "Target": "Parameter",
      "Id": "ParamHuXi2",
      "Segments": [
        0,
        0,
        2,
        0.5,
        0,
        0,
        1.2,
        0.995,
        0,
        2.433,
        0,
        0,
        3.033,
        0.995,
        0,
        3.867,
        0,
        2,
        5.333,
        0
      ]
    },
    {
      "Target": "Parameter",
      "Id": "Param4",
      "Segments": [
        0,
        0,
        2,
        0.5,
        0,
        0,
        0.933,
        -3.971,
        1,
        0.989,
        -3.971,
        1.044,
        -4.329,
        1.1,
        -3.258,
        1,
        1.211,
        -1.116,
        1.322,
        10,
        1.433,
        10,
        2,
        2.433,
        10,
        1,
        2.522,
        10,
        2.611,
        8.8,
        2.7,
        5.934,
        1,
        2.733,
        4.859,
        2.767,
        4.154,
        2.8,
        2.106,
        1,
        2.844,
        -0.624,
        2.889,
        -6.891,
        2.933,
        -6.891,
        0,
        3.3,
        2.043,
        0,
        3.5,
        0,
        2,
        4.433,
        0,
        2,
        4.667,
        0,
        0,
        4.967,
        -16.32,
        0,
        5.333,
        0
      ]
    },
    {
      "Target": "Parameter",
      "Id": "ParamLArmAB",
      "Segments": [
        0,
        0,
        2,
        0.5,
        0,
        2,
        1.1,
        0,
        2,
        1.133,
        0.3,
        2,
        1.967,
        0.3,
        2,
        2.433,
        0.3,
        0,
        3.167,
        0.5,
        2,
        3.4,
        0.5,
        2,
        4.1,
        0.5,
        2,
        4.6,
        0.5,
        1,
        4.722,
        0.5,
        4.845,
        0.441,
        4.967,
        0.3,
        1,
        4.978,
        0.287,
        4.989,
        0.241,
        5,
        0.2,
        1,
        5.033,
        0.077,
        5.067,
        0,
        5.1,
        0,
        2,
        5.333,
        0
      ]
    },
    {
      "Target": "Parameter",
      "Id": "Param3",
      "Segments": [
        0,
        0,
        2,
        1.133,
        0,
        0,
        1.2,
        1,
        2,
        1.333,
        1,
        2,
        2.767,
        1,
        0,
        3.267,
        0,
        2,
        5.333,
        0
      ]
    },
    {
      "Target": "Parameter",
      "Id": "Param7",
      "Segments": [
        0,
        0,
        2,
        0.5,
        0,
        2,
        1.1,
        0,
        0,
        1.133,
        1,
        2,
        2.967,
        1,
        0,
        3,
        0,
        2,
        4.833,
        0,
        0,
        4.867,
        1,
        2,
        5,
        1,
        0,
        5.333,
        0
      ]
    },
    {
      "Target": "Parameter",
      "Id": "Param",
      "Segments": [
        0,
        0,
        2,
        0.5,
        0,
        2,
        0.767,
        0,
        0,
        1.1,
        -26.713,
        2,
        1.133,
        -26.713,
        0,
        1.633,
        -17.027,
        0,
        2.1,
        -23,
        0,
        2.6,
        -16,
        0,
        2.833,
        -21.011,
        0,
        3.4,
        -2.984,
        0,
        3.733,
        -5.097,
        2,
        4.467,
        -5.097,
        0,
        4.733,
        -1.368,
        1,
        4.766,
        -1.368,
        4.8,
        -13.304,
        4.833,
        -16,
        1,
        4.889,
        -20.493,
        4.944,
        -20.933,
        5,
        -20.933,
        0,
        5.333,
        0
      ]
    },
    {
      "Target": "Parameter",
      "Id": "Param2",
      "Segments": [
        0,
        0,
        2,
        0.5,
        0,
        0,
        0.767,
        -14,
        0,
        1.1,
        15,
        0,
        1.333,
        0,
        2,
        4.867,
        0,
        0,
        5,
        -15.033,
        0,
        5.133,
        0,
        2,
        5.333,
        0
      ]
    },
    {
      "Target": "Parameter",
      "Id": "Param8",
      "Segments": [
        0,
        0,
        2,
        0.5,
        0,
        2,
        0.7,
        0,
        0,
        1.1,
        7,
        0,
        1.267,
        0,
        2,
        5.333,
        0
      ]
    },
    {
      "Target": "Parameter",
      "Id": "ParamLHandZ",
      "Segments": [
        0,
        0,
        2,
        0.5,
        0,
        1,
        1.144,
        0,
        1.789,
        0.658,
        2.433,
        3,
        1,
        2.555,
        3.444,
        2.678,
        15,
        2.8,
        15,
        0,
        3.333,
        -2.311,
        0,
        3.8,
        2.807,
        1,
        3.9,
        2.807,
        4,
        2.75,
        4.1,
        2.332,
        1,
        4.244,
        1.728,
        4.389,
        1.23,
        4.533,
        0,
        1,
        4.633,
        -0.851,
        4.733,
        -30,
        4.833,
        -30,
        0,
        5.333,
        0
      ]
    },
    {
      "Target": "Parameter",
      "Id": "Param16",
      "Segments": [
        0,
        0,
        2,
        0.5,
        0,
        2,
        2.433,
        0,
        0,
        2.5,
        1,
        2,
        2.733,
        1,
        0,
        3.4,
        0.777,
        2,
        4.1,
        0.777,
        1,
        4.378,
        0.777,
        4.655,
        0.777,
        4.933,
        0.773,
        1,
        5.066,
        0.771,
        5.2,
        0,
        5.333,
        0
      ]
    },
    {
      "Target": "Parameter",
      "Id": "ParamLHandWater1",
      "Segments": [
        0,
        0,
        2,
        0.5,
        0,
        2,
        2.433,
        0,
        0,
        2.9,
        30,
        0,
        3.267,
        -21.405,
        0,
        3.733,
        19.173,
        0,
        4.067,
        -11.393,
        0,
        4.433,
        10.559,
        0,
        4.667,
        0,
        0,
        4.833,
        20,
        0,
        4.967,
        -13.615,
        0,
        5.333,
        0
      ]
    },
    {
      "Target": "Parameter",
      "Id": "ParamLHandWater2",
      "Segments": [
        0,
        0,
        2,
        0.5,
        0,
        2,
        2.433,
        0,
        0,
        3.067,
        26.675,
        0,
        3.433,
        -20.006,
        0,
        3.867,
        17.228,
        0,
        4.2,
        -10.281,
        0,
        4.533,
        8.614,
        0,
        4.733,
        -5.557,
        0,
        4.933,
        18.339,
        0,
        5.033,
        -9.447,
        0,
        5.333,
        0
      ]
    },
    {
      "Target": "Parameter",
      "Id": "ParamRArmDB",
      "Segments": [
        0,
        0,
        2,
        0.5,
        0,
        1,
        0.556,
        0,
        0.611,
        0.124,
        0.667,
        0.4,
        1,
        0.678,
        0.455,
        0.689,
        0.553,
        0.7,
        0.6,
        1,
        0.767,
        0.88,
        0.833,
        1,
        0.9,
        1,
        2,
        2.433,
        1,
        2,
        3.4,
        1,
        2,
        4.1,
        1,
        1,
        4.244,
        1,
        4.389,
        0.961,
        4.533,
        0.868,
        1,
        4.544,
        0.861,
        4.556,
        0.802,
        4.567,
        0.759,
        1,
        4.578,
        0.716,
        4.589,
        0.659,
        4.6,
        0.6,
        1,
        4.611,
        0.541,
        4.622,
        0.427,
        4.633,
        0.4,
        1,
        4.644,
        0.373,
        4.656,
        0.371,
        4.667,
        0.35,
        1,
        4.678,
        0.329,
        4.689,
        0.274,
        4.7,
        0.264,
        1,
        4.911,
        0.082,
        5.122,
        0,
        5.333,
        0
      ]
    },
    {
      "Target": "Parameter",
      "Id": "ParamArmRY",
      "Segments": [
        0,
        0,
        2,
        0.5,
        0,
        0,
        1.333,
        -23,
        2,
        2.433,
        -23,
        0,
        3.4,
        -30,
        2,
        4.1,
        -30,
        0,
        5.333,
        0
      ]
    },
    {
      "Target": "Parameter",
      "Id": "ParamArmR",
      "Segments": [
        0,
        0,
        2,
        0.5,
        0,
        0,
        0.733,
        8,
        0,
        1.333,
        -7,
        0,
        1.8,
        0,
        2,
        2.433,
        0,
        1,
        2.544,
        0,
        2.656,
        0.789,
        2.767,
        1.93,
        1,
        2.978,
        4.098,
        3.189,
        5,
        3.4,
        5,
        0,
        4.233,
        4,
        0,
        4.467,
        6,
        0,
        4.9,
        -2.919,
        0,
        5.333,
        0
      ]
    },
    {
      "Target": "Parameter",
      "Id": "ParamArmR1Z",
      "Segments": [
        0,
        0,
        2,
        0.5,
        0,
        0,
        0.633,
        -19,
        1,
        0.8,
        -19,
        0.966,
        -9.412,
        1.133,
        1,
        1,
        1.333,
        13.495,
        1.533,
        17,
        1.733,
        17,
        0,
        2.067,
        15,
        0,
        2.433,
        20,
        0,
        3.067,
        12,
        0,
        3.4,
        15,
        2,
        4.1,
        15,
        0,
        4.6,
        8.28,
        0,
        4.633,
        18.34,
        1,
        4.644,
        18.34,
        4.656,
        6.642,
        4.667,
        6.42,
        1,
        4.889,
        1.973,
        5.111,
        0,
        5.333,
        0
      ]
    },
    {
      "Target": "Parameter",
      "Id": "ParamRHand",
      "Segments": [
        0,
        0,
        2,
        0.5,
        0,
        2,
        0.633,
        0,
        0,
        0.667,
        -10,
        0,
        1.567,
        4,
        0,
        2.233,
        -3,
        1,
        2.3,
        -3,
        2.366,
        -3.184,
        2.433,
        0,
        1,
        2.555,
        5.837,
        2.678,
        14,
        2.8,
        14,
        0,
        3.2,
        5.838,
        0,
        3.4,
        9,
        2,
        4.1,
        9,
        0,
        4.667,
        19.846,
        1,
        4.745,
        19.846,
        4.822,
        12.935,
        4.9,
        9,
        1,
        5.044,
        1.693,
        5.189,
        0,
        5.333,
        0
      ]
    },
    {
      "Target": "Parameter",
      "Id": "ParamRHandZ2",
      "Segments": [
        0,
        0,
        2,
        0.5,
        0,
        1,
        0.544,
        0,
        0.589,
        -7.103,
        0.633,
        -23,
        1,
        0.644,
        -26.974,
        0.656,
        -30,
        0.667,
        -30,
        0,
        0.8,
        -6,
        0,
        0.967,
        -12.801,
        1,
        1.022,
        -12.801,
        1.078,
        7.629,
        1.133,
        10,
        1,
        1.189,
        12.371,
        1.244,
        12.16,
        1.3,
        12.16,
        1,
        1.322,
        12.16,
        1.345,
        10.327,
        1.367,
        10,
        1,
        1.478,
        8.363,
        1.589,
        7.84,
        1.7,
        7.84,
        0,
        2.133,
        13,
        2,
        2.433,
        13,
        0,
        2.9,
        -6,
        0,
        3.2,
        6,
        0,
        3.467,
        0,
        0,
        3.833,
        3.254,
        0,
        4.267,
        0,
        1,
        4.334,
        0,
        4.4,
        0.246,
        4.467,
        1.68,
        1,
        4.511,
        2.636,
        4.556,
        4.095,
        4.6,
        7,
        1,
        4.644,
        9.905,
        4.689,
        30,
        4.733,
        30,
        0,
        4.967,
        -11.481,
        0,
        5.333,
        0
      ]
    },
    {
      "Target": "Parameter",
      "Id": "ParamHQiangX",
      "Segments": [
        0,
        0,
        2,
        0.5,
        0,
        0,
        1.2,
        -30,
        0,
        1.7,
        30,
        0,
        2.2,
        -18.162,
        1,
        2.356,
        -18.162,
        2.511,
        -14.834,
        2.667,
        0,
        1,
        2.756,
        8.476,
        2.844,
        22.378,
        2.933,
        22.378,
        0,
        3.4,
        -18.162,
        0,
        3.933,
        13.622,
        0,
        4.533,
        -8.432,
        0,
        5.333,
        0
      ]
    },
    {
      "Target": "Parameter",
      "Id": "ParamHQiang",
      "Segments": [
        0,
        0,
        2,
        0.5,
        0,
        0,
        1,
        15.568,
        0,
        1.567,
        -30,
        0,
        2.1,
        21.405,
        1,
        2.256,
        21.405,
        2.411,
        -3.031,
        2.567,
        -18.811,
        1,
        2.678,
        -30,
        2.789,
        -30,
        2.9,
        -30,
        1,
        2.978,
        -30,
        3.055,
        -20,
        3.133,
        0,
        1,
        3.211,
        20,
        3.289,
        30,
        3.367,
        30,
        0,
        4.2,
        -18.811,
        0,
        5.333,
        0
      ]
    },
    {
      "Target": "Parameter",
      "Id": "ParamJXWei1",
      "Segments": [
        0,
        0,
        2,
        0.5,
        0,
        1,
        0.589,
        -8.874,
        0.678,
        -17.748,
        0.767,
        -26.622,
        2,
        0.867,
        -26.622,
        1,
        0.978,
        -10.653,
        1.089,
        5.315,
        1.2,
        21.284,
        2,
        1.3,
        21.284,
        1,
        1.4,
        7.751,
        1.5,
        -5.781,
        1.6,
        -19.314,
        2,
        1.767,
        -19.314,
        1,
        1.922,
        -12.876,
        2.078,
        -6.438,
        2.233,
        0,
        2,
        2.433,
        0,
        1,
        2.5,
        7.095,
        2.566,
        14.189,
        2.633,
        21.284,
        2,
        2.767,
        21.284,
        1,
        2.878,
        7.751,
        2.989,
        -5.781,
        3.1,
        -19.314,
        2,
        3.367,
        -19.314,
        1,
        3.489,
        -11.022,
        3.611,
        -2.731,
        3.733,
        5.561,
        2,
        4.067,
        5.561,
        1,
        4.178,
        1.722,
        4.289,
        -2.117,
        4.4,
        -5.956,
        2,
        4.767,
        -5.956,
        1,
        4.956,
        -3.971,
        5.144,
        -1.985,
        5.333,
        0
      ]
    },
    {
      "Target": "Parameter",
      "Id": "ParamJXWei2",
      "Segments": [
        0,
        0,
        2,
        0.5,
        0,
        1,
        0.656,
        -8.439,
        0.811,
        -16.878,
        0.967,
        -25.317,
        2,
        1.067,
        -25.317,
        1,
        1.145,
        -10.527,
        1.222,
        4.263,
        1.3,
        19.053,
        2,
        1.433,
        19.053,
        1,
        1.522,
        6.438,
        1.611,
        -6.177,
        1.7,
        -18.792,
        2,
        1.833,
        -18.792,
        1,
        1.955,
        -12.528,
        2.078,
        -6.264,
        2.2,
        0,
        2,
        2.533,
        0,
        1,
        2.6,
        7.221,
        2.666,
        14.442,
        2.733,
        21.663,
        2,
        2.833,
        21.663,
        1,
        2.989,
        8.743,
        3.144,
        -4.178,
        3.3,
        -17.098,
        2,
        3.533,
        -17.098,
        1,
        3.644,
        -9.385,
        3.756,
        -1.672,
        3.867,
        6.041,
        2,
        4.233,
        6.041,
        1,
        4.355,
        1.765,
        4.478,
        -2.51,
        4.6,
        -6.786,
        2,
        4.833,
        -6.786,
        1,
        5,
        -4.524,
        5.166,
        -2.262,
        5.333,
        0
      ]
    },
    {
      "Target": "Parameter",
      "Id": "ParamJXWei3",
      "Segments": [
        0,
        0,
        2,
        0.5,
        0,
        1,
        0.667,
        -7.955,
        0.833,
        -15.909,
        1,
        -23.864,
        2,
        1.167,
        -23.864,
        1,
        1.267,
        -9.73,
        1.367,
        4.404,
        1.467,
        18.538,
        2,
        1.633,
        18.538,
        1,
        1.722,
        6.603,
        1.811,
        -5.333,
        1.9,
        -17.268,
        2,
        2.067,
        -17.268,
        1,
        2.134,
        -12.189,
        2.2,
        -7.111,
        2.267,
        -2.032,
        2,
        2.6,
        -2.032,
        1,
        2.678,
        6.01,
        2.755,
        14.051,
        2.833,
        22.093,
        2,
        2.933,
        22.093,
        1,
        3.089,
        8.973,
        3.244,
        -4.148,
        3.4,
        -17.268,
        2,
        3.6,
        -17.268,
        1,
        3.722,
        -9.706,
        3.845,
        -2.143,
        3.967,
        5.419,
        2,
        4.333,
        5.419,
        1,
        4.444,
        1.306,
        4.556,
        -2.806,
        4.667,
        -6.919,
        2,
        4.9,
        -6.919,
        1,
        5.044,
        -4.613,
        5.189,
        -2.306,
        5.333,
        0
      ]
    },
    {
      "Target": "Parameter",
      "Id": "ParamJXWei4",
      "Segments": [
        0,
        0,
        0,
        0.367,
        1.359,
        1,
        0.411,
        1.359,
        0.456,
        2.186,
        0.5,
        0,
        1,
        0.656,
        -7.955,
        0.811,
        -15.909,
        0.967,
        -23.864,
        2,
        1.233,
        -23.864,
        1,
        1.344,
        -10.532,
        1.456,
        2.799,
        1.567,
        16.131,
        2,
        1.767,
        16.131,
        1,
        1.845,
        5.563,
        1.922,
        -5.006,
        2,
        -15.574,
        2,
        2.2,
        -15.574,
        1,
        2.256,
        -10.969,
        2.311,
        -6.363,
        2.367,
        -1.758,
        2,
        2.7,
        -1.758,
        1,
        2.778,
        5.945,
        2.855,
        13.649,
        2.933,
        21.352,
        2,
        3.067,
        21.352,
        1,
        3.2,
        9.043,
        3.334,
        -3.265,
        3.467,
        -15.574,
        2,
        3.633,
        -15.574,
        1,
        3.789,
        -8.415,
        3.944,
        -1.255,
        4.1,
        5.904,
        2,
        4.367,
        5.904,
        1,
        4.5,
        1.478,
        4.634,
        -2.947,
        4.767,
        -7.373,
        2,
        4.967,
        -7.373,
        1,
        5.089,
        -4.915,
        5.211,
        -2.458,
        5.333,
        0
      ]
    },
    {
      "Target": "Parameter",
      "Id": "ParamJXWei5",
      "Segments": [
        0,
        0,
        2,
        0.5,
        0,
        1,
        0.567,
        2.363,
        0.633,
        4.725,
        0.7,
        7.088,
        2,
        0.833,
        7.088,
        1,
        0.955,
        -2.933,
        1.078,
        -12.953,
        1.2,
        -22.974,
        2,
        1.433,
        -22.974,
        1,
        1.522,
        -9.776,
        1.611,
        3.422,
        1.7,
        16.62,
        2,
        1.867,
        16.62,
        1,
        1.967,
        6.273,
        2.067,
        -4.073,
        2.167,
        -14.42,
        2,
        2.3,
        -14.42,
        1,
        2.344,
        -10.347,
        2.389,
        -6.273,
        2.433,
        -2.2,
        2,
        2.7,
        -2.2,
        1,
        2.778,
        5.051,
        2.855,
        12.302,
        2.933,
        19.553,
        2,
        3.2,
        19.553,
        1,
        3.278,
        8.229,
        3.355,
        -3.096,
        3.433,
        -14.42,
        2,
        3.767,
        -14.42,
        1,
        3.9,
        -7.691,
        4.034,
        -0.961,
        4.167,
        5.768,
        2,
        4.467,
        5.768,
        1,
        4.556,
        1.475,
        4.644,
        -2.817,
        4.733,
        -7.11,
        2,
        4.933,
        -7.11,
        1,
        5.066,
        -4.74,
        5.2,
        -2.37,
        5.333,
        0
      ]
    },
    {
      "Target": "Parameter",
      "Id": "ParamJXWei6",
      "Segments": [
        0,
        0,
        2,
        0.5,
        0,
        0,
        0.933,
        25,
        0,
        1.533,
        0,
        0,
        2.1,
        12,
        1,
        2.3,
        12,
        2.5,
        5.276,
        2.7,
        0,
        1,
        2.844,
        -3.811,
        2.989,
        -4,
        3.133,
        -4,
        0,
        3.5,
        25,
        0,
        3.867,
        7.208,
        2,
        4.167,
        7.208,
        1,
        4.411,
        7.208,
        4.656,
        6.645,
        4.9,
        4,
        1,
        5.044,
        2.437,
        5.189,
        0,
        5.333,
        0
      ]
    },
    {
      "Target": "Parameter",
      "Id": "ParamJXWei7",
      "Segments": [
        0,
        0,
        2,
        0.5,
        0,
        2,
        2.933,
        0,
        0,
        3.333,
        18,
        1,
        3.466,
        18,
        3.6,
        17.933,
        3.733,
        14,
        1,
        3.855,
        10.395,
        3.978,
        0,
        4.1,
        0,
        0,
        4.567,
        8,
        0,
        5.333,
        0
      ]
    },
    {
      "Target": "Parameter",
      "Id": "ParamOpaishakeX",
      "Segments": [
        0,
        0,
        2,
        0.5,
        0,
        0,
        0.633,
        0.317,
        0,
        0.933,
        -0.595,
        0,
        1.2,
        0.485,
        0,
        1.533,
        -0.524,
        0,
        1.867,
        0.146,
        0,
        2.433,
        -0.128,
        0,
        2.933,
        0.4,
        0,
        3.4,
        -0.524,
        0,
        3.767,
        0.204,
        0,
        4.2,
        -0.228,
        0,
        4.667,
        0.117,
        0,
        5.333,
        0
      ]
    },
    {
      "Target": "Parameter",
      "Id": "ParamOpaishakeXB",
      "Segments": [
        0,
        0,
        2,
        0.5,
        0,
        0,
        0.733,
        8.269,
        0,
        1.067,
        -11.133,
        0,
        1.333,
        11.04,
        0,
        1.7,
        -8.78,
        0,
        2.067,
        4.671,
        0,
        2.633,
        -1.437,
        0,
        3.167,
        8.269,
        0,
        3.533,
        -7.949,
        0,
        4,
        4.671,
        0,
        4.4,
        -3.647,
        0,
        4.8,
        3.554,
        0,
        5.333,
        0
      ]
    },
    {
      "Target": "Parameter",
      "Id": "ParamOpaishakeY",
      "Segments": [
        0,
        0.3,
        1,
        0.167,
        0.3,
        0.333,
        0.28,
        0.5,
        0,
        1,
        0.611,
        -0.187,
        0.722,
        -0.7,
        0.833,
        -0.7,
        0,
        1.267,
        0.568,
        0,
        1.667,
        -0.591,
        0,
        2.067,
        0.211,
        1,
        2.222,
        0.211,
        2.378,
        0.14,
        2.533,
        -0.226,
        1,
        2.622,
        -0.436,
        2.711,
        -0.8,
        2.8,
        -0.8,
        0,
        3.133,
        0.36,
        0,
        3.533,
        -0.425,
        0,
        4,
        0.216,
        0,
        4.367,
        -0.226,
        1,
        4.511,
        -0.226,
        4.656,
        -0.009,
        4.8,
        0.122,
        1,
        4.978,
        0.283,
        5.155,
        0.3,
        5.333,
        0.3
      ]
    },
    {
      "Target": "Parameter",
      "Id": "ParamOpaishakeYB",
      "Segments": [
        0,
        0,
        2,
        0.5,
        0,
        0,
        1,
        -8.587,
        0,
        1.433,
        8.087,
        0,
        1.867,
        -3.974,
        0,
        2.4,
        5.544,
        0,
        2.967,
        -5.853,
        0,
        3.333,
        5.544,
        0,
        3.767,
        -1.995,
        0,
        4.167,
        4.696,
        0,
        4.567,
        0.462,
        0,
        4.867,
        2.971,
        0,
        5.333,
        0
      ]
    },
    {
      "Target": "Parameter",
      "Id": "ParamOpaishakeX2",
      "Segments": [
        0,
        0,
        2,
        0.5,
        0,
        0,
        0.667,
        0.317,
        0,
        0.967,
        -0.595,
        0,
        1.233,
        0.485,
        0,
        1.567,
        -0.524,
        0,
        1.9,
        0.146,
        0,
        2.433,
        -0.128,
        0,
        2.933,
        0.4,
        0,
        3.5,
        -0.3,
        0,
        3.867,
        0.146,
        0,
        4.3,
        -0.128,
        0,
        4.767,
        0.117,
        0,
        5.333,
        0
      ]
    },
    {
      "Target": "Parameter",
      "Id": "ParamOpaishakeX2B",
      "Segments": [
        0,
        0,
        2,
        0.5,
        0,
        0,
        0.767,
        8.269,
        0,
        1.1,
        -11.133,
        0,
        1.367,
        11.04,
        0,
        1.733,
        -8.78,
        0,
        2.1,
        4.671,
        0,
        2.633,
        -1.437,
        0,
        3.267,
        8.269,
        0,
        3.633,
        -7.949,
        0,
        4.1,
        4.671,
        0,
        4.5,
        -3.647,
        0,
        4.9,
        3.554,
        0,
        5.333,
        0
      ]
    },
    {
      "Target": "Parameter",
      "Id": "ParamOpaishakeY2",
      "Segments": [
        0,
        0.3,
        1,
        0.167,
        0.3,
        0.333,
        0.282,
        0.5,
        0,
        1,
        0.622,
        -0.207,
        0.745,
        -0.7,
        0.867,
        -0.7,
        0,
        1.3,
        0.568,
        0,
        1.7,
        -0.591,
        0,
        2.1,
        0.211,
        1,
        2.244,
        0.211,
        2.389,
        0.139,
        2.533,
        -0.226,
        1,
        2.622,
        -0.451,
        2.711,
        -0.8,
        2.8,
        -0.8,
        0,
        3.133,
        0.36,
        0,
        3.633,
        -0.425,
        0,
        4.1,
        0.122,
        0,
        4.467,
        -0.1,
        1,
        4.611,
        -0.1,
        4.756,
        -0.01,
        4.9,
        0.122,
        1,
        5.044,
        0.254,
        5.189,
        0.3,
        5.333,
        0.3
      ]
    },
    {
      "Target": "Parameter",
      "Id": "ParamOpaishakeY2B",
      "Segments": [
        0,
        0,
        2,
        0.5,
        0,
        0,
        1.033,
        -8.587,
        0,
        1.467,
        8.087,
        0,
        1.9,
        -3.974,
        0,
        2.4,
        5.544,
        0,
        2.967,
        -5.853,
        0,
        3.433,
        5.544,
        0,
        3.867,
        -1.995,
        0,
        4.267,
        4.696,
        1,
        4.4,
        4.696,
        4.534,
        2.397,
        4.667,
        0.462,
        1,
        4.767,
        -0.989,
        4.867,
        -1.091,
        4.967,
        -1.091,
        0,
        5.333,
        0
      ]
    },
    {
      "Target": "Parameter",
      "Id": "ParamClothes",
      "Segments": [
        0,
        0,
        2,
        0.5,
        0,
        0,
        0.8,
        0.9,
        0,
        1.133,
        -0.8,
        0,
        1.4,
        0.9,
        0,
        1.8,
        -0.561,
        0,
        2.3,
        0.404,
        0,
        2.6,
        0,
        0,
        2.767,
        1,
        0,
        3.033,
        -0.984,
        0,
        3.467,
        0.601,
        0,
        3.867,
        -0.493,
        0,
        4.267,
        0,
        0,
        4.733,
        -0.561,
        0,
        5.333,
        0
      ]
    },
    {
      "Target": "Parameter",
      "Id": "ParamClothesY",
      "Segments": [
        0,
        0,
        2,
        0.5,
        0,
        0,
        0.9,
        0.815,
        0,
        1.233,
        -0.654,
        0,
        1.567,
        0.719,
        0,
        2.033,
        -0.493,
        0,
        2.4,
        0.397,
        0,
        2.7,
        -0.182,
        0,
        2.867,
        0.74,
        0,
        3.2,
        -0.761,
        0,
        3.667,
        0.515,
        0,
        4,
        -0.493,
        0,
        4.5,
        0.193,
        0,
        4.867,
        -0.45,
        0,
        5.333,
        0
      ]
    },
    {
      "Target": "Parameter",
      "Id": "ParamClothes2Y",
      "Segments": [
        0,
        0,
        2,
        0.5,
        0,
        0,
        0.833,
        0.4,
        0,
        1.333,
        -0.5,
        0,
        1.867,
        0.258,
        0,
        2.533,
        -0.302,
        0,
        2.833,
        0.282,
        0,
        3.367,
        -0.5,
        0,
        3.767,
        0.185,
        0,
        4.2,
        -0.097,
        0,
        4.567,
        0.258,
        0,
        4.9,
        -0.097,
        0,
        5.333,
        0
      ]
    },
    {
      "Target": "Parameter",
      "Id": "ParamClothes2",
      "Segments": [
        0,
        0,
        2,
        0.5,
        0,
        0,
        1,
        0.345,
        0,
        1.533,
        -0.379,
        0,
        2.167,
        0.229,
        0,
        2.667,
        -0.263,
        0,
        3.1,
        0.238,
        0,
        3.5,
        -0.379,
        0,
        3.967,
        0.17,
        0,
        4.4,
        -0.102,
        0,
        4.7,
        0.219,
        0,
        5,
        -0.092,
        0,
        5.333,
        0
      ]
    },
    {
      "Target": "Parameter",
      "Id": "ParamPhysics2",
      "Segments": [
        0,
        0,
        0,
        0.267,
        -5.096,
        0,
        0.5,
        0,
        0,
        0.7,
        -15.568,
        0,
        0.867,
        10.378,
        0,
        1.067,
        -9.081,
        0,
        1.333,
        10.378,
        0,
        1.6,
        -3.892,
        0,
        1.833,
        3.892,
        0,
        2.267,
        -3.892,
        0,
        2.633,
        8.108,
        0,
        3.067,
        -9.081,
        0,
        3.3,
        7.135,
        0,
        3.633,
        -3.892,
        0,
        4.067,
        5.514,
        0,
        4.5,
        -6.162,
        0,
        4.833,
        19.459,
        0,
        5.033,
        -6.811,
        0,
        5.333,
        0
      ]
    },
    {
      "Target": "Parameter",
      "Id": "ParamPhysics3",
      "Segments": [
        0,
        0,
        0,
        0.367,
        -7.245,
        0,
        0.5,
        0,
        0,
        0.767,
        -14.2,
        0,
        0.967,
        9.277,
        0,
        1.067,
        -8.141,
        1,
        1.111,
        -8.141,
        1.156,
        -0.549,
        1.2,
        2,
        1,
        1.267,
        5.824,
        1.333,
        6.248,
        1.4,
        6.248,
        0,
        1.7,
        -4.165,
        0,
        2.033,
        4.544,
        0,
        2.433,
        -4.165,
        0,
        2.867,
        6.248,
        0,
        3.2,
        -8.141,
        0,
        3.467,
        6.627,
        0,
        3.9,
        -3.976,
        0,
        4.267,
        6.248,
        0,
        4.633,
        -4.923,
        0,
        4.9,
        14.2,
        0,
        5.067,
        -3.408,
        0,
        5.333,
        0
      ]
    },
    {
      "Target": "Parameter",
      "Id": "ParamPhysics4",
      "Segments": [
        0,
        0,
        0,
        0.167,
        6.739,
        1,
        0.278,
        6.739,
        0.389,
        6.705,
        0.5,
        0,
        1,
        0.6,
        -6.035,
        0.7,
        -27.045,
        0.8,
        -27.045,
        0,
        0.967,
        30,
        0,
        1.033,
        -14,
        0,
        1.167,
        25,
        0,
        1.267,
        -14,
        0,
        1.5,
        5.219,
        0,
        1.933,
        -16.959,
        0,
        2.433,
        21,
        1,
        2.522,
        21,
        2.611,
        1.217,
        2.7,
        -10.484,
        1,
        2.811,
        -25.11,
        2.922,
        -27.045,
        3.033,
        -27.045,
        0,
        3.333,
        17.576,
        0,
        3.667,
        -16.959,
        0,
        4,
        5.219,
        0,
        4.233,
        -3.551,
        0,
        4.433,
        17.576,
        1,
        4.466,
        17.576,
        4.5,
        9.605,
        4.533,
        0,
        1,
        4.578,
        -12.807,
        4.622,
        -16.959,
        4.667,
        -16.959,
        0,
        4.967,
        8.904,
        0,
        5.333,
        0
      ]
    },
    {
      "Target": "Parameter",
      "Id": "Param13",
      "Segments": [
        0,
        0,
        2,
        0.5,
        0,
        0,
        0.767,
        26,
        0,
        1.167,
        -30,
        0,
        1.633,
        23.005,
        0,
        2.033,
        -18.162,
        1,
        2.166,
        -18.162,
        2.3,
        -14.282,
        2.433,
        0,
        1,
        2.522,
        9.521,
        2.611,
        20,
        2.7,
        20,
        0,
        3.033,
        -20.281,
        0,
        3.433,
        11.805,
        0,
        3.867,
        -9.989,
        1,
        4,
        -9.989,
        4.134,
        -7.441,
        4.267,
        0,
        1,
        4.389,
        6.821,
        4.511,
        11.805,
        4.633,
        11.805,
        0,
        5.333,
        0
      ]
    },
    {
      "Target": "Parameter",
      "Id": "Param14",
      "Segments": [
        0,
        0,
        2,
        0.5,
        0,
        0,
        0.933,
        24.822,
        0,
        1.333,
        -24.216,
        0,
        1.833,
        19.676,
        0,
        2.4,
        -15.135,
        0,
        2.9,
        15.135,
        0,
        3.233,
        -18.465,
        0,
        3.7,
        9.384,
        0,
        4.2,
        -9.687,
        0,
        4.833,
        9.384,
        0,
        5.333,
        0
      ]
    },
    {
      "Target": "Parameter",
      "Id": "ParamAngleA1",
      "Segments": [
        0,
        0,
        2,
        0.5,
        0,
        0,
        0.767,
        23,
        0,
        1.133,
        -29,
        0,
        1.533,
        13,
        0,
        2,
        -11.805,
        1,
        2.078,
        -11.805,
        2.155,
        -12.262,
        2.233,
        -8,
        1,
        2.378,
        -0.085,
        2.522,
        13,
        2.667,
        13,
        0,
        3.133,
        -15,
        0,
        3.567,
        7.968,
        0,
        4.067,
        -8,
        0,
        4.533,
        4.346,
        0,
        4.867,
        -5.07,
        0,
        5.333,
        0
      ]
    },
    {
      "Target": "Parameter",
      "Id": "ParamAngleA2",
      "Segments": [
        0,
        0,
        2,
        0.5,
        0,
        0,
        0.9,
        21.005,
        0,
        1.267,
        -17.595,
        0,
        1.667,
        4.346,
        0,
        2.233,
        -12.649,
        0,
        2.833,
        12.676,
        0,
        3.233,
        -7.832,
        0,
        3.733,
        9.416,
        0,
        4.2,
        -7.605,
        0,
        4.667,
        4.346,
        0,
        4.933,
        -3.622,
        0,
        5.333,
        0
      ]
    },
    {
      "Target": "Parameter",
      "Id": "ParamAngleA3",
      "Segments": [
        0,
        0,
        2,
        0.5,
        0,
        0,
        1.033,
        18.779,
        0,
        1.4,
        -14.814,
        0,
        1.933,
        5.216,
        0,
        2.4,
        -11.267,
        0,
        3,
        12.728,
        0,
        3.4,
        -6.468,
        0,
        3.9,
        9.389,
        0,
        4.3,
        -6.468,
        0,
        4.8,
        4.59,
        0,
        5,
        -3.338,
        0,
        5.333,
        0
      ]
    },
    {
      "Target": "Parameter",
      "Id": "ParamAngleA4",
      "Segments": [
        0,
        0,
        2,
        0.5,
        0,
        0,
        0.667,
        -5.811,
        0,
        1.167,
        17.613,
        0,
        1.567,
        -10.895,
        0,
        2.133,
        6.355,
        0,
        2.633,
        -9.079,
        0,
        3.133,
        10.713,
        0,
        3.6,
        -5.811,
        0,
        4.067,
        8.898,
        0,
        4.467,
        -5.447,
        0,
        4.9,
        4.358,
        0,
        5.333,
        0
      ]
    },
    {
      "Target": "Parameter",
      "Id": "ParamAngleB1",
      "Segments": [
        0,
        0,
        2,
        0.5,
        0,
        0,
        0.733,
        13,
        0,
        1.1,
        -11.805,
        0,
        1.5,
        13,
        0,
        1.967,
        -5.805,
        1,
        2.067,
        -5.805,
        2.167,
        -6.234,
        2.267,
        -2,
        1,
        2.411,
        4.115,
        2.556,
        19,
        2.7,
        19,
        0,
        3.167,
        -15,
        0,
        3.667,
        7.968,
        0,
        4.2,
        -8,
        0,
        4.633,
        4.346,
        0,
        4.9,
        -5.07,
        0,
        5.333,
        0
      ]
    },
    {
      "Target": "Parameter",
      "Id": "ParamAngleB2",
      "Segments": [
        0,
        0,
        2,
        0.5,
        0,
        0,
        0.867,
        21.005,
        0,
        1.233,
        -17.595,
        0,
        1.633,
        4.346,
        0,
        2.267,
        -12.649,
        0,
        2.867,
        12.676,
        0,
        3.267,
        -7.832,
        0,
        3.833,
        9.416,
        0,
        4.333,
        -7.605,
        0,
        4.733,
        4.346,
        0,
        4.933,
        -3.622,
        0,
        5.333,
        0
      ]
    },
    {
      "Target": "Parameter",
      "Id": "ParamAngleB3",
      "Segments": [
        0,
        0,
        2,
        0.5,
        0,
        0,
        1,
        18.779,
        0,
        1.367,
        -14.814,
        0,
        1.9,
        5.216,
        0,
        2.433,
        -11.267,
        0,
        3.033,
        12.728,
        0,
        3.433,
        -6.468,
        0,
        4,
        9.389,
        0,
        4.433,
        -6.468,
        0,
        4.867,
        4.59,
        0,
        5,
        -3.338,
        0,
        5.333,
        0
      ]
    },
    {
      "Target": "Parameter",
      "Id": "ParamAngleB4",
      "Segments": [
        0,
        0,
        2,
        0.5,
        0,
        0,
        0.7,
        -5.811,
        0,
        1.133,
        17.613,
        0,
        1.533,
        -10.895,
        0,
        2.167,
        6.355,
        0,
        2.667,
        -9.079,
        0,
        3.167,
        10.713,
        0,
        3.633,
        -5.811,
        0,
        4.167,
        8.898,
        0,
        4.6,
        -5.447,
        0,
        4.967,
        4.358,
        0,
        5.333,
        0
      ]
    },
    {
      "Target": "Parameter",
      "Id": "ParamAngleC1",
      "Segments": [
        0,
        0,
        2,
        0.5,
        0,
        0,
        0.9,
        -24.527,
        0,
        1.367,
        42,
        0,
        1.8,
        8.63,
        0,
        2.2,
        42,
        0,
        2.533,
        21.217,
        0,
        2.933,
        42,
        0,
        3.467,
        -12.778,
        0,
        4.033,
        21.217,
        0,
        4.667,
        -15.409,
        0,
        5.333,
        0
      ]
    },
    {
      "Target": "Parameter",
      "Id": "ParamAngleC2",
      "Segments": [
        0,
        0,
        2,
        0.5,
        0,
        0,
        0.733,
        11.103,
        0,
        1.1,
        -23.734,
        0,
        1.467,
        25,
        0,
        1.967,
        -1.621,
        0,
        2.3,
        26.069,
        0,
        2.8,
        -12.227,
        0,
        3.2,
        11.103,
        0,
        3.733,
        -13.305,
        0,
        4.233,
        11.103,
        0,
        4.8,
        -12.227,
        0,
        5.333,
        0
      ]
    },
    {
      "Target": "Parameter",
      "Id": "ParamAngleC3",
      "Segments": [
        0,
        0,
        2,
        0.5,
        0,
        0,
        0.833,
        11.307,
        0,
        1.233,
        -19.921,
        0,
        1.6,
        -5,
        0,
        2.067,
        -33,
        0,
        2.467,
        -5,
        0,
        2.967,
        -19.921,
        0,
        3.4,
        11.307,
        0,
        3.933,
        -9.422,
        0,
        4.367,
        8,
        0,
        4.9,
        -9.153,
        0,
        5.333,
        0
      ]
    },
    {
      "Target": "Parameter",
      "Id": "ParamAngleC4",
      "Segments": [
        0,
        0,
        2,
        0.5,
        0,
        0,
        0.967,
        11.342,
        0,
        1.3,
        -11.072,
        0,
        1.733,
        14.583,
        0,
        2.167,
        -13.503,
        0,
        2.6,
        11.342,
        0,
        3.067,
        -12.422,
        0,
        3.567,
        11.342,
        0,
        4.033,
        -7.832,
        0,
        4.533,
        14.583,
        0,
        4.967,
        -4.861,
        0,
        5.333,
        0
      ]
    },
    {
      "Target": "Parameter",
      "Id": "ParamAngleC5",
      "Segments": [
        0,
        0,
        2,
        0.5,
        0,
        0,
        0.733,
        -5.01,
        0,
        1.067,
        10.323,
        0,
        1.433,
        -9.716,
        0,
        1.833,
        13.967,
        0,
        2.267,
        -11.69,
        0,
        2.733,
        10.931,
        0,
        3.233,
        -10.779,
        0,
        3.7,
        10.323,
        0,
        4.133,
        -6.68,
        0,
        4.633,
        13.512,
        0,
        5,
        -2.581,
        0,
        5.333,
        0
      ]
    },
    {
      "Target": "Parameter",
      "Id": "ParamAngleD1",
      "Segments": [
        0,
        0,
        2,
        0.5,
        0,
        0,
        0.9,
        -24.527,
        0,
        1.367,
        42,
        0,
        1.8,
        8.63,
        0,
        2.2,
        42,
        0,
        2.533,
        21.217,
        0,
        2.933,
        42,
        0,
        3.467,
        -12.778,
        0,
        4.033,
        21.217,
        0,
        4.667,
        -15.409,
        0,
        5.333,
        0
      ]
    },
    {
      "Target": "Parameter",
      "Id": "ParamAngleD2",
      "Segments": [
        0,
        0,
        2,
        0.5,
        0,
        0,
        0.733,
        11.103,
        0,
        1.1,
        -23.734,
        0,
        1.467,
        25,
        0,
        1.967,
        -1.621,
        0,
        2.3,
        26.069,
        0,
        2.8,
        -12.227,
        0,
        3.2,
        11.103,
        0,
        3.733,
        -13.305,
        0,
        4.233,
        11.103,
        0,
        4.8,
        -12.227,
        0,
        5.333,
        0
      ]
    },
    {
      "Target": "Parameter",
      "Id": "ParamAngleD3",
      "Segments": [
        0,
        0,
        2,
        0.5,
        0,
        0,
        0.833,
        11.307,
        0,
        1.233,
        -19.921,
        0,
        1.6,
        -5,
        0,
        2.067,
        -33,
        0,
        2.467,
        -5,
        0,
        2.967,
        -19.921,
        0,
        3.4,
        11.307,
        0,
        3.933,
        -9.422,
        0,
        4.367,
        8,
        0,
        4.9,
        -9.153,
        0,
        5.333,
        0
      ]
    },
    {
      "Target": "Parameter",
      "Id": "ParamAngleD4",
      "Segments": [
        0,
        0,
        2,
        0.5,
        0,
        0,
        0.967,
        11.342,
        0,
        1.3,
        -11.072,
        0,
        1.733,
        14.583,
        0,
        2.167,
        -13.503,
        0,
        2.6,
        11.342,
        0,
        3.067,
        -12.422,
        0,
        3.567,
        11.342,
        0,
        4.033,
        -7.832,
        0,
        4.533,
        14.583,
        0,
        4.967,
        -4.861,
        0,
        5.333,
        0
      ]
    },
    {
      "Target": "Parameter",
      "Id": "ParamAngleD5",
      "Segments": [
        0,
        0,
        2,
        0.5,
        0,
        0,
        0.733,
        -5.01,
        0,
        1.067,
        10.323,
        0,
        1.433,
        -9.716,
        0,
        1.833,
        13.967,
        0,
        2.267,
        -11.69,
        0,
        2.733,
        10.931,
        0,
        3.233,
        -10.779,
        0,
        3.7,
        10.323,
        0,
        4.133,
        -6.68,
        0,
        4.633,
        13.512,
        0,
        5,
        -2.581,
        0,
        5.333,
        0
      ]
    },
    {
      "Target": "Parameter",
      "Id": "ParamAngleE2",
      "Segments": [
        0,
        0,
        2,
        0.5,
        0,
        0,
        0.967,
        -6,
        0,
        1.433,
        45,
        0,
        1.767,
        27,
        0,
        2.433,
        38,
        0,
        3.4,
        0,
        2,
        4.1,
        0,
        2,
        5.333,
        0
      ]
    },
    {
      "Target": "Parameter",
      "Id": "ParamAngleE3",
      "Segments": [
        0,
        0,
        2,
        0.5,
        0,
        0,
        0.8,
        7,
        0,
        1.367,
        -17,
        0,
        1.867,
        36,
        0,
        2.367,
        -12.319,
        0,
        2.833,
        21.2,
        0,
        3.3,
        -12.319,
        0,
        3.8,
        10.027,
        0,
        4.3,
        -5.73,
        0,
        5.333,
        0
      ]
    },
    {
      "Target": "Parameter",
      "Id": "ParamAngleE4",
      "Segments": [
        0,
        0,
        2,
        0.5,
        0,
        0,
        0.967,
        6.294,
        0,
        1.567,
        -14.897,
        0,
        2.033,
        30.368,
        0,
        2.567,
        -11.46,
        0,
        3.033,
        17.476,
        0,
        3.5,
        -14.897,
        0,
        4.067,
        6.294,
        0,
        4.533,
        -6.303,
        0,
        5.333,
        0
      ]
    },
    {
      "Target": "Parameter",
      "Id": "ParamGangSheng1",
      "Segments": [
        0,
        0,
        2,
        0.5,
        0,
        0,
        0.8,
        15,
        0,
        1.133,
        -22,
        0,
        1.7,
        14.6,
        0,
        2.067,
        -12.2,
        1,
        2.167,
        -12.2,
        2.267,
        0.572,
        2.367,
        4,
        1,
        2.567,
        10.856,
        2.767,
        12,
        2.967,
        12,
        0,
        3.7,
        -16,
        0,
        4.2,
        7.6,
        0,
        4.733,
        -4.4,
        0,
        5.333,
        0
      ]
    },
    {
      "Target": "Parameter",
      "Id": "ParamGangSheng2",
      "Segments": [
        0,
        0,
        2,
        0.5,
        0,
        0,
        0.867,
        7.4,
        0,
        1.3,
        -11,
        0,
        1.833,
        7.8,
        0,
        2.2,
        -7,
        0,
        3.233,
        9.8,
        0,
        3.9,
        -10.4,
        0,
        4.4,
        7.4,
        0,
        4.833,
        -2.8,
        0,
        5.333,
        0
      ]
    },
    {
      "Target": "Parameter",
      "Id": "ParamGangSheng3",
      "Segments": [
        0,
        0,
        2,
        0.5,
        0,
        0,
        1,
        6.858,
        0,
        1.433,
        -9.332,
        1,
        1.533,
        -9.332,
        1.633,
        0.208,
        1.733,
        4,
        1,
        1.811,
        6.949,
        1.889,
        6.746,
        1.967,
        6.746,
        0,
        2.3,
        -5.577,
        1,
        2.556,
        -5.577,
        2.811,
        3.385,
        3.067,
        7.632,
        1,
        3.167,
        9.294,
        3.267,
        8.77,
        3.367,
        8.77,
        0,
        3.9,
        -8.121,
        0,
        4.4,
        6.858,
        0,
        4.867,
        -2.153,
        0,
        5.333,
        0
      ]
    },
    {
      "Target": "Parameter",
      "Id": "ParamGangSheng4",
      "Segments": [
        0,
        0,
        2,
        0.5,
        0,
        0,
        0.933,
        6.36,
        0,
        1.367,
        -8.691,
        0,
        1.767,
        10.942,
        0,
        2.333,
        -5.186,
        0,
        3.167,
        6.36,
        0,
        4.033,
        -5.186,
        0,
        4.567,
        5.871,
        0,
        4.9,
        -11.218,
        0,
        5.333,
        0
      ]
    },
    {
      "Target": "Parameter",
      "Id": "ParamGangSheng5",
      "Segments": [
        0,
        0,
        2,
        0.5,
        0,
        0,
        0.6,
        -3.887,
        0,
        0.867,
        20,
        0,
        1.4,
        -9,
        0,
        1.967,
        13.011,
        0,
        2.367,
        -7.211,
        1,
        2.567,
        -7.211,
        2.767,
        -3.502,
        2.967,
        6.109,
        1,
        3.045,
        9.846,
        3.122,
        13.324,
        3.2,
        13.324,
        1,
        3.322,
        13.324,
        3.445,
        11.343,
        3.567,
        3,
        1,
        3.645,
        -2.309,
        3.722,
        -9.562,
        3.8,
        -9.562,
        1,
        3.922,
        -9.562,
        4.045,
        -9.067,
        4.167,
        -4.681,
        1,
        4.234,
        -2.289,
        4.3,
        12.697,
        4.367,
        12.697,
        1,
        4.467,
        12.697,
        4.567,
        10.462,
        4.667,
        4.919,
        1,
        4.745,
        0.608,
        4.822,
        -2.195,
        4.9,
        -2.195,
        0,
        5.333,
        0
      ]
    },
    {
      "Target": "Parameter",
      "Id": "ParamJXSheng2",
      "Segments": [
        0,
        0,
        2,
        0.5,
        0,
        0,
        0.9,
        -30,
        0,
        1.4,
        30,
        0,
        1.833,
        -19.135,
        0,
        2.367,
        14.919,
        0,
        2.633,
        -0.949,
        0,
        3,
        30,
        0,
        3.333,
        -19.135,
        0,
        3.7,
        17.514,
        0,
        4.133,
        -15.243,
        0,
        4.633,
        8.108,
        0,
        5.333,
        0
      ]
    },
    {
      "Target": "Parameter",
      "Id": "ParamJXSheng1",
      "Segments": [
        0,
        0,
        2,
        0.5,
        0,
        0,
        1.067,
        -26.595,
        0,
        1.6,
        23.351,
        0,
        2,
        -16.216,
        0,
        2.5,
        12.973,
        0,
        2.8,
        -8.757,
        0,
        3.133,
        24.324,
        0,
        3.5,
        -16.216,
        0,
        3.9,
        14.919,
        0,
        4.333,
        -16.216,
        0,
        4.8,
        6.811,
        0,
        5.333,
        0
      ]
    },
    {
      "Target": "Parameter",
      "Id": "Param5",
      "Segments": [
        0,
        0,
        2,
        0.5,
        0,
        2,
        1.167,
        0,
        0,
        1.467,
        -15,
        0,
        1.867,
        -6.025,
        0,
        2.567,
        -12.921,
        0,
        3,
        6.03,
        0,
        3.233,
        0,
        2,
        5.333,
        0
      ]
    },
    {
      "Target": "Parameter",
      "Id": "Param6",
      "Segments": [
        0,
        0,
        2,
        0.5,
        0,
        2,
        1.167,
        0,
        0,
        1.633,
        -13.536,
        0,
        2,
        -7.049,
        0,
        2.667,
        -12.317,
        0,
        3.1,
        5.732,
        0,
        3.3,
        0,
        2,
        5.333,
        0
      ]
    },
    {
      "Target": "Model",
      "Id": "Opacity",
      "Segments": [
        0,
        1,
        0,
        5.333,
        1
      ]
    },
    {
      "Target": "Parameter",
      "Id": "ParamEyeS",
      "Segments": [
        0,
        0,
        0,
        5.333,
        0
      ]
    },
    {
      "Target": "Parameter",
      "Id": "ParamParamBrowLY",
      "Segments": [
        0,
        0,
        0,
        5.333,
        0
      ]
    },
    {
      "Target": "Parameter",
      "Id": "ParamBrowLAngle",
      "Segments": [
        0,
        0,
        0,
        5.333,
        0
      ]
    },
    {
      "Target": "Parameter",
      "Id": "ParamParamBrowRY",
      "Segments": [
        0,
        0,
        0,
        5.333,
        0
      ]
    },
    {
      "Target": "Parameter",
      "Id": "ParamBrowRAngle",
      "Segments": [
        0,
        0,
        0,
        5.333,
        0
      ]
    },
    {
      "Target": "Parameter",
      "Id": "ParamCheek2",
      "Segments": [
        0,
        0,
        0,
        5.333,
        0
      ]
    },
    {
      "Target": "Parameter",
      "Id": "ParamCheek3",
      "Segments": [
        0,
        0,
        0,
        5.333,
        0
      ]
    },
    {
      "Target": "Parameter",
      "Id": "ParamCheek4",
      "Segments": [
        0,
        0,
        0,
        5.333,
        0
      ]
    },
    {
      "Target": "Parameter",
      "Id": "ParamCheek",
      "Segments": [
        0,
        0,
        0,
        5.333,
        0
      ]
    },
    {
      "Target": "Parameter",
      "Id": "ParamCheek5",
      "Segments": [
        0,
        0,
        0,
        5.333,
        0
      ]
    },
    {
      "Target": "Parameter",
      "Id": "ParamJy",
      "Segments": [
        0,
        0,
        0,
        5.333,
        0
      ]
    },
    {
      "Target": "Parameter",
      "Id": "ParamCheek6",
      "Segments": [
        0,
        0,
        0,
        5.333,
        0
      ]
    },
    {
      "Target": "Parameter",
      "Id": "ParamHeadX",
      "Segments": [
        0,
        0,
        0,
        5.333,
        0
      ]
    },
    {
      "Target": "Parameter",
      "Id": "ParamFoot1",
      "Segments": [
        0,
        0,
        0,
        5.333,
        0
      ]
    },
    {
      "Target": "Parameter",
      "Id": "Param15",
      "Segments": [
        0,
        0,
        0,
        5.333,
        0
      ]
    },
    {
      "Target": "Parameter",
      "Id": "Param17",
      "Segments": [
        0,
        0,
        0,
        5.333,
        0
      ]
    },
    {
      "Target": "Parameter",
      "Id": "ParamLHandX",
      "Segments": [
        0,
        0,
        0,
        5.333,
        0
      ]
    },
    {
      "Target": "Parameter",
      "Id": "ParamLHand1",
      "Segments": [
        0,
        0,
        0,
        5.333,
        0
      ]
    },
    {
      "Target": "Parameter",
      "Id": "ParamLHand2",
      "Segments": [
        0,
        0,
        0,
        5.333,
        0
      ]
    },
    {
      "Target": "Parameter",
      "Id": "ParamLHand34",
      "Segments": [
        0,
        0,
        0,
        5.333,
        0
      ]
    },
    {
      "Target": "Parameter",
      "Id": "ParamLHand5",
      "Segments": [
        0,
        0,
        0,
        5.333,
        0
      ]
    },
    {
      "Target": "Parameter",
      "Id": "ParamLHandWater",
      "Segments": [
        0,
        0,
        0,
        5.333,
        0
      ]
    },
    {
      "Target": "Parameter",
      "Id": "ParamRArmDA",
      "Segments": [
        0,
        0,
        0,
        5.333,
        0
      ]
    },
    {
      "Target": "Parameter",
      "Id": "ParamArmX",
      "Segments": [
        0,
        0,
        0,
        5.333,
        0
      ]
    },
    {
      "Target": "Parameter",
      "Id": "ParamArmR1Y",
      "Segments": [
        0,
        0,
        0,
        5.333,
        0
      ]
    },
    {
      "Target": "Parameter",
      "Id": "ParamHQiangY",
      "Segments": [
        0,
        0,
        0,
        5.333,
        0
      ]
    },
    {
      "Target": "Parameter",
      "Id": "ParamJXWei",
      "Segments": [
        0,
        0,
        0,
        5.333,
        0
      ]
    },
    {
      "Target": "Parameter",
      "Id": "ParamWhite1",
      "Segments": [
        0,
        0,
        0,
        5.333,
        0
      ]
    },
    {
      "Target": "Parameter",
      "Id": "ParamBlack0",
      "Segments": [
        0,
        1,
        0,
        5.333,
        1
      ]
    },
    {
      "Target": "Parameter",
      "Id": "ParamBlack1",
      "Segments": [
        0,
        0,
        0,
        5.333,
        0
      ]
    },
    {
      "Target": "Parameter",
      "Id": "ParamBlack2",
      "Segments": [
        0,
        0,
        0,
        5.333,
        0
      ]
    },
    {
      "Target": "Parameter",
      "Id": "ParamZTX",
      "Segments": [
        0,
        0,
        0,
        5.333,
        0
      ]
    },
    {
      "Target": "Parameter",
      "Id": "ParamZTY",
      "Segments": [
        0,
        0,
        0,
        5.333,
        0
      ]
    },
    {
      "Target": "Parameter",
      "Id": "ParamZTZ",
      "Segments": [
        0,
        0,
        0,
        5.333,
        0
      ]
    },
    {
      "Target": "Parameter",
      "Id": "ParamZTO",
      "Segments": [
        0,
        0,
        0,
        5.333,
        0
      ]
    },
    {
      "Target": "Parameter",
      "Id": "ParamBJtoushi",
      "Segments": [
        0,
        0,
        0,
        5.333,
        0
      ]
    },
    {
      "Target": "Parameter",
      "Id": "Param9",
      "Segments": [
        0,
        0,
        0,
        5.333,
        0
      ]
    },
    {
      "Target": "Parameter",
      "Id": "ParamPhysics1",
      "Segments": [
        0,
        0,
        0,
        5.333,
        0
      ]
    },
    {
      "Target": "Parameter",
      "Id": "ParamAngleE1",
      "Segments": [
        0,
        0,
        0,
        5.333,
        0
      ]
    },
    {
      "Target": "Parameter",
      "Id": "ParamGangSheng6",
      "Segments": [
        0,
        0,
        0,
        5.333,
        0
      ]
    },
    {
      "Target": "Parameter",
      "Id": "Param11",
      "Segments": [
        0,
        0,
        0,
        5.333,
        0
      ]
    },
    {
      "Target": "Parameter",
      "Id": "Param12",
      "Segments": [
        0,
        0,
        0,
        5.333,
        0
      ]
    }
  ],
  "UserData": [
    {
      "Time": 0.0,
      "Value": ""
    },
    {
      "Time": 1.17,
      "Value": "characterVoice_105_3"
    }
  ]
}