{"Version": 3, "Meta": {"Duration": 1, "Fps": 60.0, "Loop": true, "AreBeziersRestricted": true, "CurveCount": 28, "UserDataCount": 0, "TotalSegmentCount": 56, "TotalPointCount": 56, "TotalUserDataSize": 0}, "Curves": [{"Target": "Parameter", "Id": "ParamBrowRX", "Segments": [0, 0, 0, 1, 0]}, {"Target": "Parameter", "Id": "ParamBrowRY", "Segments": [0, 0.278, 0, 1, 0.278]}, {"Target": "Parameter", "Id": "ParamBrowRAngle", "Segments": [0, 0.14, 0, 1, 0.14]}, {"Target": "Parameter", "Id": "ParamBrowRForm", "Segments": [0, 0.3, 0, 1, 0.3]}, {"Target": "Parameter", "Id": "ParamBrowLX", "Segments": [0, 0, 0, 1, 0]}, {"Target": "Parameter", "Id": "ParamBrowLY", "Segments": [0, 0.296, 0, 1, 0.296]}, {"Target": "Parameter", "Id": "ParamBrowLAngle", "Segments": [0, 0.112, 0, 1, 0.112]}, {"Target": "Parameter", "Id": "ParamBrowLForm", "Segments": [0, 0.3, 0, 1, 0.3]}, {"Target": "Parameter", "Id": "ParamEyeROpen", "Segments": [0, 0, 0, 1, 0]}, {"Target": "Parameter", "Id": "ParamEyeRSmile", "Segments": [0, 1, 0, 1, 1]}, {"Target": "Parameter", "Id": "ParamEyeRForm", "Segments": [0, 0, 0, 1, 0]}, {"Target": "Parameter", "Id": "ParamEyeLOpen", "Segments": [0, 0, 0, 1, 0]}, {"Target": "Parameter", "Id": "ParamEyeLSmile", "Segments": [0, 1, 0, 1, 1]}, {"Target": "Parameter", "Id": "ParamEyeLForm", "Segments": [0, 0, 0, 1, 0]}, {"Target": "Parameter", "Id": "ParamEyeballX", "Segments": [0, 0, 0, 1, 0]}, {"Target": "Parameter", "Id": "ParamEyeballY", "Segments": [0, 0, 0, 1, 0]}, {"Target": "Parameter", "Id": "ParamEyeSize", "Segments": [0, 0, 0, 1, 0]}, {"Target": "Parameter", "Id": "ParamEyeTeary", "Segments": [0, 0, 0, 1, 0]}, {"Target": "Parameter", "Id": "ParamTear", "Segments": [0, 0, 0, 1, 0]}, {"Target": "Parameter", "Id": "ParamMouthForm", "Segments": [0, 1, 0, 1, 1]}, {"Target": "Parameter", "Id": "ParamMouthForm2", "Segments": [0, 0, 0, 1, 0]}, {"Target": "Parameter", "Id": "ParamTeeth", "Segments": [0, 0, 0, 1, 0]}, {"Target": "Parameter", "Id": "ParamMouthScaleX", "Segments": [0, 0, 0, 1, 0]}, {"Target": "Parameter", "Id": "ParamMouthScaleY", "Segments": [0, 0, 0, 1, 0]}, {"Target": "Parameter", "Id": "ParamMouthPositionY", "Segments": [0, 0, 0, 1, 0]}, {"Target": "Parameter", "Id": "ParamCheek", "Segments": [0, 0, 0, 1, 0]}, {"Target": "Parameter", "Id": "ParamFaceShadow", "Segments": [0, 0, 0, 1, 0]}, {"Target": "Parameter", "Id": "ParamCheekAngry", "Segments": [0, 0, 0, 1, 0]}], "UserData": []}