{"Version": 3, "Meta": {"Duration": 2.25, "Fps": 60.0, "Loop": true, "AreBeziersRestricted": true, "CurveCount": 61, "UserDataCount": 1, "TotalSegmentCount": 185, "TotalPointCount": 187, "TotalUserDataSize": 19}, "Curves": [{"Target": "Parameter", "Id": "ParamAngleX", "Segments": [0, 0, 0, 0.433, 5, 2, 1.05, 5, 2, 2.25, 5]}, {"Target": "Parameter", "Id": "ParamAngleY", "Segments": [0, 0, 0, 0.467, -3, 1, 0.689, -7.28, 0.911, -13.0, 1.133, -13, 2, 2.25, -13]}, {"Target": "Parameter", "Id": "ParamAngleZ", "Segments": [0, 0, 0, 0.517, 13, 0, 1.2, -18, 2, 2.25, -18]}, {"Target": "Parameter", "Id": "ParamEyeROpen", "Segments": [0, 1, 0, 0.3, 1, 0, 0.567, 0, 0, 0.867, 1, 2, 2.25, 1]}, {"Target": "Parameter", "Id": "ParamEyeLOpen", "Segments": [0, 1, 0, 0.3, 1, 0, 0.567, 0, 0, 0.867, 1, 2, 2.25, 1]}, {"Target": "Parameter", "Id": "ParamBodyAngleX", "Segments": [0, 0, 0, 0.45, 4, 0, 1.1, -1, 2, 2.25, -1]}, {"Target": "Parameter", "Id": "ParamBodyAngleY", "Segments": [0, 0, 0, 0.45, 0, 0, 1.1, -3, 2, 2.25, -3]}, {"Target": "Parameter", "Id": "ParamBodyAngleZ", "Segments": [0, 2, 0, 0.567, -1, 0, 1.217, 3, 2, 2.25, 3]}, {"Target": "Parameter", "Id": "ParamUpperBodyZ", "Segments": [0, -4, 0, 0.017, -4, 0, 0.583, 4, 0, 1.217, -1, 2, 2.25, -1]}, {"Target": "Parameter", "Id": "ParamLegLZ", "Segments": [0, 0, 0, 0.817, 1, 2, 2.25, 1]}, {"Target": "Parameter", "Id": "ParamLegRZ", "Segments": [0, 1, 0, 0.817, -1, 2, 2.25, -1]}, {"Target": "Parameter", "Id": "ParamShoulderR", "Segments": [0, 0, 0, 0.417, 6, 2, 1.083, 6, 2, 2.25, 6]}, {"Target": "Parameter", "Id": "ParamArmR1", "Segments": [0, -30, 0, 0.517, -43, 2, 1.2, -43, 2, 2.25, -43]}, {"Target": "Parameter", "Id": "ParamArmR2", "Segments": [0, 39, 0, 0.6, 44, 0, 1.3, 42, 2, 2.25, 42]}, {"Target": "Parameter", "Id": "ParamArmR3", "Segments": [0, 12, 0, 0.65, 36, 0, 1.4, 17, 2, 2.25, 17]}, {"Target": "Parameter", "Id": "ParamArmR4", "Segments": [0, 0, 0, 0.95, 28, 2, 2.25, 28]}, {"Target": "Parameter", "Id": "ParamArmR5", "Segments": [0, 8, 0, 0.95, 6, 2, 2.25, 6]}, {"Target": "Parameter", "Id": "ParamArmR8", "Segments": [0, 2, 0, 0.95, 26, 2, 2.25, 26]}, {"Target": "Parameter", "Id": "ParamHandRF", "Segments": [0, 1, 0, 0.167, 1, 0, 0.333, 0, 2, 2.25, 0]}, {"Target": "Parameter", "Id": "ParamHandRJ", "Segments": [0, 0, 0, 0.167, 0, 0, 0.333, 1, 2, 2.25, 1]}, {"Target": "Parameter", "Id": "ParamFingerR", "Segments": [0, 0, 0, 0.667, 7, 0, 1.233, -4, 0, 1.7, 0, 2, 2.25, 0]}, {"Target": "Parameter", "Id": "ParamShoulderL", "Segments": [0, 0, 0, 0.4, 8, 2, 0.95, 8, 2, 2.25, 8]}, {"Target": "Parameter", "Id": "ParamArmL1", "Segments": [0, -36, 0, 0.4, -23, 0, 1.05, -42, 0, 1.633, -41, 2, 2.25, -41]}, {"Target": "Parameter", "Id": "ParamArmL2", "Segments": [0, 39, 0, 0.467, -2.5, 2, 1.133, -2.5, 2, 2.25, -2.5]}, {"Target": "Parameter", "Id": "ParamArmL3", "Segments": [0, 9, 0, 0.567, -40, 0, 1.233, -21, 2, 2.25, -21]}, {"Target": "Parameter", "Id": "ParamArmL5", "Segments": [0, 8, 0, 0.233, 20, 0, 0.567, 0, 2, 1.283, 0, 2, 2.25, 0]}, {"Target": "Parameter", "Id": "ParamArmL6", "Segments": [0, 1, 0, 0.433, 1, 0, 0.467, 0, 2, 1.283, 0, 2, 2.25, 0]}, {"Target": "Parameter", "Id": "ParamHandLA", "Segments": [0, 0, 0, 0.133, 0, 0, 0.3, 1, 2, 2.25, 1]}, {"Target": "Parameter", "Id": "ParamHandLJ", "Segments": [0, 1, 0, 0.133, 1, 0, 0.3, 0, 2, 2.25, 0]}, {"Target": "Parameter", "Id": "ParamFingerL", "Segments": [0, 0, 0, 0.6, 7, 0, 1.2, -5, 0, 1.783, 0, 2, 2.25, 0]}, {"Target": "Parameter", "Id": "ParamPositionX", "Segments": [0, 0, 0, 2.25, 0]}, {"Target": "Parameter", "Id": "ParamPositionY", "Segments": [0, 0, 0, 2.25, 0]}, {"Target": "Parameter", "Id": "ParamRotationZ", "Segments": [0, 0, 0, 2.25, 0]}, {"Target": "Parameter", "Id": "ParamEyeballX", "Segments": [0, 0, 0, 2.25, 0]}, {"Target": "Parameter", "Id": "ParamUpperBody", "Segments": [0, 0, 0, 2.25, 0]}, {"Target": "Parameter", "Id": "ParamBreath", "Segments": [0, 0, 0, 2.25, 0]}, {"Target": "Parameter", "Id": "ParamArmR6", "Segments": [0, 1, 0, 2.25, 1]}, {"Target": "Parameter", "Id": "ParamArmR7", "Segments": [0, -4, 0, 2.25, -4]}, {"Target": "Parameter", "Id": "ParamArmR9", "Segments": [0, 0, 0, 2.25, 0]}, {"Target": "Parameter", "Id": "ParamHandRA", "Segments": [0, 0, 0, 2.25, 0]}, {"Target": "Parameter", "Id": "ParamHandRB", "Segments": [0, 0, 0, 2.25, 0]}, {"Target": "Parameter", "Id": "ParamHandRC", "Segments": [0, 0, 0, 2.25, 0]}, {"Target": "Parameter", "Id": "ParamHandRD", "Segments": [0, 0, 0, 2.25, 0]}, {"Target": "Parameter", "Id": "ParamHandRE", "Segments": [0, 0, 0, 2.25, 0]}, {"Target": "Parameter", "Id": "ParamHandRG", "Segments": [0, 0, 0, 2.25, 0]}, {"Target": "Parameter", "Id": "ParamHandRH", "Segments": [0, 0, 0, 2.25, 0]}, {"Target": "Parameter", "Id": "ParamHandRI", "Segments": [0, 0, 0, 2.25, 0]}, {"Target": "Parameter", "Id": "ParamHandRK", "Segments": [0, 0, 0, 2.25, 0]}, {"Target": "Parameter", "Id": "ParamArmL4", "Segments": [0, 0, 0, 2.25, 0]}, {"Target": "Parameter", "Id": "ParamArmL7", "Segments": [0, -4, 0, 2.25, -4]}, {"Target": "Parameter", "Id": "ParamArmL8", "Segments": [0, 3, 0, 2.25, 3]}, {"Target": "Parameter", "Id": "ParamArmL9", "Segments": [0, 0, 0, 2.25, 0]}, {"Target": "Parameter", "Id": "ParamHandLB", "Segments": [0, 0, 0, 2.25, 0]}, {"Target": "Parameter", "Id": "ParamHandLC", "Segments": [0, 0, 0, 2.25, 0]}, {"Target": "Parameter", "Id": "ParamHandLD", "Segments": [0, 0, 0, 2.25, 0]}, {"Target": "Parameter", "Id": "ParamHandLE", "Segments": [0, 0, 0, 2.25, 0]}, {"Target": "Parameter", "Id": "ParamHandLF", "Segments": [0, 0, 0, 2.25, 0]}, {"Target": "Parameter", "Id": "ParamHandLG", "Segments": [0, 0, 0, 2.25, 0]}, {"Target": "Parameter", "Id": "ParamHandLH", "Segments": [0, 0, 0, 2.25, 0]}, {"Target": "Parameter", "Id": "ParamHandLI", "Segments": [0, 0, 0, 2.25, 0]}, {"Target": "Parameter", "Id": "ParamHandLK", "Segments": [0, 0, 0, 2.25, 0]}], "UserData": [{"Time": 0.3, "Value": "eyeblink,0.2,0,0.24"}]}