{"Version": 3, "Meta": {"Duration": 1.5, "Fps": 60.0, "Loop": true, "AreBeziersRestricted": true, "CurveCount": 61, "UserDataCount": 0, "TotalSegmentCount": 122, "TotalPointCount": 122, "TotalUserDataSize": 0}, "Curves": [{"Target": "Parameter", "Id": "ParamPositionX", "Segments": [0, 0, 0, 1.5, 0]}, {"Target": "Parameter", "Id": "ParamPositionY", "Segments": [0, 0, 0, 1.5, 0]}, {"Target": "Parameter", "Id": "ParamRotationZ", "Segments": [0, 0, 0, 1.5, 0]}, {"Target": "Parameter", "Id": "ParamAngleX", "Segments": [0, -1, 0, 1.5, -1]}, {"Target": "Parameter", "Id": "ParamAngleY", "Segments": [0, -4, 0, 1.5, -4]}, {"Target": "Parameter", "Id": "ParamAngleZ", "Segments": [0, -15, 0, 1.5, -15]}, {"Target": "Parameter", "Id": "ParamEyeROpen", "Segments": [0, 1, 0, 1.5, 1]}, {"Target": "Parameter", "Id": "ParamEyeLOpen", "Segments": [0, 1, 0, 1.5, 1]}, {"Target": "Parameter", "Id": "ParamEyeballX", "Segments": [0, 0, 0, 1.5, 0]}, {"Target": "Parameter", "Id": "ParamBodyAngleX", "Segments": [0, -2, 0, 1.5, -2]}, {"Target": "Parameter", "Id": "ParamBodyAngleY", "Segments": [0, 0, 0, 1.5, 0]}, {"Target": "Parameter", "Id": "ParamBodyAngleZ", "Segments": [0, -2, 0, 1.5, -2]}, {"Target": "Parameter", "Id": "ParamUpperBodyZ", "Segments": [0, 5, 0, 1.5, 5]}, {"Target": "Parameter", "Id": "ParamUpperBody", "Segments": [0, 0, 0, 1.5, 0]}, {"Target": "Parameter", "Id": "ParamBreath", "Segments": [0, 0, 0, 1.5, 0]}, {"Target": "Parameter", "Id": "ParamLegLZ", "Segments": [0, -2, 0, 1.5, -2]}, {"Target": "Parameter", "Id": "ParamLegRZ", "Segments": [0, 3, 0, 1.5, 3]}, {"Target": "Parameter", "Id": "ParamShoulderR", "Segments": [0, 5, 0, 1.5, 5]}, {"Target": "Parameter", "Id": "ParamArmR1", "Segments": [0, -40, 0, 1.5, -40]}, {"Target": "Parameter", "Id": "ParamArmR2", "Segments": [0, 42, 0, 1.5, 42]}, {"Target": "Parameter", "Id": "ParamArmR3", "Segments": [0, 21, 0, 1.5, 21]}, {"Target": "Parameter", "Id": "ParamArmR4", "Segments": [0, 12, 0, 1.5, 12]}, {"Target": "Parameter", "Id": "ParamArmR5", "Segments": [0, 6, 0, 1.5, 6]}, {"Target": "Parameter", "Id": "ParamArmR6", "Segments": [0, 1.1, 0, 1.5, 1.1]}, {"Target": "Parameter", "Id": "ParamArmR7", "Segments": [0, -6, 0, 1.5, -6]}, {"Target": "Parameter", "Id": "ParamArmR8", "Segments": [0, 10, 0, 1.5, 10]}, {"Target": "Parameter", "Id": "ParamArmR9", "Segments": [0, 0.7, 0, 1.5, 0.7]}, {"Target": "Parameter", "Id": "ParamHandRA", "Segments": [0, 0, 0, 1.5, 0]}, {"Target": "Parameter", "Id": "ParamHandRB", "Segments": [0, 0, 0, 1.5, 0]}, {"Target": "Parameter", "Id": "ParamHandRC", "Segments": [0, 0, 0, 1.5, 0]}, {"Target": "Parameter", "Id": "ParamHandRD", "Segments": [0, 1, 0, 1.5, 1]}, {"Target": "Parameter", "Id": "ParamHandRE", "Segments": [0, 0, 0, 1.5, 0]}, {"Target": "Parameter", "Id": "ParamHandRF", "Segments": [0, 0, 0, 1.5, 0]}, {"Target": "Parameter", "Id": "ParamHandRG", "Segments": [0, 0, 0, 1.5, 0]}, {"Target": "Parameter", "Id": "ParamHandRH", "Segments": [0, 0, 0, 1.5, 0]}, {"Target": "Parameter", "Id": "ParamHandRI", "Segments": [0, 0, 0, 1.5, 0]}, {"Target": "Parameter", "Id": "ParamHandRJ", "Segments": [0, 0, 0, 1.5, 0]}, {"Target": "Parameter", "Id": "ParamHandRK", "Segments": [0, 0, 0, 1.5, 0]}, {"Target": "Parameter", "Id": "ParamFingerR", "Segments": [0, 0, 0, 1.5, 0]}, {"Target": "Parameter", "Id": "ParamShoulderL", "Segments": [0, 5, 0, 1.5, 5]}, {"Target": "Parameter", "Id": "ParamArmL1", "Segments": [0, -40, 0, 1.5, -40]}, {"Target": "Parameter", "Id": "ParamArmL2", "Segments": [0, 42, 0, 1.5, 42]}, {"Target": "Parameter", "Id": "ParamArmL3", "Segments": [0, 20, 0, 1.5, 20]}, {"Target": "Parameter", "Id": "ParamArmL4", "Segments": [0, 20, 0, 1.5, 20]}, {"Target": "Parameter", "Id": "ParamArmL5", "Segments": [0, 7, 0, 1.5, 7]}, {"Target": "Parameter", "Id": "ParamArmL6", "Segments": [0, 1, 0, 1.5, 1]}, {"Target": "Parameter", "Id": "ParamArmL7", "Segments": [0, -6, 0, 1.5, -6]}, {"Target": "Parameter", "Id": "ParamArmL8", "Segments": [0, 7, 0, 1.5, 7]}, {"Target": "Parameter", "Id": "ParamArmL9", "Segments": [0, 0.7, 0, 1.5, 0.7]}, {"Target": "Parameter", "Id": "ParamHandLA", "Segments": [0, 0, 0, 1.5, 0]}, {"Target": "Parameter", "Id": "ParamHandLB", "Segments": [0, 0, 0, 1.5, 0]}, {"Target": "Parameter", "Id": "ParamHandLC", "Segments": [0, 0, 0, 1.5, 0]}, {"Target": "Parameter", "Id": "ParamHandLD", "Segments": [0, 1, 0, 1.5, 1]}, {"Target": "Parameter", "Id": "ParamHandLE", "Segments": [0, 0, 0, 1.5, 0]}, {"Target": "Parameter", "Id": "ParamHandLF", "Segments": [0, 0, 0, 1.5, 0]}, {"Target": "Parameter", "Id": "ParamHandLG", "Segments": [0, 0, 0, 1.5, 0]}, {"Target": "Parameter", "Id": "ParamHandLH", "Segments": [0, 0, 0, 1.5, 0]}, {"Target": "Parameter", "Id": "ParamHandLI", "Segments": [0, 0, 0, 1.5, 0]}, {"Target": "Parameter", "Id": "ParamHandLJ", "Segments": [0, 0, 0, 1.5, 0]}, {"Target": "Parameter", "Id": "ParamHandLK", "Segments": [0, 0, 0, 1.5, 0]}, {"Target": "Parameter", "Id": "ParamFingerL", "Segments": [0, 0, 0, 1.5, 0]}], "UserData": []}