{"Version": 3, "Meta": {"Duration": 2.283, "Fps": 60.0, "Loop": true, "AreBeziersRestricted": true, "CurveCount": 61, "UserDataCount": 1, "TotalSegmentCount": 184, "TotalPointCount": 184, "TotalUserDataSize": 23}, "Curves": [{"Target": "Parameter", "Id": "ParamPositionX", "Segments": [0, -1, 0, 0.5, 0, 2, 2.283, 0]}, {"Target": "Parameter", "Id": "ParamPositionY", "Segments": [0, 0, 0, 0.467, 2, 0, 0.8, 0, 2, 2.283, 0]}, {"Target": "Parameter", "Id": "ParamAngleX", "Segments": [0, 0, 0, 0.467, -4, 0, 0.817, 0, 2, 2.283, 0]}, {"Target": "Parameter", "Id": "ParamAngleY", "Segments": [0, 0, 0, 0.467, 16, 0, 0.817, -20, 0, 1.183, -5, 2, 2.283, -5]}, {"Target": "Parameter", "Id": "ParamAngleZ", "Segments": [0, -2, 0, 0.317, -4, 0, 0.667, 6, 0, 0.917, 3, 2, 2.283, 3]}, {"Target": "Parameter", "Id": "ParamEyeROpen", "Segments": [0, 1, 0, 0.2, 1, 0, 0.4, 0, 2, 0.533, 0, 0, 0.733, 1, 2, 2.283, 1]}, {"Target": "Parameter", "Id": "ParamEyeLOpen", "Segments": [0, 1, 0, 0.2, 1, 0, 0.4, 0, 2, 0.533, 0, 0, 0.733, 1, 2, 2.283, 1]}, {"Target": "Parameter", "Id": "ParamEyeballX", "Segments": [0, 0, 0, 0.4, 0.1, 0, 0.833, 0, 2, 2.283, 0]}, {"Target": "Parameter", "Id": "ParamBodyAngleX", "Segments": [0, -4, 0, 0.467, 1, 0, 0.817, -1, 2, 2.283, -1]}, {"Target": "Parameter", "Id": "ParamBodyAngleY", "Segments": [0, 0, 0, 0.467, 4, 0, 0.817, -5, 0, 1.3, -2, 2, 2.283, -2]}, {"Target": "Parameter", "Id": "ParamBodyAngleZ", "Segments": [0, 3, 0, 0.583, 2, 2, 2.283, 2]}, {"Target": "Parameter", "Id": "ParamUpperBodyZ", "Segments": [0, -4, 0, 0.583, -2, 2, 2.283, -2]}, {"Target": "Parameter", "Id": "ParamUpperBody", "Segments": [0, 0, 0, 0.35, 5, 0, 0.767, -5, 2, 2.283, -5]}, {"Target": "Parameter", "Id": "ParamShoulderR", "Segments": [0, 5, 0, 0.433, 10, 0, 0.8, 2, 0, 1.183, 5, 2, 2.283, 5]}, {"Target": "Parameter", "Id": "ParamArmR1", "Segments": [0, -2, 0, 0.433, 22, 0, 0.817, 4, 2, 2.283, 4]}, {"Target": "Parameter", "Id": "ParamArmR2", "Segments": [0, 17, 0, 0.483, 27, 0, 0.817, 19, 2, 2.283, 19]}, {"Target": "Parameter", "Id": "ParamArmR3", "Segments": [0, 33, 0, 0.533, 40, 0, 0.817, 27, 2, 2.283, 27]}, {"Target": "Parameter", "Id": "ParamArmR5", "Segments": [0, 9, 0, 0.483, 9, 0, 0.817, 8, 2, 2.283, 8]}, {"Target": "Parameter", "Id": "ParamArmR8", "Segments": [0, 31, 0, 0.483, 40, 2, 2.283, 40]}, {"Target": "Parameter", "Id": "ParamFingerR", "Segments": [0, 0, 0, 0.483, 9, 0, 0.867, 0, 2, 2.283, 0]}, {"Target": "Parameter", "Id": "ParamShoulderL", "Segments": [0, 1, 0, 0.467, 10, 0, 0.767, 0, 0, 1.183, 6, 2, 2.283, 6]}, {"Target": "Parameter", "Id": "ParamArmL1", "Segments": [0, -43, 0, 0.467, -40, 0, 0.767, -44, 0, 1.3, -40, 2, 2.283, -40]}, {"Target": "Parameter", "Id": "ParamArmL2", "Segments": [0, -2, 0, 0.467, -5, 0, 0.767, -1, 2, 1.3, -1, 2, 2.283, -1]}, {"Target": "Parameter", "Id": "ParamArmL3", "Segments": [0, -20, 0, 0.517, -40, 0, 0.817, -7, 0, 1.35, -24, 2, 2.283, -24]}, {"Target": "Parameter", "Id": "ParamArmL8", "Segments": [0, -26, 0, 0.533, -40, 0, 0.85, -12, 0, 1.317, -30, 2, 2.283, -30]}, {"Target": "Parameter", "Id": "ParamFingerL", "Segments": [0, 0, 0, 0.5, 10, 0, 0.95, -3, 0, 1.483, 0, 2, 2.283, 0]}, {"Target": "Parameter", "Id": "ParamRotationZ", "Segments": [0, 0, 0, 2.283, 0]}, {"Target": "Parameter", "Id": "ParamBreath", "Segments": [0, 0, 0, 2.283, 0]}, {"Target": "Parameter", "Id": "ParamLegLZ", "Segments": [0, 5, 0, 2.283, 5]}, {"Target": "Parameter", "Id": "ParamLegRZ", "Segments": [0, -1, 0, 2.283, -1]}, {"Target": "Parameter", "Id": "ParamArmR4", "Segments": [0, 0, 0, 2.283, 0]}, {"Target": "Parameter", "Id": "ParamArmR6", "Segments": [0, 1, 0, 2.283, 1]}, {"Target": "Parameter", "Id": "ParamArmR7", "Segments": [0, 0, 0, 2.283, 0]}, {"Target": "Parameter", "Id": "ParamArmR9", "Segments": [0, 0.6, 0, 2.283, 0.6]}, {"Target": "Parameter", "Id": "ParamHandRA", "Segments": [0, 0, 0, 2.283, 0]}, {"Target": "Parameter", "Id": "ParamHandRB", "Segments": [0, 0, 0, 2.283, 0]}, {"Target": "Parameter", "Id": "ParamHandRC", "Segments": [0, 0, 0, 2.283, 0]}, {"Target": "Parameter", "Id": "ParamHandRD", "Segments": [0, 0, 0, 2.283, 0]}, {"Target": "Parameter", "Id": "ParamHandRE", "Segments": [0, 0, 0, 2.283, 0]}, {"Target": "Parameter", "Id": "ParamHandRF", "Segments": [0, 0, 0, 2.283, 0]}, {"Target": "Parameter", "Id": "ParamHandRG", "Segments": [0, 0, 0, 2.283, 0]}, {"Target": "Parameter", "Id": "ParamHandRH", "Segments": [0, 0, 0, 2.283, 0]}, {"Target": "Parameter", "Id": "ParamHandRI", "Segments": [0, 0, 0, 2.283, 0]}, {"Target": "Parameter", "Id": "ParamHandRJ", "Segments": [0, 1, 0, 2.283, 1]}, {"Target": "Parameter", "Id": "ParamHandRK", "Segments": [0, 0, 0, 2.283, 0]}, {"Target": "Parameter", "Id": "ParamArmL4", "Segments": [0, 0, 0, 2.283, 0]}, {"Target": "Parameter", "Id": "ParamArmL5", "Segments": [0, 0, 0, 2.283, 0]}, {"Target": "Parameter", "Id": "ParamArmL6", "Segments": [0, 0, 0, 2.283, 0]}, {"Target": "Parameter", "Id": "ParamArmL7", "Segments": [0, 8, 0, 2.283, 8]}, {"Target": "Parameter", "Id": "ParamArmL9", "Segments": [0, -0.8, 0, 2.283, -0.8]}, {"Target": "Parameter", "Id": "ParamHandLA", "Segments": [0, 1, 0, 2.283, 1]}, {"Target": "Parameter", "Id": "ParamHandLB", "Segments": [0, 0, 0, 2.283, 0]}, {"Target": "Parameter", "Id": "ParamHandLC", "Segments": [0, 0, 0, 2.283, 0]}, {"Target": "Parameter", "Id": "ParamHandLD", "Segments": [0, 0, 0, 2.283, 0]}, {"Target": "Parameter", "Id": "ParamHandLE", "Segments": [0, 0, 0, 2.283, 0]}, {"Target": "Parameter", "Id": "ParamHandLF", "Segments": [0, 0, 0, 2.283, 0]}, {"Target": "Parameter", "Id": "ParamHandLG", "Segments": [0, 0, 0, 2.283, 0]}, {"Target": "Parameter", "Id": "ParamHandLH", "Segments": [0, 0, 0, 2.283, 0]}, {"Target": "Parameter", "Id": "ParamHandLI", "Segments": [0, 0, 0, 2.283, 0]}, {"Target": "Parameter", "Id": "ParamHandLJ", "Segments": [0, 0, 0, 2.283, 0]}, {"Target": "Parameter", "Id": "ParamHandLK", "Segments": [0, 0, 0, 2.283, 0]}], "UserData": [{"Time": 0.2, "Value": "eyeblink,0.20,0.13,0.20"}]}