{"Version": 3, "Meta": {"Duration": 2.6, "Fps": 60.0, "Loop": true, "AreBeziersRestricted": true, "CurveCount": 61, "UserDataCount": 1, "TotalSegmentCount": 187, "TotalPointCount": 193, "TotalUserDataSize": 22}, "Curves": [{"Target": "Parameter", "Id": "ParamPositionY", "Segments": [0, 0, 0, 0.3, -1, 0, 0.733, 1, 0, 1.167, 0, 2, 2.6, 0]}, {"Target": "Parameter", "Id": "ParamAngleX", "Segments": [0, 0, 0, 0.333, 3, 0, 0.7, -2, 0, 1.433, 0, 2, 2.6, 0]}, {"Target": "Parameter", "Id": "ParamAngleY", "Segments": [0, 0, 0, 0.333, -13, 0, 0.7, 16, 0, 1.433, 0, 2, 2.6, 0]}, {"Target": "Parameter", "Id": "ParamAngleZ", "Segments": [0, 12, 0, 0.483, 23, 0, 0.933, 2, 0, 1.533, 13, 2, 2.6, 13]}, {"Target": "Parameter", "Id": "ParamEyeROpen", "Segments": [0, 1, 0, 0.5, 1, 0, 0.7, 0, 2, 0.933, 0, 0, 1.167, 1, 2, 2.6, 1]}, {"Target": "Parameter", "Id": "ParamEyeLOpen", "Segments": [0, 1, 0, 0.5, 1, 0, 0.7, 0, 2, 0.933, 0, 0, 1.167, 1, 2, 2.6, 1]}, {"Target": "Parameter", "Id": "ParamEyeballX", "Segments": [0, 0, 0, 0.433, -0.1, 0, 1.3, 0, 2, 2.6, 0]}, {"Target": "Parameter", "Id": "ParamBodyAngleX", "Segments": [0, 2, 0, 0.333, 4, 0, 1, -2, 0, 1.6, 1, 2, 2.6, 1]}, {"Target": "Parameter", "Id": "ParamBodyAngleY", "Segments": [0, 0, 0, 0.333, -2, 0, 0.8, 3, 0, 1.367, -3, 0, 1.95, 0, 2, 2.6, 0]}, {"Target": "Parameter", "Id": "ParamBodyAngleZ", "Segments": [0, 3, 0, 0.633, 5, 2, 2.6, 5]}, {"Target": "Parameter", "Id": "ParamUpperBodyZ", "Segments": [0, -6, 0, 0.633, -8, 2, 2.6, -8]}, {"Target": "Parameter", "Id": "ParamLegLZ", "Segments": [0, 4, 0, 1.933, 2, 2, 2.6, 2]}, {"Target": "Parameter", "Id": "ParamLegRZ", "Segments": [0, -3, 0, 1.933, -1, 2, 2.6, -1]}, {"Target": "Parameter", "Id": "ParamArmR1", "Segments": [0, -41, 0, 0.283, -32, 0, 0.85, -36, 0, 1.3, -34, 2, 2.6, -34]}, {"Target": "Parameter", "Id": "ParamArmR2", "Segments": [0, -2, 0, 0.4, -4, 0, 0.933, -1, 0, 1.433, -1.5, 2, 2.6, -1.5]}, {"Target": "Parameter", "Id": "ParamArmR3", "Segments": [0, -9, 0, 0.517, -18, 0, 1.1, -7, 0, 1.55, -18, 2, 2.6, -18]}, {"Target": "Parameter", "Id": "ParamArmR5", "Segments": [0, 0, 0, 0.567, 2, 0, 1.283, 0, 2, 2.6, 0]}, {"Target": "Parameter", "Id": "ParamArmR8", "Segments": [0, -18, 0, 0.417, -21, 0, 1.05, -10, 0, 1.55, -23, 2, 2.6, -23]}, {"Target": "Parameter", "Id": "ParamFingerR", "Segments": [0, 0, 0, 0.5, 7, 0, 1.133, -4, 0, 1.567, 0, 2, 2.6, 0]}, {"Target": "Parameter", "Id": "ParamArmL1", "Segments": [0, -41, 0, 0.417, -37, 0, 1.033, -46, 0, 1.617, -43, 2, 2.6, -43]}, {"Target": "Parameter", "Id": "ParamArmL2", "Segments": [0, 41, 0, 0.467, 43, 0, 1.083, 41, 0, 1.667, 42, 2, 2.6, 42]}, {"Target": "Parameter", "Id": "ParamArmL3", "Segments": [0, 40, 0, 0.5, 40, 1, 0.706, 40, 0.911, 36.723, 1.117, 34, 1, 1.317, 31.351, 1.517, 31.0, 1.717, 31, 2, 2.6, 31]}, {"Target": "Parameter", "Id": "ParamArmL4", "Segments": [0, 22, 0, 1.717, 26, 2, 2.6, 26]}, {"Target": "Parameter", "Id": "ParamArmL5", "Segments": [0, 0, 0, 1.15, 2, 2, 2.6, 2]}, {"Target": "Parameter", "Id": "ParamArmL8", "Segments": [0, 30, 0, 1.017, 21, 2, 2.6, 21]}, {"Target": "Parameter", "Id": "ParamFingerL", "Segments": [0, 9, 0, 0.45, 6, 1, 0.589, 4.44, 0.728, 4.0, 0.867, 4, 0, 1.95, 8, 2, 2.6, 8]}, {"Target": "Parameter", "Id": "ParamPositionX", "Segments": [0, 0, 0, 2.6, 0]}, {"Target": "Parameter", "Id": "ParamRotationZ", "Segments": [0, 0, 0, 2.6, 0]}, {"Target": "Parameter", "Id": "ParamUpperBody", "Segments": [0, 0, 0, 2.6, 0]}, {"Target": "Parameter", "Id": "ParamBreath", "Segments": [0, 0, 0, 2.6, 0]}, {"Target": "Parameter", "Id": "ParamShoulderR", "Segments": [0, 4, 0, 2.6, 4]}, {"Target": "Parameter", "Id": "ParamArmR4", "Segments": [0, 0, 0, 2.6, 0]}, {"Target": "Parameter", "Id": "ParamArmR6", "Segments": [0, 0, 0, 2.6, 0]}, {"Target": "Parameter", "Id": "ParamArmR7", "Segments": [0, 0, 0, 2.6, 0]}, {"Target": "Parameter", "Id": "ParamArmR9", "Segments": [0, -0.8, 0, 2.6, -0.8]}, {"Target": "Parameter", "Id": "ParamHandRA", "Segments": [0, 1, 0, 2.6, 1]}, {"Target": "Parameter", "Id": "ParamHandRB", "Segments": [0, 0, 0, 2.6, 0]}, {"Target": "Parameter", "Id": "ParamHandRC", "Segments": [0, 0, 0, 2.6, 0]}, {"Target": "Parameter", "Id": "ParamHandRD", "Segments": [0, 0, 0, 2.6, 0]}, {"Target": "Parameter", "Id": "ParamHandRE", "Segments": [0, 0, 0, 2.6, 0]}, {"Target": "Parameter", "Id": "ParamHandRF", "Segments": [0, 0, 0, 2.6, 0]}, {"Target": "Parameter", "Id": "ParamHandRG", "Segments": [0, 0, 0, 2.6, 0]}, {"Target": "Parameter", "Id": "ParamHandRH", "Segments": [0, 0, 0, 2.6, 0]}, {"Target": "Parameter", "Id": "ParamHandRI", "Segments": [0, 0, 0, 2.6, 0]}, {"Target": "Parameter", "Id": "ParamHandRJ", "Segments": [0, 0, 0, 2.6, 0]}, {"Target": "Parameter", "Id": "ParamHandRK", "Segments": [0, 0, 0, 2.6, 0]}, {"Target": "Parameter", "Id": "ParamShoulderL", "Segments": [0, 6, 0, 2.6, 6]}, {"Target": "Parameter", "Id": "ParamArmL6", "Segments": [0, 1, 0, 2.6, 1]}, {"Target": "Parameter", "Id": "ParamArmL7", "Segments": [0, -5, 0, 2.6, -5]}, {"Target": "Parameter", "Id": "ParamArmL9", "Segments": [0, 0.8, 0, 2.6, 0.8]}, {"Target": "Parameter", "Id": "ParamHandLA", "Segments": [0, 0, 0, 2.6, 0]}, {"Target": "Parameter", "Id": "ParamHandLB", "Segments": [0, 0, 0, 2.6, 0]}, {"Target": "Parameter", "Id": "ParamHandLC", "Segments": [0, 0, 0, 2.6, 0]}, {"Target": "Parameter", "Id": "ParamHandLD", "Segments": [0, 0, 0, 2.6, 0]}, {"Target": "Parameter", "Id": "ParamHandLE", "Segments": [0, 0, 0, 2.6, 0]}, {"Target": "Parameter", "Id": "ParamHandLF", "Segments": [0, 1, 0, 2.6, 1]}, {"Target": "Parameter", "Id": "ParamHandLG", "Segments": [0, 0, 0, 2.6, 0]}, {"Target": "Parameter", "Id": "ParamHandLH", "Segments": [0, 0, 0, 2.6, 0]}, {"Target": "Parameter", "Id": "ParamHandLI", "Segments": [0, 0, 0, 2.6, 0]}, {"Target": "Parameter", "Id": "ParamHandLJ", "Segments": [0, 0, 0, 2.6, 0]}, {"Target": "Parameter", "Id": "ParamHandLK", "Segments": [0, 0, 0, 2.6, 0]}], "UserData": [{"Time": 0.5, "Value": "eyeblink,0.2,0.24,0.24"}]}