{"Version": 3, "Meta": {"Duration": 2.933, "Fps": 60.0, "Loop": true, "AreBeziersRestricted": true, "CurveCount": 60, "UserDataCount": 1, "TotalSegmentCount": 194, "TotalPointCount": 218, "TotalUserDataSize": 23}, "Curves": [{"Target": "Parameter", "Id": "ParamAngleY", "Segments": [0, -7, 0, 0.167, -7, 0, 0.533, 8, 0, 0.833, -20, 1, 0.933, -20, 1.033, -14.715, 1.133, -6, 1, 1.239, 3.199, 1.344, 7.0, 1.45, 7, 0, 1.75, -19, 0, 2.117, -7, 2, 2.933, -7]}, {"Target": "Parameter", "Id": "ParamAngleZ", "Segments": [0, -19, 0, 0.167, -19, 0, 0.533, -29, 1, 0.633, -29, 0.733, -16.19, 0.833, -8, 1, 0.933, 0.19, 1.033, 1.0, 1.133, 1, 1, 1.239, 1, 1.344, -8.219, 1.45, -12, 1, 1.55, -15.582, 1.65, -17.188, 1.75, -19, 1, 1.917, -22.02, 2.083, -23, 2.25, -23, 2, 2.933, -23]}, {"Target": "Parameter", "Id": "ParamEyeROpen", "Segments": [0, 1, 0, 0.533, 1, 0, 0.9, 0, 2, 0.983, 0, 0, 1.467, 1, 2, 2.933, 1]}, {"Target": "Parameter", "Id": "ParamEyeLOpen", "Segments": [0, 1, 0, 0.533, 1, 0, 0.9, 0, 2, 0.983, 0, 0, 1.467, 1, 2, 2.933, 1]}, {"Target": "Parameter", "Id": "ParamBodyAngleX", "Segments": [0, 4, 0, 0.367, -3, 0, 0.867, 6, 0, 1.617, 4, 2, 2.933, 4]}, {"Target": "Parameter", "Id": "ParamBodyAngleY", "Segments": [0, 0, 0, 0.367, 6, 0, 0.867, -6, 0, 1.283, 2, 0, 1.617, -2, 0, 2.1, 0, 2, 2.933, 0]}, {"Target": "Parameter", "Id": "ParamBodyAngleZ", "Segments": [0, -3, 0, 0.367, -4, 1, 0.534, -4.751, 0.7, -5.0, 0.867, -5, 0, 1.283, -4, 2, 2.933, -4]}, {"Target": "Parameter", "Id": "ParamUpperBodyZ", "Segments": [0, 8, 0, 0.367, 10, 1, 0.534, 10, 0.7, 9.513, 0.867, 9, 1, 1.117, 8.231, 1.367, 8.0, 1.617, 8, 2, 2.933, 8]}, {"Target": "Parameter", "Id": "ParamUpperBody", "Segments": [0, 0, 0, 0.367, 1, 0, 0.867, -1, 0, 1.617, 0, 2, 2.933, 0]}, {"Target": "Parameter", "Id": "ParamShoulderR", "Segments": [0, 1, 0, 0.367, 4, 0, 0.867, -1, 0, 1.617, 1, 2, 2.933, 1]}, {"Target": "Parameter", "Id": "ParamArmR2", "Segments": [0, 41, 0, 0.083, 41, 0, 0.45, 45, 0, 0.95, 40, 0, 1.7, 41, 2, 2.933, 41]}, {"Target": "Parameter", "Id": "ParamArmR3", "Segments": [0, 21, 0, 0.15, 21, 0, 0.517, 33, 0, 1.017, 12, 0, 1.7, 21, 2, 2.933, 21]}, {"Target": "Parameter", "Id": "ParamArmR8", "Segments": [0, 17, 0, 0.533, 30, 0, 1.133, 9, 0, 1.817, 18, 2, 2.933, 18]}, {"Target": "Parameter", "Id": "ParamFingerR", "Segments": [0, 0, 0, 0.55, 8, 0, 1.233, -4, 0, 1.833, 0, 2, 2.933, 0]}, {"Target": "Parameter", "Id": "ParamShoulderL", "Segments": [0, 0, 0, 0.367, 3, 0, 0.867, -1, 2, 2.933, -1]}, {"Target": "Parameter", "Id": "ParamArmL1", "Segments": [0, -37, 0, 0.367, -32, 0, 0.867, -41, 0, 1.617, -37, 2, 2.933, -37]}, {"Target": "Parameter", "Id": "ParamArmL2", "Segments": [0, -1, 0, 0.067, -1, 0, 0.433, -2, 2, 0.933, -2, 0, 1.683, -1, 2, 2.933, -1]}, {"Target": "Parameter", "Id": "ParamArmL3", "Segments": [0, 9, 0, 0.1, 9, 0, 0.467, -5, 1, 0.634, -5, 0.8, 5.633, 0.967, 7, 1, 1.217, 9.051, 1.467, 9.0, 1.717, 9, 2, 2.933, 9]}, {"Target": "Parameter", "Id": "ParamArmL8", "Segments": [0, -2, 0, 0.483, -17, 0, 1.05, 0, 2, 2.933, 0]}, {"Target": "Parameter", "Id": "ParamFingerL", "Segments": [0, 0, 0, 0.5, 6, 0, 0.983, -4, 0, 1.7, 0, 2, 2.933, 0]}, {"Target": "Parameter", "Id": "ParamPositionX", "Segments": [0, 0, 0, 2.933, 0]}, {"Target": "Parameter", "Id": "ParamPositionY", "Segments": [0, 0, 0, 2.933, 0]}, {"Target": "Parameter", "Id": "ParamRotationZ", "Segments": [0, 0, 0, 2.933, 0]}, {"Target": "Parameter", "Id": "ParamAngleX", "Segments": [0, 0, 0, 2.933, 0]}, {"Target": "Parameter", "Id": "ParamBreath", "Segments": [0, 0, 0, 2.933, 0]}, {"Target": "Parameter", "Id": "ParamLegLZ", "Segments": [0, 0, 0, 2.933, 0]}, {"Target": "Parameter", "Id": "ParamLegRZ", "Segments": [0, 2, 0, 2.933, 2]}, {"Target": "Parameter", "Id": "ParamArmR1", "Segments": [0, -39, 0, 2.933, -39]}, {"Target": "Parameter", "Id": "ParamArmR4", "Segments": [0, 16, 0, 2.933, 16]}, {"Target": "Parameter", "Id": "ParamArmR5", "Segments": [0, 8, 0, 2.933, 8]}, {"Target": "Parameter", "Id": "ParamArmR6", "Segments": [0, 1, 0, 2.933, 1]}, {"Target": "Parameter", "Id": "ParamArmR7", "Segments": [0, 0, 0, 2.933, 0]}, {"Target": "Parameter", "Id": "ParamArmR9", "Segments": [0, 0.7, 0, 2.933, 0.7]}, {"Target": "Parameter", "Id": "ParamHandRA", "Segments": [0, 0, 0, 2.933, 0]}, {"Target": "Parameter", "Id": "ParamHandRB", "Segments": [0, 0, 0, 2.933, 0]}, {"Target": "Parameter", "Id": "ParamHandRC", "Segments": [0, 0, 0, 2.933, 0]}, {"Target": "Parameter", "Id": "ParamHandRD", "Segments": [0, 1, 0, 2.933, 1]}, {"Target": "Parameter", "Id": "ParamHandRE", "Segments": [0, 0, 0, 2.933, 0]}, {"Target": "Parameter", "Id": "ParamHandRF", "Segments": [0, 0, 0, 2.933, 0]}, {"Target": "Parameter", "Id": "ParamHandRG", "Segments": [0, 0, 0, 2.933, 0]}, {"Target": "Parameter", "Id": "ParamHandRH", "Segments": [0, 0, 0, 2.933, 0]}, {"Target": "Parameter", "Id": "ParamHandRI", "Segments": [0, 0, 0, 2.933, 0]}, {"Target": "Parameter", "Id": "ParamHandRJ", "Segments": [0, 0, 0, 2.933, 0]}, {"Target": "Parameter", "Id": "ParamHandRK", "Segments": [0, 0, 0, 2.933, 0]}, {"Target": "Parameter", "Id": "ParamArmL4", "Segments": [0, 0, 0, 2.933, 0]}, {"Target": "Parameter", "Id": "ParamArmL5", "Segments": [0, 0, 0, 2.933, 0]}, {"Target": "Parameter", "Id": "ParamArmL6", "Segments": [0, 0, 0, 2.933, 0]}, {"Target": "Parameter", "Id": "ParamArmL7", "Segments": [0, 5, 0, 2.933, 5]}, {"Target": "Parameter", "Id": "ParamArmL9", "Segments": [0, -0.8, 0, 2.933, -0.8]}, {"Target": "Parameter", "Id": "ParamHandLA", "Segments": [0, 0, 0, 2.933, 0]}, {"Target": "Parameter", "Id": "ParamHandLB", "Segments": [0, 0, 0, 2.933, 0]}, {"Target": "Parameter", "Id": "ParamHandLC", "Segments": [0, 0, 0, 2.933, 0]}, {"Target": "Parameter", "Id": "ParamHandLD", "Segments": [0, 0, 0, 2.933, 0]}, {"Target": "Parameter", "Id": "ParamHandLE", "Segments": [0, 0, 0, 2.933, 0]}, {"Target": "Parameter", "Id": "ParamHandLF", "Segments": [0, 0, 0, 2.933, 0]}, {"Target": "Parameter", "Id": "ParamHandLG", "Segments": [0, 1, 0, 2.933, 1]}, {"Target": "Parameter", "Id": "ParamHandLH", "Segments": [0, 0, 0, 2.933, 0]}, {"Target": "Parameter", "Id": "ParamHandLI", "Segments": [0, 0, 0, 2.933, 0]}, {"Target": "Parameter", "Id": "ParamHandLJ", "Segments": [0, 0, 0, 2.933, 0]}, {"Target": "Parameter", "Id": "ParamHandLK", "Segments": [0, 0, 0, 2.933, 0]}], "UserData": [{"Time": 0.533, "Value": "eyeblink,0.33,0.07,0.43"}]}