{"Version": 3, "Meta": {"Duration": 2.583, "Fps": 60.0, "Loop": true, "AreBeziersRestricted": true, "CurveCount": 21, "UserDataCount": 0, "TotalSegmentCount": 83, "TotalPointCount": 85, "TotalUserDataSize": 0}, "Curves": [{"Target": "Parameter", "Id": "ParamAngleX", "Segments": [0, 0, 0, 0.35, -8, 0, 0.867, 8, 0, 1.333, 6, 2, 2.583, 6]}, {"Target": "Parameter", "Id": "ParamAngleY", "Segments": [0, 0, 0, 0.35, 21, 0, 0.867, -26, 0, 1.333, -22, 2, 2.583, -22]}, {"Target": "Parameter", "Id": "ParamAngleZ", "Segments": [0, 9, 0, 0.517, 0, 1, 0.745, -2.063, 0.972, -2.0, 1.2, -2, 2, 2.583, -2]}, {"Target": "Parameter", "Id": "ParamEyeROpen", "Segments": [0, 1, 0, 0.617, 1, 0, 0.85, 0, 0, 1.133, 1, 2, 2.583, 1]}, {"Target": "Parameter", "Id": "ParamEyeLOpen", "Segments": [0, 1, 0, 0.617, 1, 0, 0.85, 0, 0, 1.133, 1, 2, 2.583, 1]}, {"Target": "Parameter", "Id": "ParamBodyAngleX", "Segments": [0, 0, 0, 0.4, -4, 0, 0.95, 6, 0, 1.267, 5, 2, 2.583, 5]}, {"Target": "Parameter", "Id": "ParamBodyAngleY", "Segments": [0, 0, 0, 0.4, 8, 0, 0.95, -3, 2, 2.583, -3]}, {"Target": "Parameter", "Id": "ParamBodyAngleZ", "Segments": [0, 1, 0, 1.067, 4, 2, 2.583, 4]}, {"Target": "Parameter", "Id": "ParamUpperBodyZ", "Segments": [0, -2, 0, 1.067, -5, 2, 2.583, -5]}, {"Target": "Parameter", "Id": "ParamUpperBody", "Segments": [0, 0, 0, 0.367, 4, 0, 0.983, -7, 2, 2.583, -7]}, {"Target": "Parameter", "Id": "ParamShoulderR", "Segments": [0, 0, 0, 0.267, 4, 0, 0.95, -3, 2, 2.583, -3]}, {"Target": "Parameter", "Id": "ParamArmR1", "Segments": [0, -30, 0, 0.333, -28.045, 0, 1.033, -41.845, 2, 2.583, -41.845]}, {"Target": "Parameter", "Id": "ParamArmR2", "Segments": [0, 0, 0, 0.367, 4, 0, 1.117, -1, 2, 2.583, -1]}, {"Target": "Parameter", "Id": "ParamArmR3", "Segments": [0, 0, 0, 0.4, 8, 2, 2.583, 8]}, {"Target": "Parameter", "Id": "ParamFingerR", "Segments": [0, 0, 0, 0.45, 3, 0, 1.083, -3, 2, 2.583, -3]}, {"Target": "Parameter", "Id": "ParamShoulderL", "Segments": [0, 0, 0, 0.267, 3, 0, 0.95, -10, 2, 2.583, -10]}, {"Target": "Parameter", "Id": "ParamArmL1", "Segments": [0, -33.105, 0, 0.333, -30.92, 0, 1.033, -45.525, 2, 2.583, -45.525]}, {"Target": "Parameter", "Id": "ParamArmL2", "Segments": [0, 0, 0, 0.367, 4, 0, 1.117, -1, 2, 2.583, -1]}, {"Target": "Parameter", "Id": "ParamArmL3", "Segments": [0, 0, 0, 0.4, 8, 2, 2.583, 8]}, {"Target": "Parameter", "Id": "ParamFingerL", "Segments": [0, 0, 0, 0.45, 3, 0, 1.083, -3, 2, 2.583, -3]}, {"Target": "Parameter", "Id": "ParamBreath", "Segments": [0, 0, 0, 2.583, 0]}], "UserData": []}