{"Version": 3, "Meta": {"Duration": 2.583, "Fps": 60.0, "Loop": true, "AreBeziersRestricted": true, "CurveCount": 21, "UserDataCount": 0, "TotalSegmentCount": 94, "TotalPointCount": 98, "TotalUserDataSize": 0}, "Curves": [{"Target": "Parameter", "Id": "ParamAngleX", "Segments": [0, 0, 0, 0.117, 0, 0, 0.433, 4, 0, 1.1, -5, 2, 1.45, -5, 2, 2.583, -5]}, {"Target": "Parameter", "Id": "ParamAngleY", "Segments": [0, 0, 0, 0.117, 0, 0, 0.433, 8, 2, 0.767, 8, 0, 1.1, 0, 2, 2.583, 0]}, {"Target": "Parameter", "Id": "ParamAngleZ", "Segments": [0, -12, 0, 0.133, -12, 0, 0.533, 3, 0, 1.2, -28, 0, 1.567, -25, 2, 2.583, -25]}, {"Target": "Parameter", "Id": "ParamEyeROpen", "Segments": [0, 1, 0, 0.533, 1, 0, 0.883, 0, 2, 0.95, 0, 0, 1.267, 1, 2, 2.583, 1]}, {"Target": "Parameter", "Id": "ParamEyeLOpen", "Segments": [0, 1, 0, 0.533, 1, 0, 0.883, 0, 2, 0.95, 0, 0, 1.267, 1, 2, 2.583, 1]}, {"Target": "Parameter", "Id": "ParamBodyAngleX", "Segments": [0, 2, 0, 0.317, 7, 1, 0.539, 7, 0.761, 3.615, 0.983, 0, 1, 1.1, -1.898, 1.216, -2.0, 1.333, -2, 2, 2.583, -2]}, {"Target": "Parameter", "Id": "ParamBodyAngleY", "Segments": [0, 0, 0, 0.417, 1, 0, 0.967, -2, 0, 1.4, 0, 2, 2.583, 0]}, {"Target": "Parameter", "Id": "ParamUpperBodyZ", "Segments": [0, 0, 0, 0.483, 4, 0, 1.017, 3, 0, 1.367, 4, 2, 2.583, 4]}, {"Target": "Parameter", "Id": "ParamShoulderR", "Segments": [0, 1, 0, 0.317, 2, 0, 0.85, -2, 0, 1.317, -1, 2, 2.583, -1]}, {"Target": "Parameter", "Id": "ParamArmR1", "Segments": [0, -38.395, 0, 0.35, -37.36, 0, 0.983, -42.075, 2, 2.583, -42.075]}, {"Target": "Parameter", "Id": "ParamArmR2", "Segments": [0, 0, 0, 0.45, 1, 0, 1.183, -1, 2, 2.583, -1]}, {"Target": "Parameter", "Id": "ParamArmR3", "Segments": [0, 0, 0, 0.417, 5, 0, 1.15, 0, 2, 2.583, 0]}, {"Target": "Parameter", "Id": "ParamFingerR", "Segments": [0, 0, 0, 0.5, -10, 0, 0.933, 0, 2, 2.583, 0]}, {"Target": "Parameter", "Id": "ParamShoulderL", "Segments": [0, 0, 0, 0.05, 0, 0, 0.367, 1, 0, 0.85, -2, 0, 1.333, 2.2, 2, 2.583, 2.2]}, {"Target": "Parameter", "Id": "ParamArmL1", "Segments": [0, -30, 0, 0.35, -28.045, 0, 0.983, -31.15, 2, 2.583, -31.15]}, {"Target": "Parameter", "Id": "ParamArmL2", "Segments": [0, 0, 0, 0.45, 1, 0, 1.183, -1, 2, 2.583, -1]}, {"Target": "Parameter", "Id": "ParamArmL3", "Segments": [0, 0, 0, 0.417, 5, 0, 1.15, 0, 2, 2.583, 0]}, {"Target": "Parameter", "Id": "ParamFingerL", "Segments": [0, 0, 0, 0.5, -10, 0, 0.933, 0, 2, 2.583, 0]}, {"Target": "Parameter", "Id": "ParamBodyAngleZ", "Segments": [0, 0, 0, 2.583, 0]}, {"Target": "Parameter", "Id": "ParamUpperBody", "Segments": [0, 0, 0, 2.583, 0]}, {"Target": "Parameter", "Id": "ParamBreath", "Segments": [0, 0, 0, 2.583, 0]}], "UserData": []}