{"Version": 3, "Meta": {"Duration": 2.583, "Fps": 60.0, "Loop": true, "AreBeziersRestricted": true, "CurveCount": 21, "UserDataCount": 0, "TotalSegmentCount": 94, "TotalPointCount": 98, "TotalUserDataSize": 0}, "Curves": [{"Target": "Parameter", "Id": "ParamAngleX", "Segments": [0, 0, 0, 0.283, -4, 0, 0.817, 1, 0, 1.3, -1, 2, 2.583, -1]}, {"Target": "Parameter", "Id": "ParamAngleY", "Segments": [0, 0, 0, 0.283, 11, 0, 0.817, -14, 0, 1.233, -6, 2, 2.583, -6]}, {"Target": "Parameter", "Id": "ParamAngleZ", "Segments": [0, 0, 0, 0.45, -6, 0, 0.95, 4, 0, 1.4, 2, 2, 2.583, 2]}, {"Target": "Parameter", "Id": "ParamEyeROpen", "Segments": [0, 1, 0, 0.2, 1, 0, 0.4, 0, 2, 0.633, 0, 0, 0.883, 1, 2, 2.583, 1]}, {"Target": "Parameter", "Id": "ParamEyeLOpen", "Segments": [0, 1, 0, 0.2, 1, 0, 0.4, 0, 2, 0.633, 0, 0, 0.883, 1, 2, 2.583, 1]}, {"Target": "Parameter", "Id": "ParamBodyAngleX", "Segments": [0, -4, 0, 0.433, 2, 0, 1.033, -3, 2, 2.583, -3]}, {"Target": "Parameter", "Id": "ParamBodyAngleY", "Segments": [0, 0, 0, 0.417, 3, 0, 1, -4, 0, 1.65, -3, 2, 2.583, -3]}, {"Target": "Parameter", "Id": "ParamBodyAngleZ", "Segments": [0, -5, 0, 0.55, -4, 1, 0.761, -3.29, 0.972, -3.0, 1.183, -3, 2, 2.583, -3]}, {"Target": "Parameter", "Id": "ParamUpperBodyZ", "Segments": [0, 7, 0, 0.55, 4, 0, 1.183, 5, 2, 2.583, 5]}, {"Target": "Parameter", "Id": "ParamUpperBody", "Segments": [0, 0, 0, 0.867, -6, 1, 1.061, -7.907, 1.256, -8.0, 1.45, -8, 2, 2.583, -8]}, {"Target": "Parameter", "Id": "ParamBreath", "Segments": [0, 0, 0, 0.5, 0.4, 0, 1.05, 0, 2, 2.583, 0]}, {"Target": "Parameter", "Id": "ParamShoulderR", "Segments": [0, 0, 0, 0.317, -1, 0, 0.8, 6, 0, 1.35, 4, 2, 2.583, 4]}, {"Target": "Parameter", "Id": "ParamArmR1", "Segments": [0, -33.795, 0, 0.35, -31.38, 0, 0.883, -32.76, 2, 2.583, -32.76]}, {"Target": "Parameter", "Id": "ParamArmR2", "Segments": [0, 0, 0, 0.65, 6, 0, 1.2, 0, 2, 2.583, 0]}, {"Target": "Parameter", "Id": "ParamArmR3", "Segments": [0, 0, 0, 0.433, -8, 0, 1.15, 25, 2, 2.583, 25]}, {"Target": "Parameter", "Id": "ParamFingerR", "Segments": [0, 0, 0, 0.583, -6, 0, 1.317, 5, 2, 2.583, 5]}, {"Target": "Parameter", "Id": "ParamShoulderL", "Segments": [0, 5, 0, 0.317, -1, 0, 0.85, 7, 0, 1.467, 5, 2, 2.583, 5]}, {"Target": "Parameter", "Id": "ParamArmL1", "Segments": [0, -30, 0, 0.35, -28.85, 0, 0.883, -30.23, 2, 2.583, -30.23]}, {"Target": "Parameter", "Id": "ParamArmL2", "Segments": [0, 0, 0, 0.65, 6, 0, 1.2, 0, 2, 2.583, 0]}, {"Target": "Parameter", "Id": "ParamArmL3", "Segments": [0, 0, 0, 0.433, -8, 0, 1.15, 25, 2, 2.583, 25]}, {"Target": "Parameter", "Id": "ParamFingerL", "Segments": [0, 0, 0, 0.583, -6, 0, 1.317, 5, 2, 2.583, 5]}], "UserData": []}