{"Version": 3, "Meta": {"Duration": 2.583, "Fps": 60.0, "Loop": true, "AreBeziersRestricted": true, "CurveCount": 21, "UserDataCount": 0, "TotalSegmentCount": 92, "TotalPointCount": 112, "TotalUserDataSize": 0}, "Curves": [{"Target": "Parameter", "Id": "ParamAngleX", "Segments": [0, 0, 0, 0.25, -10, 1, 0.433, -11.016, 0.617, -11.08, 0.8, -11.08, 0, 1.2, 0, 2, 2.583, 0]}, {"Target": "Parameter", "Id": "ParamAngleY", "Segments": [0, 0, 0, 0.25, 9, 1, 0.35, 9, 0.45, -19.716, 0.55, -24, 1, 0.633, -27.57, 0.717, -27, 0.8, -27, 0, 1.3, -8, 2, 2.583, -8]}, {"Target": "Parameter", "Id": "ParamAngleZ", "Segments": [0, -2, 0, 0.2, -3, 1, 0.344, -5.712, 0.489, -10.0, 0.633, -10, 2, 1.1, -10, 2, 2.583, -10]}, {"Target": "Parameter", "Id": "ParamEyeROpen", "Segments": [0, 1, 0, 0.5, 1, 0, 0.7, 0, 2, 0.967, 0, 0, 1.2, 1, 2, 2.583, 1]}, {"Target": "Parameter", "Id": "ParamEyeLOpen", "Segments": [0, 1, 0, 0.5, 1, 0, 0.7, 0, 2, 0.967, 0, 0, 1.2, 1, 2, 2.583, 1]}, {"Target": "Parameter", "Id": "ParamBodyAngleX", "Segments": [0, 0, 0, 0.4, -2, 1, 0.589, -2, 0.778, 2.031, 0.967, 5, 1, 1.061, 6.484, 1.156, 6.3, 1.25, 6.3, 2, 2.583, 6.3]}, {"Target": "Parameter", "Id": "ParamBodyAngleY", "Segments": [0, 0, 0, 0.35, 4, 0, 0.733, -2, 0, 1.25, -1, 2, 2.583, -1]}, {"Target": "Parameter", "Id": "ParamBodyAngleZ", "Segments": [0, 0, 0, 0.55, 2, 0, 1.117, 1, 2, 2.583, 1]}, {"Target": "Parameter", "Id": "ParamUpperBodyZ", "Segments": [0, 0, 0, 0.55, -3, 0, 1.117, 0, 2, 2.583, 0]}, {"Target": "Parameter", "Id": "ParamUpperBody", "Segments": [0, 0, 0, 0.45, 5, 0, 1.183, 0, 2, 2.583, 0]}, {"Target": "Parameter", "Id": "ParamBreath", "Segments": [0, 0, 0, 0.417, 1, 0, 0.767, 0, 2, 2.583, 0]}, {"Target": "Parameter", "Id": "ParamShoulderR", "Segments": [0, 0, 0, 0.267, 3, 1, 0.367, 3, 0.467, 0.99, 0.567, 0, 1, 0.628, -0.605, 0.689, -0.5, 0.75, -0.5, 2, 2.583, -0.5]}, {"Target": "Parameter", "Id": "ParamArmR1", "Segments": [0, -30, 0, 0.3, -32.99, 2, 0.683, -32.99, 2, 2.583, -32.99]}, {"Target": "Parameter", "Id": "ParamArmR2", "Segments": [0, 0, 0, 0.55, -3, 2, 0.717, -3, 2, 2.583, -3]}, {"Target": "Parameter", "Id": "ParamArmR3", "Segments": [0, 0, 0, 0.483, -3, 2, 2.583, -3]}, {"Target": "Parameter", "Id": "ParamFingerR", "Segments": [0, 0, 0, 0.4, 10, 2, 2.583, 10]}, {"Target": "Parameter", "Id": "ParamShoulderL", "Segments": [0, 0, 0, 0.267, 3, 1, 0.367, 3, 0.467, 0.963, 0.567, 0, 1, 0.628, -0.588, 0.689, -0.48, 0.75, -0.48, 2, 2.583, -0.48]}, {"Target": "Parameter", "Id": "ParamArmL1", "Segments": [0, -30, 0, 0.3, -32.99, 2, 0.683, -32.99, 2, 2.583, -32.99]}, {"Target": "Parameter", "Id": "ParamArmL2", "Segments": [0, 0, 0, 0.55, -3, 2, 0.717, -3, 2, 2.583, -3]}, {"Target": "Parameter", "Id": "ParamArmL3", "Segments": [0, 0, 0, 0.483, -3, 2, 2.583, -3]}, {"Target": "Parameter", "Id": "ParamFingerL", "Segments": [0, 0, 0, 0.4, 10, 2, 2.583, 10]}], "UserData": []}