{"Version": 3, "Meta": {"Duration": 2.583, "Fps": 60.0, "Loop": true, "AreBeziersRestricted": true, "CurveCount": 21, "UserDataCount": 0, "TotalSegmentCount": 85, "TotalPointCount": 85, "TotalUserDataSize": 0}, "Curves": [{"Target": "Parameter", "Id": "ParamAngleY", "Segments": [0, 0, 0, 0.1, 0, 0, 0.433, 21, 0, 0.85, -15, 0, 1.417, 0, 2, 2.583, 0]}, {"Target": "Parameter", "Id": "ParamAngleZ", "Segments": [0, -8, 0, 0.433, 15, 0, 0.85, -21, 0, 1.417, -16, 2, 2.583, -16]}, {"Target": "Parameter", "Id": "ParamEyeROpen", "Segments": [0, 1, 0, 0.1, 1, 0, 0.3, 0, 0, 0.617, 1, 2, 2.583, 1]}, {"Target": "Parameter", "Id": "ParamEyeLOpen", "Segments": [0, 1, 0, 0.1, 1, 0, 0.3, 0, 0, 0.617, 1, 2, 2.583, 1]}, {"Target": "Parameter", "Id": "ParamBodyAngleX", "Segments": [0, 0, 0, 0.333, 7, 0, 0.75, -6, 0, 1.317, -5, 2, 2.583, -5]}, {"Target": "Parameter", "Id": "ParamBodyAngleY", "Segments": [0, 0, 0, 0.433, 8, 0, 0.75, -2, 0, 1.317, 0, 2, 2.583, 0]}, {"Target": "Parameter", "Id": "ParamBodyAngleZ", "Segments": [0, 0, 0, 0.45, 0.86, 0, 0.783, 0.66, 0, 1.35, 1.2, 2, 2.583, 1.2]}, {"Target": "Parameter", "Id": "ParamUpperBodyZ", "Segments": [0, 0, 0, 0.45, 0.57, 2, 2.583, 0.57]}, {"Target": "Parameter", "Id": "ParamShoulderR", "Segments": [0, 2, 0, 0.333, 6, 0, 0.75, 0, 0, 1.317, 2, 2, 2.583, 2]}, {"Target": "Parameter", "Id": "ParamArmR1", "Segments": [0, -30, 0, 0.4, -44, 2, 0.617, -44, 0, 0.933, -42.16, 2, 2.583, -42.16]}, {"Target": "Parameter", "Id": "ParamArmR2", "Segments": [0, 4, 0, 0.5, 0, 0, 1.017, 3, 2, 2.583, 3]}, {"Target": "Parameter", "Id": "ParamArmR3", "Segments": [0, 14, 0, 0.55, 0, 2, 2.583, 0]}, {"Target": "Parameter", "Id": "ParamFingerR", "Segments": [0, 10, 0, 0.583, 0, 2, 2.583, 0]}, {"Target": "Parameter", "Id": "ParamShoulderL", "Segments": [0, 2, 0, 0.333, 6, 0, 0.75, 0, 0, 1.317, 2, 2, 2.583, 2]}, {"Target": "Parameter", "Id": "ParamArmL1", "Segments": [0, -35, 0, 0.4, -41.785, 2, 0.617, -41.785, 0, 0.933, -40.75, 2, 2.583, -40.75]}, {"Target": "Parameter", "Id": "ParamArmL2", "Segments": [0, 3, 0, 0.5, 0, 0, 1.017, 3, 2, 2.583, 3]}, {"Target": "Parameter", "Id": "ParamArmL3", "Segments": [0, 15, 0, 0.55, 0, 2, 2.583, 0]}, {"Target": "Parameter", "Id": "ParamFingerL", "Segments": [0, 10, 0, 0.583, 0, 2, 2.583, 0]}, {"Target": "Parameter", "Id": "ParamAngleX", "Segments": [0, 0, 0, 2.583, 0]}, {"Target": "Parameter", "Id": "ParamUpperBody", "Segments": [0, 0, 0, 2.583, 0]}, {"Target": "Parameter", "Id": "ParamBreath", "Segments": [0, 0, 0, 2.583, 0]}], "UserData": []}