{"Version": 3, "Meta": {"Duration": 2.583, "Fps": 60.0, "Loop": true, "AreBeziersRestricted": true, "CurveCount": 21, "UserDataCount": 0, "TotalSegmentCount": 83, "TotalPointCount": 93, "TotalUserDataSize": 0}, "Curves": [{"Target": "Parameter", "Id": "ParamAngleX", "Segments": [0, 0, 0, 0.3, -4, 0, 0.8, -1, 0, 1.2, -2, 2, 2.583, -2]}, {"Target": "Parameter", "Id": "ParamAngleY", "Segments": [0, 0, 0, 0.3, 19, 0, 0.8, -27, 0, 1.2, 2, 2, 2.583, 2]}, {"Target": "Parameter", "Id": "ParamAngleZ", "Segments": [0, -2, 0, 0.2, -3, 1, 0.344, -5.712, 0.489, -10.0, 0.633, -10, 2, 1.1, -10, 2, 2.583, -10]}, {"Target": "Parameter", "Id": "ParamEyeROpen", "Segments": [0, 1, 0, 0.5, 1, 0, 0.7, 0, 2, 0.967, 0, 0, 1.2, 1, 2, 2.583, 1]}, {"Target": "Parameter", "Id": "ParamEyeLOpen", "Segments": [0, 1, 0, 0.5, 1, 0, 0.7, 0, 2, 0.967, 0, 0, 1.2, 1, 2, 2.583, 1]}, {"Target": "Parameter", "Id": "ParamBodyAngleX", "Segments": [0, 0, 0, 0.4, -1, 0, 0.967, 5, 2, 2.583, 5]}, {"Target": "Parameter", "Id": "ParamBodyAngleY", "Segments": [0, 0, 0, 0.35, 2, 0, 0.883, -2, 0, 1.25, -1, 2, 2.583, -1]}, {"Target": "Parameter", "Id": "ParamBodyAngleZ", "Segments": [0, 0, 0, 0.55, 1, 2, 2.583, 1]}, {"Target": "Parameter", "Id": "ParamShoulderR", "Segments": [0, 0, 0, 0.267, 3, 0, 0.683, 0, 2, 2.583, 0]}, {"Target": "Parameter", "Id": "ParamArmR2", "Segments": [0, 0, 0, 0.317, -2, 1, 0.5, -2, 0.684, -1.094, 0.867, 0, 1, 0.972, 0.63, 1.078, 0.72, 1.183, 0.72, 2, 2.583, 0.72]}, {"Target": "Parameter", "Id": "ParamArmR3", "Segments": [0, 0, 0, 0.367, -4, 0, 0.967, 5, 2, 2.583, 5]}, {"Target": "Parameter", "Id": "ParamFingerR", "Segments": [0, 0, 0, 0.367, -6, 0, 1.083, 2, 2, 2.583, 2]}, {"Target": "Parameter", "Id": "ParamShoulderL", "Segments": [0, 0, 0, 0.3, 2, 0, 0.683, 0, 2, 2.583, 0]}, {"Target": "Parameter", "Id": "ParamArmL2", "Segments": [0, 0, 0, 0.317, -2, 1, 0.5, -2, 0.684, -1.094, 0.867, 0, 1, 0.972, 0.63, 1.078, 0.72, 1.183, 0.72, 2, 2.583, 0.72]}, {"Target": "Parameter", "Id": "ParamArmL3", "Segments": [0, 0, 0, 0.367, -4, 0, 0.967, 5, 2, 2.583, 5]}, {"Target": "Parameter", "Id": "ParamFingerL", "Segments": [0, 0, 0, 0.367, -6, 0, 1.083, 2, 2, 2.583, 2]}, {"Target": "Parameter", "Id": "ParamUpperBodyZ", "Segments": [0, 0, 0, 2.583, 0]}, {"Target": "Parameter", "Id": "ParamUpperBody", "Segments": [0, 0, 0, 2.583, 0]}, {"Target": "Parameter", "Id": "ParamBreath", "Segments": [0, 0, 0, 2.583, 0]}, {"Target": "Parameter", "Id": "ParamArmR1", "Segments": [0, -30, 0, 2.583, -30]}, {"Target": "Parameter", "Id": "ParamArmL1", "Segments": [0, -30, 0, 2.583, -30]}], "UserData": []}