{"Version": 3, "Meta": {"Duration": 2.583, "Fps": 60.0, "Loop": true, "AreBeziersRestricted": true, "CurveCount": 21, "UserDataCount": 0, "TotalSegmentCount": 87, "TotalPointCount": 89, "TotalUserDataSize": 0}, "Curves": [{"Target": "Parameter", "Id": "ParamAngleX", "Segments": [0, 0, 0, 0.483, 15, 0, 1.017, -15, 0, 1.433, 11, 0, 2, 0, 2, 2.583, 0]}, {"Target": "Parameter", "Id": "ParamAngleY", "Segments": [0, 0, 0, 0.483, -16, 0, 1.017, -15, 2, 2.583, -15]}, {"Target": "Parameter", "Id": "ParamAngleZ", "Segments": [0, 0, 0, 0.35, -4, 0, 0.833, 3, 0, 1.317, -2, 0, 1.767, -1, 2, 2.583, -1]}, {"Target": "Parameter", "Id": "ParamEyeROpen", "Segments": [0, 1, 0, 0.467, 1, 0, 0.767, 0, 2, 1.567, 0, 0, 1.783, 1, 2, 2.583, 1]}, {"Target": "Parameter", "Id": "ParamEyeLOpen", "Segments": [0, 1, 0, 0.467, 1, 0, 0.767, 0, 2, 1.567, 0, 0, 1.783, 1, 2, 2.583, 1]}, {"Target": "Parameter", "Id": "ParamBodyAngleX", "Segments": [0, -4, 0, 0.317, -5, 0, 0.8, 6, 0, 1.2, -1, 0, 1.65, 2, 2, 2.583, 2]}, {"Target": "Parameter", "Id": "ParamBodyAngleY", "Segments": [0, 0, 0, 0.55, -4, 2, 2.583, -4]}, {"Target": "Parameter", "Id": "ParamBodyAngleZ", "Segments": [0, -5, 0, 0.9, -3, 2, 2.583, -3]}, {"Target": "Parameter", "Id": "ParamUpperBodyZ", "Segments": [0, 7, 0, 0.9, 5, 2, 2.583, 5]}, {"Target": "Parameter", "Id": "ParamShoulderR", "Segments": [0, 0, 0, 0.6, 1, 0, 1.067, 0, 2, 2.583, 0]}, {"Target": "Parameter", "Id": "ParamArmR1", "Segments": [0, -37.245, 0, 0.483, -37.13, 0, 1.133, -37.935, 2, 2.583, -37.935]}, {"Target": "Parameter", "Id": "ParamArmR2", "Segments": [0, 0, 0, 0.533, 1.5, 0, 1.167, 0.26, 2, 2.583, 0.26]}, {"Target": "Parameter", "Id": "ParamArmR3", "Segments": [0, 0, 0, 0.567, 3, 0, 1.233, -1.84, 2, 2.583, -1.84]}, {"Target": "Parameter", "Id": "ParamFingerR", "Segments": [0, 0, 0, 0.567, 5, 0, 1.267, -5, 2, 2.583, -5]}, {"Target": "Parameter", "Id": "ParamShoulderL", "Segments": [0, 0, 0, 0.6, 1, 0, 1.067, 0, 2, 2.583, 0]}, {"Target": "Parameter", "Id": "ParamArmL1", "Segments": [0, -32.3, 0, 0.483, -32.645, 1, 0.7, -33.097, 0.916, -33.68, 1.133, -33.68, 2, 2.583, -33.68]}, {"Target": "Parameter", "Id": "ParamArmL2", "Segments": [0, 0, 0, 0.533, 1.5, 0, 1.167, 0.26, 2, 2.583, 0.26]}, {"Target": "Parameter", "Id": "ParamArmL3", "Segments": [0, 0, 0, 0.567, 3, 0, 1.233, -2.16, 2, 2.583, -2.16]}, {"Target": "Parameter", "Id": "ParamFingerL", "Segments": [0, 0, 0, 0.567, 5, 0, 1.267, -5, 2, 2.583, -5]}, {"Target": "Parameter", "Id": "ParamUpperBody", "Segments": [0, 0, 0, 2.583, 0]}, {"Target": "Parameter", "Id": "ParamBreath", "Segments": [0, 0, 0, 2.583, 0]}], "UserData": []}