{"Version": 3, "Meta": {"Duration": 2.583, "Fps": 60.0, "Loop": true, "AreBeziersRestricted": true, "CurveCount": 21, "UserDataCount": 0, "TotalSegmentCount": 81, "TotalPointCount": 85, "TotalUserDataSize": 0}, "Curves": [{"Target": "Parameter", "Id": "ParamAngleX", "Segments": [0, 0, 0, 0.317, -3, 0, 0.8, 4, 2, 2.583, 4]}, {"Target": "Parameter", "Id": "ParamAngleY", "Segments": [0, 0, 0, 0.383, 9, 0, 0.933, -14, 0, 1.467, -11, 2, 2.583, -11]}, {"Target": "Parameter", "Id": "ParamAngleZ", "Segments": [0, 0, 0, 0.517, 10, 0, 1.083, -10, 2, 2.583, -10]}, {"Target": "Parameter", "Id": "ParamEyeROpen", "Segments": [0, 1, 0, 0.733, 1, 0, 0.933, 0, 0, 1.167, 1, 2, 2.583, 1]}, {"Target": "Parameter", "Id": "ParamEyeLOpen", "Segments": [0, 1, 0, 0.733, 1, 0, 0.933, 0, 0, 1.167, 1, 2, 2.583, 1]}, {"Target": "Parameter", "Id": "ParamBodyAngleX", "Segments": [0, 0, 0, 0.417, 8, 0, 1.083, -4, 2, 2.583, -4]}, {"Target": "Parameter", "Id": "ParamBodyAngleY", "Segments": [0, 0, 0, 0.4, 1, 0, 1.083, 0, 2, 2.583, 0]}, {"Target": "Parameter", "Id": "ParamBodyAngleZ", "Segments": [0, 2, 0, 0.517, 0, 1, 0.667, -1.235, 0.817, -2.0, 0.967, -2, 2, 2.583, -2]}, {"Target": "Parameter", "Id": "ParamUpperBodyZ", "Segments": [0, -1, 0, 0.517, 0, 1, 0.667, 0.787, 0.817, 2.0, 0.967, 2, 2, 2.583, 2]}, {"Target": "Parameter", "Id": "ParamShoulderR", "Segments": [0, 0, 0, 0.317, -2, 0, 0.983, 0, 2, 2.583, 0]}, {"Target": "Parameter", "Id": "ParamArmR1", "Segments": [0, -30, 0, 0.533, -42.835, 2, 2.583, -42.835]}, {"Target": "Parameter", "Id": "ParamArmR2", "Segments": [0, -1, 0, 0.267, 2, 0, 0.967, -5, 2, 2.583, -5]}, {"Target": "Parameter", "Id": "ParamArmR3", "Segments": [0, 0, 0, 0.483, 11, 0, 1.233, 0, 2, 2.583, 0]}, {"Target": "Parameter", "Id": "ParamFingerR", "Segments": [0, 0, 0, 0.283, 10, 0, 0.867, 0, 2, 2.583, 0]}, {"Target": "Parameter", "Id": "ParamShoulderL", "Segments": [0, 0, 0, 0.333, 1, 0, 0.9, -1, 2, 2.583, -1]}, {"Target": "Parameter", "Id": "ParamArmL1", "Segments": [0, -30, 0, 0.533, -44.145, 2, 2.583, -44.145]}, {"Target": "Parameter", "Id": "ParamArmL2", "Segments": [0, -1, 0, 0.317, 1, 0, 0.933, -5, 2, 2.583, -5]}, {"Target": "Parameter", "Id": "ParamArmL3", "Segments": [0, 0, 0, 0.55, 13, 0, 1.233, 0, 2, 2.583, 0]}, {"Target": "Parameter", "Id": "ParamFingerL", "Segments": [0, 0, 0, 0.283, 10, 0, 0.867, 0, 2, 2.583, 0]}, {"Target": "Parameter", "Id": "ParamUpperBody", "Segments": [0, 0, 0, 2.583, 0]}, {"Target": "Parameter", "Id": "ParamBreath", "Segments": [0, 0, 0, 2.583, 0]}], "UserData": []}