{"Version": 3, "Meta": {"Duration": 2.583, "Fps": 60.0, "Loop": true, "AreBeziersRestricted": true, "CurveCount": 21, "UserDataCount": 0, "TotalSegmentCount": 79, "TotalPointCount": 79, "TotalUserDataSize": 0}, "Curves": [{"Target": "Parameter", "Id": "ParamAngleX", "Segments": [0, 0, 0, 0.4, 6, 0, 1.033, -3, 0, 1.8, 1, 2, 2.583, 1]}, {"Target": "Parameter", "Id": "ParamAngleY", "Segments": [0, 0, 0, 0.4, 15, 0, 1.033, -9, 2, 2.583, -9]}, {"Target": "Parameter", "Id": "ParamAngleZ", "Segments": [0, 0, 0, 0.533, -10, 0, 1.167, 15, 0, 1.9, 13, 2, 2.583, 13]}, {"Target": "Parameter", "Id": "ParamEyeROpen", "Segments": [0, 1, 0, 0.633, 1, 0, 0.833, 0, 0, 1.033, 1, 2, 2.583, 1]}, {"Target": "Parameter", "Id": "ParamEyeLOpen", "Segments": [0, 1, 0, 0.633, 1, 0, 0.833, 0, 0, 1.033, 1, 2, 2.583, 1]}, {"Target": "Parameter", "Id": "ParamBodyAngleX", "Segments": [0, 0, 0, 0.433, 2, 0, 1.067, -3, 2, 2.583, -3]}, {"Target": "Parameter", "Id": "ParamBodyAngleY", "Segments": [0, 0, 0, 0.467, 1, 0, 1.1, -2, 2, 2.583, -2]}, {"Target": "Parameter", "Id": "ParamBodyAngleZ", "Segments": [0, 2, 0, 1.067, 1, 2, 2.583, 1]}, {"Target": "Parameter", "Id": "ParamUpperBodyZ", "Segments": [0, -1, 0, 1.067, -2, 2, 2.583, -2]}, {"Target": "Parameter", "Id": "ParamShoulderR", "Segments": [0, 0, 0, 1.1, 5, 2, 2.583, 5]}, {"Target": "Parameter", "Id": "ParamArmR1", "Segments": [0, -30, 0, 0.65, -32.76, 2, 2.583, -32.76]}, {"Target": "Parameter", "Id": "ParamArmR2", "Segments": [0, 0, 0, 0.567, 0, 0, 1.05, 1, 2, 2.583, 1]}, {"Target": "Parameter", "Id": "ParamArmR3", "Segments": [0, 0, 0, 0.467, -4, 0, 1.183, 4, 2, 2.583, 4]}, {"Target": "Parameter", "Id": "ParamFingerR", "Segments": [0, 0, 0, 0.483, -2, 0, 1.233, 1, 2, 2.583, 1]}, {"Target": "Parameter", "Id": "ParamShoulderL", "Segments": [0, 1, 0, 0.4, 3, 0, 1.033, 0, 2, 2.583, 0]}, {"Target": "Parameter", "Id": "ParamArmL1", "Segments": [0, -31.61, 0, 0.65, -34.83, 2, 2.583, -34.83]}, {"Target": "Parameter", "Id": "ParamArmL2", "Segments": [0, 0, 0, 0.567, 0, 0, 1.05, 0.96, 2, 2.583, 0.96]}, {"Target": "Parameter", "Id": "ParamArmL3", "Segments": [0, 0, 0, 0.467, -4, 0, 1.183, 4, 2, 2.583, 4]}, {"Target": "Parameter", "Id": "ParamFingerL", "Segments": [0, 0, 0, 0.483, -2, 0, 1.233, 1, 2, 2.583, 1]}, {"Target": "Parameter", "Id": "ParamUpperBody", "Segments": [0, 0, 0, 2.583, 0]}, {"Target": "Parameter", "Id": "ParamBreath", "Segments": [0, 0, 0, 2.583, 0]}], "UserData": []}