{"Version": 3, "Meta": {"Duration": 2.883, "Fps": 60.0, "Loop": true, "AreBeziersRestricted": true, "CurveCount": 61, "UserDataCount": 2, "TotalSegmentCount": 237, "TotalPointCount": 269, "TotalUserDataSize": 44}, "Curves": [{"Target": "Parameter", "Id": "ParamAngleX", "Segments": [0, 0, 0, 0.333, 0, 0, 0.95, 4, 2, 1.083, 4, 1, 1.266, 4, 1.45, 2.939, 1.633, 1, 1, 1.828, -1.057, 2.022, -2.0, 2.217, -2, 2, 2.883, -2]}, {"Target": "Parameter", "Id": "ParamAngleY", "Segments": [0, 0, 0, 0.333, 16, 0, 0.95, 4, 2, 1.083, 4, 0, 1.633, 13, 0, 2.217, 2, 2, 2.883, 2]}, {"Target": "Parameter", "Id": "ParamAngleZ", "Segments": [0, -14, 0, 0.333, -10, 1, 0.539, -4.072, 0.744, 6.878, 0.95, 10, 1, 0.994, 10.675, 1.039, 10.3, 1.083, 10.3, 1, 1.266, 10.3, 1.45, 2.226, 1.633, -9, 1, 1.828, -20.906, 2.022, -25.0, 2.217, -25, 2, 2.883, -25]}, {"Target": "Parameter", "Id": "ParamEyeROpen", "Segments": [0, 1, 0, 0.167, 1, 0, 0.333, 0, 2, 0.55, 0, 0, 0.7, 1, 2, 1.267, 1, 0, 1.467, 0, 2, 1.633, 0, 0, 1.85, 1, 2, 2.883, 1]}, {"Target": "Parameter", "Id": "ParamEyeLOpen", "Segments": [0, 1, 0, 0.167, 1, 0, 0.333, 0, 2, 0.55, 0, 0, 0.7, 1, 2, 1.267, 1, 0, 1.467, 0, 2, 1.633, 0, 0, 1.85, 1, 2, 2.883, 1]}, {"Target": "Parameter", "Id": "ParamEyeballX", "Segments": [0, 0, 0, 1.567, 0, 0, 2.1, 0.1, 2, 2.883, 0.1]}, {"Target": "Parameter", "Id": "ParamBodyAngleX", "Segments": [0, 3, 0, 0.433, 0, 0, 0.917, 5, 2, 1.05, 5, 0, 2.133, -2, 2, 2.883, -2]}, {"Target": "Parameter", "Id": "ParamBodyAngleY", "Segments": [0, 0, 0, 0.417, 2, 0, 0.883, -1, 2, 1.017, -1, 0, 1.617, 1, 0, 2.1, 0, 2, 2.883, 0]}, {"Target": "Parameter", "Id": "ParamBodyAngleZ", "Segments": [0, -4, 0, 0.017, -4, 1, 0.161, -4, 0.306, -3.541, 0.45, -2, 1, 0.611, -0.281, 0.772, 1.0, 0.933, 1, 2, 1.067, 1, 0, 2.133, -1, 2, 2.883, -1]}, {"Target": "Parameter", "Id": "ParamUpperBodyZ", "Segments": [0, 9, 0, 0.05, 9, 1, 0.194, 9, 0.339, 8.323, 0.483, 5, 1, 0.639, 1.422, 0.794, -2.0, 0.95, -2, 2, 1.1, -2, 0, 2.167, 5, 2, 2.883, 5]}, {"Target": "Parameter", "Id": "ParamShoulderR", "Segments": [0, 1, 0, 0.417, 4, 1, 0.572, 6.446, 0.728, 8.0, 0.883, 8, 2, 1.017, 8, 0, 2.1, 2, 2, 2.883, 2]}, {"Target": "Parameter", "Id": "ParamArmR1", "Segments": [0, -39, 0, 0.417, -41, 2, 0.883, -41, 2, 1.017, -41, 0, 2.1, -41.39, 2, 2.883, -41.39]}, {"Target": "Parameter", "Id": "ParamArmR2", "Segments": [0, 41, 0, 0.017, 41, 0, 0.45, 43, 0, 0.933, 39.3, 2, 1.067, 39.3, 0, 2.133, 41, 2, 2.883, 41]}, {"Target": "Parameter", "Id": "ParamArmR3", "Segments": [0, 7, 0, 0.05, 7, 0, 0.483, 22, 0, 0.95, 12, 1, 1.094, 12, 1.239, 14.023, 1.383, 16.08, 1, 1.644, 19.799, 1.906, 21.0, 2.167, 21, 2, 2.883, 21]}, {"Target": "Parameter", "Id": "ParamArmR4", "Segments": [0, 5, 0, 0.417, 19, 0, 0.883, 15, 2, 1.017, 15, 0, 2.1, 12, 2, 2.883, 12]}, {"Target": "Parameter", "Id": "ParamArmR5", "Segments": [0, 1, 0, 0.017, 1, 2, 0.45, 1, 0, 0.933, 2, 2, 1.067, 2, 2, 2.133, 2, 2, 2.883, 2]}, {"Target": "Parameter", "Id": "ParamArmR8", "Segments": [0, 15, 0, 0.533, 26, 0, 1.05, 12, 0, 1.883, 26, 2, 2.883, 26]}, {"Target": "Parameter", "Id": "ParamFingerR", "Segments": [0, 0, 0, 0.483, 5, 0, 1.017, -5, 0, 1.533, 4, 0, 2.117, 0, 2, 2.883, 0]}, {"Target": "Parameter", "Id": "ParamShoulderL", "Segments": [0, 4, 0, 0.417, 6, 0, 0.883, 5, 2, 1.017, 5, 0, 2.1, 8, 2, 2.883, 8]}, {"Target": "Parameter", "Id": "ParamArmL1", "Segments": [0, -39, 0, 0.417, -40, 1, 0.572, -40.464, 0.728, -40.52, 0.883, -40.52, 2, 1.017, -40.52, 0, 2.1, -39.335, 2, 2.883, -39.335]}, {"Target": "Parameter", "Id": "ParamArmL2", "Segments": [0, 24, 0, 0.417, 24.5, 2, 0.883, 24.5, 2, 1.017, 24.5, 0, 2.1, 23.4, 2, 2.883, 23.4]}, {"Target": "Parameter", "Id": "ParamArmL3", "Segments": [0, -30, 0, 0.417, -24.96, 1, 0.572, -22.422, 0.728, -22.0, 0.883, -22, 2, 1.017, -22, 0, 2.1, -22.96, 2, 2.883, -22.96]}, {"Target": "Parameter", "Id": "ParamArmL4", "Segments": [0, 13, 0, 0.417, 16, 0, 0.883, 14, 2, 1.017, 14, 2, 2.1, 14, 2, 2.883, 14]}, {"Target": "Parameter", "Id": "ParamArmL5", "Segments": [0, 2, 0, 0.417, 4, 1, 0.572, 4.234, 0.728, 4.2, 0.883, 4.2, 2, 1.017, 4.2, 0, 2.1, 3, 2, 2.883, 3]}, {"Target": "Parameter", "Id": "ParamArmL8", "Segments": [0, -35, 0, 0.417, -26, 2, 2.883, -26]}, {"Target": "Parameter", "Id": "ParamFingerL", "Segments": [0, 0, 0, 0.45, 8, 0, 0.967, -2, 0, 1.483, 6, 0, 2.1, 0, 2, 2.883, 0]}, {"Target": "Parameter", "Id": "ParamPositionX", "Segments": [0, 0, 0, 2.883, 0]}, {"Target": "Parameter", "Id": "ParamPositionY", "Segments": [0, 0, 0, 2.883, 0]}, {"Target": "Parameter", "Id": "ParamRotationZ", "Segments": [0, 0, 0, 2.883, 0]}, {"Target": "Parameter", "Id": "ParamUpperBody", "Segments": [0, 0, 0, 2.883, 0]}, {"Target": "Parameter", "Id": "ParamBreath", "Segments": [0, 0, 0, 2.883, 0]}, {"Target": "Parameter", "Id": "ParamLegLZ", "Segments": [0, -1, 0, 2.883, -1]}, {"Target": "Parameter", "Id": "ParamLegRZ", "Segments": [0, 4, 0, 2.883, 4]}, {"Target": "Parameter", "Id": "ParamArmR6", "Segments": [0, 1, 0, 2.883, 1]}, {"Target": "Parameter", "Id": "ParamArmR7", "Segments": [0, -4, 0, 2.883, -4]}, {"Target": "Parameter", "Id": "ParamArmR9", "Segments": [0, 0.8, 0, 2.883, 0.8]}, {"Target": "Parameter", "Id": "ParamHandRA", "Segments": [0, 0, 0, 2.883, 0]}, {"Target": "Parameter", "Id": "ParamHandRB", "Segments": [0, 0, 0, 2.883, 0]}, {"Target": "Parameter", "Id": "ParamHandRC", "Segments": [0, 0, 0, 2.883, 0]}, {"Target": "Parameter", "Id": "ParamHandRD", "Segments": [0, 0, 0, 2.883, 0]}, {"Target": "Parameter", "Id": "ParamHandRE", "Segments": [0, 0, 0, 2.883, 0]}, {"Target": "Parameter", "Id": "ParamHandRF", "Segments": [0, 0, 0, 2.883, 0]}, {"Target": "Parameter", "Id": "ParamHandRG", "Segments": [0, 0, 0, 2.883, 0]}, {"Target": "Parameter", "Id": "ParamHandRH", "Segments": [0, 0, 0, 2.883, 0]}, {"Target": "Parameter", "Id": "ParamHandRI", "Segments": [0, 0, 0, 2.883, 0]}, {"Target": "Parameter", "Id": "ParamHandRJ", "Segments": [0, 1, 0, 2.883, 1]}, {"Target": "Parameter", "Id": "ParamHandRK", "Segments": [0, 0, 0, 2.883, 0]}, {"Target": "Parameter", "Id": "ParamArmL6", "Segments": [0, 1, 0, 2.883, 1]}, {"Target": "Parameter", "Id": "ParamArmL7", "Segments": [0, 0, 0, 2.883, 0]}, {"Target": "Parameter", "Id": "ParamArmL9", "Segments": [0, 0.6, 0, 2.883, 0.6]}, {"Target": "Parameter", "Id": "ParamHandLA", "Segments": [0, 0, 0, 2.883, 0]}, {"Target": "Parameter", "Id": "ParamHandLB", "Segments": [0, 0, 0, 2.883, 0]}, {"Target": "Parameter", "Id": "ParamHandLC", "Segments": [0, 0, 0, 2.883, 0]}, {"Target": "Parameter", "Id": "ParamHandLD", "Segments": [0, 1, 0, 2.883, 1]}, {"Target": "Parameter", "Id": "ParamHandLE", "Segments": [0, 0, 0, 2.883, 0]}, {"Target": "Parameter", "Id": "ParamHandLF", "Segments": [0, 0, 0, 2.883, 0]}, {"Target": "Parameter", "Id": "ParamHandLG", "Segments": [0, 0, 0, 2.883, 0]}, {"Target": "Parameter", "Id": "ParamHandLH", "Segments": [0, 0, 0, 2.883, 0]}, {"Target": "Parameter", "Id": "ParamHandLI", "Segments": [0, 0, 0, 2.883, 0]}, {"Target": "Parameter", "Id": "ParamHandLJ", "Segments": [0, 0, 0, 2.883, 0]}, {"Target": "Parameter", "Id": "ParamHandLK", "Segments": [0, 0, 0, 2.883, 0]}], "UserData": [{"Time": 0.167, "Value": "eyeblink,0.2,0.24,0.24"}, {"Time": 1.267, "Value": "eyeblink,0.2,0.24,0.24"}]}