{"Version": 3, "Meta": {"Duration": 2.033, "Fps": 60.0, "Loop": true, "AreBeziersRestricted": true, "CurveCount": 61, "UserDataCount": 1, "TotalSegmentCount": 205, "TotalPointCount": 217, "TotalUserDataSize": 22}, "Curves": [{"Target": "Parameter", "Id": "ParamAngleX", "Segments": [0, 2, 0, 0.05, 2, 0, 0.383, -3, 0, 0.933, 7, 0, 1.4, 4, 2, 2.033, 4]}, {"Target": "Parameter", "Id": "ParamAngleY", "Segments": [0, -4, 0, 0.083, -4, 0, 0.417, 10, 0, 0.967, -9, 0, 1.45, 11, 2, 2.033, 11]}, {"Target": "Parameter", "Id": "ParamAngleZ", "Segments": [0, 11, 0, 0.117, 11, 1, 0.228, 11, 0.339, 1.335, 0.45, -5, 1, 0.478, -6.584, 0.505, -6.0, 0.533, -6, 0, 1.033, 20, 0, 1.483, 18, 2, 2.033, 18]}, {"Target": "Parameter", "Id": "ParamEyeROpen", "Segments": [0, 1, 0, 0.25, 1, 0, 0.45, 0, 0, 0.683, 1, 2, 2.033, 1]}, {"Target": "Parameter", "Id": "ParamEyeLOpen", "Segments": [0, 1, 0, 0.25, 1, 0, 0.45, 0, 0, 0.683, 1, 2, 2.033, 1]}, {"Target": "Parameter", "Id": "ParamBodyAngleX", "Segments": [0, 2, 0, 0.333, -7, 1, 0.389, -8.35, 0.444, -8.0, 0.5, -8, 0, 0.883, 3, 0, 1.333, 0, 2, 2.033, 0]}, {"Target": "Parameter", "Id": "ParamBodyAngleY", "Segments": [0, 0, 0, 0.333, 5, 0, 0.883, -7, 0, 1.333, -4, 2, 2.033, -4]}, {"Target": "Parameter", "Id": "ParamBodyAngleZ", "Segments": [0, 3, 0, 0.333, 1, 0, 0.883, 2, 2, 1.333, 2, 2, 2.033, 2]}, {"Target": "Parameter", "Id": "ParamUpperBodyZ", "Segments": [0, -7, 0, 0.333, -3, 2, 0.883, -3, 2, 1.333, -3, 2, 2.033, -3]}, {"Target": "Parameter", "Id": "ParamUpperBody", "Segments": [0, 0, 0, 0.333, 2, 0, 0.883, -6, 0, 1.333, -5, 2, 2.033, -5]}, {"Target": "Parameter", "Id": "ParamShoulderR", "Segments": [0, 1, 0, 0.333, 6, 1, 0.389, 7.104, 0.444, 7.0, 0.5, 7, 0, 0.883, 4, 0, 1.333, 6, 2, 2.033, 6]}, {"Target": "Parameter", "Id": "ParamArmR1", "Segments": [0, -34, 0, 0.05, -34, 0, 0.383, -28, 0, 0.933, -36, 0, 1.383, -34, 2, 2.033, -34]}, {"Target": "Parameter", "Id": "ParamArmR2", "Segments": [0, -2, 0, 0.083, -2, 0, 0.417, -5, 0, 0.967, -1, 0, 1.417, -2, 2, 2.033, -2]}, {"Target": "Parameter", "Id": "ParamArmR3", "Segments": [0, -38, 0, 0.117, -38, 0, 0.45, -40, 0, 1, -24, 0, 1.45, -38, 2, 2.033, -38]}, {"Target": "Parameter", "Id": "ParamArmR8", "Segments": [0, -40, 0, 0.5, -40, 0, 1.05, -28, 0, 1.5, -40, 2, 2.033, -40]}, {"Target": "Parameter", "Id": "ParamFingerR", "Segments": [0, 0, 0, 0.467, 10, 0, 1.017, -5, 0, 1.5, 0, 2, 2.033, 0]}, {"Target": "Parameter", "Id": "ParamShoulderL", "Segments": [0, 1, 0, 0.333, 9, 0, 0.883, 8, 0, 1.333, 9, 2, 2.033, 9]}, {"Target": "Parameter", "Id": "ParamArmL1", "Segments": [0, -40, 0, 0.05, -40, 0, 0.383, -28, 0, 0.933, -41, 0, 1.383, -40, 2, 2.033, -40]}, {"Target": "Parameter", "Id": "ParamArmL2", "Segments": [0, 43, 0, 0.1, 43, 0, 0.433, 49, 0, 0.983, 41, 0, 1.433, 43, 2, 2.033, 43]}, {"Target": "Parameter", "Id": "ParamArmL3", "Segments": [0, 20, 0, 0.15, 20, 0, 0.483, 35, 1, 0.666, 35, 0.85, 31.44, 1.033, 26, 1, 1.183, 21.549, 1.333, 20.0, 1.483, 20, 2, 2.033, 20]}, {"Target": "Parameter", "Id": "ParamArmL4", "Segments": [0, 18, 0, 0.333, 21, 0, 0.883, 18, 2, 2.033, 18]}, {"Target": "Parameter", "Id": "ParamArmL5", "Segments": [0, 8, 0, 0.05, 8, 0, 0.383, 7, 0, 0.933, 9, 0, 1.383, 8, 2, 2.033, 8]}, {"Target": "Parameter", "Id": "ParamArmL8", "Segments": [0, 17, 0, 0.417, 30, 0, 1.117, 18, 2, 2.033, 18]}, {"Target": "Parameter", "Id": "ParamFingerL", "Segments": [0, 0, 0, 0.467, 8, 0, 1, -5, 0, 1.483, 0, 2, 2.033, 0]}, {"Target": "Parameter", "Id": "ParamPositionX", "Segments": [0, 0, 0, 2.033, 0]}, {"Target": "Parameter", "Id": "ParamPositionY", "Segments": [0, 0, 0, 2.033, 0]}, {"Target": "Parameter", "Id": "ParamRotationZ", "Segments": [0, 0, 0, 2.033, 0]}, {"Target": "Parameter", "Id": "ParamEyeballX", "Segments": [0, 0, 0, 2.033, 0]}, {"Target": "Parameter", "Id": "ParamBreath", "Segments": [0, 0, 0, 2.033, 0]}, {"Target": "Parameter", "Id": "ParamLegLZ", "Segments": [0, 1, 0, 2.033, 1]}, {"Target": "Parameter", "Id": "ParamLegRZ", "Segments": [0, 0, 0, 2.033, 0]}, {"Target": "Parameter", "Id": "ParamArmR4", "Segments": [0, 0, 0, 2.033, 0]}, {"Target": "Parameter", "Id": "ParamArmR5", "Segments": [0, 0, 0, 2.033, 0]}, {"Target": "Parameter", "Id": "ParamArmR6", "Segments": [0, 0, 0, 2.033, 0]}, {"Target": "Parameter", "Id": "ParamArmR7", "Segments": [0, 0, 0, 2.033, 0]}, {"Target": "Parameter", "Id": "ParamArmR9", "Segments": [0, -0.8, 0, 2.033, -0.8]}, {"Target": "Parameter", "Id": "ParamHandRA", "Segments": [0, 1, 0, 2.033, 1]}, {"Target": "Parameter", "Id": "ParamHandRB", "Segments": [0, 0, 0, 2.033, 0]}, {"Target": "Parameter", "Id": "ParamHandRC", "Segments": [0, 0, 0, 2.033, 0]}, {"Target": "Parameter", "Id": "ParamHandRD", "Segments": [0, 0, 0, 2.033, 0]}, {"Target": "Parameter", "Id": "ParamHandRE", "Segments": [0, 0, 0, 2.033, 0]}, {"Target": "Parameter", "Id": "ParamHandRF", "Segments": [0, 0, 0, 2.033, 0]}, {"Target": "Parameter", "Id": "ParamHandRG", "Segments": [0, 0, 0, 2.033, 0]}, {"Target": "Parameter", "Id": "ParamHandRH", "Segments": [0, 0, 0, 2.033, 0]}, {"Target": "Parameter", "Id": "ParamHandRI", "Segments": [0, 0, 0, 2.033, 0]}, {"Target": "Parameter", "Id": "ParamHandRJ", "Segments": [0, 0, 0, 2.033, 0]}, {"Target": "Parameter", "Id": "ParamHandRK", "Segments": [0, 0, 0, 2.033, 0]}, {"Target": "Parameter", "Id": "ParamArmL6", "Segments": [0, 1, 0, 2.033, 1]}, {"Target": "Parameter", "Id": "ParamArmL7", "Segments": [0, -4, 0, 2.033, -4]}, {"Target": "Parameter", "Id": "ParamArmL9", "Segments": [0, 0.7, 0, 2.033, 0.7]}, {"Target": "Parameter", "Id": "ParamHandLA", "Segments": [0, 0, 0, 2.033, 0]}, {"Target": "Parameter", "Id": "ParamHandLB", "Segments": [0, 0, 0, 2.033, 0]}, {"Target": "Parameter", "Id": "ParamHandLC", "Segments": [0, 0, 0, 2.033, 0]}, {"Target": "Parameter", "Id": "ParamHandLD", "Segments": [0, 1, 0, 2.033, 1]}, {"Target": "Parameter", "Id": "ParamHandLE", "Segments": [0, 0, 0, 2.033, 0]}, {"Target": "Parameter", "Id": "ParamHandLF", "Segments": [0, 0, 0, 2.033, 0]}, {"Target": "Parameter", "Id": "ParamHandLG", "Segments": [0, 0, 0, 2.033, 0]}, {"Target": "Parameter", "Id": "ParamHandLH", "Segments": [0, 0, 0, 2.033, 0]}, {"Target": "Parameter", "Id": "ParamHandLI", "Segments": [0, 0, 0, 2.033, 0]}, {"Target": "Parameter", "Id": "ParamHandLJ", "Segments": [0, 0, 0, 2.033, 0]}, {"Target": "Parameter", "Id": "ParamHandLK", "Segments": [0, 0, 0, 2.033, 0]}], "UserData": [{"Time": 0.183, "Value": "eyeblink,0.2,0.79,0.24"}]}