{"Version": 3, "Meta": {"Duration": 2.25, "Fps": 60.0, "Loop": true, "AreBeziersRestricted": true, "CurveCount": 61, "UserDataCount": 1, "TotalSegmentCount": 194, "TotalPointCount": 200, "TotalUserDataSize": 22}, "Curves": [{"Target": "Parameter", "Id": "ParamAngleX", "Segments": [0, 0, 0, 0.517, -7, 0, 1.167, 5, 0, 1.667, 0, 2, 2.25, 0]}, {"Target": "Parameter", "Id": "ParamAngleY", "Segments": [0, 0, 0, 0.55, 4, 0, 1.2, -3, 0, 1.7, 2, 2, 2.25, 2]}, {"Target": "Parameter", "Id": "ParamAngleZ", "Segments": [0, 0, 0, 0.6, -7, 0, 1.25, 13, 0, 1.75, 11, 2, 2.25, 11]}, {"Target": "Parameter", "Id": "ParamEyeROpen", "Segments": [0, 1, 0, 0.3, 1, 0, 0.567, 0, 0, 0.867, 1, 2, 2.25, 1]}, {"Target": "Parameter", "Id": "ParamEyeLOpen", "Segments": [0, 1, 0, 0.3, 1, 0, 0.567, 0, 0, 0.867, 1, 2, 2.25, 1]}, {"Target": "Parameter", "Id": "ParamBodyAngleX", "Segments": [0, 0, 0, 0.417, -4, 0, 1.033, 4, 0, 1.567, 2, 2, 2.25, 2]}, {"Target": "Parameter", "Id": "ParamBodyAngleY", "Segments": [0, 0, 0, 0.417, 2, 0, 1.033, -1, 0, 1.567, 0, 2, 2.25, 0]}, {"Target": "Parameter", "Id": "ParamBodyAngleZ", "Segments": [0, 2, 0, 0.417, 1, 1, 0.622, -0.168, 0.828, -1.0, 1.033, -1, 2, 1.567, -1, 2, 2.25, -1]}, {"Target": "Parameter", "Id": "ParamUpperBodyZ", "Segments": [0, -4, 0, 0.017, -4, 2, 0.433, -4, 0, 1.05, 4, 0, 1.583, 2, 2, 2.25, 2]}, {"Target": "Parameter", "Id": "ParamShoulderR", "Segments": [0, 0, 0, 0.383, 8, 0, 1, 2, 0, 1.533, 4, 2, 2.25, 4]}, {"Target": "Parameter", "Id": "ParamArmR1", "Segments": [0, -30, 0, 0.383, -24, 0, 1, -33, 0, 1.533, -30, 2, 2.25, -30]}, {"Target": "Parameter", "Id": "ParamArmR2", "Segments": [0, 39, 0, 0.433, 41, 0, 1.05, 39, 2, 1.583, 39, 2, 2.25, 39]}, {"Target": "Parameter", "Id": "ParamArmR3", "Segments": [0, 12, 0, 0.483, 36, 1, 0.689, 36, 0.894, 20.836, 1.1, 18, 1, 1.278, 15.547, 1.455, 16.0, 1.633, 16, 2, 2.25, 16]}, {"Target": "Parameter", "Id": "ParamArmR4", "Segments": [0, 0, 0, 0.383, 8, 0, 1, 0, 2, 1.533, 0, 2, 2.25, 0]}, {"Target": "Parameter", "Id": "ParamArmR5", "Segments": [0, 8, 0, 0.433, 9, 0, 1.05, 8, 2, 2.25, 8]}, {"Target": "Parameter", "Id": "ParamArmR8", "Segments": [0, 2, 0, 0.483, 20, 0, 1.1, 5, 2, 2.25, 5]}, {"Target": "Parameter", "Id": "ParamFingerR", "Segments": [0, 0, 0, 0.5, 6, 0, 1.117, -4, 0, 1.683, 0, 2, 2.25, 0]}, {"Target": "Parameter", "Id": "ParamShoulderL", "Segments": [0, 0, 0, 0.417, 7, 0, 1.033, 4, 0, 1.567, 7, 2, 2.25, 7]}, {"Target": "Parameter", "Id": "ParamArmL1", "Segments": [0, -36, 0, 0.417, -32, 0, 1.033, -39, 0, 1.567, -36, 2, 2.25, -36]}, {"Target": "Parameter", "Id": "ParamArmL2", "Segments": [0, 39, 0, 0.467, 42, 0, 1.083, 39, 2, 1.617, 39, 2, 2.25, 39]}, {"Target": "Parameter", "Id": "ParamArmL3", "Segments": [0, 9, 0, 0.517, 27, 0, 1.133, 1, 0, 1.667, 9, 2, 2.25, 9]}, {"Target": "Parameter", "Id": "ParamArmL4", "Segments": [0, 0, 0, 0.417, 8, 0, 1.033, 0, 2, 1.567, 0, 2, 2.25, 0]}, {"Target": "Parameter", "Id": "ParamArmL5", "Segments": [0, 8, 0, 0.467, 9, 0, 1.083, 8, 2, 2.25, 8]}, {"Target": "Parameter", "Id": "ParamArmL8", "Segments": [0, 3, 0, 0.417, 22, 0, 1.567, 3, 2, 2.25, 3]}, {"Target": "Parameter", "Id": "ParamFingerL", "Segments": [0, 0, 0, 0.5, 7, 0, 1.117, -2, 0, 1.683, 0, 2, 2.25, 0]}, {"Target": "Parameter", "Id": "ParamPositionX", "Segments": [0, 0, 0, 2.25, 0]}, {"Target": "Parameter", "Id": "ParamPositionY", "Segments": [0, 0, 0, 2.25, 0]}, {"Target": "Parameter", "Id": "ParamRotationZ", "Segments": [0, 0, 0, 2.25, 0]}, {"Target": "Parameter", "Id": "ParamEyeballX", "Segments": [0, 0, 0, 2.25, 0]}, {"Target": "Parameter", "Id": "ParamUpperBody", "Segments": [0, 0, 0, 2.25, 0]}, {"Target": "Parameter", "Id": "ParamBreath", "Segments": [0, 0, 0, 2.25, 0]}, {"Target": "Parameter", "Id": "ParamLegLZ", "Segments": [0, 0, 0, 2.25, 0]}, {"Target": "Parameter", "Id": "ParamLegRZ", "Segments": [0, 1, 0, 2.25, 1]}, {"Target": "Parameter", "Id": "ParamArmR6", "Segments": [0, 1, 0, 2.25, 1]}, {"Target": "Parameter", "Id": "ParamArmR7", "Segments": [0, -4, 0, 2.25, -4]}, {"Target": "Parameter", "Id": "ParamArmR9", "Segments": [0, 0.9, 0, 2.25, 0.9]}, {"Target": "Parameter", "Id": "ParamHandRA", "Segments": [0, 0, 0, 2.25, 0]}, {"Target": "Parameter", "Id": "ParamHandRB", "Segments": [0, 0, 0, 2.25, 0]}, {"Target": "Parameter", "Id": "ParamHandRC", "Segments": [0, 0, 0, 2.25, 0]}, {"Target": "Parameter", "Id": "ParamHandRD", "Segments": [0, 0, 0, 2.25, 0]}, {"Target": "Parameter", "Id": "ParamHandRE", "Segments": [0, 0, 0, 2.25, 0]}, {"Target": "Parameter", "Id": "ParamHandRF", "Segments": [0, 1, 0, 2.25, 1]}, {"Target": "Parameter", "Id": "ParamHandRG", "Segments": [0, 0, 0, 2.25, 0]}, {"Target": "Parameter", "Id": "ParamHandRH", "Segments": [0, 0, 0, 2.25, 0]}, {"Target": "Parameter", "Id": "ParamHandRI", "Segments": [0, 0, 0, 2.25, 0]}, {"Target": "Parameter", "Id": "ParamHandRJ", "Segments": [0, 0, 0, 2.25, 0]}, {"Target": "Parameter", "Id": "ParamHandRK", "Segments": [0, 0, 0, 2.25, 0]}, {"Target": "Parameter", "Id": "ParamArmL6", "Segments": [0, 1, 0, 2.25, 1]}, {"Target": "Parameter", "Id": "ParamArmL7", "Segments": [0, -4, 0, 2.25, -4]}, {"Target": "Parameter", "Id": "ParamArmL9", "Segments": [0, 0.9, 0, 2.25, 0.9]}, {"Target": "Parameter", "Id": "ParamHandLA", "Segments": [0, 0, 0, 2.25, 0]}, {"Target": "Parameter", "Id": "ParamHandLB", "Segments": [0, 0, 0, 2.25, 0]}, {"Target": "Parameter", "Id": "ParamHandLC", "Segments": [0, 0, 0, 2.25, 0]}, {"Target": "Parameter", "Id": "ParamHandLD", "Segments": [0, 0, 0, 2.25, 0]}, {"Target": "Parameter", "Id": "ParamHandLE", "Segments": [0, 0, 0, 2.25, 0]}, {"Target": "Parameter", "Id": "ParamHandLF", "Segments": [0, 0, 0, 2.25, 0]}, {"Target": "Parameter", "Id": "ParamHandLG", "Segments": [0, 0, 0, 2.25, 0]}, {"Target": "Parameter", "Id": "ParamHandLH", "Segments": [0, 0, 0, 2.25, 0]}, {"Target": "Parameter", "Id": "ParamHandLI", "Segments": [0, 0, 0, 2.25, 0]}, {"Target": "Parameter", "Id": "ParamHandLJ", "Segments": [0, 1, 0, 2.25, 1]}, {"Target": "Parameter", "Id": "ParamHandLK", "Segments": [0, 0, 0, 2.25, 0]}], "UserData": [{"Time": 0.183, "Value": "eyeblink,0.2,0.79,0.24"}]}