{"Version": 3, "Meta": {"Duration": 3.033, "Fps": 60.0, "Loop": true, "AreBeziersRestricted": true, "CurveCount": 60, "UserDataCount": 1, "TotalSegmentCount": 178, "TotalPointCount": 192, "TotalUserDataSize": 23}, "Curves": [{"Target": "Parameter", "Id": "ParamAngleY", "Segments": [0, 0, 0, 0.183, 0, 0, 0.567, 25, 1, 0.645, 25, 0.722, 25.042, 0.8, 20, 1, 0.894, 13.878, 0.989, -3.912, 1.083, -16, 1, 1.155, -25.244, 1.228, -30.0, 1.3, -30, 0, 2.133, 0, 2, 3.033, 0]}, {"Target": "Parameter", "Id": "ParamAngleZ", "Segments": [0, -15, 0, 0.183, -15, 0, 0.683, -20, 1, 0.816, -20, 0.95, -14.861, 1.083, -11, 1, 1.233, -6.656, 1.383, -6.0, 1.533, -6, 0, 2.183, -11, 2, 3.033, -11]}, {"Target": "Parameter", "Id": "ParamEyeROpen", "Segments": [0, 1, 0, 0.9, 1, 0, 1.267, 0, 2, 1.517, 0, 0, 1.867, 1, 2, 3.033, 1]}, {"Target": "Parameter", "Id": "ParamEyeLOpen", "Segments": [0, 1, 0, 0.9, 1, 0, 1.267, 0, 2, 1.517, 0, 0, 1.867, 1, 2, 3.033, 1]}, {"Target": "Parameter", "Id": "ParamBodyAngleX", "Segments": [0, 6, 0, 0.45, 2, 1, 0.6, 2, 0.75, 4.567, 0.9, 5, 1, 1.217, 5.913, 1.533, 6.0, 1.85, 6, 2, 3.033, 6]}, {"Target": "Parameter", "Id": "ParamBodyAngleY", "Segments": [0, 0, 0, 0.45, 4, 0, 0.9, -9, 0, 1.85, 0, 2, 3.033, 0]}, {"Target": "Parameter", "Id": "ParamUpperBodyZ", "Segments": [0, 6, 0, 0.45, 4, 0, 1.45, 7, 0, 1.85, 6, 2, 3.033, 6]}, {"Target": "Parameter", "Id": "ParamUpperBody", "Segments": [0, 0, 0, 0.45, 1, 0, 1.45, -1, 0, 1.85, 0, 2, 3.033, 0]}, {"Target": "Parameter", "Id": "ParamBreath", "Segments": [0, 0, 0, 0.45, 1, 0, 1.85, 0, 2, 3.033, 0]}, {"Target": "Parameter", "Id": "ParamShoulderR", "Segments": [0, 2, 0, 0.45, 10, 0, 0.9, -2, 0, 1.85, 2, 2, 3.033, 2]}, {"Target": "Parameter", "Id": "ParamArmR1", "Segments": [0, -44, 0, 0.45, -40, 0, 0.9, -44, 2, 1.85, -44, 2, 3.033, -44]}, {"Target": "Parameter", "Id": "ParamArmR2", "Segments": [0, 21, 0, 0.45, 23, 0, 0.9, 21, 2, 1.85, 21, 2, 3.033, 21]}, {"Target": "Parameter", "Id": "ParamArmR3", "Segments": [0, -23, 0, 0.45, -14, 0, 0.9, -28, 0, 1.85, -23, 2, 3.033, -23]}, {"Target": "Parameter", "Id": "ParamArmR8", "Segments": [0, -25, 0, 0.483, -13, 0, 0.967, -27, 2, 3.033, -27]}, {"Target": "Parameter", "Id": "ParamFingerR", "Segments": [0, 0, 0, 0.45, 6, 0, 1.183, -4, 0, 1.933, 0, 2, 3.033, 0]}, {"Target": "Parameter", "Id": "ParamShoulderL", "Segments": [0, 0, 0, 0.45, 10, 0, 0.9, -2, 0, 1.85, 0, 2, 3.033, 0]}, {"Target": "Parameter", "Id": "ParamArmL4", "Segments": [0, 0, 0, 0.45, 7, 0, 0.9, 0, 2, 3.033, 0]}, {"Target": "Parameter", "Id": "ParamFingerL", "Segments": [0, 0, 0, 0.483, -8, 0, 1.15, 4, 0, 2.033, 0, 2, 3.033, 0]}, {"Target": "Parameter", "Id": "ParamPositionX", "Segments": [0, 0, 0, 3.033, 0]}, {"Target": "Parameter", "Id": "ParamPositionY", "Segments": [0, 0, 0, 3.033, 0]}, {"Target": "Parameter", "Id": "ParamRotationZ", "Segments": [0, 0, 0, 3.033, 0]}, {"Target": "Parameter", "Id": "ParamAngleX", "Segments": [0, 0, 0, 3.033, 0]}, {"Target": "Parameter", "Id": "ParamBodyAngleZ", "Segments": [0, -2, 0, 3.033, -2]}, {"Target": "Parameter", "Id": "ParamLegLZ", "Segments": [0, 0, 0, 3.033, 0]}, {"Target": "Parameter", "Id": "ParamLegRZ", "Segments": [0, 1, 0, 3.033, 1]}, {"Target": "Parameter", "Id": "ParamArmR4", "Segments": [0, 5, 0, 3.033, 5]}, {"Target": "Parameter", "Id": "ParamArmR5", "Segments": [0, 3, 0, 3.033, 3]}, {"Target": "Parameter", "Id": "ParamArmR6", "Segments": [0, 1.1, 0, 3.033, 1.1]}, {"Target": "Parameter", "Id": "ParamArmR7", "Segments": [0, 0, 0, 3.033, 0]}, {"Target": "Parameter", "Id": "ParamArmR9", "Segments": [0, 0.7, 0, 3.033, 0.7]}, {"Target": "Parameter", "Id": "ParamHandRA", "Segments": [0, 0, 0, 3.033, 0]}, {"Target": "Parameter", "Id": "ParamHandRB", "Segments": [0, 0, 0, 3.033, 0]}, {"Target": "Parameter", "Id": "ParamHandRC", "Segments": [0, 0, 0, 3.033, 0]}, {"Target": "Parameter", "Id": "ParamHandRD", "Segments": [0, 1, 0, 3.033, 1]}, {"Target": "Parameter", "Id": "ParamHandRE", "Segments": [0, 0, 0, 3.033, 0]}, {"Target": "Parameter", "Id": "ParamHandRF", "Segments": [0, 0, 0, 3.033, 0]}, {"Target": "Parameter", "Id": "ParamHandRG", "Segments": [0, 0, 0, 3.033, 0]}, {"Target": "Parameter", "Id": "ParamHandRH", "Segments": [0, 0, 0, 3.033, 0]}, {"Target": "Parameter", "Id": "ParamHandRI", "Segments": [0, 0, 0, 3.033, 0]}, {"Target": "Parameter", "Id": "ParamHandRJ", "Segments": [0, 0, 0, 3.033, 0]}, {"Target": "Parameter", "Id": "ParamHandRK", "Segments": [0, 0, 0, 3.033, 0]}, {"Target": "Parameter", "Id": "ParamArmL1", "Segments": [0, -41, 0, 3.033, -41]}, {"Target": "Parameter", "Id": "ParamArmL2", "Segments": [0, 1, 0, 3.033, 1]}, {"Target": "Parameter", "Id": "ParamArmL3", "Segments": [0, 4, 0, 3.033, 4]}, {"Target": "Parameter", "Id": "ParamArmL5", "Segments": [0, 0, 0, 3.033, 0]}, {"Target": "Parameter", "Id": "ParamArmL6", "Segments": [0, 1, 0, 3.033, 1]}, {"Target": "Parameter", "Id": "ParamArmL7", "Segments": [0, 5, 0, 3.033, 5]}, {"Target": "Parameter", "Id": "ParamArmL8", "Segments": [0, -9, 0, 3.033, -9]}, {"Target": "Parameter", "Id": "ParamArmL9", "Segments": [0, -0.2, 0, 3.033, -0.2]}, {"Target": "Parameter", "Id": "ParamHandLA", "Segments": [0, 0, 0, 3.033, 0]}, {"Target": "Parameter", "Id": "ParamHandLB", "Segments": [0, 0, 0, 3.033, 0]}, {"Target": "Parameter", "Id": "ParamHandLC", "Segments": [0, 0, 0, 3.033, 0]}, {"Target": "Parameter", "Id": "ParamHandLD", "Segments": [0, 0, 0, 3.033, 0]}, {"Target": "Parameter", "Id": "ParamHandLE", "Segments": [0, 0, 0, 3.033, 0]}, {"Target": "Parameter", "Id": "ParamHandLF", "Segments": [0, 0, 0, 3.033, 0]}, {"Target": "Parameter", "Id": "ParamHandLG", "Segments": [0, 1, 0, 3.033, 1]}, {"Target": "Parameter", "Id": "ParamHandLH", "Segments": [0, 0, 0, 3.033, 0]}, {"Target": "Parameter", "Id": "ParamHandLI", "Segments": [0, 0, 0, 3.033, 0]}, {"Target": "Parameter", "Id": "ParamHandLJ", "Segments": [0, 0, 0, 3.033, 0]}, {"Target": "Parameter", "Id": "ParamHandLK", "Segments": [0, 0, 0, 3.033, 0]}], "UserData": [{"Time": 0.9, "Value": "eyeblink,0.36,0.25,0.35"}]}