{
  "Version": 3,
  "Meta": {
    "Duration": 12.8,
    "Fps": 30.0,
    "Loop": true,
    "AreBeziersRestricted": true,
    "CurveCount": 134,
    "TotalSegmentCount": 814,
    "TotalPointCount": 1284,
    "UserDataCount": 1,
    "TotalUserDataSize": 0
  },
  "Curves": [
    {
      "Target": "Parameter",
      "Id": "ParamAngleX",
      "Segments": [
        0,
        0,
        0,
        0.833,
        2.94,
        0,
        2.433,
        -4.177,
        1,
        2.689,
        -4.177,
        2.944,
        -2.167,
        3.2,
        0,
        1,
        3.478,
        2.356,
        3.755,
        2.94,
        4.033,
        2.94,
        0,
        5.633,
        -4.177,
        1,
        5.889,
        -4.177,
        6.144,
        -1.329,
        6.4,
        0,
        1,
        6.678,
        1.445,
        6.955,
        1.778,
        7.233,
        2.94,
        1,
        7.344,
        3.405,
        7.456,
        4.251,
        7.567,
        4.251,
        0,
        9.6,
        0,
        0,
        10.433,
        2.94,
        0,
        12.033,
        -4.177,
        0,
        12.8,
        0
      ]
    },
    {
      "Target": "Parameter",
      "Id": "ParamAngleY",
      "Segments": [
        0,
        0,
        0,
        0.867,
        -1.68,
        0,
        2.467,
        1.801,
        1,
        2.711,
        1.801,
        2.956,
        1.049,
        3.2,
        0,
        1,
        3.489,
        -1.24,
        3.778,
        -1.68,
        4.067,
        -1.68,
        0,
        5.667,
        1.801,
        0,
        6.4,
        0,
        0,
        7.267,
        8,
        0,
        7.7,
        -5.752,
        1,
        7.811,
        -5.752,
        7.922,
        -5.06,
        8.033,
        -4.4,
        1,
        8.555,
        -1.3,
        9.078,
        0,
        9.6,
        0,
        0,
        10.467,
        -1.68,
        0,
        12.067,
        1.801,
        0,
        12.8,
        0
      ]
    },
    {
      "Target": "Parameter",
      "Id": "ParamAngleZ",
      "Segments": [
        0,
        14.4,
        0,
        0.8,
        15.918,
        0,
        2.4,
        12.245,
        1,
        2.667,
        12.245,
        2.933,
        13.213,
        3.2,
        14.4,
        1,
        3.467,
        15.587,
        3.733,
        15.918,
        4,
        15.918,
        0,
        5.6,
        12.245,
        1,
        6.056,
        12.245,
        6.511,
        12.245,
        6.967,
        12.783,
        1,
        7.211,
        13.071,
        7.456,
        23.483,
        7.7,
        27.271,
        1,
        7.756,
        28.132,
        7.811,
        27.951,
        7.867,
        27.951,
        0,
        8.833,
        27.271,
        0,
        9.167,
        29.951,
        0,
        9.8,
        14.4,
        0,
        10.4,
        15.918,
        0,
        12,
        12.245,
        0,
        12.8,
        14.4
      ]
    },
    {
      "Target": "Parameter",
      "Id": "Param",
      "Segments": [
        0,
        6.54,
        0,
        0.767,
        7.855,
        0,
        2.367,
        5.16,
        1,
        2.645,
        5.16,
        2.922,
        5.605,
        3.2,
        6.54,
        1,
        3.456,
        7.401,
        3.711,
        7.855,
        3.967,
        7.855,
        0,
        5.567,
        5.16,
        1,
        5.845,
        5.16,
        6.122,
        5.605,
        6.4,
        6.54,
        1,
        6.656,
        7.401,
        6.911,
        7.855,
        7.167,
        7.855,
        1,
        7.278,
        7.855,
        7.389,
        6.517,
        7.5,
        5.16,
        1,
        7.722,
        2.446,
        7.945,
        1.525,
        8.167,
        1.525,
        2,
        9.133,
        1.525,
        1,
        9.333,
        1.525,
        9.533,
        3.265,
        9.733,
        3.783,
        1,
        9.989,
        4.445,
        10.244,
        5.082,
        10.5,
        5.098,
        1,
        10.989,
        5.129,
        11.478,
        5.128,
        11.967,
        5.16,
        1,
        12.245,
        5.178,
        12.522,
        6.54,
        12.8,
        6.54
      ]
    },
    {
      "Target": "Parameter",
      "Id": "ParamEyeROpen",
      "Segments": [
        0,
        0,
        2,
        0.733,
        0,
        0,
        1.067,
        1,
        0,
        1.3,
        0,
        2,
        3.2,
        0,
        2,
        6.133,
        0,
        0,
        6.5,
        0.048,
        2,
        7.267,
        0.048,
        0,
        7.567,
        1,
        2,
        8.167,
        1,
        2,
        9.033,
        1,
        0,
        9.6,
        0,
        2,
        12.8,
        0
      ]
    },
    {
      "Target": "Parameter",
      "Id": "ParamEyeRSmile",
      "Segments": [
        0,
        0,
        2,
        0.733,
        0,
        2,
        3.2,
        0,
        2,
        6.4,
        0,
        2,
        7.233,
        0,
        0,
        7.7,
        1,
        2,
        9.333,
        1,
        0,
        9.6,
        0,
        2,
        12.8,
        0
      ]
    },
    {
      "Target": "Parameter",
      "Id": "ParamEyeLOpen",
      "Segments": [
        0,
        1,
        2,
        0.733,
        1,
        0,
        1.067,
        0,
        0,
        1.3,
        1,
        2,
        3.2,
        1,
        2,
        6.133,
        1,
        0,
        6.5,
        0.952,
        2,
        7.267,
        0.952,
        0,
        7.633,
        1,
        2,
        9.6,
        1,
        2,
        12.8,
        1
      ]
    },
    {
      "Target": "Parameter",
      "Id": "ParamBrowRForm",
      "Segments": [
        0,
        0,
        2,
        6.133,
        0,
        0,
        6.5,
        0.454,
        1,
        6.867,
        0.454,
        7.233,
        0.468,
        7.6,
        0.428,
        1,
        8.267,
        0.354,
        8.933,
        0,
        9.6,
        0,
        2,
        12.8,
        0
      ]
    },
    {
      "Target": "Parameter",
      "Id": "ParamBrowLForm",
      "Segments": [
        0,
        0,
        2,
        6.133,
        0,
        0,
        6.5,
        0.454,
        1,
        6.867,
        0.454,
        7.233,
        0.468,
        7.6,
        0.428,
        1,
        8.267,
        0.354,
        8.933,
        0,
        9.6,
        0,
        2,
        12.8,
        0
      ]
    },
    {
      "Target": "Parameter",
      "Id": "ParamMouthForm",
      "Segments": [
        0,
        0,
        2,
        3.2,
        0,
        2,
        6.4,
        0,
        2,
        7.067,
        0,
        2,
        7.433,
        0,
        0,
        7.567,
        -0.4,
        2,
        8.367,
        -0.4,
        2,
        9.133,
        -0.4,
        0,
        9.6,
        0,
        2,
        12.8,
        0
      ]
    },
    {
      "Target": "Parameter",
      "Id": "ParamMouthOpenY",
      "Segments": [
        0,
        0,
        2,
        5.967,
        0,
        1,
        6.156,
        0,
        6.344,
        0.343,
        6.533,
        0.774,
        1,
        6.622,
        0.977,
        6.711,
        1,
        6.8,
        1,
        2,
        7.3,
        1,
        0,
        7.7,
        0,
        2,
        12.8,
        0
      ]
    },
    {
      "Target": "Parameter",
      "Id": "ParamBodyAngleX",
      "Segments": [
        0,
        0,
        0,
        0.833,
        0.62,
        0,
        2.433,
        -0.919,
        1,
        2.689,
        -0.919,
        2.944,
        -0.465,
        3.2,
        0,
        1,
        3.478,
        0.505,
        3.755,
        0.62,
        4.033,
        0.62,
        0,
        5.633,
        -0.919,
        1,
        5.889,
        -0.919,
        6.144,
        -0.465,
        6.4,
        0,
        1,
        6.678,
        0.505,
        6.955,
        0.62,
        7.233,
        0.62,
        0,
        8.833,
        -0.919,
        1,
        9.089,
        -0.919,
        9.344,
        -0.465,
        9.6,
        0,
        1,
        9.878,
        0.505,
        10.155,
        0.62,
        10.433,
        0.62,
        0,
        12.033,
        -0.919,
        0,
        12.8,
        0
      ]
    },
    {
      "Target": "Parameter",
      "Id": "ParamBodyAngleY",
      "Segments": [
        0,
        0,
        0,
        0.867,
        -1.3,
        0,
        2.467,
        0.963,
        1,
        2.711,
        0.963,
        2.956,
        0.688,
        3.2,
        0,
        1,
        3.489,
        -0.814,
        3.778,
        -1.3,
        4.067,
        -1.3,
        0,
        5.667,
        0.963,
        1,
        5.911,
        0.963,
        6.156,
        0.688,
        6.4,
        0,
        1,
        6.689,
        -0.814,
        6.978,
        -1.3,
        7.267,
        -1.3,
        0,
        8.867,
        0.963,
        1,
        9.111,
        0.963,
        9.356,
        0.688,
        9.6,
        0,
        1,
        9.889,
        -0.814,
        10.178,
        -1.3,
        10.467,
        -1.3,
        0,
        12.067,
        0.963,
        0,
        12.8,
        0
      ]
    },
    {
      "Target": "Parameter",
      "Id": "Param2",
      "Segments": [
        0,
        0,
        0,
        0.833,
        0.42,
        0,
        2.433,
        -0.431,
        1,
        2.689,
        -0.431,
        2.944,
        -0.271,
        3.2,
        0,
        1,
        3.478,
        0.295,
        3.755,
        0.42,
        4.033,
        0.42,
        0,
        5.633,
        -0.431,
        1,
        5.889,
        -0.431,
        6.144,
        -0.325,
        6.4,
        0,
        1,
        6.556,
        0.198,
        6.711,
        0.378,
        6.867,
        0.378,
        1,
        7.067,
        0.378,
        7.267,
        0.195,
        7.467,
        0.038,
        1,
        7.922,
        -0.317,
        8.378,
        -0.431,
        8.833,
        -0.431,
        1,
        9.089,
        -0.431,
        9.344,
        -0.271,
        9.6,
        0,
        1,
        9.878,
        0.295,
        10.155,
        0.42,
        10.433,
        0.42,
        0,
        12.033,
        -0.431,
        0,
        12.8,
        0
      ]
    },
    {
      "Target": "Parameter",
      "Id": "ParamBodyAngleZ",
      "Segments": [
        0,
        0,
        0,
        0.8,
        0.55,
        0,
        2.4,
        -0.207,
        1,
        2.667,
        -0.207,
        2.933,
        -0.201,
        3.2,
        0,
        1,
        3.467,
        0.201,
        3.733,
        0.55,
        4,
        0.55,
        0,
        5.6,
        -0.207,
        1,
        5.867,
        -0.207,
        6.133,
        -0.201,
        6.4,
        0,
        1,
        6.667,
        0.201,
        6.933,
        0.55,
        7.2,
        0.55,
        0,
        8.8,
        -0.207,
        1,
        9.067,
        -0.207,
        9.333,
        -0.201,
        9.6,
        0,
        1,
        9.867,
        0.201,
        10.133,
        0.55,
        10.4,
        0.55,
        0,
        12,
        -0.207,
        0,
        12.8,
        0
      ]
    },
    {
      "Target": "Parameter",
      "Id": "Param114",
      "Segments": [
        0,
        0,
        2,
        3.2,
        0,
        2,
        6.4,
        0,
        1,
        6.556,
        0,
        6.711,
        -0.01,
        6.867,
        -0.168,
        1,
        6.934,
        -0.235,
        7,
        -4.166,
        7.067,
        -4.166,
        0,
        7.633,
        4.838,
        1,
        7.889,
        4.838,
        8.144,
        4.526,
        8.4,
        4.092,
        1,
        8.622,
        3.715,
        8.845,
        3.664,
        9.067,
        3.106,
        1,
        9.245,
        2.66,
        9.422,
        -2.776,
        9.6,
        -2.776,
        0,
        10.033,
        0,
        2,
        12.8,
        0
      ]
    },
    {
      "Target": "Parameter",
      "Id": "ParamBreath",
      "Segments": [
        0,
        0,
        0,
        1.6,
        0.4,
        0,
        3.2,
        0,
        0,
        4.8,
        0.4,
        0,
        6.4,
        0,
        0,
        8,
        0.4,
        0,
        9.6,
        0,
        0,
        11.2,
        0.4,
        0,
        12.8,
        0
      ]
    },
    {
      "Target": "Parameter",
      "Id": "Param97",
      "Segments": [
        0,
        0,
        0,
        0.8,
        -10.62,
        0,
        2.4,
        5.7,
        1,
        2.667,
        5.7,
        2.933,
        4.906,
        3.2,
        0,
        1,
        3.467,
        -4.906,
        3.733,
        -10.62,
        4,
        -10.62,
        0,
        5.6,
        5.7,
        1,
        5.867,
        5.7,
        6.133,
        4.906,
        6.4,
        0,
        1,
        6.667,
        -4.906,
        6.933,
        -10.62,
        7.2,
        -10.62,
        0,
        8.8,
        5.7,
        1,
        9.067,
        5.7,
        9.333,
        4.906,
        9.6,
        0,
        1,
        9.867,
        -4.906,
        10.133,
        -10.62,
        10.4,
        -10.62,
        0,
        12,
        5.7,
        0,
        12.8,
        0
      ]
    },
    {
      "Target": "Parameter",
      "Id": "Param3",
      "Segments": [
        0,
        0,
        0,
        1.4,
        0.66,
        0,
        3.2,
        0,
        0,
        4.6,
        0.66,
        0,
        6.4,
        0,
        0,
        7.8,
        0.66,
        0,
        9.6,
        0,
        0,
        11,
        0.66,
        0,
        12.8,
        0
      ]
    },
    {
      "Target": "Parameter",
      "Id": "Param89",
      "Segments": [
        0,
        0,
        0,
        1.433,
        -1.38,
        0,
        3.2,
        0,
        0,
        4.633,
        -1.38,
        0,
        6.4,
        0,
        0,
        7.833,
        -1.38,
        0,
        9.6,
        0,
        0,
        11.033,
        -1.38,
        0,
        12.8,
        0
      ]
    },
    {
      "Target": "Parameter",
      "Id": "Param90",
      "Segments": [
        0,
        0,
        0,
        1.467,
        -1.48,
        0,
        3.2,
        0,
        0,
        4.667,
        -1.48,
        0,
        6.4,
        0,
        0,
        7.867,
        -1.48,
        0,
        9.6,
        0,
        0,
        11.067,
        -1.48,
        0,
        12.8,
        0
      ]
    },
    {
      "Target": "Parameter",
      "Id": "Param60",
      "Segments": [
        0,
        0,
        0,
        1.267,
        -3.336,
        0,
        3.067,
        -0.122,
        0,
        4.467,
        -3.336,
        0,
        6.267,
        -0.122,
        0,
        7.667,
        -3.336,
        0,
        9.467,
        -0.122,
        0,
        10.867,
        -3.336,
        0,
        12.8,
        0
      ]
    },
    {
      "Target": "Parameter",
      "Id": "Param99",
      "Segments": [
        0,
        0,
        1,
        0.044,
        0,
        0.089,
        0.077,
        0.133,
        0.1,
        1,
        0.466,
        0.269,
        0.8,
        0.334,
        1.133,
        0.334,
        0,
        2.5,
        -0.344,
        1,
        2.733,
        -0.344,
        2.967,
        -0.219,
        3.2,
        0,
        1,
        3.244,
        0.042,
        3.289,
        0.078,
        3.333,
        0.1,
        1,
        3.666,
        0.263,
        4,
        0.334,
        4.333,
        0.334,
        0,
        5.7,
        -0.344,
        1,
        5.933,
        -0.344,
        6.167,
        -0.219,
        6.4,
        0,
        1,
        6.444,
        0.042,
        6.489,
        0.078,
        6.533,
        0.1,
        1,
        6.866,
        0.263,
        7.2,
        0.334,
        7.533,
        0.334,
        0,
        8.9,
        -0.344,
        1,
        9.133,
        -0.344,
        9.367,
        -0.219,
        9.6,
        0,
        1,
        9.644,
        0.042,
        9.689,
        0.078,
        9.733,
        0.1,
        1,
        10.066,
        0.263,
        10.4,
        0.334,
        10.733,
        0.334,
        0,
        12.1,
        -0.344,
        0,
        12.8,
        0
      ]
    },
    {
      "Target": "Parameter",
      "Id": "Param98",
      "Segments": [
        0,
        0,
        1,
        0.067,
        0,
        0.133,
        0.062,
        0.2,
        0.115,
        1,
        0.522,
        0.367,
        0.845,
        0.471,
        1.167,
        0.471,
        0,
        2.533,
        -0.405,
        1,
        2.755,
        -0.405,
        2.978,
        -0.215,
        3.2,
        0,
        1,
        3.267,
        0.064,
        3.333,
        0.068,
        3.4,
        0.115,
        1,
        3.722,
        0.341,
        4.045,
        0.471,
        4.367,
        0.471,
        0,
        5.733,
        -0.405,
        1,
        5.955,
        -0.405,
        6.178,
        -0.215,
        6.4,
        0,
        1,
        6.467,
        0.064,
        6.533,
        0.068,
        6.6,
        0.115,
        1,
        6.922,
        0.341,
        7.245,
        0.471,
        7.567,
        0.471,
        0,
        8.933,
        -0.405,
        1,
        9.155,
        -0.405,
        9.378,
        -0.215,
        9.6,
        0,
        1,
        9.667,
        0.064,
        9.733,
        0.068,
        9.8,
        0.115,
        1,
        10.122,
        0.341,
        10.445,
        0.471,
        10.767,
        0.471,
        0,
        12.133,
        -0.405,
        0,
        12.8,
        0
      ]
    },
    {
      "Target": "Parameter",
      "Id": "Param92",
      "Segments": [
        0,
        0,
        1,
        0.089,
        0,
        0.178,
        0.075,
        0.267,
        0.321,
        1,
        0.578,
        1.179,
        0.889,
        1.665,
        1.2,
        1.665,
        0,
        2.567,
        -1.908,
        1,
        2.778,
        -1.908,
        2.989,
        -0.58,
        3.2,
        0,
        1,
        3.289,
        0.244,
        3.378,
        0.125,
        3.467,
        0.321,
        1,
        3.778,
        1.005,
        4.089,
        1.665,
        4.4,
        1.665,
        0,
        5.767,
        -1.908,
        1,
        5.978,
        -1.908,
        6.189,
        -0.58,
        6.4,
        0,
        1,
        6.489,
        0.244,
        6.578,
        0.125,
        6.667,
        0.321,
        1,
        6.978,
        1.005,
        7.289,
        1.665,
        7.6,
        1.665,
        0,
        8.967,
        -1.908,
        1,
        9.178,
        -1.908,
        9.389,
        -0.58,
        9.6,
        0,
        1,
        9.689,
        0.244,
        9.778,
        0.125,
        9.867,
        0.321,
        1,
        10.178,
        1.005,
        10.489,
        1.665,
        10.8,
        1.665,
        0,
        12.167,
        -1.908,
        0,
        12.8,
        0
      ]
    },
    {
      "Target": "Parameter",
      "Id": "Param93",
      "Segments": [
        0,
        0,
        1,
        0.111,
        0,
        0.222,
        -0.181,
        0.333,
        0.666,
        1,
        0.633,
        2.951,
        0.933,
        5.88,
        1.233,
        5.88,
        0,
        2.6,
        -1.534,
        1,
        2.8,
        -1.534,
        3,
        -0.656,
        3.2,
        0,
        1,
        3.311,
        0.364,
        3.422,
        0.109,
        3.533,
        0.666,
        1,
        3.833,
        2.168,
        4.133,
        5.88,
        4.433,
        5.88,
        0,
        5.8,
        -1.534,
        1,
        6,
        -1.534,
        6.2,
        -0.656,
        6.4,
        0,
        1,
        6.511,
        0.364,
        6.622,
        0.109,
        6.733,
        0.666,
        1,
        7.033,
        2.168,
        7.333,
        5.88,
        7.633,
        5.88,
        0,
        9,
        -1.534,
        1,
        9.2,
        -1.534,
        9.4,
        -0.656,
        9.6,
        0,
        1,
        9.711,
        0.364,
        9.822,
        0.109,
        9.933,
        0.666,
        1,
        10.233,
        2.168,
        10.533,
        5.88,
        10.833,
        5.88,
        0,
        12.2,
        -1.534,
        0,
        12.8,
        0
      ]
    },
    {
      "Target": "Parameter",
      "Id": "Param94",
      "Segments": [
        0,
        20,
        0,
        0.833,
        19.731,
        0,
        2.433,
        20.2,
        1,
        2.7,
        20.2,
        2.966,
        20.181,
        3.233,
        20.041,
        1,
        3.5,
        19.9,
        3.766,
        19.731,
        4.033,
        19.731,
        0,
        5.633,
        20.2,
        1,
        5.9,
        20.2,
        6.166,
        20.181,
        6.433,
        20.041,
        1,
        6.7,
        19.9,
        6.966,
        19.731,
        7.233,
        19.731,
        0,
        8.833,
        20.2,
        1,
        9.1,
        20.2,
        9.366,
        20.181,
        9.633,
        20.041,
        1,
        9.9,
        19.9,
        10.166,
        19.731,
        10.433,
        19.731,
        0,
        12.033,
        20.2,
        0,
        12.8,
        20
      ]
    },
    {
      "Target": "Parameter",
      "Id": "Param95",
      "Segments": [
        0,
        10,
        0,
        0.867,
        11.166,
        0,
        2.467,
        9.64,
        1,
        2.734,
        9.64,
        3,
        9.659,
        3.267,
        10.071,
        1,
        3.534,
        10.484,
        3.8,
        11.166,
        4.067,
        11.166,
        0,
        5.667,
        9.64,
        1,
        5.934,
        9.64,
        6.2,
        9.659,
        6.467,
        10.071,
        1,
        6.734,
        10.484,
        7,
        11.166,
        7.267,
        11.166,
        0,
        8.867,
        9.64,
        1,
        9.134,
        9.64,
        9.4,
        9.659,
        9.667,
        10.071,
        1,
        9.934,
        10.484,
        10.2,
        11.166,
        10.467,
        11.166,
        0,
        12.067,
        9.64,
        0,
        12.8,
        10
      ]
    },
    {
      "Target": "Parameter",
      "Id": "Param129",
      "Segments": [
        0,
        0,
        0,
        0.867,
        1.087,
        0,
        2.467,
        -0.802,
        1,
        2.711,
        -0.802,
        2.956,
        -0.646,
        3.2,
        -0.083,
        1,
        3.489,
        0.582,
        3.778,
        1.087,
        4.067,
        1.087,
        0,
        5.667,
        -0.802,
        1,
        5.911,
        -0.802,
        6.156,
        -0.646,
        6.4,
        -0.083,
        1,
        6.689,
        0.582,
        6.978,
        1.087,
        7.267,
        1.087,
        0,
        8.867,
        -0.802,
        1,
        9.111,
        -0.802,
        9.356,
        -0.646,
        9.6,
        -0.083,
        1,
        9.889,
        0.582,
        10.178,
        1.087,
        10.467,
        1.087,
        0,
        12.067,
        -0.802,
        0,
        12.8,
        0
      ]
    },
    {
      "Target": "Parameter",
      "Id": "Param77",
      "Segments": [
        0,
        0.21,
        0,
        0.8,
        4.74,
        0,
        2.4,
        -4.32,
        0,
        4,
        4.74,
        0,
        5.6,
        -4.32,
        1,
        5.867,
        -4.32,
        6.133,
        -2.81,
        6.4,
        0.21,
        1,
        6.667,
        3.23,
        6.933,
        4.74,
        7.2,
        4.74,
        0,
        8.8,
        -4.32,
        0,
        10.4,
        4.74,
        0,
        12,
        -4.32,
        0,
        12.8,
        0.21
      ]
    },
    {
      "Target": "Parameter",
      "Id": "Param78",
      "Segments": [
        0,
        -3.498,
        0,
        1.2,
        5.475,
        0,
        2.8,
        -5.16,
        0,
        4.4,
        5.475,
        0,
        6,
        -5.16,
        1,
        6.133,
        -5.16,
        6.267,
        -5.155,
        6.4,
        -3.498,
        1,
        6.8,
        1.471,
        7.2,
        5.475,
        7.6,
        5.475,
        0,
        9.2,
        -5.16,
        0,
        10.8,
        5.475,
        0,
        12.4,
        -5.16,
        0,
        12.8,
        -3.498
      ]
    },
    {
      "Target": "Parameter",
      "Id": "Param79",
      "Segments": [
        0,
        -3.305,
        0,
        1.6,
        2.082,
        0,
        3.2,
        -3.305,
        0,
        4.8,
        2.082,
        0,
        6.4,
        -3.305,
        0,
        8,
        2.082,
        0,
        9.6,
        -3.305,
        0,
        11.2,
        2.082,
        0,
        12.8,
        -3.305
      ]
    },
    {
      "Target": "Parameter",
      "Id": "Param80",
      "Segments": [
        0,
        -1.878,
        0,
        0.4,
        -3.036,
        0,
        2,
        4.374,
        0,
        3.6,
        -3.036,
        0,
        5.2,
        4.374,
        1,
        5.6,
        4.374,
        6,
        1.59,
        6.4,
        -1.878,
        1,
        6.533,
        -3.034,
        6.667,
        -3.036,
        6.8,
        -3.036,
        0,
        8.4,
        4.374,
        0,
        10,
        -3.036,
        0,
        11.6,
        4.374,
        0,
        12.8,
        -1.878
      ]
    },
    {
      "Target": "Parameter",
      "Id": "Param81",
      "Segments": [
        0,
        0.246,
        0,
        0.8,
        -2.568,
        0,
        2.4,
        3.06,
        0,
        4,
        -2.568,
        0,
        5.6,
        3.06,
        1,
        5.867,
        3.06,
        6.133,
        2.122,
        6.4,
        0.246,
        1,
        6.667,
        -1.63,
        6.933,
        -2.568,
        7.2,
        -2.568,
        0,
        8.8,
        3.06,
        0,
        10.4,
        -2.568,
        0,
        12,
        3.06,
        0,
        12.8,
        0.246
      ]
    },
    {
      "Target": "Parameter",
      "Id": "Param82",
      "Segments": [
        0,
        1.348,
        0,
        1.2,
        -2.61,
        0,
        2.833,
        1.984,
        0,
        4.4,
        -2.61,
        0,
        6.033,
        1.984,
        1,
        6.155,
        1.984,
        6.278,
        2.013,
        6.4,
        1.348,
        1,
        6.8,
        -0.83,
        7.2,
        -2.61,
        7.6,
        -2.61,
        0,
        9.233,
        1.984,
        0,
        10.8,
        -2.61,
        0,
        12.433,
        1.984,
        0,
        12.8,
        1.348
      ]
    },
    {
      "Target": "Parameter",
      "Id": "Param83",
      "Segments": [
        0,
        5.479,
        0,
        1.6,
        -5.592,
        0,
        3.2,
        5.479,
        0,
        4.8,
        -5.592,
        0,
        6.4,
        5.479,
        0,
        8,
        -5.592,
        0,
        9.6,
        5.479,
        0,
        11.2,
        -5.592,
        0,
        12.8,
        5.479
      ]
    },
    {
      "Target": "Parameter",
      "Id": "Param85",
      "Segments": [
        0,
        0,
        0,
        1.6,
        -9,
        0,
        3.2,
        0,
        0,
        4.8,
        -9,
        0,
        6.4,
        0,
        0,
        8,
        -9,
        0,
        9.6,
        0,
        0,
        11.2,
        -9,
        0,
        12.8,
        0
      ]
    },
    {
      "Target": "Parameter",
      "Id": "Param88",
      "Segments": [
        0,
        0,
        0,
        1.6,
        -13.5,
        0,
        3.2,
        0,
        0,
        4.8,
        -13.5,
        0,
        6.4,
        0,
        0,
        8,
        -13.5,
        0,
        9.6,
        0,
        0,
        11.2,
        -13.5,
        0,
        12.8,
        0
      ]
    },
    {
      "Target": "Parameter",
      "Id": "Param86",
      "Segments": [
        0,
        0,
        0,
        1.6,
        -8.58,
        0,
        3.2,
        0,
        0,
        4.8,
        -8.58,
        0,
        6.4,
        0,
        0,
        8,
        -8.58,
        0,
        9.6,
        0,
        0,
        11.2,
        -8.58,
        0,
        12.8,
        0
      ]
    },
    {
      "Target": "Parameter",
      "Id": "Param87",
      "Segments": [
        0,
        0,
        0,
        1.6,
        -8.64,
        0,
        3.2,
        0,
        0,
        4.8,
        -8.64,
        0,
        6.4,
        0,
        0,
        8,
        -8.64,
        0,
        9.6,
        0,
        0,
        11.2,
        -8.64,
        0,
        12.8,
        0
      ]
    },
    {
      "Target": "Parameter",
      "Id": "Param84",
      "Segments": [
        0,
        0,
        0,
        1.6,
        21,
        0,
        3.2,
        0,
        0,
        4.8,
        21,
        0,
        6.4,
        0,
        0,
        8,
        21,
        0,
        9.6,
        0,
        0,
        11.2,
        21,
        0,
        12.8,
        0
      ]
    },
    {
      "Target": "Parameter",
      "Id": "ParamHairFront",
      "Segments": [
        0,
        0,
        0,
        1.6,
        15.54,
        0,
        3.2,
        0,
        0,
        4.8,
        15.54,
        0,
        6.4,
        0,
        0,
        8,
        15.54,
        0,
        9.6,
        0,
        0,
        11.2,
        15.54,
        0,
        12.8,
        0
      ]
    },
    {
      "Target": "Parameter",
      "Id": "Param43",
      "Segments": [
        0,
        0,
        0,
        0.8,
        -12.6,
        0,
        2.4,
        14.433,
        1,
        2.667,
        14.433,
        2.933,
        8.964,
        3.2,
        0,
        1,
        3.467,
        -8.964,
        3.733,
        -12.6,
        4,
        -12.6,
        0,
        5.6,
        14.433,
        1,
        5.867,
        14.433,
        6.133,
        8.964,
        6.4,
        0,
        1,
        6.667,
        -8.964,
        6.933,
        -12.6,
        7.2,
        -12.6,
        0,
        8.8,
        14.433,
        1,
        9.067,
        14.433,
        9.333,
        8.964,
        9.6,
        0,
        1,
        9.867,
        -8.964,
        10.133,
        -12.6,
        10.4,
        -12.6,
        0,
        12,
        14.433,
        0,
        12.8,
        0
      ]
    },
    {
      "Target": "Parameter",
      "Id": "Param44",
      "Segments": [
        0,
        0,
        0,
        1.6,
        24.48,
        0,
        3.2,
        0,
        0,
        4.8,
        24.48,
        0,
        6.4,
        0,
        0,
        8,
        24.48,
        0,
        9.6,
        0,
        0,
        11.2,
        24.48,
        0,
        12.8,
        0
      ]
    },
    {
      "Target": "Parameter",
      "Id": "Param45",
      "Segments": [
        0,
        0,
        0,
        0.8,
        -13.5,
        0,
        2.4,
        14.077,
        1,
        2.667,
        14.077,
        2.933,
        9.188,
        3.2,
        0,
        1,
        3.467,
        -9.188,
        3.733,
        -13.5,
        4,
        -13.5,
        0,
        5.6,
        14.077,
        1,
        5.867,
        14.077,
        6.133,
        9.188,
        6.4,
        0,
        1,
        6.667,
        -9.188,
        6.933,
        -13.5,
        7.2,
        -13.5,
        0,
        8.8,
        14.077,
        1,
        9.067,
        14.077,
        9.333,
        9.188,
        9.6,
        0,
        1,
        9.867,
        -9.188,
        10.133,
        -13.5,
        10.4,
        -13.5,
        0,
        12,
        14.077,
        0,
        12.8,
        0
      ]
    },
    {
      "Target": "Parameter",
      "Id": "Param46",
      "Segments": [
        0,
        0,
        0,
        1.6,
        13.86,
        0,
        3.2,
        0,
        0,
        4.8,
        13.86,
        0,
        6.4,
        0,
        0,
        8,
        13.86,
        0,
        9.6,
        0,
        0,
        11.2,
        13.86,
        0,
        12.8,
        0
      ]
    },
    {
      "Target": "Parameter",
      "Id": "Param47",
      "Segments": [
        0,
        0,
        0,
        0.8,
        -16.98,
        0,
        2.4,
        13.234,
        1,
        2.667,
        13.234,
        2.933,
        9.893,
        3.2,
        0,
        1,
        3.467,
        -9.893,
        3.733,
        -16.98,
        4,
        -16.98,
        0,
        5.6,
        13.234,
        1,
        5.867,
        13.234,
        6.133,
        9.893,
        6.4,
        0,
        1,
        6.667,
        -9.893,
        6.933,
        -16.98,
        7.2,
        -16.98,
        0,
        8.8,
        13.234,
        1,
        9.067,
        13.234,
        9.333,
        9.893,
        9.6,
        0,
        1,
        9.867,
        -9.893,
        10.133,
        -16.98,
        10.4,
        -16.98,
        0,
        12,
        13.234,
        0,
        12.8,
        0
      ]
    },
    {
      "Target": "Parameter",
      "Id": "Param48",
      "Segments": [
        0,
        0,
        0,
        1.6,
        -21.06,
        0,
        3.2,
        0,
        0,
        4.8,
        -21.06,
        0,
        6.4,
        0,
        0,
        8,
        -21.06,
        0,
        9.6,
        0,
        0,
        11.2,
        -21.06,
        0,
        12.8,
        0
      ]
    },
    {
      "Target": "Parameter",
      "Id": "Param49",
      "Segments": [
        0,
        0,
        0,
        0.8,
        15.84,
        0,
        2.4,
        -13.83,
        1,
        2.667,
        -13.83,
        2.933,
        -9.838,
        3.2,
        0,
        1,
        3.467,
        9.838,
        3.733,
        15.84,
        4,
        15.84,
        0,
        5.6,
        -13.83,
        1,
        5.867,
        -13.83,
        6.133,
        -9.838,
        6.4,
        0,
        1,
        6.667,
        9.838,
        6.933,
        15.84,
        7.2,
        15.84,
        0,
        8.8,
        -13.83,
        1,
        9.067,
        -13.83,
        9.333,
        -9.838,
        9.6,
        0,
        1,
        9.867,
        9.838,
        10.133,
        15.84,
        10.4,
        15.84,
        0,
        12,
        -13.83,
        0,
        12.8,
        0
      ]
    },
    {
      "Target": "Parameter",
      "Id": "Param52",
      "Segments": [
        0,
        0,
        0,
        1.6,
        16.62,
        0,
        3.2,
        0,
        0,
        4.8,
        16.62,
        0,
        6.4,
        0,
        0,
        8,
        16.62,
        0,
        9.6,
        0,
        0,
        11.2,
        16.62,
        0,
        12.8,
        0
      ]
    },
    {
      "Target": "Parameter",
      "Id": "Param53",
      "Segments": [
        0,
        0,
        0,
        0.8,
        -30,
        0,
        2.4,
        30,
        1,
        2.667,
        30,
        2.933,
        20,
        3.2,
        0,
        1,
        3.467,
        -20,
        3.733,
        -30,
        4,
        -30,
        0,
        5.6,
        30,
        1,
        5.867,
        30,
        6.133,
        20,
        6.4,
        0,
        1,
        6.667,
        -20,
        6.933,
        -30,
        7.2,
        -30,
        0,
        8.8,
        30,
        1,
        9.067,
        30,
        9.333,
        20,
        9.6,
        0,
        1,
        9.867,
        -20,
        10.133,
        -30,
        10.4,
        -30,
        0,
        12,
        30,
        0,
        12.8,
        0
      ]
    },
    {
      "Target": "Parameter",
      "Id": "Param54",
      "Segments": [
        0,
        0,
        0,
        1.6,
        20.64,
        0,
        3.2,
        0,
        0,
        4.8,
        20.64,
        0,
        6.4,
        0,
        0,
        8,
        20.64,
        0,
        9.6,
        0,
        0,
        11.2,
        20.64,
        0,
        12.8,
        0
      ]
    },
    {
      "Target": "Parameter",
      "Id": "Param55",
      "Segments": [
        0,
        0,
        0,
        0.8,
        -13.38,
        0,
        2.4,
        13.448,
        1,
        2.667,
        13.448,
        2.933,
        8.943,
        3.2,
        0,
        1,
        3.467,
        -8.943,
        3.733,
        -13.38,
        4,
        -13.38,
        0,
        5.6,
        13.448,
        1,
        5.867,
        13.448,
        6.133,
        8.943,
        6.4,
        0,
        1,
        6.667,
        -8.943,
        6.933,
        -13.38,
        7.2,
        -13.38,
        0,
        8.8,
        13.448,
        1,
        9.067,
        13.448,
        9.333,
        8.943,
        9.6,
        0,
        1,
        9.867,
        -8.943,
        10.133,
        -13.38,
        10.4,
        -13.38,
        0,
        12,
        13.448,
        0,
        12.8,
        0
      ]
    },
    {
      "Target": "Parameter",
      "Id": "Param56",
      "Segments": [
        0,
        0,
        0,
        1.6,
        29.04,
        0,
        3.2,
        0,
        0,
        4.8,
        29.04,
        0,
        6.4,
        0,
        0,
        8,
        29.04,
        0,
        9.6,
        0,
        0,
        11.2,
        29.04,
        0,
        12.8,
        0
      ]
    },
    {
      "Target": "Parameter",
      "Id": "Param57",
      "Segments": [
        0,
        0,
        0,
        0.8,
        -20.28,
        0,
        2.4,
        10.638,
        1,
        2.667,
        10.638,
        2.933,
        9.17,
        3.2,
        0,
        1,
        3.467,
        -9.17,
        3.733,
        -20.28,
        4,
        -20.28,
        0,
        5.6,
        10.638,
        1,
        5.867,
        10.638,
        6.133,
        9.17,
        6.4,
        0,
        1,
        6.667,
        -9.17,
        6.933,
        -20.28,
        7.2,
        -20.28,
        0,
        8.8,
        10.638,
        1,
        9.067,
        10.638,
        9.333,
        9.17,
        9.6,
        0,
        1,
        9.867,
        -9.17,
        10.133,
        -20.28,
        10.4,
        -20.28,
        0,
        12,
        10.638,
        0,
        12.8,
        0
      ]
    },
    {
      "Target": "Parameter",
      "Id": "Param50",
      "Segments": [
        0,
        0,
        0,
        1.6,
        20.16,
        0,
        3.2,
        0,
        0,
        4.8,
        20.16,
        0,
        6.4,
        0,
        0,
        8,
        20.16,
        0,
        9.6,
        0,
        0,
        11.2,
        20.16,
        0,
        12.8,
        0
      ]
    },
    {
      "Target": "Parameter",
      "Id": "Param51",
      "Segments": [
        0,
        0,
        0,
        0.8,
        -18.66,
        0,
        2.4,
        9.498,
        1,
        2.667,
        9.498,
        2.933,
        8.267,
        3.2,
        0,
        1,
        3.467,
        -8.267,
        3.733,
        -18.66,
        4,
        -18.66,
        0,
        5.6,
        9.498,
        1,
        5.867,
        9.498,
        6.133,
        8.267,
        6.4,
        0,
        1,
        6.667,
        -8.267,
        6.933,
        -18.66,
        7.2,
        -18.66,
        0,
        8.8,
        9.498,
        1,
        9.067,
        9.498,
        9.333,
        8.267,
        9.6,
        0,
        1,
        9.867,
        -8.267,
        10.133,
        -18.66,
        10.4,
        -18.66,
        0,
        12,
        9.498,
        0,
        12.8,
        0
      ]
    },
    {
      "Target": "Parameter",
      "Id": "Param58",
      "Segments": [
        0,
        0,
        0,
        1.6,
        -17.58,
        0,
        3.2,
        0,
        0,
        4.8,
        -17.58,
        0,
        6.4,
        0,
        0,
        8,
        -17.58,
        0,
        9.6,
        0,
        0,
        11.2,
        -17.58,
        0,
        12.8,
        0
      ]
    },
    {
      "Target": "Parameter",
      "Id": "Param73",
      "Segments": [
        0,
        0,
        0,
        1.6,
        -19.86,
        0,
        3.2,
        0,
        0,
        4.8,
        -19.86,
        0,
        6.4,
        0,
        0,
        8,
        -19.86,
        0,
        9.6,
        0,
        0,
        11.2,
        -19.86,
        0,
        12.8,
        0
      ]
    },
    {
      "Target": "Parameter",
      "Id": "Param74",
      "Segments": [
        0,
        0,
        0,
        0.8,
        3.6,
        0,
        2.4,
        -3.146,
        1,
        2.667,
        -3.146,
        2.933,
        -2.238,
        3.2,
        0,
        1,
        3.467,
        2.238,
        3.733,
        3.6,
        4,
        3.6,
        0,
        5.6,
        -3.146,
        1,
        5.867,
        -3.146,
        6.133,
        -2.238,
        6.4,
        0,
        1,
        6.667,
        2.238,
        6.933,
        3.6,
        7.2,
        3.6,
        0,
        8.8,
        -3.146,
        1,
        9.067,
        -3.146,
        9.333,
        -2.238,
        9.6,
        0,
        1,
        9.867,
        2.238,
        10.133,
        3.6,
        10.4,
        3.6,
        0,
        12,
        -3.146,
        0,
        12.8,
        0
      ]
    },
    {
      "Target": "Parameter",
      "Id": "Param61",
      "Segments": [
        0,
        0,
        0,
        1.6,
        -6.72,
        0,
        3.2,
        0,
        0,
        4.8,
        -6.72,
        0,
        6.4,
        0,
        0,
        8,
        -6.72,
        0,
        9.6,
        0,
        0,
        11.2,
        -6.72,
        0,
        12.8,
        0
      ]
    },
    {
      "Target": "Parameter",
      "Id": "Param62",
      "Segments": [
        0,
        0,
        0,
        0.8,
        9,
        0,
        2.4,
        -11.225,
        1,
        2.667,
        -11.225,
        2.933,
        -6.651,
        3.2,
        0,
        1,
        3.467,
        6.651,
        3.733,
        9,
        4,
        9,
        0,
        5.6,
        -11.225,
        1,
        5.867,
        -11.225,
        6.133,
        -6.651,
        6.4,
        0,
        1,
        6.667,
        6.651,
        6.933,
        9,
        7.2,
        9,
        0,
        8.8,
        -11.225,
        1,
        9.067,
        -11.225,
        9.333,
        -6.651,
        9.6,
        0,
        1,
        9.867,
        6.651,
        10.133,
        9,
        10.4,
        9,
        0,
        12,
        -11.225,
        0,
        12.8,
        0
      ]
    },
    {
      "Target": "Parameter",
      "Id": "Param63",
      "Segments": [
        0,
        0,
        0,
        1.6,
        -11.52,
        0,
        3.2,
        0,
        0,
        4.8,
        -11.52,
        0,
        6.4,
        0,
        0,
        8,
        -11.52,
        0,
        9.6,
        0,
        0,
        11.2,
        -11.52,
        0,
        12.8,
        0
      ]
    },
    {
      "Target": "Parameter",
      "Id": "Param64",
      "Segments": [
        0,
        0,
        0,
        0.8,
        10.86,
        0,
        2.4,
        -17.162,
        1,
        2.667,
        -17.162,
        2.933,
        -8.803,
        3.2,
        0,
        1,
        3.467,
        8.803,
        3.733,
        10.86,
        4,
        10.86,
        0,
        5.6,
        -17.162,
        1,
        5.867,
        -17.162,
        6.133,
        -8.803,
        6.4,
        0,
        1,
        6.667,
        8.803,
        6.933,
        10.86,
        7.2,
        10.86,
        0,
        8.8,
        -17.162,
        1,
        9.067,
        -17.162,
        9.333,
        -8.803,
        9.6,
        0,
        1,
        9.867,
        8.803,
        10.133,
        10.86,
        10.4,
        10.86,
        0,
        12,
        -17.162,
        0,
        12.8,
        0
      ]
    },
    {
      "Target": "Parameter",
      "Id": "Param65",
      "Segments": [
        0,
        0,
        0,
        1.6,
        -8.46,
        0,
        3.2,
        0,
        0,
        4.8,
        -8.46,
        0,
        6.4,
        0,
        0,
        8,
        -8.46,
        0,
        9.6,
        0,
        0,
        11.2,
        -8.46,
        0,
        12.8,
        0
      ]
    },
    {
      "Target": "Parameter",
      "Id": "Param66",
      "Segments": [
        0,
        0,
        0,
        0.8,
        9.6,
        0,
        2.4,
        -10.049,
        1,
        2.667,
        -10.049,
        2.933,
        -6.546,
        3.2,
        0,
        1,
        3.467,
        6.546,
        3.733,
        9.6,
        4,
        9.6,
        0,
        5.6,
        -10.049,
        1,
        5.867,
        -10.049,
        6.133,
        -6.546,
        6.4,
        0,
        1,
        6.667,
        6.546,
        6.933,
        9.6,
        7.2,
        9.6,
        0,
        8.8,
        -10.049,
        1,
        9.067,
        -10.049,
        9.333,
        -6.546,
        9.6,
        0,
        1,
        9.867,
        6.546,
        10.133,
        9.6,
        10.4,
        9.6,
        0,
        12,
        -10.049,
        0,
        12.8,
        0
      ]
    },
    {
      "Target": "Parameter",
      "Id": "Param67",
      "Segments": [
        0,
        0,
        0,
        1.6,
        15.96,
        0,
        3.2,
        0,
        0,
        4.8,
        15.96,
        0,
        6.4,
        0,
        0,
        8,
        15.96,
        0,
        9.6,
        0,
        0,
        11.2,
        15.96,
        0,
        12.8,
        0
      ]
    },
    {
      "Target": "Parameter",
      "Id": "Param68",
      "Segments": [
        0,
        0,
        0,
        0.8,
        -17.04,
        0,
        2.4,
        9.439,
        1,
        2.667,
        9.439,
        2.933,
        8.007,
        3.2,
        0,
        1,
        3.467,
        -8.007,
        3.733,
        -17.04,
        4,
        -17.04,
        0,
        5.6,
        9.439,
        1,
        5.867,
        9.439,
        6.133,
        8.007,
        6.4,
        0,
        1,
        6.667,
        -8.007,
        6.933,
        -17.04,
        7.2,
        -17.04,
        0,
        8.8,
        9.439,
        1,
        9.067,
        9.439,
        9.333,
        8.007,
        9.6,
        0,
        1,
        9.867,
        -8.007,
        10.133,
        -17.04,
        10.4,
        -17.04,
        0,
        12,
        9.439,
        0,
        12.8,
        0
      ]
    },
    {
      "Target": "Parameter",
      "Id": "Param69",
      "Segments": [
        0,
        0,
        0,
        1.6,
        8.04,
        0,
        3.2,
        0,
        0,
        4.8,
        8.04,
        0,
        6.4,
        0,
        0,
        8,
        8.04,
        0,
        9.6,
        0,
        0,
        11.2,
        8.04,
        0,
        12.8,
        0
      ]
    },
    {
      "Target": "Parameter",
      "Id": "Param70",
      "Segments": [
        0,
        0,
        0,
        0.8,
        -9.96,
        0,
        2.4,
        9.656,
        1,
        2.667,
        9.656,
        2.933,
        6.537,
        3.2,
        0,
        1,
        3.467,
        -6.537,
        3.733,
        -9.96,
        4,
        -9.96,
        0,
        5.6,
        9.656,
        1,
        5.867,
        9.656,
        6.133,
        6.537,
        6.4,
        0,
        1,
        6.667,
        -6.537,
        6.933,
        -9.96,
        7.2,
        -9.96,
        0,
        8.8,
        9.656,
        1,
        9.067,
        9.656,
        9.333,
        6.537,
        9.6,
        0,
        1,
        9.867,
        -6.537,
        10.133,
        -9.96,
        10.4,
        -9.96,
        0,
        12,
        9.656,
        0,
        12.8,
        0
      ]
    },
    {
      "Target": "Parameter",
      "Id": "Param71",
      "Segments": [
        0,
        0,
        0,
        1.6,
        6.78,
        0,
        3.2,
        0,
        0,
        4.8,
        6.78,
        0,
        6.4,
        0,
        0,
        8,
        6.78,
        0,
        9.6,
        0,
        0,
        11.2,
        6.78,
        0,
        12.8,
        0
      ]
    },
    {
      "Target": "Parameter",
      "Id": "Param72",
      "Segments": [
        0,
        0,
        0,
        0.8,
        -11.88,
        0,
        2.4,
        8.137,
        1,
        2.667,
        8.137,
        2.933,
        6.413,
        3.2,
        0,
        1,
        3.467,
        -6.413,
        3.733,
        -11.88,
        4,
        -11.88,
        0,
        5.6,
        8.137,
        1,
        5.867,
        8.137,
        6.133,
        6.413,
        6.4,
        0,
        1,
        6.667,
        -6.413,
        6.933,
        -11.88,
        7.2,
        -11.88,
        0,
        8.8,
        8.137,
        1,
        9.067,
        8.137,
        9.333,
        6.413,
        9.6,
        0,
        1,
        9.867,
        -6.413,
        10.133,
        -11.88,
        10.4,
        -11.88,
        0,
        12,
        8.137,
        0,
        12.8,
        0
      ]
    },
    {
      "Target": "Parameter",
      "Id": "Param75",
      "Segments": [
        0,
        0,
        0,
        1.6,
        7.608,
        0,
        3.2,
        0,
        0,
        4.8,
        7.608,
        0,
        6.4,
        0,
        0,
        8,
        7.608,
        0,
        9.6,
        0,
        0,
        11.2,
        7.608,
        0,
        12.8,
        0
      ]
    },
    {
      "Target": "Parameter",
      "Id": "Param76",
      "Segments": [
        0,
        0,
        0,
        0.8,
        -10.38,
        0,
        2.4,
        9.007,
        1,
        2.667,
        9.007,
        2.933,
        6.426,
        3.2,
        0,
        1,
        3.467,
        -6.426,
        3.733,
        -10.38,
        4,
        -10.38,
        0,
        5.6,
        9.007,
        1,
        5.867,
        9.007,
        6.133,
        6.426,
        6.4,
        0,
        1,
        6.667,
        -6.426,
        6.933,
        -10.38,
        7.2,
        -10.38,
        0,
        8.8,
        9.007,
        1,
        9.067,
        9.007,
        9.333,
        6.426,
        9.6,
        0,
        1,
        9.867,
        -6.426,
        10.133,
        -10.38,
        10.4,
        -10.38,
        0,
        12,
        9.007,
        0,
        12.8,
        0
      ]
    },
    {
      "Target": "Model",
      "Id": "Opacity",
      "Segments": [
        0,
        1,
        0,
        12.8,
        1
      ]
    },
    {
      "Target": "Model",
      "Id": "LipSync",
      "Segments": [
        0,
        0,
        0,
        12.8,
        0
      ]
    },
    {
      "Target": "Parameter",
      "Id": "Param131",
      "Segments": [
        0,
        0,
        0,
        12.8,
        0
      ]
    },
    {
      "Target": "Parameter",
      "Id": "Param132",
      "Segments": [
        0,
        0,
        0,
        12.8,
        0
      ]
    },
    {
      "Target": "Parameter",
      "Id": "Param133",
      "Segments": [
        0,
        0,
        0,
        12.8,
        0
      ]
    },
    {
      "Target": "Parameter",
      "Id": "Param134",
      "Segments": [
        0,
        0,
        0,
        12.8,
        0
      ]
    },
    {
      "Target": "Parameter",
      "Id": "Param135",
      "Segments": [
        0,
        0,
        0,
        12.8,
        0
      ]
    },
    {
      "Target": "Parameter",
      "Id": "Param136",
      "Segments": [
        0,
        0,
        0,
        12.8,
        0
      ]
    },
    {
      "Target": "Parameter",
      "Id": "Param137",
      "Segments": [
        0,
        0,
        0,
        12.8,
        0
      ]
    },
    {
      "Target": "Parameter",
      "Id": "Param138",
      "Segments": [
        0,
        0,
        0,
        12.8,
        0
      ]
    },
    {
      "Target": "Parameter",
      "Id": "Param139",
      "Segments": [
        0,
        0,
        0,
        12.8,
        0
      ]
    },
    {
      "Target": "Parameter",
      "Id": "Param140",
      "Segments": [
        0,
        0,
        0,
        12.8,
        0
      ]
    },
    {
      "Target": "Parameter",
      "Id": "ParamEyeLSmile",
      "Segments": [
        0,
        0,
        0,
        12.8,
        0
      ]
    },
    {
      "Target": "Parameter",
      "Id": "Param8",
      "Segments": [
        0,
        0,
        0,
        12.8,
        0
      ]
    },
    {
      "Target": "Parameter",
      "Id": "ParamEyeBallX",
      "Segments": [
        0,
        0,
        0,
        12.8,
        0
      ]
    },
    {
      "Target": "Parameter",
      "Id": "ParamEyeBallY",
      "Segments": [
        0,
        0,
        0,
        12.8,
        0
      ]
    },
    {
      "Target": "Parameter",
      "Id": "Param6",
      "Segments": [
        0,
        0,
        0,
        12.8,
        0
      ]
    },
    {
      "Target": "Parameter",
      "Id": "Param7",
      "Segments": [
        0,
        0,
        0,
        12.8,
        0
      ]
    },
    {
      "Target": "Parameter",
      "Id": "ParamBrowRY",
      "Segments": [
        0,
        0,
        0,
        12.8,
        0
      ]
    },
    {
      "Target": "Parameter",
      "Id": "ParamBrowRX",
      "Segments": [
        0,
        0,
        0,
        12.8,
        0
      ]
    },
    {
      "Target": "Parameter",
      "Id": "ParamBrowLY",
      "Segments": [
        0,
        0,
        0,
        12.8,
        0
      ]
    },
    {
      "Target": "Parameter",
      "Id": "ParamBrowLX",
      "Segments": [
        0,
        0,
        0,
        12.8,
        0
      ]
    },
    {
      "Target": "Parameter",
      "Id": "ParamBrowRAngle",
      "Segments": [
        0,
        0,
        0,
        12.8,
        0
      ]
    },
    {
      "Target": "Parameter",
      "Id": "ParamBrowLAngle",
      "Segments": [
        0,
        0,
        0,
        12.8,
        0
      ]
    },
    {
      "Target": "Parameter",
      "Id": "Param5",
      "Segments": [
        0,
        0,
        0,
        12.8,
        0
      ]
    },
    {
      "Target": "Parameter",
      "Id": "Param110",
      "Segments": [
        0,
        0,
        0,
        12.8,
        0
      ]
    },
    {
      "Target": "Parameter",
      "Id": "Param108",
      "Segments": [
        0,
        0,
        0,
        12.8,
        0
      ]
    },
    {
      "Target": "Parameter",
      "Id": "Param109",
      "Segments": [
        0,
        0,
        0,
        12.8,
        0
      ]
    },
    {
      "Target": "Parameter",
      "Id": "Param121",
      "Segments": [
        0,
        0,
        0,
        12.8,
        0
      ]
    },
    {
      "Target": "Parameter",
      "Id": "Param122",
      "Segments": [
        0,
        0,
        0,
        12.8,
        0
      ]
    },
    {
      "Target": "Parameter",
      "Id": "Param123",
      "Segments": [
        0,
        0,
        0,
        12.8,
        0
      ]
    },
    {
      "Target": "Parameter",
      "Id": "Param4",
      "Segments": [
        0,
        0,
        0,
        12.8,
        0
      ]
    },
    {
      "Target": "Parameter",
      "Id": "Param42",
      "Segments": [
        0,
        0,
        0,
        12.8,
        0
      ]
    },
    {
      "Target": "Parameter",
      "Id": "Param112",
      "Segments": [
        0,
        0,
        0,
        12.8,
        0
      ]
    },
    {
      "Target": "Parameter",
      "Id": "Param9",
      "Segments": [
        0,
        0,
        0,
        12.8,
        0
      ]
    },
    {
      "Target": "Parameter",
      "Id": "Param10",
      "Segments": [
        0,
        0,
        0,
        12.8,
        0
      ]
    },
    {
      "Target": "Parameter",
      "Id": "Param11",
      "Segments": [
        0,
        0,
        0,
        12.8,
        0
      ]
    },
    {
      "Target": "Parameter",
      "Id": "Param12",
      "Segments": [
        0,
        0,
        0,
        12.8,
        0
      ]
    },
    {
      "Target": "Parameter",
      "Id": "Param13",
      "Segments": [
        0,
        0,
        0,
        12.8,
        0
      ]
    },
    {
      "Target": "Parameter",
      "Id": "Param117",
      "Segments": [
        0,
        0,
        0,
        12.8,
        0
      ]
    },
    {
      "Target": "Parameter",
      "Id": "Param118",
      "Segments": [
        0,
        0,
        0,
        12.8,
        0
      ]
    },
    {
      "Target": "Parameter",
      "Id": "Param59",
      "Segments": [
        0,
        0,
        0,
        12.8,
        0
      ]
    },
    {
      "Target": "Parameter",
      "Id": "Param100",
      "Segments": [
        0,
        0,
        0,
        12.8,
        0
      ]
    },
    {
      "Target": "Parameter",
      "Id": "Param104",
      "Segments": [
        0,
        0,
        0,
        12.8,
        0
      ]
    },
    {
      "Target": "Parameter",
      "Id": "Param105",
      "Segments": [
        0,
        0,
        0,
        12.8,
        0
      ]
    },
    {
      "Target": "Parameter",
      "Id": "Param101",
      "Segments": [
        0,
        0,
        0,
        12.8,
        0
      ]
    },
    {
      "Target": "Parameter",
      "Id": "Param91",
      "Segments": [
        0,
        0,
        0,
        12.8,
        0
      ]
    },
    {
      "Target": "Parameter",
      "Id": "Param102",
      "Segments": [
        0,
        0,
        0,
        12.8,
        0
      ]
    },
    {
      "Target": "Parameter",
      "Id": "Param103",
      "Segments": [
        0,
        0,
        0,
        12.8,
        0
      ]
    },
    {
      "Target": "Parameter",
      "Id": "Param106",
      "Segments": [
        0,
        0,
        0,
        12.8,
        0
      ]
    },
    {
      "Target": "Parameter",
      "Id": "Param107",
      "Segments": [
        0,
        0,
        0,
        12.8,
        0
      ]
    },
    {
      "Target": "Parameter",
      "Id": "Param127",
      "Segments": [
        0,
        0,
        0,
        12.8,
        0
      ]
    },
    {
      "Target": "Parameter",
      "Id": "Param128",
      "Segments": [
        0,
        0,
        0,
        12.8,
        0
      ]
    },
    {
      "Target": "Parameter",
      "Id": "Param113",
      "Segments": [
        0,
        0,
        0,
        12.8,
        0
      ]
    },
    {
      "Target": "Parameter",
      "Id": "Param96",
      "Segments": [
        0,
        -60,
        0,
        12.8,
        -60
      ]
    },
    {
      "Target": "Parameter",
      "Id": "Param130",
      "Segments": [
        0,
        0,
        0,
        12.8,
        0
      ]
    },
    {
      "Target": "Parameter",
      "Id": "Param120",
      "Segments": [
        0,
        0,
        0,
        12.8,
        0
      ]
    },
    {
      "Target": "Parameter",
      "Id": "Param119",
      "Segments": [
        0,
        0,
        0,
        12.8,
        0
      ]
    },
    {
      "Target": "Parameter",
      "Id": "Param115",
      "Segments": [
        0,
        0,
        0,
        12.8,
        0
      ]
    },
    {
      "Target": "Parameter",
      "Id": "Param116",
      "Segments": [
        0,
        0,
        0,
        12.8,
        0
      ]
    }
  ],
  "UserData": [
    {
      "Time": 0.0,
      "Value": ""
    }
  ]
}