{
  "Version": 3,
  "Meta": {
    "Duration": 6.433,
    "Fps": 30.0,
    "Loop": true,
    "AreBeziersRestricted": true,
    "CurveCount": 29,
    "TotalSegmentCount": 204,
    "TotalPointCount": 252,
    "UserDataCount": 1,
    "TotalUserDataSize": 0
  },
  "Curves": [
    {
      "Target": "Parameter",
      "Id": "Param14",
      "Segments": [
        0,
        0,
        0,
        1.6,
        16.039,
        0,
        3.2,
        0,
        0,
        4.8,
        16.039,
        0,
        6.433,
        0
      ]
    },
    {
      "Target": "Parameter",
      "Id": "Param15",
      "Segments": [
        0,
        0,
        0,
        0.8,
        -16.32,
        0,
        2.4,
        9.985,
        1,
        2.667,
        9.985,
        2.933,
        8.193,
        3.2,
        0,
        1,
        3.467,
        -8.193,
        3.733,
        -16.32,
        4,
        -16.32,
        0,
        5.6,
        9.985,
        0,
        6.433,
        0
      ]
    },
    {
      "Target": "Parameter",
      "Id": "Param16",
      "Segments": [
        0,
        0,
        0,
        1.6,
        -19,
        0,
        3.2,
        0,
        0,
        4.8,
        -19,
        0,
        6.433,
        0
      ]
    },
    {
      "Target": "Parameter",
      "Id": "Param17",
      "Segments": [
        0,
        0,
        0,
        0.8,
        1,
        0,
        2.4,
        0,
        2,
        3.2,
        0,
        0,
        4,
        1,
        0,
        5.6,
        0,
        2,
        6.433,
        0
      ]
    },
    {
      "Target": "Parameter",
      "Id": "Param18",
      "Segments": [
        0,
        0,
        0,
        1.6,
        -7.56,
        0,
        3.2,
        0,
        0,
        4.8,
        -7.56,
        0,
        6.433,
        0
      ]
    },
    {
      "Target": "Parameter",
      "Id": "Param19",
      "Segments": [
        0,
        0,
        0,
        0.8,
        13,
        0,
        2.4,
        -9,
        1,
        2.667,
        -9,
        2.933,
        -7.062,
        3.2,
        0,
        1,
        3.467,
        7.062,
        3.733,
        13,
        4,
        13,
        0,
        5.6,
        -9,
        0,
        6.433,
        0
      ]
    },
    {
      "Target": "Parameter",
      "Id": "Param20",
      "Segments": [
        0,
        0,
        0,
        1.6,
        7.92,
        0,
        3.2,
        0,
        0,
        4.8,
        7.92,
        0,
        6.433,
        0
      ]
    },
    {
      "Target": "Parameter",
      "Id": "Param21",
      "Segments": [
        0,
        0,
        0,
        0.8,
        -18,
        0,
        2.4,
        24,
        1,
        2.667,
        24,
        2.933,
        13.669,
        3.2,
        0,
        1,
        3.467,
        -13.669,
        3.733,
        -18,
        4,
        -18,
        0,
        5.6,
        24,
        0,
        6.433,
        0
      ]
    },
    {
      "Target": "Parameter",
      "Id": "Param22",
      "Segments": [
        0,
        0,
        0,
        1.6,
        8.64,
        0,
        3.2,
        0,
        0,
        4.8,
        8.64,
        0,
        6.433,
        0
      ]
    },
    {
      "Target": "Parameter",
      "Id": "Param23",
      "Segments": [
        0,
        0,
        0,
        0.8,
        -5.94,
        0,
        2.4,
        7.579,
        1,
        2.667,
        7.579,
        2.933,
        4.435,
        3.2,
        0,
        1,
        3.467,
        -4.435,
        3.733,
        -5.94,
        4,
        -5.94,
        0,
        5.6,
        7.579,
        0,
        6.433,
        0
      ]
    },
    {
      "Target": "Parameter",
      "Id": "Param24",
      "Segments": [
        0,
        0,
        0,
        1.6,
        -3.6,
        0,
        3.2,
        0,
        0,
        4.8,
        -3.6,
        0,
        6.433,
        0
      ]
    },
    {
      "Target": "Parameter",
      "Id": "Param25",
      "Segments": [
        0,
        0,
        0,
        0.8,
        -5,
        0,
        2.4,
        5,
        1,
        2.667,
        5,
        2.933,
        3.333,
        3.2,
        0,
        1,
        3.467,
        -3.333,
        3.733,
        -5,
        4,
        -5,
        0,
        5.6,
        5,
        0,
        6.433,
        0
      ]
    },
    {
      "Target": "Parameter",
      "Id": "Param26",
      "Segments": [
        0,
        0,
        0,
        1.6,
        3.42,
        0,
        3.2,
        0,
        0,
        4.8,
        3.42,
        0,
        6.433,
        0
      ]
    },
    {
      "Target": "Parameter",
      "Id": "Param27",
      "Segments": [
        0,
        0,
        0,
        0.8,
        5,
        0,
        2.4,
        -4.88,
        1,
        2.667,
        -4.88,
        2.933,
        -3.293,
        3.2,
        0,
        1,
        3.467,
        3.293,
        3.733,
        5,
        4,
        5,
        0,
        5.6,
        -4.88,
        0,
        6.433,
        0
      ]
    },
    {
      "Target": "Parameter",
      "Id": "Param28",
      "Segments": [
        0,
        0,
        0,
        1.6,
        -3.42,
        0,
        3.2,
        0,
        0,
        4.8,
        -3.42,
        0,
        6.433,
        0
      ]
    },
    {
      "Target": "Parameter",
      "Id": "Param29",
      "Segments": [
        0,
        0,
        0,
        0.8,
        -5,
        0,
        2.4,
        5.123,
        1,
        2.667,
        5.123,
        2.933,
        3.374,
        3.2,
        0,
        1,
        3.467,
        -3.374,
        3.733,
        -5,
        4,
        -5,
        0,
        5.6,
        5.123,
        0,
        6.433,
        0
      ]
    },
    {
      "Target": "Parameter",
      "Id": "Param30",
      "Segments": [
        0,
        0,
        0,
        1.6,
        3.24,
        0,
        3.2,
        0,
        0,
        4.8,
        3.24,
        0,
        6.433,
        0
      ]
    },
    {
      "Target": "Parameter",
      "Id": "Param35",
      "Segments": [
        0,
        0,
        0,
        0.8,
        5,
        0,
        2.4,
        -5.003,
        1,
        2.667,
        -5.003,
        2.933,
        -3.334,
        3.2,
        0,
        1,
        3.467,
        3.334,
        3.733,
        5,
        4,
        5,
        0,
        5.6,
        -5.003,
        0,
        6.433,
        0
      ]
    },
    {
      "Target": "Parameter",
      "Id": "Param31",
      "Segments": [
        0,
        0,
        0,
        1.6,
        -3.96,
        0,
        3.2,
        0,
        0,
        4.8,
        -3.96,
        0,
        6.433,
        0
      ]
    },
    {
      "Target": "Parameter",
      "Id": "Param36",
      "Segments": [
        0,
        0,
        0,
        0.8,
        -5,
        0,
        2.4,
        5.063,
        1,
        2.667,
        5.063,
        2.933,
        3.354,
        3.2,
        0,
        1,
        3.467,
        -3.354,
        3.733,
        -5,
        4,
        -5,
        0,
        5.6,
        5.063,
        0,
        6.433,
        0
      ]
    },
    {
      "Target": "Parameter",
      "Id": "Param32",
      "Segments": [
        0,
        0,
        0,
        1.6,
        3.24,
        0,
        3.2,
        0,
        0,
        4.8,
        3.24,
        0,
        6.433,
        0
      ]
    },
    {
      "Target": "Parameter",
      "Id": "Param37",
      "Segments": [
        0,
        0,
        0,
        0.8,
        5,
        0,
        2.4,
        -5.183,
        1,
        2.667,
        -5.183,
        2.933,
        -3.393,
        3.2,
        0,
        1,
        3.467,
        3.393,
        3.733,
        5,
        4,
        5,
        0,
        5.6,
        -5.183,
        0,
        6.433,
        0
      ]
    },
    {
      "Target": "Parameter",
      "Id": "Param33",
      "Segments": [
        0,
        0,
        0,
        1.6,
        -4.08,
        0,
        3.2,
        0,
        0,
        4.8,
        -4.08,
        0,
        6.433,
        0
      ]
    },
    {
      "Target": "Parameter",
      "Id": "Param38",
      "Segments": [
        0,
        0,
        0,
        0.8,
        -5,
        0,
        2.4,
        5.063,
        1,
        2.667,
        5.063,
        2.933,
        3.354,
        3.2,
        0,
        1,
        3.467,
        -3.354,
        3.733,
        -5,
        4,
        -5,
        0,
        5.6,
        5.063,
        0,
        6.433,
        0
      ]
    },
    {
      "Target": "Parameter",
      "Id": "Param34",
      "Segments": [
        0,
        0,
        0,
        1.6,
        3.42,
        0,
        3.2,
        0,
        0,
        4.8,
        3.42,
        0,
        6.433,
        0
      ]
    },
    {
      "Target": "Parameter",
      "Id": "Param39",
      "Segments": [
        0,
        0,
        0,
        0.8,
        5,
        0,
        2.4,
        -5.363,
        1,
        2.667,
        -5.363,
        2.933,
        -3.45,
        3.2,
        0,
        1,
        3.467,
        3.45,
        3.733,
        5,
        4,
        5,
        0,
        5.6,
        -5.363,
        0,
        6.433,
        0
      ]
    },
    {
      "Target": "Parameter",
      "Id": "Param125",
      "Segments": [
        0,
        12,
        2,
        0.1,
        14,
        2,
        0.167,
        16,
        2,
        0.233,
        18,
        2,
        0.3,
        20,
        2,
        0.367,
        22,
        2,
        0.433,
        24,
        2,
        0.5,
        26,
        2,
        0.567,
        28,
        2,
        0.633,
        30,
        2,
        0.7,
        30,
        2,
        2.567,
        30,
        2,
        2.6,
        0,
        2,
        2.667,
        2,
        2,
        2.733,
        4,
        2,
        2.8,
        6,
        2,
        2.867,
        8,
        2,
        2.933,
        10,
        2,
        3,
        12,
        2,
        3.067,
        14,
        2,
        3.133,
        16,
        2,
        3.2,
        18,
        2,
        3.267,
        20,
        2,
        3.333,
        22,
        2,
        3.4,
        24,
        2,
        3.467,
        26,
        2,
        3.533,
        28,
        2,
        3.6,
        30,
        2,
        5.6,
        30,
        2,
        6.033,
        30,
        2,
        6.067,
        0,
        3,
        6.1,
        2,
        2,
        6.167,
        4,
        2,
        6.233,
        6,
        2,
        6.3,
        8,
        2,
        6.367,
        10,
        2,
        6.433,
        12
      ]
    },
    {
      "Target": "Parameter",
      "Id": "Param126",
      "Segments": [
        0,
        30,
        2,
        0.3,
        30,
        2,
        0.333,
        0,
        2,
        0.4,
        2,
        2,
        0.467,
        4,
        2,
        0.533,
        6,
        2,
        0.6,
        8,
        2,
        0.667,
        10,
        2,
        0.733,
        12,
        2,
        0.8,
        14,
        2,
        0.867,
        16,
        2,
        0.933,
        18,
        2,
        1,
        20,
        2,
        1.067,
        22,
        2,
        1.133,
        24,
        2,
        1.2,
        26,
        2,
        1.267,
        28,
        2,
        1.333,
        30,
        2,
        3.2,
        30,
        2,
        4.7,
        30,
        2,
        4.733,
        0,
        2,
        4.8,
        2,
        2,
        4.867,
        4,
        2,
        4.933,
        6,
        2,
        5,
        8,
        2,
        5.067,
        10,
        2,
        5.133,
        12,
        2,
        5.2,
        14,
        2,
        5.267,
        16,
        2,
        5.333,
        18,
        2,
        5.4,
        20,
        2,
        5.467,
        22,
        2,
        5.533,
        24,
        2,
        5.6,
        26,
        2,
        5.667,
        28,
        2,
        5.733,
        30,
        2,
        6.433,
        30
      ]
    },
    {
      "Target": "Model",
      "Id": "Opacity",
      "Segments": [
        0,
        1,
        0,
        6.433,
        1
      ]
    }
  ],
  "UserData": [
    {
      "Time": 0.0,
      "Value": ""
    }
  ]
}