{
  "Version": 3,
  "Meta": {
    "Duration": 3.5,
    "Fps": 30.0,
    "Loop": true,
    "AreBeziersRestricted": true,
    "CurveCount": 134,
    "TotalSegmentCount": 988,
    "TotalPointCount": 1296,
    "UserDataCount": 2,
    "TotalUserDataSize": 20
  },
  "Curves": [
    {
      "Target": "Parameter",
      "Id": "ParamAngleX",
      "Segments": [
        0,
        0,
        0,
        0.5,
        30,
        2,
        0.833,
        30,
        0,
        1.433,
        -6.32,
        1,
        1.5,
        -6.32,
        1.566,
        -4.465,
        1.633,
        -4.34,
        1,
        1.844,
        -3.944,
        2.056,
        -4.011,
        2.267,
        -3.413,
        1,
        2.522,
        -2.689,
        2.778,
        1.585,
        3.033,
        1.585,
        0,
        3.5,
        0
      ]
    },
    {
      "Target": "Parameter",
      "Id": "ParamAngleY",
      "Segments": [
        0,
        0,
        0,
        0.167,
        5.683,
        0,
        0.533,
        -2.867,
        1,
        0.644,
        -2.867,
        0.756,
        -3.003,
        0.867,
        1.173,
        1,
        0.989,
        5.767,
        1.111,
        18.613,
        1.233,
        18.613,
        0,
        1.467,
        12.099,
        0,
        1.567,
        16.149,
        0,
        1.667,
        12.118,
        0,
        1.767,
        15.67,
        0,
        1.933,
        13.068,
        0,
        2.033,
        14.739,
        1,
        2.122,
        14.739,
        2.211,
        14.048,
        2.3,
        13.064,
        1,
        2.556,
        10.236,
        2.811,
        8.254,
        3.067,
        4.914,
        1,
        3.211,
        3.026,
        3.356,
        0,
        3.5,
        0
      ]
    },
    {
      "Target": "Parameter",
      "Id": "ParamAngleZ",
      "Segments": [
        0,
        14.4,
        0,
        0.133,
        3.833,
        0,
        0.5,
        15.948,
        1,
        0.611,
        15.948,
        0.722,
        16.049,
        0.833,
        14.278,
        1,
        0.955,
        12.329,
        1.078,
        7.068,
        1.2,
        7.068,
        0,
        1.633,
        8.388,
        0,
        2.267,
        8.135,
        0,
        2.467,
        10.73,
        0,
        2.9,
        6.739,
        1,
        2.978,
        6.739,
        3.055,
        7.292,
        3.133,
        9.239,
        1,
        3.255,
        12.299,
        3.378,
        14.4,
        3.5,
        14.4
      ]
    },
    {
      "Target": "Parameter",
      "Id": "Param",
      "Segments": [
        0,
        6.54,
        0,
        0.1,
        2.61,
        0,
        0.467,
        9.361,
        1,
        0.578,
        9.361,
        0.689,
        9.474,
        0.8,
        6.957,
        1,
        0.922,
        4.188,
        1.045,
        -3.419,
        1.167,
        -3.419,
        1,
        1.311,
        -3.419,
        1.456,
        -1.598,
        1.6,
        -1.379,
        1,
        1.811,
        -1.059,
        2.022,
        -1.074,
        2.233,
        -1.074,
        1,
        2.311,
        -1.074,
        2.389,
        -0.945,
        2.467,
        -1.507,
        1,
        2.589,
        -2.39,
        2.711,
        -5.037,
        2.833,
        -5.037,
        1,
        2.933,
        -5.037,
        3.033,
        -1.238,
        3.133,
        1.903,
        1,
        3.255,
        5.741,
        3.378,
        6.54,
        3.5,
        6.54
      ]
    },
    {
      "Target": "Parameter",
      "Id": "ParamEyeROpen",
      "Segments": [
        0,
        0,
        2,
        0.133,
        0,
        0,
        0.467,
        1,
        2,
        0.8,
        1,
        2,
        1.167,
        1,
        2,
        1.6,
        1,
        2,
        2.233,
        1,
        2,
        3,
        1,
        0,
        3.267,
        0,
        2,
        3.5,
        0
      ]
    },
    {
      "Target": "Parameter",
      "Id": "ParamEyeRSmile",
      "Segments": [
        0,
        0,
        2,
        0.467,
        0,
        0,
        1.167,
        0.717,
        2,
        2.2,
        0.717,
        2,
        2.867,
        0.717,
        0,
        3.5,
        0
      ]
    },
    {
      "Target": "Parameter",
      "Id": "ParamEyeLOpen",
      "Segments": [
        0,
        1,
        2,
        0.133,
        1,
        0,
        0.467,
        0,
        2,
        1.6,
        0,
        0,
        2.233,
        0.03,
        2,
        3,
        0.03,
        0,
        3.233,
        1,
        2,
        3.5,
        1
      ]
    },
    {
      "Target": "Parameter",
      "Id": "ParamEyeLSmile",
      "Segments": [
        0,
        0,
        2,
        0.133,
        0,
        2,
        0.467,
        0,
        1,
        0.578,
        0,
        0.689,
        -0.017,
        0.8,
        0.188,
        1,
        0.922,
        0.414,
        1.045,
        1,
        1.167,
        1,
        2,
        1.6,
        1,
        0,
        2.233,
        0.97,
        2,
        3,
        0.97,
        0,
        3.233,
        0,
        2,
        3.5,
        0
      ]
    },
    {
      "Target": "Parameter",
      "Id": "ParamEyeBallX",
      "Segments": [
        0,
        0,
        0,
        0.467,
        5.613,
        2,
        0.8,
        5.613,
        2,
        1.167,
        5.613,
        2,
        1.6,
        5.613,
        1,
        1.811,
        5.613,
        2.022,
        5.744,
        2.233,
        5.444,
        1,
        2.655,
        4.842,
        3.078,
        0,
        3.5,
        0
      ]
    },
    {
      "Target": "Parameter",
      "Id": "ParamBrowRX",
      "Segments": [
        0,
        0,
        0,
        0.467,
        -9,
        1,
        0.578,
        -9,
        0.689,
        -7.844,
        0.8,
        -5,
        1,
        0.922,
        -1.871,
        1.045,
        0,
        1.167,
        0,
        2,
        3.5,
        0
      ]
    },
    {
      "Target": "Parameter",
      "Id": "ParamBrowLX",
      "Segments": [
        0,
        0,
        0,
        0.467,
        -9,
        1,
        0.578,
        -9,
        0.689,
        -9.027,
        0.8,
        -7,
        1,
        0.922,
        -4.77,
        1.045,
        0,
        1.167,
        0,
        2,
        3.5,
        0
      ]
    },
    {
      "Target": "Parameter",
      "Id": "ParamBrowRAngle",
      "Segments": [
        0,
        0,
        2,
        1,
        0,
        0,
        1.167,
        -6.96,
        2,
        1.6,
        -6.96,
        1,
        1.811,
        -6.96,
        2.022,
        -7.122,
        2.233,
        -6.75,
        1,
        2.655,
        -6.005,
        3.078,
        0,
        3.5,
        0
      ]
    },
    {
      "Target": "Parameter",
      "Id": "ParamBrowLAngle",
      "Segments": [
        0,
        0,
        2,
        1,
        0,
        0,
        1.167,
        -5.88,
        2,
        1.6,
        -5.88,
        1,
        1.811,
        -5.88,
        2.022,
        -6.017,
        2.233,
        -5.702,
        1,
        2.655,
        -5.072,
        3.078,
        0,
        3.5,
        0
      ]
    },
    {
      "Target": "Parameter",
      "Id": "ParamBrowRForm",
      "Segments": [
        0,
        0,
        0,
        0.467,
        0.4,
        0,
        0.8,
        0,
        2,
        1,
        0,
        0,
        1.167,
        0.4,
        2,
        1.6,
        0.4,
        1,
        1.811,
        0.4,
        2.022,
        0.409,
        2.233,
        0.388,
        1,
        2.655,
        0.345,
        3.078,
        0,
        3.5,
        0
      ]
    },
    {
      "Target": "Parameter",
      "Id": "ParamBrowLForm",
      "Segments": [
        0,
        0,
        0,
        0.467,
        0.3,
        0,
        0.8,
        0,
        2,
        1,
        0,
        0,
        1.167,
        0.6,
        2,
        1.6,
        0.6,
        1,
        1.811,
        0.6,
        2.022,
        0.614,
        2.233,
        0.582,
        1,
        2.655,
        0.517,
        3.078,
        0,
        3.5,
        0
      ]
    },
    {
      "Target": "Parameter",
      "Id": "ParamMouthForm",
      "Segments": [
        0,
        0,
        0,
        0.067,
        -0.5,
        2,
        0.467,
        -0.5,
        0,
        0.6,
        -1.1,
        0,
        0.8,
        -0.2,
        2,
        1.167,
        -0.2,
        0,
        1.6,
        0,
        2,
        2.233,
        0,
        0,
        2.467,
        -0.5,
        2,
        3,
        -0.5,
        0,
        3.5,
        0
      ]
    },
    {
      "Target": "Parameter",
      "Id": "ParamMouthOpenY",
      "Segments": [
        0,
        0,
        2,
        0.467,
        0,
        0,
        0.6,
        0.41,
        2,
        0.8,
        0.41,
        0,
        1.167,
        0,
        0,
        1.467,
        1,
        0,
        1.667,
        0.791,
        0,
        1.833,
        0.96,
        0,
        2,
        0.791,
        0,
        2.133,
        1,
        0,
        2.267,
        0.791,
        0,
        2.533,
        0.824,
        0,
        2.867,
        0,
        2,
        3.5,
        0
      ]
    },
    {
      "Target": "Parameter",
      "Id": "ParamBodyAngleX",
      "Segments": [
        0,
        0,
        0,
        0.1,
        -1.05,
        0,
        0.5,
        -0.523,
        0,
        0.767,
        -1.72,
        0,
        0.833,
        -0.423,
        0,
        1.2,
        -2.607,
        0,
        1.433,
        -1.884,
        0,
        1.533,
        -2.412,
        0,
        1.633,
        -1.884,
        0,
        1.733,
        -2.412,
        0,
        1.9,
        -2.041,
        0,
        2,
        -2.412,
        0,
        2.1,
        -1.598,
        0,
        2.267,
        -1.749,
        0,
        3.033,
        1.651,
        0,
        3.5,
        0
      ]
    },
    {
      "Target": "Parameter",
      "Id": "ParamBodyAngleY",
      "Segments": [
        0,
        0,
        0,
        0.267,
        -1.58,
        1,
        0.356,
        -1.58,
        0.444,
        -1.401,
        0.533,
        -0.323,
        1,
        0.589,
        0.351,
        0.644,
        1.623,
        0.7,
        1.623,
        0,
        0.8,
        -1.971,
        0,
        0.867,
        1.659,
        1,
        0.911,
        1.659,
        0.956,
        -0.539,
        1,
        -1.734,
        1,
        1.111,
        -4.723,
        1.222,
        -5.563,
        1.333,
        -5.563,
        0,
        1.467,
        -0.415,
        0,
        1.567,
        -5.35,
        0,
        1.667,
        -1.504,
        0,
        1.767,
        -4.079,
        0,
        1.933,
        -2.603,
        0,
        2.033,
        -5.129,
        0,
        2.133,
        -3.381,
        0,
        2.3,
        -4.708,
        1,
        2.556,
        -4.708,
        2.811,
        -4.372,
        3.067,
        -2.663,
        1,
        3.211,
        -1.697,
        3.356,
        0,
        3.5,
        0
      ]
    },
    {
      "Target": "Parameter",
      "Id": "Param2",
      "Segments": [
        0,
        0,
        1,
        0.044,
        0,
        0.089,
        2.174,
        0.133,
        3.926,
        1,
        0.255,
        8.743,
        0.378,
        10.427,
        0.5,
        10.427,
        0,
        1.2,
        0.42,
        1,
        1.344,
        0.42,
        1.489,
        0.436,
        1.633,
        0.54,
        1,
        1.844,
        0.691,
        2.056,
        0.824,
        2.267,
        0.824,
        0,
        3.033,
        -2.281,
        0,
        3.5,
        0
      ]
    },
    {
      "Target": "Parameter",
      "Id": "ParamBodyAngleZ",
      "Segments": [
        0,
        0,
        0,
        0.067,
        0.495,
        0,
        0.467,
        -2.266,
        1,
        0.7,
        -2.266,
        0.934,
        -0.337,
        1.167,
        -0.205,
        1,
        1.311,
        -0.123,
        1.456,
        -0.167,
        1.6,
        -0.105,
        1,
        1.811,
        -0.015,
        2.022,
        0.218,
        2.233,
        0.218,
        0,
        3,
        -1.281,
        0,
        3.5,
        0
      ]
    },
    {
      "Target": "Parameter",
      "Id": "ParamBreath",
      "Segments": [
        0,
        0,
        1,
        0.022,
        0,
        0.045,
        0.384,
        0.067,
        0.453,
        1,
        0.2,
        0.864,
        0.334,
        1,
        0.467,
        1,
        1,
        0.7,
        1,
        0.934,
        0.877,
        1.167,
        0.516,
        1,
        1.222,
        0.43,
        1.278,
        0.258,
        1.333,
        0.258,
        0,
        1.467,
        0.516,
        0,
        1.567,
        0.258,
        0,
        1.667,
        0.516,
        0,
        1.767,
        0.258,
        0,
        1.933,
        0.516,
        0,
        2.033,
        0.258,
        0,
        2.133,
        0.516,
        1,
        2.189,
        0.516,
        2.244,
        0.285,
        2.3,
        0.258,
        1,
        2.7,
        0.066,
        3.1,
        0,
        3.5,
        0
      ]
    },
    {
      "Target": "Parameter",
      "Id": "Param97",
      "Segments": [
        0,
        0,
        1,
        0.022,
        0,
        0.045,
        3.698,
        0.067,
        3.84,
        1,
        0.2,
        4.693,
        0.334,
        4.958,
        0.467,
        4.958,
        0,
        1.167,
        -2.362,
        0,
        1.6,
        2.918,
        0,
        2.233,
        -5.419,
        0,
        3,
        2.486,
        0,
        3.5,
        0
      ]
    },
    {
      "Target": "Parameter",
      "Id": "Param112",
      "Segments": [
        0,
        0,
        0,
        0.067,
        9.48,
        0,
        0.467,
        -8.696,
        0,
        1.167,
        -8.661,
        0,
        1.6,
        -14.116,
        1,
        1.811,
        -14.116,
        2.022,
        -14.107,
        2.233,
        -8.661,
        1,
        2.489,
        -2.068,
        2.744,
        9.811,
        3,
        9.811,
        0,
        3.5,
        0
      ]
    },
    {
      "Target": "Parameter",
      "Id": "Param3",
      "Segments": [
        0,
        0,
        0,
        0.1,
        0.216,
        2,
        0.467,
        0.216,
        1,
        0.7,
        0.216,
        0.934,
        -8.336,
        1.167,
        -9.024,
        1,
        1.256,
        -9.286,
        1.344,
        -9.144,
        1.433,
        -9.144,
        1,
        1.7,
        -9.144,
        1.966,
        -9.182,
        2.233,
        -9.024,
        1,
        2.5,
        -8.866,
        2.766,
        0.675,
        3.033,
        0.675,
        0,
        3.5,
        0
      ]
    },
    {
      "Target": "Parameter",
      "Id": "Param89",
      "Segments": [
        0,
        0,
        0,
        0.133,
        -0.771,
        1,
        0.255,
        -0.771,
        0.378,
        0.398,
        0.5,
        1.209,
        1,
        0.611,
        1.946,
        0.722,
        1.989,
        0.833,
        1.989,
        0,
        1.2,
        0.129,
        2,
        2.267,
        0.129,
        0,
        3.067,
        0.549,
        0,
        3.5,
        0
      ]
    },
    {
      "Target": "Parameter",
      "Id": "Param90",
      "Segments": [
        0,
        0,
        0,
        0.167,
        -3.071,
        1,
        0.289,
        -3.071,
        0.411,
        -2.266,
        0.533,
        0.569,
        1,
        0.6,
        2.116,
        0.666,
        4.024,
        0.733,
        4.024,
        1,
        0.822,
        4.024,
        0.911,
        3.921,
        1,
        2.169,
        1,
        1.078,
        0.636,
        1.155,
        -2.711,
        1.233,
        -2.711,
        0,
        1.433,
        -1.606,
        0,
        1.533,
        -2.364,
        0,
        1.633,
        -1.606,
        0,
        1.733,
        -2.364,
        0,
        1.9,
        -1.606,
        0,
        2,
        -2.364,
        0,
        2.1,
        -1.606,
        0,
        2.3,
        -2.364,
        1,
        2.567,
        -2.364,
        2.833,
        -1.345,
        3.1,
        0.411,
        1,
        3.167,
        0.85,
        3.233,
        0.958,
        3.3,
        0.958,
        0,
        3.5,
        0
      ]
    },
    {
      "Target": "Parameter",
      "Id": "Param60",
      "Segments": [
        0,
        0,
        0,
        0.067,
        1.42,
        2,
        0.467,
        1.42,
        0,
        1.167,
        -27,
        2,
        2.233,
        -27,
        0,
        3,
        5.04,
        0,
        3.5,
        0
      ]
    },
    {
      "Target": "Parameter",
      "Id": "Param105",
      "Segments": [
        0,
        0,
        2,
        0.067,
        0,
        2,
        0.467,
        0,
        0,
        1.167,
        -14,
        2,
        2.233,
        -14,
        0,
        3.5,
        0
      ]
    },
    {
      "Target": "Parameter",
      "Id": "Param99",
      "Segments": [
        0,
        0,
        0,
        0.1,
        0.357,
        2,
        0.467,
        0.357,
        1,
        0.6,
        0.357,
        0.734,
        0.342,
        0.867,
        0.412,
        1,
        0.989,
        0.475,
        1.111,
        6.498,
        1.233,
        6.498,
        2,
        2.267,
        6.498,
        1,
        2.522,
        6.498,
        2.778,
        3.959,
        3.033,
        1.541,
        1,
        3.189,
        0.069,
        3.344,
        0,
        3.5,
        0
      ]
    },
    {
      "Target": "Parameter",
      "Id": "Param98",
      "Segments": [
        0,
        0,
        1,
        0.044,
        0,
        0.089,
        2.223,
        0.133,
        2.368,
        1,
        0.255,
        2.766,
        0.378,
        2.82,
        0.5,
        2.82,
        0,
        1.2,
        -0.332,
        0,
        1.633,
        2.368,
        0,
        2.267,
        2.296,
        0,
        3.067,
        2.82,
        0,
        3.5,
        0
      ]
    },
    {
      "Target": "Parameter",
      "Id": "Param92",
      "Segments": [
        0,
        0,
        0,
        0.1,
        -2.325,
        1,
        0.222,
        -2.325,
        0.345,
        3.241,
        0.467,
        3.811,
        1,
        0.589,
        4.38,
        0.711,
        4.287,
        0.833,
        4.746,
        1,
        0.978,
        5.288,
        1.122,
        6.103,
        1.267,
        6.103,
        0,
        1.467,
        5.388,
        0,
        1.667,
        6.051,
        0,
        1.867,
        5.388,
        0,
        2.033,
        6.068,
        0,
        2.167,
        5.405,
        0,
        2.333,
        6.103,
        1,
        2.589,
        6.103,
        2.844,
        5.855,
        3.1,
        4.005,
        1,
        3.233,
        3.04,
        3.367,
        0,
        3.5,
        0
      ]
    },
    {
      "Target": "Parameter",
      "Id": "Param93",
      "Segments": [
        0,
        0,
        1,
        0.022,
        0,
        0.045,
        -0.183,
        0.067,
        0.312,
        1,
        0.111,
        1.302,
        0.156,
        15.342,
        0.2,
        15.342,
        1,
        0.289,
        15.342,
        0.378,
        10.955,
        0.467,
        8.196,
        1,
        0.7,
        0.953,
        0.934,
        -1.284,
        1.167,
        -1.284,
        0,
        1.6,
        8.196,
        1,
        1.811,
        8.196,
        2.022,
        8.18,
        2.233,
        7.948,
        1,
        2.489,
        7.668,
        2.744,
        7.348,
        3,
        6.682,
        1,
        3.167,
        6.248,
        3.333,
        0,
        3.5,
        0
      ]
    },
    {
      "Target": "Parameter",
      "Id": "Param102",
      "Segments": [
        0,
        0,
        1,
        0.022,
        0,
        0.045,
        0.292,
        0.067,
        1.995,
        1,
        0.111,
        5.401,
        0.156,
        8,
        0.2,
        8,
        1,
        0.289,
        8,
        0.378,
        1.998,
        0.467,
        1.995,
        1,
        1.056,
        1.972,
        1.644,
        1.964,
        2.233,
        1.935,
        1,
        2.489,
        1.922,
        2.744,
        -12.6,
        3,
        -12.6,
        0,
        3.5,
        0
      ]
    },
    {
      "Target": "Parameter",
      "Id": "Param106",
      "Segments": [
        0,
        0,
        2,
        2.233,
        0,
        0,
        3,
        1.02,
        0,
        3.5,
        0
      ]
    },
    {
      "Target": "Parameter",
      "Id": "Param107",
      "Segments": [
        0,
        0,
        2,
        2.233,
        0,
        0,
        3,
        -17,
        0,
        3.5,
        0
      ]
    },
    {
      "Target": "Parameter",
      "Id": "Param113",
      "Segments": [
        0,
        0,
        0,
        0.133,
        8.712,
        0,
        0.467,
        -13.14,
        1,
        0.578,
        -13.14,
        0.689,
        2.194,
        0.8,
        4.521,
        1,
        0.9,
        6.615,
        1,
        5.909,
        1.1,
        8.155,
        1,
        1.233,
        11.15,
        1.367,
        29.843,
        1.5,
        29.843,
        2,
        1.867,
        29.843,
        1,
        1.989,
        29.843,
        2.111,
        14.619,
        2.233,
        8.712,
        1,
        2.489,
        -3.64,
        2.744,
        -6.242,
        3,
        -6.242,
        0,
        3.5,
        0
      ]
    },
    {
      "Target": "Parameter",
      "Id": "Param94",
      "Segments": [
        0,
        20,
        0,
        0.2,
        19.04,
        1,
        0.256,
        19.04,
        0.311,
        20.573,
        0.367,
        21.96,
        1,
        0.434,
        23.625,
        0.5,
        24,
        0.567,
        24,
        2,
        0.7,
        24,
        1,
        0.778,
        24,
        0.855,
        22.706,
        0.933,
        20.23,
        1,
        0.978,
        18.815,
        1.022,
        18.25,
        1.067,
        16.091,
        1,
        1.189,
        10.154,
        1.311,
        -4.197,
        1.433,
        -7.068,
        1,
        1.489,
        -8.373,
        1.544,
        -7.978,
        1.6,
        -7.978,
        0,
        1.767,
        -6.447,
        0,
        1.933,
        -8.65,
        0,
        2.133,
        -6.797,
        0,
        2.333,
        -8.968,
        1,
        2.4,
        -8.968,
        2.466,
        -9.156,
        2.533,
        -4.812,
        1,
        2.733,
        8.22,
        2.933,
        20,
        3.133,
        20,
        2,
        3.5,
        20
      ]
    },
    {
      "Target": "Parameter",
      "Id": "Param95",
      "Segments": [
        0,
        10,
        0,
        0.167,
        0,
        2,
        0.367,
        0,
        0,
        0.9,
        3.12,
        1,
        1.033,
        3.12,
        1.167,
        2.993,
        1.3,
        1.44,
        1,
        1.4,
        0.275,
        1.5,
        -2.4,
        1.6,
        -2.4,
        1,
        1.733,
        -2.4,
        1.867,
        -1.659,
        2,
        1.44,
        1,
        2.133,
        4.539,
        2.267,
        7.409,
        2.4,
        7.409,
        2,
        2.8,
        7.409,
        0,
        3.5,
        10
      ]
    },
    {
      "Target": "Parameter",
      "Id": "Param96",
      "Segments": [
        0,
        -60,
        0,
        0.2,
        -50.892,
        0,
        0.4,
        -54.875,
        2,
        0.633,
        -54.875,
        1,
        0.755,
        -54.875,
        0.878,
        -51.646,
        1,
        -41.796,
        1,
        1.111,
        -32.842,
        1.222,
        -14.6,
        1.333,
        -10.241,
        1,
        1.422,
        -6.754,
        1.511,
        -6.469,
        1.6,
        -3.72,
        1,
        1.744,
        0.747,
        1.889,
        4.38,
        2.033,
        4.38,
        1,
        2.155,
        4.38,
        2.278,
        1.63,
        2.4,
        -10.241,
        1,
        2.711,
        -40.457,
        3.022,
        -60,
        3.333,
        -60,
        2,
        3.5,
        -60
      ]
    },
    {
      "Target": "Parameter",
      "Id": "Param77",
      "Segments": [
        0,
        0.21,
        0,
        0.033,
        -1.047,
        0,
        0.133,
        1.458,
        0,
        0.433,
        -2.759,
        0,
        0.733,
        0.7,
        0,
        0.867,
        -4.055,
        0,
        1.133,
        1.717,
        0,
        1.433,
        -3.305,
        0,
        1.567,
        -0.582,
        0,
        1.667,
        -1.601,
        0,
        1.767,
        0.174,
        0,
        1.933,
        -1.476,
        0,
        2.033,
        -0.494,
        0,
        2.133,
        -2.711,
        0,
        2.333,
        -0.707,
        0,
        2.7,
        -2.999,
        0,
        3.3,
        0.658,
        0,
        3.5,
        0.21
      ]
    },
    {
      "Target": "Parameter",
      "Id": "Param78",
      "Segments": [
        0,
        -3.498,
        0,
        0.033,
        0,
        0,
        0.133,
        -2.519,
        0,
        0.333,
        2.849,
        0,
        0.667,
        -3.349,
        0,
        0.867,
        5.483,
        0,
        1.1,
        -3.785,
        0,
        1.367,
        4.333,
        0,
        1.567,
        -3.081,
        0,
        1.667,
        -1.211,
        0,
        1.733,
        -2.209,
        0,
        1.933,
        1.796,
        0,
        2.033,
        0.09,
        0,
        2.133,
        2.077,
        0,
        2.3,
        -1.74,
        0,
        2.6,
        1.58,
        1,
        2.722,
        1.58,
        2.845,
        -0.221,
        2.967,
        -1.425,
        1,
        3.145,
        -3.177,
        3.322,
        -3.498,
        3.5,
        -3.498
      ]
    },
    {
      "Target": "Parameter",
      "Id": "Param79",
      "Segments": [
        0,
        -3.305,
        1,
        0.067,
        -3.305,
        0.133,
        -3.109,
        0.2,
        -1.517,
        1,
        0.3,
        0.872,
        0.4,
        3.185,
        0.5,
        3.185,
        0,
        0.8,
        -4.238,
        0,
        1.033,
        2.75,
        0,
        1.267,
        -2.697,
        0,
        1.5,
        4.163,
        0,
        1.833,
        -3.538,
        0,
        2.2,
        2.645,
        0,
        2.467,
        -1.845,
        0,
        2.767,
        1.892,
        1,
        2.889,
        1.892,
        3.011,
        -1.468,
        3.133,
        -2.427,
        1,
        3.255,
        -3.386,
        3.378,
        -3.305,
        3.5,
        -3.305
      ]
    },
    {
      "Target": "Parameter",
      "Id": "Param80",
      "Segments": [
        0,
        -1.878,
        1,
        0.1,
        -1.878,
        0.2,
        -1.98,
        0.3,
        -1.135,
        1,
        0.411,
        -0.196,
        0.522,
        3.098,
        0.633,
        3.098,
        0,
        0.933,
        -3.917,
        0,
        1.2,
        1.789,
        0,
        1.4,
        -1.147,
        0,
        1.667,
        3.138,
        0,
        1.967,
        -3.769,
        0,
        2.333,
        3.316,
        0,
        2.633,
        -2.014,
        0,
        2.933,
        1.861,
        0,
        3.3,
        -3.043,
        0,
        3.5,
        -1.878
      ]
    },
    {
      "Target": "Parameter",
      "Id": "Param81",
      "Segments": [
        0,
        0.246,
        1,
        0.022,
        0.246,
        0.045,
        0.1,
        0.067,
        0.013,
        1,
        0.178,
        -0.422,
        0.289,
        -0.587,
        0.4,
        -0.587,
        0,
        0.733,
        1.856,
        0,
        1.067,
        -2.42,
        0,
        1.367,
        1.003,
        0,
        1.567,
        0.146,
        0,
        1.8,
        1.447,
        0,
        2.1,
        -2.404,
        0,
        2.467,
        2.436,
        0,
        2.8,
        -1.464,
        0,
        3.067,
        1.108,
        0,
        3.433,
        -2.172,
        0,
        3.5,
        0.246
      ]
    },
    {
      "Target": "Parameter",
      "Id": "Param82",
      "Segments": [
        0,
        1.348,
        1,
        0.056,
        1.348,
        0.111,
        0.169,
        0.167,
        0.014,
        1,
        0.289,
        -0.327,
        0.411,
        -0.36,
        0.533,
        -0.36,
        0,
        0.867,
        1.264,
        0,
        1.2,
        -1.792,
        0,
        1.567,
        0.926,
        0,
        1.733,
        0.57,
        0,
        1.9,
        0.685,
        0,
        2.233,
        -1.715,
        0,
        2.6,
        1.961,
        0,
        2.933,
        -1.273,
        1,
        3.033,
        -1.273,
        3.133,
        0.116,
        3.233,
        0.781,
        1,
        3.322,
        1.373,
        3.411,
        1.348,
        3.5,
        1.348
      ]
    },
    {
      "Target": "Parameter",
      "Id": "Param83",
      "Segments": [
        0,
        5.479,
        1,
        0.1,
        5.479,
        0.2,
        0.401,
        0.3,
        0.019,
        1,
        0.411,
        -0.405,
        0.522,
        -0.339,
        0.633,
        -0.339,
        0,
        0.967,
        1.298,
        0,
        1.333,
        -2.05,
        0,
        1.733,
        1.447,
        0,
        2.367,
        -1.836,
        0,
        2.733,
        2.359,
        0,
        3.1,
        -1.686,
        1,
        3.2,
        -1.686,
        3.3,
        -1.205,
        3.4,
        0.882,
        1,
        3.433,
        1.578,
        3.467,
        5.479,
        3.5,
        5.479
      ]
    },
    {
      "Target": "Parameter",
      "Id": "Param85",
      "Segments": [
        0,
        0,
        0,
        0.167,
        -0.727,
        0,
        0.467,
        0.092,
        0,
        0.733,
        -0.927,
        0,
        1.1,
        4.09,
        0,
        1.467,
        -7.131,
        0,
        1.867,
        6.358,
        0,
        2.467,
        -6.141,
        0,
        2.867,
        8.495,
        0,
        3.233,
        -6.798,
        0,
        3.5,
        0
      ]
    },
    {
      "Target": "Parameter",
      "Id": "Param88",
      "Segments": [
        0,
        0,
        0,
        0.3,
        -1.359,
        0,
        0.6,
        0.22,
        0,
        0.867,
        -0.739,
        0,
        1.233,
        4.232,
        0,
        1.6,
        -8.256,
        0,
        2,
        8.701,
        0,
        2.533,
        -7.601,
        0,
        2.967,
        10.239,
        0,
        3.367,
        -9.049,
        0,
        3.5,
        0
      ]
    },
    {
      "Target": "Parameter",
      "Id": "Param86",
      "Segments": [
        0,
        0,
        0,
        0.033,
        4.397,
        0,
        0.433,
        -2.421,
        0,
        0.767,
        0.584,
        0,
        1,
        -0.4,
        0,
        1.333,
        4.344,
        0,
        1.733,
        -9.447,
        0,
        2.133,
        11.394,
        0,
        2.6,
        -10.195,
        0,
        3.1,
        12.544,
        0,
        3.5,
        0
      ]
    },
    {
      "Target": "Parameter",
      "Id": "Param87",
      "Segments": [
        0,
        0,
        0,
        0.033,
        -0.524,
        0,
        0.133,
        0.729,
        0,
        0.433,
        -1.38,
        0,
        0.733,
        0.35,
        0,
        0.867,
        -2.027,
        0,
        1.133,
        0.859,
        0,
        1.433,
        -1.653,
        0,
        1.567,
        -0.291,
        0,
        1.667,
        -0.8,
        0,
        1.767,
        0.087,
        0,
        1.933,
        -0.738,
        0,
        2.033,
        -0.247,
        0,
        2.133,
        -1.356,
        0,
        2.333,
        -0.354,
        0,
        2.7,
        -1.5,
        0,
        3.3,
        0.329,
        0,
        3.5,
        0
      ]
    },
    {
      "Target": "Parameter",
      "Id": "Param84",
      "Segments": [
        0,
        0,
        2,
        0.033,
        0,
        1,
        0.066,
        -0.001,
        0.1,
        -1.889,
        0.133,
        -1.889,
        0,
        0.333,
        2.137,
        0,
        0.667,
        -2.512,
        0,
        0.867,
        4.112,
        0,
        1.1,
        -2.839,
        0,
        1.367,
        3.25,
        0,
        1.567,
        -2.31,
        0,
        1.667,
        -0.909,
        0,
        1.733,
        -1.657,
        0,
        1.933,
        1.347,
        0,
        2.033,
        0.067,
        0,
        2.133,
        1.557,
        0,
        2.3,
        -1.305,
        0,
        2.6,
        1.185,
        0,
        2.967,
        -1.069,
        0,
        3.5,
        0
      ]
    },
    {
      "Target": "Parameter",
      "Id": "ParamHairFront",
      "Segments": [
        0,
        0,
        0,
        0.1,
        2.201,
        0,
        0.367,
        -7.848,
        0,
        0.7,
        12.703,
        0,
        1.1,
        -26.916,
        0,
        1.533,
        5.604,
        0,
        1.933,
        -30,
        0,
        2.167,
        5.673,
        0,
        2.467,
        -10.692,
        0,
        3.233,
        8.496,
        0,
        3.5,
        0
      ]
    },
    {
      "Target": "Parameter",
      "Id": "Param43",
      "Segments": [
        0,
        0,
        0,
        0.033,
        0.003,
        0,
        0.067,
        -0.065,
        0,
        0.267,
        6.539,
        0,
        0.6,
        -19.361,
        0,
        0.833,
        16.942,
        0,
        1.3,
        -15.464,
        0,
        1.7,
        14.518,
        0,
        2.033,
        -16.814,
        0,
        2.3,
        11.02,
        0,
        2.667,
        -10.542,
        0,
        3.333,
        10.242,
        0,
        3.5,
        0
      ]
    },
    {
      "Target": "Parameter",
      "Id": "Param44",
      "Segments": [
        0,
        0,
        1,
        0.011,
        0,
        0.022,
        -2.043,
        0.033,
        -2.095,
        1,
        0.055,
        -2.198,
        0.078,
        -2.201,
        0.1,
        -2.201,
        0,
        0.367,
        7.848,
        0,
        0.7,
        -12.703,
        0,
        1.1,
        17.774,
        0,
        1.5,
        -30,
        0,
        1.967,
        14.864,
        0,
        2.167,
        -11.149,
        0,
        2.467,
        3.151,
        0,
        3.233,
        -8.496,
        0,
        3.5,
        0
      ]
    },
    {
      "Target": "Parameter",
      "Id": "Param45",
      "Segments": [
        0,
        0,
        0,
        0.033,
        -0.003,
        0,
        0.067,
        0.065,
        0,
        0.267,
        -6.539,
        0,
        0.567,
        13.847,
        0,
        0.867,
        -15.389,
        0,
        1.267,
        25.85,
        0,
        1.6,
        -29.577,
        0,
        2.067,
        23.334,
        0,
        2.367,
        -11.195,
        0,
        2.7,
        3.664,
        0,
        3.367,
        -8.306,
        0,
        3.5,
        0
      ]
    },
    {
      "Target": "Parameter",
      "Id": "Param46",
      "Segments": [
        0,
        0,
        1,
        0.011,
        0,
        0.022,
        -2.043,
        0.033,
        -2.095,
        1,
        0.055,
        -2.198,
        0.078,
        -2.201,
        0.1,
        -2.201,
        0,
        0.367,
        7.848,
        0,
        0.7,
        -21.904,
        0,
        1.1,
        21.243,
        0,
        1.5,
        -30,
        0,
        1.967,
        22.989,
        0,
        2.167,
        -20.735,
        0,
        2.467,
        3.151,
        0,
        3.233,
        -8.496,
        0,
        3.5,
        0
      ]
    },
    {
      "Target": "Parameter",
      "Id": "Param47",
      "Segments": [
        0,
        0,
        0,
        0.033,
        -0.003,
        0,
        0.067,
        0.065,
        0,
        0.267,
        -6.539,
        0,
        0.567,
        13.847,
        0,
        0.867,
        -15.389,
        0,
        1.267,
        25.85,
        0,
        1.6,
        -29.577,
        0,
        2.067,
        23.334,
        0,
        2.367,
        -11.195,
        0,
        2.7,
        3.664,
        0,
        3.367,
        -8.306,
        0,
        3.5,
        0
      ]
    },
    {
      "Target": "Parameter",
      "Id": "Param48",
      "Segments": [
        0,
        0,
        0,
        0.1,
        2.201,
        0,
        0.367,
        -7.848,
        0,
        0.7,
        12.703,
        0,
        1.1,
        -26.916,
        0,
        1.533,
        5.604,
        0,
        1.933,
        -30,
        0,
        2.167,
        5.673,
        0,
        2.467,
        -10.7,
        0,
        3.233,
        8.496,
        0,
        3.5,
        0
      ]
    },
    {
      "Target": "Parameter",
      "Id": "Param49",
      "Segments": [
        0,
        0,
        0,
        0.033,
        0.003,
        0,
        0.067,
        -0.065,
        0,
        0.267,
        6.539,
        0,
        0.6,
        -19.361,
        0,
        0.833,
        16.942,
        0,
        1.3,
        -15.464,
        0,
        1.7,
        14.518,
        0,
        2.033,
        -16.814,
        0,
        2.3,
        11.02,
        0,
        2.667,
        -10.542,
        0,
        3.333,
        10.242,
        0,
        3.5,
        0
      ]
    },
    {
      "Target": "Parameter",
      "Id": "Param52",
      "Segments": [
        0,
        0,
        1,
        0.011,
        0,
        0.022,
        -2.043,
        0.033,
        -2.095,
        1,
        0.055,
        -2.198,
        0.078,
        -2.201,
        0.1,
        -2.201,
        0,
        0.367,
        7.848,
        0,
        0.7,
        -12.703,
        0,
        1.1,
        17.774,
        0,
        1.5,
        -30,
        0,
        1.933,
        6.556,
        0,
        2.167,
        -25.028,
        0,
        2.5,
        -4.214,
        0,
        3.233,
        -8.496,
        0,
        3.5,
        0
      ]
    },
    {
      "Target": "Parameter",
      "Id": "Param53",
      "Segments": [
        0,
        0,
        0,
        0.033,
        -0.003,
        0,
        0.067,
        0.065,
        0,
        0.267,
        -6.539,
        0,
        0.567,
        13.847,
        0,
        0.867,
        -15.389,
        0,
        1.267,
        25.85,
        0,
        1.6,
        -29.577,
        0,
        2.067,
        23.334,
        0,
        2.367,
        -11.195,
        0,
        2.7,
        3.664,
        0,
        3.367,
        -8.306,
        0,
        3.5,
        0
      ]
    },
    {
      "Target": "Parameter",
      "Id": "Param54",
      "Segments": [
        0,
        0,
        1,
        0.011,
        0,
        0.022,
        -2.043,
        0.033,
        -2.095,
        1,
        0.055,
        -2.198,
        0.078,
        -2.201,
        0.1,
        -2.201,
        0,
        0.367,
        7.848,
        0,
        0.7,
        -12.703,
        0,
        1.1,
        17.774,
        0,
        1.5,
        -30,
        0,
        1.933,
        6.556,
        0,
        2.167,
        -25.028,
        0,
        2.5,
        -4.214,
        0,
        3.233,
        -8.496,
        0,
        3.5,
        0
      ]
    },
    {
      "Target": "Parameter",
      "Id": "Param55",
      "Segments": [
        0,
        0,
        0,
        0.033,
        -0.003,
        0,
        0.067,
        0.065,
        0,
        0.267,
        -6.539,
        0,
        0.567,
        13.847,
        0,
        0.867,
        -15.389,
        0,
        1.267,
        25.85,
        0,
        1.6,
        -29.577,
        0,
        2.067,
        23.334,
        0,
        2.367,
        -11.195,
        0,
        2.7,
        3.664,
        0,
        3.367,
        -8.306,
        0,
        3.5,
        0
      ]
    },
    {
      "Target": "Parameter",
      "Id": "Param56",
      "Segments": [
        0,
        0,
        1,
        0.011,
        0,
        0.022,
        -2.043,
        0.033,
        -2.095,
        1,
        0.055,
        -2.198,
        0.078,
        -2.201,
        0.1,
        -2.201,
        0,
        0.367,
        7.848,
        0,
        0.7,
        -12.703,
        0,
        1.1,
        17.774,
        0,
        1.5,
        -30,
        0,
        1.967,
        14.864,
        0,
        2.167,
        -11.149,
        0,
        2.467,
        3.151,
        0,
        3.233,
        -8.496,
        0,
        3.5,
        0
      ]
    },
    {
      "Target": "Parameter",
      "Id": "Param57",
      "Segments": [
        0,
        0,
        0,
        0.033,
        -0.003,
        0,
        0.067,
        0.065,
        0,
        0.267,
        -6.539,
        0,
        0.567,
        13.847,
        0,
        0.867,
        -15.389,
        0,
        1.267,
        25.85,
        0,
        1.6,
        -29.577,
        0,
        2.067,
        23.334,
        0,
        2.367,
        -11.195,
        0,
        2.7,
        3.664,
        0,
        3.367,
        -8.306,
        0,
        3.5,
        0
      ]
    },
    {
      "Target": "Parameter",
      "Id": "Param50",
      "Segments": [
        0,
        0,
        1,
        0.011,
        0,
        0.022,
        -2.043,
        0.033,
        -2.095,
        1,
        0.055,
        -2.198,
        0.078,
        -2.201,
        0.1,
        -2.201,
        0,
        0.367,
        7.848,
        0,
        0.7,
        -12.703,
        0,
        1.1,
        17.774,
        0,
        1.5,
        -30,
        0,
        1.967,
        14.864,
        0,
        2.167,
        -11.149,
        0,
        2.467,
        3.151,
        0,
        3.233,
        -8.496,
        0,
        3.5,
        0
      ]
    },
    {
      "Target": "Parameter",
      "Id": "Param51",
      "Segments": [
        0,
        0,
        0,
        0.033,
        -0.003,
        0,
        0.067,
        0.065,
        0,
        0.267,
        -6.539,
        0,
        0.567,
        13.847,
        0,
        0.867,
        -15.389,
        0,
        1.267,
        25.85,
        0,
        1.6,
        -29.577,
        0,
        2.067,
        23.334,
        0,
        2.367,
        -11.195,
        0,
        2.7,
        3.664,
        0,
        3.367,
        -8.306,
        0,
        3.5,
        0
      ]
    },
    {
      "Target": "Parameter",
      "Id": "Param58",
      "Segments": [
        0,
        0,
        1,
        0.011,
        0,
        0.022,
        -2.043,
        0.033,
        -2.095,
        1,
        0.055,
        -2.198,
        0.078,
        -2.201,
        0.1,
        -2.201,
        0,
        0.367,
        7.848,
        0,
        0.7,
        -12.703,
        0,
        0.833,
        22.608,
        0,
        0.9,
        -9.49,
        0,
        1.1,
        17.774,
        0,
        1.467,
        -30,
        2,
        1.5,
        -30,
        0,
        1.6,
        11.223,
        0,
        1.7,
        -9.511,
        0,
        1.8,
        13.106,
        0,
        1.967,
        1.019,
        0,
        2.067,
        15.242,
        0,
        2.167,
        -5.673,
        0,
        2.333,
        3.434,
        0,
        3.233,
        -8.496,
        0,
        3.5,
        0
      ]
    },
    {
      "Target": "Parameter",
      "Id": "Param73",
      "Segments": [
        0,
        0,
        1,
        0.011,
        0,
        0.022,
        -2.043,
        0.033,
        -2.095,
        1,
        0.055,
        -2.198,
        0.078,
        -2.201,
        0.1,
        -2.201,
        0,
        0.367,
        7.848,
        0,
        0.7,
        -12.703,
        0,
        1.1,
        17.774,
        0,
        1.5,
        -30,
        0,
        1.967,
        14.864,
        0,
        2.167,
        -11.149,
        0,
        2.467,
        3.151,
        0,
        3.233,
        -8.496,
        0,
        3.5,
        0
      ]
    },
    {
      "Target": "Parameter",
      "Id": "Param74",
      "Segments": [
        0,
        0,
        0,
        0.033,
        -0.003,
        0,
        0.067,
        0.065,
        0,
        0.267,
        -6.539,
        0,
        0.567,
        13.847,
        0,
        0.867,
        -15.389,
        0,
        1.267,
        25.85,
        0,
        1.6,
        -29.577,
        0,
        2.067,
        23.334,
        0,
        2.367,
        -11.195,
        0,
        2.7,
        3.664,
        0,
        3.367,
        -8.306,
        0,
        3.5,
        0
      ]
    },
    {
      "Target": "Parameter",
      "Id": "Param61",
      "Segments": [
        0,
        0,
        0,
        0.033,
        -1.047,
        0,
        0.133,
        1.382,
        0,
        0.4,
        -3.009,
        0,
        0.8,
        2.71,
        0,
        1.267,
        -2.666,
        0,
        1.733,
        1.718,
        0,
        2.6,
        -3.39,
        0,
        3.3,
        0.282,
        0,
        3.5,
        0
      ]
    },
    {
      "Target": "Parameter",
      "Id": "Param62",
      "Segments": [
        0,
        0,
        2,
        0.033,
        0,
        0,
        0.1,
        -2.135,
        0,
        0.333,
        3.385,
        0,
        0.633,
        -2.541,
        0,
        1,
        2.387,
        0,
        1.5,
        -1.526,
        0,
        1.933,
        1.138,
        0,
        2.267,
        -0.944,
        0,
        2.433,
        1.211,
        0,
        2.833,
        -2.022,
        0,
        3.5,
        0
      ]
    },
    {
      "Target": "Parameter",
      "Id": "Param63",
      "Segments": [
        0,
        0,
        0,
        0.033,
        -1.047,
        0,
        0.133,
        1.382,
        0,
        0.4,
        -3.009,
        0,
        0.8,
        2.71,
        0,
        1.267,
        -2.666,
        0,
        1.733,
        1.718,
        0,
        2.6,
        -3.39,
        0,
        3.3,
        0.282,
        0,
        3.5,
        0
      ]
    },
    {
      "Target": "Parameter",
      "Id": "Param64",
      "Segments": [
        0,
        0,
        2,
        0.033,
        0,
        0,
        0.1,
        -2.135,
        0,
        0.333,
        3.385,
        0,
        0.633,
        -2.541,
        0,
        1,
        2.387,
        0,
        1.5,
        -1.526,
        0,
        1.933,
        1.138,
        0,
        2.267,
        -0.944,
        0,
        2.433,
        1.211,
        0,
        2.833,
        -2.022,
        0,
        3.5,
        0
      ]
    },
    {
      "Target": "Parameter",
      "Id": "Param65",
      "Segments": [
        0,
        0,
        0,
        0.033,
        -1.047,
        0,
        0.133,
        1.382,
        0,
        0.4,
        -3.009,
        0,
        0.8,
        2.71,
        0,
        1.267,
        -2.666,
        0,
        1.733,
        1.718,
        0,
        2.6,
        -3.39,
        0,
        3.3,
        0.282,
        0,
        3.5,
        0
      ]
    },
    {
      "Target": "Parameter",
      "Id": "Param66",
      "Segments": [
        0,
        0,
        2,
        0.033,
        0,
        0,
        0.1,
        -2.135,
        0,
        0.333,
        3.385,
        0,
        0.633,
        -2.541,
        0,
        1,
        2.387,
        0,
        1.5,
        -1.526,
        0,
        1.933,
        1.138,
        0,
        2.267,
        -0.944,
        0,
        2.433,
        1.211,
        0,
        2.833,
        -2.022,
        0,
        3.5,
        0
      ]
    },
    {
      "Target": "Parameter",
      "Id": "Param67",
      "Segments": [
        0,
        0,
        0,
        0.033,
        1.047,
        0,
        0.133,
        -1.382,
        0,
        0.4,
        4.059,
        0,
        0.8,
        -1.749,
        0,
        1.267,
        2.881,
        0,
        1.733,
        -0.476,
        0,
        2.6,
        3.321,
        0,
        3.3,
        -0.282,
        0,
        3.5,
        0
      ]
    },
    {
      "Target": "Parameter",
      "Id": "Param68",
      "Segments": [
        0,
        0,
        2,
        0.033,
        0,
        0,
        0.1,
        2.459,
        0,
        0.333,
        -3.061,
        0,
        0.633,
        2.865,
        0,
        1,
        -2.063,
        0,
        1.5,
        1.691,
        0,
        1.933,
        -0.996,
        0,
        2.267,
        0.84,
        0,
        2.433,
        -1.069,
        0,
        2.833,
        2.186,
        0,
        3.5,
        0
      ]
    },
    {
      "Target": "Parameter",
      "Id": "Param69",
      "Segments": [
        0,
        0,
        0,
        0.033,
        1.047,
        0,
        0.133,
        -1.382,
        0,
        0.4,
        4.059,
        0,
        0.8,
        -1.749,
        0,
        1.267,
        2.881,
        0,
        1.733,
        -0.476,
        0,
        2.6,
        3.321,
        0,
        3.3,
        -0.282,
        0,
        3.5,
        0
      ]
    },
    {
      "Target": "Parameter",
      "Id": "Param70",
      "Segments": [
        0,
        0,
        2,
        0.033,
        0,
        0,
        0.1,
        2.459,
        0,
        0.333,
        -3.061,
        0,
        0.633,
        2.865,
        0,
        1,
        -2.063,
        0,
        1.5,
        1.691,
        0,
        1.933,
        -0.996,
        0,
        2.267,
        0.84,
        0,
        2.433,
        -1.069,
        0,
        2.833,
        2.186,
        0,
        3.5,
        0
      ]
    },
    {
      "Target": "Parameter",
      "Id": "Param71",
      "Segments": [
        0,
        0,
        0,
        0.033,
        1.047,
        0,
        0.133,
        -1.382,
        0,
        0.4,
        4.059,
        0,
        0.8,
        -1.749,
        0,
        1.267,
        2.881,
        0,
        1.733,
        -0.476,
        0,
        2.6,
        3.321,
        0,
        3.3,
        -0.282,
        0,
        3.5,
        0
      ]
    },
    {
      "Target": "Parameter",
      "Id": "Param72",
      "Segments": [
        0,
        0,
        2,
        0.033,
        0,
        0,
        0.1,
        2.459,
        0,
        0.333,
        -3.061,
        0,
        0.633,
        2.865,
        0,
        1,
        -2.063,
        0,
        1.5,
        1.691,
        0,
        1.933,
        -0.996,
        0,
        2.267,
        0.84,
        0,
        2.433,
        -1.069,
        0,
        2.833,
        2.186,
        0,
        3.5,
        0
      ]
    },
    {
      "Target": "Parameter",
      "Id": "Param75",
      "Segments": [
        0,
        0,
        0,
        0.133,
        7.147,
        0,
        0.367,
        -2.236,
        0,
        0.7,
        9.786,
        0,
        0.867,
        -4.247,
        0,
        1.133,
        6.742,
        0,
        1.433,
        -9.231,
        0,
        1.767,
        5.374,
        0,
        1.933,
        -3.097,
        0,
        2.033,
        -0.367,
        0,
        2.133,
        -6.659,
        0,
        2.333,
        0.639,
        0,
        2.667,
        -10.361,
        0,
        3.267,
        4.467,
        0,
        3.5,
        0
      ]
    },
    {
      "Target": "Parameter",
      "Id": "Param76",
      "Segments": [
        0,
        0,
        0,
        0.1,
        -5.193,
        0,
        0.3,
        9.274,
        0,
        0.633,
        -10.11,
        0,
        0.867,
        17.102,
        0,
        1.1,
        -11.825,
        0,
        1.333,
        14.593,
        0,
        1.567,
        -12.45,
        0,
        1.9,
        5.295,
        0,
        2.033,
        0.039,
        0,
        2.1,
        3.559,
        0,
        2.3,
        -13.244,
        0,
        2.567,
        3.028,
        0,
        2.867,
        -10.795,
        0,
        3.5,
        0
      ]
    },
    {
      "Target": "Parameter",
      "Id": "Param120",
      "Segments": [
        0,
        0,
        2,
        0.033,
        0,
        0,
        0.167,
        -1.635,
        0,
        0.533,
        0.093,
        0,
        0.7,
        -0.626,
        0,
        0.833,
        3.692,
        0,
        0.933,
        -1.787,
        0,
        1.133,
        3.542,
        0,
        1.5,
        -5.545,
        0,
        1.633,
        2.678,
        0,
        1.733,
        0.211,
        0,
        1.8,
        1.576,
        0,
        1.967,
        -0.787,
        0,
        2.067,
        1.469,
        0,
        2.2,
        -1.168,
        0,
        2.333,
        0.672,
        0,
        2.6,
        -0.737,
        0,
        2.933,
        -0.055,
        0,
        3.033,
        -0.081,
        0,
        3.167,
        -0.065,
        0,
        3.267,
        -0.075,
        0,
        3.467,
        0.024,
        0,
        3.5,
        0
      ]
    },
    {
      "Target": "Parameter",
      "Id": "Param119",
      "Segments": [
        0,
        0,
        2,
        0.033,
        0,
        0,
        0.133,
        1.596,
        0,
        0.333,
        -7.08,
        0,
        0.667,
        1.487,
        0,
        0.833,
        -9.017,
        0,
        0.933,
        4.025,
        0,
        1.1,
        -8.651,
        0,
        1.3,
        3.364,
        0,
        1.4,
        2.364,
        0,
        1.467,
        3.083,
        0,
        1.6,
        -10.63,
        0,
        1.767,
        2.35,
        0,
        1.8,
        2.177,
        0,
        1.9,
        2.928,
        0,
        2.067,
        -8.315,
        0,
        2.2,
        1.627,
        0,
        2.333,
        -6.872,
        0,
        2.5,
        1.633,
        0,
        2.767,
        -6.658,
        0,
        3,
        1.046,
        0,
        3.3,
        -0.098,
        0,
        3.433,
        -0.061,
        2,
        3.467,
        -0.061,
        0,
        3.5,
        0
      ]
    },
    {
      "Target": "Parameter",
      "Id": "Param115",
      "Segments": [
        0,
        0,
        0,
        0.033,
        -2.094,
        0,
        0.133,
        1.35,
        0,
        0.433,
        -5.096,
        0,
        0.733,
        0.32,
        0,
        0.867,
        -6.818,
        0,
        1.133,
        1.839,
        0,
        1.433,
        -5.859,
        0,
        1.567,
        -1.194,
        0,
        1.667,
        -2.306,
        0,
        1.767,
        0.057,
        0,
        1.933,
        -2.888,
        0,
        2.033,
        -1.605,
        0,
        2.133,
        -4.547,
        0,
        2.333,
        -1.161,
        0,
        2.667,
        -4.604,
        1,
        2.867,
        -4.604,
        3.067,
        -0.898,
        3.267,
        -0.151,
        1,
        3.345,
        0.14,
        3.422,
        0,
        3.5,
        0
      ]
    },
    {
      "Target": "Parameter",
      "Id": "Param116",
      "Segments": [
        0,
        0,
        2,
        0.033,
        0,
        0,
        0.1,
        -2.381,
        0,
        0.333,
        3.756,
        0,
        0.667,
        -3.647,
        0,
        0.867,
        6.635,
        0,
        1.1,
        -4.555,
        0,
        1.333,
        5.623,
        0,
        1.567,
        -4.392,
        0,
        1.667,
        -1.745,
        0,
        1.733,
        -2.234,
        0,
        1.933,
        2.414,
        0,
        2.033,
        0.029,
        0,
        2.1,
        1.693,
        0,
        2.3,
        -2.49,
        0,
        2.567,
        1.627,
        0,
        2.9,
        -2.253,
        0,
        3.5,
        0
      ]
    },
    {
      "Target": "Model",
      "Id": "Opacity",
      "Segments": [
        0,
        1,
        0,
        3.5,
        1
      ]
    },
    {
      "Target": "Model",
      "Id": "LipSync",
      "Segments": [
        0,
        0,
        0,
        3.5,
        0
      ]
    },
    {
      "Target": "Parameter",
      "Id": "Param131",
      "Segments": [
        0,
        0,
        0,
        3.5,
        0
      ]
    },
    {
      "Target": "Parameter",
      "Id": "Param132",
      "Segments": [
        0,
        0,
        0,
        3.5,
        0
      ]
    },
    {
      "Target": "Parameter",
      "Id": "Param133",
      "Segments": [
        0,
        0,
        0,
        3.5,
        0
      ]
    },
    {
      "Target": "Parameter",
      "Id": "Param134",
      "Segments": [
        0,
        0,
        0,
        3.5,
        0
      ]
    },
    {
      "Target": "Parameter",
      "Id": "Param135",
      "Segments": [
        0,
        0,
        0,
        3.5,
        0
      ]
    },
    {
      "Target": "Parameter",
      "Id": "Param136",
      "Segments": [
        0,
        0,
        0,
        3.5,
        0
      ]
    },
    {
      "Target": "Parameter",
      "Id": "Param137",
      "Segments": [
        0,
        0,
        0,
        3.5,
        0
      ]
    },
    {
      "Target": "Parameter",
      "Id": "Param138",
      "Segments": [
        0,
        0,
        0,
        3.5,
        0
      ]
    },
    {
      "Target": "Parameter",
      "Id": "Param139",
      "Segments": [
        0,
        0,
        0,
        3.5,
        0
      ]
    },
    {
      "Target": "Parameter",
      "Id": "Param140",
      "Segments": [
        0,
        0,
        0,
        3.5,
        0
      ]
    },
    {
      "Target": "Parameter",
      "Id": "Param8",
      "Segments": [
        0,
        0,
        0,
        3.5,
        0
      ]
    },
    {
      "Target": "Parameter",
      "Id": "ParamEyeBallY",
      "Segments": [
        0,
        0,
        0,
        3.5,
        0
      ]
    },
    {
      "Target": "Parameter",
      "Id": "Param6",
      "Segments": [
        0,
        0,
        0,
        3.5,
        0
      ]
    },
    {
      "Target": "Parameter",
      "Id": "Param7",
      "Segments": [
        0,
        0,
        0,
        3.5,
        0
      ]
    },
    {
      "Target": "Parameter",
      "Id": "ParamBrowRY",
      "Segments": [
        0,
        0,
        0,
        3.5,
        0
      ]
    },
    {
      "Target": "Parameter",
      "Id": "ParamBrowLY",
      "Segments": [
        0,
        0,
        0,
        3.5,
        0
      ]
    },
    {
      "Target": "Parameter",
      "Id": "Param5",
      "Segments": [
        0,
        0,
        0,
        3.5,
        0
      ]
    },
    {
      "Target": "Parameter",
      "Id": "Param110",
      "Segments": [
        0,
        0,
        0,
        3.5,
        0
      ]
    },
    {
      "Target": "Parameter",
      "Id": "Param108",
      "Segments": [
        0,
        0,
        0,
        3.5,
        0
      ]
    },
    {
      "Target": "Parameter",
      "Id": "Param109",
      "Segments": [
        0,
        0,
        0,
        3.5,
        0
      ]
    },
    {
      "Target": "Parameter",
      "Id": "Param121",
      "Segments": [
        0,
        0,
        0,
        3.5,
        0
      ]
    },
    {
      "Target": "Parameter",
      "Id": "Param122",
      "Segments": [
        0,
        0,
        0,
        3.5,
        0
      ]
    },
    {
      "Target": "Parameter",
      "Id": "Param123",
      "Segments": [
        0,
        0,
        0,
        3.5,
        0
      ]
    },
    {
      "Target": "Parameter",
      "Id": "Param4",
      "Segments": [
        0,
        0,
        0,
        3.5,
        0
      ]
    },
    {
      "Target": "Parameter",
      "Id": "Param42",
      "Segments": [
        0,
        0,
        0,
        3.5,
        0
      ]
    },
    {
      "Target": "Parameter",
      "Id": "Param114",
      "Segments": [
        0,
        0,
        0,
        3.5,
        0
      ]
    },
    {
      "Target": "Parameter",
      "Id": "Param9",
      "Segments": [
        0,
        0,
        0,
        3.5,
        0
      ]
    },
    {
      "Target": "Parameter",
      "Id": "Param10",
      "Segments": [
        0,
        0,
        0,
        3.5,
        0
      ]
    },
    {
      "Target": "Parameter",
      "Id": "Param11",
      "Segments": [
        0,
        0,
        0,
        3.5,
        0
      ]
    },
    {
      "Target": "Parameter",
      "Id": "Param12",
      "Segments": [
        0,
        0,
        0,
        3.5,
        0
      ]
    },
    {
      "Target": "Parameter",
      "Id": "Param13",
      "Segments": [
        0,
        0,
        0,
        3.5,
        0
      ]
    },
    {
      "Target": "Parameter",
      "Id": "Param117",
      "Segments": [
        0,
        0,
        0,
        3.5,
        0
      ]
    },
    {
      "Target": "Parameter",
      "Id": "Param118",
      "Segments": [
        0,
        0,
        0,
        3.5,
        0
      ]
    },
    {
      "Target": "Parameter",
      "Id": "Param59",
      "Segments": [
        0,
        0,
        0,
        3.5,
        0
      ]
    },
    {
      "Target": "Parameter",
      "Id": "Param100",
      "Segments": [
        0,
        0,
        0,
        3.5,
        0
      ]
    },
    {
      "Target": "Parameter",
      "Id": "Param104",
      "Segments": [
        0,
        0,
        0,
        3.5,
        0
      ]
    },
    {
      "Target": "Parameter",
      "Id": "Param101",
      "Segments": [
        0,
        0,
        0,
        3.5,
        0
      ]
    },
    {
      "Target": "Parameter",
      "Id": "Param91",
      "Segments": [
        0,
        0,
        0,
        3.5,
        0
      ]
    },
    {
      "Target": "Parameter",
      "Id": "Param103",
      "Segments": [
        0,
        0,
        0,
        3.5,
        0
      ]
    },
    {
      "Target": "Parameter",
      "Id": "Param127",
      "Segments": [
        0,
        0,
        0,
        3.5,
        0
      ]
    },
    {
      "Target": "Parameter",
      "Id": "Param128",
      "Segments": [
        0,
        0,
        0,
        3.5,
        0
      ]
    },
    {
      "Target": "Parameter",
      "Id": "Param129",
      "Segments": [
        0,
        0,
        0,
        3.5,
        0
      ]
    },
    {
      "Target": "Parameter",
      "Id": "Param130",
      "Segments": [
        0,
        0,
        0,
        3.5,
        0
      ]
    }
  ],
  "UserData": [
    {
      "Time": 0.0,
      "Value": ""
    },
    {
      "Time": 0.6,
      "Value": "characterVoice_145_2"
    }
  ]
}