{
  "Version": 3,
  "Meta": {
    "Duration": 4.17,
    "Fps": 30.0,
    "Loop": true,
    "AreBeziersRestricted": true,
    "CurveCount": 134,
    "TotalSegmentCount": 1031,
    "TotalPointCount": 1251,
    "UserDataCount": 2,
    "TotalUserDataSize": 20
  },
  "Curves": [
    {
      "Target": "Parameter",
      "Id": "ParamAngleX",
      "Segments": [
        0,
        0,
        0,
        0.167,
        19,
        0,
        0.567,
        -17,
        1,
        0.722,
        -17,
        0.878,
        -6.748,
        1.033,
        2.649,
        1,
        1.155,
        10.033,
        1.278,
        11,
        1.4,
        11,
        0,
        1.767,
        0.325,
        0,
        2.1,
        12,
        0,
        3.067,
        4.042,
        0,
        3.5,
        21,
        0,
        4.167,
        0
      ]
    },
    {
      "Target": "Parameter",
      "Id": "ParamAngleY",
      "Segments": [
        0,
        0,
        0,
        0.2,
        5.22,
        0,
        0.567,
        -6.721,
        0,
        0.9,
        3.5,
        0,
        1.2,
        -3.96,
        0,
        1.367,
        5.993,
        0,
        1.767,
        -6.994,
        0,
        2.1,
        -1.245,
        0,
        3.1,
        -2.053,
        0,
        3.733,
        4.914,
        0,
        4.167,
        0
      ]
    },
    {
      "Target": "Parameter",
      "Id": "ParamAngleZ",
      "Segments": [
        0,
        14.4,
        0,
        0.167,
        -1.08,
        0,
        0.567,
        18.977,
        0,
        0.9,
        2.766,
        0,
        1.1,
        16.002,
        0,
        1.4,
        2.766,
        1,
        1.456,
        2.766,
        1.511,
        2.592,
        1.567,
        4.365,
        1,
        1.634,
        6.494,
        1.7,
        14.4,
        1.767,
        14.4,
        1,
        1.822,
        14.4,
        1.878,
        14.685,
        1.933,
        13.629,
        1,
        2.022,
        11.939,
        2.111,
        0.852,
        2.2,
        0.852,
        1,
        2.489,
        0.852,
        2.778,
        1.457,
        3.067,
        6.384,
        1,
        3.267,
        9.794,
        3.467,
        17.229,
        3.667,
        17.229,
        0,
        4.167,
        14.4
      ]
    },
    {
      "Target": "Parameter",
      "Id": "Param",
      "Segments": [
        0,
        6.54,
        0,
        0.133,
        -0.6,
        0,
        0.533,
        5.16,
        0,
        1,
        4.177,
        1,
        1.122,
        4.177,
        1.245,
        4.369,
        1.367,
        5.16,
        1,
        1.5,
        6.023,
        1.634,
        6.76,
        1.767,
        6.76,
        0,
        2.067,
        1.241,
        0,
        3.033,
        3.964,
        0,
        3.6,
        0.574,
        0,
        4.167,
        6.54
      ]
    },
    {
      "Target": "Parameter",
      "Id": "ParamEyeROpen",
      "Segments": [
        0,
        0,
        0,
        0.133,
        1,
        0,
        0.533,
        0.153,
        2,
        1.6,
        0.153,
        0,
        1.967,
        1,
        2,
        3.2,
        1,
        1,
        3.244,
        1,
        3.289,
        0.13,
        3.333,
        0.058,
        1,
        3.378,
        -0.015,
        3.422,
        0,
        3.467,
        0,
        2,
        4.167,
        0
      ]
    },
    {
      "Target": "Parameter",
      "Id": "ParamEyeRSmile",
      "Segments": [
        0,
        0,
        0,
        0.133,
        0.568,
        2,
        1.6,
        0.568,
        0,
        1.967,
        0,
        2,
        4.167,
        0
      ]
    },
    {
      "Target": "Parameter",
      "Id": "ParamEyeLOpen",
      "Segments": [
        0,
        1,
        0,
        0.133,
        0,
        0,
        0.533,
        0.848,
        2,
        1.6,
        0.848,
        0,
        1.8,
        0.55,
        0,
        1.967,
        1,
        2,
        3.033,
        1,
        0,
        3.167,
        0.03,
        2,
        3.2,
        0.03,
        0,
        3.333,
        1,
        2,
        4.167,
        1
      ]
    },
    {
      "Target": "Parameter",
      "Id": "ParamEyeLSmile",
      "Segments": [
        0,
        0,
        0,
        0.2,
        1,
        2,
        2.933,
        1,
        0,
        3.1,
        0,
        2,
        4.167,
        0
      ]
    },
    {
      "Target": "Parameter",
      "Id": "Param8",
      "Segments": [
        0,
        0,
        2,
        0.133,
        0,
        0,
        0.533,
        30,
        0,
        0.967,
        0,
        2,
        4.167,
        0
      ]
    },
    {
      "Target": "Parameter",
      "Id": "ParamBrowRX",
      "Segments": [
        0,
        0,
        2,
        1.333,
        0,
        0,
        2.033,
        2.22,
        2,
        3,
        2.22,
        0,
        4.167,
        0
      ]
    },
    {
      "Target": "Parameter",
      "Id": "ParamBrowLX",
      "Segments": [
        0,
        0,
        2,
        1.333,
        0,
        0,
        2.033,
        2.04,
        2,
        3,
        2.04,
        0,
        4.167,
        0
      ]
    },
    {
      "Target": "Parameter",
      "Id": "ParamBrowRAngle",
      "Segments": [
        0,
        0,
        2,
        0.133,
        0,
        0,
        0.533,
        -6,
        0,
        0.967,
        0,
        2,
        1.333,
        0,
        0,
        2.033,
        -9.6,
        2,
        3,
        -9.6,
        0,
        4.167,
        0
      ]
    },
    {
      "Target": "Parameter",
      "Id": "ParamBrowLAngle",
      "Segments": [
        0,
        0,
        2,
        0.133,
        0,
        0,
        0.533,
        -8,
        0,
        0.967,
        0,
        2,
        1.333,
        0,
        0,
        2.033,
        11.22,
        2,
        3,
        11.22,
        0,
        4.167,
        0
      ]
    },
    {
      "Target": "Parameter",
      "Id": "ParamBrowRForm",
      "Segments": [
        0,
        0,
        2,
        0.133,
        0,
        0,
        0.533,
        0.4,
        0,
        0.967,
        0,
        2,
        1.333,
        0,
        0,
        2.033,
        0.206,
        2,
        3,
        0.206,
        0,
        4.167,
        0
      ]
    },
    {
      "Target": "Parameter",
      "Id": "ParamBrowLForm",
      "Segments": [
        0,
        0,
        2,
        0.133,
        0,
        0,
        0.533,
        0.5,
        0,
        0.967,
        0,
        2,
        1.333,
        0,
        0,
        2.033,
        0.352,
        2,
        3,
        0.352,
        0,
        4.167,
        0
      ]
    },
    {
      "Target": "Parameter",
      "Id": "ParamMouthForm",
      "Segments": [
        0,
        0,
        0,
        0.133,
        -1.7,
        0,
        0.533,
        -0.8,
        1,
        0.678,
        -0.8,
        0.822,
        -1.012,
        0.967,
        -1.445,
        1,
        1.089,
        -1.812,
        1.211,
        -2,
        1.333,
        -2,
        0,
        1.667,
        -1.2,
        0,
        2.033,
        -1.5,
        2,
        2.567,
        -1.5,
        0,
        2.9,
        0,
        0,
        3.3,
        -0.5,
        2,
        3.667,
        -0.5,
        0,
        4.167,
        0
      ]
    },
    {
      "Target": "Parameter",
      "Id": "ParamMouthOpenY",
      "Segments": [
        0,
        0,
        1,
        0.044,
        0,
        0.089,
        0.391,
        0.133,
        0.5,
        1,
        0.266,
        0.826,
        0.4,
        0.9,
        0.533,
        0.9,
        0,
        0.967,
        0.7,
        0,
        1.333,
        0.929,
        0,
        1.667,
        0.4,
        0,
        2.033,
        1,
        1,
        2.211,
        1,
        2.389,
        0.944,
        2.567,
        0.6,
        1,
        2.678,
        0.385,
        2.789,
        0,
        2.9,
        0,
        2,
        4.167,
        0
      ]
    },
    {
      "Target": "Parameter",
      "Id": "Param4",
      "Segments": [
        0,
        0,
        0,
        0.667,
        1,
        2,
        3.3,
        1,
        0,
        3.867,
        0,
        2,
        4.167,
        0
      ]
    },
    {
      "Target": "Parameter",
      "Id": "ParamBodyAngleX",
      "Segments": [
        0,
        0,
        1,
        0.044,
        0,
        0.089,
        -0.411,
        0.133,
        -1.34,
        1,
        0.266,
        -4.128,
        0.4,
        -5.58,
        0.533,
        -5.58,
        0,
        1,
        -4.82,
        1,
        1.122,
        -4.82,
        1.245,
        -4.994,
        1.367,
        -5.58,
        1,
        1.5,
        -6.22,
        1.634,
        -6.702,
        1.767,
        -6.702,
        0,
        2.067,
        -4.88,
        0,
        3.033,
        -5.088,
        0,
        3.7,
        1.651,
        0,
        4.167,
        0
      ]
    },
    {
      "Target": "Parameter",
      "Id": "ParamBodyAngleY",
      "Segments": [
        0,
        0,
        0,
        0.167,
        1.76,
        0,
        0.567,
        -0.647,
        1,
        0.722,
        -0.647,
        0.878,
        1.942,
        1.033,
        2.24,
        1,
        1.155,
        2.474,
        1.278,
        2.367,
        1.4,
        2.58,
        1,
        1.522,
        2.793,
        1.645,
        5.495,
        1.767,
        5.495,
        0,
        2.1,
        2.14,
        0,
        3.067,
        2.271,
        0,
        3.733,
        -2.663,
        0,
        4.167,
        0
      ]
    },
    {
      "Target": "Parameter",
      "Id": "Param2",
      "Segments": [
        0,
        0,
        0,
        0.133,
        -1.44,
        0,
        0.533,
        7.919,
        0,
        0.867,
        6.1,
        0,
        1.2,
        7.919,
        0,
        1.5,
        6.527,
        0,
        1.833,
        8.243,
        1,
        2,
        8.243,
        2.166,
        7.333,
        2.333,
        6.1,
        1,
        2.511,
        4.785,
        2.689,
        3.4,
        2.867,
        2.602,
        1,
        3.056,
        1.755,
        3.244,
        1.06,
        3.433,
        0.64,
        1,
        3.678,
        0.096,
        3.922,
        0,
        4.167,
        0
      ]
    },
    {
      "Target": "Parameter",
      "Id": "ParamBodyAngleZ",
      "Segments": [
        0,
        0,
        0,
        0.133,
        -0.45,
        0,
        0.667,
        3.517,
        0,
        1.067,
        2.667,
        0,
        1.6,
        3.517,
        1,
        2.067,
        3.517,
        2.533,
        2.506,
        3,
        0.595,
        1,
        3.222,
        -0.315,
        3.445,
        -0.717,
        3.667,
        -0.717,
        0,
        4.167,
        0
      ]
    },
    {
      "Target": "Parameter",
      "Id": "Param97",
      "Segments": [
        0,
        0,
        0,
        0.133,
        1.86,
        0,
        0.5,
        -22.999,
        0,
        0.8,
        3.145,
        0,
        1.033,
        -20.491,
        0,
        1.333,
        0.629,
        0,
        1.633,
        -12.228,
        0,
        2.033,
        10.135,
        0,
        2.667,
        -13.172,
        1,
        2.822,
        -13.172,
        2.978,
        -6.68,
        3.133,
        -2.663,
        1,
        3.311,
        1.927,
        3.489,
        2.486,
        3.667,
        2.486,
        0,
        4.167,
        0
      ]
    },
    {
      "Target": "Parameter",
      "Id": "Param112",
      "Segments": [
        0,
        0,
        0,
        0.133,
        9.66,
        1,
        0.266,
        9.66,
        0.4,
        -8.248,
        0.533,
        -17.76,
        1,
        0.689,
        -28.857,
        0.844,
        -30,
        1,
        -30,
        2,
        1.367,
        -30,
        1,
        1.6,
        -30,
        1.834,
        -30.384,
        2.067,
        -27.99,
        1,
        2.322,
        -25.367,
        2.578,
        4.351,
        2.833,
        9.66,
        1,
        3.055,
        14.276,
        3.278,
        14.034,
        3.5,
        14.034,
        0,
        4.167,
        0
      ]
    },
    {
      "Target": "Parameter",
      "Id": "Param3",
      "Segments": [
        0,
        0,
        0,
        0.533,
        -6.357,
        2,
        1.333,
        -6.357,
        0,
        1.667,
        -0.657,
        0,
        2.267,
        -8.4,
        1,
        2.511,
        -8.4,
        2.756,
        -8.604,
        3,
        -7.058,
        1,
        3.233,
        -5.582,
        3.467,
        4.12,
        3.7,
        4.12,
        0,
        4.167,
        0
      ]
    },
    {
      "Target": "Parameter",
      "Id": "Param89",
      "Segments": [
        0,
        0,
        0,
        0.533,
        -18.268,
        0,
        0.9,
        -12.87,
        0,
        1.133,
        -17.378,
        0,
        1.333,
        -13.468,
        0,
        1.667,
        -21.628,
        0,
        2.3,
        0.42,
        1,
        2.533,
        0.42,
        2.767,
        -5.156,
        3,
        -5.327,
        1,
        3.244,
        -5.506,
        3.489,
        -5.468,
        3.733,
        -5.468,
        0,
        4.167,
        0
      ]
    },
    {
      "Target": "Parameter",
      "Id": "Param90",
      "Segments": [
        0,
        0,
        0,
        0.3,
        3.921,
        0,
        0.533,
        -1.793,
        0,
        0.9,
        2.033,
        0,
        1.133,
        -0.688,
        0,
        1.333,
        1.393,
        0,
        1.667,
        -0.553,
        0,
        2.333,
        27,
        1,
        2.555,
        27,
        2.778,
        27.73,
        3,
        24.501,
        1,
        3.322,
        19.818,
        3.645,
        -2.321,
        3.967,
        -2.321,
        0,
        4.167,
        0
      ]
    },
    {
      "Target": "Parameter",
      "Id": "Param60",
      "Segments": [
        0,
        0,
        1,
        0.078,
        0,
        0.155,
        -0.001,
        0.233,
        -2.34,
        1,
        0.289,
        -4.011,
        0.344,
        -30,
        0.4,
        -30,
        2,
        0.633,
        -30,
        2,
        1.067,
        -30,
        2,
        1.467,
        -30,
        0,
        2.367,
        10,
        0,
        3,
        -2.656,
        0,
        3.667,
        5.04,
        0,
        4.167,
        0
      ]
    },
    {
      "Target": "Parameter",
      "Id": "Param117",
      "Segments": [
        0,
        0,
        2,
        0.133,
        0,
        2,
        0.533,
        0,
        2,
        0.633,
        0,
        0,
        0.967,
        -27.6,
        2,
        1.333,
        -27.6,
        2,
        2.1,
        -27.6,
        2,
        3,
        -27.6,
        0,
        4.167,
        0
      ]
    },
    {
      "Target": "Parameter",
      "Id": "Param104",
      "Segments": [
        0,
        0,
        2,
        0.133,
        0,
        0,
        0.533,
        -11.76,
        2,
        0.967,
        -11.76,
        2,
        1.333,
        -11.76,
        2,
        2.033,
        -11.76,
        1,
        2.355,
        -11.76,
        2.678,
        -9.682,
        3,
        -5.141,
        1,
        3.233,
        -1.852,
        3.467,
        0,
        3.7,
        0,
        2,
        4.167,
        0
      ]
    },
    {
      "Target": "Parameter",
      "Id": "Param105",
      "Segments": [
        0,
        0,
        2,
        0.133,
        0,
        0,
        0.533,
        -11,
        0,
        0.967,
        -10.96,
        2,
        1.333,
        -10.96,
        2,
        2.033,
        -10.96,
        0,
        3.1,
        -11,
        1,
        3.3,
        -11,
        3.5,
        -9.924,
        3.7,
        -6,
        1,
        3.856,
        -2.948,
        4.011,
        0,
        4.167,
        0
      ]
    },
    {
      "Target": "Parameter",
      "Id": "Param99",
      "Segments": [
        0,
        0,
        0,
        0.133,
        0.78,
        0,
        0.533,
        -5.04,
        1,
        0.8,
        -5.04,
        1.066,
        -5,
        1.333,
        -4.526,
        1,
        1.444,
        -4.329,
        1.556,
        -0.284,
        1.667,
        -0.284,
        0,
        2.067,
        -9.9,
        1,
        2.389,
        -9.9,
        2.711,
        -9.964,
        3.033,
        -9.06,
        1,
        3.255,
        -8.437,
        3.478,
        1.541,
        3.7,
        1.541,
        0,
        4.167,
        0
      ]
    },
    {
      "Target": "Parameter",
      "Id": "Param98",
      "Segments": [
        0,
        0,
        0,
        0.167,
        0.9,
        1,
        0.234,
        0.9,
        0.3,
        -5.107,
        0.367,
        -14.659,
        1,
        0.422,
        -22.619,
        0.478,
        -25.58,
        0.533,
        -25.58,
        0,
        0.9,
        -23.682,
        0,
        1.133,
        -27.886,
        0,
        1.367,
        -26.48,
        0,
        1.7,
        -30,
        0,
        2.067,
        -26.06,
        0,
        3.033,
        -28.5,
        0,
        3.733,
        2.82,
        0,
        4.167,
        0
      ]
    },
    {
      "Target": "Parameter",
      "Id": "Param92",
      "Segments": [
        0,
        0,
        1,
        0.067,
        0,
        0.133,
        0.346,
        0.2,
        2.565,
        1,
        0.267,
        4.784,
        0.333,
        7.508,
        0.4,
        7.508,
        1,
        0.467,
        7.508,
        0.533,
        7.601,
        0.6,
        6.705,
        1,
        0.7,
        5.36,
        0.8,
        2.83,
        0.9,
        2.83,
        0,
        1.167,
        9.315,
        0,
        1.4,
        4.224,
        0,
        1.733,
        10.044,
        0,
        2.133,
        7.401,
        0,
        2.633,
        11.493,
        1,
        2.789,
        11.493,
        2.944,
        11.475,
        3.1,
        10.473,
        1,
        3.322,
        9.041,
        3.545,
        6.664,
        3.767,
        4.005,
        1,
        3.9,
        2.41,
        4.034,
        0,
        4.167,
        0
      ]
    },
    {
      "Target": "Parameter",
      "Id": "Param93",
      "Segments": [
        0,
        0,
        1,
        0.078,
        0,
        0.155,
        7.77,
        0.233,
        8.58,
        1,
        0.366,
        9.969,
        0.5,
        10.02,
        0.633,
        10.02,
        0,
        0.933,
        -7.58,
        0,
        1.233,
        10.02,
        0,
        1.767,
        -21.934,
        1,
        1.911,
        -21.934,
        2.056,
        -21.693,
        2.2,
        -20.905,
        1,
        2.522,
        -19.147,
        2.845,
        -17.921,
        3.167,
        -15.251,
        1,
        3.334,
        -13.87,
        3.5,
        3.318,
        3.667,
        3.318,
        0,
        4.167,
        0
      ]
    },
    {
      "Target": "Parameter",
      "Id": "Param102",
      "Segments": [
        0,
        0,
        2,
        0.133,
        0,
        2,
        0.533,
        0,
        2,
        0.967,
        0,
        2,
        1.333,
        0,
        2,
        2.033,
        0,
        2,
        3,
        0,
        0,
        3.667,
        -12.6,
        0,
        4.167,
        0
      ]
    },
    {
      "Target": "Parameter",
      "Id": "Param106",
      "Segments": [
        0,
        0,
        2,
        0.133,
        0,
        2,
        0.533,
        0,
        2,
        0.967,
        0,
        2,
        1.333,
        0,
        2,
        2.033,
        0,
        2,
        3,
        0,
        0,
        3.667,
        1.02,
        0,
        4.167,
        0
      ]
    },
    {
      "Target": "Parameter",
      "Id": "Param107",
      "Segments": [
        0,
        0,
        2,
        0.133,
        0,
        2,
        0.533,
        0,
        2,
        0.967,
        0,
        2,
        1.333,
        0,
        2,
        2.033,
        0,
        2,
        3,
        0,
        0,
        3.667,
        -17,
        0,
        4.167,
        0
      ]
    },
    {
      "Target": "Parameter",
      "Id": "Param113",
      "Segments": [
        0,
        0,
        1,
        0.022,
        0,
        0.045,
        -0.199,
        0.067,
        3.72,
        1,
        0.1,
        9.599,
        0.134,
        19,
        0.167,
        19,
        0,
        0.5,
        -18.652,
        0,
        0.833,
        19,
        0,
        1,
        -5.207,
        0,
        1.333,
        20.468,
        0,
        1.767,
        -5.207,
        0,
        2.233,
        26.272,
        1,
        2.344,
        26.272,
        2.456,
        25.814,
        2.567,
        21.42,
        1,
        2.934,
        6.92,
        3.3,
        -3.19,
        3.667,
        -3.19,
        0,
        4.167,
        0
      ]
    },
    {
      "Target": "Parameter",
      "Id": "Param94",
      "Segments": [
        0,
        20,
        0,
        0.533,
        22.702,
        2,
        1.4,
        22.702,
        0,
        1.6,
        25.862,
        1,
        1.756,
        25.862,
        1.911,
        19.62,
        2.067,
        14,
        1,
        2.178,
        9.986,
        2.289,
        9.596,
        2.4,
        9.596,
        1,
        2.589,
        9.596,
        2.778,
        10.541,
        2.967,
        11.873,
        1,
        3.2,
        13.518,
        3.434,
        14.421,
        3.667,
        16.365,
        1,
        3.834,
        17.754,
        4,
        20,
        4.167,
        20
      ]
    },
    {
      "Target": "Parameter",
      "Id": "Param95",
      "Segments": [
        0,
        10,
        0,
        0.267,
        -4.5,
        0,
        0.667,
        3.66,
        0,
        1.133,
        -2.377,
        0,
        1.633,
        0.72,
        1,
        1.866,
        0.72,
        2.1,
        -0.599,
        2.333,
        -1.5,
        1,
        2.789,
        -3.26,
        3.244,
        -3.701,
        3.7,
        -3.701,
        0,
        4.167,
        10
      ]
    },
    {
      "Target": "Parameter",
      "Id": "Param96",
      "Segments": [
        0,
        -60,
        0,
        0.633,
        1.38,
        2,
        1.733,
        1.38,
        1,
        1.944,
        1.38,
        2.156,
        -0.009,
        2.367,
        -2.34,
        1,
        2.822,
        -7.37,
        3.278,
        -10.908,
        3.733,
        -17.021,
        1,
        3.878,
        -18.959,
        4.022,
        -60,
        4.167,
        -60
      ]
    },
    {
      "Target": "Parameter",
      "Id": "Param129",
      "Segments": [
        0,
        0,
        0,
        0.533,
        2.94,
        0,
        0.7,
        2.022,
        0,
        1.1,
        2.886,
        0,
        1.433,
        2.022,
        2,
        1.767,
        2.022,
        0,
        4.167,
        0
      ]
    },
    {
      "Target": "Parameter",
      "Id": "Param77",
      "Segments": [
        0,
        0.21,
        0,
        0.033,
        -1.047,
        0,
        0.267,
        4.219,
        0,
        0.667,
        -3.282,
        0,
        1.467,
        0.181,
        0,
        2,
        -3.68,
        0,
        2.333,
        0.222,
        0,
        2.7,
        -1.166,
        0,
        3.033,
        -0.861,
        0,
        3.4,
        -5.323,
        0,
        3.9,
        1.553,
        0,
        4.167,
        0.21
      ]
    },
    {
      "Target": "Parameter",
      "Id": "Param78",
      "Segments": [
        0,
        -3.498,
        0,
        0.033,
        0,
        0,
        0.2,
        -4.048,
        0,
        0.5,
        5.196,
        0,
        0.867,
        -3.299,
        0,
        1.267,
        1.069,
        0,
        1.5,
        -0.067,
        0,
        1.967,
        1.862,
        0,
        2.2,
        -3.382,
        0,
        2.533,
        1.962,
        0,
        2.9,
        -0.793,
        0,
        3.267,
        2.683,
        1,
        3.411,
        2.683,
        3.556,
        -3.476,
        3.7,
        -3.488,
        1,
        3.856,
        -3.501,
        4.011,
        -3.498,
        4.167,
        -3.498
      ]
    },
    {
      "Target": "Parameter",
      "Id": "Param79",
      "Segments": [
        0,
        -3.305,
        0,
        0.333,
        -3.937,
        0,
        0.667,
        7.154,
        0,
        1.033,
        -5.843,
        0,
        1.4,
        2.627,
        0,
        1.733,
        -0.324,
        0,
        2.067,
        2.021,
        0,
        2.367,
        -4.001,
        0,
        2.7,
        3.198,
        0,
        3.067,
        -1.693,
        0,
        3.4,
        3.614,
        0,
        3.8,
        -5.627,
        0,
        4.167,
        -3.305
      ]
    },
    {
      "Target": "Parameter",
      "Id": "Param80",
      "Segments": [
        0,
        -1.878,
        0,
        0.033,
        0,
        0,
        0.433,
        -3.579,
        0,
        0.8,
        7.885,
        0,
        1.167,
        -7.801,
        0,
        1.567,
        4.412,
        0,
        1.9,
        -1.124,
        0,
        2.167,
        1.763,
        0,
        2.5,
        -4.104,
        0,
        2.833,
        4.005,
        0,
        3.2,
        -2.487,
        0,
        3.533,
        4.109,
        0,
        3.933,
        -6.961,
        0,
        4.167,
        -1.878
      ]
    },
    {
      "Target": "Parameter",
      "Id": "Param81",
      "Segments": [
        0,
        0.246,
        1,
        0.022,
        0.246,
        0.045,
        0.191,
        0.067,
        0,
        1,
        0.222,
        -1.338,
        0.378,
        -2.056,
        0.533,
        -2.056,
        0,
        0.9,
        5.215,
        0,
        1.3,
        -5.994,
        0,
        1.7,
        4.079,
        0,
        2.067,
        -1.432,
        0,
        2.333,
        0.918,
        0,
        2.633,
        -2.482,
        0,
        3,
        2.945,
        0,
        3.333,
        -1.996,
        0,
        3.667,
        2.829,
        0,
        4.167,
        0.246
      ]
    },
    {
      "Target": "Parameter",
      "Id": "Param82",
      "Segments": [
        0,
        1.348,
        1,
        0.044,
        1.348,
        0.089,
        0.282,
        0.133,
        -0.001,
        1,
        0.3,
        -1.06,
        0.466,
        -1.35,
        0.633,
        -1.35,
        0,
        1.033,
        3.869,
        0,
        1.433,
        -4.975,
        0,
        1.833,
        3.913,
        0,
        2.2,
        -1.747,
        0,
        2.5,
        0.593,
        0,
        2.767,
        -1.574,
        0,
        3.133,
        2.309,
        0,
        3.467,
        -1.712,
        0,
        3.8,
        2.157,
        0,
        4.167,
        1.348
      ]
    },
    {
      "Target": "Parameter",
      "Id": "Param83",
      "Segments": [
        0,
        5.479,
        0,
        0.133,
        -0.005,
        0,
        0.2,
        -0.004,
        0,
        0.767,
        -1.358,
        0,
        1.167,
        4.245,
        0,
        1.567,
        -6.036,
        0,
        1.967,
        5.348,
        0,
        2.333,
        -2.873,
        0,
        2.667,
        0.811,
        0,
        2.933,
        -1.42,
        0,
        3.267,
        2.589,
        0,
        3.633,
        -2.143,
        1,
        3.744,
        -2.143,
        3.856,
        -0.702,
        3.967,
        2.468,
        1,
        4.034,
        4.37,
        4.1,
        5.479,
        4.167,
        5.479
      ]
    },
    {
      "Target": "Parameter",
      "Id": "Param85",
      "Segments": [
        0,
        0,
        0,
        0.867,
        -4.156,
        0,
        1.267,
        14.104,
        0,
        1.667,
        -21.787,
        0,
        2.067,
        21.199,
        0,
        2.467,
        -13.239,
        0,
        2.833,
        4.25,
        0,
        3.1,
        -3.573,
        0,
        3.4,
        8.264,
        0,
        3.767,
        -7.815,
        0,
        4.167,
        0
      ]
    },
    {
      "Target": "Parameter",
      "Id": "Param88",
      "Segments": [
        0,
        0,
        0,
        0.967,
        -4.26,
        0,
        1.367,
        15.436,
        0,
        1.8,
        -25.516,
        0,
        2.2,
        27.3,
        0,
        2.6,
        -19.192,
        0,
        2.967,
        7.683,
        0,
        3.267,
        -3.153,
        0,
        3.567,
        8.288,
        0,
        3.9,
        -9.123,
        0,
        4.167,
        0
      ]
    },
    {
      "Target": "Parameter",
      "Id": "Param86",
      "Segments": [
        0,
        0,
        0,
        0.167,
        0.401,
        0,
        1.067,
        -4.366,
        0,
        1.5,
        16.817,
        0,
        1.9,
        -29.702,
        0,
        2.267,
        30,
        2,
        2.367,
        30,
        0,
        2.733,
        -26.368,
        0,
        3.133,
        12.671,
        0,
        3.433,
        -3.72,
        0,
        3.7,
        7.838,
        0,
        4.033,
        -10.173,
        0,
        4.167,
        0
      ]
    },
    {
      "Target": "Parameter",
      "Id": "Param87",
      "Segments": [
        0,
        0,
        0,
        0.033,
        -0.524,
        0,
        0.267,
        2.109,
        0,
        0.667,
        -1.641,
        0,
        1.467,
        0.09,
        0,
        2,
        -1.84,
        0,
        2.333,
        0.111,
        0,
        2.7,
        -0.583,
        0,
        3.033,
        -0.431,
        0,
        3.4,
        -2.661,
        0,
        3.9,
        0.777,
        0,
        4.167,
        0
      ]
    },
    {
      "Target": "Parameter",
      "Id": "Param84",
      "Segments": [
        0,
        0,
        2,
        0.033,
        0,
        0,
        0.2,
        -3.036,
        0,
        0.5,
        3.897,
        0,
        0.867,
        -2.474,
        0,
        1.267,
        0.802,
        0,
        1.5,
        -0.05,
        0,
        1.967,
        1.397,
        0,
        2.2,
        -2.537,
        0,
        2.533,
        1.472,
        0,
        2.9,
        -0.595,
        0,
        3.267,
        2.012,
        0,
        3.7,
        -2.616,
        0,
        4.167,
        0
      ]
    },
    {
      "Target": "Parameter",
      "Id": "ParamHairFront",
      "Segments": [
        0,
        0,
        1,
        0.011,
        0,
        0.022,
        0.276,
        0.033,
        2.096,
        1,
        0.089,
        11.193,
        0.144,
        16.652,
        0.2,
        16.652,
        0,
        0.533,
        -28.928,
        0,
        0.867,
        12.065,
        0,
        1.233,
        -25.569,
        0,
        1.633,
        7.351,
        0,
        2.033,
        -22.586,
        0,
        2.367,
        9.598,
        0,
        2.833,
        -21.105,
        0,
        3.133,
        -0.272,
        0,
        3.433,
        -23.965,
        0,
        3.967,
        12.787,
        0,
        4.167,
        0
      ]
    },
    {
      "Target": "Parameter",
      "Id": "Param43",
      "Segments": [
        0,
        0,
        0,
        0.033,
        0.003,
        0,
        0.167,
        -10.465,
        0,
        0.433,
        26.712,
        0,
        0.7,
        -30,
        0,
        1.067,
        30,
        0,
        1.467,
        -28.87,
        0,
        1.933,
        16.316,
        0,
        2.267,
        -27.206,
        0,
        2.667,
        10.251,
        0,
        3.1,
        -26.471,
        0,
        3.333,
        2.146,
        0,
        3.767,
        -22.145,
        0,
        4.167,
        0
      ]
    },
    {
      "Target": "Parameter",
      "Id": "Param44",
      "Segments": [
        0,
        0,
        1,
        0.011,
        0,
        0.022,
        -0.276,
        0.033,
        -2.096,
        1,
        0.089,
        -11.193,
        0.144,
        -16.652,
        0.2,
        -16.652,
        0,
        0.533,
        20.31,
        0,
        0.933,
        -27.28,
        0,
        1.233,
        20.975,
        0,
        1.633,
        -23.671,
        0,
        2.033,
        14.659,
        0,
        2.367,
        -30,
        0,
        2.833,
        -21.391,
        0,
        3.133,
        -25.215,
        0,
        3.433,
        -9.665,
        0,
        3.967,
        -12.787,
        0,
        4.167,
        0
      ]
    },
    {
      "Target": "Parameter",
      "Id": "Param45",
      "Segments": [
        0,
        0,
        0,
        0.033,
        -0.003,
        0,
        0.167,
        10.465,
        0,
        0.433,
        -26.712,
        0,
        0.7,
        30,
        0,
        1.067,
        -30,
        0,
        1.467,
        18.435,
        0,
        1.933,
        -24.142,
        0,
        2.267,
        20.447,
        0,
        2.667,
        -20.922,
        0,
        3.1,
        3.586,
        0,
        3.333,
        -11.514,
        0,
        3.767,
        11.236,
        0,
        4.167,
        0
      ]
    },
    {
      "Target": "Parameter",
      "Id": "Param46",
      "Segments": [
        0,
        0,
        1,
        0.011,
        0,
        0.022,
        -0.276,
        0.033,
        -2.096,
        1,
        0.089,
        -11.193,
        0.144,
        -16.652,
        0.2,
        -16.652,
        0,
        0.533,
        20.31,
        0,
        0.933,
        -27.28,
        0,
        1.233,
        20.975,
        0,
        1.633,
        -23.671,
        0,
        2.033,
        14.659,
        0,
        2.367,
        -30,
        0,
        2.833,
        -21.391,
        0,
        3.133,
        -25.215,
        0,
        3.433,
        -9.665,
        0,
        3.967,
        -12.787,
        0,
        4.167,
        0
      ]
    },
    {
      "Target": "Parameter",
      "Id": "Param47",
      "Segments": [
        0,
        0,
        0,
        0.033,
        -0.003,
        0,
        0.167,
        10.465,
        0,
        0.433,
        -26.712,
        0,
        0.7,
        30,
        0,
        1.067,
        -30,
        0,
        1.467,
        18.435,
        0,
        1.933,
        -24.142,
        0,
        2.267,
        20.447,
        0,
        2.667,
        -20.922,
        0,
        3.1,
        3.586,
        0,
        3.333,
        -11.514,
        0,
        3.767,
        11.236,
        0,
        4.167,
        0
      ]
    },
    {
      "Target": "Parameter",
      "Id": "Param48",
      "Segments": [
        0,
        0,
        1,
        0.011,
        0,
        0.022,
        0.276,
        0.033,
        2.096,
        1,
        0.089,
        11.193,
        0.144,
        16.652,
        0.2,
        16.652,
        0,
        0.533,
        -28.928,
        0,
        0.867,
        12.065,
        0,
        1.233,
        -25.569,
        0,
        1.633,
        7.351,
        0,
        2.033,
        -22.586,
        0,
        2.367,
        9.598,
        0,
        2.833,
        -21.105,
        0,
        3.133,
        -0.272,
        0,
        3.433,
        -23.965,
        0,
        3.967,
        12.787,
        0,
        4.167,
        0
      ]
    },
    {
      "Target": "Parameter",
      "Id": "Param49",
      "Segments": [
        0,
        0,
        0,
        0.033,
        0.003,
        0,
        0.167,
        -10.465,
        0,
        0.433,
        26.712,
        0,
        0.7,
        -30,
        0,
        1.067,
        30,
        0,
        1.467,
        -28.87,
        0,
        1.933,
        16.316,
        0,
        2.267,
        -27.206,
        0,
        2.667,
        10.251,
        0,
        3.1,
        -26.471,
        0,
        3.333,
        2.146,
        0,
        3.767,
        -22.145,
        0,
        4.167,
        0
      ]
    },
    {
      "Target": "Parameter",
      "Id": "Param52",
      "Segments": [
        0,
        0,
        1,
        0.011,
        0,
        0.022,
        -0.276,
        0.033,
        -2.096,
        1,
        0.089,
        -11.193,
        0.144,
        -16.652,
        0.2,
        -16.652,
        0,
        0.533,
        20.31,
        0,
        0.933,
        -27.28,
        0,
        1.233,
        20.975,
        0,
        1.633,
        -23.671,
        0,
        2.033,
        14.659,
        0,
        2.367,
        -30,
        0,
        2.833,
        -21.391,
        0,
        3.133,
        -25.215,
        0,
        3.433,
        -9.665,
        0,
        3.967,
        -12.787,
        0,
        4.167,
        0
      ]
    },
    {
      "Target": "Parameter",
      "Id": "Param53",
      "Segments": [
        0,
        0,
        0,
        0.033,
        -0.003,
        0,
        0.167,
        10.465,
        0,
        0.433,
        -26.712,
        0,
        0.7,
        30,
        0,
        1.067,
        -30,
        0,
        1.467,
        18.435,
        0,
        1.933,
        -24.142,
        0,
        2.267,
        20.447,
        0,
        2.667,
        -20.922,
        0,
        3.1,
        3.586,
        0,
        3.333,
        -11.514,
        0,
        3.767,
        11.236,
        0,
        4.167,
        0
      ]
    },
    {
      "Target": "Parameter",
      "Id": "Param54",
      "Segments": [
        0,
        0,
        1,
        0.011,
        0,
        0.022,
        -0.276,
        0.033,
        -2.096,
        1,
        0.089,
        -11.193,
        0.144,
        -16.652,
        0.2,
        -16.652,
        0,
        0.533,
        20.31,
        0,
        0.933,
        -27.28,
        0,
        1.233,
        20.975,
        0,
        1.633,
        -23.671,
        0,
        2.033,
        14.659,
        0,
        2.367,
        -30,
        0,
        2.833,
        -21.391,
        0,
        3.133,
        -25.215,
        0,
        3.433,
        -9.665,
        0,
        3.967,
        -12.787,
        0,
        4.167,
        0
      ]
    },
    {
      "Target": "Parameter",
      "Id": "Param55",
      "Segments": [
        0,
        0,
        0,
        0.033,
        -0.003,
        0,
        0.167,
        10.465,
        0,
        0.433,
        -26.712,
        0,
        0.7,
        30,
        0,
        1.067,
        -30,
        0,
        1.467,
        18.435,
        0,
        1.933,
        -24.142,
        0,
        2.267,
        20.447,
        0,
        2.667,
        -20.922,
        0,
        3.1,
        3.586,
        0,
        3.333,
        -11.514,
        0,
        3.767,
        11.236,
        0,
        4.167,
        0
      ]
    },
    {
      "Target": "Parameter",
      "Id": "Param56",
      "Segments": [
        0,
        0,
        1,
        0.011,
        0,
        0.022,
        -0.276,
        0.033,
        -2.096,
        1,
        0.089,
        -11.193,
        0.144,
        -16.652,
        0.2,
        -16.652,
        0,
        0.533,
        20.31,
        0,
        0.933,
        -27.28,
        0,
        1.233,
        20.975,
        0,
        1.633,
        -23.671,
        0,
        2.033,
        14.659,
        0,
        2.367,
        -30,
        0,
        2.833,
        -21.391,
        0,
        3.133,
        -25.215,
        0,
        3.433,
        -9.665,
        0,
        3.967,
        -12.787,
        0,
        4.167,
        0
      ]
    },
    {
      "Target": "Parameter",
      "Id": "Param57",
      "Segments": [
        0,
        0,
        0,
        0.033,
        -0.003,
        0,
        0.167,
        10.465,
        0,
        0.433,
        -26.712,
        0,
        0.7,
        30,
        0,
        1.067,
        -30,
        0,
        1.467,
        18.435,
        0,
        1.933,
        -24.142,
        0,
        2.267,
        20.447,
        0,
        2.667,
        -20.922,
        0,
        3.1,
        3.586,
        0,
        3.333,
        -11.514,
        0,
        3.767,
        11.236,
        0,
        4.167,
        0
      ]
    },
    {
      "Target": "Parameter",
      "Id": "Param50",
      "Segments": [
        0,
        0,
        1,
        0.011,
        0,
        0.022,
        -0.276,
        0.033,
        -2.096,
        1,
        0.089,
        -11.193,
        0.144,
        -16.652,
        0.2,
        -16.652,
        0,
        0.533,
        20.31,
        0,
        0.933,
        -27.28,
        0,
        1.233,
        20.975,
        0,
        1.633,
        -23.671,
        0,
        2.033,
        14.659,
        0,
        2.367,
        -30,
        0,
        2.833,
        -21.391,
        0,
        3.133,
        -25.215,
        0,
        3.433,
        -9.665,
        0,
        3.967,
        -12.787,
        0,
        4.167,
        0
      ]
    },
    {
      "Target": "Parameter",
      "Id": "Param51",
      "Segments": [
        0,
        0,
        0,
        0.033,
        -0.003,
        0,
        0.167,
        10.465,
        0,
        0.433,
        -26.712,
        0,
        0.7,
        30,
        0,
        1.067,
        -30,
        0,
        1.467,
        18.435,
        0,
        1.933,
        -24.142,
        0,
        2.267,
        20.447,
        0,
        2.667,
        -20.922,
        0,
        3.1,
        3.586,
        0,
        3.333,
        -11.514,
        0,
        3.767,
        11.236,
        0,
        4.167,
        0
      ]
    },
    {
      "Target": "Parameter",
      "Id": "Param58",
      "Segments": [
        0,
        0,
        1,
        0.011,
        0,
        0.022,
        -0.276,
        0.033,
        -2.096,
        1,
        0.089,
        -11.193,
        0.144,
        -16.652,
        0.2,
        -16.652,
        0,
        0.533,
        28.928,
        0,
        0.867,
        -30,
        2,
        0.933,
        -30,
        0,
        1.233,
        20.975,
        0,
        1.633,
        -7.351,
        0,
        2.033,
        14.659,
        0,
        2.367,
        -9.598,
        0,
        2.833,
        3.089,
        0,
        3.133,
        0.272,
        0,
        3.433,
        5.95,
        0,
        3.967,
        -12.787,
        0,
        4.167,
        0
      ]
    },
    {
      "Target": "Parameter",
      "Id": "Param73",
      "Segments": [
        0,
        0,
        1,
        0.011,
        0,
        0.022,
        -0.276,
        0.033,
        -2.096,
        1,
        0.089,
        -11.193,
        0.144,
        -16.652,
        0.2,
        -16.652,
        0,
        0.533,
        20.31,
        0,
        0.933,
        -27.28,
        0,
        1.233,
        20.975,
        0,
        1.633,
        -23.671,
        0,
        2.033,
        14.659,
        0,
        2.367,
        -30,
        0,
        2.833,
        -21.391,
        0,
        3.133,
        -25.215,
        0,
        3.433,
        -9.665,
        0,
        3.967,
        -12.787,
        0,
        4.167,
        0
      ]
    },
    {
      "Target": "Parameter",
      "Id": "Param74",
      "Segments": [
        0,
        0,
        0,
        0.033,
        -0.003,
        0,
        0.167,
        10.465,
        0,
        0.433,
        -26.712,
        0,
        0.7,
        30,
        0,
        1.067,
        -30,
        0,
        1.467,
        18.435,
        0,
        1.933,
        -24.142,
        0,
        2.267,
        20.447,
        0,
        2.667,
        -20.922,
        0,
        3.1,
        3.586,
        0,
        3.333,
        -11.514,
        0,
        3.767,
        11.236,
        0,
        4.167,
        0
      ]
    },
    {
      "Target": "Parameter",
      "Id": "Param61",
      "Segments": [
        0,
        0,
        0,
        0.033,
        -2.094,
        0,
        0.267,
        7.392,
        0,
        0.633,
        -7.868,
        0,
        1.067,
        0.156,
        0,
        1.3,
        -0.94,
        0,
        1.467,
        -0.377,
        0,
        2,
        -6.883,
        0,
        2.3,
        1.379,
        0,
        2.633,
        -2.969,
        0,
        3,
        -1.456,
        0,
        3.367,
        -9.376,
        0,
        3.867,
        3.247,
        0,
        4.167,
        0
      ]
    },
    {
      "Target": "Parameter",
      "Id": "Param62",
      "Segments": [
        0,
        0,
        2,
        0.033,
        0,
        0,
        0.2,
        -7.31,
        0,
        0.467,
        16.676,
        0,
        0.833,
        -9.044,
        0,
        1.233,
        2.76,
        0,
        1.467,
        0.217,
        0,
        1.733,
        2.399,
        0,
        1.8,
        2.116,
        0,
        1.933,
        3.525,
        0,
        2.2,
        -9.723,
        0,
        2.5,
        5.406,
        0,
        2.833,
        -2.139,
        0,
        3.233,
        4.717,
        0,
        3.633,
        -11.871,
        0,
        4.167,
        0
      ]
    },
    {
      "Target": "Parameter",
      "Id": "Param63",
      "Segments": [
        0,
        0,
        0,
        0.033,
        -3.142,
        0,
        0.267,
        11.088,
        0,
        0.633,
        -11.802,
        0,
        1.067,
        0.234,
        0,
        1.3,
        -1.41,
        0,
        1.467,
        -0.566,
        0,
        2,
        -10.325,
        0,
        2.3,
        2.068,
        0,
        2.633,
        -4.453,
        0,
        3,
        -2.184,
        0,
        3.367,
        -14.065,
        0,
        3.867,
        4.87,
        0,
        4.167,
        0
      ]
    },
    {
      "Target": "Parameter",
      "Id": "Param64",
      "Segments": [
        0,
        0,
        2,
        0.033,
        0,
        0,
        0.2,
        -7.31,
        0,
        0.467,
        16.676,
        0,
        0.833,
        -9.044,
        0,
        1.233,
        2.76,
        0,
        1.467,
        0.217,
        0,
        1.733,
        2.399,
        0,
        1.8,
        2.116,
        0,
        1.933,
        3.525,
        0,
        2.2,
        -9.723,
        0,
        2.5,
        5.406,
        0,
        2.833,
        -2.139,
        0,
        3.233,
        4.717,
        0,
        3.633,
        -11.871,
        0,
        4.167,
        0
      ]
    },
    {
      "Target": "Parameter",
      "Id": "Param65",
      "Segments": [
        0,
        0,
        0,
        0.033,
        -3.142,
        0,
        0.267,
        11.088,
        0,
        0.633,
        -11.802,
        0,
        1.067,
        0.234,
        0,
        1.3,
        -1.41,
        0,
        1.467,
        -0.566,
        0,
        2,
        -10.325,
        0,
        2.3,
        2.068,
        0,
        2.633,
        -4.453,
        0,
        3,
        -2.184,
        0,
        3.367,
        -14.065,
        0,
        3.867,
        4.87,
        0,
        4.167,
        0
      ]
    },
    {
      "Target": "Parameter",
      "Id": "Param66",
      "Segments": [
        0,
        0,
        2,
        0.033,
        0,
        0,
        0.2,
        -7.31,
        0,
        0.467,
        16.676,
        0,
        0.833,
        -9.044,
        0,
        1.233,
        2.76,
        0,
        1.467,
        0.217,
        0,
        1.733,
        2.399,
        0,
        1.8,
        2.116,
        0,
        1.933,
        3.525,
        0,
        2.2,
        -9.723,
        0,
        2.5,
        5.406,
        0,
        2.833,
        -2.139,
        0,
        3.233,
        4.717,
        0,
        3.633,
        -11.871,
        0,
        4.167,
        0
      ]
    },
    {
      "Target": "Parameter",
      "Id": "Param67",
      "Segments": [
        0,
        0,
        0,
        0.033,
        3.142,
        0,
        0.267,
        -11.088,
        0,
        0.633,
        11.802,
        0,
        1.067,
        -0.234,
        0,
        1.3,
        1.41,
        0,
        1.467,
        0.566,
        0,
        2,
        10.325,
        0,
        2.3,
        -2.068,
        0,
        2.633,
        4.453,
        0,
        3,
        2.184,
        0,
        3.367,
        14.065,
        0,
        3.867,
        -4.87,
        0,
        4.167,
        0
      ]
    },
    {
      "Target": "Parameter",
      "Id": "Param68",
      "Segments": [
        0,
        0,
        2,
        0.033,
        0,
        0,
        0.2,
        7.31,
        0,
        0.467,
        -16.676,
        0,
        0.833,
        9.044,
        0,
        1.233,
        -2.76,
        0,
        1.467,
        -0.217,
        0,
        1.733,
        -2.399,
        0,
        1.8,
        -2.116,
        0,
        1.933,
        -3.525,
        0,
        2.2,
        9.723,
        0,
        2.5,
        -5.406,
        0,
        2.833,
        2.139,
        0,
        3.233,
        -4.717,
        0,
        3.633,
        11.871,
        0,
        4.167,
        0
      ]
    },
    {
      "Target": "Parameter",
      "Id": "Param69",
      "Segments": [
        0,
        0,
        0,
        0.033,
        3.142,
        0,
        0.267,
        -11.088,
        0,
        0.633,
        11.802,
        0,
        1.067,
        -0.234,
        0,
        1.3,
        1.41,
        0,
        1.467,
        0.566,
        0,
        2,
        10.325,
        0,
        2.3,
        -2.068,
        0,
        2.633,
        4.453,
        0,
        3,
        2.184,
        0,
        3.367,
        14.065,
        0,
        3.867,
        -4.87,
        0,
        4.167,
        0
      ]
    },
    {
      "Target": "Parameter",
      "Id": "Param70",
      "Segments": [
        0,
        0,
        2,
        0.033,
        0,
        0,
        0.2,
        7.31,
        0,
        0.467,
        -16.676,
        0,
        0.833,
        9.044,
        0,
        1.233,
        -2.76,
        0,
        1.467,
        -0.217,
        0,
        1.733,
        -2.399,
        0,
        1.8,
        -2.116,
        0,
        1.933,
        -3.525,
        0,
        2.2,
        9.723,
        0,
        2.5,
        -5.406,
        0,
        2.833,
        2.139,
        0,
        3.233,
        -4.717,
        0,
        3.633,
        11.871,
        0,
        4.167,
        0
      ]
    },
    {
      "Target": "Parameter",
      "Id": "Param71",
      "Segments": [
        0,
        0,
        0,
        0.033,
        3.142,
        0,
        0.267,
        -11.088,
        0,
        0.633,
        11.802,
        0,
        1.067,
        -0.234,
        0,
        1.3,
        1.41,
        0,
        1.467,
        0.566,
        0,
        2,
        10.325,
        0,
        2.3,
        -2.068,
        0,
        2.633,
        4.453,
        0,
        3,
        2.184,
        0,
        3.367,
        14.065,
        0,
        3.867,
        -4.87,
        0,
        4.167,
        0
      ]
    },
    {
      "Target": "Parameter",
      "Id": "Param72",
      "Segments": [
        0,
        0,
        2,
        0.033,
        0,
        0,
        0.2,
        7.31,
        0,
        0.467,
        -16.676,
        0,
        0.833,
        9.044,
        0,
        1.233,
        -2.76,
        0,
        1.467,
        -0.217,
        0,
        1.733,
        -2.399,
        0,
        1.8,
        -2.116,
        0,
        1.933,
        -3.525,
        0,
        2.2,
        9.723,
        0,
        2.5,
        -5.406,
        0,
        2.833,
        2.139,
        0,
        3.233,
        -4.717,
        0,
        3.633,
        11.871,
        0,
        4.167,
        0
      ]
    },
    {
      "Target": "Parameter",
      "Id": "Param75",
      "Segments": [
        0,
        0,
        2,
        0.033,
        0,
        0,
        0.233,
        13.409,
        0,
        0.633,
        -11.192,
        0,
        1.067,
        7.887,
        0,
        1.333,
        -5.754,
        0,
        1.633,
        4.284,
        0,
        2,
        -8.452,
        0,
        2.267,
        4.01,
        0,
        2.667,
        -3.106,
        0,
        2.967,
        -1.295,
        0,
        3.367,
        -11.691,
        0,
        3.833,
        8.851,
        0,
        4.167,
        0
      ]
    },
    {
      "Target": "Parameter",
      "Id": "Param76",
      "Segments": [
        0,
        0,
        2,
        0.033,
        0,
        0,
        0.2,
        -7.076,
        0,
        0.467,
        17.533,
        0,
        0.833,
        -15.115,
        0,
        1.233,
        10.453,
        0,
        1.467,
        -9.698,
        0,
        1.933,
        8.425,
        0,
        2.167,
        -9.698,
        0,
        2.5,
        5.608,
        0,
        2.833,
        -1.972,
        0,
        3.233,
        4.245,
        0,
        3.633,
        -12.343,
        0,
        4.167,
        0
      ]
    },
    {
      "Target": "Parameter",
      "Id": "Param120",
      "Segments": [
        0,
        0,
        2,
        0.033,
        0,
        0,
        0.133,
        1.283,
        0,
        0.3,
        -5.484,
        0,
        0.533,
        12.127,
        0,
        0.833,
        -9.635,
        0,
        1.333,
        3.673,
        0,
        1.767,
        -8.137,
        0,
        2.033,
        5.186,
        0,
        2.3,
        1.144,
        0,
        2.433,
        1.719,
        0,
        2.833,
        -1.771,
        0,
        3.1,
        -0.722,
        0,
        3.3,
        -1.431,
        0,
        3.667,
        1.092,
        0,
        3.933,
        -0.009,
        0,
        4.167,
        0
      ]
    },
    {
      "Target": "Parameter",
      "Id": "Param119",
      "Segments": [
        0,
        0,
        2,
        0.033,
        0,
        0,
        0.133,
        -10.998,
        0,
        0.267,
        8.62,
        0,
        0.467,
        -14.767,
        0,
        0.7,
        12.079,
        0,
        0.967,
        -14.768,
        0,
        1.2,
        6.815,
        0,
        1.467,
        -9.605,
        0,
        1.667,
        7.377,
        0,
        1.933,
        -15.936,
        0,
        2.167,
        8.936,
        0,
        2.433,
        -11.919,
        0,
        2.7,
        6.398,
        0,
        2.967,
        -10.597,
        0,
        3.233,
        5.476,
        0,
        3.5,
        -1.043,
        0,
        3.8,
        0.909,
        0,
        4.167,
        0
      ]
    },
    {
      "Target": "Parameter",
      "Id": "Param115",
      "Segments": [
        0,
        0,
        0,
        0.133,
        -3.459,
        0,
        0.333,
        8.332,
        0,
        0.7,
        -10.807,
        0,
        1.1,
        2.537,
        0,
        1.5,
        -2.202,
        0,
        1.733,
        -1.882,
        0,
        2,
        -5.155,
        0,
        2.3,
        0.445,
        0,
        2.633,
        -2.535,
        0,
        2.967,
        -1.612,
        0,
        3.367,
        -7.576,
        0,
        3.867,
        1.427,
        0,
        4.167,
        0
      ]
    },
    {
      "Target": "Parameter",
      "Id": "Param116",
      "Segments": [
        0,
        0,
        0,
        0.1,
        1.122,
        0,
        0.267,
        -5.964,
        0,
        0.567,
        13.505,
        0,
        0.933,
        -9.521,
        0,
        1.3,
        4.49,
        0,
        1.667,
        -0.578,
        0,
        1.933,
        1.611,
        0,
        2.2,
        -4.393,
        0,
        2.5,
        2.526,
        0,
        2.833,
        -0.858,
        0,
        3.233,
        2.292,
        0,
        3.633,
        -5.891,
        0,
        4.167,
        0
      ]
    },
    {
      "Target": "Model",
      "Id": "Opacity",
      "Segments": [
        0,
        1,
        0,
        4.17,
        1
      ]
    },
    {
      "Target": "Model",
      "Id": "LipSync",
      "Segments": [
        0,
        0,
        0,
        4.17,
        0
      ]
    },
    {
      "Target": "Parameter",
      "Id": "Param131",
      "Segments": [
        0,
        0,
        0,
        4.17,
        0
      ]
    },
    {
      "Target": "Parameter",
      "Id": "Param132",
      "Segments": [
        0,
        0,
        0,
        4.17,
        0
      ]
    },
    {
      "Target": "Parameter",
      "Id": "Param133",
      "Segments": [
        0,
        0,
        0,
        4.17,
        0
      ]
    },
    {
      "Target": "Parameter",
      "Id": "Param134",
      "Segments": [
        0,
        0,
        0,
        4.17,
        0
      ]
    },
    {
      "Target": "Parameter",
      "Id": "Param135",
      "Segments": [
        0,
        0,
        0,
        4.17,
        0
      ]
    },
    {
      "Target": "Parameter",
      "Id": "Param136",
      "Segments": [
        0,
        0,
        0,
        4.17,
        0
      ]
    },
    {
      "Target": "Parameter",
      "Id": "Param137",
      "Segments": [
        0,
        0,
        0,
        4.17,
        0
      ]
    },
    {
      "Target": "Parameter",
      "Id": "Param138",
      "Segments": [
        0,
        0,
        0,
        4.17,
        0
      ]
    },
    {
      "Target": "Parameter",
      "Id": "Param139",
      "Segments": [
        0,
        0,
        0,
        4.17,
        0
      ]
    },
    {
      "Target": "Parameter",
      "Id": "Param140",
      "Segments": [
        0,
        0,
        0,
        4.17,
        0
      ]
    },
    {
      "Target": "Parameter",
      "Id": "ParamEyeBallX",
      "Segments": [
        0,
        0,
        0,
        4.17,
        0
      ]
    },
    {
      "Target": "Parameter",
      "Id": "ParamEyeBallY",
      "Segments": [
        0,
        0,
        0,
        4.17,
        0
      ]
    },
    {
      "Target": "Parameter",
      "Id": "Param6",
      "Segments": [
        0,
        0,
        0,
        4.17,
        0
      ]
    },
    {
      "Target": "Parameter",
      "Id": "Param7",
      "Segments": [
        0,
        0,
        0,
        4.17,
        0
      ]
    },
    {
      "Target": "Parameter",
      "Id": "ParamBrowRY",
      "Segments": [
        0,
        0,
        0,
        4.17,
        0
      ]
    },
    {
      "Target": "Parameter",
      "Id": "ParamBrowLY",
      "Segments": [
        0,
        0,
        0,
        4.17,
        0
      ]
    },
    {
      "Target": "Parameter",
      "Id": "Param5",
      "Segments": [
        0,
        0,
        0,
        4.17,
        0
      ]
    },
    {
      "Target": "Parameter",
      "Id": "Param110",
      "Segments": [
        0,
        0,
        0,
        4.17,
        0
      ]
    },
    {
      "Target": "Parameter",
      "Id": "Param108",
      "Segments": [
        0,
        0,
        0,
        4.17,
        0
      ]
    },
    {
      "Target": "Parameter",
      "Id": "Param109",
      "Segments": [
        0,
        0,
        0,
        4.17,
        0
      ]
    },
    {
      "Target": "Parameter",
      "Id": "Param121",
      "Segments": [
        0,
        0,
        0,
        4.17,
        0
      ]
    },
    {
      "Target": "Parameter",
      "Id": "Param122",
      "Segments": [
        0,
        0,
        0,
        4.17,
        0
      ]
    },
    {
      "Target": "Parameter",
      "Id": "Param123",
      "Segments": [
        0,
        0,
        0,
        4.17,
        0
      ]
    },
    {
      "Target": "Parameter",
      "Id": "Param42",
      "Segments": [
        0,
        0,
        0,
        4.17,
        0
      ]
    },
    {
      "Target": "Parameter",
      "Id": "Param114",
      "Segments": [
        0,
        0,
        0,
        4.17,
        0
      ]
    },
    {
      "Target": "Parameter",
      "Id": "ParamBreath",
      "Segments": [
        0,
        0,
        0,
        4.17,
        0
      ]
    },
    {
      "Target": "Parameter",
      "Id": "Param9",
      "Segments": [
        0,
        0,
        0,
        4.17,
        0
      ]
    },
    {
      "Target": "Parameter",
      "Id": "Param10",
      "Segments": [
        0,
        0,
        0,
        4.17,
        0
      ]
    },
    {
      "Target": "Parameter",
      "Id": "Param11",
      "Segments": [
        0,
        0,
        0,
        4.17,
        0
      ]
    },
    {
      "Target": "Parameter",
      "Id": "Param12",
      "Segments": [
        0,
        0,
        0,
        4.17,
        0
      ]
    },
    {
      "Target": "Parameter",
      "Id": "Param13",
      "Segments": [
        0,
        0,
        0,
        4.17,
        0
      ]
    },
    {
      "Target": "Parameter",
      "Id": "Param118",
      "Segments": [
        0,
        0,
        0,
        4.17,
        0
      ]
    },
    {
      "Target": "Parameter",
      "Id": "Param59",
      "Segments": [
        0,
        0,
        0,
        4.17,
        0
      ]
    },
    {
      "Target": "Parameter",
      "Id": "Param100",
      "Segments": [
        0,
        0,
        0,
        4.17,
        0
      ]
    },
    {
      "Target": "Parameter",
      "Id": "Param101",
      "Segments": [
        0,
        0,
        0,
        4.17,
        0
      ]
    },
    {
      "Target": "Parameter",
      "Id": "Param91",
      "Segments": [
        0,
        0,
        0,
        4.17,
        0
      ]
    },
    {
      "Target": "Parameter",
      "Id": "Param103",
      "Segments": [
        0,
        0,
        0,
        4.17,
        0
      ]
    },
    {
      "Target": "Parameter",
      "Id": "Param127",
      "Segments": [
        0,
        0,
        0,
        4.17,
        0
      ]
    },
    {
      "Target": "Parameter",
      "Id": "Param128",
      "Segments": [
        0,
        0,
        0,
        4.17,
        0
      ]
    },
    {
      "Target": "Parameter",
      "Id": "Param130",
      "Segments": [
        0,
        0,
        0,
        4.17,
        0
      ]
    }
  ],
  "UserData": [
    {
      "Time": 0.0,
      "Value": ""
    },
    {
      "Time": 0.167,
      "Value": "characterVoice_140_3"
    }
  ]
}