{
  "Version": 3,
  "Meta": {
    "Duration": 4.6,
    "Fps": 30.0,
    "Loop": true,
    "AreBeziersRestricted": true,
    "CurveCount": 133,
    "TotalSegmentCount": 1127,
    "TotalPointCount": 1469,
    "UserDataCount": 2,
    "TotalUserDataSize": 19
  },
  "Curves": [
    {
      "Target": "Parameter",
      "Id": "ParamAngleX",
      "Segments": [
        0,
        0,
        0,
        0.2,
        -3.569,
        0,
        0.433,
        -2.06,
        1,
        0.5,
        -2.06,
        0.566,
        -2.023,
        0.633,
        -2.094,
        1,
        0.789,
        -2.26,
        0.944,
        -6.725,
        1.1,
        -8.574,
        1,
        1.233,
        -10.159,
        1.367,
        -10.614,
        1.5,
        -10.614,
        0,
        1.733,
        -2.154,
        1,
        1.811,
        -2.154,
        1.889,
        -2.037,
        1.967,
        -2.72,
        1,
        2.078,
        -3.696,
        2.189,
        -6.32,
        2.3,
        -6.32,
        1,
        2.444,
        -6.32,
        2.589,
        -4.66,
        2.733,
        -4.34,
        1,
        2.944,
        -3.872,
        3.156,
        -4.011,
        3.367,
        -3.413,
        1,
        3.622,
        -2.689,
        3.878,
        1.585,
        4.133,
        1.585,
        0,
        4.6,
        0
      ]
    },
    {
      "Target": "Parameter",
      "Id": "ParamAngleY",
      "Segments": [
        0,
        0,
        0,
        0.233,
        5.683,
        1,
        0.311,
        5.683,
        0.389,
        4.783,
        0.467,
        1.633,
        1,
        0.534,
        -1.067,
        0.6,
        -3.47,
        0.667,
        -3.47,
        1,
        0.822,
        -3.47,
        0.978,
        3.601,
        1.133,
        5.53,
        1,
        1.266,
        7.183,
        1.4,
        6.97,
        1.533,
        6.97,
        1,
        1.611,
        6.97,
        1.689,
        -2.933,
        1.767,
        -4.653,
        1,
        1.845,
        -6.373,
        1.922,
        -6.227,
        2,
        -6.227,
        0,
        2.333,
        18.613,
        1,
        2.478,
        18.613,
        2.622,
        17.136,
        2.767,
        16.213,
        1,
        2.978,
        14.864,
        3.189,
        14.542,
        3.4,
        13.064,
        1,
        3.656,
        11.275,
        3.911,
        8.254,
        4.167,
        4.914,
        1,
        4.311,
        3.026,
        4.456,
        0,
        4.6,
        0
      ]
    },
    {
      "Target": "Parameter",
      "Id": "ParamAngleZ",
      "Segments": [
        0,
        14.4,
        1,
        0.033,
        14.4,
        0.067,
        10.7,
        0.1,
        7.068,
        1,
        0.122,
        4.647,
        0.145,
        4.392,
        0.167,
        4.392,
        0,
        0.433,
        30,
        1,
        0.5,
        30,
        0.566,
        30.069,
        0.633,
        29.878,
        1,
        0.789,
        29.433,
        0.944,
        27.447,
        1.1,
        26.698,
        1,
        1.233,
        26.056,
        1.367,
        25.98,
        1.5,
        25.98,
        0,
        1.733,
        29.67,
        1,
        1.811,
        29.67,
        1.889,
        29.898,
        1.967,
        27.78,
        1,
        2.078,
        24.754,
        2.189,
        8.163,
        2.3,
        7.068,
        1,
        2.389,
        6.192,
        2.478,
        6.392,
        2.567,
        6.392,
        0,
        2.733,
        8.388,
        0,
        3.367,
        8.135,
        0,
        3.767,
        9.047,
        0,
        4.133,
        6.392,
        0,
        4.6,
        14.4
      ]
    },
    {
      "Target": "Parameter",
      "Id": "Param",
      "Segments": [
        0,
        6.54,
        1,
        0.056,
        6.54,
        0.111,
        4.304,
        0.167,
        3.585,
        1,
        0.245,
        2.579,
        0.322,
        2.521,
        0.4,
        2.521,
        0,
        0.6,
        2.563,
        1,
        0.756,
        2.563,
        0.911,
        0.977,
        1.067,
        -0.917,
        1,
        1.2,
        -2.541,
        1.334,
        -2.929,
        1.467,
        -2.929,
        1,
        1.545,
        -2.929,
        1.622,
        2.528,
        1.7,
        2.592,
        1,
        1.778,
        2.656,
        1.855,
        2.641,
        1.933,
        2.641,
        0,
        2.267,
        -3.419,
        1,
        2.411,
        -3.419,
        2.556,
        -1.598,
        2.7,
        -1.379,
        1,
        2.911,
        -1.059,
        3.122,
        -1.074,
        3.333,
        -1.074,
        0,
        3.767,
        -2.019,
        0,
        4.333,
        7.151,
        0,
        4.6,
        6.54
      ]
    },
    {
      "Target": "Parameter",
      "Id": "ParamEyeROpen",
      "Segments": [
        0,
        0,
        2,
        0.267,
        0,
        0,
        0.367,
        1,
        1,
        0.4,
        1,
        0.434,
        0.289,
        0.467,
        0.204,
        1,
        0.511,
        0.091,
        0.556,
        0.1,
        0.6,
        0.1,
        2,
        0.867,
        0.1,
        0,
        1.067,
        0,
        1,
        1.278,
        0,
        1.489,
        0.034,
        1.7,
        0.261,
        1,
        1.778,
        0.345,
        1.855,
        1,
        1.933,
        1,
        2,
        2.267,
        1,
        2,
        4.033,
        1,
        0,
        4.4,
        0,
        2,
        4.6,
        0
      ]
    },
    {
      "Target": "Parameter",
      "Id": "ParamEyeRSmile",
      "Segments": [
        0,
        0,
        2,
        1.7,
        0,
        2,
        1.933,
        0,
        1,
        2.044,
        0,
        2.156,
        0.588,
        2.267,
        0.591,
        1,
        2.411,
        0.594,
        2.556,
        0.593,
        2.7,
        0.593,
        0,
        3.333,
        0.584,
        0,
        4.333,
        0.591,
        0,
        4.5,
        0,
        2,
        4.6,
        0
      ]
    },
    {
      "Target": "Parameter",
      "Id": "ParamEyeLOpen",
      "Segments": [
        0,
        1,
        2,
        0.267,
        1,
        0,
        0.367,
        0,
        1,
        0.4,
        0,
        0.434,
        0.618,
        0.467,
        0.7,
        1,
        0.511,
        0.81,
        0.556,
        0.802,
        0.6,
        0.802,
        2,
        0.867,
        0.802,
        0,
        1.067,
        0.939,
        0,
        1.7,
        0.7,
        2,
        1.933,
        0.7,
        0,
        2.267,
        0,
        2,
        4.033,
        0,
        0,
        4.4,
        1,
        2,
        4.6,
        1
      ]
    },
    {
      "Target": "Parameter",
      "Id": "ParamEyeLSmile",
      "Segments": [
        0,
        0,
        2,
        1.7,
        0,
        2,
        1.933,
        0,
        0,
        2.267,
        1,
        2,
        2.7,
        1,
        0,
        3.333,
        0.97,
        2,
        4.1,
        0.97,
        0,
        4.333,
        0,
        2,
        4.6,
        0
      ]
    },
    {
      "Target": "Parameter",
      "Id": "ParamEyeBallX",
      "Segments": [
        0,
        0,
        0,
        0.5,
        5.613,
        0,
        0.6,
        1.548,
        2,
        0.8,
        1.548,
        0,
        1.067,
        -5.472,
        2,
        1.333,
        -5.472,
        0,
        1.433,
        -0.104,
        2,
        1.7,
        -0.104,
        0,
        1.833,
        5.263,
        0,
        1.933,
        5.06,
        0,
        2.267,
        5.613,
        2,
        2.7,
        5.613,
        1,
        2.911,
        5.613,
        3.122,
        5.744,
        3.333,
        5.444,
        1,
        3.755,
        4.842,
        4.178,
        0,
        4.6,
        0
      ]
    },
    {
      "Target": "Parameter",
      "Id": "ParamEyeBallY",
      "Segments": [
        0,
        0,
        2,
        0.5,
        0,
        0,
        0.6,
        4,
        2,
        1.333,
        4,
        0,
        1.433,
        -1.718,
        2,
        1.7,
        -1.718,
        1,
        1.744,
        -1.718,
        1.789,
        -4.306,
        1.833,
        -9.172,
        1,
        1.866,
        -12.822,
        1.9,
        -14.5,
        1.933,
        -14.5,
        0,
        2.267,
        0,
        2,
        4.6,
        0
      ]
    },
    {
      "Target": "Parameter",
      "Id": "ParamBrowRAngle",
      "Segments": [
        0,
        0,
        2,
        0.367,
        0,
        0,
        0.467,
        -10.44,
        2,
        1.933,
        -10.44,
        0,
        2.267,
        -6.96,
        2,
        2.7,
        -6.96,
        1,
        2.911,
        -6.96,
        3.122,
        -7.122,
        3.333,
        -6.75,
        1,
        3.755,
        -6.005,
        4.178,
        0,
        4.6,
        0
      ]
    },
    {
      "Target": "Parameter",
      "Id": "ParamBrowLAngle",
      "Segments": [
        0,
        0,
        2,
        0.367,
        0,
        0,
        0.467,
        -12,
        2,
        1.933,
        -12,
        0,
        2.267,
        -5.88,
        2,
        2.7,
        -5.88,
        1,
        2.911,
        -5.88,
        3.122,
        -6.017,
        3.333,
        -5.702,
        1,
        3.755,
        -5.072,
        4.178,
        0,
        4.6,
        0
      ]
    },
    {
      "Target": "Parameter",
      "Id": "ParamBrowRForm",
      "Segments": [
        0,
        0,
        2,
        0.367,
        0,
        0,
        0.467,
        0.5,
        2,
        1.933,
        0.5,
        1,
        2.044,
        0.5,
        2.156,
        0.402,
        2.267,
        0.4,
        1,
        2.622,
        0.395,
        2.978,
        0.397,
        3.333,
        0.388,
        1,
        3.755,
        0.378,
        4.178,
        0,
        4.6,
        0
      ]
    },
    {
      "Target": "Parameter",
      "Id": "ParamBrowLForm",
      "Segments": [
        0,
        0,
        2,
        0.367,
        0,
        0,
        0.467,
        0.4,
        2,
        1.933,
        0.4,
        0,
        2.267,
        0.6,
        1,
        2.622,
        0.6,
        2.978,
        0.607,
        3.333,
        0.582,
        1,
        3.755,
        0.552,
        4.178,
        0,
        4.6,
        0
      ]
    },
    {
      "Target": "Parameter",
      "Id": "ParamMouthForm",
      "Segments": [
        0,
        0,
        0,
        0.133,
        -0.5,
        2,
        0.367,
        -0.5,
        0,
        0.6,
        -1.11,
        2,
        1.067,
        -1.11,
        1,
        1.278,
        -1.11,
        1.489,
        -1.164,
        1.7,
        -1.449,
        1,
        1.778,
        -1.554,
        1.855,
        -2,
        1.933,
        -2,
        0,
        2.267,
        -0.5,
        2,
        2.433,
        -0.5,
        0,
        2.7,
        0,
        2,
        3.333,
        0,
        0,
        3.567,
        -0.5,
        2,
        4.1,
        -0.5,
        0,
        4.6,
        0
      ]
    },
    {
      "Target": "Parameter",
      "Id": "ParamMouthOpenY",
      "Segments": [
        0,
        0,
        2,
        0.133,
        0,
        2,
        0.367,
        0,
        0,
        0.6,
        0.325,
        2,
        1.067,
        0.325,
        1,
        1.278,
        0.325,
        1.489,
        0.354,
        1.7,
        0.506,
        1,
        1.778,
        0.562,
        1.855,
        0.8,
        1.933,
        0.8,
        0,
        2.267,
        0,
        2,
        2.433,
        0,
        1,
        2.522,
        0,
        2.611,
        0.331,
        2.7,
        0.5,
        1,
        2.911,
        0.902,
        3.122,
        1,
        3.333,
        1,
        0,
        3.567,
        0,
        2,
        4.1,
        0,
        2,
        4.6,
        0
      ]
    },
    {
      "Target": "Parameter",
      "Id": "Param4",
      "Segments": [
        0,
        0,
        2,
        0.6,
        0,
        0,
        1.067,
        1,
        2,
        1.467,
        1,
        0,
        1.7,
        0,
        2,
        4.6,
        0
      ]
    },
    {
      "Target": "Parameter",
      "Id": "ParamBodyAngleX",
      "Segments": [
        0,
        0,
        0,
        0.3,
        -7.596,
        1,
        0.378,
        -7.596,
        0.455,
        -7.682,
        0.533,
        -6.929,
        1,
        0.611,
        -6.176,
        0.689,
        -2.425,
        0.767,
        -2.425,
        1,
        0.878,
        -2.425,
        0.989,
        -3.815,
        1.1,
        -3.925,
        1,
        1.233,
        -4.057,
        1.367,
        -3.993,
        1.5,
        -4.152,
        1,
        1.656,
        -4.337,
        1.811,
        -10,
        1.967,
        -10,
        1,
        2.078,
        -10,
        2.189,
        -2.793,
        2.3,
        -2.607,
        1,
        2.444,
        -2.365,
        2.589,
        -2.3,
        2.733,
        -2.187,
        1,
        2.944,
        -2.022,
        3.156,
        -2.043,
        3.367,
        -1.749,
        1,
        3.622,
        -1.392,
        3.878,
        1.651,
        4.133,
        1.651,
        0,
        4.6,
        0
      ]
    },
    {
      "Target": "Parameter",
      "Id": "ParamBodyAngleY",
      "Segments": [
        0,
        0,
        1,
        0.067,
        0,
        0.133,
        -2.911,
        0.2,
        -3.187,
        1,
        0.356,
        -3.83,
        0.511,
        -4.542,
        0.667,
        -4.605,
        1,
        0.822,
        -4.667,
        0.978,
        -4.649,
        1.133,
        -4.705,
        1,
        1.266,
        -4.753,
        1.4,
        -5.019,
        1.533,
        -5.019,
        0,
        1.767,
        -4.773,
        0,
        2.433,
        -5.563,
        0,
        2.567,
        -0.415,
        0,
        2.667,
        -5.35,
        0,
        2.767,
        -1.504,
        0,
        2.867,
        -4.079,
        0,
        3.033,
        -2.603,
        0,
        3.133,
        -5.129,
        0,
        3.233,
        -3.381,
        0,
        3.4,
        -4.708,
        1,
        3.656,
        -4.708,
        3.911,
        -4.372,
        4.167,
        -2.663,
        1,
        4.311,
        -1.697,
        4.456,
        0,
        4.6,
        0
      ]
    },
    {
      "Target": "Parameter",
      "Id": "Param2",
      "Segments": [
        0,
        0,
        0,
        0.167,
        1.5,
        1,
        0.322,
        1.5,
        0.478,
        1.31,
        0.633,
        1.129,
        1,
        0.789,
        0.948,
        0.944,
        0.796,
        1.1,
        0.7,
        1,
        1.233,
        0.618,
        1.367,
        0.611,
        1.5,
        0.611,
        0,
        1.733,
        1.005,
        0,
        2.3,
        0.42,
        1,
        2.444,
        0.42,
        2.589,
        0.436,
        2.733,
        0.54,
        1,
        2.944,
        0.691,
        3.156,
        0.824,
        3.367,
        0.824,
        0,
        4.133,
        -2.281,
        0,
        4.6,
        0
      ]
    },
    {
      "Target": "Parameter",
      "Id": "ParamBodyAngleZ",
      "Segments": [
        0,
        0,
        0,
        0.133,
        0.495,
        1,
        0.289,
        0.495,
        0.444,
        -1.927,
        0.6,
        -2.175,
        1,
        0.756,
        -2.422,
        0.911,
        -2.382,
        1.067,
        -2.575,
        1,
        1.2,
        -2.74,
        1.334,
        -3.094,
        1.467,
        -3.094,
        0,
        1.7,
        -2.77,
        0,
        1.933,
        -3.55,
        1,
        2.044,
        -3.55,
        2.156,
        -0.25,
        2.267,
        -0.205,
        1,
        2.411,
        -0.147,
        2.556,
        -0.167,
        2.7,
        -0.105,
        1,
        2.911,
        -0.015,
        3.122,
        0.218,
        3.333,
        0.218,
        0,
        4.1,
        -1.281,
        0,
        4.6,
        0
      ]
    },
    {
      "Target": "Parameter",
      "Id": "ParamBreath",
      "Segments": [
        0,
        0,
        0,
        0.133,
        0.3,
        0,
        0.6,
        0.102,
        2,
        1.067,
        0.102,
        1,
        1.278,
        0.102,
        1.489,
        0.094,
        1.7,
        0.058,
        1,
        1.778,
        0.044,
        1.855,
        0,
        1.933,
        0,
        0,
        2.267,
        0.516,
        0,
        2.433,
        0.258,
        0,
        2.567,
        0.516,
        0,
        2.667,
        0.258,
        0,
        2.767,
        0.516,
        0,
        2.867,
        0.258,
        0,
        3.033,
        0.516,
        0,
        3.133,
        0.258,
        0,
        3.233,
        0.516,
        1,
        3.289,
        0.516,
        3.344,
        0.285,
        3.4,
        0.258,
        1,
        3.8,
        0.066,
        4.2,
        0,
        4.6,
        0
      ]
    },
    {
      "Target": "Parameter",
      "Id": "Param97",
      "Segments": [
        0,
        0,
        0,
        0.133,
        3.84,
        1,
        0.211,
        3.84,
        0.289,
        3.927,
        0.367,
        1.898,
        1,
        0.445,
        -0.131,
        0.522,
        -7.65,
        0.6,
        -7.65,
        1,
        0.756,
        -7.65,
        0.911,
        -5.852,
        1.067,
        -2.67,
        1,
        1.134,
        -1.306,
        1.2,
        -0.803,
        1.267,
        -0.803,
        1,
        1.411,
        -0.803,
        1.556,
        -4.124,
        1.7,
        -10.561,
        1,
        1.778,
        -14.027,
        1.855,
        -15.66,
        1.933,
        -15.66,
        1,
        2.044,
        -15.66,
        2.156,
        -6.097,
        2.267,
        -2.362,
        1,
        2.411,
        2.493,
        2.556,
        2.918,
        2.7,
        2.918,
        0,
        3.333,
        -5.419,
        0,
        4.1,
        2.486,
        0,
        4.6,
        0
      ]
    },
    {
      "Target": "Parameter",
      "Id": "Param112",
      "Segments": [
        0,
        0,
        0,
        0.333,
        -30,
        1,
        0.455,
        -30,
        0.578,
        -29.542,
        0.7,
        -21.937,
        1,
        0.822,
        -14.332,
        0.945,
        0,
        1.067,
        0,
        1,
        1.178,
        0,
        1.289,
        0.126,
        1.4,
        -0.711,
        1,
        1.5,
        -1.466,
        1.6,
        -27.51,
        1.7,
        -27.51,
        0,
        2.367,
        8.574,
        1,
        2.511,
        8.574,
        2.656,
        2.488,
        2.8,
        1.067,
        1,
        2.933,
        -0.245,
        3.067,
        -0.076,
        3.2,
        -0.076,
        0,
        3.767,
        28.435,
        0,
        4.6,
        0
      ]
    },
    {
      "Target": "Parameter",
      "Id": "Param3",
      "Segments": [
        0,
        0,
        0,
        0.167,
        0.216,
        0,
        0.367,
        -2.364,
        0,
        0.6,
        4.596,
        2,
        1.467,
        4.596,
        1,
        1.545,
        4.596,
        1.622,
        4.682,
        1.7,
        3.996,
        1,
        1.778,
        3.31,
        1.855,
        -2.721,
        1.933,
        -4.944,
        1,
        2.044,
        -8.12,
        2.156,
        -9.024,
        2.267,
        -9.024,
        2,
        3.333,
        -9.024,
        0,
        4.133,
        4.12,
        0,
        4.6,
        0
      ]
    },
    {
      "Target": "Parameter",
      "Id": "Param89",
      "Segments": [
        0,
        0,
        0,
        0.2,
        0.549,
        1,
        0.267,
        0.549,
        0.333,
        -20.147,
        0.4,
        -24.711,
        1,
        0.478,
        -30.035,
        0.555,
        -30,
        0.633,
        -30,
        2,
        1.733,
        -30,
        1,
        1.811,
        -30,
        1.889,
        -11.412,
        1.967,
        -6.84,
        1,
        2.078,
        -0.309,
        2.189,
        0.129,
        2.3,
        0.129,
        2,
        3.367,
        0.129,
        0,
        4.167,
        2.019,
        0,
        4.6,
        0
      ]
    },
    {
      "Target": "Parameter",
      "Id": "Param90",
      "Segments": [
        0,
        0,
        0,
        0.233,
        0.569,
        0,
        0.4,
        -3.551,
        0,
        0.667,
        -1.93,
        2,
        1.767,
        -1.93,
        0,
        1.9,
        -5.252,
        0,
        2.1,
        3.72,
        0,
        2.333,
        -2.711,
        0,
        2.533,
        -1.606,
        0,
        2.633,
        -2.364,
        0,
        2.733,
        -1.606,
        0,
        2.833,
        -2.364,
        0,
        3,
        -1.606,
        0,
        3.1,
        -2.364,
        0,
        3.2,
        -1.606,
        0,
        3.4,
        -2.364,
        1,
        3.667,
        -2.364,
        3.933,
        -1.221,
        4.2,
        1.174,
        1,
        4.267,
        1.773,
        4.333,
        2.132,
        4.4,
        2.132,
        0,
        4.6,
        0
      ]
    },
    {
      "Target": "Parameter",
      "Id": "Param60",
      "Segments": [
        0,
        0,
        0,
        0.133,
        1.42,
        1,
        0.211,
        1.42,
        0.289,
        -1.464,
        0.367,
        -10,
        1,
        0.445,
        -18.536,
        0.522,
        -24.635,
        0.6,
        -24.635,
        2,
        1.7,
        -24.635,
        0,
        2,
        -12,
        0,
        2.267,
        -27,
        2,
        3.333,
        -27,
        0,
        4.1,
        5.04,
        0,
        4.6,
        0
      ]
    },
    {
      "Target": "Parameter",
      "Id": "Param104",
      "Segments": [
        0,
        0,
        2,
        0.367,
        0,
        0,
        0.6,
        -10.806,
        2,
        1.7,
        -10.806,
        0,
        1.933,
        -24,
        0,
        2.267,
        0,
        2,
        4.6,
        0
      ]
    },
    {
      "Target": "Parameter",
      "Id": "Param105",
      "Segments": [
        0,
        0,
        2,
        0.133,
        0,
        0,
        0.6,
        -6.52,
        2,
        1.7,
        -6.52,
        0,
        1.933,
        2,
        0,
        2.267,
        -14,
        2,
        3.333,
        -14,
        0,
        4.6,
        0
      ]
    },
    {
      "Target": "Parameter",
      "Id": "Param99",
      "Segments": [
        0,
        0,
        1,
        0.056,
        0,
        0.111,
        0.053,
        0.167,
        0.357,
        1,
        0.311,
        1.148,
        0.456,
        1.686,
        0.6,
        1.686,
        2,
        1.7,
        1.686,
        1,
        1.778,
        1.686,
        1.855,
        2.194,
        1.933,
        2.457,
        1,
        2.044,
        2.832,
        2.156,
        2.877,
        2.267,
        2.877,
        1,
        2.411,
        2.877,
        2.556,
        2.868,
        2.7,
        2.277,
        1,
        2.911,
        1.413,
        3.122,
        0.346,
        3.333,
        0.346,
        0,
        4.133,
        1.541,
        0,
        4.6,
        0
      ]
    },
    {
      "Target": "Parameter",
      "Id": "Param98",
      "Segments": [
        0,
        0,
        0,
        0.2,
        2.368,
        1,
        0.278,
        2.368,
        0.355,
        0.227,
        0.433,
        -3.032,
        1,
        0.5,
        -5.825,
        0.566,
        -6.817,
        0.633,
        -6.817,
        2,
        1.733,
        -6.817,
        0,
        1.967,
        -8.672,
        1,
        2.078,
        -8.672,
        2.189,
        -2.323,
        2.3,
        -0.332,
        1,
        2.444,
        2.256,
        2.589,
        2.368,
        2.733,
        2.368,
        0,
        3.367,
        2.296,
        0,
        4.167,
        2.82,
        0,
        4.6,
        0
      ]
    },
    {
      "Target": "Parameter",
      "Id": "Param92",
      "Segments": [
        0,
        0,
        1,
        0.078,
        0,
        0.155,
        -0.011,
        0.233,
        0.609,
        1,
        0.311,
        1.229,
        0.389,
        3.62,
        0.467,
        4.695,
        1,
        0.534,
        5.617,
        0.6,
        5.81,
        0.667,
        5.81,
        2,
        1.767,
        5.81,
        0,
        2,
        6.495,
        0,
        2.333,
        -3.711,
        0,
        2.767,
        0.609,
        0,
        3.4,
        0.591,
        0,
        4.2,
        4.005,
        0,
        4.6,
        0
      ]
    },
    {
      "Target": "Parameter",
      "Id": "Param93",
      "Segments": [
        0,
        0,
        1,
        0.044,
        0,
        0.089,
        -0.167,
        0.133,
        0.312,
        1,
        0.211,
        1.15,
        0.289,
        8.196,
        0.367,
        8.196,
        0,
        0.6,
        -2.113,
        2,
        1.7,
        -2.113,
        0,
        1.933,
        -14.7,
        1,
        2.044,
        -14.7,
        2.156,
        -7.27,
        2.267,
        -1.284,
        1,
        2.411,
        6.498,
        2.556,
        8.196,
        2.7,
        8.196,
        1,
        2.911,
        8.196,
        3.122,
        8.18,
        3.333,
        7.948,
        1,
        3.589,
        7.668,
        3.844,
        7.348,
        4.1,
        6.682,
        1,
        4.267,
        6.248,
        4.433,
        0,
        4.6,
        0
      ]
    },
    {
      "Target": "Parameter",
      "Id": "Param102",
      "Segments": [
        0,
        0,
        0,
        0.133,
        1.995,
        0,
        0.6,
        -8.221,
        2,
        1.7,
        -8.221,
        0,
        1.933,
        -12.6,
        0,
        2.267,
        1.995,
        2,
        2.7,
        1.995,
        1,
        2.911,
        1.995,
        3.122,
        2.023,
        3.333,
        1.935,
        1,
        3.589,
        1.828,
        3.844,
        -12.6,
        4.1,
        -12.6,
        0,
        4.6,
        0
      ]
    },
    {
      "Target": "Parameter",
      "Id": "Param106",
      "Segments": [
        0,
        0,
        2,
        0.133,
        0,
        0,
        0.6,
        -6.678,
        2,
        1.7,
        -6.678,
        0,
        1.933,
        -9.54,
        0,
        2.267,
        0,
        2,
        2.7,
        0,
        2,
        3.333,
        0,
        0,
        4.1,
        1.02,
        0,
        4.6,
        0
      ]
    },
    {
      "Target": "Parameter",
      "Id": "Param107",
      "Segments": [
        0,
        0,
        2,
        0.133,
        0,
        0,
        0.6,
        -11.899,
        2,
        1.7,
        -11.899,
        0,
        1.933,
        -17,
        0,
        2.267,
        0,
        2,
        2.7,
        0,
        2,
        3.333,
        0,
        0,
        4.1,
        -17,
        0,
        4.6,
        0
      ]
    },
    {
      "Target": "Parameter",
      "Id": "Param113",
      "Segments": [
        0,
        0,
        0,
        0.167,
        -7.08,
        1,
        0.311,
        -7.08,
        0.456,
        1.639,
        0.6,
        5.708,
        1,
        0.756,
        10.09,
        0.911,
        10.328,
        1.067,
        10.328,
        1,
        1.2,
        10.328,
        1.334,
        3.817,
        1.467,
        2.534,
        1,
        1.545,
        1.785,
        1.622,
        2.02,
        1.7,
        1.508,
        1,
        1.744,
        1.215,
        1.789,
        -13.957,
        1.833,
        -13.957,
        1,
        1.866,
        -13.957,
        1.9,
        -0.439,
        1.933,
        0,
        1,
        2.4,
        6.142,
        2.866,
        8.712,
        3.333,
        8.712,
        0,
        4.1,
        -6.242,
        0,
        4.6,
        0
      ]
    },
    {
      "Target": "Parameter",
      "Id": "Param94",
      "Segments": [
        0,
        20,
        0,
        0.167,
        20.93,
        0,
        0.633,
        0.915,
        2,
        1.1,
        0.915,
        2,
        1.733,
        0.915,
        0,
        2.267,
        0.06,
        1,
        2.411,
        0.06,
        2.556,
        0.181,
        2.7,
        0.54,
        1,
        2.911,
        1.064,
        3.122,
        1.397,
        3.333,
        1.397,
        0,
        3.9,
        -1.181,
        0,
        4.433,
        20,
        2,
        4.6,
        20
      ]
    },
    {
      "Target": "Parameter",
      "Id": "Param95",
      "Segments": [
        0,
        10,
        0,
        0.2,
        0.056,
        0,
        0.667,
        4.391,
        2,
        1.133,
        4.391,
        2,
        1.767,
        4.391,
        1,
        1.945,
        4.391,
        2.122,
        1.646,
        2.3,
        1.44,
        1,
        2.444,
        1.272,
        2.589,
        1.32,
        2.733,
        1.32,
        0,
        3.367,
        5.47,
        0,
        4.133,
        -3.701,
        0,
        4.6,
        10
      ]
    },
    {
      "Target": "Parameter",
      "Id": "Param96",
      "Segments": [
        0,
        -60,
        0,
        0.6,
        -6.249,
        2,
        1.7,
        -6.249,
        0,
        2.333,
        4.38,
        1,
        2.478,
        4.38,
        2.622,
        0.496,
        2.767,
        -1.92,
        1,
        2.978,
        -5.451,
        3.189,
        -6.652,
        3.4,
        -10.241,
        1,
        3.533,
        -12.508,
        3.667,
        -16.449,
        3.8,
        -23.932,
        1,
        3.978,
        -33.909,
        4.155,
        -60,
        4.333,
        -60,
        2,
        4.6,
        -60
      ]
    },
    {
      "Target": "Parameter",
      "Id": "Param77",
      "Segments": [
        0,
        0.21,
        0,
        0.033,
        -1.047,
        0,
        0.267,
        5.624,
        0,
        0.6,
        -1.085,
        0,
        1,
        2.876,
        0,
        1.367,
        -2.401,
        0,
        1.8,
        2.03,
        0,
        2.2,
        -12.633,
        0,
        2.533,
        3.505,
        0,
        2.9,
        -2.276,
        0,
        3.267,
        -0.877,
        0,
        3.767,
        -2.79,
        0,
        4.433,
        0.591,
        0,
        4.6,
        0.21
      ]
    },
    {
      "Target": "Parameter",
      "Id": "Param78",
      "Segments": [
        0,
        -3.498,
        0,
        0.033,
        0,
        0,
        0.2,
        -6.064,
        0,
        0.467,
        4.359,
        0,
        0.833,
        -4.207,
        0,
        1.2,
        7.163,
        0,
        1.633,
        -2.806,
        0,
        2.1,
        6.058,
        0,
        2.4,
        -5.005,
        0,
        2.733,
        4.661,
        0,
        3.1,
        -3.437,
        0,
        3.533,
        1.641,
        0,
        3.967,
        -1.061,
        0,
        4.2,
        -0.648,
        1,
        4.222,
        -0.648,
        4.245,
        -0.587,
        4.267,
        -0.676,
        1,
        4.378,
        -1.119,
        4.489,
        -3.498,
        4.6,
        -3.498
      ]
    },
    {
      "Target": "Parameter",
      "Id": "Param79",
      "Segments": [
        0,
        -3.305,
        0,
        0.3,
        -7.47,
        0,
        0.6,
        4.855,
        0,
        0.967,
        -6.322,
        0,
        1.333,
        6.954,
        0,
        1.733,
        -3.271,
        0,
        2.2,
        3.595,
        0,
        2.533,
        -3.474,
        0,
        2.9,
        3.547,
        0,
        3.267,
        -4.475,
        0,
        3.667,
        2.105,
        1,
        3.8,
        2.105,
        3.934,
        -1.614,
        4.067,
        -2.351,
        1,
        4.245,
        -3.334,
        4.422,
        -3.305,
        4.6,
        -3.305
      ]
    },
    {
      "Target": "Parameter",
      "Id": "Param80",
      "Segments": [
        0,
        -1.878,
        0,
        0.4,
        -8.16,
        0,
        0.733,
        6.036,
        0,
        1.1,
        -13.053,
        0,
        1.467,
        8.634,
        0,
        1.867,
        -12.691,
        0,
        2.3,
        14.962,
        0,
        2.667,
        -18.4,
        0,
        3.033,
        14.988,
        0,
        3.433,
        -6.37,
        0,
        3.8,
        6.804,
        0,
        4.2,
        -4.129,
        0,
        4.6,
        -1.878
      ]
    },
    {
      "Target": "Parameter",
      "Id": "Param81",
      "Segments": [
        0,
        0.246,
        1,
        0.022,
        0.246,
        0.045,
        0.372,
        0.067,
        0.013,
        1,
        0.211,
        -2.325,
        0.356,
        -4.453,
        0.5,
        -4.453,
        0,
        0.833,
        3.709,
        0,
        1.2,
        -4.13,
        0,
        1.6,
        5.234,
        0,
        2,
        -2.687,
        0,
        2.4,
        7.51,
        0,
        2.8,
        -5.077,
        0,
        3.167,
        7.246,
        0,
        3.567,
        -10.225,
        0,
        3.933,
        6.429,
        0,
        4.333,
        -4.13,
        0,
        4.6,
        0.246
      ]
    },
    {
      "Target": "Parameter",
      "Id": "Param82",
      "Segments": [
        0,
        1.348,
        1,
        0.056,
        1.348,
        0.111,
        0.782,
        0.167,
        0.01,
        1,
        0.311,
        -1.996,
        0.456,
        -2.852,
        0.6,
        -2.852,
        0,
        0.967,
        9.736,
        0,
        1.333,
        -14.92,
        0,
        1.733,
        14.75,
        0,
        2.133,
        -12.513,
        0,
        2.5,
        12.653,
        0,
        2.9,
        -13.911,
        0,
        3.3,
        12.658,
        0,
        3.7,
        -9.393,
        0,
        4.1,
        6.363,
        0,
        4.467,
        -4.335,
        0,
        4.6,
        1.348
      ]
    },
    {
      "Target": "Parameter",
      "Id": "Param83",
      "Segments": [
        0,
        5.479,
        0,
        0.033,
        -0.114,
        0,
        0.267,
        0.002,
        0,
        0.7,
        -2.821,
        0,
        1.067,
        5.479,
        0,
        1.433,
        -5.946,
        0,
        1.833,
        9.418,
        0,
        2.233,
        -4.802,
        0,
        2.633,
        7.64,
        0,
        3.033,
        -5.895,
        0,
        3.433,
        7.6,
        0,
        3.833,
        -1.741,
        0,
        4.233,
        8.942,
        0,
        4.6,
        5.479
      ]
    },
    {
      "Target": "Parameter",
      "Id": "Param85",
      "Segments": [
        0,
        0,
        0,
        0.167,
        -0.65,
        0,
        0.4,
        -0.069,
        0,
        0.8,
        -8.443,
        0,
        1.133,
        14.941,
        0,
        1.433,
        -9.661,
        0,
        1.833,
        14.941,
        0,
        2.267,
        -9.661,
        0,
        2.633,
        14.941,
        0,
        3.033,
        -9.661,
        0,
        3.433,
        14.941,
        0,
        3.867,
        -9.661,
        0,
        4.3,
        14.941,
        0,
        4.6,
        0
      ]
    },
    {
      "Target": "Parameter",
      "Id": "Param88",
      "Segments": [
        0,
        0,
        0,
        0.3,
        -1.203,
        0,
        0.533,
        -0.306,
        0,
        0.9,
        -8.366,
        0,
        1.2,
        2.676,
        0,
        1.533,
        -5.985,
        0,
        1.933,
        2.676,
        0,
        2.367,
        -5.985,
        0,
        2.733,
        2.676,
        0,
        3.133,
        -5.985,
        0,
        3.533,
        2.676,
        0,
        3.967,
        -5.985,
        0,
        4.4,
        2.676,
        0,
        4.6,
        0
      ]
    },
    {
      "Target": "Parameter",
      "Id": "Param86",
      "Segments": [
        0,
        0,
        0,
        0.033,
        3.771,
        0,
        0.433,
        -2.204,
        0,
        0.667,
        -0.551,
        0,
        1,
        -8.216,
        0,
        1.3,
        14.585,
        0,
        1.6,
        -11.32,
        0,
        2.033,
        14.585,
        0,
        2.433,
        -11.32,
        0,
        2.833,
        14.585,
        0,
        3.233,
        -11.32,
        0,
        3.633,
        14.585,
        0,
        4.067,
        -11.32,
        0,
        4.5,
        14.585,
        0,
        4.6,
        0
      ]
    },
    {
      "Target": "Parameter",
      "Id": "Param87",
      "Segments": [
        0,
        0,
        0,
        0.033,
        -0.524,
        0,
        0.267,
        5.741,
        0,
        0.6,
        -6.92,
        0,
        1,
        2.43,
        0,
        1.367,
        -1.796,
        0,
        1.8,
        2.007,
        0,
        2.2,
        -6.316,
        0,
        2.533,
        1.753,
        0,
        2.9,
        -1.138,
        0,
        3.267,
        -0.438,
        0,
        3.767,
        -1.395,
        0,
        4.433,
        0.295,
        0,
        4.6,
        0
      ]
    },
    {
      "Target": "Parameter",
      "Id": "Param84",
      "Segments": [
        0,
        0,
        2,
        0.033,
        0,
        1,
        0.089,
        -0.002,
        0.144,
        -6.665,
        0.2,
        -6.665,
        0,
        0.467,
        13.45,
        0,
        0.833,
        -12.826,
        0,
        1.2,
        8.18,
        0,
        1.633,
        -4.222,
        0,
        2.1,
        7.351,
        0,
        2.4,
        -11.283,
        0,
        2.733,
        6.304,
        0,
        3.1,
        -2.578,
        0,
        3.533,
        1.231,
        0,
        3.967,
        -0.796,
        0,
        4.2,
        -0.486,
        0,
        4.267,
        -0.507,
        0,
        4.6,
        0
      ]
    },
    {
      "Target": "Parameter",
      "Id": "ParamHairFront",
      "Segments": [
        0,
        0,
        0,
        0.2,
        -17.105,
        0,
        0.667,
        9.946,
        1,
        0.845,
        9.946,
        1.022,
        6.863,
        1.2,
        -0.406,
        1,
        1.389,
        -8.13,
        1.578,
        -12.616,
        1.767,
        -12.616,
        0,
        2.3,
        14.215,
        0,
        2.467,
        -0.524,
        0,
        2.6,
        5.276,
        0,
        2.9,
        -17.5,
        0,
        3.033,
        5.05,
        0,
        3.367,
        -16.204,
        0,
        3.533,
        4.541,
        0,
        4.1,
        -9.757,
        0,
        4.6,
        0
      ]
    },
    {
      "Target": "Parameter",
      "Id": "Param43",
      "Segments": [
        0,
        0,
        0,
        0.1,
        8.96,
        0,
        0.433,
        -22.542,
        0,
        0.933,
        10.605,
        0,
        2.1,
        -12.059,
        0,
        2.4,
        14.043,
        0,
        2.567,
        -0.726,
        0,
        2.8,
        4.867,
        0,
        3.033,
        -16.822,
        0,
        3.2,
        6.29,
        0,
        3.533,
        -16.456,
        0,
        3.6,
        6.29,
        0,
        4.2,
        -18.106,
        0,
        4.6,
        0
      ]
    },
    {
      "Target": "Parameter",
      "Id": "Param44",
      "Segments": [
        0,
        0,
        0,
        0.2,
        11.631,
        0,
        0.833,
        -17.443,
        0,
        1.633,
        12.721,
        0,
        2.3,
        -23.28,
        0,
        2.467,
        -8.757,
        0,
        2.633,
        -25.326,
        0,
        2.8,
        -7.017,
        0,
        3.1,
        -28.423,
        0,
        3.267,
        -12.133,
        0,
        3.633,
        -27.537,
        0,
        4.133,
        4.43,
        0,
        4.6,
        0
      ]
    },
    {
      "Target": "Parameter",
      "Id": "Param45",
      "Segments": [
        0,
        0,
        0,
        0.167,
        -8.96,
        0,
        0.433,
        7.983,
        0,
        1.1,
        -13.525,
        0,
        1.9,
        14.056,
        0,
        2.467,
        -16.558,
        0,
        2.567,
        7.832,
        0,
        2.733,
        -17.701,
        0,
        2.967,
        12.965,
        0,
        3.233,
        -15.408,
        0,
        3.467,
        8.026,
        0,
        3.733,
        -19.234,
        0,
        4.133,
        7.765,
        0,
        4.6,
        0
      ]
    },
    {
      "Target": "Parameter",
      "Id": "Param46",
      "Segments": [
        0,
        0,
        0,
        0.2,
        11.631,
        0,
        0.833,
        -17.443,
        0,
        1.633,
        12.721,
        0,
        2.3,
        -23.28,
        0,
        2.467,
        -8.757,
        0,
        2.633,
        -25.326,
        0,
        2.8,
        -7.017,
        0,
        3.1,
        -28.423,
        0,
        3.267,
        -12.133,
        0,
        3.633,
        -27.537,
        0,
        4.133,
        4.43,
        0,
        4.6,
        0
      ]
    },
    {
      "Target": "Parameter",
      "Id": "Param47",
      "Segments": [
        0,
        0,
        0,
        0.167,
        -8.96,
        0,
        0.433,
        7.983,
        0,
        1.1,
        -13.525,
        0,
        1.9,
        14.056,
        0,
        2.467,
        -16.558,
        0,
        2.567,
        7.832,
        0,
        2.733,
        -17.701,
        0,
        2.967,
        12.965,
        0,
        3.233,
        -15.408,
        0,
        3.467,
        8.026,
        0,
        3.733,
        -19.234,
        0,
        4.133,
        7.765,
        0,
        4.6,
        0
      ]
    },
    {
      "Target": "Parameter",
      "Id": "Param48",
      "Segments": [
        0,
        0,
        0,
        0.2,
        -17.105,
        0,
        0.667,
        9.946,
        1,
        0.845,
        9.946,
        1.022,
        6.863,
        1.2,
        -0.406,
        1,
        1.389,
        -8.13,
        1.578,
        -12.616,
        1.767,
        -12.616,
        0,
        2.3,
        14.215,
        0,
        2.467,
        -0.524,
        0,
        2.6,
        5.276,
        0,
        2.9,
        -17.5,
        0,
        3.033,
        5.05,
        0,
        3.367,
        -16.204,
        0,
        3.533,
        4.541,
        0,
        4.1,
        -9.757,
        0,
        4.6,
        0
      ]
    },
    {
      "Target": "Parameter",
      "Id": "Param49",
      "Segments": [
        0,
        0,
        0,
        0.167,
        8.96,
        0,
        0.833,
        -22.542,
        0,
        1.767,
        11.405,
        0,
        2.2,
        -12.059,
        0,
        2.433,
        14.466,
        0,
        2.667,
        -13.118,
        0,
        2.9,
        8.389,
        0,
        3.067,
        -18.106,
        0,
        3.3,
        7.484,
        0,
        3.667,
        -9.64,
        0,
        4.133,
        5.022,
        0,
        4.6,
        0
      ]
    },
    {
      "Target": "Parameter",
      "Id": "Param52",
      "Segments": [
        0,
        0,
        0,
        0.2,
        11.631,
        0,
        0.833,
        -17.443,
        0,
        1.633,
        12.721,
        0,
        2.3,
        -23.28,
        0,
        2.467,
        -8.757,
        0,
        2.633,
        -25.326,
        0,
        2.8,
        -7.017,
        0,
        3.1,
        -28.423,
        0,
        3.267,
        -12.133,
        0,
        3.633,
        -27.537,
        0,
        4.133,
        4.43,
        0,
        4.6,
        0
      ]
    },
    {
      "Target": "Parameter",
      "Id": "Param53",
      "Segments": [
        0,
        0,
        0,
        0.167,
        -8.96,
        0,
        0.433,
        7.983,
        0,
        1.1,
        -13.525,
        0,
        1.9,
        14.056,
        0,
        2.467,
        -16.558,
        0,
        2.567,
        7.832,
        0,
        2.733,
        -17.701,
        0,
        2.967,
        12.965,
        0,
        3.233,
        -15.408,
        0,
        3.467,
        8.026,
        0,
        3.733,
        -19.234,
        0,
        4.133,
        7.765,
        0,
        4.6,
        0
      ]
    },
    {
      "Target": "Parameter",
      "Id": "Param54",
      "Segments": [
        0,
        0,
        0,
        0.2,
        11.631,
        0,
        0.833,
        -17.443,
        0,
        1.633,
        12.721,
        0,
        2.3,
        -23.28,
        0,
        2.467,
        -8.757,
        0,
        2.633,
        -25.326,
        0,
        2.8,
        -7.017,
        0,
        3.1,
        -28.423,
        0,
        3.267,
        -12.133,
        0,
        3.633,
        -27.537,
        0,
        4.133,
        4.43,
        0,
        4.6,
        0
      ]
    },
    {
      "Target": "Parameter",
      "Id": "Param55",
      "Segments": [
        0,
        0,
        0,
        0.167,
        -8.96,
        0,
        0.433,
        7.983,
        0,
        1.1,
        -13.525,
        0,
        1.9,
        14.056,
        0,
        2.467,
        -16.558,
        0,
        2.567,
        7.832,
        0,
        2.733,
        -17.701,
        0,
        2.967,
        12.965,
        0,
        3.233,
        -15.408,
        0,
        3.467,
        8.026,
        0,
        3.733,
        -19.234,
        0,
        4.133,
        7.765,
        0,
        4.6,
        0
      ]
    },
    {
      "Target": "Parameter",
      "Id": "Param56",
      "Segments": [
        0,
        0,
        0,
        0.2,
        11.631,
        0,
        0.833,
        -17.443,
        0,
        1.633,
        12.721,
        0,
        2.3,
        -23.28,
        0,
        2.467,
        -8.757,
        0,
        2.633,
        -25.326,
        0,
        2.8,
        -7.017,
        0,
        3.1,
        -28.423,
        0,
        3.267,
        -12.133,
        0,
        3.633,
        -27.537,
        0,
        4.133,
        4.43,
        0,
        4.6,
        0
      ]
    },
    {
      "Target": "Parameter",
      "Id": "Param57",
      "Segments": [
        0,
        0,
        0,
        0.167,
        -8.96,
        0,
        0.433,
        7.983,
        0,
        1.1,
        -13.525,
        0,
        1.9,
        14.056,
        0,
        2.467,
        -16.558,
        0,
        2.567,
        7.832,
        0,
        2.733,
        -17.701,
        0,
        2.967,
        12.965,
        0,
        3.233,
        -15.408,
        0,
        3.467,
        8.026,
        0,
        3.733,
        -19.234,
        0,
        4.133,
        7.765,
        0,
        4.6,
        0
      ]
    },
    {
      "Target": "Parameter",
      "Id": "Param50",
      "Segments": [
        0,
        0,
        0,
        0.2,
        11.631,
        0,
        0.833,
        -17.443,
        0,
        1.633,
        12.721,
        0,
        2.3,
        -23.28,
        0,
        2.467,
        -8.757,
        0,
        2.633,
        -25.326,
        0,
        2.8,
        -7.017,
        0,
        3.1,
        -28.423,
        0,
        3.267,
        -12.133,
        0,
        3.633,
        -27.537,
        0,
        4.133,
        4.43,
        0,
        4.6,
        0
      ]
    },
    {
      "Target": "Parameter",
      "Id": "Param51",
      "Segments": [
        0,
        0,
        0,
        0.167,
        -8.96,
        0,
        0.433,
        7.983,
        0,
        1.1,
        -13.525,
        0,
        1.9,
        14.056,
        0,
        2.467,
        -16.558,
        0,
        2.567,
        7.832,
        0,
        2.733,
        -17.701,
        0,
        2.967,
        12.965,
        0,
        3.233,
        -15.408,
        0,
        3.467,
        8.026,
        0,
        3.733,
        -19.234,
        0,
        4.133,
        7.765,
        0,
        4.6,
        0
      ]
    },
    {
      "Target": "Parameter",
      "Id": "Param58",
      "Segments": [
        0,
        0,
        0,
        0.2,
        11.631,
        0,
        0.367,
        7.317,
        0,
        0.6,
        12.766,
        0,
        0.967,
        -0.225,
        0,
        1.4,
        9.529,
        0,
        1.6,
        7.291,
        0,
        1.767,
        12.616,
        0,
        2.3,
        -14.215,
        0,
        2.467,
        0.524,
        0,
        2.6,
        -24.615,
        1,
        2.633,
        -24.615,
        2.667,
        28.645,
        2.7,
        28.645,
        0,
        2.8,
        -2.33,
        0,
        2.9,
        17.5,
        0,
        3.067,
        -4.988,
        0,
        3.167,
        11.816,
        0,
        3.267,
        -7.389,
        0,
        3.433,
        3.732,
        0,
        4.3,
        -8.294,
        0,
        4.6,
        0
      ]
    },
    {
      "Target": "Parameter",
      "Id": "Param73",
      "Segments": [
        0,
        0,
        0,
        0.2,
        11.631,
        0,
        0.833,
        -17.443,
        0,
        1.633,
        12.721,
        0,
        2.3,
        -23.28,
        0,
        2.467,
        -8.757,
        0,
        2.633,
        -25.326,
        0,
        2.8,
        -7.017,
        0,
        3.1,
        -28.423,
        0,
        3.267,
        -12.133,
        0,
        3.633,
        -27.537,
        0,
        4.133,
        4.43,
        0,
        4.6,
        0
      ]
    },
    {
      "Target": "Parameter",
      "Id": "Param74",
      "Segments": [
        0,
        0,
        0,
        0.167,
        -8.96,
        0,
        0.433,
        7.983,
        0,
        1.1,
        -13.525,
        0,
        1.9,
        14.056,
        0,
        2.467,
        -16.558,
        0,
        2.567,
        7.832,
        0,
        2.733,
        -17.701,
        0,
        2.967,
        12.965,
        0,
        3.233,
        -15.408,
        0,
        3.467,
        8.026,
        0,
        3.733,
        -19.234,
        0,
        4.133,
        7.765,
        0,
        4.6,
        0
      ]
    },
    {
      "Target": "Parameter",
      "Id": "Param61",
      "Segments": [
        0,
        0,
        0,
        0.033,
        -1.047,
        0,
        0.167,
        2.853,
        0,
        0.467,
        -3.125,
        0,
        0.867,
        2.797,
        0,
        1.267,
        -2.269,
        0,
        1.533,
        -1.687,
        0,
        1.7,
        -4.081,
        0,
        1.967,
        2.841,
        0,
        2.267,
        -1.518,
        0,
        3,
        2.044,
        0,
        3.7,
        -2.364,
        0,
        4.367,
        0.31,
        0,
        4.6,
        0
      ]
    },
    {
      "Target": "Parameter",
      "Id": "Param62",
      "Segments": [
        0,
        0,
        2,
        0.033,
        0,
        0,
        0.133,
        -2.365,
        0,
        0.367,
        4.107,
        0,
        0.7,
        -3.781,
        0,
        1.1,
        3.646,
        0,
        1.5,
        -3.1,
        0,
        1.667,
        3.343,
        0,
        1.9,
        -4.745,
        0,
        2.167,
        3.421,
        0,
        2.5,
        -2.976,
        0,
        3.233,
        3.358,
        0,
        3.967,
        -3.088,
        0,
        4.6,
        0
      ]
    },
    {
      "Target": "Parameter",
      "Id": "Param63",
      "Segments": [
        0,
        0,
        0,
        0.033,
        -1.047,
        0,
        0.167,
        2.853,
        0,
        0.467,
        -3.125,
        0,
        0.867,
        2.797,
        0,
        1.267,
        -2.269,
        0,
        1.533,
        -1.687,
        0,
        1.7,
        -4.081,
        0,
        1.967,
        2.841,
        0,
        2.267,
        -1.518,
        0,
        3,
        2.044,
        0,
        3.7,
        -2.364,
        0,
        4.367,
        0.31,
        0,
        4.6,
        0
      ]
    },
    {
      "Target": "Parameter",
      "Id": "Param64",
      "Segments": [
        0,
        0,
        2,
        0.033,
        0,
        0,
        0.133,
        -2.365,
        0,
        0.367,
        4.107,
        0,
        0.7,
        -3.781,
        0,
        1.1,
        3.646,
        0,
        1.5,
        -3.1,
        0,
        1.667,
        3.343,
        0,
        1.9,
        -4.745,
        0,
        2.167,
        3.421,
        0,
        2.5,
        -2.976,
        0,
        3.233,
        3.358,
        0,
        3.967,
        -3.088,
        0,
        4.6,
        0
      ]
    },
    {
      "Target": "Parameter",
      "Id": "Param65",
      "Segments": [
        0,
        0,
        0,
        0.033,
        -1.047,
        0,
        0.167,
        2.853,
        0,
        0.467,
        -3.125,
        0,
        0.867,
        2.797,
        0,
        1.267,
        -2.269,
        0,
        1.533,
        -1.687,
        0,
        1.7,
        -4.081,
        0,
        1.967,
        2.841,
        0,
        2.267,
        -1.518,
        0,
        3,
        2.044,
        0,
        3.7,
        -2.364,
        0,
        4.367,
        0.31,
        0,
        4.6,
        0
      ]
    },
    {
      "Target": "Parameter",
      "Id": "Param66",
      "Segments": [
        0,
        0,
        2,
        0.033,
        0,
        0,
        0.133,
        -2.365,
        0,
        0.367,
        4.107,
        0,
        0.7,
        -3.781,
        0,
        1.1,
        3.646,
        0,
        1.5,
        -3.1,
        0,
        1.667,
        3.343,
        0,
        1.9,
        -4.745,
        0,
        2.167,
        3.421,
        0,
        2.5,
        -2.976,
        0,
        3.233,
        3.358,
        0,
        3.967,
        -3.088,
        0,
        4.6,
        0
      ]
    },
    {
      "Target": "Parameter",
      "Id": "Param67",
      "Segments": [
        0,
        0,
        0,
        0.033,
        1.047,
        0,
        0.167,
        -2.853,
        0,
        0.467,
        4.327,
        0,
        0.867,
        -2.338,
        0,
        1.267,
        3.471,
        0,
        1.533,
        1.687,
        0,
        1.7,
        5.283,
        0,
        1.967,
        -2.383,
        0,
        2.267,
        1.518,
        0,
        3,
        -1.585,
        0,
        3.7,
        3.566,
        0,
        4.367,
        -0.31,
        0,
        4.6,
        0
      ]
    },
    {
      "Target": "Parameter",
      "Id": "Param68",
      "Segments": [
        0,
        0,
        2,
        0.033,
        0,
        0,
        0.133,
        4.364,
        0,
        0.367,
        -4.107,
        0,
        0.7,
        3.929,
        0,
        1.1,
        -3.898,
        0,
        1.5,
        2.849,
        0,
        1.667,
        -3.595,
        0,
        1.9,
        4.893,
        0,
        2.167,
        -3.672,
        0,
        2.5,
        2.725,
        0,
        2.9,
        -3.382,
        0,
        3.967,
        3.237,
        0,
        4.6,
        0
      ]
    },
    {
      "Target": "Parameter",
      "Id": "Param69",
      "Segments": [
        0,
        0,
        0,
        0.033,
        1.047,
        0,
        0.167,
        -2.853,
        0,
        0.467,
        4.327,
        0,
        0.867,
        -2.338,
        0,
        1.267,
        3.471,
        0,
        1.533,
        1.687,
        0,
        1.7,
        5.283,
        0,
        1.967,
        -2.383,
        0,
        2.267,
        1.518,
        0,
        3,
        -1.585,
        0,
        3.7,
        3.566,
        0,
        4.367,
        -0.31,
        0,
        4.6,
        0
      ]
    },
    {
      "Target": "Parameter",
      "Id": "Param70",
      "Segments": [
        0,
        0,
        2,
        0.033,
        0,
        0,
        0.133,
        4.364,
        0,
        0.367,
        -4.107,
        0,
        0.7,
        3.929,
        0,
        1.1,
        -3.898,
        0,
        1.5,
        2.849,
        0,
        1.667,
        -3.595,
        0,
        1.9,
        4.893,
        0,
        2.167,
        -3.672,
        0,
        2.5,
        2.725,
        0,
        2.9,
        -3.382,
        0,
        3.967,
        3.237,
        0,
        4.6,
        0
      ]
    },
    {
      "Target": "Parameter",
      "Id": "Param71",
      "Segments": [
        0,
        0,
        0,
        0.033,
        1.047,
        0,
        0.167,
        -2.853,
        0,
        0.467,
        4.327,
        0,
        0.867,
        -2.338,
        0,
        1.267,
        3.471,
        0,
        1.533,
        1.687,
        0,
        1.7,
        5.283,
        0,
        1.967,
        -2.383,
        0,
        2.267,
        1.518,
        0,
        3,
        -1.585,
        0,
        3.7,
        3.566,
        0,
        4.367,
        -0.31,
        0,
        4.6,
        0
      ]
    },
    {
      "Target": "Parameter",
      "Id": "Param72",
      "Segments": [
        0,
        0,
        2,
        0.033,
        0,
        0,
        0.133,
        4.364,
        0,
        0.367,
        -4.107,
        0,
        0.7,
        3.929,
        0,
        1.1,
        -3.898,
        0,
        1.5,
        2.849,
        0,
        1.667,
        -3.595,
        0,
        1.9,
        4.893,
        0,
        2.167,
        -3.672,
        0,
        2.5,
        2.725,
        0,
        2.9,
        -3.382,
        0,
        3.967,
        3.237,
        0,
        4.6,
        0
      ]
    },
    {
      "Target": "Parameter",
      "Id": "Param75",
      "Segments": [
        0,
        0,
        0,
        0.2,
        14.822,
        0,
        0.5,
        -8.448,
        0,
        0.933,
        14.822,
        0,
        1.3,
        -13.266,
        0,
        1.767,
        13.202,
        0,
        2.167,
        -9.662,
        0,
        2.5,
        18.735,
        0,
        2.867,
        -8.448,
        0,
        3.2,
        1.051,
        0,
        3.8,
        -22.991,
        0,
        4.367,
        4.695,
        0,
        4.6,
        0
      ]
    },
    {
      "Target": "Parameter",
      "Id": "Param76",
      "Segments": [
        0,
        0,
        0,
        0.2,
        -15.847,
        0,
        0.367,
        15.771,
        0,
        0.7,
        -22.35,
        0,
        1.167,
        28.902,
        0,
        1.5,
        -13.355,
        0,
        2.067,
        20.325,
        0,
        2.333,
        -30,
        0,
        2.7,
        21.07,
        0,
        3.067,
        -9.265,
        0,
        3.4,
        3.473,
        0,
        4.067,
        -22.35,
        0,
        4.5,
        3.473,
        0,
        4.6,
        0
      ]
    },
    {
      "Target": "Parameter",
      "Id": "Param120",
      "Segments": [
        0,
        0,
        2,
        0.033,
        0,
        0,
        0.2,
        2.688,
        0,
        0.4,
        -2.118,
        0,
        0.6,
        2.531,
        0,
        0.833,
        -3.121,
        0,
        1.133,
        0.146,
        0,
        1.167,
        0.143,
        0,
        1.467,
        1.422,
        0,
        1.667,
        -1.84,
        0,
        1.833,
        2.093,
        0,
        2.233,
        -2.661,
        0,
        2.467,
        2.595,
        0,
        2.6,
        -3.232,
        0,
        2.7,
        4.161,
        0,
        2.833,
        -0.769,
        0,
        2.933,
        1.9,
        0,
        3.067,
        -1.09,
        0,
        3.167,
        2.847,
        0,
        3.3,
        -0.988,
        0,
        3.433,
        0.376,
        0,
        3.7,
        -0.616,
        0,
        4,
        -0.079,
        0,
        4.133,
        -0.094,
        0,
        4.267,
        -0.067,
        0,
        4.367,
        -0.076,
        0,
        4.6,
        0
      ]
    },
    {
      "Target": "Parameter",
      "Id": "Param119",
      "Segments": [
        0,
        0,
        2,
        0.033,
        0,
        0,
        0.167,
        -9.698,
        0,
        0.333,
        3.267,
        0,
        0.533,
        -10.291,
        0,
        0.733,
        3.553,
        0,
        1,
        -10.191,
        0,
        1.233,
        2.45,
        0,
        1.467,
        -9.079,
        0,
        1.633,
        2.136,
        0,
        1.8,
        -9.547,
        0,
        2,
        2.842,
        0,
        2.4,
        -11.182,
        0,
        2.567,
        0,
        0,
        2.767,
        -6.221,
        0,
        2.9,
        -1.747,
        0,
        3.067,
        -5.708,
        0,
        3.233,
        -1.747,
        0,
        3.467,
        -5.125,
        0,
        3.633,
        0.383,
        0,
        3.933,
        -9.079,
        0,
        4.2,
        3.267,
        0,
        4.433,
        -4.135,
        0,
        4.6,
        0
      ]
    },
    {
      "Target": "Parameter",
      "Id": "Param115",
      "Segments": [
        0,
        0,
        0,
        0.033,
        -2.094,
        0,
        0.267,
        6.179,
        0,
        0.567,
        -9.271,
        0,
        0.933,
        3.033,
        0,
        1.333,
        -6.927,
        0,
        1.667,
        3.357,
        0,
        2.167,
        -6.392,
        0,
        2.5,
        6.179,
        0,
        2.867,
        -6.5,
        0,
        3.233,
        -0.745,
        0,
        3.567,
        -7.272,
        0,
        3.967,
        0.662,
        0,
        4.2,
        -0.431,
        1,
        4.256,
        -0.431,
        4.311,
        -0.081,
        4.367,
        -0.046,
        1,
        4.445,
        0.004,
        4.522,
        0,
        4.6,
        0
      ]
    },
    {
      "Target": "Parameter",
      "Id": "Param116",
      "Segments": [
        0,
        0,
        2,
        0.033,
        0,
        0,
        0.2,
        -10.337,
        0,
        0.433,
        14.086,
        0,
        0.8,
        -13.845,
        0,
        1.167,
        11.325,
        0,
        1.567,
        -7.701,
        0,
        1.9,
        14.086,
        0,
        2.367,
        -10.639,
        0,
        2.7,
        13.034,
        0,
        3.067,
        -5.337,
        0,
        3.4,
        3.355,
        0,
        3.8,
        -6.226,
        0,
        4.167,
        2.298,
        1,
        4.234,
        2.298,
        4.3,
        1.852,
        4.367,
        1.149,
        1,
        4.445,
        0.329,
        4.522,
        0,
        4.6,
        0
      ]
    },
    {
      "Target": "Model",
      "Id": "Opacity",
      "Segments": [
        0,
        1,
        0,
        4.6,
        1
      ]
    },
    {
      "Target": "Parameter",
      "Id": "Param131",
      "Segments": [
        0,
        0,
        0,
        4.6,
        0
      ]
    },
    {
      "Target": "Parameter",
      "Id": "Param132",
      "Segments": [
        0,
        0,
        0,
        4.6,
        0
      ]
    },
    {
      "Target": "Parameter",
      "Id": "Param133",
      "Segments": [
        0,
        0,
        0,
        4.6,
        0
      ]
    },
    {
      "Target": "Parameter",
      "Id": "Param134",
      "Segments": [
        0,
        0,
        0,
        4.6,
        0
      ]
    },
    {
      "Target": "Parameter",
      "Id": "Param135",
      "Segments": [
        0,
        0,
        0,
        4.6,
        0
      ]
    },
    {
      "Target": "Parameter",
      "Id": "Param136",
      "Segments": [
        0,
        0,
        0,
        4.6,
        0
      ]
    },
    {
      "Target": "Parameter",
      "Id": "Param137",
      "Segments": [
        0,
        0,
        0,
        4.6,
        0
      ]
    },
    {
      "Target": "Parameter",
      "Id": "Param138",
      "Segments": [
        0,
        0,
        0,
        4.6,
        0
      ]
    },
    {
      "Target": "Parameter",
      "Id": "Param139",
      "Segments": [
        0,
        0,
        0,
        4.6,
        0
      ]
    },
    {
      "Target": "Parameter",
      "Id": "Param140",
      "Segments": [
        0,
        0,
        0,
        4.6,
        0
      ]
    },
    {
      "Target": "Parameter",
      "Id": "Param8",
      "Segments": [
        0,
        0,
        0,
        4.6,
        0
      ]
    },
    {
      "Target": "Parameter",
      "Id": "Param6",
      "Segments": [
        0,
        0,
        0,
        4.6,
        0
      ]
    },
    {
      "Target": "Parameter",
      "Id": "Param7",
      "Segments": [
        0,
        0,
        0,
        4.6,
        0
      ]
    },
    {
      "Target": "Parameter",
      "Id": "ParamBrowRY",
      "Segments": [
        0,
        0,
        0,
        4.6,
        0
      ]
    },
    {
      "Target": "Parameter",
      "Id": "ParamBrowRX",
      "Segments": [
        0,
        0,
        0,
        4.6,
        0
      ]
    },
    {
      "Target": "Parameter",
      "Id": "ParamBrowLY",
      "Segments": [
        0,
        0,
        0,
        4.6,
        0
      ]
    },
    {
      "Target": "Parameter",
      "Id": "ParamBrowLX",
      "Segments": [
        0,
        0,
        0,
        4.6,
        0
      ]
    },
    {
      "Target": "Parameter",
      "Id": "Param5",
      "Segments": [
        0,
        0,
        0,
        4.6,
        0
      ]
    },
    {
      "Target": "Parameter",
      "Id": "Param110",
      "Segments": [
        0,
        0,
        0,
        4.6,
        0
      ]
    },
    {
      "Target": "Parameter",
      "Id": "Param108",
      "Segments": [
        0,
        0,
        0,
        4.6,
        0
      ]
    },
    {
      "Target": "Parameter",
      "Id": "Param109",
      "Segments": [
        0,
        0,
        0,
        4.6,
        0
      ]
    },
    {
      "Target": "Parameter",
      "Id": "Param121",
      "Segments": [
        0,
        0,
        0,
        4.6,
        0
      ]
    },
    {
      "Target": "Parameter",
      "Id": "Param122",
      "Segments": [
        0,
        0,
        0,
        4.6,
        0
      ]
    },
    {
      "Target": "Parameter",
      "Id": "Param123",
      "Segments": [
        0,
        0,
        0,
        4.6,
        0
      ]
    },
    {
      "Target": "Parameter",
      "Id": "Param42",
      "Segments": [
        0,
        0,
        0,
        4.6,
        0
      ]
    },
    {
      "Target": "Parameter",
      "Id": "Param114",
      "Segments": [
        0,
        0,
        0,
        4.6,
        0
      ]
    },
    {
      "Target": "Parameter",
      "Id": "Param9",
      "Segments": [
        0,
        0,
        0,
        4.6,
        0
      ]
    },
    {
      "Target": "Parameter",
      "Id": "Param10",
      "Segments": [
        0,
        0,
        0,
        4.6,
        0
      ]
    },
    {
      "Target": "Parameter",
      "Id": "Param11",
      "Segments": [
        0,
        0,
        0,
        4.6,
        0
      ]
    },
    {
      "Target": "Parameter",
      "Id": "Param12",
      "Segments": [
        0,
        0,
        0,
        4.6,
        0
      ]
    },
    {
      "Target": "Parameter",
      "Id": "Param13",
      "Segments": [
        0,
        0,
        0,
        4.6,
        0
      ]
    },
    {
      "Target": "Parameter",
      "Id": "Param117",
      "Segments": [
        0,
        0,
        0,
        4.6,
        0
      ]
    },
    {
      "Target": "Parameter",
      "Id": "Param118",
      "Segments": [
        0,
        0,
        0,
        4.6,
        0
      ]
    },
    {
      "Target": "Parameter",
      "Id": "Param59",
      "Segments": [
        0,
        0,
        0,
        4.6,
        0
      ]
    },
    {
      "Target": "Parameter",
      "Id": "Param100",
      "Segments": [
        0,
        0,
        0,
        4.6,
        0
      ]
    },
    {
      "Target": "Parameter",
      "Id": "Param101",
      "Segments": [
        0,
        0,
        0,
        4.6,
        0
      ]
    },
    {
      "Target": "Parameter",
      "Id": "Param91",
      "Segments": [
        0,
        0,
        0,
        4.6,
        0
      ]
    },
    {
      "Target": "Parameter",
      "Id": "Param103",
      "Segments": [
        0,
        0,
        0,
        4.6,
        0
      ]
    },
    {
      "Target": "Parameter",
      "Id": "Param127",
      "Segments": [
        0,
        0,
        0,
        4.6,
        0
      ]
    },
    {
      "Target": "Parameter",
      "Id": "Param128",
      "Segments": [
        0,
        0,
        0,
        4.6,
        0
      ]
    },
    {
      "Target": "Parameter",
      "Id": "Param129",
      "Segments": [
        0,
        0,
        0,
        4.6,
        0
      ]
    },
    {
      "Target": "Parameter",
      "Id": "Param130",
      "Segments": [
        0,
        0,
        0,
        4.6,
        0
      ]
    }
  ],
  "UserData": [
    {
      "Time": 0.0,
      "Value": ""
    },
    {
      "Time": 1.73,
      "Value": "characterVoice_10_2"
    }
  ]
}