{
  "Version": 3,
  "Meta": {
    "Duration": 4.37,
    "Fps": 30.0,
    "Loop": true,
    "AreBeziersRestricted": true,
    "CurveCount": 133,
    "TotalSegmentCount": 1035,
    "TotalPointCount": 1295,
    "UserDataCount": 2,
    "TotalUserDataSize": 20
  },
  "Curves": [
    {
      "Target": "Parameter",
      "Id": "ParamAngleX",
      "Segments": [
        0,
        0,
        0,
        0.2,
        -1.8,
        0,
        0.7,
        15.6,
        0,
        1.2,
        12.24,
        1,
        1.389,
        12.24,
        1.578,
        12.734,
        1.767,
        13.92,
        1,
        1.878,
        14.618,
        1.989,
        15.083,
        2.1,
        15.083,
        1,
        2.167,
        15.083,
        2.233,
        12.707,
        2.3,
        8.96,
        1,
        2.4,
        3.341,
        2.5,
        0.96,
        2.6,
        0.96,
        2,
        2.967,
        0.96,
        0,
        3.367,
        -3.501,
        0,
        4.367,
        0
      ]
    },
    {
      "Target": "Parameter",
      "Id": "ParamAngleY",
      "Segments": [
        0,
        0,
        0,
        0.233,
        3.18,
        0,
        0.733,
        -5.22,
        0,
        1.233,
        -2.64,
        1,
        1.433,
        -2.64,
        1.633,
        -3.681,
        1.833,
        -6.24,
        1,
        1.944,
        -7.661,
        2.056,
        -8.663,
        2.167,
        -8.663,
        0,
        2.367,
        -0.018,
        0,
        2.667,
        -0.66,
        2,
        3.033,
        -0.66,
        0,
        3.433,
        3.694,
        0,
        4.367,
        0
      ]
    },
    {
      "Target": "Parameter",
      "Id": "ParamAngleZ",
      "Segments": [
        0,
        14.4,
        1,
        0.067,
        14.4,
        0.133,
        6.098,
        0.2,
        5.342,
        1,
        0.278,
        4.461,
        0.355,
        4.543,
        0.433,
        4.543,
        0,
        0.7,
        12.48,
        0,
        1.2,
        11.16,
        0,
        1.433,
        12.75,
        0,
        1.8,
        12.42,
        0,
        2.133,
        13.259,
        0,
        2.333,
        11.043,
        0,
        2.633,
        27.66,
        1,
        2.755,
        27.66,
        2.878,
        25.533,
        3,
        22.74,
        1,
        3.133,
        19.693,
        3.267,
        14.922,
        3.4,
        14.665,
        1,
        3.522,
        14.43,
        3.645,
        14.505,
        3.767,
        14.308,
        1,
        3.856,
        14.164,
        3.944,
        11.855,
        4.033,
        11.855,
        0,
        4.367,
        14.4
      ]
    },
    {
      "Target": "Parameter",
      "Id": "Param",
      "Segments": [
        0,
        6.54,
        1,
        0.056,
        6.54,
        0.111,
        2.716,
        0.167,
        2.439,
        1,
        0.256,
        1.996,
        0.344,
        2.005,
        0.433,
        2.005,
        0,
        0.667,
        3.48,
        0,
        1.167,
        1.74,
        1,
        1.256,
        1.74,
        1.344,
        2.741,
        1.433,
        3.333,
        1,
        1.544,
        4.073,
        1.656,
        4.296,
        1.767,
        4.98,
        1,
        1.878,
        5.664,
        1.989,
        6.342,
        2.1,
        6.342,
        1,
        2.167,
        6.342,
        2.233,
        5.262,
        2.3,
        5.194,
        1,
        2.4,
        5.093,
        2.5,
        5.1,
        2.6,
        5.1,
        2,
        2.967,
        5.1,
        1,
        3.1,
        5.1,
        3.234,
        5.869,
        3.367,
        6.251,
        1,
        3.556,
        6.792,
        3.744,
        6.851,
        3.933,
        6.851,
        0,
        4.367,
        6.54
      ]
    },
    {
      "Target": "Parameter",
      "Id": "ParamEyeROpen",
      "Segments": [
        0,
        0,
        0,
        0.167,
        1,
        0,
        0.633,
        0,
        2,
        1.667,
        0,
        0,
        2,
        1,
        2,
        3.833,
        1,
        0,
        4.2,
        0,
        2,
        4.367,
        0
      ]
    },
    {
      "Target": "Parameter",
      "Id": "ParamEyeRSmile",
      "Segments": [
        0,
        0,
        2,
        2.2,
        0,
        1,
        2.3,
        0,
        2.4,
        0.549,
        2.5,
        0.565,
        1,
        2.944,
        0.638,
        3.389,
        0.654,
        3.833,
        0.654,
        0,
        4.2,
        0,
        2,
        4.367,
        0
      ]
    },
    {
      "Target": "Parameter",
      "Id": "ParamEyeLOpen",
      "Segments": [
        0,
        1,
        0,
        0.167,
        0,
        0,
        0.633,
        1,
        2,
        1.667,
        1,
        0,
        2,
        0,
        2,
        3.833,
        0,
        0,
        4.2,
        1,
        2,
        4.367,
        1
      ]
    },
    {
      "Target": "Parameter",
      "Id": "ParamEyeLSmile",
      "Segments": [
        0,
        0,
        2,
        2.2,
        0,
        0,
        2.5,
        1,
        2,
        3.833,
        1,
        0,
        4.2,
        0,
        2,
        4.367,
        0
      ]
    },
    {
      "Target": "Parameter",
      "Id": "ParamEyeBallX",
      "Segments": [
        0,
        0,
        2,
        0.167,
        0,
        0,
        0.633,
        25.56,
        2,
        2,
        25.56,
        0,
        2.2,
        11.47,
        2,
        2.867,
        11.47,
        0,
        3.233,
        0,
        2,
        4.367,
        0
      ]
    },
    {
      "Target": "Parameter",
      "Id": "ParamBrowRX",
      "Segments": [
        0,
        0,
        2,
        0.167,
        0,
        0,
        0.633,
        -1.86,
        2,
        1.667,
        -1.86,
        0,
        2,
        0,
        2,
        4.367,
        0
      ]
    },
    {
      "Target": "Parameter",
      "Id": "ParamBrowLX",
      "Segments": [
        0,
        0,
        2,
        0.167,
        0,
        0,
        0.633,
        -2.7,
        2,
        1.667,
        -2.7,
        0,
        2,
        0,
        2,
        4.367,
        0
      ]
    },
    {
      "Target": "Parameter",
      "Id": "ParamBrowRForm",
      "Segments": [
        0,
        0,
        2,
        0.167,
        0,
        0,
        0.633,
        -0.264,
        2,
        1.667,
        -0.264,
        0,
        2,
        0,
        2,
        2.2,
        0,
        0,
        2.5,
        0.444,
        2,
        3.767,
        0.444,
        1,
        3.889,
        0.444,
        4.011,
        0.016,
        4.133,
        0.004,
        1,
        4.211,
        -0.003,
        4.289,
        0,
        4.367,
        0
      ]
    },
    {
      "Target": "Parameter",
      "Id": "ParamBrowLForm",
      "Segments": [
        0,
        0,
        2,
        0.167,
        0,
        0,
        0.633,
        -0.384,
        2,
        1.667,
        -0.384,
        0,
        2,
        0,
        2,
        2.2,
        0,
        0,
        2.5,
        0.436,
        2,
        3.767,
        0.436,
        1,
        3.889,
        0.436,
        4.011,
        0.016,
        4.133,
        0.004,
        1,
        4.211,
        -0.003,
        4.289,
        0,
        4.367,
        0
      ]
    },
    {
      "Target": "Parameter",
      "Id": "ParamMouthForm",
      "Segments": [
        0,
        0,
        0,
        0.167,
        -1,
        2,
        0.333,
        -1,
        0,
        0.467,
        -1.7,
        0,
        0.533,
        -1,
        1,
        0.566,
        -1,
        0.6,
        -1.005,
        0.633,
        -1.2,
        1,
        0.678,
        -1.46,
        0.722,
        -1.8,
        0.767,
        -1.8,
        1,
        0.8,
        -1.8,
        0.834,
        -1.624,
        0.867,
        -1.4,
        1,
        0.911,
        -1.101,
        0.956,
        -1,
        1,
        -1,
        0,
        1.167,
        -1.8,
        0,
        1.3,
        -1.4,
        0,
        1.467,
        -1.518,
        1,
        1.534,
        -1.518,
        1.6,
        -1.428,
        1.667,
        -1.2,
        1,
        1.7,
        -1.086,
        1.734,
        -1,
        1.767,
        -1,
        1,
        1.822,
        -1,
        1.878,
        -1,
        1.933,
        -1.004,
        1,
        1.955,
        -1.006,
        1.978,
        -1.7,
        2,
        -1.7,
        1,
        2.078,
        -1.7,
        2.155,
        -1.66,
        2.233,
        -1.504,
        1,
        2.255,
        -1.46,
        2.278,
        -1.303,
        2.3,
        -1.1,
        1,
        2.367,
        -0.492,
        2.433,
        0,
        2.5,
        0,
        2,
        2.867,
        0,
        0,
        3.233,
        -0.33,
        2,
        3.833,
        -0.33,
        0,
        4.033,
        0,
        2,
        4.367,
        0
      ]
    },
    {
      "Target": "Parameter",
      "Id": "ParamMouthOpenY",
      "Segments": [
        0,
        0,
        2,
        0.333,
        0,
        0,
        0.467,
        0.7,
        0,
        0.533,
        0,
        1,
        0.566,
        0,
        0.6,
        0.52,
        0.633,
        0.6,
        1,
        0.678,
        0.706,
        0.722,
        0.7,
        0.767,
        0.7,
        0,
        0.867,
        0,
        1,
        0.911,
        0,
        0.956,
        0.205,
        1,
        0.4,
        1,
        1.056,
        0.643,
        1.111,
        0.7,
        1.167,
        0.7,
        0,
        1.3,
        0,
        2,
        1.467,
        0,
        0,
        1.667,
        0.8,
        0,
        1.767,
        0,
        1,
        1.822,
        0,
        1.878,
        0.007,
        1.933,
        0.083,
        1,
        1.955,
        0.113,
        1.978,
        0.7,
        2,
        0.7,
        2,
        2.233,
        0.7,
        0,
        2.3,
        0,
        2,
        3.833,
        0,
        0,
        4.033,
        1,
        0,
        4.367,
        0
      ]
    },
    {
      "Target": "Parameter",
      "Id": "Param4",
      "Segments": [
        0,
        0,
        2,
        2.867,
        0,
        0,
        3.233,
        1,
        0,
        4.367,
        0
      ]
    },
    {
      "Target": "Parameter",
      "Id": "ParamBodyAngleX",
      "Segments": [
        0,
        0,
        0,
        0.2,
        -1.4,
        0,
        0.6,
        7,
        0,
        1.2,
        6.668,
        2,
        1.7,
        6.668,
        1,
        1.878,
        6.668,
        2.055,
        4.98,
        2.233,
        0.522,
        1,
        2.389,
        -3.379,
        2.544,
        -6,
        2.7,
        -6,
        1,
        2.811,
        -6,
        2.922,
        -6.364,
        3.033,
        -5.06,
        1,
        3.322,
        -1.669,
        3.611,
        4,
        3.9,
        4,
        0,
        4.367,
        0
      ]
    },
    {
      "Target": "Parameter",
      "Id": "ParamBodyAngleY",
      "Segments": [
        0,
        0,
        0,
        0.233,
        -1.36,
        0,
        0.7,
        1.4,
        0,
        1.233,
        0.32,
        2,
        1.733,
        0.32,
        0,
        2.067,
        -2.16,
        0,
        2.267,
        -0.32,
        2,
        2.933,
        -0.32,
        0,
        3.3,
        -3.741,
        1,
        3.511,
        -3.741,
        3.722,
        -3.677,
        3.933,
        -2.663,
        1,
        4.078,
        -1.969,
        4.222,
        0,
        4.367,
        0
      ]
    },
    {
      "Target": "Parameter",
      "Id": "Param2",
      "Segments": [
        0,
        0,
        0,
        0.2,
        -1.44,
        1,
        0.356,
        -1.44,
        0.511,
        3.289,
        0.667,
        3.9,
        1,
        0.845,
        4.598,
        1.022,
        4.513,
        1.2,
        4.513,
        0,
        1.7,
        3.96,
        0,
        2.033,
        4.92,
        0,
        2.233,
        3.398,
        0,
        2.533,
        3.9,
        0,
        2.9,
        3.66,
        0,
        3.267,
        5.649,
        0,
        3.9,
        -2.281,
        0,
        4.367,
        0
      ]
    },
    {
      "Target": "Parameter",
      "Id": "ParamBodyAngleZ",
      "Segments": [
        0,
        0,
        0,
        0.167,
        -0.45,
        0,
        0.633,
        2.05,
        0,
        1.167,
        1.25,
        2,
        1.667,
        1.25,
        0,
        2,
        1.85,
        0,
        2.2,
        0.775,
        0,
        2.5,
        1.35,
        2,
        2.867,
        1.35,
        0,
        3.233,
        -1.379,
        1,
        3.444,
        -1.379,
        3.656,
        -1.393,
        3.867,
        -1.281,
        1,
        4.034,
        -1.193,
        4.2,
        0,
        4.367,
        0
      ]
    },
    {
      "Target": "Parameter",
      "Id": "Param97",
      "Segments": [
        0,
        0,
        0,
        0.167,
        -7.8,
        0,
        0.633,
        3.84,
        0,
        1.167,
        -1.5,
        2,
        1.667,
        -1.5,
        0,
        2,
        -3.96,
        0,
        2.2,
        -1.777,
        0,
        2.5,
        -2.52,
        2,
        2.867,
        -2.52,
        0,
        3.233,
        -6.95,
        0,
        3.867,
        2.486,
        0,
        4.367,
        0
      ]
    },
    {
      "Target": "Parameter",
      "Id": "Param112",
      "Segments": [
        0,
        0,
        0,
        0.167,
        -7.02,
        0,
        0.633,
        0,
        2,
        2.2,
        0,
        1,
        2.311,
        0,
        2.422,
        -22.287,
        2.533,
        -23.16,
        1,
        2.711,
        -24.557,
        2.889,
        -24.533,
        3.067,
        -24.533,
        0,
        3.8,
        18,
        0,
        4.367,
        0
      ]
    },
    {
      "Target": "Parameter",
      "Id": "Param3",
      "Segments": [
        0,
        0,
        0,
        0.167,
        -3.06,
        0,
        0.567,
        -2.6,
        0,
        1.067,
        -4.21,
        0,
        1.667,
        -3.6,
        0,
        2,
        -4.98,
        0,
        2.2,
        -3.6,
        0,
        2.5,
        -5.52,
        2,
        2.867,
        -5.52,
        0,
        3.267,
        -7.32,
        0,
        4,
        0.925,
        0,
        4.367,
        0
      ]
    },
    {
      "Target": "Parameter",
      "Id": "Param89",
      "Segments": [
        0,
        0,
        0,
        0.333,
        1.457,
        1,
        0.411,
        1.457,
        0.489,
        0.501,
        0.567,
        0,
        1,
        0.745,
        -4.76,
        0.922,
        -18.24,
        1.1,
        -18.24,
        2,
        1.7,
        -18.24,
        0,
        2.033,
        -19.08,
        0,
        2.233,
        -15.06,
        0,
        2.533,
        -18.24,
        2,
        2.9,
        -18.24,
        1,
        3.033,
        -18.24,
        3.167,
        -12.684,
        3.3,
        -6.06,
        1,
        3.4,
        -1.092,
        3.5,
        0,
        3.6,
        0,
        2,
        4.367,
        0
      ]
    },
    {
      "Target": "Parameter",
      "Id": "Param90",
      "Segments": [
        0,
        0,
        1,
        0.078,
        0,
        0.155,
        1.047,
        0.233,
        3.24,
        1,
        0.355,
        6.686,
        0.478,
        8.459,
        0.6,
        8.459,
        0,
        1.133,
        0,
        2,
        1.733,
        0,
        0,
        2.067,
        -1.56,
        0,
        2.267,
        2.52,
        0,
        2.567,
        0,
        2,
        2.933,
        0,
        1,
        3.066,
        0,
        3.2,
        0.552,
        3.333,
        1.2,
        1,
        3.544,
        2.226,
        3.756,
        2.575,
        3.967,
        2.575,
        0,
        4.367,
        0
      ]
    },
    {
      "Target": "Parameter",
      "Id": "Param60",
      "Segments": [
        0,
        0,
        0,
        0.167,
        -25,
        2,
        0.533,
        -25,
        0,
        1.067,
        0,
        2,
        2.2,
        0,
        0,
        2.5,
        -30,
        2,
        2.867,
        -30,
        1,
        2.989,
        -30,
        3.111,
        -30.478,
        3.233,
        -24,
        1,
        3.444,
        -12.81,
        3.656,
        5.04,
        3.867,
        5.04,
        0,
        4.367,
        0
      ]
    },
    {
      "Target": "Parameter",
      "Id": "Param104",
      "Segments": [
        0,
        0,
        2,
        2.867,
        0,
        0,
        3.233,
        11.82,
        0,
        4.367,
        0
      ]
    },
    {
      "Target": "Parameter",
      "Id": "Param105",
      "Segments": [
        0,
        0,
        2,
        2.2,
        0,
        0,
        2.5,
        -5.64,
        2,
        2.867,
        -5.64,
        1,
        3.011,
        -5.64,
        3.156,
        -5.511,
        3.3,
        -4.467,
        1,
        3.656,
        -1.897,
        4.011,
        0,
        4.367,
        0
      ]
    },
    {
      "Target": "Parameter",
      "Id": "Param99",
      "Segments": [
        0,
        0,
        0,
        0.167,
        1.68,
        0,
        0.533,
        0,
        2,
        2,
        0,
        0,
        2.2,
        0.78,
        0,
        2.5,
        0,
        2,
        2.867,
        0,
        0,
        3.233,
        -0.632,
        0,
        3.9,
        1.541,
        0,
        4.367,
        0
      ]
    },
    {
      "Target": "Parameter",
      "Id": "Param98",
      "Segments": [
        0,
        0,
        0,
        0.2,
        -2.88,
        0,
        0.567,
        1.598,
        1,
        0.778,
        1.598,
        0.989,
        1.017,
        1.2,
        -1.44,
        1,
        1.367,
        -3.38,
        1.533,
        -6.814,
        1.7,
        -9.479,
        1,
        1.778,
        -10.723,
        1.855,
        -11.859,
        1.933,
        -13.168,
        1,
        2.044,
        -15.038,
        2.156,
        -17.986,
        2.267,
        -19.047,
        1,
        2.367,
        -20.002,
        2.467,
        -20.007,
        2.567,
        -20.007,
        1,
        2.689,
        -20.007,
        2.811,
        -20.825,
        2.933,
        -18.327,
        1,
        3.266,
        -11.514,
        3.6,
        2.82,
        3.933,
        2.82,
        0,
        4.367,
        0
      ]
    },
    {
      "Target": "Parameter",
      "Id": "Param92",
      "Segments": [
        0,
        0,
        0,
        0.433,
        -2.318,
        1,
        0.533,
        -2.318,
        0.633,
        -0.373,
        0.733,
        1.408,
        1,
        0.8,
        2.595,
        0.866,
        2.678,
        0.933,
        2.678,
        0,
        1.5,
        0,
        0,
        1.833,
        4.005,
        0,
        2.267,
        3.376,
        1,
        2.334,
        3.376,
        2.4,
        3.361,
        2.467,
        4.005,
        1,
        2.522,
        4.542,
        2.578,
        6.588,
        2.633,
        6.588,
        1,
        2.733,
        6.588,
        2.833,
        6.084,
        2.933,
        3.533,
        1,
        3.122,
        -1.286,
        3.311,
        -4.871,
        3.5,
        -4.871,
        0,
        4.133,
        2.678,
        0,
        4.367,
        0
      ]
    },
    {
      "Target": "Parameter",
      "Id": "Param93",
      "Segments": [
        0,
        0,
        0,
        0.267,
        13.68,
        0,
        0.633,
        -0.809,
        0,
        0.967,
        6.167,
        1,
        1.067,
        6.167,
        1.167,
        4.79,
        1.267,
        3.3,
        1,
        1.434,
        0.816,
        1.6,
        0,
        1.767,
        0,
        1,
        1.878,
        0,
        1.989,
        1.75,
        2.1,
        6.06,
        1,
        2.167,
        8.646,
        2.233,
        10.44,
        2.3,
        10.44,
        1,
        2.4,
        10.44,
        2.5,
        8.067,
        2.6,
        6.419,
        1,
        2.778,
        3.489,
        2.955,
        2.773,
        3.133,
        2.773,
        0,
        3.333,
        11.922,
        1,
        3.555,
        11.922,
        3.778,
        11.003,
        4,
        6.682,
        1,
        4.122,
        4.305,
        4.245,
        0,
        4.367,
        0
      ]
    },
    {
      "Target": "Parameter",
      "Id": "Param102",
      "Segments": [
        0,
        0,
        2,
        2.867,
        0,
        0,
        3.867,
        -12.6,
        0,
        4.367,
        0
      ]
    },
    {
      "Target": "Parameter",
      "Id": "Param106",
      "Segments": [
        0,
        0,
        2,
        2.867,
        0,
        0,
        3.867,
        1.02,
        0,
        4.367,
        0
      ]
    },
    {
      "Target": "Parameter",
      "Id": "Param107",
      "Segments": [
        0,
        0,
        2,
        2.867,
        0,
        0,
        3.867,
        -17,
        0,
        4.367,
        0
      ]
    },
    {
      "Target": "Parameter",
      "Id": "Param113",
      "Segments": [
        0,
        0,
        0,
        0.133,
        -6.84,
        0,
        0.6,
        4.26,
        0,
        1.133,
        -3.84,
        2,
        1.633,
        -3.84,
        0,
        1.967,
        -7.08,
        1,
        2.034,
        -7.08,
        2.1,
        -2.533,
        2.167,
        -2.019,
        1,
        2.267,
        -1.248,
        2.367,
        -1.26,
        2.467,
        -1.26,
        2,
        2.833,
        -1.26,
        0,
        4.367,
        0
      ]
    },
    {
      "Target": "Parameter",
      "Id": "Param94",
      "Segments": [
        0,
        20,
        0,
        0.167,
        18.624,
        0,
        0.6,
        21.19,
        2,
        3.267,
        21.19,
        0,
        4.367,
        20
      ]
    },
    {
      "Target": "Parameter",
      "Id": "Param95",
      "Segments": [
        0,
        10,
        0,
        0.2,
        -2.903,
        0,
        0.633,
        1.915,
        1,
        0.989,
        1.915,
        1.344,
        1.755,
        1.7,
        0.9,
        1,
        1.811,
        0.633,
        1.922,
        -1.855,
        2.033,
        -1.855,
        0,
        2.233,
        0.9,
        1,
        2.333,
        0.9,
        2.433,
        0.62,
        2.533,
        0.37,
        1,
        2.655,
        0.064,
        2.778,
        0,
        2.9,
        0,
        1,
        3.033,
        0,
        3.167,
        1.708,
        3.3,
        3.48,
        1,
        3.656,
        8.204,
        4.011,
        10,
        4.367,
        10
      ]
    },
    {
      "Target": "Parameter",
      "Id": "Param96",
      "Segments": [
        0,
        -60,
        1,
        0.078,
        -60,
        0.155,
        -18.217,
        0.233,
        -9.9,
        1,
        0.378,
        5.546,
        0.522,
        7.27,
        0.667,
        7.27,
        1,
        1.022,
        7.27,
        1.378,
        6.223,
        1.733,
        2.46,
        1,
        1.844,
        1.284,
        1.956,
        -1.765,
        2.067,
        -1.765,
        0,
        2.267,
        4.656,
        1,
        2.367,
        4.656,
        2.467,
        3.925,
        2.567,
        3,
        1,
        2.689,
        1.869,
        2.811,
        1.432,
        2.933,
        0,
        1,
        3.066,
        -1.562,
        3.2,
        -2.228,
        3.333,
        -7.98,
        1,
        3.678,
        -22.84,
        4.022,
        -60,
        4.367,
        -60
      ]
    },
    {
      "Target": "Parameter",
      "Id": "Param77",
      "Segments": [
        0,
        0.21,
        0,
        0.033,
        -1.047,
        0,
        0.2,
        -0.5,
        0,
        0.467,
        -2.106,
        0,
        0.867,
        0.083,
        0,
        1.267,
        -1.002,
        0,
        1.667,
        -0.732,
        0,
        1.967,
        -1.231,
        0,
        2.233,
        0.35,
        0,
        2.533,
        -1.198,
        0,
        2.933,
        -0.713,
        0,
        3.267,
        -2.847,
        0,
        3.6,
        -0.909,
        0,
        3.933,
        -1.395,
        0,
        4.233,
        0.413,
        0,
        4.367,
        0.21
      ]
    },
    {
      "Target": "Parameter",
      "Id": "Param78",
      "Segments": [
        0,
        -3.498,
        0,
        0.033,
        0,
        0,
        0.167,
        -0.502,
        0,
        0.4,
        1.181,
        0,
        0.733,
        -1.685,
        0,
        1.067,
        1.18,
        0,
        1.433,
        -0.53,
        0,
        1.9,
        0.502,
        0,
        2.2,
        -1.371,
        0,
        2.433,
        1.362,
        0,
        2.867,
        -0.726,
        0,
        3.267,
        1.838,
        0,
        3.5,
        -1.461,
        0,
        3.833,
        0.75,
        1,
        3.933,
        0.75,
        4.033,
        0.208,
        4.133,
        -1.355,
        1,
        4.211,
        -2.571,
        4.289,
        -3.498,
        4.367,
        -3.498
      ]
    },
    {
      "Target": "Parameter",
      "Id": "Param79",
      "Segments": [
        0,
        -3.305,
        1,
        0.089,
        -3.305,
        0.178,
        -1.772,
        0.267,
        -0.369,
        1,
        0.356,
        1.033,
        0.444,
        1.284,
        0.533,
        1.284,
        0,
        0.867,
        -2.244,
        0,
        1.233,
        1.95,
        0,
        1.6,
        -1.092,
        0,
        2,
        0.761,
        0,
        2.3,
        -1.439,
        0,
        2.6,
        1.622,
        0,
        3.167,
        -0.883,
        0,
        3.367,
        1.003,
        0,
        3.667,
        -1.604,
        0,
        3.967,
        1.164,
        1,
        4.078,
        1.164,
        4.189,
        0.435,
        4.3,
        -1.656,
        1,
        4.322,
        -2.074,
        4.345,
        -3.305,
        4.367,
        -3.305
      ]
    },
    {
      "Target": "Parameter",
      "Id": "Param80",
      "Segments": [
        0,
        -1.878,
        1,
        0.111,
        -1.878,
        0.222,
        -1.302,
        0.333,
        -0.279,
        1,
        0.444,
        0.744,
        0.556,
        1.196,
        0.667,
        1.196,
        0,
        1,
        -2.446,
        0,
        1.367,
        2.53,
        0,
        1.733,
        -1.718,
        0,
        2.1,
        1.186,
        0,
        2.433,
        -1.447,
        0,
        2.867,
        1.734,
        0,
        3.3,
        -0.624,
        0,
        3.533,
        0.471,
        0,
        3.8,
        -1.452,
        0,
        4.133,
        1.269,
        0,
        4.367,
        -1.878
      ]
    },
    {
      "Target": "Parameter",
      "Id": "Param81",
      "Segments": [
        0,
        0.246,
        1,
        0.033,
        0.246,
        0.067,
        0.05,
        0.1,
        0.012,
        1,
        0.211,
        -0.113,
        0.322,
        -0.141,
        0.433,
        -0.141,
        0,
        0.767,
        0.705,
        0,
        1.133,
        -1.609,
        0,
        1.5,
        1.906,
        0,
        1.867,
        -1.494,
        0,
        2.233,
        1.025,
        0,
        2.567,
        -0.975,
        0,
        3.2,
        1.159,
        0,
        3.5,
        -0.383,
        0,
        3.7,
        -0.065,
        0,
        3.933,
        -0.746,
        0,
        4.267,
        0.797,
        0,
        4.367,
        0.246
      ]
    },
    {
      "Target": "Parameter",
      "Id": "Param82",
      "Segments": [
        0,
        1.348,
        1,
        0.078,
        1.348,
        0.155,
        0.107,
        0.233,
        0.017,
        1,
        0.333,
        -0.098,
        0.433,
        -0.084,
        0.533,
        -0.084,
        0,
        0.867,
        0.461,
        0,
        1.267,
        -1.174,
        0,
        1.633,
        1.563,
        0,
        2,
        -1.365,
        0,
        2.367,
        0.983,
        0,
        2.833,
        -0.78,
        0,
        3.333,
        0.894,
        0,
        3.7,
        -0.404,
        0,
        3.867,
        -0.274,
        0,
        4.067,
        -0.386,
        0,
        4.367,
        1.348
      ]
    },
    {
      "Target": "Parameter",
      "Id": "Param83",
      "Segments": [
        0,
        5.479,
        0,
        0.033,
        -0.101,
        0,
        0.367,
        0.035,
        0,
        0.633,
        -0.074,
        0,
        1,
        0.467,
        0,
        1.367,
        -1.302,
        0,
        1.767,
        1.892,
        0,
        2.133,
        -1.822,
        0,
        2.533,
        1.344,
        0,
        3.167,
        -0.997,
        0,
        3.5,
        1.084,
        0,
        3.867,
        -0.682,
        0,
        4.367,
        5.479
      ]
    },
    {
      "Target": "Parameter",
      "Id": "Param85",
      "Segments": [
        0,
        0,
        0,
        0.167,
        -0.588,
        0,
        0.5,
        0.205,
        0,
        0.767,
        -0.17,
        0,
        1.1,
        1.391,
        0,
        1.5,
        -4.297,
        0,
        1.9,
        6.768,
        0,
        2.267,
        -7.143,
        0,
        2.8,
        5.623,
        0,
        3.3,
        -4.001,
        0,
        3.633,
        4.033,
        0,
        4.033,
        -3.201,
        0,
        4.367,
        0
      ]
    },
    {
      "Target": "Parameter",
      "Id": "Param88",
      "Segments": [
        0,
        0,
        0,
        0.3,
        -1.071,
        0,
        0.667,
        0.421,
        0,
        0.9,
        -0.066,
        0,
        1.233,
        1.347,
        0,
        1.6,
        -4.685,
        0,
        2,
        8.064,
        0,
        2.4,
        -9.199,
        0,
        2.933,
        7.719,
        0,
        3.433,
        -5.465,
        0,
        3.8,
        5.218,
        0,
        4.167,
        -4.647,
        0,
        4.367,
        0
      ]
    },
    {
      "Target": "Parameter",
      "Id": "Param86",
      "Segments": [
        0,
        0,
        0,
        0.067,
        3.315,
        0,
        0.433,
        -1.854,
        0,
        0.833,
        0.825,
        0,
        1.067,
        0.061,
        0,
        1.333,
        1.2,
        0,
        1.733,
        -5.102,
        0,
        2.133,
        9.487,
        0,
        2.533,
        -11.544,
        0,
        3.233,
        10.358,
        0,
        3.6,
        -7.584,
        0,
        3.933,
        6.835,
        0,
        4.333,
        -6.527,
        0,
        4.367,
        0
      ]
    },
    {
      "Target": "Parameter",
      "Id": "Param87",
      "Segments": [
        0,
        0,
        0,
        0.033,
        -0.524,
        0,
        0.2,
        -0.25,
        0,
        0.467,
        -1.053,
        0,
        0.867,
        0.042,
        0,
        1.267,
        -0.501,
        0,
        1.667,
        -0.366,
        0,
        1.967,
        -0.616,
        0,
        2.233,
        0.175,
        0,
        2.533,
        -0.599,
        0,
        2.933,
        -0.357,
        0,
        3.267,
        -1.424,
        0,
        3.6,
        -0.454,
        0,
        3.933,
        -0.698,
        0,
        4.233,
        0.206,
        0,
        4.367,
        0
      ]
    },
    {
      "Target": "Parameter",
      "Id": "Param84",
      "Segments": [
        0,
        0,
        2,
        0.033,
        0,
        1,
        0.078,
        -0.001,
        0.122,
        -0.376,
        0.167,
        -0.376,
        0,
        0.4,
        0.886,
        0,
        0.733,
        -1.264,
        0,
        1.067,
        0.885,
        0,
        1.433,
        -0.398,
        0,
        1.9,
        0.377,
        0,
        2.2,
        -1.028,
        0,
        2.433,
        1.022,
        0,
        2.867,
        -0.544,
        0,
        3.267,
        1.378,
        0,
        3.5,
        -1.096,
        0,
        3.833,
        0.563,
        0,
        4.133,
        -1.017,
        0,
        4.367,
        0
      ]
    },
    {
      "Target": "Parameter",
      "Id": "ParamHairFront",
      "Segments": [
        0,
        0,
        0,
        0.233,
        -18.237,
        0,
        0.533,
        12.597,
        0,
        0.933,
        -9.522,
        0,
        1.367,
        5.191,
        0,
        2,
        -14.215,
        0,
        2.3,
        8.544,
        0,
        2.733,
        -18.716,
        0,
        3,
        -6.609,
        0,
        3.2,
        -11.896,
        0,
        3.533,
        5.568,
        0,
        4,
        -7.312,
        0,
        4.367,
        0
      ]
    },
    {
      "Target": "Parameter",
      "Id": "Param43",
      "Segments": [
        0,
        0,
        0,
        0.2,
        3.886,
        0,
        0.467,
        -12.856,
        0,
        0.8,
        21.116,
        0,
        1.233,
        -14.246,
        0,
        1.633,
        13.699,
        0,
        2.267,
        -22.59,
        0,
        2.567,
        26.272,
        0,
        2.967,
        -19.1,
        0,
        3.2,
        8.935,
        0,
        3.433,
        -18.893,
        0,
        3.8,
        14.262,
        0,
        4.133,
        -7.458,
        0,
        4.367,
        0
      ]
    },
    {
      "Target": "Parameter",
      "Id": "Param44",
      "Segments": [
        0,
        0,
        0,
        0.233,
        3.924,
        0,
        0.533,
        -14.755,
        0,
        0.933,
        9.522,
        0,
        1.367,
        -0.804,
        0,
        2,
        14.215,
        0,
        2.3,
        -17.679,
        0,
        2.733,
        18.716,
        0,
        3,
        -3.317,
        0,
        3.2,
        11.896,
        0,
        3.9,
        -19.687,
        0,
        4.367,
        0
      ]
    },
    {
      "Target": "Parameter",
      "Id": "Param45",
      "Segments": [
        0,
        0,
        0,
        0.2,
        -3.886,
        0,
        0.467,
        16.526,
        0,
        0.8,
        -21.889,
        0,
        1.233,
        17.916,
        0,
        1.633,
        -14.472,
        0,
        2.267,
        22.59,
        0,
        2.567,
        -26.272,
        0,
        2.967,
        13.017,
        0,
        3.2,
        -9.418,
        0,
        3.433,
        12.809,
        0,
        4.133,
        -20.353,
        0,
        4.367,
        0
      ]
    },
    {
      "Target": "Parameter",
      "Id": "Param46",
      "Segments": [
        0,
        0,
        0,
        0.233,
        3.924,
        0,
        0.533,
        -14.755,
        0,
        0.933,
        9.522,
        0,
        1.367,
        -0.804,
        0,
        2,
        14.215,
        0,
        2.3,
        -17.679,
        0,
        2.733,
        18.716,
        0,
        3,
        -3.317,
        0,
        3.2,
        11.896,
        0,
        3.9,
        -19.687,
        0,
        4.367,
        0
      ]
    },
    {
      "Target": "Parameter",
      "Id": "Param47",
      "Segments": [
        0,
        0,
        0,
        0.2,
        -3.886,
        0,
        0.467,
        16.526,
        0,
        0.8,
        -21.889,
        0,
        1.233,
        17.916,
        0,
        1.633,
        -14.472,
        0,
        2.267,
        22.59,
        0,
        2.567,
        -26.272,
        0,
        2.967,
        13.017,
        0,
        3.2,
        -9.418,
        0,
        3.433,
        12.809,
        0,
        4.133,
        -20.353,
        0,
        4.367,
        0
      ]
    },
    {
      "Target": "Parameter",
      "Id": "Param48",
      "Segments": [
        0,
        0,
        0,
        0.233,
        -18.237,
        0,
        0.533,
        12.597,
        0,
        0.933,
        -9.522,
        0,
        1.367,
        5.191,
        0,
        2,
        -14.215,
        0,
        2.3,
        8.544,
        0,
        2.733,
        -18.716,
        0,
        3,
        -6.609,
        0,
        3.2,
        -11.896,
        0,
        3.533,
        5.568,
        0,
        4,
        -7.312,
        0,
        4.367,
        0
      ]
    },
    {
      "Target": "Parameter",
      "Id": "Param49",
      "Segments": [
        0,
        0,
        0,
        0.2,
        3.886,
        0,
        0.467,
        -12.856,
        0,
        0.8,
        21.116,
        0,
        1.233,
        -14.246,
        0,
        1.633,
        13.699,
        0,
        2.267,
        -22.59,
        0,
        2.567,
        26.272,
        0,
        2.967,
        -19.1,
        0,
        3.2,
        8.935,
        0,
        3.433,
        -18.893,
        0,
        3.8,
        14.262,
        0,
        4.133,
        -7.458,
        0,
        4.367,
        0
      ]
    },
    {
      "Target": "Parameter",
      "Id": "Param52",
      "Segments": [
        0,
        0,
        0,
        0.233,
        3.924,
        0,
        0.533,
        -14.755,
        0,
        0.933,
        9.522,
        0,
        1.367,
        -0.804,
        0,
        2,
        14.215,
        0,
        2.3,
        -17.679,
        0,
        2.733,
        18.716,
        0,
        3,
        -3.317,
        0,
        3.2,
        11.896,
        0,
        3.9,
        -19.687,
        0,
        4.367,
        0
      ]
    },
    {
      "Target": "Parameter",
      "Id": "Param53",
      "Segments": [
        0,
        0,
        0,
        0.2,
        -3.886,
        0,
        0.467,
        16.526,
        0,
        0.8,
        -21.889,
        0,
        1.233,
        17.916,
        0,
        1.633,
        -14.472,
        0,
        2.267,
        22.59,
        0,
        2.567,
        -26.272,
        0,
        2.967,
        13.017,
        0,
        3.2,
        -9.418,
        0,
        3.433,
        12.809,
        0,
        4.133,
        -20.353,
        0,
        4.367,
        0
      ]
    },
    {
      "Target": "Parameter",
      "Id": "Param54",
      "Segments": [
        0,
        0,
        0,
        0.233,
        3.924,
        0,
        0.533,
        -14.755,
        0,
        0.933,
        9.522,
        0,
        1.367,
        -0.804,
        0,
        2,
        14.215,
        0,
        2.3,
        -17.679,
        0,
        2.733,
        18.716,
        0,
        3,
        -3.317,
        0,
        3.2,
        11.896,
        0,
        3.9,
        -19.687,
        0,
        4.367,
        0
      ]
    },
    {
      "Target": "Parameter",
      "Id": "Param55",
      "Segments": [
        0,
        0,
        0,
        0.2,
        -3.886,
        0,
        0.467,
        16.526,
        0,
        0.8,
        -21.889,
        0,
        1.233,
        17.916,
        0,
        1.633,
        -14.472,
        0,
        2.267,
        22.59,
        0,
        2.567,
        -26.272,
        0,
        2.967,
        13.017,
        0,
        3.2,
        -9.418,
        0,
        3.433,
        12.809,
        0,
        4.133,
        -20.353,
        0,
        4.367,
        0
      ]
    },
    {
      "Target": "Parameter",
      "Id": "Param56",
      "Segments": [
        0,
        0,
        0,
        0.233,
        3.924,
        0,
        0.533,
        -14.755,
        0,
        0.933,
        9.522,
        0,
        1.367,
        -0.804,
        0,
        2,
        14.215,
        0,
        2.3,
        -17.679,
        0,
        2.733,
        18.716,
        0,
        3,
        -3.317,
        0,
        3.2,
        11.896,
        0,
        3.9,
        -19.687,
        0,
        4.367,
        0
      ]
    },
    {
      "Target": "Parameter",
      "Id": "Param57",
      "Segments": [
        0,
        0,
        0,
        0.2,
        -3.886,
        0,
        0.467,
        16.526,
        0,
        0.8,
        -21.889,
        0,
        1.233,
        17.916,
        0,
        1.633,
        -14.472,
        0,
        2.267,
        22.59,
        0,
        2.567,
        -26.272,
        0,
        2.967,
        13.017,
        0,
        3.2,
        -9.418,
        0,
        3.433,
        12.809,
        0,
        4.133,
        -20.353,
        0,
        4.367,
        0
      ]
    },
    {
      "Target": "Parameter",
      "Id": "Param50",
      "Segments": [
        0,
        0,
        0,
        0.233,
        3.924,
        0,
        0.533,
        -14.755,
        0,
        0.933,
        9.522,
        0,
        1.367,
        -0.804,
        0,
        2,
        14.215,
        0,
        2.3,
        -17.679,
        0,
        2.733,
        18.716,
        0,
        3,
        -3.317,
        0,
        3.2,
        11.896,
        0,
        3.9,
        -19.687,
        0,
        4.367,
        0
      ]
    },
    {
      "Target": "Parameter",
      "Id": "Param51",
      "Segments": [
        0,
        0,
        0,
        0.2,
        -3.886,
        0,
        0.467,
        16.526,
        0,
        0.8,
        -21.889,
        0,
        1.233,
        17.916,
        0,
        1.633,
        -14.472,
        0,
        2.267,
        22.59,
        0,
        2.567,
        -26.272,
        0,
        2.967,
        13.017,
        0,
        3.2,
        -9.418,
        0,
        3.433,
        12.809,
        0,
        4.133,
        -20.353,
        0,
        4.367,
        0
      ]
    },
    {
      "Target": "Parameter",
      "Id": "Param58",
      "Segments": [
        0,
        0,
        0,
        0.233,
        3.924,
        0,
        0.533,
        -6.412,
        0,
        0.933,
        9.522,
        0,
        1.367,
        -0.804,
        0,
        2,
        14.215,
        0,
        2.3,
        -17.679,
        0,
        2.733,
        18.716,
        0,
        3,
        6.609,
        0,
        3.2,
        11.896,
        0,
        3.533,
        -5.568,
        0,
        3.867,
        -1.414,
        0,
        4.233,
        -8.179,
        0,
        4.367,
        0
      ]
    },
    {
      "Target": "Parameter",
      "Id": "Param73",
      "Segments": [
        0,
        0,
        0,
        0.233,
        3.924,
        0,
        0.533,
        -14.755,
        0,
        0.933,
        9.522,
        0,
        1.367,
        -0.804,
        0,
        2,
        14.215,
        0,
        2.3,
        -17.679,
        0,
        2.733,
        18.716,
        0,
        3,
        -3.317,
        0,
        3.2,
        11.896,
        0,
        3.9,
        -19.687,
        0,
        4.367,
        0
      ]
    },
    {
      "Target": "Parameter",
      "Id": "Param74",
      "Segments": [
        0,
        0,
        0,
        0.2,
        -3.886,
        0,
        0.467,
        16.526,
        0,
        0.8,
        -21.889,
        0,
        1.233,
        17.916,
        0,
        1.633,
        -14.472,
        0,
        2.267,
        22.59,
        0,
        2.567,
        -26.272,
        0,
        2.967,
        13.017,
        0,
        3.2,
        -9.418,
        0,
        3.433,
        12.809,
        0,
        4.133,
        -20.353,
        0,
        4.367,
        0
      ]
    },
    {
      "Target": "Parameter",
      "Id": "Param61",
      "Segments": [
        0,
        0,
        1,
        0.067,
        0,
        0.133,
        -0.055,
        0.2,
        -1.09,
        1,
        0.289,
        -2.471,
        0.378,
        -4.205,
        0.467,
        -4.205,
        0,
        0.8,
        0.712,
        0,
        1.2,
        -2.309,
        0,
        1.567,
        -1.313,
        0,
        1.933,
        -2.44,
        0,
        2.233,
        0.818,
        0,
        2.5,
        -2.88,
        0,
        2.933,
        -1.111,
        0,
        3.267,
        -5.489,
        0,
        3.567,
        -1.43,
        0,
        3.933,
        -3.02,
        0,
        4.2,
        0.506,
        0,
        4.367,
        0
      ]
    },
    {
      "Target": "Parameter",
      "Id": "Param62",
      "Segments": [
        0,
        0,
        0,
        0.167,
        -0.889,
        0,
        0.367,
        2.87,
        0,
        0.7,
        -5.22,
        0,
        1.033,
        3.363,
        0,
        1.4,
        -1.341,
        0,
        1.867,
        0.868,
        0,
        2.167,
        -3.294,
        0,
        2.4,
        4.283,
        0,
        2.833,
        -2.254,
        0,
        3.233,
        4,
        0,
        3.467,
        -4.439,
        0,
        3.8,
        2.028,
        0,
        4.1,
        -2.68,
        0,
        4.367,
        0
      ]
    },
    {
      "Target": "Parameter",
      "Id": "Param63",
      "Segments": [
        0,
        0,
        1,
        0.067,
        0,
        0.133,
        -0.091,
        0.2,
        -1.635,
        1,
        0.289,
        -3.694,
        0.378,
        -6.307,
        0.467,
        -6.307,
        0,
        0.8,
        1.068,
        0,
        1.2,
        -3.464,
        0,
        1.567,
        -1.97,
        0,
        1.933,
        -3.66,
        0,
        2.233,
        1.226,
        0,
        2.5,
        -4.32,
        0,
        2.933,
        -1.667,
        0,
        3.267,
        -8.233,
        0,
        3.567,
        -2.145,
        0,
        3.933,
        -4.529,
        0,
        4.2,
        0.758,
        0,
        4.367,
        0
      ]
    },
    {
      "Target": "Parameter",
      "Id": "Param64",
      "Segments": [
        0,
        0,
        0,
        0.167,
        -0.889,
        0,
        0.367,
        2.87,
        0,
        0.7,
        -5.22,
        0,
        1.033,
        3.363,
        0,
        1.4,
        -1.341,
        0,
        1.867,
        0.868,
        0,
        2.167,
        -3.294,
        0,
        2.4,
        4.283,
        0,
        2.833,
        -2.254,
        0,
        3.233,
        4,
        0,
        3.467,
        -4.439,
        0,
        3.8,
        2.028,
        0,
        4.1,
        -2.68,
        0,
        4.367,
        0
      ]
    },
    {
      "Target": "Parameter",
      "Id": "Param65",
      "Segments": [
        0,
        0,
        1,
        0.067,
        0,
        0.133,
        -0.091,
        0.2,
        -1.635,
        1,
        0.289,
        -3.694,
        0.378,
        -6.307,
        0.467,
        -6.307,
        0,
        0.8,
        1.068,
        0,
        1.2,
        -3.464,
        0,
        1.567,
        -1.97,
        0,
        1.933,
        -3.66,
        0,
        2.233,
        1.226,
        0,
        2.5,
        -4.32,
        0,
        2.933,
        -1.667,
        0,
        3.267,
        -8.233,
        0,
        3.567,
        -2.145,
        0,
        3.933,
        -4.529,
        0,
        4.2,
        0.758,
        0,
        4.367,
        0
      ]
    },
    {
      "Target": "Parameter",
      "Id": "Param66",
      "Segments": [
        0,
        0,
        0,
        0.167,
        -0.889,
        0,
        0.367,
        2.87,
        0,
        0.7,
        -5.22,
        0,
        1.033,
        3.363,
        0,
        1.4,
        -1.341,
        0,
        1.867,
        0.868,
        0,
        2.167,
        -3.294,
        0,
        2.4,
        4.283,
        0,
        2.833,
        -2.254,
        0,
        3.233,
        4,
        0,
        3.467,
        -4.439,
        0,
        3.8,
        2.028,
        0,
        4.1,
        -2.68,
        0,
        4.367,
        0
      ]
    },
    {
      "Target": "Parameter",
      "Id": "Param67",
      "Segments": [
        0,
        0,
        1,
        0.067,
        0,
        0.133,
        0.091,
        0.2,
        1.635,
        1,
        0.289,
        3.694,
        0.378,
        6.307,
        0.467,
        6.307,
        0,
        0.8,
        -1.068,
        0,
        1.2,
        3.464,
        0,
        1.567,
        1.97,
        0,
        1.933,
        3.66,
        0,
        2.233,
        -1.226,
        0,
        2.5,
        4.32,
        0,
        2.933,
        1.667,
        0,
        3.267,
        8.233,
        0,
        3.567,
        2.145,
        0,
        3.933,
        4.529,
        0,
        4.2,
        -0.758,
        0,
        4.367,
        0
      ]
    },
    {
      "Target": "Parameter",
      "Id": "Param68",
      "Segments": [
        0,
        0,
        0,
        0.167,
        0.889,
        0,
        0.367,
        -2.87,
        0,
        0.7,
        5.22,
        0,
        1.033,
        -3.363,
        0,
        1.4,
        1.341,
        0,
        1.867,
        -0.868,
        0,
        2.167,
        3.294,
        0,
        2.4,
        -4.283,
        0,
        2.833,
        2.254,
        0,
        3.233,
        -4,
        0,
        3.467,
        4.439,
        0,
        3.8,
        -2.028,
        0,
        4.1,
        2.68,
        0,
        4.367,
        0
      ]
    },
    {
      "Target": "Parameter",
      "Id": "Param69",
      "Segments": [
        0,
        0,
        1,
        0.067,
        0,
        0.133,
        0.091,
        0.2,
        1.635,
        1,
        0.289,
        3.694,
        0.378,
        6.307,
        0.467,
        6.307,
        0,
        0.8,
        -1.068,
        0,
        1.2,
        3.464,
        0,
        1.567,
        1.97,
        0,
        1.933,
        3.66,
        0,
        2.233,
        -1.226,
        0,
        2.5,
        4.32,
        0,
        2.933,
        1.667,
        0,
        3.267,
        8.233,
        0,
        3.567,
        2.145,
        0,
        3.933,
        4.529,
        0,
        4.2,
        -0.758,
        0,
        4.367,
        0
      ]
    },
    {
      "Target": "Parameter",
      "Id": "Param70",
      "Segments": [
        0,
        0,
        0,
        0.167,
        0.889,
        0,
        0.367,
        -2.87,
        0,
        0.7,
        5.22,
        0,
        1.033,
        -3.363,
        0,
        1.4,
        1.341,
        0,
        1.867,
        -0.868,
        0,
        2.167,
        3.294,
        0,
        2.4,
        -4.283,
        0,
        2.833,
        2.254,
        0,
        3.233,
        -4,
        0,
        3.467,
        4.439,
        0,
        3.8,
        -2.028,
        0,
        4.1,
        2.68,
        0,
        4.367,
        0
      ]
    },
    {
      "Target": "Parameter",
      "Id": "Param71",
      "Segments": [
        0,
        0,
        1,
        0.067,
        0,
        0.133,
        0.091,
        0.2,
        1.635,
        1,
        0.289,
        3.694,
        0.378,
        6.307,
        0.467,
        6.307,
        0,
        0.8,
        -1.068,
        0,
        1.2,
        3.464,
        0,
        1.567,
        1.97,
        0,
        1.933,
        3.66,
        0,
        2.233,
        -1.226,
        0,
        2.5,
        4.32,
        0,
        2.933,
        1.667,
        0,
        3.267,
        8.233,
        0,
        3.567,
        2.145,
        0,
        3.933,
        4.529,
        0,
        4.2,
        -0.758,
        0,
        4.367,
        0
      ]
    },
    {
      "Target": "Parameter",
      "Id": "Param72",
      "Segments": [
        0,
        0,
        0,
        0.167,
        0.889,
        0,
        0.367,
        -2.87,
        0,
        0.7,
        5.22,
        0,
        1.033,
        -3.363,
        0,
        1.4,
        1.341,
        0,
        1.867,
        -0.868,
        0,
        2.167,
        3.294,
        0,
        2.4,
        -4.283,
        0,
        2.833,
        2.254,
        0,
        3.233,
        -4,
        0,
        3.467,
        4.439,
        0,
        3.8,
        -2.028,
        0,
        4.1,
        2.68,
        0,
        4.367,
        0
      ]
    },
    {
      "Target": "Parameter",
      "Id": "Param75",
      "Segments": [
        0,
        0,
        2,
        0.033,
        0,
        0,
        0.2,
        6.54,
        0,
        0.467,
        -9.117,
        0,
        0.767,
        6.54,
        0,
        1.133,
        -8.605,
        0,
        1.5,
        1.101,
        0,
        1.767,
        -1.82,
        0,
        2.3,
        11.531,
        0,
        2.767,
        -9.117,
        0,
        2.967,
        -3.435,
        0,
        3.233,
        -9.065,
        0,
        4.167,
        10.067,
        0,
        4.367,
        0
      ]
    },
    {
      "Target": "Parameter",
      "Id": "Param76",
      "Segments": [
        0,
        0,
        2,
        0.033,
        0,
        0,
        0.167,
        -3.806,
        0,
        0.367,
        7.419,
        0,
        0.633,
        -16.005,
        0,
        1,
        7.419,
        0,
        1.333,
        -8.986,
        0,
        1.7,
        3.487,
        0,
        2,
        -3.255,
        0,
        2.5,
        15.123,
        0,
        2.933,
        -5.815,
        0,
        3.133,
        1.639,
        0,
        3.467,
        -8.807,
        0,
        3.833,
        -2.278,
        0,
        4.067,
        -4.077,
        0,
        4.367,
        0
      ]
    },
    {
      "Target": "Parameter",
      "Id": "Param120",
      "Segments": [
        0,
        0,
        2,
        0.033,
        0,
        0,
        0.2,
        1.853,
        0,
        0.433,
        -5.248,
        0,
        0.8,
        2.024,
        0,
        1.133,
        -3.16,
        0,
        1.567,
        0.102,
        0,
        1.733,
        0.041,
        0,
        1.967,
        1.325,
        0,
        2.233,
        -4.306,
        0,
        2.5,
        2.035,
        0,
        2.767,
        -3.825,
        0,
        3.167,
        1.885,
        0,
        3.433,
        -3.984,
        0,
        3.733,
        0.305,
        0,
        4.167,
        -0.434,
        0,
        4.367,
        0
      ]
    },
    {
      "Target": "Parameter",
      "Id": "Param119",
      "Segments": [
        0,
        0,
        2,
        0.033,
        0,
        0,
        0.167,
        -11.105,
        0,
        0.367,
        2.489,
        0,
        0.6,
        -12.766,
        0,
        0.9,
        1.937,
        0,
        1.2,
        -11.052,
        0,
        1.467,
        0.224,
        0,
        1.9,
        -10.715,
        0,
        2.167,
        1.691,
        0,
        2.4,
        -12.761,
        0,
        2.633,
        2.491,
        0,
        2.9,
        -11.754,
        0,
        3.333,
        1.672,
        0,
        3.6,
        -11.904,
        0,
        3.867,
        1.028,
        0,
        4.133,
        -0.342,
        0,
        4.367,
        0
      ]
    },
    {
      "Target": "Parameter",
      "Id": "Param115",
      "Segments": [
        0,
        0,
        0,
        0.033,
        -2.094,
        0,
        0.167,
        1.225,
        0,
        0.433,
        -6.008,
        0,
        0.8,
        1.591,
        0,
        1.167,
        -2.633,
        0,
        1.533,
        -1.204,
        0,
        1.933,
        -2.185,
        0,
        2.433,
        4.7,
        0,
        2.833,
        -6.305,
        0,
        3.033,
        -3.837,
        0,
        3.3,
        -5.836,
        0,
        4.167,
        2.379,
        0,
        4.367,
        0
      ]
    },
    {
      "Target": "Parameter",
      "Id": "Param116",
      "Segments": [
        0,
        0,
        2,
        0.033,
        0,
        0,
        0.133,
        -2.006,
        0,
        0.367,
        4.586,
        0,
        0.7,
        -5.54,
        0,
        1,
        3.204,
        0,
        1.367,
        -1.297,
        0,
        1.8,
        0.527,
        0,
        2.1,
        -1.028,
        0,
        2.167,
        -0.851,
        0,
        2.333,
        -2.165,
        0,
        2.7,
        7.771,
        0,
        3,
        -3.488,
        0,
        3.233,
        -0.386,
        0,
        3.533,
        -3.325,
        0,
        3.933,
        -1.235,
        0,
        4.067,
        -1.599,
        0,
        4.367,
        0
      ]
    },
    {
      "Target": "Model",
      "Id": "Opacity",
      "Segments": [
        0,
        1,
        0,
        4.37,
        1
      ]
    },
    {
      "Target": "Parameter",
      "Id": "Param131",
      "Segments": [
        0,
        0,
        0,
        4.37,
        0
      ]
    },
    {
      "Target": "Parameter",
      "Id": "Param132",
      "Segments": [
        0,
        0,
        0,
        4.37,
        0
      ]
    },
    {
      "Target": "Parameter",
      "Id": "Param133",
      "Segments": [
        0,
        0,
        0,
        4.37,
        0
      ]
    },
    {
      "Target": "Parameter",
      "Id": "Param134",
      "Segments": [
        0,
        0,
        0,
        4.37,
        0
      ]
    },
    {
      "Target": "Parameter",
      "Id": "Param135",
      "Segments": [
        0,
        0,
        0,
        4.37,
        0
      ]
    },
    {
      "Target": "Parameter",
      "Id": "Param136",
      "Segments": [
        0,
        0,
        0,
        4.37,
        0
      ]
    },
    {
      "Target": "Parameter",
      "Id": "Param137",
      "Segments": [
        0,
        0,
        0,
        4.37,
        0
      ]
    },
    {
      "Target": "Parameter",
      "Id": "Param138",
      "Segments": [
        0,
        0,
        0,
        4.37,
        0
      ]
    },
    {
      "Target": "Parameter",
      "Id": "Param139",
      "Segments": [
        0,
        0,
        0,
        4.37,
        0
      ]
    },
    {
      "Target": "Parameter",
      "Id": "Param140",
      "Segments": [
        0,
        0,
        0,
        4.37,
        0
      ]
    },
    {
      "Target": "Parameter",
      "Id": "Param8",
      "Segments": [
        0,
        0,
        0,
        4.37,
        0
      ]
    },
    {
      "Target": "Parameter",
      "Id": "ParamEyeBallY",
      "Segments": [
        0,
        0,
        0,
        4.37,
        0
      ]
    },
    {
      "Target": "Parameter",
      "Id": "Param6",
      "Segments": [
        0,
        0,
        0,
        4.37,
        0
      ]
    },
    {
      "Target": "Parameter",
      "Id": "Param7",
      "Segments": [
        0,
        0,
        0,
        4.37,
        0
      ]
    },
    {
      "Target": "Parameter",
      "Id": "ParamBrowRY",
      "Segments": [
        0,
        0,
        0,
        4.37,
        0
      ]
    },
    {
      "Target": "Parameter",
      "Id": "ParamBrowLY",
      "Segments": [
        0,
        0,
        0,
        4.37,
        0
      ]
    },
    {
      "Target": "Parameter",
      "Id": "ParamBrowRAngle",
      "Segments": [
        0,
        0,
        0,
        4.37,
        0
      ]
    },
    {
      "Target": "Parameter",
      "Id": "ParamBrowLAngle",
      "Segments": [
        0,
        0,
        0,
        4.37,
        0
      ]
    },
    {
      "Target": "Parameter",
      "Id": "Param5",
      "Segments": [
        0,
        0,
        0,
        4.37,
        0
      ]
    },
    {
      "Target": "Parameter",
      "Id": "Param110",
      "Segments": [
        0,
        0,
        0,
        4.37,
        0
      ]
    },
    {
      "Target": "Parameter",
      "Id": "Param108",
      "Segments": [
        0,
        0,
        0,
        4.37,
        0
      ]
    },
    {
      "Target": "Parameter",
      "Id": "Param109",
      "Segments": [
        0,
        0,
        0,
        4.37,
        0
      ]
    },
    {
      "Target": "Parameter",
      "Id": "Param121",
      "Segments": [
        0,
        0,
        0,
        4.37,
        0
      ]
    },
    {
      "Target": "Parameter",
      "Id": "Param122",
      "Segments": [
        0,
        0,
        0,
        4.37,
        0
      ]
    },
    {
      "Target": "Parameter",
      "Id": "Param123",
      "Segments": [
        0,
        0,
        0,
        4.37,
        0
      ]
    },
    {
      "Target": "Parameter",
      "Id": "Param42",
      "Segments": [
        0,
        0,
        0,
        4.37,
        0
      ]
    },
    {
      "Target": "Parameter",
      "Id": "Param114",
      "Segments": [
        0,
        0,
        0,
        4.37,
        0
      ]
    },
    {
      "Target": "Parameter",
      "Id": "ParamBreath",
      "Segments": [
        0,
        0,
        0,
        4.37,
        0
      ]
    },
    {
      "Target": "Parameter",
      "Id": "Param9",
      "Segments": [
        0,
        0,
        0,
        4.37,
        0
      ]
    },
    {
      "Target": "Parameter",
      "Id": "Param10",
      "Segments": [
        0,
        0,
        0,
        4.37,
        0
      ]
    },
    {
      "Target": "Parameter",
      "Id": "Param11",
      "Segments": [
        0,
        0,
        0,
        4.37,
        0
      ]
    },
    {
      "Target": "Parameter",
      "Id": "Param12",
      "Segments": [
        0,
        0,
        0,
        4.37,
        0
      ]
    },
    {
      "Target": "Parameter",
      "Id": "Param13",
      "Segments": [
        0,
        0,
        0,
        4.37,
        0
      ]
    },
    {
      "Target": "Parameter",
      "Id": "Param117",
      "Segments": [
        0,
        0,
        0,
        4.37,
        0
      ]
    },
    {
      "Target": "Parameter",
      "Id": "Param118",
      "Segments": [
        0,
        0,
        0,
        4.37,
        0
      ]
    },
    {
      "Target": "Parameter",
      "Id": "Param59",
      "Segments": [
        0,
        0,
        0,
        4.37,
        0
      ]
    },
    {
      "Target": "Parameter",
      "Id": "Param100",
      "Segments": [
        0,
        0,
        0,
        4.37,
        0
      ]
    },
    {
      "Target": "Parameter",
      "Id": "Param101",
      "Segments": [
        0,
        0,
        0,
        4.37,
        0
      ]
    },
    {
      "Target": "Parameter",
      "Id": "Param91",
      "Segments": [
        0,
        0,
        0,
        4.37,
        0
      ]
    },
    {
      "Target": "Parameter",
      "Id": "Param103",
      "Segments": [
        0,
        0,
        0,
        4.37,
        0
      ]
    },
    {
      "Target": "Parameter",
      "Id": "Param127",
      "Segments": [
        0,
        0,
        0,
        4.37,
        0
      ]
    },
    {
      "Target": "Parameter",
      "Id": "Param128",
      "Segments": [
        0,
        0,
        0,
        4.37,
        0
      ]
    },
    {
      "Target": "Parameter",
      "Id": "Param129",
      "Segments": [
        0,
        0,
        0,
        4.37,
        0
      ]
    },
    {
      "Target": "Parameter",
      "Id": "Param130",
      "Segments": [
        0,
        0,
        0,
        4.37,
        0
      ]
    }
  ],
  "UserData": [
    {
      "Time": 0.0,
      "Value": ""
    },
    {
      "Time": 0.37,
      "Value": "characterVoice_105_3"
    }
  ]
}