{
  "Version": 3,
  "Meta": {
    "Duration": 7.333,
    "Fps": 30.0,
    "Loop": true,
    "AreBeziersRestricted": true,
    "CurveCount": 134,
    "TotalSegmentCount": 1480,
    "TotalPointCount": 1838,
    "UserDataCount": 1,
    "TotalUserDataSize": 0
  },
  "Curves": [
    {
      "Target": "Parameter",
      "Id": "ParamAngleX",
      "Segments": [
        0,
        0,
        0,
        0.167,
        -3.569,
        1,
        0.245,
        -3.569,
        0.322,
        -2.514,
        0.4,
        1.18,
        1,
        0.556,
        8.57,
        0.711,
        13.32,
        0.867,
        13.32,
        1,
        1.045,
        13.32,
        1.222,
        12.837,
        1.4,
        10.512,
        1,
        1.578,
        8.187,
        1.755,
        4.777,
        1.933,
        1.234,
        1,
        2.089,
        -1.866,
        2.244,
        -4.38,
        2.4,
        -4.38,
        1,
        2.5,
        -4.38,
        2.6,
        -2.807,
        2.7,
        -2.46,
        1,
        2.833,
        -1.998,
        2.967,
        -1.822,
        3.1,
        -1.56,
        1,
        3.311,
        -1.145,
        3.522,
        -0.909,
        3.733,
        -0.407,
        1,
        3.844,
        -0.143,
        3.956,
        0.546,
        4.067,
        0.546,
        1,
        4.178,
        0.546,
        4.289,
        -0.017,
        4.4,
        -2.771,
        1,
        4.611,
        -8.003,
        4.822,
        -11.841,
        5.033,
        -11.841,
        1,
        5.266,
        -11.841,
        5.5,
        -11.615,
        5.733,
        -9.981,
        1,
        5.911,
        -8.736,
        6.089,
        -4.877,
        6.267,
        -3.501,
        1,
        6.622,
        -0.749,
        6.978,
        0,
        7.333,
        0
      ]
    },
    {
      "Target": "Parameter",
      "Id": "ParamAngleY",
      "Segments": [
        0,
        0,
        1,
        0.056,
        0,
        0.111,
        3.241,
        0.167,
        5.683,
        1,
        0.245,
        9.102,
        0.322,
        9.853,
        0.4,
        9.853,
        0,
        0.9,
        -11.28,
        1,
        1.078,
        -11.28,
        1.255,
        -8.609,
        1.433,
        -3.307,
        1,
        1.611,
        1.995,
        1.789,
        4.627,
        1.967,
        4.627,
        0,
        2.433,
        -9.36,
        1,
        2.533,
        -9.36,
        2.633,
        -8.342,
        2.733,
        -7.2,
        1,
        2.866,
        -5.678,
        3,
        -5.12,
        3.133,
        -3.24,
        1,
        3.344,
        -0.263,
        3.556,
        6.063,
        3.767,
        9.141,
        1,
        3.878,
        10.761,
        3.989,
        11.935,
        4.1,
        12.46,
        1,
        4.211,
        12.985,
        4.322,
        12.978,
        4.433,
        12.978,
        0,
        5.067,
        -3.926,
        1,
        5.3,
        -3.926,
        5.534,
        -3.774,
        5.767,
        -1.646,
        1,
        5.945,
        -0.025,
        6.122,
        3.694,
        6.3,
        3.694,
        0,
        7.333,
        0
      ]
    },
    {
      "Target": "Parameter",
      "Id": "ParamAngleZ",
      "Segments": [
        0,
        14.4,
        0,
        0.167,
        3.833,
        1,
        0.245,
        3.833,
        0.322,
        12.217,
        0.4,
        15.948,
        1,
        0.556,
        23.411,
        0.711,
        25.02,
        0.867,
        25.02,
        1,
        1.045,
        25.02,
        1.222,
        24.603,
        1.4,
        22.398,
        1,
        1.489,
        21.296,
        1.578,
        16.779,
        1.667,
        14.984,
        1,
        1.9,
        10.271,
        2.134,
        8.558,
        2.367,
        8.558,
        0,
        2.7,
        9.3,
        1,
        2.833,
        9.3,
        2.967,
        8.654,
        3.1,
        8.04,
        1,
        3.422,
        6.557,
        3.745,
        5.583,
        4.067,
        4.037,
        1,
        4.178,
        3.504,
        4.289,
        2.544,
        4.4,
        2.544,
        0,
        5.033,
        16.885,
        0,
        5.733,
        15.445,
        0,
        6.267,
        19.105,
        0,
        7.333,
        14.4
      ]
    },
    {
      "Target": "Parameter",
      "Id": "Param",
      "Segments": [
        0,
        6.54,
        0,
        0.167,
        2.61,
        0,
        0.4,
        4.201,
        0,
        0.833,
        -17.4,
        0,
        1.367,
        -13.767,
        0,
        1.633,
        -15.774,
        1,
        1.878,
        -15.774,
        2.122,
        -11.134,
        2.367,
        0.66,
        1,
        2.467,
        5.485,
        2.567,
        9.66,
        2.667,
        9.66,
        1,
        2.8,
        9.66,
        2.934,
        9.19,
        3.067,
        7.98,
        1,
        3.389,
        5.056,
        3.711,
        2.564,
        4.033,
        -1.094,
        1,
        4.144,
        -2.356,
        4.256,
        -6.475,
        4.367,
        -6.475,
        0,
        5,
        6.011,
        0,
        5.7,
        4.331,
        1,
        5.878,
        4.331,
        6.055,
        6.117,
        6.233,
        6.251,
        1,
        6.6,
        6.527,
        6.966,
        6.54,
        7.333,
        6.54
      ]
    },
    {
      "Target": "Parameter",
      "Id": "ParamEyeROpen",
      "Segments": [
        0,
        0,
        2,
        0.267,
        0,
        0,
        0.5,
        1,
        0,
        0.733,
        0.3,
        2,
        0.8,
        0.3,
        2,
        1.233,
        0.3,
        0,
        1.333,
        1,
        0,
        1.433,
        0.3,
        2,
        1.867,
        0.3,
        0,
        2.333,
        1,
        0,
        2.5,
        0.42,
        2,
        2.633,
        0.42,
        2,
        3.033,
        0.42,
        0,
        3.667,
        0.553,
        1,
        3.889,
        0.553,
        4.111,
        0.531,
        4.333,
        0.487,
        1,
        4.544,
        0.446,
        4.756,
        0.426,
        4.967,
        0.426,
        2,
        5.667,
        0.426,
        0,
        6.2,
        1,
        2,
        6.7,
        1,
        0,
        7.067,
        0,
        2,
        7.333,
        0
      ]
    },
    {
      "Target": "Parameter",
      "Id": "ParamEyeLOpen",
      "Segments": [
        0,
        1,
        2,
        0.267,
        1,
        0,
        0.5,
        0,
        0,
        0.733,
        0.7,
        2,
        0.8,
        0.7,
        2,
        1.233,
        0.7,
        0,
        1.333,
        0,
        0,
        1.433,
        0.7,
        2,
        1.867,
        0.7,
        0,
        2.333,
        0,
        0,
        2.5,
        0.519,
        2,
        2.633,
        0.519,
        2,
        3.033,
        0.519,
        0,
        3.667,
        0.436,
        1,
        3.889,
        0.436,
        4.111,
        0.45,
        4.333,
        0.477,
        1,
        4.544,
        0.503,
        4.756,
        0.515,
        4.967,
        0.515,
        2,
        5.667,
        0.515,
        0,
        6.2,
        0,
        2,
        6.7,
        0,
        0,
        7.067,
        1,
        2,
        7.333,
        1
      ]
    },
    {
      "Target": "Parameter",
      "Id": "ParamEyeBallX",
      "Segments": [
        0,
        0,
        1,
        0.122,
        0,
        0.245,
        1.698,
        0.367,
        5.613,
        1,
        0.511,
        10.24,
        0.656,
        12.84,
        0.8,
        12.84,
        0,
        2.333,
        0,
        2,
        3.033,
        0,
        2,
        4.333,
        0,
        2,
        4.967,
        0,
        2,
        5.667,
        0,
        2,
        6.2,
        0,
        2,
        7.333,
        0
      ]
    },
    {
      "Target": "Parameter",
      "Id": "ParamBrowRX",
      "Segments": [
        0,
        0,
        2,
        0.367,
        0,
        2,
        0.8,
        0,
        2,
        2.333,
        0,
        0,
        2.633,
        -4.2,
        2,
        6.2,
        -4.2,
        0,
        7.333,
        0
      ]
    },
    {
      "Target": "Parameter",
      "Id": "ParamBrowLX",
      "Segments": [
        0,
        0,
        2,
        0.367,
        0,
        2,
        0.8,
        0,
        2,
        2.333,
        0,
        0,
        2.633,
        -4.2,
        2,
        6.2,
        -4.2,
        0,
        7.333,
        0
      ]
    },
    {
      "Target": "Parameter",
      "Id": "ParamBrowRAngle",
      "Segments": [
        0,
        0,
        2,
        0.367,
        0,
        0,
        0.467,
        -10.44,
        2,
        0.8,
        -10.44,
        0,
        2.333,
        0,
        2,
        6.2,
        0,
        2,
        7.333,
        0
      ]
    },
    {
      "Target": "Parameter",
      "Id": "ParamBrowLAngle",
      "Segments": [
        0,
        0,
        2,
        0.367,
        0,
        0,
        0.467,
        -12,
        2,
        0.8,
        -12,
        0,
        2.333,
        0,
        2,
        7.333,
        0
      ]
    },
    {
      "Target": "Parameter",
      "Id": "ParamBrowRForm",
      "Segments": [
        0,
        0,
        2,
        0.367,
        0,
        0,
        0.467,
        0.5,
        2,
        0.8,
        0.5,
        0,
        2.333,
        0,
        2,
        2.633,
        0,
        0,
        3.033,
        -0.332,
        2,
        4.333,
        -0.332,
        2,
        4.967,
        -0.332,
        2,
        5.667,
        -0.332,
        2,
        6.2,
        -0.332,
        0,
        7.333,
        0
      ]
    },
    {
      "Target": "Parameter",
      "Id": "ParamBrowLForm",
      "Segments": [
        0,
        0,
        2,
        0.367,
        0,
        0,
        0.467,
        0.4,
        2,
        0.8,
        0.4,
        0,
        2.333,
        0,
        2,
        2.633,
        0,
        0,
        3.033,
        -0.278,
        2,
        4.333,
        -0.278,
        2,
        4.967,
        -0.278,
        2,
        5.667,
        -0.278,
        2,
        6.2,
        -0.278,
        0,
        7.333,
        0
      ]
    },
    {
      "Target": "Parameter",
      "Id": "ParamMouthForm",
      "Segments": [
        0,
        0,
        0,
        0.133,
        -0.5,
        2,
        0.367,
        -0.5,
        0,
        0.8,
        -2,
        1,
        1.156,
        -2,
        1.511,
        -1.334,
        1.867,
        -0.443,
        1,
        2.022,
        -0.052,
        2.178,
        0,
        2.333,
        0,
        2,
        2.633,
        0,
        2,
        3.033,
        0,
        2,
        4.333,
        0,
        0,
        4.967,
        -0.33,
        2,
        5.667,
        -0.33,
        2,
        6.2,
        -0.33,
        0,
        7.333,
        0
      ]
    },
    {
      "Target": "Parameter",
      "Id": "ParamMouthOpenY",
      "Segments": [
        0,
        0,
        2,
        0.133,
        0,
        2,
        0.367,
        0,
        1,
        0.511,
        0,
        0.656,
        0.765,
        0.8,
        0.8,
        1,
        1.156,
        0.886,
        1.511,
        0.952,
        1.867,
        0.988,
        1,
        2.022,
        1.004,
        2.178,
        1,
        2.333,
        1,
        0,
        2.633,
        0.6,
        2,
        3.033,
        0.6,
        0,
        3.667,
        0.4,
        2,
        4,
        0.4,
        0,
        4.567,
        0,
        2,
        7.333,
        0
      ]
    },
    {
      "Target": "Parameter",
      "Id": "Param110",
      "Segments": [
        0,
        0,
        2,
        0.367,
        0,
        2,
        0.8,
        0,
        2,
        1.867,
        0,
        2,
        2.333,
        0,
        0,
        2.633,
        1,
        2,
        3.033,
        1,
        2,
        4,
        1,
        2,
        4.5,
        1,
        1,
        4.522,
        0.667,
        4.545,
        0.333,
        4.567,
        0,
        2,
        7.333,
        0
      ]
    },
    {
      "Target": "Parameter",
      "Id": "Param108",
      "Segments": [
        0,
        0,
        2,
        0.367,
        0,
        2,
        0.8,
        0,
        2,
        2.333,
        0,
        0,
        2.633,
        1,
        0,
        3.667,
        0.734,
        0,
        4,
        1,
        0,
        4.567,
        0,
        2,
        4.967,
        0,
        2,
        5.667,
        0,
        2,
        6.2,
        0,
        2,
        7.333,
        0
      ]
    },
    {
      "Target": "Parameter",
      "Id": "Param4",
      "Segments": [
        0,
        0,
        2,
        0.367,
        0,
        2,
        0.8,
        0,
        2,
        2.333,
        0,
        0,
        2.633,
        1,
        2,
        3.033,
        1,
        2,
        4.333,
        1,
        2,
        4.967,
        1,
        2,
        5.667,
        1,
        2,
        6.2,
        1,
        0,
        7.333,
        0
      ]
    },
    {
      "Target": "Parameter",
      "Id": "ParamBodyAngleX",
      "Segments": [
        0,
        0,
        0,
        0.167,
        -2.047,
        0,
        0.833,
        -1.28,
        1,
        1.011,
        -1.28,
        1.189,
        -1.371,
        1.367,
        -2.135,
        1,
        1.456,
        -2.517,
        1.544,
        -3.993,
        1.633,
        -3.993,
        0,
        2.367,
        -3.34,
        2,
        3.067,
        -3.34,
        1,
        3.5,
        -3.34,
        3.934,
        -2.913,
        4.367,
        -1.54,
        1,
        4.489,
        -1.153,
        4.611,
        -0.35,
        4.733,
        -0.35,
        0,
        5,
        -1.64,
        1,
        5.233,
        -1.64,
        5.467,
        -1.175,
        5.7,
        -0.34,
        1,
        5.878,
        0.296,
        6.055,
        1.324,
        6.233,
        1.48,
        1,
        6.444,
        1.665,
        6.656,
        1.651,
        6.867,
        1.651,
        0,
        7.333,
        0
      ]
    },
    {
      "Target": "Parameter",
      "Id": "ParamBodyAngleY",
      "Segments": [
        0,
        0,
        0,
        0.2,
        -3.187,
        0,
        0.867,
        0.5,
        1,
        1.045,
        0.5,
        1.222,
        0.197,
        1.4,
        -1.556,
        1,
        1.489,
        -2.433,
        1.578,
        -4.721,
        1.667,
        -4.721,
        0,
        2.4,
        -3.88,
        2,
        2.7,
        -3.88,
        1,
        2.833,
        -3.88,
        2.967,
        -5.95,
        3.1,
        -7.342,
        1,
        3.311,
        -9.546,
        3.522,
        -10,
        3.733,
        -10,
        1,
        3.955,
        -10,
        4.178,
        -7.889,
        4.4,
        -7.76,
        1,
        4.522,
        -7.689,
        4.645,
        -7.72,
        4.767,
        -7.72,
        0,
        5.033,
        -9.661,
        1,
        5.266,
        -9.661,
        5.5,
        -9.634,
        5.733,
        -8.761,
        1,
        5.911,
        -8.096,
        6.089,
        -4.224,
        6.267,
        -3.741,
        1,
        6.478,
        -3.168,
        6.689,
        -3.214,
        6.9,
        -2.663,
        1,
        7.044,
        -2.286,
        7.189,
        0,
        7.333,
        0
      ]
    },
    {
      "Target": "Parameter",
      "Id": "Param2",
      "Segments": [
        0,
        0,
        1,
        0.056,
        0,
        0.111,
        1.343,
        0.167,
        1.5,
        1,
        0.389,
        2.128,
        0.611,
        2.819,
        0.833,
        3.06,
        1,
        1.011,
        3.253,
        1.189,
        3.233,
        1.367,
        3.233,
        0,
        1.633,
        1.515,
        0,
        2.367,
        15.24,
        1,
        2.467,
        15.24,
        2.567,
        14.131,
        2.667,
        13.56,
        1,
        2.8,
        12.799,
        2.934,
        12.417,
        3.067,
        11.885,
        1,
        3.389,
        10.599,
        3.711,
        9.499,
        4.033,
        8.1,
        1,
        4.111,
        7.762,
        4.189,
        7.175,
        4.267,
        7.175,
        1,
        4.3,
        7.175,
        4.334,
        7.296,
        4.367,
        7.442,
        1,
        4.489,
        7.977,
        4.611,
        8.193,
        4.733,
        8.971,
        1,
        4.822,
        9.537,
        4.911,
        12.411,
        5,
        12.411,
        0,
        5.7,
        11.331,
        0,
        6.233,
        13.671,
        0,
        6.867,
        -2.281,
        0,
        7.333,
        0
      ]
    },
    {
      "Target": "Parameter",
      "Id": "ParamBodyAngleZ",
      "Segments": [
        0,
        0,
        0,
        0.133,
        0.495,
        0,
        0.8,
        -3.55,
        0,
        1.333,
        -3.147,
        0,
        1.6,
        -3.214,
        0,
        2.333,
        -1.6,
        1,
        2.433,
        -1.6,
        2.533,
        -2.217,
        2.633,
        -2.6,
        1,
        2.766,
        -3.111,
        2.9,
        -3.455,
        3.033,
        -3.765,
        1,
        3.355,
        -4.513,
        3.678,
        -4.8,
        4,
        -4.8,
        1,
        4.111,
        -4.8,
        4.222,
        -4.539,
        4.333,
        -4.259,
        1,
        4.544,
        -3.726,
        4.756,
        -2.976,
        4.967,
        -2.829,
        1,
        5.2,
        -2.667,
        5.434,
        -2.682,
        5.667,
        -2.529,
        1,
        5.845,
        -2.412,
        6.022,
        -1.427,
        6.2,
        -1.379,
        1,
        6.411,
        -1.322,
        6.622,
        -1.338,
        6.833,
        -1.281,
        1,
        7,
        -1.236,
        7.166,
        0,
        7.333,
        0
      ]
    },
    {
      "Target": "Parameter",
      "Id": "ParamBreath",
      "Segments": [
        0,
        0,
        0,
        0.133,
        0.3,
        0,
        0.8,
        0,
        2,
        2.333,
        0,
        2,
        3.033,
        0,
        0,
        4.333,
        0.373,
        0,
        4.967,
        0,
        2,
        5.667,
        0,
        2,
        6.2,
        0,
        2,
        7.333,
        0
      ]
    },
    {
      "Target": "Parameter",
      "Id": "Param97",
      "Segments": [
        0,
        0,
        0,
        0.133,
        3.84,
        1,
        0.211,
        3.84,
        0.289,
        4.379,
        0.367,
        1.898,
        1,
        0.511,
        -2.709,
        0.656,
        -15.66,
        0.8,
        -15.66,
        1,
        0.978,
        -15.66,
        1.155,
        -14.344,
        1.333,
        -10.131,
        1,
        1.422,
        -8.025,
        1.511,
        -5.602,
        1.6,
        -5.602,
        0,
        2.333,
        -20.34,
        1,
        2.566,
        -20.34,
        2.8,
        -14.278,
        3.033,
        -10.92,
        1,
        3.355,
        -6.283,
        3.678,
        -4.095,
        4,
        -0.363,
        1,
        4.111,
        0.924,
        4.222,
        1.985,
        4.333,
        1.985,
        0,
        4.967,
        -11.93,
        0,
        5.667,
        -7.25,
        0,
        6.2,
        -12.59,
        0,
        6.833,
        2.486,
        0,
        7.333,
        0
      ]
    },
    {
      "Target": "Parameter",
      "Id": "Param112",
      "Segments": [
        0,
        0,
        0,
        0.133,
        11.46,
        0,
        0.8,
        -1.477,
        1,
        0.978,
        -1.477,
        1.155,
        1.517,
        1.333,
        6.292,
        1,
        1.422,
        8.679,
        1.511,
        9.401,
        1.6,
        9.401,
        0,
        2.333,
        -17.135,
        1,
        2.566,
        -17.135,
        2.8,
        -17.713,
        3.033,
        -15.993,
        1,
        3.466,
        -12.798,
        3.9,
        0.664,
        4.333,
        0.664,
        0,
        4.967,
        -12.439,
        0,
        5.667,
        0.916,
        0,
        6.2,
        -11.058,
        0,
        6.833,
        4.798,
        0,
        7.333,
        0
      ]
    },
    {
      "Target": "Parameter",
      "Id": "Param3",
      "Segments": [
        0,
        0,
        0,
        0.167,
        0.216,
        0,
        0.833,
        -7.92,
        2,
        2.367,
        -7.92,
        0,
        2.667,
        -7.32,
        2,
        5,
        -7.32,
        2,
        5.7,
        -7.32,
        2,
        6.233,
        -7.32,
        0,
        6.867,
        4.12,
        0,
        7.333,
        0
      ]
    },
    {
      "Target": "Parameter",
      "Id": "Param89",
      "Segments": [
        0,
        0,
        0,
        0.2,
        0.549,
        0,
        0.867,
        -3.78,
        2,
        2.4,
        -3.78,
        0,
        2.7,
        -1.2,
        0,
        3.733,
        -2.1,
        0,
        5.033,
        -0.12,
        2,
        5.733,
        -0.12,
        0,
        6.267,
        -5.4,
        0,
        6.9,
        4.012,
        0,
        7.333,
        0
      ]
    },
    {
      "Target": "Parameter",
      "Id": "Param90",
      "Segments": [
        0,
        0,
        0,
        0.233,
        0.569,
        0,
        0.9,
        0.28,
        2,
        2.433,
        0.28,
        2,
        2.733,
        0.28,
        0,
        3.767,
        -1.64,
        0,
        4.433,
        0.717,
        0,
        5.067,
        -2.4,
        1,
        5.3,
        -2.4,
        5.534,
        -0.437,
        5.767,
        0.28,
        1,
        5.945,
        0.826,
        6.122,
        0.855,
        6.3,
        1.2,
        1,
        6.511,
        1.61,
        6.722,
        1.996,
        6.933,
        2.575,
        1,
        7,
        2.758,
        7.066,
        4.359,
        7.133,
        4.359,
        0,
        7.333,
        0
      ]
    },
    {
      "Target": "Parameter",
      "Id": "Param60",
      "Segments": [
        0,
        0,
        0,
        0.133,
        1.42,
        0,
        0.8,
        -30,
        2,
        2.333,
        -30,
        2,
        2.633,
        -30,
        0,
        4.333,
        -25.087,
        0,
        4.967,
        -30,
        0,
        5.667,
        -24,
        2,
        6.2,
        -24,
        0,
        6.833,
        5.04,
        0,
        7.333,
        0
      ]
    },
    {
      "Target": "Parameter",
      "Id": "Param104",
      "Segments": [
        0,
        0,
        2,
        0.133,
        0,
        1,
        0.866,
        0,
        1.6,
        5.436,
        2.333,
        11.349,
        1,
        2.433,
        12.156,
        2.533,
        11.82,
        2.633,
        11.82,
        2,
        4.967,
        11.82,
        2,
        5.667,
        11.82,
        2,
        6.2,
        11.82,
        0,
        7.333,
        0
      ]
    },
    {
      "Target": "Parameter",
      "Id": "Param105",
      "Segments": [
        0,
        0,
        2,
        0.133,
        0,
        0,
        0.8,
        -16.98,
        2,
        2.333,
        -16.98,
        2,
        2.633,
        -16.98,
        2,
        4.967,
        -16.98,
        2,
        5.667,
        -16.98,
        2,
        6.2,
        -16.98,
        0,
        7.333,
        0
      ]
    },
    {
      "Target": "Parameter",
      "Id": "Param99",
      "Segments": [
        0,
        0,
        0,
        0.167,
        0.357,
        0,
        0.833,
        -7.96,
        2,
        1.367,
        -7.96,
        1,
        1.7,
        -7.96,
        2.034,
        -6.151,
        2.367,
        -4.863,
        1,
        2.6,
        -3.961,
        2.834,
        -3.947,
        3.067,
        -3.1,
        1,
        3.2,
        -2.616,
        3.334,
        0.266,
        3.467,
        0.266,
        0,
        4.033,
        -1.399,
        2,
        4.367,
        -1.399,
        0,
        5,
        0.521,
        2,
        5.7,
        0.521,
        0,
        6.867,
        1.541,
        0,
        7.333,
        0
      ]
    },
    {
      "Target": "Parameter",
      "Id": "Param98",
      "Segments": [
        0,
        0,
        0,
        0.2,
        2.368,
        1,
        0.278,
        2.368,
        0.355,
        0.229,
        0.433,
        -3.032,
        1,
        0.578,
        -9.087,
        0.722,
        -18.696,
        0.867,
        -20.34,
        1,
        1.045,
        -22.363,
        1.222,
        -22.32,
        1.4,
        -22.32,
        0,
        1.667,
        -21.088,
        0,
        2.4,
        -23.911,
        1,
        2.633,
        -23.911,
        2.867,
        -22.857,
        3.1,
        -22.211,
        1,
        3.233,
        -21.842,
        3.367,
        -21.782,
        3.5,
        -21.578,
        1,
        3.8,
        -21.12,
        4.1,
        -20.876,
        4.4,
        -20.225,
        1,
        4.611,
        -19.767,
        4.822,
        -18.36,
        5.033,
        -18.36,
        2,
        5.733,
        -18.36,
        0,
        6.9,
        2.82,
        0,
        7.333,
        0
      ]
    },
    {
      "Target": "Parameter",
      "Id": "Param92",
      "Segments": [
        0,
        0,
        1,
        0.078,
        0,
        0.155,
        -0.08,
        0.233,
        0.609,
        1,
        0.311,
        1.298,
        0.389,
        4.695,
        0.467,
        4.695,
        0,
        0.9,
        -0.585,
        0,
        1.433,
        3.33,
        1,
        1.522,
        3.33,
        1.611,
        3.117,
        1.7,
        2.446,
        1,
        1.944,
        0.601,
        2.189,
        -0.89,
        2.433,
        -3.383,
        1,
        2.666,
        -5.763,
        2.9,
        -8.505,
        3.133,
        -8.505,
        0,
        3.5,
        -8.271,
        2,
        4.433,
        -8.271,
        0,
        5.067,
        -6.21,
        2,
        5.767,
        -6.21,
        0,
        6.933,
        4.005,
        0,
        7.333,
        0
      ]
    },
    {
      "Target": "Parameter",
      "Id": "Param93",
      "Segments": [
        0,
        0,
        1,
        0.044,
        0,
        0.089,
        -0.167,
        0.133,
        0.312,
        1,
        0.211,
        1.15,
        0.289,
        8.196,
        0.367,
        8.196,
        0,
        0.8,
        -22.86,
        1,
        0.978,
        -22.86,
        1.155,
        -22.174,
        1.333,
        -19.38,
        1,
        1.422,
        -17.983,
        1.511,
        -13.345,
        1.6,
        -12,
        1,
        1.856,
        -8.132,
        2.111,
        -6.997,
        2.367,
        -1.906,
        1,
        2.589,
        2.521,
        2.811,
        19.142,
        3.033,
        19.142,
        1,
        3.166,
        19.142,
        3.3,
        -8.155,
        3.433,
        -10.366,
        1,
        3.733,
        -15.342,
        4.033,
        -15.984,
        4.333,
        -15.984,
        1,
        4.544,
        -15.984,
        4.756,
        -9.459,
        4.967,
        -6.392,
        1,
        5.2,
        -3.001,
        5.434,
        -1.702,
        5.667,
        0.682,
        1,
        6.056,
        4.655,
        6.444,
        6.682,
        6.833,
        6.682,
        0,
        7.333,
        0
      ]
    },
    {
      "Target": "Parameter",
      "Id": "Param102",
      "Segments": [
        0,
        0,
        0,
        0.133,
        1.995,
        0,
        0.8,
        -12.6,
        2,
        1.333,
        -12.6,
        2,
        2.367,
        -12.6,
        2,
        3.033,
        -12.6,
        2,
        3.433,
        -12.6,
        2,
        4.333,
        -12.6,
        2,
        4.967,
        -12.6,
        2,
        5.667,
        -12.6,
        2,
        6.833,
        -12.6,
        0,
        7.333,
        0
      ]
    },
    {
      "Target": "Parameter",
      "Id": "Param106",
      "Segments": [
        0,
        0,
        2,
        0.133,
        0,
        0,
        0.8,
        -9.54,
        2,
        1.333,
        -9.54,
        1,
        1.678,
        -9.54,
        2.022,
        -4.672,
        2.367,
        1.44,
        1,
        2.456,
        3.017,
        2.544,
        3.321,
        2.633,
        4.38,
        1,
        2.766,
        5.969,
        2.9,
        6.9,
        3.033,
        6.9,
        1,
        3.166,
        6.9,
        3.3,
        4.475,
        3.433,
        3.54,
        1,
        3.733,
        1.436,
        4.033,
        1.02,
        4.333,
        1.02,
        2,
        4.967,
        1.02,
        2,
        5.667,
        1.02,
        2,
        6.833,
        1.02,
        0,
        7.333,
        0
      ]
    },
    {
      "Target": "Parameter",
      "Id": "Param107",
      "Segments": [
        0,
        0,
        2,
        0.133,
        0,
        0,
        0.8,
        -17,
        2,
        1.333,
        -17,
        0,
        2.367,
        -17.441,
        0,
        3.033,
        -10.901,
        1,
        3.189,
        -10.901,
        3.344,
        -14.781,
        3.5,
        -15,
        1,
        3.778,
        -15.391,
        4.055,
        -15.391,
        4.333,
        -15.776,
        1,
        4.544,
        -16.068,
        4.756,
        -17,
        4.967,
        -17,
        2,
        5.667,
        -17,
        2,
        6.833,
        -17,
        0,
        7.333,
        0
      ]
    },
    {
      "Target": "Parameter",
      "Id": "Param127",
      "Segments": [
        0,
        0,
        0,
        0.133,
        25.052,
        0,
        0.8,
        0,
        0,
        0.9,
        13.399,
        0,
        1.333,
        -20.681,
        0,
        2,
        -6.166,
        0,
        2.533,
        -30,
        2,
        2.833,
        -30,
        0,
        4.333,
        30,
        0,
        4.967,
        0,
        2,
        5.667,
        0,
        0,
        6.2,
        20,
        0,
        6.833,
        -9.99,
        0,
        7.333,
        0
      ]
    },
    {
      "Target": "Parameter",
      "Id": "Param94",
      "Segments": [
        0,
        20,
        0,
        0.167,
        22.37,
        0,
        0.833,
        -4.92,
        0,
        1.367,
        -4.32,
        0,
        1.633,
        -6.285,
        0,
        2.367,
        2.58,
        0,
        4.267,
        -2.94,
        0,
        5,
        3.3,
        0,
        5.7,
        2.229,
        1,
        5.878,
        2.229,
        6.055,
        1.607,
        6.233,
        3.48,
        1,
        6.6,
        7.343,
        6.966,
        20,
        7.333,
        20
      ]
    },
    {
      "Target": "Parameter",
      "Id": "Param95",
      "Segments": [
        0,
        10,
        1,
        0.067,
        10,
        0.133,
        8.258,
        0.2,
        5.64,
        1,
        0.422,
        -3.087,
        0.645,
        -7.08,
        0.867,
        -7.08,
        0,
        1.4,
        -5.22,
        0,
        1.667,
        -9.266,
        1,
        1.911,
        -9.266,
        2.156,
        4.235,
        2.4,
        6,
        1,
        3.033,
        10.574,
        3.667,
        11.28,
        4.3,
        11.28,
        0,
        5.033,
        -6.84,
        1,
        5.266,
        -6.84,
        5.5,
        -6.589,
        5.733,
        -4.619,
        1,
        5.911,
        -3.119,
        6.089,
        1.157,
        6.267,
        3.48,
        1,
        6.622,
        8.126,
        6.978,
        10,
        7.333,
        10
      ]
    },
    {
      "Target": "Parameter",
      "Id": "Param96",
      "Segments": [
        0,
        -60,
        1,
        0.078,
        -60,
        0.155,
        -17.045,
        0.233,
        -10.56,
        1,
        0.455,
        7.967,
        0.678,
        11.88,
        0.9,
        11.88,
        0,
        1.433,
        5.46,
        0,
        1.7,
        15.346,
        1,
        1.944,
        15.346,
        2.189,
        0.729,
        2.433,
        -5.04,
        1,
        3.066,
        -19.986,
        3.7,
        -23.76,
        4.333,
        -23.76,
        0,
        5.067,
        18.06,
        1,
        5.3,
        18.06,
        5.534,
        17.269,
        5.767,
        12.196,
        1,
        5.945,
        8.332,
        6.122,
        3.036,
        6.3,
        -7.98,
        1,
        6.644,
        -29.324,
        6.989,
        -60,
        7.333,
        -60
      ]
    },
    {
      "Target": "Parameter",
      "Id": "Param77",
      "Segments": [
        0,
        0.21,
        0,
        0.167,
        1.562,
        0,
        0.467,
        -0.521,
        0,
        1.533,
        1.433,
        0,
        1.833,
        -0.518,
        0,
        2.367,
        1.138,
        0,
        4.533,
        -0.457,
        0,
        4.933,
        1.467,
        0,
        5.267,
        -0.477,
        0,
        5.6,
        1.053,
        0,
        5.9,
        -0.4,
        0,
        6.367,
        1.161,
        0,
        6.733,
        -0.23,
        0,
        7.167,
        1.375,
        0,
        7.333,
        0.21
      ]
    },
    {
      "Target": "Parameter",
      "Id": "Param78",
      "Segments": [
        0,
        -3.498,
        1,
        0.044,
        -3.498,
        0.089,
        -2.435,
        0.133,
        -1.113,
        1,
        0.211,
        1.201,
        0.289,
        2.063,
        0.367,
        2.063,
        0,
        0.7,
        -1.118,
        0,
        1.067,
        1.552,
        0,
        1.5,
        -0.854,
        0,
        1.733,
        1.677,
        0,
        2.067,
        -1.013,
        0,
        2.467,
        1.526,
        0,
        2.933,
        -0.042,
        0,
        3.333,
        1.389,
        0,
        3.9,
        -0.759,
        0,
        4.5,
        1.382,
        0,
        4.867,
        -1.05,
        0,
        5.133,
        1.725,
        0,
        5.467,
        -0.919,
        0,
        5.8,
        1.531,
        0,
        6.2,
        -0.709,
        0,
        6.567,
        1.489,
        1,
        6.734,
        1.489,
        6.9,
        1.085,
        7.067,
        -0.778,
        1,
        7.156,
        -1.772,
        7.244,
        -3.498,
        7.333,
        -3.498
      ]
    },
    {
      "Target": "Parameter",
      "Id": "Param79",
      "Segments": [
        0,
        -3.305,
        1,
        0.078,
        -3.305,
        0.155,
        -2.374,
        0.233,
        -0.869,
        1,
        0.322,
        0.851,
        0.411,
        1.558,
        0.5,
        1.558,
        0,
        0.867,
        -1.219,
        0,
        1.233,
        0.557,
        0,
        1.6,
        -0.561,
        0,
        1.867,
        1.04,
        0,
        2.233,
        -0.954,
        0,
        2.6,
        0.515,
        0,
        3.033,
        -0.178,
        0,
        3.433,
        0.103,
        0,
        3.833,
        -0.021,
        0,
        4.2,
        0.026,
        0,
        4.433,
        0,
        0,
        4.6,
        0.02,
        0,
        4.967,
        -0.714,
        0,
        5.267,
        1.205,
        0,
        5.633,
        -0.842,
        0,
        5.967,
        0.443,
        0,
        6.333,
        -0.415,
        0,
        6.7,
        0.304,
        1,
        6.856,
        0.304,
        7.011,
        0.207,
        7.167,
        -0.435,
        1,
        7.222,
        -0.665,
        7.278,
        -3.305,
        7.333,
        -3.305
      ]
    },
    {
      "Target": "Parameter",
      "Id": "Param80",
      "Segments": [
        0,
        -1.878,
        1,
        0.111,
        -1.878,
        0.222,
        -1.79,
        0.333,
        -0.673,
        1,
        0.444,
        0.445,
        0.556,
        2.129,
        0.667,
        2.129,
        0,
        1,
        -1.561,
        0,
        1.367,
        1.428,
        0,
        1.7,
        -0.683,
        0,
        2.033,
        1.635,
        0,
        2.367,
        -1.188,
        0,
        2.767,
        1.348,
        0,
        3.167,
        -0.371,
        0,
        3.567,
        1.077,
        0,
        3.967,
        -0.063,
        0,
        4.333,
        0.923,
        0,
        5.067,
        -0.673,
        0,
        5.4,
        1.843,
        0,
        5.767,
        -1.123,
        0,
        6.133,
        1.206,
        0,
        6.467,
        -0.563,
        0,
        6.833,
        0.966,
        0,
        7.333,
        -1.878
      ]
    },
    {
      "Target": "Parameter",
      "Id": "Param81",
      "Segments": [
        0,
        0.246,
        0,
        0.433,
        -0.595,
        0,
        0.8,
        1.674,
        0,
        1.167,
        -1.933,
        0,
        1.533,
        1.304,
        0,
        1.867,
        -0.85,
        0,
        2.167,
        1.192,
        0,
        2.533,
        -1.444,
        0,
        2.9,
        1.179,
        0,
        3.3,
        -0.655,
        0,
        3.7,
        0.358,
        0,
        4.1,
        -0.145,
        0,
        4.467,
        0.077,
        0,
        5.167,
        -0.657,
        0,
        5.533,
        1.454,
        0,
        5.9,
        -1.444,
        0,
        6.267,
        0.972,
        0,
        6.633,
        -0.782,
        0,
        7,
        0.594,
        0,
        7.333,
        0.246
      ]
    },
    {
      "Target": "Parameter",
      "Id": "Param82",
      "Segments": [
        0,
        1.348,
        1,
        0.056,
        1.348,
        0.111,
        0.159,
        0.167,
        0.004,
        1,
        0.289,
        -0.339,
        0.411,
        -0.371,
        0.533,
        -0.371,
        0,
        0.9,
        1.202,
        0,
        1.3,
        -1.576,
        0,
        1.667,
        1.224,
        0,
        2,
        -0.755,
        0,
        2.3,
        0.867,
        0,
        2.667,
        -1.157,
        0,
        3.033,
        1.073,
        0,
        3.433,
        -0.698,
        0,
        3.833,
        0.411,
        0,
        4.233,
        -0.193,
        0,
        4.6,
        0.099,
        0,
        5.267,
        -0.438,
        0,
        5.667,
        1.082,
        0,
        6.033,
        -1.216,
        0,
        6.4,
        0.904,
        0,
        6.767,
        -0.704,
        1,
        6.889,
        -0.704,
        7.011,
        -0.322,
        7.133,
        0.559,
        1,
        7.2,
        1.04,
        7.266,
        1.348,
        7.333,
        1.348
      ]
    },
    {
      "Target": "Parameter",
      "Id": "Param83",
      "Segments": [
        0,
        5.479,
        1,
        0.1,
        5.479,
        0.2,
        0.378,
        0.3,
        -0.001,
        1,
        0.411,
        -0.422,
        0.522,
        -0.356,
        0.633,
        -0.356,
        0,
        1.033,
        1.296,
        0,
        1.4,
        -1.902,
        0,
        1.8,
        1.651,
        0,
        2.133,
        -1.027,
        0,
        2.467,
        0.993,
        0,
        2.8,
        -1.359,
        0,
        3.167,
        1.405,
        0,
        3.567,
        -1.041,
        0,
        3.967,
        0.668,
        0,
        4.367,
        -0.352,
        0,
        4.733,
        0.185,
        0,
        5.367,
        -0.451,
        0,
        5.767,
        1.2,
        0,
        6.167,
        -1.513,
        0,
        6.567,
        1.231,
        0,
        6.9,
        -0.981,
        0,
        7.333,
        5.479
      ]
    },
    {
      "Target": "Parameter",
      "Id": "Param85",
      "Segments": [
        0,
        0,
        0,
        0.167,
        -0.29,
        0,
        0.433,
        -0.038,
        0,
        0.767,
        -1.032,
        0,
        1.133,
        4.181,
        0,
        1.533,
        -6.809,
        0,
        1.933,
        6.509,
        0,
        2.3,
        -4.247,
        0,
        2.6,
        3.5,
        0,
        2.933,
        -4.701,
        0,
        3.3,
        5.35,
        0,
        3.7,
        -4.436,
        0,
        4.1,
        3.093,
        0,
        4.5,
        -1.798,
        0,
        4.867,
        0.989,
        0,
        5.433,
        -1.497,
        0,
        5.9,
        4.053,
        0,
        6.3,
        -5.562,
        0,
        6.7,
        4.956,
        0,
        7.067,
        -4.069,
        0,
        7.333,
        0
      ]
    },
    {
      "Target": "Parameter",
      "Id": "Param88",
      "Segments": [
        0,
        0,
        0,
        0.333,
        -0.538,
        0,
        0.567,
        -0.087,
        0,
        0.867,
        -0.96,
        0,
        1.267,
        4.516,
        0,
        1.667,
        -7.995,
        0,
        2.067,
        8.346,
        0,
        2.433,
        -5.91,
        0,
        2.767,
        4.34,
        0,
        3.1,
        -5.434,
        0,
        3.467,
        6.637,
        0,
        3.833,
        -6.059,
        0,
        4.233,
        4.575,
        0,
        4.633,
        -2.9,
        0,
        5,
        1.693,
        0,
        5.5,
        -1.896,
        0,
        6,
        4.555,
        0,
        6.433,
        -6.695,
        0,
        6.8,
        6.526,
        0,
        7.2,
        -5.556,
        0,
        7.333,
        0
      ]
    },
    {
      "Target": "Parameter",
      "Id": "Param86",
      "Segments": [
        0,
        0,
        0,
        0.467,
        -0.958,
        0,
        0.733,
        -0.102,
        0,
        0.967,
        -0.78,
        0,
        1.367,
        4.824,
        0,
        1.767,
        -9.271,
        0,
        2.167,
        10.528,
        0,
        2.567,
        -8.069,
        0,
        2.9,
        5.624,
        0,
        3.233,
        -6.329,
        0,
        3.6,
        8.082,
        0,
        3.967,
        -8.01,
        0,
        4.367,
        6.516,
        0,
        4.767,
        -4.464,
        0,
        5.133,
        2.765,
        0,
        5.6,
        -2.671,
        0,
        6.1,
        5.192,
        0,
        6.533,
        -8.067,
        0,
        6.933,
        8.433,
        0,
        7.333,
        0
      ]
    },
    {
      "Target": "Parameter",
      "Id": "Param87",
      "Segments": [
        0,
        0,
        0,
        0.167,
        0.544,
        0,
        0.467,
        -0.521,
        0,
        0.933,
        -0.23,
        0,
        1.067,
        -0.239,
        0,
        1.533,
        0.105,
        0,
        1.833,
        -0.518,
        0,
        2.367,
        -0.191,
        0,
        4.333,
        -0.427,
        2,
        4.367,
        -0.427,
        0,
        4.533,
        -0.457,
        0,
        4.933,
        0.139,
        0,
        5.267,
        -0.477,
        0,
        5.6,
        -0.336,
        0,
        5.9,
        -0.4,
        0,
        6.367,
        -0.167,
        0,
        6.733,
        -0.23,
        0,
        7.167,
        0.047,
        0,
        7.333,
        0
      ]
    },
    {
      "Target": "Parameter",
      "Id": "Param84",
      "Segments": [
        0,
        0,
        0,
        0.133,
        -1.113,
        0,
        0.367,
        1.134,
        0,
        0.7,
        -0.606,
        0,
        1.067,
        0.203,
        0,
        1.5,
        -0.342,
        0,
        1.733,
        0.748,
        0,
        2.067,
        -0.5,
        0,
        2.467,
        0.177,
        0,
        2.933,
        -0.042,
        0,
        3.333,
        0.039,
        0,
        3.733,
        0,
        0,
        4.033,
        0.013,
        2,
        4.067,
        0.013,
        2,
        4.1,
        0.013,
        0,
        4.367,
        -0.006,
        0,
        4.5,
        0.033,
        0,
        4.867,
        -0.537,
        0,
        5.133,
        0.796,
        0,
        5.467,
        -0.407,
        0,
        5.8,
        0.181,
        0,
        6.2,
        -0.197,
        0,
        6.567,
        0.14,
        0,
        7.067,
        -0.266,
        0,
        7.333,
        0
      ]
    },
    {
      "Target": "Parameter",
      "Id": "ParamHairFront",
      "Segments": [
        0,
        0,
        0,
        0.2,
        -20.363,
        0,
        0.467,
        13.815,
        0,
        0.867,
        -22.094,
        0,
        1.2,
        -3.153,
        0,
        1.6,
        -22.101,
        0,
        1.933,
        6.613,
        0,
        2.333,
        -17.431,
        0,
        2.733,
        23.052,
        0,
        3.067,
        -7.621,
        0,
        3.533,
        8.264,
        0,
        3.867,
        3.565,
        0,
        4.167,
        6.08,
        0,
        5,
        -14.069,
        0,
        5.333,
        18.12,
        0,
        5.7,
        -1.857,
        0,
        6.067,
        21.073,
        0,
        6.467,
        -11.353,
        0,
        7.167,
        9.419,
        0,
        7.333,
        0
      ]
    },
    {
      "Target": "Parameter",
      "Id": "Param43",
      "Segments": [
        0,
        0,
        0,
        0.167,
        15.202,
        0,
        0.4,
        -23.834,
        0,
        0.733,
        20.619,
        0,
        1.1,
        -20.536,
        0,
        1.533,
        10.942,
        0,
        1.833,
        -26.799,
        0,
        2.2,
        18.786,
        0,
        2.6,
        -22.572,
        0,
        2.967,
        16.278,
        0,
        3.367,
        -26.321,
        0,
        3.8,
        12.261,
        0,
        4.1,
        -0.102,
        0,
        4.533,
        11.119,
        0,
        4.833,
        0.595,
        0,
        4.933,
        7.986,
        0,
        5.2,
        -26.799,
        0,
        5.6,
        7.784,
        0,
        5.967,
        -15.236,
        0,
        6.333,
        17.211,
        0,
        6.767,
        -9.976,
        0,
        7.333,
        0
      ]
    },
    {
      "Target": "Parameter",
      "Id": "Param44",
      "Segments": [
        0,
        0,
        0,
        0.2,
        6.945,
        0,
        0.467,
        -17.322,
        0,
        0.867,
        13.17,
        0,
        1.2,
        0.586,
        0,
        1.6,
        13.177,
        0,
        1.933,
        -21.046,
        0,
        2.333,
        8.507,
        0,
        2.733,
        -17.668,
        0,
        3.067,
        10.654,
        0,
        3.533,
        -20.547,
        0,
        3.867,
        -3.565,
        0,
        4.167,
        -18.363,
        0,
        5,
        14.069,
        0,
        5.333,
        -17.732,
        0,
        5.7,
        1.857,
        0,
        6.067,
        -20.685,
        0,
        6.467,
        11.353,
        0,
        7.167,
        -9.419,
        0,
        7.333,
        0
      ]
    },
    {
      "Target": "Parameter",
      "Id": "Param45",
      "Segments": [
        0,
        0,
        0,
        0.167,
        -23.756,
        0,
        0.4,
        18.701,
        0,
        0.733,
        -29.173,
        0,
        1.1,
        15.403,
        0,
        1.533,
        -19.496,
        0,
        1.833,
        23.062,
        0,
        2.2,
        -27.339,
        0,
        2.6,
        17.439,
        0,
        2.967,
        -24.832,
        0,
        3.367,
        21.189,
        0,
        3.8,
        -20.814,
        0,
        4.1,
        0.102,
        0,
        4.533,
        -19.672,
        0,
        4.833,
        -0.595,
        0,
        4.933,
        -1.972,
        0,
        5.2,
        22.22,
        0,
        5.6,
        -22.351,
        0,
        5.967,
        10.103,
        0,
        6.333,
        -30,
        0,
        6.767,
        16.058,
        0,
        7.333,
        0
      ]
    },
    {
      "Target": "Parameter",
      "Id": "Param46",
      "Segments": [
        0,
        0,
        0,
        0.2,
        6.945,
        0,
        0.467,
        -17.322,
        0,
        0.867,
        13.17,
        0,
        1.2,
        0.586,
        0,
        1.6,
        13.177,
        0,
        1.933,
        -21.046,
        0,
        2.333,
        8.507,
        0,
        2.733,
        -17.668,
        0,
        3.067,
        10.654,
        0,
        3.533,
        -20.547,
        0,
        3.867,
        -3.565,
        0,
        4.167,
        -18.363,
        0,
        5,
        14.069,
        0,
        5.333,
        -17.732,
        0,
        5.7,
        1.857,
        0,
        6.067,
        -20.685,
        0,
        6.467,
        11.353,
        0,
        7.167,
        -9.419,
        0,
        7.333,
        0
      ]
    },
    {
      "Target": "Parameter",
      "Id": "Param47",
      "Segments": [
        0,
        0,
        0,
        0.167,
        -23.756,
        0,
        0.4,
        18.701,
        0,
        0.733,
        -29.173,
        0,
        1.1,
        15.403,
        0,
        1.533,
        -19.496,
        0,
        1.833,
        23.062,
        0,
        2.2,
        -27.339,
        0,
        2.6,
        17.439,
        0,
        2.967,
        -24.832,
        0,
        3.367,
        21.189,
        0,
        3.8,
        -20.814,
        0,
        4.1,
        0.102,
        0,
        4.533,
        -19.672,
        0,
        4.833,
        -0.595,
        0,
        4.933,
        -1.972,
        0,
        5.2,
        22.22,
        0,
        5.6,
        -22.351,
        0,
        5.967,
        10.103,
        0,
        6.333,
        -30,
        0,
        6.767,
        16.058,
        0,
        7.333,
        0
      ]
    },
    {
      "Target": "Parameter",
      "Id": "Param48",
      "Segments": [
        0,
        0,
        0,
        0.2,
        -20.363,
        0,
        0.467,
        13.815,
        0,
        0.867,
        -22.094,
        0,
        1.2,
        -3.153,
        0,
        1.6,
        -22.101,
        0,
        1.933,
        6.613,
        0,
        2.333,
        -17.431,
        0,
        2.733,
        23.052,
        0,
        3.067,
        -7.621,
        0,
        3.533,
        8.264,
        0,
        3.867,
        3.565,
        0,
        4.167,
        6.08,
        0,
        5,
        -14.069,
        0,
        5.333,
        18.12,
        0,
        5.7,
        -1.857,
        0,
        6.067,
        21.073,
        0,
        6.467,
        -11.353,
        0,
        7.167,
        9.419,
        0,
        7.333,
        0
      ]
    },
    {
      "Target": "Parameter",
      "Id": "Param49",
      "Segments": [
        0,
        0,
        0,
        0.167,
        15.202,
        0,
        0.4,
        -23.834,
        0,
        0.733,
        20.619,
        0,
        1.1,
        -20.536,
        0,
        1.533,
        10.942,
        0,
        1.833,
        -26.799,
        0,
        2.2,
        18.786,
        0,
        2.6,
        -22.572,
        0,
        2.967,
        16.278,
        0,
        3.367,
        -26.321,
        0,
        3.8,
        12.261,
        0,
        4.1,
        -0.102,
        0,
        4.533,
        11.119,
        0,
        4.833,
        0.595,
        0,
        4.933,
        7.986,
        0,
        5.2,
        -26.799,
        0,
        5.6,
        7.784,
        0,
        5.967,
        -15.236,
        0,
        6.333,
        17.211,
        0,
        6.767,
        -9.976,
        0,
        7.333,
        0
      ]
    },
    {
      "Target": "Parameter",
      "Id": "Param52",
      "Segments": [
        0,
        0,
        0,
        0.2,
        6.945,
        0,
        0.467,
        -17.322,
        0,
        0.867,
        13.17,
        0,
        1.2,
        0.586,
        0,
        1.6,
        13.177,
        0,
        1.933,
        -21.046,
        0,
        2.333,
        8.507,
        0,
        2.733,
        -17.668,
        0,
        3.067,
        10.654,
        1,
        3.222,
        10.654,
        3.378,
        -14.601,
        3.533,
        -20.547,
        1,
        3.744,
        -28.616,
        3.956,
        -29.023,
        4.167,
        -29.023,
        0,
        5,
        14.069,
        0,
        5.333,
        -17.732,
        0,
        5.7,
        1.857,
        0,
        6.067,
        -20.685,
        0,
        6.467,
        11.353,
        0,
        7.167,
        -9.419,
        0,
        7.333,
        0
      ]
    },
    {
      "Target": "Parameter",
      "Id": "Param53",
      "Segments": [
        0,
        0,
        0,
        0.167,
        -23.756,
        0,
        0.4,
        18.701,
        0,
        0.733,
        -29.173,
        0,
        1.1,
        15.403,
        0,
        1.533,
        -19.496,
        0,
        1.833,
        23.062,
        0,
        2.2,
        -27.339,
        0,
        2.6,
        17.439,
        0,
        2.967,
        -24.832,
        0,
        3.367,
        21.189,
        0,
        3.8,
        -20.814,
        0,
        4.1,
        0.102,
        0,
        4.533,
        -19.672,
        0,
        4.833,
        -0.595,
        0,
        4.933,
        -1.972,
        0,
        5.2,
        22.22,
        0,
        5.6,
        -22.351,
        0,
        5.967,
        10.103,
        0,
        6.333,
        -30,
        0,
        6.767,
        16.058,
        0,
        7.333,
        0
      ]
    },
    {
      "Target": "Parameter",
      "Id": "Param54",
      "Segments": [
        0,
        0,
        0,
        0.2,
        6.945,
        0,
        0.467,
        -17.322,
        0,
        0.867,
        13.17,
        0,
        1.2,
        0.586,
        0,
        1.6,
        13.177,
        0,
        1.933,
        -21.046,
        0,
        2.333,
        8.507,
        0,
        2.733,
        -17.668,
        0,
        3.067,
        10.654,
        1,
        3.222,
        10.654,
        3.378,
        -14.601,
        3.533,
        -20.547,
        1,
        3.744,
        -28.616,
        3.956,
        -29.023,
        4.167,
        -29.023,
        0,
        5,
        14.069,
        0,
        5.333,
        -17.732,
        0,
        5.7,
        1.857,
        0,
        6.067,
        -20.685,
        0,
        6.467,
        11.353,
        0,
        7.167,
        -9.419,
        0,
        7.333,
        0
      ]
    },
    {
      "Target": "Parameter",
      "Id": "Param55",
      "Segments": [
        0,
        0,
        0,
        0.167,
        -23.756,
        0,
        0.4,
        18.701,
        0,
        0.733,
        -29.173,
        0,
        1.1,
        15.403,
        0,
        1.533,
        -19.496,
        0,
        1.833,
        23.062,
        0,
        2.2,
        -27.339,
        0,
        2.6,
        17.439,
        0,
        2.967,
        -24.832,
        0,
        3.367,
        21.189,
        0,
        3.8,
        -20.814,
        0,
        4.1,
        0.102,
        0,
        4.533,
        -19.672,
        0,
        4.833,
        -0.595,
        0,
        4.933,
        -1.972,
        0,
        5.2,
        22.22,
        0,
        5.6,
        -22.351,
        0,
        5.967,
        10.103,
        0,
        6.333,
        -30,
        0,
        6.767,
        16.058,
        0,
        7.333,
        0
      ]
    },
    {
      "Target": "Parameter",
      "Id": "Param56",
      "Segments": [
        0,
        0,
        0,
        0.2,
        6.945,
        0,
        0.467,
        -17.322,
        0,
        0.867,
        13.17,
        0,
        1.2,
        0.586,
        0,
        1.6,
        13.177,
        0,
        1.933,
        -21.046,
        0,
        2.333,
        8.507,
        0,
        2.733,
        -17.668,
        0,
        3.067,
        10.654,
        0,
        3.533,
        -20.547,
        0,
        3.867,
        -3.565,
        0,
        4.167,
        -18.363,
        0,
        5,
        14.069,
        0,
        5.333,
        -17.732,
        0,
        5.7,
        1.857,
        0,
        6.067,
        -20.685,
        0,
        6.467,
        11.353,
        0,
        7.167,
        -9.419,
        0,
        7.333,
        0
      ]
    },
    {
      "Target": "Parameter",
      "Id": "Param57",
      "Segments": [
        0,
        0,
        0,
        0.167,
        -23.756,
        0,
        0.4,
        18.701,
        0,
        0.733,
        -29.173,
        0,
        1.1,
        15.403,
        0,
        1.533,
        -19.496,
        0,
        1.833,
        23.062,
        0,
        2.2,
        -27.339,
        0,
        2.6,
        17.439,
        0,
        2.967,
        -24.832,
        0,
        3.367,
        21.189,
        0,
        3.8,
        -20.814,
        0,
        4.1,
        0.102,
        0,
        4.533,
        -19.672,
        0,
        4.833,
        -0.595,
        0,
        4.933,
        -1.972,
        0,
        5.2,
        22.22,
        0,
        5.6,
        -22.351,
        0,
        5.967,
        10.103,
        0,
        6.333,
        -30,
        0,
        6.767,
        16.058,
        0,
        7.333,
        0
      ]
    },
    {
      "Target": "Parameter",
      "Id": "Param50",
      "Segments": [
        0,
        0,
        0,
        0.2,
        6.945,
        0,
        0.467,
        -17.322,
        0,
        0.867,
        13.17,
        0,
        1.2,
        0.586,
        0,
        1.6,
        13.177,
        0,
        1.933,
        -21.046,
        0,
        2.333,
        8.507,
        0,
        2.733,
        -17.668,
        0,
        3.067,
        10.654,
        0,
        3.533,
        -20.547,
        0,
        3.867,
        -3.565,
        0,
        4.167,
        -18.363,
        0,
        5,
        14.069,
        0,
        5.333,
        -17.732,
        0,
        5.7,
        1.857,
        0,
        6.067,
        -20.685,
        0,
        6.467,
        11.353,
        0,
        7.167,
        -9.419,
        0,
        7.333,
        0
      ]
    },
    {
      "Target": "Parameter",
      "Id": "Param51",
      "Segments": [
        0,
        0,
        0,
        0.167,
        -23.756,
        0,
        0.4,
        18.701,
        0,
        0.733,
        -29.173,
        0,
        1.1,
        15.403,
        0,
        1.533,
        -19.496,
        0,
        1.833,
        23.062,
        0,
        2.2,
        -27.339,
        0,
        2.6,
        17.439,
        0,
        2.967,
        -24.832,
        0,
        3.367,
        21.189,
        0,
        3.8,
        -20.814,
        0,
        4.1,
        0.102,
        0,
        4.533,
        -19.672,
        0,
        4.833,
        -0.595,
        0,
        4.933,
        -1.972,
        0,
        5.2,
        22.22,
        0,
        5.6,
        -22.351,
        0,
        5.967,
        10.103,
        0,
        6.333,
        -30,
        0,
        6.767,
        16.058,
        0,
        7.333,
        0
      ]
    },
    {
      "Target": "Parameter",
      "Id": "Param58",
      "Segments": [
        0,
        0,
        0,
        0.2,
        11.438,
        0,
        0.467,
        -7.131,
        0,
        0.867,
        13.17,
        0,
        1.2,
        3.153,
        0,
        1.6,
        13.177,
        0,
        1.933,
        -8.763,
        0,
        2.333,
        8.507,
        0,
        2.733,
        -5.385,
        0,
        3.067,
        10.654,
        0,
        3.533,
        -8.264,
        0,
        3.867,
        -3.565,
        0,
        4.167,
        -6.08,
        0,
        5,
        14.069,
        0,
        5.333,
        -5.448,
        0,
        5.7,
        1.857,
        0,
        6.067,
        -8.401,
        0,
        6.467,
        11.353,
        0,
        7.167,
        -9.419,
        0,
        7.333,
        0
      ]
    },
    {
      "Target": "Parameter",
      "Id": "Param73",
      "Segments": [
        0,
        0,
        0,
        0.2,
        6.945,
        0,
        0.467,
        -17.322,
        0,
        0.867,
        13.17,
        0,
        1.2,
        0.586,
        0,
        1.6,
        13.177,
        0,
        1.933,
        -21.046,
        0,
        2.333,
        8.507,
        0,
        2.733,
        -17.668,
        0,
        3.067,
        10.654,
        0,
        3.533,
        -20.547,
        0,
        3.867,
        -3.565,
        0,
        4.167,
        -18.363,
        0,
        5,
        14.069,
        0,
        5.333,
        -17.732,
        0,
        5.7,
        1.857,
        0,
        6.067,
        -20.685,
        0,
        6.467,
        11.353,
        0,
        7.167,
        -9.419,
        0,
        7.333,
        0
      ]
    },
    {
      "Target": "Parameter",
      "Id": "Param74",
      "Segments": [
        0,
        0,
        0,
        0.167,
        -23.756,
        0,
        0.4,
        18.701,
        0,
        0.733,
        -29.173,
        0,
        1.1,
        15.403,
        0,
        1.533,
        -19.496,
        0,
        1.833,
        23.062,
        0,
        2.2,
        -27.339,
        0,
        2.6,
        17.439,
        0,
        2.967,
        -24.832,
        0,
        3.367,
        21.189,
        0,
        3.8,
        -20.814,
        0,
        4.1,
        0.102,
        0,
        4.533,
        -19.672,
        0,
        4.833,
        -0.595,
        0,
        4.933,
        -1.972,
        0,
        5.2,
        22.22,
        0,
        5.6,
        -22.351,
        0,
        5.967,
        10.103,
        0,
        6.333,
        -30,
        0,
        6.767,
        16.058,
        0,
        7.333,
        0
      ]
    },
    {
      "Target": "Parameter",
      "Id": "Param61",
      "Segments": [
        0,
        0,
        0,
        0.133,
        4.824,
        0,
        0.433,
        -3.613,
        0,
        0.8,
        2.617,
        0,
        1.1,
        -1.684,
        0,
        1.533,
        4.936,
        0,
        1.8,
        -3.513,
        0,
        2.2,
        3.725,
        0,
        3.167,
        -1.35,
        0,
        3.8,
        3.403,
        0,
        4.4,
        -2.462,
        0,
        4.9,
        4.436,
        0,
        5.2,
        -3.242,
        0,
        5.567,
        1.982,
        0,
        5.867,
        -2.261,
        0,
        6.3,
        2.868,
        0,
        6.667,
        -1.464,
        0,
        7.133,
        3.787,
        0,
        7.333,
        0
      ]
    },
    {
      "Target": "Parameter",
      "Id": "Param62",
      "Segments": [
        0,
        0,
        0,
        0.133,
        -2.964,
        0,
        0.333,
        4.39,
        0,
        0.667,
        -2.32,
        0,
        1,
        0.802,
        0,
        1.4,
        -1.684,
        0,
        1.667,
        4.39,
        0,
        2.033,
        -1.981,
        0,
        2.5,
        2.669,
        0,
        3.6,
        -1.981,
        0,
        4.167,
        4.038,
        0,
        4.7,
        -3.176,
        0,
        5.1,
        3.027,
        0,
        5.433,
        -1.684,
        0,
        5.767,
        0.315,
        0,
        6.1,
        -1.006,
        0,
        6.533,
        0.439,
        0,
        7.033,
        -0.587,
        0,
        7.333,
        0
      ]
    },
    {
      "Target": "Parameter",
      "Id": "Param63",
      "Segments": [
        0,
        0,
        0,
        0.133,
        4.824,
        0,
        0.433,
        -3.613,
        0,
        0.8,
        2.617,
        0,
        1.1,
        -1.684,
        0,
        1.533,
        4.936,
        0,
        1.8,
        -3.513,
        0,
        2.2,
        3.725,
        0,
        3.167,
        -1.35,
        0,
        3.8,
        3.403,
        0,
        4.4,
        -2.462,
        0,
        4.9,
        4.436,
        0,
        5.2,
        -3.242,
        0,
        5.567,
        1.982,
        0,
        5.867,
        -2.261,
        0,
        6.3,
        2.868,
        0,
        6.667,
        -1.464,
        0,
        7.133,
        3.787,
        0,
        7.333,
        0
      ]
    },
    {
      "Target": "Parameter",
      "Id": "Param64",
      "Segments": [
        0,
        0,
        0,
        0.133,
        -2.964,
        0,
        0.333,
        4.39,
        0,
        0.667,
        -2.32,
        0,
        1,
        0.802,
        0,
        1.367,
        -1.705,
        0,
        1.7,
        4.454,
        0,
        2.033,
        -1.981,
        0,
        2.5,
        2.769,
        0,
        3.567,
        -1.908,
        0,
        4.167,
        4.205,
        0,
        4.7,
        -3.22,
        0,
        5.1,
        3.027,
        0,
        5.433,
        -1.684,
        0,
        5.767,
        0.315,
        0,
        6.1,
        -1.006,
        0,
        6.533,
        0.439,
        0,
        7.033,
        -0.587,
        0,
        7.333,
        0
      ]
    },
    {
      "Target": "Parameter",
      "Id": "Param65",
      "Segments": [
        0,
        0,
        0,
        0.133,
        4.824,
        0,
        0.433,
        -3.613,
        0,
        0.8,
        2.617,
        0,
        1.1,
        -1.684,
        0,
        1.533,
        4.936,
        0,
        1.8,
        -3.513,
        0,
        2.2,
        3.725,
        0,
        3.167,
        -1.35,
        0,
        3.8,
        3.403,
        0,
        4.4,
        -2.462,
        0,
        4.9,
        4.436,
        0,
        5.2,
        -3.242,
        0,
        5.567,
        1.982,
        0,
        5.867,
        -2.261,
        0,
        6.3,
        2.868,
        0,
        6.667,
        -1.464,
        0,
        7.133,
        3.787,
        0,
        7.333,
        0
      ]
    },
    {
      "Target": "Parameter",
      "Id": "Param66",
      "Segments": [
        0,
        0,
        0,
        0.133,
        -2.964,
        0,
        0.333,
        4.39,
        0,
        0.667,
        -2.32,
        0,
        1,
        0.802,
        0,
        1.367,
        -1.705,
        0,
        1.7,
        4.454,
        0,
        2.033,
        -1.981,
        0,
        2.5,
        2.769,
        0,
        3.567,
        -1.908,
        0,
        4.167,
        4.205,
        0,
        4.7,
        -3.22,
        0,
        5.1,
        3.027,
        0,
        5.433,
        -1.684,
        0,
        5.767,
        0.315,
        0,
        6.1,
        -1.006,
        0,
        6.533,
        0.439,
        0,
        7.033,
        -0.587,
        0,
        7.333,
        0
      ]
    },
    {
      "Target": "Parameter",
      "Id": "Param67",
      "Segments": [
        0,
        0,
        0,
        0.133,
        -3.06,
        0,
        0.433,
        3.613,
        0,
        0.8,
        1.085,
        0,
        1.1,
        1.684,
        0,
        1.533,
        -0.3,
        0,
        1.8,
        4.447,
        0,
        2.2,
        -0.086,
        0,
        3.3,
        3.801,
        0,
        3.933,
        -0.561,
        0,
        4.533,
        3.412,
        0,
        4.9,
        -0.734,
        0,
        5.2,
        3.242,
        0,
        5.567,
        1.546,
        0,
        5.867,
        2.261,
        0,
        6.3,
        0.835,
        0,
        6.667,
        1.464,
        0,
        7.133,
        -0.085,
        0,
        7.333,
        0
      ]
    },
    {
      "Target": "Parameter",
      "Id": "Param68",
      "Segments": [
        0,
        0,
        0,
        0.133,
        2.964,
        0,
        0.333,
        -4.39,
        0,
        0.667,
        2.32,
        0,
        1,
        -0.802,
        0,
        1.467,
        0.434,
        0,
        1.7,
        -2.989,
        0,
        2.033,
        1.981,
        0,
        2.4,
        -0.522,
        0,
        3.567,
        4.052,
        0,
        4.367,
        -0.995,
        0,
        4.833,
        4.052,
        0,
        5.1,
        -3.027,
        0,
        5.433,
        3.737,
        0,
        5.767,
        -0.315,
        0,
        6.1,
        2.32,
        0,
        6.533,
        -0.439,
        0,
        7.033,
        0.587,
        0,
        7.333,
        0
      ]
    },
    {
      "Target": "Parameter",
      "Id": "Param69",
      "Segments": [
        0,
        0,
        0,
        0.133,
        -3.06,
        0,
        0.433,
        3.613,
        0,
        0.8,
        1.085,
        0,
        1.1,
        1.684,
        0,
        1.533,
        -0.3,
        0,
        1.8,
        4.447,
        0,
        2.2,
        -0.086,
        0,
        3.3,
        3.801,
        0,
        3.933,
        -0.561,
        0,
        4.533,
        3.412,
        0,
        4.9,
        -0.734,
        0,
        5.2,
        3.242,
        0,
        5.567,
        1.546,
        0,
        5.867,
        2.261,
        0,
        6.3,
        0.835,
        0,
        6.667,
        1.464,
        0,
        7.133,
        -0.085,
        0,
        7.333,
        0
      ]
    },
    {
      "Target": "Parameter",
      "Id": "Param70",
      "Segments": [
        0,
        0,
        0,
        0.133,
        2.964,
        0,
        0.333,
        -4.39,
        0,
        0.667,
        2.32,
        0,
        1,
        -0.802,
        0,
        1.467,
        0.434,
        0,
        1.7,
        -2.989,
        0,
        2.033,
        1.981,
        0,
        2.4,
        -0.522,
        0,
        3.567,
        4.084,
        0,
        4.4,
        -0.976,
        0,
        4.833,
        4.109,
        0,
        5.1,
        -3.027,
        0,
        5.433,
        3.599,
        0,
        5.767,
        -0.315,
        0,
        6.1,
        2.45,
        0,
        6.533,
        -0.439,
        0,
        7.033,
        0.587,
        0,
        7.333,
        0
      ]
    },
    {
      "Target": "Parameter",
      "Id": "Param71",
      "Segments": [
        0,
        0,
        0,
        0.133,
        -3.06,
        0,
        0.433,
        3.613,
        0,
        0.8,
        1.085,
        0,
        1.1,
        1.684,
        0,
        1.533,
        -0.3,
        0,
        1.8,
        4.447,
        0,
        2.2,
        -0.086,
        0,
        3.3,
        3.801,
        0,
        3.933,
        -0.561,
        0,
        4.533,
        3.412,
        0,
        4.9,
        -0.734,
        0,
        5.2,
        3.242,
        0,
        5.567,
        1.546,
        0,
        5.867,
        2.261,
        0,
        6.3,
        0.835,
        0,
        6.667,
        1.464,
        0,
        7.133,
        -0.085,
        0,
        7.333,
        0
      ]
    },
    {
      "Target": "Parameter",
      "Id": "Param72",
      "Segments": [
        0,
        0,
        0,
        0.133,
        2.964,
        0,
        0.333,
        -4.39,
        0,
        0.667,
        2.32,
        0,
        1,
        -0.802,
        0,
        1.467,
        0.434,
        0,
        1.7,
        -2.989,
        0,
        2.033,
        1.981,
        0,
        2.4,
        -0.522,
        0,
        3.567,
        4.084,
        0,
        4.4,
        -0.976,
        0,
        4.833,
        4.109,
        0,
        5.1,
        -3.027,
        0,
        5.433,
        3.599,
        0,
        5.767,
        -0.315,
        0,
        6.1,
        2.45,
        0,
        6.533,
        -0.439,
        0,
        7.033,
        0.587,
        0,
        7.333,
        0
      ]
    },
    {
      "Target": "Parameter",
      "Id": "Param75",
      "Segments": [
        0,
        0,
        0,
        0.167,
        11.893,
        0,
        0.467,
        -6.733,
        0,
        0.833,
        1.314,
        0,
        1.133,
        -0.624,
        0,
        1.567,
        5.001,
        0,
        1.833,
        -6.56,
        0,
        2.267,
        3.86,
        0,
        2.833,
        -3.189,
        0,
        3.533,
        4.385,
        0,
        4.267,
        -4.898,
        1,
        4.367,
        -4.898,
        4.467,
        -4.569,
        4.567,
        -1.087,
        1,
        4.7,
        3.557,
        4.834,
        8.965,
        4.967,
        8.965,
        0,
        5.267,
        -2.642,
        0,
        5.6,
        1.856,
        0,
        5.933,
        -0.352,
        0,
        6.333,
        3.185,
        0,
        6.667,
        -15.876,
        0,
        7.033,
        6.421,
        0,
        7.333,
        0
      ]
    },
    {
      "Target": "Parameter",
      "Id": "Param76",
      "Segments": [
        0,
        0,
        0,
        0.133,
        -7.502,
        0,
        0.367,
        12.48,
        0,
        0.667,
        -7.047,
        0,
        1.033,
        2.422,
        0,
        1.5,
        -1.196,
        0,
        1.733,
        9.159,
        0,
        2.067,
        -6.894,
        0,
        2.467,
        1.694,
        0,
        3.1,
        -5.086,
        0,
        3.833,
        4.044,
        0,
        4.867,
        -5.086,
        0,
        5.133,
        8.819,
        0,
        5.467,
        -4.759,
        0,
        5.8,
        0.884,
        0,
        6.167,
        -2.83,
        0,
        6.433,
        7.21,
        0,
        6.867,
        -16.338,
        0,
        7.167,
        4.044,
        0,
        7.333,
        0
      ]
    },
    {
      "Target": "Parameter",
      "Id": "Param120",
      "Segments": [
        0,
        0,
        0,
        0.233,
        9.14,
        0,
        0.5,
        -17.261,
        0,
        0.8,
        16.904,
        0,
        1.133,
        -11.069,
        0,
        1.8,
        10.599,
        0,
        2.1,
        -11.339,
        0,
        2.767,
        4.81,
        0,
        3.367,
        -4.557,
        0,
        4.167,
        2.111,
        0,
        4.333,
        1.63,
        0,
        4.633,
        2.857,
        0,
        4.9,
        1.752,
        0,
        4.933,
        1.754,
        0,
        5.233,
        -1.408,
        0,
        5.367,
        -0.909,
        0,
        5.667,
        -4.569,
        0,
        6.333,
        4.244,
        0,
        6.933,
        -2.714,
        0,
        7.333,
        0
      ]
    },
    {
      "Target": "Parameter",
      "Id": "Param119",
      "Segments": [
        0,
        0,
        0,
        0.167,
        -4.475,
        0,
        0.4,
        11.842,
        0,
        0.667,
        -16.141,
        0,
        0.967,
        14.822,
        0,
        1.267,
        -10.722,
        0,
        1.533,
        4.342,
        0,
        1.767,
        -4.237,
        0,
        2,
        9.745,
        0,
        2.233,
        -9.13,
        0,
        2.5,
        3.76,
        0,
        2.733,
        -1.608,
        0,
        3,
        1.575,
        0,
        3.467,
        -1.441,
        0,
        3.733,
        0.346,
        0,
        4.033,
        -0.987,
        0,
        4.267,
        0.849,
        0,
        4.533,
        -0.72,
        0,
        4.8,
        0.946,
        0,
        4.967,
        -0.134,
        0,
        5.133,
        1.103,
        0,
        5.367,
        -0.856,
        0,
        5.567,
        1.593,
        0,
        5.8,
        -1.86,
        0,
        6.033,
        -0.053,
        0,
        6.2,
        -0.877,
        0,
        6.5,
        1.613,
        0,
        6.733,
        -0.181,
        0,
        6.867,
        0.25,
        0,
        7.333,
        0
      ]
    },
    {
      "Target": "Parameter",
      "Id": "Param115",
      "Segments": [
        0,
        0,
        0,
        0.167,
        3.468,
        0,
        0.467,
        -5.82,
        0,
        0.833,
        -2.744,
        0,
        1.1,
        -3.357,
        0,
        1.567,
        -0.635,
        0,
        1.833,
        -5.904,
        0,
        2.233,
        -2.071,
        0,
        4.133,
        -4.544,
        0,
        4.4,
        -4.413,
        0,
        4.533,
        -4.522,
        0,
        4.933,
        0.065,
        0,
        5.233,
        -5.509,
        0,
        5.6,
        -3.111,
        0,
        5.9,
        -4.041,
        0,
        6.333,
        -1.95,
        0,
        6.7,
        -2.846,
        1,
        6.856,
        -2.846,
        7.011,
        -1.578,
        7.167,
        -0.372,
        1,
        7.222,
        0.059,
        7.278,
        0,
        7.333,
        0
      ]
    },
    {
      "Target": "Parameter",
      "Id": "Param116",
      "Segments": [
        0,
        0,
        0,
        0.133,
        -3.406,
        0,
        0.367,
        6.056,
        0,
        0.667,
        -3.018,
        0,
        1.033,
        0.945,
        0,
        1.333,
        -0.37,
        0,
        1.4,
        -0.296,
        0,
        1.5,
        -0.534,
        0,
        1.733,
        4.152,
        0,
        2.067,
        -2.84,
        0,
        2.433,
        0.774,
        0,
        2.933,
        -0.027,
        0,
        3.3,
        0.172,
        0,
        4.4,
        -0.524,
        0,
        4.5,
        -0.449,
        0,
        4.867,
        -2.268,
        0,
        5.133,
        4.252,
        0,
        5.467,
        -2.371,
        0,
        5.8,
        0.421,
        0,
        6.167,
        -1.491,
        0,
        6.567,
        0.633,
        0,
        7.067,
        -0.954,
        0,
        7.333,
        0
      ]
    },
    {
      "Target": "Model",
      "Id": "Opacity",
      "Segments": [
        0,
        1,
        0,
        7.333,
        1
      ]
    },
    {
      "Target": "Model",
      "Id": "LipSync",
      "Segments": [
        0,
        0,
        0,
        7.333,
        0
      ]
    },
    {
      "Target": "Parameter",
      "Id": "Param131",
      "Segments": [
        0,
        0,
        0,
        7.333,
        0
      ]
    },
    {
      "Target": "Parameter",
      "Id": "Param132",
      "Segments": [
        0,
        0,
        0,
        7.333,
        0
      ]
    },
    {
      "Target": "Parameter",
      "Id": "Param133",
      "Segments": [
        0,
        0,
        0,
        7.333,
        0
      ]
    },
    {
      "Target": "Parameter",
      "Id": "Param134",
      "Segments": [
        0,
        0,
        0,
        7.333,
        0
      ]
    },
    {
      "Target": "Parameter",
      "Id": "Param135",
      "Segments": [
        0,
        0,
        0,
        7.333,
        0
      ]
    },
    {
      "Target": "Parameter",
      "Id": "Param136",
      "Segments": [
        0,
        0,
        0,
        7.333,
        0
      ]
    },
    {
      "Target": "Parameter",
      "Id": "Param137",
      "Segments": [
        0,
        0,
        0,
        7.333,
        0
      ]
    },
    {
      "Target": "Parameter",
      "Id": "Param138",
      "Segments": [
        0,
        0,
        0,
        7.333,
        0
      ]
    },
    {
      "Target": "Parameter",
      "Id": "Param139",
      "Segments": [
        0,
        0,
        0,
        7.333,
        0
      ]
    },
    {
      "Target": "Parameter",
      "Id": "Param140",
      "Segments": [
        0,
        0,
        0,
        7.333,
        0
      ]
    },
    {
      "Target": "Parameter",
      "Id": "ParamEyeRSmile",
      "Segments": [
        0,
        0,
        0,
        7.333,
        0
      ]
    },
    {
      "Target": "Parameter",
      "Id": "ParamEyeLSmile",
      "Segments": [
        0,
        0,
        0,
        7.333,
        0
      ]
    },
    {
      "Target": "Parameter",
      "Id": "Param8",
      "Segments": [
        0,
        0,
        0,
        7.333,
        0
      ]
    },
    {
      "Target": "Parameter",
      "Id": "ParamEyeBallY",
      "Segments": [
        0,
        0,
        0,
        7.333,
        0
      ]
    },
    {
      "Target": "Parameter",
      "Id": "Param6",
      "Segments": [
        0,
        0,
        0,
        7.333,
        0
      ]
    },
    {
      "Target": "Parameter",
      "Id": "Param7",
      "Segments": [
        0,
        0,
        0,
        7.333,
        0
      ]
    },
    {
      "Target": "Parameter",
      "Id": "ParamBrowRY",
      "Segments": [
        0,
        0,
        0,
        7.333,
        0
      ]
    },
    {
      "Target": "Parameter",
      "Id": "ParamBrowLY",
      "Segments": [
        0,
        0,
        0,
        7.333,
        0
      ]
    },
    {
      "Target": "Parameter",
      "Id": "Param5",
      "Segments": [
        0,
        0,
        0,
        7.333,
        0
      ]
    },
    {
      "Target": "Parameter",
      "Id": "Param109",
      "Segments": [
        0,
        0,
        0,
        7.333,
        0
      ]
    },
    {
      "Target": "Parameter",
      "Id": "Param121",
      "Segments": [
        0,
        0,
        0,
        7.333,
        0
      ]
    },
    {
      "Target": "Parameter",
      "Id": "Param122",
      "Segments": [
        0,
        0,
        0,
        7.333,
        0
      ]
    },
    {
      "Target": "Parameter",
      "Id": "Param123",
      "Segments": [
        0,
        0,
        0,
        7.333,
        0
      ]
    },
    {
      "Target": "Parameter",
      "Id": "Param42",
      "Segments": [
        0,
        0,
        0,
        7.333,
        0
      ]
    },
    {
      "Target": "Parameter",
      "Id": "Param114",
      "Segments": [
        0,
        0,
        0,
        7.333,
        0
      ]
    },
    {
      "Target": "Parameter",
      "Id": "Param9",
      "Segments": [
        0,
        0,
        0,
        7.333,
        0
      ]
    },
    {
      "Target": "Parameter",
      "Id": "Param10",
      "Segments": [
        0,
        0,
        0,
        7.333,
        0
      ]
    },
    {
      "Target": "Parameter",
      "Id": "Param11",
      "Segments": [
        0,
        0,
        0,
        7.333,
        0
      ]
    },
    {
      "Target": "Parameter",
      "Id": "Param12",
      "Segments": [
        0,
        0,
        0,
        7.333,
        0
      ]
    },
    {
      "Target": "Parameter",
      "Id": "Param13",
      "Segments": [
        0,
        0,
        0,
        7.333,
        0
      ]
    },
    {
      "Target": "Parameter",
      "Id": "Param117",
      "Segments": [
        0,
        0,
        0,
        7.333,
        0
      ]
    },
    {
      "Target": "Parameter",
      "Id": "Param118",
      "Segments": [
        0,
        0,
        0,
        7.333,
        0
      ]
    },
    {
      "Target": "Parameter",
      "Id": "Param59",
      "Segments": [
        0,
        0,
        0,
        7.333,
        0
      ]
    },
    {
      "Target": "Parameter",
      "Id": "Param100",
      "Segments": [
        0,
        0,
        0,
        7.333,
        0
      ]
    },
    {
      "Target": "Parameter",
      "Id": "Param101",
      "Segments": [
        0,
        0,
        0,
        7.333,
        0
      ]
    },
    {
      "Target": "Parameter",
      "Id": "Param91",
      "Segments": [
        0,
        0,
        0,
        7.333,
        0
      ]
    },
    {
      "Target": "Parameter",
      "Id": "Param103",
      "Segments": [
        0,
        0,
        0,
        7.333,
        0
      ]
    },
    {
      "Target": "Parameter",
      "Id": "Param128",
      "Segments": [
        0,
        0,
        0,
        7.333,
        0
      ]
    },
    {
      "Target": "Parameter",
      "Id": "Param113",
      "Segments": [
        0,
        0,
        0,
        7.333,
        0
      ]
    },
    {
      "Target": "Parameter",
      "Id": "Param129",
      "Segments": [
        0,
        0,
        0,
        7.333,
        0
      ]
    },
    {
      "Target": "Parameter",
      "Id": "Param130",
      "Segments": [
        0,
        0,
        0,
        7.333,
        0
      ]
    }
  ],
  "UserData": [
    {
      "Time": 0.0,
      "Value": ""
    }
  ]
}