{
  "Version": 3,
  "FileReferences": {
    "Moc": "clb01_21miku.moc3",
    "Textures": [
      "clb01_21miku.2048/texture_00.png"
    ],
    "Physics": "clb01_21miku.physics3.json",
    "Motions": {
      "s-common-angry01": [
        {
          "File": "motions/s-common-angry01.motion3.json",
          "FadeInTime": 0.5,
          "FadeOutTime": 0.5
        }
      ],
      "s-common-angry02": [
        {
          "File": "motions/s-common-angry02.motion3.json",
          "FadeInTime": 0.5,
          "FadeOutTime": 0.5
        }
      ],
      "s-common-blushed01": [
        {
          "File": "motions/s-common-blushed01.motion3.json",
          "FadeInTime": 0.5,
          "FadeOutTime": 0.5
        }
      ],
      "s-common-forward01": [
        {
          "File": "motions/s-common-forward01.motion3.json",
          "FadeInTime": 0.5,
          "FadeOutTime": 0.5
        }
      ],
      "s-common-lookdown01": [
        {
          "File": "motions/s-common-lookdown01.motion3.json",
          "FadeInTime": 0.5,
          "FadeOutTime": 0.5
        }
      ],
      "s-common-nod01": [
        {
          "File": "motions/s-common-nod01.motion3.json",
          "FadeInTime": 0.5,
          "FadeOutTime": 0.5
        }
      ],
      "s-common-sad01": [
        {
          "File": "motions/s-common-sad01.motion3.json",
          "FadeInTime": 0.5,
          "FadeOutTime": 0.5
        }
      ],
      "s-common-shakehead01": [
        {
          "File": "motions/s-common-shakehead01.motion3.json",
          "FadeInTime": 0.5,
          "FadeOutTime": 0.5
        }
      ],
      "s-common-tilthead01": [
        {
          "File": "motions/s-common-tilthead01.motion3.json",
          "FadeInTime": 0.5,
          "FadeOutTime": 0.5
        }
      ],
      "s-common-tilthead02": [
        {
          "File": "motions/s-common-tilthead02.motion3.json",
          "FadeInTime": 0.5,
          "FadeOutTime": 0.5
        }
      ],
      "face_angry_01": [
        {
          "File": "motions/face_angry_01.motion3.json",
          "FadeInTime": 0.5,
          "FadeOutTime": 0.5
        }
      ],
      "face_closeeye_01": [
        {
          "File": "motions/face_closeeye_01.motion3.json",
          "FadeInTime": 0.5,
          "FadeOutTime": 0.5
        }
      ],
      "face_closeeye_02": [
        {
          "File": "motions/face_closeeye_02.motion3.json",
          "FadeInTime": 0.5,
          "FadeOutTime": 0.5
        }
      ],
      "face_lookdown_01": [
        {
          "File": "motions/face_lookdown_01.motion3.json",
          "FadeInTime": 0.5,
          "FadeOutTime": 0.5
        }
      ],
      "face_normal_01": [
        {
          "File": "motions/face_normal_01.motion3.json",
          "FadeInTime": 0.5,
          "FadeOutTime": 0.5
        }
      ],
      "face_sad_01": [
        {
          "File": "motions/face_sad_01.motion3.json",
          "FadeInTime": 0.5,
          "FadeOutTime": 0.5
        }
      ],
      "face_smallmouth_01": [
        {
          "File": "motions/face_smallmouth_01.motion3.json",
          "FadeInTime": 0.5,
          "FadeOutTime": 0.5
        }
      ],
      "face_smile_01": [
        {
          "File": "motions/face_smile_01.motion3.json",
          "FadeInTime": 0.5,
          "FadeOutTime": 0.5
        }
      ],
      "face_surprise_01": [
        {
          "File": "motions/face_surprise_01.motion3.json",
          "FadeInTime": 0.5,
          "FadeOutTime": 0.5
        }
      ],
      "face_trouble_01": [
        {
          "File": "motions/face_trouble_01.motion3.json",
          "FadeInTime": 0.5,
          "FadeOutTime": 0.5
        }
      ]
    }
  },
  "Groups": [
    {
      "Target": "Parameter",
      "Name": "EyeBlink",
      "Ids": []
    },
    {
      "Target": "Parameter",
      "Name": "LipSync",
      "Ids": []
    }
  ]
}