{"Version": 3, "Meta": {"Duration": 3, "Fps": 60.0, "Loop": true, "AreBeziersRestricted": true, "CurveCount": 32, "UserDataCount": 0, "TotalSegmentCount": 82, "TotalPointCount": 82, "TotalUserDataSize": 0}, "Curves": [{"Target": "Parameter", "Id": "ParamEyeTeary", "Segments": [0, 0, 0, 0.117, 1, 0, 0.233, 0, 0, 0.4, 1, 0, 0.567, 0, 0, 0.733, 1, 0, 0.867, 0, 0, 1, 1, 0, 1.167, 0, 0, 1.333, 1, 0, 1.467, 0, 0, 1.6, 1, 0, 1.767, 0, 0, 1.933, 1, 0, 2.1, 0, 0, 2.233, 1, 0, 2.367, 0, 0, 2.5, 1, 0, 2.667, 0, 2, 3, 0]}, {"Target": "Parameter", "Id": "ParamBrowRX", "Segments": [0, 0, 0, 3, 0]}, {"Target": "Parameter", "Id": "ParamBrowRY", "Segments": [0, 0, 0, 3, 0]}, {"Target": "Parameter", "Id": "ParamBrowRAngle", "Segments": [0, 0.8, 0, 3, 0.8]}, {"Target": "Parameter", "Id": "ParamBrowRForm", "Segments": [0, -1, 0, 3, -1]}, {"Target": "Parameter", "Id": "ParamBrowLX", "Segments": [0, 0, 0, 3, 0]}, {"Target": "Parameter", "Id": "ParamBrowLY", "Segments": [0, 0, 0, 3, 0]}, {"Target": "Parameter", "Id": "ParamBrowLAngle", "Segments": [0, 0.8, 0, 3, 0.8]}, {"Target": "Parameter", "Id": "ParamBrowLForm", "Segments": [0, -1, 0, 3, -1]}, {"Target": "Parameter", "Id": "ParamEyeROpen", "Segments": [0, 0.9, 0, 3, 0.9]}, {"Target": "Parameter", "Id": "ParamEyeRSmile", "Segments": [0, 0, 0, 3, 0]}, {"Target": "Parameter", "Id": "ParamEyeRForm", "Segments": [0, 0.3, 0, 3, 0.3]}, {"Target": "Parameter", "Id": "ParamEyeLOpen", "Segments": [0, 0.9, 0, 3, 0.9]}, {"Target": "Parameter", "Id": "ParamEyeLSmile", "Segments": [0, 0, 0, 3, 0]}, {"Target": "Parameter", "Id": "ParamEyeLForm", "Segments": [0, 0.3, 0, 3, 0.3]}, {"Target": "Parameter", "Id": "ParamEyeballY", "Segments": [0, 0, 0, 3, 0]}, {"Target": "Parameter", "Id": "ParamEyeSize", "Segments": [0, 0, 0, 3, 0]}, {"Target": "Parameter", "Id": "ParamTear", "Segments": [0, 0, 0, 3, 0]}, {"Target": "Parameter", "Id": "ParamSpecialEye01", "Segments": [0, 0, 0, 3, 0]}, {"Target": "Parameter", "Id": "ParamEyeChange", "Segments": [0, 0, 0, 3, 0]}, {"Target": "Parameter", "Id": "ParamMouthForm", "Segments": [0, -0.5, 0, 3, -0.5]}, {"Target": "Parameter", "Id": "ParamMouthForm2", "Segments": [0, 0, 0, 3, 0]}, {"Target": "Parameter", "Id": "ParamTeeth", "Segments": [0, 0, 0, 3, 0]}, {"Target": "Parameter", "Id": "ParamMouthScaleX", "Segments": [0, 0, 0, 3, 0]}, {"Target": "Parameter", "Id": "ParamMouthScaleY", "Segments": [0, 0, 0, 3, 0]}, {"Target": "Parameter", "Id": "ParamMouthPositionY", "Segments": [0, 0, 0, 3, 0]}, {"Target": "Parameter", "Id": "ParamCheek", "Segments": [0, 0, 0, 3, 0]}, {"Target": "Parameter", "Id": "ParamFaceShadow", "Segments": [0, 0, 0, 3, 0]}, {"Target": "Parameter", "Id": "ParamCheekAngry", "Segments": [0, 0, 0, 3, 0]}, {"Target": "Parameter", "Id": "ParamKirakira", "Segments": [0, 0, 0, 3, 0]}, {"Target": "Parameter", "Id": "ParamFumeChange", "Segments": [0, 0, 0, 3, 0]}, {"Target": "Parameter", "Id": "ParamMoveFume", "Segments": [0, 0, 0, 3, 0]}], "UserData": []}