{"Version": 3, "Meta": {"Duration": 2.6, "Fps": 60.0, "Loop": true, "AreBeziersRestricted": true, "CurveCount": 61, "UserDataCount": 1, "TotalSegmentCount": 178, "TotalPointCount": 184, "TotalUserDataSize": 22}, "Curves": [{"Target": "Parameter", "Id": "ParamAngleX", "Segments": [0, 0, 0, 0.867, 7, 0, 1.533, 2, 2, 2.6, 2]}, {"Target": "Parameter", "Id": "ParamAngleY", "Segments": [0, 0, 0, 0.417, 12, 0, 1.117, -10, 0, 1.883, -7, 2, 2.6, -7]}, {"Target": "Parameter", "Id": "ParamAngleZ", "Segments": [0, -14, 0, 0.533, 4, 0, 1.217, -18, 0, 1.7, -14, 2, 2.6, -14]}, {"Target": "Parameter", "Id": "ParamEyeROpen", "Segments": [0, 1, 0, 0.183, 1, 0, 0.383, 0, 2, 0.75, 0, 0, 0.983, 1, 2, 2.6, 1]}, {"Target": "Parameter", "Id": "ParamEyeLOpen", "Segments": [0, 1, 0, 0.183, 1, 0, 0.383, 0, 2, 0.75, 0, 0, 0.983, 1, 2, 2.6, 1]}, {"Target": "Parameter", "Id": "ParamEyeballX", "Segments": [0, 0, 0, 0.367, 0.1, 0, 1.183, 0, 2, 2.6, 0]}, {"Target": "Parameter", "Id": "ParamBodyAngleX", "Segments": [0, 3, 0, 0.467, 8, 0, 1.05, 1, 2, 2.6, 1]}, {"Target": "Parameter", "Id": "ParamBodyAngleY", "Segments": [0, 0, 0, 0.467, 4, 0, 1.05, -4, 2, 2.6, -4]}, {"Target": "Parameter", "Id": "ParamBodyAngleZ", "Segments": [0, -4, 0, 1.317, -1, 2, 2.6, -1]}, {"Target": "Parameter", "Id": "ParamUpperBodyZ", "Segments": [0, 9, 0, 1.317, 5, 2, 2.6, 5]}, {"Target": "Parameter", "Id": "ParamUpperBody", "Segments": [0, 0, 0, 0.617, 4, 2, 2.6, 4]}, {"Target": "Parameter", "Id": "ParamLegLZ", "Segments": [0, -1, 0, 0.75, 1, 2, 2.6, 1]}, {"Target": "Parameter", "Id": "ParamLegRZ", "Segments": [0, 4, 0, 0.75, 2, 2, 2.6, 2]}, {"Target": "Parameter", "Id": "ParamShoulderR", "Segments": [0, 1, 0, 0.367, 8, 2, 2.6, 8]}, {"Target": "Parameter", "Id": "ParamArmR1", "Segments": [0, -39, 0, 0.367, -34, 0, 0.9, -41, 2, 2.6, -41]}, {"Target": "Parameter", "Id": "ParamArmR2", "Segments": [0, 41, 0, 0.45, 43, 0, 1.017, 41, 0, 1.417, 41.5, 2, 2.6, 41.5]}, {"Target": "Parameter", "Id": "ParamArmR3", "Segments": [0, 7, 0, 0.617, 29, 1, 0.795, 29, 0.972, 16.153, 1.15, 13, 1, 1.289, 10.537, 1.428, 11.0, 1.567, 11, 2, 2.6, 11]}, {"Target": "Parameter", "Id": "ParamArmR5", "Segments": [0, 1, 0, 1.25, 3, 2, 2.6, 3]}, {"Target": "Parameter", "Id": "ParamArmR8", "Segments": [0, 10, 0, 0.583, 33, 0, 1.167, 16, 2, 2.6, 16]}, {"Target": "Parameter", "Id": "ParamFingerR", "Segments": [0, 0, 0, 0.633, 6, 0, 1.167, -3, 0, 1.733, 0, 2, 2.6, 0]}, {"Target": "Parameter", "Id": "ParamShoulderL", "Segments": [0, 0, 0, 0.767, 9, 2, 2.6, 9]}, {"Target": "Parameter", "Id": "ParamArmL1", "Segments": [0, -39, 0, 0.683, -36, 2, 2.6, -36]}, {"Target": "Parameter", "Id": "ParamArmL2", "Segments": [0, 24, 0, 0.367, 25, 0, 0.9, 23, 0, 1.467, 24, 2, 2.6, 24]}, {"Target": "Parameter", "Id": "ParamArmL3", "Segments": [0, -30, 0, 0.483, -5, 1, 0.661, 10.746, 0.839, 16.0, 1.017, 16, 0, 1.567, 8, 2, 2.6, 8]}, {"Target": "Parameter", "Id": "ParamArmL4", "Segments": [0, 13, 0, 0.783, 0, 2, 2.6, 0]}, {"Target": "Parameter", "Id": "ParamArmL8", "Segments": [0, -33, 0, 0.75, 16, 0, 1.683, 8, 2, 2.6, 8]}, {"Target": "Parameter", "Id": "ParamFingerL", "Segments": [0, 0, 0, 0.5, 9, 0, 1.033, -3, 0, 1.583, 0, 2, 2.6, 0]}, {"Target": "Parameter", "Id": "ParamPositionX", "Segments": [0, 0, 0, 2.6, 0]}, {"Target": "Parameter", "Id": "ParamPositionY", "Segments": [0, 0, 0, 2.6, 0]}, {"Target": "Parameter", "Id": "ParamRotationZ", "Segments": [0, 0, 0, 2.6, 0]}, {"Target": "Parameter", "Id": "ParamBreath", "Segments": [0, 0, 0, 2.6, 0]}, {"Target": "Parameter", "Id": "ParamArmR4", "Segments": [0, 5, 0, 2.6, 5]}, {"Target": "Parameter", "Id": "ParamArmR6", "Segments": [0, 1, 0, 2.6, 1]}, {"Target": "Parameter", "Id": "ParamArmR7", "Segments": [0, -4, 0, 2.6, -4]}, {"Target": "Parameter", "Id": "ParamArmR9", "Segments": [0, 0.8, 0, 2.6, 0.8]}, {"Target": "Parameter", "Id": "ParamHandRA", "Segments": [0, 0, 0, 2.6, 0]}, {"Target": "Parameter", "Id": "ParamHandRB", "Segments": [0, 0, 0, 2.6, 0]}, {"Target": "Parameter", "Id": "ParamHandRC", "Segments": [0, 0, 0, 2.6, 0]}, {"Target": "Parameter", "Id": "ParamHandRD", "Segments": [0, 0, 0, 2.6, 0]}, {"Target": "Parameter", "Id": "ParamHandRE", "Segments": [0, 0, 0, 2.6, 0]}, {"Target": "Parameter", "Id": "ParamHandRF", "Segments": [0, 0, 0, 2.6, 0]}, {"Target": "Parameter", "Id": "ParamHandRG", "Segments": [0, 0, 0, 2.6, 0]}, {"Target": "Parameter", "Id": "ParamHandRH", "Segments": [0, 0, 0, 2.6, 0]}, {"Target": "Parameter", "Id": "ParamHandRI", "Segments": [0, 0, 0, 2.6, 0]}, {"Target": "Parameter", "Id": "ParamHandRJ", "Segments": [0, 1, 0, 2.6, 1]}, {"Target": "Parameter", "Id": "ParamHandRK", "Segments": [0, 0, 0, 2.6, 0]}, {"Target": "Parameter", "Id": "ParamArmL5", "Segments": [0, 2, 0, 2.6, 2]}, {"Target": "Parameter", "Id": "ParamArmL6", "Segments": [0, 1, 0, 2.6, 1]}, {"Target": "Parameter", "Id": "ParamArmL7", "Segments": [0, 0, 0, 2.6, 0]}, {"Target": "Parameter", "Id": "ParamArmL9", "Segments": [0, 0.6, 0, 2.6, 0.6]}, {"Target": "Parameter", "Id": "ParamHandLA", "Segments": [0, 0, 0, 2.6, 0]}, {"Target": "Parameter", "Id": "ParamHandLB", "Segments": [0, 0, 0, 2.6, 0]}, {"Target": "Parameter", "Id": "ParamHandLC", "Segments": [0, 0, 0, 2.6, 0]}, {"Target": "Parameter", "Id": "ParamHandLD", "Segments": [0, 1, 0, 2.6, 1]}, {"Target": "Parameter", "Id": "ParamHandLE", "Segments": [0, 0, 0, 2.6, 0]}, {"Target": "Parameter", "Id": "ParamHandLF", "Segments": [0, 0, 0, 2.6, 0]}, {"Target": "Parameter", "Id": "ParamHandLG", "Segments": [0, 0, 0, 2.6, 0]}, {"Target": "Parameter", "Id": "ParamHandLH", "Segments": [0, 0, 0, 2.6, 0]}, {"Target": "Parameter", "Id": "ParamHandLI", "Segments": [0, 0, 0, 2.6, 0]}, {"Target": "Parameter", "Id": "ParamHandLJ", "Segments": [0, 0, 0, 2.6, 0]}, {"Target": "Parameter", "Id": "ParamHandLK", "Segments": [0, 0, 0, 2.6, 0]}], "UserData": [{"Time": 0.167, "Value": "eyeblink,0.2,0.37,0.24"}]}