{"Version": 3, "Meta": {"Duration": 2.6, "Fps": 60.0, "Loop": true, "AreBeziersRestricted": true, "CurveCount": 61, "UserDataCount": 1, "TotalSegmentCount": 212, "TotalPointCount": 216, "TotalUserDataSize": 22}, "Curves": [{"Target": "Parameter", "Id": "ParamPositionY", "Segments": [0, 0, 0, 0.417, 1, 0, 1.117, -1, 0, 1.85, 0, 2, 2.6, 0]}, {"Target": "Parameter", "Id": "ParamAngleX", "Segments": [0, 0, 0, 0.117, 0, 0, 0.533, -3, 0, 1.233, 2, 0, 1.967, 0, 2, 2.6, 0]}, {"Target": "Parameter", "Id": "ParamAngleY", "Segments": [0, 0, 0, 0.1, 0, 0, 0.517, 5, 0, 1.217, -4, 0, 1.95, 1, 2, 2.6, 1]}, {"Target": "Parameter", "Id": "ParamAngleZ", "Segments": [0, 12, 0, 0.083, 12, 0, 0.5, -9, 0, 1.2, 20, 0, 1.933, 15, 2, 2.6, 15]}, {"Target": "Parameter", "Id": "ParamEyeROpen", "Segments": [0, 1, 0, 0.333, 1, 0, 0.533, 0, 2, 0.767, 0, 0, 1, 1, 2, 2.6, 1]}, {"Target": "Parameter", "Id": "ParamEyeLOpen", "Segments": [0, 1, 0, 0.333, 1, 0, 0.533, 0, 2, 0.767, 0, 0, 1, 1, 2, 2.6, 1]}, {"Target": "Parameter", "Id": "ParamBodyAngleX", "Segments": [0, 2, 0, 0.417, -2, 2, 1.117, -2, 0, 1.85, -5, 2, 2.6, -5]}, {"Target": "Parameter", "Id": "ParamBodyAngleY", "Segments": [0, 0, 0, 0.417, 1, 0, 1.117, -1, 0, 1.85, 0, 2, 2.6, 0]}, {"Target": "Parameter", "Id": "ParamBodyAngleZ", "Segments": [0, 3, 0, 0.017, 3, 0, 0.433, 1, 0, 1.133, 4, 0, 1.867, 3, 2, 2.6, 3]}, {"Target": "Parameter", "Id": "ParamUpperBodyZ", "Segments": [0, -6, 0, 0.033, -6, 0, 0.45, -1, 0, 1.15, -7, 0, 1.883, -5, 2, 2.6, -5]}, {"Target": "Parameter", "Id": "ParamShoulderR", "Segments": [0, 4, 0, 0.033, 4, 1, 0.172, 4, 0.311, 2.935, 0.45, 2, 1, 0.683, 0.43, 0.917, -0.0, 1.15, 0, 0, 1.883, 2, 2, 2.6, 2]}, {"Target": "Parameter", "Id": "ParamArmR1", "Segments": [0, -41, 0, 0.033, -41, 0, 0.45, -33, 0, 1.15, -43, 0, 1.883, -38, 2, 2.6, -38]}, {"Target": "Parameter", "Id": "ParamArmR2", "Segments": [0, -2, 0, 0.083, -2, 0, 0.5, -4.5, 0, 1.2, -2, 2, 1.933, -2, 2, 2.6, -2]}, {"Target": "Parameter", "Id": "ParamArmR3", "Segments": [0, -9, 0, 0.133, -9, 0, 0.55, -24, 0, 1.25, -8, 0, 1.983, -25, 2, 2.6, -25]}, {"Target": "Parameter", "Id": "ParamArmR8", "Segments": [0, -13, 0, 0.567, -28, 0, 1.217, -9, 0, 1.933, -24, 2, 2.6, -24]}, {"Target": "Parameter", "Id": "ParamFingerR", "Segments": [0, 0, 0, 0.6, 9, 0, 1.3, -5, 0, 2, 0, 2, 2.6, 0]}, {"Target": "Parameter", "Id": "ParamShoulderL", "Segments": [0, 6, 0, 0.017, 6, 0, 0.433, 10, 0, 1.133, 2, 0, 1.867, 4, 2, 2.6, 4]}, {"Target": "Parameter", "Id": "ParamArmL1", "Segments": [0, -41, 0, 0.017, -41, 0, 0.433, -33, 0, 1.133, -44, 0, 1.867, -40, 2, 2.6, -40]}, {"Target": "Parameter", "Id": "ParamArmL2", "Segments": [0, 41, 0, 0.067, 41, 0, 0.483, 43, 0, 1.183, 41, 0, 1.917, 41.5, 2, 2.6, 41.5]}, {"Target": "Parameter", "Id": "ParamArmL3", "Segments": [0, 40, 0, 0.117, 40, 0, 0.533, 31, 0, 1.233, 40, 2, 1.967, 40, 2, 2.6, 40]}, {"Target": "Parameter", "Id": "ParamArmL4", "Segments": [0, 22, 0, 0.017, 22, 0, 0.433, 34, 0, 1.133, 25, 0, 1.917, 28, 2, 2.6, 28]}, {"Target": "Parameter", "Id": "ParamArmL5", "Segments": [0, 0, 0, 0.067, 0, 2, 0.483, 0, 0, 1.183, 2, 0, 1.917, 1, 2, 2.6, 1]}, {"Target": "Parameter", "Id": "ParamArmL7", "Segments": [0, -6, 0, 0.583, -7, 2, 2.6, -7]}, {"Target": "Parameter", "Id": "ParamArmL8", "Segments": [0, 23, 0, 0.583, 10, 0, 1.25, 23, 0, 1.9, 17, 2, 2.6, 17]}, {"Target": "Parameter", "Id": "ParamFingerL", "Segments": [0, 10, 0, 0.583, 0, 0, 1.25, 10, 0, 1.983, 8, 2, 2.6, 8]}, {"Target": "Parameter", "Id": "ParamPositionX", "Segments": [0, 0, 0, 2.6, 0]}, {"Target": "Parameter", "Id": "ParamRotationZ", "Segments": [0, 0, 0, 2.6, 0]}, {"Target": "Parameter", "Id": "ParamEyeballX", "Segments": [0, 0, 0, 2.6, 0]}, {"Target": "Parameter", "Id": "ParamUpperBody", "Segments": [0, 0, 0, 2.6, 0]}, {"Target": "Parameter", "Id": "ParamBreath", "Segments": [0, 0, 0, 2.6, 0]}, {"Target": "Parameter", "Id": "ParamLegLZ", "Segments": [0, 4, 0, 2.6, 4]}, {"Target": "Parameter", "Id": "ParamLegRZ", "Segments": [0, -3, 0, 2.6, -3]}, {"Target": "Parameter", "Id": "ParamArmR4", "Segments": [0, 0, 0, 2.6, 0]}, {"Target": "Parameter", "Id": "ParamArmR5", "Segments": [0, 0, 0, 2.6, 0]}, {"Target": "Parameter", "Id": "ParamArmR6", "Segments": [0, 0, 0, 2.6, 0]}, {"Target": "Parameter", "Id": "ParamArmR7", "Segments": [0, 0, 0, 2.6, 0]}, {"Target": "Parameter", "Id": "ParamArmR9", "Segments": [0, -0.8, 0, 2.6, -0.8]}, {"Target": "Parameter", "Id": "ParamHandRA", "Segments": [0, 1, 0, 2.6, 1]}, {"Target": "Parameter", "Id": "ParamHandRB", "Segments": [0, 0, 0, 2.6, 0]}, {"Target": "Parameter", "Id": "ParamHandRC", "Segments": [0, 0, 0, 2.6, 0]}, {"Target": "Parameter", "Id": "ParamHandRD", "Segments": [0, 0, 0, 2.6, 0]}, {"Target": "Parameter", "Id": "ParamHandRE", "Segments": [0, 0, 0, 2.6, 0]}, {"Target": "Parameter", "Id": "ParamHandRF", "Segments": [0, 0, 0, 2.6, 0]}, {"Target": "Parameter", "Id": "ParamHandRG", "Segments": [0, 0, 0, 2.6, 0]}, {"Target": "Parameter", "Id": "ParamHandRH", "Segments": [0, 0, 0, 2.6, 0]}, {"Target": "Parameter", "Id": "ParamHandRI", "Segments": [0, 0, 0, 2.6, 0]}, {"Target": "Parameter", "Id": "ParamHandRJ", "Segments": [0, 0, 0, 2.6, 0]}, {"Target": "Parameter", "Id": "ParamHandRK", "Segments": [0, 0, 0, 2.6, 0]}, {"Target": "Parameter", "Id": "ParamArmL6", "Segments": [0, 1, 0, 2.6, 1]}, {"Target": "Parameter", "Id": "ParamArmL9", "Segments": [0, 0.8, 0, 2.6, 0.8]}, {"Target": "Parameter", "Id": "ParamHandLA", "Segments": [0, 0, 0, 2.6, 0]}, {"Target": "Parameter", "Id": "ParamHandLB", "Segments": [0, 0, 0, 2.6, 0]}, {"Target": "Parameter", "Id": "ParamHandLC", "Segments": [0, 0, 0, 2.6, 0]}, {"Target": "Parameter", "Id": "ParamHandLD", "Segments": [0, 0, 0, 2.6, 0]}, {"Target": "Parameter", "Id": "ParamHandLE", "Segments": [0, 0, 0, 2.6, 0]}, {"Target": "Parameter", "Id": "ParamHandLF", "Segments": [0, 1, 0, 2.6, 1]}, {"Target": "Parameter", "Id": "ParamHandLG", "Segments": [0, 0, 0, 2.6, 0]}, {"Target": "Parameter", "Id": "ParamHandLH", "Segments": [0, 0, 0, 2.6, 0]}, {"Target": "Parameter", "Id": "ParamHandLI", "Segments": [0, 0, 0, 2.6, 0]}, {"Target": "Parameter", "Id": "ParamHandLJ", "Segments": [0, 0, 0, 2.6, 0]}, {"Target": "Parameter", "Id": "ParamHandLK", "Segments": [0, 0, 0, 2.6, 0]}], "UserData": [{"Time": 0.333, "Value": "eyeblink,0.2,0.24,0.24"}]}