{"Version": 3, "Meta": {"Duration": 2.833, "Fps": 60.0, "Loop": true, "AreBeziersRestricted": true, "CurveCount": 61, "UserDataCount": 1, "TotalSegmentCount": 204, "TotalPointCount": 222, "TotalUserDataSize": 22}, "Curves": [{"Target": "Parameter", "Id": "ParamPositionY", "Segments": [0, 0, 0, 0.417, 1, 0, 0.833, -1, 0, 2.033, 0, 2, 2.833, 0]}, {"Target": "Parameter", "Id": "ParamAngleX", "Segments": [0, -2, 0, 0.083, -2, 0, 0.5, -7, 1, 0.611, -7, 0.722, -4.04, 0.833, 0, 1, 0.861, 1.01, 0.889, 1.0, 0.917, 1, 0, 1.267, -11, 0, 1.633, 8, 0, 2.033, 0, 2, 2.833, 0]}, {"Target": "Parameter", "Id": "ParamAngleY", "Segments": [0, 0, 0, 0.083, 0, 0, 0.5, 16, 0, 0.833, 2, 2, 2.833, 2]}, {"Target": "Parameter", "Id": "ParamAngleZ", "Segments": [0, -2, 0, 0.083, -2, 0, 0.833, -7, 2, 0.917, -7, 0, 2.083, 3, 2, 2.833, 3]}, {"Target": "Parameter", "Id": "ParamEyeROpen", "Segments": [0, 1, 0, 0.717, 1, 0, 0.917, 0, 2, 1.8, 0, 0, 2.033, 1, 2, 2.833, 1]}, {"Target": "Parameter", "Id": "ParamEyeLOpen", "Segments": [0, 1, 0, 0.717, 1, 0, 0.917, 0, 2, 1.8, 0, 0, 2.033, 1, 2, 2.833, 1]}, {"Target": "Parameter", "Id": "ParamBodyAngleX", "Segments": [0, -3, 0, 0.417, -6, 0, 0.833, 3, 1, 1.078, 3, 1.322, -0.606, 1.567, -3, 1, 1.689, -4.197, 1.811, -4.0, 1.933, -4, 2, 2.833, -4]}, {"Target": "Parameter", "Id": "ParamBodyAngleY", "Segments": [0, 0, 0, 0.417, 6, 1, 0.556, 6, 0.694, -1.895, 0.833, -4, 1, 0.922, -5.347, 1.011, -5.0, 1.1, -5, 0, 1.567, 1, 0, 1.933, 0, 2, 2.833, 0]}, {"Target": "Parameter", "Id": "ParamBodyAngleZ", "Segments": [0, -3, 0, 0.417, 0, 2, 1.1, 0, 0, 1.933, -2, 2, 2.833, -2]}, {"Target": "Parameter", "Id": "ParamUpperBodyZ", "Segments": [0, 8, 0, 0.417, 0, 1, 0.645, -2.805, 0.872, -3.0, 1.1, -3, 0, 1.933, 8, 2, 2.833, 8]}, {"Target": "Parameter", "Id": "ParamShoulderR", "Segments": [0, 8, 0, 0.433, 10, 0, 0.85, 3, 0, 1.583, 8, 2, 2.833, 8]}, {"Target": "Parameter", "Id": "ParamArmR1", "Segments": [0, -41, 0, 0.5, -20, 0, 0.917, -41, 2, 1.183, -41, 2, 2.833, -41]}, {"Target": "Parameter", "Id": "ParamArmR2", "Segments": [0, 42, 0, 0.567, 48, 0, 0.983, 42, 2, 1.25, 42, 2, 1.783, 42, 2, 2.333, 42, 2, 2.833, 42]}, {"Target": "Parameter", "Id": "ParamArmR3", "Segments": [0, 28, 0, 0.633, 40, 1, 0.716, 40, 0.8, 36.009, 0.883, 31.5, 1, 0.939, 28.494, 0.994, 28.0, 1.05, 28, 2, 1.317, 28, 2, 1.783, 28, 2, 2.833, 28]}, {"Target": "Parameter", "Id": "ParamArmR4", "Segments": [0, 28, 0, 0.433, 30, 0, 0.85, 26, 0, 1.583, 28, 2, 2.833, 28]}, {"Target": "Parameter", "Id": "ParamArmR5", "Segments": [0, 6, 0, 1.2, 6, 0, 1.583, 7, 2, 2.833, 7]}, {"Target": "Parameter", "Id": "ParamShoulderL", "Segments": [0, 8, 0, 0.05, 8, 0, 0.467, 10, 0, 0.883, 3, 0, 1.617, 8, 2, 2.833, 8]}, {"Target": "Parameter", "Id": "ParamArmL1", "Segments": [0, -43, 0, 0.05, -43, 0, 0.467, -27, 0, 0.883, -43, 2, 1.15, -43, 2, 2.833, -43]}, {"Target": "Parameter", "Id": "ParamArmL2", "Segments": [0, 41, 0, 0.133, 41, 0, 0.55, 48, 0, 0.967, 41, 2, 1.233, 41, 2, 1.783, 41, 2, 2.833, 41]}, {"Target": "Parameter", "Id": "ParamArmL3", "Segments": [0, 33, 0, 0.217, 33, 0, 0.633, 40, 0, 1.05, 30, 2, 1.317, 30, 0, 1.783, 33, 2, 2.833, 33]}, {"Target": "Parameter", "Id": "ParamArmL4", "Segments": [0, 27, 0, 0.05, 30, 2, 0.467, 30, 0, 1.15, 27, 2, 2.833, 27]}, {"Target": "Parameter", "Id": "ParamPositionX", "Segments": [0, 0, 0, 2.833, 0]}, {"Target": "Parameter", "Id": "ParamRotationZ", "Segments": [0, 0, 0, 2.833, 0]}, {"Target": "Parameter", "Id": "ParamEyeballX", "Segments": [0, 0, 0, 2.833, 0]}, {"Target": "Parameter", "Id": "ParamUpperBody", "Segments": [0, 0, 0, 2.833, 0]}, {"Target": "Parameter", "Id": "ParamBreath", "Segments": [0, 0, 0, 2.833, 0]}, {"Target": "Parameter", "Id": "ParamLegLZ", "Segments": [0, -1, 0, 2.833, -1]}, {"Target": "Parameter", "Id": "ParamLegRZ", "Segments": [0, -3, 0, 2.833, -3]}, {"Target": "Parameter", "Id": "ParamArmR6", "Segments": [0, 1.1, 0, 2.833, 1.1]}, {"Target": "Parameter", "Id": "ParamArmR7", "Segments": [0, -4, 0, 2.833, -4]}, {"Target": "Parameter", "Id": "ParamArmR8", "Segments": [0, 17, 0, 2.833, 17]}, {"Target": "Parameter", "Id": "ParamArmR9", "Segments": [0, 0.7, 0, 2.833, 0.7]}, {"Target": "Parameter", "Id": "ParamHandRA", "Segments": [0, 0, 0, 2.833, 0]}, {"Target": "Parameter", "Id": "ParamHandRB", "Segments": [0, 0, 0, 2.833, 0]}, {"Target": "Parameter", "Id": "ParamHandRC", "Segments": [0, 0, 0, 2.833, 0]}, {"Target": "Parameter", "Id": "ParamHandRD", "Segments": [0, 0, 0, 2.833, 0]}, {"Target": "Parameter", "Id": "ParamHandRE", "Segments": [0, 0, 0, 2.833, 0]}, {"Target": "Parameter", "Id": "ParamHandRF", "Segments": [0, 1, 0, 2.833, 1]}, {"Target": "Parameter", "Id": "ParamHandRG", "Segments": [0, 0, 0, 2.833, 0]}, {"Target": "Parameter", "Id": "ParamHandRH", "Segments": [0, 0, 0, 2.833, 0]}, {"Target": "Parameter", "Id": "ParamHandRI", "Segments": [0, 0, 0, 2.833, 0]}, {"Target": "Parameter", "Id": "ParamHandRJ", "Segments": [0, 0, 0, 2.833, 0]}, {"Target": "Parameter", "Id": "ParamHandRK", "Segments": [0, 0, 0, 2.833, 0]}, {"Target": "Parameter", "Id": "ParamFingerR", "Segments": [0, 0, 0, 2.833, 0]}, {"Target": "Parameter", "Id": "ParamArmL5", "Segments": [0, 7, 0, 2.833, 7]}, {"Target": "Parameter", "Id": "ParamArmL6", "Segments": [0, 1, 0, 2.833, 1]}, {"Target": "Parameter", "Id": "ParamArmL7", "Segments": [0, -4, 0, 2.833, -4]}, {"Target": "Parameter", "Id": "ParamArmL8", "Segments": [0, 21, 0, 2.833, 21]}, {"Target": "Parameter", "Id": "ParamArmL9", "Segments": [0, 0.7, 0, 2.833, 0.7]}, {"Target": "Parameter", "Id": "ParamHandLA", "Segments": [0, 0, 0, 2.833, 0]}, {"Target": "Parameter", "Id": "ParamHandLB", "Segments": [0, 0, 0, 2.833, 0]}, {"Target": "Parameter", "Id": "ParamHandLC", "Segments": [0, 0, 0, 2.833, 0]}, {"Target": "Parameter", "Id": "ParamHandLD", "Segments": [0, 0, 0, 2.833, 0]}, {"Target": "Parameter", "Id": "ParamHandLE", "Segments": [0, 0, 0, 2.833, 0]}, {"Target": "Parameter", "Id": "ParamHandLF", "Segments": [0, 1, 0, 2.833, 1]}, {"Target": "Parameter", "Id": "ParamHandLG", "Segments": [0, 0, 0, 2.833, 0]}, {"Target": "Parameter", "Id": "ParamHandLH", "Segments": [0, 0, 0, 2.833, 0]}, {"Target": "Parameter", "Id": "ParamHandLI", "Segments": [0, 0, 0, 2.833, 0]}, {"Target": "Parameter", "Id": "ParamHandLJ", "Segments": [0, 0, 0, 2.833, 0]}, {"Target": "Parameter", "Id": "ParamHandLK", "Segments": [0, 0, 0, 2.833, 0]}, {"Target": "Parameter", "Id": "ParamFingerL", "Segments": [0, 0, 0, 2.833, 0]}], "UserData": [{"Time": 0.183, "Value": "eyeblink,0.2,0.79,0.24"}]}