{"Version": 3, "Meta": {"Duration": 2, "Fps": 60.0, "Loop": true, "AreBeziersRestricted": true, "CurveCount": 61, "UserDataCount": 1, "TotalSegmentCount": 187, "TotalPointCount": 195, "TotalUserDataSize": 19}, "Curves": [{"Target": "Parameter", "Id": "ParamPositionY", "Segments": [0, 0, 0, 0.433, 1, 0, 0.867, 0, 2, 2, 0]}, {"Target": "Parameter", "Id": "ParamRotationZ", "Segments": [0, 0, 0, 0.433, 1, 0, 0.867, 0, 2, 2, 0]}, {"Target": "Parameter", "Id": "ParamAngleX", "Segments": [0, -1, 0, 0.083, -1, 1, 0.228, -1, 0.372, 1.281, 0.517, 3, 1, 0.667, 4.785, 0.817, 5.0, 0.967, 5, 2, 2, 5]}, {"Target": "Parameter", "Id": "ParamAngleY", "Segments": [0, -4, 0, 0.117, -4, 0, 0.55, 2, 0, 1.05, -13, 2, 2, -13]}, {"Target": "Parameter", "Id": "ParamAngleZ", "Segments": [0, -15, 0, 0.15, -15, 0, 0.583, 5, 0, 1.15, -18, 2, 2, -18]}, {"Target": "Parameter", "Id": "ParamEyeROpen", "Segments": [0, 1, 0, 0.217, 1, 0, 0.417, 0, 0, 0.65, 1, 2, 2, 1]}, {"Target": "Parameter", "Id": "ParamEyeLOpen", "Segments": [0, 1, 0, 0.217, 1, 0, 0.417, 0, 0, 0.65, 1, 2, 2, 1]}, {"Target": "Parameter", "Id": "ParamBodyAngleX", "Segments": [0, -2, 0, 1.117, -1, 2, 2, -1]}, {"Target": "Parameter", "Id": "ParamBodyAngleY", "Segments": [0, 0, 0, 1.117, 1, 2, 2, 1]}, {"Target": "Parameter", "Id": "ParamBodyAngleZ", "Segments": [0, -2, 0, 1.2, 3, 2, 2, 3]}, {"Target": "Parameter", "Id": "ParamUpperBodyZ", "Segments": [0, 5, 0, 1.2, -1, 2, 2, -1]}, {"Target": "Parameter", "Id": "ParamLegLZ", "Segments": [0, -2, 0, 1.2, 1, 2, 2, 1]}, {"Target": "Parameter", "Id": "ParamLegRZ", "Segments": [0, 3, 0, 1.2, -1, 2, 2, -1]}, {"Target": "Parameter", "Id": "ParamShoulderR", "Segments": [0, 5, 0, 0.467, 8, 0, 1.05, 6, 2, 2, 6]}, {"Target": "Parameter", "Id": "ParamArmR1", "Segments": [0, -40, 0, 0.467, -43, 2, 1.05, -43, 2, 2, -43]}, {"Target": "Parameter", "Id": "ParamArmR2", "Segments": [0, 42, 0, 0.517, 43, 0, 1.1, 42, 2, 2, 42]}, {"Target": "Parameter", "Id": "ParamArmR3", "Segments": [0, 21, 0, 0.567, 40, 0, 1.133, 18, 0, 1.617, 22, 2, 2, 22]}, {"Target": "Parameter", "Id": "ParamArmR4", "Segments": [0, 12, 0, 0.467, 15, 1, 0.689, 19.665, 0.911, 28.0, 1.133, 28, 2, 2, 28]}, {"Target": "Parameter", "Id": "ParamArmR7", "Segments": [0, -6, 0, 0.867, -4, 2, 2, -4]}, {"Target": "Parameter", "Id": "ParamArmR8", "Segments": [0, 0, 0, 0.55, 18, 0, 1.017, 1, 0, 1.583, 26, 2, 2, 26]}, {"Target": "Parameter", "Id": "ParamHandRD", "Segments": [0, 1, 0, 0.15, 1, 0, 0.167, 0, 2, 2, 0]}, {"Target": "Parameter", "Id": "ParamHandRJ", "Segments": [0, 0, 0, 0.133, 0, 0, 0.15, 1, 2, 2, 1]}, {"Target": "Parameter", "Id": "ParamFingerR", "Segments": [0, 0, 0, 0.483, 6, 0, 1.033, -4, 0, 1.5, 0, 2, 2, 0]}, {"Target": "Parameter", "Id": "ParamShoulderL", "Segments": [0, 5, 0, 0.75, 8, 2, 2, 8]}, {"Target": "Parameter", "Id": "ParamArmL1", "Segments": [0, -40, 0, 0.517, -19, 0, 1.083, -37, 2, 2, -37]}, {"Target": "Parameter", "Id": "ParamArmL2", "Segments": [0, 42, 0, 0.6, -2, 1, 0.8, -2.652, 1.0, -2.5, 1.2, -2.5, 2, 2, -2.5]}, {"Target": "Parameter", "Id": "ParamArmL3", "Segments": [0, 20, 0, 0.7, -40, 0, 1.35, -22, 2, 2, -22]}, {"Target": "Parameter", "Id": "ParamArmL5", "Segments": [0, 7, 0, 0.283, 20, 0, 0.567, 0, 2, 2, 0]}, {"Target": "Parameter", "Id": "ParamArmL6", "Segments": [0, 1, 0, 0.567, 1, 0, 0.583, 0, 2, 2, 0]}, {"Target": "Parameter", "Id": "ParamHandLA", "Segments": [0, 0, 0, 0.233, 0, 0, 0.25, 1, 2, 2, 1]}, {"Target": "Parameter", "Id": "ParamHandLD", "Segments": [0, 1, 0, 0.233, 1, 0, 0.25, 0, 2, 2, 0]}, {"Target": "Parameter", "Id": "ParamFingerL", "Segments": [0, 0, 0, 0.483, 7, 0, 1.033, -4, 0, 1.5, 0, 2, 2, 0]}, {"Target": "Parameter", "Id": "ParamPositionX", "Segments": [0, 0, 0, 2, 0]}, {"Target": "Parameter", "Id": "ParamEyeballX", "Segments": [0, 0, 0, 2, 0]}, {"Target": "Parameter", "Id": "ParamUpperBody", "Segments": [0, 0, 0, 2, 0]}, {"Target": "Parameter", "Id": "ParamBreath", "Segments": [0, 0, 0, 2, 0]}, {"Target": "Parameter", "Id": "ParamArmR5", "Segments": [0, 6, 0, 2, 6]}, {"Target": "Parameter", "Id": "ParamArmR6", "Segments": [0, 1.1, 0, 2, 1.1]}, {"Target": "Parameter", "Id": "ParamArmR9", "Segments": [0, 0, 0, 2, 0]}, {"Target": "Parameter", "Id": "ParamHandRA", "Segments": [0, 0, 0, 2, 0]}, {"Target": "Parameter", "Id": "ParamHandRB", "Segments": [0, 0, 0, 2, 0]}, {"Target": "Parameter", "Id": "ParamHandRC", "Segments": [0, 0, 0, 2, 0]}, {"Target": "Parameter", "Id": "ParamHandRE", "Segments": [0, 0, 0, 2, 0]}, {"Target": "Parameter", "Id": "ParamHandRF", "Segments": [0, 0, 0, 2, 0]}, {"Target": "Parameter", "Id": "ParamHandRG", "Segments": [0, 0, 0, 2, 0]}, {"Target": "Parameter", "Id": "ParamHandRH", "Segments": [0, 0, 0, 2, 0]}, {"Target": "Parameter", "Id": "ParamHandRI", "Segments": [0, 0, 0, 2, 0]}, {"Target": "Parameter", "Id": "ParamHandRK", "Segments": [0, 0, 0, 2, 0]}, {"Target": "Parameter", "Id": "ParamArmL4", "Segments": [0, 20, 0, 2, 20]}, {"Target": "Parameter", "Id": "ParamArmL7", "Segments": [0, -6, 0, 2, -6]}, {"Target": "Parameter", "Id": "ParamArmL8", "Segments": [0, 0, 0, 2, 0]}, {"Target": "Parameter", "Id": "ParamArmL9", "Segments": [0, 0, 0, 2, 0]}, {"Target": "Parameter", "Id": "ParamHandLB", "Segments": [0, 0, 0, 2, 0]}, {"Target": "Parameter", "Id": "ParamHandLC", "Segments": [0, 0, 0, 2, 0]}, {"Target": "Parameter", "Id": "ParamHandLE", "Segments": [0, 0, 0, 2, 0]}, {"Target": "Parameter", "Id": "ParamHandLF", "Segments": [0, 0, 0, 2, 0]}, {"Target": "Parameter", "Id": "ParamHandLG", "Segments": [0, 0, 0, 2, 0]}, {"Target": "Parameter", "Id": "ParamHandLH", "Segments": [0, 0, 0, 2, 0]}, {"Target": "Parameter", "Id": "ParamHandLI", "Segments": [0, 0, 0, 2, 0]}, {"Target": "Parameter", "Id": "ParamHandLJ", "Segments": [0, 0, 0, 2, 0]}, {"Target": "Parameter", "Id": "ParamHandLK", "Segments": [0, 0, 0, 2, 0]}], "UserData": [{"Time": 0.217, "Value": "eyeblink,0.2,0,0.24"}]}