{"Version": 3, "Meta": {"Duration": 2.283, "Fps": 60.0, "Loop": true, "AreBeziersRestricted": true, "CurveCount": 61, "UserDataCount": 1, "TotalSegmentCount": 185, "TotalPointCount": 187, "TotalUserDataSize": 23}, "Curves": [{"Target": "Parameter", "Id": "ParamPositionY", "Segments": [0, 0, 0, 0.367, 1, 0, 0.717, -1, 0, 1.117, 0, 2, 2.283, 0]}, {"Target": "Parameter", "Id": "ParamAngleX", "Segments": [0, 0, 0, 0.3, -1, 2, 0.717, -1, 0, 1.117, -2, 2, 2.283, -2]}, {"Target": "Parameter", "Id": "ParamAngleY", "Segments": [0, 0, 0, 0.3, 19, 0, 0.717, -27, 0, 1.117, 2, 2, 2.283, 2]}, {"Target": "Parameter", "Id": "ParamAngleZ", "Segments": [0, -2, 0, 0.2, 0, 1, 0.328, 1.593, 0.455, 2.0, 0.583, 2, 2, 1.017, 2, 2, 2.283, 2]}, {"Target": "Parameter", "Id": "ParamEyeROpen", "Segments": [0, 1, 0, 0.5, 1, 0, 0.7, 0, 2, 0.967, 0, 0, 1.167, 1, 2, 2.283, 1]}, {"Target": "Parameter", "Id": "ParamEyeLOpen", "Segments": [0, 1, 0, 0.5, 1, 0, 0.7, 0, 2, 0.967, 0, 0, 1.167, 1, 2, 2.283, 1]}, {"Target": "Parameter", "Id": "ParamEyeballX", "Segments": [0, 0, 0, 0.383, 0.1, 0, 1.2, 0, 2, 2.283, 0]}, {"Target": "Parameter", "Id": "ParamBodyAngleX", "Segments": [0, -4, 0, 0.4, 0, 0, 0.933, -5, 2, 2.283, -5]}, {"Target": "Parameter", "Id": "ParamBodyAngleY", "Segments": [0, 0, 0, 0.35, 1, 0, 0.767, -4, 0, 1.117, 0, 2, 2.283, 0]}, {"Target": "Parameter", "Id": "ParamBodyAngleZ", "Segments": [0, 3, 0, 0.55, 1, 0, 1.25, 3, 2, 2.283, 3]}, {"Target": "Parameter", "Id": "ParamUpperBodyZ", "Segments": [0, -4, 0, 0.55, 0, 0, 1.25, -3, 2, 2.283, -3]}, {"Target": "Parameter", "Id": "ParamShoulderR", "Segments": [0, 8, 0, 0.3, 10, 0, 0.783, 5, 0, 1.15, 8, 2, 2.283, 8]}, {"Target": "Parameter", "Id": "ParamArmR1", "Segments": [0, 1, 0, 0.3, 20, 0, 0.783, 4, 2, 2.283, 4]}, {"Target": "Parameter", "Id": "ParamArmR2", "Segments": [0, 17, 0, 0.35, 23, 0, 0.833, 19, 2, 2.283, 19]}, {"Target": "Parameter", "Id": "ParamArmR3", "Segments": [0, 33, 0, 0.4, 40, 0, 0.883, 27, 2, 2.283, 27]}, {"Target": "Parameter", "Id": "ParamArmR4", "Segments": [0, 0, 0, 0.633, -5, 2, 2.283, -5]}, {"Target": "Parameter", "Id": "ParamArmR5", "Segments": [0, 9, 0, 0.667, 10.1, 2, 2.283, 10.1]}, {"Target": "Parameter", "Id": "ParamArmR8", "Segments": [0, 31, 0, 0.45, 40, 0, 0.95, 25, 2, 2.283, 25]}, {"Target": "Parameter", "Id": "ParamFingerR", "Segments": [0, 0, 0, 0.4, 8, 0, 1.017, -2, 0, 1.567, 0, 2, 2.283, 0]}, {"Target": "Parameter", "Id": "ParamShoulderL", "Segments": [0, 1, 0, 0.35, 6, 0, 0.733, 1, 0, 1.15, 5, 2, 2.283, 5]}, {"Target": "Parameter", "Id": "ParamArmL1", "Segments": [0, -43, 0, 0.433, -27, 0, 0.817, -48, 0, 1.217, -44, 2, 2.283, -44]}, {"Target": "Parameter", "Id": "ParamArmL2", "Segments": [0, -2, 0, 0.5, -5, 0, 0.883, -1, 0, 1.267, -3, 2, 2.283, -3]}, {"Target": "Parameter", "Id": "ParamArmL3", "Segments": [0, -20, 0, 0.533, -33, 0, 0.917, -7, 2, 2.283, -7]}, {"Target": "Parameter", "Id": "ParamArmL8", "Segments": [0, -21, 0, 0.533, -34, 0, 0.983, -11, 2, 2.283, -11]}, {"Target": "Parameter", "Id": "ParamFingerL", "Segments": [0, 0, 0, 0.567, 6, 0, 1.05, -4, 0, 1.683, 0, 2, 2.283, 0]}, {"Target": "Parameter", "Id": "ParamPositionX", "Segments": [0, -1, 0, 2.283, -1]}, {"Target": "Parameter", "Id": "ParamRotationZ", "Segments": [0, 0, 0, 2.283, 0]}, {"Target": "Parameter", "Id": "ParamUpperBody", "Segments": [0, 0, 0, 2.283, 0]}, {"Target": "Parameter", "Id": "ParamBreath", "Segments": [0, 0, 0, 2.283, 0]}, {"Target": "Parameter", "Id": "ParamLegLZ", "Segments": [0, 5, 0, 2.283, 5]}, {"Target": "Parameter", "Id": "ParamLegRZ", "Segments": [0, -1, 0, 2.283, -1]}, {"Target": "Parameter", "Id": "ParamArmR6", "Segments": [0, 1, 0, 2.283, 1]}, {"Target": "Parameter", "Id": "ParamArmR7", "Segments": [0, 0, 0, 2.283, 0]}, {"Target": "Parameter", "Id": "ParamArmR9", "Segments": [0, 0.6, 0, 2.283, 0.6]}, {"Target": "Parameter", "Id": "ParamHandRA", "Segments": [0, 0, 0, 2.283, 0]}, {"Target": "Parameter", "Id": "ParamHandRB", "Segments": [0, 0, 0, 2.283, 0]}, {"Target": "Parameter", "Id": "ParamHandRC", "Segments": [0, 0, 0, 2.283, 0]}, {"Target": "Parameter", "Id": "ParamHandRD", "Segments": [0, 0, 0, 2.283, 0]}, {"Target": "Parameter", "Id": "ParamHandRE", "Segments": [0, 0, 0, 2.283, 0]}, {"Target": "Parameter", "Id": "ParamHandRF", "Segments": [0, 0, 0, 2.283, 0]}, {"Target": "Parameter", "Id": "ParamHandRG", "Segments": [0, 0, 0, 2.283, 0]}, {"Target": "Parameter", "Id": "ParamHandRH", "Segments": [0, 0, 0, 2.283, 0]}, {"Target": "Parameter", "Id": "ParamHandRI", "Segments": [0, 0, 0, 2.283, 0]}, {"Target": "Parameter", "Id": "ParamHandRJ", "Segments": [0, 1, 0, 2.283, 1]}, {"Target": "Parameter", "Id": "ParamHandRK", "Segments": [0, 0, 0, 2.283, 0]}, {"Target": "Parameter", "Id": "ParamArmL4", "Segments": [0, 0, 0, 2.283, 0]}, {"Target": "Parameter", "Id": "ParamArmL5", "Segments": [0, 0, 0, 2.283, 0]}, {"Target": "Parameter", "Id": "ParamArmL6", "Segments": [0, 0, 0, 2.283, 0]}, {"Target": "Parameter", "Id": "ParamArmL7", "Segments": [0, 8, 0, 2.283, 8]}, {"Target": "Parameter", "Id": "ParamArmL9", "Segments": [0, -0.8, 0, 2.283, -0.8]}, {"Target": "Parameter", "Id": "ParamHandLA", "Segments": [0, 1, 0, 2.283, 1]}, {"Target": "Parameter", "Id": "ParamHandLB", "Segments": [0, 0, 0, 2.283, 0]}, {"Target": "Parameter", "Id": "ParamHandLC", "Segments": [0, 0, 0, 2.283, 0]}, {"Target": "Parameter", "Id": "ParamHandLD", "Segments": [0, 0, 0, 2.283, 0]}, {"Target": "Parameter", "Id": "ParamHandLE", "Segments": [0, 0, 0, 2.283, 0]}, {"Target": "Parameter", "Id": "ParamHandLF", "Segments": [0, 0, 0, 2.283, 0]}, {"Target": "Parameter", "Id": "ParamHandLG", "Segments": [0, 0, 0, 2.283, 0]}, {"Target": "Parameter", "Id": "ParamHandLH", "Segments": [0, 0, 0, 2.283, 0]}, {"Target": "Parameter", "Id": "ParamHandLI", "Segments": [0, 0, 0, 2.283, 0]}, {"Target": "Parameter", "Id": "ParamHandLJ", "Segments": [0, 0, 0, 2.283, 0]}, {"Target": "Parameter", "Id": "ParamHandLK", "Segments": [0, 0, 0, 2.283, 0]}], "UserData": [{"Time": 0.5, "Value": "eyeblink,0.20,0.27,0.20"}]}