{"Version": 3, "Meta": {"Duration": 2.95, "Fps": 60.0, "Loop": true, "AreBeziersRestricted": true, "CurveCount": 61, "UserDataCount": 1, "TotalSegmentCount": 194, "TotalPointCount": 206, "TotalUserDataSize": 21}, "Curves": [{"Target": "Parameter", "Id": "ParamAngleX", "Segments": [0, -3, 0, 0.267, 4, 0, 0.85, -2, 0, 1.45, 0, 2, 2.95, 0]}, {"Target": "Parameter", "Id": "ParamAngleY", "Segments": [0, 0, 0, 0.267, 7, 0, 0.883, -5, 2, 2.95, -5]}, {"Target": "Parameter", "Id": "ParamAngleZ", "Segments": [0, 0, 0, 0.4, 2, 0, 1.017, -15, 0, 1.583, -12, 2, 2.95, -12]}, {"Target": "Parameter", "Id": "ParamEyeROpen", "Segments": [0, 1, 0, 0.167, 1, 0, 0.367, 0, 2, 0.5, 0, 0, 0.7, 1, 2, 2.95, 1]}, {"Target": "Parameter", "Id": "ParamEyeLOpen", "Segments": [0, 1, 0, 0.167, 1, 0, 0.367, 0, 2, 0.5, 0, 0, 0.7, 1, 2, 2.95, 1]}, {"Target": "Parameter", "Id": "ParamBodyAngleX", "Segments": [0, -2, 0, 0.5, 3, 0, 1.167, -3, 2, 2.95, -3]}, {"Target": "Parameter", "Id": "ParamBodyAngleY", "Segments": [0, 0, 0, 0.633, 3, 0, 1.333, -1, 2, 2.95, -1]}, {"Target": "Parameter", "Id": "ParamBodyAngleZ", "Segments": [0, 2, 0, 1, 1, 2, 2.95, 1]}, {"Target": "Parameter", "Id": "ParamUpperBodyZ", "Segments": [0, 0, 0, 1, 2, 2, 2.95, 2]}, {"Target": "Parameter", "Id": "ParamLegRZ", "Segments": [0, -3, 0, 0.8, -1, 2, 2.95, -1]}, {"Target": "Parameter", "Id": "ParamShoulderR", "Segments": [0, 1, 0, 1.033, 5, 2, 2.95, 5]}, {"Target": "Parameter", "Id": "ParamArmR1", "Segments": [0, -42, 0, 0.233, -19, 1, 0.328, -19, 0.422, -37.002, 0.517, -39, 1, 0.728, -43.467, 0.939, -44.0, 1.15, -44, 2, 2.95, -44]}, {"Target": "Parameter", "Id": "ParamArmR2", "Segments": [0, -2, 0, 0.233, 6, 1, 0.366, 20.345, 0.5, 41.0, 0.633, 41, 0, 1.2, 38, 2, 2.95, 38]}, {"Target": "Parameter", "Id": "ParamArmR3", "Segments": [0, -13, 0, 0.233, -1, 1, 0.394, 14.229, 0.556, 21.0, 0.717, 21, 0, 1.267, 7, 2, 2.95, 7]}, {"Target": "Parameter", "Id": "ParamArmR4", "Segments": [0, 0, 0, 0.583, 7, 0, 1.267, 0, 2, 2.95, 0]}, {"Target": "Parameter", "Id": "ParamArmR5", "Segments": [0, 3, 0, 0.233, 9, 1, 0.289, 11.774, 0.344, 13.0, 0.4, 13, 0, 0.583, 8, 2, 2.95, 8]}, {"Target": "Parameter", "Id": "ParamArmR6", "Segments": [0, 0, 0, 0.183, 0, 0, 0.55, 1.1, 2, 2.95, 1.1]}, {"Target": "Parameter", "Id": "ParamArmR7", "Segments": [0, 8, 0, 0.65, -10, 2, 2.95, -10]}, {"Target": "Parameter", "Id": "ParamArmR8", "Segments": [0, -13, 0, 0.5, -1, 2, 2.95, -1]}, {"Target": "Parameter", "Id": "ParamArmR9", "Segments": [0, -0.8, 0, 0.533, 0, 2, 2.95, 0]}, {"Target": "Parameter", "Id": "ParamHandRA", "Segments": [0, 1, 0, 0.517, 1, 0, 0.533, 0, 2, 2.95, 0]}, {"Target": "Parameter", "Id": "ParamHandRG", "Segments": [0, 0, 0, 0.517, 0, 0, 0.533, 1, 2, 2.95, 1]}, {"Target": "Parameter", "Id": "ParamFingerR", "Segments": [0, 0, 0, 0.717, 10, 0, 1.283, 0, 2, 2.95, 0]}, {"Target": "Parameter", "Id": "ParamShoulderL", "Segments": [0, 0, 0, 0.433, 4, 0, 1.017, 0, 2, 2.95, 0]}, {"Target": "Parameter", "Id": "ParamArmL1", "Segments": [0, -48, 0, 0.433, -27, 0, 1.1, -44, 2, 2.95, -44]}, {"Target": "Parameter", "Id": "ParamArmL2", "Segments": [0, -3, 0, 0.533, -4, 0, 1.2, 4, 2, 2.95, 4]}, {"Target": "Parameter", "Id": "ParamArmL3", "Segments": [0, -11, 0, 0.633, -20, 0, 1.3, 11, 2, 2.95, 11]}, {"Target": "Parameter", "Id": "ParamArmL6", "Segments": [0, 0, 0, 0.317, 0, 0, 0.667, 1, 2, 2.95, 1]}, {"Target": "Parameter", "Id": "ParamArmL7", "Segments": [0, 0, 0, 0.75, -5, 1, 0.872, -6.519, 0.995, -7.0, 1.117, -7, 2, 2.95, -7]}, {"Target": "Parameter", "Id": "ParamArmL8", "Segments": [0, -13, 0, 0.567, -23, 0, 1.217, 7, 2, 2.95, 7]}, {"Target": "Parameter", "Id": "ParamArmL9", "Segments": [0, -0.8, 0, 0.567, -0.8, 0, 0.767, -0.2, 2, 2.95, -0.2]}, {"Target": "Parameter", "Id": "ParamHandLA", "Segments": [0, 1, 0, 0.75, 1, 0, 0.767, 0, 2, 2.95, 0]}, {"Target": "Parameter", "Id": "ParamHandLG", "Segments": [0, 0, 0, 0.75, 0, 0, 0.767, 1, 2, 2.95, 1]}, {"Target": "Parameter", "Id": "ParamFingerL", "Segments": [0, 0, 0, 0.583, 6, 0, 1.267, -5, 0, 2.167, 0, 2, 2.95, 0]}, {"Target": "Parameter", "Id": "ParamPositionX", "Segments": [0, 0, 0, 2.95, 0]}, {"Target": "Parameter", "Id": "ParamPositionY", "Segments": [0, 0, 0, 2.95, 0]}, {"Target": "Parameter", "Id": "ParamRotationZ", "Segments": [0, 0, 0, 2.95, 0]}, {"Target": "Parameter", "Id": "ParamEyeballX", "Segments": [0, 0, 0, 2.95, 0]}, {"Target": "Parameter", "Id": "ParamUpperBody", "Segments": [0, 0, 0, 2.95, 0]}, {"Target": "Parameter", "Id": "ParamBreath", "Segments": [0, 0, 0, 2.95, 0]}, {"Target": "Parameter", "Id": "ParamLegLZ", "Segments": [0, 2, 0, 2.95, 2]}, {"Target": "Parameter", "Id": "ParamHandRB", "Segments": [0, 0, 0, 2.95, 0]}, {"Target": "Parameter", "Id": "ParamHandRC", "Segments": [0, 0, 0, 2.95, 0]}, {"Target": "Parameter", "Id": "ParamHandRD", "Segments": [0, 0, 0, 2.95, 0]}, {"Target": "Parameter", "Id": "ParamHandRE", "Segments": [0, 0, 0, 2.95, 0]}, {"Target": "Parameter", "Id": "ParamHandRF", "Segments": [0, 0, 0, 2.95, 0]}, {"Target": "Parameter", "Id": "ParamHandRH", "Segments": [0, 0, 0, 2.95, 0]}, {"Target": "Parameter", "Id": "ParamHandRI", "Segments": [0, 0, 0, 2.95, 0]}, {"Target": "Parameter", "Id": "ParamHandRJ", "Segments": [0, 0, 0, 2.95, 0]}, {"Target": "Parameter", "Id": "ParamHandRK", "Segments": [0, 0, 0, 2.95, 0]}, {"Target": "Parameter", "Id": "ParamArmL4", "Segments": [0, 0, 0, 2.95, 0]}, {"Target": "Parameter", "Id": "ParamArmL5", "Segments": [0, 3, 0, 2.95, 3]}, {"Target": "Parameter", "Id": "ParamHandLB", "Segments": [0, 0, 0, 2.95, 0]}, {"Target": "Parameter", "Id": "ParamHandLC", "Segments": [0, 0, 0, 2.95, 0]}, {"Target": "Parameter", "Id": "ParamHandLD", "Segments": [0, 0, 0, 2.95, 0]}, {"Target": "Parameter", "Id": "ParamHandLE", "Segments": [0, 0, 0, 2.95, 0]}, {"Target": "Parameter", "Id": "ParamHandLF", "Segments": [0, 0, 0, 2.95, 0]}, {"Target": "Parameter", "Id": "ParamHandLH", "Segments": [0, 0, 0, 2.95, 0]}, {"Target": "Parameter", "Id": "ParamHandLI", "Segments": [0, 0, 0, 2.95, 0]}, {"Target": "Parameter", "Id": "ParamHandLJ", "Segments": [0, 0, 0, 2.95, 0]}, {"Target": "Parameter", "Id": "ParamHandLK", "Segments": [0, 0, 0, 2.95, 0]}], "UserData": [{"Time": 0.167, "Value": "eyeblink,0.2,0.14,0.2"}]}