{"Version": 3, "Meta": {"Duration": 2.333, "Fps": 60.0, "Loop": true, "AreBeziersRestricted": true, "CurveCount": 61, "UserDataCount": 1, "TotalSegmentCount": 182, "TotalPointCount": 184, "TotalUserDataSize": 23}, "Curves": [{"Target": "Parameter", "Id": "ParamAngleX", "Segments": [0, 0, 0, 0.117, 0, 0, 0.433, 4, 0, 1.017, 0, 2, 2.333, 0]}, {"Target": "Parameter", "Id": "ParamAngleY", "Segments": [0, 0, 0, 0.117, 0, 0, 0.433, 8, 0, 1.017, -1, 2, 2.333, -1]}, {"Target": "Parameter", "Id": "ParamAngleZ", "Segments": [0, -12, 0, 0.133, -12, 0, 0.533, 3, 0, 1.183, -17, 2, 2.333, -17]}, {"Target": "Parameter", "Id": "ParamEyeROpen", "Segments": [0, 1, 0, 0.533, 1, 0, 0.883, 0, 2, 0.95, 0, 0, 1.267, 1, 2, 2.333, 1]}, {"Target": "Parameter", "Id": "ParamEyeLOpen", "Segments": [0, 1, 0, 0.533, 1, 0, 0.883, 0, 2, 0.95, 0, 0, 1.267, 1, 2, 2.333, 1]}, {"Target": "Parameter", "Id": "ParamEyeballX", "Segments": [0, 0, 0, 0.083, 0, 0, 0.4, -0.1, 0, 1.067, 0.1, 2, 2.333, 0.1]}, {"Target": "Parameter", "Id": "ParamBodyAngleX", "Segments": [0, 2, 0, 0.317, 7, 0, 1.083, -1, 2, 2.333, -1]}, {"Target": "Parameter", "Id": "ParamBodyAngleY", "Segments": [0, 0, 0, 0.417, 1, 0, 1.183, -1, 2, 2.333, -1]}, {"Target": "Parameter", "Id": "ParamBodyAngleZ", "Segments": [0, -3, 0, 0.95, 1, 2, 2.333, 1]}, {"Target": "Parameter", "Id": "ParamUpperBodyZ", "Segments": [0, 8, 0, 0.383, 8, 0, 1.183, 3, 2, 2.333, 3]}, {"Target": "Parameter", "Id": "ParamLegRZ", "Segments": [0, 2, 0, 1.183, -1, 2, 2.333, -1]}, {"Target": "Parameter", "Id": "ParamShoulderR", "Segments": [0, 1, 0, 0.317, 7, 0, 0.85, -1, 2, 2.333, -1]}, {"Target": "Parameter", "Id": "ParamArmR1", "Segments": [0, -39, 0, 0.783, -44, 2, 2.333, -44]}, {"Target": "Parameter", "Id": "ParamArmR2", "Segments": [0, 41, 0, 0.35, 42, 0, 0.867, 6, 2, 2.333, 6]}, {"Target": "Parameter", "Id": "ParamArmR3", "Segments": [0, 21, 0, 0.433, 29, 0, 0.933, 18, 2, 2.333, 18]}, {"Target": "Parameter", "Id": "ParamArmR4", "Segments": [0, 16, 0, 0.783, 8, 2, 2.333, 8]}, {"Target": "Parameter", "Id": "ParamArmR5", "Segments": [0, 8, 0, 0.6, 12, 0, 0.933, 5, 2, 2.333, 5]}, {"Target": "Parameter", "Id": "ParamArmR7", "Segments": [0, 0, 0, 0.683, 8, 2, 2.333, 8]}, {"Target": "Parameter", "Id": "ParamArmR8", "Segments": [0, 20, 0, 0.533, 26, 0, 1, 17, 2, 2.333, 17]}, {"Target": "Parameter", "Id": "ParamArmR9", "Segments": [0, 0.7, 0, 0.433, 0.7, 0, 0.833, -0.2, 2, 2.333, -0.2]}, {"Target": "Parameter", "Id": "ParamFingerR", "Segments": [0, 0, 0, 0.583, 8, 2, 2.333, 8]}, {"Target": "Parameter", "Id": "ParamShoulderL", "Segments": [0, 0, 0, 0.367, 6, 0, 1.183, 0, 2, 2.333, 0]}, {"Target": "Parameter", "Id": "ParamArmL1", "Segments": [0, -37, 0, 0.367, -28, 0, 0.833, -43, 2, 2.333, -43]}, {"Target": "Parameter", "Id": "ParamArmL2", "Segments": [0, -1, 0, 0.433, -1, 0, 0.883, 7, 2, 2.333, 7]}, {"Target": "Parameter", "Id": "ParamArmL3", "Segments": [0, 9, 0, 0.467, 4, 0, 0.95, 23, 2, 2.333, 23]}, {"Target": "Parameter", "Id": "ParamArmL4", "Segments": [0, 0, 0, 1.183, 10, 2, 2.333, 10]}, {"Target": "Parameter", "Id": "ParamArmL6", "Segments": [0, 0, 0, 0.317, 0, 0, 0.483, 1, 2, 1.183, 1, 2, 2.333, 1]}, {"Target": "Parameter", "Id": "ParamArmL8", "Segments": [0, -18, 0, 0.35, -8, 1, 0.55, 1.998, 0.75, 6.0, 0.95, 6, 2, 2.333, 6]}, {"Target": "Parameter", "Id": "ParamFingerL", "Segments": [0, 0, 0, 0.567, 6, 0, 1.233, -3, 2, 2.333, -3]}, {"Target": "Parameter", "Id": "ParamPositionX", "Segments": [0, 0, 0, 2.333, 0]}, {"Target": "Parameter", "Id": "ParamPositionY", "Segments": [0, 0, 0, 2.333, 0]}, {"Target": "Parameter", "Id": "ParamRotationZ", "Segments": [0, 0, 0, 2.333, 0]}, {"Target": "Parameter", "Id": "ParamUpperBody", "Segments": [0, 0, 0, 2.333, 0]}, {"Target": "Parameter", "Id": "ParamBreath", "Segments": [0, 0, 0, 2.333, 0]}, {"Target": "Parameter", "Id": "ParamLegLZ", "Segments": [0, 0, 0, 2.333, 0]}, {"Target": "Parameter", "Id": "ParamArmR6", "Segments": [0, 1, 0, 2.333, 1]}, {"Target": "Parameter", "Id": "ParamHandRA", "Segments": [0, 0, 0, 2.333, 0]}, {"Target": "Parameter", "Id": "ParamHandRB", "Segments": [0, 0, 0, 2.333, 0]}, {"Target": "Parameter", "Id": "ParamHandRC", "Segments": [0, 0, 0, 2.333, 0]}, {"Target": "Parameter", "Id": "ParamHandRD", "Segments": [0, 1, 0, 2.333, 1]}, {"Target": "Parameter", "Id": "ParamHandRE", "Segments": [0, 0, 0, 2.333, 0]}, {"Target": "Parameter", "Id": "ParamHandRF", "Segments": [0, 0, 0, 2.333, 0]}, {"Target": "Parameter", "Id": "ParamHandRG", "Segments": [0, 0, 0, 2.333, 0]}, {"Target": "Parameter", "Id": "ParamHandRH", "Segments": [0, 0, 0, 2.333, 0]}, {"Target": "Parameter", "Id": "ParamHandRI", "Segments": [0, 0, 0, 2.333, 0]}, {"Target": "Parameter", "Id": "ParamHandRJ", "Segments": [0, 0, 0, 2.333, 0]}, {"Target": "Parameter", "Id": "ParamHandRK", "Segments": [0, 0, 0, 2.333, 0]}, {"Target": "Parameter", "Id": "ParamArmL5", "Segments": [0, 0, 0, 2.333, 0]}, {"Target": "Parameter", "Id": "ParamArmL7", "Segments": [0, 5, 0, 2.333, 5]}, {"Target": "Parameter", "Id": "ParamArmL9", "Segments": [0, -0.2, 0, 2.333, -0.2]}, {"Target": "Parameter", "Id": "ParamHandLA", "Segments": [0, 0, 0, 2.333, 0]}, {"Target": "Parameter", "Id": "ParamHandLB", "Segments": [0, 0, 0, 2.333, 0]}, {"Target": "Parameter", "Id": "ParamHandLC", "Segments": [0, 0, 0, 2.333, 0]}, {"Target": "Parameter", "Id": "ParamHandLD", "Segments": [0, 0, 0, 2.333, 0]}, {"Target": "Parameter", "Id": "ParamHandLE", "Segments": [0, 0, 0, 2.333, 0]}, {"Target": "Parameter", "Id": "ParamHandLF", "Segments": [0, 0, 0, 2.333, 0]}, {"Target": "Parameter", "Id": "ParamHandLG", "Segments": [0, 1, 0, 2.333, 1]}, {"Target": "Parameter", "Id": "ParamHandLH", "Segments": [0, 0, 0, 2.333, 0]}, {"Target": "Parameter", "Id": "ParamHandLI", "Segments": [0, 0, 0, 2.333, 0]}, {"Target": "Parameter", "Id": "ParamHandLJ", "Segments": [0, 0, 0, 2.333, 0]}, {"Target": "Parameter", "Id": "ParamHandLK", "Segments": [0, 0, 0, 2.333, 0]}], "UserData": [{"Time": 0.533, "Value": "eyeblink,0.35,0.07,0.33"}]}