{"Version": 3, "Meta": {"Duration": 2.433, "Fps": 60.0, "Loop": true, "AreBeziersRestricted": true, "CurveCount": 61, "UserDataCount": 1, "TotalSegmentCount": 202, "TotalPointCount": 230, "TotalUserDataSize": 22}, "Curves": [{"Target": "Parameter", "Id": "ParamPositionY", "Segments": [0, 0, 0, 0.45, 1, 0, 0.933, -1, 0, 1.483, 0, 2, 2.433, 0]}, {"Target": "Parameter", "Id": "ParamAngleX", "Segments": [0, -1, 0, 0.083, -1, 1, 0.233, -1, 0.383, 0.164, 0.533, 1, 1, 0.694, 1.898, 0.856, 2.0, 1.017, 2, 2, 1.617, 2, 2, 2.433, 2]}, {"Target": "Parameter", "Id": "ParamAngleY", "Segments": [0, -15, 0, 0.117, -15, 0, 0.567, 20, 0, 1.05, -24, 0, 1.65, -10, 2, 2.433, -10]}, {"Target": "Parameter", "Id": "ParamAngleZ", "Segments": [0, -21, 0, 0.15, -21, 1, 0.3, -21, 0.45, -19.235, 0.6, -9, 1, 0.761, 1.994, 0.922, 14.0, 1.083, 14, 0, 1.683, 12, 2, 2.433, 12]}, {"Target": "Parameter", "Id": "ParamEyeROpen", "Segments": [0, 1, 0, 0.167, 1, 0, 0.367, 0, 0, 0.6, 1, 2, 2.433, 1]}, {"Target": "Parameter", "Id": "ParamEyeLOpen", "Segments": [0, 1, 0, 0.167, 1, 0, 0.367, 0, 0, 0.6, 1, 2, 2.433, 1]}, {"Target": "Parameter", "Id": "ParamBodyAngleX", "Segments": [0, -5, 0, 0.45, 0, 1, 0.611, 3.785, 0.772, 6.0, 0.933, 6, 0, 1.483, 3, 2, 2.433, 3]}, {"Target": "Parameter", "Id": "ParamBodyAngleY", "Segments": [0, 0, 0, 0.45, 2, 0, 0.933, -1, 0, 1.483, 0, 2, 2.433, 0]}, {"Target": "Parameter", "Id": "ParamBodyAngleZ", "Segments": [0, -4, 0, 0.45, -1, 1, 0.611, 0.631, 0.772, 1.0, 0.933, 1, 2, 1.483, 1, 2, 2.433, 1]}, {"Target": "Parameter", "Id": "ParamUpperBodyZ", "Segments": [0, 7, 0, 0.45, 4, 1, 0.611, 1.031, 0.772, -3.0, 0.933, -3, 0, 1.583, -2, 2, 2.433, -2]}, {"Target": "Parameter", "Id": "ParamShoulderR", "Segments": [0, 7, 0, 0.45, 8, 0, 0.933, 6, 0, 1.483, 7, 2, 2.433, 7]}, {"Target": "Parameter", "Id": "ParamArmR1", "Segments": [0, -41, 0, 0.45, -34, 0, 0.933, -41, 2, 1.483, -41, 2, 2.433, -41]}, {"Target": "Parameter", "Id": "ParamArmR2", "Segments": [0, 41, 0, 0.05, 41, 0, 0.5, 44, 0, 0.983, 40, 2, 1.533, 40, 2, 2.433, 40]}, {"Target": "Parameter", "Id": "ParamArmR3", "Segments": [0, 40, 0, 0.1, 40, 1, 0.25, 40, 0.4, 39.475, 0.55, 24, 1, 0.711, 7.379, 0.872, -25.0, 1.033, -25, 0, 1.583, -20, 2, 2.433, -20]}, {"Target": "Parameter", "Id": "ParamArmR4", "Segments": [0, 7, 0, 0.45, 28, 0, 0.933, 15, 0, 1.483, 17, 2, 2.433, 17]}, {"Target": "Parameter", "Id": "ParamArmR5", "Segments": [0, 4, 0, 0.983, 2, 2, 1.533, 2, 2, 2.433, 2]}, {"Target": "Parameter", "Id": "ParamArmR6", "Segments": [0, 1.1, 0, 0.45, 1, 2, 2.433, 1]}, {"Target": "Parameter", "Id": "ParamArmR8", "Segments": [0, 29, 0, 0.5, 20, 1, 0.689, 8.987, 0.878, -29.0, 1.067, -29, 2, 2.433, -29]}, {"Target": "Parameter", "Id": "ParamFingerR", "Segments": [0, 7, 0, 0.767, 3, 0, 1.75, 9, 2, 2.433, 9]}, {"Target": "Parameter", "Id": "ParamShoulderL", "Segments": [0, 8, 0, 0.45, 10, 0, 0.933, 4, 0, 1.483, 5, 2, 2.433, 5]}, {"Target": "Parameter", "Id": "ParamArmL1", "Segments": [0, -40, 0, 0.45, -35, 0, 0.933, -43, 0, 1.483, -42, 2, 2.433, -42]}, {"Target": "Parameter", "Id": "ParamArmL2", "Segments": [0, 39, 0, 0.05, 39, 0, 0.5, 43, 0, 0.983, 40, 2, 1.533, 40, 2, 2.433, 40]}, {"Target": "Parameter", "Id": "ParamArmL3", "Segments": [0, -18, 0, 0.1, -18, 1, 0.25, -18, 0.4, 15.492, 0.55, 26, 1, 0.639, 32.227, 0.728, 32.69, 0.817, 36, 1, 0.889, 38.689, 0.961, 40.0, 1.033, 40, 0, 1.65, 34, 2, 2.433, 34]}, {"Target": "Parameter", "Id": "ParamArmL4", "Segments": [0, 15, 0, 0.45, 19, 0, 0.933, 10, 0, 1.483, 12, 2, 2.433, 12]}, {"Target": "Parameter", "Id": "ParamArmL5", "Segments": [0, 0, 0, 0.45, 3, 2, 2.433, 3]}, {"Target": "Parameter", "Id": "ParamArmL8", "Segments": [0, -29, 0, 0.483, 8, 1, 0.644, 25.063, 0.806, 28.0, 0.967, 28, 2, 2.433, 28]}, {"Target": "Parameter", "Id": "ParamFingerL", "Segments": [0, 9, 0, 0.583, 3, 0, 1.6, 10, 2, 2.433, 10]}, {"Target": "Parameter", "Id": "ParamPositionX", "Segments": [0, 0, 0, 2.433, 0]}, {"Target": "Parameter", "Id": "ParamRotationZ", "Segments": [0, 0, 0, 2.433, 0]}, {"Target": "Parameter", "Id": "ParamEyeballX", "Segments": [0, 0, 0, 2.433, 0]}, {"Target": "Parameter", "Id": "ParamUpperBody", "Segments": [0, 0, 0, 2.433, 0]}, {"Target": "Parameter", "Id": "ParamBreath", "Segments": [0, 0, 0, 2.433, 0]}, {"Target": "Parameter", "Id": "ParamLegLZ", "Segments": [0, -1, 0, 2.433, -1]}, {"Target": "Parameter", "Id": "ParamLegRZ", "Segments": [0, 2, 0, 2.433, 2]}, {"Target": "Parameter", "Id": "ParamArmR7", "Segments": [0, -5, 0, 2.433, -5]}, {"Target": "Parameter", "Id": "ParamArmR9", "Segments": [0, 0.8, 0, 2.433, 0.8]}, {"Target": "Parameter", "Id": "ParamHandRA", "Segments": [0, 0, 0, 2.433, 0]}, {"Target": "Parameter", "Id": "ParamHandRB", "Segments": [0, 0, 0, 2.433, 0]}, {"Target": "Parameter", "Id": "ParamHandRC", "Segments": [0, 0, 0, 2.433, 0]}, {"Target": "Parameter", "Id": "ParamHandRD", "Segments": [0, 0, 0, 2.433, 0]}, {"Target": "Parameter", "Id": "ParamHandRE", "Segments": [0, 0, 0, 2.433, 0]}, {"Target": "Parameter", "Id": "ParamHandRF", "Segments": [0, 1, 0, 2.433, 1]}, {"Target": "Parameter", "Id": "ParamHandRG", "Segments": [0, 0, 0, 2.433, 0]}, {"Target": "Parameter", "Id": "ParamHandRH", "Segments": [0, 0, 0, 2.433, 0]}, {"Target": "Parameter", "Id": "ParamHandRI", "Segments": [0, 0, 0, 2.433, 0]}, {"Target": "Parameter", "Id": "ParamHandRJ", "Segments": [0, 0, 0, 2.433, 0]}, {"Target": "Parameter", "Id": "ParamHandRK", "Segments": [0, 0, 0, 2.433, 0]}, {"Target": "Parameter", "Id": "ParamArmL6", "Segments": [0, 1, 0, 2.433, 1]}, {"Target": "Parameter", "Id": "ParamArmL7", "Segments": [0, -4, 0, 2.433, -4]}, {"Target": "Parameter", "Id": "ParamArmL9", "Segments": [0, 0.8, 0, 2.433, 0.8]}, {"Target": "Parameter", "Id": "ParamHandLA", "Segments": [0, 0, 0, 2.433, 0]}, {"Target": "Parameter", "Id": "ParamHandLB", "Segments": [0, 0, 0, 2.433, 0]}, {"Target": "Parameter", "Id": "ParamHandLC", "Segments": [0, 0, 0, 2.433, 0]}, {"Target": "Parameter", "Id": "ParamHandLD", "Segments": [0, 0, 0, 2.433, 0]}, {"Target": "Parameter", "Id": "ParamHandLE", "Segments": [0, 0, 0, 2.433, 0]}, {"Target": "Parameter", "Id": "ParamHandLF", "Segments": [0, 1, 0, 2.433, 1]}, {"Target": "Parameter", "Id": "ParamHandLG", "Segments": [0, 0, 0, 2.433, 0]}, {"Target": "Parameter", "Id": "ParamHandLH", "Segments": [0, 0, 0, 2.433, 0]}, {"Target": "Parameter", "Id": "ParamHandLI", "Segments": [0, 0, 0, 2.433, 0]}, {"Target": "Parameter", "Id": "ParamHandLJ", "Segments": [0, 0, 0, 2.433, 0]}, {"Target": "Parameter", "Id": "ParamHandLK", "Segments": [0, 0, 0, 2.433, 0]}], "UserData": [{"Time": 0.383, "Value": "eyeblink,0.2,0.24,0.24"}]}