{"Version": 3, "Meta": {"Duration": 2.6, "Fps": 60.0, "Loop": true, "AreBeziersRestricted": true, "CurveCount": 61, "UserDataCount": 1, "TotalSegmentCount": 209, "TotalPointCount": 219, "TotalUserDataSize": 22}, "Curves": [{"Target": "Parameter", "Id": "ParamPositionY", "Segments": [0, 0, 0, 0.417, 1, 0, 1.083, -1, 0, 1.75, 0, 2, 2.6, 0]}, {"Target": "Parameter", "Id": "ParamAngleX", "Segments": [0, 0, 0, 0.183, 0, 0, 0.683, 2, 0, 1.417, -8, 0, 2.017, -7, 2, 2.6, -7]}, {"Target": "Parameter", "Id": "ParamAngleY", "Segments": [0, -10, 0, 0.15, -10, 0, 0.65, -4, 0, 1.383, -11, 0, 1.983, -7, 2, 2.6, -7]}, {"Target": "Parameter", "Id": "ParamAngleZ", "Segments": [0, -15, 0, 0.117, -15, 0, 0.617, -2, 0, 1.35, -29, 0, 1.95, -21, 2, 2.6, -21]}, {"Target": "Parameter", "Id": "ParamEyeROpen", "Segments": [0, 1, 0, 0.15, 1, 0, 0.35, 0, 0, 0.583, 1, 2, 2.6, 1]}, {"Target": "Parameter", "Id": "ParamEyeLOpen", "Segments": [0, 1, 0, 0.15, 1, 0, 0.35, 0, 0, 0.583, 1, 2, 2.6, 1]}, {"Target": "Parameter", "Id": "ParamEyeballX", "Segments": [0, 0, 0, 0.5, 0, 0, 1.25, 0.2, 2, 2.6, 0.2]}, {"Target": "Parameter", "Id": "ParamBodyAngleX", "Segments": [0, 3, 0, 0.467, 5, 0, 1.083, -7, 0, 1.75, -6, 2, 2.6, -6]}, {"Target": "Parameter", "Id": "ParamBodyAngleY", "Segments": [0, 0, 0, 0.033, 0, 0, 0.5, 2, 0, 1.117, 0, 2, 1.783, 0, 2, 2.6, 0]}, {"Target": "Parameter", "Id": "ParamBodyAngleZ", "Segments": [0, -4, 0, 0.083, -4, 2, 0.55, -4, 0, 1.167, -5, 0, 1.833, -4, 2, 2.6, -4]}, {"Target": "Parameter", "Id": "ParamUpperBodyZ", "Segments": [0, 9, 0, 0.133, 9, 0, 0.6, 7, 0, 1.217, 9, 0, 1.883, 7, 2, 2.6, 7]}, {"Target": "Parameter", "Id": "ParamShoulderR", "Segments": [0, 0, 0, 0.033, 0, 0, 0.45, 6, 0, 1.117, 0, 0, 1.75, 2, 2, 2.6, 2]}, {"Target": "Parameter", "Id": "ParamArmR1", "Segments": [0, -40, 0, 0.033, -40, 0, 0.45, -35, 1, 0.672, -35, 0.895, -39.787, 1.117, -41, 1, 1.328, -42.152, 1.539, -42.0, 1.75, -42, 2, 2.6, -42]}, {"Target": "Parameter", "Id": "ParamArmR2", "Segments": [0, 43, 0, 0.083, 43, 0, 0.5, 48, 0, 1.167, 41.5, 0, 1.8, 42, 2, 2.6, 42]}, {"Target": "Parameter", "Id": "ParamArmR3", "Segments": [0, -2, 0, 0.133, -2, 1, 0.272, -2, 0.411, 8.31, 0.55, 15, 1, 0.772, 25.705, 0.995, 28.0, 1.217, 28, 0, 1.85, 18, 2, 2.6, 18]}, {"Target": "Parameter", "Id": "ParamArmR4", "Segments": [0, 9, 0, 0.033, 9, 2, 0.45, 9, 0, 1.117, 17, 2, 1.75, 17, 2, 2.6, 17]}, {"Target": "Parameter", "Id": "ParamArmR5", "Segments": [0, 3, 0, 0.083, 3, 0, 0.5, 6, 0, 1.167, 3, 2, 1.8, 3, 2, 2.6, 3]}, {"Target": "Parameter", "Id": "ParamArmR8", "Segments": [0, 0, 0, 0.45, 11, 1, 0.678, 23.005, 0.905, 30.0, 1.133, 30, 0, 1.833, 18, 2, 2.6, 18]}, {"Target": "Parameter", "Id": "ParamFingerR", "Segments": [0, 0, 0, 0.6, 8, 0, 1.317, -3, 0, 1.967, 0, 2, 2.6, 0]}, {"Target": "Parameter", "Id": "ParamShoulderL", "Segments": [0, 7, 0, 0.05, 7, 0, 0.467, 9, 0, 1.133, 7, 2, 1.8, 7, 2, 2.6, 7]}, {"Target": "Parameter", "Id": "ParamArmL1", "Segments": [0, -36, 0, 0.05, -36, 0, 0.467, -30, 0, 1.133, -39, 0, 1.8, -38, 2, 2.6, -38]}, {"Target": "Parameter", "Id": "ParamArmL2", "Segments": [0, -2, 0, 0.1, -2, 0, 0.517, -4, 0, 1.183, -2, 2, 1.85, -2, 2, 2.6, -2]}, {"Target": "Parameter", "Id": "ParamArmL3", "Segments": [0, -5, 0, 0.15, -5, 0, 0.567, -30, 0, 1.233, -12, 0, 1.9, -24, 2, 2.6, -24]}, {"Target": "Parameter", "Id": "ParamArmL8", "Segments": [0, -9, 0, 0.583, -38, 0, 1.233, -15, 0, 1.933, -31, 2, 2.6, -31]}, {"Target": "Parameter", "Id": "ParamPositionX", "Segments": [0, 0, 0, 2.6, 0]}, {"Target": "Parameter", "Id": "ParamRotationZ", "Segments": [0, 0, 0, 2.6, 0]}, {"Target": "Parameter", "Id": "ParamUpperBody", "Segments": [0, 0, 0, 2.6, 0]}, {"Target": "Parameter", "Id": "ParamBreath", "Segments": [0, 0, 0, 2.6, 0]}, {"Target": "Parameter", "Id": "ParamLegLZ", "Segments": [0, -2, 0, 2.6, -2]}, {"Target": "Parameter", "Id": "ParamLegRZ", "Segments": [0, 1, 0, 2.6, 1]}, {"Target": "Parameter", "Id": "ParamArmR6", "Segments": [0, 1.1, 0, 2.6, 1.1]}, {"Target": "Parameter", "Id": "ParamArmR7", "Segments": [0, -4, 0, 2.6, -4]}, {"Target": "Parameter", "Id": "ParamArmR9", "Segments": [0, 0.7, 0, 2.6, 0.7]}, {"Target": "Parameter", "Id": "ParamHandRA", "Segments": [0, 0, 0, 2.6, 0]}, {"Target": "Parameter", "Id": "ParamHandRB", "Segments": [0, 0, 0, 2.6, 0]}, {"Target": "Parameter", "Id": "ParamHandRC", "Segments": [0, 0, 0, 2.6, 0]}, {"Target": "Parameter", "Id": "ParamHandRD", "Segments": [0, 0, 0, 2.6, 0]}, {"Target": "Parameter", "Id": "ParamHandRE", "Segments": [0, 0, 0, 2.6, 0]}, {"Target": "Parameter", "Id": "ParamHandRF", "Segments": [0, 0, 0, 2.6, 0]}, {"Target": "Parameter", "Id": "ParamHandRG", "Segments": [0, 0, 0, 2.6, 0]}, {"Target": "Parameter", "Id": "ParamHandRH", "Segments": [0, 0, 0, 2.6, 0]}, {"Target": "Parameter", "Id": "ParamHandRI", "Segments": [0, 0, 0, 2.6, 0]}, {"Target": "Parameter", "Id": "ParamHandRJ", "Segments": [0, 1, 0, 2.6, 1]}, {"Target": "Parameter", "Id": "ParamHandRK", "Segments": [0, 0, 0, 2.6, 0]}, {"Target": "Parameter", "Id": "ParamArmL4", "Segments": [0, 0, 0, 2.6, 0]}, {"Target": "Parameter", "Id": "ParamArmL5", "Segments": [0, 0, 0, 2.6, 0]}, {"Target": "Parameter", "Id": "ParamArmL6", "Segments": [0, 0, 0, 2.6, 0]}, {"Target": "Parameter", "Id": "ParamArmL7", "Segments": [0, 0, 0, 2.6, 0]}, {"Target": "Parameter", "Id": "ParamArmL9", "Segments": [0, -0.8, 0, 2.6, -0.8]}, {"Target": "Parameter", "Id": "ParamHandLA", "Segments": [0, 1, 0, 2.6, 1]}, {"Target": "Parameter", "Id": "ParamHandLB", "Segments": [0, 0, 0, 2.6, 0]}, {"Target": "Parameter", "Id": "ParamHandLC", "Segments": [0, 0, 0, 2.6, 0]}, {"Target": "Parameter", "Id": "ParamHandLD", "Segments": [0, 0, 0, 2.6, 0]}, {"Target": "Parameter", "Id": "ParamHandLE", "Segments": [0, 0, 0, 2.6, 0]}, {"Target": "Parameter", "Id": "ParamHandLF", "Segments": [0, 0, 0, 2.6, 0]}, {"Target": "Parameter", "Id": "ParamHandLG", "Segments": [0, 0, 0, 2.6, 0]}, {"Target": "Parameter", "Id": "ParamHandLH", "Segments": [0, 0, 0, 2.6, 0]}, {"Target": "Parameter", "Id": "ParamHandLI", "Segments": [0, 0, 0, 2.6, 0]}, {"Target": "Parameter", "Id": "ParamHandLJ", "Segments": [0, 0, 0, 2.6, 0]}, {"Target": "Parameter", "Id": "ParamHandLK", "Segments": [0, 0, 0, 2.6, 0]}, {"Target": "Parameter", "Id": "ParamFingerL", "Segments": [0, 0, 0, 2.6, 0]}], "UserData": [{"Time": 0.383, "Value": "eyeblink,0.2,0.24,0.24"}]}