{"Version": 3, "Meta": {"Duration": 2.25, "Fps": 60.0, "Loop": true, "AreBeziersRestricted": true, "CurveCount": 61, "UserDataCount": 1, "TotalSegmentCount": 178, "TotalPointCount": 180, "TotalUserDataSize": 23}, "Curves": [{"Target": "Parameter", "Id": "ParamPositionY", "Segments": [0, 0, 0, 0.4, 1, 0, 0.833, -1, 0, 1.25, 0, 2, 2.25, 0]}, {"Target": "Parameter", "Id": "ParamAngleX", "Segments": [0, 6, 0, 0.4, 4, 1, 0.644, 0.736, 0.889, -2.0, 1.133, -2, 2, 2.25, -2]}, {"Target": "Parameter", "Id": "ParamAngleY", "Segments": [0, 0, 0, 0.55, 16, 0, 0.967, -22, 0, 1.35, -3, 2, 2.25, -3]}, {"Target": "Parameter", "Id": "ParamAngleZ", "Segments": [0, 13, 0, 0.733, 6, 2, 2.25, 6]}, {"Target": "Parameter", "Id": "ParamEyeROpen", "Segments": [0, 1, 0, 0.3, 1, 0, 0.5, 0, 2, 0.633, 0, 0, 0.833, 1, 2, 2.25, 1]}, {"Target": "Parameter", "Id": "ParamEyeLOpen", "Segments": [0, 1, 0, 0.3, 1, 0, 0.5, 0, 2, 0.633, 0, 0, 0.833, 1, 2, 2.25, 1]}, {"Target": "Parameter", "Id": "ParamEyeballX", "Segments": [0, 0, 0, 0.75, 0.1, 2, 2.25, 0.1]}, {"Target": "Parameter", "Id": "ParamBodyAngleX", "Segments": [0, 0, 0, 0.417, 4, 0, 0.933, -5, 2, 2.25, -5]}, {"Target": "Parameter", "Id": "ParamBodyAngleY", "Segments": [0, 0, 0, 0.517, 4, 0, 1.017, -5, 0, 1.533, -3, 2, 2.25, -3]}, {"Target": "Parameter", "Id": "ParamBodyAngleZ", "Segments": [0, 3, 0, 0.9, 5, 2, 2.25, 5]}, {"Target": "Parameter", "Id": "ParamUpperBodyZ", "Segments": [0, -6, 0, 0.9, -7, 2, 2.25, -7]}, {"Target": "Parameter", "Id": "ParamUpperBody", "Segments": [0, 0, 0, 1.017, -3, 2, 2.25, -3]}, {"Target": "Parameter", "Id": "ParamShoulderR", "Segments": [0, 0, 0, 0.433, -4, 0, 0.933, 5, 2, 2.25, 5]}, {"Target": "Parameter", "Id": "ParamArmR1", "Segments": [0, -44, 0, 0.467, -22, 0, 0.967, -40, 2, 2.25, -40]}, {"Target": "Parameter", "Id": "ParamArmR2", "Segments": [0, 39, 0, 0.517, 45, 0, 1.017, 40, 2, 2.25, 40]}, {"Target": "Parameter", "Id": "ParamArmR3", "Segments": [0, 28, 0, 0.583, 37, 0, 1.15, 12, 2, 2.25, 12]}, {"Target": "Parameter", "Id": "ParamArmR4", "Segments": [0, 22, 0, 0.967, 26, 2, 2.25, 26]}, {"Target": "Parameter", "Id": "ParamArmR5", "Segments": [0, 4, 0, 0.967, 9, 2, 2.25, 9]}, {"Target": "Parameter", "Id": "ParamArmR8", "Segments": [0, 22, 0, 1.05, 5, 2, 2.25, 5]}, {"Target": "Parameter", "Id": "ParamFingerR", "Segments": [0, 0, 0, 0.467, 10, 0, 0.95, -3, 0, 1.367, 0, 2, 2.25, 0]}, {"Target": "Parameter", "Id": "ParamShoulderL", "Segments": [0, -4, 0, 0.417, 1, 0, 0.933, -4, 2, 2.25, -4]}, {"Target": "Parameter", "Id": "ParamArmL1", "Segments": [0, -46, 0, 0.433, -37, 0, 0.95, -52, 0, 1.35, -49, 2, 2.25, -49]}, {"Target": "Parameter", "Id": "ParamArmL2", "Segments": [0, -2, 0, 0.5, -4, 0, 1.017, -2, 2, 2.25, -2]}, {"Target": "Parameter", "Id": "ParamArmL3", "Segments": [0, 0, 0, 0.567, -27, 0, 1.083, 1, 2, 2.25, 1]}, {"Target": "Parameter", "Id": "ParamArmL5", "Segments": [0, 0, 0, 0.633, 3, 0, 1.233, 0, 2, 2.25, 0]}, {"Target": "Parameter", "Id": "ParamArmL8", "Segments": [0, 0, 0, 0.5, -27, 0, 1.033, 0, 2, 2.25, 0]}, {"Target": "Parameter", "Id": "ParamFingerL", "Segments": [0, 0, 0, 0.5, 10, 0, 1.067, -10, 0, 1.55, 0, 2, 2.25, 0]}, {"Target": "Parameter", "Id": "ParamPositionX", "Segments": [0, -1, 0, 2.25, -1]}, {"Target": "Parameter", "Id": "ParamRotationZ", "Segments": [0, 0, 0, 2.25, 0]}, {"Target": "Parameter", "Id": "ParamBreath", "Segments": [0, 0, 0, 2.25, 0]}, {"Target": "Parameter", "Id": "ParamLegLZ", "Segments": [0, 3, 0, 2.25, 3]}, {"Target": "Parameter", "Id": "ParamLegRZ", "Segments": [0, -2, 0, 2.25, -2]}, {"Target": "Parameter", "Id": "ParamArmR6", "Segments": [0, 1, 0, 2.25, 1]}, {"Target": "Parameter", "Id": "ParamArmR7", "Segments": [0, -5, 0, 2.25, -5]}, {"Target": "Parameter", "Id": "ParamArmR9", "Segments": [0, 0.7, 0, 2.25, 0.7]}, {"Target": "Parameter", "Id": "ParamHandRA", "Segments": [0, 0, 0, 2.25, 0]}, {"Target": "Parameter", "Id": "ParamHandRB", "Segments": [0, 0, 0, 2.25, 0]}, {"Target": "Parameter", "Id": "ParamHandRC", "Segments": [0, 0, 0, 2.25, 0]}, {"Target": "Parameter", "Id": "ParamHandRD", "Segments": [0, 1, 0, 2.25, 1]}, {"Target": "Parameter", "Id": "ParamHandRE", "Segments": [0, 0, 0, 2.25, 0]}, {"Target": "Parameter", "Id": "ParamHandRF", "Segments": [0, 0, 0, 2.25, 0]}, {"Target": "Parameter", "Id": "ParamHandRG", "Segments": [0, 0, 0, 2.25, 0]}, {"Target": "Parameter", "Id": "ParamHandRH", "Segments": [0, 0, 0, 2.25, 0]}, {"Target": "Parameter", "Id": "ParamHandRI", "Segments": [0, 0, 0, 2.25, 0]}, {"Target": "Parameter", "Id": "ParamHandRJ", "Segments": [0, 0, 0, 2.25, 0]}, {"Target": "Parameter", "Id": "ParamHandRK", "Segments": [0, 0, 0, 2.25, 0]}, {"Target": "Parameter", "Id": "ParamArmL4", "Segments": [0, 0, 0, 2.25, 0]}, {"Target": "Parameter", "Id": "ParamArmL6", "Segments": [0, 0, 0, 2.25, 0]}, {"Target": "Parameter", "Id": "ParamArmL7", "Segments": [0, 0, 0, 2.25, 0]}, {"Target": "Parameter", "Id": "ParamArmL9", "Segments": [0, -0.8, 0, 2.25, -0.8]}, {"Target": "Parameter", "Id": "ParamHandLA", "Segments": [0, 1, 0, 2.25, 1]}, {"Target": "Parameter", "Id": "ParamHandLB", "Segments": [0, 0, 0, 2.25, 0]}, {"Target": "Parameter", "Id": "ParamHandLC", "Segments": [0, 0, 0, 2.25, 0]}, {"Target": "Parameter", "Id": "ParamHandLD", "Segments": [0, 0, 0, 2.25, 0]}, {"Target": "Parameter", "Id": "ParamHandLE", "Segments": [0, 0, 0, 2.25, 0]}, {"Target": "Parameter", "Id": "ParamHandLF", "Segments": [0, 0, 0, 2.25, 0]}, {"Target": "Parameter", "Id": "ParamHandLG", "Segments": [0, 0, 0, 2.25, 0]}, {"Target": "Parameter", "Id": "ParamHandLH", "Segments": [0, 0, 0, 2.25, 0]}, {"Target": "Parameter", "Id": "ParamHandLI", "Segments": [0, 0, 0, 2.25, 0]}, {"Target": "Parameter", "Id": "ParamHandLJ", "Segments": [0, 0, 0, 2.25, 0]}, {"Target": "Parameter", "Id": "ParamHandLK", "Segments": [0, 0, 0, 2.25, 0]}], "UserData": [{"Time": 0.3, "Value": "eyeblink,0.20,0.13,0.20"}]}