{"Version": 3, "Meta": {"Duration": 2.95, "Fps": 60.0, "Loop": true, "AreBeziersRestricted": true, "CurveCount": 61, "UserDataCount": 1, "TotalSegmentCount": 167, "TotalPointCount": 167, "TotalUserDataSize": 23}, "Curves": [{"Target": "Parameter", "Id": "ParamAngleX", "Segments": [0, 0, 0, 0.367, 17, 0, 0.833, -16, 0, 1.333, 14, 0, 1.767, -4, 2, 2.95, -4]}, {"Target": "Parameter", "Id": "ParamAngleY", "Segments": [0, 0, 0, 0.533, -11, 2, 2.95, -11]}, {"Target": "Parameter", "Id": "ParamAngleZ", "Segments": [0, 0, 0, 0.667, 6, 2, 2.95, 6]}, {"Target": "Parameter", "Id": "ParamEyeROpen", "Segments": [0, 1, 0, 0.567, 1, 0, 0.767, 0, 0, 0.967, 1, 2, 2.95, 1]}, {"Target": "Parameter", "Id": "ParamEyeLOpen", "Segments": [0, 1, 0, 0.567, 1, 0, 0.767, 0, 0, 0.967, 1, 2, 2.95, 1]}, {"Target": "Parameter", "Id": "ParamEyeballX", "Segments": [0, 0, 0, 0.433, 0.2, 0, 0.967, -0.1, 0, 1.433, 0.2, 0, 1.833, 0, 2, 2.95, 0]}, {"Target": "Parameter", "Id": "ParamBodyAngleX", "Segments": [0, 0, 0, 0.433, 4, 0, 0.7, -3.5, 0, 1.1, 2, 2, 2.95, 2]}, {"Target": "Parameter", "Id": "ParamBodyAngleY", "Segments": [0, 0, 0, 0.7, -2, 2, 2.95, -2]}, {"Target": "Parameter", "Id": "ParamBodyAngleZ", "Segments": [0, 2, 0, 0.7, 0, 2, 2.95, 0]}, {"Target": "Parameter", "Id": "ParamUpperBodyZ", "Segments": [0, -1, 0, 0.7, 0, 2, 2.95, 0]}, {"Target": "Parameter", "Id": "ParamLegLZ", "Segments": [0, 0, 0, 0.9, 1, 2, 2.95, 1]}, {"Target": "Parameter", "Id": "ParamShoulderR", "Segments": [0, 0, 0, 0.267, 1, 0, 0.783, 0, 2, 2.95, 0]}, {"Target": "Parameter", "Id": "ParamArmR1", "Segments": [0, -45, 0, 0.35, -40, 0, 0.9, -45, 2, 2.95, -45]}, {"Target": "Parameter", "Id": "ParamArmR2", "Segments": [0, 4.5, 0, 0.45, 3, 0, 1.117, 4, 2, 2.95, 4]}, {"Target": "Parameter", "Id": "ParamArmR3", "Segments": [0, 14, 0, 0.467, 1, 0, 1.2, 15, 2, 2.95, 15]}, {"Target": "Parameter", "Id": "ParamFingerR", "Segments": [0, 0, 0, 0.567, 7, 0, 1.183, -5, 0, 1.867, 0, 2, 2.95, 0]}, {"Target": "Parameter", "Id": "ParamShoulderL", "Segments": [0, 1, 0, 0.267, 1, 0, 0.783, 0, 2, 2.95, 0]}, {"Target": "Parameter", "Id": "ParamArmL1", "Segments": [0, -45, 0, 0.433, -42, 2, 2.95, -42]}, {"Target": "Parameter", "Id": "ParamArmL2", "Segments": [0, 38, 0, 0.533, 37, 0, 1.35, 38, 2, 2.95, 38]}, {"Target": "Parameter", "Id": "ParamArmL3", "Segments": [0, 18, 0, 0.617, 8, 0, 1.517, 24, 2, 2.95, 24]}, {"Target": "Parameter", "Id": "ParamArmL5", "Segments": [0, 4, 0, 0.533, 6, 2, 1.35, 6, 2, 2.95, 6]}, {"Target": "Parameter", "Id": "ParamFingerL", "Segments": [0, 0, 0, 0.65, 5, 0, 1.6, -5, 2, 2.95, -5]}, {"Target": "Parameter", "Id": "ParamPositionX", "Segments": [0, 0, 0, 2.95, 0]}, {"Target": "Parameter", "Id": "ParamPositionY", "Segments": [0, 0, 0, 2.95, 0]}, {"Target": "Parameter", "Id": "ParamRotationZ", "Segments": [0, 0, 0, 2.95, 0]}, {"Target": "Parameter", "Id": "ParamUpperBody", "Segments": [0, 0, 0, 2.95, 0]}, {"Target": "Parameter", "Id": "ParamBreath", "Segments": [0, 0, 0, 2.95, 0]}, {"Target": "Parameter", "Id": "ParamLegRZ", "Segments": [0, 0, 0, 2.95, 0]}, {"Target": "Parameter", "Id": "ParamArmR4", "Segments": [0, 0, 0, 2.95, 0]}, {"Target": "Parameter", "Id": "ParamArmR5", "Segments": [0, 0, 0, 2.95, 0]}, {"Target": "Parameter", "Id": "ParamArmR6", "Segments": [0, 1, 0, 2.95, 1]}, {"Target": "Parameter", "Id": "ParamArmR7", "Segments": [0, -10, 0, 2.95, -10]}, {"Target": "Parameter", "Id": "ParamArmR8", "Segments": [0, 9, 0, 2.95, 9]}, {"Target": "Parameter", "Id": "ParamArmR9", "Segments": [0, -0.2, 0, 2.95, -0.2]}, {"Target": "Parameter", "Id": "ParamHandRA", "Segments": [0, 0, 0, 2.95, 0]}, {"Target": "Parameter", "Id": "ParamHandRB", "Segments": [0, 0, 0, 2.95, 0]}, {"Target": "Parameter", "Id": "ParamHandRC", "Segments": [0, 0, 0, 2.95, 0]}, {"Target": "Parameter", "Id": "ParamHandRD", "Segments": [0, 0, 0, 2.95, 0]}, {"Target": "Parameter", "Id": "ParamHandRE", "Segments": [0, 0, 0, 2.95, 0]}, {"Target": "Parameter", "Id": "ParamHandRF", "Segments": [0, 0, 0, 2.95, 0]}, {"Target": "Parameter", "Id": "ParamHandRG", "Segments": [0, 1, 0, 2.95, 1]}, {"Target": "Parameter", "Id": "ParamHandRH", "Segments": [0, 0, 0, 2.95, 0]}, {"Target": "Parameter", "Id": "ParamHandRI", "Segments": [0, 0, 0, 2.95, 0]}, {"Target": "Parameter", "Id": "ParamHandRJ", "Segments": [0, 0, 0, 2.95, 0]}, {"Target": "Parameter", "Id": "ParamHandRK", "Segments": [0, 0, 0, 2.95, 0]}, {"Target": "Parameter", "Id": "ParamArmL4", "Segments": [0, 0, 0, 2.95, 0]}, {"Target": "Parameter", "Id": "ParamArmL6", "Segments": [0, 1, 0, 2.95, 1]}, {"Target": "Parameter", "Id": "ParamArmL7", "Segments": [0, -10, 0, 2.95, -10]}, {"Target": "Parameter", "Id": "ParamArmL8", "Segments": [0, 12, 0, 2.95, 12]}, {"Target": "Parameter", "Id": "ParamArmL9", "Segments": [0, 0, 0, 2.95, 0]}, {"Target": "Parameter", "Id": "ParamHandLA", "Segments": [0, 0, 0, 2.95, 0]}, {"Target": "Parameter", "Id": "ParamHandLB", "Segments": [0, 0, 0, 2.95, 0]}, {"Target": "Parameter", "Id": "ParamHandLC", "Segments": [0, 0, 0, 2.95, 0]}, {"Target": "Parameter", "Id": "ParamHandLD", "Segments": [0, 0, 0, 2.95, 0]}, {"Target": "Parameter", "Id": "ParamHandLE", "Segments": [0, 0, 0, 2.95, 0]}, {"Target": "Parameter", "Id": "ParamHandLF", "Segments": [0, 0, 0, 2.95, 0]}, {"Target": "Parameter", "Id": "ParamHandLG", "Segments": [0, 1, 0, 2.95, 1]}, {"Target": "Parameter", "Id": "ParamHandLH", "Segments": [0, 0, 0, 2.95, 0]}, {"Target": "Parameter", "Id": "ParamHandLI", "Segments": [0, 0, 0, 2.95, 0]}, {"Target": "Parameter", "Id": "ParamHandLJ", "Segments": [0, 0, 0, 2.95, 0]}, {"Target": "Parameter", "Id": "ParamHandLK", "Segments": [0, 0, 0, 2.95, 0]}], "UserData": [{"Time": 0.567, "Value": "eyeblink,0.20,0.00,0.20"}]}