{"Version": 3, "Meta": {"Duration": 2.35, "Fps": 60.0, "Loop": true, "AreBeziersRestricted": true, "CurveCount": 53, "UserDataCount": 0, "TotalSegmentCount": 142, "TotalPointCount": 142, "TotalUserDataSize": 0}, "Curves": [{"Target": "Parameter", "Id": "ParamEyeTeary", "Segments": [0, 0, 0, 0.133, 1, 0, 0.267, 0, 0, 0.383, 1, 0, 0.5, 0, 0, 0.617, 1, 0, 0.733, 0, 0, 0.867, 1, 0, 1, 0, 0, 1.15, 1, 0, 1.283, 0, 0, 1.4, 1, 0, 1.517, 0, 0, 1.633, 1, 0, 1.733, 0, 0, 1.85, 1, 0, 1.967, 0, 0, 2.1, 1, 0, 2.217, 0, 2, 2.35, 0]}, {"Target": "Parameter", "Id": "ParamEyeSpecial", "Segments": [0, 1, 0, 0.133, 0, 0, 0.267, 1, 0, 0.383, 0, 0, 0.5, 1, 0, 0.617, 0, 0, 0.733, 1, 0, 0.867, 0, 0, 1, 1, 0, 1.15, 0, 0, 1.283, 1, 0, 1.4, 0, 0, 1.517, 1, 0, 1.633, 0, 0, 1.733, 1, 0, 1.85, 0, 0, 1.967, 1, 0, 2.1, 0, 0, 2.217, 1, 2, 2.35, 1]}, {"Target": "Parameter", "Id": "ParamCheek2", "Segments": [0, 0, 0, 2.35, 0]}, {"Target": "Parameter", "Id": "ParamTear2", "Segments": [0, 0, 0, 2.35, 0]}, {"Target": "Parameter", "Id": "ParamTearL", "Segments": [0, 0, 0, 2.35, 0]}, {"Target": "Parameter", "Id": "ParamTearHighlightL", "Segments": [0, 0, 0, 2.35, 0]}, {"Target": "Parameter", "Id": "ParamTear4", "Segments": [0, -1, 0, 2.35, -1]}, {"Target": "Parameter", "Id": "ParamTearHighlightR", "Segments": [0, 0, 0, 2.35, 0]}, {"Target": "Parameter", "Id": "ParamTearR", "Segments": [0, 0, 0, 2.35, 0]}, {"Target": "Parameter", "Id": "ParamTear3", "Segments": [0, -1, 0, 2.35, -1]}, {"Target": "Parameter", "Id": "ParamBrowRX", "Segments": [0, -0.3, 0, 2.35, -0.3]}, {"Target": "Parameter", "Id": "ParamBrowRY", "Segments": [0, -0.5, 0, 2.35, -0.5]}, {"Target": "Parameter", "Id": "ParamBrowRAngle", "Segments": [0, -0.2, 0, 2.35, -0.2]}, {"Target": "Parameter", "Id": "ParamBrowRForm", "Segments": [0, 1, 0, 2.35, 1]}, {"Target": "Parameter", "Id": "ParamBrowLX", "Segments": [0, -0.3, 0, 2.35, -0.3]}, {"Target": "Parameter", "Id": "ParamBrowLY", "Segments": [0, -0.5, 0, 2.35, -0.5]}, {"Target": "Parameter", "Id": "ParamBrowLAngle", "Segments": [0, -0.2, 0, 2.35, -0.2]}, {"Target": "Parameter", "Id": "ParamBrowLForm", "Segments": [0, 1, 0, 2.35, 1]}, {"Target": "Parameter", "Id": "ParamEyeROpen", "Segments": [0, 0.9, 0, 2.35, 0.9]}, {"Target": "Parameter", "Id": "ParamEyeRSmile", "Segments": [0, -0.2, 0, 2.35, -0.2]}, {"Target": "Parameter", "Id": "ParamEyeRForm", "Segments": [0, 0, 0, 2.35, 0]}, {"Target": "Parameter", "Id": "ParamEyeLOpen", "Segments": [0, 0.9, 0, 2.35, 0.9]}, {"Target": "Parameter", "Id": "ParamEyeLSmile", "Segments": [0, -0.2, 0, 2.35, -0.2]}, {"Target": "Parameter", "Id": "ParamEyeLForm", "Segments": [0, 0, 0, 2.35, 0]}, {"Target": "Parameter", "Id": "ParamEyeballY", "Segments": [0, 0, 0, 2.35, 0]}, {"Target": "Parameter", "Id": "ParamEyeSize", "Segments": [0, 0, 0, 2.35, 0]}, {"Target": "Parameter", "Id": "ParamTear", "Segments": [0, 0, 0, 2.35, 0]}, {"Target": "Parameter", "Id": "ParamMouthForm", "Segments": [0, -0.5, 0, 2.35, -0.5]}, {"Target": "Parameter", "Id": "ParamMouthForm2", "Segments": [0, 0, 0, 2.35, 0]}, {"Target": "Parameter", "Id": "ParamTeeth", "Segments": [0, 0, 0, 2.35, 0]}, {"Target": "Parameter", "Id": "Paramtongue", "Segments": [0, 0, 0, 2.35, 0]}, {"Target": "Parameter", "Id": "ParamMouthScaleX", "Segments": [0, 0, 0, 2.35, 0]}, {"Target": "Parameter", "Id": "ParamMouthScaleY", "Segments": [0, 0, 0, 2.35, 0]}, {"Target": "Parameter", "Id": "ParamMouthPositionY", "Segments": [0, 0, 0, 2.35, 0]}, {"Target": "Parameter", "Id": "ParamCheek", "Segments": [0, 0, 0, 2.35, 0]}, {"Target": "Parameter", "Id": "ParamFaceShadow", "Segments": [0, 0, 0, 2.35, 0]}, {"Target": "Parameter", "Id": "ParamCheekAngry", "Segments": [0, 0, 0, 2.35, 0]}, {"Target": "Parameter", "Id": "ParamSweatMove", "Segments": [0, 0, 0, 2.35, 0]}, {"Target": "Parameter", "Id": "ParamSweatView", "Segments": [0, 0, 0, 2.35, 0]}, {"Target": "Parameter", "Id": "ParamSpecialCheek01", "Segments": [0, 0, 0, 2.35, 0]}, {"Target": "Parameter", "Id": "ParamFumeChange", "Segments": [0, 0, 0, 2.35, 0]}, {"Target": "Parameter", "Id": "ParamMoveFume", "Segments": [0, 0, 0, 2.35, 0]}, {"Target": "Parameter", "Id": "ParamEyeHilightonoff", "Segments": [0, 1, 0, 2.35, 1]}, {"Target": "Parameter", "Id": "ParamEyebrowChange", "Segments": [0, 0, 0, 2.35, 0]}, {"Target": "Parameter", "Id": "ParamEyeChange", "Segments": [0, 0, 0, 2.35, 0]}, {"Target": "Parameter", "Id": "ParamSpecialEye01", "Segments": [0, 0, 0, 2.35, 0]}, {"Target": "Parameter", "Id": "ParamSpecialEyebrow01", "Segments": [0, 0, 0, 2.35, 0]}, {"Target": "Parameter", "Id": "ParamSpecialEye02", "Segments": [0, 0, 0, 2.35, 0]}, {"Target": "Parameter", "Id": "ParamCheek04", "Segments": [0, 0, 0, 2.35, 0]}, {"Target": "Parameter", "Id": "ParamSpecialEye03", "Segments": [0, 0, 0, 2.35, 0]}, {"Target": "Parameter", "Id": "ParamSpecialEyeRotate1", "Segments": [0, 0, 0, 2.35, 0]}, {"Target": "Parameter", "Id": "ParamCheek02", "Segments": [0, 1, 0, 2.35, 1]}, {"Target": "Parameter", "Id": "ParamCheek03", "Segments": [0, 0, 0, 2.35, 0]}], "UserData": []}