{"Version": 3, "Meta": {"Duration": 2.35, "Fps": 60.0, "Loop": true, "AreBeziersRestricted": true, "CurveCount": 61, "UserDataCount": 1, "TotalSegmentCount": 169, "TotalPointCount": 185, "TotalUserDataSize": 22}, "Curves": [{"Target": "Parameter", "Id": "ParamAngleY", "Segments": [0, 0, 0, 0.417, -10, 1, 0.545, -18.116, 0.672, -30.0, 0.8, -30, 0, 1.35, 7, 0, 1.717, 4, 2, 2.35, 4]}, {"Target": "Parameter", "Id": "ParamAngleZ", "Segments": [0, -2, 0, 0.8, -7, 0, 1.717, 3, 2, 2.35, 3]}, {"Target": "Parameter", "Id": "ParamEyeROpen", "Segments": [0, 1, 0, 0.417, 1, 0, 0.617, 0, 2, 0.917, 0, 0, 1.15, 1, 2, 2.35, 1]}, {"Target": "Parameter", "Id": "ParamEyeLOpen", "Segments": [0, 1, 0, 0.417, 1, 0, 0.617, 0, 2, 0.917, 0, 0, 1.15, 1, 2, 2.35, 1]}, {"Target": "Parameter", "Id": "ParamBodyAngleX", "Segments": [0, -3, 0, 0.417, 0, 1, 0.545, 2.337, 0.672, 5.0, 0.8, 5, 1, 0.983, 5, 1.167, 4.52, 1.35, 1, 1, 1.472, -1.347, 1.595, -6.0, 1.717, -6, 2, 2.35, -6]}, {"Target": "Parameter", "Id": "ParamBodyAngleY", "Segments": [0, 0, 0, 0.417, 2, 0, 0.8, -2, 0, 1.35, 2, 0, 1.717, 0, 2, 2.35, 0]}, {"Target": "Parameter", "Id": "ParamBodyAngleZ", "Segments": [0, -3, 0, 0.8, 3, 0, 1.717, -3, 2, 2.35, -3]}, {"Target": "Parameter", "Id": "ParamUpperBodyZ", "Segments": [0, 8, 0, 0.8, -9, 0, 1.717, 6, 2, 2.35, 6]}, {"Target": "Parameter", "Id": "ParamArmR1", "Segments": [0, -41, 0, 0.417, -25, 0, 0.8, -41, 2, 2.35, -41]}, {"Target": "Parameter", "Id": "ParamArmR2", "Segments": [0, 42, 0, 0.417, 46, 0, 0.8, 42, 2, 2.35, 42]}, {"Target": "Parameter", "Id": "ParamArmR3", "Segments": [0, 28, 0, 0.417, 40, 1, 0.545, 40, 0.672, 40.275, 0.8, 38, 1, 0.983, 34.736, 1.167, 28.0, 1.35, 28, 2, 2.35, 28]}, {"Target": "Parameter", "Id": "ParamArmR4", "Segments": [0, 28, 0, 0.417, 30, 0, 0.8, 28, 2, 1.35, 28, 2, 2.35, 28]}, {"Target": "Parameter", "Id": "ParamArmR8", "Segments": [0, 16, 0, 0.417, 29, 0, 1.35, 19, 2, 2.35, 19]}, {"Target": "Parameter", "Id": "ParamArmL1", "Segments": [0, -43, 0, 0.417, -35, 0, 0.8, -43, 2, 2.35, -43]}, {"Target": "Parameter", "Id": "ParamArmL2", "Segments": [0, 41, 0, 0.417, 45, 0, 0.8, 41, 2, 2.35, 41]}, {"Target": "Parameter", "Id": "ParamArmL3", "Segments": [0, 33, 0, 0.417, 40, 1, 0.545, 40, 0.672, 36.315, 0.8, 35, 1, 0.983, 33.113, 1.167, 33.0, 1.35, 33, 2, 2.35, 33]}, {"Target": "Parameter", "Id": "ParamArmL8", "Segments": [0, 18, 0, 0.417, 24, 0, 1.35, 20, 2, 2.35, 20]}, {"Target": "Parameter", "Id": "ParamPositionX", "Segments": [0, 0, 0, 2.35, 0]}, {"Target": "Parameter", "Id": "ParamPositionY", "Segments": [0, 0, 0, 2.35, 0]}, {"Target": "Parameter", "Id": "ParamRotationZ", "Segments": [0, 0, 0, 2.35, 0]}, {"Target": "Parameter", "Id": "ParamAngleX", "Segments": [0, -2, 0, 2.35, -2]}, {"Target": "Parameter", "Id": "ParamEyeballX", "Segments": [0, 0, 0, 2.35, 0]}, {"Target": "Parameter", "Id": "ParamUpperBody", "Segments": [0, 0, 0, 2.35, 0]}, {"Target": "Parameter", "Id": "ParamBreath", "Segments": [0, 0, 0, 2.35, 0]}, {"Target": "Parameter", "Id": "ParamLegLZ", "Segments": [0, -1, 0, 2.35, -1]}, {"Target": "Parameter", "Id": "ParamLegRZ", "Segments": [0, -3, 0, 2.35, -3]}, {"Target": "Parameter", "Id": "ParamShoulderR", "Segments": [0, 8, 0, 2.35, 8]}, {"Target": "Parameter", "Id": "ParamArmR5", "Segments": [0, 6, 0, 2.35, 6]}, {"Target": "Parameter", "Id": "ParamArmR6", "Segments": [0, 1.1, 0, 2.35, 1.1]}, {"Target": "Parameter", "Id": "ParamArmR7", "Segments": [0, -4, 0, 2.35, -4]}, {"Target": "Parameter", "Id": "ParamArmR9", "Segments": [0, 0.7, 0, 2.35, 0.7]}, {"Target": "Parameter", "Id": "ParamHandRA", "Segments": [0, 0, 0, 2.35, 0]}, {"Target": "Parameter", "Id": "ParamHandRB", "Segments": [0, 0, 0, 2.35, 0]}, {"Target": "Parameter", "Id": "ParamHandRC", "Segments": [0, 0, 0, 2.35, 0]}, {"Target": "Parameter", "Id": "ParamHandRD", "Segments": [0, 0, 0, 2.35, 0]}, {"Target": "Parameter", "Id": "ParamHandRE", "Segments": [0, 0, 0, 2.35, 0]}, {"Target": "Parameter", "Id": "ParamHandRF", "Segments": [0, 1, 0, 2.35, 1]}, {"Target": "Parameter", "Id": "ParamHandRG", "Segments": [0, 0, 0, 2.35, 0]}, {"Target": "Parameter", "Id": "ParamHandRH", "Segments": [0, 0, 0, 2.35, 0]}, {"Target": "Parameter", "Id": "ParamHandRI", "Segments": [0, 0, 0, 2.35, 0]}, {"Target": "Parameter", "Id": "ParamHandRJ", "Segments": [0, 0, 0, 2.35, 0]}, {"Target": "Parameter", "Id": "ParamHandRK", "Segments": [0, 0, 0, 2.35, 0]}, {"Target": "Parameter", "Id": "ParamFingerR", "Segments": [0, 0, 0, 2.35, 0]}, {"Target": "Parameter", "Id": "ParamShoulderL", "Segments": [0, 8, 0, 2.35, 8]}, {"Target": "Parameter", "Id": "ParamArmL4", "Segments": [0, 27, 0, 2.35, 27]}, {"Target": "Parameter", "Id": "ParamArmL5", "Segments": [0, 7, 0, 2.35, 7]}, {"Target": "Parameter", "Id": "ParamArmL6", "Segments": [0, 1, 0, 2.35, 1]}, {"Target": "Parameter", "Id": "ParamArmL7", "Segments": [0, -4, 0, 2.35, -4]}, {"Target": "Parameter", "Id": "ParamArmL9", "Segments": [0, 0.7, 0, 2.35, 0.7]}, {"Target": "Parameter", "Id": "ParamHandLA", "Segments": [0, 0, 0, 2.35, 0]}, {"Target": "Parameter", "Id": "ParamHandLB", "Segments": [0, 0, 0, 2.35, 0]}, {"Target": "Parameter", "Id": "ParamHandLC", "Segments": [0, 0, 0, 2.35, 0]}, {"Target": "Parameter", "Id": "ParamHandLD", "Segments": [0, 0, 0, 2.35, 0]}, {"Target": "Parameter", "Id": "ParamHandLE", "Segments": [0, 0, 0, 2.35, 0]}, {"Target": "Parameter", "Id": "ParamHandLF", "Segments": [0, 1, 0, 2.35, 1]}, {"Target": "Parameter", "Id": "ParamHandLG", "Segments": [0, 0, 0, 2.35, 0]}, {"Target": "Parameter", "Id": "ParamHandLH", "Segments": [0, 0, 0, 2.35, 0]}, {"Target": "Parameter", "Id": "ParamHandLI", "Segments": [0, 0, 0, 2.35, 0]}, {"Target": "Parameter", "Id": "ParamHandLJ", "Segments": [0, 0, 0, 2.35, 0]}, {"Target": "Parameter", "Id": "ParamHandLK", "Segments": [0, 0, 0, 2.35, 0]}, {"Target": "Parameter", "Id": "ParamFingerL", "Segments": [0, 0, 0, 2.35, 0]}], "UserData": [{"Time": 0.183, "Value": "eyeblink,0.2,0.79,0.24"}]}