{"Version": 3, "Meta": {"Duration": 2.033, "Fps": 60.0, "Loop": true, "AreBeziersRestricted": true, "CurveCount": 61, "UserDataCount": 1, "TotalSegmentCount": 175, "TotalPointCount": 177, "TotalUserDataSize": 22}, "Curves": [{"Target": "Parameter", "Id": "ParamPositionY", "Segments": [0, 0, 0, 0.467, 1, 0, 0.95, 0, 2, 1.317, 0, 2, 2.033, 0]}, {"Target": "Parameter", "Id": "ParamAngleY", "Segments": [0, 0, 0, 0.3, 22, 0, 0.95, 0, 2, 1.417, 0, 2, 2.033, 0]}, {"Target": "Parameter", "Id": "ParamAngleZ", "Segments": [0, -7, 0, 0.3, -15, 0, 0.95, 7, 0, 1.417, 0, 2, 2.033, 0]}, {"Target": "Parameter", "Id": "ParamEyeROpen", "Segments": [0, 1, 0, 0.167, 1, 0, 0.367, 0, 0, 0.6, 1, 2, 2.033, 1]}, {"Target": "Parameter", "Id": "ParamEyeLOpen", "Segments": [0, 1, 0, 0.167, 1, 0, 0.367, 0, 0, 0.6, 1, 2, 2.033, 1]}, {"Target": "Parameter", "Id": "ParamBodyAngleX", "Segments": [0, 2, 0, 0.383, 8, 0, 0.95, -3, 2, 1.533, -3, 2, 2.033, -3]}, {"Target": "Parameter", "Id": "ParamBodyAngleY", "Segments": [0, 0, 0, 0.383, 3, 1, 0.422, 3.621, 0.461, 4.0, 0.5, 4, 0, 0.95, -6, 0, 1.35, -2, 2, 2.033, -2]}, {"Target": "Parameter", "Id": "ParamBodyAngleZ", "Segments": [0, -3, 0, 0.383, -2, 0, 0.95, -3, 2, 2.033, -3]}, {"Target": "Parameter", "Id": "ParamUpperBodyZ", "Segments": [0, 7, 0, 0.383, 3, 0, 0.95, 6, 2, 2.033, 6]}, {"Target": "Parameter", "Id": "ParamUpperBody", "Segments": [0, 0, 0, 0.383, 2, 0, 0.95, -6, 0, 1.35, -5, 2, 2.033, -5]}, {"Target": "Parameter", "Id": "ParamShoulderR", "Segments": [0, 2, 0, 0.433, 10, 0, 1, 6, 0, 1.467, 8, 2, 2.033, 8]}, {"Target": "Parameter", "Id": "ParamArmR3", "Segments": [0, -12, 0, 0.433, -7, 0, 1, -17, 0, 1.467, -12, 2, 2.033, -12]}, {"Target": "Parameter", "Id": "ParamArmR4", "Segments": [0, 4, 0, 0.433, 4, 0, 1, 2, 0, 1.467, 4, 2, 2.033, 4]}, {"Target": "Parameter", "Id": "ParamFingerR", "Segments": [0, 0, 0, 0.483, 6, 0, 1.05, -4, 0, 1.6, 0, 2, 2.033, 0]}, {"Target": "Parameter", "Id": "ParamShoulderL", "Segments": [0, 4, 0, 0.433, 7, 0, 1, 5, 0, 1.467, 8, 2, 2.033, 8]}, {"Target": "Parameter", "Id": "ParamArmL3", "Segments": [0, 23, 0, 0.433, 30, 0, 1, 21, 0, 1.467, 23, 2, 2.033, 23]}, {"Target": "Parameter", "Id": "ParamArmL4", "Segments": [0, 5, 0, 0.433, 7, 0, 1, 4, 0, 1.467, 5, 2, 2.033, 5]}, {"Target": "Parameter", "Id": "ParamFingerL", "Segments": [0, 0, 0, 0.483, 7, 0, 1.05, -5, 0, 1.633, 0, 2, 2.033, 0]}, {"Target": "Parameter", "Id": "ParamPositionX", "Segments": [0, 0, 0, 2.033, 0]}, {"Target": "Parameter", "Id": "ParamRotationZ", "Segments": [0, 0, 0, 2.033, 0]}, {"Target": "Parameter", "Id": "ParamAngleX", "Segments": [0, 0, 0, 2.033, 0]}, {"Target": "Parameter", "Id": "ParamEyeballX", "Segments": [0, 0, 0, 2.033, 0]}, {"Target": "Parameter", "Id": "ParamBreath", "Segments": [0, 0, 0, 2.033, 0]}, {"Target": "Parameter", "Id": "ParamLegLZ", "Segments": [0, 0, 0, 2.033, 0]}, {"Target": "Parameter", "Id": "ParamLegRZ", "Segments": [0, 2, 0, 2.033, 2]}, {"Target": "Parameter", "Id": "ParamArmR1", "Segments": [0, -40, 0, 2.033, -40]}, {"Target": "Parameter", "Id": "ParamArmR2", "Segments": [0, 28, 0, 2.033, 28]}, {"Target": "Parameter", "Id": "ParamArmR5", "Segments": [0, 4, 0, 2.033, 4]}, {"Target": "Parameter", "Id": "ParamArmR6", "Segments": [0, 1.1, 0, 2.033, 1.1]}, {"Target": "Parameter", "Id": "ParamArmR7", "Segments": [0, 0, 0, 2.033, 0]}, {"Target": "Parameter", "Id": "ParamArmR8", "Segments": [0, -13, 0, 2.033, -13]}, {"Target": "Parameter", "Id": "ParamArmR9", "Segments": [0, 0.7, 0, 2.033, 0.7]}, {"Target": "Parameter", "Id": "ParamHandRA", "Segments": [0, 0, 0, 2.033, 0]}, {"Target": "Parameter", "Id": "ParamHandRB", "Segments": [0, 0, 0, 2.033, 0]}, {"Target": "Parameter", "Id": "ParamHandRC", "Segments": [0, 0, 0, 2.033, 0]}, {"Target": "Parameter", "Id": "ParamHandRD", "Segments": [0, 1, 0, 2.033, 1]}, {"Target": "Parameter", "Id": "ParamHandRE", "Segments": [0, 0, 0, 2.033, 0]}, {"Target": "Parameter", "Id": "ParamHandRF", "Segments": [0, 0, 0, 2.033, 0]}, {"Target": "Parameter", "Id": "ParamHandRG", "Segments": [0, 0, 0, 2.033, 0]}, {"Target": "Parameter", "Id": "ParamHandRH", "Segments": [0, 0, 0, 2.033, 0]}, {"Target": "Parameter", "Id": "ParamHandRI", "Segments": [0, 0, 0, 2.033, 0]}, {"Target": "Parameter", "Id": "ParamHandRJ", "Segments": [0, 0, 0, 2.033, 0]}, {"Target": "Parameter", "Id": "ParamHandRK", "Segments": [0, 0, 0, 2.033, 0]}, {"Target": "Parameter", "Id": "ParamArmL1", "Segments": [0, -40, 0, 2.033, -40]}, {"Target": "Parameter", "Id": "ParamArmL2", "Segments": [0, 27, 0, 2.033, 27]}, {"Target": "Parameter", "Id": "ParamArmL5", "Segments": [0, 3, 0, 2.033, 3]}, {"Target": "Parameter", "Id": "ParamArmL6", "Segments": [0, 1, 0, 2.033, 1]}, {"Target": "Parameter", "Id": "ParamArmL7", "Segments": [0, -5, 0, 2.033, -5]}, {"Target": "Parameter", "Id": "ParamArmL8", "Segments": [0, 26, 0, 2.033, 26]}, {"Target": "Parameter", "Id": "ParamArmL9", "Segments": [0, 0.9, 0, 2.033, 0.9]}, {"Target": "Parameter", "Id": "ParamHandLA", "Segments": [0, 0, 0, 2.033, 0]}, {"Target": "Parameter", "Id": "ParamHandLB", "Segments": [0, 0, 0, 2.033, 0]}, {"Target": "Parameter", "Id": "ParamHandLC", "Segments": [0, 0, 0, 2.033, 0]}, {"Target": "Parameter", "Id": "ParamHandLD", "Segments": [0, 1, 0, 2.033, 1]}, {"Target": "Parameter", "Id": "ParamHandLE", "Segments": [0, 0, 0, 2.033, 0]}, {"Target": "Parameter", "Id": "ParamHandLF", "Segments": [0, 0, 0, 2.033, 0]}, {"Target": "Parameter", "Id": "ParamHandLG", "Segments": [0, 0, 0, 2.033, 0]}, {"Target": "Parameter", "Id": "ParamHandLH", "Segments": [0, 0, 0, 2.033, 0]}, {"Target": "Parameter", "Id": "ParamHandLI", "Segments": [0, 0, 0, 2.033, 0]}, {"Target": "Parameter", "Id": "ParamHandLJ", "Segments": [0, 0, 0, 2.033, 0]}, {"Target": "Parameter", "Id": "ParamHandLK", "Segments": [0, 0, 0, 2.033, 0]}], "UserData": [{"Time": 0.183, "Value": "eyeblink,0.2,0.79,0.24"}]}