{"Version": 3, "Meta": {"Duration": 1.5, "Fps": 60.0, "Loop": true, "AreBeziersRestricted": true, "CurveCount": 9, "UserDataCount": 0, "TotalSegmentCount": 40, "TotalPointCount": 48, "TotalUserDataSize": 0}, "Curves": [{"Target": "Parameter", "Id": "ParamBodyAngleY", "Segments": [0, 0, 0, 0.333, 3, 0, 0.7, -2, 0, 1.117, 0, 2, 1.5, 0]}, {"Target": "Parameter", "Id": "ParamBodyAngleZ", "Segments": [0, 0, 0, 0.333, 0, 0, 0.867, 1, 2, 1.5, 1]}, {"Target": "Parameter", "Id": "ParamUpperBodyZ", "Segments": [0, 0, 0, 0.333, 0, 0, 0.867, 1, 2, 1.5, 1]}, {"Target": "Parameter", "Id": "ParamShoulderR", "Segments": [0, 0, 0, 0.333, 2, 0, 0.7, -2, 0, 1.117, 0, 2, 1.5, 0]}, {"Target": "Parameter", "Id": "ParamArmR1", "Segments": [0, -36, 0, 0.333, -32, 0, 0.7, -34, 2, 1.117, -34, 2, 1.5, -34]}, {"Target": "Parameter", "Id": "ParamArmR2", "Segments": [0, 0, 0, 0.367, -2, 0, 0.733, 0, 0, 1.15, -1, 2, 1.5, -1]}, {"Target": "Parameter", "Id": "ParamArmR3", "Segments": [0, 0, 0, 0.4, -12, 1, 0.522, -12, 0.645, -8.539, 0.767, -5, 1, 0.906, -0.978, 1.044, 0.0, 1.183, 0, 2, 1.5, 0]}, {"Target": "Parameter", "Id": "ParamArmR8", "Segments": [0, 0, 0, 0.383, -16, 1, 0.511, -16, 0.639, -11.822, 0.767, -7, 1, 0.911, -1.549, 1.056, -0.0, 1.2, 0, 2, 1.5, 0]}, {"Target": "Parameter", "Id": "ParamFingerR", "Segments": [0, 0, 0, 1.5, 0]}], "UserData": []}