{"Version": 3, "Meta": {"Duration": 1, "Fps": 60.0, "Loop": true, "AreBeziersRestricted": true, "CurveCount": 57, "UserDataCount": 0, "TotalSegmentCount": 114, "TotalPointCount": 114, "TotalUserDataSize": 0}, "Curves": [{"Target": "Parameter", "Id": "PARAM_POSITION_X", "Segments": [0, 0, 0, 1, 0]}, {"Target": "Parameter", "Id": "PARAM_POSITION_Y", "Segments": [0, 0, 0, 1, 0]}, {"Target": "Parameter", "Id": "PARAM_ROTATION_Z", "Segments": [0, 0, 0, 1, 0]}, {"Target": "Parameter", "Id": "PARAM_ANGLE_X", "Segments": [0, 0, 0, 1, 0]}, {"Target": "Parameter", "Id": "PARAM_ANGLE_Y", "Segments": [0, 0, 0, 1, 0]}, {"Target": "Parameter", "Id": "PARAM_ANGLE_Z", "Segments": [0, 0, 0, 1, 0]}, {"Target": "Parameter", "Id": "PARAM_EYE_R_OPEN", "Segments": [0, 1, 0, 1, 1]}, {"Target": "Parameter", "Id": "PARAM_EYE_L_OPEN", "Segments": [0, 1, 0, 1, 1]}, {"Target": "Parameter", "Id": "PARAM_EYEBALL_X", "Segments": [0, 0, 0, 1, 0]}, {"Target": "Parameter", "Id": "PARAM_BODY_ANGLE_X", "Segments": [0, 0, 0, 1, 0]}, {"Target": "Parameter", "Id": "PARAM_BODY_ANGLE_Y", "Segments": [0, 0, 0, 1, 0]}, {"Target": "Parameter", "Id": "PARAM_BODY_ANGLE_Z", "Segments": [0, 0, 0, 1, 0]}, {"Target": "Parameter", "Id": "PARAM_UPPER_BODY_Z", "Segments": [0, 0, 0, 1, 0]}, {"Target": "Parameter", "Id": "PARAM_UPPER_BODY", "Segments": [0, 0, 0, 1, 0]}, {"Target": "Parameter", "Id": "PARAM_BREATH", "Segments": [0, 0, 0, 1, 0]}, {"Target": "Parameter", "Id": "PARAM_LEG_L_Z", "Segments": [0, 0, 0, 1, 0]}, {"Target": "Parameter", "Id": "PARAM_LEG_R_Z", "Segments": [0, 0, 0, 1, 0]}, {"Target": "Parameter", "Id": "PARAM_SHOULDER_R", "Segments": [0, 0, 0, 1, 0]}, {"Target": "Parameter", "Id": "PARAM_ARM_R_1", "Segments": [0, -38, 0, 1, -38]}, {"Target": "Parameter", "Id": "PARAM_ARM_R_2", "Segments": [0, 0, 0, 1, 0]}, {"Target": "Parameter", "Id": "PARAM_ARM_R_3", "Segments": [0, 0, 0, 1, 0]}, {"Target": "Parameter", "Id": "PARAM_ARM_R_4", "Segments": [0, 0, 0, 1, 0]}, {"Target": "Parameter", "Id": "PARAM_ARM_R_5", "Segments": [0, 0, 0, 1, 0]}, {"Target": "Parameter", "Id": "PARAM_ARM_R_6", "Segments": [0, 0, 0, 1, 0]}, {"Target": "Parameter", "Id": "PARAM_ARM_R_7", "Segments": [0, 0, 0, 1, 0]}, {"Target": "Parameter", "Id": "3536011321", "Segments": [0, -1, 0, 1, -1]}, {"Target": "Parameter", "Id": "PARAM_HAND_R_A", "Segments": [0, 1, 0, 1, 1]}, {"Target": "Parameter", "Id": "PARAM_HAND_R_B", "Segments": [0, 0, 0, 1, 0]}, {"Target": "Parameter", "Id": "PARAM_HAND_R_C", "Segments": [0, 0, 0, 1, 0]}, {"Target": "Parameter", "Id": "PARAM_HAND_R_D", "Segments": [0, 0, 0, 1, 0]}, {"Target": "Parameter", "Id": "PARAM_HAND_R_E", "Segments": [0, 0, 0, 1, 0]}, {"Target": "Parameter", "Id": "PARAM_HAND_R_F", "Segments": [0, 0, 0, 1, 0]}, {"Target": "Parameter", "Id": "PARAM_HAND_R_G", "Segments": [0, 0, 0, 1, 0]}, {"Target": "Parameter", "Id": "PARAM_HAND_R_H", "Segments": [0, 0, 0, 1, 0]}, {"Target": "Parameter", "Id": "PARAM_HAND_R_I", "Segments": [0, 0, 0, 1, 0]}, {"Target": "Parameter", "Id": "PARAM_HAND_R_J", "Segments": [0, 0, 0, 1, 0]}, {"Target": "Parameter", "Id": "PARAM_HAND_R_K", "Segments": [0, 0, 0, 1, 0]}, {"Target": "Parameter", "Id": "PARAM_SHOULDER_L", "Segments": [0, 0, 0, 1, 0]}, {"Target": "Parameter", "Id": "PARAM_ARM_L_1", "Segments": [0, -38, 0, 1, -38]}, {"Target": "Parameter", "Id": "PARAM_ARM_L_2", "Segments": [0, 0, 0, 1, 0]}, {"Target": "Parameter", "Id": "PARAM_ARM_L_3", "Segments": [0, 0, 0, 1, 0]}, {"Target": "Parameter", "Id": "PARAM_ARM_L_4", "Segments": [0, 0, 0, 1, 0]}, {"Target": "Parameter", "Id": "PARAM_ARM_L_5", "Segments": [0, 0, 0, 1, 0]}, {"Target": "Parameter", "Id": "PARAM_ARM_L_6", "Segments": [0, 0, 0, 1, 0]}, {"Target": "Parameter", "Id": "PARAM_ARM_L_7", "Segments": [0, 0, 0, 1, 0]}, {"Target": "Parameter", "Id": "1644519573", "Segments": [0, -1, 0, 1, -1]}, {"Target": "Parameter", "Id": "PARAM_HAND_L_A", "Segments": [0, 1, 0, 1, 1]}, {"Target": "Parameter", "Id": "PARAM_HAND_L_B", "Segments": [0, 0, 0, 1, 0]}, {"Target": "Parameter", "Id": "PARAM_HAND_L_C", "Segments": [0, 0, 0, 1, 0]}, {"Target": "Parameter", "Id": "PARAM_HAND_L_D", "Segments": [0, 0, 0, 1, 0]}, {"Target": "Parameter", "Id": "PARAM_HAND_L_E", "Segments": [0, 0, 0, 1, 0]}, {"Target": "Parameter", "Id": "PARAM_HAND_L_F", "Segments": [0, 0, 0, 1, 0]}, {"Target": "Parameter", "Id": "PARAM_HAND_L_G", "Segments": [0, 0, 0, 1, 0]}, {"Target": "Parameter", "Id": "PARAM_HAND_L_H", "Segments": [0, 0, 0, 1, 0]}, {"Target": "Parameter", "Id": "PARAM_HAND_L_I", "Segments": [0, 0, 0, 1, 0]}, {"Target": "Parameter", "Id": "PARAM_HAND_L_J", "Segments": [0, 0, 0, 1, 0]}, {"Target": "Parameter", "Id": "PARAM_HAND_L_K", "Segments": [0, 0, 0, 1, 0]}], "UserData": []}