{"Version": 3, "Meta": {"Duration": 2.05, "Fps": 60.0, "Loop": true, "AreBeziersRestricted": true, "CurveCount": 61, "UserDataCount": 1, "TotalSegmentCount": 180, "TotalPointCount": 182, "TotalUserDataSize": 23}, "Curves": [{"Target": "Parameter", "Id": "ParamAngleX", "Segments": [0, -3, 0, 0.333, 4, 0, 1, -5, 2, 2.05, -5]}, {"Target": "Parameter", "Id": "ParamAngleY", "Segments": [0, 0, 0, 0.333, 7, 0, 1, 0, 2, 2.05, 0]}, {"Target": "Parameter", "Id": "ParamAngleZ", "Segments": [0, 0, 0, 0.433, 3, 0, 1.15, -25, 2, 2.05, -25]}, {"Target": "Parameter", "Id": "ParamEyeROpen", "Segments": [0, 1, 0, 0.367, 1, 0, 0.567, 0, 0, 0.767, 1, 2, 2.05, 1]}, {"Target": "Parameter", "Id": "ParamEyeLOpen", "Segments": [0, 1, 0, 0.367, 1, 0, 0.567, 0, 0, 0.767, 1, 2, 2.05, 1]}, {"Target": "Parameter", "Id": "ParamEyeballX", "Segments": [0, 0, 0, 0.533, -0.1, 0, 1.033, 0.1, 2, 2.05, 0.1]}, {"Target": "Parameter", "Id": "ParamBodyAngleX", "Segments": [0, -2, 0, 0.333, 3, 0, 1.05, -2, 2, 2.05, -2]}, {"Target": "Parameter", "Id": "ParamBodyAngleY", "Segments": [0, 0, 0, 0.333, 3, 0, 1.05, 0, 2, 2.05, 0]}, {"Target": "Parameter", "Id": "ParamBodyAngleZ", "Segments": [0, 2, 0, 0.467, 2, 0, 1.15, -3, 2, 2.05, -3]}, {"Target": "Parameter", "Id": "ParamUpperBodyZ", "Segments": [0, 0, 0, 0.467, 1, 1, 0.695, 2.767, 0.922, 7.0, 1.15, 7, 2, 2.05, 7]}, {"Target": "Parameter", "Id": "ParamLegLZ", "Segments": [0, 2, 0, 1.15, 0, 2, 2.05, 0]}, {"Target": "Parameter", "Id": "ParamLegRZ", "Segments": [0, -3, 0, 1.15, 2, 2, 2.05, 2]}, {"Target": "Parameter", "Id": "ParamArmR1", "Segments": [0, -44, 0, 0.217, -31, 0, 0.467, -40, 0, 0.883, -39, 2, 2.05, -39]}, {"Target": "Parameter", "Id": "ParamArmR2", "Segments": [0, 6, 0, 0.517, 43, 0, 1, 41, 2, 2.05, 41]}, {"Target": "Parameter", "Id": "ParamArmR3", "Segments": [0, 16, 0, 0.6, 29, 0, 1.067, 21, 2, 2.05, 21]}, {"Target": "Parameter", "Id": "ParamArmR5", "Segments": [0, 5, 0, 0.35, 10, 0, 0.967, 8, 2, 2.05, 8]}, {"Target": "Parameter", "Id": "ParamArmR7", "Segments": [0, 8, 0, 1.15, 0, 2, 2.05, 0]}, {"Target": "Parameter", "Id": "ParamArmR8", "Segments": [0, 17, 0, 0.6, 31, 0, 1.15, 19, 2, 2.05, 19]}, {"Target": "Parameter", "Id": "ParamArmR9", "Segments": [0, -0.2, 0, 0.3, 0.7, 2, 2.05, 0.7]}, {"Target": "Parameter", "Id": "ParamFingerR", "Segments": [0, 0, 0, 0.5, 8, 0, 1.15, -0.398, 2, 2.05, -0.398]}, {"Target": "Parameter", "Id": "ParamShoulderL", "Segments": [0, 0, 0, 0.5, 4, 0, 1.15, 0, 2, 2.05, 0]}, {"Target": "Parameter", "Id": "ParamArmL1", "Segments": [0, -43, 0, 0.433, -20, 0, 1.15, -37, 2, 2.05, -37]}, {"Target": "Parameter", "Id": "ParamArmL2", "Segments": [0, 7, 0, 0.467, -1, 2, 1.15, -1, 2, 2.05, -1]}, {"Target": "Parameter", "Id": "ParamArmL3", "Segments": [0, 23, 0, 0.567, 3, 0, 1.15, 9, 2, 2.05, 9]}, {"Target": "Parameter", "Id": "ParamArmL4", "Segments": [0, 10, 0, 1.15, 0, 2, 2.05, 0]}, {"Target": "Parameter", "Id": "ParamArmL5", "Segments": [0, 0, 0, 0.467, 3, 0, 1.15, 0, 2, 2.05, 0]}, {"Target": "Parameter", "Id": "ParamArmL6", "Segments": [0, 1, 0, 0.3, 1, 0, 0.617, 0, 2, 1.15, 0, 2, 2.05, 0]}, {"Target": "Parameter", "Id": "ParamArmL8", "Segments": [0, 14, 0, 1.15, -10, 2, 2.05, -10]}, {"Target": "Parameter", "Id": "ParamArmL9", "Segments": [0, -0.2, 0, 0.3, -0.2, 0, 1.15, -0.3, 2, 2.05, -0.3]}, {"Target": "Parameter", "Id": "ParamFingerL", "Segments": [0, 0, 0, 0.5, 10, 0, 0.967, -4, 2, 2.05, -4]}, {"Target": "Parameter", "Id": "ParamPositionX", "Segments": [0, 0, 0, 2.05, 0]}, {"Target": "Parameter", "Id": "ParamPositionY", "Segments": [0, 0, 0, 2.05, 0]}, {"Target": "Parameter", "Id": "ParamRotationZ", "Segments": [0, 0, 0, 2.05, 0]}, {"Target": "Parameter", "Id": "ParamUpperBody", "Segments": [0, 0, 0, 2.05, 0]}, {"Target": "Parameter", "Id": "ParamBreath", "Segments": [0, 0, 0, 2.05, 0]}, {"Target": "Parameter", "Id": "ParamShoulderR", "Segments": [0, 0, 0, 2.05, 0]}, {"Target": "Parameter", "Id": "ParamArmR4", "Segments": [0, 8, 0, 2.05, 8]}, {"Target": "Parameter", "Id": "ParamArmR6", "Segments": [0, 1, 0, 2.05, 1]}, {"Target": "Parameter", "Id": "ParamHandRA", "Segments": [0, 0, 0, 2.05, 0]}, {"Target": "Parameter", "Id": "ParamHandRB", "Segments": [0, 0, 0, 2.05, 0]}, {"Target": "Parameter", "Id": "ParamHandRC", "Segments": [0, 0, 0, 2.05, 0]}, {"Target": "Parameter", "Id": "ParamHandRD", "Segments": [0, 1, 0, 2.05, 1]}, {"Target": "Parameter", "Id": "ParamHandRE", "Segments": [0, 0, 0, 2.05, 0]}, {"Target": "Parameter", "Id": "ParamHandRF", "Segments": [0, 0, 0, 2.05, 0]}, {"Target": "Parameter", "Id": "ParamHandRG", "Segments": [0, 0, 0, 2.05, 0]}, {"Target": "Parameter", "Id": "ParamHandRH", "Segments": [0, 0, 0, 2.05, 0]}, {"Target": "Parameter", "Id": "ParamHandRI", "Segments": [0, 0, 0, 2.05, 0]}, {"Target": "Parameter", "Id": "ParamHandRJ", "Segments": [0, 0, 0, 2.05, 0]}, {"Target": "Parameter", "Id": "ParamHandRK", "Segments": [0, 0, 0, 2.05, 0]}, {"Target": "Parameter", "Id": "ParamArmL7", "Segments": [0, 5, 0, 2.05, 5]}, {"Target": "Parameter", "Id": "ParamHandLA", "Segments": [0, 0, 0, 2.05, 0]}, {"Target": "Parameter", "Id": "ParamHandLB", "Segments": [0, 0, 0, 2.05, 0]}, {"Target": "Parameter", "Id": "ParamHandLC", "Segments": [0, 0, 0, 2.05, 0]}, {"Target": "Parameter", "Id": "ParamHandLD", "Segments": [0, 0, 0, 2.05, 0]}, {"Target": "Parameter", "Id": "ParamHandLE", "Segments": [0, 0, 0, 2.05, 0]}, {"Target": "Parameter", "Id": "ParamHandLF", "Segments": [0, 0, 0, 2.05, 0]}, {"Target": "Parameter", "Id": "ParamHandLG", "Segments": [0, 1, 0, 2.05, 1]}, {"Target": "Parameter", "Id": "ParamHandLH", "Segments": [0, 0, 0, 2.05, 0]}, {"Target": "Parameter", "Id": "ParamHandLI", "Segments": [0, 0, 0, 2.05, 0]}, {"Target": "Parameter", "Id": "ParamHandLJ", "Segments": [0, 0, 0, 2.05, 0]}, {"Target": "Parameter", "Id": "ParamHandLK", "Segments": [0, 0, 0, 2.05, 0]}], "UserData": [{"Time": 0.367, "Value": "eyeblink,0.20,0.00,0.20"}]}