{
  "Version": 3,
  "Meta": {
    "Duration": 3.6,
    "Fps": 30.0,
    "Loop": true,
    "AreBeziersRestricted": true,
    "CurveCount": 99,
    "TotalSegmentCount": 511,
    "TotalPointCount": 949,
    "UserDataCount": 1,
    "TotalUserDataSize": 0
  },
  "Curves": [
    {
      "Target": "Parameter",
      "Id": "ParamAngleX",
      "Segments": [
        0,
        0,
        0,
        0.433,
        -6,
        0,
        0.7,
        4,
        1,
        0.867,
        4,
        1.033,
        -0.352,
        1.2,
        -7,
        1,
        1.244,
        -8.773,
        1.289,
        -9,
        1.333,
        -9,
        0,
        1.7,
        6,
        0,
        2.1,
        -9,
        0,
        2.533,
        1,
        0,
        2.833,
        -7,
        0,
        3.167,
        22,
        0,
        3.6,
        0
      ]
    },
    {
      "Target": "Parameter",
      "Id": "ParamAngleY",
      "Segments": [
        0,
        0,
        0,
        0.433,
        5,
        0,
        0.7,
        -10,
        0,
        1.2,
        -1,
        0,
        1.333,
        -30,
        0,
        1.7,
        20,
        1,
        1.833,
        20,
        1.967,
        12.145,
        2.1,
        9,
        1,
        2.244,
        5.593,
        2.389,
        5.436,
        2.533,
        2,
        1,
        2.633,
        -0.379,
        2.733,
        -22,
        2.833,
        -22,
        0,
        3.167,
        1,
        0,
        3.6,
        0
      ]
    },
    {
      "Target": "Parameter",
      "Id": "ParamAngleZ",
      "Segments": [
        0,
        0,
        1,
        0.144,
        0,
        0.289,
        -10.192,
        0.433,
        -14,
        1,
        0.666,
        -20.152,
        0.9,
        -21,
        1.133,
        -21,
        0,
        1.233,
        17,
        1,
        1.389,
        17,
        1.544,
        16.445,
        1.7,
        13,
        1,
        1.833,
        10.047,
        1.967,
        0.031,
        2.1,
        -1,
        1,
        2.244,
        -2.117,
        2.389,
        -2,
        2.533,
        -2,
        0,
        3,
        12,
        0,
        3.6,
        0
      ]
    },
    {
      "Target": "Parameter",
      "Id": "ParamEyeLOpen",
      "Segments": [
        0,
        1,
        2,
        1.1,
        1,
        1,
        1.144,
        1.008,
        1.189,
        -0.008,
        1.233,
        0,
        1,
        1.278,
        -0.008,
        1.322,
        1.008,
        1.367,
        1,
        2,
        1.767,
        1,
        1,
        1.9,
        1.002,
        2.034,
        1.498,
        2.167,
        1.5,
        1,
        2.267,
        1.5,
        2.367,
        1.496,
        2.467,
        1.463,
        1,
        2.511,
        1.448,
        2.556,
        1.428,
        2.6,
        1.4,
        1,
        2.656,
        1.376,
        2.711,
        -0.011,
        2.767,
        0,
        1,
        2.822,
        -0.008,
        2.878,
        1.008,
        2.933,
        1,
        2,
        3.6,
        1
      ]
    },
    {
      "Target": "Parameter",
      "Id": "ParamEyeROpen",
      "Segments": [
        0,
        1,
        2,
        1.1,
        1,
        1,
        1.144,
        1.008,
        1.189,
        -0.008,
        1.233,
        0,
        1,
        1.278,
        -0.008,
        1.322,
        1.008,
        1.367,
        1,
        2,
        1.767,
        1,
        1,
        1.9,
        1.002,
        2.034,
        1.498,
        2.167,
        1.5,
        1,
        2.267,
        1.5,
        2.367,
        1.496,
        2.467,
        1.463,
        1,
        2.511,
        1.448,
        2.556,
        1.428,
        2.6,
        1.4,
        1,
        2.656,
        1.376,
        2.711,
        -0.011,
        2.767,
        0,
        1,
        2.822,
        -0.008,
        2.878,
        1.008,
        2.933,
        1,
        2,
        3.6,
        1
      ]
    },
    {
      "Target": "Parameter",
      "Id": "ParamEyeSmile",
      "Segments": [
        0,
        1,
        2,
        1.1,
        1,
        0,
        1.233,
        0,
        0,
        3.6,
        1
      ]
    },
    {
      "Target": "Parameter",
      "Id": "ParamLstar",
      "Segments": [
        0,
        0,
        2,
        1.3,
        0,
        0,
        1.533,
        1,
        2,
        2.467,
        1,
        0,
        2.567,
        0,
        2,
        3.6,
        0
      ]
    },
    {
      "Target": "Parameter",
      "Id": "ParamRline",
      "Segments": [
        0,
        0,
        2,
        1.3,
        0,
        0,
        1.533,
        1,
        2,
        2.467,
        1,
        0,
        2.567,
        0,
        2,
        3.6,
        0
      ]
    },
    {
      "Target": "Parameter",
      "Id": "ParamEyeBallX",
      "Segments": [
        0,
        0,
        0,
        0.7,
        -0.1,
        0,
        3.6,
        0
      ]
    },
    {
      "Target": "Parameter",
      "Id": "ParamEyeBallY",
      "Segments": [
        0,
        0,
        0,
        0.7,
        1,
        0,
        3.6,
        0
      ]
    },
    {
      "Target": "Parameter",
      "Id": "ParamBrowLY",
      "Segments": [
        0,
        0,
        2,
        2.233,
        0,
        0,
        2.5,
        0.5,
        0,
        2.833,
        0,
        2,
        3.6,
        0
      ]
    },
    {
      "Target": "Parameter",
      "Id": "ParamBrowLAngle",
      "Segments": [
        0,
        0,
        2,
        2.233,
        0,
        0,
        2.5,
        0.2,
        0,
        2.833,
        0,
        2,
        3.6,
        0
      ]
    },
    {
      "Target": "Parameter",
      "Id": "ParamBrowRY",
      "Segments": [
        0,
        0,
        2,
        2.233,
        0,
        0,
        2.5,
        0.9,
        0,
        2.833,
        0,
        2,
        3.6,
        0
      ]
    },
    {
      "Target": "Parameter",
      "Id": "ParamBrowRAngle",
      "Segments": [
        0,
        0,
        2,
        2.233,
        0,
        0,
        2.5,
        0.3,
        0,
        2.833,
        0,
        2,
        3.6,
        0
      ]
    },
    {
      "Target": "Parameter",
      "Id": "ParamMouthOpenY",
      "Segments": [
        0,
        0.376,
        1,
        0.044,
        0.376,
        0.089,
        0.719,
        0.133,
        0.947,
        3,
        0.167,
        1,
        2,
        0.233,
        1,
        1,
        0.266,
        0.83,
        0.3,
        0.368,
        0.333,
        0.376,
        1,
        0.344,
        0.364,
        0.356,
        0.649,
        0.367,
        0.894,
        3,
        0.4,
        1,
        2,
        0.433,
        1,
        2,
        0.467,
        0.886,
        1,
        0.489,
        0.616,
        0.511,
        0.367,
        0.533,
        0.361,
        1,
        0.578,
        0.356,
        0.622,
        0.993,
        0.667,
        0.988,
        1,
        0.711,
        0.995,
        0.756,
        0.174,
        0.8,
        0.18,
        1,
        0.833,
        0.162,
        0.867,
        0.808,
        0.9,
        1,
        2,
        0.933,
        1,
        2,
        0.967,
        0.839,
        1,
        0.978,
        0.661,
        0.989,
        0.454,
        1,
        0.463,
        1,
        1.022,
        0.467,
        1.045,
        0.725,
        1.067,
        0.729,
        1,
        1.111,
        0.735,
        1.156,
        -0.006,
        1.2,
        0,
        2,
        1.467,
        0,
        1,
        1.534,
        0,
        1.6,
        0.64,
        1.667,
        0.96,
        3,
        1.7,
        1,
        2,
        2.233,
        1,
        2,
        2.267,
        0.922,
        1,
        2.289,
        0.726,
        2.311,
        0.546,
        2.333,
        0.541,
        1,
        2.378,
        0.539,
        2.422,
        0.786,
        2.467,
        0.784,
        1,
        2.556,
        0.781,
        2.644,
        0.003,
        2.733,
        0,
        2,
        3.6,
        0
      ]
    },
    {
      "Target": "Parameter",
      "Id": "ParamNotice",
      "Segments": [
        0,
        0,
        2,
        1.2,
        0,
        0,
        1.3,
        1,
        0,
        1.4,
        0,
        0,
        1.5,
        1,
        0,
        1.6,
        0,
        2,
        3.6,
        0
      ]
    },
    {
      "Target": "Parameter",
      "Id": "ParamBodyAngleX",
      "Segments": [
        0,
        0,
        2,
        1.1,
        0,
        0,
        1.367,
        -6,
        0,
        1.733,
        5,
        0,
        2.167,
        0,
        2,
        3.6,
        0
      ]
    },
    {
      "Target": "Parameter",
      "Id": "ParamBodyAngleZ",
      "Segments": [
        0,
        0,
        2,
        1.1,
        0,
        0,
        1.333,
        2,
        1,
        1.4,
        2,
        1.466,
        2.105,
        1.533,
        0,
        1,
        1.655,
        -3.859,
        1.778,
        -9,
        1.9,
        -9,
        2,
        2.6,
        -9,
        0,
        3.1,
        0,
        2,
        3.6,
        0
      ]
    },
    {
      "Target": "Parameter",
      "Id": "ParamPx",
      "Segments": [
        0,
        -10,
        2,
        1.1,
        -10,
        0,
        1.333,
        -11,
        0,
        3.6,
        -10
      ]
    },
    {
      "Target": "Parameter",
      "Id": "ParamPy",
      "Segments": [
        0,
        -15,
        2,
        1.1,
        -15,
        0,
        1.333,
        -16,
        1,
        1.4,
        -16,
        1.466,
        -15.784,
        1.533,
        -15,
        1,
        1.633,
        -13.825,
        1.733,
        -13,
        1.833,
        -13,
        0,
        2.2,
        -15,
        2,
        3.6,
        -15
      ]
    },
    {
      "Target": "Parameter",
      "Id": "ParamTail1",
      "Segments": [
        0,
        0,
        2,
        0.2,
        0,
        0,
        0.4,
        -6,
        1,
        0.467,
        -6,
        0.533,
        -4.953,
        0.6,
        0,
        1,
        0.667,
        4.953,
        0.733,
        10,
        0.8,
        10,
        1,
        0.878,
        10,
        0.955,
        5.539,
        1.033,
        0,
        1,
        1.1,
        -4.747,
        1.166,
        -6,
        1.233,
        -6,
        1,
        1.3,
        -6,
        1.366,
        -1.936,
        1.433,
        1,
        1,
        1.511,
        4.426,
        1.589,
        5,
        1.667,
        5,
        1,
        1.745,
        5,
        1.822,
        4.023,
        1.9,
        0,
        1,
        1.967,
        -3.448,
        2.033,
        -7,
        2.1,
        -7,
        1,
        2.178,
        -7,
        2.255,
        -3.974,
        2.333,
        1,
        1,
        2.411,
        5.974,
        2.489,
        8,
        2.567,
        8,
        1,
        2.634,
        8,
        2.7,
        5.333,
        2.767,
        0,
        1,
        2.834,
        -5.333,
        2.9,
        -8,
        2.967,
        -8,
        1,
        3.045,
        -8,
        3.122,
        -5.991,
        3.2,
        -1,
        1,
        3.267,
        3.278,
        3.333,
        6,
        3.4,
        6,
        0,
        3.6,
        0
      ]
    },
    {
      "Target": "Parameter",
      "Id": "ParamTail2",
      "Segments": [
        0,
        0,
        0,
        0.2,
        9,
        1,
        0.267,
        9,
        0.333,
        2.485,
        0.4,
        -2,
        1,
        0.467,
        -6.485,
        0.533,
        -7,
        0.6,
        -7,
        1,
        0.667,
        -7,
        0.733,
        -6.659,
        0.8,
        -3,
        1,
        0.878,
        1.269,
        0.955,
        7,
        1.033,
        7,
        1,
        1.1,
        7,
        1.166,
        3.974,
        1.233,
        -1,
        1,
        1.3,
        -5.974,
        1.366,
        -8,
        1.433,
        -8,
        1,
        1.511,
        -8,
        1.589,
        -4.974,
        1.667,
        0,
        1,
        1.745,
        4.974,
        1.822,
        7,
        1.9,
        7,
        1,
        1.967,
        7,
        2.033,
        2.226,
        2.1,
        -2,
        1,
        2.178,
        -6.93,
        2.255,
        -8,
        2.333,
        -8,
        1,
        2.411,
        -8,
        2.489,
        -7.801,
        2.567,
        -4,
        1,
        2.634,
        -0.742,
        2.7,
        8,
        2.767,
        8,
        1,
        2.834,
        8,
        2.9,
        2.696,
        2.967,
        -1,
        1,
        3.045,
        -5.313,
        3.122,
        -6,
        3.2,
        -6,
        1,
        3.267,
        -6,
        3.333,
        -3.753,
        3.4,
        -2,
        1,
        3.467,
        -0.247,
        3.533,
        0,
        3.6,
        0
      ]
    },
    {
      "Target": "Parameter",
      "Id": "ParamLight0",
      "Segments": [
        0,
        0,
        2,
        1.133,
        0,
        0,
        1.3,
        1,
        0,
        1.467,
        0,
        2,
        3.6,
        0
      ]
    },
    {
      "Target": "Parameter",
      "Id": "ParamLarm",
      "Segments": [
        0,
        -15,
        2,
        1.533,
        -15,
        0,
        1.967,
        -2,
        1,
        2.067,
        -2,
        2.167,
        -7.955,
        2.267,
        -9,
        1,
        2.711,
        -13.642,
        3.156,
        -15,
        3.6,
        -15
      ]
    },
    {
      "Target": "Parameter",
      "Id": "ParamLforearm",
      "Segments": [
        0,
        15,
        0,
        0.467,
        19,
        0,
        1,
        12,
        0,
        1.533,
        29,
        0,
        1.967,
        -30,
        2,
        2.267,
        -30,
        0,
        3.6,
        15
      ]
    },
    {
      "Target": "Parameter",
      "Id": "ParamLhand",
      "Segments": [
        0,
        0,
        0,
        1.533,
        25,
        0,
        1.967,
        -2,
        0,
        2.267,
        6,
        0,
        2.6,
        -30,
        0,
        3.6,
        0
      ]
    },
    {
      "Target": "Parameter",
      "Id": "ParamLfinger",
      "Segments": [
        0,
        0,
        0,
        0.5,
        9,
        0,
        1.067,
        -30,
        0,
        1.5,
        14,
        0,
        2,
        -30,
        2,
        2.6,
        -30,
        0,
        3,
        11,
        0,
        3.6,
        0
      ]
    },
    {
      "Target": "Parameter",
      "Id": "ParamRarm",
      "Segments": [
        0,
        0,
        2,
        1,
        0,
        0,
        1.333,
        -5,
        1,
        1.4,
        -5,
        1.466,
        -5.478,
        1.533,
        0,
        1,
        1.678,
        11.869,
        1.822,
        27,
        1.967,
        27,
        0,
        3.6,
        0
      ]
    },
    {
      "Target": "Parameter",
      "Id": "ParamRforearm",
      "Segments": [
        0,
        -15,
        0,
        0.4,
        -26,
        1,
        0.589,
        -26,
        0.778,
        -18.689,
        0.967,
        -13,
        1,
        1.156,
        -7.311,
        1.344,
        -6.351,
        1.533,
        0,
        1,
        1.678,
        4.857,
        1.822,
        30,
        1.967,
        30,
        2,
        2.267,
        30,
        0,
        3.6,
        -15
      ]
    },
    {
      "Target": "Parameter",
      "Id": "ParamRhand",
      "Segments": [
        0,
        0,
        0,
        0.533,
        -18,
        1,
        0.8,
        -18,
        1.066,
        -13.573,
        1.333,
        0,
        1,
        1.411,
        3.959,
        1.489,
        12,
        1.567,
        12,
        0,
        1.967,
        -30,
        0,
        2.267,
        -12,
        0,
        2.633,
        -30,
        0,
        3.6,
        0
      ]
    },
    {
      "Target": "Parameter",
      "Id": "ParamRfinger",
      "Segments": [
        0,
        0,
        2,
        0.633,
        0,
        0,
        1.067,
        30,
        0,
        1.4,
        -30,
        0,
        1.767,
        30,
        2,
        2.1,
        30,
        0,
        2.667,
        -30,
        0,
        3.6,
        0
      ]
    },
    {
      "Target": "Parameter",
      "Id": "ParamHairFront",
      "Segments": [
        0,
        0,
        0,
        0.333,
        -28,
        1,
        0.433,
        -28,
        0.533,
        -20.653,
        0.633,
        0,
        1,
        0.711,
        16.063,
        0.789,
        28,
        0.867,
        28,
        1,
        0.945,
        28,
        1.022,
        18.04,
        1.1,
        1,
        1,
        1.156,
        -11.171,
        1.211,
        -16,
        1.267,
        -16,
        1,
        1.322,
        -16,
        1.378,
        -14.845,
        1.433,
        -2,
        1,
        1.489,
        10.845,
        1.544,
        30,
        1.6,
        30,
        1,
        1.678,
        30,
        1.755,
        15.447,
        1.833,
        0,
        1,
        1.911,
        -15.447,
        1.989,
        -19,
        2.067,
        -19,
        1,
        2.156,
        -19,
        2.244,
        -15.089,
        2.333,
        1,
        1,
        2.411,
        15.078,
        2.489,
        29,
        2.567,
        29,
        1,
        2.667,
        29,
        2.767,
        17.534,
        2.867,
        -1,
        1,
        2.978,
        -21.593,
        3.089,
        -30,
        3.2,
        -30,
        0,
        3.6,
        0
      ]
    },
    {
      "Target": "Parameter",
      "Id": "ParamFore2",
      "Segments": [
        0,
        0,
        1,
        0.111,
        0,
        0.222,
        0.154,
        0.333,
        -1,
        1,
        0.433,
        -2.039,
        0.533,
        -30,
        0.633,
        -30,
        1,
        0.711,
        -30,
        0.789,
        -23.941,
        0.867,
        -5,
        1,
        0.945,
        13.941,
        1.022,
        28,
        1.1,
        28,
        1,
        1.156,
        28,
        1.211,
        13.947,
        1.267,
        -5,
        1,
        1.322,
        -23.947,
        1.378,
        -30,
        1.433,
        -30,
        1,
        1.489,
        -30,
        1.544,
        -15.449,
        1.6,
        0,
        1,
        1.678,
        21.629,
        1.755,
        28,
        1.833,
        28,
        1,
        1.911,
        28,
        1.989,
        1.417,
        2.067,
        -8,
        1,
        2.156,
        -18.763,
        2.244,
        -19,
        2.333,
        -19,
        1,
        2.411,
        -19,
        2.489,
        -17.12,
        2.567,
        -4,
        1,
        2.667,
        12.869,
        2.767,
        30,
        2.867,
        30,
        0,
        3.2,
        -2,
        0,
        3.6,
        0
      ]
    },
    {
      "Target": "Parameter",
      "Id": "ParamHairSide",
      "Segments": [
        0,
        0,
        1,
        0.122,
        0,
        0.245,
        0.101,
        0.367,
        -1,
        1,
        0.467,
        -1.9,
        0.567,
        -13,
        0.667,
        -13,
        1,
        0.745,
        -13,
        0.822,
        -11.907,
        0.9,
        -1,
        1,
        0.978,
        9.907,
        1.055,
        26,
        1.133,
        26,
        1,
        1.2,
        26,
        1.266,
        18.132,
        1.333,
        0,
        1,
        1.389,
        -15.11,
        1.444,
        -24,
        1.5,
        -24,
        1,
        1.556,
        -24,
        1.611,
        -16.06,
        1.667,
        0,
        1,
        1.734,
        19.272,
        1.8,
        29,
        1.867,
        29,
        1,
        1.967,
        29,
        2.067,
        18.574,
        2.167,
        1,
        1,
        2.256,
        -14.622,
        2.344,
        -21,
        2.433,
        -21,
        1,
        2.544,
        -21,
        2.656,
        -13.325,
        2.767,
        1,
        1,
        2.878,
        15.325,
        2.989,
        22,
        3.1,
        22,
        0,
        3.4,
        0,
        2,
        3.6,
        0
      ]
    },
    {
      "Target": "Parameter",
      "Id": "ParamSide2",
      "Segments": [
        0,
        0,
        0,
        0.367,
        22,
        1,
        0.467,
        22,
        0.567,
        17.338,
        0.667,
        -1,
        1,
        0.745,
        -15.263,
        0.822,
        -30,
        0.9,
        -30,
        1,
        0.978,
        -30,
        1.055,
        -25.637,
        1.133,
        -8,
        1,
        1.2,
        7.117,
        1.266,
        22,
        1.333,
        22,
        1,
        1.389,
        22,
        1.444,
        16.9,
        1.5,
        0,
        1,
        1.556,
        -16.9,
        1.611,
        -30,
        1.667,
        -30,
        1,
        1.734,
        -30,
        1.8,
        -18.672,
        1.867,
        -4,
        1,
        1.967,
        18.008,
        2.067,
        26,
        2.167,
        26,
        1,
        2.256,
        26,
        2.344,
        0.774,
        2.433,
        -9,
        1,
        2.544,
        -21.217,
        2.656,
        -22,
        2.767,
        -22,
        1,
        2.878,
        -22,
        2.989,
        -16.891,
        3.1,
        -4,
        1,
        3.2,
        7.602,
        3.3,
        15,
        3.4,
        15,
        0,
        3.6,
        0
      ]
    },
    {
      "Target": "Parameter",
      "Id": "ParamHairBack",
      "Segments": [
        0,
        0,
        1,
        0.089,
        0,
        0.178,
        0.221,
        0.267,
        -1,
        1,
        0.367,
        -2.373,
        0.467,
        -17,
        0.567,
        -17,
        1,
        0.645,
        -17,
        0.722,
        -9.959,
        0.8,
        2,
        1,
        0.878,
        13.959,
        0.955,
        19,
        1.033,
        19,
        1,
        1.1,
        19,
        1.166,
        13.656,
        1.233,
        2,
        1,
        1.3,
        -9.656,
        1.366,
        -16,
        1.433,
        -16,
        1,
        1.5,
        -16,
        1.566,
        -9.394,
        1.633,
        1,
        1,
        1.711,
        13.126,
        1.789,
        18,
        1.867,
        18,
        1,
        1.967,
        18,
        2.067,
        9.853,
        2.167,
        -2,
        1,
        2.278,
        -15.17,
        2.389,
        -20,
        2.5,
        -20,
        1,
        2.622,
        -20,
        2.745,
        -13.916,
        2.867,
        2,
        1,
        2.978,
        16.469,
        3.089,
        26,
        3.2,
        26,
        0,
        3.6,
        0
      ]
    },
    {
      "Target": "Parameter",
      "Id": "ParamBack2",
      "Segments": [
        0,
        0,
        0,
        0.267,
        19,
        1,
        0.367,
        19,
        0.467,
        14.644,
        0.567,
        -2,
        1,
        0.645,
        -14.945,
        0.722,
        -28,
        0.8,
        -28,
        1,
        0.878,
        -28,
        0.955,
        -21.122,
        1.033,
        -4,
        1,
        1.1,
        10.676,
        1.166,
        20,
        1.233,
        20,
        1,
        1.3,
        20,
        1.366,
        13.658,
        1.433,
        0,
        1,
        1.5,
        -13.658,
        1.566,
        -21,
        1.633,
        -21,
        1,
        1.711,
        -21,
        1.789,
        -15.381,
        1.867,
        -2,
        1,
        1.967,
        15.204,
        2.067,
        25,
        2.167,
        25,
        1,
        2.278,
        25,
        2.389,
        9.317,
        2.5,
        -5,
        1,
        2.622,
        -20.749,
        2.745,
        -24,
        2.867,
        -24,
        0,
        3.2,
        0,
        2,
        3.6,
        0
      ]
    },
    {
      "Target": "Parameter",
      "Id": "ParamBack3",
      "Segments": [
        0,
        0,
        0,
        0.267,
        1,
        0,
        0.567,
        -16,
        1,
        0.645,
        -16,
        0.722,
        -12.849,
        0.8,
        -1,
        1,
        0.878,
        10.849,
        0.955,
        21,
        1.033,
        21,
        1,
        1.1,
        21,
        1.166,
        13.991,
        1.233,
        1,
        1,
        1.3,
        -11.991,
        1.366,
        -18,
        1.433,
        -18,
        1,
        1.5,
        -18,
        1.566,
        -9.864,
        1.633,
        2,
        1,
        1.711,
        15.842,
        1.789,
        21,
        1.867,
        21,
        1,
        1.967,
        21,
        2.067,
        11.309,
        2.167,
        -1,
        1,
        2.278,
        -14.676,
        2.389,
        -19,
        2.5,
        -19,
        1,
        2.622,
        -19,
        2.745,
        -12.309,
        2.867,
        2,
        1,
        2.978,
        15.008,
        3.089,
        22,
        3.2,
        22,
        0,
        3.6,
        0
      ]
    },
    {
      "Target": "Parameter",
      "Id": "ParamBack4",
      "Segments": [
        0,
        0,
        0,
        0.267,
        12,
        1,
        0.367,
        12,
        0.467,
        6.948,
        0.567,
        -5,
        1,
        0.645,
        -14.293,
        0.722,
        -20,
        0.8,
        -20,
        1,
        0.878,
        -20,
        0.955,
        -18.986,
        1.033,
        -8,
        1,
        1.1,
        1.417,
        1.166,
        19,
        1.233,
        19,
        1,
        1.3,
        19,
        1.366,
        13.588,
        1.433,
        0,
        1,
        1.5,
        -13.588,
        1.566,
        -22,
        1.633,
        -22,
        1,
        1.711,
        -22,
        1.789,
        -13.98,
        1.867,
        -5,
        1,
        1.967,
        6.545,
        2.067,
        10,
        2.167,
        10,
        1,
        2.278,
        10,
        2.389,
        5.52,
        2.5,
        -4,
        1,
        2.622,
        -14.472,
        2.745,
        -20,
        2.867,
        -20,
        1,
        2.978,
        -20,
        3.089,
        -8.953,
        3.2,
        -5,
        1,
        3.333,
        -0.256,
        3.467,
        0,
        3.6,
        0
      ]
    },
    {
      "Target": "Parameter",
      "Id": "ParamBird0",
      "Segments": [
        0,
        0,
        2,
        0.4,
        0,
        0,
        0.5,
        1,
        2,
        2.1,
        1,
        0,
        2.2,
        0,
        2,
        3.6,
        0
      ]
    },
    {
      "Target": "Parameter",
      "Id": "ParamBirdx",
      "Segments": [
        0,
        -26,
        0,
        0.433,
        -28,
        1,
        0.533,
        -28,
        0.633,
        -25.862,
        0.733,
        -21,
        1,
        0.811,
        -17.219,
        0.889,
        -15,
        0.967,
        -15,
        0,
        1.2,
        -16,
        2,
        1.333,
        -16,
        1,
        1.366,
        -16,
        1.4,
        -15.924,
        1.433,
        -15,
        1,
        1.611,
        -10.073,
        1.789,
        -6.164,
        1.967,
        1,
        1,
        2.111,
        6.821,
        2.256,
        18,
        2.4,
        18,
        0,
        3.6,
        0
      ]
    },
    {
      "Target": "Parameter",
      "Id": "ParamBirdy",
      "Segments": [
        0,
        -14,
        0,
        0.433,
        -24,
        1,
        0.533,
        -24,
        0.633,
        -22.903,
        0.733,
        -16,
        1,
        0.811,
        -10.631,
        0.889,
        -2,
        0.967,
        -2,
        1,
        1.045,
        -2,
        1.122,
        -6.292,
        1.2,
        -11,
        1,
        1.244,
        -13.69,
        1.289,
        -14,
        1.333,
        -14,
        1,
        1.366,
        -14,
        1.4,
        -12.848,
        1.433,
        -11,
        1,
        1.478,
        -8.536,
        1.522,
        -5.037,
        1.567,
        -4,
        1,
        1.7,
        -0.89,
        1.834,
        0.697,
        1.967,
        4,
        1,
        2.111,
        7.579,
        2.256,
        11,
        2.4,
        11,
        0,
        3.6,
        0
      ]
    },
    {
      "Target": "Parameter",
      "Id": "ParamBirdz",
      "Segments": [
        0,
        0,
        0,
        0.867,
        -6,
        0,
        1.2,
        25,
        2,
        1.333,
        25,
        0,
        1.433,
        30,
        2,
        1.7,
        30,
        1,
        1.867,
        30,
        2.033,
        4.799,
        2.2,
        -4,
        1,
        2.356,
        -12.212,
        2.511,
        -12,
        2.667,
        -12,
        0,
        3.6,
        0
      ]
    },
    {
      "Target": "Parameter",
      "Id": "ParamBirdhead",
      "Segments": [
        0,
        0,
        0,
        0.733,
        4,
        0,
        1.1,
        -10,
        0,
        1.833,
        1,
        0,
        2.433,
        -10,
        0,
        3.6,
        0
      ]
    },
    {
      "Target": "Parameter",
      "Id": "ParamBirdtear",
      "Segments": [
        0,
        0,
        0,
        0.333,
        2,
        0,
        0.867,
        0,
        0,
        1.367,
        2,
        0,
        1.933,
        0,
        0,
        2.467,
        2,
        0,
        3.6,
        0
      ]
    },
    {
      "Target": "Parameter",
      "Id": "ParamBirdmouth",
      "Segments": [
        0,
        0,
        2,
        1,
        0,
        0,
        1.233,
        -30,
        2,
        1.6,
        -30,
        0,
        1.8,
        0,
        2,
        3.6,
        0
      ]
    },
    {
      "Target": "Parameter",
      "Id": "ParamLwing",
      "Segments": [
        0,
        0,
        2,
        0.8,
        0,
        0,
        0.967,
        -10,
        1,
        1.045,
        -10,
        1.122,
        -10.09,
        1.2,
        -9,
        1,
        1.267,
        -8.066,
        1.333,
        2,
        1.4,
        2,
        0,
        1.633,
        0,
        0,
        1.867,
        3,
        1,
        1.934,
        3,
        2,
        1.667,
        2.067,
        -1,
        1,
        2.134,
        -3.667,
        2.2,
        -5,
        2.267,
        -5,
        0,
        3.6,
        0
      ]
    },
    {
      "Target": "Parameter",
      "Id": "ParamLwing1",
      "Segments": [
        0,
        0,
        0,
        0.8,
        -30,
        2,
        0.967,
        -30,
        0,
        1.233,
        30,
        0,
        1.5,
        -6,
        0,
        1.667,
        30,
        0,
        1.833,
        8,
        0,
        2.1,
        24,
        1,
        2.178,
        24,
        2.255,
        21.443,
        2.333,
        19,
        1,
        2.755,
        5.74,
        3.178,
        0,
        3.6,
        0
      ]
    },
    {
      "Target": "Parameter",
      "Id": "ParamLwing2",
      "Segments": [
        0,
        0,
        0,
        1.8,
        30,
        0,
        1.9,
        -30,
        1,
        1.956,
        -30,
        2.011,
        29,
        2.067,
        29,
        0,
        2.167,
        -24,
        0,
        3.6,
        0
      ]
    },
    {
      "Target": "Parameter",
      "Id": "ParamRwing",
      "Segments": [
        0,
        0,
        0,
        0.8,
        -1,
        0,
        0.967,
        10,
        0,
        1.4,
        -4,
        0,
        1.633,
        0,
        0,
        1.867,
        -5,
        1,
        1.934,
        -5,
        2,
        -2.518,
        2.067,
        1,
        1,
        2.111,
        3.345,
        2.156,
        4,
        2.2,
        4,
        0,
        3.6,
        0
      ]
    },
    {
      "Target": "Parameter",
      "Id": "ParamRwing1",
      "Segments": [
        0,
        0,
        0,
        0.8,
        30,
        2,
        0.967,
        30,
        0,
        1.2,
        -28,
        0,
        1.5,
        12,
        0,
        1.667,
        -30,
        0,
        1.833,
        8,
        0,
        2.1,
        -22,
        1,
        2.178,
        -22,
        2.255,
        -22.726,
        2.333,
        -21,
        1,
        2.755,
        -11.628,
        3.178,
        0,
        3.6,
        0
      ]
    },
    {
      "Target": "Parameter",
      "Id": "ParamRwing2",
      "Segments": [
        0,
        0,
        0,
        1.767,
        30,
        0,
        1.9,
        -30,
        0,
        2.067,
        30,
        0,
        2.233,
        -30,
        0,
        3.6,
        0
      ]
    },
    {
      "Target": "Parameter",
      "Id": "ParamBlleg",
      "Segments": [
        0,
        0,
        0,
        0.5,
        -10,
        0,
        0.867,
        0,
        2,
        1.133,
        0,
        0,
        1.367,
        -10,
        1,
        1.411,
        -10,
        1.456,
        -2.865,
        1.5,
        0,
        1,
        1.622,
        7.88,
        1.745,
        10,
        1.867,
        10,
        0,
        2.2,
        -8,
        0,
        3.6,
        0
      ]
    },
    {
      "Target": "Parameter",
      "Id": "ParamBlfoot",
      "Segments": [
        0,
        0,
        0,
        0.9,
        -10,
        0,
        1.333,
        10,
        2,
        1.467,
        10,
        0,
        1.633,
        -4,
        0,
        3.6,
        0
      ]
    },
    {
      "Target": "Parameter",
      "Id": "ParamBrleg",
      "Segments": [
        0,
        0,
        0,
        0.5,
        -10,
        0,
        0.867,
        0,
        2,
        1.133,
        0,
        0,
        1.367,
        -10,
        0,
        1.5,
        0,
        0,
        1.867,
        -10,
        1,
        1.978,
        -10,
        2.089,
        -8.552,
        2.2,
        -2,
        1,
        2.244,
        0.621,
        2.289,
        10,
        2.333,
        10,
        0,
        3.6,
        0
      ]
    },
    {
      "Target": "Parameter",
      "Id": "ParamBrfoot",
      "Segments": [
        0,
        0,
        0,
        0.9,
        -10,
        0,
        1.333,
        10,
        2,
        1.467,
        10,
        0,
        1.633,
        -9,
        0,
        3.6,
        0
      ]
    },
    {
      "Target": "Parameter",
      "Id": "ParamWindow",
      "Segments": [
        0,
        0,
        0,
        0.9,
        -2,
        0,
        2.033,
        2,
        0,
        3.6,
        0
      ]
    },
    {
      "Target": "Parameter",
      "Id": "ParamCurtain1",
      "Segments": [
        0,
        0,
        1,
        0.144,
        0,
        0.289,
        2.67,
        0.433,
        12,
        1,
        0.589,
        22.048,
        0.744,
        30,
        0.9,
        30,
        1,
        1.044,
        30,
        1.189,
        27.825,
        1.333,
        18,
        1,
        1.433,
        11.198,
        1.533,
        2,
        1.633,
        2,
        1,
        1.733,
        2,
        1.833,
        5.507,
        1.933,
        14,
        1,
        2.044,
        23.436,
        2.156,
        29,
        2.267,
        29,
        1,
        2.356,
        29,
        2.444,
        24.113,
        2.533,
        16,
        1,
        2.655,
        4.845,
        2.778,
        0,
        2.9,
        0,
        0,
        3.267,
        15,
        0,
        3.6,
        0
      ]
    },
    {
      "Target": "Parameter",
      "Id": "ParamCurtain2",
      "Segments": [
        0,
        0,
        0,
        0.433,
        -30,
        1,
        0.589,
        -30,
        0.744,
        -23.106,
        0.9,
        -4,
        1,
        1.044,
        13.741,
        1.189,
        26,
        1.333,
        26,
        1,
        1.433,
        26,
        1.533,
        12.253,
        1.633,
        -6,
        1,
        1.733,
        -24.253,
        1.833,
        -30,
        1.933,
        -30,
        1,
        2.044,
        -30,
        2.156,
        -22.198,
        2.267,
        -1,
        1,
        2.356,
        15.959,
        2.444,
        28,
        2.533,
        28,
        1,
        2.655,
        28,
        2.778,
        10.099,
        2.9,
        -8,
        1,
        3.022,
        -26.099,
        3.145,
        -30,
        3.267,
        -30,
        0,
        3.6,
        0
      ]
    },
    {
      "Target": "Parameter",
      "Id": "ParamBodyAngleY",
      "Segments": [
        0,
        0,
        0,
        3.6,
        0
      ]
    },
    {
      "Target": "Parameter",
      "Id": "ParamEyeRSmile",
      "Segments": [
        0,
        0,
        0,
        3.6,
        0
      ]
    },
    {
      "Target": "Parameter",
      "Id": "ParamBrowLX",
      "Segments": [
        0,
        0,
        0,
        3.6,
        0
      ]
    },
    {
      "Target": "Parameter",
      "Id": "ParamBrowRX",
      "Segments": [
        0,
        0,
        0,
        3.6,
        0
      ]
    },
    {
      "Target": "Parameter",
      "Id": "ParamBreath",
      "Segments": [
        0,
        0,
        0,
        3.6,
        0
      ]
    },
    {
      "Target": "Parameter",
      "Id": "ParamHighlightsize",
      "Segments": [
        0,
        0,
        0,
        3.6,
        0
      ]
    },
    {
      "Target": "Parameter",
      "Id": "ParamBrowLForm",
      "Segments": [
        0,
        0,
        0,
        3.6,
        0
      ]
    },
    {
      "Target": "Parameter",
      "Id": "ParamBrowRForm",
      "Segments": [
        0,
        0,
        0,
        3.6,
        0
      ]
    },
    {
      "Target": "Parameter",
      "Id": "ParamMouthForm",
      "Segments": [
        0,
        0,
        0,
        3.6,
        0
      ]
    },
    {
      "Target": "Parameter",
      "Id": "ParamNose",
      "Segments": [
        0,
        0,
        0,
        3.6,
        0
      ]
    },
    {
      "Target": "Parameter",
      "Id": "ParamCheek",
      "Segments": [
        0,
        0,
        0,
        3.6,
        0
      ]
    },
    {
      "Target": "Parameter",
      "Id": "ParamAngry",
      "Segments": [
        0,
        0,
        0,
        3.6,
        0
      ]
    },
    {
      "Target": "Parameter",
      "Id": "ParamQuestion",
      "Segments": [
        0,
        0,
        0,
        3.6,
        0
      ]
    },
    {
      "Target": "Parameter",
      "Id": "ParamHoshi0",
      "Segments": [
        0,
        0,
        0,
        3.6,
        0
      ]
    },
    {
      "Target": "Parameter",
      "Id": "ParamHoshi",
      "Segments": [
        0,
        0,
        0,
        3.6,
        0
      ]
    },
    {
      "Target": "Parameter",
      "Id": "ParamZ0",
      "Segments": [
        0,
        0,
        0,
        3.6,
        0
      ]
    },
    {
      "Target": "Parameter",
      "Id": "ParamZ",
      "Segments": [
        0,
        0,
        0,
        3.6,
        0
      ]
    },
    {
      "Target": "Parameter",
      "Id": "ParamIDW",
      "Segments": [
        0,
        1,
        0,
        3.6,
        1
      ]
    },
    {
      "Target": "Parameter",
      "Id": "ParamWindowlayer",
      "Segments": [
        0,
        0,
        0,
        3.6,
        0
      ]
    },
    {
      "Target": "Parameter",
      "Id": "ParamPz",
      "Segments": [
        0,
        -16,
        0,
        3.6,
        -16
      ]
    },
    {
      "Target": "Parameter",
      "Id": "ParamZoom",
      "Segments": [
        0,
        0,
        0,
        3.6,
        0
      ]
    },
    {
      "Target": "Parameter",
      "Id": "ParamTailangry",
      "Segments": [
        0,
        0,
        0,
        3.6,
        0
      ]
    },
    {
      "Target": "Parameter",
      "Id": "ParamLforearmchange",
      "Segments": [
        0,
        10,
        0,
        3.6,
        10
      ]
    },
    {
      "Target": "Parameter",
      "Id": "ParamRforearmx",
      "Segments": [
        0,
        0,
        0,
        3.6,
        0
      ]
    },
    {
      "Target": "Parameter",
      "Id": "ParamRhandchange",
      "Segments": [
        0,
        10,
        0,
        3.6,
        10
      ]
    },
    {
      "Target": "Parameter",
      "Id": "ParamLleg",
      "Segments": [
        0,
        0,
        0,
        3.6,
        0
      ]
    },
    {
      "Target": "Parameter",
      "Id": "ParamLforeleg",
      "Segments": [
        0,
        0,
        0,
        3.6,
        0
      ]
    },
    {
      "Target": "Parameter",
      "Id": "ParamLfoot",
      "Segments": [
        0,
        0,
        0,
        3.6,
        0
      ]
    },
    {
      "Target": "Parameter",
      "Id": "ParamRleg",
      "Segments": [
        0,
        0,
        0,
        3.6,
        0
      ]
    },
    {
      "Target": "Parameter",
      "Id": "ParamRforeleg",
      "Segments": [
        0,
        0,
        0,
        3.6,
        0
      ]
    },
    {
      "Target": "Parameter",
      "Id": "ParamRfoot",
      "Segments": [
        0,
        0,
        0,
        3.6,
        0
      ]
    },
    {
      "Target": "Parameter",
      "Id": "ParamBirdeye",
      "Segments": [
        0,
        0,
        0,
        3.6,
        0
      ]
    },
    {
      "Target": "Parameter",
      "Id": "ParamFishlocation",
      "Segments": [
        0,
        0,
        0,
        3.6,
        0
      ]
    },
    {
      "Target": "Parameter",
      "Id": "ParamBirdshiba",
      "Segments": [
        0,
        0,
        0,
        3.6,
        0
      ]
    },
    {
      "Target": "Parameter",
      "Id": "ParamBow",
      "Segments": [
        0,
        0,
        0,
        3.6,
        0
      ]
    },
    {
      "Target": "Parameter",
      "Id": "ParamBow0",
      "Segments": [
        0,
        0,
        0,
        3.6,
        0
      ]
    },
    {
      "Target": "Parameter",
      "Id": "ParamWater",
      "Segments": [
        0,
        0,
        0,
        3.6,
        0
      ]
    },
    {
      "Target": "Parameter",
      "Id": "ParamWater0",
      "Segments": [
        0,
        0,
        0,
        3.6,
        0
      ]
    },
    {
      "Target": "Parameter",
      "Id": "ParamBlackback",
      "Segments": [
        0,
        0,
        0,
        3.6,
        0
      ]
    },
    {
      "Target": "Parameter",
      "Id": "ParamBlackfront",
      "Segments": [
        0,
        0,
        0,
        3.6,
        0
      ]
    }
  ],
  "UserData": [
    {
      "Time": 0.0,
      "Value": ""
    }
  ]
}