{
  "Version": 3,
  "Meta": {
    "Duration": 6.0,
    "Fps": 30.0,
    "Loop": true,
    "AreBeziersRestricted": true,
    "CurveCount": 99,
    "TotalSegmentCount": 455,
    "TotalPointCount": 867,
    "UserDataCount": 1,
    "TotalUserDataSize": 0
  },
  "Curves": [
    {
      "Target": "Parameter",
      "Id": "ParamAngleX",
      "Segments": [
        0,
        0,
        1,
        0.244,
        0,
        0.489,
        -5.125,
        0.733,
        -8,
        1,
        0.844,
        -9.307,
        0.956,
        -9,
        1.067,
        -9,
        2,
        1.367,
        -9,
        1,
        1.445,
        -9,
        1.522,
        -11.141,
        1.6,
        -12,
        1,
        1.689,
        -12.981,
        1.778,
        -12.869,
        1.867,
        -14,
        1,
        1.956,
        -15.131,
        2.044,
        -22,
        2.133,
        -22,
        0,
        4.267,
        1,
        0,
        5.1,
        -6,
        0,
        6,
        0
      ]
    },
    {
      "Target": "Parameter",
      "Id": "ParamAngleY",
      "Segments": [
        0,
        0,
        0,
        0.733,
        -30,
        0,
        1.067,
        -18,
        0,
        1.367,
        -30,
        0,
        1.6,
        -12,
        0,
        1.867,
        -30,
        0,
        2.133,
        30,
        1,
        2.844,
        30,
        3.556,
        20.77,
        4.267,
        -6,
        1,
        4.545,
        -16.457,
        4.822,
        -29,
        5.1,
        -29,
        0,
        6,
        0
      ]
    },
    {
      "Target": "Parameter",
      "Id": "ParamAngleZ",
      "Segments": [
        0,
        0,
        0,
        0.733,
        22,
        2,
        2,
        22,
        0,
        4.267,
        0,
        0,
        5.1,
        14,
        0,
        6,
        0
      ]
    },
    {
      "Target": "Parameter",
      "Id": "ParamEyeLOpen",
      "Segments": [
        0,
        1,
        1,
        0.244,
        1.002,
        0.489,
        -0.002,
        0.733,
        0,
        1,
        1.544,
        0,
        2.356,
        0.036,
        3.167,
        0.119,
        1,
        3.578,
        0.161,
        3.989,
        0.215,
        4.4,
        0.283,
        1,
        4.6,
        0.309,
        4.8,
        0.365,
        5,
        0.526,
        1,
        5.211,
        0.696,
        5.422,
        1.001,
        5.633,
        1,
        2,
        6,
        1
      ]
    },
    {
      "Target": "Parameter",
      "Id": "ParamEyeROpen",
      "Segments": [
        0,
        1,
        1,
        0.244,
        1.002,
        0.489,
        -0.002,
        0.733,
        0,
        2,
        2.233,
        0,
        0,
        4.5,
        0.5,
        1,
        4.656,
        0.498,
        4.811,
        0.002,
        4.967,
        0,
        1,
        5.189,
        -0.002,
        5.411,
        1.002,
        5.633,
        1,
        2,
        6,
        1
      ]
    },
    {
      "Target": "Parameter",
      "Id": "ParamEyeSmile",
      "Segments": [
        0,
        1,
        0,
        0.733,
        0,
        2,
        2.367,
        0,
        0,
        6,
        1
      ]
    },
    {
      "Target": "Parameter",
      "Id": "ParamBrowLY",
      "Segments": [
        0,
        0,
        0,
        0.567,
        -0.6,
        0,
        3.867,
        0,
        2,
        6,
        0
      ]
    },
    {
      "Target": "Parameter",
      "Id": "ParamBrowLAngle",
      "Segments": [
        0,
        0,
        0,
        0.567,
        0.8,
        0,
        3.867,
        0,
        2,
        6,
        0
      ]
    },
    {
      "Target": "Parameter",
      "Id": "ParamBrowRY",
      "Segments": [
        0,
        0,
        0,
        0.567,
        -0.6,
        0,
        3.867,
        0,
        0,
        4.9,
        -0.1,
        0,
        6,
        0
      ]
    },
    {
      "Target": "Parameter",
      "Id": "ParamBrowRAngle",
      "Segments": [
        0,
        0,
        0,
        0.567,
        1,
        0,
        3.867,
        0,
        0,
        4.9,
        0.8,
        0,
        6,
        0
      ]
    },
    {
      "Target": "Parameter",
      "Id": "ParamMouthOpenY",
      "Segments": [
        0,
        0.424,
        1,
        0.022,
        0.43,
        0.045,
        0.81,
        0.067,
        0.816,
        2,
        0.133,
        0.816,
        1,
        0.155,
        0.811,
        0.178,
        0.499,
        0.2,
        0.494,
        1,
        0.267,
        0.491,
        0.333,
        0.921,
        0.4,
        0.918,
        1,
        0.467,
        0.921,
        0.533,
        0.53,
        0.6,
        0.533,
        1,
        0.622,
        0.536,
        0.645,
        0.538,
        0.667,
        0.541,
        1,
        0.778,
        0.539,
        0.889,
        0.049,
        1,
        0.047,
        1,
        1.067,
        0.045,
        1.133,
        0.371,
        1.2,
        0.369,
        1,
        1.267,
        0.372,
        1.333,
        -0.003,
        1.4,
        0,
        1,
        1.444,
        0,
        1.489,
        0.134,
        1.533,
        0.312,
        1,
        1.589,
        0.53,
        1.644,
        0.836,
        1.7,
        1,
        2,
        1.833,
        1,
        1,
        1.866,
        0.801,
        1.9,
        0.189,
        1.933,
        0.204,
        1,
        1.966,
        0.204,
        2,
        0.711,
        2.033,
        0.965,
        3,
        2.067,
        1,
        1,
        2.078,
        1.028,
        2.089,
        0.982,
        2.1,
        0.773,
        1,
        2.111,
        0.615,
        2.122,
        0.431,
        2.133,
        0.439,
        1,
        2.155,
        0.445,
        2.178,
        0.685,
        2.2,
        0.945,
        3,
        2.233,
        1,
        2,
        2.267,
        1,
        2,
        2.3,
        0.761,
        1,
        2.311,
        0.435,
        2.322,
        0.054,
        2.333,
        0.071,
        1,
        2.366,
        0.041,
        2.4,
        0.825,
        2.433,
        1,
        2,
        2.467,
        1,
        2,
        2.5,
        0.757,
        1,
        2.511,
        0.51,
        2.522,
        0.223,
        2.533,
        0.235,
        1,
        2.578,
        0.22,
        2.622,
        1.057,
        2.667,
        1,
        1,
        2.689,
        1.037,
        2.711,
        0.192,
        2.733,
        0.188,
        1,
        2.744,
        0.172,
        2.756,
        0.552,
        2.767,
        0.878,
        3,
        2.8,
        1,
        2,
        2.9,
        1,
        2,
        2.933,
        0.984,
        1,
        2.978,
        0.696,
        3.022,
        0.397,
        3.067,
        0.4,
        1,
        3.089,
        0.403,
        3.111,
        0.601,
        3.133,
        0.604,
        1,
        3.289,
        0.602,
        3.444,
        0.002,
        3.6,
        0,
        2,
        5,
        0,
        1,
        5.078,
        -0.008,
        5.155,
        1.008,
        5.233,
        1,
        1,
        5.489,
        1.002,
        5.744,
        -0.002,
        6,
        0
      ]
    },
    {
      "Target": "Parameter",
      "Id": "ParamZ0",
      "Segments": [
        0,
        0,
        2,
        3.267,
        0,
        0,
        3.467,
        1,
        2,
        4.2,
        1,
        0,
        4.3,
        0,
        2,
        6,
        0
      ]
    },
    {
      "Target": "Parameter",
      "Id": "ParamZ",
      "Segments": [
        0,
        0,
        2,
        3.267,
        0,
        0,
        4.433,
        2,
        0,
        6,
        0
      ]
    },
    {
      "Target": "Parameter",
      "Id": "ParamBodyAngleX",
      "Segments": [
        0,
        0,
        2,
        3.967,
        0,
        0,
        4.8,
        4,
        0,
        5.4,
        -10,
        0,
        6,
        0
      ]
    },
    {
      "Target": "Parameter",
      "Id": "ParamBodyAngleZ",
      "Segments": [
        0,
        0,
        2,
        4.367,
        0,
        0,
        4.867,
        -5,
        0,
        5.4,
        2,
        0,
        6,
        0
      ]
    },
    {
      "Target": "Parameter",
      "Id": "ParamIDW",
      "Segments": [
        0,
        1,
        2,
        3.2,
        1,
        0,
        3.3,
        0,
        2,
        3.967,
        0,
        0,
        4.4,
        1,
        2,
        6,
        1
      ]
    },
    {
      "Target": "Parameter",
      "Id": "ParamWindowlayer",
      "Segments": [
        0,
        0,
        2,
        0.867,
        0,
        0,
        0.9,
        1,
        2,
        3.3,
        1,
        2,
        5.033,
        1,
        0,
        5.067,
        0,
        2,
        6,
        0
      ]
    },
    {
      "Target": "Parameter",
      "Id": "ParamPx",
      "Segments": [
        0,
        -10,
        2,
        0.333,
        -10,
        1,
        0.655,
        -10,
        0.978,
        -13.062,
        1.3,
        -16,
        1,
        1.811,
        -20.66,
        2.322,
        -22,
        2.833,
        -22,
        0,
        3.333,
        -21,
        2,
        4.567,
        -21,
        0,
        5.067,
        -10,
        2,
        6,
        -10
      ]
    },
    {
      "Target": "Parameter",
      "Id": "ParamPy",
      "Segments": [
        0,
        -15,
        0,
        0.533,
        -16,
        0,
        1.233,
        -15,
        1,
        1.411,
        -15,
        1.589,
        -18.342,
        1.767,
        -20,
        1,
        2.122,
        -23.316,
        2.478,
        -25.279,
        2.833,
        -28,
        1,
        3,
        -29.275,
        3.166,
        -30,
        3.333,
        -30,
        2,
        4.567,
        -30,
        1,
        4.611,
        -30,
        4.656,
        -22.766,
        4.7,
        -21,
        1,
        4.822,
        -16.142,
        4.945,
        -15,
        5.067,
        -15,
        2,
        6,
        -15
      ]
    },
    {
      "Target": "Parameter",
      "Id": "ParamTail1",
      "Segments": [
        0,
        0,
        0,
        0.3,
        1,
        0,
        0.667,
        -5,
        1,
        0.789,
        -5,
        0.911,
        -3.759,
        1.033,
        0,
        1,
        1.166,
        4.101,
        1.3,
        7,
        1.433,
        7,
        0,
        1.833,
        0,
        2,
        4.733,
        0,
        0,
        5.2,
        10,
        0,
        5.633,
        -4,
        0,
        6,
        0
      ]
    },
    {
      "Target": "Parameter",
      "Id": "ParamTail2",
      "Segments": [
        0,
        0,
        0,
        0.3,
        9,
        1,
        0.422,
        9,
        0.545,
        4.463,
        0.667,
        -1,
        1,
        0.789,
        -6.463,
        0.911,
        -8,
        1.033,
        -8,
        1,
        1.166,
        -8,
        1.3,
        -5.304,
        1.433,
        -1,
        1,
        1.566,
        3.304,
        1.7,
        5,
        1.833,
        5,
        0,
        4.733,
        0,
        0,
        5.2,
        6,
        1,
        5.344,
        6,
        5.489,
        2.323,
        5.633,
        1,
        1,
        5.755,
        -0.12,
        5.878,
        0,
        6,
        0
      ]
    },
    {
      "Target": "Parameter",
      "Id": "ParamLarm",
      "Segments": [
        0,
        -15,
        0,
        0.733,
        8,
        0,
        0.967,
        -1,
        0,
        1.233,
        5,
        1,
        1.333,
        5,
        1.433,
        -3.109,
        1.533,
        -4,
        1,
        1.655,
        -5.089,
        1.778,
        -5,
        1.9,
        -5,
        1,
        2.011,
        -5,
        2.122,
        11.144,
        2.233,
        14,
        1,
        2.355,
        17.142,
        2.478,
        17,
        2.6,
        17,
        0,
        4.467,
        4,
        0,
        4.7,
        12,
        1,
        4.744,
        12,
        4.789,
        12.073,
        4.833,
        9,
        1,
        5.044,
        -5.597,
        5.256,
        -16,
        5.467,
        -16,
        0,
        6,
        -15
      ]
    },
    {
      "Target": "Parameter",
      "Id": "ParamLforearm",
      "Segments": [
        0,
        15,
        0,
        0.733,
        -24,
        2,
        2.233,
        -24,
        0,
        3.333,
        -25,
        0,
        4.367,
        -17,
        0,
        4.567,
        -22,
        0,
        4.833,
        30,
        2,
        5.067,
        30,
        0,
        6,
        15
      ]
    },
    {
      "Target": "Parameter",
      "Id": "ParamLforearmchange",
      "Segments": [
        0,
        10,
        2,
        3.333,
        10,
        0,
        4.367,
        0,
        2,
        4.433,
        0,
        2,
        4.833,
        0,
        0,
        5.367,
        10,
        2,
        6,
        10
      ]
    },
    {
      "Target": "Parameter",
      "Id": "ParamLhand",
      "Segments": [
        0,
        0,
        0,
        0.733,
        30,
        2,
        2.233,
        30,
        0,
        6,
        0
      ]
    },
    {
      "Target": "Parameter",
      "Id": "ParamLfinger",
      "Segments": [
        0,
        0,
        0,
        0.767,
        -16,
        0,
        1.3,
        7,
        0,
        1.9,
        -6,
        0,
        2.5,
        13,
        1,
        3.222,
        13,
        3.945,
        10.435,
        4.667,
        0,
        1,
        4.878,
        -3.05,
        5.089,
        -22,
        5.3,
        -22,
        0,
        6,
        0
      ]
    },
    {
      "Target": "Parameter",
      "Id": "ParamRarm",
      "Segments": [
        0,
        0,
        0,
        0.867,
        19,
        0,
        1.3,
        -2,
        1,
        1.544,
        -2,
        1.789,
        13.902,
        2.033,
        23,
        1,
        2.222,
        30.03,
        2.411,
        30,
        2.6,
        30,
        0,
        4.367,
        19,
        0,
        4.667,
        30,
        1,
        4.778,
        30,
        4.889,
        30.818,
        5,
        24,
        1,
        5.167,
        13.774,
        5.333,
        -12,
        5.5,
        -12,
        0,
        6,
        0
      ]
    },
    {
      "Target": "Parameter",
      "Id": "ParamRforearm",
      "Segments": [
        0,
        -15,
        0,
        0.867,
        -30,
        0,
        1.3,
        12,
        0,
        2.033,
        -16,
        1,
        2.222,
        -16,
        2.411,
        -15.295,
        2.6,
        -14,
        1,
        3.189,
        -9.963,
        3.778,
        -8,
        4.367,
        -8,
        0,
        4.667,
        -30,
        2,
        5,
        -30,
        0,
        6,
        -15
      ]
    },
    {
      "Target": "Parameter",
      "Id": "ParamRhand",
      "Segments": [
        0,
        0,
        1,
        0.222,
        0,
        0.445,
        -1.18,
        0.667,
        -10,
        1,
        0.867,
        -17.938,
        1.067,
        -30,
        1.267,
        -30,
        0,
        2.5,
        -6,
        0,
        3.233,
        -30,
        0,
        4.667,
        30,
        0,
        5.5,
        -19,
        0,
        6,
        0
      ]
    },
    {
      "Target": "Parameter",
      "Id": "ParamRhandchange",
      "Segments": [
        0,
        10,
        2,
        2.6,
        10,
        0,
        4.667,
        0,
        2,
        5.233,
        0,
        0,
        5.533,
        10,
        2,
        6,
        10
      ]
    },
    {
      "Target": "Parameter",
      "Id": "ParamRfinger",
      "Segments": [
        0,
        0,
        0,
        0.767,
        -30,
        0,
        1.467,
        30,
        0,
        2.6,
        0,
        2,
        6,
        0
      ]
    },
    {
      "Target": "Parameter",
      "Id": "ParamHairFront",
      "Segments": [
        0,
        0,
        1,
        0.1,
        0,
        0.2,
        0.187,
        0.3,
        -1,
        1,
        0.4,
        -2.187,
        0.5,
        -22,
        0.6,
        -22,
        1,
        0.711,
        -22,
        0.822,
        -16.84,
        0.933,
        -2,
        1,
        1.033,
        11.356,
        1.133,
        21,
        1.233,
        21,
        1,
        1.355,
        21,
        1.478,
        12.196,
        1.6,
        -2,
        1,
        1.7,
        -13.615,
        1.8,
        -18,
        1.9,
        -18,
        1,
        1.989,
        -18,
        2.078,
        -16.413,
        2.167,
        -5,
        1,
        2.256,
        6.413,
        2.344,
        21,
        2.433,
        21,
        1,
        2.666,
        21,
        2.9,
        15.417,
        3.133,
        -1,
        1,
        3.255,
        -9.599,
        3.378,
        -18,
        3.5,
        -18,
        1,
        3.7,
        -18,
        3.9,
        -14.23,
        4.1,
        0,
        1,
        4.178,
        5.534,
        4.255,
        18,
        4.333,
        18,
        1,
        4.411,
        18,
        4.489,
        5.897,
        4.567,
        -3,
        1,
        4.645,
        -11.897,
        4.722,
        -13,
        4.8,
        -13,
        1,
        4.867,
        -13,
        4.933,
        -10.001,
        5,
        2,
        1,
        5.056,
        12.001,
        5.111,
        22,
        5.167,
        22,
        1,
        5.245,
        22,
        5.322,
        11.35,
        5.4,
        0,
        1,
        5.478,
        -11.35,
        5.555,
        -14,
        5.633,
        -14,
        0,
        5.8,
        1,
        0,
        6,
        0
      ]
    },
    {
      "Target": "Parameter",
      "Id": "ParamFore2",
      "Segments": [
        0,
        0,
        0,
        0.3,
        30,
        1,
        0.4,
        30,
        0.5,
        12.493,
        0.6,
        -2,
        1,
        0.711,
        -18.103,
        0.822,
        -21,
        0.933,
        -21,
        1,
        1.033,
        -21,
        1.133,
        -11.686,
        1.233,
        1,
        1,
        1.355,
        16.505,
        1.478,
        22,
        1.6,
        22,
        1,
        1.7,
        22,
        1.8,
        16.282,
        1.9,
        -1,
        1,
        1.989,
        -16.362,
        2.078,
        -28,
        2.167,
        -28,
        1,
        2.256,
        -28,
        2.344,
        -14.018,
        2.433,
        -5,
        1,
        2.666,
        18.673,
        2.9,
        26,
        3.133,
        26,
        1,
        3.255,
        26,
        3.378,
        13.717,
        3.5,
        0,
        1,
        3.7,
        -22.447,
        3.9,
        -30,
        4.1,
        -30,
        1,
        4.178,
        -30,
        4.255,
        -13.8,
        4.333,
        0,
        1,
        4.411,
        13.8,
        4.489,
        16,
        4.567,
        16,
        1,
        4.645,
        16,
        4.722,
        11.882,
        4.8,
        -2,
        1,
        4.867,
        -13.899,
        4.933,
        -24,
        5,
        -24,
        1,
        5.056,
        -24,
        5.111,
        -13.04,
        5.167,
        -1,
        1,
        5.245,
        15.855,
        5.322,
        21,
        5.4,
        21,
        1,
        5.478,
        21,
        5.555,
        14.117,
        5.633,
        -5,
        1,
        5.689,
        -18.655,
        5.744,
        -29,
        5.8,
        -29,
        0,
        6,
        0
      ]
    },
    {
      "Target": "Parameter",
      "Id": "ParamHairSide",
      "Segments": [
        0,
        0,
        0,
        0.233,
        17,
        1,
        0.344,
        17,
        0.456,
        14.686,
        0.567,
        3,
        1,
        0.678,
        -8.686,
        0.789,
        -21,
        0.9,
        -21,
        1,
        1.011,
        -21,
        1.122,
        -13.325,
        1.233,
        1,
        1,
        1.344,
        15.325,
        1.456,
        22,
        1.567,
        22,
        1,
        1.667,
        22,
        1.767,
        15.941,
        1.867,
        3,
        1,
        1.978,
        -11.379,
        2.089,
        -19,
        2.2,
        -19,
        1,
        2.289,
        -19,
        2.378,
        -1.342,
        2.467,
        -1,
        1,
        2.7,
        -0.101,
        2.934,
        0,
        3.167,
        0,
        2,
        4.133,
        0,
        0,
        4.367,
        18,
        1,
        4.434,
        18,
        4.5,
        11.09,
        4.567,
        0,
        1,
        4.656,
        -14.787,
        4.744,
        -21,
        4.833,
        -21,
        1,
        4.9,
        -21,
        4.966,
        -16.403,
        5.033,
        0,
        1,
        5.089,
        13.669,
        5.144,
        26,
        5.2,
        26,
        1,
        5.256,
        26,
        5.311,
        14.06,
        5.367,
        1,
        1,
        5.434,
        -14.672,
        5.5,
        -19,
        5.567,
        -19,
        0,
        5.733,
        0,
        2,
        6,
        0
      ]
    },
    {
      "Target": "Parameter",
      "Id": "ParamSide2",
      "Segments": [
        0,
        0,
        0,
        0.233,
        -6,
        0,
        0.567,
        29,
        1,
        0.678,
        29,
        0.789,
        4.479,
        0.9,
        -8,
        1,
        1.011,
        -20.479,
        1.122,
        -21,
        1.233,
        -21,
        1,
        1.344,
        -21,
        1.456,
        -13.736,
        1.567,
        1,
        1,
        1.667,
        14.263,
        1.767,
        21,
        1.867,
        21,
        1,
        1.978,
        21,
        2.089,
        13.986,
        2.2,
        -4,
        1,
        2.289,
        -18.389,
        2.378,
        -28,
        2.467,
        -28,
        0,
        3.167,
        0,
        2,
        4.133,
        0,
        0,
        4.367,
        -6,
        0,
        4.567,
        24,
        1,
        4.656,
        24,
        4.744,
        15.14,
        4.833,
        -2,
        1,
        4.9,
        -14.855,
        4.966,
        -21,
        5.033,
        -21,
        1,
        5.089,
        -21,
        5.144,
        -16.841,
        5.2,
        -2,
        1,
        5.256,
        12.841,
        5.311,
        25,
        5.367,
        25,
        1,
        5.434,
        25,
        5.5,
        6.688,
        5.567,
        -5,
        1,
        5.622,
        -14.74,
        5.678,
        -15,
        5.733,
        -15,
        0,
        6,
        0
      ]
    },
    {
      "Target": "Parameter",
      "Id": "ParamHairBack",
      "Segments": [
        0,
        0,
        0,
        0.333,
        29,
        1,
        0.433,
        29,
        0.533,
        19.001,
        0.633,
        2,
        1,
        0.744,
        -16.89,
        0.856,
        -25,
        0.967,
        -25,
        1,
        1.089,
        -25,
        1.211,
        -17.71,
        1.333,
        1,
        1,
        1.444,
        18.009,
        1.556,
        29,
        1.667,
        29,
        1,
        1.778,
        29,
        1.889,
        20.235,
        2,
        1,
        1,
        2.089,
        -14.388,
        2.178,
        -23,
        2.267,
        -23,
        1,
        2.378,
        -23,
        2.489,
        -1.086,
        2.6,
        -1,
        1,
        3.122,
        -0.597,
        3.645,
        -0.389,
        4.167,
        0,
        1,
        4.256,
        0.066,
        4.344,
        21,
        4.433,
        21,
        1,
        4.5,
        21,
        4.566,
        16.123,
        4.633,
        3,
        1,
        4.711,
        -12.31,
        4.789,
        -22,
        4.867,
        -22,
        1,
        4.945,
        -22,
        5.022,
        -16.827,
        5.1,
        -2,
        1,
        5.167,
        10.709,
        5.233,
        20,
        5.3,
        20,
        1,
        5.378,
        20,
        5.455,
        16.141,
        5.533,
        2,
        1,
        5.611,
        -12.141,
        5.689,
        -24,
        5.767,
        -24,
        0,
        6,
        0
      ]
    },
    {
      "Target": "Parameter",
      "Id": "ParamBack2",
      "Segments": [
        0,
        0,
        0,
        0.333,
        -6,
        0,
        0.633,
        28,
        1,
        0.744,
        28,
        0.856,
        20.349,
        0.967,
        2,
        1,
        1.089,
        -18.184,
        1.211,
        -30,
        1.333,
        -30,
        1,
        1.444,
        -30,
        1.556,
        -17.757,
        1.667,
        0,
        1,
        1.778,
        17.757,
        1.889,
        24,
        2,
        24,
        1,
        2.089,
        24,
        2.178,
        11.653,
        2.267,
        -2,
        1,
        2.378,
        -19.066,
        2.489,
        -24,
        2.6,
        -24,
        1,
        3.122,
        -24,
        3.645,
        -7.486,
        4.167,
        0,
        1,
        4.256,
        1.274,
        4.344,
        0.448,
        4.433,
        1,
        1,
        4.5,
        1.414,
        4.566,
        21,
        4.633,
        21,
        1,
        4.711,
        21,
        4.789,
        9.921,
        4.867,
        -4,
        1,
        4.945,
        -17.921,
        5.022,
        -22,
        5.1,
        -22,
        1,
        5.167,
        -22,
        5.233,
        -21.32,
        5.3,
        -11,
        1,
        5.378,
        1.04,
        5.455,
        18,
        5.533,
        18,
        0,
        5.767,
        -4,
        0,
        6,
        0
      ]
    },
    {
      "Target": "Parameter",
      "Id": "ParamBack3",
      "Segments": [
        0,
        0,
        0,
        0.333,
        27,
        1,
        0.444,
        27,
        0.556,
        17.761,
        0.667,
        5,
        1,
        0.778,
        -7.761,
        0.889,
        -12,
        1,
        -12,
        1,
        1.1,
        -12,
        1.2,
        -10.877,
        1.3,
        0,
        1,
        1.4,
        10.877,
        1.5,
        27,
        1.6,
        27,
        1,
        1.689,
        27,
        1.778,
        16.101,
        1.867,
        2,
        1,
        1.967,
        -13.863,
        2.067,
        -19,
        2.167,
        -19,
        0,
        2.433,
        1,
        0,
        3.133,
        0,
        2,
        4.167,
        0,
        0,
        4.467,
        2,
        0,
        4.7,
        -19,
        1,
        4.767,
        -19,
        4.833,
        -9.313,
        4.9,
        3,
        1,
        4.978,
        17.365,
        5.055,
        22,
        5.133,
        22,
        1,
        5.2,
        22,
        5.266,
        16.766,
        5.333,
        1,
        1,
        5.411,
        -17.394,
        5.489,
        -30,
        5.567,
        -30,
        0,
        5.8,
        2,
        0,
        6,
        0
      ]
    },
    {
      "Target": "Parameter",
      "Id": "ParamBack4",
      "Segments": [
        0,
        0,
        0,
        0.333,
        -4,
        0,
        0.667,
        19,
        1,
        0.778,
        19,
        0.889,
        7.411,
        1,
        -6,
        1,
        1.1,
        -18.07,
        1.2,
        -21,
        1.3,
        -21,
        1,
        1.4,
        -21,
        1.5,
        -16.674,
        1.6,
        -2,
        1,
        1.689,
        11.044,
        1.778,
        22,
        1.867,
        22,
        1,
        1.967,
        22,
        2.067,
        16.573,
        2.167,
        0,
        1,
        2.256,
        -14.731,
        2.344,
        -26,
        2.433,
        -26,
        0,
        3.133,
        0,
        2,
        4.167,
        0,
        0,
        4.467,
        21,
        1,
        4.545,
        21,
        4.622,
        10.384,
        4.7,
        -4,
        1,
        4.767,
        -16.329,
        4.833,
        -20,
        4.9,
        -20,
        1,
        4.978,
        -20,
        5.055,
        -18.513,
        5.133,
        -4,
        1,
        5.2,
        8.44,
        5.266,
        30,
        5.333,
        30,
        1,
        5.411,
        30,
        5.489,
        14.408,
        5.567,
        -5,
        1,
        5.645,
        -24.408,
        5.722,
        -30,
        5.8,
        -30,
        0,
        6,
        0
      ]
    },
    {
      "Target": "Parameter",
      "Id": "ParamWindow",
      "Segments": [
        0,
        0,
        0,
        0.967,
        -2,
        0,
        2.233,
        2,
        0,
        3.567,
        -2,
        0,
        5,
        2,
        0,
        6,
        0
      ]
    },
    {
      "Target": "Parameter",
      "Id": "ParamCurtain1",
      "Segments": [
        0,
        0,
        1,
        0.167,
        0,
        0.333,
        2.299,
        0.5,
        12,
        1,
        0.656,
        21.054,
        0.811,
        30,
        0.967,
        30,
        1,
        1.111,
        30,
        1.256,
        26.87,
        1.4,
        18,
        1,
        1.556,
        8.448,
        1.711,
        2,
        1.867,
        2,
        1,
        2.034,
        2,
        2.2,
        3.452,
        2.367,
        12,
        1,
        2.522,
        19.978,
        2.678,
        30,
        2.833,
        30,
        1,
        2.978,
        30,
        3.122,
        26.87,
        3.267,
        18,
        1,
        3.422,
        8.448,
        3.578,
        2,
        3.733,
        2,
        1,
        3.922,
        2,
        4.111,
        3.398,
        4.3,
        12,
        1,
        4.467,
        19.59,
        4.633,
        30,
        4.8,
        30,
        1,
        4.967,
        30,
        5.133,
        19.179,
        5.3,
        12,
        1,
        5.533,
        1.949,
        5.767,
        0,
        6,
        0
      ]
    },
    {
      "Target": "Parameter",
      "Id": "ParamCurtain2",
      "Segments": [
        0,
        0,
        0,
        0.5,
        -30,
        1,
        0.656,
        -30,
        0.811,
        -23.106,
        0.967,
        -4,
        1,
        1.111,
        13.741,
        1.256,
        26,
        1.4,
        26,
        1,
        1.556,
        26,
        1.711,
        11.396,
        1.867,
        -6,
        1,
        2.034,
        -24.639,
        2.2,
        -30,
        2.367,
        -30,
        1,
        2.522,
        -30,
        2.678,
        -23.106,
        2.833,
        -4,
        1,
        2.978,
        13.741,
        3.122,
        26,
        3.267,
        26,
        1,
        3.422,
        26,
        3.578,
        9.817,
        3.733,
        -6,
        1,
        3.922,
        -25.206,
        4.111,
        -30,
        4.3,
        -30,
        1,
        4.467,
        -30,
        4.633,
        -22.272,
        4.8,
        -4,
        1,
        4.967,
        14.272,
        5.133,
        25,
        5.3,
        25,
        0,
        6,
        0
      ]
    },
    {
      "Target": "Parameter",
      "Id": "ParamBodyAngleY",
      "Segments": [
        0,
        0,
        0,
        6,
        0
      ]
    },
    {
      "Target": "Parameter",
      "Id": "ParamEyeRSmile",
      "Segments": [
        0,
        0,
        0,
        6,
        0
      ]
    },
    {
      "Target": "Parameter",
      "Id": "ParamBrowLX",
      "Segments": [
        0,
        0,
        0,
        6,
        0
      ]
    },
    {
      "Target": "Parameter",
      "Id": "ParamBrowRX",
      "Segments": [
        0,
        0,
        0,
        6,
        0
      ]
    },
    {
      "Target": "Parameter",
      "Id": "ParamBreath",
      "Segments": [
        0,
        0,
        0,
        6,
        0
      ]
    },
    {
      "Target": "Parameter",
      "Id": "ParamLstar",
      "Segments": [
        0,
        0,
        0,
        6,
        0
      ]
    },
    {
      "Target": "Parameter",
      "Id": "ParamRline",
      "Segments": [
        0,
        0,
        0,
        6,
        0
      ]
    },
    {
      "Target": "Parameter",
      "Id": "ParamEyeBallX",
      "Segments": [
        0,
        0,
        0,
        6,
        0
      ]
    },
    {
      "Target": "Parameter",
      "Id": "ParamEyeBallY",
      "Segments": [
        0,
        0,
        0,
        6,
        0
      ]
    },
    {
      "Target": "Parameter",
      "Id": "ParamHighlightsize",
      "Segments": [
        0,
        0,
        0,
        6,
        0
      ]
    },
    {
      "Target": "Parameter",
      "Id": "ParamBrowLForm",
      "Segments": [
        0,
        0,
        0,
        6,
        0
      ]
    },
    {
      "Target": "Parameter",
      "Id": "ParamBrowRForm",
      "Segments": [
        0,
        0,
        0,
        6,
        0
      ]
    },
    {
      "Target": "Parameter",
      "Id": "ParamMouthForm",
      "Segments": [
        0,
        0,
        0,
        6,
        0
      ]
    },
    {
      "Target": "Parameter",
      "Id": "ParamNose",
      "Segments": [
        0,
        0,
        0,
        6,
        0
      ]
    },
    {
      "Target": "Parameter",
      "Id": "ParamCheek",
      "Segments": [
        0,
        0,
        0,
        6,
        0
      ]
    },
    {
      "Target": "Parameter",
      "Id": "ParamAngry",
      "Segments": [
        0,
        0,
        0,
        6,
        0
      ]
    },
    {
      "Target": "Parameter",
      "Id": "ParamNotice",
      "Segments": [
        0,
        0,
        0,
        6,
        0
      ]
    },
    {
      "Target": "Parameter",
      "Id": "ParamQuestion",
      "Segments": [
        0,
        0,
        0,
        6,
        0
      ]
    },
    {
      "Target": "Parameter",
      "Id": "ParamHoshi0",
      "Segments": [
        0,
        0,
        0,
        6,
        0
      ]
    },
    {
      "Target": "Parameter",
      "Id": "ParamHoshi",
      "Segments": [
        0,
        0,
        0,
        6,
        0
      ]
    },
    {
      "Target": "Parameter",
      "Id": "ParamPz",
      "Segments": [
        0,
        -16,
        0,
        6,
        -16
      ]
    },
    {
      "Target": "Parameter",
      "Id": "ParamZoom",
      "Segments": [
        0,
        0,
        0,
        6,
        0
      ]
    },
    {
      "Target": "Parameter",
      "Id": "ParamTailangry",
      "Segments": [
        0,
        0,
        0,
        6,
        0
      ]
    },
    {
      "Target": "Parameter",
      "Id": "ParamLight0",
      "Segments": [
        0,
        0,
        0,
        6,
        0
      ]
    },
    {
      "Target": "Parameter",
      "Id": "ParamRforearmx",
      "Segments": [
        0,
        0,
        0,
        6,
        0
      ]
    },
    {
      "Target": "Parameter",
      "Id": "ParamLleg",
      "Segments": [
        0,
        0,
        0,
        6,
        0
      ]
    },
    {
      "Target": "Parameter",
      "Id": "ParamLforeleg",
      "Segments": [
        0,
        0,
        0,
        6,
        0
      ]
    },
    {
      "Target": "Parameter",
      "Id": "ParamLfoot",
      "Segments": [
        0,
        0,
        0,
        6,
        0
      ]
    },
    {
      "Target": "Parameter",
      "Id": "ParamRleg",
      "Segments": [
        0,
        0,
        0,
        6,
        0
      ]
    },
    {
      "Target": "Parameter",
      "Id": "ParamRforeleg",
      "Segments": [
        0,
        0,
        0,
        6,
        0
      ]
    },
    {
      "Target": "Parameter",
      "Id": "ParamRfoot",
      "Segments": [
        0,
        0,
        0,
        6,
        0
      ]
    },
    {
      "Target": "Parameter",
      "Id": "ParamBird0",
      "Segments": [
        0,
        0,
        0,
        6,
        0
      ]
    },
    {
      "Target": "Parameter",
      "Id": "ParamBirdx",
      "Segments": [
        0,
        0,
        0,
        6,
        0
      ]
    },
    {
      "Target": "Parameter",
      "Id": "ParamBirdy",
      "Segments": [
        0,
        0,
        0,
        6,
        0
      ]
    },
    {
      "Target": "Parameter",
      "Id": "ParamBirdz",
      "Segments": [
        0,
        0,
        0,
        6,
        0
      ]
    },
    {
      "Target": "Parameter",
      "Id": "ParamBirdhead",
      "Segments": [
        0,
        0,
        0,
        6,
        0
      ]
    },
    {
      "Target": "Parameter",
      "Id": "ParamBirdtear",
      "Segments": [
        0,
        0,
        0,
        6,
        0
      ]
    },
    {
      "Target": "Parameter",
      "Id": "ParamBirdeye",
      "Segments": [
        0,
        0,
        0,
        6,
        0
      ]
    },
    {
      "Target": "Parameter",
      "Id": "ParamBirdmouth",
      "Segments": [
        0,
        0,
        0,
        6,
        0
      ]
    },
    {
      "Target": "Parameter",
      "Id": "ParamFishlocation",
      "Segments": [
        0,
        0,
        0,
        6,
        0
      ]
    },
    {
      "Target": "Parameter",
      "Id": "ParamBirdshiba",
      "Segments": [
        0,
        0,
        0,
        6,
        0
      ]
    },
    {
      "Target": "Parameter",
      "Id": "ParamLwing",
      "Segments": [
        0,
        0,
        0,
        6,
        0
      ]
    },
    {
      "Target": "Parameter",
      "Id": "ParamLwing1",
      "Segments": [
        0,
        0,
        0,
        6,
        0
      ]
    },
    {
      "Target": "Parameter",
      "Id": "ParamLwing2",
      "Segments": [
        0,
        0,
        0,
        6,
        0
      ]
    },
    {
      "Target": "Parameter",
      "Id": "ParamRwing",
      "Segments": [
        0,
        0,
        0,
        6,
        0
      ]
    },
    {
      "Target": "Parameter",
      "Id": "ParamRwing1",
      "Segments": [
        0,
        0,
        0,
        6,
        0
      ]
    },
    {
      "Target": "Parameter",
      "Id": "ParamRwing2",
      "Segments": [
        0,
        0,
        0,
        6,
        0
      ]
    },
    {
      "Target": "Parameter",
      "Id": "ParamBlleg",
      "Segments": [
        0,
        0,
        0,
        6,
        0
      ]
    },
    {
      "Target": "Parameter",
      "Id": "ParamBlfoot",
      "Segments": [
        0,
        0,
        0,
        6,
        0
      ]
    },
    {
      "Target": "Parameter",
      "Id": "ParamBrleg",
      "Segments": [
        0,
        0,
        0,
        6,
        0
      ]
    },
    {
      "Target": "Parameter",
      "Id": "ParamBrfoot",
      "Segments": [
        0,
        0,
        0,
        6,
        0
      ]
    },
    {
      "Target": "Parameter",
      "Id": "ParamBow",
      "Segments": [
        0,
        0,
        0,
        6,
        0
      ]
    },
    {
      "Target": "Parameter",
      "Id": "ParamBow0",
      "Segments": [
        0,
        0,
        0,
        6,
        0
      ]
    },
    {
      "Target": "Parameter",
      "Id": "ParamWater",
      "Segments": [
        0,
        0,
        0,
        6,
        0
      ]
    },
    {
      "Target": "Parameter",
      "Id": "ParamWater0",
      "Segments": [
        0,
        0,
        0,
        6,
        0
      ]
    },
    {
      "Target": "Parameter",
      "Id": "ParamBlackback",
      "Segments": [
        0,
        0,
        0,
        6,
        0
      ]
    },
    {
      "Target": "Parameter",
      "Id": "ParamBlackfront",
      "Segments": [
        0,
        0,
        0,
        6,
        0
      ]
    }
  ],
  "UserData": [
    {
      "Time": 0.0,
      "Value": ""
    }
  ]
}