{
  "Version": 3,
  "Meta": {
    "Duration": 2.0,
    "Fps": 30.0,
    "Loop": true,
    "AreBeziersRestricted": true,
    "CurveCount": 99,
    "TotalSegmentCount": 236,
    "TotalPointCount": 400,
    "UserDataCount": 1,
    "TotalUserDataSize": 0
  },
  "Curves": [
    {
      "Target": "Parameter",
      "Id": "ParamAngleX",
      "Segments": [
        0,
        0,
        0,
        0.333,
        4,
        1,
        0.478,
        4,
        0.622,
        -3.634,
        0.767,
        -12,
        1,
        1,
        -25.514,
        1.234,
        -30,
        1.467,
        -30,
        0,
        2,
        0
      ]
    },
    {
      "Target": "Parameter",
      "Id": "ParamAngleY",
      "Segments": [
        0,
        0,
        0,
        0.333,
        -18,
        0,
        0.767,
        12,
        0,
        1.467,
        -15,
        0,
        2,
        0
      ]
    },
    {
      "Target": "Parameter",
      "Id": "ParamAngleZ",
      "Segments": [
        0,
        0,
        0,
        0.233,
        7,
        0,
        0.767,
        -30,
        1,
        0.989,
        -30,
        1.211,
        -29.514,
        1.433,
        -22,
        1,
        1.622,
        -15.613,
        1.811,
        0,
        2,
        0
      ]
    },
    {
      "Target": "Parameter",
      "Id": "ParamEyeLOpen",
      "Segments": [
        0,
        1,
        1,
        0.111,
        0.998,
        0.222,
        0.602,
        0.333,
        0.6,
        1,
        0.422,
        0.602,
        0.511,
        0.998,
        0.6,
        1,
        2,
        2,
        1
      ]
    },
    {
      "Target": "Parameter",
      "Id": "ParamEyeROpen",
      "Segments": [
        0,
        1,
        1,
        0.111,
        0.998,
        0.222,
        0.602,
        0.333,
        0.6,
        1,
        0.422,
        0.602,
        0.511,
        0.998,
        0.6,
        1,
        2,
        2,
        1
      ]
    },
    {
      "Target": "Parameter",
      "Id": "ParamEyeBallX",
      "Segments": [
        0,
        0,
        0,
        0.5,
        -0.8,
        1,
        0.822,
        -0.8,
        1.145,
        -0.799,
        1.467,
        -0.7,
        1,
        1.645,
        -0.645,
        1.822,
        0,
        2,
        0
      ]
    },
    {
      "Target": "Parameter",
      "Id": "ParamEyeBallY",
      "Segments": [
        0,
        0,
        2,
        0.5,
        0,
        0,
        1.467,
        0.2,
        0,
        2,
        0
      ]
    },
    {
      "Target": "Parameter",
      "Id": "ParamBrowLY",
      "Segments": [
        0,
        0,
        2,
        0.2,
        0,
        0,
        0.633,
        1,
        0,
        1.1,
        0,
        2,
        2,
        0
      ]
    },
    {
      "Target": "Parameter",
      "Id": "ParamBrowRY",
      "Segments": [
        0,
        0,
        2,
        0.2,
        0,
        0,
        0.633,
        1,
        0,
        1.1,
        0,
        2,
        2,
        0
      ]
    },
    {
      "Target": "Parameter",
      "Id": "ParamMouthOpenY",
      "Segments": [
        0,
        0.478,
        1,
        0.022,
        0.485,
        0.045,
        0.903,
        0.067,
        0.91,
        1,
        0.089,
        0.909,
        0.111,
        0.856,
        0.133,
        0.855,
        1,
        0.155,
        0.857,
        0.178,
        0.971,
        0.2,
        0.973,
        1,
        0.244,
        0.976,
        0.289,
        0.467,
        0.333,
        0.471,
        1,
        0.366,
        0.444,
        0.4,
        0.943,
        0.433,
        1,
        2,
        0.5,
        1,
        2,
        0.533,
        0.988,
        1,
        0.544,
        0.992,
        0.556,
        0.996,
        0.567,
        1,
        2,
        0.633,
        1,
        1,
        0.655,
        0.918,
        0.678,
        0.724,
        0.7,
        0.545,
        1,
        0.733,
        0.265,
        0.767,
        0.006,
        0.8,
        0,
        2,
        2,
        0
      ]
    },
    {
      "Target": "Parameter",
      "Id": "ParamQuestion",
      "Segments": [
        0,
        0,
        2,
        0.267,
        0,
        0,
        0.5,
        1,
        2,
        1.333,
        1,
        0,
        1.667,
        0,
        2,
        2,
        0
      ]
    },
    {
      "Target": "Parameter",
      "Id": "ParamBodyAngleZ",
      "Segments": [
        0,
        0,
        0,
        0.633,
        -3,
        0,
        1.3,
        1,
        0,
        2,
        0
      ]
    },
    {
      "Target": "Parameter",
      "Id": "ParamTail1",
      "Segments": [
        0,
        0,
        2,
        0.333,
        0,
        0,
        0.6,
        -7,
        1,
        0.7,
        -7,
        0.8,
        -5.627,
        0.9,
        0,
        1,
        0.989,
        5.002,
        1.078,
        10,
        1.167,
        10,
        1,
        1.267,
        10,
        1.367,
        5.462,
        1.467,
        0,
        1,
        1.567,
        -5.462,
        1.667,
        -7,
        1.767,
        -7,
        0,
        2,
        0
      ]
    },
    {
      "Target": "Parameter",
      "Id": "ParamTail2",
      "Segments": [
        0,
        0,
        0,
        0.333,
        7,
        1,
        0.422,
        7,
        0.511,
        6.282,
        0.6,
        2,
        1,
        0.7,
        -2.817,
        0.8,
        -8,
        0.9,
        -8,
        1,
        0.989,
        -8,
        1.078,
        -6.246,
        1.167,
        -1,
        1,
        1.267,
        4.902,
        1.367,
        9,
        1.467,
        9,
        0,
        1.767,
        -1,
        0,
        2,
        0
      ]
    },
    {
      "Target": "Parameter",
      "Id": "ParamLight0",
      "Segments": [
        0,
        0,
        2,
        0.467,
        0,
        0,
        0.733,
        1,
        0,
        1.067,
        0,
        2,
        2,
        0
      ]
    },
    {
      "Target": "Parameter",
      "Id": "ParamLforearm",
      "Segments": [
        0,
        15,
        0,
        0.767,
        3,
        0,
        1.367,
        15,
        2,
        2,
        15
      ]
    },
    {
      "Target": "Parameter",
      "Id": "ParamLhand",
      "Segments": [
        0,
        0,
        0,
        0.533,
        -8,
        0,
        1.367,
        10,
        0,
        2,
        0
      ]
    },
    {
      "Target": "Parameter",
      "Id": "ParamRarm",
      "Segments": [
        0,
        0,
        0,
        0.6,
        -4,
        0,
        1.233,
        2,
        0,
        2,
        0
      ]
    },
    {
      "Target": "Parameter",
      "Id": "ParamRforearm",
      "Segments": [
        0,
        -15,
        0,
        0.633,
        -22,
        0,
        1.267,
        -9,
        0,
        2,
        -15
      ]
    },
    {
      "Target": "Parameter",
      "Id": "ParamRhand",
      "Segments": [
        0,
        0,
        0,
        0.7,
        8,
        0,
        1.333,
        -11,
        0,
        2,
        0
      ]
    },
    {
      "Target": "Parameter",
      "Id": "ParamHairFront",
      "Segments": [
        0,
        0,
        0,
        0.2,
        1,
        0,
        0.4,
        -30,
        1,
        0.467,
        -30,
        0.533,
        -18.346,
        0.6,
        0,
        1,
        0.678,
        21.404,
        0.755,
        30,
        0.833,
        30,
        1,
        0.911,
        30,
        0.989,
        20.333,
        1.067,
        1,
        1,
        1.145,
        -18.333,
        1.222,
        -28,
        1.3,
        -28,
        1,
        1.367,
        -28,
        1.433,
        -18.527,
        1.5,
        -1,
        1,
        1.578,
        19.449,
        1.655,
        29,
        1.733,
        29,
        0,
        2,
        0
      ]
    },
    {
      "Target": "Parameter",
      "Id": "ParamFore2",
      "Segments": [
        0,
        0,
        0,
        0.2,
        29,
        1,
        0.267,
        29,
        0.333,
        17.236,
        0.4,
        -2,
        1,
        0.467,
        -21.236,
        0.533,
        -29,
        0.6,
        -29,
        1,
        0.678,
        -29,
        0.755,
        -19.661,
        0.833,
        0,
        1,
        0.911,
        19.661,
        0.989,
        30,
        1.067,
        30,
        1,
        1.145,
        30,
        1.222,
        21.404,
        1.3,
        0,
        1,
        1.367,
        -18.346,
        1.433,
        -30,
        1.5,
        -30,
        1,
        1.578,
        -30,
        1.655,
        -9.426,
        1.733,
        -5,
        1,
        1.822,
        0.058,
        1.911,
        0,
        2,
        0
      ]
    },
    {
      "Target": "Parameter",
      "Id": "ParamHairSide",
      "Segments": [
        0,
        0,
        0,
        0.233,
        22,
        1,
        0.3,
        22,
        0.366,
        17.295,
        0.433,
        2,
        1,
        0.5,
        -13.295,
        0.566,
        -25,
        0.633,
        -25,
        1,
        0.711,
        -25,
        0.789,
        -18.171,
        0.867,
        0,
        1,
        0.945,
        18.171,
        1.022,
        30,
        1.1,
        30,
        1,
        1.167,
        30,
        1.233,
        19.899,
        1.3,
        4,
        1,
        1.378,
        -14.549,
        1.455,
        -22,
        1.533,
        -22,
        0,
        1.767,
        3,
        0,
        2,
        0
      ]
    },
    {
      "Target": "Parameter",
      "Id": "ParamSide2",
      "Segments": [
        0,
        0,
        0,
        0.233,
        -2,
        0,
        0.433,
        26,
        1,
        0.5,
        26,
        0.566,
        16.2,
        0.633,
        -1,
        1,
        0.711,
        -21.066,
        0.789,
        -30,
        0.867,
        -30,
        1,
        0.945,
        -30,
        1.022,
        -20.667,
        1.1,
        -2,
        1,
        1.167,
        14,
        1.233,
        22,
        1.3,
        22,
        1,
        1.378,
        22,
        1.455,
        19.574,
        1.533,
        4,
        1,
        1.611,
        -11.574,
        1.689,
        -30,
        1.767,
        -30,
        0,
        2,
        0
      ]
    },
    {
      "Target": "Parameter",
      "Id": "ParamHairBack",
      "Segments": [
        0,
        0,
        0,
        0.167,
        30,
        1,
        0.222,
        30,
        0.278,
        17.359,
        0.333,
        1,
        1,
        0.411,
        -21.903,
        0.489,
        -30,
        0.567,
        -30,
        1,
        0.645,
        -30,
        0.722,
        -18.805,
        0.8,
        2,
        1,
        0.867,
        19.833,
        0.933,
        28,
        1,
        28,
        1,
        1.078,
        28,
        1.155,
        17.552,
        1.233,
        1,
        1,
        1.311,
        -15.552,
        1.389,
        -22,
        1.467,
        -22,
        0,
        1.7,
        2,
        0,
        2,
        0
      ]
    },
    {
      "Target": "Parameter",
      "Id": "ParamBack2",
      "Segments": [
        0,
        0,
        0,
        0.167,
        -1,
        0,
        0.333,
        21,
        1,
        0.411,
        21,
        0.489,
        13.333,
        0.567,
        -2,
        1,
        0.645,
        -17.333,
        0.722,
        -25,
        0.8,
        -25,
        1,
        0.867,
        -25,
        0.933,
        -14.925,
        1,
        0,
        1,
        1.078,
        17.413,
        1.155,
        24,
        1.233,
        24,
        1,
        1.311,
        24,
        1.389,
        15.974,
        1.467,
        -2,
        1,
        1.545,
        -19.974,
        1.622,
        -30,
        1.7,
        -30,
        0,
        2,
        0
      ]
    },
    {
      "Target": "Parameter",
      "Id": "ParamBack3",
      "Segments": [
        0,
        0,
        0,
        0.167,
        23,
        1,
        0.245,
        23,
        0.322,
        15.325,
        0.4,
        1,
        1,
        0.478,
        -13.325,
        0.555,
        -20,
        0.633,
        -20,
        1,
        0.711,
        -20,
        0.789,
        -13,
        0.867,
        1,
        1,
        0.956,
        17,
        1.044,
        25,
        1.133,
        25,
        1,
        1.2,
        25,
        1.266,
        23.823,
        1.333,
        11,
        1,
        1.4,
        -1.823,
        1.466,
        -21,
        1.533,
        -21,
        0,
        1.767,
        0,
        2,
        2,
        0
      ]
    },
    {
      "Target": "Parameter",
      "Id": "ParamBack4",
      "Segments": [
        0,
        0,
        0,
        0.167,
        -4,
        0,
        0.4,
        22,
        1,
        0.478,
        22,
        0.555,
        6.374,
        0.633,
        -8,
        1,
        0.711,
        -22.374,
        0.789,
        -25,
        0.867,
        -25,
        1,
        0.956,
        -25,
        1.044,
        -21.747,
        1.133,
        -4,
        1,
        1.2,
        9.31,
        1.266,
        28,
        1.333,
        28,
        1,
        1.4,
        28,
        1.466,
        16.373,
        1.533,
        -1,
        1,
        1.611,
        -21.269,
        1.689,
        -29,
        1.767,
        -29,
        0,
        2,
        0
      ]
    },
    {
      "Target": "Parameter",
      "Id": "ParamWindow",
      "Segments": [
        0,
        0,
        0,
        0.933,
        -9,
        0,
        2,
        0
      ]
    },
    {
      "Target": "Parameter",
      "Id": "ParamCurtain1",
      "Segments": [
        0,
        0,
        1,
        0.133,
        0,
        0.267,
        3.462,
        0.4,
        12,
        1,
        0.578,
        23.384,
        0.755,
        30,
        0.933,
        30,
        1,
        1.111,
        30,
        1.289,
        27.538,
        1.467,
        18,
        1,
        1.645,
        8.462,
        1.822,
        0,
        2,
        0
      ]
    },
    {
      "Target": "Parameter",
      "Id": "ParamCurtain2",
      "Segments": [
        0,
        0,
        0,
        0.4,
        -30,
        1,
        0.578,
        -30,
        0.755,
        -22.559,
        0.933,
        -4,
        1,
        1.111,
        14.559,
        1.289,
        26,
        1.467,
        26,
        0,
        2,
        0
      ]
    },
    {
      "Target": "Parameter",
      "Id": "ParamBodyAngleY",
      "Segments": [
        0,
        0,
        0,
        2,
        0
      ]
    },
    {
      "Target": "Parameter",
      "Id": "ParamEyeRSmile",
      "Segments": [
        0,
        0,
        0,
        2,
        0
      ]
    },
    {
      "Target": "Parameter",
      "Id": "ParamBrowLX",
      "Segments": [
        0,
        0,
        0,
        2,
        0
      ]
    },
    {
      "Target": "Parameter",
      "Id": "ParamBrowRX",
      "Segments": [
        0,
        0,
        0,
        2,
        0
      ]
    },
    {
      "Target": "Parameter",
      "Id": "ParamBreath",
      "Segments": [
        0,
        0,
        0,
        2,
        0
      ]
    },
    {
      "Target": "Parameter",
      "Id": "ParamEyeSmile",
      "Segments": [
        0,
        1,
        0,
        2,
        1
      ]
    },
    {
      "Target": "Parameter",
      "Id": "ParamLstar",
      "Segments": [
        0,
        0,
        0,
        2,
        0
      ]
    },
    {
      "Target": "Parameter",
      "Id": "ParamRline",
      "Segments": [
        0,
        0,
        0,
        2,
        0
      ]
    },
    {
      "Target": "Parameter",
      "Id": "ParamHighlightsize",
      "Segments": [
        0,
        0,
        0,
        2,
        0
      ]
    },
    {
      "Target": "Parameter",
      "Id": "ParamBrowLAngle",
      "Segments": [
        0,
        0,
        0,
        2,
        0
      ]
    },
    {
      "Target": "Parameter",
      "Id": "ParamBrowLForm",
      "Segments": [
        0,
        0,
        0,
        2,
        0
      ]
    },
    {
      "Target": "Parameter",
      "Id": "ParamBrowRAngle",
      "Segments": [
        0,
        0,
        0,
        2,
        0
      ]
    },
    {
      "Target": "Parameter",
      "Id": "ParamBrowRForm",
      "Segments": [
        0,
        0,
        0,
        2,
        0
      ]
    },
    {
      "Target": "Parameter",
      "Id": "ParamMouthForm",
      "Segments": [
        0,
        0,
        0,
        2,
        0
      ]
    },
    {
      "Target": "Parameter",
      "Id": "ParamNose",
      "Segments": [
        0,
        0,
        0,
        2,
        0
      ]
    },
    {
      "Target": "Parameter",
      "Id": "ParamCheek",
      "Segments": [
        0,
        0,
        0,
        2,
        0
      ]
    },
    {
      "Target": "Parameter",
      "Id": "ParamAngry",
      "Segments": [
        0,
        0,
        0,
        2,
        0
      ]
    },
    {
      "Target": "Parameter",
      "Id": "ParamNotice",
      "Segments": [
        0,
        0,
        0,
        2,
        0
      ]
    },
    {
      "Target": "Parameter",
      "Id": "ParamHoshi0",
      "Segments": [
        0,
        0,
        0,
        2,
        0
      ]
    },
    {
      "Target": "Parameter",
      "Id": "ParamHoshi",
      "Segments": [
        0,
        0,
        0,
        2,
        0
      ]
    },
    {
      "Target": "Parameter",
      "Id": "ParamZ0",
      "Segments": [
        0,
        0,
        0,
        2,
        0
      ]
    },
    {
      "Target": "Parameter",
      "Id": "ParamZ",
      "Segments": [
        0,
        0,
        0,
        2,
        0
      ]
    },
    {
      "Target": "Parameter",
      "Id": "ParamBodyAngleX",
      "Segments": [
        0,
        0,
        0,
        2,
        0
      ]
    },
    {
      "Target": "Parameter",
      "Id": "ParamIDW",
      "Segments": [
        0,
        1,
        0,
        2,
        1
      ]
    },
    {
      "Target": "Parameter",
      "Id": "ParamWindowlayer",
      "Segments": [
        0,
        0,
        0,
        2,
        0
      ]
    },
    {
      "Target": "Parameter",
      "Id": "ParamPx",
      "Segments": [
        0,
        -10,
        0,
        2,
        -10
      ]
    },
    {
      "Target": "Parameter",
      "Id": "ParamPy",
      "Segments": [
        0,
        -15,
        0,
        2,
        -15
      ]
    },
    {
      "Target": "Parameter",
      "Id": "ParamPz",
      "Segments": [
        0,
        -16,
        0,
        2,
        -16
      ]
    },
    {
      "Target": "Parameter",
      "Id": "ParamZoom",
      "Segments": [
        0,
        0,
        0,
        2,
        0
      ]
    },
    {
      "Target": "Parameter",
      "Id": "ParamTailangry",
      "Segments": [
        0,
        0,
        0,
        2,
        0
      ]
    },
    {
      "Target": "Parameter",
      "Id": "ParamLarm",
      "Segments": [
        0,
        -15,
        0,
        2,
        -15
      ]
    },
    {
      "Target": "Parameter",
      "Id": "ParamLforearmchange",
      "Segments": [
        0,
        10,
        0,
        2,
        10
      ]
    },
    {
      "Target": "Parameter",
      "Id": "ParamLfinger",
      "Segments": [
        0,
        0,
        0,
        2,
        0
      ]
    },
    {
      "Target": "Parameter",
      "Id": "ParamRforearmx",
      "Segments": [
        0,
        0,
        0,
        2,
        0
      ]
    },
    {
      "Target": "Parameter",
      "Id": "ParamRhandchange",
      "Segments": [
        0,
        10,
        0,
        2,
        10
      ]
    },
    {
      "Target": "Parameter",
      "Id": "ParamRfinger",
      "Segments": [
        0,
        0,
        0,
        2,
        0
      ]
    },
    {
      "Target": "Parameter",
      "Id": "ParamLleg",
      "Segments": [
        0,
        0,
        0,
        2,
        0
      ]
    },
    {
      "Target": "Parameter",
      "Id": "ParamLforeleg",
      "Segments": [
        0,
        0,
        0,
        2,
        0
      ]
    },
    {
      "Target": "Parameter",
      "Id": "ParamLfoot",
      "Segments": [
        0,
        0,
        0,
        2,
        0
      ]
    },
    {
      "Target": "Parameter",
      "Id": "ParamRleg",
      "Segments": [
        0,
        0,
        0,
        2,
        0
      ]
    },
    {
      "Target": "Parameter",
      "Id": "ParamRforeleg",
      "Segments": [
        0,
        0,
        0,
        2,
        0
      ]
    },
    {
      "Target": "Parameter",
      "Id": "ParamRfoot",
      "Segments": [
        0,
        0,
        0,
        2,
        0
      ]
    },
    {
      "Target": "Parameter",
      "Id": "ParamBird0",
      "Segments": [
        0,
        0,
        0,
        2,
        0
      ]
    },
    {
      "Target": "Parameter",
      "Id": "ParamBirdx",
      "Segments": [
        0,
        0,
        0,
        2,
        0
      ]
    },
    {
      "Target": "Parameter",
      "Id": "ParamBirdy",
      "Segments": [
        0,
        0,
        0,
        2,
        0
      ]
    },
    {
      "Target": "Parameter",
      "Id": "ParamBirdz",
      "Segments": [
        0,
        0,
        0,
        2,
        0
      ]
    },
    {
      "Target": "Parameter",
      "Id": "ParamBirdhead",
      "Segments": [
        0,
        0,
        0,
        2,
        0
      ]
    },
    {
      "Target": "Parameter",
      "Id": "ParamBirdtear",
      "Segments": [
        0,
        0,
        0,
        2,
        0
      ]
    },
    {
      "Target": "Parameter",
      "Id": "ParamBirdeye",
      "Segments": [
        0,
        0,
        0,
        2,
        0
      ]
    },
    {
      "Target": "Parameter",
      "Id": "ParamBirdmouth",
      "Segments": [
        0,
        0,
        0,
        2,
        0
      ]
    },
    {
      "Target": "Parameter",
      "Id": "ParamFishlocation",
      "Segments": [
        0,
        0,
        0,
        2,
        0
      ]
    },
    {
      "Target": "Parameter",
      "Id": "ParamBirdshiba",
      "Segments": [
        0,
        0,
        0,
        2,
        0
      ]
    },
    {
      "Target": "Parameter",
      "Id": "ParamLwing",
      "Segments": [
        0,
        0,
        0,
        2,
        0
      ]
    },
    {
      "Target": "Parameter",
      "Id": "ParamLwing1",
      "Segments": [
        0,
        0,
        0,
        2,
        0
      ]
    },
    {
      "Target": "Parameter",
      "Id": "ParamLwing2",
      "Segments": [
        0,
        0,
        0,
        2,
        0
      ]
    },
    {
      "Target": "Parameter",
      "Id": "ParamRwing",
      "Segments": [
        0,
        0,
        0,
        2,
        0
      ]
    },
    {
      "Target": "Parameter",
      "Id": "ParamRwing1",
      "Segments": [
        0,
        0,
        0,
        2,
        0
      ]
    },
    {
      "Target": "Parameter",
      "Id": "ParamRwing2",
      "Segments": [
        0,
        0,
        0,
        2,
        0
      ]
    },
    {
      "Target": "Parameter",
      "Id": "ParamBlleg",
      "Segments": [
        0,
        0,
        0,
        2,
        0
      ]
    },
    {
      "Target": "Parameter",
      "Id": "ParamBlfoot",
      "Segments": [
        0,
        0,
        0,
        2,
        0
      ]
    },
    {
      "Target": "Parameter",
      "Id": "ParamBrleg",
      "Segments": [
        0,
        0,
        0,
        2,
        0
      ]
    },
    {
      "Target": "Parameter",
      "Id": "ParamBrfoot",
      "Segments": [
        0,
        0,
        0,
        2,
        0
      ]
    },
    {
      "Target": "Parameter",
      "Id": "ParamBow",
      "Segments": [
        0,
        0,
        0,
        2,
        0
      ]
    },
    {
      "Target": "Parameter",
      "Id": "ParamBow0",
      "Segments": [
        0,
        0,
        0,
        2,
        0
      ]
    },
    {
      "Target": "Parameter",
      "Id": "ParamWater",
      "Segments": [
        0,
        0,
        0,
        2,
        0
      ]
    },
    {
      "Target": "Parameter",
      "Id": "ParamWater0",
      "Segments": [
        0,
        0,
        0,
        2,
        0
      ]
    },
    {
      "Target": "Parameter",
      "Id": "ParamBlackback",
      "Segments": [
        0,
        0,
        0,
        2,
        0
      ]
    },
    {
      "Target": "Parameter",
      "Id": "ParamBlackfront",
      "Segments": [
        0,
        0,
        0,
        2,
        0
      ]
    }
  ],
  "UserData": [
    {
      "Time": 0.0,
      "Value": ""
    }
  ]
}