{
  "Version": 3,
  "Meta": {
    "Duration": 5.0,
    "Fps": 30.0,
    "Loop": true,
    "AreBeziersRestricted": true,
    "CurveCount": 99,
    "TotalSegmentCount": 519,
    "TotalPointCount": 1081,
    "UserDataCount": 1,
    "TotalUserDataSize": 0
  },
  "Curves": [
    {
      "Target": "Parameter",
      "Id": "ParamAngleX",
      "Segments": [
        0,
        0,
        0,
        0.667,
        -8,
        2,
        1.467,
        -8,
        0,
        2.133,
        -12,
        1,
        2.322,
        -12,
        2.511,
        4.559,
        2.7,
        16,
        1,
        2.856,
        25.422,
        3.011,
        26,
        3.167,
        26,
        0,
        3.667,
        -10,
        0,
        4.233,
        10,
        0,
        5,
        0
      ]
    },
    {
      "Target": "Parameter",
      "Id": "ParamAngleY",
      "Segments": [
        0,
        0,
        0,
        0.667,
        11,
        0,
        1.467,
        -30,
        0,
        2.133,
        14,
        1,
        2.322,
        14,
        2.511,
        12.201,
        2.7,
        1,
        1,
        2.856,
        -8.225,
        3.011,
        -22,
        3.167,
        -22,
        2,
        3.667,
        -22,
        1,
        3.856,
        -22,
        4.044,
        -8.552,
        4.233,
        -5,
        1,
        4.489,
        -0.194,
        4.744,
        0,
        5,
        0
      ]
    },
    {
      "Target": "Parameter",
      "Id": "ParamAngleZ",
      "Segments": [
        0,
        0,
        0,
        0.5,
        17,
        0,
        1.067,
        -29,
        0,
        3.167,
        -1,
        0,
        3.733,
        -16,
        0,
        4.367,
        28,
        0,
        5,
        0
      ]
    },
    {
      "Target": "Parameter",
      "Id": "ParamEyeLOpen",
      "Segments": [
        0,
        1,
        2,
        0.667,
        1,
        1,
        0.789,
        0.998,
        0.911,
        0.602,
        1.033,
        0.6,
        1,
        1.144,
        0.602,
        1.256,
        0.998,
        1.367,
        1,
        1,
        1.467,
        0.999,
        1.567,
        0.943,
        1.667,
        0.691,
        1,
        1.778,
        0.379,
        1.889,
        -0.001,
        2,
        0,
        2,
        2.1,
        0,
        1,
        2.178,
        -0.008,
        2.255,
        1.008,
        2.333,
        1,
        2,
        3.767,
        1,
        1,
        3.834,
        1.008,
        3.9,
        -0.008,
        3.967,
        0,
        1,
        4.067,
        0.004,
        4.167,
        0.996,
        4.267,
        1,
        2,
        5,
        1
      ]
    },
    {
      "Target": "Parameter",
      "Id": "ParamEyeROpen",
      "Segments": [
        0,
        1,
        2,
        0.667,
        1,
        1,
        0.789,
        0.998,
        0.911,
        0.602,
        1.033,
        0.6,
        1,
        1.144,
        0.602,
        1.256,
        0.998,
        1.367,
        1,
        1,
        1.467,
        0.999,
        1.567,
        0.943,
        1.667,
        0.691,
        1,
        1.778,
        0.379,
        1.889,
        -0.001,
        2,
        0,
        2,
        2.1,
        0,
        1,
        2.178,
        -0.008,
        2.255,
        1.008,
        2.333,
        1,
        2,
        3.767,
        1,
        1,
        3.834,
        1.008,
        3.9,
        -0.008,
        3.967,
        0,
        1,
        4.067,
        0.004,
        4.167,
        0.996,
        4.267,
        1,
        2,
        5,
        1
      ]
    },
    {
      "Target": "Parameter",
      "Id": "ParamEyeBallX",
      "Segments": [
        0,
        0,
        0,
        0.667,
        -0.5,
        1,
        0.856,
        -0.5,
        1.044,
        -0.481,
        1.233,
        -0.4,
        1,
        1.5,
        -0.286,
        1.766,
        -0.2,
        2.033,
        -0.2,
        0,
        2.467,
        -1,
        1,
        3.1,
        -1,
        3.734,
        -0.973,
        4.367,
        -0.8,
        1,
        4.578,
        -0.742,
        4.789,
        0,
        5,
        0
      ]
    },
    {
      "Target": "Parameter",
      "Id": "ParamEyeBallY",
      "Segments": [
        0,
        0,
        0,
        0.667,
        0.4,
        0,
        1.233,
        -0.7,
        0,
        2.033,
        0.5,
        2,
        2.467,
        0.5,
        0,
        4.367,
        0.6,
        0,
        5,
        0
      ]
    },
    {
      "Target": "Parameter",
      "Id": "ParamMouthOpenY",
      "Segments": [
        0,
        0.384,
        1,
        0.022,
        0.386,
        0.045,
        0.444,
        0.067,
        0.539,
        1,
        0.1,
        0.658,
        0.134,
        0.936,
        0.167,
        1,
        2,
        0.333,
        1,
        1,
        0.355,
        0.809,
        0.378,
        0.632,
        0.4,
        0.627,
        1,
        0.411,
        0.619,
        0.422,
        0.822,
        0.433,
        0.996,
        3,
        0.467,
        1,
        2,
        0.5,
        1,
        1,
        0.533,
        1.036,
        0.567,
        0.187,
        0.6,
        0.251,
        1,
        0.633,
        0.163,
        0.667,
        1.146,
        0.7,
        1,
        2,
        0.767,
        1,
        1,
        0.8,
        1.11,
        0.834,
        0.104,
        0.867,
        0.188,
        1,
        0.889,
        0.197,
        0.911,
        0.713,
        0.933,
        0.722,
        1,
        0.978,
        0.727,
        1.022,
        0.034,
        1.067,
        0.039,
        1,
        1.156,
        0.042,
        1.244,
        0.844,
        1.333,
        0.847,
        1,
        1.378,
        0.851,
        1.422,
        0.294,
        1.467,
        0.298,
        1,
        1.5,
        0.285,
        1.534,
        0.825,
        1.567,
        1,
        2,
        1.6,
        1,
        2,
        1.633,
        0.993,
        1,
        1.666,
        0.662,
        1.7,
        0,
        1.733,
        0,
        1,
        1.744,
        -0.02,
        1.756,
        0.447,
        1.767,
        0.847,
        3,
        1.8,
        1,
        2,
        1.833,
        1,
        1,
        1.844,
        1.029,
        1.856,
        0.958,
        1.867,
        0.902,
        1,
        1.878,
        0.901,
        1.889,
        0.93,
        1.9,
        0.968,
        3,
        1.933,
        1,
        2,
        2.067,
        1,
        1,
        2.078,
        0.999,
        2.089,
        1.012,
        2.1,
        0.942,
        1,
        2.111,
        0.901,
        2.122,
        0.869,
        2.133,
        0.871,
        1,
        2.155,
        0.872,
        2.178,
        0.94,
        2.2,
        0.941,
        1,
        2.222,
        0.938,
        2.245,
        0.936,
        2.267,
        0.933,
        1,
        2.278,
        0.974,
        2.289,
        1.019,
        2.3,
        1,
        2,
        2.467,
        1,
        1,
        2.534,
        0.651,
        2.6,
        0.148,
        2.667,
        0.157,
        1,
        2.678,
        0.138,
        2.689,
        0.577,
        2.7,
        0.953,
        3,
        2.733,
        1,
        2,
        2.8,
        1,
        2,
        2.833,
        0.961,
        1,
        2.866,
        0.556,
        2.9,
        0.182,
        2.933,
        0.173,
        1,
        2.955,
        0.184,
        2.978,
        0.914,
        3,
        0.925,
        1,
        3.022,
        0.923,
        3.045,
        0.92,
        3.067,
        0.918,
        1,
        3.111,
        0.923,
        3.156,
        0.928,
        3.2,
        0.933,
        1,
        3.244,
        0.936,
        3.289,
        0.53,
        3.333,
        0.533,
        1,
        3.355,
        0.535,
        3.378,
        0.634,
        3.4,
        0.635,
        1,
        3.511,
        0.633,
        3.622,
        0.002,
        3.733,
        0,
        2,
        5,
        0
      ]
    },
    {
      "Target": "Parameter",
      "Id": "ParamBodyAngleX",
      "Segments": [
        0,
        0,
        0,
        0.667,
        8,
        0,
        1.267,
        -8,
        0,
        2.067,
        10,
        1,
        2.589,
        10,
        3.111,
        8.544,
        3.633,
        5,
        1,
        4.089,
        1.909,
        4.544,
        0,
        5,
        0
      ]
    },
    {
      "Target": "Parameter",
      "Id": "ParamBodyAngleZ",
      "Segments": [
        0,
        0,
        0,
        0.667,
        10,
        0,
        1.2,
        -5,
        0,
        1.867,
        10,
        0,
        2.567,
        1,
        1,
        2.711,
        1,
        2.856,
        2.432,
        3,
        4,
        1,
        3.211,
        6.291,
        3.422,
        7,
        3.633,
        7,
        0,
        4.233,
        -2,
        0,
        5,
        0
      ]
    },
    {
      "Target": "Parameter",
      "Id": "ParamPx",
      "Segments": [
        0,
        -10,
        0,
        0.667,
        -9,
        0,
        1.267,
        -10,
        2,
        3.167,
        -10,
        0,
        3.867,
        -11,
        0,
        5,
        -10
      ]
    },
    {
      "Target": "Parameter",
      "Id": "ParamPy",
      "Segments": [
        0,
        -15,
        0,
        0.433,
        -12,
        2,
        0.667,
        -12,
        0,
        1.267,
        -15,
        0,
        1.9,
        -13,
        0,
        2.567,
        -15,
        1,
        2.767,
        -15,
        2.967,
        -14.792,
        3.167,
        -14,
        1,
        3.278,
        -13.56,
        3.389,
        -13,
        3.5,
        -13,
        1,
        3.622,
        -13,
        3.745,
        -13.742,
        3.867,
        -14,
        1,
        4.245,
        -14.798,
        4.622,
        -15,
        5,
        -15
      ]
    },
    {
      "Target": "Parameter",
      "Id": "ParamPz",
      "Segments": [
        0,
        -16,
        0,
        0.667,
        14,
        2,
        1.267,
        14,
        0,
        1.9,
        2,
        0,
        2.567,
        28,
        1,
        2.8,
        28,
        3.034,
        13.791,
        3.267,
        4,
        1,
        3.467,
        -4.393,
        3.667,
        -12.995,
        3.867,
        -14,
        1,
        4.245,
        -15.899,
        4.622,
        -16,
        5,
        -16
      ]
    },
    {
      "Target": "Parameter",
      "Id": "ParamTail1",
      "Segments": [
        0,
        0,
        2,
        0.3,
        0,
        0,
        0.533,
        -10,
        1,
        0.622,
        -10,
        0.711,
        -8.554,
        0.8,
        -2,
        1,
        0.878,
        3.735,
        0.955,
        10,
        1.033,
        10,
        1,
        1.133,
        10,
        1.233,
        7.611,
        1.333,
        1,
        1,
        1.422,
        -4.876,
        1.511,
        -9,
        1.6,
        -9,
        1,
        1.678,
        -9,
        1.755,
        -5.91,
        1.833,
        0,
        1,
        1.922,
        6.754,
        2.011,
        10,
        2.1,
        10,
        1,
        2.189,
        10,
        2.278,
        7.313,
        2.367,
        1,
        1,
        2.456,
        -5.313,
        2.544,
        -9,
        2.633,
        -9,
        1,
        2.711,
        -9,
        2.789,
        -5.91,
        2.867,
        0,
        1,
        2.956,
        6.754,
        3.044,
        10,
        3.133,
        10,
        1,
        3.222,
        10,
        3.311,
        7.313,
        3.4,
        1,
        1,
        3.489,
        -5.313,
        3.578,
        -9,
        3.667,
        -9,
        1,
        3.745,
        -9,
        3.822,
        -5.91,
        3.9,
        0,
        1,
        3.989,
        6.754,
        4.078,
        10,
        4.167,
        10,
        1,
        4.245,
        10,
        4.322,
        3.594,
        4.4,
        0,
        1,
        4.511,
        -5.134,
        4.622,
        -6,
        4.733,
        -6,
        0,
        5,
        0
      ]
    },
    {
      "Target": "Parameter",
      "Id": "ParamTail2",
      "Segments": [
        0,
        0,
        0,
        0.3,
        8,
        1,
        0.378,
        8,
        0.455,
        4.571,
        0.533,
        -1,
        1,
        0.622,
        -7.367,
        0.711,
        -10,
        0.8,
        -10,
        1,
        0.878,
        -10,
        0.955,
        -5.731,
        1.033,
        0,
        1,
        1.133,
        7.368,
        1.233,
        10,
        1.333,
        10,
        1,
        1.422,
        10,
        1.511,
        4.963,
        1.6,
        -2,
        1,
        1.678,
        -8.092,
        1.755,
        -10,
        1.833,
        -10,
        1,
        1.922,
        -10,
        2.011,
        -7.59,
        2.1,
        -1,
        1,
        2.189,
        5.59,
        2.278,
        10,
        2.367,
        10,
        1,
        2.456,
        10,
        2.544,
        4.963,
        2.633,
        -2,
        1,
        2.711,
        -8.092,
        2.789,
        -10,
        2.867,
        -10,
        1,
        2.956,
        -10,
        3.044,
        -7.59,
        3.133,
        -1,
        1,
        3.222,
        5.59,
        3.311,
        10,
        3.4,
        10,
        1,
        3.489,
        10,
        3.578,
        4.963,
        3.667,
        -2,
        1,
        3.745,
        -8.092,
        3.822,
        -10,
        3.9,
        -10,
        1,
        3.989,
        -10,
        4.078,
        -7.044,
        4.167,
        -1,
        1,
        4.245,
        4.289,
        4.322,
        7,
        4.4,
        7,
        0,
        4.733,
        -1,
        0,
        5,
        0
      ]
    },
    {
      "Target": "Parameter",
      "Id": "ParamLarm",
      "Segments": [
        0,
        -15,
        0,
        0.667,
        13,
        0,
        1.2,
        -13,
        0,
        1.633,
        11,
        0,
        2.133,
        -8,
        0,
        2.767,
        14,
        1,
        3.089,
        14,
        3.411,
        4.538,
        3.733,
        -9,
        1,
        3.922,
        -16.936,
        4.111,
        -19,
        4.3,
        -19,
        0,
        5,
        -15
      ]
    },
    {
      "Target": "Parameter",
      "Id": "ParamLforearm",
      "Segments": [
        0,
        15,
        0,
        0.4,
        30,
        0,
        0.667,
        26,
        0,
        1.267,
        30,
        0,
        1.667,
        20,
        0,
        2.167,
        30,
        0,
        2.867,
        14,
        0,
        3.733,
        30,
        1,
        3.878,
        30,
        4.022,
        25.014,
        4.167,
        16,
        1,
        4.289,
        8.373,
        4.411,
        5,
        4.533,
        5,
        0,
        5,
        15
      ]
    },
    {
      "Target": "Parameter",
      "Id": "ParamLforearmchange",
      "Segments": [
        0,
        10,
        2,
        0.267,
        10,
        0,
        0.667,
        0,
        2,
        1,
        0,
        2,
        3.733,
        0,
        0,
        4.233,
        10,
        2,
        5,
        10
      ]
    },
    {
      "Target": "Parameter",
      "Id": "ParamLhand",
      "Segments": [
        0,
        0,
        2,
        0.733,
        0,
        0,
        1.267,
        14,
        0,
        1.667,
        -19,
        0,
        2.167,
        9,
        0,
        2.8,
        -15,
        0,
        3.867,
        0,
        2,
        5,
        0
      ]
    },
    {
      "Target": "Parameter",
      "Id": "ParamLfinger",
      "Segments": [
        0,
        0,
        2,
        0.767,
        0,
        0,
        1.3,
        -30,
        0,
        1.7,
        24,
        0,
        2.2,
        -30,
        0,
        2.8,
        30,
        0,
        3.733,
        -24,
        0,
        4.167,
        9,
        0,
        5,
        0
      ]
    },
    {
      "Target": "Parameter",
      "Id": "ParamRarm",
      "Segments": [
        0,
        0,
        1,
        0.133,
        0,
        0.267,
        12.854,
        0.4,
        16,
        1,
        0.567,
        19.932,
        0.733,
        20,
        0.9,
        20,
        0,
        1.333,
        2,
        0,
        1.767,
        18,
        1,
        1.911,
        18,
        2.056,
        10.712,
        2.2,
        9,
        1,
        2.467,
        5.839,
        2.733,
        5.063,
        3,
        2,
        1,
        3.244,
        -0.808,
        3.489,
        -9.543,
        3.733,
        -11,
        1,
        3.933,
        -12.192,
        4.133,
        -12,
        4.333,
        -12,
        0,
        5,
        0
      ]
    },
    {
      "Target": "Parameter",
      "Id": "ParamRforearm",
      "Segments": [
        0,
        -15,
        0,
        0.467,
        -7,
        0,
        0.9,
        -30,
        2,
        1.4,
        -30,
        0,
        1.8,
        2,
        0,
        2.267,
        -30,
        2,
        3.667,
        -30,
        0,
        4.333,
        -2,
        0,
        5,
        -15
      ]
    },
    {
      "Target": "Parameter",
      "Id": "ParamRforearmx",
      "Segments": [
        0,
        0,
        0,
        0.367,
        30,
        2,
        1,
        30,
        2,
        3.733,
        30,
        0,
        4.267,
        -30,
        0,
        5,
        0
      ]
    },
    {
      "Target": "Parameter",
      "Id": "ParamRhand",
      "Segments": [
        0,
        0,
        2,
        0.7,
        0,
        1,
        0.933,
        0,
        1.167,
        0.663,
        1.4,
        6,
        1,
        1.544,
        9.304,
        1.689,
        19,
        1.833,
        19,
        1,
        2.011,
        19,
        2.189,
        -13.341,
        2.367,
        -16,
        1,
        2.634,
        -19.989,
        2.9,
        -20.672,
        3.167,
        -24,
        1,
        3.389,
        -26.774,
        3.611,
        -30,
        3.833,
        -30,
        0,
        5,
        0
      ]
    },
    {
      "Target": "Parameter",
      "Id": "ParamRhandchange",
      "Segments": [
        0,
        10,
        0,
        0.667,
        0,
        2,
        1,
        0,
        0,
        1.267,
        10,
        2,
        1.533,
        10,
        0,
        1.833,
        0,
        2,
        2.067,
        0,
        0,
        2.467,
        10,
        2,
        2.767,
        10,
        2,
        5,
        10
      ]
    },
    {
      "Target": "Parameter",
      "Id": "ParamRfinger",
      "Segments": [
        0,
        0,
        0,
        0.733,
        30,
        0,
        1.3,
        -30,
        0,
        1.867,
        30,
        1,
        2.1,
        30,
        2.334,
        13.005,
        2.567,
        0,
        1,
        2.989,
        -23.533,
        3.411,
        -30,
        3.833,
        -30,
        0,
        4.3,
        30,
        0,
        5,
        0
      ]
    },
    {
      "Target": "Parameter",
      "Id": "ParamLleg",
      "Segments": [
        0,
        0,
        0,
        0.667,
        16,
        0,
        5,
        0
      ]
    },
    {
      "Target": "Parameter",
      "Id": "ParamLforeleg",
      "Segments": [
        0,
        0,
        0,
        0.667,
        -30,
        0,
        5,
        0
      ]
    },
    {
      "Target": "Parameter",
      "Id": "ParamRleg",
      "Segments": [
        0,
        0,
        1,
        0.222,
        0,
        0.445,
        2.887,
        0.667,
        12,
        1,
        0.889,
        21.113,
        1.111,
        28,
        1.333,
        28,
        0,
        1.933,
        11,
        0,
        2.8,
        20,
        1,
        2.989,
        20,
        3.178,
        -2.74,
        3.367,
        -10,
        1,
        3.611,
        -19.396,
        3.856,
        -20,
        4.1,
        -20,
        0,
        5,
        0
      ]
    },
    {
      "Target": "Parameter",
      "Id": "ParamRforeleg",
      "Segments": [
        0,
        0,
        0,
        0.667,
        -24,
        0,
        1.333,
        -6,
        1,
        1.533,
        -6,
        1.733,
        -9.305,
        1.933,
        -10,
        1,
        2.222,
        -11.003,
        2.511,
        -10.959,
        2.8,
        -12,
        1,
        2.989,
        -12.681,
        3.178,
        -21,
        3.367,
        -21,
        1,
        3.611,
        -21,
        3.856,
        -20.944,
        4.1,
        -16,
        1,
        4.4,
        -9.932,
        4.7,
        0,
        5,
        0
      ]
    },
    {
      "Target": "Parameter",
      "Id": "ParamHairFront",
      "Segments": [
        0,
        0,
        0,
        0.333,
        -30,
        1,
        0.411,
        -30,
        0.489,
        -19.644,
        0.567,
        -1,
        1,
        0.656,
        20.308,
        0.744,
        30,
        0.833,
        30,
        1,
        0.9,
        30,
        0.966,
        18.977,
        1.033,
        -1,
        1,
        1.1,
        -20.977,
        1.166,
        -30,
        1.233,
        -30,
        1,
        1.322,
        -30,
        1.411,
        -22.107,
        1.5,
        -1,
        1,
        1.578,
        17.469,
        1.655,
        30,
        1.733,
        30,
        1,
        1.833,
        30,
        1.933,
        20.162,
        2.033,
        -1,
        1,
        2.122,
        -19.81,
        2.211,
        -30,
        2.3,
        -30,
        1,
        2.389,
        -30,
        2.478,
        -16.785,
        2.567,
        3,
        1,
        2.656,
        22.785,
        2.744,
        30,
        2.833,
        30,
        1,
        2.922,
        30,
        3.011,
        20.822,
        3.1,
        2,
        1,
        3.2,
        -19.175,
        3.3,
        -30,
        3.4,
        -30,
        1,
        3.511,
        -30,
        3.622,
        -23.466,
        3.733,
        -1,
        1,
        3.811,
        14.726,
        3.889,
        30,
        3.967,
        30,
        1,
        4.067,
        30,
        4.167,
        19.068,
        4.267,
        0,
        1,
        4.345,
        -14.831,
        4.422,
        -21,
        4.5,
        -21,
        0,
        4.767,
        1,
        0,
        5,
        0
      ]
    },
    {
      "Target": "Parameter",
      "Id": "ParamFore2",
      "Segments": [
        0,
        0,
        1,
        0.111,
        0,
        0.222,
        0.027,
        0.333,
        -2,
        1,
        0.411,
        -3.419,
        0.489,
        -30,
        0.567,
        -30,
        1,
        0.656,
        -30,
        0.744,
        -21.822,
        0.833,
        0,
        1,
        0.9,
        16.366,
        0.966,
        28,
        1.033,
        28,
        1,
        1.1,
        28,
        1.166,
        17.475,
        1.233,
        1,
        1,
        1.322,
        -20.967,
        1.411,
        -30,
        1.5,
        -30,
        1,
        1.578,
        -30,
        1.655,
        -16.466,
        1.733,
        0,
        1,
        1.833,
        21.171,
        1.933,
        28,
        2.033,
        28,
        1,
        2.122,
        28,
        2.211,
        18.333,
        2.3,
        -1,
        1,
        2.389,
        -20.333,
        2.478,
        -30,
        2.567,
        -30,
        1,
        2.656,
        -30,
        2.744,
        -23.436,
        2.833,
        -5,
        1,
        2.922,
        13.436,
        3.011,
        26,
        3.1,
        26,
        1,
        3.2,
        26,
        3.3,
        16.679,
        3.4,
        -1,
        1,
        3.511,
        -20.643,
        3.622,
        -30,
        3.733,
        -30,
        1,
        3.811,
        -30,
        3.889,
        -22.194,
        3.967,
        -5,
        1,
        4.067,
        17.107,
        4.167,
        29,
        4.267,
        29,
        1,
        4.345,
        29,
        4.422,
        13.695,
        4.5,
        -4,
        1,
        4.589,
        -24.223,
        4.678,
        -30,
        4.767,
        -30,
        0,
        5,
        0
      ]
    },
    {
      "Target": "Parameter",
      "Id": "ParamHairSide",
      "Segments": [
        0,
        0,
        0,
        0.3,
        -26,
        1,
        0.389,
        -26,
        0.478,
        -19.436,
        0.567,
        -1,
        1,
        0.656,
        17.436,
        0.744,
        30,
        0.833,
        30,
        1,
        0.922,
        30,
        1.011,
        20.967,
        1.1,
        -1,
        1,
        1.167,
        -17.475,
        1.233,
        -28,
        1.3,
        -28,
        1,
        1.389,
        -28,
        1.478,
        -20.114,
        1.567,
        0,
        1,
        1.645,
        17.599,
        1.722,
        29,
        1.8,
        29,
        1,
        1.889,
        29,
        1.978,
        15.842,
        2.067,
        -1,
        1,
        2.167,
        -19.948,
        2.267,
        -26,
        2.367,
        -26,
        1,
        2.456,
        -26,
        2.544,
        -18.689,
        2.633,
        1,
        1,
        2.711,
        18.228,
        2.789,
        30,
        2.867,
        30,
        1,
        2.956,
        30,
        3.044,
        17.544,
        3.133,
        0,
        1,
        3.244,
        -21.93,
        3.356,
        -30,
        3.467,
        -30,
        1,
        3.567,
        -30,
        3.667,
        -18.976,
        3.767,
        1,
        1,
        3.867,
        20.976,
        3.967,
        30,
        4.067,
        30,
        1,
        4.145,
        30,
        4.222,
        17.437,
        4.3,
        -1,
        1,
        4.378,
        -19.437,
        4.455,
        -26,
        4.533,
        -26,
        0,
        4.767,
        3,
        0,
        5,
        0
      ]
    },
    {
      "Target": "Parameter",
      "Id": "ParamSide2",
      "Segments": [
        0,
        0,
        2,
        0.3,
        0,
        0,
        0.567,
        -29,
        1,
        0.656,
        -29,
        0.744,
        -23.49,
        0.833,
        -5,
        1,
        0.922,
        13.49,
        1.011,
        28,
        1.1,
        28,
        1,
        1.167,
        28,
        1.233,
        11.554,
        1.3,
        -4,
        1,
        1.389,
        -24.739,
        1.478,
        -30,
        1.567,
        -30,
        1,
        1.645,
        -30,
        1.722,
        -26.538,
        1.8,
        -9,
        1,
        1.889,
        11.044,
        1.978,
        30,
        2.067,
        30,
        1,
        2.167,
        30,
        2.267,
        19.175,
        2.367,
        -2,
        1,
        2.456,
        -20.822,
        2.544,
        -30,
        2.633,
        -30,
        1,
        2.711,
        -30,
        2.789,
        -18.959,
        2.867,
        -1,
        1,
        2.956,
        19.524,
        3.044,
        28,
        3.133,
        28,
        1,
        3.244,
        28,
        3.356,
        20.184,
        3.467,
        0,
        1,
        3.567,
        -18.166,
        3.667,
        -30,
        3.767,
        -30,
        1,
        3.867,
        -30,
        3.967,
        -21.515,
        4.067,
        -1,
        1,
        4.145,
        14.956,
        4.222,
        25,
        4.3,
        25,
        1,
        4.378,
        25,
        4.455,
        16.327,
        4.533,
        -2,
        1,
        4.611,
        -20.327,
        4.689,
        -30,
        4.767,
        -30,
        0,
        5,
        0
      ]
    },
    {
      "Target": "Parameter",
      "Id": "ParamHairBack",
      "Segments": [
        0,
        0,
        1,
        0.089,
        0,
        0.178,
        0.186,
        0.267,
        -1,
        1,
        0.356,
        -2.186,
        0.444,
        -30,
        0.533,
        -30,
        1,
        0.611,
        -30,
        0.689,
        -17.905,
        0.767,
        2,
        1,
        0.845,
        21.905,
        0.922,
        30,
        1,
        30,
        1,
        1.056,
        30,
        1.111,
        22.28,
        1.167,
        8,
        1,
        1.267,
        -17.704,
        1.367,
        -30,
        1.467,
        -30,
        1,
        1.534,
        -30,
        1.6,
        -15.624,
        1.667,
        4,
        1,
        1.734,
        23.624,
        1.8,
        30,
        1.867,
        30,
        1,
        1.945,
        30,
        2.022,
        15.621,
        2.1,
        -4,
        1,
        2.178,
        -23.621,
        2.255,
        -30,
        2.333,
        -30,
        1,
        2.4,
        -30,
        2.466,
        -25.729,
        2.533,
        -8,
        1,
        2.611,
        12.684,
        2.689,
        30,
        2.767,
        30,
        1,
        2.845,
        30,
        2.922,
        18.578,
        3,
        0,
        1,
        3.089,
        -21.232,
        3.178,
        -30,
        3.267,
        -30,
        1,
        3.345,
        -30,
        3.422,
        -18.578,
        3.5,
        0,
        1,
        3.589,
        21.232,
        3.678,
        30,
        3.767,
        30,
        1,
        3.845,
        30,
        3.922,
        20.667,
        4,
        2,
        1,
        4.089,
        -19.333,
        4.178,
        -30,
        4.267,
        -30,
        1,
        4.334,
        -30,
        4.4,
        -21.571,
        4.467,
        -5,
        1,
        4.556,
        17.095,
        4.644,
        28,
        4.733,
        28,
        0,
        5,
        0
      ]
    },
    {
      "Target": "Parameter",
      "Id": "ParamBack2",
      "Segments": [
        0,
        0,
        0,
        0.267,
        30,
        1,
        0.356,
        30,
        0.444,
        16.101,
        0.533,
        -5,
        1,
        0.611,
        -23.463,
        0.689,
        -30,
        0.767,
        -30,
        1,
        0.845,
        -30,
        0.922,
        -22.669,
        1,
        0,
        1,
        1.056,
        16.192,
        1.111,
        30,
        1.167,
        30,
        1,
        1.267,
        30,
        1.367,
        18.971,
        1.467,
        -5,
        1,
        1.534,
        -20.98,
        1.6,
        -30,
        1.667,
        -30,
        1,
        1.734,
        -30,
        1.8,
        -18.346,
        1.867,
        0,
        1,
        1.945,
        21.404,
        2.022,
        30,
        2.1,
        30,
        1,
        2.178,
        30,
        2.255,
        22.264,
        2.333,
        1,
        1,
        2.4,
        -17.226,
        2.466,
        -30,
        2.533,
        -30,
        1,
        2.611,
        -30,
        2.689,
        -21.905,
        2.767,
        -2,
        1,
        2.845,
        17.905,
        2.922,
        30,
        3,
        30,
        1,
        3.089,
        30,
        3.178,
        17.23,
        3.267,
        -4,
        1,
        3.345,
        -22.577,
        3.422,
        -30,
        3.5,
        -30,
        1,
        3.589,
        -30,
        3.678,
        -22.934,
        3.767,
        -2,
        1,
        3.845,
        16.317,
        3.922,
        30,
        4,
        30,
        1,
        4.089,
        30,
        4.178,
        20.716,
        4.267,
        -2,
        1,
        4.334,
        -19.037,
        4.4,
        -30,
        4.467,
        -30,
        0,
        4.733,
        0,
        2,
        5,
        0
      ]
    },
    {
      "Target": "Parameter",
      "Id": "ParamBack3",
      "Segments": [
        0,
        0,
        2,
        0.3,
        0,
        0,
        0.467,
        -30,
        1,
        0.567,
        -30,
        0.667,
        -23.471,
        0.767,
        -1,
        1,
        0.834,
        13.981,
        0.9,
        29,
        0.967,
        29,
        1,
        1.045,
        29,
        1.122,
        19.351,
        1.2,
        1,
        1,
        1.289,
        -19.972,
        1.378,
        -30,
        1.467,
        -30,
        1,
        1.522,
        -30,
        1.578,
        -17.01,
        1.633,
        -1,
        1,
        1.711,
        21.413,
        1.789,
        29,
        1.867,
        29,
        1,
        1.934,
        29,
        2,
        18.796,
        2.067,
        2,
        1,
        2.156,
        -20.395,
        2.244,
        -30,
        2.333,
        -30,
        1,
        2.411,
        -30,
        2.489,
        -19.644,
        2.567,
        -1,
        1,
        2.656,
        20.308,
        2.744,
        30,
        2.833,
        30,
        1,
        2.922,
        30,
        3.011,
        20.199,
        3.1,
        1,
        1,
        3.178,
        -15.799,
        3.255,
        -24,
        3.333,
        -24,
        1,
        3.411,
        -24,
        3.489,
        -17.412,
        3.567,
        -1,
        1,
        3.656,
        17.756,
        3.744,
        29,
        3.833,
        29,
        1,
        3.9,
        29,
        3.966,
        14.568,
        4.033,
        -1,
        1,
        4.111,
        -19.163,
        4.189,
        -24,
        4.267,
        -24,
        1,
        4.356,
        -24,
        4.444,
        -20.223,
        4.533,
        -2,
        1,
        4.6,
        11.667,
        4.666,
        29,
        4.733,
        29,
        0,
        5,
        0
      ]
    },
    {
      "Target": "Parameter",
      "Id": "ParamBack4",
      "Segments": [
        0,
        0,
        0,
        0.3,
        30,
        1,
        0.356,
        30,
        0.411,
        11.894,
        0.467,
        -1,
        1,
        0.567,
        -24.208,
        0.667,
        -30,
        0.767,
        -30,
        1,
        0.834,
        -30,
        0.9,
        -16.844,
        0.967,
        1,
        1,
        1.045,
        21.818,
        1.122,
        29,
        1.2,
        29,
        1,
        1.289,
        29,
        1.378,
        22.728,
        1.467,
        0,
        1,
        1.522,
        -14.205,
        1.578,
        -30,
        1.633,
        -30,
        1,
        1.711,
        -30,
        1.789,
        -20.384,
        1.867,
        -1,
        1,
        1.934,
        15.615,
        2,
        24,
        2.067,
        24,
        1,
        2.156,
        24,
        2.244,
        17.271,
        2.333,
        -1,
        1,
        2.411,
        -16.987,
        2.489,
        -28,
        2.567,
        -28,
        1,
        2.656,
        -28,
        2.744,
        -20.843,
        2.833,
        -2,
        1,
        2.922,
        16.843,
        3.011,
        29,
        3.1,
        29,
        1,
        3.178,
        29,
        3.255,
        17.612,
        3.333,
        -2,
        1,
        3.411,
        -21.612,
        3.489,
        -30,
        3.567,
        -30,
        1,
        3.656,
        -30,
        3.744,
        -19.807,
        3.833,
        0,
        1,
        3.9,
        14.855,
        3.966,
        22,
        4.033,
        22,
        1,
        4.111,
        22,
        4.189,
        15.136,
        4.267,
        -1,
        1,
        4.356,
        -19.441,
        4.444,
        -30,
        4.533,
        -30,
        1,
        4.6,
        -30,
        4.666,
        -6.973,
        4.733,
        -4,
        1,
        4.822,
        -0.037,
        4.911,
        0,
        5,
        0
      ]
    },
    {
      "Target": "Parameter",
      "Id": "ParamWindow",
      "Segments": [
        0,
        0,
        0,
        1.033,
        -2,
        0,
        2.167,
        2,
        0,
        3.3,
        -2,
        0,
        4.133,
        2,
        0,
        5,
        0
      ]
    },
    {
      "Target": "Parameter",
      "Id": "ParamCurtain1",
      "Segments": [
        0,
        0,
        1,
        0.167,
        0,
        0.333,
        2.642,
        0.5,
        12,
        1,
        0.678,
        21.982,
        0.855,
        30,
        1.033,
        30,
        1,
        1.211,
        30,
        1.389,
        27.296,
        1.567,
        18,
        1,
        1.734,
        9.285,
        1.9,
        2,
        2.067,
        2,
        1,
        2.234,
        2,
        2.4,
        3.452,
        2.567,
        12,
        1,
        2.722,
        19.978,
        2.878,
        30,
        3.033,
        30,
        1,
        3.222,
        30,
        3.411,
        27.706,
        3.6,
        18,
        1,
        3.744,
        10.578,
        3.889,
        2,
        4.033,
        2,
        0,
        4.533,
        13,
        0,
        5,
        0
      ]
    },
    {
      "Target": "Parameter",
      "Id": "ParamCurtain2",
      "Segments": [
        0,
        0,
        0,
        0.5,
        -30,
        1,
        0.678,
        -30,
        0.855,
        -22.559,
        1.033,
        -4,
        1,
        1.211,
        14.559,
        1.389,
        26,
        1.567,
        26,
        1,
        1.734,
        26,
        1.9,
        12.239,
        2.067,
        -6,
        1,
        2.234,
        -24.239,
        2.4,
        -30,
        2.567,
        -30,
        1,
        2.722,
        -30,
        2.878,
        -20.848,
        3.033,
        -4,
        1,
        3.222,
        16.458,
        3.411,
        26,
        3.6,
        26,
        1,
        3.744,
        26,
        3.889,
        10.006,
        4.033,
        -6,
        1,
        4.2,
        -24.468,
        4.366,
        -29,
        4.533,
        -29,
        0,
        5,
        0
      ]
    },
    {
      "Target": "Parameter",
      "Id": "ParamBodyAngleY",
      "Segments": [
        0,
        0,
        0,
        5,
        0
      ]
    },
    {
      "Target": "Parameter",
      "Id": "ParamEyeRSmile",
      "Segments": [
        0,
        0,
        0,
        5,
        0
      ]
    },
    {
      "Target": "Parameter",
      "Id": "ParamBrowLX",
      "Segments": [
        0,
        0,
        0,
        5,
        0
      ]
    },
    {
      "Target": "Parameter",
      "Id": "ParamBrowRX",
      "Segments": [
        0,
        0,
        0,
        5,
        0
      ]
    },
    {
      "Target": "Parameter",
      "Id": "ParamBreath",
      "Segments": [
        0,
        0,
        0,
        5,
        0
      ]
    },
    {
      "Target": "Parameter",
      "Id": "ParamEyeSmile",
      "Segments": [
        0,
        1,
        0,
        5,
        1
      ]
    },
    {
      "Target": "Parameter",
      "Id": "ParamLstar",
      "Segments": [
        0,
        0,
        0,
        5,
        0
      ]
    },
    {
      "Target": "Parameter",
      "Id": "ParamRline",
      "Segments": [
        0,
        0,
        0,
        5,
        0
      ]
    },
    {
      "Target": "Parameter",
      "Id": "ParamHighlightsize",
      "Segments": [
        0,
        0,
        0,
        5,
        0
      ]
    },
    {
      "Target": "Parameter",
      "Id": "ParamBrowLY",
      "Segments": [
        0,
        0,
        0,
        5,
        0
      ]
    },
    {
      "Target": "Parameter",
      "Id": "ParamBrowLAngle",
      "Segments": [
        0,
        0,
        0,
        5,
        0
      ]
    },
    {
      "Target": "Parameter",
      "Id": "ParamBrowLForm",
      "Segments": [
        0,
        0,
        0,
        5,
        0
      ]
    },
    {
      "Target": "Parameter",
      "Id": "ParamBrowRY",
      "Segments": [
        0,
        0,
        0,
        5,
        0
      ]
    },
    {
      "Target": "Parameter",
      "Id": "ParamBrowRAngle",
      "Segments": [
        0,
        0,
        0,
        5,
        0
      ]
    },
    {
      "Target": "Parameter",
      "Id": "ParamBrowRForm",
      "Segments": [
        0,
        0,
        0,
        5,
        0
      ]
    },
    {
      "Target": "Parameter",
      "Id": "ParamMouthForm",
      "Segments": [
        0,
        0,
        0,
        5,
        0
      ]
    },
    {
      "Target": "Parameter",
      "Id": "ParamNose",
      "Segments": [
        0,
        0,
        0,
        5,
        0
      ]
    },
    {
      "Target": "Parameter",
      "Id": "ParamCheek",
      "Segments": [
        0,
        0,
        0,
        5,
        0
      ]
    },
    {
      "Target": "Parameter",
      "Id": "ParamAngry",
      "Segments": [
        0,
        0,
        0,
        5,
        0
      ]
    },
    {
      "Target": "Parameter",
      "Id": "ParamNotice",
      "Segments": [
        0,
        0,
        0,
        5,
        0
      ]
    },
    {
      "Target": "Parameter",
      "Id": "ParamQuestion",
      "Segments": [
        0,
        0,
        0,
        5,
        0
      ]
    },
    {
      "Target": "Parameter",
      "Id": "ParamHoshi0",
      "Segments": [
        0,
        0,
        0,
        5,
        0
      ]
    },
    {
      "Target": "Parameter",
      "Id": "ParamHoshi",
      "Segments": [
        0,
        0,
        0,
        5,
        0
      ]
    },
    {
      "Target": "Parameter",
      "Id": "ParamZ0",
      "Segments": [
        0,
        0,
        0,
        5,
        0
      ]
    },
    {
      "Target": "Parameter",
      "Id": "ParamZ",
      "Segments": [
        0,
        0,
        0,
        5,
        0
      ]
    },
    {
      "Target": "Parameter",
      "Id": "ParamIDW",
      "Segments": [
        0,
        1,
        0,
        5,
        1
      ]
    },
    {
      "Target": "Parameter",
      "Id": "ParamWindowlayer",
      "Segments": [
        0,
        0,
        0,
        5,
        0
      ]
    },
    {
      "Target": "Parameter",
      "Id": "ParamZoom",
      "Segments": [
        0,
        0,
        0,
        5,
        0
      ]
    },
    {
      "Target": "Parameter",
      "Id": "ParamTailangry",
      "Segments": [
        0,
        0,
        0,
        5,
        0
      ]
    },
    {
      "Target": "Parameter",
      "Id": "ParamLight0",
      "Segments": [
        0,
        0,
        0,
        5,
        0
      ]
    },
    {
      "Target": "Parameter",
      "Id": "ParamLfoot",
      "Segments": [
        0,
        0,
        0,
        5,
        0
      ]
    },
    {
      "Target": "Parameter",
      "Id": "ParamRfoot",
      "Segments": [
        0,
        0,
        0,
        5,
        0
      ]
    },
    {
      "Target": "Parameter",
      "Id": "ParamBird0",
      "Segments": [
        0,
        0,
        0,
        5,
        0
      ]
    },
    {
      "Target": "Parameter",
      "Id": "ParamBirdx",
      "Segments": [
        0,
        0,
        0,
        5,
        0
      ]
    },
    {
      "Target": "Parameter",
      "Id": "ParamBirdy",
      "Segments": [
        0,
        0,
        0,
        5,
        0
      ]
    },
    {
      "Target": "Parameter",
      "Id": "ParamBirdz",
      "Segments": [
        0,
        0,
        0,
        5,
        0
      ]
    },
    {
      "Target": "Parameter",
      "Id": "ParamBirdhead",
      "Segments": [
        0,
        0,
        0,
        5,
        0
      ]
    },
    {
      "Target": "Parameter",
      "Id": "ParamBirdtear",
      "Segments": [
        0,
        0,
        0,
        5,
        0
      ]
    },
    {
      "Target": "Parameter",
      "Id": "ParamBirdeye",
      "Segments": [
        0,
        0,
        0,
        5,
        0
      ]
    },
    {
      "Target": "Parameter",
      "Id": "ParamBirdmouth",
      "Segments": [
        0,
        0,
        0,
        5,
        0
      ]
    },
    {
      "Target": "Parameter",
      "Id": "ParamFishlocation",
      "Segments": [
        0,
        0,
        0,
        5,
        0
      ]
    },
    {
      "Target": "Parameter",
      "Id": "ParamBirdshiba",
      "Segments": [
        0,
        0,
        0,
        5,
        0
      ]
    },
    {
      "Target": "Parameter",
      "Id": "ParamLwing",
      "Segments": [
        0,
        0,
        0,
        5,
        0
      ]
    },
    {
      "Target": "Parameter",
      "Id": "ParamLwing1",
      "Segments": [
        0,
        0,
        0,
        5,
        0
      ]
    },
    {
      "Target": "Parameter",
      "Id": "ParamLwing2",
      "Segments": [
        0,
        0,
        0,
        5,
        0
      ]
    },
    {
      "Target": "Parameter",
      "Id": "ParamRwing",
      "Segments": [
        0,
        0,
        0,
        5,
        0
      ]
    },
    {
      "Target": "Parameter",
      "Id": "ParamRwing1",
      "Segments": [
        0,
        0,
        0,
        5,
        0
      ]
    },
    {
      "Target": "Parameter",
      "Id": "ParamRwing2",
      "Segments": [
        0,
        0,
        0,
        5,
        0
      ]
    },
    {
      "Target": "Parameter",
      "Id": "ParamBlleg",
      "Segments": [
        0,
        0,
        0,
        5,
        0
      ]
    },
    {
      "Target": "Parameter",
      "Id": "ParamBlfoot",
      "Segments": [
        0,
        0,
        0,
        5,
        0
      ]
    },
    {
      "Target": "Parameter",
      "Id": "ParamBrleg",
      "Segments": [
        0,
        0,
        0,
        5,
        0
      ]
    },
    {
      "Target": "Parameter",
      "Id": "ParamBrfoot",
      "Segments": [
        0,
        0,
        0,
        5,
        0
      ]
    },
    {
      "Target": "Parameter",
      "Id": "ParamBow",
      "Segments": [
        0,
        0,
        0,
        5,
        0
      ]
    },
    {
      "Target": "Parameter",
      "Id": "ParamBow0",
      "Segments": [
        0,
        0,
        0,
        5,
        0
      ]
    },
    {
      "Target": "Parameter",
      "Id": "ParamWater",
      "Segments": [
        0,
        0,
        0,
        5,
        0
      ]
    },
    {
      "Target": "Parameter",
      "Id": "ParamWater0",
      "Segments": [
        0,
        0,
        0,
        5,
        0
      ]
    },
    {
      "Target": "Parameter",
      "Id": "ParamBlackback",
      "Segments": [
        0,
        0,
        0,
        5,
        0
      ]
    },
    {
      "Target": "Parameter",
      "Id": "ParamBlackfront",
      "Segments": [
        0,
        0,
        0,
        5,
        0
      ]
    }
  ],
  "UserData": [
    {
      "Time": 0.0,
      "Value": ""
    }
  ]
}