{
  "Version": 3,
  "Meta": {
    "Duration": 8.6,
    "Fps": 30.0,
    "Loop": true,
    "AreBeziersRestricted": true,
    "CurveCount": 99,
    "TotalSegmentCount": 689,
    "TotalPointCount": 1503,
    "UserDataCount": 1,
    "TotalUserDataSize": 0
  },
  "Curves": [
    {
      "Target": "Parameter",
      "Id": "ParamAngleX",
      "Segments": [
        0,
        0,
        1,
        0.089,
        0,
        0.178,
        -3.719,
        0.267,
        -9,
        1,
        0.422,
        -18.242,
        0.578,
        -22,
        0.733,
        -22,
        0,
        1.033,
        -11,
        0,
        1.833,
        -21,
        0,
        2.333,
        -17,
        0,
        2.733,
        -21,
        2,
        3.233,
        -21,
        1,
        3.378,
        -21,
        3.522,
        -12.566,
        3.667,
        -7,
        1,
        3.989,
        5.416,
        4.311,
        9,
        4.633,
        9,
        1,
        4.755,
        9,
        4.878,
        9.744,
        5,
        6,
        1,
        5.2,
        -0.127,
        5.4,
        -21,
        5.6,
        -21,
        0,
        6.4,
        13,
        0,
        7.1,
        -30,
        0,
        7.733,
        10,
        0,
        8.6,
        0
      ]
    },
    {
      "Target": "Parameter",
      "Id": "ParamAngleY",
      "Segments": [
        0,
        0,
        0,
        0.267,
        -20,
        1,
        0.422,
        -20,
        0.578,
        11.856,
        0.733,
        16,
        1,
        0.833,
        18.664,
        0.933,
        18,
        1.033,
        18,
        1,
        1.3,
        18,
        1.566,
        16.013,
        1.833,
        2,
        1,
        2,
        -6.758,
        2.166,
        -30,
        2.333,
        -30,
        1,
        2.466,
        -30,
        2.6,
        8.611,
        2.733,
        18,
        1,
        2.9,
        29.736,
        3.066,
        30,
        3.233,
        30,
        0,
        3.667,
        -30,
        1,
        3.989,
        -30,
        4.311,
        -15.026,
        4.633,
        -5,
        1,
        4.755,
        -1.197,
        4.878,
        -2,
        5,
        -2,
        1,
        5.2,
        -2,
        5.4,
        -12.098,
        5.6,
        -15,
        1,
        5.867,
        -18.869,
        6.133,
        -19,
        6.4,
        -19,
        0,
        7.1,
        -6,
        0,
        7.733,
        -28,
        0,
        8.6,
        0
      ]
    },
    {
      "Target": "Parameter",
      "Id": "ParamAngleZ",
      "Segments": [
        0,
        0,
        0,
        0.3,
        12,
        0,
        1.067,
        1,
        1,
        2.378,
        1,
        3.689,
        2.444,
        5,
        7,
        1,
        5.2,
        7.695,
        5.4,
        30,
        5.6,
        30,
        1,
        5.867,
        30,
        6.133,
        27.78,
        6.4,
        13,
        1,
        6.567,
        3.763,
        6.733,
        -19,
        6.9,
        -19,
        0,
        7.6,
        19,
        0,
        8.6,
        0
      ]
    },
    {
      "Target": "Parameter",
      "Id": "ParamEyeLOpen",
      "Segments": [
        0,
        1,
        1,
        0.156,
        0.996,
        0.311,
        0.004,
        0.467,
        0,
        2,
        3.767,
        0,
        1,
        3.934,
        0.004,
        4.1,
        0.996,
        4.267,
        1,
        2,
        5.267,
        1,
        1,
        5.367,
        0.996,
        5.467,
        0.004,
        5.567,
        0,
        2,
        5.633,
        0,
        1,
        5.722,
        0.004,
        5.811,
        0.996,
        5.9,
        1,
        2,
        8.6,
        1
      ]
    },
    {
      "Target": "Parameter",
      "Id": "ParamEyeROpen",
      "Segments": [
        0,
        1,
        1,
        0.156,
        0.996,
        0.311,
        0.004,
        0.467,
        0,
        2,
        3.767,
        0,
        1,
        3.934,
        0.004,
        4.1,
        0.996,
        4.267,
        1,
        2,
        8.6,
        1
      ]
    },
    {
      "Target": "Parameter",
      "Id": "ParamEyeBallX",
      "Segments": [
        0,
        0,
        2,
        3.667,
        0,
        0,
        4.233,
        -0.6,
        1,
        4.511,
        -0.6,
        4.789,
        -0.604,
        5.067,
        -0.5,
        1,
        5.3,
        -0.412,
        5.534,
        -0.1,
        5.767,
        -0.1,
        0,
        6.4,
        -0.4,
        0,
        8.6,
        0
      ]
    },
    {
      "Target": "Parameter",
      "Id": "ParamEyeBallY",
      "Segments": [
        0,
        0,
        2,
        3.667,
        0,
        1,
        3.856,
        0,
        4.044,
        0.138,
        4.233,
        0.2,
        1,
        4.511,
        0.291,
        4.789,
        0.3,
        5.067,
        0.3,
        1,
        5.3,
        0.3,
        5.534,
        0.29,
        5.767,
        0.2,
        1,
        5.978,
        0.118,
        6.189,
        0,
        6.4,
        0,
        2,
        8.6,
        0
      ]
    },
    {
      "Target": "Parameter",
      "Id": "ParamHighlightsize",
      "Segments": [
        0,
        0,
        2,
        4.6,
        0,
        0,
        4.9,
        1,
        0,
        5.133,
        0,
        0,
        5.433,
        1,
        0,
        5.7,
        0,
        0,
        5.967,
        1,
        0,
        6.233,
        0,
        0,
        6.5,
        1,
        0,
        6.767,
        0,
        0,
        7.033,
        1,
        0,
        7.3,
        0,
        0,
        7.533,
        1,
        0,
        7.8,
        0,
        2,
        8.6,
        0
      ]
    },
    {
      "Target": "Parameter",
      "Id": "ParamMouthOpenY",
      "Segments": [
        0,
        1,
        2,
        0.233,
        1,
        1,
        0.266,
        0.998,
        0.3,
        0.086,
        0.333,
        0.149,
        1,
        0.355,
        0.158,
        0.378,
        0.515,
        0.4,
        0.902,
        3,
        0.433,
        1,
        2,
        0.533,
        1,
        2,
        0.567,
        0.882,
        1,
        0.6,
        0.486,
        0.634,
        0.119,
        0.667,
        0.11,
        1,
        0.678,
        0.09,
        0.689,
        0.563,
        0.7,
        0.969,
        3,
        0.733,
        1,
        2,
        0.867,
        1,
        1,
        0.878,
        1.009,
        0.889,
        0.994,
        0.9,
        0.928,
        1,
        0.911,
        0.882,
        0.922,
        0.854,
        0.933,
        0.855,
        1,
        0.955,
        0.853,
        0.978,
        1.019,
        1,
        1,
        1,
        1.067,
        1.026,
        1.133,
        0.431,
        1.2,
        0.439,
        1,
        1.222,
        0.44,
        1.245,
        0.493,
        1.267,
        0.494,
        1,
        1.289,
        0.488,
        1.311,
        0.139,
        1.333,
        0.133,
        1,
        1.355,
        0.135,
        1.378,
        0.226,
        1.4,
        0.227,
        1,
        1.489,
        0.227,
        1.578,
        0.001,
        1.667,
        0,
        1,
        1.7,
        0,
        1.734,
        0.183,
        1.767,
        0.412,
        1,
        1.8,
        0.608,
        1.834,
        0.998,
        1.867,
        1,
        2,
        2.067,
        1,
        2,
        2.1,
        0.99,
        1,
        2.133,
        0.684,
        2.167,
        0.071,
        2.2,
        0.071,
        1,
        2.233,
        0.071,
        2.267,
        0.675,
        2.3,
        0.977,
        3,
        2.333,
        1,
        2,
        2.367,
        0.966,
        1,
        2.4,
        0.644,
        2.434,
        0,
        2.467,
        0,
        1,
        2.489,
        0.014,
        2.511,
        0.888,
        2.533,
        0.902,
        1,
        2.555,
        0.89,
        2.578,
        0.122,
        2.6,
        0.11,
        1,
        2.633,
        0.087,
        2.667,
        0.807,
        2.7,
        1,
        2,
        2.767,
        1,
        1,
        2.8,
        0.745,
        2.834,
        -0.017,
        2.867,
        0,
        1,
        2.934,
        -0.005,
        3,
        0.703,
        3.067,
        0.698,
        1,
        3.089,
        0.685,
        3.111,
        0.672,
        3.133,
        0.659,
        1,
        3.144,
        0.573,
        3.156,
        1.138,
        3.167,
        1,
        2,
        3.367,
        1,
        1,
        3.4,
        0.901,
        3.434,
        0.074,
        3.467,
        0.118,
        1,
        3.489,
        0.119,
        3.511,
        0.218,
        3.533,
        0.22,
        1,
        3.578,
        0.221,
        3.622,
        0.077,
        3.667,
        0.078,
        1,
        3.689,
        0.081,
        3.711,
        0.162,
        3.733,
        0.294,
        1,
        3.766,
        0.481,
        3.8,
        0.798,
        3.833,
        1,
        2,
        4,
        1,
        1,
        4.011,
        0.971,
        4.022,
        1.074,
        4.033,
        0.91,
        1,
        4.044,
        0.822,
        4.056,
        0.725,
        4.067,
        0.644,
        1,
        4.089,
        0.486,
        4.111,
        0.36,
        4.133,
        0.361,
        1,
        4.155,
        0.365,
        4.178,
        0.608,
        4.2,
        0.612,
        1,
        4.222,
        0.609,
        4.245,
        0.442,
        4.267,
        0.439,
        1,
        4.289,
        0.443,
        4.311,
        0.648,
        4.333,
        0.651,
        1,
        4.355,
        0.648,
        4.378,
        0.481,
        4.4,
        0.478,
        1,
        4.422,
        0.48,
        4.445,
        0.594,
        4.467,
        0.596,
        1,
        4.534,
        0.601,
        4.6,
        -0.005,
        4.667,
        0,
        1,
        4.7,
        -0.081,
        4.734,
        1.033,
        4.767,
        1,
        2,
        4.8,
        1,
        2,
        4.833,
        0.812,
        1,
        4.844,
        0.499,
        4.856,
        0.134,
        4.867,
        0.149,
        1,
        4.9,
        0.13,
        4.934,
        0.8,
        4.967,
        1,
        2,
        5.033,
        1,
        1,
        5.044,
        0.994,
        5.056,
        0.844,
        5.067,
        0.863,
        1,
        5.078,
        0.819,
        5.089,
        1.102,
        5.1,
        1,
        2,
        5.133,
        1,
        2,
        5.167,
        0.714,
        1,
        5.178,
        0.387,
        5.189,
        0.007,
        5.2,
        0.024,
        1,
        5.211,
        0.006,
        5.222,
        0.427,
        5.233,
        0.788,
        3,
        5.267,
        1,
        2,
        5.3,
        1,
        1,
        5.311,
        1.128,
        5.322,
        0.719,
        5.333,
        0.784,
        1,
        5.355,
        0.778,
        5.378,
        0.925,
        5.4,
        1,
        2,
        5.5,
        1,
        1,
        5.511,
        1.008,
        5.522,
        0.823,
        5.533,
        0.847,
        1,
        5.544,
        0.827,
        5.556,
        0.992,
        5.567,
        1,
        2,
        5.6,
        1,
        1,
        5.611,
        0.99,
        5.622,
        1.081,
        5.633,
        0.635,
        1,
        5.644,
        0.346,
        5.656,
        0.009,
        5.667,
        0.024,
        1,
        5.678,
        0.011,
        5.689,
        0.315,
        5.7,
        0.576,
        1,
        5.711,
        0.87,
        5.722,
        1.101,
        5.733,
        1,
        2,
        5.767,
        1,
        1,
        5.789,
        0.981,
        5.811,
        0.738,
        5.833,
        0.565,
        1,
        5.866,
        0.275,
        5.9,
        0.007,
        5.933,
        0,
        2,
        6,
        0,
        1,
        6.044,
        -0.005,
        6.089,
        0.672,
        6.133,
        0.667,
        1,
        6.155,
        0.657,
        6.178,
        0.072,
        6.2,
        0.063,
        1,
        6.222,
        0.073,
        6.245,
        0.477,
        6.267,
        0.914,
        3,
        6.3,
        1,
        2,
        6.633,
        1,
        1,
        6.666,
        0.855,
        6.7,
        0.11,
        6.733,
        0.141,
        1,
        6.744,
        0.124,
        6.756,
        0.534,
        6.767,
        0.886,
        3,
        6.8,
        1,
        2,
        6.9,
        1,
        1,
        6.911,
        1.019,
        6.922,
        0.986,
        6.933,
        0.863,
        1,
        6.944,
        0.773,
        6.956,
        0.664,
        6.967,
        0.581,
        1,
        7,
        0.31,
        7.034,
        0.094,
        7.067,
        0.094,
        1,
        7.078,
        0.073,
        7.089,
        0.568,
        7.1,
        0.992,
        3,
        7.133,
        1,
        2,
        7.2,
        1,
        1,
        7.222,
        0.635,
        7.245,
        0.185,
        7.267,
        0.188,
        1,
        7.3,
        0.121,
        7.334,
        1.031,
        7.367,
        1,
        2,
        7.467,
        1,
        2,
        7.5,
        0.949,
        1,
        7.556,
        0.537,
        7.611,
        0.005,
        7.667,
        0,
        2,
        8.6,
        0
      ]
    },
    {
      "Target": "Parameter",
      "Id": "ParamCheek",
      "Segments": [
        0,
        0,
        2,
        0.333,
        0,
        0,
        0.9,
        1,
        2,
        2.2,
        1,
        0,
        3.033,
        0,
        2,
        8.6,
        0
      ]
    },
    {
      "Target": "Parameter",
      "Id": "ParamBodyAngleZ",
      "Segments": [
        0,
        0,
        0,
        0.967,
        -9,
        1,
        1.378,
        -9,
        1.789,
        -7.483,
        2.2,
        -4,
        1,
        2.456,
        -1.835,
        2.711,
        -0.022,
        2.967,
        3,
        1,
        3.256,
        6.417,
        3.544,
        10,
        3.833,
        10,
        1,
        4.778,
        10,
        5.722,
        9.818,
        6.667,
        9,
        1,
        6.889,
        8.807,
        7.111,
        -2,
        7.333,
        -2,
        0,
        7.8,
        0,
        2,
        8.6,
        0
      ]
    },
    {
      "Target": "Parameter",
      "Id": "ParamPx",
      "Segments": [
        0,
        -10,
        0,
        3.833,
        -13,
        2,
        6.633,
        -13,
        0,
        7.3,
        -10,
        2,
        8.6,
        -10
      ]
    },
    {
      "Target": "Parameter",
      "Id": "ParamPy",
      "Segments": [
        0,
        -15,
        0,
        1.067,
        -13,
        0,
        2.2,
        -15,
        2,
        3.833,
        -15,
        2,
        5.233,
        -15,
        2,
        5.733,
        -15,
        1,
        6.033,
        -15,
        6.333,
        -14.803,
        6.633,
        -14,
        1,
        6.744,
        -13.703,
        6.856,
        -13,
        6.967,
        -13,
        0,
        7.767,
        -15,
        2,
        8.6,
        -15
      ]
    },
    {
      "Target": "Parameter",
      "Id": "ParamPz",
      "Segments": [
        0,
        -16,
        0,
        3.833,
        -30,
        2,
        5.233,
        -30,
        1,
        5.933,
        -30,
        6.633,
        -26.764,
        7.333,
        -21,
        1,
        7.478,
        -19.811,
        7.622,
        -18.774,
        7.767,
        -18,
        1,
        8.045,
        -16.511,
        8.322,
        -16,
        8.6,
        -16
      ]
    },
    {
      "Target": "Parameter",
      "Id": "ParamTail1",
      "Segments": [
        0,
        0,
        2,
        0.5,
        0,
        0,
        0.867,
        -4,
        1,
        1,
        -4,
        1.134,
        -3.049,
        1.267,
        0,
        1,
        1.389,
        2.795,
        1.511,
        5,
        1.633,
        5,
        1,
        1.8,
        5,
        1.966,
        3.333,
        2.133,
        0,
        1,
        2.3,
        -3.333,
        2.466,
        -5,
        2.633,
        -5,
        1,
        2.811,
        -5,
        2.989,
        -2.738,
        3.167,
        0,
        1,
        3.367,
        3.08,
        3.567,
        4,
        3.767,
        4,
        1,
        3.967,
        4,
        4.167,
        2.813,
        4.367,
        0,
        1,
        4.545,
        -2.501,
        4.722,
        -4,
        4.9,
        -4,
        1,
        5.089,
        -4,
        5.278,
        -2.822,
        5.467,
        0,
        1,
        5.634,
        2.49,
        5.8,
        4,
        5.967,
        4,
        1,
        6.167,
        4,
        6.367,
        2.667,
        6.567,
        0,
        1,
        6.767,
        -2.667,
        6.967,
        -4,
        7.167,
        -4,
        1,
        7.378,
        -4,
        7.589,
        -2.839,
        7.8,
        0,
        1,
        7.933,
        1.793,
        8.067,
        3,
        8.2,
        3,
        0,
        8.6,
        0
      ]
    },
    {
      "Target": "Parameter",
      "Id": "ParamTail2",
      "Segments": [
        0,
        0,
        0,
        0.5,
        5,
        1,
        0.622,
        5,
        0.745,
        3.182,
        0.867,
        0,
        1,
        1,
        -3.471,
        1.134,
        -5,
        1.267,
        -5,
        1,
        1.389,
        -5,
        1.511,
        -2.749,
        1.633,
        0,
        1,
        1.8,
        3.748,
        1.966,
        5,
        2.133,
        5,
        1,
        2.3,
        5,
        2.466,
        2.49,
        2.633,
        -1,
        1,
        2.811,
        -4.722,
        2.989,
        -6,
        3.167,
        -6,
        1,
        3.367,
        -6,
        3.567,
        -3.191,
        3.767,
        0,
        1,
        3.967,
        3.191,
        4.167,
        4,
        4.367,
        4,
        1,
        4.545,
        4,
        4.722,
        2.889,
        4.9,
        0,
        1,
        5.089,
        -3.069,
        5.278,
        -5,
        5.467,
        -5,
        1,
        5.634,
        -5,
        5.8,
        -3.726,
        5.967,
        -1,
        1,
        6.167,
        2.271,
        6.367,
        4,
        6.567,
        4,
        1,
        6.767,
        4,
        6.967,
        1.39,
        7.167,
        -1,
        1,
        7.378,
        -3.523,
        7.589,
        -4,
        7.8,
        -4,
        0,
        8.2,
        0,
        2,
        8.6,
        0
      ]
    },
    {
      "Target": "Parameter",
      "Id": "ParamLarm",
      "Segments": [
        0,
        -15,
        1,
        0.233,
        -15,
        0.467,
        -12.359,
        0.7,
        -2,
        1,
        0.889,
        6.386,
        1.078,
        15,
        1.267,
        15,
        2,
        1.433,
        15,
        0,
        2.167,
        -24,
        1,
        2.6,
        -24,
        3.034,
        -8.434,
        3.467,
        9,
        1,
        3.511,
        10.788,
        3.556,
        10.734,
        3.6,
        11,
        1,
        3.733,
        11.798,
        3.867,
        12,
        4,
        12,
        1,
        4.778,
        12,
        5.555,
        11.4,
        6.333,
        9,
        1,
        6.511,
        8.451,
        6.689,
        0.421,
        6.867,
        -7,
        1,
        7.011,
        -13.029,
        7.156,
        -28,
        7.3,
        -28,
        0,
        7.733,
        -15,
        2,
        8.6,
        -15
      ]
    },
    {
      "Target": "Parameter",
      "Id": "ParamLforearm",
      "Segments": [
        0,
        15,
        0,
        0.367,
        0,
        0,
        0.7,
        30,
        2,
        1.467,
        30,
        2,
        1.633,
        30,
        2,
        1.933,
        30,
        1,
        2.433,
        30,
        2.933,
        9.993,
        3.433,
        -16,
        1,
        3.489,
        -18.888,
        3.544,
        -18,
        3.6,
        -18,
        0,
        4.033,
        -16,
        2,
        6.3,
        -16,
        0,
        6.967,
        30,
        2,
        7.367,
        30,
        2,
        7.967,
        30,
        0,
        8.6,
        15
      ]
    },
    {
      "Target": "Parameter",
      "Id": "ParamLforearmchange",
      "Segments": [
        0,
        10,
        2,
        0.6,
        10,
        0,
        0.967,
        0,
        2,
        1.467,
        0,
        2,
        1.633,
        0,
        0,
        2.1,
        10,
        2,
        7,
        10,
        2,
        8.6,
        10
      ]
    },
    {
      "Target": "Parameter",
      "Id": "ParamLhand",
      "Segments": [
        0,
        0,
        0,
        3.4,
        11,
        0,
        3.633,
        -2,
        0,
        3.967,
        0,
        2,
        6.4,
        0,
        2,
        8.6,
        0
      ]
    },
    {
      "Target": "Parameter",
      "Id": "ParamLfinger",
      "Segments": [
        0,
        0,
        0,
        1.133,
        30,
        0,
        1.867,
        0,
        0,
        3.233,
        26,
        0,
        3.5,
        -16,
        0,
        4.067,
        30,
        0,
        4.7,
        -6,
        0,
        5.3,
        22,
        0,
        6.233,
        -30,
        1,
        6.511,
        -30,
        6.789,
        -20.284,
        7.067,
        0,
        1,
        7.3,
        17.039,
        7.534,
        26,
        7.767,
        26,
        0,
        8.6,
        0
      ]
    },
    {
      "Target": "Parameter",
      "Id": "ParamRarm",
      "Segments": [
        0,
        0,
        1,
        0.167,
        0,
        0.333,
        0.977,
        0.5,
        9,
        1,
        0.7,
        18.628,
        0.9,
        30,
        1.1,
        30,
        2,
        1.367,
        30,
        1,
        1.589,
        30,
        1.811,
        16.155,
        2.033,
        -8,
        1,
        2.178,
        -23.701,
        2.322,
        -30,
        2.467,
        -30,
        1,
        2.878,
        -30,
        3.289,
        -27.737,
        3.7,
        -25,
        1,
        4.367,
        -20.561,
        5.033,
        -19,
        5.7,
        -19,
        0,
        6.833,
        -30,
        0,
        7.6,
        4,
        0,
        8.6,
        0
      ]
    },
    {
      "Target": "Parameter",
      "Id": "ParamRforearm",
      "Segments": [
        0,
        -15,
        0,
        0.8,
        -30,
        2,
        2.8,
        -30,
        0,
        3.633,
        -14,
        0,
        4.3,
        -30,
        0,
        4.967,
        -16,
        0,
        5.7,
        -30,
        0,
        7.067,
        26,
        0,
        7.6,
        -30,
        1,
        7.767,
        -30,
        7.933,
        -30.203,
        8.1,
        -29,
        1,
        8.267,
        -27.797,
        8.433,
        -15,
        8.6,
        -15
      ]
    },
    {
      "Target": "Parameter",
      "Id": "ParamRforearmx",
      "Segments": [
        0,
        0,
        2,
        0.7,
        0,
        0,
        1.267,
        30,
        2,
        1.967,
        30,
        1,
        3.211,
        30,
        4.456,
        27.316,
        5.7,
        16,
        1,
        6.144,
        11.959,
        6.589,
        0,
        7.033,
        0,
        2,
        8.6,
        0
      ]
    },
    {
      "Target": "Parameter",
      "Id": "ParamRhand",
      "Segments": [
        0,
        0,
        2,
        0.867,
        0,
        0,
        1.633,
        25,
        0,
        1.867,
        -21,
        0,
        2.8,
        -18,
        0,
        3.767,
        -30,
        0,
        4.433,
        -20,
        0,
        5.033,
        -30,
        0,
        5.7,
        -18,
        0,
        7.1,
        -22,
        1,
        7.433,
        -22,
        7.767,
        -14.112,
        8.1,
        -5,
        1,
        8.267,
        -0.444,
        8.433,
        0,
        8.6,
        0
      ]
    },
    {
      "Target": "Parameter",
      "Id": "ParamRhandchange",
      "Segments": [
        0,
        10,
        2,
        0.533,
        10,
        0,
        0.8,
        0,
        1,
        1.1,
        0,
        1.4,
        0.064,
        1.7,
        0.3,
        1,
        1.756,
        0.344,
        1.811,
        10,
        1.867,
        10,
        2,
        8.6,
        10
      ]
    },
    {
      "Target": "Parameter",
      "Id": "ParamRfinger",
      "Segments": [
        0,
        0,
        0,
        0.9,
        -30,
        0,
        1.667,
        30,
        0,
        2.133,
        -3,
        1,
        2.355,
        -3,
        2.578,
        -3.901,
        2.8,
        0,
        1,
        3.156,
        6.241,
        3.511,
        30,
        3.867,
        30,
        0,
        4.467,
        -30,
        0,
        5.133,
        30,
        0,
        5.767,
        -30,
        0,
        7.1,
        30,
        0,
        8.6,
        0
      ]
    },
    {
      "Target": "Parameter",
      "Id": "ParamRleg",
      "Segments": [
        0,
        0,
        0,
        0.6,
        -11,
        0,
        1.567,
        12,
        0,
        2.8,
        -1,
        0,
        3.9,
        0,
        2,
        6.8,
        0,
        0,
        7.467,
        -6,
        0,
        8.6,
        0
      ]
    },
    {
      "Target": "Parameter",
      "Id": "ParamRforeleg",
      "Segments": [
        0,
        0,
        0,
        0.6,
        -8,
        2,
        1.567,
        -8,
        0,
        2.8,
        0,
        2,
        3.9,
        0,
        2,
        6.8,
        0,
        0,
        7.467,
        15,
        0,
        8.6,
        0
      ]
    },
    {
      "Target": "Parameter",
      "Id": "ParamHairFront",
      "Segments": [
        0,
        0,
        0,
        0.333,
        -30,
        1,
        0.422,
        -30,
        0.511,
        -20.308,
        0.6,
        1,
        1,
        0.678,
        19.644,
        0.755,
        30,
        0.833,
        30,
        1,
        0.933,
        30,
        1.033,
        18.166,
        1.133,
        0,
        1,
        1.244,
        -20.184,
        1.356,
        -28,
        1.467,
        -28,
        1,
        1.556,
        -28,
        1.644,
        -17.077,
        1.733,
        0,
        1,
        1.844,
        21.346,
        1.956,
        30,
        2.067,
        30,
        1,
        2.167,
        30,
        2.267,
        20.976,
        2.367,
        1,
        1,
        2.467,
        -18.976,
        2.567,
        -30,
        2.667,
        -30,
        1,
        2.778,
        -30,
        2.889,
        -20.661,
        3,
        -1,
        1,
        3.111,
        18.661,
        3.222,
        29,
        3.333,
        29,
        1,
        3.478,
        29,
        3.622,
        18.993,
        3.767,
        0,
        1,
        3.911,
        -18.993,
        4.056,
        -28,
        4.2,
        -28,
        1,
        4.311,
        -28,
        4.422,
        -19.403,
        4.533,
        -1,
        1,
        4.655,
        19.244,
        4.778,
        30,
        4.9,
        30,
        1,
        5.044,
        30,
        5.189,
        21.377,
        5.333,
        -1,
        1,
        5.444,
        -18.213,
        5.556,
        -30,
        5.667,
        -30,
        1,
        5.778,
        -30,
        5.889,
        -20,
        6,
        0,
        1,
        6.111,
        20,
        6.222,
        30,
        6.333,
        30,
        1,
        6.444,
        30,
        6.556,
        20.99,
        6.667,
        0,
        1,
        6.767,
        -18.891,
        6.867,
        -30,
        6.967,
        -30,
        1,
        7.078,
        -30,
        7.189,
        -20,
        7.3,
        0,
        1,
        7.411,
        20,
        7.522,
        30,
        7.633,
        30,
        0,
        7.967,
        0,
        2,
        8.6,
        0
      ]
    },
    {
      "Target": "Parameter",
      "Id": "ParamFore2",
      "Segments": [
        0,
        0,
        2,
        0.333,
        0,
        0,
        0.6,
        -30,
        1,
        0.678,
        -30,
        0.755,
        -21.499,
        0.833,
        -4,
        1,
        0.933,
        18.498,
        1.033,
        30,
        1.133,
        30,
        1,
        1.244,
        30,
        1.356,
        21.078,
        1.467,
        -1,
        1,
        1.556,
        -18.662,
        1.644,
        -30,
        1.733,
        -30,
        1,
        1.844,
        -30,
        1.956,
        -21.59,
        2.067,
        -2,
        1,
        2.167,
        15.631,
        2.267,
        26,
        2.367,
        26,
        1,
        2.467,
        26,
        2.567,
        17.677,
        2.667,
        0,
        1,
        2.778,
        -19.642,
        2.889,
        -30,
        3,
        -30,
        1,
        3.111,
        -30,
        3.222,
        -16.361,
        3.333,
        -1,
        1,
        3.478,
        18.969,
        3.622,
        25,
        3.767,
        25,
        1,
        3.911,
        25,
        4.056,
        15.689,
        4.2,
        -5,
        1,
        4.311,
        -20.914,
        4.422,
        -30,
        4.533,
        -30,
        1,
        4.655,
        -30,
        4.778,
        -17.847,
        4.9,
        -1,
        1,
        5.044,
        18.91,
        5.189,
        26,
        5.333,
        26,
        1,
        5.444,
        26,
        5.556,
        14.563,
        5.667,
        -4,
        1,
        5.778,
        -22.563,
        5.889,
        -30,
        6,
        -30,
        1,
        6.111,
        -30,
        6.222,
        -18.976,
        6.333,
        1,
        1,
        6.444,
        20.976,
        6.556,
        30,
        6.667,
        30,
        1,
        6.767,
        30,
        6.867,
        14.25,
        6.967,
        -4,
        1,
        7.078,
        -24.278,
        7.189,
        -30,
        7.3,
        -30,
        1,
        7.411,
        -30,
        7.522,
        -18.976,
        7.633,
        1,
        1,
        7.744,
        20.976,
        7.856,
        30,
        7.967,
        30,
        0,
        8.6,
        0
      ]
    },
    {
      "Target": "Parameter",
      "Id": "ParamHairSide",
      "Segments": [
        0,
        0,
        2,
        0.267,
        0,
        0,
        0.567,
        -28,
        1,
        0.656,
        -28,
        0.744,
        -16.77,
        0.833,
        1,
        1,
        0.933,
        20.992,
        1.033,
        29,
        1.133,
        29,
        1,
        1.244,
        29,
        1.356,
        19.973,
        1.467,
        0,
        1,
        1.567,
        -17.976,
        1.667,
        -28,
        1.767,
        -28,
        1,
        1.856,
        -28,
        1.944,
        -16.77,
        2.033,
        1,
        1,
        2.133,
        20.992,
        2.233,
        29,
        2.333,
        29,
        1,
        2.433,
        29,
        2.533,
        18.994,
        2.633,
        0,
        1,
        2.733,
        -18.994,
        2.833,
        -28,
        2.933,
        -28,
        1,
        3.022,
        -28,
        3.111,
        -16.77,
        3.2,
        1,
        1,
        3.3,
        20.992,
        3.4,
        29,
        3.5,
        29,
        1,
        3.611,
        29,
        3.722,
        19.973,
        3.833,
        0,
        1,
        3.933,
        -17.976,
        4.033,
        -28,
        4.133,
        -28,
        1,
        4.222,
        -28,
        4.311,
        -16.77,
        4.4,
        1,
        1,
        4.5,
        20.992,
        4.6,
        29,
        4.7,
        29,
        1,
        4.8,
        29,
        4.9,
        18.994,
        5,
        0,
        1,
        5.1,
        -18.994,
        5.2,
        -28,
        5.3,
        -28,
        1,
        5.389,
        -28,
        5.478,
        -16.77,
        5.567,
        1,
        1,
        5.667,
        20.992,
        5.767,
        29,
        5.867,
        29,
        1,
        5.967,
        29,
        6.067,
        18.994,
        6.167,
        0,
        1,
        6.267,
        -18.994,
        6.367,
        -28,
        6.467,
        -28,
        1,
        6.556,
        -28,
        6.644,
        -16.77,
        6.733,
        1,
        1,
        6.833,
        20.992,
        6.933,
        29,
        7.033,
        29,
        1,
        7.122,
        29,
        7.211,
        17.77,
        7.3,
        0,
        1,
        7.4,
        -19.992,
        7.5,
        -28,
        7.6,
        -28,
        1,
        7.689,
        -28,
        7.778,
        -16.77,
        7.867,
        1,
        1,
        7.967,
        20.992,
        8.067,
        29,
        8.167,
        29,
        0,
        8.6,
        0
      ]
    },
    {
      "Target": "Parameter",
      "Id": "ParamSide2",
      "Segments": [
        0,
        0,
        0,
        0.267,
        30,
        1,
        0.367,
        30,
        0.467,
        20.162,
        0.567,
        -1,
        1,
        0.656,
        -19.81,
        0.744,
        -30,
        0.833,
        -30,
        1,
        0.933,
        -30,
        1.033,
        -24.492,
        1.133,
        -6,
        1,
        1.244,
        14.547,
        1.356,
        30,
        1.467,
        30,
        1,
        1.567,
        30,
        1.667,
        20.162,
        1.767,
        -1,
        1,
        1.856,
        -19.81,
        1.944,
        -30,
        2.033,
        -30,
        1,
        2.133,
        -30,
        2.233,
        -25.136,
        2.333,
        -6,
        1,
        2.433,
        13.136,
        2.533,
        30,
        2.633,
        30,
        1,
        2.733,
        30,
        2.833,
        20.162,
        2.933,
        -1,
        1,
        3.022,
        -19.81,
        3.111,
        -30,
        3.2,
        -30,
        1,
        3.3,
        -30,
        3.4,
        -24.492,
        3.5,
        -6,
        1,
        3.611,
        14.547,
        3.722,
        30,
        3.833,
        30,
        1,
        3.933,
        30,
        4.033,
        20.162,
        4.133,
        -1,
        1,
        4.222,
        -19.81,
        4.311,
        -30,
        4.4,
        -30,
        1,
        4.5,
        -30,
        4.6,
        -25.136,
        4.7,
        -6,
        1,
        4.8,
        13.136,
        4.9,
        30,
        5,
        30,
        1,
        5.1,
        30,
        5.2,
        20.162,
        5.3,
        -1,
        1,
        5.389,
        -19.81,
        5.478,
        -30,
        5.567,
        -30,
        1,
        5.667,
        -30,
        5.767,
        -25.136,
        5.867,
        -6,
        1,
        5.967,
        13.136,
        6.067,
        30,
        6.167,
        30,
        1,
        6.267,
        30,
        6.367,
        20.162,
        6.467,
        -1,
        1,
        6.556,
        -19.81,
        6.644,
        -30,
        6.733,
        -30,
        1,
        6.833,
        -30,
        6.933,
        -25.693,
        7.033,
        -6,
        1,
        7.122,
        11.505,
        7.211,
        30,
        7.3,
        30,
        1,
        7.4,
        30,
        7.5,
        20.162,
        7.6,
        -1,
        1,
        7.689,
        -19.81,
        7.778,
        -30,
        7.867,
        -30,
        1,
        7.967,
        -30,
        8.067,
        -9.933,
        8.167,
        -6,
        1,
        8.311,
        -0.32,
        8.456,
        0,
        8.6,
        0
      ]
    },
    {
      "Target": "Parameter",
      "Id": "ParamHairBack",
      "Segments": [
        0,
        0,
        2,
        0.267,
        0,
        0,
        0.533,
        -25,
        1,
        0.622,
        -25,
        0.711,
        -14.905,
        0.8,
        1,
        1,
        0.911,
        20.881,
        1.022,
        29,
        1.133,
        29,
        1,
        1.244,
        29,
        1.356,
        19,
        1.467,
        -1,
        1,
        1.556,
        -17,
        1.644,
        -25,
        1.733,
        -25,
        1,
        1.822,
        -25,
        1.911,
        -14.905,
        2,
        1,
        1,
        2.111,
        20.881,
        2.222,
        29,
        2.333,
        29,
        1,
        2.444,
        29,
        2.556,
        15.675,
        2.667,
        -1,
        1,
        2.789,
        -19.343,
        2.911,
        -25,
        3.033,
        -25,
        1,
        3.122,
        -25,
        3.211,
        -14.905,
        3.3,
        1,
        1,
        3.411,
        20.881,
        3.522,
        29,
        3.633,
        29,
        1,
        3.744,
        29,
        3.856,
        19,
        3.967,
        -1,
        1,
        4.056,
        -17,
        4.144,
        -25,
        4.233,
        -25,
        1,
        4.322,
        -25,
        4.411,
        -14.905,
        4.5,
        1,
        1,
        4.611,
        20.881,
        4.722,
        29,
        4.833,
        29,
        1,
        4.944,
        29,
        5.056,
        19,
        5.167,
        -1,
        1,
        5.256,
        -17,
        5.344,
        -25,
        5.433,
        -25,
        1,
        5.522,
        -25,
        5.611,
        -14.905,
        5.7,
        1,
        1,
        5.811,
        20.881,
        5.922,
        29,
        6.033,
        29,
        1,
        6.144,
        29,
        6.256,
        20.078,
        6.367,
        -1,
        1,
        6.445,
        -15.754,
        6.522,
        -25,
        6.6,
        -25,
        1,
        6.689,
        -25,
        6.778,
        -14.905,
        6.867,
        1,
        1,
        6.978,
        20.881,
        7.089,
        29,
        7.2,
        29,
        1,
        7.311,
        29,
        7.422,
        19,
        7.533,
        -1,
        1,
        7.622,
        -17,
        7.711,
        -25,
        7.8,
        -25,
        1,
        7.889,
        -25,
        7.978,
        -12.877,
        8.067,
        1,
        1,
        8.167,
        16.612,
        8.267,
        21,
        8.367,
        21,
        0,
        8.6,
        0
      ]
    },
    {
      "Target": "Parameter",
      "Id": "ParamBack2",
      "Segments": [
        0,
        0,
        0,
        0.267,
        30,
        1,
        0.356,
        30,
        0.444,
        17.111,
        0.533,
        -2,
        1,
        0.622,
        -21.111,
        0.711,
        -28,
        0.8,
        -28,
        1,
        0.911,
        -28,
        1.022,
        -20.637,
        1.133,
        -4,
        1,
        1.244,
        12.637,
        1.356,
        22,
        1.467,
        22,
        1,
        1.556,
        22,
        1.644,
        14.638,
        1.733,
        -2,
        1,
        1.822,
        -18.638,
        1.911,
        -28,
        2,
        -28,
        1,
        2.111,
        -28,
        2.222,
        -20.637,
        2.333,
        -4,
        1,
        2.444,
        12.637,
        2.556,
        22,
        2.667,
        22,
        1,
        2.789,
        22,
        2.911,
        16.504,
        3.033,
        -2,
        1,
        3.122,
        -15.457,
        3.211,
        -28,
        3.3,
        -28,
        1,
        3.411,
        -28,
        3.522,
        -20.637,
        3.633,
        -4,
        1,
        3.744,
        12.637,
        3.856,
        22,
        3.967,
        22,
        1,
        4.056,
        22,
        4.144,
        14.638,
        4.233,
        -2,
        1,
        4.322,
        -18.638,
        4.411,
        -28,
        4.5,
        -28,
        1,
        4.611,
        -28,
        4.722,
        -20.637,
        4.833,
        -4,
        1,
        4.944,
        12.637,
        5.056,
        22,
        5.167,
        22,
        1,
        5.256,
        22,
        5.344,
        14.638,
        5.433,
        -2,
        1,
        5.522,
        -18.638,
        5.611,
        -28,
        5.7,
        -28,
        1,
        5.811,
        -28,
        5.922,
        -20.637,
        6.033,
        -4,
        1,
        6.144,
        12.637,
        6.256,
        22,
        6.367,
        22,
        1,
        6.445,
        22,
        6.522,
        13.544,
        6.6,
        -2,
        1,
        6.689,
        -19.764,
        6.778,
        -28,
        6.867,
        -28,
        1,
        6.978,
        -28,
        7.089,
        -20.637,
        7.2,
        -4,
        1,
        7.311,
        12.637,
        7.422,
        22,
        7.533,
        22,
        1,
        7.622,
        22,
        7.711,
        14.638,
        7.8,
        -2,
        1,
        7.889,
        -18.638,
        7.978,
        -28,
        8.067,
        -28,
        0,
        8.367,
        1,
        0,
        8.6,
        0
      ]
    },
    {
      "Target": "Parameter",
      "Id": "ParamBack3",
      "Segments": [
        0,
        0,
        1,
        0.089,
        0,
        0.178,
        -0.186,
        0.267,
        1,
        1,
        0.356,
        2.186,
        0.444,
        30,
        0.533,
        30,
        1,
        0.622,
        30,
        0.711,
        23.111,
        0.8,
        4,
        1,
        0.889,
        -15.111,
        0.978,
        -28,
        1.067,
        -28,
        1,
        1.178,
        -28,
        1.289,
        -20.198,
        1.4,
        1,
        1,
        1.489,
        17.959,
        1.578,
        30,
        1.667,
        30,
        1,
        1.756,
        30,
        1.844,
        23.111,
        1.933,
        4,
        1,
        2.022,
        -15.111,
        2.111,
        -28,
        2.2,
        -28,
        1,
        2.289,
        -28,
        2.378,
        -18.333,
        2.467,
        1,
        1,
        2.556,
        20.333,
        2.644,
        30,
        2.733,
        30,
        1,
        2.822,
        30,
        2.911,
        23.111,
        3,
        4,
        1,
        3.089,
        -15.111,
        3.178,
        -28,
        3.267,
        -28,
        1,
        3.367,
        -28,
        3.467,
        -19.394,
        3.567,
        1,
        1,
        3.656,
        19.128,
        3.744,
        30,
        3.833,
        30,
        1,
        3.922,
        30,
        4.011,
        23.111,
        4.1,
        4,
        1,
        4.189,
        -15.111,
        4.278,
        -28,
        4.367,
        -28,
        1,
        4.467,
        -28,
        4.567,
        -19.394,
        4.667,
        1,
        1,
        4.756,
        19.128,
        4.844,
        30,
        4.933,
        30,
        1,
        5.022,
        30,
        5.111,
        23.111,
        5.2,
        4,
        1,
        5.289,
        -15.111,
        5.378,
        -28,
        5.467,
        -28,
        1,
        5.556,
        -28,
        5.644,
        -18.333,
        5.733,
        1,
        1,
        5.822,
        20.333,
        5.911,
        30,
        6,
        30,
        1,
        6.089,
        30,
        6.178,
        23.111,
        6.267,
        4,
        1,
        6.356,
        -15.111,
        6.444,
        -28,
        6.533,
        -28,
        1,
        6.644,
        -28,
        6.756,
        -20.198,
        6.867,
        1,
        1,
        6.956,
        17.959,
        7.044,
        30,
        7.133,
        30,
        1,
        7.222,
        30,
        7.311,
        23.111,
        7.4,
        4,
        1,
        7.489,
        -15.111,
        7.578,
        -28,
        7.667,
        -28,
        1,
        7.767,
        -28,
        7.867,
        -12.352,
        7.967,
        0,
        1,
        8.089,
        15.097,
        8.211,
        18,
        8.333,
        18,
        0,
        8.6,
        0
      ]
    },
    {
      "Target": "Parameter",
      "Id": "ParamBack4",
      "Segments": [
        0,
        0,
        0,
        0.267,
        -26,
        1,
        0.356,
        -26,
        0.444,
        -18.306,
        0.533,
        -1,
        1,
        0.622,
        16.306,
        0.711,
        26,
        0.8,
        26,
        1,
        0.889,
        26,
        0.978,
        0.144,
        1.067,
        -11,
        1,
        1.178,
        -24.93,
        1.289,
        -26,
        1.4,
        -26,
        1,
        1.489,
        -26,
        1.578,
        -18.306,
        1.667,
        -1,
        1,
        1.756,
        16.306,
        1.844,
        26,
        1.933,
        26,
        1,
        2.022,
        26,
        2.111,
        2.989,
        2.2,
        -11,
        1,
        2.289,
        -24.989,
        2.378,
        -26,
        2.467,
        -26,
        1,
        2.556,
        -26,
        2.644,
        -18.306,
        2.733,
        -1,
        1,
        2.822,
        16.306,
        2.911,
        26,
        3,
        26,
        1,
        3.089,
        26,
        3.178,
        1.445,
        3.267,
        -11,
        1,
        3.367,
        -25,
        3.467,
        -26,
        3.567,
        -26,
        1,
        3.656,
        -26,
        3.744,
        -18.306,
        3.833,
        -1,
        1,
        3.922,
        16.306,
        4.011,
        26,
        4.1,
        26,
        1,
        4.189,
        26,
        4.278,
        1.445,
        4.367,
        -11,
        1,
        4.467,
        -25,
        4.567,
        -26,
        4.667,
        -26,
        1,
        4.756,
        -26,
        4.844,
        -18.306,
        4.933,
        -1,
        1,
        5.022,
        16.306,
        5.111,
        26,
        5.2,
        26,
        1,
        5.289,
        26,
        5.378,
        2.989,
        5.467,
        -11,
        1,
        5.556,
        -24.989,
        5.644,
        -26,
        5.733,
        -26,
        1,
        5.822,
        -26,
        5.911,
        -18.306,
        6,
        -1,
        1,
        6.089,
        16.306,
        6.178,
        26,
        6.267,
        26,
        1,
        6.356,
        26,
        6.444,
        0.144,
        6.533,
        -11,
        1,
        6.644,
        -24.93,
        6.756,
        -26,
        6.867,
        -26,
        1,
        6.956,
        -26,
        7.044,
        -18.306,
        7.133,
        -1,
        1,
        7.222,
        16.306,
        7.311,
        26,
        7.4,
        26,
        1,
        7.489,
        26,
        7.578,
        0.767,
        7.667,
        -11,
        1,
        7.767,
        -24.238,
        7.867,
        -25,
        7.967,
        -25,
        0,
        8.333,
        0,
        2,
        8.6,
        0
      ]
    },
    {
      "Target": "Parameter",
      "Id": "ParamWindow",
      "Segments": [
        0,
        0,
        0,
        0.967,
        -2,
        0,
        2.1,
        2,
        0,
        3.233,
        -2,
        0,
        4.4,
        2,
        0,
        5.567,
        -2,
        0,
        6.8,
        2,
        0,
        8.033,
        -3,
        0,
        8.6,
        0
      ]
    },
    {
      "Target": "Parameter",
      "Id": "ParamCurtain1",
      "Segments": [
        0,
        0,
        1,
        0.167,
        0,
        0.333,
        2.299,
        0.5,
        12,
        1,
        0.656,
        21.054,
        0.811,
        30,
        0.967,
        30,
        1,
        1.111,
        30,
        1.256,
        26.87,
        1.4,
        18,
        1,
        1.556,
        8.448,
        1.711,
        2,
        1.867,
        2,
        1,
        2.034,
        2,
        2.2,
        3.452,
        2.367,
        12,
        1,
        2.522,
        19.978,
        2.678,
        30,
        2.833,
        30,
        1,
        2.978,
        30,
        3.122,
        26.87,
        3.267,
        18,
        1,
        3.422,
        8.448,
        3.578,
        2,
        3.733,
        2,
        1,
        3.922,
        2,
        4.111,
        3.353,
        4.3,
        12,
        1,
        4.456,
        19.121,
        4.611,
        30,
        4.767,
        30,
        1,
        4.911,
        30,
        5.056,
        26.87,
        5.2,
        18,
        1,
        5.356,
        8.448,
        5.511,
        2,
        5.667,
        2,
        1,
        5.856,
        2,
        6.044,
        3.353,
        6.233,
        12,
        1,
        6.389,
        19.121,
        6.544,
        30,
        6.7,
        30,
        1,
        6.844,
        30,
        6.989,
        26.87,
        7.133,
        18,
        1,
        7.289,
        8.448,
        7.444,
        2,
        7.6,
        2,
        1,
        7.733,
        2,
        7.867,
        6.215,
        8,
        16,
        1,
        8.111,
        24.155,
        8.222,
        29,
        8.333,
        29,
        0,
        8.6,
        0
      ]
    },
    {
      "Target": "Parameter",
      "Id": "ParamCurtain2",
      "Segments": [
        0,
        0,
        0,
        0.5,
        -30,
        1,
        0.656,
        -30,
        0.811,
        -23.106,
        0.967,
        -4,
        1,
        1.111,
        13.741,
        1.256,
        26,
        1.4,
        26,
        1,
        1.556,
        26,
        1.711,
        11.396,
        1.867,
        -6,
        1,
        2.034,
        -24.639,
        2.2,
        -30,
        2.367,
        -30,
        1,
        2.522,
        -30,
        2.678,
        -23.106,
        2.833,
        -4,
        1,
        2.978,
        13.741,
        3.122,
        26,
        3.267,
        26,
        1,
        3.422,
        26,
        3.578,
        9.817,
        3.733,
        -6,
        1,
        3.922,
        -25.206,
        4.111,
        -30,
        4.3,
        -30,
        1,
        4.456,
        -30,
        4.611,
        -23.106,
        4.767,
        -4,
        1,
        4.911,
        13.741,
        5.056,
        26,
        5.2,
        26,
        1,
        5.356,
        26,
        5.511,
        9.817,
        5.667,
        -6,
        1,
        5.856,
        -25.206,
        6.044,
        -30,
        6.233,
        -30,
        1,
        6.389,
        -30,
        6.544,
        -23.106,
        6.7,
        -4,
        1,
        6.844,
        13.741,
        6.989,
        26,
        7.133,
        26,
        1,
        7.289,
        26,
        7.444,
        14.004,
        7.6,
        -6,
        1,
        7.733,
        -23.146,
        7.867,
        -30,
        8,
        -30,
        0,
        8.333,
        0,
        2,
        8.6,
        0
      ]
    },
    {
      "Target": "Parameter",
      "Id": "ParamBodyAngleY",
      "Segments": [
        0,
        0,
        0,
        8.6,
        0
      ]
    },
    {
      "Target": "Parameter",
      "Id": "ParamEyeRSmile",
      "Segments": [
        0,
        0,
        0,
        8.6,
        0
      ]
    },
    {
      "Target": "Parameter",
      "Id": "ParamBrowLX",
      "Segments": [
        0,
        0,
        0,
        8.6,
        0
      ]
    },
    {
      "Target": "Parameter",
      "Id": "ParamBrowRX",
      "Segments": [
        0,
        0,
        0,
        8.6,
        0
      ]
    },
    {
      "Target": "Parameter",
      "Id": "ParamBreath",
      "Segments": [
        0,
        0,
        0,
        8.6,
        0
      ]
    },
    {
      "Target": "Parameter",
      "Id": "ParamEyeSmile",
      "Segments": [
        0,
        1,
        0,
        8.6,
        1
      ]
    },
    {
      "Target": "Parameter",
      "Id": "ParamLstar",
      "Segments": [
        0,
        0,
        0,
        8.6,
        0
      ]
    },
    {
      "Target": "Parameter",
      "Id": "ParamRline",
      "Segments": [
        0,
        0,
        0,
        8.6,
        0
      ]
    },
    {
      "Target": "Parameter",
      "Id": "ParamBrowLY",
      "Segments": [
        0,
        0,
        0,
        8.6,
        0
      ]
    },
    {
      "Target": "Parameter",
      "Id": "ParamBrowLAngle",
      "Segments": [
        0,
        0,
        0,
        8.6,
        0
      ]
    },
    {
      "Target": "Parameter",
      "Id": "ParamBrowLForm",
      "Segments": [
        0,
        0,
        0,
        8.6,
        0
      ]
    },
    {
      "Target": "Parameter",
      "Id": "ParamBrowRY",
      "Segments": [
        0,
        0,
        0,
        8.6,
        0
      ]
    },
    {
      "Target": "Parameter",
      "Id": "ParamBrowRAngle",
      "Segments": [
        0,
        0,
        0,
        8.6,
        0
      ]
    },
    {
      "Target": "Parameter",
      "Id": "ParamBrowRForm",
      "Segments": [
        0,
        0,
        0,
        8.6,
        0
      ]
    },
    {
      "Target": "Parameter",
      "Id": "ParamMouthForm",
      "Segments": [
        0,
        0,
        0,
        8.6,
        0
      ]
    },
    {
      "Target": "Parameter",
      "Id": "ParamNose",
      "Segments": [
        0,
        0,
        0,
        8.6,
        0
      ]
    },
    {
      "Target": "Parameter",
      "Id": "ParamAngry",
      "Segments": [
        0,
        0,
        0,
        8.6,
        0
      ]
    },
    {
      "Target": "Parameter",
      "Id": "ParamNotice",
      "Segments": [
        0,
        0,
        0,
        8.6,
        0
      ]
    },
    {
      "Target": "Parameter",
      "Id": "ParamQuestion",
      "Segments": [
        0,
        0,
        0,
        8.6,
        0
      ]
    },
    {
      "Target": "Parameter",
      "Id": "ParamHoshi0",
      "Segments": [
        0,
        0,
        0,
        8.6,
        0
      ]
    },
    {
      "Target": "Parameter",
      "Id": "ParamHoshi",
      "Segments": [
        0,
        0,
        0,
        8.6,
        0
      ]
    },
    {
      "Target": "Parameter",
      "Id": "ParamZ0",
      "Segments": [
        0,
        0,
        0,
        8.6,
        0
      ]
    },
    {
      "Target": "Parameter",
      "Id": "ParamZ",
      "Segments": [
        0,
        0,
        0,
        8.6,
        0
      ]
    },
    {
      "Target": "Parameter",
      "Id": "ParamBodyAngleX",
      "Segments": [
        0,
        0,
        0,
        8.6,
        0
      ]
    },
    {
      "Target": "Parameter",
      "Id": "ParamIDW",
      "Segments": [
        0,
        1,
        0,
        8.6,
        1
      ]
    },
    {
      "Target": "Parameter",
      "Id": "ParamWindowlayer",
      "Segments": [
        0,
        0,
        0,
        8.6,
        0
      ]
    },
    {
      "Target": "Parameter",
      "Id": "ParamZoom",
      "Segments": [
        0,
        0,
        0,
        8.6,
        0
      ]
    },
    {
      "Target": "Parameter",
      "Id": "ParamTailangry",
      "Segments": [
        0,
        0,
        0,
        8.6,
        0
      ]
    },
    {
      "Target": "Parameter",
      "Id": "ParamLight0",
      "Segments": [
        0,
        0,
        0,
        8.6,
        0
      ]
    },
    {
      "Target": "Parameter",
      "Id": "ParamLleg",
      "Segments": [
        0,
        0,
        0,
        8.6,
        0
      ]
    },
    {
      "Target": "Parameter",
      "Id": "ParamLforeleg",
      "Segments": [
        0,
        0,
        0,
        8.6,
        0
      ]
    },
    {
      "Target": "Parameter",
      "Id": "ParamLfoot",
      "Segments": [
        0,
        0,
        0,
        8.6,
        0
      ]
    },
    {
      "Target": "Parameter",
      "Id": "ParamRfoot",
      "Segments": [
        0,
        0,
        0,
        8.6,
        0
      ]
    },
    {
      "Target": "Parameter",
      "Id": "ParamBird0",
      "Segments": [
        0,
        0,
        0,
        8.6,
        0
      ]
    },
    {
      "Target": "Parameter",
      "Id": "ParamBirdx",
      "Segments": [
        0,
        0,
        0,
        8.6,
        0
      ]
    },
    {
      "Target": "Parameter",
      "Id": "ParamBirdy",
      "Segments": [
        0,
        0,
        0,
        8.6,
        0
      ]
    },
    {
      "Target": "Parameter",
      "Id": "ParamBirdz",
      "Segments": [
        0,
        0,
        0,
        8.6,
        0
      ]
    },
    {
      "Target": "Parameter",
      "Id": "ParamBirdhead",
      "Segments": [
        0,
        0,
        0,
        8.6,
        0
      ]
    },
    {
      "Target": "Parameter",
      "Id": "ParamBirdtear",
      "Segments": [
        0,
        0,
        0,
        8.6,
        0
      ]
    },
    {
      "Target": "Parameter",
      "Id": "ParamBirdeye",
      "Segments": [
        0,
        0,
        0,
        8.6,
        0
      ]
    },
    {
      "Target": "Parameter",
      "Id": "ParamBirdmouth",
      "Segments": [
        0,
        0,
        0,
        8.6,
        0
      ]
    },
    {
      "Target": "Parameter",
      "Id": "ParamFishlocation",
      "Segments": [
        0,
        0,
        0,
        8.6,
        0
      ]
    },
    {
      "Target": "Parameter",
      "Id": "ParamBirdshiba",
      "Segments": [
        0,
        0,
        0,
        8.6,
        0
      ]
    },
    {
      "Target": "Parameter",
      "Id": "ParamLwing",
      "Segments": [
        0,
        0,
        0,
        8.6,
        0
      ]
    },
    {
      "Target": "Parameter",
      "Id": "ParamLwing1",
      "Segments": [
        0,
        0,
        0,
        8.6,
        0
      ]
    },
    {
      "Target": "Parameter",
      "Id": "ParamLwing2",
      "Segments": [
        0,
        0,
        0,
        8.6,
        0
      ]
    },
    {
      "Target": "Parameter",
      "Id": "ParamRwing",
      "Segments": [
        0,
        0,
        0,
        8.6,
        0
      ]
    },
    {
      "Target": "Parameter",
      "Id": "ParamRwing1",
      "Segments": [
        0,
        0,
        0,
        8.6,
        0
      ]
    },
    {
      "Target": "Parameter",
      "Id": "ParamRwing2",
      "Segments": [
        0,
        0,
        0,
        8.6,
        0
      ]
    },
    {
      "Target": "Parameter",
      "Id": "ParamBlleg",
      "Segments": [
        0,
        0,
        0,
        8.6,
        0
      ]
    },
    {
      "Target": "Parameter",
      "Id": "ParamBlfoot",
      "Segments": [
        0,
        0,
        0,
        8.6,
        0
      ]
    },
    {
      "Target": "Parameter",
      "Id": "ParamBrleg",
      "Segments": [
        0,
        0,
        0,
        8.6,
        0
      ]
    },
    {
      "Target": "Parameter",
      "Id": "ParamBrfoot",
      "Segments": [
        0,
        0,
        0,
        8.6,
        0
      ]
    },
    {
      "Target": "Parameter",
      "Id": "ParamBow",
      "Segments": [
        0,
        0,
        0,
        8.6,
        0
      ]
    },
    {
      "Target": "Parameter",
      "Id": "ParamBow0",
      "Segments": [
        0,
        0,
        0,
        8.6,
        0
      ]
    },
    {
      "Target": "Parameter",
      "Id": "ParamWater",
      "Segments": [
        0,
        0,
        0,
        8.6,
        0
      ]
    },
    {
      "Target": "Parameter",
      "Id": "ParamWater0",
      "Segments": [
        0,
        0,
        0,
        8.6,
        0
      ]
    },
    {
      "Target": "Parameter",
      "Id": "ParamBlackback",
      "Segments": [
        0,
        0,
        0,
        8.6,
        0
      ]
    },
    {
      "Target": "Parameter",
      "Id": "ParamBlackfront",
      "Segments": [
        0,
        0,
        0,
        8.6,
        0
      ]
    }
  ],
  "UserData": [
    {
      "Time": 0.0,
      "Value": ""
    }
  ]
}