{
  "Version": 3,
  "Meta": {
    "Duration": 8.033,
    "Fps": 30.0,
    "Loop": true,
    "AreBeziersRestricted": true,
    "CurveCount": 99,
    "TotalSegmentCount": 904,
    "TotalPointCount": 1918,
    "UserDataCount": 1,
    "TotalUserDataSize": 0
  },
  "Curves": [
    {
      "Target": "Parameter",
      "Id": "ParamAngleX",
      "Segments": [
        0,
        0,
        0,
        0.333,
        -16,
        0,
        0.9,
        19,
        0,
        1.3,
        18,
        0,
        1.8,
        19,
        0,
        2.633,
        6,
        1,
        2.855,
        6,
        3.078,
        9.246,
        3.3,
        19,
        1,
        3.411,
        23.877,
        3.522,
        29,
        3.633,
        29,
        1,
        4.178,
        29,
        4.722,
        27.867,
        5.267,
        22,
        1,
        5.489,
        19.605,
        5.711,
        0.677,
        5.933,
        0,
        1,
        6.144,
        -0.643,
        6.356,
        -0.552,
        6.567,
        -1,
        1,
        6.767,
        -1.424,
        6.967,
        -2,
        7.167,
        -2,
        0,
        8.033,
        0
      ]
    },
    {
      "Target": "Parameter",
      "Id": "ParamAngleY",
      "Segments": [
        0,
        0,
        0,
        0.333,
        -19,
        0,
        0.9,
        25,
        0,
        1.3,
        -30,
        2,
        1.8,
        -30,
        2,
        2.633,
        -30,
        0,
        3.3,
        -16,
        0,
        3.633,
        -30,
        1,
        4.178,
        -30,
        4.722,
        -26.483,
        5.267,
        -14,
        1,
        5.489,
        -8.905,
        5.711,
        0,
        5.933,
        0,
        2,
        6.567,
        0,
        0,
        7.167,
        -30,
        0,
        8.033,
        0
      ]
    },
    {
      "Target": "Parameter",
      "Id": "ParamAngleZ",
      "Segments": [
        0,
        0,
        0,
        0.333,
        28,
        1,
        0.433,
        28,
        0.533,
        28.275,
        0.633,
        22,
        1,
        0.755,
        14.33,
        0.878,
        -4,
        1,
        -4,
        0,
        1.867,
        19,
        0,
        3.1,
        -20,
        1,
        3.367,
        -20,
        3.633,
        -2.142,
        3.9,
        1,
        1,
        4.311,
        5.844,
        4.722,
        6,
        5.133,
        6,
        0,
        5.967,
        -22,
        1,
        6.167,
        -22,
        6.367,
        -22.245,
        6.567,
        -21,
        1,
        6.767,
        -19.755,
        6.967,
        21,
        7.167,
        21,
        0,
        8.033,
        0
      ]
    },
    {
      "Target": "Parameter",
      "Id": "ParamEyeLOpen",
      "Segments": [
        0,
        1,
        1,
        0.089,
        0.999,
        0.178,
        0.701,
        0.267,
        0.7,
        1,
        0.367,
        0.701,
        0.467,
        0.999,
        0.567,
        1,
        1,
        0.667,
        0.996,
        0.767,
        0.004,
        0.867,
        0,
        1,
        0.967,
        0.005,
        1.067,
        1.195,
        1.167,
        1.2,
        1,
        1.289,
        1.199,
        1.411,
        1.001,
        1.533,
        1,
        1,
        1.655,
        1.002,
        1.778,
        1.498,
        1.9,
        1.5,
        2,
        3.7,
        1.5,
        1,
        3.789,
        1.498,
        3.878,
        0.902,
        3.967,
        0.9,
        1,
        4.122,
        0.902,
        4.278,
        1.498,
        4.433,
        1.5,
        2,
        5.867,
        1.5,
        1,
        5.989,
        1.5,
        6.111,
        1.469,
        6.233,
        1.277,
        1,
        6.255,
        1.243,
        6.278,
        1.202,
        6.3,
        1.156,
        1,
        6.333,
        1.078,
        6.367,
        1.028,
        6.4,
        0.88,
        1,
        6.467,
        0.58,
        6.533,
        0.001,
        6.6,
        0,
        2,
        6.967,
        0,
        1,
        7.1,
        0.004,
        7.234,
        0.996,
        7.367,
        1,
        2,
        8.033,
        1
      ]
    },
    {
      "Target": "Parameter",
      "Id": "ParamEyeROpen",
      "Segments": [
        0,
        1,
        1,
        0.089,
        0.999,
        0.178,
        0.701,
        0.267,
        0.7,
        1,
        0.367,
        0.701,
        0.467,
        0.999,
        0.567,
        1,
        1,
        0.667,
        0.996,
        0.767,
        0.004,
        0.867,
        0,
        1,
        0.967,
        0.005,
        1.067,
        1.195,
        1.167,
        1.2,
        1,
        1.289,
        1.199,
        1.411,
        1.001,
        1.533,
        1,
        1,
        1.655,
        1.002,
        1.778,
        1.498,
        1.9,
        1.5,
        2,
        3.7,
        1.5,
        1,
        3.789,
        1.498,
        3.878,
        0.902,
        3.967,
        0.9,
        1,
        4.122,
        0.902,
        4.278,
        1.498,
        4.433,
        1.5,
        2,
        5.867,
        1.5,
        1,
        5.989,
        1.5,
        6.111,
        1.469,
        6.233,
        1.277,
        1,
        6.255,
        1.243,
        6.278,
        1.202,
        6.3,
        1.156,
        1,
        6.333,
        1.078,
        6.367,
        1.028,
        6.4,
        0.88,
        1,
        6.467,
        0.58,
        6.533,
        0.001,
        6.6,
        0,
        2,
        6.967,
        0,
        1,
        7.1,
        0.004,
        7.234,
        0.996,
        7.367,
        1,
        2,
        8.033,
        1
      ]
    },
    {
      "Target": "Parameter",
      "Id": "ParamEyeSmile",
      "Segments": [
        0,
        1,
        0,
        0.867,
        0,
        0,
        1.133,
        1,
        2,
        6.2,
        1,
        0,
        6.6,
        0,
        2,
        7.033,
        0,
        0,
        8.033,
        1
      ]
    },
    {
      "Target": "Parameter",
      "Id": "ParamEyeBallX",
      "Segments": [
        0,
        0,
        0,
        0.233,
        -1,
        1,
        0.322,
        -1,
        0.411,
        -0.543,
        0.5,
        -0.2,
        1,
        0.611,
        0.228,
        0.722,
        0.3,
        0.833,
        0.3,
        2,
        1.4,
        0.3,
        0,
        1.867,
        0.1,
        0,
        2.8,
        0.6,
        0,
        3.633,
        0.4,
        0,
        5.1,
        0.6,
        2,
        5.967,
        0.6,
        0,
        7.167,
        0,
        2,
        8.033,
        0
      ]
    },
    {
      "Target": "Parameter",
      "Id": "ParamEyeBallY",
      "Segments": [
        0,
        0,
        1,
        0.078,
        0,
        0.155,
        0.521,
        0.233,
        0.7,
        1,
        0.322,
        0.905,
        0.411,
        0.9,
        0.5,
        0.9,
        0,
        0.833,
        -0.6,
        1,
        1.022,
        -0.6,
        1.211,
        -0.146,
        1.4,
        0.2,
        1,
        1.556,
        0.485,
        1.711,
        0.5,
        1.867,
        0.5,
        0,
        2.8,
        -0.1,
        1,
        3.078,
        -0.1,
        3.355,
        -0.091,
        3.633,
        0,
        1,
        4.122,
        0.159,
        4.611,
        0.3,
        5.1,
        0.3,
        0,
        5.967,
        -0.5,
        0,
        7.167,
        0,
        2,
        8.033,
        0
      ]
    },
    {
      "Target": "Parameter",
      "Id": "ParamBrowLY",
      "Segments": [
        0,
        0,
        0,
        0.867,
        0.6,
        0,
        1.1,
        0,
        2,
        5.8,
        0,
        0,
        6.1,
        0.8,
        0,
        6.433,
        0,
        2,
        7.433,
        0,
        2,
        8.033,
        0
      ]
    },
    {
      "Target": "Parameter",
      "Id": "ParamBrowLAngle",
      "Segments": [
        0,
        0,
        0,
        0.867,
        0.2,
        0,
        1.1,
        0,
        2,
        7.433,
        0,
        2,
        8.033,
        0
      ]
    },
    {
      "Target": "Parameter",
      "Id": "ParamBrowLForm",
      "Segments": [
        0,
        0,
        0,
        1.1,
        -1,
        2,
        7.433,
        -1,
        0,
        8.033,
        0
      ]
    },
    {
      "Target": "Parameter",
      "Id": "ParamBrowRY",
      "Segments": [
        0,
        0,
        0,
        0.867,
        0.5,
        0,
        1.1,
        0,
        2,
        5.8,
        0,
        0,
        6.1,
        1,
        0,
        6.433,
        0,
        2,
        7.433,
        0,
        2,
        8.033,
        0
      ]
    },
    {
      "Target": "Parameter",
      "Id": "ParamBrowRAngle",
      "Segments": [
        0,
        0,
        0,
        0.867,
        0.4,
        0,
        1.1,
        0,
        2,
        7.433,
        0,
        2,
        8.033,
        0
      ]
    },
    {
      "Target": "Parameter",
      "Id": "ParamBrowRForm",
      "Segments": [
        0,
        0,
        0,
        1.233,
        -1,
        2,
        7.433,
        -1,
        0,
        8.033,
        0
      ]
    },
    {
      "Target": "Parameter",
      "Id": "ParamMouthForm",
      "Segments": [
        0,
        0,
        2,
        0.433,
        0,
        0,
        0.967,
        -1,
        2,
        7.667,
        -1,
        0,
        8.033,
        0
      ]
    },
    {
      "Target": "Parameter",
      "Id": "ParamMouthOpenY",
      "Segments": [
        0,
        0.957,
        1,
        0.022,
        0.952,
        0.045,
        0.999,
        0.067,
        1,
        2,
        0.133,
        1,
        1,
        0.155,
        1.131,
        0.178,
        0.687,
        0.2,
        0.706,
        1,
        0.222,
        0.708,
        0.245,
        0.86,
        0.267,
        0.863,
        1,
        0.289,
        0.85,
        0.311,
        0.837,
        0.333,
        0.824,
        1,
        0.378,
        0.812,
        0.422,
        0.977,
        0.467,
        1,
        2,
        0.6,
        1,
        1,
        0.689,
        0.744,
        0.778,
        0.105,
        0.867,
        0.102,
        1,
        0.889,
        0.104,
        0.911,
        0.225,
        0.933,
        0.227,
        1,
        0.955,
        0.226,
        0.978,
        0.143,
        1,
        0.141,
        1,
        1.022,
        0.154,
        1.045,
        0.167,
        1.067,
        0.18,
        1,
        1.089,
        0.179,
        1.111,
        0.111,
        1.133,
        0.11,
        1,
        1.2,
        0.104,
        1.266,
        0.853,
        1.333,
        0.847,
        1,
        1.4,
        0.851,
        1.466,
        0.373,
        1.533,
        0.376,
        1,
        1.555,
        0.381,
        1.578,
        0.647,
        1.6,
        0.651,
        1,
        1.622,
        0.641,
        1.645,
        0.033,
        1.667,
        0.024,
        1,
        1.689,
        0.031,
        1.711,
        0.502,
        1.733,
        0.51,
        1,
        1.755,
        0.503,
        1.778,
        0.085,
        1.8,
        0.078,
        1,
        1.822,
        0.091,
        1.845,
        0.858,
        1.867,
        0.871,
        1,
        1.889,
        0.859,
        1.911,
        0.153,
        1.933,
        0.141,
        1,
        1.955,
        0.152,
        1.978,
        0.836,
        2,
        0.847,
        1,
        2.022,
        0.837,
        2.045,
        0.214,
        2.067,
        0.204,
        1,
        2.111,
        0.198,
        2.156,
        0.947,
        2.2,
        0.941,
        1,
        2.222,
        0.927,
        2.245,
        0.022,
        2.267,
        0.008,
        1,
        2.311,
        0,
        2.356,
        0.98,
        2.4,
        0.973,
        1,
        2.444,
        0.98,
        2.489,
        -0.008,
        2.533,
        0,
        1,
        2.544,
        -0.014,
        2.556,
        0.312,
        2.567,
        0.592,
        1,
        2.578,
        0.959,
        2.589,
        1.054,
        2.6,
        1,
        1,
        2.611,
        1.022,
        2.622,
        1.012,
        2.633,
        0.663,
        1,
        2.644,
        0.416,
        2.656,
        0.129,
        2.667,
        0.141,
        1,
        2.689,
        0.148,
        2.711,
        0.574,
        2.733,
        0.58,
        1,
        2.755,
        0.571,
        2.778,
        0.009,
        2.8,
        0,
        1,
        2.811,
        -0.019,
        2.822,
        0.418,
        2.833,
        0.792,
        3,
        2.867,
        1,
        2,
        2.9,
        1,
        2,
        2.933,
        0.933,
        1,
        2.955,
        0.599,
        2.978,
        0.29,
        3,
        0.282,
        1,
        3.022,
        0.292,
        3.045,
        0.892,
        3.067,
        0.902,
        1,
        3.111,
        0.909,
        3.156,
        0.025,
        3.2,
        0.031,
        1,
        3.211,
        0.013,
        3.222,
        0.437,
        3.233,
        0.8,
        3,
        3.267,
        1,
        2,
        3.3,
        1,
        2,
        3.333,
        0.839,
        1,
        3.355,
        0.465,
        3.378,
        0.118,
        3.4,
        0.11,
        1,
        3.433,
        0.058,
        3.467,
        0.936,
        3.5,
        1,
        2,
        3.633,
        1,
        1,
        3.666,
        0.867,
        3.7,
        0.688,
        3.733,
        0.69,
        1,
        3.755,
        0.693,
        3.778,
        0.852,
        3.8,
        0.855,
        1,
        3.822,
        0.847,
        3.845,
        0.361,
        3.867,
        0.353,
        1,
        3.889,
        0.361,
        3.911,
        0.368,
        3.933,
        0.376,
        1,
        3.978,
        0.379,
        4.022,
        0.029,
        4.067,
        0.031,
        1,
        4.089,
        0.047,
        4.111,
        0.062,
        4.133,
        0.078,
        1,
        4.178,
        0.079,
        4.222,
        -0.001,
        4.267,
        0,
        2,
        4.333,
        0,
        1,
        4.4,
        -0.004,
        4.466,
        0.569,
        4.533,
        0.565,
        1,
        4.555,
        0.561,
        4.578,
        0.356,
        4.6,
        0.353,
        1,
        4.622,
        0.359,
        4.645,
        1.011,
        4.667,
        1,
        1,
        4.689,
        1.006,
        4.711,
        0.012,
        4.733,
        0,
        1,
        4.755,
        0.014,
        4.778,
        0.872,
        4.8,
        0.886,
        1,
        4.822,
        0.874,
        4.845,
        0.091,
        4.867,
        0.078,
        1,
        4.889,
        0.088,
        4.911,
        0.681,
        4.933,
        0.69,
        1,
        4.955,
        0.68,
        4.978,
        0.08,
        5,
        0.071,
        1,
        5.044,
        0.065,
        5.089,
        0.742,
        5.133,
        0.737,
        1,
        5.178,
        0.743,
        5.222,
        -0.006,
        5.267,
        0,
        1,
        5.278,
        -0.013,
        5.289,
        0.304,
        5.3,
        0.576,
        1,
        5.311,
        0.903,
        5.322,
        1.084,
        5.333,
        1,
        2,
        5.367,
        0.937,
        1,
        5.378,
        0.835,
        5.389,
        0.717,
        5.4,
        0.722,
        1,
        5.422,
        0.732,
        5.445,
        0.743,
        5.467,
        0.753,
        1,
        5.489,
        0.742,
        5.511,
        0.081,
        5.533,
        0.071,
        1,
        5.566,
        0.071,
        5.6,
        0.24,
        5.633,
        0.453,
        1,
        5.666,
        0.635,
        5.7,
        0.995,
        5.733,
        1,
        2,
        5.833,
        1,
        2,
        5.867,
        0.965,
        1,
        5.911,
        0.605,
        5.956,
        0.063,
        6,
        0.063,
        1,
        6.022,
        0.068,
        6.045,
        0.379,
        6.067,
        0.384,
        1,
        6.089,
        0.381,
        6.111,
        0.207,
        6.133,
        0.204,
        1,
        6.155,
        0.213,
        6.178,
        0.775,
        6.2,
        0.784,
        1,
        6.244,
        0.79,
        6.289,
        0.081,
        6.333,
        0.086,
        1,
        6.355,
        0.1,
        6.378,
        0.966,
        6.4,
        0.98,
        1,
        6.444,
        0.986,
        6.489,
        0.293,
        6.533,
        0.298,
        1,
        6.555,
        0.3,
        6.578,
        1.039,
        6.6,
        1,
        1,
        6.622,
        1.046,
        6.645,
        0.717,
        6.667,
        0.722,
        1,
        6.711,
        0.72,
        6.756,
        0.967,
        6.8,
        0.965,
        1,
        6.867,
        0.967,
        6.933,
        0.68,
        7,
        0.682,
        1,
        7.022,
        0.69,
        7.045,
        0.698,
        7.067,
        0.706,
        0,
        7.2,
        0.651,
        2,
        7.267,
        0.651,
        1,
        7.334,
        0.656,
        7.4,
        -0.005,
        7.467,
        0,
        2,
        8.033,
        0
      ]
    },
    {
      "Target": "Parameter",
      "Id": "ParamAngry",
      "Segments": [
        0,
        0,
        2,
        0.767,
        0,
        0,
        1.067,
        1,
        0,
        1.433,
        0.8,
        0,
        1.7,
        1,
        0,
        2,
        0.8,
        0,
        2.233,
        1,
        0,
        2.567,
        0.8,
        0,
        2.833,
        1,
        0,
        3.1,
        0.8,
        0,
        3.367,
        1,
        0,
        3.667,
        0.8,
        0,
        3.933,
        1,
        0,
        4.2,
        0.8,
        0,
        4.467,
        1,
        0,
        4.8,
        0.8,
        0,
        5.067,
        1,
        0,
        5.333,
        0.8,
        0,
        5.6,
        1,
        2,
        6.567,
        1,
        0,
        7.367,
        0,
        2,
        8.033,
        0
      ]
    },
    {
      "Target": "Parameter",
      "Id": "ParamBodyAngleX",
      "Segments": [
        0,
        0,
        0,
        0.567,
        -10,
        0,
        1.4,
        0,
        0,
        2.067,
        -8,
        0,
        2.7,
        8,
        0,
        3.267,
        -2,
        0,
        3.667,
        10,
        0,
        4.167,
        -1,
        0,
        4.767,
        9,
        0,
        5.5,
        0,
        2,
        8.033,
        0
      ]
    },
    {
      "Target": "Parameter",
      "Id": "ParamBodyAngleZ",
      "Segments": [
        0,
        0,
        2,
        0.467,
        0,
        0,
        0.733,
        -10,
        1,
        0.844,
        -10,
        0.956,
        2.906,
        1.067,
        5,
        1,
        1.3,
        9.398,
        1.534,
        10,
        1.767,
        10,
        0,
        2.667,
        5,
        0,
        3.167,
        10,
        0,
        3.633,
        2,
        0,
        4.2,
        10,
        0,
        4.667,
        5,
        0,
        5.467,
        10,
        0,
        5.933,
        0,
        0,
        6.467,
        5,
        0,
        6.833,
        -2,
        0,
        8.033,
        0
      ]
    },
    {
      "Target": "Parameter",
      "Id": "ParamPx",
      "Segments": [
        0,
        -10,
        2,
        0.267,
        -10,
        2,
        0.8,
        -10,
        0,
        1.433,
        -8.97,
        1,
        1.822,
        -8.97,
        2.211,
        -8.934,
        2.6,
        -9.01,
        1,
        3.622,
        -9.209,
        4.645,
        -10,
        5.667,
        -10,
        2,
        7.467,
        -10,
        2,
        8.033,
        -10
      ]
    },
    {
      "Target": "Parameter",
      "Id": "ParamPy",
      "Segments": [
        0,
        -15,
        2,
        0.433,
        -15,
        0,
        0.7,
        -11,
        2,
        1.067,
        -11,
        0,
        1.833,
        -11.24,
        0,
        2.6,
        -10.969,
        0,
        3.767,
        -11.96,
        0,
        4.533,
        -10.969,
        0,
        5.667,
        -11,
        0,
        6.167,
        -10,
        0,
        6.867,
        -15,
        2,
        8.033,
        -15
      ]
    },
    {
      "Target": "Parameter",
      "Id": "ParamPz",
      "Segments": [
        0,
        -16,
        2,
        0.433,
        -16,
        0,
        1.067,
        -17,
        0,
        1.833,
        -16,
        0,
        5.667,
        -17,
        0,
        8.033,
        -16
      ]
    },
    {
      "Target": "Parameter",
      "Id": "ParamTail1",
      "Segments": [
        0,
        0,
        0,
        0.767,
        -10,
        1,
        0.845,
        -10,
        0.922,
        -6.237,
        1,
        -1,
        1,
        1.078,
        4.237,
        1.155,
        6,
        1.233,
        6,
        1,
        1.322,
        6,
        1.411,
        4.595,
        1.5,
        0,
        1,
        1.6,
        -5.169,
        1.7,
        -9,
        1.8,
        -9,
        1,
        1.889,
        -9,
        1.978,
        -6.333,
        2.067,
        -1,
        1,
        2.145,
        3.667,
        2.222,
        6,
        2.3,
        6,
        1,
        2.389,
        6,
        2.478,
        4.595,
        2.567,
        0,
        1,
        2.667,
        -5.169,
        2.767,
        -9,
        2.867,
        -9,
        1,
        2.956,
        -9,
        3.044,
        -6.333,
        3.133,
        -1,
        1,
        3.211,
        3.667,
        3.289,
        6,
        3.367,
        6,
        1,
        3.456,
        6,
        3.544,
        4.595,
        3.633,
        0,
        1,
        3.733,
        -5.169,
        3.833,
        -9,
        3.933,
        -9,
        1,
        4,
        -9,
        4.066,
        -5.078,
        4.133,
        -1,
        1,
        4.222,
        4.438,
        4.311,
        6,
        4.4,
        6,
        1,
        4.489,
        6,
        4.578,
        4.912,
        4.667,
        0,
        1,
        4.745,
        -4.298,
        4.822,
        -9,
        4.9,
        -9,
        1,
        5,
        -9,
        5.1,
        -6.294,
        5.2,
        -1,
        1,
        5.289,
        3.706,
        5.378,
        6,
        5.467,
        6,
        1,
        5.556,
        6,
        5.644,
        4.769,
        5.733,
        0,
        1,
        5.822,
        -4.769,
        5.911,
        -9,
        6,
        -9,
        1,
        6.089,
        -9,
        6.178,
        -5.974,
        6.267,
        -1,
        1,
        6.356,
        3.974,
        6.444,
        6,
        6.533,
        6,
        1,
        6.622,
        6,
        6.711,
        4.769,
        6.8,
        0,
        1,
        6.889,
        -4.769,
        6.978,
        -9,
        7.067,
        -9,
        0,
        8.033,
        0
      ]
    },
    {
      "Target": "Parameter",
      "Id": "ParamTail2",
      "Segments": [
        0,
        0,
        0,
        0.767,
        10,
        0,
        1,
        -10,
        1,
        1.078,
        -10,
        1.155,
        -6.91,
        1.233,
        -1,
        1,
        1.322,
        5.754,
        1.411,
        9,
        1.5,
        9,
        1,
        1.6,
        9,
        1.7,
        6.611,
        1.8,
        0,
        1,
        1.889,
        -5.876,
        1.978,
        -10,
        2.067,
        -10,
        1,
        2.145,
        -10,
        2.222,
        -6.91,
        2.3,
        -1,
        1,
        2.389,
        5.754,
        2.478,
        9,
        2.567,
        9,
        1,
        2.667,
        9,
        2.767,
        6.611,
        2.867,
        0,
        1,
        2.956,
        -5.876,
        3.044,
        -10,
        3.133,
        -10,
        1,
        3.211,
        -10,
        3.289,
        -6.91,
        3.367,
        -1,
        1,
        3.456,
        5.754,
        3.544,
        9,
        3.633,
        9,
        1,
        3.733,
        9,
        3.833,
        7.083,
        3.933,
        0,
        1,
        4,
        -4.722,
        4.066,
        -10,
        4.133,
        -10,
        1,
        4.222,
        -10,
        4.311,
        -7.313,
        4.4,
        -1,
        1,
        4.489,
        5.313,
        4.578,
        9,
        4.667,
        9,
        1,
        4.745,
        9,
        4.822,
        5.508,
        4.9,
        0,
        1,
        5,
        -7.082,
        5.1,
        -10,
        5.2,
        -10,
        1,
        5.289,
        -10,
        5.378,
        -7.313,
        5.467,
        -1,
        1,
        5.556,
        5.313,
        5.644,
        9,
        5.733,
        9,
        1,
        5.822,
        9,
        5.911,
        6.313,
        6,
        0,
        1,
        6.089,
        -6.313,
        6.178,
        -10,
        6.267,
        -10,
        1,
        6.356,
        -10,
        6.444,
        -7.313,
        6.533,
        -1,
        1,
        6.622,
        5.313,
        6.711,
        9,
        6.8,
        9,
        0,
        7.067,
        0,
        2,
        8.033,
        0
      ]
    },
    {
      "Target": "Parameter",
      "Id": "ParamTailangry",
      "Segments": [
        0,
        0,
        2,
        2.267,
        0,
        0,
        3,
        1,
        2,
        5.667,
        1,
        0,
        6.333,
        0,
        2,
        8.033,
        0
      ]
    },
    {
      "Target": "Parameter",
      "Id": "ParamLight0",
      "Segments": [
        0,
        0,
        2,
        2.1,
        0,
        0,
        2.333,
        1,
        0,
        2.533,
        0,
        2,
        8.033,
        0
      ]
    },
    {
      "Target": "Parameter",
      "Id": "ParamLarm",
      "Segments": [
        0,
        -15,
        2,
        0.333,
        -15,
        1,
        0.378,
        -15,
        0.422,
        -15.278,
        0.467,
        -18,
        1,
        0.5,
        -20.041,
        0.534,
        -25,
        0.567,
        -25,
        0,
        0.833,
        -14,
        0,
        1.433,
        -18,
        0,
        1.867,
        2,
        0,
        2.267,
        -12,
        0,
        2.733,
        2,
        0,
        3.1,
        -9,
        0,
        3.8,
        7,
        0,
        4.267,
        -8,
        0,
        4.867,
        12,
        1,
        5.156,
        12,
        5.444,
        -13.566,
        5.733,
        -21,
        1,
        5.955,
        -26.718,
        6.178,
        -26,
        6.4,
        -26,
        0,
        7.1,
        -9,
        0,
        8.033,
        -15
      ]
    },
    {
      "Target": "Parameter",
      "Id": "ParamLforearm",
      "Segments": [
        0,
        15,
        2,
        0.333,
        15,
        0,
        0.833,
        30,
        2,
        1.433,
        30,
        0,
        1.933,
        21,
        0,
        2.333,
        30,
        0,
        2.767,
        25,
        0,
        3.133,
        30,
        0,
        3.833,
        26,
        0,
        4.3,
        30,
        0,
        4.933,
        24,
        0,
        6,
        30,
        2,
        6.367,
        30,
        0,
        7.1,
        15,
        2,
        8.033,
        15
      ]
    },
    {
      "Target": "Parameter",
      "Id": "ParamLforearmchange",
      "Segments": [
        0,
        10,
        2,
        0.7,
        10,
        0,
        1,
        0,
        2,
        6.2,
        0,
        0,
        6.767,
        10,
        2,
        8.033,
        10
      ]
    },
    {
      "Target": "Parameter",
      "Id": "ParamLhand",
      "Segments": [
        0,
        0,
        2,
        0.333,
        0,
        0,
        0.833,
        12,
        1,
        1.078,
        12,
        1.322,
        7.499,
        1.567,
        -9,
        1,
        1.7,
        -18,
        1.834,
        -30,
        1.967,
        -30,
        0,
        2.333,
        -5,
        0,
        2.8,
        -24,
        0,
        3.133,
        -8,
        0,
        3.9,
        -30,
        0,
        4.4,
        -9,
        0,
        5,
        -30,
        1,
        5.267,
        -30,
        5.533,
        -6.556,
        5.8,
        -5,
        1,
        6.544,
        -0.655,
        7.289,
        0,
        8.033,
        0
      ]
    },
    {
      "Target": "Parameter",
      "Id": "ParamLfinger",
      "Segments": [
        0,
        0,
        2,
        1.567,
        0,
        0,
        2,
        30,
        0,
        2.433,
        -30,
        0,
        2.867,
        30,
        0,
        3.2,
        -30,
        0,
        4,
        30,
        0,
        4.5,
        -30,
        0,
        5.067,
        14,
        0,
        5.867,
        -30,
        0,
        6.733,
        0,
        2,
        8.033,
        0
      ]
    },
    {
      "Target": "Parameter",
      "Id": "ParamRarm",
      "Segments": [
        0,
        0,
        0,
        0.6,
        -12,
        1,
        0.789,
        -12,
        0.978,
        9.744,
        1.167,
        14,
        1,
        1.322,
        17.505,
        1.478,
        17,
        1.633,
        17,
        0,
        2.1,
        -6,
        0,
        2.467,
        15,
        0,
        2.833,
        -11,
        0,
        3.267,
        15,
        0,
        4.033,
        -11,
        0,
        4.633,
        15,
        1,
        4.8,
        15,
        4.966,
        -6.992,
        5.133,
        -11,
        1,
        5.522,
        -20.351,
        5.911,
        -22,
        6.3,
        -22,
        0,
        7.1,
        7,
        0,
        8.033,
        0
      ]
    },
    {
      "Target": "Parameter",
      "Id": "ParamRforearm",
      "Segments": [
        0,
        -15,
        0,
        0.333,
        -30,
        2,
        0.567,
        -30,
        0,
        0.933,
        1,
        1,
        1.033,
        1,
        1.133,
        -4.068,
        1.233,
        -15,
        1,
        1.322,
        -24.718,
        1.411,
        -30,
        1.5,
        -30,
        2,
        2.2,
        -30,
        0,
        2.533,
        -17,
        0,
        2.933,
        -30,
        0,
        3.3,
        -20,
        0,
        4.133,
        -30,
        0,
        4.7,
        -16,
        0,
        5.2,
        -30,
        0,
        6.2,
        16,
        0,
        7.433,
        -27,
        0,
        8.033,
        -15
      ]
    },
    {
      "Target": "Parameter",
      "Id": "ParamRforearmx",
      "Segments": [
        0,
        0,
        2,
        0.833,
        0,
        0,
        1.233,
        30,
        2,
        5.6,
        30,
        0,
        6.133,
        0,
        2,
        8.033,
        0
      ]
    },
    {
      "Target": "Parameter",
      "Id": "ParamRhand",
      "Segments": [
        0,
        0,
        1,
        0.211,
        0,
        0.422,
        -13.104,
        0.633,
        -21,
        1,
        0.833,
        -28.48,
        1.033,
        -29,
        1.233,
        -29,
        1,
        1.389,
        -29,
        1.544,
        23.578,
        1.7,
        27,
        1,
        1.856,
        30.422,
        2.011,
        30,
        2.167,
        30,
        0,
        2.567,
        -6,
        0,
        3,
        22,
        0,
        3.4,
        0,
        0,
        4.167,
        22,
        1,
        4.334,
        22,
        4.5,
        11.756,
        4.667,
        0,
        1,
        4.845,
        -12.539,
        5.022,
        -16,
        5.2,
        -16,
        0,
        6.3,
        0,
        0,
        7.2,
        -21,
        0,
        8.033,
        0
      ]
    },
    {
      "Target": "Parameter",
      "Id": "ParamRhandchange",
      "Segments": [
        0,
        10,
        2,
        0.733,
        10,
        0,
        0.967,
        0,
        2,
        4.967,
        0,
        0,
        5.267,
        10,
        2,
        8.033,
        10
      ]
    },
    {
      "Target": "Parameter",
      "Id": "ParamRfinger",
      "Segments": [
        0,
        0,
        2,
        1.267,
        0,
        0,
        1.633,
        30,
        0,
        2.167,
        -30,
        0,
        2.533,
        30,
        0,
        2.967,
        -30,
        0,
        3.333,
        30,
        0,
        4.167,
        -30,
        0,
        4.733,
        30,
        0,
        5.267,
        -30,
        0,
        5.9,
        0,
        2,
        8.033,
        0
      ]
    },
    {
      "Target": "Parameter",
      "Id": "ParamLleg",
      "Segments": [
        0,
        0,
        0,
        1.4,
        2,
        0,
        8.033,
        0
      ]
    },
    {
      "Target": "Parameter",
      "Id": "ParamLforeleg",
      "Segments": [
        0,
        0,
        0,
        1.4,
        -4,
        0,
        8.033,
        0
      ]
    },
    {
      "Target": "Parameter",
      "Id": "ParamRleg",
      "Segments": [
        0,
        0,
        0,
        1.4,
        18,
        0,
        2.033,
        -16,
        0,
        2.633,
        1,
        0,
        3.167,
        -14,
        0,
        3.733,
        4,
        0,
        4.4,
        -14,
        0,
        5.133,
        4,
        0,
        5.867,
        -14,
        0,
        6.533,
        -2,
        0,
        7.2,
        -6,
        0,
        8.033,
        0
      ]
    },
    {
      "Target": "Parameter",
      "Id": "ParamRforeleg",
      "Segments": [
        0,
        0,
        0,
        1.4,
        29,
        1,
        1.611,
        29,
        1.822,
        7.631,
        2.033,
        2,
        1,
        2.233,
        -3.334,
        2.433,
        -3.375,
        2.633,
        -8,
        1,
        2.811,
        -12.111,
        2.989,
        -20,
        3.167,
        -20,
        0,
        3.733,
        -2,
        0,
        4.4,
        -9,
        0,
        5.133,
        -6,
        1,
        5.378,
        -6,
        5.622,
        -8.361,
        5.867,
        -9,
        1,
        6.089,
        -9.581,
        6.311,
        -9.397,
        6.533,
        -10,
        1,
        6.755,
        -10.603,
        6.978,
        -15,
        7.2,
        -15,
        0,
        8.033,
        0
      ]
    },
    {
      "Target": "Parameter",
      "Id": "ParamHairFront",
      "Segments": [
        0,
        0,
        0,
        0.233,
        -30,
        1,
        0.3,
        -30,
        0.366,
        -22.855,
        0.433,
        -1,
        1,
        0.444,
        2.642,
        0.456,
        30,
        0.467,
        30,
        1,
        0.522,
        30,
        0.578,
        24.033,
        0.633,
        0,
        1,
        0.655,
        -9.613,
        0.678,
        -30,
        0.7,
        -30,
        1,
        0.778,
        -30,
        0.855,
        -21.404,
        0.933,
        0,
        1,
        1,
        18.346,
        1.066,
        30,
        1.133,
        30,
        1,
        1.222,
        30,
        1.311,
        20,
        1.4,
        0,
        1,
        1.489,
        -20,
        1.578,
        -30,
        1.667,
        -30,
        1,
        1.734,
        -30,
        1.8,
        -18.346,
        1.867,
        0,
        1,
        1.945,
        21.404,
        2.022,
        30,
        2.1,
        30,
        1,
        2.167,
        30,
        2.233,
        16.778,
        2.3,
        0,
        1,
        2.389,
        -22.371,
        2.478,
        -30,
        2.567,
        -30,
        1,
        2.667,
        -30,
        2.767,
        -22.129,
        2.867,
        0,
        1,
        2.945,
        17.212,
        3.022,
        30,
        3.1,
        30,
        1,
        3.167,
        30,
        3.233,
        14.608,
        3.3,
        0,
        1,
        3.4,
        -21.911,
        3.5,
        -28,
        3.6,
        -28,
        1,
        3.678,
        -28,
        3.755,
        -17.309,
        3.833,
        2,
        1,
        3.911,
        21.309,
        3.989,
        30,
        4.067,
        30,
        1,
        4.156,
        30,
        4.244,
        13.695,
        4.333,
        -2,
        1,
        4.411,
        -15.733,
        4.489,
        -18,
        4.567,
        -18,
        1,
        4.667,
        -18,
        4.767,
        -15.562,
        4.867,
        0,
        1,
        4.934,
        10.375,
        5,
        30,
        5.067,
        30,
        1,
        5.145,
        30,
        5.222,
        18.599,
        5.3,
        1,
        1,
        5.389,
        -19.114,
        5.478,
        -27,
        5.567,
        -27,
        1,
        5.667,
        -27,
        5.767,
        -17.716,
        5.867,
        -1,
        1,
        5.978,
        17.573,
        6.089,
        26,
        6.2,
        26,
        1,
        6.267,
        26,
        6.333,
        16.587,
        6.4,
        0,
        1,
        6.478,
        -19.352,
        6.555,
        -28,
        6.633,
        -28,
        1,
        6.722,
        -28,
        6.811,
        -19.214,
        6.9,
        1,
        1,
        6.978,
        18.688,
        7.055,
        29,
        7.133,
        29,
        1,
        7.222,
        29,
        7.311,
        17.73,
        7.4,
        1,
        1,
        7.511,
        -19.913,
        7.622,
        -28,
        7.733,
        -28,
        0,
        8.033,
        0
      ]
    },
    {
      "Target": "Parameter",
      "Id": "ParamFore2",
      "Segments": [
        0,
        0,
        1,
        0.078,
        0,
        0.155,
        0.128,
        0.233,
        -2,
        1,
        0.3,
        -3.824,
        0.366,
        -30,
        0.433,
        -30,
        1,
        0.444,
        -30,
        0.456,
        -4.592,
        0.467,
        0,
        1,
        0.522,
        22.961,
        0.578,
        30,
        0.633,
        30,
        1,
        0.655,
        30,
        0.678,
        6.745,
        0.7,
        0,
        1,
        0.778,
        -23.608,
        0.855,
        -30,
        0.933,
        -30,
        1,
        1,
        -30,
        1.066,
        -16.778,
        1.133,
        0,
        1,
        1.222,
        22.371,
        1.311,
        30,
        1.4,
        30,
        1,
        1.489,
        30,
        1.578,
        22.371,
        1.667,
        0,
        1,
        1.734,
        -16.778,
        1.8,
        -30,
        1.867,
        -30,
        1,
        1.945,
        -30,
        2.022,
        -21.404,
        2.1,
        0,
        1,
        2.167,
        18.346,
        2.233,
        30,
        2.3,
        30,
        1,
        2.389,
        30,
        2.478,
        18.754,
        2.567,
        0,
        1,
        2.667,
        -21.098,
        2.767,
        -30,
        2.867,
        -30,
        1,
        2.945,
        -30,
        3.022,
        -21.404,
        3.1,
        0,
        1,
        3.167,
        18.346,
        3.233,
        30,
        3.3,
        30,
        1,
        3.4,
        30,
        3.5,
        18.498,
        3.6,
        -4,
        1,
        3.678,
        -21.499,
        3.755,
        -30,
        3.833,
        -30,
        1,
        3.911,
        -30,
        3.989,
        -20.667,
        4.067,
        -2,
        1,
        4.156,
        19.333,
        4.244,
        30,
        4.333,
        30,
        1,
        4.411,
        30,
        4.489,
        10.997,
        4.567,
        -5,
        1,
        4.667,
        -25.568,
        4.767,
        -30,
        4.867,
        -30,
        1,
        4.934,
        -30,
        5,
        -17.616,
        5.067,
        -1,
        1,
        5.145,
        18.385,
        5.222,
        25,
        5.3,
        25,
        1,
        5.389,
        25,
        5.478,
        15.932,
        5.567,
        -1,
        1,
        5.667,
        -20.049,
        5.767,
        -29,
        5.867,
        -29,
        1,
        5.978,
        -29,
        6.089,
        -22.842,
        6.2,
        0,
        1,
        6.267,
        13.705,
        6.333,
        30,
        6.4,
        30,
        1,
        6.478,
        30,
        6.555,
        16.317,
        6.633,
        -2,
        1,
        6.722,
        -22.934,
        6.811,
        -30,
        6.9,
        -30,
        1,
        6.978,
        -30,
        7.055,
        -16.663,
        7.133,
        0,
        1,
        7.222,
        19.043,
        7.311,
        25,
        7.4,
        25,
        0,
        7.733,
        -1,
        0,
        8.033,
        0
      ]
    },
    {
      "Target": "Parameter",
      "Id": "ParamHairSide",
      "Segments": [
        0,
        0,
        0,
        0.167,
        -29,
        1,
        0.245,
        -29,
        0.322,
        -23.314,
        0.4,
        0,
        1,
        0.433,
        9.992,
        0.467,
        30,
        0.5,
        30,
        1,
        0.556,
        30,
        0.611,
        13.358,
        0.667,
        0,
        1,
        0.734,
        -16.029,
        0.8,
        -19,
        0.867,
        -19,
        1,
        0.945,
        -19,
        1.022,
        -13.615,
        1.1,
        0,
        1,
        1.189,
        15.56,
        1.278,
        25,
        1.367,
        25,
        1,
        1.456,
        25,
        1.544,
        18.893,
        1.633,
        0,
        1,
        1.7,
        -14.17,
        1.766,
        -26,
        1.833,
        -26,
        1,
        1.9,
        -26,
        1.966,
        -16.2,
        2.033,
        1,
        1,
        2.111,
        21.066,
        2.189,
        30,
        2.267,
        30,
        1,
        2.367,
        30,
        2.467,
        19.993,
        2.567,
        -1,
        1,
        2.645,
        -17.328,
        2.722,
        -26,
        2.8,
        -26,
        1,
        2.878,
        -26,
        2.955,
        -16.667,
        3.033,
        2,
        1,
        3.111,
        20.667,
        3.189,
        30,
        3.267,
        30,
        1,
        3.345,
        30,
        3.422,
        15.869,
        3.5,
        -1,
        1,
        3.589,
        -20.278,
        3.678,
        -26,
        3.767,
        -26,
        1,
        3.834,
        -26,
        3.9,
        -12.472,
        3.967,
        3,
        1,
        4.056,
        23.63,
        4.144,
        30,
        4.233,
        30,
        1,
        4.311,
        30,
        4.389,
        18.915,
        4.467,
        4,
        1,
        4.567,
        -15.176,
        4.667,
        -22,
        4.767,
        -22,
        1,
        4.845,
        -22,
        4.922,
        -16.043,
        5,
        0,
        1,
        5.089,
        18.335,
        5.178,
        30,
        5.267,
        30,
        1,
        5.367,
        30,
        5.467,
        22.822,
        5.567,
        2,
        1,
        5.656,
        -16.508,
        5.744,
        -30,
        5.833,
        -30,
        1,
        5.922,
        -30,
        6.011,
        -12.438,
        6.1,
        6,
        1,
        6.167,
        19.829,
        6.233,
        22,
        6.3,
        22,
        1,
        6.367,
        22,
        6.433,
        11.049,
        6.5,
        -2,
        1,
        6.589,
        -19.399,
        6.678,
        -25,
        6.767,
        -25,
        1,
        6.856,
        -25,
        6.944,
        -19.58,
        7.033,
        0,
        1,
        7.1,
        14.685,
        7.166,
        29,
        7.233,
        29,
        1,
        7.333,
        29,
        7.433,
        22.911,
        7.533,
        1,
        1,
        7.6,
        -13.608,
        7.666,
        -29,
        7.733,
        -29,
        0,
        8.033,
        0
      ]
    },
    {
      "Target": "Parameter",
      "Id": "ParamSide2",
      "Segments": [
        0,
        0,
        1,
        0.056,
        0,
        0.111,
        0.244,
        0.167,
        -6,
        1,
        0.245,
        -14.742,
        0.322,
        -30,
        0.4,
        -30,
        1,
        0.433,
        -30,
        0.467,
        -14.087,
        0.5,
        0,
        1,
        0.556,
        23.478,
        0.611,
        30,
        0.667,
        30,
        1,
        0.734,
        30,
        0.8,
        16.844,
        0.867,
        -1,
        1,
        0.945,
        -21.818,
        1.022,
        -29,
        1.1,
        -29,
        1,
        1.189,
        -29,
        1.278,
        -17.823,
        1.367,
        -1,
        1,
        1.456,
        15.823,
        1.544,
        22,
        1.633,
        22,
        1,
        1.7,
        22,
        1.766,
        13.333,
        1.833,
        -4,
        1,
        1.9,
        -21.333,
        1.966,
        -30,
        2.033,
        -30,
        1,
        2.111,
        -30,
        2.189,
        -18.063,
        2.267,
        -2,
        1,
        2.367,
        18.653,
        2.467,
        26,
        2.567,
        26,
        1,
        2.645,
        26,
        2.722,
        17.641,
        2.8,
        -1,
        1,
        2.878,
        -19.641,
        2.955,
        -30,
        3.033,
        -30,
        1,
        3.111,
        -30,
        3.189,
        -18.894,
        3.267,
        -1,
        1,
        3.345,
        16.894,
        3.422,
        24,
        3.5,
        24,
        1,
        3.589,
        24,
        3.678,
        15.037,
        3.767,
        -4,
        1,
        3.834,
        -18.278,
        3.9,
        -26,
        3.967,
        -26,
        1,
        4.056,
        -26,
        4.144,
        -21.931,
        4.233,
        -4,
        1,
        4.311,
        11.689,
        4.389,
        28,
        4.467,
        28,
        1,
        4.567,
        28,
        4.667,
        19.56,
        4.767,
        -2,
        1,
        4.845,
        -18.769,
        4.922,
        -30,
        5,
        -30,
        1,
        5.089,
        -30,
        5.178,
        -18.396,
        5.267,
        0,
        1,
        5.367,
        20.695,
        5.467,
        29,
        5.567,
        29,
        1,
        5.656,
        29,
        5.744,
        18.661,
        5.833,
        -1,
        1,
        5.922,
        -20.661,
        6.011,
        -30,
        6.1,
        -30,
        1,
        6.167,
        -30,
        6.233,
        -23.224,
        6.3,
        -6,
        1,
        6.367,
        11.224,
        6.433,
        22,
        6.5,
        22,
        1,
        6.589,
        22,
        6.678,
        16.084,
        6.767,
        -1,
        1,
        6.856,
        -18.084,
        6.944,
        -30,
        7.033,
        -30,
        1,
        7.1,
        -30,
        7.166,
        -18.488,
        7.233,
        -5,
        1,
        7.333,
        15.232,
        7.433,
        22,
        7.533,
        22,
        0,
        7.733,
        -8,
        0,
        8.033,
        0
      ]
    },
    {
      "Target": "Parameter",
      "Id": "ParamHairBack",
      "Segments": [
        0,
        0,
        0,
        0.167,
        -30,
        1,
        0.234,
        -30,
        0.3,
        -22.321,
        0.367,
        1,
        1,
        0.411,
        16.547,
        0.456,
        30,
        0.5,
        30,
        1,
        0.578,
        30,
        0.655,
        18.109,
        0.733,
        0,
        1,
        0.8,
        -15.522,
        0.866,
        -21,
        0.933,
        -21,
        1,
        1.011,
        -21,
        1.089,
        -12.32,
        1.167,
        1,
        1,
        1.267,
        18.126,
        1.367,
        25,
        1.467,
        25,
        1,
        1.556,
        25,
        1.644,
        18.973,
        1.733,
        -1,
        1,
        1.789,
        -13.483,
        1.844,
        -26,
        1.9,
        -26,
        1,
        1.956,
        -26,
        2.011,
        -13.693,
        2.067,
        1,
        1,
        2.134,
        18.631,
        2.2,
        24,
        2.267,
        24,
        1,
        2.356,
        24,
        2.444,
        14.56,
        2.533,
        -1,
        1,
        2.611,
        -14.615,
        2.689,
        -20,
        2.767,
        -20,
        1,
        2.834,
        -20,
        2.9,
        -10.125,
        2.967,
        4,
        1,
        3.056,
        22.833,
        3.144,
        30,
        3.233,
        30,
        1,
        3.322,
        30,
        3.411,
        20.661,
        3.5,
        1,
        1,
        3.589,
        -18.661,
        3.678,
        -29,
        3.767,
        -29,
        1,
        3.845,
        -29,
        3.922,
        -9.74,
        4,
        3,
        1,
        4.1,
        19.38,
        4.2,
        22,
        4.3,
        22,
        1,
        4.389,
        22,
        4.478,
        17.818,
        4.567,
        2,
        1,
        4.634,
        -9.863,
        4.7,
        -22,
        4.767,
        -22,
        1,
        4.845,
        -22,
        4.922,
        -19.124,
        5,
        -4,
        1,
        5.089,
        13.285,
        5.178,
        30,
        5.267,
        30,
        1,
        5.367,
        30,
        5.467,
        20.667,
        5.567,
        2,
        1,
        5.667,
        -16.667,
        5.767,
        -26,
        5.867,
        -26,
        1,
        5.945,
        -26,
        6.022,
        -17.869,
        6.1,
        -1,
        1,
        6.167,
        13.459,
        6.233,
        21,
        6.3,
        21,
        1,
        6.389,
        21,
        6.478,
        15.695,
        6.567,
        0,
        1,
        6.645,
        -13.733,
        6.722,
        -24,
        6.8,
        -24,
        1,
        6.878,
        -24,
        6.955,
        -14.101,
        7.033,
        2,
        1,
        7.122,
        20.401,
        7.211,
        28,
        7.3,
        28,
        1,
        7.378,
        28,
        7.455,
        14.539,
        7.533,
        0,
        1,
        7.622,
        -16.616,
        7.711,
        -21,
        7.8,
        -21,
        0,
        8.033,
        0
      ]
    },
    {
      "Target": "Parameter",
      "Id": "ParamBack2",
      "Segments": [
        0,
        0,
        1,
        0.056,
        0,
        0.111,
        0.237,
        0.167,
        -1,
        1,
        0.234,
        -2.484,
        0.3,
        -30,
        0.367,
        -30,
        1,
        0.411,
        -30,
        0.456,
        -11.692,
        0.5,
        0,
        1,
        0.578,
        20.461,
        0.655,
        25,
        0.733,
        25,
        1,
        0.8,
        25,
        0.866,
        14.861,
        0.933,
        -2,
        1,
        1.011,
        -21.671,
        1.089,
        -30,
        1.167,
        -30,
        1,
        1.267,
        -30,
        1.367,
        -24.634,
        1.467,
        -5,
        1,
        1.556,
        12.452,
        1.644,
        28,
        1.733,
        28,
        1,
        1.789,
        28,
        1.844,
        18.333,
        1.9,
        -1,
        1,
        1.956,
        -20.333,
        2.011,
        -30,
        2.067,
        -30,
        1,
        2.134,
        -30,
        2.2,
        -15.284,
        2.267,
        -2,
        1,
        2.356,
        15.712,
        2.444,
        20,
        2.533,
        20,
        1,
        2.611,
        20,
        2.689,
        17.104,
        2.767,
        1,
        1,
        2.834,
        -12.804,
        2.9,
        -30,
        2.967,
        -30,
        1,
        3.056,
        -30,
        3.144,
        -21.667,
        3.233,
        -5,
        1,
        3.322,
        11.667,
        3.411,
        20,
        3.5,
        20,
        1,
        3.589,
        20,
        3.678,
        15.123,
        3.767,
        -2,
        1,
        3.845,
        -16.983,
        3.922,
        -30,
        4,
        -30,
        1,
        4.1,
        -30,
        4.2,
        -19.574,
        4.3,
        -2,
        1,
        4.389,
        13.622,
        4.478,
        20,
        4.567,
        20,
        1,
        4.634,
        20,
        4.7,
        11.362,
        4.767,
        -4,
        1,
        4.845,
        -21.922,
        4.922,
        -30,
        5,
        -30,
        1,
        5.089,
        -30,
        5.178,
        -23.166,
        5.267,
        -6,
        1,
        5.367,
        13.312,
        5.467,
        25,
        5.567,
        25,
        1,
        5.667,
        25,
        5.767,
        15.599,
        5.867,
        -5,
        1,
        5.945,
        -21.021,
        6.022,
        -30,
        6.1,
        -30,
        1,
        6.167,
        -30,
        6.233,
        -23.657,
        6.3,
        -8,
        1,
        6.389,
        12.876,
        6.478,
        25,
        6.567,
        25,
        1,
        6.645,
        25,
        6.722,
        17.275,
        6.8,
        -1,
        1,
        6.878,
        -19.275,
        6.955,
        -30,
        7.033,
        -30,
        1,
        7.122,
        -30,
        7.211,
        -21.506,
        7.3,
        -2,
        1,
        7.378,
        15.068,
        7.455,
        25,
        7.533,
        25,
        0,
        7.8,
        0,
        2,
        8.033,
        0
      ]
    },
    {
      "Target": "Parameter",
      "Id": "ParamBack3",
      "Segments": [
        0,
        0,
        0,
        0.2,
        -30,
        1,
        0.267,
        -30,
        0.333,
        -13.995,
        0.4,
        3,
        1,
        0.478,
        22.828,
        0.555,
        28,
        0.633,
        28,
        1,
        0.711,
        28,
        0.789,
        20.263,
        0.867,
        1,
        1,
        0.934,
        -15.511,
        1,
        -26,
        1.067,
        -26,
        1,
        1.156,
        -26,
        1.244,
        -19.745,
        1.333,
        2,
        1,
        1.389,
        15.591,
        1.444,
        30,
        1.5,
        30,
        1,
        1.544,
        30,
        1.589,
        18.347,
        1.633,
        4,
        1,
        1.7,
        -17.52,
        1.766,
        -25,
        1.833,
        -25,
        1,
        1.9,
        -25,
        1.966,
        -17.751,
        2.033,
        2,
        1,
        2.089,
        18.46,
        2.144,
        30,
        2.2,
        30,
        1,
        2.244,
        30,
        2.289,
        18.347,
        2.333,
        4,
        1,
        2.4,
        -17.52,
        2.466,
        -25,
        2.533,
        -25,
        1,
        2.6,
        -25,
        2.666,
        -17.751,
        2.733,
        2,
        1,
        2.789,
        18.46,
        2.844,
        30,
        2.9,
        30,
        1,
        2.944,
        30,
        2.989,
        18.347,
        3.033,
        4,
        1,
        3.1,
        -17.52,
        3.166,
        -25,
        3.233,
        -25,
        1,
        3.289,
        -25,
        3.344,
        -16.327,
        3.4,
        2,
        1,
        3.456,
        20.327,
        3.511,
        30,
        3.567,
        30,
        1,
        3.611,
        30,
        3.656,
        18.347,
        3.7,
        4,
        1,
        3.767,
        -17.52,
        3.833,
        -25,
        3.9,
        -25,
        1,
        3.967,
        -25,
        4.033,
        -17.751,
        4.1,
        2,
        1,
        4.156,
        18.46,
        4.211,
        30,
        4.267,
        30,
        1,
        4.322,
        30,
        4.378,
        16.388,
        4.433,
        4,
        1,
        4.533,
        -18.299,
        4.633,
        -25,
        4.733,
        -25,
        1,
        4.833,
        -25,
        4.933,
        -18.179,
        5.033,
        2,
        1,
        5.111,
        17.695,
        5.189,
        30,
        5.267,
        30,
        1,
        5.356,
        30,
        5.444,
        22.274,
        5.533,
        4,
        1,
        5.622,
        -14.274,
        5.711,
        -25,
        5.8,
        -25,
        1,
        5.9,
        -25,
        6,
        -18.179,
        6.1,
        2,
        1,
        6.178,
        17.695,
        6.255,
        30,
        6.333,
        30,
        1,
        6.422,
        30,
        6.511,
        22.274,
        6.6,
        4,
        1,
        6.689,
        -14.274,
        6.778,
        -25,
        6.867,
        -25,
        1,
        6.967,
        -25,
        7.067,
        -18.179,
        7.167,
        2,
        1,
        7.245,
        17.695,
        7.322,
        30,
        7.4,
        30,
        1,
        7.489,
        30,
        7.578,
        6.865,
        7.667,
        4,
        1,
        7.789,
        0.06,
        7.911,
        0,
        8.033,
        0
      ]
    },
    {
      "Target": "Parameter",
      "Id": "ParamBack4",
      "Segments": [
        0,
        0,
        1,
        0.067,
        0,
        0.133,
        0.224,
        0.2,
        -5,
        1,
        0.267,
        -10.224,
        0.333,
        -30,
        0.4,
        -30,
        1,
        0.478,
        -30,
        0.555,
        -25.339,
        0.633,
        -8,
        1,
        0.711,
        9.339,
        0.789,
        24,
        0.867,
        24,
        1,
        0.934,
        24,
        1,
        5.783,
        1.067,
        -8,
        1,
        1.156,
        -26.377,
        1.244,
        -30,
        1.333,
        -30,
        1,
        1.389,
        -30,
        1.444,
        -25.149,
        1.5,
        -5,
        1,
        1.544,
        11.119,
        1.589,
        28,
        1.633,
        28,
        1,
        1.7,
        28,
        1.766,
        13.944,
        1.833,
        -5,
        1,
        1.9,
        -23.944,
        1.966,
        -30,
        2.033,
        -30,
        1,
        2.089,
        -30,
        2.144,
        -25.149,
        2.2,
        -5,
        1,
        2.244,
        11.119,
        2.289,
        28,
        2.333,
        28,
        1,
        2.4,
        28,
        2.466,
        13.944,
        2.533,
        -5,
        1,
        2.6,
        -23.944,
        2.666,
        -30,
        2.733,
        -30,
        1,
        2.789,
        -30,
        2.844,
        -25.149,
        2.9,
        -5,
        1,
        2.944,
        11.119,
        2.989,
        28,
        3.033,
        28,
        1,
        3.1,
        28,
        3.166,
        16.041,
        3.233,
        -5,
        1,
        3.289,
        -22.534,
        3.344,
        -30,
        3.4,
        -30,
        1,
        3.456,
        -30,
        3.511,
        -25.149,
        3.567,
        -5,
        1,
        3.611,
        11.119,
        3.656,
        28,
        3.7,
        28,
        1,
        3.767,
        28,
        3.833,
        13.944,
        3.9,
        -5,
        1,
        3.967,
        -23.944,
        4.033,
        -30,
        4.1,
        -30,
        1,
        4.156,
        -30,
        4.211,
        -23.947,
        4.267,
        -5,
        1,
        4.322,
        13.947,
        4.378,
        28,
        4.433,
        28,
        1,
        4.533,
        28,
        4.633,
        13.935,
        4.733,
        -5,
        1,
        4.833,
        -23.935,
        4.933,
        -30,
        5.033,
        -30,
        1,
        5.111,
        -30,
        5.189,
        -22.945,
        5.267,
        -5,
        1,
        5.356,
        15.508,
        5.444,
        28,
        5.533,
        28,
        1,
        5.622,
        28,
        5.711,
        12.452,
        5.8,
        -5,
        1,
        5.9,
        -24.634,
        6,
        -30,
        6.1,
        -30,
        1,
        6.178,
        -30,
        6.255,
        -22.945,
        6.333,
        -5,
        1,
        6.422,
        15.508,
        6.511,
        28,
        6.6,
        28,
        1,
        6.689,
        28,
        6.778,
        12.452,
        6.867,
        -5,
        1,
        6.967,
        -24.634,
        7.067,
        -30,
        7.167,
        -30,
        1,
        7.245,
        -30,
        7.322,
        -22.945,
        7.4,
        -5,
        1,
        7.489,
        15.508,
        7.578,
        28,
        7.667,
        28,
        0,
        8.033,
        0
      ]
    },
    {
      "Target": "Parameter",
      "Id": "ParamBird0",
      "Segments": [
        0,
        0,
        0,
        0.1,
        1,
        2,
        0.933,
        1,
        0,
        1.1,
        0,
        2,
        8.033,
        0
      ]
    },
    {
      "Target": "Parameter",
      "Id": "ParamBirdx",
      "Segments": [
        0,
        -30,
        1,
        0.133,
        -30,
        0.267,
        -27.169,
        0.4,
        -19,
        1,
        0.478,
        -14.235,
        0.555,
        -9.025,
        0.633,
        -1,
        1,
        0.8,
        16.196,
        0.966,
        30,
        1.133,
        30,
        0,
        8.033,
        0
      ]
    },
    {
      "Target": "Parameter",
      "Id": "ParamBirdy",
      "Segments": [
        0,
        -30,
        0,
        0.4,
        -9,
        1,
        0.478,
        -9,
        0.555,
        -8.45,
        0.633,
        -10,
        1,
        0.8,
        -13.32,
        0.966,
        -30,
        1.133,
        -30,
        0,
        8.033,
        0
      ]
    },
    {
      "Target": "Parameter",
      "Id": "ParamBirdz",
      "Segments": [
        0,
        0,
        0,
        0.4,
        -29,
        0,
        1.167,
        21,
        0,
        8.033,
        0
      ]
    },
    {
      "Target": "Parameter",
      "Id": "ParamBirdhead",
      "Segments": [
        0,
        0,
        0,
        0.4,
        -10,
        0,
        0.933,
        10,
        0,
        8.033,
        0
      ]
    },
    {
      "Target": "Parameter",
      "Id": "ParamBirdshiba",
      "Segments": [
        0,
        0,
        0,
        0.267,
        -10,
        0,
        0.733,
        10,
        0,
        8.033,
        0
      ]
    },
    {
      "Target": "Parameter",
      "Id": "ParamLwing",
      "Segments": [
        0,
        0,
        2,
        0.567,
        0,
        0,
        1.167,
        6,
        0,
        8.033,
        0
      ]
    },
    {
      "Target": "Parameter",
      "Id": "ParamLwing1",
      "Segments": [
        0,
        0,
        0,
        0.3,
        -12,
        0,
        0.633,
        30,
        0,
        8.033,
        0
      ]
    },
    {
      "Target": "Parameter",
      "Id": "ParamLwing2",
      "Segments": [
        0,
        0,
        0,
        0.367,
        -30,
        0,
        0.667,
        30,
        0,
        0.967,
        -30,
        0,
        8.033,
        0
      ]
    },
    {
      "Target": "Parameter",
      "Id": "ParamRwing",
      "Segments": [
        0,
        0,
        2,
        0.567,
        0,
        0,
        1.133,
        -7,
        0,
        8.033,
        0
      ]
    },
    {
      "Target": "Parameter",
      "Id": "ParamRwing1",
      "Segments": [
        0,
        0,
        0,
        0.3,
        17,
        0,
        0.633,
        -30,
        0,
        8.033,
        0
      ]
    },
    {
      "Target": "Parameter",
      "Id": "ParamRwing2",
      "Segments": [
        0,
        0,
        0,
        0.367,
        -30,
        0,
        0.667,
        30,
        0,
        0.967,
        -30,
        0,
        8.033,
        0
      ]
    },
    {
      "Target": "Parameter",
      "Id": "ParamBlleg",
      "Segments": [
        0,
        0,
        0,
        0.4,
        10,
        0,
        0.733,
        -10,
        0,
        8.033,
        0
      ]
    },
    {
      "Target": "Parameter",
      "Id": "ParamBlfoot",
      "Segments": [
        0,
        0,
        0,
        0.4,
        10,
        0,
        0.733,
        -7,
        0,
        8.033,
        0
      ]
    },
    {
      "Target": "Parameter",
      "Id": "ParamBrleg",
      "Segments": [
        0,
        0,
        0,
        0.4,
        10,
        2,
        0.733,
        10,
        0,
        8.033,
        0
      ]
    },
    {
      "Target": "Parameter",
      "Id": "ParamBrfoot",
      "Segments": [
        0,
        0,
        0,
        0.4,
        10,
        1,
        0.511,
        10,
        0.622,
        9.281,
        0.733,
        9,
        1,
        3.166,
        2.842,
        5.6,
        0,
        8.033,
        0
      ]
    },
    {
      "Target": "Parameter",
      "Id": "ParamWindow",
      "Segments": [
        0,
        0,
        0,
        0.967,
        -2,
        0,
        2.1,
        2,
        0,
        3.233,
        -2,
        0,
        4.4,
        2,
        0,
        5.567,
        -2,
        0,
        6.8,
        2,
        0,
        8.033,
        0
      ]
    },
    {
      "Target": "Parameter",
      "Id": "ParamCurtain1",
      "Segments": [
        0,
        0,
        1,
        0.078,
        0,
        0.155,
        11.933,
        0.233,
        19,
        1,
        0.322,
        27.076,
        0.411,
        28,
        0.5,
        28,
        1,
        0.556,
        28,
        0.611,
        23.786,
        0.667,
        15,
        1,
        0.734,
        4.456,
        0.8,
        -1,
        0.867,
        -1,
        1,
        0.956,
        -1,
        1.044,
        12.487,
        1.133,
        19,
        1,
        1.244,
        27.141,
        1.356,
        28,
        1.467,
        28,
        1,
        1.578,
        28,
        1.689,
        24.898,
        1.8,
        15,
        1,
        1.9,
        6.092,
        2,
        -1,
        2.1,
        -1,
        1,
        2.2,
        -1,
        2.3,
        3.943,
        2.4,
        12,
        1,
        2.556,
        24.533,
        2.711,
        30,
        2.867,
        30,
        1,
        3.011,
        30,
        3.156,
        26.87,
        3.3,
        18,
        1,
        3.456,
        8.448,
        3.611,
        2,
        3.767,
        2,
        1,
        3.956,
        2,
        4.144,
        3.353,
        4.333,
        12,
        1,
        4.489,
        19.121,
        4.644,
        30,
        4.8,
        30,
        1,
        4.944,
        30,
        5.089,
        26.87,
        5.233,
        18,
        1,
        5.389,
        8.448,
        5.544,
        2,
        5.7,
        2,
        1,
        5.889,
        2,
        6.078,
        3.634,
        6.267,
        12,
        1,
        6.467,
        20.858,
        6.667,
        30,
        6.867,
        30,
        1,
        7.056,
        30,
        7.244,
        27.38,
        7.433,
        18,
        1,
        7.633,
        8.068,
        7.833,
        0,
        8.033,
        0
      ]
    },
    {
      "Target": "Parameter",
      "Id": "ParamCurtain2",
      "Segments": [
        0,
        0,
        0,
        0.233,
        -24,
        1,
        0.322,
        -24,
        0.411,
        -21.295,
        0.5,
        -5,
        1,
        0.556,
        5.185,
        0.611,
        25,
        0.667,
        25,
        1,
        0.734,
        25,
        0.8,
        8.512,
        0.867,
        -4,
        1,
        0.956,
        -20.683,
        1.044,
        -24,
        1.133,
        -24,
        1,
        1.244,
        -24,
        1.356,
        -20.427,
        1.467,
        -5,
        1,
        1.578,
        10.427,
        1.689,
        25,
        1.8,
        25,
        1,
        1.9,
        25,
        2,
        14.274,
        2.1,
        -4,
        1,
        2.2,
        -22.274,
        2.3,
        -30,
        2.4,
        -30,
        1,
        2.556,
        -30,
        2.711,
        -23.106,
        2.867,
        -4,
        1,
        3.011,
        13.741,
        3.156,
        26,
        3.3,
        26,
        1,
        3.456,
        26,
        3.611,
        9.817,
        3.767,
        -6,
        1,
        3.956,
        -25.206,
        4.144,
        -30,
        4.333,
        -30,
        1,
        4.489,
        -30,
        4.644,
        -23.106,
        4.8,
        -4,
        1,
        4.944,
        13.741,
        5.089,
        26,
        5.233,
        26,
        1,
        5.389,
        26,
        5.544,
        9.817,
        5.7,
        -6,
        1,
        5.889,
        -25.206,
        6.078,
        -30,
        6.267,
        -30,
        1,
        6.467,
        -30,
        6.667,
        -22.983,
        6.867,
        -4,
        1,
        7.056,
        13.929,
        7.244,
        26,
        7.433,
        26,
        0,
        8.033,
        0
      ]
    },
    {
      "Target": "Parameter",
      "Id": "ParamBodyAngleY",
      "Segments": [
        0,
        0,
        0,
        8.033,
        0
      ]
    },
    {
      "Target": "Parameter",
      "Id": "ParamEyeRSmile",
      "Segments": [
        0,
        0,
        0,
        8.033,
        0
      ]
    },
    {
      "Target": "Parameter",
      "Id": "ParamBrowLX",
      "Segments": [
        0,
        0,
        0,
        8.033,
        0
      ]
    },
    {
      "Target": "Parameter",
      "Id": "ParamBrowRX",
      "Segments": [
        0,
        0,
        0,
        8.033,
        0
      ]
    },
    {
      "Target": "Parameter",
      "Id": "ParamBreath",
      "Segments": [
        0,
        0,
        0,
        8.033,
        0
      ]
    },
    {
      "Target": "Parameter",
      "Id": "ParamLstar",
      "Segments": [
        0,
        0,
        0,
        8.033,
        0
      ]
    },
    {
      "Target": "Parameter",
      "Id": "ParamRline",
      "Segments": [
        0,
        0,
        0,
        8.033,
        0
      ]
    },
    {
      "Target": "Parameter",
      "Id": "ParamHighlightsize",
      "Segments": [
        0,
        0,
        0,
        8.033,
        0
      ]
    },
    {
      "Target": "Parameter",
      "Id": "ParamNose",
      "Segments": [
        0,
        0,
        0,
        8.033,
        0
      ]
    },
    {
      "Target": "Parameter",
      "Id": "ParamCheek",
      "Segments": [
        0,
        0,
        0,
        8.033,
        0
      ]
    },
    {
      "Target": "Parameter",
      "Id": "ParamNotice",
      "Segments": [
        0,
        0,
        0,
        8.033,
        0
      ]
    },
    {
      "Target": "Parameter",
      "Id": "ParamQuestion",
      "Segments": [
        0,
        0,
        0,
        8.033,
        0
      ]
    },
    {
      "Target": "Parameter",
      "Id": "ParamHoshi0",
      "Segments": [
        0,
        0,
        0,
        8.033,
        0
      ]
    },
    {
      "Target": "Parameter",
      "Id": "ParamHoshi",
      "Segments": [
        0,
        0,
        0,
        8.033,
        0
      ]
    },
    {
      "Target": "Parameter",
      "Id": "ParamZ0",
      "Segments": [
        0,
        0,
        0,
        8.033,
        0
      ]
    },
    {
      "Target": "Parameter",
      "Id": "ParamZ",
      "Segments": [
        0,
        0,
        0,
        8.033,
        0
      ]
    },
    {
      "Target": "Parameter",
      "Id": "ParamIDW",
      "Segments": [
        0,
        1,
        0,
        8.033,
        1
      ]
    },
    {
      "Target": "Parameter",
      "Id": "ParamWindowlayer",
      "Segments": [
        0,
        0,
        0,
        8.033,
        0
      ]
    },
    {
      "Target": "Parameter",
      "Id": "ParamZoom",
      "Segments": [
        0,
        0,
        0,
        8.033,
        0
      ]
    },
    {
      "Target": "Parameter",
      "Id": "ParamLfoot",
      "Segments": [
        0,
        0,
        0,
        8.033,
        0
      ]
    },
    {
      "Target": "Parameter",
      "Id": "ParamRfoot",
      "Segments": [
        0,
        0,
        0,
        8.033,
        0
      ]
    },
    {
      "Target": "Parameter",
      "Id": "ParamBirdtear",
      "Segments": [
        0,
        0,
        0,
        8.033,
        0
      ]
    },
    {
      "Target": "Parameter",
      "Id": "ParamBirdeye",
      "Segments": [
        0,
        0,
        0,
        8.033,
        0
      ]
    },
    {
      "Target": "Parameter",
      "Id": "ParamBirdmouth",
      "Segments": [
        0,
        0,
        0,
        8.033,
        0
      ]
    },
    {
      "Target": "Parameter",
      "Id": "ParamFishlocation",
      "Segments": [
        0,
        0,
        0,
        8.033,
        0
      ]
    },
    {
      "Target": "Parameter",
      "Id": "ParamBow",
      "Segments": [
        0,
        0,
        0,
        8.033,
        0
      ]
    },
    {
      "Target": "Parameter",
      "Id": "ParamBow0",
      "Segments": [
        0,
        0,
        0,
        8.033,
        0
      ]
    },
    {
      "Target": "Parameter",
      "Id": "ParamWater",
      "Segments": [
        0,
        0,
        0,
        8.033,
        0
      ]
    },
    {
      "Target": "Parameter",
      "Id": "ParamWater0",
      "Segments": [
        0,
        0,
        0,
        8.033,
        0
      ]
    },
    {
      "Target": "Parameter",
      "Id": "ParamBlackback",
      "Segments": [
        0,
        0,
        0,
        8.033,
        0
      ]
    },
    {
      "Target": "Parameter",
      "Id": "ParamBlackfront",
      "Segments": [
        0,
        0,
        0,
        8.033,
        0
      ]
    }
  ],
  "UserData": [
    {
      "Time": 0.0,
      "Value": ""
    }
  ]
}