{
  "Version": 3,
  "FileReferences": {
    "Moc": "p3.moc3",
    "Textures": [
      "textures/texture_00.png"
    ],
    "Physics": "",
    "Motions": {
      "": [
        {
          "File": "motions/login_evening.motion3.json"
        },
        {
          "File": "motions/normal.motion3.json"
        },
        {
          "File": "motions/login_noon.motion3.json"
        },
        {
          "File": "motions/touch_3.motion3.json"
        },
        {
          "File": "motions/wait_1.motion3.json"
        },
        {
          "File": "motions/login_night.motion3.json"
        },
        {
          "File": "motions/wait_3.motion3.json"
        },
        {
          "File": "motions/touch_2.motion3.json"
        },
        {
          "File": "motions/login_morning.motion3.json"
        },
        {
          "File": "motions/touch_1.motion3.json"
        },
        {
          "File": "motions/wait_2.motion3.json"
        }
      ]
    }
  },
  "Groups": [
    {
      "Target": "Parameter",
      "Name": "EyeBlink",
      "Ids": [
        "ParamEyeLOpen",
        "ParamEyeROpen"
      ]
    },
    {
      "Target": "Parameter",
      "Name": "LipSync",
      "Ids": [
        "ParamMouthOpenY"
      ]
    }
  ]
}