{
  "Version": 3,
  "Meta": {
    "Duration": 3.667,
    "Fps": 30.0,
    "Loop": true,
    "AreBeziersRestricted": true,
    "CurveCount": 76,
    "TotalSegmentCount": 358,
    "TotalPointCount": 662,
    "UserDataCount": 2,
    "TotalUserDataSize": 18
  },
  "Curves": [
    {
      "Target": "Parameter",
      "Id": "ParamCatx",
      "Segments": [
        0,
        0,
        0,
        0.7,
        2,
        0,
        1.7,
        -3,
        0,
        2.7,
        0,
        2,
        3.667,
        0
      ]
    },
    {
      "Target": "Parameter",
      "Id": "ParamCaty",
      "Segments": [
        0,
        0,
        0,
        0.7,
        9,
        0,
        1.7,
        -4,
        0,
        2.7,
        8,
        0,
        3.667,
        0
      ]
    },
    {
      "Target": "Parameter",
      "Id": "ParamCatro",
      "Segments": [
        0,
        0,
        0,
        0.833,
        16,
        0,
        1.367,
        1,
        0,
        2.5,
        14,
        0,
        3.667,
        0
      ]
    },
    {
      "Target": "Parameter",
      "Id": "ParamCatshiba1",
      "Segments": [
        0,
        0,
        1,
        0.1,
        0,
        0.2,
        0.286,
        0.3,
        -1,
        1,
        0.422,
        -2.572,
        0.545,
        -24,
        0.667,
        -24,
        1,
        0.789,
        -24,
        0.911,
        -16.891,
        1.033,
        1,
        1,
        1.155,
        18.891,
        1.278,
        30,
        1.4,
        30,
        1,
        1.511,
        30,
        1.622,
        12.056,
        1.733,
        -2,
        1,
        1.855,
        -17.461,
        1.978,
        -20,
        2.1,
        -20,
        1,
        2.211,
        -20,
        2.322,
        -14.585,
        2.433,
        -1,
        1,
        2.544,
        12.585,
        2.656,
        21,
        2.767,
        21,
        1,
        2.878,
        21,
        2.989,
        13.167,
        3.1,
        1,
        1,
        3.2,
        -9.95,
        3.3,
        -14,
        3.4,
        -14,
        0,
        3.667,
        0
      ]
    },
    {
      "Target": "Parameter",
      "Id": "ParamCatshiba2",
      "Segments": [
        0,
        0,
        0,
        0.3,
        19,
        1,
        0.422,
        19,
        0.545,
        14.722,
        0.667,
        -1,
        1,
        0.789,
        -16.722,
        0.911,
        -30,
        1.033,
        -30,
        1,
        1.155,
        -30,
        1.278,
        -16.233,
        1.4,
        -1,
        1,
        1.511,
        12.848,
        1.622,
        16,
        1.733,
        16,
        1,
        1.855,
        16,
        1.978,
        11.979,
        2.1,
        0,
        1,
        2.211,
        -10.89,
        2.322,
        -19,
        2.433,
        -19,
        1,
        2.544,
        -19,
        2.656,
        -14.321,
        2.767,
        -4,
        1,
        2.878,
        6.321,
        2.989,
        12,
        3.1,
        12,
        0,
        3.4,
        -5,
        0,
        3.667,
        0
      ]
    },
    {
      "Target": "Parameter",
      "Id": "ParamCathead",
      "Segments": [
        0,
        0,
        0,
        0.6,
        30,
        0,
        1.133,
        -21,
        1,
        1.978,
        -21,
        2.822,
        -17.076,
        3.667,
        0
      ]
    },
    {
      "Target": "Parameter",
      "Id": "ParamCateye",
      "Segments": [
        0,
        1,
        2,
        1.067,
        1,
        0,
        1.2,
        0,
        0,
        1.3,
        1,
        2,
        3.667,
        1
      ]
    },
    {
      "Target": "Parameter",
      "Id": "ParamCatlarm",
      "Segments": [
        0,
        0,
        0,
        0.867,
        -21,
        0,
        1.6,
        30,
        1,
        2.289,
        30,
        2.978,
        11.264,
        3.667,
        0
      ]
    },
    {
      "Target": "Parameter",
      "Id": "ParamCatlforearm",
      "Segments": [
        0,
        0,
        0,
        0.967,
        -17,
        0,
        1.7,
        18,
        1,
        1.867,
        18,
        2.033,
        6.878,
        2.2,
        6,
        1,
        2.689,
        3.425,
        3.178,
        3.84,
        3.667,
        0
      ]
    },
    {
      "Target": "Parameter",
      "Id": "ParamCatlhand",
      "Segments": [
        0,
        0,
        0,
        1.033,
        -20,
        0,
        1.8,
        14,
        0,
        2.3,
        -16,
        0,
        3.667,
        0
      ]
    },
    {
      "Target": "Parameter",
      "Id": "ParamCatrarm",
      "Segments": [
        0,
        0,
        0,
        0.667,
        -9,
        0,
        1.733,
        9,
        0,
        2.6,
        -5,
        0,
        3.667,
        0
      ]
    },
    {
      "Target": "Parameter",
      "Id": "ParamCatrforearm",
      "Segments": [
        0,
        0,
        0,
        0.833,
        -9,
        0,
        1.833,
        10,
        0,
        2.667,
        -8,
        0,
        3.667,
        0
      ]
    },
    {
      "Target": "Parameter",
      "Id": "ParamCatrhand",
      "Segments": [
        0,
        0,
        0,
        0.967,
        -29,
        0,
        1.933,
        10,
        0,
        2.767,
        -11,
        0,
        3.667,
        0
      ]
    },
    {
      "Target": "Parameter",
      "Id": "ParamCatlleg",
      "Segments": [
        0,
        0,
        0,
        0.567,
        -8,
        0,
        1.1,
        6,
        1,
        1.956,
        6,
        2.811,
        5.443,
        3.667,
        0
      ]
    },
    {
      "Target": "Parameter",
      "Id": "ParamCatlforeleg",
      "Segments": [
        0,
        0,
        0,
        0.667,
        -10,
        0,
        1.333,
        18,
        0,
        1.967,
        -5,
        0,
        3.667,
        0
      ]
    },
    {
      "Target": "Parameter",
      "Id": "ParamCatrleg",
      "Segments": [
        0,
        0,
        0,
        0.467,
        -24,
        1,
        0.678,
        -24,
        0.889,
        -1.51,
        1.1,
        6,
        1,
        1.467,
        19.044,
        1.833,
        21,
        2.2,
        21,
        0,
        2.833,
        -6,
        0,
        3.667,
        0
      ]
    },
    {
      "Target": "Parameter",
      "Id": "ParamCatrforeleg",
      "Segments": [
        0,
        0,
        0,
        0.633,
        -9,
        1,
        0.866,
        -9,
        1.1,
        8.046,
        1.333,
        16,
        1,
        1.689,
        28.121,
        2.044,
        30,
        2.4,
        30,
        1,
        2.822,
        30,
        3.245,
        6.093,
        3.667,
        0
      ]
    },
    {
      "Target": "Parameter",
      "Id": "ParamCloth1",
      "Segments": [
        0,
        0,
        1,
        0.078,
        0,
        0.155,
        0.288,
        0.233,
        -2,
        1,
        0.333,
        -4.942,
        0.433,
        -16,
        0.533,
        -16,
        1,
        0.622,
        -16,
        0.711,
        -10.456,
        0.8,
        -1,
        1,
        0.911,
        10.82,
        1.022,
        16,
        1.133,
        16,
        1,
        1.233,
        16,
        1.333,
        8.898,
        1.433,
        -2,
        1,
        1.533,
        -12.898,
        1.633,
        -17,
        1.733,
        -17,
        1,
        1.822,
        -17,
        1.911,
        -11.989,
        2,
        -1,
        1,
        2.089,
        9.989,
        2.178,
        16,
        2.267,
        16,
        1,
        2.378,
        16,
        2.489,
        12.02,
        2.6,
        0,
        1,
        2.7,
        -10.818,
        2.8,
        -19,
        2.9,
        -19,
        1,
        2.978,
        -19,
        3.055,
        -8.761,
        3.133,
        0,
        1,
        3.222,
        10.013,
        3.311,
        12,
        3.4,
        12,
        1,
        3.489,
        12,
        3.578,
        9.849,
        3.667,
        0
      ]
    },
    {
      "Target": "Parameter",
      "Id": "ParamCloth2",
      "Segments": [
        0,
        0,
        0,
        0.233,
        15,
        1,
        0.333,
        15,
        0.433,
        11.591,
        0.533,
        0,
        1,
        0.622,
        -10.303,
        0.711,
        -19,
        0.8,
        -19,
        1,
        0.911,
        -19,
        1.022,
        -16.854,
        1.133,
        -6,
        1,
        1.233,
        3.769,
        1.333,
        15,
        1.433,
        15,
        1,
        1.533,
        15,
        1.633,
        11.069,
        1.733,
        -1,
        1,
        1.822,
        -11.728,
        1.911,
        -20,
        2,
        -20,
        1,
        2.089,
        -20,
        2.178,
        -9.194,
        2.267,
        0,
        1,
        2.378,
        11.492,
        2.489,
        14,
        2.6,
        14,
        1,
        2.7,
        14,
        2.8,
        8.359,
        2.9,
        -4,
        1,
        2.978,
        -13.612,
        3.055,
        -19,
        3.133,
        -19,
        1,
        3.222,
        -19,
        3.311,
        -4.196,
        3.4,
        -2,
        1,
        3.489,
        0.196,
        3.578,
        0,
        3.667,
        0
      ]
    },
    {
      "Target": "Parameter",
      "Id": "ParamHairFront",
      "Segments": [
        0,
        0,
        2,
        0.3,
        0,
        0,
        0.633,
        -0.7,
        1,
        0.778,
        -0.7,
        0.922,
        -0.569,
        1.067,
        -0.1,
        1,
        1.178,
        0.261,
        1.289,
        0.6,
        1.4,
        0.6,
        1,
        1.511,
        0.6,
        1.622,
        0.394,
        1.733,
        0,
        1,
        1.866,
        -0.473,
        2,
        -0.7,
        2.133,
        -0.7,
        1,
        2.244,
        -0.7,
        2.356,
        -0.406,
        2.467,
        0,
        1,
        2.589,
        0.447,
        2.711,
        0.6,
        2.833,
        0.6,
        0,
        3.233,
        0,
        2,
        3.667,
        0
      ]
    },
    {
      "Target": "Parameter",
      "Id": "ParamFore2",
      "Segments": [
        0,
        0,
        0,
        0.3,
        14,
        1,
        0.411,
        14,
        0.522,
        7.457,
        0.633,
        -2,
        1,
        0.778,
        -14.294,
        0.922,
        -19,
        1.067,
        -19,
        1,
        1.178,
        -19,
        1.289,
        -9.935,
        1.4,
        1,
        1,
        1.511,
        11.935,
        1.622,
        15,
        1.733,
        15,
        1,
        1.866,
        15,
        2,
        11.707,
        2.133,
        -1,
        1,
        2.244,
        -11.589,
        2.356,
        -22,
        2.467,
        -22,
        1,
        2.589,
        -22,
        2.711,
        -16.778,
        2.833,
        -5,
        1,
        2.966,
        7.849,
        3.1,
        15,
        3.233,
        15,
        1,
        3.378,
        15,
        3.522,
        1.05,
        3.667,
        0
      ]
    },
    {
      "Target": "Parameter",
      "Id": "ParamHairSide",
      "Segments": [
        0,
        0,
        2,
        0.367,
        0,
        0,
        0.7,
        -0.7,
        1,
        0.844,
        -0.7,
        0.989,
        -0.488,
        1.133,
        0,
        1,
        1.244,
        0.376,
        1.356,
        0.6,
        1.467,
        0.6,
        1,
        1.578,
        0.6,
        1.689,
        0.324,
        1.8,
        0,
        1,
        1.956,
        -0.454,
        2.111,
        -0.6,
        2.267,
        -0.6,
        1,
        2.378,
        -0.6,
        2.489,
        -0.42,
        2.6,
        0,
        1,
        2.7,
        0.378,
        2.8,
        0.6,
        2.9,
        0.6,
        0,
        3.233,
        0,
        2,
        3.667,
        0
      ]
    },
    {
      "Target": "Parameter",
      "Id": "ParamSide2",
      "Segments": [
        0,
        0,
        0,
        0.367,
        18,
        1,
        0.478,
        18,
        0.589,
        6.047,
        0.7,
        -4,
        1,
        0.844,
        -17.061,
        0.989,
        -20,
        1.133,
        -20,
        1,
        1.244,
        -20,
        1.356,
        -16.625,
        1.467,
        -5,
        1,
        1.578,
        6.625,
        1.689,
        16,
        1.8,
        16,
        1,
        1.956,
        16,
        2.111,
        12.627,
        2.267,
        -1,
        1,
        2.378,
        -10.733,
        2.489,
        -22,
        2.6,
        -22,
        1,
        2.7,
        -22,
        2.8,
        -15.333,
        2.9,
        -4,
        1,
        3.011,
        8.592,
        3.122,
        14,
        3.233,
        14,
        0,
        3.667,
        0
      ]
    },
    {
      "Target": "Parameter",
      "Id": "ParamHairBack",
      "Segments": [
        0,
        0,
        2,
        0.3,
        0,
        0,
        0.633,
        -0.6,
        1,
        0.755,
        -0.6,
        0.878,
        -0.518,
        1,
        -0.1,
        1,
        1.089,
        0.204,
        1.178,
        0.6,
        1.267,
        0.6,
        1,
        1.378,
        0.6,
        1.489,
        0.38,
        1.6,
        0,
        1,
        1.722,
        -0.418,
        1.845,
        -0.6,
        1.967,
        -0.6,
        1,
        2.078,
        -0.6,
        2.189,
        -0.343,
        2.3,
        0,
        1,
        2.422,
        0.377,
        2.545,
        0.5,
        2.667,
        0.5,
        1,
        2.767,
        0.5,
        2.867,
        0.297,
        2.967,
        0,
        1,
        3.089,
        -0.363,
        3.211,
        -0.5,
        3.333,
        -0.5,
        0,
        3.667,
        0
      ]
    },
    {
      "Target": "Parameter",
      "Id": "ParamBack2",
      "Segments": [
        0,
        0,
        0,
        0.3,
        21,
        1,
        0.411,
        21,
        0.522,
        12.575,
        0.633,
        -1,
        1,
        0.755,
        -15.932,
        0.878,
        -22,
        1,
        -22,
        1,
        1.089,
        -22,
        1.178,
        -13.692,
        1.267,
        -2,
        1,
        1.378,
        12.615,
        1.489,
        18,
        1.6,
        18,
        1,
        1.722,
        18,
        1.845,
        9.925,
        1.967,
        -4,
        1,
        2.078,
        -16.659,
        2.189,
        -22,
        2.3,
        -22,
        1,
        2.422,
        -22,
        2.545,
        -17.053,
        2.667,
        -4,
        1,
        2.767,
        6.68,
        2.867,
        14,
        2.967,
        14,
        0,
        3.333,
        -1,
        1,
        3.444,
        -1,
        3.556,
        -0.57,
        3.667,
        0
      ]
    },
    {
      "Target": "Parameter",
      "Id": "ParamWX",
      "Segments": [
        0,
        0,
        0,
        0.567,
        -10,
        0,
        2.167,
        9,
        0,
        3.667,
        0
      ]
    },
    {
      "Target": "Parameter",
      "Id": "ParamWy",
      "Segments": [
        0,
        0,
        2,
        0.2,
        0,
        0,
        0.933,
        13,
        0,
        1.9,
        3,
        0,
        2.8,
        9,
        0,
        3.667,
        0
      ]
    },
    {
      "Target": "Parameter",
      "Id": "ParamBodyAngleX",
      "Segments": [
        0,
        0,
        0,
        0.433,
        6,
        0,
        0.967,
        -10,
        0,
        1.867,
        6,
        0,
        2.867,
        -5,
        1,
        3.134,
        -5,
        3.4,
        -3.095,
        3.667,
        0
      ]
    },
    {
      "Target": "Parameter",
      "Id": "ParamBodyAngleZ",
      "Segments": [
        0,
        0,
        0,
        0.467,
        -1,
        0,
        0.967,
        3,
        0,
        1.9,
        -1,
        0,
        2.8,
        2,
        0,
        3.667,
        0
      ]
    },
    {
      "Target": "Parameter",
      "Id": "ParamLarm",
      "Segments": [
        0,
        0,
        0,
        1,
        -19,
        1,
        1.411,
        -19,
        1.822,
        -10.731,
        2.233,
        -6,
        1,
        2.711,
        -0.502,
        3.189,
        0,
        3.667,
        0
      ]
    },
    {
      "Target": "Parameter",
      "Id": "ParamLforearm",
      "Segments": [
        0,
        0,
        0,
        1.1,
        12,
        0,
        2.3,
        -2,
        0,
        3.167,
        10,
        0,
        3.667,
        0
      ]
    },
    {
      "Target": "Parameter",
      "Id": "ParamLhand",
      "Segments": [
        0,
        0,
        0,
        1.2,
        30,
        0,
        2.4,
        -21,
        0,
        3.067,
        4,
        0,
        3.667,
        0
      ]
    },
    {
      "Target": "Parameter",
      "Id": "ParamRarm",
      "Segments": [
        0,
        0,
        0,
        1,
        -9,
        0,
        1.967,
        18,
        0,
        3.667,
        0
      ]
    },
    {
      "Target": "Parameter",
      "Id": "ParamRforearm",
      "Segments": [
        0,
        0,
        0,
        1.1,
        16,
        0,
        2.067,
        -30,
        1,
        2.6,
        -30,
        3.134,
        -15.84,
        3.667,
        0
      ]
    },
    {
      "Target": "Parameter",
      "Id": "ParamRforearm2",
      "Segments": [
        0,
        0,
        0,
        1.1,
        -25,
        1,
        1.422,
        -25,
        1.745,
        -11.594,
        2.067,
        -9,
        1,
        2.6,
        -4.707,
        3.134,
        -3.643,
        3.667,
        0
      ]
    },
    {
      "Target": "Parameter",
      "Id": "ParamRhand",
      "Segments": [
        0,
        0,
        0,
        1.2,
        14,
        0,
        2.2,
        -29,
        1,
        2.689,
        -29,
        3.178,
        -6.844,
        3.667,
        0
      ]
    },
    {
      "Target": "Parameter",
      "Id": "ParamRhandy",
      "Segments": [
        0,
        0,
        0,
        1.2,
        26,
        0,
        3.667,
        0
      ]
    },
    {
      "Target": "Parameter",
      "Id": "ParamLleg",
      "Segments": [
        0,
        0,
        0,
        0.633,
        -9,
        0,
        1.767,
        8,
        0,
        2.667,
        -7,
        0,
        3.667,
        0
      ]
    },
    {
      "Target": "Parameter",
      "Id": "ParamLforeleg",
      "Segments": [
        0,
        0,
        0,
        0.7,
        -9,
        0,
        1.867,
        1,
        0,
        2.733,
        -7,
        0,
        3.667,
        0
      ]
    },
    {
      "Target": "Parameter",
      "Id": "ParamLfoot",
      "Segments": [
        0,
        0,
        0,
        1.033,
        -16,
        0,
        1.933,
        11,
        0,
        2.8,
        -13,
        0,
        3.667,
        0
      ]
    },
    {
      "Target": "Parameter",
      "Id": "ParamRleg",
      "Segments": [
        0,
        0,
        0,
        0.533,
        -11,
        0,
        1.6,
        13,
        0,
        2.467,
        -10,
        0,
        3.667,
        0
      ]
    },
    {
      "Target": "Parameter",
      "Id": "ParamRforeleg",
      "Segments": [
        0,
        0,
        0,
        0.6,
        27,
        0,
        1.667,
        -9,
        0,
        2.567,
        8,
        1,
        2.934,
        8,
        3.3,
        3.176,
        3.667,
        0
      ]
    },
    {
      "Target": "Parameter",
      "Id": "ParamRfoot",
      "Segments": [
        0,
        0,
        2,
        0.667,
        0,
        0,
        1.733,
        -15,
        0,
        2.733,
        0,
        0,
        3.2,
        -8,
        0,
        3.667,
        0
      ]
    },
    {
      "Target": "Parameter",
      "Id": "ParamTail1",
      "Segments": [
        0,
        0,
        1,
        0.122,
        0,
        0.245,
        0.227,
        0.367,
        -1,
        1,
        0.5,
        -2.338,
        0.634,
        -16,
        0.767,
        -16,
        1,
        0.911,
        -16,
        1.056,
        -12.153,
        1.2,
        -1,
        1,
        1.344,
        10.153,
        1.489,
        18,
        1.633,
        18,
        1,
        1.766,
        18,
        1.9,
        13.345,
        2.033,
        0,
        1,
        2.155,
        -12.233,
        2.278,
        -21,
        2.4,
        -21,
        1,
        2.544,
        -21,
        2.689,
        -11.705,
        2.833,
        1,
        1,
        2.955,
        11.75,
        3.078,
        15,
        3.2,
        15,
        1,
        3.356,
        15,
        3.511,
        11.434,
        3.667,
        0
      ]
    },
    {
      "Target": "Parameter",
      "Id": "ParamTail2",
      "Segments": [
        0,
        0,
        0,
        0.367,
        15,
        1,
        0.5,
        15,
        0.634,
        9.517,
        0.767,
        -2,
        1,
        0.911,
        -14.477,
        1.056,
        -21,
        1.2,
        -21,
        1,
        1.344,
        -21,
        1.489,
        -19.466,
        1.633,
        -8,
        1,
        1.766,
        2.584,
        1.9,
        18,
        2.033,
        18,
        1,
        2.155,
        18,
        2.278,
        5.893,
        2.4,
        -4,
        1,
        2.544,
        -15.692,
        2.689,
        -18,
        2.833,
        -18,
        1,
        2.955,
        -18,
        3.078,
        -3.648,
        3.2,
        -2,
        1,
        3.356,
        0.098,
        3.511,
        0,
        3.667,
        0
      ]
    },
    {
      "Target": "Parameter",
      "Id": "ParamEyeLOpen",
      "Segments": [
        0,
        1,
        0,
        0.4,
        0.7,
        2,
        1,
        0.7,
        0,
        1.367,
        1,
        0,
        1.7,
        0.6,
        0,
        2.233,
        1,
        2,
        3.667,
        1
      ]
    },
    {
      "Target": "Parameter",
      "Id": "ParamEyeLSmile",
      "Segments": [
        0,
        0,
        0,
        0.6,
        1,
        0,
        3.667,
        0
      ]
    },
    {
      "Target": "Parameter",
      "Id": "ParamEyeROpen",
      "Segments": [
        0,
        1,
        1,
        0.133,
        1,
        0.267,
        0.765,
        0.4,
        0.7,
        1,
        0.6,
        0.603,
        0.8,
        0.6,
        1,
        0.6,
        0,
        1.367,
        1,
        0,
        1.7,
        0.5,
        0,
        2.233,
        1,
        2,
        3.667,
        1
      ]
    },
    {
      "Target": "Parameter",
      "Id": "ParamEyeBallX",
      "Segments": [
        0,
        0,
        2,
        0.4,
        0,
        0,
        1.367,
        -0.2,
        1,
        1.478,
        -0.2,
        1.589,
        0.087,
        1.7,
        0.2,
        1,
        1.878,
        0.381,
        2.055,
        0.4,
        2.233,
        0.4,
        1,
        2.444,
        0.4,
        2.656,
        0.398,
        2.867,
        0.3,
        1,
        3.134,
        0.176,
        3.4,
        0,
        3.667,
        0
      ]
    },
    {
      "Target": "Parameter",
      "Id": "ParamEyeBallY",
      "Segments": [
        0,
        0,
        0,
        0.4,
        -0.5,
        0,
        1.367,
        0.1,
        0,
        1.7,
        -0.8,
        1,
        1.878,
        -0.8,
        2.055,
        0.215,
        2.233,
        0.4,
        1,
        2.444,
        0.62,
        2.656,
        0.6,
        2.867,
        0.6,
        0,
        3.667,
        0
      ]
    },
    {
      "Target": "Parameter",
      "Id": "ParamBrowLY",
      "Segments": [
        0,
        0,
        2,
        0.667,
        0,
        0,
        1.333,
        0.8,
        0,
        1.7,
        -0.3,
        0,
        2.233,
        0,
        2,
        3.667,
        0
      ]
    },
    {
      "Target": "Parameter",
      "Id": "ParamBrowRY",
      "Segments": [
        0,
        0,
        2,
        0.667,
        0,
        0,
        1.333,
        0.7,
        0,
        1.7,
        -0.3,
        0,
        2.233,
        0,
        2,
        3.667,
        0
      ]
    },
    {
      "Target": "Parameter",
      "Id": "ParamMouthOpenY",
      "Segments": [
        0,
        0.376,
        1,
        0.044,
        0.376,
        0.089,
        0.719,
        0.133,
        0.947,
        3,
        0.167,
        1,
        2,
        0.233,
        1,
        1,
        0.266,
        0.83,
        0.3,
        0.368,
        0.333,
        0.376,
        1,
        0.344,
        0.364,
        0.356,
        0.649,
        0.367,
        0.894,
        3,
        0.4,
        1,
        2,
        0.433,
        1,
        2,
        0.467,
        0.886,
        1,
        0.489,
        0.616,
        0.511,
        0.367,
        0.533,
        0.361,
        1,
        0.578,
        0.356,
        0.622,
        0.993,
        0.667,
        0.988,
        1,
        0.711,
        0.995,
        0.756,
        0.174,
        0.8,
        0.18,
        1,
        0.833,
        0.162,
        0.867,
        0.808,
        0.9,
        1,
        2,
        0.933,
        1,
        2,
        0.967,
        0.839,
        1,
        0.978,
        0.661,
        0.989,
        0.454,
        1,
        0.463,
        1,
        1.022,
        0.467,
        1.045,
        0.725,
        1.067,
        0.729,
        1,
        1.111,
        0.735,
        1.156,
        -0.006,
        1.2,
        0,
        2,
        1.467,
        0,
        1,
        1.534,
        0,
        1.6,
        0.64,
        1.667,
        0.96,
        3,
        1.7,
        1,
        2,
        2.233,
        1,
        2,
        2.267,
        0.922,
        1,
        2.289,
        0.726,
        2.311,
        0.546,
        2.333,
        0.541,
        1,
        2.378,
        0.539,
        2.422,
        0.786,
        2.467,
        0.784,
        1,
        2.556,
        0.781,
        2.644,
        0.003,
        2.733,
        0,
        2,
        3.667,
        0
      ]
    },
    {
      "Target": "Parameter",
      "Id": "ParamEmotionquestion",
      "Segments": [
        0,
        0,
        2,
        0.5,
        0,
        0,
        1.1,
        1,
        2,
        2,
        1,
        0,
        2.5,
        0,
        2,
        3.667,
        0
      ]
    },
    {
      "Target": "Parameter",
      "Id": "ParamAngleX",
      "Segments": [
        0,
        0,
        0,
        0.5,
        -13,
        0,
        1.1,
        28,
        1,
        1.333,
        28,
        1.567,
        27.827,
        1.8,
        19,
        1,
        2.033,
        10.173,
        2.267,
        -11,
        2.5,
        -11,
        0,
        3.233,
        24,
        0,
        3.667,
        0
      ]
    },
    {
      "Target": "Parameter",
      "Id": "ParamAngleY",
      "Segments": [
        0,
        0,
        1,
        0.167,
        0,
        0.333,
        2.657,
        0.5,
        9,
        1,
        0.7,
        16.612,
        0.9,
        21,
        1.1,
        21,
        0,
        1.8,
        1,
        1,
        2.033,
        1,
        2.267,
        9.996,
        2.5,
        18,
        1,
        2.744,
        26.385,
        2.989,
        28,
        3.233,
        28,
        0,
        3.667,
        0
      ]
    },
    {
      "Target": "Parameter",
      "Id": "ParamAngleZ",
      "Segments": [
        0,
        0,
        0,
        0.5,
        -14,
        0,
        1.1,
        30,
        0,
        2.067,
        -30,
        0,
        2.867,
        30,
        0,
        3.667,
        0
      ]
    },
    {
      "Target": "Parameter",
      "Id": "ParamEyeRSmile",
      "Segments": [
        0,
        0,
        0,
        3.667,
        0
      ]
    },
    {
      "Target": "Parameter",
      "Id": "ParamBrowLX",
      "Segments": [
        0,
        0,
        0,
        3.667,
        0
      ]
    },
    {
      "Target": "Parameter",
      "Id": "ParamBrowRX",
      "Segments": [
        0,
        0,
        0,
        3.667,
        0
      ]
    },
    {
      "Target": "Parameter",
      "Id": "ParamBrowLForm",
      "Segments": [
        0,
        0,
        0,
        3.667,
        0
      ]
    },
    {
      "Target": "Parameter",
      "Id": "ParamBrowRForm",
      "Segments": [
        0,
        0,
        0,
        3.667,
        0
      ]
    },
    {
      "Target": "Parameter",
      "Id": "ParamCheek",
      "Segments": [
        0,
        0,
        0,
        3.667,
        0
      ]
    },
    {
      "Target": "Parameter",
      "Id": "ParamBodyAngleY",
      "Segments": [
        0,
        0,
        0,
        3.667,
        0
      ]
    },
    {
      "Target": "Parameter",
      "Id": "ParamBreath",
      "Segments": [
        0,
        0,
        0,
        3.667,
        0
      ]
    },
    {
      "Target": "Parameter",
      "Id": "ParamWZ",
      "Segments": [
        0,
        0,
        0,
        3.667,
        0
      ]
    },
    {
      "Target": "Parameter",
      "Id": "ParamLhandchange",
      "Segments": [
        0,
        0,
        0,
        3.667,
        0
      ]
    },
    {
      "Target": "Parameter",
      "Id": "ParamRhandchange",
      "Segments": [
        0,
        0,
        0,
        3.667,
        0
      ]
    },
    {
      "Target": "Parameter",
      "Id": "ParamTail3",
      "Segments": [
        0,
        0,
        0,
        3.667,
        0
      ]
    },
    {
      "Target": "Parameter",
      "Id": "ParamTailzhamao",
      "Segments": [
        0,
        0,
        0,
        3.667,
        0
      ]
    },
    {
      "Target": "Parameter",
      "Id": "ParamBrowLAngle",
      "Segments": [
        0,
        0,
        0,
        3.667,
        0
      ]
    },
    {
      "Target": "Parameter",
      "Id": "ParamBrowRAngle",
      "Segments": [
        0,
        0,
        0,
        3.667,
        0
      ]
    },
    {
      "Target": "Parameter",
      "Id": "ParamMouthForm",
      "Segments": [
        0,
        0,
        0,
        3.667,
        0
      ]
    },
    {
      "Target": "Parameter",
      "Id": "ParamEmotionSleep",
      "Segments": [
        0,
        0,
        0,
        3.667,
        0
      ]
    },
    {
      "Target": "Parameter",
      "Id": "ParamEmosleepy",
      "Segments": [
        0,
        0,
        0,
        3.667,
        0
      ]
    },
    {
      "Target": "Parameter",
      "Id": "ParamEmoshinning",
      "Segments": [
        0,
        0,
        0,
        3.667,
        0
      ]
    }
  ],
  "UserData": [
    {
      "Time": 0.0,
      "Value": "characterVoice_2_3"
    },
    {
      "Time": 0.0,
      "Value": ""
    }
  ]
}