{
  "Version": 3,
  "Meta": {
    "Duration": 7.4,
    "Fps": 30.0,
    "Loop": true,
    "AreBeziersRestricted": true,
    "CurveCount": 80,
    "TotalSegmentCount": 486,
    "TotalPointCount": 960,
    "UserDataCount": 2,
    "TotalUserDataSize": 18
  },
  "Curves": [
    {
      "Target": "Parameter",
      "Id": "ParamCatx",
      "Segments": [
        0,
        0,
        0,
        1.633,
        -5,
        1,
        2.278,
        -5,
        2.922,
        -5.359,
        3.567,
        -3,
        1,
        4.256,
        -0.479,
        4.944,
        11,
        5.633,
        11,
        0,
        7.4,
        0
      ]
    },
    {
      "Target": "Parameter",
      "Id": "ParamCaty",
      "Segments": [
        0,
        0,
        0,
        1.633,
        16,
        0,
        3.567,
        -10,
        0,
        5.633,
        16,
        0,
        7.4,
        0
      ]
    },
    {
      "Target": "Parameter",
      "Id": "ParamCatro",
      "Segments": [
        0,
        0,
        0,
        1.7,
        8,
        0,
        3.667,
        -8,
        0,
        5.733,
        7,
        0,
        7.4,
        0
      ]
    },
    {
      "Target": "Parameter",
      "Id": "ParamCatshiba1",
      "Segments": [
        0,
        0,
        0,
        0.467,
        -20,
        1,
        0.611,
        -20,
        0.756,
        -12.042,
        0.9,
        -1,
        1,
        1.056,
        10.891,
        1.211,
        15,
        1.367,
        15,
        1,
        1.511,
        15,
        1.656,
        7.656,
        1.8,
        -1,
        1,
        1.956,
        -10.322,
        2.111,
        -13,
        2.267,
        -13,
        1,
        2.411,
        -13,
        2.556,
        -10.109,
        2.7,
        -1,
        1,
        2.856,
        8.81,
        3.011,
        16,
        3.167,
        16,
        1,
        3.311,
        16,
        3.456,
        10.333,
        3.6,
        -1,
        1,
        3.744,
        -12.333,
        3.889,
        -18,
        4.033,
        -18,
        1,
        4.2,
        -18,
        4.366,
        -12.708,
        4.533,
        -1,
        1,
        4.689,
        9.928,
        4.844,
        16,
        5,
        16,
        1,
        5.144,
        16,
        5.289,
        9.619,
        5.433,
        -1,
        1,
        5.578,
        -11.619,
        5.722,
        -16,
        5.867,
        -16,
        1,
        6.022,
        -16,
        6.178,
        -9.522,
        6.333,
        -1,
        1,
        6.511,
        8.739,
        6.689,
        12,
        6.867,
        12,
        0,
        7.4,
        0
      ]
    },
    {
      "Target": "Parameter",
      "Id": "ParamCatshiba2",
      "Segments": [
        0,
        0,
        1,
        0.156,
        0,
        0.311,
        0.179,
        0.467,
        -1,
        1,
        0.611,
        -2.094,
        0.756,
        -20,
        0.9,
        -20,
        1,
        1.056,
        -20,
        1.211,
        -12.523,
        1.367,
        -2,
        1,
        1.511,
        7.771,
        1.656,
        11,
        1.8,
        11,
        1,
        1.956,
        11,
        2.111,
        8.713,
        2.267,
        -1,
        1,
        2.411,
        -10.019,
        2.556,
        -19,
        2.7,
        -19,
        1,
        2.856,
        -19,
        3.011,
        -14.657,
        3.167,
        -4,
        1,
        3.311,
        5.896,
        3.456,
        12,
        3.6,
        12,
        1,
        3.744,
        12,
        3.889,
        2.529,
        4.033,
        -6,
        1,
        4.2,
        -15.841,
        4.366,
        -18,
        4.533,
        -18,
        1,
        4.689,
        -18,
        4.844,
        -15.432,
        5,
        -5,
        1,
        5.144,
        4.687,
        5.289,
        14,
        5.433,
        14,
        1,
        5.578,
        14,
        5.722,
        1.54,
        5.867,
        -6,
        1,
        6.022,
        -14.12,
        6.178,
        -15,
        6.333,
        -15,
        1,
        6.511,
        -15,
        6.689,
        -10.776,
        6.867,
        -6,
        1,
        7.045,
        -1.224,
        7.222,
        0,
        7.4,
        0
      ]
    },
    {
      "Target": "Parameter",
      "Id": "ParamCathead",
      "Segments": [
        0,
        0,
        0,
        2.133,
        30,
        0,
        3.8,
        -15,
        0,
        5.733,
        30,
        0,
        7.4,
        0
      ]
    },
    {
      "Target": "Parameter",
      "Id": "ParamCateye",
      "Segments": [
        0,
        1,
        2,
        2.2,
        1,
        0,
        2.333,
        0,
        0,
        2.567,
        1,
        2,
        7.4,
        1
      ]
    },
    {
      "Target": "Parameter",
      "Id": "ParamCatlarm",
      "Segments": [
        0,
        0,
        0,
        2.033,
        -12,
        0,
        3.733,
        19,
        0,
        5.733,
        -21,
        0,
        7.4,
        0
      ]
    },
    {
      "Target": "Parameter",
      "Id": "ParamCatlforearm",
      "Segments": [
        0,
        0,
        0,
        2.167,
        -24,
        0,
        3.833,
        11,
        0,
        5.833,
        -5,
        0,
        7.4,
        0
      ]
    },
    {
      "Target": "Parameter",
      "Id": "ParamCatlhand",
      "Segments": [
        0,
        0,
        0,
        2.333,
        -19,
        0,
        3.933,
        4,
        0,
        5.933,
        -19,
        0,
        7.4,
        0
      ]
    },
    {
      "Target": "Parameter",
      "Id": "ParamCatrarm",
      "Segments": [
        0,
        0,
        0,
        1.8,
        -17,
        0,
        3.9,
        11,
        0,
        5.867,
        -11,
        0,
        7.4,
        0
      ]
    },
    {
      "Target": "Parameter",
      "Id": "ParamCatrforearm",
      "Segments": [
        0,
        0,
        0,
        1.967,
        -10,
        0,
        4.033,
        5,
        0,
        6,
        -8,
        0,
        7.4,
        0
      ]
    },
    {
      "Target": "Parameter",
      "Id": "ParamCatrhand",
      "Segments": [
        0,
        0,
        0,
        2.133,
        -15,
        0,
        4.133,
        10,
        0,
        6.167,
        -9,
        0,
        7.4,
        0
      ]
    },
    {
      "Target": "Parameter",
      "Id": "ParamCatlleg",
      "Segments": [
        0,
        0,
        0,
        1.933,
        -12,
        0,
        3.967,
        7,
        0,
        6.067,
        -11,
        0,
        7.4,
        0
      ]
    },
    {
      "Target": "Parameter",
      "Id": "ParamCatlforeleg",
      "Segments": [
        0,
        0,
        0,
        2.133,
        -9,
        0,
        4.133,
        10,
        0,
        6.233,
        -8,
        0,
        7.4,
        0
      ]
    },
    {
      "Target": "Parameter",
      "Id": "ParamCatrleg",
      "Segments": [
        0,
        0,
        0,
        1.867,
        -10,
        0,
        3.9,
        9,
        0,
        5.967,
        -10,
        0,
        7.4,
        0
      ]
    },
    {
      "Target": "Parameter",
      "Id": "ParamCatrforeleg",
      "Segments": [
        0,
        0,
        0,
        2.067,
        -11,
        0,
        4,
        9,
        0,
        6.1,
        -8,
        0,
        7.4,
        0
      ]
    },
    {
      "Target": "Parameter",
      "Id": "ParamCloth1",
      "Segments": [
        0,
        0,
        0,
        0.433,
        -30,
        1,
        0.589,
        -30,
        0.744,
        -18.975,
        0.9,
        1,
        1,
        1.056,
        20.975,
        1.211,
        30,
        1.367,
        30,
        1,
        1.522,
        30,
        1.678,
        20.975,
        1.833,
        1,
        1,
        1.989,
        -18.975,
        2.144,
        -30,
        2.3,
        -30,
        1,
        2.444,
        -30,
        2.589,
        -17.347,
        2.733,
        1,
        1,
        2.9,
        22.17,
        3.066,
        30,
        3.233,
        30,
        1,
        3.4,
        30,
        3.566,
        20.662,
        3.733,
        0,
        1,
        3.889,
        -19.285,
        4.044,
        -30,
        4.2,
        -30,
        1,
        4.333,
        -30,
        4.467,
        -17.565,
        4.6,
        -1,
        1,
        4.778,
        21.087,
        4.955,
        29,
        5.133,
        29,
        1,
        5.289,
        29,
        5.444,
        18.289,
        5.6,
        0,
        1,
        5.767,
        -19.596,
        5.933,
        -28,
        6.1,
        -28,
        1,
        6.256,
        -28,
        6.411,
        -20.801,
        6.567,
        -1,
        1,
        6.711,
        17.386,
        6.856,
        30,
        7,
        30,
        0,
        7.4,
        0
      ]
    },
    {
      "Target": "Parameter",
      "Id": "ParamCloth2",
      "Segments": [
        0,
        0,
        2,
        0.433,
        0,
        0,
        0.9,
        -30,
        1,
        1.056,
        -30,
        1.211,
        -18.975,
        1.367,
        1,
        1,
        1.522,
        20.975,
        1.678,
        30,
        1.833,
        30,
        1,
        1.989,
        30,
        2.144,
        19.391,
        2.3,
        -1,
        1,
        2.444,
        -19.934,
        2.589,
        -29,
        2.733,
        -29,
        1,
        2.9,
        -29,
        3.066,
        -21.509,
        3.233,
        -2,
        1,
        3.4,
        17.509,
        3.566,
        30,
        3.733,
        30,
        1,
        3.889,
        30,
        4.044,
        19.536,
        4.2,
        -2,
        1,
        4.333,
        -20.459,
        4.467,
        -30,
        4.6,
        -30,
        1,
        4.778,
        -30,
        4.955,
        -22.097,
        5.133,
        -1,
        1,
        5.289,
        17.46,
        5.444,
        30,
        5.6,
        30,
        1,
        5.767,
        30,
        5.933,
        18.666,
        6.1,
        -2,
        1,
        6.256,
        -21.288,
        6.411,
        -30,
        6.567,
        -30,
        1,
        6.711,
        -30,
        6.856,
        -4.552,
        7,
        -2,
        1,
        7.133,
        0.355,
        7.267,
        0,
        7.4,
        0
      ]
    },
    {
      "Target": "Parameter",
      "Id": "ParamHairFront",
      "Segments": [
        0,
        0,
        0,
        0.233,
        -0.5,
        1,
        0.366,
        -0.5,
        0.5,
        -0.46,
        0.633,
        -0.1,
        1,
        0.755,
        0.23,
        0.878,
        0.7,
        1,
        0.7,
        1,
        1.122,
        0.7,
        1.245,
        0.409,
        1.367,
        0,
        1,
        1.5,
        -0.446,
        1.634,
        -0.6,
        1.767,
        -0.6,
        1,
        1.889,
        -0.6,
        2.011,
        -0.382,
        2.133,
        0,
        1,
        2.266,
        0.417,
        2.4,
        0.6,
        2.533,
        0.6,
        1,
        2.689,
        0.6,
        2.844,
        0.454,
        3,
        0,
        1,
        3.111,
        -0.324,
        3.222,
        -0.6,
        3.333,
        -0.6,
        1,
        3.489,
        -0.6,
        3.644,
        -0.454,
        3.8,
        0,
        1,
        3.911,
        0.324,
        4.022,
        0.6,
        4.133,
        0.6,
        1,
        4.266,
        0.6,
        4.4,
        0.289,
        4.533,
        -0.1,
        1,
        4.666,
        -0.489,
        4.8,
        -0.6,
        4.933,
        -0.6,
        1,
        5.066,
        -0.6,
        5.2,
        -0.417,
        5.333,
        0,
        1,
        5.455,
        0.382,
        5.578,
        0.6,
        5.7,
        0.6,
        1,
        5.833,
        0.6,
        5.967,
        0.417,
        6.1,
        0,
        1,
        6.222,
        -0.382,
        6.345,
        -0.6,
        6.467,
        -0.6,
        0,
        6.867,
        0,
        2,
        7.4,
        0
      ]
    },
    {
      "Target": "Parameter",
      "Id": "ParamFore2",
      "Segments": [
        0,
        0,
        1,
        0.078,
        0,
        0.155,
        0.413,
        0.233,
        -1,
        1,
        0.366,
        -3.422,
        0.5,
        -18,
        0.633,
        -18,
        1,
        0.755,
        -18,
        0.878,
        -16.501,
        1,
        -6,
        1,
        1.122,
        4.501,
        1.245,
        18,
        1.367,
        18,
        1,
        1.5,
        18,
        1.634,
        11.52,
        1.767,
        -1,
        1,
        1.889,
        -12.476,
        2.011,
        -18,
        2.133,
        -18,
        1,
        2.266,
        -18,
        2.4,
        -14.801,
        2.533,
        -4,
        1,
        2.689,
        8.601,
        2.844,
        18,
        3,
        18,
        1,
        3.111,
        18,
        3.222,
        5.851,
        3.333,
        -4,
        1,
        3.489,
        -17.791,
        3.644,
        -21,
        3.8,
        -21,
        1,
        3.911,
        -21,
        4.022,
        -13.038,
        4.133,
        -2,
        1,
        4.266,
        11.246,
        4.4,
        16,
        4.533,
        16,
        1,
        4.666,
        16,
        4.8,
        8.241,
        4.933,
        -4,
        1,
        5.066,
        -16.241,
        5.2,
        -21,
        5.333,
        -21,
        1,
        5.455,
        -21,
        5.578,
        -15.476,
        5.7,
        -4,
        1,
        5.833,
        8.52,
        5.967,
        15,
        6.1,
        15,
        1,
        6.222,
        15,
        6.345,
        5.726,
        6.467,
        -5,
        1,
        6.6,
        -16.701,
        6.734,
        -20,
        6.867,
        -20,
        0,
        7.4,
        0
      ]
    },
    {
      "Target": "Parameter",
      "Id": "ParamHairSide",
      "Segments": [
        0,
        0,
        0,
        0.333,
        -0.6,
        1,
        0.444,
        -0.6,
        0.556,
        -0.465,
        0.667,
        0,
        1,
        0.756,
        0.372,
        0.844,
        0.7,
        0.933,
        0.7,
        1,
        1.055,
        0.7,
        1.178,
        0.409,
        1.3,
        0,
        1,
        1.433,
        -0.446,
        1.567,
        -0.6,
        1.7,
        -0.6,
        1,
        1.856,
        -0.6,
        2.011,
        -0.428,
        2.167,
        0,
        1,
        2.3,
        0.367,
        2.434,
        0.6,
        2.567,
        0.6,
        1,
        2.711,
        0.6,
        2.856,
        0.469,
        3,
        0,
        1,
        3.111,
        -0.361,
        3.222,
        -0.7,
        3.333,
        -0.7,
        1,
        3.466,
        -0.7,
        3.6,
        -0.467,
        3.733,
        0,
        1,
        3.866,
        0.467,
        4,
        0.7,
        4.133,
        0.7,
        1,
        4.266,
        0.7,
        4.4,
        0.431,
        4.533,
        0,
        1,
        4.666,
        -0.431,
        4.8,
        -0.6,
        4.933,
        -0.6,
        1,
        5.078,
        -0.6,
        5.222,
        -0.43,
        5.367,
        0,
        1,
        5.489,
        0.364,
        5.611,
        0.6,
        5.733,
        0.6,
        1,
        5.855,
        0.6,
        5.978,
        0.4,
        6.1,
        0,
        1,
        6.222,
        -0.4,
        6.345,
        -0.6,
        6.467,
        -0.6,
        0,
        6.967,
        0,
        2,
        7.4,
        0
      ]
    },
    {
      "Target": "Parameter",
      "Id": "ParamSide2",
      "Segments": [
        0,
        0,
        2,
        0.333,
        0,
        0,
        0.667,
        -20,
        1,
        0.756,
        -20,
        0.844,
        -15.879,
        0.933,
        -5,
        1,
        1.055,
        9.959,
        1.178,
        19,
        1.3,
        19,
        1,
        1.433,
        19,
        1.567,
        12.352,
        1.7,
        1,
        1,
        1.856,
        -12.244,
        2.011,
        -18,
        2.167,
        -18,
        1,
        2.3,
        -18,
        2.434,
        -15.798,
        2.567,
        -4,
        1,
        2.711,
        8.781,
        2.856,
        22,
        3,
        22,
        1,
        3.111,
        22,
        3.222,
        12.058,
        3.333,
        0,
        1,
        3.466,
        -14.469,
        3.6,
        -19,
        3.733,
        -19,
        1,
        3.866,
        -19,
        4,
        -13.333,
        4.133,
        -2,
        1,
        4.266,
        9.333,
        4.4,
        15,
        4.533,
        15,
        1,
        4.666,
        15,
        4.8,
        9.198,
        4.933,
        -2,
        1,
        5.078,
        -14.132,
        5.222,
        -20,
        5.367,
        -20,
        1,
        5.489,
        -20,
        5.611,
        -17.68,
        5.733,
        -6,
        1,
        5.855,
        5.68,
        5.978,
        18,
        6.1,
        18,
        1,
        6.222,
        18,
        6.345,
        10.145,
        6.467,
        -1,
        1,
        6.634,
        -16.198,
        6.8,
        -22,
        6.967,
        -22,
        0,
        7.4,
        0
      ]
    },
    {
      "Target": "Parameter",
      "Id": "ParamHairBack",
      "Segments": [
        0,
        0,
        0,
        0.367,
        -0.6,
        1,
        0.445,
        -0.6,
        0.522,
        -0.41,
        0.6,
        -0.1,
        1,
        0.722,
        0.387,
        0.845,
        0.6,
        0.967,
        0.6,
        1,
        1.089,
        0.6,
        1.211,
        0.382,
        1.333,
        0,
        1,
        1.466,
        -0.417,
        1.6,
        -0.6,
        1.733,
        -0.6,
        1,
        1.855,
        -0.6,
        1.978,
        -0.3,
        2.1,
        0,
        1,
        2.233,
        0.328,
        2.367,
        0.4,
        2.5,
        0.4,
        1,
        2.656,
        0.4,
        2.811,
        0.341,
        2.967,
        0,
        1,
        3.078,
        -0.244,
        3.189,
        -0.6,
        3.3,
        -0.6,
        1,
        3.444,
        -0.6,
        3.589,
        -0.445,
        3.733,
        0,
        1,
        3.844,
        0.342,
        3.956,
        0.6,
        4.067,
        0.6,
        1,
        4.2,
        0.6,
        4.334,
        0.4,
        4.467,
        0,
        1,
        4.6,
        -0.4,
        4.734,
        -0.6,
        4.867,
        -0.6,
        1,
        5,
        -0.6,
        5.134,
        -0.417,
        5.267,
        0,
        1,
        5.389,
        0.382,
        5.511,
        0.6,
        5.633,
        0.6,
        1,
        5.766,
        0.6,
        5.9,
        0.417,
        6.033,
        0,
        1,
        6.155,
        -0.382,
        6.278,
        -0.6,
        6.4,
        -0.6,
        0,
        6.867,
        0,
        2,
        7.4,
        0
      ]
    },
    {
      "Target": "Parameter",
      "Id": "ParamBack2",
      "Segments": [
        0,
        0,
        0,
        0.367,
        1,
        0,
        0.6,
        -19,
        1,
        0.722,
        -19,
        0.845,
        -12.223,
        0.967,
        -2,
        1,
        1.089,
        8.223,
        1.211,
        12,
        1.333,
        12,
        1,
        1.466,
        12,
        1.6,
        3.068,
        1.733,
        -6,
        1,
        1.855,
        -14.312,
        1.978,
        -16,
        2.1,
        -16,
        1,
        2.233,
        -16,
        2.367,
        -15.265,
        2.5,
        -6,
        1,
        2.656,
        4.809,
        2.811,
        20,
        2.967,
        20,
        1,
        3.078,
        20,
        3.189,
        10.183,
        3.3,
        -1,
        1,
        3.444,
        -15.538,
        3.589,
        -20,
        3.733,
        -20,
        1,
        3.844,
        -20,
        3.956,
        -15.455,
        4.067,
        -4,
        1,
        4.2,
        9.747,
        4.334,
        18,
        4.467,
        18,
        1,
        4.6,
        18,
        4.734,
        7.327,
        4.867,
        -4,
        1,
        5,
        -15.327,
        5.134,
        -18,
        5.267,
        -18,
        1,
        5.389,
        -18,
        5.511,
        -13.683,
        5.633,
        -2,
        1,
        5.766,
        10.746,
        5.9,
        19,
        6.033,
        19,
        1,
        6.155,
        19,
        6.278,
        8.955,
        6.4,
        -2,
        1,
        6.556,
        -15.943,
        6.711,
        -20,
        6.867,
        -20,
        0,
        7.4,
        0
      ]
    },
    {
      "Target": "Parameter",
      "Id": "ParamWX",
      "Segments": [
        0,
        0,
        0,
        1.633,
        12,
        0,
        3.833,
        -12,
        0,
        5.833,
        8,
        0,
        7.4,
        0
      ]
    },
    {
      "Target": "Parameter",
      "Id": "ParamWy",
      "Segments": [
        0,
        0,
        0,
        1.633,
        8,
        0,
        3.833,
        -1,
        0,
        5.833,
        10,
        0,
        7.4,
        0
      ]
    },
    {
      "Target": "Parameter",
      "Id": "ParamWZ",
      "Segments": [
        0,
        0,
        1,
        0.356,
        0,
        0.711,
        0.982,
        1.067,
        -3,
        1,
        1.678,
        -9.844,
        2.289,
        -30,
        2.9,
        -30,
        0,
        5.4,
        6,
        0,
        7.4,
        0
      ]
    },
    {
      "Target": "Parameter",
      "Id": "ParamBodyAngleZ",
      "Segments": [
        0,
        0,
        0,
        1.067,
        -4,
        0,
        2.9,
        2,
        2,
        4.3,
        2,
        0,
        5.767,
        -10,
        0,
        7.4,
        0
      ]
    },
    {
      "Target": "Parameter",
      "Id": "ParamLarm",
      "Segments": [
        0,
        0,
        0,
        0.9,
        -6,
        0,
        1.8,
        2,
        0,
        2.5,
        -3,
        0,
        3.367,
        4,
        0,
        4.633,
        -24,
        0,
        5,
        1,
        0,
        6.067,
        -4,
        0,
        7.4,
        0
      ]
    },
    {
      "Target": "Parameter",
      "Id": "ParamLforearm",
      "Segments": [
        0,
        0,
        0,
        1,
        30,
        0,
        1.833,
        8,
        0,
        2.6,
        24,
        0,
        3.433,
        8,
        0,
        4.767,
        30,
        0,
        5.133,
        9,
        0,
        6.1,
        17,
        0,
        7.4,
        0
      ]
    },
    {
      "Target": "Parameter",
      "Id": "ParamLhand",
      "Segments": [
        0,
        0,
        0,
        1.2,
        30,
        0,
        1.867,
        -16,
        0,
        2.6,
        30,
        0,
        3.5,
        -2,
        0,
        4.833,
        30,
        0,
        5.267,
        -30,
        0,
        6.233,
        15,
        0,
        7.4,
        0
      ]
    },
    {
      "Target": "Parameter",
      "Id": "ParamRarm",
      "Segments": [
        0,
        0,
        0,
        1.533,
        6.628,
        0,
        3.633,
        1,
        0,
        6,
        6.224,
        0,
        7.4,
        0
      ]
    },
    {
      "Target": "Parameter",
      "Id": "ParamRforearm",
      "Segments": [
        0,
        0,
        0,
        1.633,
        30,
        0,
        3.733,
        -17.037,
        0,
        6.033,
        22.743,
        0,
        7.4,
        0
      ]
    },
    {
      "Target": "Parameter",
      "Id": "ParamRforearm2",
      "Segments": [
        0,
        0,
        0,
        1.6,
        7.498,
        0,
        3.7,
        -9,
        0,
        6.033,
        10.965,
        0,
        7.4,
        0
      ]
    },
    {
      "Target": "Parameter",
      "Id": "ParamRhand",
      "Segments": [
        0,
        0,
        0,
        1.767,
        9.354,
        0,
        3.833,
        -4,
        0,
        6.167,
        7.795,
        0,
        7.4,
        0
      ]
    },
    {
      "Target": "Parameter",
      "Id": "ParamRhandy",
      "Segments": [
        0,
        0,
        0,
        1.767,
        30,
        0,
        3.433,
        -30,
        0,
        5.4,
        30,
        0,
        7.4,
        0
      ]
    },
    {
      "Target": "Parameter",
      "Id": "ParamLleg",
      "Segments": [
        0,
        0,
        0,
        1.767,
        -20,
        0,
        3.9,
        9,
        0,
        6.2,
        -15,
        0,
        7.4,
        0
      ]
    },
    {
      "Target": "Parameter",
      "Id": "ParamLforeleg",
      "Segments": [
        0,
        0,
        0,
        1.9,
        -6,
        0,
        4.033,
        8,
        0,
        6.367,
        -8,
        0,
        7.4,
        0
      ]
    },
    {
      "Target": "Parameter",
      "Id": "ParamLfoot",
      "Segments": [
        0,
        0,
        0,
        2,
        -14,
        0,
        4.133,
        15,
        0,
        6.467,
        -16,
        0,
        7.4,
        0
      ]
    },
    {
      "Target": "Parameter",
      "Id": "ParamRleg",
      "Segments": [
        0,
        0,
        0,
        1.3,
        -5,
        0,
        3.667,
        6,
        0,
        6,
        -3,
        0,
        7.4,
        0
      ]
    },
    {
      "Target": "Parameter",
      "Id": "ParamRforeleg",
      "Segments": [
        0,
        0,
        0,
        1.433,
        -6,
        0,
        3.8,
        6,
        0,
        6.067,
        -4,
        0,
        7.4,
        0
      ]
    },
    {
      "Target": "Parameter",
      "Id": "ParamRfoot",
      "Segments": [
        0,
        0,
        0,
        1.533,
        -21,
        0,
        3.9,
        6,
        0,
        6.167,
        -16,
        0,
        7.4,
        0
      ]
    },
    {
      "Target": "Parameter",
      "Id": "ParamTail1",
      "Segments": [
        0,
        0,
        0,
        0.4,
        -19,
        1,
        0.544,
        -19,
        0.689,
        -15.607,
        0.833,
        -1,
        1,
        0.989,
        14.73,
        1.144,
        29,
        1.3,
        29,
        1,
        1.456,
        29,
        1.611,
        13.318,
        1.767,
        -1,
        1,
        1.922,
        -15.318,
        2.078,
        -18,
        2.233,
        -18,
        1,
        2.4,
        -18,
        2.566,
        -14.662,
        2.733,
        -1,
        1,
        2.889,
        11.751,
        3.044,
        24,
        3.2,
        24,
        1,
        3.367,
        24,
        3.533,
        16.702,
        3.7,
        1,
        1,
        3.844,
        -12.609,
        3.989,
        -20,
        4.133,
        -20,
        1,
        4.3,
        -20,
        4.466,
        -13.895,
        4.633,
        0,
        1,
        4.778,
        12.043,
        4.922,
        19,
        5.067,
        19,
        1,
        5.245,
        19,
        5.422,
        12.069,
        5.6,
        -1,
        1,
        5.767,
        -13.252,
        5.933,
        -19,
        6.1,
        -19,
        1,
        6.244,
        -19,
        6.389,
        -11.086,
        6.533,
        1,
        1,
        6.689,
        14.016,
        6.844,
        19,
        7,
        19,
        0,
        7.4,
        0
      ]
    },
    {
      "Target": "Parameter",
      "Id": "ParamTail2",
      "Segments": [
        0,
        0,
        1,
        0.133,
        0,
        0.267,
        0.091,
        0.4,
        -4,
        1,
        0.544,
        -8.432,
        0.689,
        -20,
        0.833,
        -20,
        1,
        0.989,
        -20,
        1.144,
        -10.132,
        1.3,
        1,
        1,
        1.456,
        12.132,
        1.611,
        15,
        1.767,
        15,
        1,
        1.922,
        15,
        2.078,
        6.654,
        2.233,
        -4,
        1,
        2.4,
        -15.415,
        2.566,
        -19,
        2.733,
        -19,
        1,
        2.889,
        -19,
        3.044,
        -12.907,
        3.2,
        -1,
        1,
        3.367,
        11.758,
        3.533,
        18,
        3.7,
        18,
        1,
        3.844,
        18,
        3.989,
        11.043,
        4.133,
        -1,
        1,
        4.3,
        -14.895,
        4.466,
        -21,
        4.633,
        -21,
        1,
        4.778,
        -21,
        4.922,
        -12.043,
        5.067,
        -2,
        1,
        5.245,
        10.361,
        5.422,
        14,
        5.6,
        14,
        1,
        5.767,
        14,
        5.933,
        8.714,
        6.1,
        -2,
        1,
        6.244,
        -11.285,
        6.389,
        -16,
        6.533,
        -16,
        1,
        6.689,
        -16,
        6.844,
        -8.511,
        7,
        -4,
        1,
        7.133,
        -0.133,
        7.267,
        0,
        7.4,
        0
      ]
    },
    {
      "Target": "Parameter",
      "Id": "ParamTail3",
      "Segments": [
        0,
        0,
        0,
        1.567,
        -20,
        1,
        1.878,
        -20,
        2.189,
        -5.938,
        2.5,
        0,
        1,
        3.367,
        16.541,
        4.233,
        21,
        5.1,
        21,
        0,
        7.4,
        0
      ]
    },
    {
      "Target": "Parameter",
      "Id": "ParamEyeLOpen",
      "Segments": [
        0,
        1,
        2,
        0.3,
        1,
        0,
        0.9,
        0.6,
        2,
        3.033,
        0.6,
        0,
        5.933,
        0.7,
        0,
        6.233,
        0,
        0,
        6.533,
        1,
        2,
        7.4,
        1
      ]
    },
    {
      "Target": "Parameter",
      "Id": "ParamEyeROpen",
      "Segments": [
        0,
        1,
        2,
        0.3,
        1,
        0,
        0.9,
        0.6,
        2,
        3.033,
        0.6,
        0,
        5.933,
        0.7,
        0,
        6.233,
        0,
        0,
        6.533,
        1,
        2,
        7.4,
        1
      ]
    },
    {
      "Target": "Parameter",
      "Id": "ParamEyeBallX",
      "Segments": [
        0,
        0,
        0,
        1.067,
        0.2,
        0,
        2.9,
        -0.1,
        1,
        3.433,
        -0.1,
        3.967,
        0.089,
        4.5,
        0.2,
        1,
        4.978,
        0.3,
        5.455,
        0.3,
        5.933,
        0.3,
        0,
        7.4,
        0
      ]
    },
    {
      "Target": "Parameter",
      "Id": "ParamEyeBallY",
      "Segments": [
        0,
        0,
        0,
        1.067,
        -0.1,
        0,
        2.9,
        0.2,
        2,
        4.5,
        0.2,
        0,
        5.933,
        0.5,
        0,
        7.4,
        0
      ]
    },
    {
      "Target": "Parameter",
      "Id": "ParamMouthOpenY",
      "Segments": [
        0,
        0.784,
        1,
        0.044,
        0.79,
        0.089,
        -0.006,
        0.133,
        0,
        2,
        0.333,
        0,
        1,
        0.366,
        0,
        0.4,
        0.609,
        0.433,
        0.913,
        3,
        0.467,
        1,
        2,
        0.6,
        1,
        2,
        0.633,
        0.929,
        1,
        0.644,
        0.805,
        0.656,
        0.661,
        0.667,
        0.667,
        1,
        0.689,
        0.653,
        0.711,
        0.901,
        0.733,
        1,
        2,
        0.833,
        1,
        2,
        0.867,
        0.859,
        1,
        0.889,
        0.559,
        0.911,
        0.281,
        0.933,
        0.275,
        1,
        0.944,
        0.263,
        0.956,
        0.531,
        0.967,
        0.761,
        1,
        0.978,
        1.174,
        0.989,
        0.933,
        1,
        1,
        2,
        1.033,
        0.961,
        1,
        1.044,
        0.825,
        1.056,
        0.668,
        1.067,
        0.675,
        2,
        1.2,
        0.675,
        1,
        1.267,
        0.673,
        1.333,
        0.88,
        1.4,
        0.878,
        1,
        1.444,
        0.885,
        1.489,
        0.033,
        1.533,
        0.039,
        1,
        1.555,
        0.042,
        1.578,
        0.044,
        1.6,
        0.047,
        1,
        1.644,
        0.031,
        1.689,
        0.016,
        1.733,
        0,
        2,
        1.933,
        0,
        1,
        2,
        -0.008,
        2.066,
        0.988,
        2.133,
        0.98,
        1,
        2.178,
        0.986,
        2.222,
        0.237,
        2.267,
        0.243,
        1,
        2.278,
        0.228,
        2.289,
        0.586,
        2.3,
        0.894,
        3,
        2.333,
        1,
        2,
        2.367,
        1,
        1,
        2.4,
        1.122,
        2.434,
        -0.101,
        2.467,
        0,
        1,
        2.489,
        0.009,
        2.511,
        1.02,
        2.533,
        1,
        1,
        2.6,
        1.042,
        2.666,
        0.167,
        2.733,
        0.18,
        1,
        2.755,
        0.184,
        2.778,
        0.397,
        2.8,
        0.4,
        1,
        2.844,
        0.403,
        2.889,
        -0.003,
        2.933,
        0,
        2,
        3,
        0,
        1,
        3.111,
        0.002,
        3.222,
        0.492,
        3.333,
        0.494,
        1,
        3.355,
        0.492,
        3.378,
        0.347,
        3.4,
        0.345,
        1,
        3.422,
        0.347,
        3.445,
        0.406,
        3.467,
        0.503,
        1,
        3.5,
        0.633,
        3.534,
        0.889,
        3.567,
        1,
        2,
        3.8,
        1,
        2,
        3.833,
        0.982,
        1,
        3.866,
        0.759,
        3.9,
        0.314,
        3.933,
        0.314,
        2,
        4,
        0.314,
        1,
        4.033,
        0.282,
        4.067,
        0.913,
        4.1,
        1,
        2,
        4.167,
        1,
        1,
        4.2,
        0.855,
        4.234,
        0.186,
        4.267,
        0.212,
        1,
        4.3,
        0.205,
        4.334,
        0.766,
        4.367,
        1,
        2,
        4.4,
        1,
        1,
        4.411,
        0.975,
        4.422,
        1.086,
        4.433,
        0.792,
        1,
        4.444,
        0.614,
        4.456,
        0.407,
        4.467,
        0.416,
        1,
        4.489,
        0.424,
        4.511,
        0.918,
        4.533,
        0.925,
        1,
        4.578,
        0.93,
        4.622,
        0.301,
        4.667,
        0.306,
        1,
        4.678,
        0.297,
        4.689,
        0.513,
        4.7,
        0.698,
        1,
        4.711,
        0.904,
        4.722,
        1.073,
        4.733,
        1,
        2,
        4.767,
        0.922,
        1,
        4.8,
        0.62,
        4.834,
        0.016,
        4.867,
        0.016,
        1,
        4.911,
        0.009,
        4.956,
        0.861,
        5,
        0.855,
        1,
        5.044,
        0.86,
        5.089,
        0.246,
        5.133,
        0.251,
        1,
        5.222,
        0.252,
        5.311,
        0.54,
        5.4,
        0.541,
        1,
        5.444,
        0.545,
        5.489,
        -0.004,
        5.533,
        0,
        2,
        7.4,
        0
      ]
    },
    {
      "Target": "Parameter",
      "Id": "ParamAngleX",
      "Segments": [
        0,
        0,
        1,
        0.344,
        0,
        0.689,
        3.706,
        1.033,
        11,
        1,
        1.633,
        23.706,
        2.233,
        30,
        2.833,
        30,
        0,
        4.233,
        -12,
        0,
        5.733,
        8,
        0,
        6.733,
        -3,
        0,
        7.4,
        0
      ]
    },
    {
      "Target": "Parameter",
      "Id": "ParamAngleY",
      "Segments": [
        0,
        0,
        0,
        1.033,
        30,
        0,
        2.833,
        -30,
        0,
        4.233,
        30,
        0,
        5.733,
        -26,
        0,
        6.733,
        24,
        0,
        7.4,
        0
      ]
    },
    {
      "Target": "Parameter",
      "Id": "ParamAngleZ",
      "Segments": [
        0,
        0,
        0,
        1.033,
        -30,
        0,
        2.833,
        30,
        1,
        3.3,
        30,
        3.766,
        27.033,
        4.233,
        11,
        1,
        4.466,
        2.984,
        4.7,
        -21,
        4.933,
        -21,
        0,
        6.4,
        9,
        0,
        7.4,
        0
      ]
    },
    {
      "Target": "Parameter",
      "Id": "ParamEyeRSmile",
      "Segments": [
        0,
        0,
        0,
        7.4,
        0
      ]
    },
    {
      "Target": "Parameter",
      "Id": "ParamBrowLX",
      "Segments": [
        0,
        0,
        0,
        7.4,
        0
      ]
    },
    {
      "Target": "Parameter",
      "Id": "ParamBrowRX",
      "Segments": [
        0,
        0,
        0,
        7.4,
        0
      ]
    },
    {
      "Target": "Parameter",
      "Id": "ParamBrowLForm",
      "Segments": [
        0,
        0,
        0,
        7.4,
        0
      ]
    },
    {
      "Target": "Parameter",
      "Id": "ParamBrowRForm",
      "Segments": [
        0,
        0,
        0,
        7.4,
        0
      ]
    },
    {
      "Target": "Parameter",
      "Id": "ParamCheek",
      "Segments": [
        0,
        0,
        0,
        7.4,
        0
      ]
    },
    {
      "Target": "Parameter",
      "Id": "ParamBodyAngleY",
      "Segments": [
        0,
        0,
        0,
        7.4,
        0
      ]
    },
    {
      "Target": "Parameter",
      "Id": "ParamBreath",
      "Segments": [
        0,
        0,
        0,
        7.4,
        0
      ]
    },
    {
      "Target": "Parameter",
      "Id": "ParamBodyAngleX",
      "Segments": [
        0,
        0,
        0,
        7.4,
        0
      ]
    },
    {
      "Target": "Parameter",
      "Id": "ParamLhandchange",
      "Segments": [
        0,
        0,
        0,
        7.4,
        0
      ]
    },
    {
      "Target": "Parameter",
      "Id": "ParamRhandchange",
      "Segments": [
        0,
        0,
        0,
        7.4,
        0
      ]
    },
    {
      "Target": "Parameter",
      "Id": "ParamTailzhamao",
      "Segments": [
        0,
        0,
        0,
        7.4,
        0
      ]
    },
    {
      "Target": "Parameter",
      "Id": "ParamEyeLSmile",
      "Segments": [
        0,
        0,
        0,
        7.4,
        0
      ]
    },
    {
      "Target": "Parameter",
      "Id": "ParamEye",
      "Segments": [
        0,
        1,
        0,
        7.4,
        1
      ]
    },
    {
      "Target": "Parameter",
      "Id": "ParamBrowLY",
      "Segments": [
        0,
        0,
        0,
        7.4,
        0
      ]
    },
    {
      "Target": "Parameter",
      "Id": "ParamBrowLAngle",
      "Segments": [
        0,
        0,
        0,
        7.4,
        0
      ]
    },
    {
      "Target": "Parameter",
      "Id": "ParamBrowRY",
      "Segments": [
        0,
        0,
        0,
        7.4,
        0
      ]
    },
    {
      "Target": "Parameter",
      "Id": "ParamBrowRAngle",
      "Segments": [
        0,
        0,
        0,
        7.4,
        0
      ]
    },
    {
      "Target": "Parameter",
      "Id": "ParamMouthForm",
      "Segments": [
        0,
        0,
        0,
        7.4,
        0
      ]
    },
    {
      "Target": "Parameter",
      "Id": "ParamEmotionSleep",
      "Segments": [
        0,
        0,
        0,
        7.4,
        0
      ]
    },
    {
      "Target": "Parameter",
      "Id": "ParamEmosleepy",
      "Segments": [
        0,
        0,
        0,
        7.4,
        0
      ]
    },
    {
      "Target": "Parameter",
      "Id": "ParamEmoshinning",
      "Segments": [
        0,
        0,
        0,
        7.4,
        0
      ]
    },
    {
      "Target": "Parameter",
      "Id": "ParamEmotionquestion",
      "Segments": [
        0,
        0,
        0,
        7.4,
        0
      ]
    },
    {
      "Target": "Parameter",
      "Id": "ParamEmotionshining",
      "Segments": [
        0,
        -1,
        0,
        7.4,
        -1
      ]
    },
    {
      "Target": "Parameter",
      "Id": "ParamEmoangry",
      "Segments": [
        0,
        0,
        0,
        7.4,
        0
      ]
    },
    {
      "Target": "Parameter",
      "Id": "ParamEmoshame",
      "Segments": [
        0,
        0,
        0,
        7.4,
        0
      ]
    }
  ],
  "UserData": [
    {
      "Time": 0.0,
      "Value": "characterVoice_8_6"
    },
    {
      "Time": 0.0,
      "Value": ""
    }
  ]
}