{
  "Version": 3,
  "Meta": {
    "Duration": 7.0,
    "Fps": 30.0,
    "Loop": true,
    "AreBeziersRestricted": true,
    "CurveCount": 132,
    "TotalSegmentCount": 956,
    "TotalPointCount": 1162,
    "UserDataCount": 6,
    "TotalUserDataSize": 123
  },
  "Curves": [
    {
      "Target": "Parameter",
      "Id": "ParamAngleX",
      "Segments": [
        0,
        -3.408,
        1,
        0.278,
        -3.408,
        0.555,
        -10.893,
        0.833,
        -12,
        1,
        1.5,
        -14.657,
        2.166,
        -15,
        2.833,
        -15,
        0,
        4.167,
        -6.48,
        0,
        5.667,
        -12,
        0,
        7,
        -3.408
      ]
    },
    {
      "Target": "Parameter",
      "Id": "ParamAngleY",
      "Segments": [
        0,
        1.489,
        1,
        0.278,
        1.489,
        0.555,
        -18.861,
        0.833,
        -20,
        1,
        1.5,
        -22.733,
        2.166,
        -23,
        2.833,
        -23,
        1,
        3.278,
        -23,
        3.722,
        -20.645,
        4.167,
        -20,
        1,
        4.667,
        -19.274,
        5.167,
        -19.469,
        5.667,
        -18.64,
        1,
        6.111,
        -17.903,
        6.556,
        1.489,
        7,
        1.489
      ]
    },
    {
      "Target": "Parameter",
      "Id": "ParamAngleZ",
      "Segments": [
        0,
        -1.375,
        0,
        0.5,
        7,
        1,
        0.744,
        7,
        0.989,
        -9.14,
        1.233,
        -10,
        1,
        1.766,
        -11.877,
        2.3,
        -12.489,
        2.833,
        -14,
        1,
        2.922,
        -14.252,
        3.011,
        -16,
        3.1,
        -16,
        1,
        3.289,
        -16,
        3.478,
        5.753,
        3.667,
        12,
        1,
        3.922,
        20.452,
        4.178,
        21,
        4.433,
        21,
        1,
        4.622,
        21,
        4.811,
        -6.245,
        5,
        -9,
        1,
        5.222,
        -12.242,
        5.445,
        -12,
        5.667,
        -12,
        0,
        7,
        -1.375
      ]
    },
    {
      "Target": "Parameter",
      "Id": "ParamBodyAngleX",
      "Segments": [
        0,
        -3,
        0,
        0.267,
        0,
        1,
        0.4,
        0,
        0.534,
        -5.841,
        0.667,
        -6,
        1,
        1.334,
        -6.793,
        2,
        -7.252,
        2.667,
        -8,
        1,
        2.756,
        -8.1,
        2.844,
        -10,
        2.933,
        -10,
        1,
        3.122,
        -10,
        3.311,
        3.407,
        3.5,
        4,
        1,
        4.056,
        5.743,
        4.611,
        6,
        5.167,
        6,
        2,
        5.767,
        6,
        0,
        6,
        8,
        0,
        7,
        -3
      ]
    },
    {
      "Target": "Parameter",
      "Id": "ParamBodyAngleY",
      "Segments": [
        0,
        0,
        0,
        0.467,
        -1,
        0,
        1,
        5,
        2,
        2.833,
        5,
        0,
        3.067,
        6,
        1,
        3.267,
        6,
        3.467,
        -7.364,
        3.667,
        -8,
        1,
        4.222,
        -9.765,
        4.778,
        -10,
        5.333,
        -10,
        2,
        5.933,
        -10,
        0,
        7,
        0
      ]
    },
    {
      "Target": "Parameter",
      "Id": "ParamBodyAngleY2",
      "Segments": [
        0,
        0,
        0,
        0.467,
        -1,
        0,
        1,
        2,
        0,
        1.833,
        -1,
        0,
        2.833,
        2,
        1,
        3.111,
        2,
        3.389,
        -7.514,
        3.667,
        -8,
        1,
        4.222,
        -8.972,
        4.778,
        -9,
        5.333,
        -9,
        2,
        5.933,
        -9,
        0,
        7,
        0
      ]
    },
    {
      "Target": "Parameter",
      "Id": "ParamBodyAngleZ",
      "Segments": [
        0,
        0.346,
        0,
        0.5,
        1,
        0,
        1.167,
        -1,
        0,
        2,
        1,
        1,
        2.333,
        1,
        2.667,
        0.12,
        3,
        -2,
        1,
        3.078,
        -2.495,
        3.155,
        -3,
        3.233,
        -3,
        0,
        3.833,
        1,
        0,
        4.667,
        -2,
        1,
        4.945,
        -2,
        5.222,
        0.512,
        5.5,
        2,
        1,
        5.7,
        3.071,
        5.9,
        3,
        6.1,
        3,
        0,
        7,
        0.346
      ]
    },
    {
      "Target": "Parameter",
      "Id": "ParamBodyAngleZ2",
      "Segments": [
        0,
        -0.688,
        0,
        0.5,
        -3,
        0,
        1.167,
        5,
        0,
        2,
        -1,
        0,
        3,
        7,
        0,
        3.833,
        -10,
        2,
        5.5,
        -10,
        2,
        6.1,
        -10,
        0,
        7,
        -0.688
      ]
    },
    {
      "Target": "Parameter",
      "Id": "ParamEyeLOpen",
      "Segments": [
        0,
        1,
        2,
        0.5,
        1,
        0,
        0.667,
        0,
        0,
        0.833,
        1,
        2,
        3.167,
        1,
        0,
        3.333,
        0,
        0,
        3.5,
        1,
        2,
        4.667,
        1,
        1,
        4.8,
        1,
        4.934,
        0.993,
        5.067,
        0.9,
        1,
        5.122,
        0.861,
        5.178,
        0,
        5.233,
        0,
        0,
        5.4,
        0.9,
        2,
        6.333,
        0.9,
        0,
        7,
        1
      ]
    },
    {
      "Target": "Parameter",
      "Id": "ParamEyeROpen",
      "Segments": [
        0,
        1,
        2,
        0.5,
        1,
        0,
        0.667,
        0,
        0,
        0.833,
        1,
        2,
        3.167,
        1,
        0,
        3.333,
        0,
        0,
        3.5,
        1,
        2,
        4.667,
        1,
        1,
        4.8,
        1,
        4.934,
        0.993,
        5.067,
        0.9,
        1,
        5.122,
        0.861,
        5.178,
        0,
        5.233,
        0,
        0,
        5.4,
        0.9,
        2,
        6.333,
        0.9,
        0,
        7,
        1
      ]
    },
    {
      "Target": "Parameter",
      "Id": "ParamEyeBallY",
      "Segments": [
        0,
        0,
        0,
        1,
        0.5,
        2,
        3.233,
        0.5,
        0,
        4.167,
        0,
        2,
        7,
        0
      ]
    },
    {
      "Target": "Parameter",
      "Id": "ParamBrowLY",
      "Segments": [
        0,
        0,
        2,
        0.5,
        0,
        0,
        0.667,
        -0.3,
        0,
        0.833,
        0,
        2,
        3.167,
        0,
        0,
        3.333,
        -0.3,
        0,
        3.5,
        0,
        2,
        5.067,
        0,
        0,
        5.233,
        -0.3,
        0,
        5.4,
        0,
        2,
        7,
        0
      ]
    },
    {
      "Target": "Parameter",
      "Id": "ParamBrowRY",
      "Segments": [
        0,
        0,
        2,
        0.5,
        0,
        0,
        0.667,
        -0.3,
        0,
        0.833,
        0,
        2,
        3.167,
        0,
        0,
        3.333,
        -0.3,
        0,
        3.5,
        0,
        2,
        5.067,
        0,
        0,
        5.233,
        -0.3,
        0,
        5.4,
        0,
        2,
        7,
        0
      ]
    },
    {
      "Target": "Parameter",
      "Id": "ParamMouthOpenY",
      "Segments": [
        0,
        0,
        2,
        0.167,
        0,
        0,
        0.3,
        0.5,
        0,
        0.433,
        0,
        0,
        0.567,
        0.5,
        0,
        0.7,
        0,
        2,
        1.233,
        0,
        0,
        1.4,
        0.5,
        0,
        1.567,
        0,
        0,
        1.733,
        0.5,
        0,
        1.9,
        0,
        0,
        2.067,
        0.5,
        0,
        2.233,
        0,
        0,
        2.333,
        0.5,
        0,
        2.433,
        0,
        0,
        2.533,
        0.5,
        0,
        2.633,
        0,
        0,
        2.733,
        0.5,
        0,
        2.833,
        0,
        2,
        3.667,
        0,
        0,
        3.833,
        0.5,
        0,
        4,
        0,
        0,
        4.167,
        0.5,
        0,
        4.333,
        0,
        0,
        4.5,
        0.5,
        0,
        4.667,
        0,
        0,
        4.767,
        0.5,
        0,
        4.867,
        0,
        0,
        4.967,
        0.5,
        0,
        5.067,
        0,
        0,
        5.167,
        0.5,
        0,
        5.333,
        0,
        0,
        5.5,
        0.5,
        0,
        5.667,
        0,
        2,
        7,
        0
      ]
    },
    {
      "Target": "Parameter",
      "Id": "Param37",
      "Segments": [
        0,
        -0.428,
        0,
        0.333,
        -19.96,
        0,
        1.067,
        -15.7,
        0,
        3.167,
        -17.32,
        0,
        3.833,
        -10,
        2,
        5.8,
        -10,
        0,
        6.333,
        7,
        1,
        6.555,
        7,
        6.778,
        -0.118,
        7,
        -0.428
      ]
    },
    {
      "Target": "Parameter",
      "Id": "Param53",
      "Segments": [
        0,
        0,
        1,
        0.167,
        0,
        0.333,
        3.478,
        0.5,
        5,
        1,
        0.667,
        6.522,
        0.833,
        7.686,
        1,
        8,
        1,
        1.778,
        9.467,
        2.555,
        9.92,
        3.333,
        9.92,
        0,
        3.833,
        8,
        2,
        5.8,
        8,
        0,
        6.333,
        0,
        2,
        7,
        0
      ]
    },
    {
      "Target": "Parameter",
      "Id": "Param43",
      "Segments": [
        0,
        0.001,
        0,
        0.667,
        -25,
        0,
        1.167,
        -20.02,
        0,
        1.5,
        -22,
        0,
        3.333,
        -20.5,
        0,
        4,
        -22,
        2,
        5.967,
        -22,
        0,
        6.5,
        0.001,
        2,
        7,
        0.001
      ]
    },
    {
      "Target": "Parameter",
      "Id": "Param44",
      "Segments": [
        0,
        -0.428,
        0,
        0.833,
        -17,
        0,
        1.667,
        0,
        2,
        3.5,
        0,
        0,
        4.167,
        -10,
        2,
        6.133,
        -10,
        0,
        6.667,
        -0.143,
        0,
        7,
        -0.428
      ]
    },
    {
      "Target": "Parameter",
      "Id": "Param50",
      "Segments": [
        0,
        0,
        2,
        1,
        0,
        0,
        1.333,
        -30,
        2,
        3.5,
        -30,
        2,
        6.133,
        -30,
        0,
        6.667,
        0,
        2,
        7,
        0
      ]
    },
    {
      "Target": "Parameter",
      "Id": "Param48",
      "Segments": [
        0,
        0,
        2,
        0.167,
        0,
        2,
        0.233,
        1,
        2,
        6.067,
        1,
        2,
        6.133,
        0,
        2,
        7,
        0
      ]
    },
    {
      "Target": "Parameter",
      "Id": "Param49",
      "Segments": [
        0,
        0,
        2,
        0.167,
        0,
        2,
        0.233,
        1,
        2,
        6.067,
        1,
        2,
        6.133,
        0,
        2,
        7,
        0
      ]
    },
    {
      "Target": "Parameter",
      "Id": "Param4",
      "Segments": [
        0,
        -0.483,
        0,
        0.833,
        0,
        0,
        1.167,
        -5,
        0,
        1.833,
        1,
        2,
        5.5,
        1,
        1,
        6,
        1,
        6.5,
        0.196,
        7,
        -0.483
      ]
    },
    {
      "Target": "Parameter",
      "Id": "Param64",
      "Segments": [
        0,
        0,
        2,
        0.833,
        0,
        0,
        1.833,
        9,
        2,
        5.5,
        9,
        0,
        7,
        0
      ]
    },
    {
      "Target": "Parameter",
      "Id": "Param11",
      "Segments": [
        0,
        0.346,
        1,
        0.333,
        0.346,
        0.667,
        0.305,
        1,
        0,
        1,
        1.111,
        -0.102,
        1.222,
        -9,
        1.333,
        -9,
        0,
        2,
        16,
        0,
        2.833,
        15,
        0,
        3.5,
        16,
        0,
        4.167,
        15,
        0,
        4.833,
        16,
        0,
        5.667,
        15,
        0,
        6,
        18,
        0,
        7,
        0.346
      ]
    },
    {
      "Target": "Parameter",
      "Id": "Param15",
      "Segments": [
        0,
        0.124,
        0,
        1.167,
        -11,
        0,
        2.167,
        30,
        0,
        3,
        20,
        0,
        3.667,
        30,
        0,
        4.333,
        1,
        0,
        5,
        29,
        2,
        5.833,
        29,
        2,
        6.167,
        29,
        0,
        7,
        0.124
      ]
    },
    {
      "Target": "Parameter",
      "Id": "Param42",
      "Segments": [
        0,
        -0.496,
        0,
        1.167,
        10,
        2,
        2.167,
        10,
        0,
        3,
        0,
        2,
        5.833,
        0,
        1,
        6.222,
        0,
        6.611,
        -0.031,
        7,
        -0.496
      ]
    },
    {
      "Target": "Parameter",
      "Id": "Param12",
      "Segments": [
        0,
        450,
        2,
        1.333,
        450,
        1,
        1.344,
        450,
        1.356,
        500,
        1.367,
        500,
        2,
        6.733,
        500,
        0,
        6.767,
        450,
        2,
        7,
        450
      ]
    },
    {
      "Target": "Parameter",
      "Id": "Param6",
      "Segments": [
        0,
        0,
        2,
        1.167,
        0,
        0,
        1.2,
        1,
        2,
        6.8,
        1,
        0,
        6.833,
        0,
        2,
        7,
        0
      ]
    },
    {
      "Target": "Parameter",
      "Id": "Param47",
      "Segments": [
        0,
        0,
        2,
        1.167,
        0,
        0,
        1.2,
        1,
        2,
        6.833,
        1,
        0,
        7,
        0
      ]
    },
    {
      "Target": "Parameter",
      "Id": "Param10",
      "Segments": [
        0,
        0,
        2,
        1.167,
        0,
        0,
        1.2,
        1,
        2,
        6.8,
        1,
        0,
        6.833,
        0,
        2,
        7,
        0
      ]
    },
    {
      "Target": "Parameter",
      "Id": "Param30",
      "Segments": [
        0,
        1.443,
        0,
        0.5,
        -10,
        0,
        1.167,
        -8,
        0,
        1.9,
        -10,
        0,
        2.633,
        -9,
        0,
        3.167,
        -10,
        0,
        3.667,
        -3,
        0,
        4.5,
        -10,
        0,
        5.467,
        -4,
        0,
        6.3,
        -7,
        0,
        7,
        1.443
      ]
    },
    {
      "Target": "Parameter",
      "Id": "Param18",
      "Segments": [
        0,
        1.704,
        0,
        0.667,
        -6,
        0,
        1.333,
        4,
        0,
        2.067,
        -2,
        0,
        2.8,
        0,
        2,
        3.333,
        0,
        0,
        3.833,
        7,
        0,
        4.767,
        -3,
        0,
        5.733,
        3,
        0,
        6.567,
        -3,
        0,
        7,
        1.704
      ]
    },
    {
      "Target": "Parameter",
      "Id": "Param26",
      "Segments": [
        0,
        3.96,
        0,
        0.667,
        -10,
        0,
        1.333,
        7,
        0,
        2.067,
        -4,
        0,
        2.8,
        2,
        0,
        3.333,
        0,
        0,
        3.833,
        10,
        0,
        4.667,
        -7,
        0,
        5.633,
        4,
        0,
        6.467,
        -2,
        0,
        7,
        3.96
      ]
    },
    {
      "Target": "Parameter",
      "Id": "Param31",
      "Segments": [
        0,
        6.898,
        0,
        0.833,
        -10,
        0,
        1.5,
        7,
        0,
        2.233,
        -4,
        0,
        2.967,
        2,
        0,
        3.5,
        0,
        0,
        4,
        10,
        0,
        4.933,
        -7,
        0,
        5.9,
        4,
        0,
        6.733,
        -2,
        0,
        7,
        6.898
      ]
    },
    {
      "Target": "Parameter",
      "Id": "Param24",
      "Segments": [
        0,
        3.699,
        0,
        0.867,
        -10,
        0,
        1.533,
        7,
        0,
        2.267,
        -4,
        0,
        3,
        2,
        0,
        3.533,
        0,
        0,
        4.033,
        10,
        0,
        4.867,
        -7,
        0,
        5.833,
        4,
        0,
        6.667,
        -2,
        0,
        7,
        3.699
      ]
    },
    {
      "Target": "Parameter",
      "Id": "Param32",
      "Segments": [
        0,
        6.955,
        0,
        1.033,
        -10,
        0,
        1.7,
        7,
        0,
        2.433,
        -4,
        0,
        3.167,
        2,
        0,
        3.7,
        0,
        0,
        4.2,
        10,
        0,
        5.033,
        -7,
        0,
        6,
        4,
        0,
        6.833,
        -2,
        1,
        6.889,
        -2,
        6.944,
        6.712,
        7,
        6.955
      ]
    },
    {
      "Target": "Parameter",
      "Id": "Param27",
      "Segments": [
        0,
        3.62,
        0,
        0.567,
        -10,
        0,
        1.233,
        7,
        0,
        1.967,
        -4,
        0,
        2.7,
        2,
        0,
        3.233,
        0,
        0,
        3.733,
        10,
        0,
        4.567,
        -7,
        0,
        5.533,
        4,
        0,
        6.367,
        -2,
        0,
        7,
        3.62
      ]
    },
    {
      "Target": "Parameter",
      "Id": "Param33",
      "Segments": [
        0,
        6.723,
        0,
        0.733,
        -10,
        0,
        1.4,
        7,
        0,
        2.133,
        -4,
        0,
        2.867,
        2,
        0,
        3.4,
        0,
        0,
        3.9,
        10,
        0,
        4.833,
        -7,
        0,
        5.8,
        4,
        0,
        6.633,
        -2,
        0,
        7,
        6.723
      ]
    },
    {
      "Target": "Parameter",
      "Id": "Param103",
      "Segments": [
        0,
        0.497,
        0,
        0.433,
        -10,
        0,
        1.1,
        7,
        0,
        1.833,
        -4,
        0,
        2.567,
        2,
        0,
        3.1,
        0,
        0,
        3.6,
        10,
        0,
        4.433,
        -7,
        0,
        5.4,
        4,
        0,
        6.233,
        -2,
        0,
        7,
        0.497
      ]
    },
    {
      "Target": "Parameter",
      "Id": "Param104",
      "Segments": [
        0,
        3.779,
        0,
        0.6,
        -10,
        0,
        1.267,
        7,
        0,
        2,
        -4,
        0,
        2.733,
        2,
        0,
        3.267,
        0,
        0,
        3.767,
        10,
        0,
        4.7,
        -7,
        0,
        5.667,
        4,
        0,
        6.5,
        -2,
        0,
        7,
        3.779
      ]
    },
    {
      "Target": "Parameter",
      "Id": "Param105",
      "Segments": [
        0,
        4.873,
        0,
        0.8,
        -10,
        0,
        1.467,
        7,
        0,
        2.2,
        -4,
        0,
        2.933,
        2,
        0,
        3.467,
        0,
        0,
        3.967,
        10,
        0,
        4.8,
        -7,
        0,
        5.767,
        4,
        0,
        6.467,
        -2,
        0,
        7,
        4.873
      ]
    },
    {
      "Target": "Parameter",
      "Id": "Param106",
      "Segments": [
        0,
        6.688,
        0,
        0.967,
        -10,
        0,
        1.633,
        7,
        0,
        2.367,
        -4,
        0,
        3.1,
        2,
        0,
        3.633,
        0,
        0,
        4.133,
        10,
        0,
        5.067,
        -7,
        0,
        6.033,
        4,
        0,
        6.733,
        -2,
        1,
        6.822,
        -2,
        6.911,
        5.669,
        7,
        6.688
      ]
    },
    {
      "Target": "Parameter",
      "Id": "Param22",
      "Segments": [
        0,
        4.393,
        0,
        0.667,
        -10,
        0,
        1.333,
        7,
        0,
        2.067,
        -4,
        0,
        2.8,
        2,
        0,
        3.333,
        0,
        0,
        3.833,
        10,
        0,
        4.667,
        -7,
        0,
        5.633,
        4,
        0,
        6.467,
        -2,
        0,
        7,
        4.393
      ]
    },
    {
      "Target": "Parameter",
      "Id": "Param34",
      "Segments": [
        0,
        7,
        0,
        0.833,
        -10,
        0,
        1.5,
        7,
        0,
        2.233,
        -4,
        0,
        2.967,
        2,
        0,
        3.5,
        0,
        0,
        4,
        10,
        0,
        5.1,
        -7,
        0,
        6.067,
        4,
        0,
        6.733,
        -2,
        0,
        7,
        7
      ]
    },
    {
      "Target": "Parameter",
      "Id": "Param28",
      "Segments": [
        0,
        3.898,
        0,
        0.867,
        -10,
        0,
        1.533,
        7,
        0,
        2.267,
        -4,
        0,
        3,
        2,
        0,
        3.533,
        0,
        0,
        4.033,
        10,
        0,
        4.867,
        -7,
        0,
        5.833,
        4,
        0,
        6.667,
        -2,
        0,
        7,
        3.898
      ]
    },
    {
      "Target": "Parameter",
      "Id": "Param35",
      "Segments": [
        0,
        6.723,
        0,
        1.033,
        -10,
        0,
        1.7,
        7,
        0,
        2.433,
        -4,
        0,
        3.167,
        2,
        0,
        3.7,
        0,
        0,
        4.2,
        10,
        0,
        5.133,
        -7,
        0,
        6.1,
        4,
        0,
        6.833,
        -2,
        1,
        6.889,
        -2,
        6.944,
        6.256,
        7,
        6.723
      ]
    },
    {
      "Target": "Parameter",
      "Id": "Param25",
      "Segments": [
        0,
        0,
        0,
        0.667,
        -10,
        0,
        1.333,
        7,
        0,
        2.067,
        -4,
        0,
        2.8,
        2,
        0,
        3.333,
        -1,
        0,
        3.833,
        10,
        0,
        4.667,
        -7,
        0,
        5.5,
        4,
        0,
        6.167,
        -2,
        0,
        7,
        0
      ]
    },
    {
      "Target": "Parameter",
      "Id": "Param36",
      "Segments": [
        0,
        0,
        0,
        0.833,
        -10,
        0,
        1.5,
        7,
        0,
        2.233,
        -4,
        0,
        2.967,
        2,
        0,
        3.5,
        -1,
        0,
        4,
        10,
        0,
        4.933,
        -7,
        0,
        5.767,
        4,
        0,
        6.433,
        -2,
        0,
        7,
        0
      ]
    },
    {
      "Target": "Parameter",
      "Id": "Param29",
      "Segments": [
        0,
        0,
        0,
        1,
        -10,
        0,
        1.667,
        7,
        0,
        2.4,
        -4,
        0,
        3.133,
        2,
        0,
        3.667,
        -2,
        0,
        4.167,
        10,
        0,
        5.2,
        -7,
        0,
        6.033,
        4,
        0,
        6.667,
        -2,
        0,
        7,
        0
      ]
    },
    {
      "Target": "Parameter",
      "Id": "Param19",
      "Segments": [
        0,
        -1.399,
        0,
        1,
        3,
        0,
        2,
        -2.821,
        0,
        3,
        3,
        0,
        4,
        -2.821,
        0,
        5,
        3,
        0,
        6,
        -2.821,
        1,
        6.333,
        -2.821,
        6.667,
        -2.713,
        7,
        -1.399
      ]
    },
    {
      "Target": "Parameter",
      "Id": "Param102",
      "Segments": [
        0,
        1.299,
        0,
        0.6,
        -1.014,
        0,
        1.467,
        3,
        0,
        2.467,
        -2.821,
        0,
        3.467,
        3,
        0,
        4.467,
        -2.821,
        0,
        5.467,
        3,
        0,
        6.467,
        -2.821,
        1,
        6.645,
        -2.821,
        6.822,
        0.192,
        7,
        1.299
      ]
    },
    {
      "Target": "Parameter",
      "Id": "Param17",
      "Segments": [
        0,
        -2.062,
        0,
        0.667,
        -3,
        0,
        1.667,
        3,
        0,
        2.767,
        -3,
        0,
        3.767,
        3,
        0,
        4.867,
        -3,
        0,
        5.867,
        3,
        1,
        6.245,
        3,
        6.622,
        0.664,
        7,
        -2.062
      ]
    },
    {
      "Target": "Parameter",
      "Id": "Param20",
      "Segments": [
        0,
        0.994,
        0,
        0.967,
        -5,
        0,
        1.967,
        5,
        0,
        3.067,
        -5,
        0,
        4.067,
        5,
        0,
        5.167,
        -5,
        0,
        6.167,
        5,
        1,
        6.445,
        5,
        6.722,
        4.152,
        7,
        0.994
      ]
    },
    {
      "Target": "Parameter",
      "Id": "Param16",
      "Segments": [
        0,
        1.443,
        0,
        0.733,
        3,
        0,
        1.733,
        -3,
        0,
        2.833,
        3,
        0,
        3.833,
        -3,
        0,
        4.933,
        3,
        0,
        5.933,
        -3,
        1,
        6.289,
        -3,
        6.644,
        -1.23,
        7,
        1.443
      ]
    },
    {
      "Target": "Parameter",
      "Id": "Param21",
      "Segments": [
        0,
        -2.181,
        0,
        1.067,
        5,
        0,
        2.067,
        -5,
        0,
        3.167,
        5,
        0,
        4.167,
        -5,
        0,
        5.267,
        5,
        0,
        6.267,
        -5,
        1,
        6.511,
        -5,
        6.756,
        -4.74,
        7,
        -2.181
      ]
    },
    {
      "Target": "Parameter",
      "Id": "Param61",
      "Segments": [
        0,
        -4.261,
        0,
        0.333,
        8,
        0,
        0.833,
        -6,
        0,
        1.5,
        4,
        0,
        2.333,
        -2,
        0,
        3.167,
        1,
        0,
        3.667,
        -6,
        0,
        4.167,
        5,
        0,
        4.833,
        -4,
        0,
        5.5,
        3,
        1,
        5.722,
        3,
        5.945,
        -1.057,
        6.167,
        -2,
        1,
        6.445,
        -3.178,
        6.722,
        -3.401,
        7,
        -4.261
      ]
    },
    {
      "Target": "Parameter",
      "Id": "Param78",
      "Segments": [
        0,
        -3.438,
        0,
        0.433,
        8,
        0,
        0.933,
        -6,
        0,
        1.6,
        4,
        0,
        2.433,
        -2,
        0,
        3.267,
        1,
        0,
        3.767,
        -6,
        0,
        4.267,
        5,
        0,
        4.933,
        -4,
        0,
        5.6,
        3,
        1,
        5.822,
        3,
        6.045,
        -1.261,
        6.267,
        -2,
        1,
        6.511,
        -2.813,
        6.756,
        -2.787,
        7,
        -3.438
      ]
    },
    {
      "Target": "Parameter",
      "Id": "Param65",
      "Segments": [
        0,
        0.994,
        0,
        0.667,
        8,
        0,
        1.233,
        -6,
        0,
        2,
        4,
        0,
        2.867,
        -2,
        0,
        3.533,
        1,
        0,
        4.033,
        -6,
        0,
        4.6,
        5,
        0,
        5.267,
        -4,
        0,
        5.933,
        3,
        0,
        6.633,
        -2,
        0,
        7,
        0.994
      ]
    },
    {
      "Target": "Parameter",
      "Id": "Param79",
      "Segments": [
        0,
        -2.405,
        0,
        0.567,
        8,
        0,
        1.067,
        -6,
        0,
        1.733,
        4,
        0,
        2.567,
        -2,
        0,
        3.4,
        1,
        0,
        3.9,
        -6,
        0,
        4.4,
        5,
        0,
        5.067,
        -4,
        0,
        5.733,
        3,
        1,
        5.955,
        3,
        6.178,
        -1.699,
        6.4,
        -2,
        1,
        6.6,
        -2.271,
        6.8,
        -2.171,
        7,
        -2.405
      ]
    },
    {
      "Target": "Parameter",
      "Id": "Param70",
      "Segments": [
        0,
        2.181,
        0,
        0.8,
        8,
        0,
        1.367,
        -6,
        0,
        2.133,
        4,
        0,
        3,
        -2,
        0,
        3.667,
        1,
        0,
        4.167,
        -6,
        0,
        4.733,
        5,
        0,
        5.4,
        -4,
        0,
        6.067,
        3,
        0,
        6.767,
        -2,
        0,
        7,
        2.181
      ]
    },
    {
      "Target": "Parameter",
      "Id": "Param80",
      "Segments": [
        0,
        -1.241,
        0,
        0.433,
        8,
        0,
        0.933,
        -6,
        0,
        1.6,
        4,
        0,
        2.433,
        -2,
        0,
        3.267,
        1,
        0,
        3.767,
        -6,
        0,
        4.267,
        5,
        0,
        4.933,
        -4,
        0,
        5.6,
        3,
        0,
        6.267,
        -2,
        0,
        7,
        -1.241
      ]
    },
    {
      "Target": "Parameter",
      "Id": "Param63",
      "Segments": [
        0,
        3.247,
        0,
        0.667,
        8,
        0,
        1.233,
        -6,
        0,
        2,
        4,
        0,
        2.867,
        -2,
        0,
        3.533,
        1,
        0,
        4.033,
        -6,
        0,
        4.6,
        5,
        0,
        5.267,
        -4,
        0,
        5.933,
        3,
        0,
        6.633,
        -2,
        0,
        7,
        3.247
      ]
    },
    {
      "Target": "Parameter",
      "Id": "Param77",
      "Segments": [
        0,
        0,
        0,
        0.567,
        8,
        0,
        1.067,
        -6,
        0,
        1.733,
        4,
        0,
        2.567,
        -2,
        0,
        3.4,
        1,
        0,
        3.9,
        -6,
        0,
        4.4,
        5,
        0,
        5.067,
        -4,
        0,
        5.733,
        3,
        0,
        6.4,
        -2,
        0,
        7,
        0
      ]
    },
    {
      "Target": "Parameter",
      "Id": "Param69",
      "Segments": [
        0,
        4.115,
        0,
        0.8,
        8,
        0,
        1.367,
        -6,
        0,
        2.133,
        4,
        0,
        3,
        -2,
        0,
        3.667,
        1,
        0,
        4.167,
        -6,
        0,
        4.733,
        5,
        0,
        5.4,
        -4,
        0,
        6.067,
        3,
        0,
        6.767,
        -2,
        0,
        7,
        4.115
      ]
    },
    {
      "Target": "Parameter",
      "Id": "Param81",
      "Segments": [
        0,
        -3.048,
        0,
        0.5,
        8,
        0,
        1,
        -6,
        0,
        1.667,
        4,
        0,
        2.5,
        -2,
        0,
        3.333,
        1,
        0,
        3.833,
        -6,
        0,
        4.333,
        5,
        0,
        5,
        -4,
        0,
        5.667,
        3,
        1,
        5.889,
        3,
        6.111,
        -1.371,
        6.333,
        -2,
        1,
        6.555,
        -2.629,
        6.778,
        -2.531,
        7,
        -3.048
      ]
    },
    {
      "Target": "Parameter",
      "Id": "Param71",
      "Segments": [
        0,
        1.481,
        0,
        0.733,
        8,
        0,
        1.3,
        -6,
        0,
        2.067,
        4,
        0,
        2.933,
        -2,
        0,
        3.6,
        1,
        0,
        4.1,
        -6,
        0,
        4.667,
        5,
        0,
        5.333,
        -4,
        0,
        6,
        3,
        0,
        6.7,
        -2,
        0,
        7,
        1.481
      ]
    },
    {
      "Target": "Parameter",
      "Id": "Param82",
      "Segments": [
        0,
        -1.719,
        0,
        0.633,
        8,
        0,
        1.133,
        -6,
        0,
        1.8,
        4,
        0,
        2.633,
        -2,
        0,
        3.467,
        1,
        0,
        3.967,
        -6,
        0,
        4.467,
        5,
        0,
        5.133,
        -4,
        0,
        5.8,
        3,
        0,
        6.467,
        -2,
        0,
        7,
        -1.719
      ]
    },
    {
      "Target": "Parameter",
      "Id": "Param66",
      "Segments": [
        0,
        2.839,
        0,
        0.867,
        8,
        0,
        1.433,
        -6,
        0,
        2.2,
        4,
        0,
        3.067,
        -2,
        0,
        3.733,
        1,
        0,
        4.233,
        -6,
        0,
        4.8,
        5,
        0,
        5.467,
        -4,
        0,
        6.133,
        3,
        0,
        6.833,
        -2,
        0,
        7,
        2.839
      ]
    },
    {
      "Target": "Parameter",
      "Id": "Param83",
      "Segments": [
        0,
        -4.261,
        0,
        0.5,
        -8,
        0,
        1,
        6,
        0,
        1.667,
        -4,
        0,
        2.5,
        2,
        1,
        2.778,
        2,
        3.055,
        1.803,
        3.333,
        -1,
        1,
        3.5,
        -2.682,
        3.666,
        -10,
        3.833,
        -10,
        0,
        4.333,
        7,
        0,
        5,
        -5,
        0,
        5.667,
        3,
        1,
        5.889,
        3,
        6.111,
        0.539,
        6.333,
        -1,
        1,
        6.555,
        -2.539,
        6.778,
        -3.136,
        7,
        -4.261
      ]
    },
    {
      "Target": "Parameter",
      "Id": "Param72",
      "Segments": [
        0,
        -2.405,
        0,
        0.667,
        -9,
        0,
        1.3,
        7,
        0,
        2,
        -5,
        0,
        2.933,
        3,
        1,
        3.111,
        3,
        3.289,
        2.079,
        3.467,
        -2,
        1,
        3.645,
        -6.079,
        3.822,
        -10,
        4,
        -10,
        0,
        4.6,
        8,
        0,
        5.3,
        -6,
        0,
        5.9,
        4,
        1,
        6.122,
        4,
        6.345,
        0.361,
        6.567,
        -1,
        1,
        6.711,
        -1.885,
        6.856,
        -1.666,
        7,
        -2.405
      ]
    },
    {
      "Target": "Parameter",
      "Id": "Param84",
      "Segments": [
        0,
        0,
        0,
        0.9,
        -10,
        0,
        1.567,
        8,
        0,
        2.267,
        -6,
        0,
        3.2,
        4,
        1,
        3.333,
        4,
        3.467,
        0.737,
        3.6,
        -3,
        1,
        3.789,
        -8.294,
        3.978,
        -10,
        4.167,
        -10,
        0,
        4.867,
        9,
        0,
        5.567,
        -7,
        0,
        6.067,
        5,
        0,
        6.767,
        -1,
        0,
        7,
        0
      ]
    },
    {
      "Target": "Parameter",
      "Id": "Param93",
      "Segments": [
        0,
        -3.048,
        0,
        0.667,
        -8,
        0,
        1.167,
        6,
        0,
        1.833,
        -4,
        0,
        2.667,
        2,
        1,
        2.934,
        2,
        3.2,
        1.849,
        3.467,
        -1,
        1,
        3.645,
        -2.899,
        3.822,
        -10,
        4,
        -10,
        0,
        4.5,
        7,
        0,
        5.167,
        -5,
        0,
        5.833,
        3,
        1,
        6.033,
        3,
        6.233,
        0.15,
        6.433,
        -1,
        1,
        6.622,
        -2.086,
        6.811,
        -2.128,
        7,
        -3.048
      ]
    },
    {
      "Target": "Parameter",
      "Id": "Param94",
      "Segments": [
        0,
        -0.748,
        0,
        0.833,
        -9,
        0,
        1.467,
        7,
        0,
        2.167,
        -5,
        0,
        3.1,
        3,
        1,
        3.267,
        3,
        3.433,
        1.932,
        3.6,
        -2,
        1,
        3.789,
        -6.456,
        3.978,
        -10,
        4.167,
        -10,
        0,
        4.767,
        8,
        0,
        5.467,
        -6,
        0,
        6.067,
        4,
        0,
        6.6,
        -1,
        0,
        7,
        -0.748
      ]
    },
    {
      "Target": "Parameter",
      "Id": "Param95",
      "Segments": [
        0,
        1.719,
        0,
        1.067,
        -10,
        0,
        1.733,
        8,
        0,
        2.433,
        -6,
        0,
        3.367,
        4,
        1,
        3.478,
        4,
        3.589,
        -0.093,
        3.7,
        -3,
        1,
        3.911,
        -8.522,
        4.122,
        -10,
        4.333,
        -10,
        0,
        5.033,
        9,
        0,
        5.733,
        -7,
        0,
        6.233,
        5,
        0,
        6.767,
        -1,
        0,
        7,
        1.719
      ]
    },
    {
      "Target": "Parameter",
      "Id": "Param96",
      "Segments": [
        0,
        0.994,
        0,
        0.833,
        -8,
        0,
        1.333,
        6,
        0,
        2,
        -4,
        0,
        2.833,
        2,
        1,
        3.089,
        2,
        3.344,
        1.888,
        3.6,
        -1,
        1,
        3.789,
        -3.135,
        3.978,
        -10,
        4.167,
        -10,
        0,
        4.667,
        7,
        0,
        5.333,
        -5,
        0,
        6,
        3,
        0,
        6.5,
        -1,
        0,
        7,
        0.994
      ]
    },
    {
      "Target": "Parameter",
      "Id": "Param97",
      "Segments": [
        0,
        3.247,
        0,
        1,
        -9,
        0,
        1.633,
        7,
        0,
        2.333,
        -5,
        0,
        3.267,
        3,
        1,
        3.411,
        3,
        3.556,
        1.513,
        3.7,
        -2,
        1,
        3.911,
        -7.135,
        4.122,
        -10,
        4.333,
        -10,
        0,
        4.933,
        8,
        0,
        5.633,
        -6,
        0,
        6.167,
        4,
        0,
        6.633,
        -1,
        0,
        7,
        3.247
      ]
    },
    {
      "Target": "Parameter",
      "Id": "Param98",
      "Segments": [
        0,
        4.719,
        0,
        1.233,
        -10,
        0,
        1.9,
        8,
        0,
        2.6,
        -6,
        0,
        3.533,
        4,
        1,
        3.633,
        4,
        3.733,
        -0.501,
        3.833,
        -3,
        1,
        4.055,
        -8.554,
        4.278,
        -10,
        4.5,
        -10,
        0,
        5.2,
        9,
        0,
        5.833,
        -7,
        0,
        6.333,
        5,
        0,
        6.8,
        -1,
        0,
        7,
        4.719
      ]
    },
    {
      "Target": "Parameter",
      "Id": "Param62",
      "Segments": [
        0,
        -4.261,
        0,
        0.6,
        8,
        0,
        1.1,
        -6,
        0,
        1.767,
        4,
        0,
        2.6,
        -2,
        0,
        3.433,
        1,
        0,
        3.933,
        -6,
        0,
        4.433,
        5,
        0,
        5.1,
        -4,
        0,
        5.767,
        3,
        1,
        5.989,
        3,
        6.211,
        -0.541,
        6.433,
        -2,
        1,
        6.622,
        -3.24,
        6.811,
        -3.433,
        7,
        -4.261
      ]
    },
    {
      "Target": "Parameter",
      "Id": "Param85",
      "Segments": [
        0,
        0,
        0,
        0.833,
        8,
        0,
        1.4,
        -6,
        0,
        2.167,
        4,
        0,
        3.033,
        -2,
        0,
        3.7,
        1,
        0,
        4.2,
        -6,
        0,
        4.767,
        5,
        0,
        5.433,
        -4,
        0,
        6.1,
        3,
        0,
        7,
        0
      ]
    },
    {
      "Target": "Parameter",
      "Id": "Param73",
      "Segments": [
        0,
        -3.247,
        0,
        0.5,
        8,
        0,
        1,
        -6,
        0,
        1.667,
        4,
        0,
        2.5,
        -2,
        0,
        3.333,
        1,
        0,
        3.833,
        -6,
        0,
        4.333,
        5,
        0,
        5,
        -4,
        0,
        5.667,
        3,
        1,
        5.889,
        3,
        6.111,
        -1.265,
        6.333,
        -2,
        1,
        6.555,
        -2.735,
        6.778,
        -2.658,
        7,
        -3.247
      ]
    },
    {
      "Target": "Parameter",
      "Id": "Param86",
      "Segments": [
        0,
        1.481,
        0,
        0.733,
        8,
        0,
        1.3,
        -6,
        0,
        2.067,
        4,
        0,
        2.933,
        -2,
        0,
        3.6,
        1,
        0,
        4.1,
        -6,
        0,
        4.667,
        5,
        0,
        5.333,
        -4,
        0,
        6,
        3,
        1,
        6.333,
        3,
        6.667,
        3.089,
        7,
        1.481
      ]
    },
    {
      "Target": "Parameter",
      "Id": "Param67",
      "Segments": [
        0,
        -0.249,
        0,
        0.667,
        10,
        0,
        1.167,
        -8,
        0,
        1.833,
        6,
        0,
        2.667,
        -4,
        0,
        3.5,
        2,
        0,
        4,
        -8,
        0,
        4.5,
        6,
        0,
        5.167,
        -4,
        0,
        5.833,
        3,
        0,
        6.5,
        -2,
        0,
        7,
        -0.249
      ]
    },
    {
      "Target": "Parameter",
      "Id": "Param87",
      "Segments": [
        0,
        3.247,
        0,
        0.9,
        10,
        0,
        1.467,
        -8,
        0,
        2.233,
        6,
        0,
        3.1,
        -4,
        0,
        3.767,
        2,
        0,
        4.267,
        -8,
        0,
        4.833,
        6,
        0,
        5.5,
        -4,
        0,
        6.167,
        3,
        0,
        6.6,
        -2.015,
        0,
        7,
        3.247
      ]
    },
    {
      "Target": "Parameter",
      "Id": "Param74",
      "Segments": [
        0,
        0,
        2,
        0.333,
        0,
        0,
        1,
        10,
        0,
        1.667,
        0,
        0,
        2.333,
        10,
        0,
        3,
        0,
        0,
        3.667,
        10,
        0,
        4.333,
        0,
        0,
        5,
        10,
        0,
        5.667,
        0,
        0,
        6.333,
        10,
        0,
        7,
        0
      ]
    },
    {
      "Target": "Parameter",
      "Id": "Param88",
      "Segments": [
        0,
        5,
        0,
        0.667,
        0,
        0,
        1.333,
        10,
        0,
        2,
        0,
        0,
        2.667,
        10,
        0,
        3.333,
        0,
        0,
        4,
        10,
        0,
        4.667,
        0,
        0,
        5.333,
        10,
        0,
        6,
        0,
        0,
        6.667,
        10,
        1,
        6.778,
        10,
        6.889,
        8.002,
        7,
        5
      ]
    },
    {
      "Target": "Parameter",
      "Id": "Param54",
      "Segments": [
        0,
        1.375,
        0,
        0.333,
        5,
        0,
        0.833,
        -4,
        0,
        1.333,
        2,
        0,
        1.833,
        0,
        2,
        2.8,
        0,
        0,
        3.167,
        6,
        0,
        3.6,
        -4,
        0,
        3.967,
        2,
        0,
        4.433,
        1.375,
        2,
        7,
        1.375
      ]
    },
    {
      "Target": "Parameter",
      "Id": "Param55",
      "Segments": [
        0,
        0,
        0,
        0.5,
        5,
        0,
        1,
        -4,
        0,
        1.5,
        2,
        0,
        2,
        0,
        2,
        2.967,
        0,
        0,
        3.333,
        6,
        0,
        3.767,
        -4,
        0,
        4.133,
        2,
        0,
        4.6,
        0,
        2,
        7,
        0
      ]
    },
    {
      "Target": "Parameter",
      "Id": "Param56",
      "Segments": [
        0,
        1.924,
        2,
        0.667,
        1.924,
        0,
        1.167,
        7,
        0,
        1.667,
        2,
        0,
        2.167,
        4,
        0,
        2.567,
        1.995,
        2,
        2.833,
        1.995,
        0,
        3.167,
        10,
        0,
        3.567,
        0,
        0,
        3.967,
        8,
        0,
        4.367,
        0,
        0,
        4.8,
        6,
        0,
        5.333,
        1.924,
        2,
        7,
        1.924
      ]
    },
    {
      "Target": "Parameter",
      "Id": "Param57",
      "Segments": [
        0,
        3.842,
        0,
        0.833,
        1.924,
        0,
        1.333,
        7,
        0,
        1.833,
        2,
        0,
        2.333,
        4,
        0,
        2.733,
        1.995,
        2,
        3,
        1.995,
        0,
        3.333,
        10,
        0,
        3.733,
        0,
        0,
        4.133,
        8,
        0,
        4.533,
        0,
        0,
        4.967,
        6,
        0,
        5.5,
        3.842,
        2,
        7,
        3.842
      ]
    },
    {
      "Target": "Parameter",
      "Id": "Param68",
      "Segments": [
        0,
        0,
        0,
        0.667,
        9.333,
        0,
        1.8,
        -6.333,
        0,
        2.7,
        10,
        1,
        2.944,
        10,
        3.189,
        -2.575,
        3.433,
        -6.333,
        1,
        3.666,
        -9.92,
        3.9,
        -9.667,
        4.133,
        -9.667,
        0,
        4.833,
        7.333,
        0,
        5.6,
        -7.333,
        0,
        7,
        0
      ]
    },
    {
      "Target": "Parameter",
      "Id": "Param75",
      "Segments": [
        0,
        5,
        0,
        0.9,
        10,
        0,
        2.033,
        -6,
        0,
        2.933,
        10,
        1,
        3.178,
        10,
        3.422,
        -2.253,
        3.667,
        -6,
        1,
        3.9,
        -9.576,
        4.134,
        -9.333,
        4.367,
        -9.333,
        0,
        5.067,
        7.667,
        0,
        5.833,
        -7,
        0,
        7,
        5
      ]
    },
    {
      "Target": "Parameter",
      "Id": "Param76",
      "Segments": [
        0,
        0,
        0,
        0.767,
        9.333,
        0,
        1.9,
        -6.333,
        0,
        2.8,
        10,
        1,
        3.044,
        10,
        3.289,
        -2.575,
        3.533,
        -6.333,
        1,
        3.766,
        -9.92,
        4,
        -9.667,
        4.233,
        -9.667,
        0,
        4.933,
        7.333,
        0,
        5.7,
        -7.333,
        1,
        6.133,
        -7.333,
        6.567,
        -5.188,
        7,
        0
      ]
    },
    {
      "Target": "Parameter",
      "Id": "Param89",
      "Segments": [
        0,
        -3,
        0,
        1,
        10,
        0,
        2.133,
        -6,
        0,
        3.033,
        10,
        1,
        3.278,
        10,
        3.522,
        -2.253,
        3.767,
        -6,
        1,
        4,
        -9.576,
        4.234,
        -9.333,
        4.467,
        -9.333,
        0,
        5.167,
        7.667,
        0,
        5.933,
        -7,
        1,
        6.289,
        -7,
        6.644,
        -5.667,
        7,
        -3
      ]
    },
    {
      "Target": "Parameter",
      "Id": "Param38",
      "Segments": [
        0,
        -1.924,
        0,
        0.8,
        5,
        0,
        1.3,
        -4,
        0,
        1.8,
        2,
        0,
        2.3,
        0,
        2,
        3.267,
        0,
        0,
        3.633,
        6,
        0,
        4.067,
        -4,
        0,
        4.433,
        2,
        1,
        4.589,
        2,
        4.744,
        1.639,
        4.9,
        1.375,
        1,
        5.6,
        0.186,
        6.3,
        -0.622,
        7,
        -1.924
      ]
    },
    {
      "Target": "Parameter",
      "Id": "Param39",
      "Segments": [
        0,
        1.924,
        0,
        0.967,
        5,
        0,
        1.467,
        -4,
        0,
        1.967,
        2,
        0,
        2.467,
        0,
        2,
        3.433,
        0,
        0,
        3.8,
        6,
        0,
        4.233,
        -4,
        0,
        4.6,
        2,
        0,
        5.067,
        0,
        0,
        7,
        1.924
      ]
    },
    {
      "Target": "Parameter",
      "Id": "Param40",
      "Segments": [
        0,
        -3.974,
        0,
        1.033,
        9,
        0,
        1.533,
        -8,
        0,
        2.033,
        6,
        0,
        2.533,
        -4,
        2,
        3.5,
        -4,
        0,
        3.867,
        10,
        0,
        4.3,
        -8,
        0,
        4.667,
        6,
        1,
        4.911,
        6,
        5.156,
        6.389,
        5.4,
        5.104,
        1,
        5.933,
        2.301,
        6.467,
        -3.974,
        7,
        -3.974
      ]
    },
    {
      "Target": "Parameter",
      "Id": "Param41",
      "Segments": [
        0,
        -2.274,
        0,
        1.2,
        9,
        0,
        1.7,
        -8,
        0,
        2.2,
        6,
        0,
        2.7,
        -4,
        2,
        3.667,
        -4,
        0,
        4.033,
        10,
        0,
        4.467,
        -8,
        0,
        4.833,
        6,
        1,
        5.066,
        6,
        5.3,
        4.179,
        5.533,
        3.134,
        1,
        6.022,
        0.945,
        6.511,
        -0.267,
        7,
        -2.274
      ]
    },
    {
      "Target": "Model",
      "Id": "Opacity",
      "Segments": [
        0,
        1,
        0,
        7,
        1
      ]
    },
    {
      "Target": "Parameter",
      "Id": "ParamBreath",
      "Segments": [
        0,
        0,
        0,
        7,
        0
      ]
    },
    {
      "Target": "Parameter",
      "Id": "ParamEyeLSmile",
      "Segments": [
        0,
        0,
        0,
        7,
        0
      ]
    },
    {
      "Target": "Parameter",
      "Id": "ParamEyeRSmile",
      "Segments": [
        0,
        0,
        0,
        7,
        0
      ]
    },
    {
      "Target": "Parameter",
      "Id": "ParamEyeBallX",
      "Segments": [
        0,
        0,
        0,
        7,
        0
      ]
    },
    {
      "Target": "Parameter",
      "Id": "ParamBrowLX",
      "Segments": [
        0,
        0,
        0,
        7,
        0
      ]
    },
    {
      "Target": "Parameter",
      "Id": "ParamBrowRX",
      "Segments": [
        0,
        0,
        0,
        7,
        0
      ]
    },
    {
      "Target": "Parameter",
      "Id": "ParamBrowLAngle",
      "Segments": [
        0,
        0,
        0,
        7,
        0
      ]
    },
    {
      "Target": "Parameter",
      "Id": "ParamBrowRAngle",
      "Segments": [
        0,
        0,
        0,
        7,
        0
      ]
    },
    {
      "Target": "Parameter",
      "Id": "ParamBrowLForm",
      "Segments": [
        0,
        0,
        0,
        7,
        0
      ]
    },
    {
      "Target": "Parameter",
      "Id": "ParamBrowRForm",
      "Segments": [
        0,
        0,
        0,
        7,
        0
      ]
    },
    {
      "Target": "Parameter",
      "Id": "ParamMouthForm",
      "Segments": [
        0,
        0,
        0,
        7,
        0
      ]
    },
    {
      "Target": "Parameter",
      "Id": "ParamMouthOpenY2",
      "Segments": [
        0,
        0,
        0,
        7,
        0
      ]
    },
    {
      "Target": "Parameter",
      "Id": "ParamCheek",
      "Segments": [
        0,
        0,
        0,
        7,
        0
      ]
    },
    {
      "Target": "Parameter",
      "Id": "Param92",
      "Segments": [
        0,
        0,
        0,
        7,
        0
      ]
    },
    {
      "Target": "Parameter",
      "Id": "Param99",
      "Segments": [
        0,
        0,
        0,
        7,
        0
      ]
    },
    {
      "Target": "Parameter",
      "Id": "Param51",
      "Segments": [
        0,
        0,
        0,
        7,
        0
      ]
    },
    {
      "Target": "Parameter",
      "Id": "Param52",
      "Segments": [
        0,
        0,
        0,
        7,
        0
      ]
    },
    {
      "Target": "Parameter",
      "Id": "Param58",
      "Segments": [
        0,
        0,
        0,
        7,
        0
      ]
    },
    {
      "Target": "Parameter",
      "Id": "Param23",
      "Segments": [
        0,
        0,
        0,
        7,
        0
      ]
    },
    {
      "Target": "Parameter",
      "Id": "Param59",
      "Segments": [
        0,
        0,
        0,
        7,
        0
      ]
    },
    {
      "Target": "Parameter",
      "Id": "Param60",
      "Segments": [
        0,
        0,
        0,
        7,
        0
      ]
    },
    {
      "Target": "Parameter",
      "Id": "Param91",
      "Segments": [
        0,
        0,
        0,
        7,
        0
      ]
    },
    {
      "Target": "Parameter",
      "Id": "Param90",
      "Segments": [
        0,
        0,
        0,
        7,
        0
      ]
    },
    {
      "Target": "Parameter",
      "Id": "Param45",
      "Segments": [
        0,
        0,
        0,
        7,
        0
      ]
    },
    {
      "Target": "Parameter",
      "Id": "Param5",
      "Segments": [
        0,
        0,
        0,
        7,
        0
      ]
    },
    {
      "Target": "Parameter",
      "Id": "Param8",
      "Segments": [
        0,
        0,
        0,
        7,
        0
      ]
    },
    {
      "Target": "Parameter",
      "Id": "Param7",
      "Segments": [
        0,
        0,
        0,
        7,
        0
      ]
    },
    {
      "Target": "Parameter",
      "Id": "Param13",
      "Segments": [
        0,
        0,
        0,
        7,
        0
      ]
    },
    {
      "Target": "Parameter",
      "Id": "Param14",
      "Segments": [
        0,
        0,
        0,
        7,
        0
      ]
    },
    {
      "Target": "Parameter",
      "Id": "Param46",
      "Segments": [
        0,
        0,
        0,
        7,
        0
      ]
    },
    {
      "Target": "Parameter",
      "Id": "Param",
      "Segments": [
        0,
        0,
        0,
        7,
        0
      ]
    },
    {
      "Target": "Parameter",
      "Id": "Param2",
      "Segments": [
        0,
        0,
        0,
        7,
        0
      ]
    },
    {
      "Target": "Parameter",
      "Id": "Param3",
      "Segments": [
        0,
        0,
        0,
        7,
        0
      ]
    },
    {
      "Target": "Parameter",
      "Id": "Param9",
      "Segments": [
        0,
        0,
        0,
        7,
        0
      ]
    }
  ],
  "UserData": [
    {
      "Time": 0.0,
      "Value": ""
    },
    {
      "Time": 0.17,
      "Value": "characterVoice_3_6"
    },
    {
      "Time": 1.17,
      "Value": "particle_FXPFXLive2dVee2_1"
    },
    {
      "Time": 1.53,
      "Value": "particle_FXPFXLive2dVee2_0\n"
    },
    {
      "Time": 6.83,
      "Value": "particle_FXPFXLive2dVee2_1"
    },
    {
      "Time": 6.97,
      "Value": "particle_FXPFXLive2dVee2_0"
    }
  ]
}