{
  "Version": 3,
  "Meta": {
    "Duration": 3.0,
    "Fps": 30.0,
    "Loop": true,
    "AreBeziersRestricted": true,
    "CurveCount": 134,
    "TotalSegmentCount": 326,
    "TotalPointCount": 658,
    "UserDataCount": 1,
    "TotalUserDataSize": 0
  },
  "Curves": [
    {
      "Target": "Parameter",
      "Id": "ParamAngleX",
      "Segments": [
        0,
        -3.408,
        1,
        0.089,
        -4.224,
        0.178,
        -4,
        0.267,
        -4,
        0,
        1.767,
        4,
        1,
        2.178,
        4,
        2.589,
        0.365,
        3,
        -3.408
      ]
    },
    {
      "Target": "Parameter",
      "Id": "ParamAngleY",
      "Segments": [
        0,
        1.489,
        1,
        0.3,
        -3.298,
        0.6,
        -6,
        0.9,
        -6,
        0,
        2.4,
        6,
        1,
        2.6,
        6,
        2.8,
        4.681,
        3,
        1.489
      ]
    },
    {
      "Target": "Parameter",
      "Id": "ParamAngleZ",
      "Segments": [
        0,
        -1.375,
        1,
        0.133,
        -2.025,
        0.267,
        -2,
        0.4,
        -2,
        0,
        1.9,
        2,
        1,
        2.267,
        2,
        2.633,
        0.414,
        3,
        -1.375
      ]
    },
    {
      "Target": "Parameter",
      "Id": "ParamBodyAngleX",
      "Segments": [
        0,
        -3,
        0,
        1.5,
        3,
        0,
        3,
        -3
      ]
    },
    {
      "Target": "Parameter",
      "Id": "ParamBodyAngleY2",
      "Segments": [
        0,
        0,
        1,
        0.256,
        -1.362,
        0.511,
        -2,
        0.767,
        -2,
        0,
        2.267,
        2,
        1,
        2.511,
        2,
        2.756,
        1.303,
        3,
        0
      ]
    },
    {
      "Target": "Parameter",
      "Id": "ParamBodyAngleZ",
      "Segments": [
        0,
        0.346,
        1,
        0.133,
        0.509,
        0.267,
        0.502,
        0.4,
        0.502,
        0,
        1.9,
        -0.499,
        1,
        2.267,
        -0.499,
        2.633,
        -0.102,
        3,
        0.346
      ]
    },
    {
      "Target": "Parameter",
      "Id": "ParamBodyAngleZ2",
      "Segments": [
        0,
        -0.688,
        1,
        0.133,
        -1.013,
        0.267,
        -1,
        0.4,
        -1,
        0,
        1.9,
        1,
        1,
        2.267,
        1,
        2.633,
        0.206,
        3,
        -0.688
      ]
    },
    {
      "Target": "Parameter",
      "Id": "ParamEyeLOpen",
      "Segments": [
        0,
        1,
        2,
        1.4,
        1,
        0,
        1.5,
        0,
        0,
        1.633,
        1,
        2,
        3,
        1
      ]
    },
    {
      "Target": "Parameter",
      "Id": "ParamEyeROpen",
      "Segments": [
        0,
        1,
        2,
        1.4,
        1,
        0,
        1.5,
        0,
        0,
        1.633,
        1,
        2,
        3,
        1
      ]
    },
    {
      "Target": "Parameter",
      "Id": "ParamBrowLY",
      "Segments": [
        0,
        0,
        2,
        1.4,
        0,
        0,
        1.5,
        -0.2,
        0,
        1.633,
        0,
        2,
        3,
        0
      ]
    },
    {
      "Target": "Parameter",
      "Id": "ParamBrowRY",
      "Segments": [
        0,
        0,
        2,
        1.4,
        0,
        0,
        1.5,
        -0.2,
        0,
        1.633,
        0,
        2,
        3,
        0
      ]
    },
    {
      "Target": "Parameter",
      "Id": "Param37",
      "Segments": [
        0,
        -0.428,
        1,
        0.167,
        -0.614,
        0.333,
        -0.584,
        0.5,
        -0.584,
        0,
        2,
        0.499,
        1,
        2.333,
        0.499,
        2.667,
        -0.055,
        3,
        -0.428
      ]
    },
    {
      "Target": "Parameter",
      "Id": "Param43",
      "Segments": [
        0,
        0.001,
        1,
        0.256,
        0.366,
        0.511,
        0.499,
        0.767,
        0.499,
        0,
        2.267,
        -0.584,
        1,
        2.511,
        -0.584,
        2.756,
        -0.348,
        3,
        0.001
      ]
    },
    {
      "Target": "Parameter",
      "Id": "Param44",
      "Segments": [
        0,
        -0.428,
        1,
        0.333,
        -0.055,
        0.667,
        0.499,
        1,
        0.499,
        0,
        2.5,
        -0.584,
        1,
        2.667,
        -0.584,
        2.833,
        -0.614,
        3,
        -0.428
      ]
    },
    {
      "Target": "Parameter",
      "Id": "Param4",
      "Segments": [
        0,
        -0.483,
        1,
        0.044,
        -0.531,
        0.089,
        -0.503,
        0.133,
        -0.503,
        0,
        1.633,
        0.502,
        1,
        2.089,
        0.502,
        2.544,
        0.008,
        3,
        -0.483
      ]
    },
    {
      "Target": "Parameter",
      "Id": "Param11",
      "Segments": [
        0,
        0.346,
        1,
        0.133,
        0.508,
        0.267,
        0.502,
        0.4,
        0.502,
        0,
        1.9,
        -0.495,
        1,
        2.267,
        -0.495,
        2.633,
        -0.1,
        3,
        0.346
      ]
    },
    {
      "Target": "Parameter",
      "Id": "Param15",
      "Segments": [
        0,
        0.124,
        1,
        0.211,
        0.404,
        0.422,
        0.502,
        0.633,
        0.502,
        0,
        2.133,
        -0.503,
        1,
        2.422,
        -0.503,
        2.711,
        -0.26,
        3,
        0.124
      ]
    },
    {
      "Target": "Parameter",
      "Id": "Param42",
      "Segments": [
        0,
        -0.496,
        1,
        0.211,
        -1.612,
        0.422,
        -2,
        0.633,
        -2,
        0,
        2.133,
        2,
        1,
        2.422,
        2,
        2.711,
        1.031,
        3,
        -0.496
      ]
    },
    {
      "Target": "Parameter",
      "Id": "Param30",
      "Segments": [
        0,
        1.443,
        1,
        0.333,
        -1.149,
        0.667,
        -3,
        1,
        -3,
        0,
        2.5,
        3,
        1,
        2.667,
        3,
        2.833,
        2.739,
        3,
        1.443
      ]
    },
    {
      "Target": "Parameter",
      "Id": "Param18",
      "Segments": [
        0,
        1.704,
        1,
        0.422,
        -0.347,
        0.845,
        -2,
        1.267,
        -2,
        0,
        2.767,
        2,
        1,
        2.845,
        2,
        2.922,
        2.082,
        3,
        1.704
      ]
    },
    {
      "Target": "Parameter",
      "Id": "Param26",
      "Segments": [
        0,
        3.96,
        1,
        0.4,
        -0.871,
        0.8,
        -5,
        1.2,
        -5,
        0,
        2.7,
        5,
        1,
        2.8,
        5,
        2.9,
        5.168,
        3,
        3.96
      ]
    },
    {
      "Target": "Parameter",
      "Id": "Param31",
      "Segments": [
        0,
        6.898,
        1,
        0.478,
        -0.485,
        0.955,
        -7,
        1.433,
        -7,
        0,
        2.933,
        7,
        1,
        2.955,
        7,
        2.978,
        7.241,
        3,
        6.898
      ]
    },
    {
      "Target": "Parameter",
      "Id": "Param24",
      "Segments": [
        0,
        3.699,
        1,
        0.444,
        -0.409,
        0.889,
        -4,
        1.333,
        -4,
        0,
        2.833,
        4,
        1,
        2.889,
        4,
        2.944,
        4.212,
        3,
        3.699
      ]
    },
    {
      "Target": "Parameter",
      "Id": "Param32",
      "Segments": [
        0,
        6.955,
        1,
        0.022,
        7.219,
        0.045,
        7,
        0.067,
        7,
        0,
        1.567,
        -7,
        1,
        2.045,
        -7,
        2.522,
        1.269,
        3,
        6.955
      ]
    },
    {
      "Target": "Parameter",
      "Id": "Param27",
      "Segments": [
        0,
        3.62,
        1,
        0.389,
        -1.259,
        0.778,
        -5,
        1.167,
        -5,
        0,
        2.667,
        5,
        1,
        2.778,
        5,
        2.889,
        5.014,
        3,
        3.62
      ]
    },
    {
      "Target": "Parameter",
      "Id": "Param33",
      "Segments": [
        0,
        6.723,
        1,
        0.467,
        -1.029,
        0.933,
        -7,
        1.4,
        -7,
        0,
        2.9,
        7,
        1,
        2.933,
        7,
        2.967,
        7.277,
        3,
        6.723
      ]
    },
    {
      "Target": "Parameter",
      "Id": "Param103",
      "Segments": [
        0,
        0.497,
        1,
        0.267,
        -3.055,
        0.533,
        -5,
        0.8,
        -5,
        0,
        2.3,
        5,
        1,
        2.533,
        5,
        2.767,
        3.605,
        3,
        0.497
      ]
    },
    {
      "Target": "Parameter",
      "Id": "Param104",
      "Segments": [
        0,
        3.779,
        1,
        0.344,
        -2.402,
        0.689,
        -7,
        1.033,
        -7,
        0,
        2.533,
        7,
        1,
        2.689,
        7,
        2.844,
        6.57,
        3,
        3.779
      ]
    },
    {
      "Target": "Parameter",
      "Id": "Param105",
      "Segments": [
        0,
        4.873,
        1,
        0.467,
        -0.131,
        0.933,
        -5,
        1.4,
        -5,
        0,
        2.9,
        5,
        1,
        2.933,
        5,
        2.967,
        5.23,
        3,
        4.873
      ]
    },
    {
      "Target": "Parameter",
      "Id": "Param106",
      "Segments": [
        0,
        6.688,
        1,
        0.044,
        7.367,
        0.089,
        7,
        0.133,
        7,
        0,
        1.633,
        -7,
        1,
        2.089,
        -7,
        2.544,
        -0.276,
        3,
        6.688
      ]
    },
    {
      "Target": "Parameter",
      "Id": "Param22",
      "Segments": [
        0,
        4.393,
        1,
        0.433,
        -0.872,
        0.867,
        -5,
        1.3,
        -5,
        0,
        2.8,
        5,
        1,
        2.867,
        5,
        2.933,
        5.203,
        3,
        4.393
      ]
    },
    {
      "Target": "Parameter",
      "Id": "Param34",
      "Segments": [
        0,
        7,
        0,
        1.5,
        -7,
        0,
        3,
        7
      ]
    },
    {
      "Target": "Parameter",
      "Id": "Param28",
      "Segments": [
        0,
        3.898,
        1,
        0.467,
        -0.122,
        0.933,
        -4,
        1.4,
        -4,
        0,
        2.9,
        4,
        1,
        2.933,
        4,
        2.967,
        4.185,
        3,
        3.898
      ]
    },
    {
      "Target": "Parameter",
      "Id": "Param35",
      "Segments": [
        0,
        6.723,
        1,
        0.044,
        7.378,
        0.089,
        7,
        0.133,
        7,
        0,
        1.633,
        -7,
        1,
        2.089,
        -7,
        2.544,
        0.011,
        3,
        6.723
      ]
    },
    {
      "Target": "Parameter",
      "Id": "Param25",
      "Segments": [
        0,
        0,
        0,
        1.267,
        -5,
        0,
        3,
        0
      ]
    },
    {
      "Target": "Parameter",
      "Id": "Param36",
      "Segments": [
        0,
        0,
        0,
        1.5,
        -5,
        0,
        3,
        0
      ]
    },
    {
      "Target": "Parameter",
      "Id": "Param29",
      "Segments": [
        0,
        0,
        0,
        1.767,
        -5,
        0,
        3,
        0
      ]
    },
    {
      "Target": "Parameter",
      "Id": "Param19",
      "Segments": [
        0,
        -1.399,
        1,
        0.378,
        0.484,
        0.755,
        2,
        1.133,
        2,
        0,
        2.633,
        -2,
        1,
        2.755,
        -2,
        2.878,
        -2.008,
        3,
        -1.399
      ]
    },
    {
      "Target": "Parameter",
      "Id": "Param102",
      "Segments": [
        0,
        1.299,
        1,
        0.133,
        1.971,
        0.267,
        2,
        0.4,
        2,
        0,
        1.9,
        -2,
        1,
        2.267,
        -2,
        2.633,
        -0.549,
        3,
        1.299
      ]
    },
    {
      "Target": "Parameter",
      "Id": "Param17",
      "Segments": [
        0,
        -2.062,
        1,
        0.133,
        -3.037,
        0.267,
        -3,
        0.4,
        -3,
        0,
        1.9,
        3,
        1,
        2.267,
        3,
        2.633,
        0.619,
        3,
        -2.062
      ]
    },
    {
      "Target": "Parameter",
      "Id": "Param20",
      "Segments": [
        0,
        0.994,
        1,
        0.289,
        -2.85,
        0.578,
        -5,
        0.867,
        -5,
        0,
        2.367,
        5,
        1,
        2.578,
        5,
        2.789,
        3.803,
        3,
        0.994
      ]
    },
    {
      "Target": "Parameter",
      "Id": "Param16",
      "Segments": [
        0,
        1.443,
        1,
        0.167,
        2.739,
        0.333,
        3,
        0.5,
        3,
        0,
        2,
        -3,
        1,
        2.333,
        -3,
        2.667,
        -1.149,
        3,
        1.443
      ]
    },
    {
      "Target": "Parameter",
      "Id": "Param21",
      "Segments": [
        0,
        -2.181,
        1,
        0.333,
        2.203,
        0.667,
        5,
        1,
        5,
        0,
        2.5,
        -5,
        1,
        2.667,
        -5,
        2.833,
        -4.373,
        3,
        -2.181
      ]
    },
    {
      "Target": "Parameter",
      "Id": "Param61",
      "Segments": [
        0,
        -4.261,
        1,
        0.089,
        -5.278,
        0.178,
        -5,
        0.267,
        -5,
        0,
        1.767,
        5,
        1,
        2.178,
        5,
        2.589,
        0.443,
        3,
        -4.261
      ]
    },
    {
      "Target": "Parameter",
      "Id": "Param78",
      "Segments": [
        0,
        -3.438,
        1,
        0.133,
        -5.058,
        0.267,
        -5,
        0.4,
        -5,
        0,
        1.9,
        5,
        1,
        2.267,
        5,
        2.633,
        1.018,
        3,
        -3.438
      ]
    },
    {
      "Target": "Parameter",
      "Id": "Param65",
      "Segments": [
        0,
        0.994,
        1,
        0.289,
        -2.85,
        0.578,
        -5,
        0.867,
        -5,
        0,
        2.367,
        5,
        1,
        2.578,
        5,
        2.789,
        3.803,
        3,
        0.994
      ]
    },
    {
      "Target": "Parameter",
      "Id": "Param79",
      "Segments": [
        0,
        -2.405,
        1,
        0.167,
        -4.563,
        0.333,
        -5,
        0.5,
        -5,
        0,
        2,
        5,
        1,
        2.333,
        5,
        2.667,
        1.911,
        3,
        -2.405
      ]
    },
    {
      "Target": "Parameter",
      "Id": "Param70",
      "Segments": [
        0,
        2.181,
        1,
        0.333,
        -2.203,
        0.667,
        -5,
        1,
        -5,
        0,
        2.5,
        5,
        1,
        2.667,
        5,
        2.833,
        4.373,
        3,
        2.181
      ]
    },
    {
      "Target": "Parameter",
      "Id": "Param80",
      "Segments": [
        0,
        -1.241,
        1,
        0.211,
        -4.029,
        0.422,
        -5,
        0.633,
        -5,
        0,
        2.133,
        5,
        1,
        2.422,
        5,
        2.711,
        2.574,
        3,
        -1.241
      ]
    },
    {
      "Target": "Parameter",
      "Id": "Param63",
      "Segments": [
        0,
        3.247,
        1,
        0.367,
        -1.362,
        0.733,
        -5,
        1.1,
        -5,
        0,
        2.6,
        5,
        1,
        2.733,
        5,
        2.867,
        4.923,
        3,
        3.247
      ]
    },
    {
      "Target": "Parameter",
      "Id": "Param77",
      "Segments": [
        0,
        0,
        1,
        0.256,
        -3.406,
        0.511,
        -5,
        0.767,
        -5,
        0,
        2.267,
        5,
        1,
        2.511,
        5,
        2.756,
        3.258,
        3,
        0
      ]
    },
    {
      "Target": "Parameter",
      "Id": "Param69",
      "Segments": [
        0,
        4.115,
        1,
        0.411,
        -0.851,
        0.822,
        -5,
        1.233,
        -5,
        0,
        2.733,
        5,
        1,
        2.822,
        5,
        2.911,
        5.189,
        3,
        4.115
      ]
    },
    {
      "Target": "Parameter",
      "Id": "Param81",
      "Segments": [
        0,
        -3.048,
        1,
        0.144,
        -4.867,
        0.289,
        -5,
        0.433,
        -5,
        0,
        1.933,
        5,
        1,
        2.289,
        5,
        2.644,
        1.43,
        3,
        -3.048
      ]
    },
    {
      "Target": "Parameter",
      "Id": "Param71",
      "Segments": [
        0,
        1.481,
        1,
        0.3,
        -2.477,
        0.6,
        -5,
        0.9,
        -5,
        0,
        2.4,
        5,
        1,
        2.6,
        5,
        2.8,
        4.12,
        3,
        1.481
      ]
    },
    {
      "Target": "Parameter",
      "Id": "Param82",
      "Segments": [
        0,
        -1.719,
        1,
        0.2,
        -4.321,
        0.4,
        -5,
        0.6,
        -5,
        0,
        2.1,
        5,
        1,
        2.4,
        5,
        2.7,
        2.185,
        3,
        -1.719
      ]
    },
    {
      "Target": "Parameter",
      "Id": "Param66",
      "Segments": [
        0,
        2.839,
        1,
        0.356,
        -1.751,
        0.711,
        -5,
        1.067,
        -5,
        0,
        2.567,
        5,
        1,
        2.711,
        5,
        2.856,
        4.704,
        3,
        2.839
      ]
    },
    {
      "Target": "Parameter",
      "Id": "Param83",
      "Segments": [
        0,
        -4.261,
        1,
        0.089,
        -5.278,
        0.178,
        -5,
        0.267,
        -5,
        0,
        1.767,
        5,
        1,
        2.178,
        5,
        2.589,
        0.443,
        3,
        -4.261
      ]
    },
    {
      "Target": "Parameter",
      "Id": "Param72",
      "Segments": [
        0,
        -2.405,
        1,
        0.167,
        -4.563,
        0.333,
        -5,
        0.5,
        -5,
        0,
        2,
        5,
        1,
        2.333,
        5,
        2.667,
        1.911,
        3,
        -2.405
      ]
    },
    {
      "Target": "Parameter",
      "Id": "Param84",
      "Segments": [
        0,
        0,
        1,
        0.256,
        -3.406,
        0.511,
        -5,
        0.767,
        -5,
        0,
        2.267,
        5,
        1,
        2.511,
        5,
        2.756,
        3.258,
        3,
        0
      ]
    },
    {
      "Target": "Parameter",
      "Id": "Param93",
      "Segments": [
        0,
        -3.048,
        1,
        0.144,
        -4.867,
        0.289,
        -5,
        0.433,
        -5,
        0,
        1.933,
        5,
        1,
        2.289,
        5,
        2.644,
        1.43,
        3,
        -3.048
      ]
    },
    {
      "Target": "Parameter",
      "Id": "Param94",
      "Segments": [
        0,
        -0.748,
        1,
        0.233,
        -3.836,
        0.467,
        -5,
        0.7,
        -5,
        0,
        2.2,
        5,
        1,
        2.467,
        5,
        2.733,
        2.781,
        3,
        -0.748
      ]
    },
    {
      "Target": "Parameter",
      "Id": "Param95",
      "Segments": [
        0,
        1.719,
        1,
        0.311,
        -2.381,
        0.622,
        -5,
        0.933,
        -5,
        0,
        2.433,
        5,
        1,
        2.622,
        5,
        2.811,
        4.208,
        3,
        1.719
      ]
    },
    {
      "Target": "Parameter",
      "Id": "Param96",
      "Segments": [
        0,
        0.994,
        1,
        0.289,
        -2.85,
        0.578,
        -5,
        0.867,
        -5,
        0,
        2.367,
        5,
        1,
        2.578,
        5,
        2.789,
        3.803,
        3,
        0.994
      ]
    },
    {
      "Target": "Parameter",
      "Id": "Param97",
      "Segments": [
        0,
        3.247,
        1,
        0.367,
        -1.362,
        0.733,
        -5,
        1.1,
        -5,
        0,
        2.6,
        5,
        1,
        2.733,
        5,
        2.867,
        4.923,
        3,
        3.247
      ]
    },
    {
      "Target": "Parameter",
      "Id": "Param98",
      "Segments": [
        0,
        4.719,
        1,
        0.456,
        -0.599,
        0.911,
        -5,
        1.367,
        -5,
        0,
        2.867,
        5,
        1,
        2.911,
        5,
        2.956,
        5.238,
        3,
        4.719
      ]
    },
    {
      "Target": "Parameter",
      "Id": "Param62",
      "Segments": [
        0,
        -4.261,
        1,
        0.089,
        -5.278,
        0.178,
        -5,
        0.267,
        -5,
        0,
        1.767,
        5,
        1,
        2.178,
        5,
        2.589,
        0.443,
        3,
        -4.261
      ]
    },
    {
      "Target": "Parameter",
      "Id": "Param73",
      "Segments": [
        0,
        -3.247,
        1,
        0.133,
        -4.923,
        0.267,
        -5,
        0.4,
        -5,
        0,
        1.9,
        5,
        1,
        2.267,
        5,
        2.633,
        1.362,
        3,
        -3.247
      ]
    },
    {
      "Target": "Parameter",
      "Id": "Param86",
      "Segments": [
        0,
        1.481,
        1,
        0.3,
        -2.477,
        0.6,
        -5,
        0.9,
        -5,
        0,
        2.4,
        5,
        1,
        2.6,
        5,
        2.8,
        4.12,
        3,
        1.481
      ]
    },
    {
      "Target": "Parameter",
      "Id": "Param67",
      "Segments": [
        0,
        -0.249,
        1,
        0.244,
        -3.506,
        0.489,
        -5,
        0.733,
        -5,
        0,
        2.233,
        5,
        1,
        2.489,
        5,
        2.744,
        3.156,
        3,
        -0.249
      ]
    },
    {
      "Target": "Parameter",
      "Id": "Param87",
      "Segments": [
        0,
        3.247,
        1,
        0.367,
        -1.362,
        0.733,
        -5,
        1.1,
        -5,
        0,
        2.6,
        5,
        1,
        2.733,
        5,
        2.867,
        4.923,
        3,
        3.247
      ]
    },
    {
      "Target": "Parameter",
      "Id": "Param74",
      "Segments": [
        0,
        0,
        0,
        0.767,
        10,
        0,
        1.5,
        0,
        0,
        2.267,
        10,
        0,
        3,
        0
      ]
    },
    {
      "Target": "Parameter",
      "Id": "Param88",
      "Segments": [
        0,
        5,
        1,
        0.133,
        1.529,
        0.267,
        0,
        0.4,
        0,
        0,
        1.133,
        10,
        0,
        1.9,
        0,
        0,
        2.633,
        10,
        1,
        2.755,
        10,
        2.878,
        8.182,
        3,
        5
      ]
    },
    {
      "Target": "Parameter",
      "Id": "Param54",
      "Segments": [
        0,
        1.375,
        1,
        0.133,
        2.025,
        0.267,
        2,
        0.4,
        2,
        0,
        1.9,
        -2,
        1,
        2.267,
        -2,
        2.633,
        -0.414,
        3,
        1.375
      ]
    },
    {
      "Target": "Parameter",
      "Id": "Param56",
      "Segments": [
        0,
        1.924,
        1,
        0.333,
        -1.53,
        0.667,
        -4,
        1,
        -4,
        0,
        2.5,
        4,
        1,
        2.667,
        4,
        2.833,
        3.651,
        3,
        1.924
      ]
    },
    {
      "Target": "Parameter",
      "Id": "Param57",
      "Segments": [
        0,
        3.842,
        1,
        0.467,
        -0.612,
        0.933,
        -4,
        1.4,
        -4,
        0,
        2.9,
        4,
        1,
        2.933,
        4,
        2.967,
        4.16,
        3,
        3.842
      ]
    },
    {
      "Target": "Parameter",
      "Id": "Param68",
      "Segments": [
        0,
        0,
        0,
        0.4,
        -5,
        1,
        0.522,
        -5,
        0.645,
        -3.333,
        0.767,
        0,
        1,
        0.889,
        3.333,
        1.011,
        5,
        1.133,
        5,
        1,
        1.255,
        5,
        1.378,
        3.182,
        1.5,
        0,
        1,
        1.633,
        -3.471,
        1.767,
        -5,
        1.9,
        -5,
        1,
        2.022,
        -5,
        2.145,
        -3.333,
        2.267,
        0,
        1,
        2.389,
        3.333,
        2.511,
        5,
        2.633,
        5,
        1,
        2.755,
        5,
        2.878,
        3.182,
        3,
        0
      ]
    },
    {
      "Target": "Parameter",
      "Id": "Param75",
      "Segments": [
        0,
        5,
        1,
        0.133,
        5,
        0.267,
        3.471,
        0.4,
        0,
        1,
        0.522,
        -3.182,
        0.645,
        -5,
        0.767,
        -5,
        1,
        0.889,
        -5,
        1.011,
        -3.333,
        1.133,
        0,
        1,
        1.255,
        3.333,
        1.378,
        5,
        1.5,
        5,
        1,
        1.633,
        5,
        1.767,
        3.471,
        1.9,
        0,
        1,
        2.022,
        -3.182,
        2.145,
        -5,
        2.267,
        -5,
        1,
        2.389,
        -5,
        2.511,
        -3.333,
        2.633,
        0,
        1,
        2.755,
        3.333,
        2.878,
        5,
        3,
        5
      ]
    },
    {
      "Target": "Parameter",
      "Id": "Param76",
      "Segments": [
        0,
        0,
        0,
        0.4,
        3,
        1,
        0.522,
        3,
        0.645,
        2,
        0.767,
        0,
        1,
        0.889,
        -2,
        1.011,
        -3,
        1.133,
        -3,
        1,
        1.255,
        -3,
        1.378,
        -1.909,
        1.5,
        0,
        1,
        1.633,
        2.083,
        1.767,
        3,
        1.9,
        3,
        1,
        2.022,
        3,
        2.145,
        2,
        2.267,
        0,
        1,
        2.389,
        -2,
        2.511,
        -3,
        2.633,
        -3,
        1,
        2.755,
        -3,
        2.878,
        -1.909,
        3,
        0
      ]
    },
    {
      "Target": "Parameter",
      "Id": "Param89",
      "Segments": [
        0,
        -3,
        1,
        0.133,
        -3,
        0.267,
        -2.083,
        0.4,
        0,
        1,
        0.522,
        1.909,
        0.645,
        3,
        0.767,
        3,
        1,
        0.889,
        3,
        1.011,
        2,
        1.133,
        0,
        1,
        1.255,
        -2,
        1.378,
        -3,
        1.5,
        -3,
        1,
        1.633,
        -3,
        1.767,
        -2.083,
        1.9,
        0,
        1,
        2.022,
        1.909,
        2.145,
        3,
        2.267,
        3,
        1,
        2.389,
        3,
        2.511,
        2,
        2.633,
        0,
        1,
        2.755,
        -2,
        2.878,
        -3,
        3,
        -3
      ]
    },
    {
      "Target": "Parameter",
      "Id": "Param38",
      "Segments": [
        0,
        -1.924,
        1,
        0.167,
        -3.651,
        0.333,
        -4,
        0.5,
        -4,
        0,
        2,
        4,
        1,
        2.333,
        4,
        2.667,
        1.53,
        3,
        -1.924
      ]
    },
    {
      "Target": "Parameter",
      "Id": "Param39",
      "Segments": [
        0,
        1.924,
        1,
        0.333,
        -1.53,
        0.667,
        -4,
        1,
        -4,
        0,
        2.5,
        4,
        1,
        2.667,
        4,
        2.833,
        3.651,
        3,
        1.924
      ]
    },
    {
      "Target": "Parameter",
      "Id": "Param40",
      "Segments": [
        0,
        -3.974,
        0,
        0.733,
        4,
        0,
        1.5,
        -4,
        0,
        2.233,
        4,
        0,
        3,
        -3.974
      ]
    },
    {
      "Target": "Parameter",
      "Id": "Param41",
      "Segments": [
        0,
        -2.274,
        1,
        0.078,
        -3.862,
        0.155,
        -4,
        0.233,
        -4,
        0,
        1,
        4,
        0,
        1.733,
        -4,
        0,
        2.5,
        4,
        1,
        2.667,
        4,
        2.833,
        1.129,
        3,
        -2.274
      ]
    },
    {
      "Target": "Model",
      "Id": "Opacity",
      "Segments": [
        0,
        1,
        0,
        3,
        1
      ]
    },
    {
      "Target": "Parameter",
      "Id": "ParamBodyAngleY",
      "Segments": [
        0,
        0,
        0,
        3,
        0
      ]
    },
    {
      "Target": "Parameter",
      "Id": "ParamBreath",
      "Segments": [
        0,
        0,
        0,
        3,
        0
      ]
    },
    {
      "Target": "Parameter",
      "Id": "ParamEyeLSmile",
      "Segments": [
        0,
        0,
        0,
        3,
        0
      ]
    },
    {
      "Target": "Parameter",
      "Id": "ParamEyeRSmile",
      "Segments": [
        0,
        0,
        0,
        3,
        0
      ]
    },
    {
      "Target": "Parameter",
      "Id": "ParamEyeBallX",
      "Segments": [
        0,
        0,
        0,
        3,
        0
      ]
    },
    {
      "Target": "Parameter",
      "Id": "ParamEyeBallY",
      "Segments": [
        0,
        0,
        0,
        3,
        0
      ]
    },
    {
      "Target": "Parameter",
      "Id": "ParamBrowLX",
      "Segments": [
        0,
        0,
        0,
        3,
        0
      ]
    },
    {
      "Target": "Parameter",
      "Id": "ParamBrowRX",
      "Segments": [
        0,
        0,
        0,
        3,
        0
      ]
    },
    {
      "Target": "Parameter",
      "Id": "ParamBrowLAngle",
      "Segments": [
        0,
        0,
        0,
        3,
        0
      ]
    },
    {
      "Target": "Parameter",
      "Id": "ParamBrowRAngle",
      "Segments": [
        0,
        0,
        0,
        3,
        0
      ]
    },
    {
      "Target": "Parameter",
      "Id": "ParamBrowLForm",
      "Segments": [
        0,
        0,
        0,
        3,
        0
      ]
    },
    {
      "Target": "Parameter",
      "Id": "ParamBrowRForm",
      "Segments": [
        0,
        0,
        0,
        3,
        0
      ]
    },
    {
      "Target": "Parameter",
      "Id": "ParamMouthForm",
      "Segments": [
        0,
        0,
        0,
        3,
        0
      ]
    },
    {
      "Target": "Parameter",
      "Id": "ParamMouthOpenY",
      "Segments": [
        0,
        0,
        0,
        3,
        0
      ]
    },
    {
      "Target": "Parameter",
      "Id": "ParamMouthOpenY2",
      "Segments": [
        0,
        0,
        0,
        3,
        0
      ]
    },
    {
      "Target": "Parameter",
      "Id": "ParamCheek",
      "Segments": [
        0,
        0,
        0,
        3,
        0
      ]
    },
    {
      "Target": "Parameter",
      "Id": "Param92",
      "Segments": [
        0,
        0,
        0,
        3,
        0
      ]
    },
    {
      "Target": "Parameter",
      "Id": "Param53",
      "Segments": [
        0,
        0,
        0,
        3,
        0
      ]
    },
    {
      "Target": "Parameter",
      "Id": "Param50",
      "Segments": [
        0,
        0,
        0,
        3,
        0
      ]
    },
    {
      "Target": "Parameter",
      "Id": "Param99",
      "Segments": [
        0,
        0,
        0,
        3,
        0
      ]
    },
    {
      "Target": "Parameter",
      "Id": "Param48",
      "Segments": [
        0,
        0,
        0,
        3,
        0
      ]
    },
    {
      "Target": "Parameter",
      "Id": "Param51",
      "Segments": [
        0,
        0,
        0,
        3,
        0
      ]
    },
    {
      "Target": "Parameter",
      "Id": "Param52",
      "Segments": [
        0,
        0,
        0,
        3,
        0
      ]
    },
    {
      "Target": "Parameter",
      "Id": "Param49",
      "Segments": [
        0,
        0,
        0,
        3,
        0
      ]
    },
    {
      "Target": "Parameter",
      "Id": "Param58",
      "Segments": [
        0,
        0,
        0,
        3,
        0
      ]
    },
    {
      "Target": "Parameter",
      "Id": "Param23",
      "Segments": [
        0,
        0,
        0,
        3,
        0
      ]
    },
    {
      "Target": "Parameter",
      "Id": "Param59",
      "Segments": [
        0,
        0,
        0,
        3,
        0
      ]
    },
    {
      "Target": "Parameter",
      "Id": "Param60",
      "Segments": [
        0,
        0,
        0,
        3,
        0
      ]
    },
    {
      "Target": "Parameter",
      "Id": "Param91",
      "Segments": [
        0,
        0,
        0,
        3,
        0
      ]
    },
    {
      "Target": "Parameter",
      "Id": "Param64",
      "Segments": [
        0,
        0,
        0,
        3,
        0
      ]
    },
    {
      "Target": "Parameter",
      "Id": "Param90",
      "Segments": [
        0,
        0,
        0,
        3,
        0
      ]
    },
    {
      "Target": "Parameter",
      "Id": "Param45",
      "Segments": [
        0,
        0,
        0,
        3,
        0
      ]
    },
    {
      "Target": "Parameter",
      "Id": "Param5",
      "Segments": [
        0,
        0,
        0,
        3,
        0
      ]
    },
    {
      "Target": "Parameter",
      "Id": "Param8",
      "Segments": [
        0,
        0,
        0,
        3,
        0
      ]
    },
    {
      "Target": "Parameter",
      "Id": "Param12",
      "Segments": [
        0,
        450,
        0,
        3,
        450
      ]
    },
    {
      "Target": "Parameter",
      "Id": "Param6",
      "Segments": [
        0,
        0,
        0,
        3,
        0
      ]
    },
    {
      "Target": "Parameter",
      "Id": "Param47",
      "Segments": [
        0,
        0,
        0,
        3,
        0
      ]
    },
    {
      "Target": "Parameter",
      "Id": "Param7",
      "Segments": [
        0,
        0,
        0,
        3,
        0
      ]
    },
    {
      "Target": "Parameter",
      "Id": "Param10",
      "Segments": [
        0,
        0,
        0,
        3,
        0
      ]
    },
    {
      "Target": "Parameter",
      "Id": "Param13",
      "Segments": [
        0,
        0,
        0,
        3,
        0
      ]
    },
    {
      "Target": "Parameter",
      "Id": "Param14",
      "Segments": [
        0,
        0,
        0,
        3,
        0
      ]
    },
    {
      "Target": "Parameter",
      "Id": "Param46",
      "Segments": [
        0,
        0,
        0,
        3,
        0
      ]
    },
    {
      "Target": "Parameter",
      "Id": "Param",
      "Segments": [
        0,
        0,
        0,
        3,
        0
      ]
    },
    {
      "Target": "Parameter",
      "Id": "Param2",
      "Segments": [
        0,
        0,
        0,
        3,
        0
      ]
    },
    {
      "Target": "Parameter",
      "Id": "Param3",
      "Segments": [
        0,
        0,
        0,
        3,
        0
      ]
    },
    {
      "Target": "Parameter",
      "Id": "Param100",
      "Segments": [
        0,
        0,
        0,
        3,
        0
      ]
    },
    {
      "Target": "Parameter",
      "Id": "Param101",
      "Segments": [
        0,
        1,
        0,
        3,
        1
      ]
    },
    {
      "Target": "Parameter",
      "Id": "Param9",
      "Segments": [
        0,
        0,
        0,
        3,
        0
      ]
    },
    {
      "Target": "Parameter",
      "Id": "Param85",
      "Segments": [
        0,
        0,
        0,
        3,
        0
      ]
    },
    {
      "Target": "Parameter",
      "Id": "Param55",
      "Segments": [
        0,
        0,
        0,
        3,
        0
      ]
    }
  ],
  "UserData": [
    {
      "Time": 0.0,
      "Value": ""
    }
  ]
}