{
  "Version": 3,
  "Meta": {
    "Duration": 4.17,
    "Fps": 30.0,
    "Loop": true,
    "AreBeziersRestricted": true,
    "CurveCount": 134,
    "TotalSegmentCount": 775,
    "TotalPointCount": 999,
    "UserDataCount": 6,
    "TotalUserDataSize": 124
  },
  "Curves": [
    {
      "Target": "Parameter",
      "Id": "ParamAngleX",
      "Segments": [
        0,
        -3.408,
        1,
        0.067,
        -3.408,
        0.133,
        -1.496,
        0.2,
        0,
        1,
        0.322,
        2.742,
        0.445,
        4.28,
        0.567,
        7,
        1,
        0.722,
        10.462,
        0.878,
        13,
        1.033,
        13,
        1,
        1.166,
        13,
        1.3,
        -1.131,
        1.433,
        -3,
        1,
        1.744,
        -7.36,
        2.056,
        -8,
        2.367,
        -8,
        0,
        4.167,
        -3.408
      ]
    },
    {
      "Target": "Parameter",
      "Id": "ParamAngleY",
      "Segments": [
        0,
        1.489,
        0,
        0.2,
        -30,
        1,
        0.322,
        -30,
        0.445,
        12.234,
        0.567,
        17,
        1,
        0.722,
        23.066,
        0.878,
        23,
        1.033,
        23,
        0,
        1.433,
        -3,
        1,
        1.744,
        -3,
        2.056,
        -1.979,
        2.367,
        -1,
        1,
        2.967,
        0.888,
        3.567,
        1.489,
        4.167,
        1.489
      ]
    },
    {
      "Target": "Parameter",
      "Id": "ParamAngleZ",
      "Segments": [
        0,
        -1.375,
        0,
        0.367,
        -13,
        1,
        0.489,
        -13,
        0.611,
        17.302,
        0.733,
        22,
        1,
        0.889,
        27.979,
        1.044,
        28,
        1.2,
        28,
        0,
        1.9,
        -16,
        0,
        2.567,
        8,
        0,
        3.167,
        -4,
        0,
        4.167,
        -1.375
      ]
    },
    {
      "Target": "Parameter",
      "Id": "ParamBodyAngleX",
      "Segments": [
        0,
        -3,
        0,
        0.2,
        -6,
        1,
        0.322,
        -6,
        0.445,
        5.553,
        0.567,
        6,
        1,
        0.722,
        6.569,
        0.878,
        6.58,
        1.033,
        7,
        1,
        1.078,
        7.12,
        1.122,
        10,
        1.167,
        10,
        1,
        1.356,
        10,
        1.544,
        -3.59,
        1.733,
        -6,
        1,
        2.033,
        -9.827,
        2.333,
        -10,
        2.633,
        -10,
        1,
        3.144,
        -10,
        3.656,
        -7.361,
        4.167,
        -3
      ]
    },
    {
      "Target": "Parameter",
      "Id": "ParamBodyAngleY",
      "Segments": [
        0,
        0,
        0,
        0.3,
        -2,
        0,
        0.667,
        2,
        0,
        1.1,
        0,
        0,
        1.233,
        1,
        0,
        1.833,
        -1,
        0,
        2.733,
        0,
        2,
        4.167,
        0
      ]
    },
    {
      "Target": "Parameter",
      "Id": "ParamBodyAngleY2",
      "Segments": [
        0,
        0,
        0,
        0.3,
        -1,
        0,
        0.667,
        1,
        0,
        1.1,
        0,
        0,
        1.233,
        1,
        0,
        1.833,
        -1,
        0,
        2.733,
        0,
        2,
        4.167,
        0
      ]
    },
    {
      "Target": "Parameter",
      "Id": "ParamBodyAngleZ",
      "Segments": [
        0,
        0.346,
        0,
        0.4,
        -3,
        1,
        0.522,
        -3,
        0.645,
        1.467,
        0.767,
        2,
        1,
        0.9,
        2.582,
        1.034,
        2.58,
        1.167,
        3,
        1,
        1.211,
        3.14,
        1.256,
        4,
        1.3,
        4,
        1,
        1.511,
        4,
        1.722,
        -2.259,
        1.933,
        -3,
        1,
        2.233,
        -4.053,
        2.533,
        -4,
        2.833,
        -4,
        1,
        3.278,
        -4,
        3.722,
        -0.725,
        4.167,
        0.346
      ]
    },
    {
      "Target": "Parameter",
      "Id": "ParamBodyAngleZ2",
      "Segments": [
        0,
        -0.688,
        0,
        0.4,
        4,
        1,
        0.522,
        4,
        0.645,
        -3.963,
        0.767,
        -5,
        1,
        0.9,
        -6.132,
        1.034,
        -6.202,
        1.167,
        -7,
        1,
        1.211,
        -7.266,
        1.256,
        -8,
        1.3,
        -8,
        1,
        1.511,
        -8,
        1.722,
        3.546,
        1.933,
        5,
        1,
        2.233,
        7.067,
        2.533,
        7,
        2.833,
        7,
        1,
        3.278,
        7,
        3.722,
        1.367,
        4.167,
        -0.688
      ]
    },
    {
      "Target": "Parameter",
      "Id": "ParamEyeLOpen",
      "Segments": [
        0,
        1,
        2,
        0.333,
        1,
        0,
        0.5,
        0,
        0,
        0.667,
        1,
        2,
        2.5,
        1,
        0,
        2.667,
        0,
        0,
        2.833,
        1,
        2,
        4.167,
        1
      ]
    },
    {
      "Target": "Parameter",
      "Id": "ParamEyeROpen",
      "Segments": [
        0,
        1,
        2,
        0.333,
        1,
        0,
        0.5,
        0,
        0,
        0.667,
        1,
        2,
        2.5,
        1,
        0,
        2.667,
        0,
        0,
        2.833,
        1,
        2,
        4.167,
        1
      ]
    },
    {
      "Target": "Parameter",
      "Id": "ParamMouthOpenY",
      "Segments": [
        0,
        0,
        2,
        0.167,
        0,
        0,
        0.267,
        0.5,
        0,
        0.367,
        0,
        0,
        0.467,
        0.5,
        0,
        0.567,
        0,
        0,
        0.667,
        0.5,
        0,
        0.767,
        0,
        2,
        1.233,
        0,
        0,
        1.333,
        0.5,
        0,
        1.433,
        0,
        0,
        1.533,
        0.5,
        0,
        1.633,
        0,
        0,
        1.733,
        0.5,
        0,
        1.833,
        0,
        0,
        1.933,
        0.5,
        0,
        2.033,
        0,
        0,
        2.133,
        0.5,
        0,
        2.233,
        0,
        2,
        4.167,
        0
      ]
    },
    {
      "Target": "Parameter",
      "Id": "Param37",
      "Segments": [
        0,
        -0.428,
        0,
        0.167,
        12,
        0,
        0.5,
        0,
        1,
        0.667,
        0,
        0.833,
        5.008,
        1,
        6,
        1,
        1.311,
        7.852,
        1.622,
        8,
        1.933,
        8,
        1,
        2.244,
        8,
        2.556,
        1.556,
        2.867,
        1,
        1,
        3.3,
        0.226,
        3.734,
        -0.035,
        4.167,
        -0.428
      ]
    },
    {
      "Target": "Parameter",
      "Id": "Param43",
      "Segments": [
        0,
        0.001,
        0,
        0.3,
        -30,
        0,
        0.633,
        10,
        0,
        1.133,
        -3,
        1,
        1.244,
        -3,
        1.356,
        -1.497,
        1.467,
        0,
        1,
        1.689,
        2.994,
        1.911,
        4,
        2.133,
        4,
        0,
        3.067,
        -7,
        1,
        3.434,
        -7,
        3.8,
        -1.006,
        4.167,
        0.001
      ]
    },
    {
      "Target": "Parameter",
      "Id": "Param44",
      "Segments": [
        0,
        -0.428,
        0,
        0.433,
        -30,
        0,
        0.767,
        4,
        0,
        1.267,
        -3,
        1,
        1.378,
        -3,
        1.489,
        -1.325,
        1.6,
        0,
        1,
        1.856,
        3.048,
        2.111,
        4,
        2.367,
        4,
        0,
        3.3,
        -6,
        1,
        3.589,
        -6,
        3.878,
        -1.313,
        4.167,
        -0.428
      ]
    },
    {
      "Target": "Parameter",
      "Id": "Param50",
      "Segments": [
        0,
        0,
        0,
        0.333,
        -30,
        0,
        0.767,
        30,
        1,
        0.922,
        30,
        1.078,
        23.13,
        1.233,
        4.627,
        1,
        1.255,
        1.984,
        1.278,
        -10,
        1.3,
        -10,
        0,
        2,
        0,
        2,
        4.167,
        0
      ]
    },
    {
      "Target": "Parameter",
      "Id": "Param58",
      "Segments": [
        0,
        0,
        2,
        0.5,
        0,
        0,
        0.533,
        1,
        2,
        1.267,
        1,
        0,
        1.3,
        0,
        2,
        4.167,
        0
      ]
    },
    {
      "Target": "Parameter",
      "Id": "Param59",
      "Segments": [
        0,
        0,
        2,
        0.5,
        0,
        0,
        0.833,
        10,
        2,
        0.967,
        10,
        0,
        1.267,
        0,
        2,
        4.167,
        0
      ]
    },
    {
      "Target": "Parameter",
      "Id": "Param60",
      "Segments": [
        0,
        0,
        2,
        0.5,
        0,
        0,
        0.7,
        10,
        0,
        0.9,
        -10,
        0,
        1.1,
        10,
        0,
        1.267,
        0,
        2,
        4.167,
        0
      ]
    },
    {
      "Target": "Parameter",
      "Id": "Param4",
      "Segments": [
        0,
        -0.483,
        0,
        0.433,
        3.057,
        1,
        0.711,
        3.057,
        0.989,
        2.41,
        1.267,
        -0.483,
        1,
        1.345,
        -1.293,
        1.422,
        -16,
        1.5,
        -16,
        0,
        1.8,
        9,
        1,
        1.922,
        9,
        2.045,
        4.703,
        2.167,
        -3,
        1,
        2.256,
        -8.602,
        2.344,
        -11,
        2.433,
        -11,
        1,
        2.544,
        -11,
        2.656,
        -6.712,
        2.767,
        -5.741,
        1,
        3.234,
        -1.665,
        3.7,
        -0.483,
        4.167,
        -0.483
      ]
    },
    {
      "Target": "Parameter",
      "Id": "Param11",
      "Segments": [
        0,
        0.346,
        0,
        0.533,
        -2.954,
        1,
        0.811,
        -2.954,
        1.089,
        -2.291,
        1.367,
        0.346,
        1,
        1.445,
        1.084,
        1.522,
        5,
        1.6,
        5,
        0,
        1.9,
        -6,
        0,
        2.167,
        -2.058,
        0,
        2.533,
        -7.068,
        1,
        2.889,
        -7.068,
        3.244,
        -6.239,
        3.6,
        -4,
        1,
        3.789,
        -2.811,
        3.978,
        0.035,
        4.167,
        0.346
      ]
    },
    {
      "Target": "Parameter",
      "Id": "Param15",
      "Segments": [
        0,
        0.124,
        0,
        0.667,
        -3.596,
        1,
        0.934,
        -3.596,
        1.2,
        -2.944,
        1.467,
        0.124,
        1,
        1.545,
        1.019,
        1.622,
        30,
        1.7,
        30,
        0,
        2,
        -30,
        0,
        2.333,
        9,
        1,
        2.444,
        9,
        2.556,
        3.606,
        2.667,
        0,
        1,
        3.011,
        -11.18,
        3.356,
        -15,
        3.7,
        -15,
        1,
        3.856,
        -15,
        4.011,
        -0.191,
        4.167,
        0.124
      ]
    },
    {
      "Target": "Parameter",
      "Id": "Param6",
      "Segments": [
        0,
        0,
        2,
        1.267,
        0,
        2,
        1.433,
        0,
        0,
        1.467,
        1,
        2,
        1.667,
        1,
        2,
        1.7,
        1,
        2,
        3.833,
        1,
        0,
        3.867,
        0,
        2,
        4.167,
        0
      ]
    },
    {
      "Target": "Parameter",
      "Id": "Param10",
      "Segments": [
        0,
        0,
        2,
        1.267,
        0,
        2,
        1.433,
        0,
        0,
        1.467,
        1,
        2,
        1.667,
        1,
        0,
        1.7,
        0,
        2,
        3.833,
        0,
        2,
        3.867,
        0,
        2,
        4.167,
        0
      ]
    },
    {
      "Target": "Parameter",
      "Id": "Param14",
      "Segments": [
        0,
        0,
        2,
        1.267,
        0,
        2,
        1.667,
        0,
        0,
        1.7,
        1,
        2,
        3.833,
        1,
        0,
        3.867,
        0,
        2,
        4.167,
        0
      ]
    },
    {
      "Target": "Parameter",
      "Id": "Param46",
      "Segments": [
        0,
        0,
        2,
        1.267,
        0,
        0,
        1.667,
        1,
        0,
        1.833,
        0,
        2,
        4.167,
        0
      ]
    },
    {
      "Target": "Parameter",
      "Id": "Param30",
      "Segments": [
        0,
        1.443,
        0,
        0.233,
        4,
        0,
        0.6,
        -5,
        0,
        1.067,
        4,
        0,
        1.6,
        -3,
        0,
        2.133,
        2,
        0,
        2.667,
        -2,
        0,
        3.133,
        2,
        0,
        3.667,
        -2,
        0,
        4.167,
        1.443
      ]
    },
    {
      "Target": "Parameter",
      "Id": "Param18",
      "Segments": [
        0,
        1.704,
        0,
        0.4,
        4,
        0,
        0.767,
        -5,
        0,
        1.233,
        4,
        0,
        1.767,
        -3,
        0,
        2.3,
        2,
        0,
        2.833,
        -2,
        0,
        3.3,
        2,
        0,
        3.833,
        -2,
        0,
        4.167,
        1.704
      ]
    },
    {
      "Target": "Parameter",
      "Id": "Param26",
      "Segments": [
        0,
        3.96,
        0,
        0.267,
        8,
        0,
        0.633,
        -7,
        0,
        1.1,
        6,
        0,
        1.633,
        -4,
        0,
        2.167,
        3,
        0,
        2.7,
        -2,
        0,
        3.167,
        2,
        0,
        3.7,
        -2,
        0,
        4.167,
        3.96
      ]
    },
    {
      "Target": "Parameter",
      "Id": "Param31",
      "Segments": [
        0,
        6.898,
        0,
        0.433,
        8,
        0,
        0.8,
        -7,
        0,
        1.267,
        6,
        0,
        1.8,
        -4,
        0,
        2.333,
        3,
        0,
        2.867,
        -2,
        0,
        3.333,
        2,
        0,
        3.867,
        -2,
        0,
        4.167,
        6.898
      ]
    },
    {
      "Target": "Parameter",
      "Id": "Param24",
      "Segments": [
        0,
        3.699,
        0,
        0.367,
        8,
        0,
        0.733,
        -7,
        0,
        1.2,
        6,
        0,
        1.733,
        -4,
        0,
        2.267,
        3,
        0,
        2.8,
        -2,
        0,
        3.267,
        2,
        0,
        3.8,
        -2,
        0,
        4.167,
        3.699
      ]
    },
    {
      "Target": "Parameter",
      "Id": "Param32",
      "Segments": [
        0,
        6.955,
        0,
        0.533,
        8,
        0,
        0.9,
        -7,
        0,
        1.367,
        6,
        0,
        1.9,
        -4,
        0,
        2.433,
        3,
        0,
        2.967,
        -2,
        0,
        3.433,
        2,
        0,
        3.967,
        -2,
        1,
        4.034,
        -2,
        4.1,
        6.627,
        4.167,
        6.955
      ]
    },
    {
      "Target": "Parameter",
      "Id": "Param27",
      "Segments": [
        0,
        3.62,
        0,
        0.333,
        8,
        0,
        0.7,
        -10,
        0,
        1.167,
        8,
        0,
        1.7,
        -7,
        0,
        2.233,
        5,
        0,
        2.767,
        -3,
        0,
        3.233,
        2,
        0,
        3.767,
        -3,
        0,
        4.167,
        3.62
      ]
    },
    {
      "Target": "Parameter",
      "Id": "Param33",
      "Segments": [
        0,
        6.723,
        0,
        0.5,
        8,
        0,
        0.867,
        -10,
        0,
        1.333,
        8,
        0,
        1.867,
        -7,
        0,
        2.4,
        5,
        0,
        2.933,
        -3,
        0,
        3.4,
        2,
        0,
        3.933,
        -3,
        0,
        4.167,
        6.723
      ]
    },
    {
      "Target": "Parameter",
      "Id": "Param103",
      "Segments": [
        0,
        0.497,
        0,
        0.333,
        8,
        0,
        0.7,
        -10,
        0,
        1.167,
        8,
        0,
        1.7,
        -7,
        0,
        2.233,
        5,
        0,
        2.767,
        -3,
        0,
        3.233,
        2,
        0,
        3.767,
        -3,
        0,
        4.167,
        0.497
      ]
    },
    {
      "Target": "Parameter",
      "Id": "Param104",
      "Segments": [
        0,
        3.779,
        0,
        0.5,
        8,
        0,
        0.867,
        -10,
        0,
        1.333,
        8,
        0,
        1.867,
        -7,
        0,
        2.4,
        5,
        0,
        2.933,
        -3,
        0,
        3.4,
        2,
        0,
        3.933,
        -3,
        0,
        4.167,
        3.779
      ]
    },
    {
      "Target": "Parameter",
      "Id": "Param105",
      "Segments": [
        0,
        4.873,
        0,
        0.333,
        8,
        0,
        0.7,
        -10,
        0,
        1.167,
        8,
        0,
        1.7,
        -7,
        0,
        2.233,
        5,
        0,
        2.767,
        -3,
        0,
        3.233,
        2,
        0,
        3.767,
        -3,
        0,
        4.167,
        4.873
      ]
    },
    {
      "Target": "Parameter",
      "Id": "Param106",
      "Segments": [
        0,
        6.688,
        0,
        0.5,
        8,
        0,
        0.867,
        -10,
        0,
        1.333,
        8,
        0,
        1.867,
        -7,
        0,
        2.4,
        5,
        0,
        2.933,
        -3,
        0,
        3.4,
        2,
        0,
        3.933,
        -3,
        1,
        4.011,
        -3,
        4.089,
        5.84,
        4.167,
        6.688
      ]
    },
    {
      "Target": "Parameter",
      "Id": "Param22",
      "Segments": [
        0,
        4.393,
        0,
        0.3,
        8,
        0,
        0.667,
        -10,
        0,
        1.133,
        8,
        0,
        1.667,
        -7,
        0,
        2.2,
        5,
        0,
        2.733,
        -3,
        0,
        3.2,
        2,
        0,
        3.733,
        -3,
        0,
        4.167,
        4.393
      ]
    },
    {
      "Target": "Parameter",
      "Id": "Param34",
      "Segments": [
        0,
        7,
        0,
        0.467,
        8,
        0,
        0.833,
        -10,
        0,
        1.3,
        8,
        0,
        1.833,
        -7,
        0,
        2.367,
        5,
        0,
        2.9,
        -3,
        0,
        3.367,
        2,
        0,
        3.9,
        -3,
        0,
        4.167,
        7
      ]
    },
    {
      "Target": "Parameter",
      "Id": "Param28",
      "Segments": [
        0,
        3.898,
        0,
        0.4,
        8,
        0,
        0.767,
        -10,
        0,
        1.233,
        8,
        0,
        1.767,
        -7,
        0,
        2.3,
        5,
        0,
        2.833,
        -3,
        0,
        3.3,
        2,
        0,
        3.833,
        -3,
        0,
        4.167,
        3.898
      ]
    },
    {
      "Target": "Parameter",
      "Id": "Param35",
      "Segments": [
        0,
        6.723,
        0,
        0.567,
        8,
        0,
        0.933,
        -10,
        0,
        1.4,
        8,
        0,
        1.933,
        -7,
        0,
        2.467,
        5,
        0,
        3,
        -3,
        0,
        3.467,
        2,
        0,
        4,
        -3,
        1,
        4.056,
        -3,
        4.111,
        6.255,
        4.167,
        6.723
      ]
    },
    {
      "Target": "Parameter",
      "Id": "Param25",
      "Segments": [
        0,
        0,
        0,
        0.333,
        8,
        0,
        0.7,
        -10,
        0,
        1.167,
        8,
        0,
        1.7,
        -7,
        0,
        2.233,
        7.209,
        0,
        2.767,
        -5.687,
        0,
        3.233,
        5.687,
        0,
        3.767,
        -4.075,
        0,
        4.167,
        0
      ]
    },
    {
      "Target": "Parameter",
      "Id": "Param36",
      "Segments": [
        0,
        0,
        0,
        0.5,
        8,
        0,
        0.867,
        -10,
        0,
        1.333,
        8,
        0,
        1.867,
        -7,
        0,
        2.4,
        5,
        0,
        2.933,
        -3,
        0,
        3.4,
        2,
        0,
        3.933,
        -3,
        0,
        4.167,
        0
      ]
    },
    {
      "Target": "Parameter",
      "Id": "Param29",
      "Segments": [
        0,
        0,
        0,
        0.667,
        8,
        0,
        1.033,
        -10,
        0,
        1.5,
        8,
        0,
        2.033,
        -7,
        0,
        2.567,
        5,
        0,
        3.1,
        -3,
        0,
        3.567,
        2,
        1,
        3.767,
        2,
        3.967,
        1.177,
        4.167,
        0
      ]
    },
    {
      "Target": "Parameter",
      "Id": "Param19",
      "Segments": [
        0,
        -1.399,
        0,
        1,
        3,
        0,
        2,
        -3,
        0,
        3,
        3,
        0,
        4.167,
        -1.399
      ]
    },
    {
      "Target": "Parameter",
      "Id": "Param102",
      "Segments": [
        0,
        1.299,
        0,
        0.633,
        -1.045,
        0,
        1.433,
        3,
        0,
        2.433,
        -3,
        0,
        3.433,
        3,
        0,
        4.167,
        1.299
      ]
    },
    {
      "Target": "Parameter",
      "Id": "Param17",
      "Segments": [
        0,
        -2.062,
        0,
        0.7,
        6,
        0,
        1.7,
        -6,
        0,
        2.7,
        6,
        1,
        3.189,
        6,
        3.678,
        2.098,
        4.167,
        -2.062
      ]
    },
    {
      "Target": "Parameter",
      "Id": "Param20",
      "Segments": [
        0,
        0.994,
        0,
        0.867,
        5,
        0,
        1.867,
        -5,
        0,
        2.867,
        5,
        1,
        3.3,
        5,
        3.734,
        4.414,
        4.167,
        0.994
      ]
    },
    {
      "Target": "Parameter",
      "Id": "Param16",
      "Segments": [
        0,
        1.443,
        0,
        0.833,
        5,
        0,
        1.833,
        -5,
        0,
        2.833,
        5,
        0,
        4.167,
        1.443
      ]
    },
    {
      "Target": "Parameter",
      "Id": "Param21",
      "Segments": [
        0,
        -2.181,
        0,
        1,
        6,
        0,
        2,
        -6,
        0,
        3,
        6,
        0,
        4.167,
        -2.181
      ]
    },
    {
      "Target": "Parameter",
      "Id": "Param61",
      "Segments": [
        0,
        -4.261,
        0,
        0.333,
        7,
        0,
        0.667,
        -5,
        0,
        1.167,
        3,
        0,
        1.6,
        -2,
        0,
        1.833,
        8,
        0,
        2.233,
        -6,
        0,
        2.7,
        4,
        0,
        3.2,
        -2,
        0,
        3.633,
        4,
        1,
        3.811,
        4,
        3.989,
        -2.153,
        4.167,
        -4.261
      ]
    },
    {
      "Target": "Parameter",
      "Id": "Param78",
      "Segments": [
        0,
        -3.438,
        0,
        0.4,
        7,
        0,
        0.733,
        -5,
        0,
        1.233,
        3,
        0,
        1.667,
        -2,
        0,
        1.9,
        8,
        0,
        2.3,
        -6,
        0,
        2.767,
        4,
        0,
        3.267,
        -2,
        0,
        3.7,
        4,
        1,
        3.856,
        4,
        4.011,
        -1.44,
        4.167,
        -3.438
      ]
    },
    {
      "Target": "Parameter",
      "Id": "Param65",
      "Segments": [
        0,
        0.994,
        0,
        0.533,
        7,
        0,
        0.867,
        -5,
        0,
        1.367,
        3,
        0,
        1.8,
        -2,
        0,
        2.033,
        8,
        0,
        2.433,
        -6,
        0,
        2.9,
        4,
        0,
        3.4,
        -2,
        0,
        3.833,
        4,
        1,
        3.944,
        4,
        4.056,
        2.636,
        4.167,
        0.994
      ]
    },
    {
      "Target": "Parameter",
      "Id": "Param79",
      "Segments": [
        0,
        -2.405,
        0,
        0.467,
        7,
        0,
        0.8,
        -5,
        0,
        1.3,
        3,
        0,
        1.733,
        -2,
        0,
        1.967,
        8,
        0,
        2.367,
        -6,
        0,
        2.833,
        4,
        0,
        3.333,
        -2,
        0,
        3.767,
        4,
        1,
        3.9,
        4,
        4.034,
        -0.462,
        4.167,
        -2.405
      ]
    },
    {
      "Target": "Parameter",
      "Id": "Param70",
      "Segments": [
        0,
        2.181,
        0,
        0.6,
        7,
        0,
        0.933,
        -5,
        0,
        1.433,
        3,
        0,
        1.867,
        -2,
        0,
        2.1,
        8,
        0,
        2.5,
        -6,
        0,
        2.967,
        4,
        0,
        3.467,
        -2,
        0,
        3.9,
        4,
        1,
        3.989,
        4,
        4.078,
        3.444,
        4.167,
        2.181
      ]
    },
    {
      "Target": "Parameter",
      "Id": "Param80",
      "Segments": [
        0,
        -1.241,
        0,
        0.333,
        7,
        0,
        0.667,
        -5,
        0,
        1.167,
        3,
        0,
        1.6,
        -2,
        0,
        1.833,
        8,
        0,
        2.233,
        -6,
        0,
        2.7,
        4,
        0,
        3.2,
        -2,
        0,
        3.633,
        4,
        1,
        3.811,
        4,
        3.989,
        1.326,
        4.167,
        -1.241
      ]
    },
    {
      "Target": "Parameter",
      "Id": "Param63",
      "Segments": [
        0,
        3.247,
        0,
        0.467,
        7,
        0,
        0.8,
        -5,
        0,
        1.3,
        3,
        0,
        1.733,
        -2,
        0,
        1.967,
        8,
        0,
        2.367,
        -6,
        0,
        2.833,
        4,
        0,
        3.333,
        -2,
        0,
        3.767,
        4,
        1,
        3.9,
        4,
        4.034,
        4.35,
        4.167,
        3.247
      ]
    },
    {
      "Target": "Parameter",
      "Id": "Param77",
      "Segments": [
        0,
        0,
        0,
        0.4,
        7,
        0,
        0.733,
        -5,
        0,
        1.233,
        3,
        0,
        1.667,
        -2,
        0,
        1.9,
        8,
        0,
        2.3,
        -6,
        0,
        2.767,
        4,
        0,
        3.267,
        -2,
        0,
        3.7,
        4,
        1,
        3.856,
        4,
        4.011,
        2.229,
        4.167,
        0
      ]
    },
    {
      "Target": "Parameter",
      "Id": "Param69",
      "Segments": [
        0,
        4.115,
        0,
        0.533,
        7,
        0,
        0.867,
        -5,
        0,
        1.367,
        3,
        0,
        1.8,
        -2,
        0,
        2.033,
        8,
        0,
        2.433,
        -6,
        0,
        2.9,
        4,
        0,
        3.4,
        -2,
        1,
        3.544,
        -2,
        3.689,
        3.779,
        3.833,
        4,
        1,
        3.944,
        4.17,
        4.056,
        4.115,
        4.167,
        4.115
      ]
    },
    {
      "Target": "Parameter",
      "Id": "Param81",
      "Segments": [
        0,
        -3.048,
        0,
        0.333,
        7,
        0,
        0.667,
        -5,
        0,
        1.167,
        3,
        0,
        1.6,
        -2,
        0,
        1.833,
        8,
        0,
        2.233,
        -6,
        0,
        2.7,
        4,
        0,
        3.2,
        -2,
        0,
        3.633,
        4,
        1,
        3.811,
        4,
        3.989,
        -0.572,
        4.167,
        -3.048
      ]
    },
    {
      "Target": "Parameter",
      "Id": "Param71",
      "Segments": [
        0,
        1.481,
        0,
        0.467,
        7,
        0,
        0.8,
        -5,
        0,
        1.3,
        3,
        0,
        1.733,
        -2,
        0,
        1.967,
        8,
        0,
        2.367,
        -6,
        0,
        2.833,
        4,
        0,
        3.333,
        -2,
        0,
        3.767,
        4,
        1,
        3.9,
        4,
        4.034,
        3.32,
        4.167,
        1.481
      ]
    },
    {
      "Target": "Parameter",
      "Id": "Param82",
      "Segments": [
        0,
        -1.719,
        0,
        0.4,
        7,
        0,
        0.733,
        -5,
        0,
        1.233,
        3,
        0,
        1.667,
        -2,
        0,
        1.9,
        8,
        0,
        2.3,
        -6,
        0,
        2.767,
        4,
        0,
        3.267,
        -2,
        0,
        3.7,
        4,
        1,
        3.856,
        4,
        4.011,
        0.506,
        4.167,
        -1.719
      ]
    },
    {
      "Target": "Parameter",
      "Id": "Param66",
      "Segments": [
        0,
        2.839,
        0,
        0.533,
        7,
        0,
        0.867,
        -5,
        0,
        1.367,
        3,
        0,
        1.8,
        -2,
        0,
        2.033,
        8,
        0,
        2.433,
        -6,
        0,
        2.9,
        4,
        0,
        3.4,
        -2,
        0,
        3.833,
        4,
        1,
        3.944,
        4,
        4.056,
        4.125,
        4.167,
        2.839
      ]
    },
    {
      "Target": "Parameter",
      "Id": "Param83",
      "Segments": [
        0,
        -4.261,
        0,
        0.333,
        6,
        0,
        0.667,
        -4,
        0,
        1.167,
        2,
        0,
        1.6,
        -2,
        0,
        1.833,
        7,
        0,
        2.233,
        -5,
        0,
        2.7,
        3,
        0,
        3.2,
        -2,
        0,
        3.667,
        3,
        1,
        3.834,
        3,
        4,
        -2.36,
        4.167,
        -4.261
      ]
    },
    {
      "Target": "Parameter",
      "Id": "Param72",
      "Segments": [
        0,
        -2.405,
        0,
        0.433,
        6,
        0,
        0.767,
        -4,
        0,
        1.267,
        2,
        0,
        1.7,
        -2,
        0,
        1.933,
        7,
        0,
        2.333,
        -5,
        0,
        2.8,
        3,
        0,
        3.3,
        -2,
        0,
        3.767,
        3,
        1,
        3.9,
        3,
        4.034,
        -0.523,
        4.167,
        -2.405
      ]
    },
    {
      "Target": "Parameter",
      "Id": "Param84",
      "Segments": [
        0,
        0,
        0,
        0.533,
        6,
        0,
        0.867,
        -4,
        0,
        1.367,
        2,
        0,
        1.8,
        -2,
        0,
        2.033,
        7,
        0,
        2.433,
        -5,
        0,
        2.9,
        3,
        0,
        3.4,
        -2,
        0,
        3.867,
        3,
        1,
        3.967,
        3,
        4.067,
        1.443,
        4.167,
        0
      ]
    },
    {
      "Target": "Parameter",
      "Id": "Param93",
      "Segments": [
        0,
        -3.048,
        0,
        0.4,
        6,
        0,
        0.733,
        -4,
        0,
        1.233,
        2,
        0,
        1.667,
        -2,
        0,
        1.9,
        7,
        0,
        2.3,
        -5,
        0,
        2.767,
        3,
        0,
        3.267,
        -2,
        0,
        3.733,
        3,
        1,
        3.878,
        3,
        4.022,
        -1.113,
        4.167,
        -3.048
      ]
    },
    {
      "Target": "Parameter",
      "Id": "Param94",
      "Segments": [
        0,
        -0.748,
        0,
        0.5,
        6,
        0,
        0.833,
        -4,
        0,
        1.333,
        2,
        0,
        1.767,
        -2,
        0,
        2,
        7,
        0,
        2.4,
        -5,
        0,
        2.867,
        3,
        0,
        3.367,
        -2,
        0,
        3.833,
        3,
        1,
        3.944,
        3,
        4.056,
        0.83,
        4.167,
        -0.748
      ]
    },
    {
      "Target": "Parameter",
      "Id": "Param95",
      "Segments": [
        0,
        1.719,
        0,
        0.6,
        6,
        0,
        0.933,
        -4,
        0,
        1.433,
        2,
        0,
        1.867,
        -2,
        0,
        2.1,
        7,
        0,
        2.5,
        -5,
        0,
        2.967,
        3,
        0,
        3.467,
        -2,
        0,
        3.933,
        3,
        1,
        4.011,
        3,
        4.089,
        2.773,
        4.167,
        1.719
      ]
    },
    {
      "Target": "Parameter",
      "Id": "Param96",
      "Segments": [
        0,
        0.994,
        0,
        0.467,
        6,
        0,
        0.8,
        -4,
        0,
        1.3,
        2,
        0,
        1.733,
        -2,
        0,
        1.967,
        7,
        0,
        2.367,
        -5,
        0,
        2.833,
        3,
        0,
        3.333,
        -2,
        0,
        3.8,
        3,
        1,
        3.922,
        3,
        4.045,
        2.561,
        4.167,
        0.994
      ]
    },
    {
      "Target": "Parameter",
      "Id": "Param97",
      "Segments": [
        0,
        3.247,
        0,
        0.567,
        6,
        0,
        0.9,
        -4,
        0,
        1.4,
        2,
        0,
        1.833,
        -2,
        0,
        2.067,
        7,
        0,
        2.467,
        -5,
        0,
        2.933,
        3,
        0,
        3.433,
        -2,
        1,
        3.589,
        -2,
        3.744,
        2.321,
        3.9,
        3,
        1,
        3.989,
        3.388,
        4.078,
        3.247,
        4.167,
        3.247
      ]
    },
    {
      "Target": "Parameter",
      "Id": "Param98",
      "Segments": [
        0,
        4.719,
        0,
        0.667,
        6,
        0,
        1,
        -4,
        0,
        1.5,
        2,
        0,
        1.933,
        -2,
        0,
        2.167,
        7,
        0,
        2.567,
        -5,
        0,
        3.033,
        3,
        0,
        3.533,
        -2,
        1,
        3.689,
        -2,
        3.844,
        -0.3,
        4,
        3,
        1,
        4.056,
        4.178,
        4.111,
        4.719,
        4.167,
        4.719
      ]
    },
    {
      "Target": "Parameter",
      "Id": "Param62",
      "Segments": [
        0,
        -4.261,
        0,
        0.467,
        7,
        0,
        0.8,
        -5,
        0,
        1.3,
        4,
        0,
        1.733,
        -3,
        0,
        1.967,
        8,
        0,
        2.367,
        -6,
        0,
        2.833,
        4,
        0,
        3.333,
        -2,
        0,
        3.8,
        4,
        1,
        3.922,
        4,
        4.045,
        -2.941,
        4.167,
        -4.261
      ]
    },
    {
      "Target": "Parameter",
      "Id": "Param85",
      "Segments": [
        0,
        0,
        0,
        0.567,
        7,
        0,
        0.9,
        -5,
        0,
        1.4,
        4,
        0,
        1.833,
        -3,
        0,
        2.067,
        8,
        0,
        2.467,
        -6,
        0,
        2.933,
        4,
        0,
        3.433,
        -2,
        0,
        3.9,
        4,
        0,
        4.167,
        0
      ]
    },
    {
      "Target": "Parameter",
      "Id": "Param73",
      "Segments": [
        0,
        -3.247,
        0,
        0.4,
        7,
        0,
        0.733,
        -5,
        0,
        1.233,
        4,
        0,
        1.667,
        -3,
        0,
        1.9,
        8,
        0,
        2.3,
        -6,
        0,
        2.767,
        4,
        0,
        3.267,
        -2,
        0,
        3.733,
        4,
        1,
        3.878,
        4,
        4.022,
        -1.242,
        4.167,
        -3.247
      ]
    },
    {
      "Target": "Parameter",
      "Id": "Param86",
      "Segments": [
        0,
        1.481,
        0,
        0.5,
        7,
        0,
        0.833,
        -5,
        0,
        1.333,
        4,
        0,
        1.767,
        -3,
        0,
        2,
        8,
        0,
        2.4,
        -6,
        0,
        2.867,
        4,
        0,
        3.367,
        -2,
        0,
        3.833,
        4,
        1,
        3.944,
        4,
        4.056,
        3.102,
        4.167,
        1.481
      ]
    },
    {
      "Target": "Parameter",
      "Id": "Param67",
      "Segments": [
        0,
        -0.249,
        0,
        0.5,
        7,
        0,
        0.833,
        -5,
        0,
        1.333,
        4,
        0,
        1.767,
        -3,
        0,
        2,
        8,
        0,
        2.4,
        -6,
        0,
        2.867,
        4,
        0,
        3.367,
        -2,
        0,
        3.833,
        4,
        1,
        3.944,
        4,
        4.056,
        1.442,
        4.167,
        -0.249
      ]
    },
    {
      "Target": "Parameter",
      "Id": "Param87",
      "Segments": [
        0,
        3.247,
        0,
        0.6,
        7,
        0,
        0.933,
        -5,
        0,
        1.433,
        4,
        0,
        1.867,
        -3,
        0,
        2.1,
        8,
        0,
        2.5,
        -6,
        0,
        2.967,
        4,
        0,
        3.467,
        -2,
        0,
        3.933,
        4,
        1,
        4.011,
        4,
        4.089,
        4.189,
        4.167,
        3.247
      ]
    },
    {
      "Target": "Parameter",
      "Id": "Param74",
      "Segments": [
        0,
        0,
        2,
        0.5,
        0,
        0,
        1.167,
        10,
        0,
        1.833,
        0,
        0,
        2.5,
        10,
        0,
        3.167,
        0,
        2,
        4.167,
        0
      ]
    },
    {
      "Target": "Parameter",
      "Id": "Param88",
      "Segments": [
        0,
        5,
        0,
        0.833,
        0,
        0,
        1.5,
        10,
        0,
        2.167,
        0,
        0,
        2.833,
        10,
        0,
        3.5,
        0,
        0,
        4.167,
        5
      ]
    },
    {
      "Target": "Parameter",
      "Id": "Param56",
      "Segments": [
        0,
        1.924,
        0,
        0.167,
        -3,
        0,
        0.5,
        6,
        0,
        0.933,
        -3,
        1,
        1.055,
        -3,
        1.178,
        -1.632,
        1.3,
        2,
        1,
        1.422,
        5.632,
        1.545,
        8,
        1.667,
        8,
        0,
        1.933,
        -6,
        0,
        2.367,
        5,
        0,
        2.8,
        -3,
        0,
        3.233,
        3,
        1,
        3.544,
        3,
        3.856,
        3.148,
        4.167,
        1.924
      ]
    },
    {
      "Target": "Parameter",
      "Id": "Param57",
      "Segments": [
        0,
        3.842,
        0,
        0.333,
        -3,
        0,
        0.667,
        6,
        0,
        1.1,
        -3,
        1,
        1.222,
        -3,
        1.345,
        -1.632,
        1.467,
        2,
        1,
        1.589,
        5.632,
        1.711,
        8,
        1.833,
        8,
        0,
        2.1,
        -6,
        0,
        2.533,
        5,
        0,
        2.967,
        -3,
        1,
        3.111,
        -3,
        3.256,
        2.528,
        3.4,
        3,
        1,
        3.656,
        3.834,
        3.911,
        3.842,
        4.167,
        3.842
      ]
    },
    {
      "Target": "Parameter",
      "Id": "Param38",
      "Segments": [
        0,
        -1.924,
        0,
        0.2,
        -3,
        0,
        0.533,
        6,
        0,
        0.967,
        -3,
        1,
        1.089,
        -3,
        1.211,
        -1.632,
        1.333,
        2,
        1,
        1.455,
        5.632,
        1.578,
        8,
        1.7,
        8,
        0,
        1.967,
        -6,
        0,
        2.4,
        5,
        0,
        2.833,
        -3,
        0,
        3.267,
        3,
        1,
        3.567,
        3,
        3.867,
        1.023,
        4.167,
        -1.924
      ]
    },
    {
      "Target": "Parameter",
      "Id": "Param39",
      "Segments": [
        0,
        1.924,
        0,
        0.367,
        -3,
        0,
        0.7,
        6,
        0,
        1.133,
        -3,
        1,
        1.255,
        -3,
        1.378,
        -1.632,
        1.5,
        2,
        1,
        1.622,
        5.632,
        1.745,
        8,
        1.867,
        8,
        0,
        2.133,
        -6,
        0,
        2.567,
        5,
        0,
        3,
        -3,
        0,
        3.433,
        3,
        1,
        3.678,
        3,
        3.922,
        3.185,
        4.167,
        1.924
      ]
    },
    {
      "Target": "Parameter",
      "Id": "Param40",
      "Segments": [
        0,
        -3.974,
        1,
        0.133,
        -3.974,
        0.267,
        -4.073,
        0.4,
        -3,
        1,
        0.511,
        -2.106,
        0.622,
        6,
        0.733,
        6,
        0,
        1.167,
        -3,
        1,
        1.289,
        -3,
        1.411,
        -1.632,
        1.533,
        2,
        1,
        1.655,
        5.632,
        1.778,
        8,
        1.9,
        8,
        0,
        2.167,
        -6,
        0,
        2.6,
        5,
        0,
        3.033,
        -3,
        0,
        3.467,
        3,
        0,
        4.167,
        -3.974
      ]
    },
    {
      "Target": "Parameter",
      "Id": "Param41",
      "Segments": [
        0,
        -2.274,
        0,
        0.567,
        -3,
        0,
        0.9,
        6,
        0,
        1.333,
        -3,
        1,
        1.455,
        -3,
        1.578,
        -1.632,
        1.7,
        2,
        1,
        1.822,
        5.632,
        1.945,
        8,
        2.067,
        8,
        0,
        2.333,
        -6,
        0,
        2.767,
        5,
        0,
        3.2,
        -3,
        0,
        3.633,
        3,
        1,
        3.811,
        3,
        3.989,
        0.91,
        4.167,
        -2.274
      ]
    },
    {
      "Target": "Model",
      "Id": "Opacity",
      "Segments": [
        0,
        1,
        0,
        4.17,
        1
      ]
    },
    {
      "Target": "Parameter",
      "Id": "ParamBreath",
      "Segments": [
        0,
        0,
        0,
        4.17,
        0
      ]
    },
    {
      "Target": "Parameter",
      "Id": "ParamEyeLSmile",
      "Segments": [
        0,
        0,
        0,
        4.17,
        0
      ]
    },
    {
      "Target": "Parameter",
      "Id": "ParamEyeRSmile",
      "Segments": [
        0,
        0,
        0,
        4.17,
        0
      ]
    },
    {
      "Target": "Parameter",
      "Id": "ParamEyeBallX",
      "Segments": [
        0,
        0,
        0,
        4.17,
        0
      ]
    },
    {
      "Target": "Parameter",
      "Id": "ParamEyeBallY",
      "Segments": [
        0,
        0,
        0,
        4.17,
        0
      ]
    },
    {
      "Target": "Parameter",
      "Id": "ParamBrowLY",
      "Segments": [
        0,
        0,
        0,
        4.17,
        0
      ]
    },
    {
      "Target": "Parameter",
      "Id": "ParamBrowRY",
      "Segments": [
        0,
        0,
        0,
        4.17,
        0
      ]
    },
    {
      "Target": "Parameter",
      "Id": "ParamBrowLX",
      "Segments": [
        0,
        0,
        0,
        4.17,
        0
      ]
    },
    {
      "Target": "Parameter",
      "Id": "ParamBrowRX",
      "Segments": [
        0,
        0,
        0,
        4.17,
        0
      ]
    },
    {
      "Target": "Parameter",
      "Id": "ParamBrowLAngle",
      "Segments": [
        0,
        0,
        0,
        4.17,
        0
      ]
    },
    {
      "Target": "Parameter",
      "Id": "ParamBrowRAngle",
      "Segments": [
        0,
        0,
        0,
        4.17,
        0
      ]
    },
    {
      "Target": "Parameter",
      "Id": "ParamBrowLForm",
      "Segments": [
        0,
        0,
        0,
        4.17,
        0
      ]
    },
    {
      "Target": "Parameter",
      "Id": "ParamBrowRForm",
      "Segments": [
        0,
        0,
        0,
        4.17,
        0
      ]
    },
    {
      "Target": "Parameter",
      "Id": "ParamMouthForm",
      "Segments": [
        0,
        0,
        0,
        4.17,
        0
      ]
    },
    {
      "Target": "Parameter",
      "Id": "ParamMouthOpenY2",
      "Segments": [
        0,
        0,
        0,
        4.17,
        0
      ]
    },
    {
      "Target": "Parameter",
      "Id": "ParamCheek",
      "Segments": [
        0,
        0,
        0,
        4.17,
        0
      ]
    },
    {
      "Target": "Parameter",
      "Id": "Param92",
      "Segments": [
        0,
        0,
        0,
        4.17,
        0
      ]
    },
    {
      "Target": "Parameter",
      "Id": "Param53",
      "Segments": [
        0,
        0,
        0,
        4.17,
        0
      ]
    },
    {
      "Target": "Parameter",
      "Id": "Param99",
      "Segments": [
        0,
        0,
        0,
        4.17,
        0
      ]
    },
    {
      "Target": "Parameter",
      "Id": "Param48",
      "Segments": [
        0,
        0,
        0,
        4.17,
        0
      ]
    },
    {
      "Target": "Parameter",
      "Id": "Param51",
      "Segments": [
        0,
        0,
        0,
        4.17,
        0
      ]
    },
    {
      "Target": "Parameter",
      "Id": "Param52",
      "Segments": [
        0,
        0,
        0,
        4.17,
        0
      ]
    },
    {
      "Target": "Parameter",
      "Id": "Param49",
      "Segments": [
        0,
        0,
        0,
        4.17,
        0
      ]
    },
    {
      "Target": "Parameter",
      "Id": "Param23",
      "Segments": [
        0,
        0,
        0,
        4.17,
        0
      ]
    },
    {
      "Target": "Parameter",
      "Id": "Param91",
      "Segments": [
        0,
        0,
        0,
        4.17,
        0
      ]
    },
    {
      "Target": "Parameter",
      "Id": "Param64",
      "Segments": [
        0,
        0,
        0,
        4.17,
        0
      ]
    },
    {
      "Target": "Parameter",
      "Id": "Param90",
      "Segments": [
        0,
        0,
        0,
        4.17,
        0
      ]
    },
    {
      "Target": "Parameter",
      "Id": "Param42",
      "Segments": [
        0,
        -0.496,
        0,
        4.17,
        -0.496
      ]
    },
    {
      "Target": "Parameter",
      "Id": "Param45",
      "Segments": [
        0,
        0,
        0,
        4.17,
        0
      ]
    },
    {
      "Target": "Parameter",
      "Id": "Param5",
      "Segments": [
        0,
        0,
        0,
        4.17,
        0
      ]
    },
    {
      "Target": "Parameter",
      "Id": "Param8",
      "Segments": [
        0,
        0,
        0,
        4.17,
        0
      ]
    },
    {
      "Target": "Parameter",
      "Id": "Param12",
      "Segments": [
        0,
        450,
        0,
        4.17,
        450
      ]
    },
    {
      "Target": "Parameter",
      "Id": "Param47",
      "Segments": [
        0,
        0,
        0,
        4.17,
        0
      ]
    },
    {
      "Target": "Parameter",
      "Id": "Param7",
      "Segments": [
        0,
        0,
        0,
        4.17,
        0
      ]
    },
    {
      "Target": "Parameter",
      "Id": "Param13",
      "Segments": [
        0,
        0,
        0,
        4.17,
        0
      ]
    },
    {
      "Target": "Parameter",
      "Id": "Param",
      "Segments": [
        0,
        0,
        0,
        4.17,
        0
      ]
    },
    {
      "Target": "Parameter",
      "Id": "Param2",
      "Segments": [
        0,
        0,
        0,
        4.17,
        0
      ]
    },
    {
      "Target": "Parameter",
      "Id": "Param3",
      "Segments": [
        0,
        0,
        0,
        4.17,
        0
      ]
    },
    {
      "Target": "Parameter",
      "Id": "Param100",
      "Segments": [
        0,
        0,
        0,
        4.17,
        0
      ]
    },
    {
      "Target": "Parameter",
      "Id": "Param101",
      "Segments": [
        0,
        1,
        0,
        4.17,
        1
      ]
    },
    {
      "Target": "Parameter",
      "Id": "Param9",
      "Segments": [
        0,
        0,
        0,
        4.17,
        0
      ]
    },
    {
      "Target": "Parameter",
      "Id": "Param54",
      "Segments": [
        0,
        1.375,
        0,
        4.17,
        1.375
      ]
    },
    {
      "Target": "Parameter",
      "Id": "Param55",
      "Segments": [
        0,
        0,
        0,
        4.17,
        0
      ]
    },
    {
      "Target": "Parameter",
      "Id": "Param68",
      "Segments": [
        0,
        0,
        0,
        4.17,
        0
      ]
    },
    {
      "Target": "Parameter",
      "Id": "Param75",
      "Segments": [
        0,
        5,
        0,
        4.17,
        5
      ]
    },
    {
      "Target": "Parameter",
      "Id": "Param76",
      "Segments": [
        0,
        0,
        0,
        4.17,
        0
      ]
    },
    {
      "Target": "Parameter",
      "Id": "Param89",
      "Segments": [
        0,
        -3,
        0,
        4.17,
        -3
      ]
    }
  ],
  "UserData": [
    {
      "Time": 0.0,
      "Value": ""
    },
    {
      "Time": 0.17,
      "Value": "characterVoice_106_3"
    },
    {
      "Time": 1.4,
      "Value": "particle_FXPFXLive2dVee2_1"
    },
    {
      "Time": 1.63,
      "Value": "particle_FXPFXLive2dVee2_0"
    },
    {
      "Time": 3.8,
      "Value": "particle_FXPFXLive2dVee2_1"
    },
    {
      "Time": 4.17,
      "Value": "particle_FXPFXLive2dVee2_0"
    }
  ]
}