{
  "Version": 3,
  "Meta": {
    "Duration": 2.333,
    "Fps": 30.0,
    "Loop": true,
    "AreBeziersRestricted": true,
    "CurveCount": 134,
    "TotalSegmentCount": 445,
    "TotalPointCount": 601,
    "UserDataCount": 2,
    "TotalUserDataSize": 19
  },
  "Curves": [
    {
      "Target": "Parameter",
      "Id": "ParamAngleX",
      "Segments": [
        0,
        -3.408,
        0,
        0.267,
        -19,
        1,
        0.4,
        -19,
        0.534,
        7.982,
        0.667,
        11,
        1,
        0.878,
        15.779,
        1.089,
        16,
        1.3,
        16,
        1,
        1.644,
        16,
        1.989,
        1.433,
        2.333,
        -3.408
      ]
    },
    {
      "Target": "Parameter",
      "Id": "ParamAngleY",
      "Segments": [
        0,
        1.489,
        0,
        0.267,
        -6,
        1,
        0.4,
        -6,
        0.534,
        -1.63,
        0.667,
        -1,
        1,
        0.878,
        -0.002,
        1.089,
        0.728,
        1.3,
        1,
        1,
        1.644,
        1.444,
        1.989,
        1.489,
        2.333,
        1.489
      ]
    },
    {
      "Target": "Parameter",
      "Id": "ParamAngleZ",
      "Segments": [
        0,
        -1.375,
        0,
        0.4,
        -4,
        1,
        0.533,
        -4,
        0.667,
        7.182,
        0.8,
        9,
        1,
        1.011,
        11.879,
        1.222,
        12.608,
        1.433,
        15,
        1,
        1.511,
        15.881,
        1.589,
        18,
        1.667,
        18,
        1,
        1.889,
        18,
        2.111,
        0.249,
        2.333,
        -1.375
      ]
    },
    {
      "Target": "Parameter",
      "Id": "ParamBodyAngleX",
      "Segments": [
        0,
        -3,
        0,
        0.167,
        -5,
        1,
        0.334,
        -5,
        0.5,
        4.13,
        0.667,
        5,
        1,
        0.878,
        6.102,
        1.089,
        6.196,
        1.3,
        7,
        1,
        1.389,
        7.339,
        1.478,
        8,
        1.567,
        8,
        0,
        2.333,
        -3
      ]
    },
    {
      "Target": "Parameter",
      "Id": "ParamBodyAngleY",
      "Segments": [
        0,
        0,
        0,
        0.267,
        -2,
        0,
        0.767,
        2,
        0,
        1.1,
        0,
        2,
        2.333,
        0
      ]
    },
    {
      "Target": "Parameter",
      "Id": "ParamBodyAngleZ",
      "Segments": [
        0,
        0.346,
        0,
        0.367,
        -1,
        1,
        0.534,
        -1,
        0.7,
        0.783,
        0.867,
        1,
        1,
        1.078,
        1.275,
        1.289,
        1.282,
        1.5,
        1.497,
        1,
        1.589,
        1.588,
        1.678,
        1.967,
        1.767,
        1.967,
        0,
        2.333,
        0.346
      ]
    },
    {
      "Target": "Parameter",
      "Id": "ParamBodyAngleZ2",
      "Segments": [
        0,
        -0.688,
        0,
        0.367,
        2,
        1,
        0.534,
        2,
        0.7,
        -4.553,
        0.867,
        -5,
        1,
        1.078,
        -5.566,
        1.289,
        -5.565,
        1.5,
        -6,
        1,
        1.589,
        -6.183,
        1.678,
        -7,
        1.767,
        -7,
        0,
        2.333,
        -0.688
      ]
    },
    {
      "Target": "Parameter",
      "Id": "ParamEyeLOpen",
      "Segments": [
        0,
        1,
        0,
        0.167,
        0,
        0,
        0.333,
        1,
        2,
        2.333,
        1
      ]
    },
    {
      "Target": "Parameter",
      "Id": "ParamEyeROpen",
      "Segments": [
        0,
        1,
        0,
        0.167,
        0,
        0,
        0.333,
        1,
        2,
        2.333,
        1
      ]
    },
    {
      "Target": "Parameter",
      "Id": "Param37",
      "Segments": [
        0,
        -0.428,
        1,
        0.144,
        -0.428,
        0.289,
        -0.253,
        0.433,
        2,
        1,
        0.7,
        6.159,
        0.966,
        10,
        1.233,
        10,
        1,
        1.6,
        10,
        1.966,
        0.25,
        2.333,
        -0.428
      ]
    },
    {
      "Target": "Parameter",
      "Id": "Param43",
      "Segments": [
        0,
        0.001,
        0,
        0.6,
        -6,
        0,
        1.4,
        3,
        0,
        2.333,
        0.001
      ]
    },
    {
      "Target": "Parameter",
      "Id": "Param44",
      "Segments": [
        0,
        -0.428,
        0,
        0.833,
        -9,
        0,
        1.6,
        6,
        0,
        2.333,
        -0.428
      ]
    },
    {
      "Target": "Parameter",
      "Id": "Param4",
      "Segments": [
        0,
        -0.483,
        1,
        0.167,
        -0.483,
        0.333,
        -1.106,
        0.5,
        -2,
        1,
        0.767,
        -3.43,
        1.033,
        -4,
        1.3,
        -4,
        0,
        2.333,
        -0.483
      ]
    },
    {
      "Target": "Parameter",
      "Id": "Param11",
      "Segments": [
        0,
        0.346,
        0,
        0.667,
        1,
        0,
        1.467,
        -1,
        1,
        1.756,
        -1,
        2.044,
        -0.116,
        2.333,
        0.346
      ]
    },
    {
      "Target": "Parameter",
      "Id": "Param42",
      "Segments": [
        0,
        -0.496,
        0,
        0.867,
        5,
        1,
        1.134,
        5,
        1.4,
        0.406,
        1.667,
        0,
        1,
        1.889,
        -0.338,
        2.111,
        -0.216,
        2.333,
        -0.496
      ]
    },
    {
      "Target": "Parameter",
      "Id": "Param30",
      "Segments": [
        0,
        1.443,
        0,
        0.267,
        -5,
        0,
        0.667,
        3,
        0,
        1.1,
        -2,
        0,
        1.5,
        1,
        0,
        1.9,
        -1,
        0,
        2.333,
        1.443
      ]
    },
    {
      "Target": "Parameter",
      "Id": "Param18",
      "Segments": [
        0,
        1.704,
        0,
        0.4,
        -5,
        0,
        0.8,
        3,
        0,
        1.233,
        -2,
        0,
        1.633,
        1,
        0,
        2.033,
        -1,
        0,
        2.333,
        1.704
      ]
    },
    {
      "Target": "Parameter",
      "Id": "Param26",
      "Segments": [
        0,
        3.96,
        0,
        0.333,
        -8,
        0,
        0.733,
        6,
        0,
        1.167,
        -5,
        0,
        1.567,
        4,
        0,
        1.967,
        -1,
        0,
        2.333,
        3.96
      ]
    },
    {
      "Target": "Parameter",
      "Id": "Param31",
      "Segments": [
        0,
        6.898,
        0,
        0.467,
        -8,
        0,
        0.867,
        6,
        0,
        1.3,
        -5,
        0,
        1.7,
        4,
        0,
        2.1,
        -1,
        0,
        2.333,
        6.898
      ]
    },
    {
      "Target": "Parameter",
      "Id": "Param24",
      "Segments": [
        0,
        3.699,
        0,
        0.433,
        -8,
        0,
        0.833,
        6,
        0,
        1.267,
        -5,
        0,
        1.667,
        4,
        0,
        2.067,
        -1,
        0,
        2.333,
        3.699
      ]
    },
    {
      "Target": "Parameter",
      "Id": "Param32",
      "Segments": [
        0,
        6.955,
        0,
        0.567,
        -8,
        0,
        0.967,
        6,
        0,
        1.4,
        -5,
        0,
        1.8,
        4,
        0,
        2.2,
        -1,
        1,
        2.244,
        -1,
        2.289,
        6.786,
        2.333,
        6.955
      ]
    },
    {
      "Target": "Parameter",
      "Id": "Param27",
      "Segments": [
        0,
        3.62,
        0,
        0.4,
        -8,
        0,
        0.8,
        6,
        0,
        1.233,
        -5,
        0,
        1.633,
        4,
        0,
        2.033,
        -1,
        0,
        2.333,
        3.62
      ]
    },
    {
      "Target": "Parameter",
      "Id": "Param33",
      "Segments": [
        0,
        6.723,
        0,
        0.533,
        -8,
        0,
        0.933,
        6,
        0,
        1.367,
        -5,
        0,
        1.767,
        4,
        0,
        2.167,
        -1,
        0,
        2.333,
        6.723
      ]
    },
    {
      "Target": "Parameter",
      "Id": "Param103",
      "Segments": [
        0,
        0.497,
        0,
        0.333,
        -8,
        0,
        0.733,
        6,
        0,
        1.167,
        -5,
        0,
        1.567,
        4,
        0,
        1.967,
        -1,
        0,
        2.333,
        0.497
      ]
    },
    {
      "Target": "Parameter",
      "Id": "Param104",
      "Segments": [
        0,
        3.779,
        0,
        0.467,
        -8,
        0,
        0.867,
        6,
        0,
        1.3,
        -5,
        0,
        1.7,
        4,
        0,
        2.1,
        -1,
        0,
        2.333,
        3.779
      ]
    },
    {
      "Target": "Parameter",
      "Id": "Param105",
      "Segments": [
        0,
        4.873,
        0,
        0.433,
        -8,
        0,
        0.833,
        6,
        0,
        1.267,
        -5,
        0,
        1.667,
        4,
        0,
        2.067,
        -1,
        0,
        2.333,
        4.873
      ]
    },
    {
      "Target": "Parameter",
      "Id": "Param106",
      "Segments": [
        0,
        6.688,
        0,
        0.567,
        -8,
        0,
        0.967,
        6,
        0,
        1.4,
        -5,
        0,
        1.8,
        4,
        0,
        2.2,
        -1,
        1,
        2.244,
        -1,
        2.289,
        6.309,
        2.333,
        6.688
      ]
    },
    {
      "Target": "Parameter",
      "Id": "Param22",
      "Segments": [
        0,
        4.393,
        0,
        0.333,
        -8,
        0,
        0.733,
        6,
        0,
        1.167,
        -5,
        0,
        1.567,
        4,
        0,
        1.967,
        -1,
        0,
        2.333,
        4.393
      ]
    },
    {
      "Target": "Parameter",
      "Id": "Param34",
      "Segments": [
        0,
        7,
        0,
        0.467,
        -8,
        0,
        0.867,
        6,
        0,
        1.3,
        -5,
        0,
        1.7,
        4,
        0,
        2.1,
        -1,
        0,
        2.333,
        7
      ]
    },
    {
      "Target": "Parameter",
      "Id": "Param28",
      "Segments": [
        0,
        3.898,
        0,
        0.433,
        -8,
        0,
        0.833,
        6,
        0,
        1.267,
        -5,
        0,
        1.667,
        4,
        0,
        2.067,
        -1,
        0,
        2.333,
        3.898
      ]
    },
    {
      "Target": "Parameter",
      "Id": "Param35",
      "Segments": [
        0,
        6.723,
        0,
        0.567,
        -8,
        0,
        0.967,
        6,
        0,
        1.4,
        -5,
        0,
        1.8,
        4,
        0,
        2.2,
        -1,
        1,
        2.244,
        -1,
        2.289,
        6.384,
        2.333,
        6.723
      ]
    },
    {
      "Target": "Parameter",
      "Id": "Param25",
      "Segments": [
        0,
        0,
        0,
        0.3,
        -8,
        0,
        0.6,
        6,
        0,
        0.933,
        -5,
        0,
        1.333,
        4,
        0,
        1.767,
        -2,
        0,
        2.333,
        0
      ]
    },
    {
      "Target": "Parameter",
      "Id": "Param36",
      "Segments": [
        0,
        0,
        0,
        0.433,
        -8,
        0,
        0.733,
        6,
        0,
        1.067,
        -5,
        0,
        1.467,
        4,
        0,
        1.933,
        -2,
        0,
        2.333,
        0
      ]
    },
    {
      "Target": "Parameter",
      "Id": "Param29",
      "Segments": [
        0,
        0,
        0,
        0.567,
        -8,
        0,
        0.867,
        6,
        0,
        1.2,
        -5,
        0,
        1.6,
        4,
        0,
        2.1,
        -2,
        0,
        2.333,
        0
      ]
    },
    {
      "Target": "Parameter",
      "Id": "Param19",
      "Segments": [
        0,
        -1.399,
        0,
        0.733,
        3,
        0,
        1.533,
        -3,
        1,
        1.8,
        -3,
        2.066,
        -2.724,
        2.333,
        -1.399
      ]
    },
    {
      "Target": "Parameter",
      "Id": "Param102",
      "Segments": [
        0,
        1.299,
        0,
        0.433,
        -0.985,
        0,
        1.033,
        3,
        0,
        1.833,
        -3,
        1,
        2,
        -3,
        2.166,
        0.262,
        2.333,
        1.299
      ]
    },
    {
      "Target": "Parameter",
      "Id": "Param17",
      "Segments": [
        0,
        -2.062,
        0,
        0.6,
        5,
        0,
        1.467,
        -5,
        0,
        2.333,
        -2.062
      ]
    },
    {
      "Target": "Parameter",
      "Id": "Param20",
      "Segments": [
        0,
        0.994,
        0,
        0.767,
        5,
        0,
        1.633,
        -5,
        0,
        2.333,
        0.994
      ]
    },
    {
      "Target": "Parameter",
      "Id": "Param16",
      "Segments": [
        0,
        1.443,
        0,
        0.767,
        5,
        0,
        1.633,
        -5,
        1,
        1.866,
        -5,
        2.1,
        -0.9,
        2.333,
        1.443
      ]
    },
    {
      "Target": "Parameter",
      "Id": "Param21",
      "Segments": [
        0,
        -2.181,
        0,
        0.933,
        6,
        0,
        1.8,
        -6,
        1,
        1.978,
        -6,
        2.155,
        -4.732,
        2.333,
        -2.181
      ]
    },
    {
      "Target": "Parameter",
      "Id": "Param61",
      "Segments": [
        0,
        -4.261,
        0,
        0.2,
        -9,
        0,
        0.7,
        7,
        0,
        1.233,
        -7,
        0,
        1.733,
        5,
        1,
        1.844,
        5,
        1.956,
        -1.988,
        2.067,
        -3,
        1,
        2.156,
        -3.81,
        2.244,
        -3.807,
        2.333,
        -4.261
      ]
    },
    {
      "Target": "Parameter",
      "Id": "Param78",
      "Segments": [
        0,
        -3.438,
        0,
        0.333,
        -7,
        0,
        0.833,
        5,
        0,
        1.367,
        -3,
        0,
        1.867,
        2,
        1,
        2.022,
        2,
        2.178,
        -1.571,
        2.333,
        -3.438
      ]
    },
    {
      "Target": "Parameter",
      "Id": "Param65",
      "Segments": [
        0,
        0.994,
        0,
        0.5,
        -7,
        0,
        1,
        5,
        0,
        1.533,
        -3,
        0,
        2.033,
        2,
        1,
        2.133,
        2,
        2.233,
        2.076,
        2.333,
        0.994
      ]
    },
    {
      "Target": "Parameter",
      "Id": "Param79",
      "Segments": [
        0,
        -2.405,
        0,
        0.433,
        -7,
        0,
        0.933,
        5,
        0,
        1.467,
        -3,
        0,
        1.967,
        2,
        1,
        2.089,
        2,
        2.211,
        -0.75,
        2.333,
        -2.405
      ]
    },
    {
      "Target": "Parameter",
      "Id": "Param70",
      "Segments": [
        0,
        2.181,
        0,
        0.6,
        -7,
        0,
        1.1,
        5,
        0,
        1.633,
        -3,
        1,
        1.8,
        -3,
        1.966,
        1.153,
        2.133,
        2,
        1,
        2.2,
        2.339,
        2.266,
        2.181,
        2.333,
        2.181
      ]
    },
    {
      "Target": "Parameter",
      "Id": "Param80",
      "Segments": [
        0,
        -1.241,
        0,
        0.333,
        -7,
        0,
        0.833,
        5,
        0,
        1.367,
        -3,
        0,
        1.867,
        2,
        1,
        2.022,
        2,
        2.178,
        0.726,
        2.333,
        -1.241
      ]
    },
    {
      "Target": "Parameter",
      "Id": "Param63",
      "Segments": [
        0,
        3.247,
        0,
        0.5,
        -7,
        0,
        1,
        5,
        0,
        1.533,
        -3,
        1,
        1.7,
        -3,
        1.866,
        -0.162,
        2.033,
        2,
        1,
        2.133,
        3.297,
        2.233,
        3.247,
        2.333,
        3.247
      ]
    },
    {
      "Target": "Parameter",
      "Id": "Param77",
      "Segments": [
        0,
        0,
        0,
        0.433,
        -7,
        0,
        0.933,
        5,
        0,
        1.467,
        -3,
        0,
        1.967,
        2,
        1,
        2.089,
        2,
        2.211,
        1.499,
        2.333,
        0
      ]
    },
    {
      "Target": "Parameter",
      "Id": "Param69",
      "Segments": [
        0,
        4.115,
        0,
        0.6,
        -7,
        0,
        1.1,
        5,
        0,
        1.633,
        -3,
        1,
        1.8,
        -3,
        1.966,
        -1.386,
        2.133,
        2,
        1,
        2.2,
        3.354,
        2.266,
        4.115,
        2.333,
        4.115
      ]
    },
    {
      "Target": "Parameter",
      "Id": "Param81",
      "Segments": [
        0,
        -3.048,
        0,
        0.333,
        -7,
        0,
        0.833,
        5,
        0,
        1.367,
        -3,
        0,
        1.867,
        2,
        1,
        2.022,
        2,
        2.178,
        -1.057,
        2.333,
        -3.048
      ]
    },
    {
      "Target": "Parameter",
      "Id": "Param71",
      "Segments": [
        0,
        1.481,
        0,
        0.5,
        -7,
        0,
        1,
        5,
        0,
        1.533,
        -3,
        0,
        2.033,
        2,
        1,
        2.133,
        2,
        2.233,
        2.278,
        2.333,
        1.481
      ]
    },
    {
      "Target": "Parameter",
      "Id": "Param82",
      "Segments": [
        0,
        -1.719,
        0,
        0.433,
        -7,
        0,
        0.933,
        5,
        0,
        1.467,
        -3,
        0,
        1.967,
        2,
        1,
        2.089,
        2,
        2.211,
        -0.106,
        2.333,
        -1.719
      ]
    },
    {
      "Target": "Parameter",
      "Id": "Param66",
      "Segments": [
        0,
        2.839,
        0,
        0.6,
        -7,
        0,
        1.1,
        5,
        0,
        1.633,
        -3,
        1,
        1.8,
        -3,
        1.966,
        -0.366,
        2.133,
        2,
        1,
        2.2,
        2.946,
        2.266,
        2.839,
        2.333,
        2.839
      ]
    },
    {
      "Target": "Parameter",
      "Id": "Param83",
      "Segments": [
        0,
        -4.261,
        0,
        0.333,
        -7,
        0,
        0.833,
        5,
        0,
        1.367,
        -3,
        0,
        1.867,
        2,
        1,
        2.022,
        2,
        2.178,
        -2.561,
        2.333,
        -4.261
      ]
    },
    {
      "Target": "Parameter",
      "Id": "Param72",
      "Segments": [
        0,
        -2.405,
        0,
        0.433,
        -7,
        0,
        0.933,
        5,
        0,
        1.467,
        -3,
        0,
        1.967,
        2,
        1,
        2.089,
        2,
        2.211,
        -0.75,
        2.333,
        -2.405
      ]
    },
    {
      "Target": "Parameter",
      "Id": "Param84",
      "Segments": [
        0,
        0,
        0,
        0.533,
        -7,
        0,
        1.033,
        5,
        0,
        1.567,
        -3,
        0,
        2.067,
        2,
        1,
        2.156,
        2,
        2.244,
        1.2,
        2.333,
        0
      ]
    },
    {
      "Target": "Parameter",
      "Id": "Param93",
      "Segments": [
        0,
        -3.048,
        0,
        0.433,
        -7,
        0,
        0.933,
        5,
        0,
        1.467,
        -3,
        0,
        1.967,
        2,
        1,
        2.089,
        2,
        2.211,
        -1.479,
        2.333,
        -3.048
      ]
    },
    {
      "Target": "Parameter",
      "Id": "Param94",
      "Segments": [
        0,
        -0.748,
        0,
        0.533,
        -7,
        0,
        1.033,
        5,
        0,
        1.567,
        -3,
        0,
        2.067,
        2,
        1,
        2.156,
        2,
        2.244,
        0.466,
        2.333,
        -0.748
      ]
    },
    {
      "Target": "Parameter",
      "Id": "Param95",
      "Segments": [
        0,
        1.719,
        0,
        0.633,
        -7,
        0,
        1.133,
        5,
        0,
        1.667,
        -3,
        0,
        2.167,
        2,
        1,
        2.222,
        2,
        2.278,
        2.249,
        2.333,
        1.719
      ]
    },
    {
      "Target": "Parameter",
      "Id": "Param96",
      "Segments": [
        0,
        0.994,
        0,
        0.5,
        -7,
        0,
        1,
        5,
        0,
        1.533,
        -3,
        0,
        2.033,
        2,
        1,
        2.133,
        2,
        2.233,
        2.076,
        2.333,
        0.994
      ]
    },
    {
      "Target": "Parameter",
      "Id": "Param97",
      "Segments": [
        0,
        3.247,
        0,
        0.6,
        -7,
        0,
        1.1,
        5,
        0,
        1.633,
        -3,
        1,
        1.8,
        -3,
        1.966,
        -0.833,
        2.133,
        2,
        1,
        2.2,
        3.133,
        2.266,
        3.247,
        2.333,
        3.247
      ]
    },
    {
      "Target": "Parameter",
      "Id": "Param98",
      "Segments": [
        0,
        4.719,
        0,
        0.7,
        -7,
        0,
        1.2,
        5,
        0,
        1.733,
        -3,
        1,
        1.9,
        -3,
        2.066,
        -1.688,
        2.233,
        2,
        1,
        2.266,
        2.738,
        2.3,
        4.719,
        2.333,
        4.719
      ]
    },
    {
      "Target": "Parameter",
      "Id": "Param62",
      "Segments": [
        0,
        -4.261,
        0,
        0.367,
        -5,
        0,
        0.867,
        4,
        0,
        1.4,
        -3,
        0,
        1.9,
        2,
        1,
        2.044,
        2,
        2.189,
        -2.7,
        2.333,
        -4.261
      ]
    },
    {
      "Target": "Parameter",
      "Id": "Param85",
      "Segments": [
        0,
        0,
        0,
        0.533,
        -5,
        0,
        1.033,
        4,
        0,
        1.567,
        -3,
        0,
        2.067,
        2,
        0,
        2.333,
        0
      ]
    },
    {
      "Target": "Parameter",
      "Id": "Param73",
      "Segments": [
        0,
        -3.247,
        0,
        0.267,
        -5,
        0,
        0.767,
        4,
        0,
        1.3,
        -3,
        0,
        1.8,
        2,
        1,
        1.978,
        2,
        2.155,
        -0.984,
        2.333,
        -3.247
      ]
    },
    {
      "Target": "Parameter",
      "Id": "Param86",
      "Segments": [
        0,
        1.481,
        0,
        0.433,
        -5,
        0,
        0.933,
        4,
        0,
        1.467,
        -3,
        0,
        1.967,
        2,
        1,
        2.089,
        2,
        2.211,
        2.279,
        2.333,
        1.481
      ]
    },
    {
      "Target": "Parameter",
      "Id": "Param67",
      "Segments": [
        0,
        -0.249,
        0,
        0.2,
        7,
        0,
        0.7,
        -5,
        0,
        1.233,
        4,
        0,
        1.633,
        -3,
        0,
        1.967,
        5,
        1,
        2.089,
        5,
        2.211,
        1.672,
        2.333,
        -0.249
      ]
    },
    {
      "Target": "Parameter",
      "Id": "Param87",
      "Segments": [
        0,
        3.247,
        0,
        0.367,
        7,
        0,
        0.867,
        -5,
        0,
        1.4,
        4,
        0,
        1.8,
        -3,
        0,
        2.133,
        5,
        1,
        2.2,
        5,
        2.266,
        4.269,
        2.333,
        3.247
      ]
    },
    {
      "Target": "Parameter",
      "Id": "Param74",
      "Segments": [
        0,
        0,
        2,
        0.4,
        0,
        0,
        1.067,
        10,
        0,
        1.733,
        0,
        2,
        2.333,
        0
      ]
    },
    {
      "Target": "Parameter",
      "Id": "Param88",
      "Segments": [
        0,
        5,
        0,
        0.733,
        0,
        0,
        1.4,
        10,
        0,
        2.067,
        0,
        0,
        2.333,
        5
      ]
    },
    {
      "Target": "Parameter",
      "Id": "Param54",
      "Segments": [
        0,
        1.375,
        0,
        0.4,
        -5,
        0,
        0.767,
        4,
        0,
        1.133,
        -2,
        1,
        1.222,
        -2,
        1.311,
        -0.163,
        1.4,
        0,
        1,
        1.711,
        0.572,
        2.022,
        0.83,
        2.333,
        1.375
      ]
    },
    {
      "Target": "Parameter",
      "Id": "Param56",
      "Segments": [
        0,
        1.924,
        0,
        0.2,
        -4,
        0,
        0.567,
        8,
        0,
        0.9,
        -6,
        0,
        1.233,
        4,
        0,
        1.567,
        -2,
        1,
        1.678,
        -2,
        1.789,
        -1.112,
        1.9,
        0,
        1,
        2.044,
        1.445,
        2.189,
        1.924,
        2.333,
        1.924
      ]
    },
    {
      "Target": "Parameter",
      "Id": "Param57",
      "Segments": [
        0,
        3.842,
        0,
        0.333,
        -4,
        0,
        0.7,
        8,
        0,
        1.033,
        -6,
        0,
        1.367,
        4,
        0,
        1.7,
        -2,
        1,
        1.811,
        -2,
        1.922,
        -1.765,
        2.033,
        0,
        1,
        2.133,
        1.589,
        2.233,
        3.842,
        2.333,
        3.842
      ]
    },
    {
      "Target": "Parameter",
      "Id": "Param38",
      "Segments": [
        0,
        -1.924,
        0,
        0.267,
        -4,
        0,
        0.633,
        8,
        0,
        0.967,
        -6,
        0,
        1.3,
        4,
        0,
        1.633,
        -2,
        0,
        1.967,
        0,
        1,
        2.089,
        0,
        2.211,
        -0.811,
        2.333,
        -1.924
      ]
    },
    {
      "Target": "Parameter",
      "Id": "Param39",
      "Segments": [
        0,
        1.924,
        0,
        0.4,
        -4,
        0,
        0.767,
        8,
        0,
        1.1,
        -6,
        0,
        1.433,
        4,
        0,
        1.767,
        -2,
        1,
        1.878,
        -2,
        1.989,
        -1.5,
        2.1,
        0,
        1,
        2.178,
        1.05,
        2.255,
        1.924,
        2.333,
        1.924
      ]
    },
    {
      "Target": "Parameter",
      "Id": "Param40",
      "Segments": [
        0,
        -3.974,
        0,
        0.333,
        -4,
        0,
        0.7,
        8,
        0,
        1.033,
        -6,
        0,
        1.367,
        4,
        0,
        1.7,
        -2,
        0,
        2.033,
        0,
        0,
        2.333,
        -3.974
      ]
    },
    {
      "Target": "Parameter",
      "Id": "Param41",
      "Segments": [
        0,
        -2.274,
        0,
        0.467,
        -4,
        0,
        0.833,
        8,
        0,
        1.167,
        -6,
        0,
        1.5,
        4,
        0,
        1.833,
        -2,
        0,
        2.167,
        0,
        1,
        2.222,
        0,
        2.278,
        -1.266,
        2.333,
        -2.274
      ]
    },
    {
      "Target": "Model",
      "Id": "Opacity",
      "Segments": [
        0,
        1,
        0,
        2.333,
        1
      ]
    },
    {
      "Target": "Parameter",
      "Id": "ParamBodyAngleY2",
      "Segments": [
        0,
        0,
        0,
        2.333,
        0
      ]
    },
    {
      "Target": "Parameter",
      "Id": "ParamBreath",
      "Segments": [
        0,
        0,
        0,
        2.333,
        0
      ]
    },
    {
      "Target": "Parameter",
      "Id": "ParamEyeLSmile",
      "Segments": [
        0,
        0,
        0,
        2.333,
        0
      ]
    },
    {
      "Target": "Parameter",
      "Id": "ParamEyeRSmile",
      "Segments": [
        0,
        0,
        0,
        2.333,
        0
      ]
    },
    {
      "Target": "Parameter",
      "Id": "ParamEyeBallX",
      "Segments": [
        0,
        0,
        0,
        2.333,
        0
      ]
    },
    {
      "Target": "Parameter",
      "Id": "ParamEyeBallY",
      "Segments": [
        0,
        0,
        0,
        2.333,
        0
      ]
    },
    {
      "Target": "Parameter",
      "Id": "ParamBrowLY",
      "Segments": [
        0,
        0,
        0,
        2.333,
        0
      ]
    },
    {
      "Target": "Parameter",
      "Id": "ParamBrowRY",
      "Segments": [
        0,
        0,
        0,
        2.333,
        0
      ]
    },
    {
      "Target": "Parameter",
      "Id": "ParamBrowLX",
      "Segments": [
        0,
        0,
        0,
        2.333,
        0
      ]
    },
    {
      "Target": "Parameter",
      "Id": "ParamBrowRX",
      "Segments": [
        0,
        0,
        0,
        2.333,
        0
      ]
    },
    {
      "Target": "Parameter",
      "Id": "ParamBrowLAngle",
      "Segments": [
        0,
        0,
        0,
        2.333,
        0
      ]
    },
    {
      "Target": "Parameter",
      "Id": "ParamBrowRAngle",
      "Segments": [
        0,
        0,
        0,
        2.333,
        0
      ]
    },
    {
      "Target": "Parameter",
      "Id": "ParamBrowLForm",
      "Segments": [
        0,
        0,
        0,
        2.333,
        0
      ]
    },
    {
      "Target": "Parameter",
      "Id": "ParamBrowRForm",
      "Segments": [
        0,
        0,
        0,
        2.333,
        0
      ]
    },
    {
      "Target": "Parameter",
      "Id": "ParamMouthForm",
      "Segments": [
        0,
        0,
        0,
        2.333,
        0
      ]
    },
    {
      "Target": "Parameter",
      "Id": "ParamMouthOpenY",
      "Segments": [
        0,
        0,
        0,
        2.333,
        0
      ]
    },
    {
      "Target": "Parameter",
      "Id": "ParamMouthOpenY2",
      "Segments": [
        0,
        0,
        0,
        2.333,
        0
      ]
    },
    {
      "Target": "Parameter",
      "Id": "ParamCheek",
      "Segments": [
        0,
        0,
        0,
        2.333,
        0
      ]
    },
    {
      "Target": "Parameter",
      "Id": "Param92",
      "Segments": [
        0,
        0,
        0,
        2.333,
        0
      ]
    },
    {
      "Target": "Parameter",
      "Id": "Param53",
      "Segments": [
        0,
        0,
        0,
        2.333,
        0
      ]
    },
    {
      "Target": "Parameter",
      "Id": "Param50",
      "Segments": [
        0,
        0,
        0,
        2.333,
        0
      ]
    },
    {
      "Target": "Parameter",
      "Id": "Param99",
      "Segments": [
        0,
        0,
        0,
        2.333,
        0
      ]
    },
    {
      "Target": "Parameter",
      "Id": "Param48",
      "Segments": [
        0,
        0,
        0,
        2.333,
        0
      ]
    },
    {
      "Target": "Parameter",
      "Id": "Param51",
      "Segments": [
        0,
        0,
        0,
        2.333,
        0
      ]
    },
    {
      "Target": "Parameter",
      "Id": "Param52",
      "Segments": [
        0,
        0,
        0,
        2.333,
        0
      ]
    },
    {
      "Target": "Parameter",
      "Id": "Param49",
      "Segments": [
        0,
        0,
        0,
        2.333,
        0
      ]
    },
    {
      "Target": "Parameter",
      "Id": "Param58",
      "Segments": [
        0,
        0,
        0,
        2.333,
        0
      ]
    },
    {
      "Target": "Parameter",
      "Id": "Param23",
      "Segments": [
        0,
        0,
        0,
        2.333,
        0
      ]
    },
    {
      "Target": "Parameter",
      "Id": "Param59",
      "Segments": [
        0,
        0,
        0,
        2.333,
        0
      ]
    },
    {
      "Target": "Parameter",
      "Id": "Param60",
      "Segments": [
        0,
        0,
        0,
        2.333,
        0
      ]
    },
    {
      "Target": "Parameter",
      "Id": "Param91",
      "Segments": [
        0,
        0,
        0,
        2.333,
        0
      ]
    },
    {
      "Target": "Parameter",
      "Id": "Param64",
      "Segments": [
        0,
        0,
        0,
        2.333,
        0
      ]
    },
    {
      "Target": "Parameter",
      "Id": "Param90",
      "Segments": [
        0,
        0,
        0,
        2.333,
        0
      ]
    },
    {
      "Target": "Parameter",
      "Id": "Param15",
      "Segments": [
        0,
        0.124,
        0,
        2.333,
        0.124
      ]
    },
    {
      "Target": "Parameter",
      "Id": "Param45",
      "Segments": [
        0,
        0,
        0,
        2.333,
        0
      ]
    },
    {
      "Target": "Parameter",
      "Id": "Param5",
      "Segments": [
        0,
        0,
        0,
        2.333,
        0
      ]
    },
    {
      "Target": "Parameter",
      "Id": "Param8",
      "Segments": [
        0,
        0,
        0,
        2.333,
        0
      ]
    },
    {
      "Target": "Parameter",
      "Id": "Param12",
      "Segments": [
        0,
        450,
        0,
        2.333,
        450
      ]
    },
    {
      "Target": "Parameter",
      "Id": "Param6",
      "Segments": [
        0,
        0,
        0,
        2.333,
        0
      ]
    },
    {
      "Target": "Parameter",
      "Id": "Param47",
      "Segments": [
        0,
        0,
        0,
        2.333,
        0
      ]
    },
    {
      "Target": "Parameter",
      "Id": "Param7",
      "Segments": [
        0,
        0,
        0,
        2.333,
        0
      ]
    },
    {
      "Target": "Parameter",
      "Id": "Param10",
      "Segments": [
        0,
        0,
        0,
        2.333,
        0
      ]
    },
    {
      "Target": "Parameter",
      "Id": "Param13",
      "Segments": [
        0,
        0,
        0,
        2.333,
        0
      ]
    },
    {
      "Target": "Parameter",
      "Id": "Param14",
      "Segments": [
        0,
        0,
        0,
        2.333,
        0
      ]
    },
    {
      "Target": "Parameter",
      "Id": "Param46",
      "Segments": [
        0,
        0,
        0,
        2.333,
        0
      ]
    },
    {
      "Target": "Parameter",
      "Id": "Param",
      "Segments": [
        0,
        0,
        0,
        2.333,
        0
      ]
    },
    {
      "Target": "Parameter",
      "Id": "Param2",
      "Segments": [
        0,
        0,
        0,
        2.333,
        0
      ]
    },
    {
      "Target": "Parameter",
      "Id": "Param3",
      "Segments": [
        0,
        0,
        0,
        2.333,
        0
      ]
    },
    {
      "Target": "Parameter",
      "Id": "Param100",
      "Segments": [
        0,
        0,
        0,
        2.333,
        0
      ]
    },
    {
      "Target": "Parameter",
      "Id": "Param101",
      "Segments": [
        0,
        1,
        0,
        2.333,
        1
      ]
    },
    {
      "Target": "Parameter",
      "Id": "Param9",
      "Segments": [
        0,
        0,
        0,
        2.333,
        0
      ]
    },
    {
      "Target": "Parameter",
      "Id": "Param55",
      "Segments": [
        0,
        0,
        0,
        2.333,
        0
      ]
    },
    {
      "Target": "Parameter",
      "Id": "Param68",
      "Segments": [
        0,
        0,
        0,
        2.333,
        0
      ]
    },
    {
      "Target": "Parameter",
      "Id": "Param75",
      "Segments": [
        0,
        5,
        0,
        2.333,
        5
      ]
    },
    {
      "Target": "Parameter",
      "Id": "Param76",
      "Segments": [
        0,
        0,
        0,
        2.333,
        0
      ]
    },
    {
      "Target": "Parameter",
      "Id": "Param89",
      "Segments": [
        0,
        -3,
        0,
        2.333,
        -3
      ]
    }
  ],
  "UserData": [
    {
      "Time": 0.0,
      "Value": ""
    },
    {
      "Time": 0.33,
      "Value": "characterVoice_11_1"
    }
  ]
}