{
  "Version": 3,
  "Meta": {
    "Duration": 5.0,
    "Fps": 30.0,
    "Loop": true,
    "AreBeziersRestricted": true,
    "CurveCount": 134,
    "TotalSegmentCount": 748,
    "TotalPointCount": 958,
    "UserDataCount": 6,
    "TotalUserDataSize": 124
  },
  "Curves": [
    {
      "Target": "Parameter",
      "Id": "ParamAngleX",
      "Segments": [
        0,
        -3.408,
        1,
        0.389,
        -3.408,
        0.778,
        3.429,
        1.167,
        5,
        1,
        1.478,
        6.256,
        1.789,
        6,
        2.1,
        6,
        0,
        2.667,
        0,
        2,
        3.667,
        0,
        1,
        4.111,
        0,
        4.556,
        -1.192,
        5,
        -3.408
      ]
    },
    {
      "Target": "Parameter",
      "Id": "ParamAngleY",
      "Segments": [
        0,
        1.489,
        0,
        0.733,
        4,
        0,
        1.167,
        -14,
        2,
        2.1,
        -14,
        0,
        2.267,
        -5,
        1,
        2.4,
        -5,
        2.534,
        -11.959,
        2.667,
        -13,
        1,
        3,
        -15.603,
        3.334,
        -16,
        3.667,
        -16,
        0,
        5,
        1.489
      ]
    },
    {
      "Target": "Parameter",
      "Id": "ParamAngleZ",
      "Segments": [
        0,
        -1.375,
        0,
        0.867,
        -7,
        1,
        1.011,
        -7,
        1.156,
        21.513,
        1.3,
        24,
        1,
        1.611,
        29.357,
        1.922,
        30,
        2.233,
        30,
        2,
        2.4,
        30,
        1,
        2.533,
        30,
        2.667,
        -13.584,
        2.8,
        -15,
        1,
        3.133,
        -18.539,
        3.467,
        -19,
        3.8,
        -19,
        0,
        5,
        -1.375
      ]
    },
    {
      "Target": "Parameter",
      "Id": "ParamBodyAngleX",
      "Segments": [
        0,
        -3,
        0,
        0.733,
        -5,
        1,
        0.989,
        -5,
        1.244,
        3.568,
        1.5,
        5,
        1,
        1.722,
        6.246,
        1.945,
        6,
        2.167,
        6,
        0,
        2.7,
        -5,
        0,
        3.233,
        5,
        0,
        3.8,
        -3,
        0,
        4.333,
        3,
        0,
        5,
        -3
      ]
    },
    {
      "Target": "Parameter",
      "Id": "ParamBodyAngleY",
      "Segments": [
        0,
        0,
        0,
        0.833,
        -2,
        0,
        1.6,
        0,
        2,
        5,
        0
      ]
    },
    {
      "Target": "Parameter",
      "Id": "ParamBodyAngleY2",
      "Segments": [
        0,
        0,
        0,
        0.833,
        -1,
        0,
        1.6,
        0,
        2,
        5,
        0
      ]
    },
    {
      "Target": "Parameter",
      "Id": "ParamBodyAngleZ",
      "Segments": [
        0,
        0.346,
        0,
        0.933,
        -1,
        1,
        1.189,
        -1,
        1.444,
        0.5,
        1.7,
        1,
        1,
        1.867,
        1.326,
        2.033,
        1.29,
        2.2,
        1.5,
        1,
        2.256,
        1.57,
        2.311,
        2,
        2.367,
        2,
        1,
        2.534,
        2,
        2.7,
        -2.594,
        2.867,
        -3,
        1,
        3.245,
        -3.921,
        3.622,
        -4,
        4,
        -4,
        1,
        4.333,
        -4,
        4.667,
        -0.395,
        5,
        0.346
      ]
    },
    {
      "Target": "Parameter",
      "Id": "ParamBodyAngleZ2",
      "Segments": [
        0,
        -0.688,
        0,
        0.933,
        2,
        1,
        1.189,
        2,
        1.444,
        -2.363,
        1.7,
        -3,
        1,
        1.867,
        -3.416,
        2.033,
        -3.328,
        2.2,
        -3.56,
        1,
        2.256,
        -3.637,
        2.311,
        -4,
        2.367,
        -4,
        1,
        2.534,
        -4,
        2.7,
        6.192,
        2.867,
        7,
        1,
        3.245,
        8.832,
        3.622,
        9,
        4,
        9,
        1,
        4.333,
        9,
        4.667,
        0.806,
        5,
        -0.688
      ]
    },
    {
      "Target": "Parameter",
      "Id": "ParamEyeLOpen",
      "Segments": [
        0,
        1,
        2,
        0.5,
        1,
        2,
        2.167,
        1,
        0,
        2.333,
        0,
        2,
        3.733,
        0,
        0,
        3.9,
        1,
        2,
        5,
        1
      ]
    },
    {
      "Target": "Parameter",
      "Id": "ParamEyeLSmile",
      "Segments": [
        0,
        0,
        2,
        0.5,
        0,
        0,
        2.333,
        1,
        2,
        3.733,
        1,
        0,
        3.9,
        0,
        2,
        5,
        0
      ]
    },
    {
      "Target": "Parameter",
      "Id": "ParamEyeROpen",
      "Segments": [
        0,
        1,
        2,
        0.5,
        1,
        2,
        2.167,
        1,
        0,
        2.333,
        0,
        2,
        3.733,
        0,
        0,
        3.9,
        1,
        2,
        5,
        1
      ]
    },
    {
      "Target": "Parameter",
      "Id": "ParamEyeRSmile",
      "Segments": [
        0,
        0,
        2,
        0.5,
        0,
        0,
        2.333,
        1,
        2,
        3.733,
        1,
        0,
        3.9,
        0,
        2,
        5,
        0
      ]
    },
    {
      "Target": "Parameter",
      "Id": "ParamBrowLY",
      "Segments": [
        0,
        0,
        2,
        0.5,
        0,
        2,
        2.333,
        0,
        0,
        2.5,
        -0.5,
        2,
        3.733,
        -0.5,
        0,
        5,
        0
      ]
    },
    {
      "Target": "Parameter",
      "Id": "ParamBrowRY",
      "Segments": [
        0,
        0,
        2,
        0.5,
        0,
        2,
        2.333,
        0,
        0,
        2.5,
        -0.5,
        2,
        3.733,
        -0.5,
        0,
        5,
        0
      ]
    },
    {
      "Target": "Parameter",
      "Id": "ParamBrowLForm",
      "Segments": [
        0,
        0,
        2,
        0.5,
        0,
        2,
        2.333,
        0,
        0,
        2.5,
        1,
        2,
        3.733,
        1,
        0,
        5,
        0
      ]
    },
    {
      "Target": "Parameter",
      "Id": "ParamBrowRForm",
      "Segments": [
        0,
        0,
        2,
        0.5,
        0,
        2,
        2.333,
        0,
        0,
        2.5,
        1,
        2,
        3.733,
        1,
        0,
        5,
        0
      ]
    },
    {
      "Target": "Parameter",
      "Id": "ParamMouthOpenY",
      "Segments": [
        0,
        0,
        2,
        0.5,
        0,
        2,
        0.667,
        0,
        0,
        0.767,
        0.5,
        0,
        0.867,
        0,
        0,
        0.967,
        0.5,
        0,
        1.067,
        0,
        0,
        1.167,
        0.5,
        0,
        1.267,
        0,
        0,
        1.367,
        0.5,
        0,
        1.467,
        0,
        0,
        1.567,
        0.5,
        0,
        1.667,
        0,
        2,
        2.133,
        0,
        0,
        2.233,
        0.5,
        0,
        2.333,
        0,
        0,
        2.433,
        0.5,
        0,
        2.533,
        0,
        2,
        2.733,
        0,
        0,
        2.833,
        0.5,
        0,
        2.933,
        0,
        0,
        3.033,
        0.5,
        0,
        3.133,
        0,
        0,
        3.233,
        0.5,
        0,
        3.333,
        0,
        0,
        3.433,
        0.5,
        0,
        3.533,
        0,
        0,
        3.633,
        0.5,
        0,
        3.733,
        0,
        2,
        5,
        0
      ]
    },
    {
      "Target": "Parameter",
      "Id": "ParamCheek",
      "Segments": [
        0,
        0,
        2,
        0.5,
        0,
        2,
        2.333,
        0,
        0,
        2.5,
        0.3,
        2,
        4,
        0.3,
        0,
        5,
        0
      ]
    },
    {
      "Target": "Parameter",
      "Id": "Param37",
      "Segments": [
        0,
        -0.428,
        0,
        1.667,
        10,
        1,
        2.222,
        10,
        2.778,
        8.376,
        3.333,
        6,
        1,
        3.889,
        3.624,
        4.444,
        0.547,
        5,
        -0.428
      ]
    },
    {
      "Target": "Parameter",
      "Id": "Param43",
      "Segments": [
        0,
        0.001,
        0,
        1.9,
        2,
        0,
        3.567,
        -2,
        1,
        4.045,
        -2,
        4.522,
        -0.951,
        5,
        0.001
      ]
    },
    {
      "Target": "Parameter",
      "Id": "Param44",
      "Segments": [
        0,
        -0.428,
        0,
        2.233,
        2,
        0,
        3.9,
        -1,
        1,
        4.267,
        -1,
        4.633,
        -0.91,
        5,
        -0.428
      ]
    },
    {
      "Target": "Parameter",
      "Id": "Param4",
      "Segments": [
        0,
        -0.483,
        0,
        0.733,
        2,
        1,
        0.878,
        2,
        1.022,
        1.544,
        1.167,
        1,
        1,
        2.078,
        -2.431,
        2.989,
        -4,
        3.9,
        -4,
        0,
        5,
        -0.483
      ]
    },
    {
      "Target": "Parameter",
      "Id": "Param64",
      "Segments": [
        0,
        0,
        0,
        1.167,
        6,
        2,
        3.9,
        6,
        0,
        5,
        0
      ]
    },
    {
      "Target": "Parameter",
      "Id": "Param11",
      "Segments": [
        0,
        0.346,
        0,
        0.833,
        -2,
        1,
        0.978,
        -2,
        1.122,
        17.983,
        1.267,
        18.5,
        1,
        1.434,
        19.097,
        1.6,
        19,
        1.767,
        19,
        2,
        2.2,
        19,
        2,
        3.9,
        19,
        0,
        4.2,
        19.66,
        0,
        5,
        0.346
      ]
    },
    {
      "Target": "Parameter",
      "Id": "Param15",
      "Segments": [
        0,
        0.124,
        0,
        0.933,
        -14,
        0,
        1.367,
        30,
        0,
        1.867,
        15,
        2,
        2.2,
        15,
        0,
        2.5,
        3,
        0,
        2.8,
        14,
        0,
        3.1,
        3,
        0,
        3.433,
        19,
        0,
        3.9,
        14,
        0,
        4.2,
        19,
        0,
        5,
        0.124
      ]
    },
    {
      "Target": "Parameter",
      "Id": "Param42",
      "Segments": [
        0,
        -0.496,
        0,
        0.933,
        -4,
        0,
        1.367,
        5,
        0,
        1.867,
        0,
        2,
        2.2,
        0,
        0,
        2.5,
        -7,
        0,
        2.8,
        3,
        0,
        3.1,
        -7,
        0,
        3.433,
        3,
        0,
        3.9,
        0,
        0,
        4.2,
        10,
        1,
        4.467,
        10,
        4.733,
        1.791,
        5,
        -0.496
      ]
    },
    {
      "Target": "Parameter",
      "Id": "Param12",
      "Segments": [
        0,
        450,
        2,
        0.5,
        450,
        2,
        0.633,
        450,
        1,
        0.644,
        450,
        0.656,
        500,
        0.667,
        500,
        2,
        4.767,
        500,
        0,
        4.8,
        450,
        2,
        5,
        450
      ]
    },
    {
      "Target": "Parameter",
      "Id": "Param6",
      "Segments": [
        0,
        0,
        2,
        0.5,
        0,
        2,
        0.633,
        0,
        0,
        0.667,
        1,
        2,
        4.767,
        1,
        0,
        4.8,
        0,
        2,
        5,
        0
      ]
    },
    {
      "Target": "Parameter",
      "Id": "Param10",
      "Segments": [
        0,
        0,
        2,
        0.5,
        0,
        2,
        4.5,
        0,
        0,
        4.533,
        1,
        2,
        4.767,
        1,
        0,
        4.8,
        0,
        2,
        5,
        0
      ]
    },
    {
      "Target": "Parameter",
      "Id": "Param13",
      "Segments": [
        0,
        0,
        2,
        0.5,
        0,
        2,
        0.633,
        0,
        0,
        0.667,
        1,
        2,
        4.5,
        1,
        0,
        4.533,
        0,
        2,
        4.767,
        0,
        2,
        5,
        0
      ]
    },
    {
      "Target": "Parameter",
      "Id": "Param30",
      "Segments": [
        0,
        1.443,
        0,
        0.733,
        4,
        0,
        1.1,
        -5,
        0,
        1.767,
        4,
        0,
        2.433,
        -3,
        0,
        3.033,
        2,
        0,
        3.767,
        -2,
        0,
        4.3,
        2,
        1,
        4.533,
        2,
        4.767,
        2.159,
        5,
        1.443
      ]
    },
    {
      "Target": "Parameter",
      "Id": "Param18",
      "Segments": [
        0,
        1.704,
        0,
        0.9,
        4,
        0,
        1.267,
        -5,
        0,
        1.933,
        4,
        0,
        2.667,
        -3,
        0,
        3.3,
        2,
        0,
        3.967,
        -2,
        0,
        4.533,
        2,
        1,
        4.689,
        2,
        4.844,
        2.165,
        5,
        1.704
      ]
    },
    {
      "Target": "Parameter",
      "Id": "Param26",
      "Segments": [
        0,
        3.96,
        0,
        0.767,
        8,
        0,
        1.133,
        -7,
        0,
        1.8,
        6,
        0,
        2.5,
        -4,
        0,
        3.1,
        3,
        0,
        3.8,
        -2,
        1,
        3.989,
        -2,
        4.178,
        0.415,
        4.367,
        2,
        1,
        4.578,
        3.771,
        4.789,
        3.96,
        5,
        3.96
      ]
    },
    {
      "Target": "Parameter",
      "Id": "Param31",
      "Segments": [
        0,
        6.898,
        0,
        0.933,
        8,
        0,
        1.3,
        -7,
        0,
        1.967,
        6,
        0,
        2.7,
        -4,
        0,
        3.333,
        3,
        0,
        4,
        -2,
        1,
        4.189,
        -2,
        4.378,
        -1.172,
        4.567,
        2,
        1,
        4.711,
        4.426,
        4.856,
        6.898,
        5,
        6.898
      ]
    },
    {
      "Target": "Parameter",
      "Id": "Param24",
      "Segments": [
        0,
        3.699,
        0,
        0.867,
        8,
        0,
        1.233,
        -7,
        0,
        1.9,
        6,
        0,
        2.633,
        -4,
        0,
        3.233,
        3,
        0,
        3.9,
        -2,
        1,
        4.1,
        -2,
        4.3,
        0.151,
        4.5,
        2,
        1,
        4.667,
        3.541,
        4.833,
        3.699,
        5,
        3.699
      ]
    },
    {
      "Target": "Parameter",
      "Id": "Param32",
      "Segments": [
        0,
        6.955,
        0,
        1.033,
        8,
        0,
        1.6,
        -7,
        0,
        2.067,
        6,
        0,
        2.8,
        -4,
        0,
        3.5,
        3,
        0,
        4.133,
        -2,
        1,
        4.322,
        -2,
        4.511,
        -0.807,
        4.7,
        2,
        1,
        4.8,
        3.486,
        4.9,
        6.42,
        5,
        6.955
      ]
    },
    {
      "Target": "Parameter",
      "Id": "Param27",
      "Segments": [
        0,
        3.62,
        0,
        0.833,
        8,
        0,
        1.2,
        -10,
        0,
        1.867,
        8,
        0,
        2.6,
        -7,
        0,
        3.2,
        5,
        0,
        3.867,
        -3,
        1,
        4.056,
        -3,
        4.244,
        0.382,
        4.433,
        2,
        1,
        4.622,
        3.618,
        4.811,
        3.62,
        5,
        3.62
      ]
    },
    {
      "Target": "Parameter",
      "Id": "Param33",
      "Segments": [
        0,
        6.723,
        0,
        1,
        8,
        0,
        1.567,
        -10,
        0,
        2.033,
        8,
        0,
        2.767,
        -7,
        0,
        3.433,
        5,
        0,
        4.1,
        -3,
        1,
        4.289,
        -3,
        4.478,
        -1.857,
        4.667,
        2,
        1,
        4.778,
        4.269,
        4.889,
        6.723,
        5,
        6.723
      ]
    },
    {
      "Target": "Parameter",
      "Id": "Param103",
      "Segments": [
        0,
        0.497,
        0,
        0.767,
        8,
        0,
        1.133,
        -10,
        0,
        1.8,
        8,
        0,
        2.533,
        -7,
        0,
        3.133,
        5,
        0,
        3.8,
        -3,
        0,
        4.367,
        2,
        1,
        4.578,
        2,
        4.789,
        2.067,
        5,
        0.497
      ]
    },
    {
      "Target": "Parameter",
      "Id": "Param104",
      "Segments": [
        0,
        3.779,
        0,
        0.933,
        8,
        0,
        1.5,
        -10,
        0,
        1.967,
        8,
        0,
        2.7,
        -7,
        0,
        3.367,
        5,
        0,
        4.033,
        -3,
        1,
        4.222,
        -3,
        4.411,
        -0.356,
        4.6,
        2,
        1,
        4.733,
        3.663,
        4.867,
        3.779,
        5,
        3.779
      ]
    },
    {
      "Target": "Parameter",
      "Id": "Param105",
      "Segments": [
        0,
        4.873,
        0,
        0.833,
        8,
        0,
        1.2,
        -10,
        0,
        1.867,
        8,
        0,
        2.6,
        -7,
        0,
        3.2,
        5,
        0,
        3.867,
        -3,
        1,
        4.056,
        -3,
        4.244,
        -0.424,
        4.433,
        2,
        1,
        4.622,
        4.424,
        4.811,
        4.873,
        5,
        4.873
      ]
    },
    {
      "Target": "Parameter",
      "Id": "Param106",
      "Segments": [
        0,
        6.688,
        0,
        1,
        8,
        0,
        1.567,
        -10,
        0,
        2.033,
        8,
        0,
        2.767,
        -7,
        0,
        3.433,
        5,
        0,
        4.1,
        -3,
        1,
        4.289,
        -3,
        4.478,
        -1.043,
        4.667,
        2,
        1,
        4.778,
        3.79,
        4.889,
        5.702,
        5,
        6.688
      ]
    },
    {
      "Target": "Parameter",
      "Id": "Param22",
      "Segments": [
        0,
        4.393,
        0,
        0.8,
        8,
        0,
        1.167,
        -10,
        0,
        1.833,
        8,
        0,
        2.567,
        -7,
        0,
        3.133,
        5,
        0,
        3.833,
        -3,
        1,
        4.022,
        -3,
        4.211,
        -0.041,
        4.4,
        2,
        1,
        4.6,
        4.161,
        4.8,
        4.393,
        5,
        4.393
      ]
    },
    {
      "Target": "Parameter",
      "Id": "Param34",
      "Segments": [
        0,
        7,
        0,
        0.967,
        8,
        0,
        1.533,
        -10,
        0,
        2,
        8,
        0,
        2.733,
        -7,
        0,
        3.4,
        5,
        0,
        4.033,
        -3,
        1,
        4.233,
        -3,
        4.433,
        -1.891,
        4.633,
        2,
        1,
        4.755,
        4.378,
        4.878,
        7,
        5,
        7
      ]
    },
    {
      "Target": "Parameter",
      "Id": "Param28",
      "Segments": [
        0,
        3.898,
        0,
        0.9,
        8,
        0,
        1.267,
        -10,
        0,
        1.933,
        8,
        0,
        2.667,
        -7,
        0,
        3.3,
        5,
        0,
        3.967,
        -3,
        1,
        4.156,
        -3,
        4.344,
        -0.168,
        4.533,
        2,
        1,
        4.689,
        3.785,
        4.844,
        3.898,
        5,
        3.898
      ]
    },
    {
      "Target": "Parameter",
      "Id": "Param35",
      "Segments": [
        0,
        6.723,
        0,
        1.067,
        8,
        0,
        1.633,
        -10,
        0,
        2.1,
        8,
        0,
        2.833,
        -7,
        0,
        3.533,
        5,
        0,
        4.167,
        -3,
        1,
        4.356,
        -3,
        4.544,
        -1.337,
        4.733,
        2,
        1,
        4.822,
        3.57,
        4.911,
        5.978,
        5,
        6.723
      ]
    },
    {
      "Target": "Parameter",
      "Id": "Param25",
      "Segments": [
        0,
        0,
        0,
        0.833,
        8,
        0,
        1.2,
        -10,
        0,
        1.867,
        8,
        0,
        2.6,
        -7,
        0,
        3.2,
        5,
        0,
        3.867,
        -3,
        0,
        4.433,
        2,
        1,
        4.622,
        2,
        4.811,
        1.438,
        5,
        0
      ]
    },
    {
      "Target": "Parameter",
      "Id": "Param36",
      "Segments": [
        0,
        0,
        0,
        1,
        8,
        0,
        1.567,
        -10,
        0,
        2.033,
        8,
        0,
        2.767,
        -7,
        0,
        3.433,
        5,
        0,
        4.1,
        -3,
        0,
        4.667,
        2,
        1,
        4.778,
        2,
        4.889,
        0.805,
        5,
        0
      ]
    },
    {
      "Target": "Parameter",
      "Id": "Param29",
      "Segments": [
        0,
        0,
        0,
        1.167,
        8,
        0,
        1.733,
        -10,
        0,
        2.233,
        8,
        0,
        2.933,
        -7,
        0,
        3.667,
        5,
        0,
        4.3,
        -3,
        0,
        4.867,
        2,
        1,
        4.911,
        2,
        4.956,
        0.266,
        5,
        0
      ]
    },
    {
      "Target": "Parameter",
      "Id": "Param19",
      "Segments": [
        0,
        -1.399,
        0,
        1.3,
        3,
        0,
        2.3,
        -3,
        0,
        3.3,
        3,
        0,
        4.333,
        -3,
        1,
        4.555,
        -3,
        4.778,
        -2.619,
        5,
        -1.399
      ]
    },
    {
      "Target": "Parameter",
      "Id": "Param102",
      "Segments": [
        0,
        1.299,
        0,
        1.033,
        -1.03,
        0,
        1.667,
        3,
        0,
        2.667,
        -3,
        0,
        3.667,
        3,
        0,
        4.7,
        -3,
        1,
        4.8,
        -3,
        4.9,
        0.745,
        5,
        1.299
      ]
    },
    {
      "Target": "Parameter",
      "Id": "Param17",
      "Segments": [
        0,
        -2.062,
        0,
        1.133,
        6,
        0,
        2.133,
        -6,
        0,
        3.133,
        6,
        0,
        4.167,
        -6,
        0,
        5,
        -2.062
      ]
    },
    {
      "Target": "Parameter",
      "Id": "Param20",
      "Segments": [
        0,
        0.994,
        0,
        1.3,
        5,
        0,
        2.3,
        -5,
        0,
        3.3,
        5,
        0,
        4.333,
        -5,
        0,
        5,
        0.994
      ]
    },
    {
      "Target": "Parameter",
      "Id": "Param16",
      "Segments": [
        0,
        1.443,
        0,
        1.267,
        5,
        0,
        2.267,
        -5,
        0,
        3.267,
        5,
        0,
        4.3,
        -5,
        1,
        4.533,
        -5,
        4.767,
        -0.9,
        5,
        1.443
      ]
    },
    {
      "Target": "Parameter",
      "Id": "Param21",
      "Segments": [
        0,
        -2.181,
        0,
        1.433,
        6,
        0,
        2.433,
        -6,
        0,
        3.433,
        6,
        0,
        4.467,
        -6,
        1,
        4.645,
        -6,
        4.822,
        -4.732,
        5,
        -2.181
      ]
    },
    {
      "Target": "Parameter",
      "Id": "Param61",
      "Segments": [
        0,
        -4.261,
        0,
        0.933,
        7,
        0,
        1.433,
        -5,
        0,
        1.933,
        3,
        0,
        2.367,
        -2,
        0,
        2.6,
        8,
        0,
        3.167,
        -6,
        0,
        3.733,
        4,
        1,
        3.922,
        4,
        4.111,
        -1.027,
        4.3,
        -2,
        1,
        4.533,
        -3.202,
        4.767,
        -3.41,
        5,
        -4.261
      ]
    },
    {
      "Target": "Parameter",
      "Id": "Param78",
      "Segments": [
        0,
        -3.438,
        0,
        1,
        7,
        0,
        1.5,
        -5,
        0,
        2,
        3,
        0,
        2.433,
        -2,
        0,
        2.733,
        8,
        0,
        3.233,
        -6,
        0,
        3.833,
        4,
        1,
        4.022,
        4,
        4.211,
        -1.212,
        4.4,
        -2,
        1,
        4.6,
        -2.834,
        4.8,
        -2.776,
        5,
        -3.438
      ]
    },
    {
      "Target": "Parameter",
      "Id": "Param65",
      "Segments": [
        0,
        0.994,
        0,
        1.133,
        7,
        0,
        1.633,
        -5,
        0,
        2.133,
        3,
        0,
        2.567,
        -2,
        0,
        2.967,
        8,
        0,
        3.367,
        -6,
        0,
        4,
        4,
        0,
        4.567,
        -2,
        0,
        5,
        0.994
      ]
    },
    {
      "Target": "Parameter",
      "Id": "Param79",
      "Segments": [
        0,
        -2.405,
        0,
        1.067,
        7,
        0,
        1.567,
        -5,
        0,
        2.067,
        3,
        0,
        2.5,
        -2,
        0,
        2.867,
        8,
        0,
        3.3,
        -6,
        0,
        3.933,
        4,
        1,
        4.111,
        4,
        4.289,
        -1.74,
        4.467,
        -2,
        1,
        4.645,
        -2.26,
        4.822,
        -2.161,
        5,
        -2.405
      ]
    },
    {
      "Target": "Parameter",
      "Id": "Param70",
      "Segments": [
        0,
        2.181,
        0,
        1.2,
        7,
        0,
        1.7,
        -5,
        0,
        2.2,
        3,
        0,
        2.667,
        -2,
        0,
        3.033,
        8,
        0,
        3.433,
        -6,
        0,
        4.067,
        4,
        0,
        4.667,
        -2,
        0,
        5,
        2.181
      ]
    },
    {
      "Target": "Parameter",
      "Id": "Param80",
      "Segments": [
        0,
        -1.241,
        0,
        0.933,
        7,
        0,
        1.433,
        -5,
        0,
        1.933,
        3,
        0,
        2.367,
        -2,
        0,
        2.6,
        8,
        0,
        3.167,
        -6,
        0,
        3.733,
        4,
        0,
        4.3,
        -2,
        0,
        5,
        -1.241
      ]
    },
    {
      "Target": "Parameter",
      "Id": "Param63",
      "Segments": [
        0,
        3.247,
        0,
        1.067,
        7,
        0,
        1.567,
        -5,
        0,
        2.067,
        3,
        0,
        2.5,
        -2,
        0,
        2.867,
        8,
        0,
        3.3,
        -6,
        0,
        3.933,
        4,
        0,
        4.467,
        -2,
        0,
        5,
        3.247
      ]
    },
    {
      "Target": "Parameter",
      "Id": "Param77",
      "Segments": [
        0,
        0,
        0,
        1,
        7,
        0,
        1.5,
        -5,
        0,
        2,
        3,
        0,
        2.433,
        -2,
        0,
        2.733,
        8,
        0,
        3.233,
        -6,
        0,
        3.833,
        4,
        0,
        4.4,
        -2,
        0,
        5,
        0
      ]
    },
    {
      "Target": "Parameter",
      "Id": "Param69",
      "Segments": [
        0,
        4.115,
        0,
        1.133,
        7,
        0,
        1.633,
        -5,
        0,
        2.133,
        3,
        0,
        2.567,
        -2,
        0,
        2.967,
        8,
        0,
        3.367,
        -6,
        0,
        4,
        4,
        0,
        4.567,
        -2,
        0,
        5,
        4.115
      ]
    },
    {
      "Target": "Parameter",
      "Id": "Param81",
      "Segments": [
        0,
        -3.048,
        0,
        0.933,
        7,
        0,
        1.4,
        -5,
        0,
        1.933,
        3,
        0,
        2.367,
        -2,
        0,
        2.6,
        8,
        0,
        3.167,
        -6,
        0,
        3.733,
        4,
        1,
        3.922,
        4,
        4.111,
        -1.519,
        4.3,
        -2,
        1,
        4.533,
        -2.594,
        4.767,
        -2.536,
        5,
        -3.048
      ]
    },
    {
      "Target": "Parameter",
      "Id": "Param71",
      "Segments": [
        0,
        1.481,
        0,
        1.067,
        7,
        0,
        1.533,
        -5,
        0,
        2.067,
        3,
        0,
        2.5,
        -2,
        0,
        2.867,
        8,
        0,
        3.3,
        -6,
        0,
        3.933,
        4,
        0,
        4.467,
        -2,
        0,
        5,
        1.481
      ]
    },
    {
      "Target": "Parameter",
      "Id": "Param82",
      "Segments": [
        0,
        -1.719,
        0,
        1,
        7,
        0,
        1.467,
        -5,
        0,
        2,
        3,
        0,
        2.433,
        -2,
        0,
        2.733,
        8,
        0,
        3.233,
        -6,
        0,
        3.833,
        4,
        0,
        4.4,
        -2,
        0,
        5,
        -1.719
      ]
    },
    {
      "Target": "Parameter",
      "Id": "Param66",
      "Segments": [
        0,
        2.839,
        0,
        1.133,
        7,
        0,
        1.6,
        -5,
        0,
        2.133,
        3,
        0,
        2.567,
        -2,
        0,
        2.967,
        8,
        0,
        3.367,
        -6,
        0,
        4,
        4,
        0,
        4.567,
        -2,
        0,
        5,
        2.839
      ]
    },
    {
      "Target": "Parameter",
      "Id": "Param83",
      "Segments": [
        0,
        -4.261,
        0,
        0.933,
        6,
        0,
        1.4,
        -4,
        0,
        1.933,
        2,
        0,
        2.367,
        -2,
        0,
        2.6,
        7,
        0,
        3.167,
        -5,
        0,
        3.733,
        3,
        1,
        3.922,
        3,
        4.111,
        -1.046,
        4.3,
        -2,
        1,
        4.533,
        -3.179,
        4.767,
        -3.41,
        5,
        -4.261
      ]
    },
    {
      "Target": "Parameter",
      "Id": "Param72",
      "Segments": [
        0,
        -2.405,
        0,
        1.033,
        6,
        0,
        1.5,
        -4,
        0,
        2.033,
        2,
        0,
        2.467,
        -2,
        0,
        2.8,
        7,
        0,
        3.267,
        -5,
        0,
        3.867,
        3,
        1,
        4.056,
        3,
        4.244,
        -1.741,
        4.433,
        -2,
        1,
        4.622,
        -2.259,
        4.811,
        -2.166,
        5,
        -2.405
      ]
    },
    {
      "Target": "Parameter",
      "Id": "Param84",
      "Segments": [
        0,
        0,
        0,
        1.133,
        6,
        0,
        1.6,
        -4,
        0,
        2.133,
        2,
        0,
        2.567,
        -2,
        0,
        2.967,
        7,
        0,
        3.367,
        -5,
        0,
        4,
        3,
        0,
        4.567,
        -2,
        0,
        5,
        0
      ]
    },
    {
      "Target": "Parameter",
      "Id": "Param93",
      "Segments": [
        0,
        -3.048,
        0,
        1,
        6,
        0,
        1.467,
        -4,
        0,
        2,
        2,
        0,
        2.433,
        -2,
        0,
        2.733,
        7,
        0,
        3.233,
        -5,
        0,
        3.833,
        3,
        1,
        4.022,
        3,
        4.211,
        -1.417,
        4.4,
        -2,
        1,
        4.6,
        -2.617,
        4.8,
        -2.521,
        5,
        -3.048
      ]
    },
    {
      "Target": "Parameter",
      "Id": "Param94",
      "Segments": [
        0,
        -0.748,
        0,
        1.1,
        6,
        0,
        1.567,
        -4,
        0,
        2.1,
        2,
        0,
        2.533,
        -2,
        0,
        2.933,
        7,
        0,
        3.333,
        -5,
        0,
        3.967,
        3,
        0,
        4.533,
        -2,
        0,
        5,
        -0.748
      ]
    },
    {
      "Target": "Parameter",
      "Id": "Param95",
      "Segments": [
        0,
        1.719,
        0,
        1.2,
        6,
        0,
        1.667,
        -4,
        0,
        2.2,
        2,
        0,
        2.667,
        -2,
        0,
        3.033,
        7,
        0,
        3.433,
        -5,
        0,
        4.067,
        3,
        0,
        4.667,
        -2,
        0,
        5,
        1.719
      ]
    },
    {
      "Target": "Parameter",
      "Id": "Param96",
      "Segments": [
        0,
        0.994,
        0,
        1.067,
        6,
        0,
        1.533,
        -4,
        0,
        2.067,
        2,
        0,
        2.5,
        -2,
        0,
        2.867,
        7,
        0,
        3.3,
        -5,
        0,
        3.933,
        3,
        0,
        4.467,
        -2,
        0,
        5,
        0.994
      ]
    },
    {
      "Target": "Parameter",
      "Id": "Param97",
      "Segments": [
        0,
        3.247,
        0,
        1.167,
        6,
        0,
        1.633,
        -4,
        0,
        2.167,
        2,
        0,
        2.6,
        -2,
        0,
        3,
        7,
        0,
        3.4,
        -5,
        0,
        4.033,
        3,
        0,
        4.6,
        -2,
        0,
        5,
        3.247
      ]
    },
    {
      "Target": "Parameter",
      "Id": "Param98",
      "Segments": [
        0,
        4.719,
        0,
        1.267,
        6,
        0,
        1.767,
        -4,
        0,
        2.267,
        2,
        0,
        2.8,
        -2,
        0,
        3.1,
        7,
        0,
        3.533,
        -5,
        0,
        4.133,
        3,
        0,
        4.733,
        -2,
        0,
        5,
        4.719
      ]
    },
    {
      "Target": "Parameter",
      "Id": "Param62",
      "Segments": [
        0,
        -4.261,
        0,
        1.133,
        7,
        0,
        1.467,
        -5,
        0,
        2.133,
        4,
        0,
        2.567,
        -3,
        0,
        2.867,
        8,
        0,
        3.367,
        -6,
        0,
        3.967,
        4,
        1,
        4.156,
        4,
        4.344,
        -0.436,
        4.533,
        -2,
        1,
        4.689,
        -3.288,
        4.844,
        -3.471,
        5,
        -4.261
      ]
    },
    {
      "Target": "Parameter",
      "Id": "Param85",
      "Segments": [
        0,
        0,
        0,
        1.233,
        7,
        0,
        1.567,
        -5,
        0,
        2.233,
        4,
        0,
        2.667,
        -3,
        0,
        3.067,
        8,
        0,
        3.467,
        -6,
        0,
        4.1,
        4,
        0,
        4.667,
        -2,
        0,
        5,
        0
      ]
    },
    {
      "Target": "Parameter",
      "Id": "Param73",
      "Segments": [
        0,
        -3.247,
        0,
        1,
        7,
        0,
        1.333,
        -5,
        0,
        2,
        4,
        0,
        2.433,
        -3,
        0,
        2.733,
        8,
        0,
        3.233,
        -6,
        0,
        3.833,
        4,
        1,
        4.022,
        4,
        4.211,
        -1.308,
        4.4,
        -2,
        1,
        4.6,
        -2.733,
        4.8,
        -2.65,
        5,
        -3.247
      ]
    },
    {
      "Target": "Parameter",
      "Id": "Param86",
      "Segments": [
        0,
        1.481,
        0,
        1.1,
        7,
        0,
        1.433,
        -5,
        0,
        2.1,
        4,
        0,
        2.533,
        -3,
        0,
        2.933,
        8,
        0,
        3.333,
        -6,
        0,
        3.967,
        4,
        0,
        4.533,
        -2,
        0,
        5,
        1.481
      ]
    },
    {
      "Target": "Parameter",
      "Id": "Param67",
      "Segments": [
        0,
        -0.249,
        0,
        1.1,
        7,
        0,
        1.433,
        -5,
        0,
        2.1,
        4,
        0,
        2.533,
        -3,
        0,
        2.933,
        8,
        0,
        3.333,
        -6,
        0,
        3.967,
        4,
        0,
        4.533,
        -2,
        0,
        5,
        -0.249
      ]
    },
    {
      "Target": "Parameter",
      "Id": "Param87",
      "Segments": [
        0,
        3.247,
        0,
        1.2,
        7,
        0,
        1.533,
        -5,
        0,
        2.2,
        4,
        0,
        2.667,
        -3,
        0,
        3.033,
        8,
        0,
        3.433,
        -6,
        0,
        4.067,
        4,
        0,
        4.667,
        -2,
        0,
        5,
        3.247
      ]
    },
    {
      "Target": "Parameter",
      "Id": "Param74",
      "Segments": [
        0,
        0,
        2,
        1.2,
        0,
        0,
        1.867,
        10,
        0,
        2.533,
        0,
        0,
        3.2,
        10,
        0,
        3.867,
        0,
        0,
        4.533,
        10,
        0,
        5,
        0
      ]
    },
    {
      "Target": "Parameter",
      "Id": "Param88",
      "Segments": [
        0,
        5,
        0,
        1.533,
        0,
        0,
        2.2,
        10,
        0,
        2.867,
        0,
        0,
        3.533,
        10,
        0,
        4.2,
        0,
        0,
        4.867,
        10,
        1,
        4.911,
        10,
        4.956,
        6.307,
        5,
        5
      ]
    },
    {
      "Target": "Parameter",
      "Id": "Param56",
      "Segments": [
        0,
        1.924,
        0,
        0.933,
        -3,
        0,
        1.267,
        6,
        0,
        1.7,
        -3,
        1,
        1.856,
        -3,
        2.011,
        -1.911,
        2.167,
        2,
        1,
        2.289,
        5.073,
        2.411,
        8,
        2.533,
        8,
        0,
        2.9,
        -6,
        0,
        3.333,
        5,
        0,
        3.767,
        -3,
        0,
        4.2,
        3,
        0,
        4.6,
        -2,
        0,
        5,
        1.924
      ]
    },
    {
      "Target": "Parameter",
      "Id": "Param57",
      "Segments": [
        0,
        3.842,
        0,
        1.1,
        -3,
        0,
        1.433,
        6,
        0,
        1.967,
        -3,
        1,
        2.089,
        -3,
        2.211,
        -1.224,
        2.333,
        2,
        1,
        2.489,
        6.103,
        2.644,
        8,
        2.8,
        8,
        0,
        3.067,
        -6,
        0,
        3.533,
        5,
        0,
        3.933,
        -3,
        0,
        4.4,
        3,
        0,
        4.767,
        -2,
        0,
        5,
        3.842
      ]
    },
    {
      "Target": "Parameter",
      "Id": "Param38",
      "Segments": [
        0,
        -1.924,
        0,
        0.967,
        -3,
        0,
        1.3,
        6,
        0,
        1.733,
        -3,
        1,
        1.889,
        -3,
        2.044,
        -1.911,
        2.2,
        2,
        1,
        2.322,
        5.073,
        2.445,
        8,
        2.567,
        8,
        0,
        2.933,
        -6,
        0,
        3.367,
        5,
        0,
        3.9,
        -3,
        0,
        4.333,
        3,
        1,
        4.555,
        3,
        4.778,
        0.529,
        5,
        -1.924
      ]
    },
    {
      "Target": "Parameter",
      "Id": "Param39",
      "Segments": [
        0,
        1.924,
        0,
        1.133,
        -3,
        0,
        1.467,
        6,
        0,
        2,
        -3,
        1,
        2.122,
        -3,
        2.245,
        -1.224,
        2.367,
        2,
        1,
        2.522,
        6.103,
        2.678,
        8,
        2.833,
        8,
        0,
        3.1,
        -6,
        0,
        3.567,
        5,
        0,
        4.067,
        -3,
        0,
        4.567,
        3,
        1,
        4.711,
        3,
        4.856,
        3.125,
        5,
        1.924
      ]
    },
    {
      "Target": "Parameter",
      "Id": "Param40",
      "Segments": [
        0,
        -3.974,
        1,
        0.389,
        -3.974,
        0.778,
        -3.823,
        1.167,
        -3,
        1,
        1.278,
        -2.765,
        1.389,
        6,
        1.5,
        6,
        0,
        2.033,
        -3,
        1,
        2.155,
        -3,
        2.278,
        -1.224,
        2.4,
        2,
        1,
        2.556,
        6.103,
        2.711,
        8,
        2.867,
        8,
        0,
        3.133,
        -6,
        0,
        3.633,
        5,
        0,
        4.1,
        -3,
        0,
        4.6,
        3,
        0,
        5,
        -3.974
      ]
    },
    {
      "Target": "Parameter",
      "Id": "Param41",
      "Segments": [
        0,
        -2.274,
        0,
        1.333,
        -3,
        0,
        1.667,
        6,
        0,
        2.2,
        -3,
        1,
        2.322,
        -3,
        2.445,
        -1.224,
        2.567,
        2,
        1,
        2.722,
        6.103,
        2.878,
        8,
        3.033,
        8,
        0,
        3.3,
        -6,
        0,
        3.833,
        5,
        0,
        4.267,
        -3,
        0,
        4.8,
        3,
        1,
        4.867,
        3,
        4.933,
        -0.847,
        5,
        -2.274
      ]
    },
    {
      "Target": "Model",
      "Id": "Opacity",
      "Segments": [
        0,
        1,
        0,
        5,
        1
      ]
    },
    {
      "Target": "Parameter",
      "Id": "ParamBreath",
      "Segments": [
        0,
        0,
        0,
        5,
        0
      ]
    },
    {
      "Target": "Parameter",
      "Id": "ParamEyeBallX",
      "Segments": [
        0,
        0,
        0,
        5,
        0
      ]
    },
    {
      "Target": "Parameter",
      "Id": "ParamEyeBallY",
      "Segments": [
        0,
        0,
        0,
        5,
        0
      ]
    },
    {
      "Target": "Parameter",
      "Id": "ParamBrowLX",
      "Segments": [
        0,
        0,
        0,
        5,
        0
      ]
    },
    {
      "Target": "Parameter",
      "Id": "ParamBrowRX",
      "Segments": [
        0,
        0,
        0,
        5,
        0
      ]
    },
    {
      "Target": "Parameter",
      "Id": "ParamBrowLAngle",
      "Segments": [
        0,
        0,
        0,
        5,
        0
      ]
    },
    {
      "Target": "Parameter",
      "Id": "ParamBrowRAngle",
      "Segments": [
        0,
        0,
        0,
        5,
        0
      ]
    },
    {
      "Target": "Parameter",
      "Id": "ParamMouthForm",
      "Segments": [
        0,
        0,
        0,
        5,
        0
      ]
    },
    {
      "Target": "Parameter",
      "Id": "ParamMouthOpenY2",
      "Segments": [
        0,
        0,
        0,
        5,
        0
      ]
    },
    {
      "Target": "Parameter",
      "Id": "Param92",
      "Segments": [
        0,
        0,
        0,
        5,
        0
      ]
    },
    {
      "Target": "Parameter",
      "Id": "Param53",
      "Segments": [
        0,
        0,
        0,
        5,
        0
      ]
    },
    {
      "Target": "Parameter",
      "Id": "Param50",
      "Segments": [
        0,
        0,
        0,
        5,
        0
      ]
    },
    {
      "Target": "Parameter",
      "Id": "Param99",
      "Segments": [
        0,
        0,
        0,
        5,
        0
      ]
    },
    {
      "Target": "Parameter",
      "Id": "Param48",
      "Segments": [
        0,
        0,
        0,
        5,
        0
      ]
    },
    {
      "Target": "Parameter",
      "Id": "Param51",
      "Segments": [
        0,
        0,
        0,
        5,
        0
      ]
    },
    {
      "Target": "Parameter",
      "Id": "Param52",
      "Segments": [
        0,
        0,
        0,
        5,
        0
      ]
    },
    {
      "Target": "Parameter",
      "Id": "Param49",
      "Segments": [
        0,
        0,
        0,
        5,
        0
      ]
    },
    {
      "Target": "Parameter",
      "Id": "Param58",
      "Segments": [
        0,
        0,
        0,
        5,
        0
      ]
    },
    {
      "Target": "Parameter",
      "Id": "Param23",
      "Segments": [
        0,
        0,
        0,
        5,
        0
      ]
    },
    {
      "Target": "Parameter",
      "Id": "Param59",
      "Segments": [
        0,
        0,
        0,
        5,
        0
      ]
    },
    {
      "Target": "Parameter",
      "Id": "Param60",
      "Segments": [
        0,
        0,
        0,
        5,
        0
      ]
    },
    {
      "Target": "Parameter",
      "Id": "Param91",
      "Segments": [
        0,
        0,
        0,
        5,
        0
      ]
    },
    {
      "Target": "Parameter",
      "Id": "Param90",
      "Segments": [
        0,
        0,
        0,
        5,
        0
      ]
    },
    {
      "Target": "Parameter",
      "Id": "Param45",
      "Segments": [
        0,
        0,
        0,
        5,
        0
      ]
    },
    {
      "Target": "Parameter",
      "Id": "Param5",
      "Segments": [
        0,
        0,
        0,
        5,
        0
      ]
    },
    {
      "Target": "Parameter",
      "Id": "Param8",
      "Segments": [
        0,
        0,
        0,
        5,
        0
      ]
    },
    {
      "Target": "Parameter",
      "Id": "Param47",
      "Segments": [
        0,
        0,
        0,
        5,
        0
      ]
    },
    {
      "Target": "Parameter",
      "Id": "Param7",
      "Segments": [
        0,
        0,
        0,
        5,
        0
      ]
    },
    {
      "Target": "Parameter",
      "Id": "Param14",
      "Segments": [
        0,
        0,
        0,
        5,
        0
      ]
    },
    {
      "Target": "Parameter",
      "Id": "Param46",
      "Segments": [
        0,
        0,
        0,
        5,
        0
      ]
    },
    {
      "Target": "Parameter",
      "Id": "Param",
      "Segments": [
        0,
        0,
        0,
        5,
        0
      ]
    },
    {
      "Target": "Parameter",
      "Id": "Param2",
      "Segments": [
        0,
        0,
        0,
        5,
        0
      ]
    },
    {
      "Target": "Parameter",
      "Id": "Param3",
      "Segments": [
        0,
        0,
        0,
        5,
        0
      ]
    },
    {
      "Target": "Parameter",
      "Id": "Param100",
      "Segments": [
        0,
        0,
        0,
        5,
        0
      ]
    },
    {
      "Target": "Parameter",
      "Id": "Param101",
      "Segments": [
        0,
        1,
        0,
        5,
        1
      ]
    },
    {
      "Target": "Parameter",
      "Id": "Param9",
      "Segments": [
        0,
        0,
        0,
        5,
        0
      ]
    },
    {
      "Target": "Parameter",
      "Id": "Param54",
      "Segments": [
        0,
        1.375,
        0,
        5,
        1.375
      ]
    },
    {
      "Target": "Parameter",
      "Id": "Param55",
      "Segments": [
        0,
        0,
        0,
        5,
        0
      ]
    },
    {
      "Target": "Parameter",
      "Id": "Param68",
      "Segments": [
        0,
        0,
        0,
        5,
        0
      ]
    },
    {
      "Target": "Parameter",
      "Id": "Param75",
      "Segments": [
        0,
        5,
        0,
        5,
        5
      ]
    },
    {
      "Target": "Parameter",
      "Id": "Param76",
      "Segments": [
        0,
        0,
        0,
        5,
        0
      ]
    },
    {
      "Target": "Parameter",
      "Id": "Param89",
      "Segments": [
        0,
        -3,
        0,
        5,
        -3
      ]
    }
  ],
  "UserData": [
    {
      "Time": 0.0,
      "Value": ""
    },
    {
      "Time": 0.63,
      "Value": "particle_FXPFXLive2dVee2_1"
    },
    {
      "Time": 0.67,
      "Value": "characterVoice_12_4"
    },
    {
      "Time": 1.3,
      "Value": "particle_FXPFXLive2dVee2_0\n"
    },
    {
      "Time": 4.77,
      "Value": "particle_FXPFXLive2dVee2_1"
    },
    {
      "Time": 5.0,
      "Value": "particle_FXPFXLive2dVee2_0"
    }
  ]
}