{
  "Version": 3,
  "Meta": {
    "Duration": 3.0,
    "Fps": 30.0,
    "Loop": true,
    "AreBeziersRestricted": true,
    "CurveCount": 134,
    "TotalSegmentCount": 540,
    "TotalPointCount": 712,
    "UserDataCount": 6,
    "TotalUserDataSize": 123
  },
  "Curves": [
    {
      "Target": "Parameter",
      "Id": "ParamAngleX",
      "Segments": [
        0,
        -3.408,
        0,
        0.667,
        -10,
        1,
        0.8,
        -10,
        0.934,
        1.222,
        1.067,
        2,
        1,
        1.378,
        3.816,
        1.689,
        4,
        2,
        4,
        1,
        2.333,
        4,
        2.667,
        -0.127,
        3,
        -3.408
      ]
    },
    {
      "Target": "Parameter",
      "Id": "ParamAngleY",
      "Segments": [
        0,
        1.489,
        0,
        0.667,
        -11,
        1,
        0.8,
        -11,
        0.934,
        14.47,
        1.067,
        16,
        1,
        1.378,
        19.57,
        1.689,
        20,
        2,
        20,
        1,
        2.333,
        20,
        2.667,
        9.17,
        3,
        1.489
      ]
    },
    {
      "Target": "Parameter",
      "Id": "ParamAngleZ",
      "Segments": [
        0,
        -1.375,
        0,
        0.767,
        -7,
        1,
        0.9,
        -7,
        1.034,
        21.214,
        1.167,
        22,
        1,
        1.478,
        23.834,
        1.789,
        24,
        2.1,
        24,
        1,
        2.4,
        24,
        2.7,
        1.188,
        3,
        -1.375
      ]
    },
    {
      "Target": "Parameter",
      "Id": "ParamBodyAngleX",
      "Segments": [
        0,
        -3,
        0,
        0.667,
        -5,
        1,
        0.789,
        -5,
        0.911,
        4.828,
        1.033,
        5,
        1,
        1.355,
        5.454,
        1.678,
        5.615,
        2,
        6,
        1,
        2.056,
        6.066,
        2.111,
        7,
        2.167,
        7,
        0,
        3,
        -3
      ]
    },
    {
      "Target": "Parameter",
      "Id": "ParamBodyAngleY",
      "Segments": [
        0,
        0,
        0,
        0.767,
        -1,
        0,
        0.933,
        0,
        2,
        3,
        0
      ]
    },
    {
      "Target": "Parameter",
      "Id": "ParamBodyAngleY2",
      "Segments": [
        0,
        0,
        0,
        0.767,
        -1,
        1,
        0.822,
        -1,
        0.878,
        -0.455,
        0.933,
        0,
        1,
        0.978,
        0.364,
        1.022,
        0.393,
        1.067,
        0.393,
        0,
        1.2,
        -0.397,
        0,
        1.333,
        0.393,
        0,
        1.467,
        -0.397,
        0,
        1.6,
        0.393,
        0,
        1.733,
        0,
        2,
        3,
        0
      ]
    },
    {
      "Target": "Parameter",
      "Id": "ParamBodyAngleZ",
      "Segments": [
        0,
        0.346,
        0,
        0.867,
        -1,
        1,
        0.989,
        -1,
        1.111,
        0.918,
        1.233,
        1,
        1,
        1.555,
        1.217,
        1.878,
        1.295,
        2.2,
        1.48,
        1,
        2.256,
        1.512,
        2.311,
        2,
        2.367,
        2,
        0,
        3,
        0.346
      ]
    },
    {
      "Target": "Parameter",
      "Id": "ParamBodyAngleZ2",
      "Segments": [
        0,
        -0.688,
        0,
        0.867,
        3,
        1,
        0.989,
        3,
        1.111,
        -2.661,
        1.233,
        -3,
        1,
        1.555,
        -3.893,
        1.878,
        -4.242,
        2.2,
        -5,
        1,
        2.256,
        -5.131,
        2.311,
        -6,
        2.367,
        -6,
        0,
        3,
        -0.688
      ]
    },
    {
      "Target": "Parameter",
      "Id": "ParamEyeLOpen",
      "Segments": [
        0,
        1,
        2,
        0.5,
        1,
        0,
        0.833,
        0.8,
        2,
        2,
        0.8,
        0,
        2.167,
        0,
        0,
        2.333,
        1,
        2,
        3,
        1
      ]
    },
    {
      "Target": "Parameter",
      "Id": "ParamEyeLSmile",
      "Segments": [
        0,
        0,
        2,
        0.5,
        0,
        0,
        0.833,
        1,
        2,
        2,
        1,
        0,
        2.333,
        0,
        2,
        3,
        0
      ]
    },
    {
      "Target": "Parameter",
      "Id": "ParamEyeROpen",
      "Segments": [
        0,
        1,
        2,
        0.5,
        1,
        0,
        0.833,
        0.8,
        2,
        2,
        0.8,
        0,
        2.167,
        0,
        0,
        2.333,
        1,
        2,
        3,
        1
      ]
    },
    {
      "Target": "Parameter",
      "Id": "ParamEyeRSmile",
      "Segments": [
        0,
        0,
        2,
        0.5,
        0,
        0,
        0.833,
        1,
        2,
        2,
        1,
        0,
        2.333,
        0,
        2,
        3,
        0
      ]
    },
    {
      "Target": "Parameter",
      "Id": "ParamMouthForm",
      "Segments": [
        0,
        0,
        2,
        0.5,
        0,
        2,
        0.833,
        0,
        0,
        1.167,
        1,
        2,
        2.333,
        1,
        0,
        2.667,
        0,
        2,
        3,
        0
      ]
    },
    {
      "Target": "Parameter",
      "Id": "ParamMouthOpenY2",
      "Segments": [
        0,
        0,
        2,
        0.5,
        0,
        2,
        0.833,
        0,
        0,
        1.167,
        1,
        2,
        2.333,
        1,
        0,
        2.667,
        0,
        2,
        3,
        0
      ]
    },
    {
      "Target": "Parameter",
      "Id": "Param92",
      "Segments": [
        0,
        0,
        2,
        1,
        0,
        0,
        1.133,
        4,
        0,
        1.267,
        -4,
        0,
        1.4,
        4,
        0,
        1.533,
        -4,
        0,
        1.667,
        4,
        0,
        1.8,
        0,
        2,
        3,
        0
      ]
    },
    {
      "Target": "Parameter",
      "Id": "Param37",
      "Segments": [
        0,
        -0.428,
        0,
        0.8,
        -1,
        0,
        1.233,
        4,
        2,
        1.833,
        4,
        0,
        2.167,
        10.876,
        1,
        2.289,
        10.876,
        2.411,
        5.687,
        2.533,
        4,
        1,
        2.689,
        1.853,
        2.844,
        -0.251,
        3,
        -0.428
      ]
    },
    {
      "Target": "Parameter",
      "Id": "Param43",
      "Segments": [
        0,
        0.001,
        0,
        0.867,
        0,
        1,
        1.011,
        0,
        1.156,
        15.153,
        1.3,
        15.92,
        1,
        1.5,
        16.982,
        1.7,
        16.9,
        1.9,
        16.9,
        1,
        2.011,
        16.9,
        2.122,
        17.198,
        2.233,
        14,
        1,
        2.366,
        10.162,
        2.5,
        -3,
        2.633,
        -3,
        1,
        2.755,
        -3,
        2.878,
        -0.225,
        3,
        0.001
      ]
    },
    {
      "Target": "Parameter",
      "Id": "Param44",
      "Segments": [
        0,
        -0.428,
        0,
        0.933,
        -30,
        0,
        1.367,
        -27,
        0,
        1.467,
        -30,
        2,
        1.933,
        -30,
        1,
        1.944,
        -30,
        1.956,
        -27.496,
        1.967,
        -27,
        1,
        2.078,
        -22.037,
        2.189,
        -20,
        2.3,
        -20,
        0,
        2.7,
        -24,
        1,
        2.8,
        -24,
        2.9,
        -0.666,
        3,
        -0.428
      ]
    },
    {
      "Target": "Parameter",
      "Id": "Param50",
      "Segments": [
        0,
        0,
        0,
        1.167,
        30,
        0,
        1.633,
        -30,
        1,
        1.766,
        -30,
        1.9,
        -27.371,
        2.033,
        -11,
        1,
        2.133,
        1.278,
        2.233,
        21,
        2.333,
        21,
        0,
        3,
        0
      ]
    },
    {
      "Target": "Parameter",
      "Id": "Param99",
      "Segments": [
        0,
        0,
        2,
        1.367,
        0,
        0,
        1.467,
        1,
        2,
        1.967,
        1,
        0,
        2,
        0,
        2,
        3,
        0
      ]
    },
    {
      "Target": "Parameter",
      "Id": "Param51",
      "Segments": [
        0,
        0,
        2,
        0.767,
        0,
        0,
        0.8,
        1,
        2,
        1.367,
        1,
        2,
        1.967,
        1,
        2,
        2.8,
        1,
        0,
        2.833,
        0,
        2,
        3,
        0
      ]
    },
    {
      "Target": "Parameter",
      "Id": "Param91",
      "Segments": [
        0,
        0,
        2,
        1,
        0,
        0,
        1.133,
        4,
        0,
        1.267,
        -4,
        0,
        1.4,
        4,
        0,
        1.533,
        -4,
        0,
        1.667,
        4,
        0,
        1.8,
        0,
        2,
        3,
        0
      ]
    },
    {
      "Target": "Parameter",
      "Id": "Param64",
      "Segments": [
        0,
        0,
        0,
        1.067,
        15,
        2,
        2.267,
        15,
        0,
        3,
        0
      ]
    },
    {
      "Target": "Parameter",
      "Id": "Param11",
      "Segments": [
        0,
        0.346,
        0,
        0.767,
        -1.994,
        0,
        1.167,
        17,
        0,
        1.633,
        16,
        2,
        2.367,
        16,
        0,
        3,
        0.346
      ]
    },
    {
      "Target": "Parameter",
      "Id": "Param15",
      "Segments": [
        0,
        0.124,
        0,
        0.867,
        -9.836,
        0,
        1.267,
        17,
        1,
        1.422,
        17,
        1.578,
        16.767,
        1.733,
        16,
        1,
        1.978,
        14.795,
        2.222,
        14.061,
        2.467,
        12,
        1,
        2.645,
        10.501,
        2.822,
        0.124,
        3,
        0.124
      ]
    },
    {
      "Target": "Parameter",
      "Id": "Param42",
      "Segments": [
        0,
        -0.496,
        0,
        0.867,
        0,
        0,
        1.267,
        -5,
        0,
        1.733,
        0,
        0,
        2.467,
        -5,
        0,
        3,
        -0.496
      ]
    },
    {
      "Target": "Parameter",
      "Id": "Param12",
      "Segments": [
        0,
        450,
        2,
        0.667,
        450,
        0,
        0.7,
        500,
        2,
        2.733,
        500,
        0,
        2.767,
        450,
        2,
        3,
        450
      ]
    },
    {
      "Target": "Parameter",
      "Id": "Param6",
      "Segments": [
        0,
        0,
        2,
        0.667,
        0,
        0,
        0.7,
        1,
        2,
        2.733,
        1,
        0,
        2.767,
        0,
        2,
        3,
        0
      ]
    },
    {
      "Target": "Parameter",
      "Id": "Param10",
      "Segments": [
        0,
        0,
        2,
        0.667,
        0,
        0,
        0.7,
        1,
        2,
        2.733,
        1,
        0,
        2.767,
        0,
        2,
        3,
        0
      ]
    },
    {
      "Target": "Parameter",
      "Id": "Param30",
      "Segments": [
        0,
        1.443,
        0,
        0.833,
        -5,
        0,
        1.233,
        3,
        0,
        1.667,
        -2,
        0,
        2.067,
        1,
        0,
        2.467,
        -1,
        0,
        3,
        1.443
      ]
    },
    {
      "Target": "Parameter",
      "Id": "Param18",
      "Segments": [
        0,
        1.704,
        0,
        0.967,
        -5,
        0,
        1.367,
        3,
        0,
        1.8,
        -2,
        0,
        2.2,
        1,
        0,
        2.6,
        -1,
        0,
        3,
        1.704
      ]
    },
    {
      "Target": "Parameter",
      "Id": "Param26",
      "Segments": [
        0,
        3.96,
        0,
        0.9,
        -8,
        0,
        1.3,
        6,
        0,
        1.733,
        -5,
        0,
        2.133,
        4,
        0,
        2.533,
        -1,
        0,
        3,
        3.96
      ]
    },
    {
      "Target": "Parameter",
      "Id": "Param31",
      "Segments": [
        0,
        6.898,
        0,
        1.033,
        -8,
        0,
        1.433,
        6,
        0,
        1.867,
        -5,
        0,
        2.267,
        4,
        0,
        2.667,
        -1,
        0,
        3,
        6.898
      ]
    },
    {
      "Target": "Parameter",
      "Id": "Param24",
      "Segments": [
        0,
        3.699,
        0,
        1,
        -8,
        0,
        1.4,
        6,
        0,
        1.833,
        -5,
        0,
        2.233,
        4,
        0,
        2.633,
        -1,
        0,
        3,
        3.699
      ]
    },
    {
      "Target": "Parameter",
      "Id": "Param32",
      "Segments": [
        0,
        6.955,
        0,
        1.133,
        -8,
        0,
        1.533,
        6,
        0,
        1.967,
        -5,
        0,
        2.367,
        4,
        0,
        2.767,
        -1,
        1,
        2.845,
        -1,
        2.922,
        6.535,
        3,
        6.955
      ]
    },
    {
      "Target": "Parameter",
      "Id": "Param27",
      "Segments": [
        0,
        3.62,
        0,
        0.967,
        -8,
        0,
        1.367,
        6,
        0,
        1.8,
        -5,
        0,
        2.2,
        4,
        0,
        2.6,
        -1,
        0,
        3,
        3.62
      ]
    },
    {
      "Target": "Parameter",
      "Id": "Param33",
      "Segments": [
        0,
        6.723,
        0,
        1.1,
        -8,
        0,
        1.5,
        6,
        0,
        1.933,
        -5,
        0,
        2.333,
        4,
        0,
        2.733,
        -1,
        0,
        3,
        6.723
      ]
    },
    {
      "Target": "Parameter",
      "Id": "Param103",
      "Segments": [
        0,
        0.497,
        0,
        0.9,
        -8,
        0,
        1.3,
        6,
        0,
        1.733,
        -5,
        0,
        2.133,
        4,
        0,
        2.533,
        -1,
        0,
        3,
        0.497
      ]
    },
    {
      "Target": "Parameter",
      "Id": "Param104",
      "Segments": [
        0,
        3.779,
        0,
        1.033,
        -8,
        0,
        1.433,
        6,
        0,
        1.867,
        -5,
        0,
        2.267,
        4,
        0,
        2.667,
        -1,
        0,
        3,
        3.779
      ]
    },
    {
      "Target": "Parameter",
      "Id": "Param105",
      "Segments": [
        0,
        4.873,
        0,
        1,
        -8,
        0,
        1.4,
        6,
        0,
        1.833,
        -5,
        0,
        2.233,
        4,
        0,
        2.633,
        -1,
        0,
        3,
        4.873
      ]
    },
    {
      "Target": "Parameter",
      "Id": "Param106",
      "Segments": [
        0,
        6.688,
        0,
        1.133,
        -8,
        0,
        1.533,
        6,
        0,
        1.967,
        -5,
        0,
        2.367,
        4,
        0,
        2.767,
        -1,
        1,
        2.845,
        -1,
        2.922,
        5.852,
        3,
        6.688
      ]
    },
    {
      "Target": "Parameter",
      "Id": "Param22",
      "Segments": [
        0,
        4.393,
        0,
        0.9,
        -8,
        0,
        1.3,
        6,
        0,
        1.733,
        -5,
        0,
        2.133,
        4,
        0,
        2.533,
        -1,
        0,
        3,
        4.393
      ]
    },
    {
      "Target": "Parameter",
      "Id": "Param34",
      "Segments": [
        0,
        7,
        0,
        1.033,
        -8,
        0,
        1.433,
        6,
        0,
        1.867,
        -5,
        0,
        2.267,
        4,
        0,
        2.667,
        -1,
        0,
        3,
        7
      ]
    },
    {
      "Target": "Parameter",
      "Id": "Param28",
      "Segments": [
        0,
        3.898,
        0,
        1,
        -8,
        0,
        1.4,
        6,
        0,
        1.833,
        -5,
        0,
        2.233,
        4,
        0,
        2.633,
        -1,
        0,
        3,
        3.898
      ]
    },
    {
      "Target": "Parameter",
      "Id": "Param35",
      "Segments": [
        0,
        6.723,
        0,
        1.133,
        -8,
        0,
        1.533,
        6,
        0,
        1.967,
        -5,
        0,
        2.367,
        4,
        0,
        2.767,
        -1,
        1,
        2.845,
        -1,
        2.922,
        5.969,
        3,
        6.723
      ]
    },
    {
      "Target": "Parameter",
      "Id": "Param25",
      "Segments": [
        0,
        0,
        0,
        0.767,
        -8,
        0,
        1.067,
        6,
        0,
        1.4,
        -6.114,
        0,
        1.7,
        4,
        0,
        2,
        -4.055,
        0,
        2.333,
        2.085,
        0,
        2.633,
        -2,
        0,
        3,
        0
      ]
    },
    {
      "Target": "Parameter",
      "Id": "Param36",
      "Segments": [
        0,
        0,
        0,
        0.867,
        -9.038,
        0,
        1.167,
        7.045,
        0,
        1.5,
        -7.152,
        0,
        1.8,
        5.045,
        0,
        2.133,
        -5.092,
        0,
        2.433,
        3.13,
        0,
        2.767,
        -2,
        0,
        3,
        0
      ]
    },
    {
      "Target": "Parameter",
      "Id": "Param29",
      "Segments": [
        0,
        0,
        0,
        1,
        -10,
        0,
        1.3,
        8.89,
        0,
        1.633,
        -8.184,
        0,
        1.933,
        6.89,
        0,
        2.3,
        -6.124,
        0,
        2.567,
        4.975,
        0,
        2.933,
        -2,
        0,
        3,
        0
      ]
    },
    {
      "Target": "Parameter",
      "Id": "Param19",
      "Segments": [
        0,
        -1.399,
        0,
        1.233,
        3,
        0,
        2.033,
        -3,
        1,
        2.355,
        -3,
        2.678,
        -2.806,
        3,
        -1.399
      ]
    },
    {
      "Target": "Parameter",
      "Id": "Param102",
      "Segments": [
        0,
        1.299,
        0,
        0.933,
        -1.015,
        0,
        1.667,
        3,
        0,
        2.467,
        -3,
        1,
        2.645,
        -3,
        2.822,
        0.182,
        3,
        1.299
      ]
    },
    {
      "Target": "Parameter",
      "Id": "Param17",
      "Segments": [
        0,
        -2.062,
        0,
        1.133,
        5,
        0,
        2,
        -5,
        0,
        3,
        -2.062
      ]
    },
    {
      "Target": "Parameter",
      "Id": "Param20",
      "Segments": [
        0,
        0.994,
        0,
        1.3,
        5,
        0,
        2.167,
        -5,
        0,
        3,
        0.994
      ]
    },
    {
      "Target": "Parameter",
      "Id": "Param16",
      "Segments": [
        0,
        1.443,
        0,
        1.3,
        5,
        0,
        2.167,
        -5,
        1,
        2.445,
        -5,
        2.722,
        -1.3,
        3,
        1.443
      ]
    },
    {
      "Target": "Parameter",
      "Id": "Param21",
      "Segments": [
        0,
        -2.181,
        0,
        1.467,
        6,
        0,
        2.333,
        -6,
        1,
        2.555,
        -6,
        2.778,
        -5.077,
        3,
        -2.181
      ]
    },
    {
      "Target": "Parameter",
      "Id": "Param61",
      "Segments": [
        0,
        -4.261,
        0,
        0.8,
        -9,
        0,
        1.3,
        7,
        0,
        1.833,
        -7,
        0,
        2.333,
        5,
        1,
        2.444,
        5,
        2.556,
        -2.243,
        2.667,
        -3,
        1,
        2.778,
        -3.757,
        2.889,
        -3.772,
        3,
        -4.261
      ]
    },
    {
      "Target": "Parameter",
      "Id": "Param78",
      "Segments": [
        0,
        -3.438,
        0,
        0.933,
        -7,
        0,
        1.433,
        5,
        0,
        1.967,
        -3,
        0,
        2.467,
        2,
        1,
        2.645,
        2,
        2.822,
        -1.315,
        3,
        -3.438
      ]
    },
    {
      "Target": "Parameter",
      "Id": "Param65",
      "Segments": [
        0,
        0.994,
        0,
        1.1,
        -7,
        0,
        1.6,
        5,
        0,
        2.133,
        -3,
        0,
        2.633,
        2,
        1,
        2.755,
        2,
        2.878,
        2.152,
        3,
        0.994
      ]
    },
    {
      "Target": "Parameter",
      "Id": "Param79",
      "Segments": [
        0,
        -2.405,
        0,
        1.033,
        -7,
        0,
        1.533,
        5,
        0,
        2.067,
        -3,
        0,
        2.567,
        2,
        1,
        2.711,
        2,
        2.856,
        -0.476,
        3,
        -2.405
      ]
    },
    {
      "Target": "Parameter",
      "Id": "Param70",
      "Segments": [
        0,
        2.181,
        0,
        1.2,
        -7,
        0,
        1.7,
        5,
        0,
        2.233,
        -3,
        1,
        2.4,
        -3,
        2.566,
        1.429,
        2.733,
        2,
        1,
        2.822,
        2.304,
        2.911,
        2.181,
        3,
        2.181
      ]
    },
    {
      "Target": "Parameter",
      "Id": "Param80",
      "Segments": [
        0,
        -1.241,
        0,
        0.933,
        -7,
        0,
        1.433,
        5,
        0,
        1.967,
        -3,
        0,
        2.467,
        2,
        1,
        2.645,
        2,
        2.822,
        0.892,
        3,
        -1.241
      ]
    },
    {
      "Target": "Parameter",
      "Id": "Param63",
      "Segments": [
        0,
        3.247,
        0,
        1.1,
        -7,
        0,
        1.6,
        5,
        0,
        2.133,
        -3,
        1,
        2.3,
        -3,
        2.466,
        0.19,
        2.633,
        2,
        1,
        2.755,
        3.328,
        2.878,
        3.247,
        3,
        3.247
      ]
    },
    {
      "Target": "Parameter",
      "Id": "Param77",
      "Segments": [
        0,
        0,
        0,
        1.033,
        -7,
        0,
        1.533,
        5,
        0,
        2.067,
        -3,
        0,
        2.567,
        2,
        1,
        2.711,
        2,
        2.856,
        1.638,
        3,
        0
      ]
    },
    {
      "Target": "Parameter",
      "Id": "Param69",
      "Segments": [
        0,
        4.115,
        0,
        1.2,
        -7,
        0,
        1.7,
        5,
        0,
        2.233,
        -3,
        1,
        2.4,
        -3,
        2.566,
        -1.053,
        2.733,
        2,
        1,
        2.822,
        3.628,
        2.911,
        4.115,
        3,
        4.115
      ]
    },
    {
      "Target": "Parameter",
      "Id": "Param81",
      "Segments": [
        0,
        -3.048,
        0,
        0.933,
        -7,
        0,
        1.433,
        5,
        0,
        1.967,
        -3,
        0,
        2.467,
        2,
        1,
        2.645,
        2,
        2.822,
        -0.81,
        3,
        -3.048
      ]
    },
    {
      "Target": "Parameter",
      "Id": "Param71",
      "Segments": [
        0,
        1.481,
        0,
        1.1,
        -7,
        0,
        1.6,
        5,
        0,
        2.133,
        -3,
        0,
        2.633,
        2,
        1,
        2.755,
        2,
        2.878,
        2.279,
        3,
        1.481
      ]
    },
    {
      "Target": "Parameter",
      "Id": "Param82",
      "Segments": [
        0,
        -1.719,
        0,
        1.033,
        -7,
        0,
        1.533,
        5,
        0,
        2.067,
        -3,
        0,
        2.567,
        2,
        1,
        2.711,
        2,
        2.856,
        0.14,
        3,
        -1.719
      ]
    },
    {
      "Target": "Parameter",
      "Id": "Param66",
      "Segments": [
        0,
        2.839,
        0,
        1.2,
        -7,
        0,
        1.7,
        5,
        0,
        2.233,
        -3,
        1,
        2.4,
        -3,
        2.566,
        0.128,
        2.733,
        2,
        1,
        2.822,
        2.998,
        2.911,
        2.839,
        3,
        2.839
      ]
    },
    {
      "Target": "Parameter",
      "Id": "Param83",
      "Segments": [
        0,
        -4.261,
        0,
        0.933,
        -7,
        0,
        1.433,
        5,
        0,
        1.967,
        -3,
        0,
        2.467,
        2,
        1,
        2.645,
        2,
        2.822,
        -2.293,
        3,
        -4.261
      ]
    },
    {
      "Target": "Parameter",
      "Id": "Param72",
      "Segments": [
        0,
        -2.405,
        0,
        1.033,
        -7,
        0,
        1.533,
        5,
        0,
        2.067,
        -3,
        0,
        2.567,
        2,
        1,
        2.711,
        2,
        2.856,
        -0.476,
        3,
        -2.405
      ]
    },
    {
      "Target": "Parameter",
      "Id": "Param84",
      "Segments": [
        0,
        0,
        0,
        1.133,
        -7,
        0,
        1.633,
        5,
        0,
        2.167,
        -3,
        0,
        2.667,
        2,
        1,
        2.778,
        2,
        2.889,
        1.412,
        3,
        0
      ]
    },
    {
      "Target": "Parameter",
      "Id": "Param93",
      "Segments": [
        0,
        -3.048,
        0,
        1.033,
        -7,
        0,
        1.533,
        5,
        0,
        2.067,
        -3,
        0,
        2.567,
        2,
        1,
        2.711,
        2,
        2.856,
        -1.192,
        3,
        -3.048
      ]
    },
    {
      "Target": "Parameter",
      "Id": "Param94",
      "Segments": [
        0,
        -0.748,
        0,
        1.133,
        -7,
        0,
        1.633,
        5,
        0,
        2.167,
        -3,
        0,
        2.667,
        2,
        1,
        2.778,
        2,
        2.889,
        0.726,
        3,
        -0.748
      ]
    },
    {
      "Target": "Parameter",
      "Id": "Param95",
      "Segments": [
        0,
        1.719,
        0,
        1.233,
        -7,
        0,
        1.733,
        5,
        0,
        2.267,
        -3,
        0,
        2.767,
        2,
        1,
        2.845,
        2,
        2.922,
        2.274,
        3,
        1.719
      ]
    },
    {
      "Target": "Parameter",
      "Id": "Param96",
      "Segments": [
        0,
        0.994,
        0,
        1.1,
        -7,
        0,
        1.6,
        5,
        0,
        2.133,
        -3,
        0,
        2.633,
        2,
        1,
        2.755,
        2,
        2.878,
        2.152,
        3,
        0.994
      ]
    },
    {
      "Target": "Parameter",
      "Id": "Param97",
      "Segments": [
        0,
        3.247,
        0,
        1.2,
        -7,
        0,
        1.7,
        5,
        0,
        2.233,
        -3,
        1,
        2.4,
        -3,
        2.566,
        -0.369,
        2.733,
        2,
        1,
        2.822,
        3.263,
        2.911,
        3.247,
        3,
        3.247
      ]
    },
    {
      "Target": "Parameter",
      "Id": "Param98",
      "Segments": [
        0,
        4.719,
        0,
        1.3,
        -7,
        0,
        1.8,
        5,
        0,
        2.333,
        -3,
        1,
        2.5,
        -3,
        2.666,
        -1.675,
        2.833,
        2,
        1,
        2.889,
        3.225,
        2.944,
        4.719,
        3,
        4.719
      ]
    },
    {
      "Target": "Parameter",
      "Id": "Param62",
      "Segments": [
        0,
        -4.261,
        0,
        0.867,
        -5,
        0,
        1.367,
        4,
        0,
        1.9,
        -3,
        0,
        2.4,
        2,
        1,
        2.6,
        2,
        2.8,
        -2.042,
        3,
        -4.261
      ]
    },
    {
      "Target": "Parameter",
      "Id": "Param85",
      "Segments": [
        0,
        0,
        0,
        1.033,
        -5,
        0,
        1.533,
        4,
        0,
        2.067,
        -3,
        0,
        2.567,
        2,
        0,
        3,
        0
      ]
    },
    {
      "Target": "Parameter",
      "Id": "Param73",
      "Segments": [
        0,
        -3.247,
        0,
        0.767,
        -5,
        0,
        1.267,
        4,
        0,
        1.8,
        -3,
        0,
        2.3,
        2,
        1,
        2.533,
        2,
        2.767,
        -0.475,
        3,
        -3.247
      ]
    },
    {
      "Target": "Parameter",
      "Id": "Param86",
      "Segments": [
        0,
        1.481,
        0,
        0.933,
        -5,
        0,
        1.433,
        4,
        0,
        1.967,
        -3,
        0,
        2.467,
        2,
        1,
        2.645,
        2,
        2.822,
        2.232,
        3,
        1.481
      ]
    },
    {
      "Target": "Parameter",
      "Id": "Param67",
      "Segments": [
        0,
        -0.249,
        0,
        0.8,
        7,
        0,
        1.3,
        -5,
        0,
        1.833,
        4,
        0,
        2.233,
        -3,
        0,
        2.567,
        5,
        1,
        2.711,
        5,
        2.856,
        2,
        3,
        -0.249
      ]
    },
    {
      "Target": "Parameter",
      "Id": "Param87",
      "Segments": [
        0,
        3.247,
        0,
        0.967,
        7,
        0,
        1.467,
        -5,
        0,
        2,
        4,
        0,
        2.4,
        -3,
        0,
        2.733,
        5,
        1,
        2.822,
        5,
        2.911,
        4.544,
        3,
        3.247
      ]
    },
    {
      "Target": "Parameter",
      "Id": "Param74",
      "Segments": [
        0,
        0,
        2,
        1,
        0,
        0,
        1.667,
        10,
        0,
        2.333,
        0,
        2,
        3,
        0
      ]
    },
    {
      "Target": "Parameter",
      "Id": "Param88",
      "Segments": [
        0,
        5,
        0,
        1.333,
        0,
        0,
        2,
        10,
        0,
        2.667,
        0,
        0,
        3,
        5
      ]
    },
    {
      "Target": "Parameter",
      "Id": "Param54",
      "Segments": [
        0,
        1.375,
        0,
        1.1,
        -5,
        0,
        1.467,
        4,
        0,
        1.833,
        -2,
        1,
        1.922,
        -2,
        2.011,
        -0.171,
        2.1,
        0,
        1,
        2.4,
        0.576,
        2.7,
        0.831,
        3,
        1.375
      ]
    },
    {
      "Target": "Parameter",
      "Id": "Param56",
      "Segments": [
        0,
        1.924,
        0,
        0.9,
        -4,
        0,
        1.267,
        8,
        0,
        1.6,
        -6,
        0,
        1.933,
        4,
        0,
        2.267,
        -2,
        1,
        2.378,
        -2,
        2.489,
        -1.174,
        2.6,
        0,
        1,
        2.733,
        1.409,
        2.867,
        1.924,
        3,
        1.924
      ]
    },
    {
      "Target": "Parameter",
      "Id": "Param57",
      "Segments": [
        0,
        3.842,
        0,
        1.033,
        -4,
        0,
        1.4,
        8,
        0,
        1.733,
        -6,
        0,
        2.067,
        4,
        0,
        2.4,
        -2,
        1,
        2.511,
        -2,
        2.622,
        -1.778,
        2.733,
        0,
        1,
        2.822,
        1.422,
        2.911,
        3.842,
        3,
        3.842
      ]
    },
    {
      "Target": "Parameter",
      "Id": "Param38",
      "Segments": [
        0,
        -1.924,
        0,
        0.967,
        -4,
        0,
        1.333,
        8,
        0,
        1.667,
        -6,
        0,
        2,
        4,
        0,
        2.333,
        -2,
        0,
        2.667,
        0,
        1,
        2.778,
        0,
        2.889,
        -0.885,
        3,
        -1.924
      ]
    },
    {
      "Target": "Parameter",
      "Id": "Param39",
      "Segments": [
        0,
        1.924,
        0,
        1.1,
        -4,
        0,
        1.467,
        8,
        0,
        1.8,
        -6,
        0,
        2.133,
        4,
        0,
        2.467,
        -2,
        1,
        2.578,
        -2,
        2.689,
        -1.548,
        2.8,
        0,
        1,
        2.867,
        0.929,
        2.933,
        1.924,
        3,
        1.924
      ]
    },
    {
      "Target": "Parameter",
      "Id": "Param40",
      "Segments": [
        0,
        -3.974,
        0,
        1.033,
        -4,
        0,
        1.4,
        8,
        0,
        1.733,
        -6,
        0,
        2.067,
        4,
        0,
        2.4,
        -2,
        0,
        2.733,
        0,
        0,
        3,
        -3.974
      ]
    },
    {
      "Target": "Parameter",
      "Id": "Param41",
      "Segments": [
        0,
        -2.274,
        0,
        1.167,
        -4,
        0,
        1.533,
        8,
        0,
        1.867,
        -6,
        0,
        2.2,
        4,
        0,
        2.533,
        -2,
        0,
        2.867,
        0,
        1,
        2.911,
        0,
        2.956,
        -1.456,
        3,
        -2.274
      ]
    },
    {
      "Target": "Model",
      "Id": "Opacity",
      "Segments": [
        0,
        1,
        0,
        3,
        1
      ]
    },
    {
      "Target": "Parameter",
      "Id": "ParamBreath",
      "Segments": [
        0,
        0,
        0,
        3,
        0
      ]
    },
    {
      "Target": "Parameter",
      "Id": "ParamEyeBallX",
      "Segments": [
        0,
        0,
        0,
        3,
        0
      ]
    },
    {
      "Target": "Parameter",
      "Id": "ParamEyeBallY",
      "Segments": [
        0,
        0,
        0,
        3,
        0
      ]
    },
    {
      "Target": "Parameter",
      "Id": "ParamBrowLY",
      "Segments": [
        0,
        0,
        0,
        3,
        0
      ]
    },
    {
      "Target": "Parameter",
      "Id": "ParamBrowRY",
      "Segments": [
        0,
        0,
        0,
        3,
        0
      ]
    },
    {
      "Target": "Parameter",
      "Id": "ParamBrowLX",
      "Segments": [
        0,
        0,
        0,
        3,
        0
      ]
    },
    {
      "Target": "Parameter",
      "Id": "ParamBrowRX",
      "Segments": [
        0,
        0,
        0,
        3,
        0
      ]
    },
    {
      "Target": "Parameter",
      "Id": "ParamBrowLAngle",
      "Segments": [
        0,
        0,
        0,
        3,
        0
      ]
    },
    {
      "Target": "Parameter",
      "Id": "ParamBrowRAngle",
      "Segments": [
        0,
        0,
        0,
        3,
        0
      ]
    },
    {
      "Target": "Parameter",
      "Id": "ParamBrowLForm",
      "Segments": [
        0,
        0,
        0,
        3,
        0
      ]
    },
    {
      "Target": "Parameter",
      "Id": "ParamBrowRForm",
      "Segments": [
        0,
        0,
        0,
        3,
        0
      ]
    },
    {
      "Target": "Parameter",
      "Id": "ParamMouthOpenY",
      "Segments": [
        0,
        0,
        0,
        3,
        0
      ]
    },
    {
      "Target": "Parameter",
      "Id": "ParamCheek",
      "Segments": [
        0,
        0,
        0,
        3,
        0
      ]
    },
    {
      "Target": "Parameter",
      "Id": "Param53",
      "Segments": [
        0,
        0,
        0,
        3,
        0
      ]
    },
    {
      "Target": "Parameter",
      "Id": "Param48",
      "Segments": [
        0,
        0,
        0,
        3,
        0
      ]
    },
    {
      "Target": "Parameter",
      "Id": "Param52",
      "Segments": [
        0,
        0,
        0,
        3,
        0
      ]
    },
    {
      "Target": "Parameter",
      "Id": "Param49",
      "Segments": [
        0,
        0,
        0,
        3,
        0
      ]
    },
    {
      "Target": "Parameter",
      "Id": "Param58",
      "Segments": [
        0,
        0,
        0,
        3,
        0
      ]
    },
    {
      "Target": "Parameter",
      "Id": "Param23",
      "Segments": [
        0,
        0,
        0,
        3,
        0
      ]
    },
    {
      "Target": "Parameter",
      "Id": "Param59",
      "Segments": [
        0,
        0,
        0,
        3,
        0
      ]
    },
    {
      "Target": "Parameter",
      "Id": "Param60",
      "Segments": [
        0,
        0,
        0,
        3,
        0
      ]
    },
    {
      "Target": "Parameter",
      "Id": "Param4",
      "Segments": [
        0,
        -0.483,
        0,
        3,
        -0.483
      ]
    },
    {
      "Target": "Parameter",
      "Id": "Param90",
      "Segments": [
        0,
        0,
        0,
        3,
        0
      ]
    },
    {
      "Target": "Parameter",
      "Id": "Param45",
      "Segments": [
        0,
        0,
        0,
        3,
        0
      ]
    },
    {
      "Target": "Parameter",
      "Id": "Param5",
      "Segments": [
        0,
        0,
        0,
        3,
        0
      ]
    },
    {
      "Target": "Parameter",
      "Id": "Param8",
      "Segments": [
        0,
        0,
        0,
        3,
        0
      ]
    },
    {
      "Target": "Parameter",
      "Id": "Param47",
      "Segments": [
        0,
        0,
        0,
        3,
        0
      ]
    },
    {
      "Target": "Parameter",
      "Id": "Param7",
      "Segments": [
        0,
        0,
        0,
        3,
        0
      ]
    },
    {
      "Target": "Parameter",
      "Id": "Param13",
      "Segments": [
        0,
        0,
        0,
        3,
        0
      ]
    },
    {
      "Target": "Parameter",
      "Id": "Param14",
      "Segments": [
        0,
        0,
        0,
        3,
        0
      ]
    },
    {
      "Target": "Parameter",
      "Id": "Param46",
      "Segments": [
        0,
        0,
        0,
        3,
        0
      ]
    },
    {
      "Target": "Parameter",
      "Id": "Param",
      "Segments": [
        0,
        0,
        0,
        3,
        0
      ]
    },
    {
      "Target": "Parameter",
      "Id": "Param2",
      "Segments": [
        0,
        0,
        0,
        3,
        0
      ]
    },
    {
      "Target": "Parameter",
      "Id": "Param3",
      "Segments": [
        0,
        0,
        0,
        3,
        0
      ]
    },
    {
      "Target": "Parameter",
      "Id": "Param100",
      "Segments": [
        0,
        0,
        0,
        3,
        0
      ]
    },
    {
      "Target": "Parameter",
      "Id": "Param101",
      "Segments": [
        0,
        1,
        0,
        3,
        1
      ]
    },
    {
      "Target": "Parameter",
      "Id": "Param9",
      "Segments": [
        0,
        0,
        0,
        3,
        0
      ]
    },
    {
      "Target": "Parameter",
      "Id": "Param55",
      "Segments": [
        0,
        0,
        0,
        3,
        0
      ]
    },
    {
      "Target": "Parameter",
      "Id": "Param68",
      "Segments": [
        0,
        0,
        0,
        3,
        0
      ]
    },
    {
      "Target": "Parameter",
      "Id": "Param75",
      "Segments": [
        0,
        5,
        0,
        3,
        5
      ]
    },
    {
      "Target": "Parameter",
      "Id": "Param76",
      "Segments": [
        0,
        0,
        0,
        3,
        0
      ]
    },
    {
      "Target": "Parameter",
      "Id": "Param89",
      "Segments": [
        0,
        -3,
        0,
        3,
        -3
      ]
    }
  ],
  "UserData": [
    {
      "Time": 0.0,
      "Value": ""
    },
    {
      "Time": 0.6,
      "Value": "particle_FXPFXLive2dVee2_1"
    },
    {
      "Time": 0.83,
      "Value": "characterVoice_10_2"
    },
    {
      "Time": 0.9,
      "Value": "particle_FXPFXLive2dVee2_0"
    },
    {
      "Time": 2.73,
      "Value": "particle_FXPFXLive2dVee2_1"
    },
    {
      "Time": 2.93,
      "Value": "particle_FXPFXLive2dVee2_0"
    }
  ]
}