{
  "Version": 3,
  "Meta": {
    "Duration": 5.0,
    "Fps": 30.0,
    "Loop": true,
    "AreBeziersRestricted": true,
    "CurveCount": 134,
    "TotalSegmentCount": 883,
    "TotalPointCount": 1033,
    "UserDataCount": 6,
    "TotalUserDataSize": 124
  },
  "Curves": [
    {
      "Target": "Parameter",
      "Id": "ParamAngleX",
      "Segments": [
        0,
        -3.408,
        0,
        0.767,
        5,
        1,
        0.911,
        5,
        1.056,
        -6.539,
        1.2,
        -7,
        1,
        1.5,
        -7.958,
        1.8,
        -8,
        2.1,
        -8,
        1,
        2.233,
        -8,
        2.367,
        -6.853,
        2.5,
        0,
        1,
        2.633,
        6.853,
        2.767,
        15,
        2.9,
        15,
        0,
        3.333,
        -15,
        0,
        3.733,
        0,
        1,
        4.155,
        0,
        4.578,
        -1.217,
        5,
        -3.408
      ]
    },
    {
      "Target": "Parameter",
      "Id": "ParamAngleY",
      "Segments": [
        0,
        1.489,
        0,
        0.767,
        5,
        1,
        0.911,
        5,
        1.056,
        -20.004,
        1.2,
        -23,
        1,
        1.5,
        -29.222,
        1.8,
        -30,
        2.1,
        -30,
        0,
        2.6,
        30,
        2,
        3.8,
        30,
        1,
        4.2,
        30,
        4.6,
        11.753,
        5,
        1.489
      ]
    },
    {
      "Target": "Parameter",
      "Id": "ParamAngleZ",
      "Segments": [
        0,
        -1.375,
        0,
        0.9,
        6,
        1,
        1.044,
        6,
        1.189,
        -5.103,
        1.333,
        -8,
        1,
        1.633,
        -14.016,
        1.933,
        -15,
        2.233,
        -15,
        1,
        2.4,
        -15,
        2.566,
        10.157,
        2.733,
        12,
        1,
        3.133,
        16.423,
        3.533,
        17,
        3.933,
        17,
        1,
        4.289,
        17,
        4.644,
        1.778,
        5,
        -1.375
      ]
    },
    {
      "Target": "Parameter",
      "Id": "ParamBodyAngleX",
      "Segments": [
        0,
        -3,
        0,
        0.767,
        1,
        1,
        0.911,
        1,
        1.056,
        -4.545,
        1.2,
        -5,
        1,
        1.5,
        -5.944,
        1.8,
        -6.225,
        2.1,
        -7,
        1,
        2.156,
        -7.144,
        2.211,
        -9,
        2.267,
        -9,
        0,
        2.533,
        10,
        0,
        2.833,
        -9,
        0,
        3.167,
        8,
        0,
        3.467,
        -9,
        0,
        3.767,
        8,
        0,
        4.033,
        -9,
        1,
        4.355,
        -9,
        4.678,
        -5.991,
        5,
        -3
      ]
    },
    {
      "Target": "Parameter",
      "Id": "ParamBodyAngleY",
      "Segments": [
        0,
        0,
        1,
        0.433,
        0,
        0.867,
        -1.696,
        1.3,
        -4,
        1,
        1.6,
        -5.595,
        1.9,
        -6,
        2.2,
        -6,
        1,
        2.344,
        -6,
        2.489,
        4.388,
        2.633,
        5,
        1,
        3.044,
        6.743,
        3.456,
        7,
        3.867,
        7,
        0,
        5,
        0
      ]
    },
    {
      "Target": "Parameter",
      "Id": "ParamBodyAngleY2",
      "Segments": [
        0,
        0,
        1,
        0.433,
        0,
        0.867,
        -0.475,
        1.3,
        -2,
        1,
        1.6,
        -3.056,
        1.9,
        -4,
        2.2,
        -4,
        1,
        2.344,
        -4,
        2.489,
        1.691,
        2.633,
        2,
        1,
        3.044,
        2.879,
        3.456,
        3,
        3.867,
        3,
        1,
        4.245,
        3,
        4.622,
        1.988,
        5,
        0
      ]
    },
    {
      "Target": "Parameter",
      "Id": "ParamBodyAngleZ",
      "Segments": [
        0,
        0.346,
        0,
        0.967,
        1,
        1,
        1.111,
        1,
        1.256,
        -2.553,
        1.4,
        -3,
        1,
        1.7,
        -3.929,
        2,
        -4,
        2.3,
        -4,
        1,
        2.444,
        -4,
        2.589,
        0.692,
        2.733,
        1,
        1,
        3.144,
        1.876,
        3.556,
        2,
        3.967,
        2,
        0,
        5,
        0.346
      ]
    },
    {
      "Target": "Parameter",
      "Id": "ParamBodyAngleZ2",
      "Segments": [
        0,
        -0.688,
        0,
        0.967,
        -2,
        1,
        1.111,
        -2,
        1.256,
        6.541,
        1.4,
        7,
        1,
        1.7,
        7.954,
        2,
        8.237,
        2.3,
        9,
        1,
        2.356,
        9.141,
        2.411,
        10,
        2.467,
        10,
        0,
        2.733,
        -3,
        0,
        3.033,
        3,
        0,
        3.367,
        -3,
        0,
        3.667,
        3,
        0,
        3.967,
        -3,
        0,
        4.233,
        3,
        1,
        4.489,
        3,
        4.744,
        0.195,
        5,
        -0.688
      ]
    },
    {
      "Target": "Parameter",
      "Id": "ParamEyeLOpen",
      "Segments": [
        0,
        1,
        2,
        0.5,
        1,
        2,
        0.867,
        1,
        0,
        1.033,
        0,
        0,
        1.2,
        0.8,
        2,
        1.5,
        0.8,
        2,
        2.333,
        0.8,
        0,
        2.433,
        0,
        2,
        4,
        0,
        0,
        4.333,
        1,
        2,
        5,
        1
      ]
    },
    {
      "Target": "Parameter",
      "Id": "ParamEyeLSmile",
      "Segments": [
        0,
        0,
        2,
        0.5,
        0,
        2,
        2.333,
        0,
        0,
        2.433,
        1,
        2,
        4,
        1,
        0,
        4.333,
        0,
        2,
        5,
        0
      ]
    },
    {
      "Target": "Parameter",
      "Id": "ParamEyeROpen",
      "Segments": [
        0,
        1,
        2,
        0.5,
        1,
        2,
        0.867,
        1,
        0,
        1.033,
        0,
        0,
        1.2,
        0.8,
        2,
        1.5,
        0.8,
        2,
        2.333,
        0.8,
        0,
        2.433,
        0,
        2,
        4,
        0,
        0,
        4.333,
        1,
        2,
        5,
        1
      ]
    },
    {
      "Target": "Parameter",
      "Id": "ParamEyeRSmile",
      "Segments": [
        0,
        0,
        2,
        0.5,
        0,
        2,
        2.333,
        0,
        0,
        2.433,
        1,
        2,
        4,
        1,
        0,
        4.333,
        0,
        2,
        5,
        0
      ]
    },
    {
      "Target": "Parameter",
      "Id": "ParamMouthOpenY",
      "Segments": [
        0,
        0,
        2,
        0.5,
        0,
        0,
        0.7,
        0.5,
        0,
        0.867,
        0,
        0,
        1.033,
        0.5,
        0,
        1.2,
        0,
        0,
        1.367,
        0.5,
        0,
        1.5,
        0,
        0,
        1.6,
        0.5,
        0,
        1.7,
        0,
        0,
        1.8,
        0.5,
        0,
        1.9,
        0,
        2,
        2.6,
        0,
        0,
        2.767,
        0.5,
        0,
        2.933,
        0,
        0,
        3.033,
        0.5,
        0,
        3.133,
        0,
        0,
        3.233,
        0.5,
        0,
        3.333,
        0,
        0,
        3.5,
        0.5,
        0,
        3.667,
        0,
        2,
        5,
        0
      ]
    },
    {
      "Target": "Parameter",
      "Id": "ParamCheek",
      "Segments": [
        0,
        0,
        2,
        0.5,
        0,
        2,
        2.333,
        0,
        0,
        2.667,
        0.5,
        2,
        4.033,
        0.5,
        0,
        5,
        0
      ]
    },
    {
      "Target": "Parameter",
      "Id": "Param37",
      "Segments": [
        0,
        -0.428,
        0,
        1.2,
        -12,
        2,
        2.333,
        -12,
        0,
        2.533,
        -6.838,
        0,
        2.833,
        -10,
        0,
        3.167,
        -6,
        0,
        3.467,
        -10,
        1,
        3.567,
        -10,
        3.667,
        -7.793,
        3.767,
        -5,
        1,
        3.9,
        -1.276,
        4.034,
        0,
        4.167,
        0,
        1,
        4.445,
        0,
        4.722,
        -0.198,
        5,
        -0.428
      ]
    },
    {
      "Target": "Parameter",
      "Id": "Param53",
      "Segments": [
        0,
        0,
        0,
        1.2,
        5,
        2,
        2.333,
        5,
        0,
        2.767,
        15,
        2,
        3.9,
        15,
        0,
        5,
        0
      ]
    },
    {
      "Target": "Parameter",
      "Id": "Param43",
      "Segments": [
        0,
        0.001,
        0,
        0.833,
        5,
        0,
        1.333,
        -20,
        2,
        2.467,
        -20,
        0,
        2.633,
        -22,
        0,
        2.9,
        -17,
        2,
        4.033,
        -17,
        1,
        4.355,
        -17,
        4.678,
        -0.891,
        5,
        0.001
      ]
    },
    {
      "Target": "Parameter",
      "Id": "Param44",
      "Segments": [
        0,
        -0.428,
        0,
        0.967,
        9,
        0,
        1.467,
        -18,
        0,
        2.3,
        -8.396,
        0,
        2.6,
        -15,
        0,
        3.033,
        3,
        0,
        3.333,
        -3.522,
        0,
        3.667,
        3,
        0,
        3.933,
        -3.522,
        0,
        4.167,
        3,
        0,
        5,
        -0.428
      ]
    },
    {
      "Target": "Parameter",
      "Id": "Param48",
      "Segments": [
        0,
        0,
        2,
        1.033,
        0,
        0,
        1.067,
        1,
        2,
        4.5,
        1,
        0,
        4.533,
        0,
        2,
        5,
        0
      ]
    },
    {
      "Target": "Parameter",
      "Id": "Param49",
      "Segments": [
        0,
        0,
        2,
        1.033,
        0,
        0,
        1.067,
        1,
        2,
        4.5,
        1,
        0,
        4.533,
        0,
        2,
        5,
        0
      ]
    },
    {
      "Target": "Parameter",
      "Id": "Param4",
      "Segments": [
        0,
        -0.483,
        0,
        1.2,
        -4,
        2,
        2.333,
        -4,
        0,
        2.767,
        -6,
        0,
        3.2,
        -5,
        0,
        3.5,
        -9,
        0,
        3.8,
        -0.52,
        0,
        4.133,
        -9,
        0,
        5,
        -0.483
      ]
    },
    {
      "Target": "Parameter",
      "Id": "Param64",
      "Segments": [
        0,
        0,
        0,
        1.2,
        15,
        2,
        2.333,
        15,
        2,
        2.767,
        15,
        2,
        3.9,
        15,
        0,
        5,
        0
      ]
    },
    {
      "Target": "Parameter",
      "Id": "Param11",
      "Segments": [
        0,
        0.346,
        0,
        0.8,
        -2,
        0,
        1.3,
        30,
        2,
        2.433,
        30,
        2,
        2.6,
        30,
        0,
        2.867,
        28,
        2,
        4,
        28,
        0,
        5,
        0.346
      ]
    },
    {
      "Target": "Parameter",
      "Id": "Param90",
      "Segments": [
        0,
        0,
        0,
        1.3,
        15,
        2,
        2.433,
        15,
        2,
        4,
        15,
        0,
        5,
        0
      ]
    },
    {
      "Target": "Parameter",
      "Id": "Param15",
      "Segments": [
        0,
        0.124,
        0,
        0.9,
        -9,
        0,
        1.4,
        6,
        0,
        2.2,
        -16,
        0,
        2.533,
        -5,
        0,
        2.967,
        -27,
        0,
        3.3,
        -14,
        0,
        3.567,
        -27,
        0,
        3.8,
        -14,
        0,
        4.1,
        -27,
        1,
        4.4,
        -27,
        4.7,
        -0.703,
        5,
        0.124
      ]
    },
    {
      "Target": "Parameter",
      "Id": "Param5",
      "Segments": [
        0,
        0,
        2,
        0.867,
        0,
        0,
        0.9,
        1,
        2,
        4.667,
        1,
        0,
        4.7,
        0,
        2,
        5,
        0
      ]
    },
    {
      "Target": "Parameter",
      "Id": "Param8",
      "Segments": [
        0,
        0,
        2,
        0.867,
        0,
        0,
        0.9,
        1,
        2,
        4.667,
        1,
        0,
        4.7,
        0,
        2,
        5,
        0
      ]
    },
    {
      "Target": "Parameter",
      "Id": "Param12",
      "Segments": [
        0,
        450,
        2,
        0.867,
        450,
        0,
        0.9,
        500,
        2,
        4.667,
        500,
        0,
        4.7,
        450,
        2,
        5,
        450
      ]
    },
    {
      "Target": "Parameter",
      "Id": "Param30",
      "Segments": [
        0,
        1.443,
        0,
        0.867,
        5,
        0,
        1.267,
        -10,
        0,
        1.733,
        -3,
        0,
        2.367,
        -10,
        0,
        2.733,
        -3,
        0,
        3.067,
        -10,
        0,
        3.433,
        -3,
        0,
        3.7,
        -10,
        0,
        4.067,
        3.619,
        1,
        4.211,
        0.79,
        4.356,
        -3.619,
        4.5,
        -3.619,
        0,
        5,
        1.443
      ]
    },
    {
      "Target": "Parameter",
      "Id": "Param18",
      "Segments": [
        0,
        1.704,
        0,
        1,
        5,
        0,
        1.467,
        -10,
        0,
        1.933,
        5,
        0,
        2.533,
        -10,
        0,
        2.867,
        5,
        0,
        3.2,
        -10,
        0,
        3.5,
        5,
        0,
        3.8,
        -10,
        0,
        4.2,
        5,
        0,
        4.633,
        -5,
        0,
        5,
        1.704
      ]
    },
    {
      "Target": "Parameter",
      "Id": "Param26",
      "Segments": [
        0,
        3.96,
        0,
        0.667,
        -8.607,
        0,
        0.967,
        5,
        0,
        1.367,
        -10,
        0,
        1.833,
        9,
        0,
        2.467,
        -10,
        0,
        2.8,
        9,
        0,
        3.1,
        -10,
        0,
        3.533,
        9,
        0,
        3.833,
        -10,
        0,
        4.133,
        9,
        1,
        4.422,
        9,
        4.711,
        7.812,
        5,
        3.96
      ]
    },
    {
      "Target": "Parameter",
      "Id": "Param31",
      "Segments": [
        0,
        6.898,
        0,
        0.833,
        -8.607,
        0,
        1.133,
        5,
        0,
        1.567,
        -10,
        0,
        2.067,
        8,
        0,
        2.667,
        -10,
        0,
        2.9,
        8,
        0,
        3.333,
        -10,
        0,
        3.633,
        8,
        0,
        4.033,
        -10,
        0,
        4.4,
        8,
        1,
        4.6,
        8,
        4.8,
        8.584,
        5,
        6.898
      ]
    },
    {
      "Target": "Parameter",
      "Id": "Param24",
      "Segments": [
        0,
        3.699,
        0,
        0.833,
        -8.607,
        0,
        1.1,
        5,
        0,
        1.467,
        -10,
        0,
        1.967,
        9,
        0,
        2.6,
        -10,
        0,
        2.933,
        9,
        0,
        3.233,
        -10,
        0,
        3.667,
        9,
        0,
        3.967,
        -10,
        0,
        4.267,
        9,
        1,
        4.511,
        9,
        4.756,
        6.737,
        5,
        3.699
      ]
    },
    {
      "Target": "Parameter",
      "Id": "Param32",
      "Segments": [
        0,
        6.955,
        0,
        1,
        -8.607,
        0,
        1.267,
        5,
        0,
        1.7,
        -10,
        0,
        2.2,
        8,
        0,
        2.8,
        -10,
        0,
        3.033,
        8,
        0,
        3.467,
        -10,
        0,
        3.767,
        8,
        0,
        4.167,
        -10,
        0,
        4.533,
        8,
        0,
        5,
        6.955
      ]
    },
    {
      "Target": "Parameter",
      "Id": "Param27",
      "Segments": [
        0,
        3.62,
        0,
        1,
        5,
        0,
        1.4,
        -10,
        0,
        1.867,
        8.945,
        0,
        2.5,
        -10,
        0,
        2.833,
        8.945,
        0,
        3.133,
        -10,
        0,
        3.567,
        8.945,
        0,
        3.733,
        -10,
        0,
        4.167,
        8.945,
        1,
        4.445,
        8.945,
        4.722,
        7.473,
        5,
        3.62
      ]
    },
    {
      "Target": "Parameter",
      "Id": "Param33",
      "Segments": [
        0,
        6.723,
        1,
        0.389,
        6.723,
        0.778,
        6.531,
        1.167,
        5,
        1,
        1.311,
        4.431,
        1.456,
        -10,
        1.6,
        -10,
        0,
        2.1,
        9,
        0,
        2.7,
        -10,
        0,
        2.933,
        9,
        0,
        3.367,
        -10,
        0,
        3.667,
        9,
        0,
        3.967,
        -10,
        0,
        4.433,
        9,
        1,
        4.622,
        9,
        4.811,
        9.315,
        5,
        6.723
      ]
    },
    {
      "Target": "Parameter",
      "Id": "Param103",
      "Segments": [
        0,
        0.497,
        0,
        0.833,
        5,
        0,
        1.233,
        -10,
        0,
        1.7,
        8.945,
        0,
        2.333,
        -10,
        0,
        2.667,
        8.945,
        0,
        2.967,
        -10,
        0,
        3.4,
        8.945,
        0,
        3.567,
        -10,
        0,
        4,
        8.945,
        1,
        4.333,
        8.945,
        4.667,
        5.604,
        5,
        0.497
      ]
    },
    {
      "Target": "Parameter",
      "Id": "Param104",
      "Segments": [
        0,
        3.779,
        0,
        1,
        5,
        0,
        1.467,
        -10,
        0,
        1.933,
        9,
        0,
        2.533,
        -10,
        0,
        2.767,
        9,
        0,
        3.2,
        -10,
        0,
        3.5,
        9,
        0,
        3.8,
        -10,
        0,
        4.267,
        9,
        1,
        4.511,
        9,
        4.756,
        8.042,
        5,
        3.779
      ]
    },
    {
      "Target": "Parameter",
      "Id": "Param105",
      "Segments": [
        0,
        4.873,
        0,
        1.033,
        9.306,
        0,
        1.433,
        -10,
        0,
        1.9,
        8.945,
        0,
        2.533,
        -10,
        0,
        2.867,
        8.945,
        0,
        3.167,
        -10,
        0,
        3.6,
        8.945,
        0,
        3.867,
        -10,
        0,
        4.2,
        8.945,
        0,
        4.567,
        -2.256,
        0,
        5,
        4.873
      ]
    },
    {
      "Target": "Parameter",
      "Id": "Param106",
      "Segments": [
        0,
        6.688,
        0,
        1.2,
        9.306,
        0,
        1.633,
        -10,
        0,
        2.133,
        9,
        0,
        2.733,
        -10,
        0,
        2.967,
        9,
        0,
        3.4,
        -10,
        0,
        3.7,
        9,
        0,
        4,
        -10,
        0,
        4.367,
        9,
        0,
        4.733,
        -2.201,
        1,
        4.822,
        -2.201,
        4.911,
        5.667,
        5,
        6.688
      ]
    },
    {
      "Target": "Parameter",
      "Id": "Param22",
      "Segments": [
        0,
        4.393,
        0,
        1,
        5,
        0,
        1.4,
        -10,
        0,
        1.867,
        9,
        0,
        2.5,
        -10,
        0,
        2.833,
        9,
        0,
        3.133,
        -10,
        0,
        3.567,
        9,
        0,
        3.733,
        -10,
        0,
        4.167,
        9,
        1,
        4.445,
        9,
        4.722,
        7.974,
        5,
        4.393
      ]
    },
    {
      "Target": "Parameter",
      "Id": "Param34",
      "Segments": [
        0,
        7,
        1,
        0.389,
        7,
        0.778,
        6.77,
        1.167,
        5,
        1,
        1.311,
        4.343,
        1.456,
        -10,
        1.6,
        -10,
        0,
        2.1,
        9,
        0,
        2.7,
        -10,
        0,
        2.933,
        9,
        0,
        3.367,
        -10,
        0,
        3.667,
        9,
        0,
        3.967,
        -10,
        0,
        4.433,
        9,
        1,
        4.622,
        9,
        4.811,
        9.406,
        5,
        7
      ]
    },
    {
      "Target": "Parameter",
      "Id": "Param28",
      "Segments": [
        0,
        3.898,
        0,
        1,
        5,
        0,
        1.4,
        -10,
        0,
        1.867,
        9,
        0,
        2.5,
        -10,
        0,
        2.833,
        9,
        0,
        3.133,
        -10,
        0,
        3.567,
        9,
        0,
        3.733,
        -10,
        0,
        4.167,
        9,
        1,
        4.445,
        9,
        4.722,
        7.127,
        5,
        3.898
      ]
    },
    {
      "Target": "Parameter",
      "Id": "Param35",
      "Segments": [
        0,
        6.723,
        1,
        0.389,
        6.723,
        0.778,
        6.531,
        1.167,
        5,
        1,
        1.311,
        4.431,
        1.456,
        -10,
        1.6,
        -10,
        0,
        2.1,
        9,
        0,
        2.7,
        -10,
        0,
        2.933,
        9,
        0,
        3.367,
        -10,
        0,
        3.667,
        9,
        0,
        3.967,
        -10,
        0,
        4.433,
        9,
        0,
        5,
        6.723
      ]
    },
    {
      "Target": "Parameter",
      "Id": "Param25",
      "Segments": [
        0,
        0,
        0,
        0.967,
        5,
        0,
        1.367,
        -10,
        0,
        1.833,
        7,
        0,
        2.467,
        -10,
        0,
        2.8,
        7,
        0,
        3.1,
        -10,
        0,
        3.467,
        7,
        0,
        3.733,
        -10,
        0,
        4.133,
        7,
        1,
        4.422,
        7,
        4.711,
        2.867,
        5,
        0
      ]
    },
    {
      "Target": "Parameter",
      "Id": "Param36",
      "Segments": [
        0,
        0,
        0,
        1.133,
        5,
        0,
        1.567,
        -10,
        0,
        2,
        7,
        0,
        2.6,
        -10,
        0,
        2.867,
        7,
        0,
        3.233,
        -10,
        0,
        3.567,
        7,
        0,
        3.867,
        -10,
        0,
        4.3,
        7,
        1,
        4.533,
        7,
        4.767,
        1.962,
        5,
        0
      ]
    },
    {
      "Target": "Parameter",
      "Id": "Param29",
      "Segments": [
        0,
        0,
        0,
        1.267,
        5,
        0,
        1.7,
        -10,
        0,
        2.133,
        7,
        0,
        2.7,
        -10,
        0,
        2.967,
        7,
        0,
        3.367,
        -10,
        0,
        3.667,
        7,
        0,
        3.967,
        -10,
        0,
        4.433,
        7,
        1,
        4.622,
        7,
        4.811,
        1.307,
        5,
        0
      ]
    },
    {
      "Target": "Parameter",
      "Id": "Param19",
      "Segments": [
        0,
        -1.399,
        0,
        1.467,
        3,
        0,
        2.433,
        -2.821,
        0,
        3.367,
        3,
        0,
        4.267,
        -2.821,
        1,
        4.511,
        -2.821,
        4.756,
        -2.606,
        5,
        -1.399
      ]
    },
    {
      "Target": "Parameter",
      "Id": "Param102",
      "Segments": [
        0,
        1.299,
        0,
        1.1,
        -1.057,
        0,
        1.867,
        3,
        0,
        2.867,
        -2.821,
        0,
        3.8,
        3,
        0,
        4.7,
        -2.821,
        1,
        4.8,
        -2.821,
        4.9,
        0.747,
        5,
        1.299
      ]
    },
    {
      "Target": "Parameter",
      "Id": "Param17",
      "Segments": [
        0,
        -2.062,
        0,
        1.033,
        -3,
        0,
        2,
        3,
        0,
        3.033,
        -3,
        0,
        3.833,
        3,
        1,
        4.222,
        3,
        4.611,
        0.707,
        5,
        -2.062
      ]
    },
    {
      "Target": "Parameter",
      "Id": "Param20",
      "Segments": [
        0,
        0.994,
        0,
        1.333,
        -5,
        0,
        2.3,
        5,
        0,
        3.333,
        -5,
        0,
        4.133,
        5,
        1,
        4.422,
        5,
        4.711,
        4.191,
        5,
        0.994
      ]
    },
    {
      "Target": "Parameter",
      "Id": "Param16",
      "Segments": [
        0,
        1.443,
        0,
        1.1,
        3,
        0,
        2.067,
        -3,
        0,
        3.1,
        3,
        0,
        3.9,
        -3,
        1,
        4.267,
        -3,
        4.633,
        -1.267,
        5,
        1.443
      ]
    },
    {
      "Target": "Parameter",
      "Id": "Param21",
      "Segments": [
        0,
        -2.181,
        0,
        1.433,
        5,
        0,
        2.4,
        -5,
        0,
        3.433,
        5,
        0,
        4.233,
        -5,
        1,
        4.489,
        -5,
        4.744,
        -4.768,
        5,
        -2.181
      ]
    },
    {
      "Target": "Parameter",
      "Id": "Param61",
      "Segments": [
        0,
        -4.261,
        0,
        0.7,
        6,
        0,
        1.167,
        -4,
        0,
        1.667,
        3,
        0,
        2.167,
        -2,
        0,
        2.667,
        7,
        0,
        3,
        -7,
        0,
        3.333,
        7,
        0,
        3.667,
        -7,
        0,
        4,
        7,
        0,
        4.5,
        -5,
        0,
        5,
        -4.261
      ]
    },
    {
      "Target": "Parameter",
      "Id": "Param78",
      "Segments": [
        0,
        -3.438,
        0,
        0.7,
        6,
        0,
        1.167,
        -4,
        0,
        1.667,
        3,
        0,
        2.167,
        -2,
        0,
        2.667,
        7,
        0,
        3,
        -7,
        0,
        3.333,
        7,
        0,
        3.667,
        -7,
        0,
        4,
        7,
        0,
        4.5,
        -5,
        0,
        5,
        -3.438
      ]
    },
    {
      "Target": "Parameter",
      "Id": "Param65",
      "Segments": [
        0,
        0.994,
        0,
        0.9,
        6,
        0,
        1.367,
        -4,
        0,
        1.867,
        3,
        0,
        2.367,
        -2,
        0,
        2.8,
        7,
        0,
        3.133,
        -7,
        0,
        3.467,
        7,
        0,
        3.8,
        -7,
        0,
        4.133,
        7,
        0,
        4.667,
        -5,
        0,
        5,
        0.994
      ]
    },
    {
      "Target": "Parameter",
      "Id": "Param79",
      "Segments": [
        0,
        -2.405,
        0,
        0.8,
        6,
        0,
        1.267,
        -4,
        0,
        1.767,
        3,
        0,
        2.267,
        -2,
        0,
        2.767,
        7,
        0,
        3.1,
        -7,
        0,
        3.433,
        7,
        0,
        3.767,
        -7,
        0,
        4.1,
        7,
        0,
        4.6,
        -5,
        0,
        5,
        -2.405
      ]
    },
    {
      "Target": "Parameter",
      "Id": "Param70",
      "Segments": [
        0,
        2.181,
        0,
        1,
        6,
        0,
        1.467,
        -4,
        0,
        1.967,
        3,
        0,
        2.467,
        -2,
        0,
        2.9,
        7,
        0,
        3.233,
        -7,
        0,
        3.567,
        7,
        0,
        3.9,
        -7,
        0,
        4.233,
        7,
        0,
        4.767,
        -5,
        0,
        5,
        2.181
      ]
    },
    {
      "Target": "Parameter",
      "Id": "Param80",
      "Segments": [
        0,
        -1.241,
        0,
        0.7,
        6,
        0,
        1.167,
        -4,
        0,
        1.667,
        3,
        0,
        2.167,
        -2,
        0,
        2.667,
        7,
        0,
        3,
        -7,
        0,
        3.333,
        7,
        0,
        3.667,
        -7,
        0,
        4,
        7,
        0,
        4.5,
        -5,
        0,
        5,
        -1.241
      ]
    },
    {
      "Target": "Parameter",
      "Id": "Param63",
      "Segments": [
        0,
        3.247,
        0,
        0.9,
        6,
        0,
        1.367,
        -4,
        0,
        1.867,
        3,
        0,
        2.367,
        -2,
        0,
        2.8,
        7,
        0,
        3.133,
        -7,
        0,
        3.467,
        7,
        0,
        3.8,
        -7,
        0,
        4.133,
        7,
        0,
        4.667,
        -5,
        0,
        5,
        3.247
      ]
    },
    {
      "Target": "Parameter",
      "Id": "Param77",
      "Segments": [
        0,
        0,
        0,
        0.8,
        6,
        0,
        1.267,
        -4,
        0,
        1.767,
        3,
        0,
        2.267,
        -2,
        0,
        2.767,
        7,
        0,
        3.1,
        -7,
        0,
        3.433,
        7,
        0,
        3.767,
        -7,
        0,
        4.1,
        7,
        0,
        4.6,
        -5,
        0,
        5,
        0
      ]
    },
    {
      "Target": "Parameter",
      "Id": "Param69",
      "Segments": [
        0,
        4.115,
        0,
        1,
        6,
        0,
        1.467,
        -4,
        0,
        1.967,
        3,
        0,
        2.467,
        -2,
        0,
        2.9,
        7,
        0,
        3.233,
        -7,
        0,
        3.567,
        7,
        0,
        3.9,
        -7,
        0,
        4.233,
        7,
        0,
        4.767,
        -5,
        0,
        5,
        4.115
      ]
    },
    {
      "Target": "Parameter",
      "Id": "Param81",
      "Segments": [
        0,
        -3.048,
        0,
        0.7,
        6,
        0,
        1.167,
        -4,
        0,
        1.667,
        3,
        0,
        2.167,
        -2,
        0,
        2.667,
        7,
        0,
        3,
        -7,
        0,
        3.333,
        7,
        0,
        3.667,
        -7,
        0,
        4,
        7,
        0,
        4.5,
        -5,
        0,
        5,
        -3.048
      ]
    },
    {
      "Target": "Parameter",
      "Id": "Param71",
      "Segments": [
        0,
        1.481,
        0,
        0.9,
        6,
        0,
        1.367,
        -4,
        0,
        1.867,
        3,
        0,
        2.367,
        -2,
        0,
        2.8,
        7,
        0,
        3.133,
        -7,
        0,
        3.467,
        7,
        0,
        3.8,
        -7,
        0,
        4.133,
        7,
        0,
        4.667,
        -5,
        0,
        5,
        1.481
      ]
    },
    {
      "Target": "Parameter",
      "Id": "Param82",
      "Segments": [
        0,
        -1.719,
        0,
        0.8,
        6,
        0,
        1.267,
        -4,
        0,
        1.767,
        3,
        0,
        2.267,
        -2,
        0,
        2.767,
        7,
        0,
        3.1,
        -7,
        0,
        3.433,
        7,
        0,
        3.767,
        -7,
        0,
        4.1,
        7,
        0,
        4.6,
        -5,
        0,
        5,
        -1.719
      ]
    },
    {
      "Target": "Parameter",
      "Id": "Param66",
      "Segments": [
        0,
        2.839,
        0,
        1,
        6,
        0,
        1.467,
        -4,
        0,
        1.967,
        3,
        0,
        2.467,
        -2,
        0,
        2.9,
        7,
        0,
        3.233,
        -7,
        0,
        3.567,
        7,
        0,
        3.9,
        -7,
        0,
        4.233,
        7,
        0,
        4.767,
        -5,
        0,
        5,
        2.839
      ]
    },
    {
      "Target": "Parameter",
      "Id": "Param83",
      "Segments": [
        0,
        -4.261,
        0,
        0.7,
        8,
        0,
        1.167,
        -6,
        0,
        1.667,
        4,
        0,
        2.167,
        -2,
        0,
        2.667,
        8,
        0,
        3,
        -8,
        0,
        3.333,
        8,
        0,
        3.667,
        -8,
        0,
        4,
        8,
        0,
        4.5,
        -5,
        0,
        5,
        -4.261
      ]
    },
    {
      "Target": "Parameter",
      "Id": "Param72",
      "Segments": [
        0,
        -2.405,
        0,
        0.9,
        8,
        0,
        1.367,
        -6,
        0,
        1.867,
        4,
        0,
        2.367,
        -2,
        0,
        2.8,
        8,
        0,
        3.133,
        -8,
        0,
        3.467,
        8,
        0,
        3.8,
        -8,
        0,
        4.133,
        8,
        0,
        4.667,
        -5,
        0,
        5,
        -2.405
      ]
    },
    {
      "Target": "Parameter",
      "Id": "Param84",
      "Segments": [
        0,
        0,
        0,
        1.033,
        8,
        0,
        1.467,
        -6,
        0,
        2,
        4,
        0,
        2.5,
        -2,
        0,
        2.933,
        8,
        0,
        3.267,
        -8,
        0,
        3.6,
        8,
        0,
        3.933,
        -8,
        0,
        4.267,
        8,
        0,
        4.8,
        -5,
        0,
        5,
        0
      ]
    },
    {
      "Target": "Parameter",
      "Id": "Param93",
      "Segments": [
        0,
        -3.048,
        0,
        0.8,
        8,
        0,
        1.267,
        -6,
        0,
        1.767,
        4,
        0,
        2.267,
        -2,
        0,
        2.767,
        8,
        0,
        3.1,
        -8,
        0,
        3.433,
        8,
        0,
        3.767,
        -8,
        0,
        4.1,
        8,
        0,
        4.6,
        -5,
        0,
        5,
        -3.048
      ]
    },
    {
      "Target": "Parameter",
      "Id": "Param94",
      "Segments": [
        0,
        -0.748,
        0,
        1,
        8,
        0,
        1.467,
        -6,
        0,
        1.967,
        4,
        0,
        2.467,
        -2,
        0,
        2.9,
        8,
        0,
        3.233,
        -8,
        0,
        3.567,
        8,
        0,
        3.9,
        -8,
        0,
        4.233,
        8,
        0,
        4.767,
        -5,
        0,
        5,
        -0.748
      ]
    },
    {
      "Target": "Parameter",
      "Id": "Param95",
      "Segments": [
        0,
        1.719,
        0,
        1.133,
        8,
        0,
        1.567,
        -6,
        0,
        2.1,
        4,
        0,
        2.6,
        -2,
        0,
        3.033,
        8,
        0,
        3.367,
        -8,
        0,
        3.7,
        8,
        0,
        4.033,
        -8,
        0,
        4.367,
        8,
        1,
        4.578,
        8,
        4.789,
        5.132,
        5,
        1.719
      ]
    },
    {
      "Target": "Parameter",
      "Id": "Param96",
      "Segments": [
        0,
        0.994,
        0,
        0.9,
        8,
        0,
        1.367,
        -6,
        0,
        1.867,
        4,
        0,
        2.367,
        -2,
        0,
        2.867,
        8,
        0,
        3.2,
        -8,
        0,
        3.533,
        8,
        0,
        3.867,
        -8,
        0,
        4.2,
        8,
        0,
        4.7,
        -5,
        0,
        5,
        0.994
      ]
    },
    {
      "Target": "Parameter",
      "Id": "Param97",
      "Segments": [
        0,
        3.247,
        0,
        1.1,
        8,
        0,
        1.533,
        -6,
        0,
        2.067,
        4,
        0,
        2.567,
        -2,
        0,
        3,
        8,
        0,
        3.333,
        -8,
        0,
        3.667,
        8,
        0,
        4,
        -8,
        0,
        4.333,
        8,
        0,
        4.867,
        -5,
        0,
        5,
        3.247
      ]
    },
    {
      "Target": "Parameter",
      "Id": "Param98",
      "Segments": [
        0,
        4.719,
        0,
        1.233,
        8,
        0,
        1.667,
        -6,
        0,
        2.2,
        4,
        0,
        2.7,
        -2,
        0,
        3.133,
        8,
        0,
        3.467,
        -8,
        0,
        3.8,
        8,
        0,
        4.133,
        -8,
        0,
        4.467,
        8,
        1,
        4.645,
        8,
        4.822,
        7.141,
        5,
        4.719
      ]
    },
    {
      "Target": "Parameter",
      "Id": "Param62",
      "Segments": [
        0,
        -4.261,
        0,
        0.8,
        7,
        0,
        1.267,
        -5,
        0,
        1.767,
        3,
        0,
        2.267,
        -1,
        0,
        2.767,
        8,
        0,
        3.1,
        -8,
        0,
        3.433,
        8,
        0,
        3.767,
        -8,
        0,
        4.1,
        8,
        0,
        4.6,
        -5,
        0,
        5,
        -4.261
      ]
    },
    {
      "Target": "Parameter",
      "Id": "Param85",
      "Segments": [
        0,
        0,
        0,
        1.033,
        7,
        0,
        1.467,
        -5,
        0,
        2,
        3,
        0,
        2.5,
        -1,
        0,
        3,
        8,
        0,
        3.333,
        -8,
        0,
        3.667,
        8,
        0,
        4,
        -8,
        0,
        4.333,
        8,
        0,
        4.833,
        -5,
        0,
        5,
        0
      ]
    },
    {
      "Target": "Parameter",
      "Id": "Param73",
      "Segments": [
        0,
        -3.247,
        0,
        0.733,
        7,
        0,
        1.2,
        -5,
        0,
        1.7,
        3,
        0,
        2.2,
        -1,
        0,
        2.7,
        8,
        0,
        3.033,
        -8,
        0,
        3.367,
        8,
        0,
        3.7,
        -8,
        0,
        4.033,
        8,
        0,
        4.533,
        -5,
        0,
        5,
        -3.247
      ]
    },
    {
      "Target": "Parameter",
      "Id": "Param86",
      "Segments": [
        0,
        1.481,
        0,
        0.967,
        7,
        0,
        1.433,
        -5,
        0,
        1.933,
        3,
        0,
        2.433,
        -1,
        0,
        2.933,
        8,
        0,
        3.267,
        -8,
        0,
        3.6,
        8,
        0,
        3.933,
        -8,
        0,
        4.267,
        8,
        0,
        4.767,
        -5,
        0,
        5,
        1.481
      ]
    },
    {
      "Target": "Parameter",
      "Id": "Param67",
      "Segments": [
        0,
        -0.249,
        0,
        0.833,
        7,
        0,
        1.3,
        -5,
        0,
        1.8,
        3,
        0,
        2.3,
        -1,
        0,
        2.8,
        8,
        0,
        3.133,
        -8,
        0,
        3.467,
        8,
        0,
        3.8,
        -8,
        0,
        4.133,
        8,
        0,
        4.633,
        -5,
        0,
        5,
        -0.249
      ]
    },
    {
      "Target": "Parameter",
      "Id": "Param87",
      "Segments": [
        0,
        3.247,
        0,
        1.067,
        7,
        0,
        1.5,
        -5,
        0,
        2.033,
        3,
        0,
        2.533,
        -1,
        0,
        3.033,
        8,
        0,
        3.367,
        -8,
        0,
        3.7,
        8,
        0,
        4.033,
        -8,
        0,
        4.367,
        8,
        0,
        4.867,
        -5,
        0,
        5,
        3.247
      ]
    },
    {
      "Target": "Parameter",
      "Id": "Param74",
      "Segments": [
        0,
        0,
        2,
        0.9,
        0,
        0,
        1.533,
        10,
        0,
        2.2,
        0,
        0,
        2.867,
        10,
        0,
        3.533,
        0,
        0,
        4.2,
        10,
        0,
        5,
        0
      ]
    },
    {
      "Target": "Parameter",
      "Id": "Param88",
      "Segments": [
        0,
        5,
        0,
        1.233,
        0,
        0,
        1.867,
        10,
        0,
        2.533,
        0,
        0,
        3.2,
        10,
        0,
        3.867,
        0,
        0,
        4.533,
        10,
        1,
        4.689,
        10,
        4.844,
        8.566,
        5,
        5
      ]
    },
    {
      "Target": "Parameter",
      "Id": "Param54",
      "Segments": [
        0,
        1.375,
        2,
        2.333,
        1.375,
        0,
        2.6,
        10,
        0,
        2.967,
        -10,
        0,
        3.3,
        10,
        0,
        3.567,
        -10,
        0,
        3.833,
        10,
        0,
        4.133,
        -4,
        0,
        4.4,
        4,
        0,
        4.667,
        -4,
        1,
        4.778,
        -4,
        4.889,
        0.795,
        5,
        1.375
      ]
    },
    {
      "Target": "Parameter",
      "Id": "Param55",
      "Segments": [
        0,
        0,
        2,
        2.433,
        0,
        0,
        2.7,
        10,
        0,
        3.067,
        -10,
        0,
        3.4,
        10,
        0,
        3.667,
        -10,
        0,
        3.933,
        10,
        0,
        4.233,
        -4,
        0,
        4.5,
        4,
        0,
        4.767,
        -4,
        0,
        5,
        0
      ]
    },
    {
      "Target": "Parameter",
      "Id": "Param56",
      "Segments": [
        0,
        1.924,
        0,
        0.7,
        -3,
        0,
        1.033,
        6,
        0,
        1.433,
        -4,
        0,
        1.833,
        4,
        0,
        2.333,
        0,
        0,
        5,
        1.924
      ]
    },
    {
      "Target": "Parameter",
      "Id": "Param57",
      "Segments": [
        0,
        3.842,
        0,
        0.867,
        -5,
        0,
        1.2,
        9,
        0,
        1.567,
        -5,
        0,
        2,
        5,
        0,
        2.5,
        0,
        0,
        5,
        3.842
      ]
    },
    {
      "Target": "Parameter",
      "Id": "Param38",
      "Segments": [
        0,
        -1.924,
        0,
        0.767,
        -3,
        0,
        1.1,
        6,
        0,
        1.467,
        -4,
        0,
        1.9,
        4,
        0,
        2.333,
        1.375,
        0,
        2.6,
        10,
        0,
        2.967,
        -10,
        0,
        3.3,
        10,
        0,
        3.567,
        -10,
        0,
        3.833,
        10,
        0,
        4.133,
        -4,
        0,
        4.4,
        4,
        1,
        4.6,
        4,
        4.8,
        0.484,
        5,
        -1.924
      ]
    },
    {
      "Target": "Parameter",
      "Id": "Param39",
      "Segments": [
        0,
        1.924,
        0,
        0.933,
        -5,
        0,
        1.267,
        9,
        0,
        1.633,
        -5,
        0,
        2.067,
        5,
        0,
        2.433,
        0,
        0,
        2.7,
        10,
        0,
        3.067,
        -10,
        0,
        3.4,
        10,
        0,
        3.667,
        -10,
        0,
        3.933,
        10,
        0,
        4.233,
        -4,
        0,
        4.5,
        4,
        1,
        4.667,
        4,
        4.833,
        3.651,
        5,
        1.924
      ]
    },
    {
      "Target": "Parameter",
      "Id": "Param40",
      "Segments": [
        0,
        -3.974,
        1,
        0.267,
        -3.974,
        0.533,
        -3.893,
        0.8,
        -3,
        1,
        0.911,
        -2.628,
        1.022,
        6,
        1.133,
        6,
        0,
        1.5,
        -4,
        0,
        1.933,
        4,
        0,
        2.367,
        1.375,
        0,
        2.633,
        10,
        0,
        3,
        -10,
        0,
        3.333,
        10,
        0,
        3.6,
        -10,
        0,
        3.867,
        10,
        0,
        4.167,
        -4,
        0,
        4.433,
        4,
        0,
        5,
        -3.974
      ]
    },
    {
      "Target": "Parameter",
      "Id": "Param41",
      "Segments": [
        0,
        -2.274,
        0,
        0.967,
        -5,
        0,
        1.3,
        9,
        0,
        1.667,
        -5,
        0,
        2.1,
        5,
        0,
        2.467,
        0,
        0,
        2.733,
        10,
        0,
        3.1,
        -10,
        0,
        3.433,
        10,
        0,
        3.7,
        -10,
        0,
        3.967,
        10,
        0,
        4.267,
        -4,
        0,
        4.533,
        4,
        1,
        4.689,
        4,
        4.844,
        0.986,
        5,
        -2.274
      ]
    },
    {
      "Target": "Model",
      "Id": "Opacity",
      "Segments": [
        0,
        1,
        0,
        5,
        1
      ]
    },
    {
      "Target": "Parameter",
      "Id": "ParamBreath",
      "Segments": [
        0,
        0,
        0,
        5,
        0
      ]
    },
    {
      "Target": "Parameter",
      "Id": "ParamEyeBallX",
      "Segments": [
        0,
        0,
        0,
        5,
        0
      ]
    },
    {
      "Target": "Parameter",
      "Id": "ParamEyeBallY",
      "Segments": [
        0,
        0,
        0,
        5,
        0
      ]
    },
    {
      "Target": "Parameter",
      "Id": "ParamBrowLY",
      "Segments": [
        0,
        0,
        0,
        5,
        0
      ]
    },
    {
      "Target": "Parameter",
      "Id": "ParamBrowRY",
      "Segments": [
        0,
        0,
        0,
        5,
        0
      ]
    },
    {
      "Target": "Parameter",
      "Id": "ParamBrowLX",
      "Segments": [
        0,
        0,
        0,
        5,
        0
      ]
    },
    {
      "Target": "Parameter",
      "Id": "ParamBrowRX",
      "Segments": [
        0,
        0,
        0,
        5,
        0
      ]
    },
    {
      "Target": "Parameter",
      "Id": "ParamBrowLAngle",
      "Segments": [
        0,
        0,
        0,
        5,
        0
      ]
    },
    {
      "Target": "Parameter",
      "Id": "ParamBrowRAngle",
      "Segments": [
        0,
        0,
        0,
        5,
        0
      ]
    },
    {
      "Target": "Parameter",
      "Id": "ParamBrowLForm",
      "Segments": [
        0,
        0,
        0,
        5,
        0
      ]
    },
    {
      "Target": "Parameter",
      "Id": "ParamBrowRForm",
      "Segments": [
        0,
        0,
        0,
        5,
        0
      ]
    },
    {
      "Target": "Parameter",
      "Id": "ParamMouthForm",
      "Segments": [
        0,
        0,
        0,
        5,
        0
      ]
    },
    {
      "Target": "Parameter",
      "Id": "ParamMouthOpenY2",
      "Segments": [
        0,
        0,
        0,
        5,
        0
      ]
    },
    {
      "Target": "Parameter",
      "Id": "Param92",
      "Segments": [
        0,
        0,
        0,
        5,
        0
      ]
    },
    {
      "Target": "Parameter",
      "Id": "Param50",
      "Segments": [
        0,
        0,
        0,
        5,
        0
      ]
    },
    {
      "Target": "Parameter",
      "Id": "Param99",
      "Segments": [
        0,
        0,
        0,
        5,
        0
      ]
    },
    {
      "Target": "Parameter",
      "Id": "Param51",
      "Segments": [
        0,
        0,
        0,
        5,
        0
      ]
    },
    {
      "Target": "Parameter",
      "Id": "Param52",
      "Segments": [
        0,
        0,
        0,
        5,
        0
      ]
    },
    {
      "Target": "Parameter",
      "Id": "Param58",
      "Segments": [
        0,
        0,
        0,
        5,
        0
      ]
    },
    {
      "Target": "Parameter",
      "Id": "Param23",
      "Segments": [
        0,
        0,
        0,
        5,
        0
      ]
    },
    {
      "Target": "Parameter",
      "Id": "Param59",
      "Segments": [
        0,
        0,
        0,
        5,
        0
      ]
    },
    {
      "Target": "Parameter",
      "Id": "Param60",
      "Segments": [
        0,
        0,
        0,
        5,
        0
      ]
    },
    {
      "Target": "Parameter",
      "Id": "Param91",
      "Segments": [
        0,
        0,
        0,
        5,
        0
      ]
    },
    {
      "Target": "Parameter",
      "Id": "Param42",
      "Segments": [
        0,
        -0.496,
        0,
        5,
        -0.496
      ]
    },
    {
      "Target": "Parameter",
      "Id": "Param45",
      "Segments": [
        0,
        0,
        0,
        5,
        0
      ]
    },
    {
      "Target": "Parameter",
      "Id": "Param6",
      "Segments": [
        0,
        0,
        0,
        5,
        0
      ]
    },
    {
      "Target": "Parameter",
      "Id": "Param47",
      "Segments": [
        0,
        0,
        0,
        5,
        0
      ]
    },
    {
      "Target": "Parameter",
      "Id": "Param7",
      "Segments": [
        0,
        0,
        0,
        5,
        0
      ]
    },
    {
      "Target": "Parameter",
      "Id": "Param10",
      "Segments": [
        0,
        0,
        0,
        5,
        0
      ]
    },
    {
      "Target": "Parameter",
      "Id": "Param13",
      "Segments": [
        0,
        0,
        0,
        5,
        0
      ]
    },
    {
      "Target": "Parameter",
      "Id": "Param14",
      "Segments": [
        0,
        0,
        0,
        5,
        0
      ]
    },
    {
      "Target": "Parameter",
      "Id": "Param46",
      "Segments": [
        0,
        0,
        0,
        5,
        0
      ]
    },
    {
      "Target": "Parameter",
      "Id": "Param",
      "Segments": [
        0,
        0,
        0,
        5,
        0
      ]
    },
    {
      "Target": "Parameter",
      "Id": "Param2",
      "Segments": [
        0,
        0,
        0,
        5,
        0
      ]
    },
    {
      "Target": "Parameter",
      "Id": "Param3",
      "Segments": [
        0,
        0,
        0,
        5,
        0
      ]
    },
    {
      "Target": "Parameter",
      "Id": "Param100",
      "Segments": [
        0,
        0,
        0,
        5,
        0
      ]
    },
    {
      "Target": "Parameter",
      "Id": "Param101",
      "Segments": [
        0,
        1,
        0,
        5,
        1
      ]
    },
    {
      "Target": "Parameter",
      "Id": "Param9",
      "Segments": [
        0,
        0,
        0,
        5,
        0
      ]
    },
    {
      "Target": "Parameter",
      "Id": "Param68",
      "Segments": [
        0,
        0,
        0,
        5,
        0
      ]
    },
    {
      "Target": "Parameter",
      "Id": "Param75",
      "Segments": [
        0,
        5,
        0,
        5,
        5
      ]
    },
    {
      "Target": "Parameter",
      "Id": "Param76",
      "Segments": [
        0,
        0,
        0,
        5,
        0
      ]
    },
    {
      "Target": "Parameter",
      "Id": "Param89",
      "Segments": [
        0,
        -3,
        0,
        5,
        -3
      ]
    }
  ],
  "UserData": [
    {
      "Time": 0.0,
      "Value": ""
    },
    {
      "Time": 0.67,
      "Value": "characterVoice_102_4"
    },
    {
      "Time": 0.87,
      "Value": "particle_FXPFXLive2dVee2_1"
    },
    {
      "Time": 1.13,
      "Value": "particle_FXPFXLive2dVee2_0"
    },
    {
      "Time": 4.67,
      "Value": "particle_FXPFXLive2dVee2_1"
    },
    {
      "Time": 5.0,
      "Value": "particle_FXPFXLive2dVee2_0"
    }
  ]
}