{
  "Version": 3,
  "Meta": {
    "Duration": 11.333,
    "Fps": 30.0,
    "Loop": true,
    "AreBeziersRestricted": true,
    "CurveCount": 134,
    "TotalSegmentCount": 1586,
    "TotalPointCount": 2070,
    "UserDataCount": 6,
    "TotalUserDataSize": 123
  },
  "Curves": [
    {
      "Target": "Parameter",
      "Id": "ParamAngleX",
      "Segments": [
        0,
        -3.408,
        0,
        0.633,
        -6,
        0,
        1.667,
        0,
        1,
        2.111,
        0,
        2.556,
        -5.006,
        3,
        -6,
        1,
        3.833,
        -7.864,
        4.667,
        -8.552,
        5.5,
        -10,
        1,
        5.578,
        -10.135,
        5.655,
        -13,
        5.733,
        -13,
        0,
        6.2,
        0,
        1,
        6.6,
        0,
        7,
        -7.378,
        7.4,
        -9,
        1,
        7.6,
        -9.811,
        7.8,
        -9.741,
        8,
        -10,
        1,
        8.556,
        -10.72,
        9.111,
        -11,
        9.667,
        -11,
        0,
        11.333,
        -3.408
      ]
    },
    {
      "Target": "Parameter",
      "Id": "ParamAngleY",
      "Segments": [
        0,
        1.489,
        0,
        0.167,
        5,
        1,
        0.322,
        5,
        0.478,
        -22.972,
        0.633,
        -25,
        1,
        0.978,
        -29.49,
        1.322,
        -30,
        1.667,
        -30,
        0,
        3,
        -25,
        0,
        4.2,
        -30,
        1,
        4.633,
        -30,
        5.067,
        -26.558,
        5.5,
        -15,
        1,
        5.733,
        -8.777,
        5.967,
        10.576,
        6.2,
        12,
        1,
        6.6,
        14.442,
        7,
        15.084,
        7.4,
        17,
        1,
        7.467,
        17.319,
        7.533,
        30,
        7.6,
        30,
        1,
        7.733,
        30,
        7.867,
        -12.608,
        8,
        -13,
        1,
        8.556,
        -14.633,
        9.111,
        -15,
        9.667,
        -15,
        0,
        11.333,
        1.489
      ]
    },
    {
      "Target": "Parameter",
      "Id": "ParamAngleZ",
      "Segments": [
        0,
        -1.375,
        0,
        0.2,
        8,
        0,
        0.8,
        -7,
        0,
        1.833,
        -2,
        1,
        2.278,
        -2,
        2.722,
        -6.055,
        3.167,
        -7,
        1,
        3.567,
        -7.851,
        3.967,
        -7.712,
        4.367,
        -7.712,
        0,
        5.567,
        -7,
        0,
        5.8,
        -11,
        1,
        5.978,
        -11,
        6.155,
        15.885,
        6.333,
        20,
        1,
        6.711,
        28.745,
        7.089,
        30,
        7.467,
        30,
        1,
        7.689,
        30,
        7.911,
        -2.069,
        8.133,
        -3,
        1,
        8.678,
        -5.28,
        9.222,
        -6.094,
        9.767,
        -8,
        1,
        9.856,
        -8.311,
        9.944,
        -13,
        10.033,
        -13,
        0,
        11.333,
        -1.375
      ]
    },
    {
      "Target": "Parameter",
      "Id": "ParamBodyAngleX",
      "Segments": [
        0,
        -3,
        0,
        0.2,
        -1,
        1,
        0.456,
        -1,
        0.711,
        -4.787,
        0.967,
        -5,
        1,
        1.534,
        -5.471,
        2.1,
        -5.605,
        2.667,
        -6,
        1,
        2.778,
        -6.077,
        2.889,
        -8,
        3,
        -8,
        1,
        3.167,
        -8,
        3.333,
        4.999,
        3.5,
        6,
        1,
        4.056,
        9.336,
        4.611,
        10,
        5.167,
        10,
        0,
        6,
        -2,
        2,
        7.267,
        -2,
        1,
        7.511,
        -2,
        7.756,
        -4.484,
        8,
        -5,
        1,
        8.444,
        -5.937,
        8.889,
        -6,
        9.333,
        -6,
        1,
        10,
        -6,
        10.666,
        -5.715,
        11.333,
        -3
      ]
    },
    {
      "Target": "Parameter",
      "Id": "ParamBodyAngleY",
      "Segments": [
        0,
        0,
        0,
        0.267,
        3,
        1,
        0.556,
        3,
        0.844,
        -1.073,
        1.133,
        -2,
        1,
        1.7,
        -3.819,
        2.266,
        -4,
        2.833,
        -4,
        0,
        3.667,
        0,
        2,
        5.333,
        0,
        0,
        5.567,
        -2,
        0,
        6.167,
        10,
        2,
        7.4,
        10,
        2,
        7.567,
        10,
        1,
        7.767,
        10,
        7.967,
        -1.575,
        8.167,
        -2,
        1,
        8.611,
        -2.945,
        9.056,
        -3,
        9.5,
        -3,
        0,
        11.333,
        0
      ]
    },
    {
      "Target": "Parameter",
      "Id": "ParamBodyAngleY2",
      "Segments": [
        0,
        0,
        0,
        0.267,
        3,
        1,
        0.556,
        3,
        0.844,
        -1.75,
        1.133,
        -2,
        1,
        1.7,
        -2.49,
        2.266,
        -2.625,
        2.833,
        -3,
        1,
        2.911,
        -3.052,
        2.989,
        -4,
        3.067,
        -4,
        0,
        3.667,
        0,
        2,
        5.333,
        0,
        0,
        5.567,
        -2,
        0,
        6.167,
        2,
        2,
        7.433,
        2,
        0,
        7.6,
        3,
        1,
        7.789,
        3,
        7.978,
        -1.611,
        8.167,
        -2,
        1,
        8.611,
        -2.914,
        9.056,
        -3,
        9.5,
        -3,
        0,
        11.333,
        0
      ]
    },
    {
      "Target": "Parameter",
      "Id": "ParamBodyAngleZ",
      "Segments": [
        0,
        0.346,
        0,
        0.333,
        1,
        1,
        0.655,
        1,
        0.978,
        -3.697,
        1.3,
        -4,
        1,
        1.844,
        -4.512,
        2.389,
        -4.623,
        2.933,
        -5,
        1,
        3.011,
        -5.054,
        3.089,
        -6,
        3.167,
        -6,
        1,
        3.389,
        -6,
        3.611,
        2.634,
        3.833,
        3,
        1,
        4.389,
        3.914,
        4.944,
        4,
        5.5,
        4,
        0,
        6.333,
        1,
        0,
        7.533,
        2,
        1,
        7.589,
        2,
        7.644,
        1.55,
        7.7,
        1,
        1,
        7.911,
        -1.091,
        8.122,
        -4.189,
        8.333,
        -5,
        1,
        8.778,
        -6.707,
        9.222,
        -7,
        9.667,
        -7,
        1,
        10.222,
        -7,
        10.778,
        -0.589,
        11.333,
        0.346
      ]
    },
    {
      "Target": "Parameter",
      "Id": "ParamBodyAngleZ2",
      "Segments": [
        0,
        -0.688,
        0,
        0.4,
        -1,
        1,
        0.756,
        -1,
        1.111,
        6.659,
        1.467,
        8,
        1,
        2,
        10.011,
        2.534,
        10,
        3.067,
        10,
        1,
        3.378,
        10,
        3.689,
        -3.433,
        4,
        -4,
        1,
        4.556,
        -5.012,
        5.111,
        -5,
        5.667,
        -5,
        0,
        6.5,
        4,
        0,
        7.7,
        3,
        1,
        7.967,
        3,
        8.233,
        4.271,
        8.5,
        6,
        1,
        8.944,
        8.882,
        9.389,
        10,
        9.833,
        10,
        1,
        10.333,
        10,
        10.833,
        0.839,
        11.333,
        -0.688
      ]
    },
    {
      "Target": "Parameter",
      "Id": "ParamEyeLOpen",
      "Segments": [
        0,
        1,
        2,
        0.333,
        1,
        0,
        0.5,
        0,
        0,
        0.667,
        1,
        2,
        3.5,
        1,
        0,
        3.667,
        0,
        0,
        3.833,
        1,
        2,
        6.567,
        1,
        0,
        6.733,
        0,
        0,
        6.9,
        1,
        2,
        9.233,
        1,
        0,
        9.4,
        0,
        0,
        9.567,
        1,
        2,
        11.333,
        1
      ]
    },
    {
      "Target": "Parameter",
      "Id": "ParamEyeROpen",
      "Segments": [
        0,
        1,
        2,
        0.333,
        1,
        0,
        0.5,
        0,
        0,
        0.667,
        1,
        2,
        3.5,
        1,
        0,
        3.667,
        0,
        0,
        3.833,
        1,
        2,
        6.567,
        1,
        0,
        6.733,
        0,
        0,
        6.9,
        1,
        2,
        9.233,
        1,
        0,
        9.4,
        0,
        0,
        9.567,
        1,
        2,
        11.333,
        1
      ]
    },
    {
      "Target": "Parameter",
      "Id": "ParamEyeBallY",
      "Segments": [
        0,
        0,
        0,
        0.633,
        -1,
        2,
        2.833,
        -1,
        1,
        3.055,
        -1,
        3.278,
        0.335,
        3.5,
        0.4,
        1,
        4.111,
        0.578,
        4.722,
        0.6,
        5.333,
        0.6,
        0,
        6.1,
        0,
        2,
        11.333,
        0
      ]
    },
    {
      "Target": "Parameter",
      "Id": "ParamBrowLY",
      "Segments": [
        0,
        0,
        2,
        0.333,
        0,
        0,
        0.5,
        -0.3,
        0,
        0.667,
        0,
        2,
        3.5,
        0,
        0,
        3.667,
        -0.3,
        0,
        3.833,
        0,
        2,
        6.567,
        0,
        0,
        6.733,
        -0.3,
        0,
        6.9,
        0,
        2,
        9.233,
        0,
        0,
        9.4,
        -0.3,
        0,
        9.567,
        0,
        2,
        11.333,
        0
      ]
    },
    {
      "Target": "Parameter",
      "Id": "ParamBrowRY",
      "Segments": [
        0,
        0,
        2,
        0.333,
        0,
        0,
        0.5,
        -0.3,
        0,
        0.667,
        0,
        2,
        3.5,
        0,
        0,
        3.667,
        -0.3,
        0,
        3.833,
        0,
        2,
        6.567,
        0,
        0,
        6.733,
        -0.3,
        0,
        6.9,
        0,
        2,
        9.233,
        0,
        0,
        9.4,
        -0.3,
        0,
        9.567,
        0,
        2,
        11.333,
        0
      ]
    },
    {
      "Target": "Parameter",
      "Id": "ParamBrowLForm",
      "Segments": [
        0,
        0,
        2,
        7.5,
        0,
        0,
        8.167,
        -0.5,
        2,
        10,
        -0.5,
        0,
        11.333,
        0
      ]
    },
    {
      "Target": "Parameter",
      "Id": "ParamBrowRForm",
      "Segments": [
        0,
        0,
        2,
        7.5,
        0,
        0,
        8.167,
        -0.5,
        2,
        10,
        -0.5,
        0,
        11.333,
        0
      ]
    },
    {
      "Target": "Parameter",
      "Id": "ParamMouthOpenY",
      "Segments": [
        0,
        0,
        0,
        0.167,
        0.5,
        0,
        0.333,
        0,
        0,
        0.5,
        0.5,
        0,
        0.667,
        0,
        0,
        0.833,
        0.5,
        0,
        1,
        0,
        0,
        1.167,
        0.5,
        0,
        1.333,
        0,
        0,
        1.5,
        0.5,
        0,
        1.6,
        0,
        0,
        1.7,
        0.5,
        0,
        1.8,
        0,
        2,
        2.733,
        0,
        0,
        2.833,
        0.5,
        0,
        2.933,
        0,
        0,
        3.033,
        0.5,
        2,
        3.133,
        0.5,
        0,
        3.233,
        0,
        0,
        3.333,
        0.5,
        0,
        3.433,
        0,
        0,
        3.6,
        0.5,
        0,
        3.767,
        0,
        0,
        3.933,
        0.5,
        2,
        4.1,
        0.5,
        0,
        4.2,
        0,
        0,
        4.3,
        0.5,
        2,
        4.4,
        0.5,
        0,
        4.5,
        0,
        0,
        4.6,
        0.5,
        2,
        4.7,
        0.5,
        0,
        4.8,
        0,
        0,
        4.9,
        0.5,
        2,
        5,
        0.5,
        0,
        5.1,
        0,
        0,
        5.2,
        0.5,
        0,
        5.3,
        0,
        2,
        6.167,
        0,
        0,
        6.267,
        0.5,
        2,
        6.367,
        0.5,
        0,
        6.467,
        0,
        0,
        6.567,
        0.5,
        2,
        6.667,
        0.5,
        0,
        6.767,
        0,
        0,
        6.867,
        0.5,
        2,
        6.967,
        0.5,
        0,
        7.067,
        0,
        0,
        7.167,
        0.5,
        0,
        7.267,
        0,
        2,
        7.633,
        0,
        0,
        7.733,
        0.5,
        2,
        7.833,
        0.5,
        0,
        7.933,
        0,
        0,
        8.033,
        0.5,
        2,
        8.133,
        0.5,
        0,
        8.233,
        0,
        0,
        8.333,
        0.5,
        2,
        8.433,
        0.5,
        0,
        8.533,
        0,
        0,
        8.633,
        0.5,
        0,
        8.733,
        0,
        0,
        8.833,
        0.5,
        2,
        8.933,
        0.5,
        0,
        9.033,
        0,
        0,
        9.133,
        0.5,
        2,
        9.233,
        0.5,
        0,
        9.333,
        0,
        0,
        9.433,
        0.5,
        2,
        9.533,
        0.5,
        0,
        9.633,
        0,
        0,
        9.733,
        0.5,
        0,
        9.833,
        0,
        2,
        11.333,
        0
      ]
    },
    {
      "Target": "Parameter",
      "Id": "Param37",
      "Segments": [
        0,
        -0.428,
        0,
        0.333,
        10,
        0,
        1.167,
        -5,
        0,
        2.5,
        5,
        1,
        2.833,
        5,
        3.167,
        -9.039,
        3.5,
        -10,
        1,
        4.167,
        -11.922,
        4.833,
        -12,
        5.5,
        -12,
        0,
        6,
        2,
        0,
        9.5,
        -2,
        0,
        10,
        5,
        1,
        10.444,
        5,
        10.889,
        0.092,
        11.333,
        -0.428
      ]
    },
    {
      "Target": "Parameter",
      "Id": "Param53",
      "Segments": [
        0,
        0,
        2,
        2.5,
        0,
        1,
        2.889,
        0,
        3.278,
        25.042,
        3.667,
        27,
        1,
        4.278,
        30.077,
        4.889,
        30,
        5.5,
        30,
        0,
        6,
        15,
        2,
        9.5,
        15,
        0,
        10,
        0,
        2,
        11.333,
        0
      ]
    },
    {
      "Target": "Parameter",
      "Id": "Param43",
      "Segments": [
        0,
        0.001,
        0,
        0.333,
        7.5,
        0,
        0.833,
        -11,
        0,
        1.5,
        -10,
        2,
        2.667,
        -10,
        1,
        2.811,
        -10,
        2.956,
        -5.505,
        3.1,
        -3,
        1,
        3.389,
        2.011,
        3.678,
        3.18,
        3.967,
        3.18,
        2,
        5.667,
        3.18,
        0,
        6.167,
        -24,
        2,
        9.667,
        -24,
        0,
        10.167,
        -30,
        1,
        10.556,
        -30,
        10.944,
        -0.851,
        11.333,
        0.001
      ]
    },
    {
      "Target": "Parameter",
      "Id": "Param44",
      "Segments": [
        0,
        -0.428,
        0,
        0.5,
        16,
        0,
        1,
        -5,
        1,
        1.222,
        -5,
        1.445,
        2.058,
        1.667,
        4,
        1,
        2.078,
        7.593,
        2.489,
        8,
        2.9,
        8,
        1,
        3.078,
        8,
        3.255,
        6.203,
        3.433,
        -4,
        1,
        3.666,
        -17.391,
        3.9,
        -30,
        4.133,
        -30,
        2,
        5.833,
        -30,
        0,
        6.333,
        -14,
        0,
        6.667,
        -30,
        0,
        7,
        -14,
        0,
        7.333,
        -30,
        1,
        7.444,
        -30,
        7.556,
        -15.599,
        7.667,
        -14,
        1,
        8.389,
        -3.607,
        9.111,
        0,
        9.833,
        0,
        0,
        10.333,
        -27,
        1,
        10.666,
        -27,
        11,
        -1.337,
        11.333,
        -0.428
      ]
    },
    {
      "Target": "Parameter",
      "Id": "Param50",
      "Segments": [
        0,
        0,
        0,
        0.5,
        25,
        0,
        1,
        -5.218,
        2,
        10.333,
        -5.218,
        0,
        10.7,
        15,
        0,
        11.333,
        0
      ]
    },
    {
      "Target": "Parameter",
      "Id": "Param51",
      "Segments": [
        0,
        0,
        2,
        0.5,
        0,
        0,
        0.533,
        1,
        2,
        10.667,
        1,
        0,
        10.7,
        0,
        2,
        11.333,
        0
      ]
    },
    {
      "Target": "Parameter",
      "Id": "Param52",
      "Segments": [
        0,
        0,
        2,
        0.5,
        0,
        0,
        0.533,
        1,
        2,
        10.667,
        1,
        0,
        10.7,
        0,
        2,
        11.333,
        0
      ]
    },
    {
      "Target": "Parameter",
      "Id": "Param4",
      "Segments": [
        0,
        -0.483,
        0,
        1.3,
        3,
        0,
        3.267,
        -3,
        1,
        4.067,
        -3,
        4.867,
        -2.5,
        5.667,
        -0.483,
        1,
        5.878,
        0.049,
        6.089,
        3,
        6.3,
        3,
        1,
        7.367,
        3,
        8.433,
        2.527,
        9.5,
        0.96,
        1,
        9.856,
        0.438,
        10.211,
        -0.483,
        10.567,
        -0.483,
        2,
        11.333,
        -0.483
      ]
    },
    {
      "Target": "Parameter",
      "Id": "Param64",
      "Segments": [
        0,
        0,
        2,
        5.667,
        0,
        0,
        6.3,
        11,
        2,
        9.5,
        11,
        0,
        10.567,
        0,
        2,
        11.333,
        0
      ]
    },
    {
      "Target": "Parameter",
      "Id": "Param11",
      "Segments": [
        0,
        0.346,
        0,
        1.667,
        -2.474,
        0,
        3.6,
        1.442,
        0,
        5.767,
        0.346,
        0,
        6.4,
        29,
        2,
        9.6,
        29,
        0,
        10.667,
        0.346,
        2,
        11.333,
        0.346
      ]
    },
    {
      "Target": "Parameter",
      "Id": "Param90",
      "Segments": [
        0,
        0,
        2,
        5.767,
        0,
        0,
        6.4,
        24,
        2,
        9.6,
        24,
        0,
        11.333,
        0
      ]
    },
    {
      "Target": "Parameter",
      "Id": "Param15",
      "Segments": [
        0,
        0.124,
        0,
        1.9,
        -10.376,
        0,
        3.967,
        2.801,
        0,
        5.9,
        0.124,
        0,
        6.367,
        5,
        0,
        6.9,
        -21,
        1,
        8.378,
        -21,
        9.855,
        -5.467,
        11.333,
        0.124
      ]
    },
    {
      "Target": "Parameter",
      "Id": "Param42",
      "Segments": [
        0,
        -0.496,
        1,
        0.633,
        -0.496,
        1.267,
        -1.784,
        1.9,
        -4,
        1,
        2.311,
        -5.439,
        2.722,
        -6,
        3.133,
        -6,
        0,
        4.2,
        10,
        2,
        5.8,
        10,
        2,
        9.633,
        10,
        1,
        10.2,
        10,
        10.766,
        3.376,
        11.333,
        -0.496
      ]
    },
    {
      "Target": "Parameter",
      "Id": "Param5",
      "Segments": [
        0,
        0,
        2,
        5.9,
        0,
        0,
        5.933,
        1,
        2,
        10.333,
        1,
        0,
        10.367,
        0,
        2,
        11.333,
        0
      ]
    },
    {
      "Target": "Parameter",
      "Id": "Param8",
      "Segments": [
        0,
        0,
        2,
        5.9,
        0,
        0,
        5.933,
        1,
        2,
        10.333,
        1,
        0,
        10.367,
        0,
        2,
        11.333,
        0
      ]
    },
    {
      "Target": "Parameter",
      "Id": "Param12",
      "Segments": [
        0,
        450,
        2,
        5.833,
        450,
        0,
        5.867,
        500,
        2,
        10.333,
        500,
        0,
        10.367,
        450,
        2,
        11.333,
        450
      ]
    },
    {
      "Target": "Parameter",
      "Id": "Param30",
      "Segments": [
        0,
        1.443,
        0,
        0.2,
        3,
        0,
        0.767,
        -7,
        0,
        1.4,
        5,
        0,
        2.033,
        -3,
        0,
        2.6,
        2,
        0,
        3.267,
        -5,
        0,
        4.067,
        7,
        0,
        5,
        -6,
        0,
        6.133,
        4,
        1,
        6.489,
        4,
        6.844,
        2.06,
        7.2,
        -2,
        1,
        7.311,
        -3.269,
        7.422,
        -4,
        7.533,
        -4,
        0,
        7.933,
        7.203,
        0,
        8.567,
        -5.886,
        0,
        9.233,
        3.924,
        0,
        10,
        -2.076,
        0,
        11.333,
        1.443
      ]
    },
    {
      "Target": "Parameter",
      "Id": "Param18",
      "Segments": [
        0,
        1.704,
        0,
        0.333,
        4.03,
        0,
        0.9,
        -8,
        0,
        1.533,
        5,
        0,
        2.167,
        -3,
        0,
        2.733,
        2,
        0,
        3.4,
        -5,
        0,
        4.2,
        7,
        0,
        5.133,
        -6,
        0,
        6.267,
        4,
        1,
        6.622,
        4,
        6.978,
        2.06,
        7.333,
        -2,
        1,
        7.444,
        -3.269,
        7.556,
        -4,
        7.667,
        -4,
        0,
        8.067,
        7.203,
        0,
        8.7,
        -5.886,
        0,
        9.367,
        3.924,
        0,
        10.133,
        -2.076,
        0,
        11.333,
        1.704
      ]
    },
    {
      "Target": "Parameter",
      "Id": "Param26",
      "Segments": [
        0,
        3.96,
        0,
        0.333,
        6,
        0,
        0.9,
        -9,
        0,
        1.533,
        8,
        0,
        2.167,
        -5,
        0,
        2.733,
        5,
        0,
        3.4,
        -7,
        0,
        4.2,
        10,
        0,
        5.133,
        -8,
        0,
        6.267,
        7,
        1,
        6.622,
        7,
        6.978,
        2.234,
        7.333,
        -4,
        1,
        7.444,
        -5.948,
        7.556,
        -6,
        7.667,
        -6,
        0,
        8.067,
        10,
        0,
        8.7,
        -7.886,
        0,
        9.367,
        6.924,
        0,
        10.133,
        -4.076,
        0,
        11.333,
        3.96
      ]
    },
    {
      "Target": "Parameter",
      "Id": "Param31",
      "Segments": [
        0,
        6.898,
        0,
        0.467,
        7.03,
        0,
        1.033,
        -10,
        0,
        1.667,
        8,
        0,
        2.3,
        -5,
        0,
        2.867,
        5,
        0,
        3.533,
        -7,
        0,
        4.333,
        10,
        0,
        5.267,
        -8,
        0,
        6.4,
        7,
        1,
        6.756,
        7,
        7.111,
        2.234,
        7.467,
        -4,
        1,
        7.578,
        -5.948,
        7.689,
        -6,
        7.8,
        -6,
        0,
        8.2,
        10,
        0,
        8.833,
        -7.886,
        0,
        9.5,
        6.924,
        0,
        10.267,
        -4.076,
        0,
        11.333,
        6.898
      ]
    },
    {
      "Target": "Parameter",
      "Id": "Param24",
      "Segments": [
        0,
        3.699,
        0,
        0.633,
        6,
        0,
        1.2,
        -9,
        0,
        1.833,
        8,
        0,
        2.467,
        -5,
        0,
        3.033,
        5,
        0,
        3.7,
        -7,
        0,
        4.5,
        10,
        0,
        5.433,
        -8,
        0,
        6.567,
        7,
        1,
        6.922,
        7,
        7.278,
        2.234,
        7.633,
        -4,
        1,
        7.744,
        -5.948,
        7.856,
        -6,
        7.967,
        -6,
        0,
        8.367,
        10,
        0,
        9,
        -7.886,
        0,
        9.667,
        6.924,
        0,
        10.433,
        -4.076,
        0,
        11.333,
        3.699
      ]
    },
    {
      "Target": "Parameter",
      "Id": "Param32",
      "Segments": [
        0,
        6.955,
        0,
        0.767,
        7.03,
        0,
        1.333,
        -10,
        0,
        1.967,
        8,
        0,
        2.6,
        -5,
        0,
        3.167,
        5,
        0,
        3.833,
        -7,
        0,
        4.633,
        10,
        0,
        5.567,
        -8,
        0,
        6.7,
        7,
        1,
        7.056,
        7,
        7.411,
        2.234,
        7.767,
        -4,
        1,
        7.878,
        -5.948,
        7.989,
        -6,
        8.1,
        -6,
        0,
        8.5,
        10,
        0,
        9.133,
        -7.886,
        0,
        9.8,
        6.924,
        0,
        10.567,
        -4.076,
        1,
        10.822,
        -4.076,
        11.078,
        6.634,
        11.333,
        6.955
      ]
    },
    {
      "Target": "Parameter",
      "Id": "Param27",
      "Segments": [
        0,
        3.62,
        1,
        0.122,
        3.62,
        0.245,
        3.89,
        0.367,
        3,
        1,
        0.556,
        1.625,
        0.744,
        -7,
        0.933,
        -7,
        0,
        1.567,
        5,
        0,
        2.2,
        -3,
        0,
        2.767,
        2,
        0,
        3.433,
        -5,
        0,
        4.233,
        7,
        0,
        5.167,
        -6,
        0,
        6.3,
        4,
        1,
        6.656,
        4,
        7.011,
        2.06,
        7.367,
        -2,
        1,
        7.478,
        -3.269,
        7.589,
        -4,
        7.7,
        -4,
        0,
        8.1,
        7.203,
        0,
        8.733,
        -5.886,
        0,
        9.4,
        3.924,
        0,
        10.167,
        -2.076,
        0,
        11.333,
        3.62
      ]
    },
    {
      "Target": "Parameter",
      "Id": "Param33",
      "Segments": [
        0,
        6.723,
        1,
        0.167,
        6.723,
        0.333,
        6.906,
        0.5,
        4.03,
        1,
        0.689,
        0.77,
        0.878,
        -8,
        1.067,
        -8,
        0,
        1.7,
        5,
        0,
        2.333,
        -3,
        0,
        2.9,
        2,
        0,
        3.567,
        -5,
        0,
        4.367,
        7,
        0,
        5.3,
        -6,
        0,
        6.433,
        4,
        1,
        6.789,
        4,
        7.144,
        2.06,
        7.5,
        -2,
        1,
        7.611,
        -3.269,
        7.722,
        -4,
        7.833,
        -4,
        0,
        8.233,
        7.203,
        0,
        8.867,
        -5.886,
        0,
        9.533,
        3.924,
        0,
        10.3,
        -2.076,
        0,
        11.333,
        6.723
      ]
    },
    {
      "Target": "Parameter",
      "Id": "Param103",
      "Segments": [
        0,
        0.497,
        0,
        0.467,
        3,
        0,
        1.033,
        -7,
        0,
        1.667,
        5,
        0,
        2.3,
        -3,
        0,
        2.867,
        2,
        0,
        3.533,
        -5,
        0,
        4.333,
        7,
        0,
        5.267,
        -6,
        0,
        6.4,
        4,
        1,
        6.756,
        4,
        7.111,
        2.06,
        7.467,
        -2,
        1,
        7.578,
        -3.269,
        7.689,
        -4,
        7.8,
        -4,
        0,
        8.2,
        7.203,
        0,
        8.833,
        -5.886,
        0,
        9.5,
        3.924,
        0,
        10.267,
        -2.076,
        0,
        11.333,
        0.497
      ]
    },
    {
      "Target": "Parameter",
      "Id": "Param104",
      "Segments": [
        0,
        3.779,
        0,
        0.6,
        4.03,
        0,
        1.167,
        -8,
        0,
        1.8,
        5,
        0,
        2.433,
        -3,
        0,
        3,
        2,
        0,
        3.667,
        -5,
        0,
        4.467,
        7,
        0,
        5.4,
        -6,
        0,
        6.533,
        4,
        1,
        6.889,
        4,
        7.244,
        2.06,
        7.6,
        -2,
        1,
        7.711,
        -3.269,
        7.822,
        -4,
        7.933,
        -4,
        0,
        8.333,
        7.203,
        0,
        8.967,
        -5.886,
        0,
        9.633,
        3.924,
        0,
        10.4,
        -2.076,
        0,
        11.333,
        3.779
      ]
    },
    {
      "Target": "Parameter",
      "Id": "Param105",
      "Segments": [
        0,
        4.873,
        1,
        0.178,
        4.873,
        0.355,
        5.068,
        0.533,
        3,
        1,
        0.722,
        0.802,
        0.911,
        -7,
        1.1,
        -7,
        0,
        1.733,
        5,
        0,
        2.367,
        -3,
        0,
        2.933,
        2,
        0,
        3.6,
        -5,
        0,
        4.4,
        7,
        0,
        5.333,
        -6,
        0,
        6.467,
        4,
        1,
        6.822,
        4,
        7.178,
        2.06,
        7.533,
        -2,
        1,
        7.644,
        -3.269,
        7.756,
        -4,
        7.867,
        -4,
        0,
        8.267,
        7.203,
        0,
        8.9,
        -5.886,
        0,
        9.567,
        3.924,
        0,
        10.333,
        -2.076,
        0,
        11.333,
        4.873
      ]
    },
    {
      "Target": "Parameter",
      "Id": "Param106",
      "Segments": [
        0,
        6.688,
        1,
        0.222,
        6.688,
        0.445,
        6.774,
        0.667,
        4.03,
        1,
        0.856,
        1.698,
        1.044,
        -8,
        1.233,
        -8,
        0,
        1.867,
        5,
        0,
        2.5,
        -3,
        0,
        3.067,
        2,
        0,
        3.733,
        -5,
        0,
        4.533,
        7,
        0,
        5.467,
        -6,
        0,
        6.6,
        4,
        1,
        6.956,
        4,
        7.311,
        2.06,
        7.667,
        -2,
        1,
        7.778,
        -3.269,
        7.889,
        -4,
        8,
        -4,
        0,
        8.4,
        7.203,
        0,
        9.033,
        -5.886,
        0,
        9.7,
        3.924,
        0,
        10.467,
        -2.076,
        1,
        10.756,
        -2.076,
        11.044,
        5.145,
        11.333,
        6.688
      ]
    },
    {
      "Target": "Parameter",
      "Id": "Param22",
      "Segments": [
        0,
        4.393,
        0,
        0.5,
        6,
        0,
        1.067,
        -9,
        0,
        1.7,
        8,
        0,
        2.333,
        -5,
        0,
        2.9,
        5,
        0,
        3.567,
        -7,
        0,
        4.367,
        10,
        0,
        5.3,
        -8,
        0,
        6.433,
        7,
        1,
        6.789,
        7,
        7.144,
        2.234,
        7.5,
        -4,
        1,
        7.611,
        -5.948,
        7.722,
        -6,
        7.833,
        -6,
        0,
        8.233,
        10,
        0,
        8.867,
        -7.886,
        0,
        9.533,
        6.924,
        0,
        10.3,
        -4.076,
        0,
        11.333,
        4.393
      ]
    },
    {
      "Target": "Parameter",
      "Id": "Param34",
      "Segments": [
        0,
        7,
        0,
        0.633,
        7.03,
        0,
        1.2,
        -10,
        0,
        1.833,
        8,
        0,
        2.467,
        -5,
        0,
        3.033,
        5,
        0,
        3.7,
        -7,
        0,
        4.5,
        10,
        0,
        5.433,
        -8,
        0,
        6.567,
        7,
        1,
        6.922,
        7,
        7.278,
        2.234,
        7.633,
        -4,
        1,
        7.744,
        -5.948,
        7.856,
        -6,
        7.967,
        -6,
        0,
        8.367,
        10,
        0,
        9,
        -7.886,
        0,
        9.667,
        6.924,
        0,
        10.433,
        -4.076,
        0,
        11.333,
        7
      ]
    },
    {
      "Target": "Parameter",
      "Id": "Param28",
      "Segments": [
        0,
        3.898,
        0,
        0.567,
        6,
        0,
        1.133,
        -9,
        0,
        1.767,
        8,
        0,
        2.4,
        -5,
        0,
        2.967,
        5,
        0,
        3.633,
        -7,
        0,
        4.433,
        10,
        0,
        5.367,
        -8,
        0,
        6.5,
        7,
        1,
        6.856,
        7,
        7.211,
        2.234,
        7.567,
        -4,
        1,
        7.678,
        -5.948,
        7.789,
        -6,
        7.9,
        -6,
        0,
        8.3,
        10,
        0,
        8.933,
        -7.886,
        0,
        9.6,
        6.924,
        0,
        10.367,
        -4.076,
        0,
        11.333,
        3.898
      ]
    },
    {
      "Target": "Parameter",
      "Id": "Param35",
      "Segments": [
        0,
        6.723,
        0,
        0.7,
        7.03,
        0,
        1.267,
        -10,
        0,
        1.9,
        8,
        0,
        2.533,
        -5,
        0,
        3.1,
        5,
        0,
        3.767,
        -7,
        0,
        4.567,
        10,
        0,
        5.5,
        -8,
        0,
        6.633,
        7,
        1,
        6.989,
        7,
        7.344,
        2.234,
        7.7,
        -4,
        1,
        7.811,
        -5.948,
        7.922,
        -6,
        8.033,
        -6,
        0,
        8.433,
        10,
        0,
        9.067,
        -7.886,
        0,
        9.733,
        6.924,
        0,
        10.5,
        -4.076,
        1,
        10.778,
        -4.076,
        11.055,
        5.359,
        11.333,
        6.723
      ]
    },
    {
      "Target": "Parameter",
      "Id": "Param25",
      "Segments": [
        0,
        0,
        0,
        0.533,
        6,
        0,
        1.1,
        -9,
        0,
        1.733,
        8,
        0,
        2.367,
        -5,
        0,
        2.933,
        5,
        0,
        3.6,
        -7,
        0,
        4.4,
        10,
        0,
        5.333,
        -8,
        0,
        6.467,
        7,
        1,
        6.822,
        7,
        7.178,
        2.234,
        7.533,
        -4,
        1,
        7.644,
        -5.948,
        7.756,
        -6,
        7.867,
        -6,
        0,
        8.267,
        10,
        0,
        8.9,
        -7.886,
        0,
        9.567,
        6.924,
        0,
        10.333,
        -4.076,
        0,
        11.333,
        0
      ]
    },
    {
      "Target": "Parameter",
      "Id": "Param36",
      "Segments": [
        0,
        0,
        0,
        0.667,
        7.03,
        0,
        1.233,
        -10,
        0,
        1.867,
        8,
        0,
        2.5,
        -5,
        0,
        3.067,
        5,
        0,
        3.733,
        -7,
        0,
        4.533,
        10,
        0,
        5.467,
        -8,
        0,
        6.6,
        7,
        1,
        6.956,
        7,
        7.311,
        2.234,
        7.667,
        -4,
        1,
        7.778,
        -5.948,
        7.889,
        -6,
        8,
        -6,
        0,
        8.4,
        10,
        0,
        9.033,
        -7.886,
        0,
        9.7,
        6.924,
        0,
        10.467,
        -4.076,
        0,
        11.333,
        0
      ]
    },
    {
      "Target": "Parameter",
      "Id": "Param29",
      "Segments": [
        0,
        0,
        0,
        0.9,
        7.03,
        0,
        1.467,
        -10,
        0,
        2.1,
        8,
        0,
        2.733,
        -5,
        0,
        3.3,
        5,
        0,
        3.967,
        -7,
        0,
        4.767,
        10,
        0,
        5.7,
        -8,
        0,
        6.833,
        7,
        1,
        7.189,
        7,
        7.544,
        2.234,
        7.9,
        -4,
        1,
        8.011,
        -5.948,
        8.122,
        -6,
        8.233,
        -6,
        0,
        8.633,
        10,
        0,
        9.267,
        -7.886,
        0,
        9.933,
        6.924,
        0,
        10.6,
        -4.076,
        0,
        11.333,
        0
      ]
    },
    {
      "Target": "Parameter",
      "Id": "Param19",
      "Segments": [
        0,
        -1.399,
        0,
        1,
        3,
        0,
        2,
        -2.821,
        0,
        3,
        3,
        0,
        4,
        -2.821,
        0,
        5,
        3,
        0,
        6,
        -2.821,
        0,
        7,
        3,
        0,
        8,
        -2.821,
        0,
        9,
        3,
        0,
        10,
        -2.821,
        1,
        10.444,
        -2.821,
        10.889,
        -2.735,
        11.333,
        -1.399
      ]
    },
    {
      "Target": "Parameter",
      "Id": "Param102",
      "Segments": [
        0,
        1.299,
        0,
        0.6,
        -1.028,
        0,
        1.5,
        3,
        0,
        2.5,
        -2.821,
        0,
        3.5,
        3,
        0,
        4.5,
        -2.821,
        0,
        5.5,
        3,
        0,
        6.5,
        -2.821,
        0,
        7.5,
        3,
        0,
        8.5,
        -2.821,
        0,
        9.5,
        3,
        0,
        10.5,
        -2.821,
        1,
        10.778,
        -2.821,
        11.055,
        0.136,
        11.333,
        1.299
      ]
    },
    {
      "Target": "Parameter",
      "Id": "Param17",
      "Segments": [
        0,
        -2.062,
        0,
        0.667,
        -3,
        0,
        1.667,
        3,
        0,
        2.833,
        -3,
        0,
        3.833,
        3,
        0,
        5.067,
        -3,
        0,
        6.067,
        3,
        0,
        6.967,
        -3,
        0,
        7.967,
        3,
        0,
        9.033,
        -3,
        0,
        10.033,
        3,
        1,
        10.466,
        3,
        10.9,
        0.228,
        11.333,
        -2.062
      ]
    },
    {
      "Target": "Parameter",
      "Id": "Param20",
      "Segments": [
        0,
        0.994,
        0,
        0.967,
        -5,
        0,
        1.967,
        5,
        0,
        3.133,
        -5,
        0,
        4.133,
        5,
        0,
        5.367,
        -5,
        0,
        6.367,
        5,
        0,
        7.267,
        -5,
        0,
        8.267,
        5,
        0,
        9.333,
        -5,
        0,
        10.333,
        5,
        1,
        10.666,
        5,
        11,
        4.127,
        11.333,
        0.994
      ]
    },
    {
      "Target": "Parameter",
      "Id": "Param16",
      "Segments": [
        0,
        1.443,
        0,
        0.733,
        3,
        0,
        1.733,
        -3,
        0,
        2.9,
        3,
        0,
        3.9,
        -3,
        0,
        5.133,
        3,
        0,
        6.133,
        -3,
        0,
        7.033,
        3,
        0,
        8.033,
        -3,
        0,
        9.1,
        3,
        0,
        10.1,
        -3,
        1,
        10.511,
        -3,
        10.922,
        -0.975,
        11.333,
        1.443
      ]
    },
    {
      "Target": "Parameter",
      "Id": "Param21",
      "Segments": [
        0,
        -2.181,
        0,
        1.067,
        5,
        0,
        2.067,
        -5,
        0,
        3.233,
        5,
        0,
        4.233,
        -5,
        0,
        5.467,
        5,
        0,
        6.467,
        -5,
        0,
        7.367,
        5,
        0,
        8.367,
        -5,
        0,
        9.433,
        5,
        0,
        10.433,
        -5,
        1,
        10.733,
        -5,
        11.033,
        -4.757,
        11.333,
        -2.181
      ]
    },
    {
      "Target": "Parameter",
      "Id": "Param61",
      "Segments": [
        0,
        -4.261,
        0,
        0.433,
        -7,
        0,
        0.933,
        4.995,
        0,
        1.467,
        -2.498,
        0,
        2.033,
        1.453,
        0,
        2.6,
        -1,
        0,
        3.2,
        10,
        0,
        3.867,
        -7,
        0,
        4.4,
        5.05,
        0,
        5,
        -1.05,
        0,
        5.533,
        10,
        0,
        6,
        -6.851,
        0,
        6.433,
        5.05,
        0,
        6.967,
        -4.154,
        0,
        7.433,
        2.562,
        1,
        7.544,
        2.562,
        7.656,
        -0.078,
        7.767,
        -5,
        1,
        7.845,
        -8.445,
        7.922,
        -10,
        8,
        -10,
        0,
        8.333,
        10,
        0,
        8.733,
        -7,
        0,
        9.2,
        5,
        0,
        9.7,
        -3.199,
        0,
        10.1,
        2.05,
        1,
        10.222,
        2.05,
        10.345,
        -0.348,
        10.467,
        -0.95,
        1,
        10.756,
        -2.373,
        11.044,
        -3.232,
        11.333,
        -4.261
      ]
    },
    {
      "Target": "Parameter",
      "Id": "Param78",
      "Segments": [
        0,
        -3.438,
        0,
        0.5,
        -7,
        0,
        1,
        4.995,
        0,
        1.533,
        -2.498,
        0,
        2.1,
        1.453,
        0,
        2.667,
        -1,
        0,
        3.267,
        10,
        0,
        3.933,
        -7,
        0,
        4.467,
        5.05,
        0,
        5.067,
        -1.05,
        0,
        5.6,
        10,
        0,
        6.067,
        -6.851,
        0,
        6.5,
        5.05,
        0,
        7.033,
        -4.154,
        0,
        7.5,
        2.562,
        1,
        7.611,
        2.562,
        7.722,
        -0.078,
        7.833,
        -5,
        1,
        7.911,
        -8.445,
        7.989,
        -10,
        8.067,
        -10,
        0,
        8.4,
        10,
        0,
        8.8,
        -7,
        0,
        9.267,
        5,
        0,
        9.767,
        -3.199,
        0,
        10.167,
        2.05,
        1,
        10.556,
        2.05,
        10.944,
        -0.571,
        11.333,
        -3.438
      ]
    },
    {
      "Target": "Parameter",
      "Id": "Param65",
      "Segments": [
        0,
        0.994,
        0,
        0.7,
        -7,
        0,
        1.2,
        4.995,
        0,
        1.733,
        -2.498,
        0,
        2.3,
        1.453,
        0,
        2.867,
        -1,
        0,
        3.467,
        10,
        0,
        4.033,
        -7,
        0,
        4.667,
        5.05,
        0,
        5.267,
        -1.05,
        0,
        5.833,
        10,
        0,
        6.3,
        -6.851,
        0,
        6.733,
        5.05,
        0,
        7.267,
        -4.154,
        0,
        7.667,
        2.562,
        1,
        7.756,
        2.562,
        7.844,
        -0.634,
        7.933,
        -5,
        1,
        8.011,
        -8.821,
        8.089,
        -10,
        8.167,
        -10,
        0,
        8.6,
        10,
        0,
        9,
        -7,
        0,
        9.467,
        5,
        0,
        9.967,
        -3.199,
        0,
        10.367,
        2.05,
        1,
        10.689,
        2.05,
        11.011,
        2.208,
        11.333,
        0.994
      ]
    },
    {
      "Target": "Parameter",
      "Id": "Param79",
      "Segments": [
        0,
        -2.405,
        0,
        0.567,
        -7,
        0,
        1.067,
        4.995,
        0,
        1.6,
        -2.498,
        0,
        2.167,
        1.453,
        0,
        2.733,
        -1,
        0,
        3.333,
        10,
        0,
        4,
        -7,
        0,
        4.533,
        5.05,
        0,
        5.133,
        -1.05,
        0,
        5.667,
        10,
        0,
        6.133,
        -6.851,
        0,
        6.567,
        5.05,
        0,
        7.1,
        -4.154,
        0,
        7.567,
        2.562,
        1,
        7.678,
        2.562,
        7.789,
        -0.078,
        7.9,
        -5,
        1,
        7.978,
        -8.445,
        8.055,
        -10,
        8.133,
        -10,
        0,
        8.467,
        10,
        0,
        8.867,
        -7,
        0,
        9.333,
        5,
        0,
        9.833,
        -3.199,
        0,
        10.233,
        2.05,
        1,
        10.6,
        2.05,
        10.966,
        0.462,
        11.333,
        -2.405
      ]
    },
    {
      "Target": "Parameter",
      "Id": "Param70",
      "Segments": [
        0,
        2.181,
        0,
        0.767,
        -7,
        0,
        1.267,
        4.995,
        0,
        1.8,
        -2.498,
        0,
        2.367,
        1.453,
        0,
        2.933,
        -1,
        0,
        3.533,
        10,
        0,
        4.1,
        -7,
        0,
        4.733,
        5.05,
        0,
        5.333,
        -1.05,
        0,
        5.9,
        10,
        0,
        6.367,
        -6.851,
        0,
        6.8,
        5.05,
        0,
        7.333,
        -4.154,
        0,
        7.733,
        2.562,
        1,
        7.822,
        2.562,
        7.911,
        -0.634,
        8,
        -5,
        1,
        8.078,
        -8.821,
        8.155,
        -10,
        8.233,
        -10,
        0,
        8.667,
        10,
        0,
        9.067,
        -7,
        0,
        9.533,
        5,
        0,
        10.033,
        -3.199,
        1,
        10.166,
        -3.199,
        10.3,
        1.994,
        10.433,
        2.05,
        1,
        10.733,
        2.175,
        11.033,
        2.181,
        11.333,
        2.181
      ]
    },
    {
      "Target": "Parameter",
      "Id": "Param80",
      "Segments": [
        0,
        -1.241,
        0,
        0.567,
        -7,
        0,
        1.067,
        4.995,
        0,
        1.6,
        -2.498,
        0,
        2.167,
        1.453,
        0,
        2.733,
        -1,
        0,
        3.333,
        10,
        0,
        4,
        -7,
        0,
        4.533,
        5.05,
        0,
        5.133,
        -1.05,
        0,
        5.667,
        10,
        0,
        6.133,
        -6.851,
        0,
        6.567,
        5.05,
        0,
        7.1,
        -4.154,
        0,
        7.567,
        2.562,
        1,
        7.678,
        2.562,
        7.789,
        -0.078,
        7.9,
        -5,
        1,
        7.978,
        -8.445,
        8.055,
        -10,
        8.133,
        -10,
        0,
        8.467,
        10,
        0,
        8.867,
        -7,
        0,
        9.333,
        5,
        0,
        9.833,
        -3.199,
        0,
        10.233,
        2.05,
        1,
        10.6,
        2.05,
        10.966,
        1.324,
        11.333,
        -1.241
      ]
    },
    {
      "Target": "Parameter",
      "Id": "Param63",
      "Segments": [
        0,
        3.247,
        0,
        0.767,
        -7,
        0,
        1.267,
        4.995,
        0,
        1.8,
        -2.498,
        0,
        2.367,
        1.453,
        0,
        2.933,
        -1,
        0,
        3.533,
        10,
        0,
        4.1,
        -7,
        0,
        4.733,
        5.05,
        0,
        5.333,
        -1.05,
        0,
        5.9,
        10,
        0,
        6.367,
        -6.851,
        0,
        6.8,
        5.05,
        0,
        7.333,
        -4.154,
        0,
        7.733,
        2.562,
        1,
        7.822,
        2.562,
        7.911,
        -0.634,
        8,
        -5,
        1,
        8.078,
        -8.821,
        8.155,
        -10,
        8.233,
        -10,
        0,
        8.667,
        10,
        0,
        9.067,
        -7,
        0,
        9.533,
        5,
        0,
        10.033,
        -3.199,
        1,
        10.166,
        -3.199,
        10.3,
        1.563,
        10.433,
        2.05,
        1,
        10.733,
        3.145,
        11.033,
        3.247,
        11.333,
        3.247
      ]
    },
    {
      "Target": "Parameter",
      "Id": "Param77",
      "Segments": [
        0,
        0,
        0,
        0.633,
        -7,
        0,
        1.133,
        4.995,
        0,
        1.667,
        -2.498,
        0,
        2.233,
        1.453,
        0,
        2.8,
        -1,
        0,
        3.4,
        10,
        0,
        4.067,
        -7,
        0,
        4.6,
        5.05,
        0,
        5.2,
        -1.05,
        0,
        5.733,
        10,
        0,
        6.2,
        -6.851,
        0,
        6.633,
        5.05,
        0,
        7.167,
        -4.154,
        0,
        7.633,
        2.562,
        1,
        7.744,
        2.562,
        7.856,
        -0.078,
        7.967,
        -5,
        1,
        8.045,
        -8.445,
        8.122,
        -10,
        8.2,
        -10,
        0,
        8.533,
        10,
        0,
        8.933,
        -7,
        0,
        9.4,
        5,
        0,
        9.9,
        -3.199,
        0,
        10.3,
        2.05,
        1,
        10.644,
        2.05,
        10.989,
        1.941,
        11.333,
        0
      ]
    },
    {
      "Target": "Parameter",
      "Id": "Param69",
      "Segments": [
        0,
        4.115,
        0,
        0.833,
        -7,
        0,
        1.333,
        4.995,
        0,
        1.867,
        -2.498,
        0,
        2.433,
        1.453,
        0,
        3,
        -1,
        0,
        3.6,
        10,
        0,
        4.167,
        -7,
        0,
        4.8,
        5.05,
        0,
        5.4,
        -1.05,
        0,
        5.967,
        10,
        0,
        6.433,
        -6.851,
        0,
        6.867,
        5.05,
        0,
        7.4,
        -4.154,
        0,
        7.8,
        2.562,
        1,
        7.889,
        2.562,
        7.978,
        -0.634,
        8.067,
        -5,
        1,
        8.145,
        -8.821,
        8.222,
        -10,
        8.3,
        -10,
        0,
        8.733,
        10,
        0,
        9.133,
        -7,
        0,
        9.6,
        5,
        0,
        10.1,
        -3.199,
        1,
        10.233,
        -3.199,
        10.367,
        1.162,
        10.5,
        2.05,
        1,
        10.778,
        3.9,
        11.055,
        4.115,
        11.333,
        4.115
      ]
    },
    {
      "Target": "Parameter",
      "Id": "Param81",
      "Segments": [
        0,
        -3.048,
        0,
        0.6,
        -7,
        0,
        1.1,
        4.995,
        0,
        1.633,
        -2.498,
        0,
        2.2,
        1.453,
        0,
        2.767,
        -1,
        0,
        3.367,
        10,
        0,
        4.033,
        -7,
        0,
        4.567,
        5.05,
        0,
        5.167,
        -1.05,
        0,
        5.7,
        10,
        0,
        6.167,
        -6.851,
        0,
        6.6,
        5.05,
        0,
        7.133,
        -4.154,
        0,
        7.6,
        2.562,
        1,
        7.711,
        2.562,
        7.822,
        -0.078,
        7.933,
        -5,
        1,
        8.011,
        -8.445,
        8.089,
        -10,
        8.167,
        -10,
        0,
        8.5,
        10,
        0,
        8.9,
        -7,
        0,
        9.367,
        5,
        0,
        9.867,
        -3.199,
        0,
        10.267,
        2.05,
        1,
        10.622,
        2.05,
        10.978,
        -0.231,
        11.333,
        -3.048
      ]
    },
    {
      "Target": "Parameter",
      "Id": "Param71",
      "Segments": [
        0,
        1.481,
        0,
        0.8,
        -7,
        0,
        1.3,
        4.995,
        0,
        1.833,
        -2.498,
        0,
        2.4,
        1.453,
        0,
        2.967,
        -1,
        0,
        3.567,
        10,
        0,
        4.133,
        -7,
        0,
        4.767,
        5.05,
        0,
        5.367,
        -1.05,
        0,
        5.933,
        10,
        0,
        6.4,
        -6.851,
        0,
        6.833,
        5.05,
        0,
        7.367,
        -4.154,
        0,
        7.767,
        2.562,
        1,
        7.856,
        2.562,
        7.944,
        -0.634,
        8.033,
        -5,
        1,
        8.111,
        -8.821,
        8.189,
        -10,
        8.267,
        -10,
        0,
        8.7,
        10,
        0,
        9.1,
        -7,
        0,
        9.567,
        5,
        0,
        10.067,
        -3.199,
        0,
        10.467,
        2.05,
        1,
        10.756,
        2.05,
        11.044,
        2.232,
        11.333,
        1.481
      ]
    },
    {
      "Target": "Parameter",
      "Id": "Param82",
      "Segments": [
        0,
        -1.719,
        0,
        0.7,
        -7,
        0,
        1.2,
        4.995,
        0,
        1.733,
        -2.498,
        0,
        2.3,
        1.453,
        0,
        2.867,
        -1,
        0,
        3.467,
        10,
        0,
        4.133,
        -7,
        0,
        4.667,
        5.05,
        0,
        5.267,
        -1.05,
        0,
        5.8,
        10,
        0,
        6.267,
        -6.851,
        0,
        6.7,
        5.05,
        0,
        7.233,
        -4.154,
        0,
        7.7,
        2.562,
        1,
        7.811,
        2.562,
        7.922,
        -0.078,
        8.033,
        -5,
        1,
        8.111,
        -8.445,
        8.189,
        -10,
        8.267,
        -10,
        0,
        8.6,
        10,
        0,
        9,
        -7,
        0,
        9.467,
        5,
        0,
        9.967,
        -3.199,
        0,
        10.367,
        2.05,
        1,
        10.689,
        2.05,
        11.011,
        0.851,
        11.333,
        -1.719
      ]
    },
    {
      "Target": "Parameter",
      "Id": "Param66",
      "Segments": [
        0,
        2.839,
        0,
        0.9,
        -7,
        0,
        1.4,
        4.995,
        0,
        1.933,
        -2.498,
        0,
        2.5,
        1.453,
        0,
        3.067,
        -1,
        0,
        3.667,
        10,
        0,
        4.233,
        -7,
        0,
        4.867,
        5.05,
        0,
        5.467,
        -1.05,
        0,
        6.033,
        10,
        0,
        6.5,
        -6.851,
        0,
        6.933,
        5.05,
        0,
        7.467,
        -4.154,
        0,
        7.867,
        2.562,
        1,
        7.956,
        2.562,
        8.044,
        -0.634,
        8.133,
        -5,
        1,
        8.211,
        -8.821,
        8.289,
        -10,
        8.367,
        -10,
        0,
        8.8,
        10,
        0,
        9.2,
        -7,
        0,
        9.667,
        5,
        0,
        10.167,
        -3.199,
        1,
        10.3,
        -3.199,
        10.434,
        1.651,
        10.567,
        2.05,
        1,
        10.822,
        2.814,
        11.078,
        2.839,
        11.333,
        2.839
      ]
    },
    {
      "Target": "Parameter",
      "Id": "Param83",
      "Segments": [
        0,
        -4.261,
        0,
        0.5,
        -7,
        0,
        1,
        4.995,
        0,
        1.533,
        -2.498,
        0,
        2.1,
        1.453,
        0,
        2.667,
        -1,
        0,
        3.267,
        10,
        0,
        3.933,
        -7,
        0,
        4.467,
        5.05,
        0,
        5.067,
        -1.05,
        0,
        5.6,
        10,
        0,
        6.067,
        -6.851,
        0,
        6.5,
        5.05,
        0,
        7.033,
        -4.154,
        0,
        7.5,
        2.562,
        1,
        7.611,
        2.562,
        7.722,
        -0.078,
        7.833,
        -5,
        1,
        7.911,
        -8.445,
        7.989,
        -10,
        8.067,
        -10,
        0,
        8.4,
        10,
        0,
        8.8,
        -7,
        0,
        9.267,
        5,
        0,
        9.767,
        -3.199,
        0,
        10.167,
        2.05,
        1,
        10.556,
        2.05,
        10.944,
        -1.784,
        11.333,
        -4.261
      ]
    },
    {
      "Target": "Parameter",
      "Id": "Param72",
      "Segments": [
        0,
        -2.405,
        0,
        0.7,
        -7,
        0,
        1.2,
        4.995,
        0,
        1.733,
        -2.498,
        0,
        2.3,
        1.453,
        0,
        2.867,
        -1,
        0,
        3.467,
        10,
        0,
        4.033,
        -7,
        0,
        4.667,
        5.05,
        0,
        5.267,
        -1.05,
        0,
        5.833,
        10,
        0,
        6.3,
        -6.851,
        0,
        6.733,
        5.05,
        0,
        7.267,
        -4.154,
        0,
        7.667,
        2.562,
        1,
        7.756,
        2.562,
        7.844,
        -0.634,
        7.933,
        -5,
        1,
        8.011,
        -8.821,
        8.089,
        -10,
        8.167,
        -10,
        0,
        8.6,
        10,
        0,
        9,
        -7,
        0,
        9.467,
        5,
        0,
        9.967,
        -3.199,
        0,
        10.367,
        2.05,
        1,
        10.689,
        2.05,
        11.011,
        0.289,
        11.333,
        -2.405
      ]
    },
    {
      "Target": "Parameter",
      "Id": "Param84",
      "Segments": [
        0,
        0,
        0,
        0.9,
        -7,
        0,
        1.4,
        4.995,
        0,
        1.933,
        -2.498,
        0,
        2.5,
        1.453,
        0,
        3.067,
        -1,
        0,
        3.667,
        10,
        0,
        4.233,
        -7,
        0,
        4.867,
        5.05,
        0,
        5.467,
        -1.05,
        0,
        6.033,
        10,
        0,
        6.5,
        -6.851,
        0,
        6.933,
        5.05,
        0,
        7.467,
        -4.154,
        0,
        7.867,
        2.562,
        1,
        7.956,
        2.562,
        8.044,
        -0.634,
        8.133,
        -5,
        1,
        8.211,
        -8.821,
        8.289,
        -10,
        8.367,
        -10,
        0,
        8.8,
        10,
        0,
        9.2,
        -7,
        0,
        9.667,
        5,
        0,
        10.167,
        -3.199,
        0,
        10.567,
        2.05,
        1,
        10.822,
        2.05,
        11.078,
        1.867,
        11.333,
        0
      ]
    },
    {
      "Target": "Parameter",
      "Id": "Param93",
      "Segments": [
        0,
        -3.048,
        0,
        0.6,
        -7,
        0,
        1.1,
        4.995,
        0,
        1.633,
        -2.498,
        0,
        2.2,
        1.453,
        0,
        2.767,
        -1,
        0,
        3.367,
        10,
        0,
        4.033,
        -7,
        0,
        4.567,
        5.05,
        0,
        5.167,
        -1.05,
        0,
        5.7,
        10,
        0,
        6.167,
        -6.851,
        0,
        6.6,
        5.05,
        0,
        7.133,
        -4.154,
        0,
        7.6,
        2.562,
        1,
        7.711,
        2.562,
        7.822,
        -0.078,
        7.933,
        -5,
        1,
        8.011,
        -8.445,
        8.089,
        -10,
        8.167,
        -10,
        0,
        8.5,
        10,
        0,
        8.9,
        -7,
        0,
        9.367,
        5,
        0,
        9.867,
        -3.199,
        0,
        10.267,
        2.05,
        1,
        10.622,
        2.05,
        10.978,
        -0.231,
        11.333,
        -3.048
      ]
    },
    {
      "Target": "Parameter",
      "Id": "Param94",
      "Segments": [
        0,
        -0.748,
        0,
        0.8,
        -7,
        0,
        1.3,
        4.995,
        0,
        1.833,
        -2.498,
        0,
        2.4,
        1.453,
        0,
        2.967,
        -1,
        0,
        3.567,
        10,
        0,
        4.133,
        -7,
        0,
        4.767,
        5.05,
        0,
        5.367,
        -1.05,
        0,
        5.933,
        10,
        0,
        6.4,
        -6.851,
        0,
        6.833,
        5.05,
        0,
        7.367,
        -4.154,
        0,
        7.767,
        2.562,
        1,
        7.856,
        2.562,
        7.944,
        -0.634,
        8.033,
        -5,
        1,
        8.111,
        -8.821,
        8.189,
        -10,
        8.267,
        -10,
        0,
        8.7,
        10,
        0,
        9.1,
        -7,
        0,
        9.567,
        5,
        0,
        10.067,
        -3.199,
        0,
        10.467,
        2.05,
        1,
        10.756,
        2.05,
        11.044,
        1.474,
        11.333,
        -0.748
      ]
    },
    {
      "Target": "Parameter",
      "Id": "Param95",
      "Segments": [
        0,
        1.719,
        0,
        1,
        -7,
        0,
        1.5,
        4.995,
        0,
        2.033,
        -2.498,
        0,
        2.6,
        1.453,
        0,
        3.167,
        -1,
        0,
        3.767,
        10,
        0,
        4.333,
        -7,
        0,
        4.967,
        5.05,
        0,
        5.567,
        -1.05,
        0,
        6.133,
        10,
        0,
        6.6,
        -6.851,
        0,
        7.033,
        5.05,
        0,
        7.567,
        -4.154,
        0,
        7.967,
        2.562,
        1,
        8.056,
        2.562,
        8.144,
        -0.634,
        8.233,
        -5,
        1,
        8.311,
        -8.821,
        8.389,
        -10,
        8.467,
        -10,
        0,
        8.9,
        10,
        0,
        9.3,
        -7,
        0,
        9.767,
        5,
        0,
        10.267,
        -3.199,
        0,
        10.667,
        2.05,
        1,
        10.889,
        2.05,
        11.111,
        2.238,
        11.333,
        1.719
      ]
    },
    {
      "Target": "Parameter",
      "Id": "Param96",
      "Segments": [
        0,
        0.994,
        0,
        0.7,
        -7,
        0,
        1.2,
        4.995,
        0,
        1.733,
        -2.498,
        0,
        2.3,
        1.453,
        0,
        2.867,
        -1,
        0,
        3.467,
        10,
        0,
        4.133,
        -7,
        0,
        4.667,
        5.05,
        0,
        5.267,
        -1.05,
        0,
        5.8,
        10,
        0,
        6.267,
        -6.851,
        0,
        6.7,
        5.05,
        0,
        7.233,
        -4.154,
        0,
        7.7,
        2.562,
        1,
        7.811,
        2.562,
        7.922,
        -0.078,
        8.033,
        -5,
        1,
        8.111,
        -8.445,
        8.189,
        -10,
        8.267,
        -10,
        0,
        8.6,
        10,
        0,
        9,
        -7,
        0,
        9.467,
        5,
        0,
        9.967,
        -3.199,
        0,
        10.367,
        2.05,
        1,
        10.689,
        2.05,
        11.011,
        2.208,
        11.333,
        0.994
      ]
    },
    {
      "Target": "Parameter",
      "Id": "Param97",
      "Segments": [
        0,
        3.247,
        0,
        0.9,
        -7,
        0,
        1.4,
        4.995,
        0,
        1.933,
        -2.498,
        0,
        2.5,
        1.453,
        0,
        3.067,
        -1,
        0,
        3.667,
        10,
        0,
        4.233,
        -7,
        0,
        4.867,
        5.05,
        0,
        5.467,
        -1.05,
        0,
        6.033,
        10,
        0,
        6.5,
        -6.851,
        0,
        6.933,
        5.05,
        0,
        7.467,
        -4.154,
        0,
        7.867,
        2.562,
        1,
        7.956,
        2.562,
        8.044,
        -0.634,
        8.133,
        -5,
        1,
        8.211,
        -8.821,
        8.289,
        -10,
        8.367,
        -10,
        0,
        8.8,
        10,
        0,
        9.2,
        -7,
        0,
        9.667,
        5,
        0,
        10.167,
        -3.199,
        1,
        10.3,
        -3.199,
        10.434,
        1.459,
        10.567,
        2.05,
        1,
        10.822,
        3.183,
        11.078,
        3.247,
        11.333,
        3.247
      ]
    },
    {
      "Target": "Parameter",
      "Id": "Param98",
      "Segments": [
        0,
        4.719,
        0,
        1.1,
        -7,
        0,
        1.6,
        4.995,
        0,
        2.133,
        -2.498,
        0,
        2.7,
        1.453,
        0,
        3.267,
        -1,
        0,
        3.867,
        10,
        0,
        4.433,
        -7,
        0,
        5.067,
        5.05,
        0,
        5.667,
        -1.05,
        0,
        6.233,
        10,
        0,
        6.7,
        -6.851,
        0,
        7.133,
        5.05,
        0,
        7.667,
        -4.154,
        0,
        8.067,
        2.562,
        1,
        8.156,
        2.562,
        8.244,
        -0.634,
        8.333,
        -5,
        1,
        8.411,
        -8.821,
        8.489,
        -10,
        8.567,
        -10,
        0,
        9,
        10,
        0,
        9.4,
        -7,
        0,
        9.867,
        5,
        0,
        10.367,
        -3.199,
        1,
        10.5,
        -3.199,
        10.634,
        0.361,
        10.767,
        2.05,
        1,
        10.956,
        4.443,
        11.144,
        4.719,
        11.333,
        4.719
      ]
    },
    {
      "Target": "Parameter",
      "Id": "Param62",
      "Segments": [
        0,
        -4.261,
        0,
        0.733,
        -7,
        0,
        1.233,
        4.995,
        0,
        1.767,
        -2.498,
        0,
        2.333,
        1.453,
        0,
        2.9,
        -1,
        0,
        3.5,
        10,
        0,
        4.167,
        -7,
        0,
        4.7,
        5.05,
        0,
        5.3,
        -1.05,
        0,
        5.833,
        10,
        0,
        6.3,
        -6.851,
        0,
        6.733,
        5.05,
        0,
        7.267,
        -4.154,
        0,
        7.733,
        2.562,
        1,
        7.844,
        2.562,
        7.956,
        -0.078,
        8.067,
        -5,
        1,
        8.145,
        -8.445,
        8.222,
        -10,
        8.3,
        -10,
        0,
        8.633,
        10,
        0,
        9.033,
        -7,
        0,
        9.5,
        5,
        0,
        10,
        -3.199,
        0,
        10.4,
        2.05,
        1,
        10.711,
        2.05,
        11.022,
        -2.264,
        11.333,
        -4.261
      ]
    },
    {
      "Target": "Parameter",
      "Id": "Param85",
      "Segments": [
        0,
        0,
        0,
        0.933,
        -7,
        0,
        1.433,
        4.995,
        0,
        1.967,
        -2.498,
        0,
        2.533,
        1.453,
        0,
        3.1,
        -1,
        0,
        3.7,
        10,
        0,
        4.267,
        -7,
        0,
        4.9,
        5.05,
        0,
        5.5,
        -1.05,
        0,
        6.067,
        10,
        0,
        6.533,
        -6.851,
        0,
        6.967,
        5.05,
        0,
        7.5,
        -4.154,
        0,
        7.9,
        2.562,
        1,
        7.989,
        2.562,
        8.078,
        -0.634,
        8.167,
        -5,
        1,
        8.245,
        -8.821,
        8.322,
        -10,
        8.4,
        -10,
        0,
        8.833,
        10,
        0,
        9.233,
        -7,
        0,
        9.7,
        5,
        0,
        10.2,
        -3.199,
        0,
        10.6,
        2.05,
        0,
        11.333,
        0
      ]
    },
    {
      "Target": "Parameter",
      "Id": "Param73",
      "Segments": [
        0,
        -3.247,
        0,
        0.6,
        -7,
        0,
        1.1,
        4.995,
        0,
        1.633,
        -2.498,
        0,
        2.2,
        1.453,
        0,
        2.767,
        -1,
        0,
        3.367,
        10,
        0,
        4.033,
        -7,
        0,
        4.567,
        5.05,
        0,
        5.167,
        -1.05,
        0,
        5.7,
        10,
        0,
        6.167,
        -6.851,
        0,
        6.6,
        5.05,
        0,
        7.133,
        -4.154,
        0,
        7.6,
        2.562,
        1,
        7.711,
        2.562,
        7.822,
        -0.078,
        7.933,
        -5,
        1,
        8.011,
        -8.445,
        8.089,
        -10,
        8.167,
        -10,
        0,
        8.5,
        10,
        0,
        8.9,
        -7,
        0,
        9.367,
        5,
        0,
        9.867,
        -3.199,
        0,
        10.267,
        2.05,
        1,
        10.622,
        2.05,
        10.978,
        -0.43,
        11.333,
        -3.247
      ]
    },
    {
      "Target": "Parameter",
      "Id": "Param86",
      "Segments": [
        0,
        1.481,
        0,
        0.8,
        -7,
        0,
        1.3,
        4.995,
        0,
        1.833,
        -2.498,
        0,
        2.4,
        1.453,
        0,
        2.967,
        -1,
        0,
        3.567,
        10,
        0,
        4.133,
        -7,
        0,
        4.767,
        5.05,
        0,
        5.367,
        -1.05,
        0,
        5.933,
        10,
        0,
        6.4,
        -6.851,
        0,
        6.833,
        5.05,
        0,
        7.367,
        -4.154,
        0,
        7.767,
        2.562,
        1,
        7.856,
        2.562,
        7.944,
        -0.634,
        8.033,
        -5,
        1,
        8.111,
        -8.821,
        8.189,
        -10,
        8.267,
        -10,
        0,
        8.7,
        10,
        0,
        9.1,
        -7,
        0,
        9.567,
        5,
        0,
        10.067,
        -3.199,
        0,
        10.467,
        2.05,
        1,
        10.756,
        2.05,
        11.044,
        2.232,
        11.333,
        1.481
      ]
    },
    {
      "Target": "Parameter",
      "Id": "Param67",
      "Segments": [
        0,
        -0.249,
        0,
        0.767,
        7,
        0,
        1.267,
        -4.995,
        0,
        1.8,
        2.498,
        0,
        2.367,
        -1.453,
        0,
        2.933,
        1,
        0,
        3.533,
        -10,
        0,
        4.2,
        7,
        0,
        4.733,
        -5.05,
        0,
        5.333,
        1.05,
        0,
        5.867,
        -10,
        0,
        6.333,
        6.851,
        0,
        6.767,
        -5.05,
        0,
        7.3,
        4.154,
        0,
        7.767,
        -2.562,
        1,
        7.878,
        -2.562,
        7.989,
        0.078,
        8.1,
        5,
        1,
        8.178,
        8.445,
        8.255,
        10,
        8.333,
        10,
        0,
        8.667,
        -10,
        0,
        9.067,
        7,
        0,
        9.533,
        -5,
        0,
        10.033,
        3.199,
        0,
        10.433,
        -2.05,
        0,
        11.333,
        -0.249
      ]
    },
    {
      "Target": "Parameter",
      "Id": "Param87",
      "Segments": [
        0,
        3.247,
        0,
        0.967,
        7,
        0,
        1.467,
        -4.995,
        0,
        2,
        2.498,
        0,
        2.567,
        -1.453,
        0,
        3.133,
        1,
        0,
        3.733,
        -10,
        0,
        4.3,
        7,
        0,
        4.933,
        -5.05,
        0,
        5.533,
        1.05,
        0,
        6.1,
        -10,
        0,
        6.567,
        6.851,
        0,
        7,
        -5.05,
        0,
        7.533,
        4.154,
        0,
        7.933,
        -2.562,
        1,
        8.022,
        -2.562,
        8.111,
        0.634,
        8.2,
        5,
        1,
        8.278,
        8.821,
        8.355,
        10,
        8.433,
        10,
        0,
        8.867,
        -10,
        0,
        9.267,
        7,
        0,
        9.733,
        -5,
        0,
        10.233,
        3.199,
        0,
        10.633,
        -2.05,
        0,
        11.333,
        3.247
      ]
    },
    {
      "Target": "Parameter",
      "Id": "Param74",
      "Segments": [
        0,
        0,
        2,
        0.5,
        0,
        0,
        1.167,
        10,
        0,
        1.833,
        0,
        0,
        2.5,
        10,
        0,
        3.167,
        0,
        0,
        3.833,
        10,
        0,
        4.5,
        0,
        0,
        5.167,
        10,
        0,
        5.833,
        0,
        0,
        6.5,
        10,
        0,
        7.167,
        0,
        0,
        7.833,
        10,
        0,
        8.5,
        0,
        0,
        9.167,
        10,
        0,
        9.833,
        0,
        0,
        10.5,
        10,
        0,
        11.333,
        0
      ]
    },
    {
      "Target": "Parameter",
      "Id": "Param88",
      "Segments": [
        0,
        5,
        0,
        0.833,
        0,
        0,
        1.5,
        10,
        0,
        2.167,
        0,
        0,
        2.833,
        10,
        0,
        3.5,
        0,
        0,
        4.167,
        10,
        0,
        4.833,
        0,
        0,
        5.5,
        10,
        0,
        6.167,
        0,
        0,
        6.833,
        10,
        0,
        7.5,
        0,
        0,
        8.167,
        10,
        0,
        8.833,
        0,
        0,
        9.5,
        10,
        0,
        10.167,
        0,
        0,
        10.833,
        10,
        1,
        11,
        10,
        11.166,
        8.003,
        11.333,
        5
      ]
    },
    {
      "Target": "Parameter",
      "Id": "Param54",
      "Segments": [
        0,
        1.375,
        0,
        0.333,
        5,
        0,
        0.767,
        -5,
        0,
        1.2,
        1.02,
        0,
        1.733,
        -1.368,
        0,
        2.167,
        0,
        2,
        3.033,
        0,
        0,
        3.4,
        3.085,
        0,
        3.933,
        -2.363,
        0,
        4.5,
        1.891,
        0,
        5,
        -0.945,
        0,
        5.567,
        0,
        0,
        6.167,
        -4.503,
        0,
        6.767,
        3.085,
        0,
        7.4,
        -2.363,
        0,
        8.167,
        1.891,
        0,
        8.833,
        0,
        1,
        9.666,
        0,
        10.5,
        0.366,
        11.333,
        1.375
      ]
    },
    {
      "Target": "Parameter",
      "Id": "Param56",
      "Segments": [
        0,
        1.924,
        0,
        0.167,
        10,
        0,
        0.5,
        -7,
        0,
        1,
        4.995,
        0,
        1.333,
        -3.94,
        0,
        1.667,
        2.896,
        0,
        2.067,
        -2.498,
        0,
        2.433,
        1.453,
        0,
        2.833,
        -1,
        0,
        3.167,
        10,
        0,
        3.667,
        -7,
        0,
        4.167,
        5.05,
        0,
        4.7,
        -2.199,
        0,
        5,
        1.328,
        0,
        5.333,
        -1.05,
        0,
        5.667,
        10,
        0,
        6.067,
        -6.851,
        0,
        6.5,
        5.05,
        0,
        7.033,
        -4.154,
        0,
        7.5,
        2.562,
        1,
        7.611,
        2.562,
        7.722,
        0.221,
        7.833,
        -5,
        1,
        7.9,
        -8.133,
        7.966,
        -10,
        8.033,
        -10,
        0,
        8.467,
        10,
        0,
        8.867,
        -7,
        0,
        9.333,
        5,
        0,
        9.833,
        -3.199,
        0,
        10.233,
        2.05,
        0,
        10.6,
        -0.95,
        0,
        11.333,
        1.924
      ]
    },
    {
      "Target": "Parameter",
      "Id": "Param57",
      "Segments": [
        0,
        3.842,
        0,
        0.267,
        10,
        0,
        0.6,
        -7,
        0,
        1.1,
        4.995,
        0,
        1.433,
        -3.94,
        0,
        1.767,
        2.896,
        0,
        2.167,
        -2.498,
        0,
        2.533,
        1.453,
        0,
        2.933,
        -1,
        0,
        3.267,
        10,
        0,
        3.767,
        -7,
        0,
        4.267,
        5.05,
        0,
        4.8,
        -2.199,
        0,
        5.1,
        1.328,
        0,
        5.433,
        -1.05,
        0,
        5.767,
        10,
        0,
        6.167,
        -6.851,
        0,
        6.6,
        5.05,
        0,
        7.133,
        -4.154,
        0,
        7.6,
        2.562,
        1,
        7.711,
        2.562,
        7.822,
        0.221,
        7.933,
        -5,
        1,
        8,
        -8.132,
        8.066,
        -10,
        8.133,
        -10,
        0,
        8.567,
        10,
        0,
        8.967,
        -7,
        0,
        9.433,
        5,
        0,
        9.933,
        -3.199,
        0,
        10.333,
        2.05,
        0,
        10.7,
        -0.95,
        0,
        11.333,
        3.842
      ]
    },
    {
      "Target": "Parameter",
      "Id": "Param38",
      "Segments": [
        0,
        -1.924,
        0,
        0.267,
        10,
        0,
        0.6,
        -7,
        0,
        1.1,
        4.995,
        0,
        1.433,
        -3.94,
        0,
        1.767,
        2.896,
        0,
        2.167,
        -2.498,
        0,
        2.533,
        1.453,
        0,
        2.933,
        -1,
        0,
        3.267,
        10,
        0,
        3.767,
        -7,
        0,
        4.267,
        5.05,
        0,
        4.8,
        -2.199,
        0,
        5.1,
        1.328,
        0,
        5.433,
        -1.05,
        0,
        5.767,
        10,
        0,
        6.167,
        -6.851,
        0,
        6.6,
        5.05,
        0,
        7.133,
        -4.154,
        0,
        7.6,
        2.562,
        1,
        7.711,
        2.562,
        7.822,
        0.221,
        7.933,
        -5,
        1,
        8,
        -8.132,
        8.066,
        -10,
        8.133,
        -10,
        0,
        8.567,
        10,
        0,
        8.967,
        -7,
        0,
        9.433,
        5,
        0,
        9.933,
        -3.199,
        0,
        10.333,
        2.05,
        1,
        10.455,
        2.05,
        10.578,
        -0.67,
        10.7,
        -0.95,
        1,
        10.911,
        -1.434,
        11.122,
        -1.393,
        11.333,
        -1.924
      ]
    },
    {
      "Target": "Parameter",
      "Id": "Param39",
      "Segments": [
        0,
        1.924,
        0,
        0.367,
        10,
        0,
        0.7,
        -7,
        0,
        1.2,
        4.995,
        0,
        1.533,
        -3.94,
        0,
        1.867,
        2.896,
        0,
        2.267,
        -2.498,
        0,
        2.633,
        1.453,
        0,
        3.033,
        -1,
        0,
        3.367,
        10,
        0,
        3.867,
        -7,
        0,
        4.367,
        5.05,
        0,
        4.9,
        -2.199,
        0,
        5.2,
        1.328,
        0,
        5.533,
        -1.05,
        0,
        5.867,
        10,
        0,
        6.267,
        -6.851,
        0,
        6.7,
        5.05,
        0,
        7.233,
        -4.154,
        0,
        7.7,
        2.562,
        1,
        7.811,
        2.562,
        7.922,
        0.221,
        8.033,
        -5,
        1,
        8.1,
        -8.132,
        8.166,
        -10,
        8.233,
        -10,
        0,
        8.667,
        10,
        0,
        9.067,
        -7,
        0,
        9.533,
        5,
        0,
        10.033,
        -3.199,
        0,
        10.433,
        2.05,
        0,
        10.8,
        -0.95,
        0,
        11.333,
        1.924
      ]
    },
    {
      "Target": "Parameter",
      "Id": "Param40",
      "Segments": [
        0,
        -3.974,
        0,
        0.333,
        10,
        0,
        0.667,
        -7,
        0,
        1.167,
        4.995,
        0,
        1.5,
        -3.94,
        0,
        1.833,
        2.896,
        0,
        2.233,
        -2.498,
        0,
        2.6,
        1.453,
        0,
        3,
        -1,
        0,
        3.333,
        10,
        0,
        3.833,
        -7,
        0,
        4.333,
        5.05,
        0,
        4.867,
        -2.199,
        0,
        5.167,
        1.328,
        0,
        5.5,
        -1.05,
        0,
        5.833,
        10,
        0,
        6.233,
        -6.851,
        0,
        6.667,
        5.05,
        0,
        7.2,
        -4.154,
        0,
        7.667,
        2.562,
        1,
        7.778,
        2.562,
        7.889,
        0.221,
        8,
        -5,
        1,
        8.067,
        -8.132,
        8.133,
        -10,
        8.2,
        -10,
        0,
        8.633,
        10,
        0,
        9.033,
        -7,
        0,
        9.5,
        5,
        0,
        10,
        -3.199,
        0,
        10.4,
        2.05,
        1,
        10.522,
        2.05,
        10.645,
        0.558,
        10.767,
        -0.95,
        1,
        10.956,
        -3.28,
        11.144,
        -3.974,
        11.333,
        -3.974
      ]
    },
    {
      "Target": "Parameter",
      "Id": "Param41",
      "Segments": [
        0,
        -2.274,
        0,
        0.433,
        10,
        0,
        0.767,
        -7,
        0,
        1.267,
        4.995,
        0,
        1.6,
        -3.94,
        0,
        1.933,
        2.896,
        0,
        2.333,
        -2.498,
        0,
        2.7,
        1.453,
        0,
        3.1,
        -1,
        0,
        3.433,
        10,
        0,
        3.933,
        -7,
        0,
        4.433,
        5.05,
        0,
        4.967,
        -2.199,
        0,
        5.267,
        1.328,
        0,
        5.6,
        -1.05,
        0,
        5.933,
        10,
        0,
        6.333,
        -6.851,
        0,
        6.767,
        5.05,
        0,
        7.3,
        -4.154,
        0,
        7.767,
        2.562,
        1,
        7.878,
        2.562,
        7.989,
        0.221,
        8.1,
        -5,
        1,
        8.167,
        -8.132,
        8.233,
        -10,
        8.3,
        -10,
        0,
        8.733,
        10,
        0,
        9.133,
        -7,
        0,
        9.6,
        5,
        0,
        10.1,
        -3.199,
        0,
        10.5,
        2.05,
        1,
        10.622,
        2.05,
        10.745,
        -0.408,
        10.867,
        -0.95,
        1,
        11.022,
        -1.639,
        11.178,
        -1.636,
        11.333,
        -2.274
      ]
    },
    {
      "Target": "Model",
      "Id": "Opacity",
      "Segments": [
        0,
        1,
        0,
        11.333,
        1
      ]
    },
    {
      "Target": "Parameter",
      "Id": "ParamBreath",
      "Segments": [
        0,
        0,
        0,
        11.333,
        0
      ]
    },
    {
      "Target": "Parameter",
      "Id": "ParamEyeLSmile",
      "Segments": [
        0,
        0,
        0,
        11.333,
        0
      ]
    },
    {
      "Target": "Parameter",
      "Id": "ParamEyeRSmile",
      "Segments": [
        0,
        0,
        0,
        11.333,
        0
      ]
    },
    {
      "Target": "Parameter",
      "Id": "ParamEyeBallX",
      "Segments": [
        0,
        0,
        0,
        11.333,
        0
      ]
    },
    {
      "Target": "Parameter",
      "Id": "ParamBrowLX",
      "Segments": [
        0,
        0,
        0,
        11.333,
        0
      ]
    },
    {
      "Target": "Parameter",
      "Id": "ParamBrowRX",
      "Segments": [
        0,
        0,
        0,
        11.333,
        0
      ]
    },
    {
      "Target": "Parameter",
      "Id": "ParamBrowLAngle",
      "Segments": [
        0,
        0,
        0,
        11.333,
        0
      ]
    },
    {
      "Target": "Parameter",
      "Id": "ParamBrowRAngle",
      "Segments": [
        0,
        0,
        0,
        11.333,
        0
      ]
    },
    {
      "Target": "Parameter",
      "Id": "ParamMouthForm",
      "Segments": [
        0,
        0,
        0,
        11.333,
        0
      ]
    },
    {
      "Target": "Parameter",
      "Id": "ParamMouthOpenY2",
      "Segments": [
        0,
        0,
        0,
        11.333,
        0
      ]
    },
    {
      "Target": "Parameter",
      "Id": "ParamCheek",
      "Segments": [
        0,
        0,
        0,
        11.333,
        0
      ]
    },
    {
      "Target": "Parameter",
      "Id": "Param92",
      "Segments": [
        0,
        0,
        0,
        11.333,
        0
      ]
    },
    {
      "Target": "Parameter",
      "Id": "Param99",
      "Segments": [
        0,
        0,
        0,
        11.333,
        0
      ]
    },
    {
      "Target": "Parameter",
      "Id": "Param48",
      "Segments": [
        0,
        0,
        0,
        11.333,
        0
      ]
    },
    {
      "Target": "Parameter",
      "Id": "Param49",
      "Segments": [
        0,
        0,
        0,
        11.333,
        0
      ]
    },
    {
      "Target": "Parameter",
      "Id": "Param58",
      "Segments": [
        0,
        0,
        0,
        11.333,
        0
      ]
    },
    {
      "Target": "Parameter",
      "Id": "Param23",
      "Segments": [
        0,
        0,
        0,
        11.333,
        0
      ]
    },
    {
      "Target": "Parameter",
      "Id": "Param59",
      "Segments": [
        0,
        0,
        0,
        11.333,
        0
      ]
    },
    {
      "Target": "Parameter",
      "Id": "Param60",
      "Segments": [
        0,
        0,
        0,
        11.333,
        0
      ]
    },
    {
      "Target": "Parameter",
      "Id": "Param91",
      "Segments": [
        0,
        0,
        0,
        11.333,
        0
      ]
    },
    {
      "Target": "Parameter",
      "Id": "Param45",
      "Segments": [
        0,
        0,
        0,
        11.333,
        0
      ]
    },
    {
      "Target": "Parameter",
      "Id": "Param6",
      "Segments": [
        0,
        0,
        0,
        11.333,
        0
      ]
    },
    {
      "Target": "Parameter",
      "Id": "Param47",
      "Segments": [
        0,
        0,
        0,
        11.333,
        0
      ]
    },
    {
      "Target": "Parameter",
      "Id": "Param7",
      "Segments": [
        0,
        0,
        0,
        11.333,
        0
      ]
    },
    {
      "Target": "Parameter",
      "Id": "Param10",
      "Segments": [
        0,
        0,
        0,
        11.333,
        0
      ]
    },
    {
      "Target": "Parameter",
      "Id": "Param13",
      "Segments": [
        0,
        0,
        0,
        11.333,
        0
      ]
    },
    {
      "Target": "Parameter",
      "Id": "Param14",
      "Segments": [
        0,
        0,
        0,
        11.333,
        0
      ]
    },
    {
      "Target": "Parameter",
      "Id": "Param46",
      "Segments": [
        0,
        0,
        0,
        11.333,
        0
      ]
    },
    {
      "Target": "Parameter",
      "Id": "Param",
      "Segments": [
        0,
        0,
        0,
        11.333,
        0
      ]
    },
    {
      "Target": "Parameter",
      "Id": "Param2",
      "Segments": [
        0,
        0,
        0,
        11.333,
        0
      ]
    },
    {
      "Target": "Parameter",
      "Id": "Param3",
      "Segments": [
        0,
        0,
        0,
        11.333,
        0
      ]
    },
    {
      "Target": "Parameter",
      "Id": "Param100",
      "Segments": [
        0,
        0,
        0,
        11.333,
        0
      ]
    },
    {
      "Target": "Parameter",
      "Id": "Param101",
      "Segments": [
        0,
        1,
        0,
        11.333,
        1
      ]
    },
    {
      "Target": "Parameter",
      "Id": "Param9",
      "Segments": [
        0,
        0,
        0,
        11.333,
        0
      ]
    },
    {
      "Target": "Parameter",
      "Id": "Param55",
      "Segments": [
        0,
        0,
        0,
        11.333,
        0
      ]
    },
    {
      "Target": "Parameter",
      "Id": "Param68",
      "Segments": [
        0,
        0,
        0,
        11.333,
        0
      ]
    },
    {
      "Target": "Parameter",
      "Id": "Param75",
      "Segments": [
        0,
        5,
        0,
        11.333,
        5
      ]
    },
    {
      "Target": "Parameter",
      "Id": "Param76",
      "Segments": [
        0,
        0,
        0,
        11.333,
        0
      ]
    },
    {
      "Target": "Parameter",
      "Id": "Param89",
      "Segments": [
        0,
        -3,
        0,
        11.333,
        -3
      ]
    }
  ],
  "UserData": [
    {
      "Time": 0.0,
      "Value": ""
    },
    {
      "Time": 0.17,
      "Value": "characterVoice_6_10"
    },
    {
      "Time": 5.9,
      "Value": "particle_FXPFXLive2dVee2_1"
    },
    {
      "Time": 6.2,
      "Value": "particle_FXPFXLive2dVee2_0"
    },
    {
      "Time": 10.33,
      "Value": "particle_FXPFXLive2dVee2_1"
    },
    {
      "Time": 10.83,
      "Value": "particle_FXPFXLive2dVee1_0"
    }
  ]
}